timestamp,elapsed_ms,accel_x_ms2,accel_y_ms2,accel_z_ms2,gyro_x_rads,gyro_y_rads,gyro_z_rads,mag_x_uT,mag_y_uT,mag_z_uT,temp_c
20:19:00.147,2731836,-9.852,1.748,-1.238,-1.646,0.139,0.299,52.650,36.450,-36.000,31.4
20:19:00.206,2731890,-9.088,2.909,-0.297,-1.378,0.509,-0.273,49.650,48.900,-23.100,31.3
20:19:00.251,2731944,-8.803,2.792,-0.424,-1.407,0.560,-0.603,49.650,48.900,-23.100,31.3
20:19:00.311,2731998,-8.416,1.130,-0.158,-0.976,0.809,-0.817,50.550,49.800,-20.700,31.3
20:19:00.356,2732052,-9.155,1.779,-0.256,-1.375,0.644,-1.156,50.550,49.800,-20.700,31.4
20:19:00.414,2732106,-8.839,-0.069,-0.510,-0.818,0.375,-1.270,50.550,49.800,-20.700,31.4
20:19:00.476,2732160,-8.607,3.946,-1.022,-0.853,0.469,-1.457,50.550,49.800,-20.700,31.6
20:19:00.521,2732214,-6.632,-2.612,-2.198,-1.293,0.131,-1.385,57.450,43.500,-19.800,31.5
20:19:00.581,2732268,-8.344,2.823,0.682,-1.027,-0.093,-1.676,57.450,43.500,-19.800,31.2
20:19:00.626,2732322,-6.627,-3.414,-0.113,-0.343,-0.001,-2.099,62.100,35.850,-15.600,31.1
20:19:00.684,2732376,-2.624,-7.798,-0.333,2.988,0.857,-1.809,62.100,35.850,-15.600,31.5
20:19:00.744,2732430,-11.775,-2.914,-6.740,5.100,0.485,0.524,62.100,35.850,-15.600,31.5
20:19:00.791,2732484,-8.521,5.681,-0.390,-3.671,0.121,-0.785,63.450,21.450,-22.350,31.4
20:19:00.851,2732538,-11.406,-9.306,-3.115,-0.231,-0.094,0.258,63.450,21.450,-22.350,31.4
20:19:00.896,2732592,-10.764,-0.879,-1.480,-0.708,-0.111,-0.239,65.850,24.300,-22.200,31.2
20:19:00.956,2732646,-9.950,-3.677,-2.167,-0.029,-0.260,-0.326,65.850,24.300,-22.200,31.3
20:19:01.014,2732700,-9.108,-3.467,-1.695,-0.648,-0.175,0.203,65.850,24.300,-22.200,31.6
20:19:01.061,2732754,-8.600,-3.606,-1.918,-1.275,-0.266,0.683,65.850,24.300,-22.200,31.3
20:19:01.120,2732808,-8.521,-1.702,-1.693,-1.173,-0.221,0.930,64.800,22.800,-17.850,31.3
20:19:01.166,2732862,-7.250,-2.282,-1.389,-0.973,-0.311,1.690,64.800,22.800,-17.850,31.6
20:19:01.225,2732916,-6.649,2.049,-2.342,-0.929,-0.415,2.284,65.700,28.800,-16.950,31.4
20:19:01.284,2732970,-5.990,-3.120,-0.740,-1.010,-0.647,2.172,60.300,40.200,-10.950,31.4
20:19:01.330,2733024,-7.278,3.074,-3.323,-1.791,-0.796,2.053,60.300,40.200,-10.950,31.4
20:19:01.391,2733078,-8.444,1.152,-2.286,-0.547,-0.689,1.981,53.250,47.850,-4.650,31.4
20:19:01.434,2733132,-10.896,8.147,0.460,0.260,-0.238,1.432,53.250,47.850,-4.650,31.4
20:19:01.524,2733186,-8.432,1.293,1.389,0.254,0.186,0.989,47.400,53.550,-3.450,31.2
20:19:01.584,2733240,-8.315,3.682,-0.757,-0.840,-0.114,0.739,47.400,53.550,-3.450,31.3
20:19:01.645,2733294,-9.637,6.280,0.814,0.764,0.509,0.555,44.850,58.500,-4.800,31.3
20:19:01.706,2733348,-8.736,5.488,-1.911,0.141,0.409,0.071,44.850,58.500,-4.800,31.6
20:19:01.707,2733402,-9.407,4.005,-0.055,0.975,0.721,-0.172,41.100,58.500,-8.850,31.4
20:19:01.766,2733456,-10.712,7.602,-1.010,0.407,0.580,-0.560,41.100,58.500,-8.850,31.3
20:19:01.825,2733510,-9.787,3.508,-2.880,-0.293,0.529,-0.673,41.100,58.500,-8.850,31.2
20:19:01.884,2733564,-9.766,4.353,-1.077,0.697,0.789,-0.824,48.750,54.900,-17.100,31.5
20:19:01.946,2733618,-9.567,3.922,-1.623,-0.353,0.389,-1.069,48.750,54.900,-17.100,31.3
20:19:02.006,2733672,-9.017,3.017,-1.475,-0.275,0.335,-1.000,53.250,51.000,-19.650,31.5
20:19:02.066,2733726,-8.715,1.499,-2.239,0.099,0.086,-1.028,53.250,51.000,-19.650,31.3
20:19:02.126,2733780,-9.838,1.053,-2.397,-0.793,-0.361,-1.171,53.250,51.000,-19.650,31.2
20:19:02.186,2733834,-14.248,5.073,-2.361,-1.097,-0.058,-0.548,53.250,51.000,-19.650,31.4
20:19:02.246,2733888,-19.010,3.548,-1.458,-1.207,-0.189,-0.105,58.200,39.600,-16.950,31.3
20:19:02.248,2733942,-16.484,6.687,-1.528,-1.014,-0.192,0.439,58.200,39.600,-16.950,31.3
20:19:02.306,2733996,-12.136,2.531,-1.480,-0.559,-0.160,0.306,57.900,41.850,-11.400,31.5
20:19:02.366,2734050,-10.041,2.916,-0.886,-0.261,0.148,-0.154,57.900,41.850,-11.400,31.5
20:19:02.425,2734104,-7.997,0.242,-1.829,-0.505,0.275,-0.394,56.700,43.500,-9.600,31.3
20:19:02.484,2734158,-8.092,2.310,-2.227,-0.119,0.808,-0.965,58.500,40.500,-11.250,31.4
20:19:02.606,2734212,-7.209,0.062,-2.440,-0.750,0.475,-1.041,58.500,40.500,-11.250,31.2
20:19:02.607,2734266,-7.039,2.658,-1.966,-0.776,0.275,-1.293,62.850,37.050,-10.500,31.4
20:19:02.666,2734320,-7.197,0.242,-1.911,-1.345,-0.126,-1.343,62.850,37.050,-10.500,31.5
20:19:02.726,2734374,-7.187,0.041,-1.920,-0.641,-0.321,-1.276,65.850,28.200,-9.000,31.3
20:19:02.786,2734428,-8.497,1.765,0.069,0.042,-0.144,-1.423,65.850,28.200,-9.000,31.6
20:19:02.787,2734482,-7.918,-0.725,-2.468,0.379,-0.209,-2.282,68.100,21.600,-6.150,31.6
20:19:02.846,2734536,-7.649,-5.768,-0.998,1.472,-0.104,-2.499,68.100,21.600,-6.150,31.3
20:19:02.904,2734590,-9.902,8.078,-2.461,1.216,0.257,1.289,68.100,21.600,-6.150,31.6
20:19:02.966,2734644,-6.687,-7.757,-2.073,-0.718,0.041,1.190,68.100,21.600,-6.150,31.3
20:19:03.025,2734698,-8.303,3.105,-1.731,-0.297,0.208,1.971,65.400,14.400,-4.500,31.3
20:19:03.086,2734752,-8.183,-1.307,-3.644,-0.245,-0.085,1.516,65.400,14.400,-4.500,31.3
20:19:03.146,2734806,-8.993,5.416,-0.366,0.753,0.265,1.519,66.600,23.850,-9.000,31.4
20:19:03.206,2734860,-6.977,-1.867,-2.562,-0.384,-0.488,1.502,66.600,23.850,-9.000,31.4
20:19:03.266,2734914,-8.971,2.555,-1.580,1.023,-0.184,1.509,66.600,23.850,-9.000,31.5
20:19:03.326,2734968,-8.030,3.263,-2.392,0.973,-0.173,1.491,59.250,41.250,-8.700,31.5
20:19:03.327,2735022,-7.281,-0.357,-4.391,-0.203,-0.956,1.444,59.250,41.250,-8.700,31.3
20:19:03.386,2735076,-10.937,6.773,-1.180,0.722,-0.438,1.040,55.050,46.650,-11.250,31.6
20:19:03.446,2735130,-8.593,4.451,-0.148,1.239,0.034,0.828,55.050,46.650,-11.250,31.4
20:19:03.504,2735184,-10.554,5.708,1.894,0.875,-0.083,0.237,55.050,46.650,-11.250,31.2
20:19:03.566,2735238,-8.356,3.421,-0.792,-0.057,-0.521,0.182,55.050,46.650,-11.250,31.4
20:19:03.625,2735292,-8.617,5.440,-1.140,1.516,-0.363,0.069,51.000,53.700,-13.500,31.4
20:19:03.684,2735346,-8.961,3.757,-0.199,1.207,-0.463,-0.016,51.000,53.700,-13.500,31.4
20:19:03.746,2735400,-9.431,4.525,0.077,0.770,-0.189,0.045,48.600,53.850,-14.700,31.4
20:19:03.806,2735454,-9.347,2.756,-0.029,0.290,-0.331,0.025,48.600,53.850,-14.700,31.3
20:19:03.865,2735508,-10.017,5.677,-0.871,1.420,0.166,-0.305,48.600,53.850,-14.700,31.6
20:19:03.866,2735562,-9.364,3.304,-1.302,1.006,-0.115,-0.242,51.300,52.950,-21.450,31.4
20:19:03.926,2735616,-9.431,2.816,-0.575,1.095,-0.185,-0.199,51.300,52.950,-21.450,31.3
20:19:03.986,2735670,-9.177,3.385,-1.769,0.836,-0.367,-0.075,53.400,50.850,-25.350,31.2
20:19:04.046,2735724,-8.705,2.162,-2.440,1.162,-0.290,-0.174,53.400,50.850,-25.350,31.4
20:19:04.104,2735778,-10.092,2.239,-2.528,1.051,-0.182,-0.052,54.150,49.950,-28.200,31.4
20:19:04.166,2735832,-14.238,6.895,-1.906,0.343,0.398,0.061,54.150,49.950,-28.200,31.4
20:19:04.226,2735886,-15.062,4.161,-3.232,-0.100,-0.244,0.351,54.750,48.300,-30.300,31.4
20:19:04.286,2735940,-13.396,5.799,-2.270,0.028,-0.439,0.577,54.750,48.300,-30.300,31.4
20:19:04.344,2735994,-10.613,2.591,-2.128,0.598,-0.184,0.121,53.250,50.250,-31.350,31.4
20:19:04.404,2736048,-9.692,1.820,-2.217,0.439,-0.012,-0.055,53.100,51.900,-31.200,31.6
20:19:04.405,2736102,-9.752,1.087,-2.217,0.761,0.494,-0.361,53.100,51.900,-31.200,31.3
20:19:04.466,2736156,-9.175,1.070,-3.548,0.501,0.778,-0.377,52.650,50.850,-35.250,31.4
20:19:04.524,2736210,-8.744,0.661,-1.106,0.329,0.737,-1.024,52.650,50.850,-35.250,31.4
20:19:04.586,2736264,-8.004,1.018,-5.416,-0.102,0.590,-1.120,53.550,46.650,-41.550,31.3
20:19:04.646,2736318,-6.615,-1.245,-3.972,-0.409,0.033,-1.388,53.550,46.650,-41.550,31.3
20:19:04.706,2736372,-6.560,-1.451,-3.479,0.319,-0.400,-1.521,57.000,41.700,-40.200,31.5
20:19:04.765,2736426,-7.910,1.633,-4.372,0.178,-0.227,-1.222,57.000,41.700,-40.200,31.6
20:19:04.824,2736480,-8.566,-1.288,-3.812,0.893,0.083,-2.129,61.200,33.000,-40.650,31.5
20:19:04.886,2736534,-5.909,-5.849,-2.567,0.519,0.162,-2.361,61.200,33.000,-40.650,31.5
20:19:04.946,2736588,-8.612,3.565,-3.852,0.683,0.135,0.263,61.200,33.000,-40.650,31.4
20:19:04.946,2736642,-6.433,-5.222,-3.201,0.092,-0.115,1.098,62.850,17.400,-44.100,31.3
20:19:05.004,2736696,-9.263,-0.273,-4.197,0.321,0.370,0.932,62.850,17.400,-44.100,31.4
20:19:05.066,2736750,-9.275,-2.825,-4.096,0.039,0.005,0.259,61.350,22.800,-44.550,31.5
20:19:05.126,2736804,-9.177,-1.946,-4.044,0.066,-0.325,0.410,61.350,22.800,-44.550,31.4
20:19:05.186,2736858,-9.668,-1.829,-3.718,-0.302,-0.490,0.703,61.350,22.800,-44.550,31.2
20:19:05.244,2736912,-9.902,-0.062,-3.045,-0.116,-0.504,1.204,61.350,22.800,-44.550,31.5
20:19:05.306,2736966,-9.369,-0.730,-2.655,-0.072,-0.623,1.251,61.200,29.850,-39.600,31.3
20:19:05.364,2737020,-9.258,0.788,-1.688,0.184,-0.445,1.158,61.200,29.850,-39.600,31.5
20:19:05.425,2737074,-5.820,-2.574,-2.804,-0.045,-0.851,1.329,61.200,36.900,-37.050,31.3
20:19:05.487,2737128,-7.547,5.921,-1.712,0.123,-0.508,1.485,61.200,36.900,-37.050,31.2
20:19:05.488,2737182,-7.875,0.797,0.802,-0.360,-0.152,1.585,54.900,43.800,-34.800,31.5
20:19:05.544,2737236,-4.068,0.500,-1.271,-0.173,0.166,0.939,54.900,43.800,-34.800,31.4
20:19:05.606,2737290,-8.763,6.007,-1.027,0.533,0.477,0.819,51.750,51.000,-31.350,31.6
20:19:05.666,2737344,-9.713,6.752,0.271,-0.527,0.343,0.368,49.500,53.250,-34.350,31.3
20:19:05.726,2737398,-9.946,5.626,0.713,0.296,0.481,0.061,49.500,53.250,-34.350,31.6
20:19:05.784,2737452,-9.589,3.254,-1.867,0.363,0.080,0.123,46.200,52.200,-35.700,31.3
20:19:05.846,2737506,-9.450,4.355,-1.369,1.007,-0.014,0.102,46.200,52.200,-35.700,31.5
20:19:05.904,2737560,-9.000,4.858,-1.973,0.471,-0.258,0.312,44.700,50.250,-39.450,31.2
20:19:05.966,2737614,-9.234,2.483,-2.473,0.803,-0.293,0.191,44.700,50.250,-39.450,31.5
20:19:06.026,2737668,-10.104,4.659,-1.065,0.473,-0.486,0.134,45.750,49.800,-39.000,31.3
20:19:06.026,2737722,-9.167,4.108,-3.206,1.010,-0.282,0.035,45.750,49.800,-39.000,31.4
20:19:06.086,2737776,-10.769,4.808,-2.679,1.625,0.079,0.083,45.750,47.100,-41.550,31.2
20:19:06.146,2737830,-11.483,3.517,-1.180,0.709,-0.153,0.609,45.750,47.100,-41.550,31.4
20:19:06.206,2737884,-11.480,6.177,-1.889,1.163,-0.214,0.646,44.700,43.950,-45.600,31.3
20:19:06.264,2737938,-10.836,4.906,-2.492,1.108,-0.922,0.751,44.700,43.950,-45.600,31.5
20:19:06.325,2737992,-11.653,3.440,-1.197,1.075,-1.585,0.565,44.700,43.950,-45.600,31.3
20:19:06.386,2738046,-9.878,2.327,-0.651,1.599,-1.674,0.152,45.000,41.700,-44.550,31.3
20:19:06.446,2738100,-9.385,2.105,-0.982,1.924,-1.788,0.190,45.000,41.700,-44.550,31.4
20:19:06.506,2738154,-8.011,-0.622,-1.259,2.425,-1.577,0.230,47.850,36.450,-43.950,31.4
20:19:06.566,2738208,-9.127,1.587,-1.346,2.018,-1.181,0.288,47.850,36.450,-43.950,31.5
20:19:06.567,2738262,-10.695,-0.486,-1.489,2.035,-1.025,0.333,47.850,36.450,-43.950,31.6
20:19:06.624,2738316,-12.191,2.741,-1.820,2.374,-0.695,0.270,47.850,36.450,-43.950,31.3
20:19:06.686,2738370,-12.574,2.535,-3.158,2.495,-0.887,0.300,50.100,29.850,-42.150,31.6
20:19:06.745,2738424,-11.411,1.628,-2.844,2.224,-0.802,0.201,50.100,29.850,-42.150,31.4
20:19:06.805,2738478,-10.329,0.907,-3.065,2.185,-0.387,-0.107,49.800,26.550,-42.000,31.2
20:19:06.866,2738532,-9.469,0.745,-3.582,2.016,-0.083,-0.251,49.800,26.550,-42.000,31.2
20:19:06.925,2738586,-8.957,0.424,-3.371,1.349,0.028,-0.361,49.800,26.550,-42.000,31.4
20:19:06.984,2738640,-8.803,0.654,-4.085,1.906,0.100,-0.681,50.100,15.600,-44.400,31.4
20:19:07.044,2738694,-8.614,-0.582,-4.640,1.211,-0.191,-0.638,50.100,15.600,-44.400,31.7
20:19:07.106,2738748,-8.806,0.977,-3.148,1.254,-0.197,-0.683,49.800,7.200,-43.050,31.6
20:19:07.108,2738802,-7.961,0.816,-3.503,1.171,-0.375,-0.622,49.800,7.200,-43.050,31.4
20:19:07.166,2738856,-7.910,0.666,-4.034,1.091,-0.161,-0.614,50.400,4.350,-41.850,31.5
20:19:07.226,2738910,-7.336,-0.194,-4.448,0.766,0.014,-0.451,50.400,4.350,-41.850,31.6
20:19:07.284,2738964,-8.490,-0.002,-3.036,0.444,-0.040,-0.501,48.150,0.150,-42.150,31.1
20:19:07.346,2739018,-8.459,0.196,-2.938,0.240,0.046,-0.601,48.150,0.150,-42.150,31.3
20:19:07.404,2739072,-9.122,0.663,-2.461,0.426,-0.028,-0.648,45.600,-4.350,-41.100,31.4
20:19:07.466,2739126,-9.376,-0.175,-2.583,0.186,-0.037,-0.786,45.600,-7.050,-39.900,31.3
20:19:07.526,2739180,-9.139,-2.995,-1.841,0.327,-0.141,-1.199,45.600,-7.050,-39.900,31.4
20:19:07.586,2739234,-9.007,-1.932,-2.624,0.390,-0.229,-1.249,41.700,-11.850,-39.000,31.4
20:19:07.646,2739288,-8.650,-0.199,-2.516,1.927,0.049,-0.296,41.700,-11.850,-39.000,31.4
20:19:07.648,2739342,-7.989,-1.111,-2.725,-0.087,-0.101,0.678,41.700,-11.850,-39.000,31.5
20:19:07.706,2739396,-9.306,1.702,-0.747,0.755,0.353,1.082,41.700,-11.850,-39.000,31.6
20:19:07.766,2739450,-8.918,-4.508,0.146,0.541,0.126,0.415,41.850,-11.700,-37.050,30.9
20:19:07.825,2739504,-11.339,1.456,-1.800,-0.727,-0.319,0.238,41.850,-11.700,-37.050,31.3
20:19:07.886,2739558,-11.023,0.069,-0.536,0.491,-0.115,0.040,44.100,-9.750,-36.000,31.4
20:19:07.946,2739612,-9.546,-3.747,-1.027,0.918,-0.084,0.197,44.100,-9.750,-36.000,31.4
20:19:08.006,2739666,-8.428,1.085,-3.122,2.488,0.839,1.568,44.100,-9.750,-36.000,31.4
20:19:08.066,2739720,-6.189,-1.856,-0.919,0.353,0.665,1.692,44.100,-9.750,-36.000,31.6
20:19:08.126,2739774,-7.769,1.085,-4.511,-0.450,1.054,1.890,42.000,-8.100,-33.900,31.5
20:19:08.186,2739828,-5.856,-5.555,-0.304,0.319,0.406,1.493,44.700,-0.300,-36.450,31.4
20:19:08.186,2739882,-8.011,2.650,-1.923,1.512,0.747,1.537,44.700,-0.300,-36.450,31.6
20:19:08.245,2739936,-7.582,-0.012,-5.023,0.295,0.105,1.037,43.650,4.350,-36.300,31.2
20:19:08.306,2739990,-9.029,0.299,-4.642,0.856,0.025,0.758,43.650,4.350,-36.300,31.3
20:19:08.366,2740044,-9.591,1.841,-3.716,-0.058,-0.145,0.476,42.900,7.500,-36.600,31.4
20:19:08.427,2740098,-9.926,1.343,-4.085,-0.163,-0.073,0.006,42.900,7.500,-36.600,31.6
20:19:08.484,2740152,-10.369,1.314,-3.656,-0.084,-0.032,-0.210,42.900,7.500,-36.600,31.3
20:19:08.546,2740206,-10.094,0.939,-4.999,-0.042,0.221,-0.315,42.900,7.500,-36.600,31.6
20:19:08.606,2740260,-11.202,1.654,-2.626,-0.491,0.184,-0.395,41.250,6.900,-35.700,31.5
20:19:08.665,2740314,-11.574,1.839,-2.212,-0.717,0.268,-0.309,41.250,6.900,-35.700,31.4
20:19:08.724,2740368,-11.337,2.085,-3.498,-0.432,0.256,-0.515,40.350,7.800,-36.000,31.6
20:19:08.725,2740422,-11.030,1.257,-2.614,-0.828,0.151,-0.173,40.350,7.800,-36.000,31.3
20:19:08.786,2740476,-11.404,2.435,-2.765,-1.180,0.149,-0.242,40.350,7.800,-36.000,31.7
20:19:08.846,2740530,-10.283,1.434,-3.294,-0.786,0.109,-0.533,38.100,9.000,-39.900,31.3
20:19:08.906,2740584,-10.417,2.703,-3.455,-0.730,0.046,-0.653,38.100,9.000,-39.900,31.4
20:19:08.965,2740638,-9.493,2.389,-4.391,-0.420,0.144,-0.381,37.350,7.050,-39.900,31.4
20:19:09.026,2740692,-8.617,1.372,-4.063,-0.214,-0.108,-0.365,37.350,7.050,-39.900,31.4
20:19:09.084,2740746,-7.934,1.832,-4.197,0.146,0.120,-0.068,37.350,7.050,-39.900,31.4
20:19:09.146,2740800,-7.518,1.417,-3.519,-0.274,0.218,-0.107,37.350,7.050,-39.900,31.4
20:19:09.206,2740854,-8.078,1.987,-4.020,-0.117,0.469,-0.127,34.800,7.050,-41.850,31.2
20:19:09.266,2740908,-9.148,2.854,-4.276,-0.058,0.576,-0.082,34.800,7.050,-41.850,30.9
20:19:09.267,2740962,-8.890,2.993,-4.264,0.240,0.492,0.200,32.850,6.750,-43.950,31.3
20:19:09.326,2741016,-8.152,3.175,-4.506,0.491,0.360,0.339,33.450,8.400,-44.550,31.5
20:19:09.386,2741070,-7.982,3.191,-4.738,0.651,0.076,0.416,33.450,8.400,-44.550,31.4
20:19:09.444,2741124,-8.174,3.230,-4.867,0.807,-0.090,0.428,30.600,5.100,-46.500,31.3
20:19:09.506,2741178,-8.674,2.078,-4.334,1.167,-0.167,0.528,30.600,5.100,-46.500,31.4
20:19:09.566,2741232,-8.823,2.746,-4.609,1.306,-0.230,0.698,30.600,5.100,-46.500,31.3
20:19:09.627,2741286,-8.890,2.459,-3.838,1.479,-0.410,0.903,30.600,5.100,-46.500,31.4
20:19:09.684,2741340,-8.777,1.180,-4.013,1.766,-0.661,1.053,34.200,2.250,-41.250,31.3
20:19:09.746,2741394,-8.976,2.126,-3.036,1.603,-0.798,0.881,34.200,2.250,-41.250,31.2
20:19:09.806,2741448,-8.396,-0.275,-3.141,2.238,-0.796,0.463,33.600,1.350,-37.800,31.5
20:19:09.808,2741502,-8.705,0.105,-3.218,2.061,-0.694,0.505,33.600,1.350,-37.800,31.4
20:19:09.866,2741556,-9.249,-0.802,-3.043,2.309,-0.418,0.211,33.600,1.350,-37.800,31.4
20:19:09.926,2741610,-9.871,-0.857,-3.184,2.161,-0.248,0.222,35.700,-3.750,-28.050,31.3
20:19:09.984,2741664,-10.772,-1.645,-3.333,2.437,-0.201,0.059,35.700,-3.750,-28.050,31.4
20:19:10.046,2741718,-9.807,-3.065,-2.684,2.202,-0.426,-0.106,37.800,-6.750,-23.550,31.3
20:19:10.104,2741772,-9.598,-2.298,-2.598,2.541,-0.315,-0.043,37.800,-6.750,-23.550,31.5
20:19:10.165,2741826,-9.553,-2.911,-2.643,1.893,-0.444,0.215,37.800,-6.750,-23.550,31.2
20:19:10.226,2741880,-9.330,-3.314,-1.978,2.110,-0.283,0.242,37.800,-6.750,-23.550,31.2
20:19:10.285,2741934,-9.692,-3.010,-1.700,1.669,-0.172,0.280,35.850,-6.300,-12.600,31.4
20:19:10.344,2741988,-9.881,-3.134,-1.748,1.545,-0.032,0.371,35.850,-6.300,-12.600,31.3
20:19:10.345,2742042,-11.485,-2.047,-1.856,0.536,-0.005,0.669,37.800,-3.150,-8.550,31.4
20:19:10.406,2742096,-11.578,-2.409,-2.313,0.531,0.154,0.937,37.800,-3.150,-8.550,31.4
20:19:10.467,2742150,-12.385,-1.425,-1.674,-0.256,-0.016,1.112,39.300,-0.450,-6.750,31.5
20:19:10.526,2742204,-11.870,-1.580,-1.769,0.020,0.022,1.030,39.300,-0.450,-6.750,31.4
20:19:10.585,2742258,-10.487,-0.972,-1.247,-0.499,0.098,0.776,42.150,2.850,-8.100,31.4
20:19:10.645,2742312,-9.615,-1.214,-2.294,-0.119,0.276,0.583,44.100,4.800,-8.100,31.1
20:19:10.704,2742366,-9.692,-0.227,-1.765,-0.580,0.072,0.488,44.100,4.800,-8.100,31.3
20:19:10.765,2742420,-9.766,0.905,-3.043,-0.800,0.197,0.386,45.150,6.750,-8.100,31.1
20:19:10.826,2742474,-9.728,0.522,-2.588,-0.522,0.186,0.179,45.150,6.750,-8.100,31.5
20:19:10.886,2742528,-9.440,-0.113,-3.694,-0.378,0.001,-0.083,44.700,6.450,-9.450,31.5
20:19:10.888,2742582,-9.220,0.991,-2.962,-0.062,-0.100,-0.391,44.700,6.450,-9.450,31.4
20:19:10.944,2742636,-8.061,0.474,-3.531,-0.305,-0.348,-0.369,44.700,6.450,-9.450,31.4
20:19:11.066,2742690,-6.888,-1.437,-3.656,0.345,-0.432,-0.715,44.700,6.450,-9.450,31.4
20:19:11.067,2742744,-8.231,1.391,-3.656,1.103,-0.537,-0.852,48.150,4.350,-7.050,31.4
20:19:11.124,2742798,-10.949,1.923,-1.279,0.600,-0.537,-1.664,48.150,4.350,-7.050,31.2
20:19:11.184,2742852,-1.171,-6.953,-0.893,0.924,-0.580,-3.235,45.600,1.350,-4.200,31.1
20:19:11.244,2742906,-9.400,1.269,-8.349,4.531,1.169,0.142,45.600,1.350,-4.200,31.4
20:19:11.306,2742960,-4.913,3.565,0.668,-1.899,0.555,0.153,45.600,1.350,-4.200,31.3
20:19:11.366,2743014,-3.934,-2.011,-1.678,1.103,0.191,2.299,44.400,0.150,0.150,31.3
20:19:11.426,2743068,-9.984,3.263,-0.955,1.571,0.821,2.634,44.400,0.150,0.150,31.4
20:19:11.428,2743122,-12.055,2.909,1.472,0.627,0.356,1.464,46.650,13.650,-2.700,31.4
20:19:11.486,2743176,-6.759,-0.158,-1.041,0.541,0.131,1.579,46.650,13.650,-2.700,31.4
20:19:11.544,2743230,-9.390,4.877,-1.748,1.668,0.269,1.215,46.650,13.650,-2.700,31.4
20:19:11.606,2743284,-9.290,2.780,-0.127,1.374,-0.043,0.810,46.650,13.650,-2.700,31.2
20:19:11.664,2743338,-8.720,4.784,-2.818,1.182,0.404,0.710,43.950,24.300,-5.850,31.4
20:19:11.724,2743392,-10.494,1.362,-0.431,-0.878,-0.242,0.503,43.950,24.300,-5.850,31.4
20:19:11.787,2743446,-9.742,1.607,-2.682,-0.683,-0.247,0.367,42.600,27.600,-6.300,31.4
20:19:11.844,2743500,-10.779,4.113,-1.374,-0.255,-0.107,-0.298,43.350,27.900,-6.000,31.2
20:19:11.906,2743554,-10.214,1.724,-1.120,-0.515,0.003,-0.181,43.350,27.900,-6.000,31.4
20:19:11.966,2743608,-10.618,4.372,-1.032,0.224,0.375,-0.384,44.250,24.750,-7.200,31.3
20:19:11.968,2743662,-8.973,0.678,-1.535,-0.382,0.288,-0.126,44.250,24.750,-7.200,31.3
20:19:12.026,2743716,-10.396,3.409,-0.759,-0.064,0.349,-0.273,44.250,24.750,-7.200,31.1
20:19:12.086,2743770,-10.467,1.671,-1.247,-0.442,0.265,-0.212,44.250,24.750,-7.200,31.3
20:19:12.147,2743824,-10.147,2.717,-1.551,0.567,0.317,-0.232,44.100,23.250,-10.050,31.4
20:19:12.205,2743878,-10.743,2.928,-1.946,-0.100,-0.123,-0.366,44.100,23.250,-10.050,31.4
20:19:12.266,2743932,-10.290,1.822,-2.310,0.353,0.059,-0.222,44.100,22.500,-10.650,31.4
20:19:12.325,2743986,-9.668,0.227,-1.583,0.557,-0.022,-0.325,44.100,22.500,-10.650,31.2
20:19:12.386,2744040,-8.995,-0.007,-2.337,0.295,-0.205,-0.044,44.100,22.500,-10.650,31.4
20:19:12.444,2744094,-9.361,0.529,-2.279,0.942,-0.362,-0.238,44.700,21.600,-12.300,31.4
20:19:12.504,2744148,-13.087,2.334,-3.891,-0.271,-0.225,0.311,44.700,21.600,-12.300,31.4
20:19:12.506,2744202,-17.808,2.195,-3.824,-0.674,-0.285,0.815,45.600,23.700,-11.400,31.2
20:19:12.566,2744256,-16.472,5.672,-2.296,-0.263,-0.167,1.142,45.600,23.700,-11.400,31.2
20:19:12.627,2744310,-12.598,1.499,-1.765,-0.119,-0.355,0.791,45.600,23.700,-11.400,31.4
20:19:12.685,2744364,-10.180,2.794,1.032,-0.210,-0.350,0.359,45.600,23.700,-11.400,31.4
20:19:12.746,2744418,-8.346,-1.238,-2.045,-0.539,-0.116,-0.161,44.850,30.300,-8.550,31.4
20:19:12.807,2744472,-7.757,1.650,1.288,0.256,0.084,-0.771,44.850,30.300,-8.550,31.4
20:19:12.867,2744526,-5.559,-1.700,-6.318,-2.082,-0.440,-0.742,45.900,29.550,-6.300,31.4
20:19:12.926,2744580,-8.037,-1.544,-3.730,1.471,0.429,-0.666,45.900,29.550,-6.300,31.3
20:19:12.985,2744634,-10.197,2.653,-4.017,-0.343,0.314,-0.726,49.800,26.550,-2.850,31.4
20:19:13.044,2744688,-7.908,-1.475,-2.452,-0.169,0.198,-1.188,49.800,26.550,-2.850,31.1
20:19:13.046,2744742,-9.378,-1.216,-2.787,2.059,-0.054,-1.184,48.900,22.500,-4.500,31.1
20:19:13.104,2744796,-8.387,2.186,-4.185,1.593,-0.639,-1.406,52.500,19.200,-4.350,31.5
20:19:13.166,2744850,-8.028,-0.910,0.271,1.079,-0.497,-1.666,52.500,19.200,-4.350,31.3
20:19:13.226,2744904,-4.961,-3.127,-1.300,-0.671,-0.927,-2.581,52.050,13.500,-0.300,31.7
20:19:13.286,2744958,-7.307,1.379,0.113,3.324,0.402,-0.044,52.050,13.500,-0.300,31.4
20:19:13.347,2745012,-6.967,-0.922,-2.011,0.054,0.205,1.555,52.650,10.500,-0.900,31.4
20:19:13.404,2745066,-6.187,2.131,-2.772,0.596,0.711,2.208,52.650,10.500,-0.900,31.4
20:19:13.467,2745120,-8.291,-1.353,-0.994,-0.577,0.067,1.859,52.650,10.500,-0.900,31.4
20:19:13.525,2745174,-8.114,-0.883,-1.966,-0.997,0.307,1.602,52.650,10.500,-0.900,31.2
20:19:13.586,2745228,-8.961,1.717,-1.295,-1.109,0.410,1.248,52.500,27.450,-5.400,31.3
20:19:13.588,2745282,-9.110,-0.874,-2.318,0.141,0.052,0.774,52.500,27.450,-5.400,31.6
20:19:13.647,2745336,-10.719,1.568,-3.043,-0.456,-0.375,0.559,48.900,30.300,-4.800,31.4
20:19:13.707,2745390,-11.746,3.634,0.055,-0.118,-0.042,-0.193,48.900,30.300,-4.800,31.4
20:19:13.767,2745444,-10.173,-0.438,-0.395,-0.310,-0.487,-0.262,48.900,30.300,-4.800,31.4
20:19:13.824,2745498,-7.554,-0.991,0.081,1.030,0.073,0.284,48.600,28.800,-4.200,31.4
20:19:13.884,2745552,-9.843,5.634,-0.165,2.063,0.268,0.221,48.600,28.800,-4.200,31.5
20:19:13.946,2745606,-13.034,5.009,0.215,-1.319,-0.123,-0.262,46.650,32.550,-8.550,31.6
20:19:14.006,2745660,-11.341,-1.815,-0.986,-1.279,0.348,-0.317,46.650,32.550,-8.550,31.3
20:19:14.066,2745714,-11.382,1.197,-0.134,0.435,0.622,-0.098,48.750,29.700,-6.450,31.2
20:19:14.126,2745768,-11.329,4.896,-1.209,-0.378,0.103,0.051,48.750,29.700,-6.450,31.7
20:19:14.128,2745822,-10.010,-0.563,-0.876,0.131,0.453,0.174,49.050,28.950,-7.200,31.4
20:19:14.186,2745876,-10.058,3.737,0.256,-0.238,0.264,0.152,49.050,28.950,-7.200,31.4
20:19:14.246,2745930,-9.290,1.824,-1.681,0.211,0.328,0.063,49.050,28.950,-7.200,31.4
20:19:14.307,2745984,-9.969,2.744,-1.494,-0.218,0.058,-0.032,47.850,29.850,-11.100,31.5
20:19:14.366,2746038,-11.049,3.745,-0.962,-0.289,0.084,0.045,47.850,29.850,-11.100,31.4
20:19:14.426,2746092,-13.731,5.521,-2.801,0.074,0.374,0.071,49.500,30.450,-12.300,31.2
20:19:14.486,2746146,-15.598,6.512,-2.157,-0.026,0.044,0.552,49.500,30.450,-12.300,31.3
20:19:14.547,2746200,-14.052,5.186,-0.996,-0.216,-0.150,0.675,49.500,30.450,-12.300,31.4
20:19:14.605,2746254,-11.411,4.005,-0.948,-0.142,-0.225,0.402,49.500,30.450,-12.300,31.4
20:19:14.666,2746308,-9.503,3.536,-0.639,-0.104,-0.110,-0.019,45.450,35.100,-8.700,31.4
20:19:14.668,2746362,-8.586,3.302,-0.749,0.050,0.300,-0.307,45.450,35.100,-8.700,31.3
20:19:14.725,2746416,-8.370,2.140,-0.608,-0.132,0.389,-0.782,49.350,35.700,-11.100,31.3
20:19:14.784,2746470,-8.317,1.844,-0.996,-0.238,0.118,-0.845,49.350,35.700,-11.100,31.4
20:19:14.844,2746524,-8.971,2.722,0.007,0.080,0.090,-1.117,49.350,35.700,-11.100,31.4
20:19:14.904,2746578,-8.531,0.895,-1.073,-0.415,0.184,-1.031,54.300,28.500,-7.650,31.5
20:19:14.965,2746632,-8.437,0.582,-2.140,-0.272,0.076,-1.143,54.300,28.500,-7.650,31.3
20:19:15.027,2746686,-9.618,1.956,0.079,-0.247,0.361,-1.629,57.900,22.200,-7.050,31.4
20:19:15.087,2746740,-5.746,-1.628,-4.391,0.108,-0.017,-2.547,57.900,22.200,-7.050,31.6
20:19:15.147,2746794,-4.357,-9.153,-1.432,2.435,0.704,-2.811,59.850,10.800,-6.150,31.4
20:19:15.206,2746848,-7.535,12.340,-0.395,2.291,0.331,0.984,59.850,10.800,-6.150,31.4
20:19:15.208,2746902,-4.223,-3.096,-4.882,-0.010,0.353,2.087,61.050,9.150,-10.950,31.3
20:19:15.266,2746956,-6.421,1.180,-4.254,0.802,0.474,2.829,61.050,9.150,-10.950,31.3
20:19:15.325,2747010,-9.483,-0.922,-2.914,0.030,0.037,1.675,61.050,9.150,-10.950,31.3
20:19:15.386,2747064,-8.186,1.269,-3.072,1.545,0.229,1.561,61.050,9.150,-10.950,31.3
20:19:15.444,2747118,-10.027,2.911,-1.276,0.459,-0.050,0.919,57.300,30.900,-16.350,31.3
20:19:15.504,2747172,-9.067,-0.474,-3.043,0.310,-0.417,1.018,57.300,30.900,-16.350,31.4
20:19:15.566,2747226,-9.955,2.916,-1.578,1.242,-0.092,0.616,54.750,35.550,-14.250,31.4
20:19:15.626,2747280,-10.671,2.617,-1.559,0.412,-0.021,0.332,54.750,35.550,-14.250,31.2
20:19:15.686,2747334,-10.017,1.341,-2.140,0.608,0.335,0.188,54.750,35.550,-14.250,31.3
20:19:15.744,2747388,-10.748,1.674,-2.562,-0.150,-0.162,0.471,52.350,40.350,-19.500,31.3
20:19:15.746,2747442,-9.835,1.578,-3.598,0.091,-0.233,0.495,52.350,40.350,-19.500,31.3
20:19:15.807,2747496,-10.412,2.761,-0.505,-0.054,-0.160,0.200,51.300,40.200,-19.350,31.5
20:19:15.864,2747550,-8.935,2.248,-1.882,-0.523,-0.577,0.136,51.300,40.200,-19.350,31.3
20:19:15.924,2747604,-9.098,3.239,-2.497,0.190,-0.021,0.025,51.600,41.100,-19.500,31.2
20:19:15.984,2747658,-9.448,3.000,-1.820,-0.636,-0.155,-0.001,51.600,41.100,-19.500,31.4
20:19:16.045,2747712,-10.127,3.876,-1.334,-0.326,0.084,-0.209,50.850,41.550,-19.050,31.4
20:19:16.106,2747766,-9.677,2.274,-1.264,-0.356,-0.018,-0.330,50.850,41.550,-19.050,31.4
20:19:16.166,2747820,-9.685,3.704,-1.343,-0.445,0.035,-0.297,50.850,40.650,-16.950,31.4
20:19:16.226,2747874,-9.524,2.516,-1.729,-0.310,0.140,-0.426,50.850,37.200,-17.250,31.3
20:19:16.285,2747928,-10.841,3.079,-0.838,-0.493,-0.032,-0.347,50.850,37.200,-17.250,31.5
20:19:16.347,2747982,-13.475,4.559,-1.939,-0.473,0.072,-0.119,53.100,36.450,-17.250,31.4
20:19:16.347,2748036,-15.117,6.067,-1.372,-0.330,-0.014,0.254,53.100,36.450,-17.250,31.2
20:19:16.406,2748090,-13.563,4.384,-0.869,-0.548,-0.226,0.311,53.100,36.450,-17.250,31.2
20:19:16.465,2748144,-10.884,3.857,-1.341,-0.345,-0.160,0.140,53.100,36.450,-17.250,31.4
20:19:16.525,2748198,-10.053,2.356,-1.307,-0.414,-0.083,0.029,51.900,38.400,-13.200,31.5
20:19:16.584,2748252,-8.906,2.670,-1.415,-0.236,0.129,-0.327,51.900,38.400,-13.200,31.6
20:19:16.644,2748306,-8.763,2.224,-1.137,-0.188,0.220,-0.604,53.400,39.150,-11.850,31.4
20:19:16.707,2748360,-8.614,2.164,-2.325,-0.032,0.365,-0.751,53.400,39.150,-11.850,31.4
20:19:16.766,2748414,-7.817,0.438,-1.456,-0.197,0.500,-1.035,53.400,39.150,-11.850,31.7
20:19:16.826,2748468,-7.887,2.885,-2.131,-0.362,0.501,-1.183,57.900,31.050,-13.950,31.3
20:19:16.828,2748522,-8.696,-1.034,-1.767,0.098,0.582,-1.363,57.900,31.050,-13.950,31.1
20:19:16.884,2748576,-8.641,1.738,-0.979,-0.081,0.375,-1.257,61.200,26.100,-14.700,31.3
20:19:16.947,2748630,-8.780,-1.463,-3.694,-0.472,0.011,-1.272,61.200,26.100,-14.700,31.4
20:19:17.007,2748684,-9.615,0.208,-2.866,0.166,-0.126,-1.317,61.800,19.650,-14.250,31.4
20:19:17.126,2748738,-8.260,-1.822,-1.147,0.011,-0.373,-1.651,61.800,19.650,-14.250,31.6
20:19:17.128,2748792,-8.174,-1.372,-3.718,0.307,-0.249,-1.555,62.700,11.400,-12.600,31.5
20:19:17.187,2748846,-8.124,-2.306,-1.860,0.495,-0.163,-1.142,62.700,11.400,-12.600,31.5
20:19:17.245,2748900,-6.744,-0.936,-3.081,0.343,0.213,0.936,63.300,3.000,-11.700,31.5
20:19:17.307,2748954,-5.425,-2.042,-2.037,0.595,0.300,2.276,63.300,3.000,-11.700,31.4
20:19:17.365,2749008,-6.280,-0.012,-1.911,-0.106,0.085,2.522,63.600,12.750,-13.050,31.3
20:19:17.365,2749062,-8.236,-2.081,-2.418,-0.564,0.071,2.006,61.950,24.900,-12.600,31.4
20:19:17.426,2749116,-9.431,2.258,-1.841,0.633,0.221,1.574,61.950,24.900,-12.600,31.5
20:19:17.484,2749170,-10.285,4.961,-0.603,0.274,0.474,0.928,61.950,24.900,-12.600,31.3
20:19:17.544,2749224,-8.806,-1.429,-1.915,0.085,-0.179,0.944,61.950,24.900,-12.600,31.3
20:19:17.604,2749278,-10.271,3.486,-3.014,0.381,-0.147,0.841,57.750,36.600,-17.550,31.5
20:19:17.664,2749332,-11.202,3.771,-2.770,0.247,0.295,0.276,57.750,36.600,-17.550,31.3
20:19:17.724,2749386,-8.988,-0.666,-3.409,0.190,-0.305,0.219,55.200,38.400,-19.800,31.3
20:19:17.784,2749440,-10.963,4.798,-1.403,0.659,0.254,0.218,55.200,38.400,-19.800,31.4
20:19:17.844,2749494,-9.182,1.152,-2.452,-0.044,-0.151,0.269,55.200,38.400,-19.800,31.3
20:19:17.904,2749548,-9.986,2.248,-2.040,0.467,0.056,0.009,55.200,38.400,-19.800,31.6
20:19:17.905,2749602,-9.732,3.141,-2.444,-0.177,-0.054,-0.140,55.200,40.350,-19.800,31.6
20:19:17.964,2749656,-9.474,2.049,-2.045,-0.257,-0.232,-0.165,55.200,40.350,-19.800,31.4
20:19:18.024,2749710,-9.182,2.478,-2.502,-0.216,-0.133,-0.131,54.450,39.600,-19.500,31.5
20:19:18.084,2749764,-9.673,2.751,-1.729,-0.287,-0.147,-0.261,54.450,39.600,-19.500,31.4
20:19:18.144,2749818,-10.534,2.612,-2.095,-0.411,-0.083,-0.301,54.450,39.600,-19.500,31.3
20:19:18.204,2749872,-11.765,4.032,-2.112,0.025,0.175,-0.266,54.450,36.450,-20.250,31.4
20:19:18.265,2749926,-13.958,3.206,-2.270,-0.276,0.034,-0.025,54.450,36.450,-20.250,31.2
20:19:18.326,2749980,-14.286,4.357,-1.791,-0.236,-0.103,0.341,55.050,34.350,-16.350,31.2
20:19:18.385,2750034,-13.017,3.859,-1.314,-0.307,-0.210,0.557,55.050,34.350,-16.350,31.4
20:19:18.445,2750088,-11.032,2.231,-1.140,-0.234,-0.292,0.385,54.750,35.850,-17.100,31.4
20:19:18.445,2750142,-10.285,2.294,-0.771,-0.186,-0.209,0.044,54.750,35.850,-17.100,31.6
20:19:18.507,2750196,-9.412,2.416,-0.450,-0.035,-0.081,-0.183,53.250,38.550,-13.050,31.3
20:19:18.566,2750250,-9.079,1.101,-1.571,-0.068,0.240,-0.574,53.250,38.550,-13.050,31.4
20:19:18.627,2750304,-9.594,2.169,-1.173,-0.243,0.408,-0.697,56.550,37.500,-11.250,31.4
20:19:18.686,2750358,-9.395,1.106,-0.807,0.037,0.511,-0.953,58.650,35.700,-13.200,31.2
20:19:18.747,2750412,-9.720,1.889,-1.978,-0.167,0.379,-1.227,58.650,35.700,-13.200,31.3
20:19:18.807,2750466,-8.013,-0.713,-1.906,-0.298,0.110,-1.240,61.950,30.600,-14.400,31.3
20:19:18.867,2750520,-7.257,0.172,-2.229,0.018,0.042,-1.158,61.950,30.600,-14.400,31.3
20:19:18.927,2750574,-7.949,0.766,-1.913,0.021,-0.174,-1.198,61.950,30.600,-14.400,31.5
20:19:18.984,2750628,-8.990,-0.670,-3.282,0.422,-0.335,-2.055,61.950,30.600,-14.400,31.5
20:19:18.985,2750682,-1.044,-8.926,0.340,-0.279,-0.872,-3.305,66.450,13.650,-11.850,31.5
20:19:19.044,2750736,-8.334,6.867,-5.768,4.510,0.643,-0.530,66.450,13.650,-11.850,31.4
20:19:19.104,2750790,-8.124,-6.895,-3.474,-1.092,0.146,-0.187,64.800,1.800,-10.500,31.4
20:19:19.167,2750844,-6.318,-6.091,-2.239,1.536,0.662,1.488,64.800,1.800,-10.500,31.2
20:19:19.226,2750898,-8.746,-2.634,-0.797,-0.248,0.600,1.036,64.800,1.800,-10.500,31.4
20:19:19.287,2750952,-8.736,-2.971,-2.531,-0.023,0.410,1.023,65.100,11.850,-16.800,31.1
20:19:19.346,2751006,-8.928,-3.318,-2.351,-0.268,0.223,0.794,65.100,11.850,-16.800,31.4
20:19:19.406,2751060,-8.614,-2.516,-0.666,0.549,0.098,1.067,65.700,16.800,-18.000,31.2
20:19:19.467,2751114,-7.702,-1.942,-3.864,0.140,0.239,1.271,65.700,16.800,-18.000,31.3
20:19:19.527,2751168,-8.605,-2.509,-2.138,-0.112,0.043,1.154,65.700,16.800,-18.000,31.6
20:19:19.529,2751222,-10.317,-0.134,-2.172,0.036,-0.009,1.464,65.700,16.800,-18.000,31.5
20:19:19.587,2751276,-9.349,1.836,-2.526,0.225,0.230,1.181,60.300,28.500,-18.900,31.4
20:19:19.647,2751330,-9.802,-0.431,-1.573,-0.425,-0.377,1.223,60.300,28.500,-18.900,31.4
20:19:19.707,2751384,-11.377,4.561,-3.788,-0.045,0.085,0.911,58.800,35.550,-18.600,31.2
20:19:19.767,2751438,-9.246,1.032,-2.167,0.106,-0.248,0.449,58.800,35.550,-18.600,31.3
20:19:19.825,2751492,-10.642,5.162,-1.650,-0.296,-0.249,0.242,55.500,37.800,-19.650,31.4
20:19:19.884,2751546,-9.333,2.148,-2.174,-0.013,-0.082,0.117,54.150,40.350,-17.250,31.4
20:19:19.947,2751600,-10.032,1.925,-1.580,-0.403,-0.290,-0.175,54.150,40.350,-17.250,31.6
20:19:20.006,2751654,-9.529,2.691,-0.972,-0.198,-0.292,-0.200,54.300,39.000,-18.600,31.4
20:19:20.064,2751708,-9.905,2.023,-1.628,0.129,-0.030,-0.273,54.300,39.000,-18.600,31.4
20:19:20.065,2751762,-11.997,2.859,-1.408,-0.512,-0.141,0.029,54.750,37.500,-18.150,31.5
20:19:20.127,2751816,-14.597,6.555,-1.832,0.591,0.448,0.337,54.750,37.500,-18.150,31.4
20:19:20.187,2751870,-15.069,5.595,-1.065,-0.880,-0.052,0.647,54.000,37.500,-18.900,31.2
20:19:20.245,2751924,-13.175,6.601,-0.967,-0.302,0.178,0.701,54.000,37.500,-18.900,31.2
20:19:20.307,2751978,-11.234,2.227,-0.508,-0.686,-0.180,0.483,54.000,37.500,-18.900,31.4
20:19:20.427,2752032,-9.984,3.831,-0.740,-0.279,0.043,-0.025,54.000,37.500,-18.900,31.4
20:19:20.427,2752086,-8.404,1.822,-0.472,-0.362,0.013,-0.323,50.400,42.600,-15.150,31.4
20:19:20.485,2752140,-9.299,3.730,-1.583,-0.190,0.240,-0.734,53.550,42.450,-14.850,31.2
20:19:20.545,2752194,-8.516,0.879,-0.955,-0.153,0.472,-0.934,53.550,42.450,-14.850,31.4
20:19:20.607,2752248,-8.411,2.064,-1.312,-0.656,0.389,-1.181,53.550,42.450,-14.850,31.4
20:19:20.607,2752302,-8.066,2.212,-1.448,-0.100,0.623,-1.489,53.550,42.450,-14.850,31.5
20:19:20.664,2752356,-6.898,-1.389,-1.391,-0.404,-0.120,-1.644,61.650,31.050,-15.450,31.2
20:19:20.727,2752410,-7.405,1.458,-2.294,0.011,-0.237,-1.512,61.650,31.050,-15.450,31.5
20:19:20.784,2752464,-6.862,-1.535,-0.589,-0.270,-0.451,-1.409,61.950,23.250,-13.200,31.3
20:19:20.844,2752518,-8.119,0.840,-2.983,1.333,-0.264,-1.792,61.950,23.250,-13.200,31.3
20:19:20.905,2752572,-6.701,-3.170,-1.310,-0.563,-0.246,-1.308,64.350,13.800,-12.300,31.4
20:19:20.967,2752626,-6.292,1.367,-1.396,1.097,0.375,0.857,64.350,13.800,-12.300,31.3
20:19:21.026,2752680,-6.474,-2.495,-2.569,0.432,0.287,1.715,64.350,12.750,-11.700,31.4
20:19:21.084,2752734,-6.974,1.147,-1.666,0.331,0.179,2.271,64.350,12.750,-11.700,31.4
20:19:21.147,2752788,-8.392,-0.108,-1.676,-0.371,0.260,1.617,63.150,21.750,-14.400,31.3
20:19:21.149,2752842,-9.014,2.433,1.149,0.430,0.331,1.439,60.300,33.150,-16.350,31.2
20:19:21.207,2752896,-8.679,-0.201,-4.731,-0.154,-0.110,1.297,60.300,33.150,-16.350,31.3
20:19:21.267,2752950,-10.697,3.816,-1.013,1.171,0.533,0.600,56.700,37.650,-18.000,31.3
20:19:21.327,2753004,-9.828,2.339,0.627,0.625,0.293,0.307,56.700,37.650,-18.000,31.4
20:19:21.387,2753058,-9.601,3.864,-2.342,-0.099,0.148,0.446,56.700,37.650,-18.000,31.4
20:19:21.445,2753112,-8.655,0.124,-3.847,0.235,-0.355,0.291,56.700,37.650,-18.000,31.4
20:19:21.504,2753166,-11.234,5.059,-1.671,-0.135,-0.205,-0.215,52.800,42.150,-18.150,31.4
20:19:21.567,2753220,-10.233,1.999,-0.931,-0.658,-0.270,0.015,52.800,42.150,-18.150,31.5
20:19:21.627,2753274,-10.580,4.544,-1.393,-0.316,0.297,-0.195,53.700,41.100,-18.750,31.2
20:19:21.685,2753328,-9.452,1.259,-1.082,-0.755,0.001,-0.192,53.700,41.100,-18.750,31.2
20:19:21.685,2753382,-9.756,3.814,-1.765,-0.287,0.205,-0.342,53.700,41.100,-18.750,31.3
20:19:21.745,2753436,-9.943,2.114,-1.535,-0.176,0.065,-0.292,55.500,35.850,-16.800,31.4
20:19:21.807,2753490,-9.862,2.990,-1.726,-0.854,-0.266,-0.355,55.500,35.850,-16.800,31.5
20:19:21.867,2753544,-9.388,2.902,-1.288,0.025,-0.093,-0.400,54.750,36.300,-15.600,31.3
20:19:21.925,2753598,-9.548,1.298,-0.692,-0.333,-0.248,-0.198,54.750,36.300,-15.600,31.4
20:19:21.984,2753652,-12.299,5.318,-0.709,-0.110,0.155,0.098,55.500,34.800,-14.550,31.3
20:19:22.044,2753706,-15.732,3.306,-0.637,-0.906,-0.253,0.381,55.500,34.800,-14.550,31.6
20:19:22.106,2753760,-15.433,4.709,-1.250,-0.588,-0.412,0.604,54.150,35.250,-14.400,31.3
20:19:22.167,2753814,-12.591,3.656,-0.318,-0.155,-0.224,0.492,54.150,35.250,-14.400,31.3
20:19:22.227,2753868,-10.817,1.202,-0.685,-0.261,-0.219,0.323,52.350,38.850,-10.650,31.4
20:19:22.229,2753922,-9.864,1.209,-0.096,-0.073,0.040,0.001,52.350,38.850,-10.650,31.4
20:19:22.287,2753976,-8.452,3.179,-1.334,0.392,0.588,-0.595,52.650,40.650,-7.050,31.4
20:19:22.347,2754030,-8.102,0.204,-1.446,-0.319,0.449,-0.438,55.050,39.000,-6.900,31.2
20:19:22.405,2754084,-8.698,4.025,-1.041,0.301,1.113,-0.671,55.050,39.000,-6.900,31.4
20:19:22.465,2754138,-5.722,1.994,0.273,-2.345,0.676,-0.915,55.050,39.000,-6.900,31.4
20:19:22.524,2754192,-7.889,-0.285,-0.115,0.839,0.689,-1.008,55.050,39.000,-6.900,31.4
20:19:22.587,2754246,-9.359,1.915,-0.259,0.375,-0.177,-1.416,60.150,29.550,-8.850,31.2
20:19:22.645,2754300,-6.091,-0.350,-1.281,0.626,-0.501,-1.596,60.150,29.550,-8.850,31.2
20:19:22.705,2754354,-6.946,0.893,-1.441,0.455,-0.421,-1.414,61.950,21.450,-7.800,31.4
20:19:22.765,2754408,-6.946,-1.147,-1.891,-0.509,-0.373,-1.149,61.950,21.450,-7.800,31.6
20:19:22.765,2754462,-7.870,-1.286,-1.281,0.451,-0.229,-1.443,61.950,21.450,-7.800,31.4
20:19:22.827,2754516,-8.092,-0.697,1.097,1.053,0.084,-0.479,61.950,21.450,-7.800,31.3
20:19:22.887,2754570,-7.815,-0.122,-1.437,-0.429,0.067,0.836,64.200,9.750,-4.800,31.4
20:19:22.944,2754624,-7.321,-1.781,-1.856,0.422,0.474,1.557,64.950,14.850,-5.250,31.5
20:19:23.007,2754678,-6.527,0.687,-1.585,-0.395,0.125,1.963,64.950,14.850,-5.250,31.4
20:19:23.064,2754732,-8.040,0.907,-2.157,-1.050,0.009,1.936,64.950,14.850,-5.250,31.2
20:19:23.127,2754786,-6.902,-2.195,-1.082,0.330,-0.218,1.472,64.950,14.850,-5.250,31.2
20:19:23.184,2754840,-9.622,4.252,-3.359,-0.714,-0.466,1.141,59.700,33.750,-8.850,31.5
20:19:23.247,2754894,-10.661,3.718,0.845,2.288,0.442,0.297,59.700,33.750,-8.850,31.4
20:19:23.304,2754948,-10.058,1.980,-0.759,-0.507,-0.038,0.632,57.450,39.600,-9.300,31.4
20:19:23.305,2755002,-10.367,2.789,-1.025,0.094,0.287,0.387,57.450,39.600,-9.300,31.5
20:19:23.364,2755056,-8.789,2.978,0.024,0.123,0.471,0.446,57.450,39.600,-9.300,31.4
20:19:23.427,2755110,-10.183,1.750,-0.539,-0.397,0.061,0.202,57.450,39.600,-9.300,31.6
20:19:23.487,2755164,-10.072,4.958,0.108,0.091,-0.069,0.013,54.000,42.150,-13.050,31.3
20:19:23.547,2755218,-10.151,2.325,-2.310,-0.361,-0.268,0.094,54.000,42.150,-13.050,31.2
20:19:23.667,2755272,-10.015,3.850,-1.144,0.214,0.090,-0.169,54.900,40.350,-12.600,31.3
20:19:23.669,2755326,-9.627,3.433,-2.234,-0.324,-0.003,-0.070,54.450,39.600,-11.400,31.4
20:19:23.724,2755380,-9.699,2.734,-0.838,-0.037,0.017,-0.269,54.450,39.600,-11.400,31.6
20:19:23.787,2755434,-9.479,4.384,-1.077,-0.460,0.089,-0.215,54.900,39.900,-11.400,31.3
20:19:23.847,2755488,-9.304,0.582,-0.445,-0.072,-0.001,-0.329,54.900,39.900,-11.400,31.4
20:19:23.849,2755542,-9.802,4.003,-0.031,-0.489,-0.185,-0.224,54.300,37.500,-12.750,31.4
20:19:23.905,2755596,-11.226,3.005,-0.625,0.141,0.036,-0.352,54.300,37.500,-12.750,31.6
20:19:23.965,2755650,-15.883,6.163,0.618,-0.482,-0.407,-0.010,55.200,35.250,-10.650,31.2
20:19:24.027,2755704,-14.775,4.341,0.611,0.099,-0.364,-0.230,55.200,35.250,-10.650,31.3
20:19:24.147,2755758,-12.967,3.867,-0.074,-0.474,-0.233,0.117,54.900,36.150,-9.300,31.4
20:19:24.147,2755812,-11.346,2.373,-0.242,0.374,-0.108,-0.008,54.900,36.150,-9.300,31.6
20:19:24.204,2755866,-9.943,1.891,0.069,0.184,-0.020,-0.140,54.900,36.150,-9.300,31.4
20:19:24.264,2755920,-9.644,1.372,-0.828,0.369,0.346,-0.361,57.000,36.300,-5.400,31.3
20:19:24.324,2755974,-8.820,1.863,-1.018,0.091,0.616,-0.454,57.000,36.300,-5.400,31.4
20:19:24.384,2756028,-8.181,0.342,-1.367,0.115,0.897,-0.539,58.200,34.500,-8.550,31.5
20:19:24.385,2756082,-8.641,1.113,-2.799,-0.538,0.585,-0.829,58.200,34.500,-8.550,31.6
20:19:24.444,2756136,-7.458,0.034,-0.776,0.050,0.490,-1.116,58.200,34.500,-8.550,31.3
20:19:24.505,2756190,-6.759,0.235,-3.007,-0.425,0.065,-0.833,58.200,34.500,-8.550,31.2
20:19:24.566,2756244,-7.798,0.733,-1.659,-0.328,-0.027,-0.815,64.650,26.400,-13.650,31.3
20:19:24.626,2756298,-8.880,0.555,-2.093,0.131,0.092,-1.015,64.650,26.400,-13.650,31.3
20:19:24.685,2756352,-8.938,0.314,-2.990,0.138,0.069,-1.132,64.650,19.800,-11.400,31.6
20:19:24.745,2756406,-6.653,-3.203,-3.689,0.610,0.182,-2.003,64.650,19.800,-11.400,31.3
20:19:24.804,2756460,-7.226,-0.603,-0.431,1.717,0.105,-1.114,64.650,19.800,-11.400,31.6
20:19:24.866,2756514,-6.527,1.176,-3.469,0.581,-0.144,1.434,64.050,7.200,-12.300,31.3
20:19:24.924,2756568,-5.497,-1.915,-2.569,0.095,-0.167,2.250,64.050,7.200,-12.300,31.4
20:19:24.925,2756622,-7.063,-1.264,-2.049,-0.318,-0.047,2.231,63.600,20.100,-12.000,31.1
20:19:24.985,2756676,-9.464,-1.547,-1.061,-0.555,-0.293,1.470,63.600,20.100,-12.000,31.1
20:19:25.045,2756730,-9.831,2.586,-1.051,-0.868,-0.324,1.336,62.400,28.800,-11.100,31.6
20:19:25.106,2756784,-9.043,0.256,-2.284,-0.016,-0.226,1.036,62.400,28.800,-11.100,31.5
20:19:25.164,2756838,-9.282,3.112,-2.720,0.309,-0.159,0.811,59.250,33.900,-9.750,31.6
20:19:25.224,2756892,-8.854,0.141,-0.256,0.436,-0.105,0.736,59.250,33.900,-9.750,31.6
20:19:25.284,2756946,-10.293,4.662,-0.196,-0.474,-0.153,0.822,56.400,37.200,-9.300,31.1
20:19:25.344,2757000,-9.754,2.354,-1.427,-0.255,-0.374,0.374,56.400,37.200,-9.300,31.2
20:19:25.406,2757054,-9.857,5.423,0.383,0.247,-0.165,-0.028,54.450,39.600,-9.600,31.5
20:19:25.464,2757108,-8.887,1.805,-0.567,-0.435,-0.358,-0.065,54.150,40.350,-6.750,31.3
20:19:25.465,2757162,-9.969,5.466,-0.002,0.099,0.060,-0.101,54.150,40.350,-6.750,31.3
20:19:25.526,2757216,-9.527,2.330,-0.409,-0.379,-0.112,-0.078,54.150,40.350,-6.750,31.6
20:19:25.585,2757270,-9.936,5.080,0.582,-0.292,0.135,-0.195,54.150,40.350,-6.750,31.3
20:19:25.645,2757324,-9.378,2.203,0.330,-0.220,0.103,-0.265,52.800,38.250,-7.200,31.3
20:19:25.704,2757378,-9.354,3.369,-0.302,-0.245,0.021,-0.200,52.800,38.250,-7.200,31.4
20:19:25.765,2757432,-9.287,2.260,0.658,0.018,-0.021,-0.252,54.900,36.150,-7.350,31.4
20:19:25.824,2757486,-10.077,2.832,-0.455,-0.323,-0.188,-0.156,54.900,36.150,-7.350,31.2
20:19:25.886,2757540,-11.255,2.907,-0.153,0.027,0.039,-0.049,54.900,36.150,-7.350,31.4
20:19:25.946,2757594,-12.893,5.298,0.962,0.015,0.177,0.319,54.900,36.150,-7.350,31.3
20:19:26.005,2757648,-14.882,5.995,-0.227,-0.096,-0.025,0.529,52.800,37.800,-6.450,31.4
20:19:26.006,2757702,-14.042,7.226,0.764,0.264,0.012,0.484,52.800,37.800,-6.450,31.4
20:19:26.066,2757756,-11.971,3.584,0.034,-0.008,-0.180,0.576,52.050,37.500,-8.400,31.4
20:19:26.126,2757810,-10.862,3.816,-0.223,0.422,-0.195,0.275,52.050,37.500,-8.400,31.3
20:19:26.184,2757864,-10.364,3.632,0.663,0.323,-0.077,-0.007,52.050,37.500,-8.400,31.7
20:19:26.245,2757918,-9.369,2.978,0.204,0.297,0.264,-0.418,51.900,41.850,-3.450,31.3
20:19:26.305,2757972,-8.466,2.607,0.493,-0.349,0.196,-0.714,51.900,41.850,-3.450,31.5
20:19:26.366,2758026,-7.887,3.158,0.017,0.206,0.563,-1.159,54.750,40.500,-3.900,31.6
20:19:26.425,2758080,-7.187,2.892,-1.688,-1.042,0.132,-0.966,54.750,40.500,-3.900,31.2
20:19:26.486,2758134,-7.415,0.634,-1.051,0.563,0.495,-1.607,57.150,35.250,-4.800,31.3
20:19:26.544,2758188,-6.634,-0.737,-1.053,-0.487,-0.405,-1.312,57.150,35.250,-4.800,31.4
20:19:26.546,2758242,-7.010,2.543,-0.824,1.705,-0.161,-1.607,61.200,26.850,-3.450,31.4
20:19:26.604,2758296,-8.384,1.171,-2.576,1.039,-0.261,-2.101,61.200,26.850,-3.450,31.4
20:19:26.665,2758350,-6.074,-6.361,1.144,2.303,0.155,-2.239,62.400,19.050,-3.000,31.4
20:19:26.724,2758404,-9.845,10.815,-4.592,1.518,0.237,1.172,62.100,12.750,-4.350,31.2
20:19:26.784,2758458,-5.770,-3.661,-3.139,0.252,0.331,1.054,62.100,12.750,-4.350,31.4
20:19:26.846,2758512,-5.104,-2.878,-0.247,0.794,0.752,2.234,62.400,21.000,-7.050,31.4
20:19:26.905,2758566,-7.908,2.095,-3.546,-1.325,0.286,1.909,62.400,21.000,-7.050,31.1
20:19:26.966,2758620,-9.158,-1.051,0.266,0.353,0.338,1.071,62.400,21.000,-7.050,31.4
20:19:27.024,2758674,-9.218,3.615,-0.680,1.026,0.565,1.071,62.400,21.000,-7.050,31.5
20:19:27.084,2758728,-10.065,1.621,-3.089,-0.079,-0.086,0.976,58.050,36.600,-15.600,31.5
20:19:27.085,2758782,-9.124,2.519,-3.627,1.410,0.589,0.412,58.050,36.600,-15.600,31.4
20:19:27.145,2758836,-9.507,1.460,-0.788,-0.050,-0.251,0.386,56.700,40.650,-16.200,31.2
20:19:27.204,2758890,-10.211,1.851,-2.255,-0.250,-0.390,0.516,56.700,40.650,-16.200,31.4
20:19:27.266,2758944,-9.790,1.798,-2.866,-0.280,-0.391,0.338,56.700,40.650,-16.200,31.6
20:19:27.326,2758998,-10.558,2.818,-1.405,-0.665,-0.187,-0.062,53.250,40.950,-15.600,31.2
20:19:27.385,2759052,-11.360,2.727,-0.419,-0.155,0.130,-0.224,53.250,40.950,-15.600,31.3
20:19:27.445,2759106,-9.469,2.875,-1.678,-0.369,0.006,-0.233,54.000,40.500,-15.300,31.4
20:19:27.504,2759160,-10.872,2.109,-1.140,0.013,-0.155,-0.012,54.000,40.500,-15.300,31.4
20:19:27.566,2759214,-10.264,2.500,-0.816,-0.491,-0.158,0.045,54.000,40.500,-15.300,31.4
20:19:27.624,2759268,-9.804,3.304,-1.398,-0.374,-0.084,0.098,54.000,40.500,-15.300,31.3
20:19:27.625,2759322,-9.282,2.088,-1.621,0.024,0.131,-0.137,51.900,38.400,-11.400,31.4
20:19:27.686,2759376,-10.822,4.618,-1.329,-0.941,-0.063,0.027,51.900,38.400,-11.400,31.4
20:19:27.746,2759430,-10.944,3.649,-0.855,-0.269,0.227,-0.159,52.650,38.400,-11.850,31.4
20:19:27.806,2759484,-13.412,4.456,-0.227,-1.023,-0.092,0.037,52.650,38.400,-11.850,31.2
20:19:27.866,2759538,-15.050,6.694,-0.086,-0.579,-0.040,0.185,53.100,37.650,-10.050,31.3
20:19:27.925,2759592,-12.933,4.096,0.060,-0.690,-0.266,0.223,52.800,38.250,-8.400,31.5
20:19:27.986,2759646,-11.150,4.123,0.318,-0.393,-0.157,-0.056,52.800,38.250,-8.400,31.4
20:19:28.105,2759700,-9.871,2.693,0.342,-0.022,0.121,-0.448,53.250,37.800,-4.650,31.5
20:19:28.106,2759754,-9.459,2.684,0.127,-0.559,0.206,-0.606,53.250,37.800,-4.650,31.4
20:19:28.165,2759808,-9.594,1.585,-0.919,-0.233,0.404,-0.777,55.650,36.150,-4.800,31.3
20:19:28.166,2759862,-9.919,2.222,-0.225,-0.913,0.311,-0.784,55.650,36.150,-4.800,31.4
20:19:28.224,2759916,-8.914,0.611,-0.965,-0.032,0.495,-1.123,56.400,31.800,-4.500,31.4
20:19:28.286,2759970,-7.453,-0.764,-0.730,-0.573,0.319,-1.137,56.400,31.800,-4.500,31.4
20:19:28.345,2760024,-6.579,-0.304,-1.489,-0.317,0.389,-1.093,56.400,31.800,-4.500,31.2
20:19:28.405,2760078,-8.064,1.451,0.206,0.050,-0.066,-0.972,56.400,31.800,-4.500,31.6
20:19:28.464,2760132,-10.326,-1.444,-1.853,0.280,-0.359,-1.408,62.400,17.850,-4.800,31.3
20:19:28.524,2760186,-6.191,-6.170,-0.893,2.228,-0.098,-2.875,62.400,17.850,-4.800,31.3
20:19:28.586,2760240,-11.365,3.469,-9.153,2.325,0.263,0.558,62.700,10.500,-3.450,31.5
20:19:28.646,2760294,-7.350,1.046,-0.304,0.418,0.488,1.142,62.700,10.500,-3.450,31.3
20:19:28.706,2760348,-3.105,-0.304,-1.144,0.046,0.530,2.205,62.700,10.500,-3.450,31.3
20:19:28.706,2760402,-6.093,-1.334,-1.597,0.059,0.499,2.301,60.900,22.200,-5.550,31.4
20:19:28.766,2760456,-9.457,2.545,0.271,0.043,0.249,1.852,60.900,22.200,-5.550,31.2
20:19:28.825,2760510,-9.562,0.345,-0.548,0.169,0.176,1.283,59.250,31.950,-6.450,31.4
20:19:28.885,2760564,-11.602,2.976,-1.808,0.557,0.091,0.818,59.250,31.950,-6.450,31.6
20:19:28.944,2760618,-10.592,3.450,-2.049,0.525,0.040,0.430,57.150,37.200,-11.100,31.4
20:19:29.005,2760672,-10.197,1.379,-2.181,-0.150,-0.354,0.179,57.150,37.200,-11.100,31.3
20:19:29.066,2760726,-9.778,2.933,1.477,-0.170,0.084,0.164,55.200,38.850,-10.350,31.4
20:19:29.125,2760780,-9.615,3.618,-2.152,-0.368,-0.062,0.257,55.200,38.850,-10.350,31.4
20:19:29.186,2760834,-9.562,1.250,-0.388,0.154,0.262,0.096,54.300,39.300,-10.500,31.4
20:19:29.245,2760888,-9.371,1.827,0.096,-0.579,-0.023,0.008,53.550,38.550,-9.750,31.6
20:19:29.246,2760942,-9.328,3.160,-1.061,-0.041,0.360,0.115,53.550,38.550,-9.750,31.1
20:19:29.306,2760996,-10.341,2.799,-0.045,-0.236,0.293,-0.094,54.150,38.400,-10.650,31.4
20:19:29.366,2761050,-9.321,3.261,-0.996,-0.749,0.035,-0.148,54.150,38.400,-10.650,31.3
20:19:29.424,2761104,-10.171,2.404,-0.359,0.037,0.205,-0.453,54.150,38.400,-10.650,31.4
20:19:29.486,2761158,-9.249,2.653,-1.238,-0.502,0.193,-0.594,54.150,38.400,-10.650,31.3
20:19:29.546,2761212,-9.934,2.667,-1.008,0.068,0.431,-0.595,55.050,34.800,-12.750,31.3
20:19:29.606,2761266,-11.650,1.693,-0.668,-0.551,0.249,-0.280,55.050,34.800,-12.750,31.4
20:19:29.664,2761320,-15.400,4.156,-1.535,-0.305,0.141,0.104,55.650,32.550,-12.600,31.3
20:19:29.724,2761374,-15.577,6.172,-0.771,-0.213,-0.068,0.210,55.650,32.550,-12.600,31.3
20:19:29.784,2761428,-12.716,2.682,-0.321,-0.434,-0.220,0.076,55.650,32.550,-12.600,31.2
20:19:29.785,2761482,-12.115,3.464,-1.657,-0.533,-0.131,0.124,55.950,33.750,-12.900,31.4
20:19:29.846,2761536,-12.198,1.437,-0.977,-0.321,-0.070,0.017,55.950,33.750,-12.900,31.4
20:19:29.906,2761590,-10.611,-0.232,-0.998,-0.742,-0.378,0.063,57.000,33.150,-9.450,31.4
20:19:29.966,2761644,-9.977,2.377,-2.174,0.237,0.124,-0.349,57.000,33.150,-9.450,31.4
20:19:30.024,2761698,-9.050,0.294,-1.401,-0.429,0.160,-0.403,57.750,31.650,-7.950,31.4
20:19:30.085,2761752,-7.714,0.848,-1.585,-0.597,0.234,-0.644,57.750,31.650,-7.950,31.4
20:19:30.145,2761806,-8.571,1.025,0.510,0.627,0.709,-1.379,59.400,31.500,-6.000,31.4
20:19:30.206,2761860,-6.254,-0.342,-0.716,-0.655,0.015,-0.900,59.400,31.500,-6.000,31.3
20:19:30.264,2761914,-7.075,1.195,-1.626,-0.242,-0.088,-1.057,61.950,24.450,-7.050,31.3
20:19:30.325,2761968,-8.839,1.101,-0.788,0.252,-0.055,-1.497,61.950,24.450,-7.050,31.4
20:19:30.325,2762022,-7.250,-1.319,-2.552,0.700,0.057,-1.940,62.100,19.200,-5.850,31.4
20:19:30.384,2762076,-6.986,-4.125,-1.856,3.259,0.338,-1.928,64.200,8.700,-5.250,31.5
20:19:30.445,2762130,-7.147,5.466,0.022,0.842,0.042,-0.082,64.200,8.700,-5.250,31.5
20:19:30.506,2762184,-5.866,-2.011,-1.844,-0.775,0.293,1.837,64.200,8.700,-5.250,31.3
20:19:30.566,2762238,-5.440,0.194,-0.340,0.095,0.485,2.467,64.200,8.700,-5.250,31.5
20:19:30.626,2762292,-8.157,0.062,-2.401,-0.333,0.001,1.964,62.400,22.950,-8.850,31.4
20:19:30.684,2762346,-9.718,0.120,-2.073,-0.269,-0.352,1.441,62.400,22.950,-8.850,31.1
20:19:30.746,2762400,-10.202,2.210,-1.080,0.881,0.223,1.335,59.400,31.050,-11.100,31.1
20:19:30.804,2762454,-9.562,1.760,-1.271,0.021,0.055,1.102,59.400,31.050,-11.100,31.3
20:19:30.865,2762508,-9.129,3.096,-2.619,0.317,-0.080,0.946,59.400,31.050,-11.100,31.6
20:19:30.866,2762562,-9.632,2.550,-1.437,0.418,-0.058,0.650,59.400,31.050,-11.100,31.4
20:19:30.925,2762616,-10.202,3.081,-1.686,0.074,-0.317,0.307,53.250,41.250,-11.700,31.2
20:19:30.986,2762670,-10.891,5.140,-1.202,0.546,-0.014,0.070,53.250,41.250,-11.700,31.4
20:19:31.044,2762724,-10.683,1.549,-1.336,-0.519,-0.425,0.256,53.400,41.850,-11.850,31.4
20:19:31.104,2762778,-9.404,5.969,-1.197,0.493,0.107,0.127,51.750,42.900,-10.950,31.4
20:19:31.164,2762832,-9.275,3.311,-0.972,-0.395,-0.029,-0.054,51.750,42.900,-10.950,31.2
20:19:31.224,2762886,-8.882,4.159,-0.977,0.023,0.042,-0.311,51.900,43.800,-11.400,31.3
20:19:31.284,2762940,-8.566,3.464,-1.034,-0.149,0.141,-0.293,51.900,43.800,-11.400,31.2
20:19:31.346,2762994,-9.529,2.708,-0.922,-0.250,0.225,-0.509,51.300,42.450,-12.300,31.3
20:19:31.406,2763048,-9.780,3.888,-0.637,0.175,0.093,-0.609,51.300,42.450,-12.300,31.4
20:19:31.406,2763102,-10.822,2.124,-1.216,-0.100,0.181,-0.653,54.150,37.950,-12.150,31.5
20:19:31.464,2763156,-15.112,7.197,-1.185,-0.314,0.017,-0.449,54.150,37.950,-12.150,31.4
20:19:31.524,2763210,-15.182,4.132,-1.209,0.094,-0.076,0.172,54.900,35.250,-14.700,31.5
20:19:31.585,2763264,-14.451,5.899,-1.776,-0.377,-0.050,0.343,54.900,35.250,-14.700,31.4
20:19:31.646,2763318,-12.028,1.566,-1.118,-0.157,-0.141,0.447,54.900,35.250,-14.700,31.3
20:19:31.706,2763372,-10.819,4.175,-0.879,0.315,0.044,-0.052,53.550,37.500,-11.250,31.1
20:19:31.766,2763426,-9.479,0.747,-1.731,-0.322,-0.139,-0.143,53.550,37.500,-11.250,31.3
20:19:31.824,2763480,-8.818,3.836,-0.836,-0.013,0.321,-0.560,57.150,39.600,-9.300,31.4
20:19:31.886,2763534,-7.752,0.455,-2.806,-0.473,0.470,-1.083,57.150,39.600,-9.300,31.4
20:19:31.944,2763588,-7.654,-0.462,-1.465,0.246,0.526,-1.379,57.150,39.600,-9.300,31.3
20:19:31.945,2763642,-8.250,3.218,-1.791,0.325,0.424,-0.988,57.150,39.600,-9.300,31.4
20:19:32.005,2763696,-8.392,-0.223,-2.294,-0.312,0.068,-1.260,61.650,27.900,-12.150,31.4
20:19:32.064,2763750,-8.519,-1.908,0.285,0.722,0.014,-1.555,61.650,27.900,-12.150,31.4
20:19:32.126,2763804,-8.772,2.095,-0.591,1.000,-0.144,-1.902,65.700,20.250,-9.600,31.4
20:19:32.186,2763858,-5.164,-4.477,-1.355,0.903,0.242,-1.434,65.700,20.250,-9.600,31.3
20:19:32.245,2763912,-5.885,3.795,-0.139,1.470,0.121,0.495,64.050,10.800,-11.700,31.3
20:19:32.306,2763966,-4.005,0.311,-3.103,0.938,0.269,2.185,63.900,15.150,-11.100,31.3
20:19:32.364,2764020,-6.529,-0.632,-2.198,0.564,0.265,2.405,63.900,15.150,-11.100,31.2
20:19:32.486,2764074,-9.766,0.211,-1.800,-0.178,-0.247,2.014,63.600,28.500,-14.250,31.4
20:19:32.487,2764128,-7.851,1.865,-4.532,0.751,0.434,1.394,63.600,28.500,-14.250,31.4
20:19:32.487,2764182,-10.523,2.114,-2.085,0.024,0.174,0.813,60.300,37.500,-17.100,31.4
20:19:32.545,2764236,-10.973,3.038,0.017,-0.099,0.084,0.766,60.300,37.500,-17.100,31.4
20:19:32.605,2764290,-8.614,-0.534,-3.144,0.382,-0.272,0.239,56.400,39.900,-16.500,31.3
20:19:32.666,2764344,-10.123,2.732,-1.379,0.098,-0.272,-0.102,56.400,39.900,-16.500,31.3
20:19:32.724,2764398,-10.980,3.172,-1.654,0.043,-0.242,-0.212,56.400,39.900,-16.500,31.5
20:19:32.785,2764452,-11.025,1.815,-2.926,-0.408,-0.489,-0.059,56.400,39.900,-16.500,31.2
20:19:32.844,2764506,-11.078,1.633,-1.329,0.297,-0.209,-0.240,55.650,38.400,-17.700,31.4
20:19:32.905,2764560,-10.329,2.607,-1.645,-0.598,-0.257,-0.043,56.250,37.050,-15.300,31.4
20:19:32.966,2764614,-9.943,0.991,-1.207,-0.247,-0.021,-0.063,56.250,37.050,-15.300,31.4
20:19:33.025,2764668,-10.015,1.595,-0.364,-0.522,-0.066,-0.143,56.250,37.050,-15.300,31.4
20:19:33.026,2764722,-10.283,1.858,0.014,-0.335,-0.095,-0.254,56.250,37.050,-15.300,31.2
20:19:33.084,2764776,-11.219,2.155,-0.567,-0.068,-0.058,-0.222,55.200,34.950,-13.950,31.2
20:19:33.145,2764830,-13.989,4.314,-0.539,-0.044,0.184,-0.144,55.200,34.950,-13.950,31.3
20:19:33.205,2764884,-15.830,5.751,-1.080,-0.338,-0.025,0.282,57.900,33.450,-14.400,31.5
20:19:33.264,2764938,-14.760,4.159,-0.469,-0.390,0.133,0.586,57.900,33.450,-14.400,31.4
20:19:33.325,2764992,-13.091,3.859,-0.680,-0.572,0.228,0.660,54.000,35.100,-13.800,31.4
20:19:33.384,2765046,-11.389,1.566,-0.697,-0.186,0.123,0.354,54.000,35.100,-13.800,31.3
20:19:33.444,2765100,-10.190,3.335,-1.125,-0.365,0.043,-0.214,55.650,37.200,-12.600,31.5
20:19:33.506,2765154,-9.510,1.856,-1.645,-0.160,0.252,-0.413,55.650,37.200,-12.600,31.4
20:19:33.566,2765208,-9.371,1.520,-3.115,-0.789,0.125,-0.466,56.400,37.650,-11.100,31.1
20:19:33.566,2765262,-8.701,0.105,0.117,-0.491,0.143,-0.514,57.900,36.150,-9.600,31.4
20:19:33.624,2765316,-7.724,0.560,-1.970,-1.192,-0.394,-0.970,57.900,36.150,-9.600,31.6
20:19:33.684,2765370,-6.383,0.785,-0.871,-0.376,-0.174,-1.404,61.800,29.700,-6.450,31.6
20:19:33.746,2765424,-7.563,1.824,0.093,0.362,-0.047,-1.157,61.800,29.700,-6.450,31.4
20:19:33.805,2765478,-8.243,-0.251,-0.577,-0.707,-0.262,-1.543,61.800,29.700,-6.450,31.3
20:19:33.864,2765532,-7.597,-1.575,-0.991,0.859,-0.097,-2.490,61.800,29.700,-6.450,31.4
20:19:33.925,2765586,-6.103,-3.038,-0.905,1.134,-0.192,-1.608,64.650,12.450,-4.200,31.4
20:19:33.986,2765640,-6.879,4.597,-1.022,0.454,0.426,0.585,64.650,12.450,-4.200,31.4
20:19:34.046,2765694,-6.201,-2.303,-1.858,0.989,0.621,2.295,64.050,10.800,-4.650,31.3
20:19:34.104,2765748,-7.132,1.860,-0.136,-1.659,0.107,2.904,64.050,10.800,-4.650,31.3
20:19:34.105,2765802,-8.301,-2.847,-4.037,-0.664,-0.547,1.583,64.050,10.800,-4.650,31.4
20:19:34.166,2765856,-9.357,4.487,0.761,1.022,0.412,1.650,59.250,33.150,-5.850,31.4
20:19:34.226,2765910,-8.037,0.917,-2.222,-1.024,0.019,1.525,59.250,33.150,-5.850,31.4
20:19:34.285,2765964,-9.780,0.678,-3.855,-0.836,-0.148,1.183,54.900,40.350,-8.850,31.4
20:19:34.344,2766018,-12.172,3.534,-2.545,0.124,0.027,0.467,54.900,40.350,-8.850,31.3
20:19:34.404,2766072,-8.830,1.997,-2.564,0.434,0.228,0.737,53.700,41.550,-8.850,31.3
20:19:34.466,2766126,-10.154,3.496,-2.672,0.302,0.203,0.540,53.700,41.550,-8.850,31.4
20:19:34.526,2766180,-9.577,2.093,-1.032,0.403,0.171,0.395,52.500,45.600,-10.950,31.3
20:19:34.646,2766234,-9.548,6.237,-1.925,0.183,-0.149,0.023,52.500,45.600,-10.950,31.0
20:19:34.647,2766288,-9.354,3.433,-1.738,-0.052,-0.163,-0.171,51.150,46.200,-13.650,31.3
20:19:34.648,2766342,-9.445,5.873,-1.221,-0.198,0.195,-0.267,51.150,46.200,-13.650,31.4
20:19:34.706,2766396,-9.361,2.514,-1.374,-0.283,0.037,-0.165,51.600,44.550,-12.150,31.4
20:19:34.765,2766450,-9.421,5.315,-1.106,0.032,0.207,-0.179,52.650,42.300,-12.150,31.4
20:19:34.826,2766504,-9.002,2.339,-1.652,0.155,0.073,-0.180,52.650,42.300,-12.150,31.4
20:19:34.885,2766558,-9.029,3.795,-0.797,-0.215,0.003,-0.045,52.650,42.300,-12.150,31.7
20:19:34.945,2766612,-9.579,4.085,-1.211,0.214,0.031,-0.343,52.650,42.300,-12.150,31.4
20:19:35.005,2766666,-10.283,3.929,-0.438,0.160,-0.219,-0.481,52.050,40.950,-13.500,31.2
20:19:35.066,2766720,-11.600,6.347,-0.879,0.276,-0.099,-0.431,52.050,40.950,-13.500,31.6
20:19:35.126,2766774,-15.040,6.876,-0.316,0.327,-0.390,-0.066,54.450,39.150,-13.650,31.4
20:19:35.184,2766828,-13.929,5.667,-0.096,-0.058,-0.335,0.092,54.450,39.150,-13.650,31.5
20:19:35.185,2766882,-12.938,5.729,-0.596,-0.305,-0.019,-0.082,54.450,39.150,-13.650,31.4
20:19:35.245,2766936,-11.961,3.031,-0.749,-0.195,-0.018,0.099,54.450,39.150,-13.650,31.3
20:19:35.304,2766990,-10.898,2.514,-0.359,0.357,0.076,-0.475,54.150,39.600,-8.850,31.3
20:19:35.366,2767044,-8.756,3.146,-1.164,0.197,0.306,-0.613,56.250,38.250,-6.900,31.3
20:19:35.424,2767098,-8.164,0.740,-1.077,-0.484,0.559,-0.727,56.250,38.250,-6.900,31.4
20:19:35.485,2767152,-8.006,2.116,-0.785,-1.046,0.395,-0.736,56.250,38.250,-6.900,31.2
20:19:35.545,2767206,-8.200,1.202,-0.182,0.023,0.459,-1.195,56.250,38.250,-6.900,31.4
20:19:35.605,2767260,-5.818,-0.206,-1.733,-0.728,-0.439,-1.277,61.200,28.800,-10.050,31.4
20:19:35.666,2767314,-8.581,2.344,-0.804,1.174,0.160,-1.414,61.200,28.800,-10.050,31.4
20:19:35.725,2767368,-7.254,-0.809,-1.628,-0.678,-0.371,-0.864,63.300,22.800,-6.900,31.3
20:19:35.726,2767422,-8.322,-1.362,-1.269,0.485,-0.331,-1.166,63.300,22.800,-6.900,31.2
20:19:35.786,2767476,-10.374,1.535,-1.705,0.992,-0.169,-1.908,63.300,15.000,-5.850,31.3
20:19:35.844,2767530,-5.571,-5.255,-1.657,-0.727,-0.503,-2.895,63.300,15.000,-5.850,31.5
20:19:35.905,2767584,-7.980,0.309,0.587,2.678,0.532,0.267,63.300,2.700,-5.850,31.3
20:19:35.965,2767638,-7.096,-0.436,-1.927,-1.080,0.097,1.358,63.300,2.700,-5.850,31.2
20:19:36.025,2767692,-6.462,-5.246,-1.726,0.637,0.739,2.001,63.300,5.700,-3.600,31.3
20:19:36.084,2767746,-8.088,-0.745,-0.656,-0.963,0.557,1.752,64.350,14.250,-7.950,31.2
20:19:36.144,2767800,-8.487,-1.185,-2.792,0.066,0.627,1.718,64.350,14.250,-7.950,31.2
20:19:36.206,2767854,-8.325,-1.982,-1.396,-0.956,-0.133,1.711,63.900,22.950,-11.850,31.3
20:19:36.265,2767908,-8.080,1.219,-3.713,1.372,0.333,1.407,63.900,22.950,-11.850,31.4
20:19:36.266,2767962,-10.175,-0.651,-2.605,-0.312,-0.269,1.169,63.900,22.950,-11.850,31.4
20:19:36.326,2768016,-9.713,4.369,-0.402,0.395,0.069,1.376,63.900,22.950,-11.850,31.4
20:19:36.385,2768070,-9.076,1.027,-2.914,0.094,-0.260,0.992,58.650,37.200,-11.850,31.3
20:19:36.444,2768124,-10.439,6.625,0.541,0.388,0.354,0.237,58.650,37.200,-11.850,31.1
20:19:36.506,2768178,-9.100,1.305,-1.422,-0.145,-0.002,0.030,56.400,41.100,-13.950,31.3
20:19:36.565,2768232,-9.747,3.991,-1.618,0.262,0.166,-0.020,56.400,41.100,-13.950,31.3
20:19:36.625,2768286,-10.420,1.978,-2.023,0.230,0.086,0.027,56.400,41.100,-13.950,31.2
20:19:36.686,2768340,-10.429,2.842,-1.192,-0.383,-0.254,0.010,53.100,40.350,-14.400,31.4
20:19:36.745,2768394,-9.419,4.111,-1.228,0.353,0.034,-0.207,53.100,40.350,-14.400,31.6
20:19:36.866,2768448,-10.666,2.844,-1.334,0.029,0.082,-0.022,53.700,37.950,-15.450,31.7
20:19:36.866,2768502,-10.333,4.096,-1.482,-0.164,-0.001,-0.006,53.700,37.950,-15.450,31.4
20:19:36.867,2768556,-9.761,2.519,-0.675,0.065,-0.157,-0.110,53.700,37.950,-15.450,31.2
20:19:36.924,2768610,-9.732,3.608,-1.446,-0.164,-0.177,-0.200,53.700,37.950,-15.450,31.3
20:19:36.984,2768664,-11.389,4.717,-0.893,0.019,0.167,-0.225,54.750,37.800,-13.500,31.3
20:19:37.045,2768718,-14.365,5.847,-1.973,-0.455,-0.071,0.278,54.750,37.800,-13.500,31.4
20:19:37.106,2768772,-14.724,6.316,-1.602,-0.175,0.120,0.651,54.150,38.400,-14.700,31.4
20:19:37.164,2768826,-12.610,4.650,-1.106,-0.503,-0.099,0.618,54.150,38.400,-14.700,31.4
20:19:37.226,2768880,-10.738,3.745,-1.008,-0.543,-0.173,0.443,51.600,40.650,-13.200,31.2
20:19:37.285,2768934,-9.436,3.077,-1.089,-0.176,0.137,-0.052,53.550,40.950,-11.250,31.6
20:19:37.344,2768988,-8.121,1.865,-1.942,-0.646,0.034,0.049,53.550,40.950,-11.250,31.3
20:19:37.345,2769042,-8.267,2.389,-0.536,0.490,0.550,-0.458,53.550,40.950,-11.250,31.3
20:19:37.405,2769096,-9.155,3.457,-0.860,-0.954,0.324,-0.333,53.550,40.950,-11.250,31.2
20:19:37.465,2769150,-9.179,2.725,-0.915,-0.327,0.341,-0.754,55.650,41.850,-10.050,31.3
20:19:37.526,2769204,-7.702,2.497,-1.788,-0.195,-0.066,-1.261,55.650,41.850,-10.050,31.4
20:19:37.585,2769258,-7.748,3.646,-1.987,-0.048,0.165,-1.319,57.750,37.800,-8.700,31.4
20:19:37.644,2769312,-6.792,0.357,-0.575,-0.515,0.037,-1.158,57.750,37.800,-8.700,31.2
20:19:37.704,2769366,-7.736,2.251,-1.087,-0.176,0.149,-1.164,57.750,37.800,-8.700,31.3
20:19:37.764,2769420,-8.028,0.034,-1.281,0.011,0.051,-0.908,57.750,37.800,-8.700,31.4
20:19:37.824,2769474,-9.809,0.737,-1.836,0.550,0.123,-1.212,61.950,23.700,-9.300,31.3
20:19:37.884,2769528,-8.904,-1.889,-2.286,-0.495,-0.073,-1.013,63.150,18.750,-8.100,31.1
20:19:37.885,2769582,-7.642,-2.289,-4.695,1.307,0.232,-0.883,63.150,18.750,-8.100,31.2
20:19:37.944,2769636,-5.476,-0.517,-0.800,0.773,-0.127,1.021,63.150,18.750,-8.100,31.3
20:19:38.006,2769690,-4.027,1.166,-3.620,-0.478,-0.523,2.993,63.150,18.750,-8.100,31.5
20:19:38.066,2769744,-9.598,4.946,-0.144,0.347,0.036,1.766,61.200,27.600,-9.600,31.3
20:19:38.125,2769798,-6.606,-0.393,-0.718,0.612,-0.317,2.406,61.200,27.600,-9.600,31.3
20:19:38.185,2769852,-8.028,2.430,-2.636,-0.442,-0.774,1.587,56.400,37.950,-7.050,31.4
20:19:38.305,2769906,-7.992,2.701,-2.674,0.894,-0.349,1.355,56.400,37.950,-7.050,31.3
20:19:38.306,2769960,-9.833,3.287,-2.363,0.670,-0.203,0.185,52.800,44.850,-6.450,31.4
20:19:38.366,2770014,-7.460,0.656,-1.980,1.613,-0.126,0.615,52.800,44.850,-6.450,31.1
20:19:38.425,2770068,-10.252,6.428,0.093,-0.075,-0.124,0.029,49.350,47.700,-8.850,31.3
20:19:38.426,2770122,-10.412,5.782,-0.725,0.590,0.321,-0.084,49.350,47.700,-8.850,31.6
20:19:38.486,2770176,-10.455,5.205,-0.998,-0.258,0.247,-0.450,49.650,48.900,-10.050,31.3
20:19:38.546,2770230,-9.433,2.523,-0.577,-0.503,0.134,-0.469,51.150,45.750,-10.350,31.5
20:19:38.604,2770284,-9.991,6.706,-1.041,0.048,0.231,-0.359,51.150,45.750,-10.350,31.6
20:19:38.665,2770338,-9.251,1.654,-0.927,-0.310,-0.020,-0.387,50.100,41.850,-12.150,31.3
20:19:38.726,2770392,-9.792,5.308,-0.599,-0.390,-0.086,-0.422,50.100,41.850,-12.150,31.4
20:19:38.785,2770446,-9.469,2.933,-1.178,0.162,-0.132,-0.888,50.100,41.850,-12.150,31.2
20:19:38.844,2770500,-9.979,3.369,0.232,-0.402,-0.157,-0.719,50.100,41.850,-12.150,31.2
20:19:38.906,2770554,-10.183,2.789,-0.457,0.056,0.100,-0.790,53.550,35.850,-10.500,31.5
20:19:38.964,2770608,-11.882,2.610,-0.338,-0.263,0.115,-0.525,53.550,35.850,-10.500,31.4
20:19:38.965,2770662,-14.181,5.095,-0.261,-0.196,0.266,-0.266,54.900,33.000,-10.050,31.4
20:19:39.024,2770716,-15.486,4.362,-0.620,-0.518,-0.003,0.415,54.900,33.000,-10.050,31.4
20:19:39.085,2770770,-13.388,4.987,-0.405,-0.233,0.148,0.439,54.900,33.000,-10.050,31.3
20:19:39.146,2770824,-11.404,1.003,-0.560,-0.197,0.199,0.487,55.500,34.350,-9.450,31.3
20:19:39.206,2770878,-10.898,3.326,-0.424,0.119,0.253,0.097,55.500,34.350,-9.450,31.4
20:19:39.265,2770932,-8.643,2.844,-1.056,0.011,0.269,-0.454,56.250,36.300,-8.400,31.2
20:19:39.325,2770986,-7.915,0.338,-1.063,-0.457,0.152,-0.492,56.250,36.300,-8.400,31.2
20:19:39.384,2771040,-9.392,2.083,-2.576,0.811,0.881,-0.879,57.750,34.350,-8.400,31.6
20:19:39.444,2771094,-7.554,0.800,-2.579,-1.050,0.576,-0.952,57.750,34.350,-8.400,31.5
20:19:39.506,2771148,-6.433,-1.209,-2.576,-0.564,0.513,-1.051,61.050,28.950,-11.250,31.3
20:19:39.506,2771202,-6.565,1.393,-1.762,-0.417,0.180,-1.073,61.050,28.950,-11.250,31.4
20:19:39.564,2771256,-5.559,-2.547,-1.844,-0.091,-0.594,-1.150,61.050,28.950,-11.250,31.3
20:19:39.624,2771310,-8.557,2.995,-0.587,0.580,-0.050,-0.897,61.050,28.950,-11.250,31.3
20:19:39.685,2771364,-7.101,-2.425,-5.473,-0.509,-0.259,-2.625,63.900,17.850,-11.400,31.4
20:19:39.745,2771418,-6.438,-4.846,-1.451,3.390,0.616,-0.736,65.550,6.150,-9.450,31.1
20:19:39.806,2771472,-6.972,5.013,-2.234,0.118,0.243,0.981,65.550,6.150,-9.450,31.3
20:19:39.866,2771526,-5.277,-4.190,-2.205,0.576,-0.021,2.261,65.550,6.150,-9.450,31.4
20:19:39.925,2771580,-6.893,4.530,-3.038,-0.357,0.128,2.682,65.550,6.150,-9.450,31.3
20:19:39.986,2771634,-8.789,-3.105,-1.779,-0.786,-0.584,1.348,63.900,26.100,-12.900,31.4
20:19:40.046,2771688,-8.564,2.801,-3.010,-0.141,-0.636,1.274,63.900,26.100,-12.900,31.4
20:19:40.046,2771742,-9.110,0.915,-3.809,0.381,-0.489,0.577,59.550,32.850,-9.750,31.4
20:19:40.104,2771796,-9.431,1.595,1.520,1.729,0.031,0.042,59.550,32.850,-9.750,31.5
20:19:40.166,2771850,-7.372,-3.110,-1.233,-0.244,-1.000,0.618,59.550,32.850,-9.750,31.3
20:19:40.226,2771904,-9.213,0.649,-1.599,3.414,0.486,0.621,59.550,32.850,-9.750,31.1
20:19:40.285,2771958,-10.594,2.763,0.678,0.903,-0.257,0.858,56.250,36.600,-10.950,31.2
20:19:40.345,2772012,-9.651,6.859,-5.152,-1.877,-0.236,0.006,55.650,39.150,-15.900,31.3
20:19:40.404,2772066,-9.565,-4.484,-0.069,2.426,0.765,-0.122,55.650,39.150,-15.900,31.2
20:19:40.464,2772120,-12.795,7.901,-2.502,-0.017,-0.134,0.009,56.550,38.250,-17.550,31.5
20:19:40.526,2772174,-9.826,-0.105,-0.792,-0.407,0.306,-0.188,56.550,38.250,-17.550,31.3
20:19:40.585,2772228,-11.023,3.393,-1.621,-0.367,0.166,-0.144,55.950,37.200,-17.250,31.4
20:19:40.645,2772282,-9.716,1.142,-2.667,-0.718,0.072,-0.230,55.950,37.200,-17.250,31.4
20:19:40.646,2772336,-10.147,1.844,-0.814,-0.109,0.085,-0.105,55.950,37.200,-17.250,31.4
20:19:40.705,2772390,-9.560,2.557,-0.886,-0.170,-0.205,-0.198,55.950,37.200,-17.250,31.2
20:19:40.765,2772444,-9.057,1.578,-0.934,-0.496,-0.301,-0.254,54.900,35.700,-17.700,31.4
20:19:40.826,2772498,-10.891,3.428,-1.779,-0.458,-0.102,-0.241,54.900,35.700,-17.700,31.3
20:19:40.885,2772552,-12.663,3.479,-1.269,-0.492,0.132,-0.178,56.550,33.900,-14.550,31.4
20:19:40.944,2772606,-17.490,5.612,-0.192,-0.195,-0.021,0.262,56.550,33.900,-14.550,31.3
20:19:41.006,2772660,-15.534,5.624,-0.294,-0.789,-0.238,0.445,56.550,33.900,-14.550,31.2
20:19:41.064,2772714,-12.419,2.634,-1.128,-0.391,-0.036,0.548,55.650,35.700,-12.600,31.3
20:19:41.124,2772768,-11.519,1.863,-1.116,-0.163,0.023,0.450,55.650,35.700,-12.600,31.4
20:19:41.125,2772822,-10.271,1.120,-0.299,0.218,0.187,-0.021,55.500,39.750,-9.000,31.3
20:19:41.186,2772876,-8.619,1.662,-2.298,-0.681,0.139,-0.244,55.500,39.750,-9.000,31.3
20:19:41.245,2772930,-7.855,2.205,-1.085,-0.118,0.808,-0.801,55.500,39.750,-9.000,31.3
20:19:41.305,2772984,-8.959,0.898,-2.325,-1.251,0.231,-0.815,55.500,39.750,-9.000,31.3
20:19:41.364,2773038,-7.415,0.630,-0.426,-0.166,0.472,-1.401,59.700,34.500,-10.050,31.4
20:19:41.425,2773092,-6.632,-0.419,-1.810,-0.892,-0.136,-1.161,59.700,34.500,-10.050,31.4
20:19:41.486,2773146,-6.812,1.238,-2.421,0.992,0.234,-1.378,62.700,27.600,-8.850,31.4
20:19:41.545,2773200,-6.814,-0.520,-1.456,-0.489,-0.404,-0.634,62.700,27.600,-8.850,31.4
20:19:41.604,2773254,-9.258,0.271,-0.642,0.639,0.035,-0.986,62.400,21.750,-7.350,31.3
20:19:41.666,2773308,-9.208,-1.654,-0.316,0.385,0.076,-2.093,64.050,16.200,-6.150,31.3
20:19:41.666,2773362,-5.622,-6.823,-2.593,1.323,0.766,-2.003,64.050,16.200,-6.150,31.3
20:19:41.726,2773416,-8.566,5.643,-3.347,1.843,0.672,0.887,66.000,9.750,-10.050,31.4
20:19:41.784,2773470,-8.420,0.606,-3.658,-0.715,0.297,1.419,66.000,9.750,-10.050,31.3
20:19:41.844,2773524,-7.956,-4.096,-4.152,-0.019,-0.084,1.260,63.600,15.450,-12.000,31.3
20:19:41.906,2773578,-7.887,5.495,-2.691,1.286,0.216,1.617,63.600,15.450,-12.000,31.4
20:19:41.964,2773632,-6.292,-2.358,-2.677,-0.253,-0.195,1.535,64.200,25.200,-12.150,31.4
20:19:42.024,2773686,-7.626,2.423,-2.523,0.284,-0.194,1.591,64.200,25.200,-12.150,31.3
20:19:42.085,2773740,-8.696,1.963,-4.310,0.632,-0.167,0.908,64.200,25.200,-12.150,31.4
20:19:42.144,2773794,-11.523,2.928,2.461,-0.645,-0.195,0.611,64.200,25.200,-12.150,31.0
20:19:42.206,2773848,-9.979,2.837,-4.104,-0.675,-0.712,0.425,57.150,37.650,-11.100,31.1
20:19:42.206,2773902,-10.673,1.592,-0.948,0.445,-0.061,0.111,55.050,40.950,-9.750,31.6
20:19:42.266,2773956,-10.877,3.718,-0.651,-0.974,-0.057,-0.090,55.050,40.950,-9.750,31.6
20:19:42.326,2774010,-10.460,2.071,-0.496,0.144,0.812,-0.026,55.050,40.950,-9.750,31.0
20:19:42.385,2774064,-9.871,1.180,-1.935,-1.045,0.324,-0.074,55.050,40.950,-9.750,31.5
20:19:42.446,2774118,-9.373,4.599,0.769,0.573,0.758,-0.039,57.000,36.600,-12.750,31.3
20:19:42.506,2774172,-8.899,1.444,-1.714,-0.374,0.162,-0.122,57.000,36.600,-12.750,31.3
20:19:42.566,2774226,-10.135,3.596,-1.439,0.258,0.370,-0.385,56.550,37.800,-14.550,31.4
20:19:42.625,2774280,-9.962,3.191,-2.248,-0.823,0.244,-0.157,56.550,37.800,-14.550,31.2
20:19:42.684,2774334,-10.204,2.291,-1.626,-0.189,0.437,-0.236,55.500,36.300,-16.050,30.9
20:19:42.745,2774388,-9.486,1.472,-2.404,-0.766,0.123,-0.253,55.500,36.300,-16.050,31.4
20:19:42.746,2774442,-9.021,1.583,-1.755,-0.315,0.133,-0.048,56.400,34.500,-17.700,31.4
20:19:42.806,2774496,-9.572,1.937,-2.617,0.117,0.226,0.059,56.400,34.500,-17.700,31.5
20:19:42.866,2774550,-9.826,2.260,-1.575,-0.431,-0.283,-0.163,56.400,34.500,-17.700,31.4
20:19:42.925,2774604,-12.196,5.902,-1.592,0.457,0.235,-0.025,55.800,32.400,-18.600,31.4
20:19:43.045,2774658,-14.842,2.983,-1.432,-0.296,-0.507,0.149,55.800,32.400,-18.600,31.3
20:19:43.046,2774712,-16.175,7.247,-2.468,-0.345,-0.578,0.668,55.950,33.750,-15.150,31.6
20:19:43.105,2774766,-13.173,2.660,-0.931,-0.161,-0.595,0.534,55.950,33.750,-15.150,31.2
20:19:43.165,2774820,-11.040,3.357,-1.183,0.101,-0.456,0.318,55.950,33.750,-15.150,31.1
20:19:43.284,2774874,-10.879,1.788,-1.374,-0.410,-0.007,0.089,55.950,33.750,-15.150,31.3
20:19:43.285,2774928,-11.298,4.980,-1.271,-0.908,0.310,-0.388,55.050,39.000,-7.650,31.4
20:19:43.287,2774982,-7.906,2.959,-0.757,-0.703,0.415,-0.793,55.050,39.000,-7.650,31.6
20:19:43.344,2775036,-7.128,-1.882,-1.391,-0.876,-0.049,-1.326,57.150,36.450,-4.800,31.2
20:19:43.405,2775090,-5.873,0.323,0.335,1.099,0.197,-1.650,57.150,36.450,-4.800,31.4
20:19:43.465,2775144,-5.636,3.189,-0.017,0.895,-0.026,-1.836,57.150,36.450,-4.800,31.5
20:19:43.526,2775198,-7.321,0.871,-3.270,0.180,-0.058,-1.948,64.050,20.100,-5.850,31.3
20:19:43.584,2775252,-7.432,-0.539,-0.201,0.152,-0.010,-1.309,64.050,20.100,-5.850,31.4
20:19:43.645,2775306,-9.395,1.551,-0.771,0.309,0.147,-1.354,62.700,12.150,-7.050,31.2
20:19:43.705,2775360,-7.063,-7.312,-1.724,1.447,0.118,-1.814,62.700,12.150,-7.050,31.3
20:19:43.765,2775414,-9.333,6.330,-2.468,1.140,0.417,1.455,65.700,4.050,-7.050,31.4
20:19:43.826,2775468,-5.820,-2.885,-3.084,0.403,0.307,2.273,65.700,4.050,-7.050,31.5
20:19:43.826,2775522,-5.957,1.736,0.735,-1.317,0.013,2.977,65.100,14.250,-7.200,31.3
20:19:43.886,2775576,-9.067,0.986,-4.774,-0.536,-0.126,1.911,65.100,14.250,-7.200,31.5
20:19:43.946,2775630,-8.765,2.828,-1.233,0.990,0.086,1.433,65.100,14.250,-7.200,31.2
20:19:44.006,2775684,-8.483,2.662,-0.182,-0.649,-0.310,1.856,65.100,14.250,-7.200,31.4
20:19:44.064,2775738,-9.797,4.769,-0.776,-0.743,-0.247,0.927,59.400,36.150,-7.350,31.3
20:19:44.125,2775792,-8.059,2.085,-1.051,1.338,0.309,0.659,55.200,41.100,-8.850,31.4
20:19:44.185,2775846,-10.101,6.179,-0.989,-0.577,0.042,0.316,55.200,41.100,-8.850,31.4
20:19:44.244,2775900,-8.535,-0.175,-1.750,0.894,0.211,0.176,55.200,41.100,-8.850,31.4
20:19:44.306,2775954,-10.628,3.790,-3.285,-1.365,-0.473,-0.009,55.200,41.100,-8.850,31.4
20:19:44.366,2776008,-9.495,5.045,-0.713,0.770,0.445,-0.009,53.550,42.900,-12.750,31.3
20:19:44.366,2776062,-10.185,2.236,-2.332,-0.234,-0.038,-0.200,53.550,42.900,-12.750,31.4
20:19:44.425,2776116,-10.269,5.114,-1.314,-0.554,-0.022,-0.351,54.150,41.850,-13.200,31.3
20:19:44.485,2776170,-9.383,3.515,-1.274,-0.039,-0.143,-0.367,54.150,41.850,-13.200,31.4
20:19:44.544,2776224,-9.419,3.582,-1.776,-0.270,-0.002,-0.406,54.150,41.850,-13.200,31.3
20:19:44.605,2776278,-10.321,2.545,-1.130,-0.244,-0.230,-0.397,54.150,41.850,-13.200,31.4
20:19:44.665,2776332,-9.409,3.041,-1.276,-0.052,-0.220,-0.393,55.500,37.050,-11.700,31.4
20:19:44.724,2776386,-9.299,2.241,-0.474,-0.018,-0.193,-0.366,54.900,32.550,-9.300,31.5
20:19:44.785,2776440,-9.402,2.456,-0.563,0.006,-0.205,-0.430,54.900,32.550,-9.300,31.2
20:19:44.845,2776494,-10.977,2.907,-0.601,0.107,0.193,-0.429,55.650,32.250,-11.100,31.2
20:19:44.904,2776548,-15.874,3.663,-1.556,-0.533,-0.055,-0.012,55.650,32.250,-11.100,31.5
20:19:44.905,2776602,-17.607,6.847,-0.192,-0.122,-0.135,0.450,56.400,32.250,-10.650,31.6
20:19:44.966,2776656,-13.166,2.449,-0.764,0.164,-0.142,0.607,56.400,32.250,-10.650,31.2
20:19:45.025,2776710,-10.594,2.775,-0.733,0.088,0.058,0.520,55.800,35.850,-8.700,31.1
20:19:45.085,2776764,-9.828,1.628,-0.804,-0.375,0.032,-0.051,55.800,35.850,-8.700,31.3
20:19:45.144,2776818,-9.103,1.765,-1.142,-0.310,0.038,-0.362,56.250,35.550,-6.900,31.2
20:19:45.206,2776872,-9.783,3.187,-1.398,-0.359,0.279,-0.764,56.250,35.550,-6.900,31.3
20:19:45.265,2776926,-9.620,-0.757,-2.351,0.076,0.354,-1.394,58.650,34.950,-6.750,31.4
20:19:45.325,2776980,-7.403,0.824,-1.178,0.353,-0.126,-1.013,58.650,34.950,-6.750,31.4
20:19:45.384,2777034,-6.158,2.018,-0.314,0.691,0.121,-1.337,58.650,34.950,-6.750,31.6
20:19:45.444,2777088,-5.962,-0.024,-0.931,-0.809,-0.071,-1.057,61.950,23.250,-6.000,31.4
20:19:45.445,2777142,-7.875,-0.316,0.096,0.632,0.179,-1.153,61.950,23.250,-6.000,31.2
20:19:45.506,2777196,-10.599,1.860,-0.797,0.752,0.229,-1.979,63.450,15.150,-6.750,31.2
20:19:45.564,2777250,-6.606,-6.112,-1.987,1.721,-0.005,-2.514,63.450,15.150,-6.750,31.4
20:19:45.626,2777304,-6.285,3.910,-1.104,2.806,0.769,0.050,63.450,15.150,-6.750,31.4
20:19:45.684,2777358,-8.384,0.709,-3.692,-0.812,0.436,0.976,63.450,15.150,-6.750,31.4
20:19:45.744,2777412,-5.495,-2.823,-3.273,0.425,0.427,2.520,63.150,10.500,-9.300,31.3
20:19:45.804,2777466,-7.077,-1.571,-0.931,-1.515,-0.052,2.300,63.150,10.500,-9.300,31.3
20:19:45.865,2777520,-8.878,1.319,-2.816,-0.524,0.091,2.036,65.400,23.250,-10.350,31.4
20:19:45.986,2777574,-9.862,-1.690,-3.603,-0.461,-0.300,1.122,59.850,31.950,-10.200,31.4
20:19:45.987,2777628,-11.095,5.279,-1.618,0.289,0.124,0.919,59.850,31.950,-10.200,31.2
20:19:45.987,2777682,-9.764,1.166,-2.964,0.839,0.241,0.570,58.050,36.300,-10.500,31.4
20:19:46.046,2777736,-8.866,2.119,-0.146,-1.383,-0.041,0.539,58.050,36.300,-10.500,31.4
20:19:46.104,2777790,-9.450,3.134,-4.264,0.272,0.563,0.256,57.450,37.650,-13.200,31.2
20:19:46.165,2777844,-9.160,1.393,-2.370,-0.615,0.208,0.363,57.450,37.650,-13.200,31.4
20:19:46.224,2777898,-9.371,1.525,-3.486,-0.493,-0.107,0.416,55.200,37.950,-14.400,31.4
20:19:46.286,2777952,-10.204,4.022,-1.063,-0.452,-0.291,0.224,55.200,37.950,-14.400,31.4
20:19:46.346,2778006,-8.916,3.519,-2.689,-0.124,-0.240,0.244,53.100,40.350,-13.200,31.4
20:19:46.406,2778060,-9.878,3.910,-1.101,-0.060,-0.199,0.023,53.100,40.350,-13.200,31.3
20:19:46.466,2778114,-8.859,4.065,-2.037,-0.027,-0.122,-0.056,53.100,40.350,-13.200,31.1
20:19:46.526,2778168,-9.309,2.095,-1.142,-0.312,-0.185,-0.006,53.100,40.350,-13.200,31.3
20:19:46.526,2778222,-10.199,4.657,-0.771,-0.156,-0.025,0.130,54.450,39.150,-9.600,31.3
20:19:46.584,2778276,-9.855,3.788,-1.954,0.311,0.045,-0.074,52.050,40.200,-11.700,31.3
20:19:46.646,2778330,-9.984,5.028,-0.426,-0.235,-0.272,-0.197,52.050,40.200,-11.700,31.4
20:19:46.705,2778384,-9.088,3.960,-0.958,0.390,-0.110,-0.554,52.050,40.200,-11.700,31.3
20:19:46.764,2778438,-8.667,2.325,-1.168,0.192,-0.294,-0.756,52.050,40.200,-11.700,31.3
20:19:46.825,2778492,-10.106,3.163,-1.137,-0.168,-0.237,-0.622,54.900,36.900,-10.350,31.5
20:19:46.886,2778546,-15.316,5.612,-0.891,-0.021,0.000,-0.311,54.900,36.900,-10.350,31.4
20:19:46.945,2778600,-15.933,4.640,-1.542,0.165,-0.200,0.119,55.050,32.850,-12.000,31.1
20:19:47.006,2778654,-12.397,3.469,-0.151,-0.139,-0.199,0.407,55.050,32.850,-12.000,31.4
20:19:47.064,2778708,-10.606,3.074,-0.941,0.187,-0.019,0.259,55.200,35.250,-11.400,31.3
20:19:47.065,2778762,-9.376,1.542,-0.936,0.061,-0.092,-0.146,55.200,35.250,-11.400,31.2
20:19:47.124,2778816,-9.541,2.753,-1.350,0.166,0.222,-0.194,56.250,37.800,-8.700,31.3
20:19:47.186,2778870,-9.608,1.410,-0.860,-0.030,0.396,-0.372,58.200,36.150,-10.650,31.5
20:19:47.245,2778924,-8.875,2.002,-2.452,-0.284,0.448,-0.547,58.200,36.150,-10.650,31.2
20:19:47.306,2778978,-8.056,0.893,-1.571,-0.611,0.249,-0.739,59.850,31.650,-10.950,31.4
20:19:47.366,2779032,-8.207,1.793,-1.477,0.144,0.468,-1.063,59.850,31.650,-10.950,31.2
20:19:47.426,2779086,-7.879,-0.824,-2.947,-0.033,0.075,-1.057,61.350,26.550,-10.950,31.0
20:19:47.484,2779140,-8.332,-0.462,-1.257,0.548,-0.155,-1.151,61.350,26.550,-10.950,31.4
20:19:47.545,2779194,-7.594,0.268,-0.970,0.878,-0.018,-1.094,61.350,26.550,-10.950,31.4
20:19:47.605,2779248,-9.550,2.081,-1.544,0.547,-0.253,-1.656,61.350,26.550,-10.950,31.4
20:19:47.606,2779302,-5.866,-4.446,-3.201,0.623,-0.189,-2.363,63.450,15.150,-9.600,31.3
20:19:47.665,2779356,-5.875,4.932,-0.713,2.831,0.357,-0.161,63.450,15.150,-9.600,31.3
20:19:47.726,2779410,-5.076,-0.122,-3.488,0.053,0.124,2.146,63.300,6.450,-8.700,31.2
20:19:47.784,2779464,-4.379,1.164,-1.472,-1.009,0.623,3.194,63.300,6.450,-8.700,31.5
20:19:47.845,2779518,-7.702,-2.547,-2.844,-1.599,-0.340,2.304,63.300,6.450,-8.700,31.1
20:19:47.905,2779572,-10.058,3.227,-0.661,0.399,0.310,1.351,60.900,32.250,-10.650,31.2
20:19:47.965,2779626,-10.168,4.032,-0.366,-0.100,-0.078,0.828,60.900,32.250,-10.650,31.4
20:19:48.024,2779680,-8.061,0.958,-1.709,0.120,0.112,1.035,57.750,37.500,-12.000,31.4
20:19:48.084,2779734,-9.431,2.749,-4.204,0.018,0.051,0.693,57.750,37.500,-12.000,31.2
20:19:48.144,2779788,-10.963,4.020,-0.546,0.081,0.389,0.175,54.450,39.150,-12.150,31.3
20:19:48.145,2779842,-9.811,3.529,-2.387,0.199,0.207,0.059,54.450,39.150,-12.150,31.3
20:19:48.204,2779896,-9.768,2.911,-1.547,0.531,0.083,0.016,54.900,41.850,-13.200,31.4
20:19:48.264,2779950,-9.852,3.189,-2.559,-0.197,-0.071,0.229,54.900,41.850,-13.200,31.4
20:19:48.324,2780004,-10.051,3.917,-1.745,-0.134,-0.135,-0.063,54.900,41.850,-13.200,31.3
20:19:48.384,2780058,-9.088,2.306,-2.207,-0.719,-0.289,-0.066,54.300,40.500,-14.550,31.2
20:19:48.444,2780112,-9.249,5.770,-0.582,0.315,0.105,-0.250,54.300,40.500,-14.550,31.2
20:19:48.504,2780166,-8.966,2.995,-1.176,-0.533,-0.239,0.090,54.750,41.700,-13.800,31.5
20:19:48.564,2780220,-9.498,1.077,-1.255,0.484,0.411,-0.192,54.750,41.700,-13.800,31.6
20:19:48.624,2780274,-10.020,5.464,-1.607,-1.106,0.226,-0.251,54.750,41.700,-13.800,31.1
20:19:48.684,2780328,-8.899,1.729,-1.662,0.487,0.435,-0.542,54.750,41.700,-13.800,31.4
20:19:48.685,2780382,-9.086,2.928,-0.824,-0.215,-0.122,-0.488,55.050,36.600,-16.350,31.2
20:19:48.746,2780436,-9.330,1.851,-1.666,0.407,0.133,-0.716,55.050,36.600,-16.350,31.4
20:19:48.805,2780490,-15.402,5.511,-2.444,-0.278,0.333,-0.535,55.950,34.200,-17.700,31.4
20:19:48.864,2780544,-17.171,4.053,-2.447,-0.200,0.027,-0.001,55.950,34.200,-17.700,31.2
20:19:48.925,2780598,-15.141,4.029,-2.543,-0.311,-0.214,0.720,56.550,33.900,-17.850,31.3
20:19:48.986,2780652,-11.353,1.712,-1.834,-0.220,-0.260,0.722,56.550,33.900,-17.850,31.4
20:19:49.046,2780706,-9.165,2.277,-1.891,0.083,-0.031,0.113,56.400,36.900,-16.200,31.5
20:19:49.104,2780760,-8.935,0.946,-1.554,-0.236,0.100,-0.249,56.400,36.900,-16.200,31.4
20:19:49.166,2780814,-7.128,3.237,-3.596,0.270,0.375,-0.793,56.400,36.900,-16.200,31.2
20:19:49.224,2780868,-7.209,-0.481,-2.265,-0.551,0.052,-0.909,58.800,34.800,-14.550,31.3
20:19:49.225,2780922,-6.862,3.723,-2.837,0.096,0.225,-1.233,58.800,34.800,-14.550,31.4
20:19:49.286,2780976,-6.431,-0.618,-2.152,-0.315,0.170,-0.994,61.200,29.850,-13.200,31.3
20:19:49.344,2781030,-6.598,0.881,-0.692,-0.160,0.137,-0.968,61.200,29.850,-13.200,31.3
20:19:49.405,2781084,-7.994,3.352,-3.505,-0.112,0.262,-0.978,61.200,29.850,-13.200,31.4
20:19:49.464,2781138,-10.032,-0.479,-2.887,0.164,0.037,-1.964,61.200,29.850,-13.200,31.4
20:19:49.525,2781192,-5.653,-2.761,-0.543,2.227,0.446,-2.417,65.850,16.500,-13.800,31.4
20:19:49.586,2781246,-6.503,3.110,-2.392,1.710,0.102,0.570,65.850,16.500,-13.800,31.4
20:19:49.644,2781300,-4.913,2.504,-4.592,0.536,-0.115,2.472,64.950,7.050,-14.400,31.3
20:19:49.706,2781354,-5.883,-0.443,-2.816,-1.022,-0.163,3.010,64.650,21.750,-16.200,31.3
20:19:49.765,2781408,-7.252,-0.792,-3.314,-0.887,-0.708,2.058,64.650,21.750,-16.200,31.3
20:19:49.765,2781462,-11.102,6.675,-1.925,-0.059,-0.542,1.134,61.050,35.550,-13.800,31.3
20:19:49.824,2781516,-7.879,0.072,-2.626,-1.200,-0.659,0.772,61.050,35.550,-13.800,31.2
20:19:49.886,2781570,-9.086,1.901,-2.294,0.028,-0.291,0.455,61.050,35.550,-13.800,31.4
20:19:49.944,2781624,-11.126,3.579,-0.577,-0.034,-0.290,0.087,61.050,35.550,-13.800,31.3
20:19:50.004,2781678,-9.917,1.386,-1.269,-0.111,-0.394,0.208,55.800,39.300,-7.200,31.3
20:19:50.065,2781732,-10.642,6.239,0.553,0.761,-0.105,-0.303,55.800,39.300,-7.200,31.3
20:19:50.124,2781786,-9.823,0.311,-0.192,-0.262,-0.300,-0.124,54.450,36.450,-6.750,31.4
20:19:50.184,2781840,-9.720,4.927,-0.625,-0.228,0.273,0.124,54.450,36.450,-6.750,31.4
20:19:50.246,2781894,-10.242,0.900,-1.125,-0.873,0.287,-0.154,54.450,36.450,-6.750,31.2
20:19:50.306,2781948,-10.285,2.437,-0.031,-0.111,0.411,0.012,54.450,37.200,-8.100,31.3
20:19:50.306,2782002,-9.957,3.196,-0.924,0.179,0.432,-0.143,54.450,37.200,-8.100,31.3
20:19:50.366,2782056,-10.072,1.343,-0.917,-0.276,0.051,-0.204,55.950,37.950,-10.350,31.4
20:19:50.425,2782110,-10.657,4.456,-0.706,0.225,0.146,-0.284,55.950,37.950,-10.350,31.4
20:19:50.485,2782164,-10.048,1.034,-1.530,-0.420,-0.078,-0.274,55.950,37.950,-10.350,31.3
20:19:50.546,2782218,-9.582,3.627,-0.747,0.132,0.147,-0.402,55.950,37.950,-10.350,31.3
20:19:50.605,2782272,-9.534,1.446,-1.539,-0.031,0.141,-0.203,58.950,33.450,-12.150,31.2
20:19:50.666,2782326,-10.003,1.946,-0.888,-0.116,0.148,-0.171,58.950,33.450,-12.150,31.4
20:19:50.724,2782380,-9.704,2.033,-1.034,0.206,0.117,-0.278,57.000,32.400,-12.750,31.1
20:19:50.785,2782434,-10.154,1.700,-0.953,0.097,0.156,-0.193,57.000,32.400,-12.750,31.3
20:19:50.844,2782488,-13.664,4.235,-1.022,-0.020,0.108,-0.058,57.150,31.500,-13.200,31.4
20:19:50.845,2782542,-14.487,3.266,-1.144,0.159,-0.667,-0.009,58.500,30.900,-14.250,31.4
20:19:50.904,2782596,-14.667,5.054,-1.396,-0.095,-0.350,0.481,58.500,30.900,-14.250,31.4
20:19:50.964,2782650,-12.708,2.286,-0.833,-0.411,-0.437,0.747,56.250,32.850,-10.950,31.3
20:19:51.024,2782704,-10.728,2.049,-0.855,-0.133,-0.176,0.315,56.250,32.850,-10.950,31.4
20:19:51.086,2782758,-10.992,2.535,-1.726,-0.209,-0.273,-0.009,56.400,35.250,-6.300,31.3
20:19:51.146,2782812,-9.036,0.625,-0.776,0.105,-0.014,-0.284,56.400,35.250,-6.300,31.2
20:19:51.204,2782866,-9.622,3.287,-1.635,-0.185,0.374,-0.398,57.000,34.800,-5.850,31.2
20:19:51.324,2782920,-8.097,-0.759,-2.686,-0.943,0.197,-0.379,57.000,34.800,-5.850,31.3
20:19:51.325,2782974,-7.063,2.363,-1.202,0.065,0.675,-1.389,57.000,34.800,-5.850,31.4
20:19:51.384,2783028,-5.768,-0.620,-1.477,-0.287,0.391,-0.868,57.000,34.800,-5.850,31.2
20:19:51.385,2783082,-7.262,1.142,-0.824,-0.394,-0.264,-1.371,61.950,26.850,-6.300,31.3
20:19:51.445,2783136,-9.708,1.089,-1.161,0.949,-0.176,-1.736,61.950,26.850,-6.300,31.1
20:19:51.504,2783190,-4.300,-5.318,-1.056,-0.198,-0.244,-3.125,63.150,17.850,-6.000,31.4
20:19:51.564,2783244,-5.938,-1.439,1.049,2.969,0.548,-0.425,63.150,17.850,-6.000,31.3
20:19:51.624,2783298,-11.451,9.215,-2.152,1.689,0.048,1.409,63.150,17.850,-6.000,31.4
20:19:51.684,2783352,-3.093,-0.694,-1.590,-1.110,0.333,2.318,63.450,12.900,-7.050,31.2
20:19:51.744,2783406,-4.803,-6.534,-2.416,0.380,0.289,2.940,63.450,12.900,-7.050,31.1
20:19:51.804,2783460,-9.570,2.047,-2.837,-0.893,-0.224,1.931,61.800,27.000,-7.650,31.4
20:19:51.866,2783514,-11.167,3.685,0.855,0.567,0.617,1.360,61.800,27.000,-7.650,31.4
20:19:51.924,2783568,-10.494,-0.335,-1.358,-0.714,-0.014,0.910,61.800,27.000,-7.650,31.4
20:19:51.925,2783622,-10.750,3.424,-0.393,0.094,-0.168,0.699,61.800,27.000,-7.650,31.4
20:19:51.986,2783676,-9.716,5.380,-2.025,-0.047,0.203,0.520,56.250,39.300,-8.700,31.4
20:19:52.044,2783730,-9.692,0.824,0.062,0.100,-0.012,0.172,56.250,39.300,-8.700,31.4
20:19:52.105,2783784,-10.221,5.631,-0.802,-0.549,-0.048,0.097,53.250,40.950,-10.950,31.4
20:19:52.164,2783838,-9.337,0.977,-0.558,-0.519,-0.184,0.142,54.000,40.500,-9.750,31.1
20:19:52.224,2783892,-9.831,6.158,-0.630,0.084,0.135,-0.124,54.000,40.500,-9.750,31.1
20:19:52.285,2783946,-9.922,1.951,-1.628,-0.327,-0.219,-0.292,53.400,40.350,-8.100,31.3
20:19:52.346,2784000,-9.802,3.144,-0.943,-0.509,-0.210,-0.361,53.400,40.350,-8.100,31.3
20:19:52.405,2784054,-9.256,4.178,-0.603,0.282,0.250,-0.375,54.450,39.150,-8.100,31.3
20:19:52.464,2784108,-9.898,1.733,-1.039,-0.490,0.210,-0.325,54.450,39.150,-8.100,31.3
20:19:52.465,2784162,-10.321,3.994,-0.718,-0.402,0.222,-0.293,55.050,38.550,-8.700,31.6
20:19:52.524,2784216,-10.008,2.643,-0.682,-0.273,0.224,-0.172,55.050,38.550,-8.700,31.4
20:19:52.585,2784270,-8.894,1.877,-0.766,-0.049,0.221,-0.379,55.950,34.200,-9.300,31.3
20:19:52.644,2784324,-9.072,2.298,-1.051,-0.360,0.114,-0.430,55.950,34.200,-9.300,31.0
20:19:52.706,2784378,-8.799,1.559,-1.030,-0.004,0.244,-0.429,55.950,34.200,-9.300,31.2
20:19:52.765,2784432,-9.160,1.930,-0.821,-0.284,0.143,-0.406,56.700,31.800,-11.400,31.5
20:19:52.825,2784486,-9.687,1.645,-0.761,0.140,0.230,-0.532,56.700,31.800,-11.400,31.5
20:19:52.884,2784540,-11.576,1.736,-1.073,-0.075,0.267,-0.219,58.950,28.350,-12.900,31.4
20:19:52.944,2784594,-14.176,2.813,-1.408,0.335,0.215,-0.182,58.950,28.350,-12.900,31.3
20:19:53.004,2784648,-15.052,4.846,-1.003,0.251,-0.108,-0.063,58.950,28.350,-12.900,31.3
20:19:53.005,2784702,-15.488,5.516,-2.636,-0.252,-0.334,0.823,58.950,28.350,-12.900,31.4
20:19:53.066,2784756,-12.632,2.203,-2.023,-0.171,-0.300,0.872,58.800,30.900,-13.500,31.3
20:19:53.125,2784810,-11.049,2.763,-1.793,0.222,0.059,0.336,58.800,30.900,-13.500,31.3
20:19:53.184,2784864,-10.819,0.979,-2.009,-0.164,-0.070,0.138,57.000,34.350,-10.500,31.4
20:19:53.245,2784918,-10.345,1.101,-1.705,-0.556,-0.240,0.123,57.000,34.350,-10.500,31.6
20:19:53.304,2784972,-8.823,2.921,-1.276,-0.699,-0.077,-0.285,57.000,34.350,-10.500,31.4
20:19:53.364,2785026,-6.524,1.820,-1.985,-0.076,0.046,-0.649,60.450,33.450,-9.300,31.3
20:19:53.424,2785080,-6.373,0.745,-2.251,-0.806,0.210,-0.795,60.450,33.450,-9.300,31.2
20:19:53.486,2785134,-7.214,1.152,-2.219,-0.001,0.448,-1.189,61.650,27.150,-6.750,31.2
20:19:53.546,2785188,-6.807,-0.807,-0.622,0.659,0.147,-1.294,61.650,27.150,-6.750,31.4
20:19:53.546,2785242,-7.307,1.463,-1.966,0.326,-0.231,-1.384,63.900,19.800,-8.850,31.3
20:19:53.605,2785296,-4.798,-1.851,-5.533,0.744,0.185,-2.518,63.900,19.800,-8.850,31.1
20:19:53.665,2785350,-4.305,-9.258,-0.412,2.563,0.283,-2.458,63.900,7.500,-8.850,31.3
20:19:53.724,2785404,-9.811,14.138,-3.124,2.627,0.286,2.849,63.900,7.500,-8.850,31.5
20:19:53.785,2785458,-5.830,-4.743,-2.655,0.411,0.088,1.471,64.050,6.900,-7.650,31.3
20:19:53.845,2785512,-6.663,2.713,-1.118,0.731,0.606,3.518,64.050,6.900,-7.650,31.5
20:19:53.905,2785566,-9.359,-2.071,-1.824,-1.064,-0.203,2.043,64.650,22.950,-12.150,31.4
20:19:54.084,2785620,-9.098,3.531,-3.335,0.363,0.071,1.851,64.650,22.950,-12.150,31.4
20:19:54.085,2785674,-9.091,-0.160,-3.694,-0.524,-0.344,1.336,60.300,32.850,-12.300,31.3
20:19:54.086,2785728,-10.104,2.782,-1.286,0.219,-0.415,0.884,60.300,32.850,-12.300,31.2
20:19:54.088,2785782,-10.841,6.026,-5.231,-0.164,-0.095,0.460,60.300,32.850,-12.300,31.1
20:19:54.144,2785836,-8.631,-1.006,0.184,0.147,-0.046,0.187,54.900,40.350,-13.200,31.3
20:19:54.204,2785890,-10.616,9.574,-0.725,0.165,0.513,0.220,54.900,40.350,-13.200,31.5
20:19:54.265,2785944,-10.230,-0.283,-2.263,-0.650,-0.324,-0.276,53.700,40.650,-12.900,31.3
20:19:54.326,2785998,-9.424,4.901,-0.560,0.255,-0.145,-0.370,53.700,40.650,-12.900,31.4
20:19:54.386,2786052,-9.787,5.078,-2.425,-0.030,-0.031,-0.288,53.700,40.650,-12.900,31.3
20:19:54.445,2786106,-10.649,0.864,-0.953,-0.089,0.062,-0.347,53.700,40.650,-12.900,31.5
20:19:54.506,2786160,-9.536,5.578,-0.742,-0.325,0.090,-0.368,54.450,36.900,-12.900,31.3
20:19:54.566,2786214,-9.412,1.164,-1.058,-0.392,-0.088,-0.688,54.450,36.900,-12.900,31.2
20:19:54.625,2786268,-10.376,3.661,-1.245,-0.232,-0.031,-0.709,55.950,37.650,-11.400,31.2
20:19:54.626,2786322,-9.740,0.625,-0.931,-0.178,-0.010,-0.981,55.950,37.650,-11.400,31.4
20:19:54.684,2786376,-10.051,1.889,-0.687,-0.056,0.017,-0.854,55.950,37.650,-11.400,31.4
20:19:54.746,2786430,-12.196,0.682,-0.450,0.276,0.181,-0.675,57.750,27.450,-11.700,31.4
20:19:54.805,2786484,-17.437,4.604,-0.192,-0.451,0.278,-0.260,57.750,27.450,-11.700,31.5
20:19:54.866,2786538,-16.822,1.214,0.182,-0.368,-0.473,0.321,59.850,23.100,-12.300,31.3
20:19:54.924,2786592,-14.207,1.920,-1.140,0.154,-0.427,0.722,59.850,23.100,-12.300,31.5
20:19:54.984,2786646,-11.497,0.718,-0.946,0.311,-0.389,0.812,58.500,28.500,-9.750,31.5
20:19:55.044,2786700,-10.161,2.131,-0.448,-0.180,-0.118,0.638,58.500,28.500,-9.750,31.4
20:19:55.105,2786754,-9.438,-0.436,-0.555,0.541,0.299,0.039,57.750,33.150,-6.450,31.3
20:19:55.166,2786808,-9.301,2.691,-0.414,-0.222,0.422,-0.237,57.750,33.150,-6.450,31.3
20:19:55.167,2786862,-8.957,1.563,-2.294,-0.526,0.648,-0.253,59.550,33.150,-8.400,31.2
20:19:55.224,2786916,-8.696,0.122,-1.188,0.449,1.054,-1.069,60.150,28.800,-10.050,31.4
20:19:55.285,2786970,-7.887,1.566,-1.314,-0.852,0.301,-1.240,60.150,28.800,-10.050,31.4
20:19:55.344,2787024,-6.414,-1.307,-0.263,0.560,-0.179,-1.066,63.450,24.900,-10.050,31.4
20:19:55.404,2787078,-6.426,0.601,-1.132,0.151,-0.333,-1.199,63.450,24.900,-10.050,31.5
20:19:55.465,2787132,-6.491,-0.278,-4.889,1.607,-0.148,-2.566,63.450,24.900,-10.050,31.4
20:19:55.525,2787186,-6.385,-6.728,-1.647,1.706,-0.183,-2.648,63.450,24.900,-10.050,31.1
20:19:55.585,2787240,-6.989,10.511,-3.728,3.051,0.305,1.951,63.450,4.350,-7.800,31.1
20:19:55.645,2787294,-6.524,-3.122,-3.766,-0.706,0.258,1.853,63.450,4.350,-7.800,31.4
20:19:55.704,2787348,-4.245,2.895,-1.535,0.056,0.707,2.752,64.950,14.400,-10.050,31.4
20:19:55.705,2787402,-9.333,1.104,-1.377,-1.330,-0.079,2.139,64.950,14.400,-10.050,31.4
20:19:55.765,2787456,-9.021,2.274,-2.564,-0.913,-0.109,1.576,64.950,14.400,-10.050,31.4
20:19:55.824,2787510,-9.048,-1.245,-4.745,-0.697,-0.548,1.347,58.800,37.800,-10.500,31.6
20:19:55.884,2787564,-12.148,9.907,1.800,2.010,0.482,0.599,58.800,37.800,-10.500,31.3
20:19:55.945,2787618,-9.618,0.560,-1.788,-0.653,-0.176,0.556,55.500,40.500,-8.400,31.3
20:19:56.006,2787672,-9.685,1.427,-2.112,0.163,-0.326,0.362,55.500,40.500,-8.400,31.2
20:19:56.064,2787726,-8.724,2.739,-1.604,0.221,-0.118,0.697,55.500,40.500,-8.400,31.4
20:19:56.124,2787780,-8.205,2.253,-2.485,-0.259,-0.135,0.562,55.500,40.500,-8.400,31.3
20:19:56.185,2787834,-11.322,8.327,0.429,0.781,0.657,0.159,52.500,43.950,-11.700,31.3
20:19:56.244,2787888,-9.641,3.812,-2.253,-0.014,0.027,-0.228,52.500,43.950,-11.700,31.3
20:19:56.305,2787942,-9.062,4.475,-1.647,0.137,0.281,-0.217,51.750,43.650,-12.300,31.3
20:19:56.306,2787996,-9.613,2.772,-1.496,-0.089,0.180,-0.176,51.750,43.650,-12.300,31.2
20:19:56.365,2788050,-9.826,4.645,-2.801,-0.150,0.251,-0.276,53.550,42.450,-13.800,31.4
20:19:56.425,2788104,-9.507,3.079,-1.961,0.204,0.298,-0.323,53.550,42.450,-13.800,31.1
20:19:56.485,2788158,-8.801,3.560,-1.920,-0.100,-0.011,-0.393,54.000,40.200,-14.850,31.2
20:19:56.544,2788212,-8.411,2.519,-1.106,0.032,-0.173,-0.570,55.050,40.500,-14.850,31.3
20:19:56.605,2788266,-9.455,3.096,-1.700,-0.205,-0.289,-0.548,55.050,40.500,-14.850,31.4
20:19:56.665,2788320,-13.771,4.264,-1.465,0.052,0.205,-0.678,56.550,38.250,-14.850,31.4
20:19:56.724,2788374,-16.146,5.286,-0.567,-0.823,-0.423,-0.113,56.550,38.250,-14.850,31.5
20:19:56.786,2788428,-14.787,4.293,-0.831,-0.366,-0.200,0.172,56.250,36.600,-14.550,31.4
20:19:56.786,2788482,-12.294,2.210,-0.876,-0.144,-0.002,0.472,56.250,36.600,-14.550,31.3
20:19:56.846,2788536,-11.322,3.170,-0.663,-0.088,0.017,0.272,55.200,37.200,-11.850,31.4
20:19:56.906,2788590,-9.383,2.136,-1.068,0.217,0.222,-0.168,55.200,37.200,-11.850,31.1
20:19:56.964,2788644,-8.763,1.573,-1.961,-0.195,0.312,-0.540,56.700,38.850,-11.100,31.1
20:19:57.024,2788698,-7.908,1.453,-1.659,-0.264,0.513,-1.000,56.700,38.850,-11.100,31.3
20:19:57.084,2788752,-8.301,1.073,-2.231,-0.349,0.261,-1.244,58.500,34.350,-12.750,31.2
20:19:57.145,2788806,-9.797,1.240,0.096,-0.452,0.277,-1.815,58.500,34.350,-12.750,31.3
20:19:57.206,2788860,-7.331,-3.036,-2.667,-0.318,-0.214,-2.917,58.500,34.350,-12.750,31.6
20:19:57.264,2788914,-0.306,-9.256,-0.979,1.822,0.041,-3.727,65.100,11.550,-9.750,31.3
20:19:57.324,2788968,-8.590,12.316,-5.511,2.876,0.264,1.349,65.100,11.550,-9.750,31.5
20:19:57.325,2789022,-3.160,-4.041,-5.332,-0.852,0.340,2.170,65.850,9.150,-10.950,31.3
20:19:57.385,2789076,-6.737,3.297,-1.949,0.422,0.815,2.844,65.850,9.150,-10.950,31.1
20:19:57.445,2789130,-9.414,-0.069,-3.436,-0.658,0.389,2.055,65.850,9.150,-10.950,31.3
20:19:57.504,2789184,-10.489,1.422,0.024,0.155,0.220,1.191,65.850,9.150,-10.950,31.3
20:19:57.564,2789238,-8.327,2.727,-1.757,-0.006,-0.145,1.351,61.350,33.150,-17.550,31.4
20:19:57.624,2789292,-8.832,2.938,-3.728,0.279,0.132,0.911,61.350,33.150,-17.550,31.4
20:19:57.684,2789346,-9.407,-0.120,-1.731,0.450,-0.238,0.379,59.550,39.750,-16.350,31.5
20:19:57.744,2789400,-10.953,5.801,-5.672,-0.049,-0.404,0.693,59.550,39.750,-16.350,31.3
20:19:57.804,2789454,-10.139,2.796,-2.373,0.486,-0.169,0.051,59.550,39.750,-16.350,31.4
20:19:57.864,2789508,-9.369,2.085,-2.279,-0.567,-0.471,0.236,53.700,43.050,-16.950,31.6
20:19:57.865,2789562,-9.594,5.792,-1.152,0.367,-0.084,-0.278,53.700,43.050,-16.950,31.3
20:19:57.924,2789616,-7.989,1.094,-2.521,-0.647,-0.521,-0.249,54.750,41.700,-15.300,31.3
20:19:57.984,2789670,-9.096,4.101,-1.348,-0.073,-0.011,-0.638,54.750,41.700,-15.300,31.3
20:19:58.045,2789724,-9.960,3.098,-1.832,-0.539,0.069,-0.308,55.050,39.000,-13.800,31.4
20:19:58.104,2789778,-10.221,1.666,-1.822,-0.558,-0.075,-0.428,55.050,39.000,-13.800,31.4
20:19:58.166,2789832,-10.810,2.746,-1.583,-0.527,-0.211,-0.539,54.900,35.700,-13.200,31.3
20:19:58.226,2789886,-11.267,1.961,-0.570,-0.433,-0.401,-0.485,54.900,35.700,-13.200,31.2
20:19:58.284,2789940,-10.101,2.344,-1.106,-0.254,-0.129,-0.454,56.700,34.500,-11.850,31.4
20:19:58.345,2789994,-10.628,1.796,-0.488,-0.475,-0.029,-0.391,56.700,31.500,-9.600,31.4
20:19:58.405,2790048,-14.016,3.349,-0.192,-0.455,0.319,-0.248,56.700,31.500,-9.600,31.4
20:19:58.406,2790102,-16.319,2.720,0.752,-0.546,0.089,0.063,58.800,29.250,-11.250,31.1
20:19:58.465,2790156,-14.423,3.438,-0.069,-0.018,0.090,0.322,58.800,29.250,-11.250,31.2
20:19:58.524,2790210,-11.935,2.358,-0.187,-0.006,0.326,0.537,58.800,29.250,-11.250,31.4
20:19:58.584,2790264,-9.752,0.649,-1.252,-0.071,0.333,0.399,58.800,29.250,-11.250,31.3
20:19:58.645,2790318,-9.862,1.135,-2.263,0.882,0.453,-0.051,57.150,32.550,-11.400,31.4
20:19:58.705,2790372,-10.714,2.274,-0.804,0.924,0.506,-0.453,57.150,32.550,-11.400,31.3
20:19:58.765,2790426,-9.452,-0.093,-1.092,-0.067,0.035,-0.257,58.650,34.200,-14.700,31.3
20:19:58.826,2790480,-9.345,0.029,-1.166,0.340,0.297,-0.461,58.650,34.200,-14.700,31.4
20:19:58.886,2790534,-8.100,0.414,-4.460,-0.554,0.378,-0.331,58.650,34.200,-14.700,31.1
20:19:58.945,2790588,-6.254,-0.283,-2.600,0.309,0.540,-0.764,63.150,27.900,-14.700,31.4
20:19:58.946,2790642,-5.674,-0.704,-2.219,-0.864,-0.189,-0.669,63.150,27.900,-15.450,31.4
20:19:59.006,2790696,-7.137,2.049,-3.543,0.445,-0.373,-0.209,62.550,26.250,-16.050,31.3
20:19:59.065,2790750,-8.250,-0.821,-2.478,0.657,-0.425,-0.446,62.550,26.250,-16.050,31.5
20:19:59.184,2790804,-10.523,1.338,-4.336,1.296,-0.181,-1.073,62.550,26.250,-16.050,31.3
20:19:59.185,2790858,-9.254,0.690,0.622,0.755,-0.337,-1.945,62.550,26.250,-16.050,31.3
20:19:59.246,2790912,-3.333,-7.130,0.388,0.770,-0.636,-1.865,64.350,13.500,-13.800,31.3
20:19:59.306,2790966,-8.971,4.697,-7.805,2.873,1.163,1.563,64.350,13.500,-13.800,31.4
20:19:59.364,2791020,-1.051,-4.978,1.168,-0.260,0.074,2.080,63.150,12.150,-12.900,31.3
20:19:59.424,2791074,-6.354,1.286,-3.467,0.565,0.753,2.395,63.150,12.150,-12.900,31.4
20:19:59.484,2791128,-7.709,-1.532,-0.836,-0.321,0.270,1.548,63.150,12.150,-12.900,31.4
20:19:59.485,2791182,-11.394,5.069,-1.638,-0.094,0.276,0.846,63.150,12.150,-12.900,31.3
20:19:59.546,2791236,-9.041,-3.158,-3.407,0.136,0.071,0.755,59.700,32.550,-18.750,31.5
20:19:59.605,2791290,-12.886,7.867,-1.798,0.065,0.123,0.612,56.250,36.300,-21.150,31.3
20:19:59.664,2791344,-9.012,-2.066,-1.164,-0.796,-0.307,0.886,56.250,36.300,-21.150,31.3
20:19:59.726,2791398,-14.004,8.928,-1.776,-0.160,-0.211,0.194,55.650,35.700,-20.250,31.3
20:19:59.784,2791452,-11.193,-0.781,0.170,-1.624,-0.870,-0.109,55.650,35.700,-20.250,31.3
20:19:59.845,2791506,-6.914,1.865,0.172,0.657,-0.656,-0.430,54.900,35.700,-14.700,31.1
20:19:59.906,2791560,-6.871,-0.057,-1.288,0.672,-0.432,0.517,54.900,35.700,-14.700,31.4
20:19:59.965,2791614,-11.406,5.162,-1.927,-0.740,0.121,0.419,53.700,36.900,-13.650,31.6
20:20:00.024,2791668,-9.031,-0.941,-0.115,-2.712,0.041,0.056,53.700,36.900,-13.650,31.2
20:20:00.025,2791722,-7.384,-4.199,-2.576,-0.360,0.276,0.170,54.450,37.950,-12.150,31.4
20:20:00.085,2791776,-11.997,4.606,-0.338,-0.313,0.376,-0.233,54.450,37.950,-12.150,31.7
20:20:00.144,2791830,-10.704,1.654,-1.635,-0.527,0.182,-0.356,53.550,35.550,-12.300,31.4
20:20:00.205,2791884,-9.833,1.429,-0.915,0.019,0.107,-0.402,54.450,34.200,-13.950,31.3
20:20:00.266,2791938,-9.730,1.398,-1.568,-0.530,0.103,-0.289,54.450,34.200,-13.950,31.1
20:20:00.325,2791992,-9.807,0.771,-0.599,-0.804,-0.101,-0.311,55.200,31.800,-12.900,31.1
20:20:00.386,2792046,-9.754,1.489,-1.025,-0.205,0.066,-0.346,55.200,31.800,-12.900,31.3
20:20:00.445,2792100,-11.016,1.053,-0.196,-0.622,-0.032,-0.340,55.500,28.950,-12.300,31.4
20:20:00.506,2792154,-14.688,4.645,-1.032,-0.908,0.246,-0.101,55.500,28.950,-12.300,31.4
20:20:00.566,2792208,-17.557,3.941,-0.369,-0.292,0.063,0.327,55.500,28.950,-12.300,31.4
20:20:00.625,2792262,-14.547,3.519,-0.108,-0.565,-0.202,0.596,55.500,28.950,-12.300,31.4
20:20:00.626,2792316,-12.143,2.880,-0.237,-0.506,-0.035,0.602,52.650,29.100,-10.050,31.5
20:20:00.684,2792370,-11.143,2.246,-0.031,-0.262,0.138,0.347,52.650,29.100,-10.050,31.3
20:20:00.744,2792424,-9.967,1.717,-0.558,-0.269,0.439,0.111,53.550,30.900,-7.650,31.3
20:20:00.804,2792478,-9.340,-0.184,-0.079,-0.587,0.432,-0.330,53.550,30.900,-7.650,31.2
20:20:00.864,2792532,-7.901,1.571,-1.262,-0.698,0.230,-0.568,53.550,30.900,-7.650,31.4
20:20:00.925,2792586,-7.494,1.776,-2.581,-0.342,0.086,-0.707,57.150,28.800,-8.100,31.4
20:20:00.984,2792640,-8.301,0.156,-1.312,0.448,0.344,-1.287,57.150,28.800,-8.100,31.4
20:20:01.044,2792694,-7.726,1.211,-2.083,0.461,0.109,-1.817,61.200,22.500,-9.300,31.6
20:20:01.105,2792748,-2.926,-5.121,-1.092,1.026,0.095,-2.092,61.200,22.500,-9.300,31.3
20:20:01.106,2792802,-3.766,4.377,-0.441,1.963,0.481,-0.212,61.200,22.500,-9.300,31.3
20:20:01.166,2792856,-4.547,0.168,-2.638,0.191,0.218,1.002,61.200,22.500,-9.300,31.2
20:20:01.224,2792910,-6.225,0.505,-3.103,-0.011,0.081,2.024,61.800,15.750,-13.500,31.1
20:20:01.285,2792964,-6.917,-1.671,-2.191,0.214,-0.151,1.844,61.800,15.750,-13.500,31.3
20:20:01.345,2793018,-9.275,4.611,-2.370,0.841,0.195,1.250,61.050,26.250,-12.750,31.4
20:20:01.405,2793072,-9.809,-1.034,-3.108,-0.043,-0.254,0.883,61.050,26.250,-12.750,31.4
20:20:01.464,2793126,-11.205,4.274,-1.743,1.112,0.107,0.147,61.050,26.250,-12.750,31.4
20:20:01.524,2793180,-9.651,0.680,-1.781,0.236,-0.268,0.120,58.950,32.550,-16.200,31.3
20:20:01.585,2793234,-9.103,1.482,-3.330,0.560,-0.133,0.055,58.950,32.550,-16.200,31.3
20:20:01.645,2793288,-10.762,1.520,-0.862,0.041,-0.230,-0.167,55.500,31.950,-14.850,31.4
20:20:01.646,2793342,-9.584,1.410,-2.758,0.256,-0.172,-0.153,55.500,31.950,-14.850,31.5
20:20:01.706,2793396,-10.417,0.579,-1.992,0.050,-0.084,-0.187,58.050,35.100,-13.500,31.3
20:20:01.764,2793450,-10.719,1.429,-0.977,-0.478,-0.060,-0.151,58.050,35.100,-13.500,31.4
20:20:01.826,2793504,-10.195,1.202,-1.659,-0.078,-0.002,-0.216,55.950,31.500,-15.450,31.6
20:20:01.885,2793558,-10.704,0.541,-1.408,-0.483,-0.224,-0.208,55.950,31.500,-15.450,31.4
20:20:01.946,2793612,-10.183,1.374,-1.063,-0.395,-0.020,-0.078,57.300,30.450,-13.050,31.3
20:20:02.005,2793666,-10.226,0.563,-1.506,-0.311,-0.057,-0.207,57.300,30.450,-13.050,31.3
20:20:02.066,2793720,-10.269,1.101,-1.068,-0.423,-0.100,-0.141,56.550,27.750,-14.250,31.6
20:20:02.125,2793774,-10.460,0.632,-0.922,-0.288,-0.049,-0.108,55.950,28.350,-14.700,31.6
20:20:02.184,2793828,-9.934,1.204,-0.819,-0.326,-0.077,-0.145,55.950,28.350,-14.700,31.5
20:20:02.185,2793882,-10.688,0.857,-0.946,-0.569,-0.034,-0.150,56.400,26.400,-13.200,31.0
20:20:02.244,2793936,-14.315,2.863,-0.644,-0.293,0.062,0.038,56.400,26.400,-13.200,31.3
20:20:02.305,2793990,-15.203,2.753,-0.656,-0.441,0.251,0.414,54.750,27.000,-12.300,31.4
20:20:02.365,2794044,-14.605,3.584,-0.840,-0.683,0.127,0.771,54.750,27.000,-12.300,31.2
20:20:02.425,2794098,-12.510,2.500,-0.132,-0.234,0.141,0.905,55.950,30.300,-12.900,31.3
20:20:02.484,2794152,-11.231,1.961,-0.680,-0.750,0.083,0.827,55.950,30.300,-12.900,31.4
20:20:02.546,2794206,-9.591,1.640,-1.274,-0.160,0.163,0.284,55.950,30.300,-12.900,31.3
20:20:02.605,2794260,-10.582,1.908,-1.410,-0.514,0.279,0.106,55.950,30.300,-12.900,31.4
20:20:02.664,2794314,-9.759,1.935,-1.803,-0.668,0.141,-0.219,55.050,32.850,-11.250,31.0
20:20:02.726,2794368,-8.930,0.891,-2.660,-0.107,0.486,-0.702,55.650,31.800,-10.350,31.3
20:20:02.726,2794422,-8.035,0.773,-0.730,-0.626,0.149,-0.813,55.650,31.800,-10.350,31.4
20:20:02.785,2794476,-7.951,1.963,-1.403,0.067,0.422,-1.154,55.650,31.800,-10.350,31.5
20:20:02.844,2794530,-7.968,-0.168,-0.101,0.130,0.248,-1.247,55.650,31.800,-10.350,31.5
20:20:02.906,2794584,-6.155,-0.048,-1.496,0.115,-0.045,-1.127,61.050,22.800,-10.500,31.4
20:20:02.965,2794638,-8.169,0.124,-0.903,0.354,-0.104,-1.167,61.050,22.800,-10.500,31.3
20:20:03.025,2794692,-10.566,2.222,-2.102,1.003,0.315,-1.988,62.400,16.800,-8.850,31.5
20:20:03.145,2794746,-6.881,-4.511,-3.179,0.631,0.207,-2.058,62.400,16.800,-8.850,31.4
20:20:03.146,2794800,-6.129,5.873,-2.133,1.595,0.335,0.232,62.400,16.800,-8.850,31.2
20:20:03.205,2794854,-4.978,-3.311,-5.480,0.407,0.293,1.748,62.400,16.800,-8.850,31.3
20:20:03.265,2794908,-5.679,1.022,-1.302,0.575,0.267,2.300,64.050,11.850,-12.300,31.5
20:20:03.266,2794962,-8.811,-0.383,-4.934,-0.293,0.099,1.933,62.550,22.800,-14.850,31.4
20:20:03.324,2795016,-8.904,1.082,-1.044,0.833,0.184,1.096,62.550,22.800,-14.850,31.3
20:20:03.386,2795070,-9.021,2.294,-2.945,-0.178,-0.132,0.857,60.300,31.200,-16.050,31.4
20:20:03.444,2795124,-8.023,-0.646,-3.946,0.594,0.066,0.746,60.300,31.200,-16.050,31.4
20:20:03.505,2795178,-10.652,2.660,-2.399,-0.338,-0.068,0.340,59.250,34.800,-16.350,31.3
20:20:03.624,2795232,-9.562,2.330,-2.157,0.721,0.274,0.279,59.250,34.800,-16.350,31.5
20:20:03.625,2795286,-10.578,1.563,-3.965,-0.418,-0.394,0.294,57.000,36.600,-19.350,31.2
20:20:03.684,2795340,-10.862,0.960,-2.581,0.345,-0.311,-0.016,57.000,36.600,-19.350,31.2
20:20:03.746,2795394,-10.015,2.658,-2.162,0.077,-0.460,-0.239,56.550,36.300,-18.150,31.4
20:20:03.805,2795448,-9.883,2.263,-1.597,-0.326,-0.331,-0.132,56.550,36.300,-18.150,31.3
20:20:03.806,2795502,-9.148,0.553,-1.199,0.203,-0.246,-0.326,57.000,34.350,-15.300,31.4
20:20:03.864,2795556,-10.424,3.723,-2.318,-0.478,0.152,-0.136,57.000,34.350,-15.300,31.3
20:20:03.924,2795610,-10.731,0.366,-2.179,-0.474,0.084,-0.197,57.300,32.850,-14.850,31.3
20:20:03.986,2795664,-10.910,1.590,-1.618,-0.191,0.143,0.159,55.800,31.950,-16.800,31.4
20:20:04.044,2795718,-10.250,1.839,-1.348,-0.420,0.003,0.293,55.800,31.950,-16.800,31.4
20:20:04.104,2795772,-9.426,0.965,-0.723,-0.261,-0.329,0.129,55.650,33.750,-15.900,31.2
20:20:04.166,2795826,-8.780,2.614,-0.637,-0.526,-0.527,0.164,55.650,33.750,-15.900,31.1
20:20:04.225,2795880,-9.012,1.743,-0.934,-0.332,-0.385,-0.002,55.650,33.750,-15.900,31.3
20:20:04.284,2795934,-10.597,2.868,-1.341,-0.979,-0.059,-0.329,55.650,33.750,-15.900,31.6
20:20:04.344,2795988,-13.324,6.543,0.345,0.156,0.217,-0.313,55.950,32.550,-11.850,31.3
20:20:04.345,2796042,-14.782,3.196,-1.089,0.132,0.375,-0.054,55.950,32.550,-11.850,31.4
20:20:04.404,2796096,-13.417,3.606,-0.397,0.377,0.237,0.364,56.700,32.250,-11.850,31.4
20:20:04.465,2796150,-12.538,3.666,-0.196,0.321,0.294,0.454,56.700,32.250,-11.850,31.4
20:20:04.524,2796204,-11.423,2.725,-1.302,-0.454,-0.153,0.111,56.700,32.250,-11.850,31.3
20:20:04.586,2796258,-9.847,2.167,-1.130,0.180,0.230,-0.275,55.650,36.150,-11.100,31.4
20:20:04.645,2796312,-9.934,1.539,-1.788,0.012,0.580,-0.361,55.650,36.150,-11.100,31.4
20:20:04.706,2796366,-10.151,0.673,-1.489,-0.994,-0.004,-0.375,58.500,32.850,-12.300,31.5
20:20:04.764,2796420,-9.129,0.725,0.002,0.197,-0.091,-0.725,58.500,32.850,-12.300,31.3
20:20:04.825,2796474,-10.216,1.578,-1.784,-0.788,-0.318,-0.594,58.500,32.850,-12.300,31.5
20:20:04.885,2796528,-6.448,-1.884,-0.455,-0.423,-0.299,-0.775,58.500,32.850,-12.300,31.2
20:20:04.886,2796582,-8.490,4.566,-2.533,1.464,0.438,-1.503,59.550,25.800,-7.200,31.4
20:20:04.944,2796636,-7.745,-1.451,-0.924,0.216,-0.256,-2.332,59.550,25.800,-7.200,31.3
20:20:05.004,2796690,-2.172,-6.014,0.795,1.054,0.160,-2.994,62.400,17.100,-6.300,31.1
20:20:05.065,2796744,-6.694,12.141,-3.488,3.140,0.174,0.790,62.400,17.100,-6.300,31.1
20:20:05.125,2796798,-7.132,-1.626,-2.861,-0.061,0.391,1.547,61.950,6.300,-7.050,31.3
20:20:05.185,2796852,-4.283,0.551,-3.855,0.562,0.456,2.708,63.300,16.500,-12.000,31.3
20:20:05.244,2796906,-8.918,0.503,-2.837,-1.027,0.292,1.828,63.300,16.500,-12.000,31.3
20:20:05.305,2796960,-9.385,-1.135,0.663,0.373,0.129,1.189,61.350,27.750,-10.500,31.4
20:20:05.364,2797014,-9.500,2.090,-4.142,-0.596,0.255,1.345,61.350,27.750,-10.500,31.4
20:20:05.424,2797068,-9.948,-0.594,-3.285,0.272,-0.078,0.630,58.650,33.750,-13.200,31.4
20:20:05.425,2797122,-9.579,2.662,-3.031,0.912,0.031,0.758,58.650,33.750,-13.200,31.5
20:20:05.484,2797176,-9.783,2.009,-3.108,-0.157,-0.152,0.647,57.150,36.150,-16.200,31.2
20:20:05.546,2797230,-10.599,4.190,-1.949,-0.041,0.053,0.268,57.150,36.150,-16.200,31.2
20:20:05.604,2797284,-9.002,0.555,-1.966,-0.167,-0.266,0.216,57.150,36.150,-16.200,31.3
20:20:05.666,2797338,-10.400,4.767,-1.776,0.106,0.296,0.108,57.150,36.150,-16.200,31.4
20:20:05.724,2797392,-9.488,1.671,-0.785,-0.397,0.028,0.044,54.750,40.200,-16.350,31.4
20:20:05.785,2797446,-9.881,3.912,-1.690,0.260,0.162,-0.112,54.150,38.850,-15.150,31.6
20:20:05.846,2797500,-9.428,2.990,-1.506,-0.117,0.090,-0.339,54.150,38.850,-15.150,31.4
20:20:05.904,2797554,-9.050,2.660,-1.518,-0.088,0.094,-0.315,54.150,38.850,-15.150,31.3
20:20:05.965,2797608,-9.471,2.033,-1.772,0.254,0.183,-0.284,54.150,38.850,-15.150,31.4
20:20:05.966,2797662,-9.912,3.383,-1.616,-0.559,0.009,-0.361,55.500,35.550,-16.350,31.2
20:20:06.026,2797716,-9.629,1.645,-1.183,-0.091,-0.180,-0.451,55.500,35.550,-16.350,31.3
20:20:06.085,2797770,-10.173,2.923,-2.296,0.044,-0.277,-0.673,55.800,34.800,-16.050,31.4
20:20:06.144,2797824,-11.018,2.500,-2.073,-0.241,-0.244,-0.419,55.800,34.800,-16.050,31.4
20:20:06.204,2797878,-14.523,3.467,-1.530,-0.145,0.203,-0.297,55.800,34.800,-16.050,31.4
20:20:06.265,2797932,-16.951,4.010,-1.865,-0.853,-0.243,0.362,55.800,34.800,-16.050,31.1
20:20:06.326,2797986,-14.076,2.346,-2.078,0.021,-0.133,0.502,55.950,31.050,-15.450,31.2
20:20:06.445,2798040,-11.990,1.963,-1.355,-0.345,-0.222,0.782,55.950,31.050,-15.450,31.3
20:20:06.445,2798094,-10.819,0.915,-1.271,-0.034,-0.103,0.650,55.050,32.850,-12.750,31.2
20:20:06.504,2798148,-10.369,2.030,-1.231,-0.394,-0.103,0.311,55.650,37.650,-11.850,31.2
20:20:06.505,2798202,-9.050,1.403,-1.970,0.221,0.153,-0.195,55.650,37.650,-11.850,31.2
20:20:06.625,2798256,-9.531,2.081,-1.956,-0.239,0.154,-0.533,54.300,37.050,-10.950,31.3
20:20:06.626,2798310,-8.198,0.139,-0.812,-0.456,-0.044,-0.683,54.300,37.050,-10.950,31.3
20:20:06.685,2798364,-8.602,3.826,-1.829,0.385,0.263,-1.152,54.300,37.050,-10.950,31.5
20:20:06.744,2798418,-7.841,-0.692,-1.185,0.413,-0.067,-1.202,54.300,37.050,-10.950,31.3
20:20:06.805,2798472,-8.449,2.717,-1.159,0.886,0.003,-1.286,61.050,28.200,-9.450,31.5
20:20:06.865,2798526,-8.016,-2.085,-0.311,0.641,-0.533,-1.255,61.050,28.200,-9.450,31.4
20:20:06.925,2798580,-7.465,-1.003,-1.209,1.712,-0.777,-2.120,63.150,24.450,-7.050,31.6
20:20:06.985,2798634,-5.547,-3.836,-1.748,2.251,-0.001,-1.734,63.150,24.450,-7.050,31.1
20:20:07.104,2798688,-6.268,5.104,-0.776,1.813,0.558,0.658,63.150,24.450,-7.050,31.2
20:20:07.105,2798742,-3.869,-1.767,-2.155,-0.178,0.654,2.393,62.100,17.700,-8.400,31.2
20:20:07.106,2798796,-9.395,5.492,-0.888,-1.102,0.954,2.318,62.100,17.700,-8.400,31.4
20:20:07.166,2798850,-9.179,-1.142,0.943,1.351,1.026,1.593,59.400,31.500,-13.650,31.4
20:20:07.226,2798904,-8.724,3.656,-3.270,0.135,0.683,1.194,59.400,31.500,-13.650,31.5
20:20:07.285,2798958,-7.369,-1.372,-3.077,0.473,0.095,1.080,59.400,31.500,-13.650,31.2
20:20:07.345,2799012,-10.712,3.845,-3.127,0.095,-0.163,0.805,59.400,31.500,-13.650,31.6
20:20:07.405,2799066,-8.408,1.123,-2.998,0.702,-0.094,0.387,54.150,40.650,-19.500,31.3
20:20:07.465,2799120,-10.187,1.396,-3.761,-1.054,-0.597,0.302,54.150,40.650,-19.500,31.2
20:20:07.524,2799174,-11.607,4.125,-1.283,0.598,0.126,-0.076,53.700,41.550,-19.800,31.3
20:20:07.584,2799228,-9.670,3.546,-2.571,-0.807,-0.434,-0.248,53.700,41.550,-19.800,31.4
20:20:07.585,2799282,-10.606,2.646,-0.618,-0.124,-0.039,-0.470,53.400,39.900,-19.050,31.5
20:20:07.645,2799336,-9.589,2.928,-2.169,-0.016,0.094,-0.393,54.750,37.800,-17.100,31.3
20:20:07.705,2799390,-10.046,1.109,-1.408,-0.543,-0.107,-0.365,54.750,37.800,-17.100,31.4
20:20:07.765,2799444,-10.034,2.188,-1.666,0.366,0.103,-0.488,53.550,37.050,-18.600,31.3
20:20:07.826,2799498,-10.455,1.324,-1.484,-0.545,-0.266,-0.489,53.550,37.050,-18.600,31.4
20:20:07.886,2799552,-11.315,2.964,-1.192,0.182,-0.099,-0.618,54.750,33.150,-18.150,31.4
20:20:07.944,2799606,-10.341,2.476,-1.144,-0.818,-0.391,-0.487,54.750,33.150,-18.150,31.2
20:20:08.005,2799660,-10.003,1.496,-1.159,0.002,-0.199,-0.826,57.150,31.050,-13.950,31.4
20:20:08.065,2799714,-10.262,1.166,-1.147,-0.369,-0.278,-0.685,57.150,31.050,-13.950,31.4
20:20:08.124,2799768,-12.249,0.749,-1.243,-0.259,0.109,-0.395,57.150,31.050,-13.950,31.5
20:20:08.125,2799822,-15.845,2.588,-1.750,-0.431,0.385,-0.024,57.150,31.050,-13.950,31.3
20:20:08.185,2799876,-15.610,-0.132,-0.910,-1.215,0.084,0.941,56.700,23.700,-15.150,31.2
20:20:08.245,2799930,-13.479,2.456,-0.685,-0.492,0.342,1.091,56.400,29.100,-14.400,31.3
20:20:08.305,2799984,-12.665,1.293,-0.429,-0.507,0.267,1.143,56.400,29.100,-14.400,31.5
20:20:08.365,2800038,-9.625,-0.113,0.857,-0.498,0.243,0.607,56.400,29.100,-14.400,31.3
20:20:08.424,2800092,-8.004,2.732,-1.130,-0.162,0.510,0.159,56.400,29.100,-14.400,31.4
20:20:08.484,2800146,-7.666,0.390,-1.003,-0.667,0.555,0.064,54.750,36.300,-10.950,31.6
20:20:08.546,2800200,-9.589,3.912,-1.326,-1.050,0.566,-0.111,54.750,36.300,-10.950,31.3
20:20:08.605,2800254,-9.960,0.874,-0.321,-0.520,0.068,-0.420,57.450,35.700,-11.400,31.3
20:20:08.666,2800308,-8.092,1.367,-2.195,-1.296,-0.129,-0.699,57.450,35.700,-11.400,31.4
20:20:08.667,2800362,-6.828,1.525,-1.355,-0.052,-0.025,-0.852,57.450,35.700,-11.400,31.4
20:20:08.726,2800416,-6.076,-0.560,-2.222,0.183,-0.080,-0.919,57.450,35.700,-11.400,31.4
20:20:08.784,2800470,-8.509,4.786,-1.106,0.055,-0.180,-1.239,59.400,27.900,-7.800,31.6
20:20:08.844,2800524,-4.192,-0.551,-1.408,0.053,-0.221,-2.486,61.800,19.650,-4.650,31.4
20:20:08.905,2800578,-9.122,-0.373,-0.069,3.265,0.678,-1.755,61.800,19.650,-4.650,31.2
20:20:08.965,2800632,-7.156,12.644,-0.733,0.742,-0.012,1.297,63.150,15.900,-8.100,31.4
20:20:09.025,2800686,-5.274,-1.767,-3.773,-0.474,-0.046,2.124,63.150,15.900,-8.100,31.4
20:20:09.085,2800740,-5.686,2.308,-2.789,-0.976,-0.094,2.797,61.650,26.850,-10.050,31.3
20:20:09.145,2800794,-7.307,-1.501,-6.053,-1.297,-0.979,1.669,61.650,26.850,-10.050,31.5
20:20:09.206,2800848,-7.882,3.517,1.355,1.956,0.155,2.300,61.650,26.850,-10.050,31.5
20:20:09.207,2800902,-7.975,0.266,-6.594,-2.077,-1.109,1.269,61.650,26.850,-10.050,31.3
20:20:09.265,2800956,-7.506,4.568,-0.673,2.221,0.177,0.928,53.550,42.450,-7.650,31.3
20:20:09.326,2801010,-8.756,4.135,-2.176,-0.286,-0.640,0.726,53.550,42.450,-7.650,30.9
20:20:09.444,2801064,-9.864,4.932,-2.490,0.685,-0.062,0.241,49.500,48.300,-10.950,31.2
20:20:09.445,2801118,-10.503,6.132,-0.790,-0.051,-0.033,0.002,49.500,48.300,-10.950,31.3
20:20:09.504,2801172,-9.637,6.261,-1.312,-0.069,0.109,-0.472,49.500,48.300,-10.950,31.4
20:20:09.565,2801226,-8.756,1.815,-1.405,-0.442,0.080,-0.471,52.350,46.500,-11.100,31.3
20:20:09.625,2801280,-9.122,5.284,-0.472,0.312,0.425,-1.001,52.350,46.500,-11.100,31.3
20:20:09.684,2801334,-9.653,2.614,-2.320,-0.574,0.071,-0.529,52.500,43.650,-12.300,31.2
20:20:09.746,2801388,-9.371,1.961,0.105,0.060,0.314,-0.625,52.500,43.650,-12.300,31.4
20:20:09.746,2801442,-9.728,5.136,-1.487,-0.803,0.258,-0.454,53.550,40.950,-12.750,31.4
20:20:09.804,2801496,-9.311,1.652,-0.917,0.081,0.383,-0.670,53.550,40.950,-12.750,31.1
20:20:09.865,2801550,-8.780,2.638,-1.018,-0.228,0.244,-0.631,53.700,36.450,-13.200,31.4
20:20:09.925,2801604,-9.680,1.597,-1.504,-0.451,0.118,-0.577,53.700,36.450,-13.200,31.5
20:20:09.985,2801658,-11.533,3.536,-2.112,0.155,0.522,-0.833,54.900,34.500,-12.600,31.3
20:20:10.046,2801712,-16.807,2.761,-1.834,-1.031,0.090,-0.105,54.900,34.500,-12.600,31.3
20:20:10.105,2801766,-17.111,5.114,-2.435,-0.483,0.004,0.320,56.700,30.300,-16.950,31.3
20:20:10.166,2801820,-14.303,4.386,-1.458,-0.289,-0.016,0.620,57.300,32.400,-14.550,31.3
20:20:10.225,2801874,-11.310,1.401,-1.528,-0.450,-0.123,0.621,57.300,32.400,-14.550,31.3
20:20:10.285,2801928,-9.424,1.578,-1.077,0.026,0.104,0.097,57.300,32.400,-14.550,31.3
20:20:10.286,2801982,-7.977,-0.022,-2.251,0.001,0.248,-0.379,57.300,32.400,-14.550,31.1
20:20:10.344,2802036,-8.349,0.795,-1.733,0.018,0.430,-0.796,57.750,35.550,-11.700,31.3
20:20:10.405,2802090,-8.207,1.422,-2.962,-0.745,0.045,-0.753,57.750,35.550,-11.700,31.5
20:20:10.464,2802144,-8.236,0.773,-2.186,0.851,0.311,-1.686,60.600,29.250,-10.950,31.3
20:20:10.524,2802198,-10.156,2.212,-3.213,-0.121,-0.044,-2.492,60.600,29.250,-10.950,31.3
20:20:10.584,2802252,-3.919,-6.002,-1.879,1.679,0.434,-3.850,60.600,29.250,-10.950,31.3
20:20:10.645,2802306,-4.882,6.345,-1.951,2.214,-0.068,-1.209,60.600,29.250,-10.950,31.3
20:20:10.705,2802360,-4.223,0.328,-2.416,1.207,0.144,1.638,63.600,4.200,-10.500,31.3
20:20:10.765,2802414,-3.431,-0.742,-3.103,0.715,0.388,2.886,63.300,14.550,-12.000,31.3
20:20:10.826,2802468,-8.739,2.195,0.287,-0.430,0.197,2.509,63.300,14.550,-12.000,31.3
20:20:10.826,2802522,-7.063,-1.520,-3.007,0.161,-0.041,1.980,62.400,29.850,-13.200,31.3
20:20:10.884,2802576,-9.761,7.740,1.207,1.654,0.510,1.121,62.400,29.850,-13.200,31.3
20:20:10.944,2802630,-8.538,0.615,-1.504,0.772,0.287,0.890,59.700,36.900,-16.500,31.3
20:20:11.006,2802684,-9.756,1.731,-3.378,0.371,-0.083,0.190,59.700,36.900,-16.500,31.5
20:20:11.066,2802738,-10.709,4.216,-2.902,0.075,-0.133,0.053,56.700,38.400,-19.050,31.5
20:20:11.124,2802792,-9.026,-0.539,-3.438,0.457,-0.012,0.108,56.700,38.400,-19.050,31.4
20:20:11.185,2802846,-11.411,3.182,-2.437,-0.206,-0.361,-0.006,57.150,37.200,-19.500,31.3
20:20:11.244,2802900,-10.546,3.024,-2.796,0.396,-0.249,-0.165,57.150,37.200,-19.500,31.2
20:20:11.304,2802954,-10.846,1.250,-2.478,-0.503,-0.636,-0.291,56.250,37.800,-20.100,31.1
20:20:11.365,2803008,-10.020,1.757,-1.214,-0.472,-0.494,-0.352,56.250,37.800,-20.100,31.3
20:20:11.366,2803062,-9.584,1.477,-1.310,0.002,-0.220,-0.572,56.250,37.800,-20.100,31.4
20:20:11.425,2803116,-9.278,0.893,-0.867,-0.665,-0.307,-0.602,58.950,33.000,-15.450,31.5
20:20:11.484,2803170,-11.040,0.266,-0.692,-0.504,-0.050,-0.904,58.950,33.000,-15.450,31.4
20:20:11.545,2803224,-13.977,3.208,-1.702,-0.423,0.336,-0.426,58.650,27.600,-14.700,31.3
20:20:11.605,2803278,-18.239,1.092,-1.932,-0.393,-0.061,0.196,58.650,27.600,-14.700,31.3
20:20:11.665,2803332,-15.852,3.373,-1.592,-0.404,-0.032,0.553,58.650,27.600,-14.700,31.3
20:20:11.726,2803386,-12.943,0.895,-0.642,-0.230,0.005,0.844,58.650,27.600,-14.700,31.0
20:20:11.784,2803440,-11.372,1.705,-1.077,-0.248,0.201,0.746,56.700,31.050,-13.650,31.4
20:20:11.846,2803494,-10.798,1.152,-1.508,-0.015,0.562,0.584,56.700,31.050,-13.650,31.4
20:20:11.904,2803548,-7.760,-0.587,-2.224,-0.272,0.809,0.249,56.700,35.250,-13.650,31.4
20:20:11.905,2803602,-8.631,2.753,-1.982,-0.958,0.410,-0.366,56.700,35.250,-13.650,31.3
20:20:11.966,2803656,-7.446,-1.669,-1.705,-0.717,0.102,-0.188,58.950,35.250,-15.450,31.4
20:20:12.025,2803710,-9.153,3.352,-3.522,-0.465,0.281,-0.612,59.700,34.200,-16.500,31.3
20:20:12.085,2803764,-8.605,0.352,-2.136,-0.683,-0.122,-0.665,59.700,34.200,-16.500,31.4
20:20:12.145,2803818,-8.447,1.437,-1.350,0.014,-0.243,-1.244,61.800,30.450,-13.800,31.4
20:20:12.204,2803872,-10.034,3.934,-0.795,0.581,-0.201,-2.305,61.800,30.450,-13.800,31.4
20:20:12.265,2803926,-1.408,-5.614,-0.599,0.546,-0.156,-3.310,64.200,19.500,-11.100,31.1
20:20:12.325,2803980,-7.180,2.346,-4.489,3.518,0.213,-0.054,64.200,19.500,-11.100,31.4
20:20:12.385,2804034,-6.826,-0.141,-2.753,-0.097,0.143,1.082,64.200,9.450,-13.200,31.2
20:20:12.445,2804088,-2.777,0.455,-4.147,1.222,0.320,2.963,64.200,9.450,-13.200,31.2
20:20:12.446,2804142,-7.872,3.594,-1.420,-1.143,0.140,2.763,64.200,9.450,-13.200,31.3
20:20:12.505,2804196,-9.254,-0.685,2.392,0.643,0.219,1.971,64.200,9.450,-13.200,31.4
20:20:12.564,2804250,-9.677,5.241,-2.619,-0.269,-0.111,1.460,58.800,35.550,-14.550,31.4
20:20:12.624,2804304,-9.878,1.633,0.235,0.493,-0.248,0.683,56.250,41.250,-15.600,31.3
20:20:12.686,2804358,-9.074,2.883,-2.461,0.537,-0.373,0.969,56.250,41.250,-15.600,31.3
20:20:12.746,2804412,-9.847,5.329,-2.164,1.474,0.249,0.394,56.250,41.250,-15.600,31.3
20:20:12.805,2804466,-9.900,2.076,-2.286,0.928,-0.139,0.394,56.250,41.250,-15.600,31.4
20:20:12.865,2804520,-9.297,4.300,-2.868,1.125,0.311,-0.007,52.350,45.750,-23.850,31.3
20:20:12.925,2804574,-9.570,1.860,-3.239,0.481,-0.100,-0.213,52.350,45.750,-23.850,31.4
20:20:13.045,2804628,-9.263,2.974,-4.547,1.140,0.076,-0.277,51.750,43.950,-29.250,31.3
20:20:13.046,2804682,-9.230,1.326,-4.053,1.286,-0.092,-0.476,51.750,43.950,-29.250,31.4
20:20:13.047,2804736,-9.498,1.571,-4.202,0.632,0.032,-0.622,52.800,40.200,-34.350,31.3
20:20:13.104,2804790,-11.542,0.582,-4.336,0.757,-0.056,-0.822,52.800,40.200,-34.350,31.4
20:20:13.164,2804844,-13.642,2.066,-5.078,0.282,-0.037,-0.475,54.000,32.400,-34.350,31.4
20:20:13.224,2804898,-16.628,2.962,-4.757,-0.063,0.052,0.028,54.000,32.400,-34.350,31.1
20:20:13.284,2804952,-14.415,3.594,-2.389,-0.193,-0.222,0.703,54.000,32.400,-34.350,31.3
20:20:13.345,2805006,-13.302,0.864,-4.293,-0.225,-0.222,0.493,53.700,34.200,-36.300,31.2
20:20:13.405,2805060,-12.392,0.177,-3.263,-0.437,-0.474,0.507,53.700,34.200,-36.300,31.3
20:20:13.464,2805114,-11.150,0.311,-3.608,-0.275,-0.114,0.126,54.450,39.150,-31.950,31.2
20:20:13.524,2805168,-10.312,-0.654,-3.074,-0.138,0.009,-0.277,54.450,39.150,-31.950,31.4
20:20:13.525,2805222,-8.023,-0.903,-4.259,-0.028,-0.199,-0.752,54.450,39.150,-31.950,31.2
20:20:13.584,2805276,-7.757,-0.359,-2.306,0.253,0.015,-1.220,54.450,39.150,-31.950,31.4
20:20:13.644,2805330,-6.974,-1.470,-2.504,-0.144,-0.805,-1.297,56.550,34.800,-29.850,31.3
20:20:13.704,2805384,-9.728,0.958,0.199,0.811,-1.194,-2.694,56.550,34.800,-29.850,31.3
20:20:13.765,2805438,-0.565,-13.793,-2.502,3.421,0.044,-4.486,61.800,22.350,-28.050,31.3
20:20:13.825,2805492,-6.558,10.216,-0.285,3.027,0.184,0.486,61.800,22.350,-28.050,31.3
20:20:13.884,2805546,-2.076,-1.908,-2.761,1.403,0.834,2.113,61.800,22.350,-28.050,31.3
20:20:13.945,2805600,-3.349,-6.512,-3.491,2.610,1.510,2.604,61.350,15.000,-30.300,31.3
20:20:14.004,2805654,-7.305,0.086,-3.443,-0.071,1.705,2.337,61.350,15.000,-30.300,31.3
20:20:14.066,2805708,-8.473,-1.362,-2.677,0.830,1.379,2.070,56.550,25.050,-37.950,31.5
20:20:14.067,2805762,-8.231,0.532,-2.854,1.111,1.053,2.016,56.550,25.050,-37.950,31.1
20:20:14.125,2805816,-8.792,-1.779,-5.490,1.711,0.939,1.453,51.150,31.050,-45.150,31.1
20:20:14.184,2805870,-10.980,-0.666,-5.954,1.016,0.330,0.787,51.150,31.050,-45.150,31.4
20:20:14.244,2805924,-11.684,1.990,-6.864,0.501,0.134,0.279,47.100,31.500,-49.500,31.4
20:20:14.305,2805978,-10.439,0.481,-7.307,0.553,0.153,-0.428,47.100,31.500,-49.500,31.3
20:20:14.426,2806032,-11.619,1.796,-5.971,0.302,0.287,-0.228,47.100,31.500,-49.500,31.4
20:20:14.426,2806086,-10.977,1.966,-6.340,-0.642,0.330,-0.226,47.100,31.500,-49.500,31.2
20:20:14.484,2806140,-10.060,2.119,-5.717,0.385,0.451,-0.039,45.150,25.200,-48.750,31.3
20:20:14.544,2806194,-9.062,2.461,-6.031,-0.531,-0.038,0.156,43.500,27.750,-49.650,31.3
20:20:14.604,2806248,-7.822,2.004,-5.049,0.276,0.115,0.201,43.500,27.750,-49.650,31.1
20:20:14.605,2806302,-7.405,2.732,-4.681,-0.060,0.153,0.279,43.500,27.750,-49.650,31.2
20:20:14.664,2806356,-7.061,2.411,-5.267,-0.029,0.390,0.241,43.500,27.750,-49.650,31.3
20:20:14.785,2806410,-7.219,2.241,-5.301,-0.056,0.367,0.205,41.850,29.850,-51.000,31.4
20:20:14.786,2806464,-7.580,2.981,-5.859,-0.054,0.089,0.163,41.850,29.850,-51.000,31.3
20:20:14.844,2806518,-7.889,2.887,-6.670,0.123,0.097,-0.002,39.450,28.950,-49.950,31.2
20:20:14.905,2806572,-8.480,2.701,-6.694,-0.573,-0.275,0.007,39.450,28.950,-49.950,31.4
20:20:14.965,2806626,-7.324,1.951,-5.157,-0.298,-0.465,-0.093,39.450,28.950,-49.950,31.4
20:20:15.024,2806680,-6.091,1.616,-5.416,-0.502,-0.389,-0.058,39.450,28.950,-49.950,31.5
20:20:15.085,2806734,-5.581,1.132,-4.934,-0.697,-0.200,-0.023,40.950,32.400,-48.150,31.1
20:20:15.145,2806788,-6.778,1.841,-4.870,-0.612,-0.127,-0.126,40.950,33.600,-46.350,31.0
20:20:15.146,2806842,-8.622,4.305,-5.195,-1.071,-0.102,-0.274,40.950,33.600,-46.350,31.4
20:20:15.205,2806896,-9.124,2.564,-4.772,-1.106,-0.268,-0.325,41.550,36.150,-43.650,31.5
20:20:15.264,2806950,-9.517,4.317,-4.379,-1.285,-0.181,-0.363,41.550,36.150,-43.650,31.3
20:20:15.325,2807004,-10.508,3.108,-3.962,-1.751,-0.338,-0.413,43.200,37.800,-40.500,31.6
20:20:15.385,2807058,-10.178,4.453,-3.838,-1.648,-0.419,-0.608,43.200,37.800,-40.500,31.4
20:20:15.445,2807112,-8.827,3.089,-1.999,-1.149,-0.608,-1.067,43.200,37.800,-40.500,31.4
20:20:15.504,2807166,-6.045,-2.052,0.053,-0.402,-0.398,-1.314,43.200,37.800,-40.500,31.4
20:20:15.564,2807220,-10.862,1.109,-4.379,0.248,0.127,-0.482,48.900,33.000,-30.150,31.1
20:20:15.625,2807274,-11.519,2.813,-1.714,-2.086,0.002,-0.812,48.900,33.000,-30.150,31.2
20:20:15.684,2807328,-8.861,-3.522,-4.082,-0.942,0.419,-0.735,49.500,33.150,-31.050,31.3
20:20:15.685,2807382,-7.688,-0.520,0.725,-0.733,0.262,-0.059,49.500,33.150,-31.050,31.5
20:20:15.744,2807436,-7.968,-0.014,-1.302,-1.302,-0.036,0.107,49.500,33.150,-31.050,31.6
20:20:15.805,2807490,-9.105,0.306,-0.699,-0.763,0.017,0.129,50.550,33.600,-27.750,31.4
20:20:15.866,2807544,-10.458,2.890,-1.623,-1.271,0.181,0.451,50.550,33.600,-27.750,31.4
20:20:15.925,2807598,-15.840,1.726,-3.582,-1.665,0.488,0.104,49.350,36.900,-24.900,31.3
20:20:15.984,2807652,-16.333,6.742,-1.628,-1.101,0.301,0.551,49.350,36.900,-24.900,31.4
20:20:16.044,2807706,-14.013,4.494,-2.468,-1.199,0.427,0.556,49.350,36.900,-24.900,31.0
20:20:16.104,2807760,-11.485,3.213,-0.613,-0.526,0.456,0.200,49.350,36.900,-24.900,31.3
20:20:16.166,2807814,-9.665,3.048,-1.834,-0.769,0.358,0.058,48.150,41.850,-20.250,31.4
20:20:16.226,2807868,-8.985,1.652,-1.923,-0.861,0.003,-0.607,48.150,41.850,-20.250,31.2
20:20:16.226,2807922,-8.528,2.330,-3.199,-0.315,0.019,-0.723,48.750,41.700,-18.600,31.4
20:20:16.284,2807976,-7.518,0.089,-3.179,-0.216,-0.215,-0.826,51.300,39.300,-17.100,31.4
20:20:16.346,2808030,-8.198,2.751,-2.358,-0.176,-0.030,-1.147,51.300,39.300,-17.100,31.2
20:20:16.405,2808084,-8.181,0.005,-0.962,-0.294,-0.244,-0.801,53.550,36.300,-14.250,31.3
20:20:16.464,2808138,-8.128,1.094,-1.812,0.006,-0.112,-0.980,53.550,36.300,-14.250,31.3
20:20:16.524,2808192,-7.415,0.943,-0.721,-0.104,-0.379,-0.918,57.750,31.200,-12.750,31.1
20:20:16.586,2808246,-7.728,1.520,-1.008,0.606,-0.288,-1.231,57.750,31.200,-12.750,31.4
20:20:16.644,2808300,-10.003,1.022,-0.108,1.153,-0.452,-2.299,59.400,24.900,-10.050,31.4
20:20:16.705,2808354,-4.848,-3.790,-0.098,0.504,0.145,-2.280,59.400,24.900,-10.050,31.5
20:20:16.764,2808408,-8.092,3.979,-0.579,3.409,0.669,0.149,59.550,14.250,-11.250,31.4
20:20:16.765,2808462,-7.515,-1.844,-3.235,-1.025,0.389,0.353,59.550,14.250,-11.250,31.3
20:20:16.824,2808516,-8.535,-2.430,-3.730,1.428,0.986,1.318,59.550,14.250,-11.250,31.3
20:20:16.885,2808570,-8.801,-2.049,-2.401,-0.433,0.506,0.847,59.550,14.250,-11.250,31.5
20:20:16.945,2808624,-8.622,-2.863,-3.879,0.012,0.433,0.870,60.600,24.300,-18.600,31.5
20:20:17.005,2808678,-10.070,2.411,-1.511,-0.505,0.431,0.787,60.300,28.200,-21.450,31.2
20:20:17.065,2808732,-8.006,0.766,-2.641,0.357,0.576,0.987,60.300,28.200,-21.450,31.6
20:20:17.125,2808786,-6.558,-0.397,-4.094,-0.655,0.237,0.849,60.300,28.200,-21.450,31.3
20:20:17.184,2808840,-7.898,-0.180,-3.479,-0.594,0.150,0.982,60.300,28.200,-21.450,31.3
20:20:17.245,2808894,-7.796,0.204,-4.647,-0.540,0.101,0.988,54.300,34.800,-25.200,31.4
20:20:17.304,2808948,-9.424,3.651,-3.225,-0.472,0.388,0.637,54.300,34.800,-25.200,31.3
20:20:17.365,2809002,-9.309,1.049,-4.360,-0.383,-0.202,0.337,52.500,42.450,-23.400,31.3
20:20:17.366,2809056,-10.257,6.299,-2.428,-0.731,0.097,-0.281,52.500,42.450,-23.400,31.3
20:20:17.425,2809110,-8.083,0.230,-2.382,0.067,-0.145,-0.537,51.300,40.200,-23.700,31.0
20:20:17.485,2809164,-10.281,4.669,-3.790,-1.191,0.097,-0.014,51.300,40.200,-23.700,31.1
20:20:17.544,2809218,-10.776,3.242,-2.255,-0.120,0.397,-0.391,53.700,40.350,-21.000,31.3
20:20:17.605,2809272,-10.812,4.190,-2.488,-1.383,0.120,-0.321,53.400,37.650,-21.750,31.4
20:20:17.664,2809326,-9.957,3.879,-2.124,0.003,0.196,-0.598,53.400,37.650,-21.750,31.4
20:20:17.725,2809380,-9.625,2.682,-1.796,-0.481,-0.031,-0.511,53.250,35.850,-19.650,31.4
20:20:17.785,2809434,-9.888,3.304,-1.609,-0.441,0.019,-0.305,53.250,35.850,-19.650,31.5
20:20:17.845,2809488,-9.814,3.060,-1.846,-0.660,-0.182,-0.247,55.500,33.150,-20.400,31.4
20:20:17.846,2809542,-9.246,1.824,-1.851,-0.314,-0.062,-0.345,55.500,33.150,-20.400,31.4
20:20:17.905,2809596,-9.653,2.701,-1.755,-0.515,-0.192,-0.319,55.500,33.150,-20.400,31.2
20:20:17.965,2809650,-9.088,1.293,-1.767,-0.321,-0.174,-0.293,55.500,33.150,-20.400,31.2
20:20:18.025,2809704,-8.811,0.814,-1.702,-0.056,-0.193,-0.197,56.400,31.500,-17.250,31.3
20:20:18.084,2809758,-9.129,1.427,-2.318,-0.090,-0.034,-0.307,56.400,31.500,-17.250,31.4
20:20:18.145,2809812,-9.670,1.338,-1.975,-0.112,-0.019,-0.273,56.550,29.700,-16.050,31.6
20:20:18.205,2809866,-12.186,2.037,-2.655,-0.347,0.281,-0.351,56.550,29.700,-16.050,31.3
20:20:18.265,2809920,-18.857,3.539,-3.285,-0.110,0.189,0.231,56.550,29.700,-16.050,31.3
20:20:18.325,2809974,-15.615,2.342,-3.340,-0.336,-0.292,0.530,58.050,29.250,-17.550,31.3
20:20:18.384,2810028,-12.708,2.186,-1.942,-0.226,-0.191,0.525,58.050,29.250,-17.550,31.4
20:20:18.385,2810082,-9.100,0.548,-1.836,-0.133,-0.077,0.448,57.450,31.500,-13.650,31.1
20:20:18.445,2810136,-7.829,1.087,-1.623,0.203,0.276,0.093,57.450,31.500,-13.650,31.3
20:20:18.504,2810190,-8.042,0.412,-1.757,-0.573,0.139,-0.116,58.050,33.150,-13.050,31.3
20:20:18.565,2810244,-10.116,2.655,-2.021,0.082,0.250,-0.380,58.050,33.150,-13.050,31.4
20:20:18.624,2810298,-9.524,-0.031,-2.775,-0.636,-0.166,-0.361,58.650,32.250,-12.600,31.3
20:20:18.686,2810352,-9.191,1.808,-1.125,0.019,0.013,-0.629,58.650,32.250,-12.600,31.2
20:20:18.746,2810406,-7.865,0.074,-2.356,-0.577,-0.325,-0.416,58.650,32.250,-12.600,31.4
20:20:18.805,2810460,-8.519,0.821,-1.329,0.485,-0.137,-1.021,60.600,28.200,-9.750,31.4
20:20:18.864,2810514,-6.835,0.024,-2.861,0.336,-0.323,-0.903,60.600,28.200,-9.750,31.4
20:20:18.925,2810568,-7.195,0.163,-2.650,1.408,-0.173,-1.133,62.850,20.400,-10.500,31.3
20:20:18.925,2810622,-9.244,1.690,-0.852,1.562,0.021,-1.024,62.850,20.400,-10.500,31.1
20:20:18.984,2810676,-5.136,-6.407,-1.707,0.990,-0.623,-2.258,62.850,20.400,-10.500,31.3
20:20:19.044,2810730,-8.210,0.718,-4.324,2.662,0.526,-0.290,62.850,20.400,-10.500,31.3
20:20:19.104,2810784,-5.914,2.083,-1.930,0.804,0.598,2.063,62.850,10.050,-9.000,31.5
20:20:19.166,2810838,-4.293,3.922,-2.413,-1.347,0.702,2.569,62.850,10.050,-9.000,31.2
20:20:19.225,2810892,-7.642,-1.700,-1.654,-0.058,0.318,2.127,62.850,24.750,-13.050,31.4
20:20:19.284,2810946,-8.686,2.387,-1.844,0.234,0.192,1.308,62.850,24.750,-13.050,31.4
20:20:19.344,2811000,-9.814,3.227,-3.136,0.420,0.122,0.829,62.850,24.750,-13.050,31.3
20:20:19.405,2811054,-8.997,-1.125,-2.497,-0.260,-0.240,0.546,62.850,24.750,-13.050,31.0
20:20:19.465,2811108,-9.754,2.705,-3.563,-0.107,0.036,0.622,57.300,37.800,-15.600,31.2
20:20:19.466,2811162,-9.986,0.393,-1.092,-0.457,-0.046,0.462,57.000,38.550,-17.550,31.3
20:20:19.526,2811216,-11.507,4.082,-1.887,-0.215,0.231,0.428,57.000,38.550,-17.550,31.3
20:20:19.585,2811270,-10.190,1.901,-1.006,-0.294,0.100,0.285,55.650,40.650,-18.450,31.3
20:20:19.645,2811324,-9.361,3.512,-2.890,-0.313,-0.084,0.014,55.650,40.650,-18.450,31.3
20:20:19.704,2811378,-9.215,2.880,-2.691,-0.268,0.011,-0.187,53.700,39.150,-16.950,31.3
20:20:19.764,2811432,-10.254,2.150,-2.442,-0.337,-0.009,-0.314,53.700,39.150,-16.950,31.4
20:20:19.824,2811486,-9.737,3.132,-1.176,-0.175,0.050,-0.514,53.700,39.150,-16.950,31.3
20:20:19.886,2811540,-9.902,2.373,-1.721,-0.220,-0.043,-0.543,53.700,39.150,-16.950,31.2
20:20:19.945,2811594,-10.345,2.595,-1.463,-0.026,0.182,-0.453,55.050,35.550,-17.100,31.3
20:20:20.006,2811648,-10.460,2.040,-1.630,-0.380,0.107,-0.358,55.050,35.550,-17.100,31.3
20:20:20.006,2811702,-9.989,1.413,-1.391,-0.068,0.182,-0.306,55.800,32.400,-18.600,31.4
20:20:20.065,2811756,-9.902,1.961,-1.793,-0.338,0.130,-0.352,55.800,32.400,-18.600,31.3
20:20:20.124,2811810,-9.663,1.391,-2.243,-0.127,0.232,-0.221,55.800,32.400,-18.600,31.4
20:20:20.184,2811864,-10.013,1.690,-1.824,-0.258,0.207,-0.201,57.450,31.800,-19.500,31.3
20:20:20.244,2811918,-9.890,1.453,-2.224,-0.098,0.195,-0.195,57.450,31.800,-19.500,31.5
20:20:20.304,2811972,-10.058,1.839,-2.291,-0.217,0.058,-0.113,57.150,31.500,-18.750,31.1
20:20:20.364,2812026,-9.843,1.106,-1.882,-0.262,-0.174,-0.151,57.150,31.500,-18.750,31.3
20:20:20.424,2812080,-9.562,2.320,-2.325,0.122,-0.118,-0.297,57.750,30.150,-18.900,31.3
20:20:20.484,2812134,-9.890,2.006,-2.191,-0.208,-0.214,-0.247,57.750,30.150,-18.900,31.2
20:20:20.544,2812188,-9.912,0.582,-2.356,-0.054,-0.021,-0.361,58.500,27.750,-17.850,31.3
20:20:20.545,2812242,-10.104,1.396,-2.085,-0.234,-0.118,-0.275,58.500,27.750,-17.850,31.4
20:20:20.605,2812296,-9.560,0.304,-2.057,-0.012,-0.099,-0.241,58.950,27.600,-17.700,31.3
20:20:20.664,2812350,-9.311,0.249,-2.078,0.160,-0.058,-0.188,59.400,26.100,-17.250,31.3
20:20:20.725,2812404,-9.340,0.314,-1.832,-0.057,-0.074,-0.123,59.400,26.100,-17.250,31.5
20:20:20.784,2812458,-9.464,0.424,-1.776,-0.081,-0.031,-0.131,59.700,25.200,-18.450,31.3
20:20:20.846,2812512,-9.663,0.594,-1.973,-0.022,0.015,-0.167,59.700,25.200,-18.450,31.2
20:20:20.906,2812566,-9.907,0.778,-2.342,-0.005,-0.006,-0.212,59.700,25.200,-18.450,31.7
20:20:20.965,2812620,-9.632,-0.318,-2.241,0.019,-0.090,-0.177,59.700,25.200,-18.450,31.3
20:20:21.024,2812674,-9.845,-0.084,-1.985,0.236,-0.146,-0.140,60.600,23.550,-17.100,31.3
20:20:21.084,2812728,-11.270,0.575,-2.239,0.023,-0.070,0.037,60.600,23.550,-17.100,31.4
20:20:21.085,2812782,-12.625,0.634,-2.081,-0.513,-0.028,0.531,62.100,23.550,-17.850,31.4
20:20:21.145,2812836,-14.147,0.776,-2.540,-0.347,-0.005,0.933,62.100,23.550,-17.850,31.4
20:20:21.205,2812890,-13.151,1.288,-1.714,-0.084,-0.262,1.335,62.100,23.550,-17.850,31.2
20:20:21.265,2812944,-10.879,1.674,-1.104,0.260,-0.280,1.037,58.500,31.950,-14.250,31.2
20:20:21.324,2812998,-9.780,3.091,-0.929,-0.237,-0.294,0.750,58.500,31.950,-14.250,31.3
20:20:21.386,2813052,-8.672,1.034,0.290,0.157,-0.036,0.348,57.000,38.550,-12.750,31.4
20:20:21.444,2813106,-9.012,1.250,-1.525,0.058,0.014,-0.052,57.000,38.550,-12.750,31.4
20:20:21.505,2813160,-9.366,2.808,-1.597,-0.137,0.046,0.073,57.450,37.200,-12.150,31.5
20:20:21.565,2813214,-9.917,0.661,-1.070,-0.758,-0.286,-0.084,57.450,37.200,-12.150,31.4
20:20:21.626,2813268,-9.629,2.523,-1.286,0.536,0.015,-0.565,56.550,36.600,-9.450,31.2
20:20:21.626,2813322,-9.141,3.682,-2.009,0.339,0.195,-0.743,56.550,36.600,-9.450,31.2
20:20:21.685,2813376,-8.497,0.089,0.129,-0.639,-0.083,-0.551,58.050,35.100,-10.500,31.4
20:20:21.744,2813430,-8.691,2.394,-2.811,-1.118,0.031,-0.748,58.050,35.100,-10.500,31.2
20:20:21.866,2813484,-8.823,0.335,0.271,-0.074,0.076,-1.065,60.900,30.300,-8.850,31.1
20:20:21.866,2813538,-8.147,-0.134,-0.828,0.122,-0.270,-1.231,60.900,30.300,-8.850,31.4
20:20:21.925,2813592,-8.504,0.393,-0.474,0.800,-0.237,-1.232,61.950,22.950,-8.100,31.3
20:20:21.984,2813646,-9.481,-0.299,-1.204,0.669,-0.114,-1.445,61.950,22.950,-8.100,31.4
20:20:22.045,2813700,-6.486,-2.526,-1.231,0.191,-0.423,-1.996,61.950,22.950,-8.100,31.5
20:20:22.104,2813754,-7.616,-2.739,0.527,3.071,0.269,-0.558,61.950,10.200,-5.550,31.3
20:20:22.164,2813808,-5.179,6.184,0.141,-0.647,0.596,2.338,61.950,10.200,-5.550,31.2
20:20:22.165,2813862,-4.810,-5.921,-0.541,-1.399,-0.020,2.406,62.550,16.500,-9.750,31.4
20:20:22.224,2813916,-9.627,5.131,-0.306,-0.533,0.377,2.665,62.550,16.500,-9.750,31.1
20:20:22.344,2813970,-9.414,1.422,-0.304,0.759,0.396,1.494,62.550,16.500,-9.750,31.3
20:20:22.345,2814024,-9.115,4.580,-3.359,-1.249,-0.169,1.294,62.550,16.500,-9.750,31.4
20:20:22.405,2814078,-8.988,1.743,-4.939,-0.887,-0.217,1.055,56.700,39.150,-10.650,31.3
20:20:22.464,2814132,-9.431,3.311,-2.097,0.233,0.266,0.508,56.700,39.150,-10.650,31.4
20:20:22.524,2814186,-9.957,3.041,-1.178,-0.172,-0.079,0.510,54.450,41.550,-9.600,31.3
20:20:22.585,2814240,-9.598,4.757,-2.770,0.250,0.130,0.254,53.100,42.300,-12.600,31.7
20:20:22.644,2814294,-8.732,0.838,-1.173,0.598,-0.067,0.256,53.100,42.300,-12.600,31.4
20:20:22.704,2814348,-10.343,8.049,-0.838,0.182,0.280,-0.197,53.100,42.600,-12.600,31.2
20:20:22.705,2814402,-8.689,-1.525,-1.827,0.298,0.022,0.159,53.100,42.600,-12.600,31.1
20:20:22.764,2814456,-11.459,8.660,-1.305,0.091,0.170,-0.302,53.100,42.600,-12.600,31.4
20:20:22.825,2814510,-9.064,0.383,-1.448,-0.034,-0.147,-0.455,53.100,42.600,-12.600,31.4
20:20:22.886,2814564,-9.629,5.124,-1.513,0.204,0.286,-0.517,54.150,41.100,-15.450,31.4
20:20:22.945,2814618,-9.031,0.472,-1.939,-0.321,-0.199,-0.273,54.150,41.100,-15.450,31.2
20:20:23.006,2814672,-9.206,3.328,-1.834,0.034,0.085,-0.292,54.150,39.150,-15.150,31.4
20:20:23.064,2814726,-9.498,2.179,-2.263,0.142,0.036,-0.280,54.150,39.150,-15.150,31.3
20:20:23.125,2814780,-10.048,2.820,-1.417,0.107,0.013,-0.322,54.150,39.150,-15.150,31.3
20:20:23.184,2814834,-9.261,1.796,-1.324,0.131,-0.080,-0.353,58.200,36.150,-15.900,31.1
20:20:23.244,2814888,-9.560,1.846,-1.439,0.268,0.024,-0.383,58.200,36.150,-15.900,31.1
20:20:23.245,2814942,-9.965,1.966,-1.891,0.006,0.066,-0.258,56.700,33.450,-19.050,31.4
20:20:23.305,2814996,-10.046,1.283,-1.870,0.098,0.023,-0.323,56.700,33.450,-19.050,31.4
20:20:23.366,2815050,-9.754,1.532,-1.717,0.058,-0.039,-0.272,56.700,33.450,-19.050,31.2
20:20:23.424,2815104,-9.718,1.077,-1.585,0.127,-0.039,-0.326,56.700,33.450,-19.050,31.3
20:20:23.485,2815158,-9.785,1.180,-1.896,0.028,0.119,-0.203,57.000,31.200,-17.850,31.3
20:20:23.544,2815212,-10.307,1.171,-1.669,-0.104,0.060,-0.156,57.000,31.200,-17.850,31.2
20:20:23.664,2815266,-10.029,1.032,-1.724,-0.188,-0.063,-0.162,58.650,29.100,-19.050,31.3
20:20:23.665,2815320,-9.859,0.907,-1.386,-0.056,-0.139,-0.353,58.650,29.100,-19.050,31.2
20:20:23.725,2815374,-11.545,0.510,-2.114,0.293,-0.013,-0.275,59.250,29.250,-18.600,31.2
20:20:23.784,2815428,-15.524,4.051,-3.373,-0.004,0.311,-0.124,57.900,28.350,-19.050,31.6
20:20:23.785,2815482,-15.136,1.867,-2.437,-0.181,-0.090,0.657,57.900,28.350,-19.050,31.2
20:20:23.845,2815536,-11.061,1.123,-1.408,-0.148,0.111,0.605,57.900,28.350,-19.050,31.3
20:20:23.904,2815590,-10.111,0.395,-0.493,-0.035,0.129,0.177,57.900,28.350,-19.050,31.3
20:20:23.965,2815644,-9.428,-0.211,-1.159,0.305,0.210,0.027,58.950,33.450,-16.500,31.1
20:20:24.025,2815698,-9.424,-0.062,-0.330,0.546,0.097,-0.118,58.950,33.450,-16.500,31.4
20:20:24.085,2815752,-9.251,0.019,-1.516,-0.113,0.035,-0.211,58.500,33.600,-17.850,31.3
20:20:24.145,2815806,-8.882,1.587,-2.428,0.144,0.114,-0.582,58.500,33.600,-17.850,31.2
20:20:24.204,2815860,-9.151,1.197,-1.662,-0.197,0.119,-0.432,58.500,33.600,-17.850,31.3
20:20:24.265,2815914,-7.633,-1.511,-2.401,-0.534,0.159,-0.512,58.500,33.600,-17.850,31.3
20:20:24.324,2815968,-9.182,2.928,-2.342,0.179,0.172,-0.896,61.200,28.800,-17.250,31.1
20:20:24.325,2816022,-7.879,-1.092,-2.600,0.011,-0.029,-0.769,63.300,25.800,-17.100,31.2
20:20:24.385,2816076,-8.006,-1.008,-1.319,0.653,-0.553,-0.792,63.300,25.800,-17.100,31.2
20:20:24.444,2816130,-8.780,2.358,-3.077,0.913,-0.374,-1.100,63.600,19.650,-14.850,31.4
20:20:24.504,2816184,-8.466,-1.640,-0.769,-0.341,-0.601,-2.054,63.600,19.650,-14.850,31.2
20:20:24.565,2816238,-4.717,-7.681,-1.302,2.021,0.003,-2.281,64.050,9.600,-11.700,31.5
20:20:24.624,2816292,-8.624,6.517,-6.091,3.316,0.779,1.518,64.050,9.600,-11.700,31.2
20:20:24.685,2816346,-4.343,0.204,3.153,-0.520,0.472,1.329,63.600,8.850,-14.550,31.2
20:20:24.745,2816400,-7.393,-8.519,-1.571,1.261,0.555,2.225,63.600,8.850,-14.550,31.4
20:20:24.805,2816454,-9.069,2.674,-2.006,-0.302,0.560,2.242,63.450,20.550,-19.500,31.4
20:20:24.866,2816508,-9.225,-0.309,-3.402,-0.152,-0.015,1.622,63.450,20.550,-19.500,31.4
20:20:24.866,2816562,-11.064,0.723,-1.894,-0.329,0.033,0.977,60.600,32.400,-20.700,31.4
20:20:24.924,2816616,-9.443,0.809,-4.034,0.044,0.169,0.917,60.600,32.400,-20.700,31.3
20:20:24.985,2816670,-9.388,0.201,-1.832,0.612,-0.086,0.409,60.600,32.400,-20.700,31.2
20:20:25.044,2816724,-10.092,2.176,-2.811,0.028,0.135,0.794,56.400,38.850,-23.550,31.3
20:20:25.104,2816778,-10.836,1.089,-3.062,-0.514,-0.239,0.365,56.400,38.850,-23.550,31.1
20:20:25.165,2816832,-10.362,2.988,-2.004,-0.134,0.136,0.244,54.000,39.300,-22.200,31.1
20:20:25.224,2816886,-10.695,2.255,-2.121,-0.574,-0.196,0.072,54.000,39.300,-22.200,31.3
20:20:25.285,2816940,-10.175,3.958,-1.975,-0.482,0.138,0.075,54.000,39.300,-22.200,31.4
20:20:25.346,2816994,-9.601,1.664,-1.686,-0.542,-0.008,-0.019,54.000,39.300,-22.200,31.4
20:20:25.404,2817048,-9.543,3.800,-1.635,-0.873,0.038,-0.173,55.650,42.600,-20.550,31.3
20:20:25.405,2817102,-9.014,1.942,-1.666,-0.431,0.175,-0.327,55.650,42.600,-20.550,31.5
20:20:25.464,2817156,-10.070,3.259,-1.547,-0.472,0.065,-0.493,54.450,40.350,-20.250,31.2
20:20:25.525,2817210,-10.116,2.935,-1.652,-0.655,-0.099,-0.586,54.450,40.350,-20.250,31.4
20:20:25.585,2817264,-9.718,2.088,-1.427,-0.359,-0.139,-0.731,56.400,37.650,-19.800,31.3
20:20:25.644,2817318,-9.517,2.440,-1.188,-0.197,-0.280,-0.953,57.150,32.550,-17.700,31.2
20:20:25.706,2817372,-9.151,0.723,-0.682,-0.177,-0.201,-1.014,57.150,32.550,-17.700,31.2
20:20:25.764,2817426,-10.092,0.864,-0.089,0.230,-0.092,-1.041,57.150,32.550,-17.700,31.1
20:20:25.825,2817480,-13.589,0.505,-0.393,0.210,-0.033,-0.697,57.150,32.550,-17.700,31.5
20:20:25.885,2817534,-15.316,-0.354,-1.427,0.266,0.416,0.161,60.150,23.250,-16.200,31.2
20:20:25.944,2817588,-14.648,1.403,-1.183,-0.258,0.480,0.758,60.150,23.250,-16.200,31.4
20:20:25.945,2817642,-11.394,-0.579,-1.092,-0.386,0.272,1.086,60.300,28.500,-18.600,31.3
20:20:26.005,2817696,-10.520,0.108,-1.659,-0.259,0.253,0.840,60.300,28.500,-18.600,31.1
20:20:26.064,2817750,-11.006,1.425,-2.303,0.395,0.192,0.581,60.300,28.500,-18.600,31.2
20:20:26.125,2817804,-10.297,1.142,-1.884,-0.218,0.031,0.315,60.300,28.500,-18.600,31.3
20:20:26.184,2817858,-8.631,0.797,-2.670,-0.052,0.047,0.002,58.650,34.500,-18.000,31.4
20:20:26.245,2817912,-9.708,2.224,-2.804,-0.353,0.046,0.029,58.950,36.450,-17.250,31.3
20:20:26.304,2817966,-8.068,1.006,-2.480,-0.163,0.199,-0.188,58.950,36.450,-17.250,31.6
20:20:26.364,2818020,-8.260,2.739,-2.969,-0.165,0.471,-0.554,58.050,34.350,-17.850,31.4
20:20:26.425,2818074,-7.499,0.692,-2.574,-1.156,0.323,-0.600,58.050,34.350,-17.850,31.3
20:20:26.485,2818128,-8.272,2.512,-3.321,-0.380,0.070,-0.984,61.350,32.850,-17.550,31.4
20:20:26.486,2818182,-7.039,-2.030,-0.388,-0.021,-0.228,-0.979,61.350,32.850,-17.550,31.1
20:20:26.545,2818236,-7.920,1.985,-2.622,0.252,-0.328,-0.851,63.450,27.150,-16.500,31.1
20:20:26.604,2818290,-8.753,0.261,-1.592,0.367,-0.369,-0.528,63.450,27.150,-16.500,31.3
20:20:26.665,2818344,-8.696,-0.213,-1.391,-0.106,-0.521,-0.391,62.700,24.900,-13.950,31.4
20:20:26.724,2818398,-11.870,2.049,-1.381,0.410,-0.364,-1.479,62.700,24.900,-13.950,31.4
20:20:26.785,2818452,-8.775,-4.915,-0.268,0.378,-0.372,-2.169,63.300,19.650,-12.300,31.2
20:20:26.844,2818506,-6.105,-1.446,0.208,0.771,-0.254,-2.160,63.300,19.650,-12.300,31.4
20:20:26.905,2818560,-10.029,3.517,-7.120,2.128,0.450,1.178,63.300,19.650,-12.300,31.3
20:20:26.964,2818614,-6.191,-5.511,-0.862,-1.478,0.021,-0.139,64.200,10.500,-10.650,31.4
20:20:27.024,2818668,-8.844,-1.808,-2.588,1.374,0.562,1.773,64.200,10.500,-10.650,31.2
20:20:27.025,2818722,-7.106,0.673,-2.150,-1.359,0.313,1.985,64.200,18.300,-13.650,31.2
20:20:27.084,2818776,-7.396,-0.354,-2.820,0.581,0.298,1.924,64.200,18.300,-13.650,31.4
20:20:27.144,2818830,-9.467,1.211,-0.661,-0.072,0.018,1.346,64.200,18.300,-13.650,31.6
20:20:27.265,2818884,-7.269,-0.359,-3.610,0.341,0.337,0.916,64.200,18.300,-13.650,31.3
20:20:27.265,2818938,-8.938,1.386,-2.844,-0.612,-0.077,1.179,60.300,34.800,-16.800,31.4
20:20:27.384,2818992,-9.744,3.517,-1.245,0.021,0.638,0.930,60.300,34.800,-16.800,31.4
20:20:27.385,2819046,-6.931,-2.397,-4.575,-0.752,-0.290,0.489,58.050,38.550,-16.350,31.4
20:20:27.504,2819100,-9.761,4.513,-2.413,0.610,0.512,0.141,58.050,38.550,-16.350,31.3
20:20:27.505,2819154,-8.198,1.858,-2.679,-0.815,0.644,0.600,56.250,41.250,-18.600,31.4
20:20:27.565,2819208,-9.771,2.102,-4.171,-0.007,0.556,-0.188,54.900,42.600,-19.050,31.1
20:20:27.566,2819262,-10.317,2.246,-3.407,-0.337,0.218,-0.273,54.900,42.600,-19.050,31.3
20:20:27.624,2819316,-10.233,3.843,-3.512,0.213,0.058,-0.514,56.250,42.450,-21.150,31.3
20:20:27.684,2819370,-10.736,4.300,-2.636,-0.162,0.179,-0.456,56.250,42.450,-21.150,31.3
20:20:27.744,2819424,-10.271,2.504,-2.646,-0.946,-0.039,-0.664,58.050,37.050,-22.200,31.4
20:20:27.804,2819478,-9.644,3.541,-3.086,-0.477,0.145,-0.745,58.050,37.050,-22.200,31.6
20:20:27.864,2819532,-9.313,0.666,-2.600,-1.066,-0.059,-0.628,58.200,34.950,-21.000,31.4
20:20:27.924,2819586,-10.293,3.239,-2.162,-0.606,0.093,-0.625,58.200,34.950,-21.000,31.3
20:20:27.984,2819640,-10.812,0.893,-2.449,-0.596,0.176,-0.559,58.200,34.950,-21.000,31.3
20:20:28.045,2819694,-11.052,2.203,-2.188,-0.487,0.129,-0.232,58.200,34.950,-21.000,31.3
20:20:28.105,2819748,-10.099,0.553,-1.654,-0.384,0.104,-0.184,60.450,29.550,-19.800,31.4
20:20:28.106,2819802,-9.618,1.355,-1.482,-0.040,0.107,-0.247,59.400,26.850,-18.000,31.3
20:20:28.164,2819856,-9.570,1.257,-1.994,0.004,0.139,-0.240,59.400,26.850,-18.000,31.4
20:20:28.224,2819910,-10.125,0.778,-1.853,0.041,0.255,-0.079,59.400,26.850,-18.000,31.4
20:20:28.284,2819964,-11.198,0.766,-1.872,0.153,0.092,0.322,59.400,26.850,-18.000,31.2
20:20:28.346,2820018,-9.840,1.171,-1.662,0.195,-0.090,0.358,59.550,29.700,-20.700,31.3
20:20:28.404,2820072,-9.148,0.994,-1.982,0.509,0.109,0.275,59.550,29.700,-20.700,31.4
20:20:28.464,2820126,-8.030,0.582,-2.454,0.196,0.167,0.029,59.700,28.800,-21.000,31.1
20:20:28.524,2820180,-8.456,0.220,-2.610,0.361,0.243,-0.520,59.700,28.800,-21.000,31.2
20:20:28.586,2820234,-9.613,0.764,-2.686,0.458,0.205,-0.759,59.850,28.950,-22.950,31.3
20:20:28.644,2820288,-11.926,-0.208,-2.856,0.302,0.059,-0.443,59.850,28.950,-22.950,31.3
20:20:28.645,2820342,-15.067,1.341,-3.701,-0.483,-0.195,0.150,61.800,26.250,-24.450,31.4
20:20:28.704,2820396,-14.363,0.369,-3.110,-0.493,-0.358,0.653,60.600,26.550,-22.950,31.4
20:20:28.764,2820450,-12.649,1.614,-2.454,0.224,-0.224,0.717,60.600,26.550,-22.950,31.4
20:20:28.824,2820504,-10.087,1.566,-2.471,-0.270,-0.385,0.791,57.750,28.950,-19.650,31.4
20:20:28.886,2820558,-10.161,1.925,-2.729,-0.441,-0.497,0.455,57.750,28.950,-19.650,31.3
20:20:28.945,2820612,-8.928,1.693,-1.800,0.005,-0.243,0.179,58.800,33.150,-16.350,31.3
20:20:29.004,2820666,-8.921,1.219,-2.567,0.318,-0.007,-0.167,58.800,33.150,-16.350,31.3
20:20:29.066,2820720,-8.097,1.329,-2.545,-0.345,-0.005,0.114,58.800,33.150,-16.350,31.4
20:20:29.124,2820774,-8.890,3.053,-1.891,0.301,0.603,-0.451,58.800,33.150,-16.350,31.0
20:20:29.184,2820828,-8.447,-0.144,-1.990,-0.834,0.243,-0.400,59.700,32.250,-15.900,31.4
20:20:29.185,2820882,-8.298,2.361,-1.899,0.468,0.424,-0.624,59.700,32.250,-15.900,31.3
20:20:29.244,2820936,-7.855,0.431,-2.533,-0.958,-0.151,-0.576,59.550,30.900,-17.100,31.2
20:20:29.304,2820990,-9.141,1.760,-2.547,0.696,-0.092,-0.840,59.550,30.900,-17.100,31.4
20:20:29.365,2821044,-7.190,0.077,-2.346,0.018,-0.488,-0.917,59.550,30.900,-17.100,31.2
20:20:29.425,2821098,-9.428,2.638,-2.351,0.818,-0.304,-1.031,61.950,21.750,-13.650,31.0
20:20:29.485,2821152,-9.105,-0.630,-1.300,1.009,-0.345,-1.534,61.950,21.750,-13.650,31.4
20:20:29.544,2821206,-5.602,-2.030,-3.579,0.642,-0.560,-2.347,61.800,13.500,-11.250,31.3
20:20:29.604,2821260,-5.016,-4.913,1.214,2.569,0.639,-0.527,61.800,13.500,-11.250,31.4
20:20:29.664,2821314,-13.551,10.834,-4.762,1.678,-0.099,2.100,62.550,7.650,-11.700,31.5
20:20:29.726,2821368,-2.303,-2.083,-1.762,-0.715,-0.024,2.370,62.550,7.650,-11.700,31.4
20:20:29.726,2821422,-7.597,4.468,-0.366,1.229,0.994,2.410,62.400,19.800,-10.650,31.5
20:20:29.785,2821476,-8.277,-1.290,-1.293,-1.292,-0.360,2.006,62.400,19.800,-10.650,31.4
20:20:29.845,2821530,-10.226,1.429,-0.915,-0.282,-0.007,1.078,58.800,33.900,-12.300,31.1
20:20:29.904,2821584,-9.285,0.522,-1.518,0.383,-0.122,0.846,58.800,33.900,-12.300,31.2
20:20:29.965,2821638,-9.589,3.687,-2.088,0.170,0.064,0.773,57.450,37.200,-12.900,31.3
20:20:30.026,2821692,-9.608,1.465,-1.647,0.122,0.149,0.450,54.450,39.900,-12.600,31.3
20:20:30.084,2821746,-10.290,2.052,-3.060,-0.576,-0.264,0.508,54.450,39.900,-12.600,31.5
20:20:30.144,2821800,-10.745,4.415,0.520,0.485,0.440,-0.311,54.450,39.900,-12.600,31.4
20:20:30.205,2821854,-10.041,2.145,-1.961,-1.175,-0.034,-0.078,54.450,39.900,-12.600,31.3
20:20:30.265,2821908,-10.364,4.005,-0.385,0.307,0.335,-0.493,52.800,41.250,-14.850,31.4
20:20:30.266,2821962,-9.591,1.326,-0.678,-0.620,-0.248,-0.269,52.800,41.250,-14.850,31.4
20:20:30.324,2822016,-9.622,2.868,-0.328,-0.142,-0.037,-0.483,54.900,39.150,-12.600,31.3
20:20:30.384,2822070,-9.742,2.351,0.031,-0.492,-0.230,-0.315,54.900,39.150,-12.600,31.1
20:20:30.445,2822124,-9.972,1.647,-0.658,-0.332,-0.026,-0.459,54.900,39.150,-12.600,31.4
20:20:30.504,2822178,-10.908,3.536,-0.824,-0.522,-0.047,-0.166,54.900,39.150,-12.600,31.4
20:20:30.565,2822232,-9.957,0.340,-0.136,-0.694,-0.053,-0.276,55.050,33.900,-10.950,31.3
20:20:30.625,2822286,-10.489,4.147,-0.658,-0.053,0.152,-0.361,55.650,32.550,-10.350,31.3
20:20:30.684,2822340,-9.718,1.832,-0.831,-0.454,0.143,-0.294,55.650,32.550,-10.350,31.3
20:20:30.744,2822394,-10.199,3.055,-1.099,-0.009,0.484,-0.389,57.450,30.300,-12.150,31.6
20:20:30.804,2822448,-10.424,1.858,-1.346,-0.289,0.390,-0.222,57.450,30.300,-12.150,31.3
20:20:30.805,2822502,-10.678,1.614,-1.563,0.187,0.299,-0.196,57.900,30.600,-15.900,31.3
20:20:30.864,2822556,-10.295,1.592,-1.585,0.062,-0.034,-0.133,57.900,30.600,-15.900,31.1
20:20:30.925,2822610,-9.376,0.910,-1.496,-0.034,-0.160,-0.358,58.200,28.350,-14.700,31.3
20:20:30.984,2822664,-9.227,1.693,-1.657,0.237,-0.065,-0.313,58.200,28.350,-14.700,31.3
20:20:31.045,2822718,-9.110,0.769,-1.595,-0.011,-0.027,-0.336,57.150,28.350,-14.400,31.4
20:20:31.104,2822772,-9.677,1.635,-1.525,0.327,0.224,-0.306,57.150,28.350,-14.400,31.3
20:20:31.165,2822826,-9.680,0.022,-1.970,0.245,0.285,-0.167,60.150,27.150,-15.450,31.3
20:20:31.225,2822880,-9.960,0.285,-1.290,0.050,0.240,-0.033,60.150,27.150,-15.450,31.4
20:20:31.284,2822934,-10.221,-0.302,-1.250,0.381,0.122,0.003,60.150,27.150,-15.450,31.4
20:20:31.344,2822988,-9.850,-1.132,-2.157,0.210,-0.012,-0.276,59.850,25.800,-17.850,30.9
20:20:31.345,2823042,-9.957,0.948,-2.095,0.031,-0.121,-0.185,59.850,25.800,-17.850,31.3
20:20:31.405,2823096,-9.869,-0.280,-2.464,0.308,-0.060,-0.325,61.800,24.300,-18.900,31.3
20:20:31.465,2823150,-10.384,0.321,-2.018,0.161,-0.184,-0.160,61.800,24.300,-18.900,31.4
20:20:31.525,2823204,-9.720,-0.120,-1.772,0.263,-0.237,-0.038,61.800,24.300,-18.900,31.4
20:20:31.585,2823258,-9.220,0.005,-2.411,0.233,-0.110,-0.010,61.800,24.300,-18.900,31.6
20:20:31.644,2823312,-10.293,0.405,-2.648,-0.204,-0.245,0.085,60.150,22.200,-17.700,31.4
20:20:31.705,2823366,-11.145,0.414,-1.621,0.511,-0.145,0.095,60.150,22.200,-17.700,31.4
20:20:31.765,2823420,-10.458,-0.153,-0.824,0.353,-0.418,0.452,59.550,23.850,-18.600,31.3
20:20:31.825,2823474,-10.872,0.294,-0.316,0.350,-0.376,0.460,61.350,24.750,-15.600,31.2
20:20:31.884,2823528,-13.580,2.409,-1.336,-0.248,-0.175,0.497,61.350,24.750,-15.600,31.4
20:20:31.885,2823582,-12.833,3.220,-0.385,0.188,-0.079,0.967,57.750,27.750,-13.800,31.3
20:20:31.945,2823636,-12.526,3.268,-0.685,-0.502,0.082,1.090,57.750,27.750,-13.800,31.3
20:20:32.005,2823690,-11.315,1.511,-0.836,0.136,0.104,1.230,57.750,27.750,-13.800,31.4
20:20:32.065,2823744,-10.096,1.812,-0.330,-0.203,0.033,0.809,57.750,27.750,-13.800,31.5
20:20:32.124,2823798,-10.297,3.096,-1.053,0.568,0.199,0.149,53.700,36.150,-11.100,31.1
20:20:32.186,2823852,-8.447,0.989,-1.051,-0.325,0.128,0.062,53.700,36.150,-11.100,31.3
20:20:32.245,2823906,-9.455,3.378,-0.745,-0.215,0.378,-0.280,54.450,37.650,-11.400,31.2
20:20:32.305,2823960,-8.143,0.328,-1.434,-0.534,0.206,-0.281,54.450,37.650,-11.400,31.1
20:20:32.364,2824014,-9.316,3.828,-0.797,-0.375,0.231,-0.591,54.450,37.650,-11.400,31.3
20:20:32.424,2824068,-8.440,1.554,-1.719,-0.043,0.200,-0.919,54.450,37.650,-11.400,31.3
20:20:32.425,2824122,-7.834,0.929,-0.010,-0.051,0.133,-0.994,57.450,35.700,-9.300,31.4
20:20:32.485,2824176,-8.775,3.347,-2.100,-0.044,0.054,-0.911,58.200,30.300,-11.400,31.1
20:20:32.545,2824230,-9.582,-0.886,-1.104,-1.333,-0.130,-1.089,58.200,30.300,-11.400,31.4
20:20:32.604,2824284,-7.884,-0.627,-1.312,-0.313,-0.267,-1.254,58.200,30.300,-11.400,31.5
20:20:32.665,2824338,-8.408,-0.060,-1.623,-0.337,-0.343,-1.207,58.200,30.300,-11.400,31.3
20:20:32.724,2824392,-9.661,-0.089,-0.041,0.769,-0.347,-2.543,61.650,17.850,-4.500,31.3
20:20:32.784,2824446,-6.017,-5.181,-1.140,2.089,-0.244,-2.134,61.650,17.850,-4.500,31.1
20:20:32.845,2824500,-7.044,9.266,-2.433,1.962,0.544,1.402,60.450,5.550,-4.800,31.3
20:20:32.905,2824554,-4.590,-5.013,-3.146,0.267,0.343,2.249,60.450,5.550,-4.800,31.3
20:20:32.965,2824608,-11.413,11.169,2.162,-1.344,0.945,1.849,60.600,18.150,-6.450,31.3
20:20:32.966,2824662,-7.147,-5.619,0.563,0.940,0.335,1.584,60.600,18.150,-6.450,31.3
20:20:33.025,2824716,-10.666,5.890,-0.970,0.026,-0.100,1.829,59.700,27.600,-6.750,31.4
20:20:33.086,2824770,-8.215,-3.168,-1.489,-0.147,-0.270,0.900,59.700,27.600,-6.750,31.3
20:20:33.145,2824824,-11.669,6.263,0.448,0.300,0.226,0.863,59.700,27.600,-6.750,31.3
20:20:33.205,2824878,-8.689,-1.422,-1.956,-0.185,-0.025,0.649,55.200,37.950,-9.600,31.2
20:20:33.265,2824932,-11.363,5.023,-0.156,-0.266,-0.164,0.484,55.200,37.950,-9.600,31.3
20:20:33.325,2824986,-10.403,2.500,-0.666,0.040,0.141,0.257,55.500,39.750,-10.200,31.4
20:20:33.385,2825040,-10.238,2.550,-0.994,-0.298,-0.104,-0.042,55.500,39.750,-10.200,31.4
20:20:33.445,2825094,-9.953,3.778,-0.462,-0.194,0.145,-0.119,55.500,39.750,-10.200,31.3
20:20:33.505,2825148,-9.957,2.794,-0.431,0.130,0.430,-0.510,55.500,39.750,-10.200,31.3
20:20:33.506,2825202,-9.349,1.755,-0.974,-0.540,0.068,-0.263,54.150,37.950,-10.350,31.3
20:20:33.565,2825256,-10.013,2.952,-1.032,0.086,0.179,-0.390,54.150,37.950,-10.350,31.3
20:20:33.624,2825310,-9.852,2.157,-1.116,-0.258,-0.035,-0.219,54.900,36.450,-11.850,31.4
20:20:33.686,2825364,-10.053,1.638,-1.851,0.145,0.066,-0.205,55.650,33.750,-12.900,31.3
20:20:33.744,2825418,-10.434,2.274,-0.996,-0.091,-0.014,-0.302,55.650,33.750,-12.900,31.1
20:20:33.805,2825472,-10.118,2.780,-0.979,-0.092,0.021,-0.306,55.650,33.000,-11.850,31.4
20:20:33.926,2825526,-9.826,1.559,-0.917,-0.038,0.001,-0.315,55.650,33.000,-11.850,31.4
20:20:33.926,2825580,-9.701,1.611,-0.857,-0.169,-0.055,-0.282,55.650,33.000,-11.850,31.6
20:20:33.985,2825634,-9.708,2.325,-1.058,-0.009,0.122,-0.391,55.650,33.000,-11.850,31.4
20:20:34.045,2825688,-9.871,1.037,-0.438,-0.041,-0.015,-0.412,57.300,30.450,-12.000,31.3
20:20:34.046,2825742,-9.491,1.358,-0.960,0.017,0.038,-0.491,57.300,30.450,-12.000,31.3
20:20:34.104,2825796,-9.357,0.958,-0.907,-0.001,0.033,-0.499,56.550,28.200,-13.800,31.3
20:20:34.165,2825850,-9.443,0.333,-0.867,-0.018,0.054,-0.529,56.550,28.200,-13.800,31.1
20:20:34.225,2825904,-10.546,0.350,-1.257,-0.027,0.122,-0.521,56.550,28.200,-13.800,31.4
20:20:34.285,2825958,-12.874,0.558,-1.013,0.059,0.213,-0.311,57.900,23.250,-13.950,31.2
20:20:34.344,2826012,-16.482,1.702,-1.307,-0.099,0.100,0.286,57.900,23.250,-13.950,31.3
20:20:34.405,2826066,-14.217,0.424,-1.013,-0.229,-0.264,0.767,58.650,24.150,-14.400,31.3
20:20:34.465,2826120,-12.428,0.807,-0.804,0.251,-0.077,0.859,58.650,24.150,-14.400,31.3
20:20:34.524,2826174,-11.720,0.994,-0.474,0.074,-0.109,0.646,58.650,24.150,-14.400,31.4
20:20:34.584,2826228,-10.082,0.314,-0.871,0.076,-0.095,0.350,58.650,24.150,-14.400,31.2
20:20:34.585,2826282,-8.926,0.227,-2.109,0.177,0.125,0.156,57.150,31.800,-10.650,31.3
20:20:34.644,2826336,-9.462,1.077,-1.283,0.046,0.153,0.085,57.150,31.800,-10.650,31.2
20:20:34.705,2826390,-9.919,0.417,0.383,0.059,-0.173,-0.206,57.900,32.250,-11.850,31.4
20:20:34.765,2826444,-9.038,1.966,-2.284,0.492,-0.787,-0.404,57.900,32.250,-11.850,31.3
20:20:34.825,2826498,-7.609,-0.484,-0.843,0.827,-0.483,-0.921,57.150,30.600,-9.600,31.3
20:20:34.885,2826552,-7.870,1.906,-2.294,0.454,-0.340,-1.004,57.150,30.600,-9.600,31.6
20:20:34.944,2826606,-6.433,-2.229,-0.309,0.494,0.011,-0.873,57.450,27.900,-6.300,31.3
20:20:35.005,2826660,-9.201,3.962,-0.924,0.637,0.302,-0.926,59.400,22.950,-7.350,31.1
20:20:35.065,2826714,-8.107,-1.721,-1.051,-0.553,0.053,-1.706,59.400,22.950,-7.350,31.3
20:20:35.125,2826768,-5.066,-4.793,-0.098,0.604,0.089,-2.198,60.450,12.900,-6.300,31.1
20:20:35.126,2826822,-7.221,-1.520,-1.805,2.498,0.857,-0.311,60.450,12.900,-6.300,31.1
20:20:35.186,2826876,-5.772,0.862,-0.637,0.016,0.446,0.978,62.400,10.500,-9.300,31.2
20:20:35.244,2826930,-5.377,-1.951,-4.254,1.041,0.547,2.673,62.400,10.500,-9.300,31.4
20:20:35.305,2826984,-9.601,1.544,-1.300,-0.391,0.404,1.835,62.400,10.500,-9.300,31.3
20:20:35.364,2827038,-9.266,-0.821,-2.512,-0.245,-0.079,1.476,62.400,10.500,-9.300,31.3
20:20:35.425,2827092,-9.129,1.410,-1.630,-0.099,0.200,1.009,59.850,28.950,-14.850,31.2
20:20:35.484,2827146,-8.629,1.034,-1.058,0.570,0.467,0.641,59.850,28.950,-14.850,31.2
20:20:35.545,2827200,-8.969,1.372,-1.434,0.287,0.250,0.762,57.750,33.900,-15.300,31.4
20:20:35.605,2827254,-10.558,1.432,-1.738,0.035,0.244,0.636,57.750,33.900,-15.300,31.2
20:20:35.665,2827308,-10.803,3.876,-0.936,0.599,0.373,0.422,57.750,33.900,-15.300,31.4
20:20:35.666,2827362,-9.510,1.073,-1.415,-0.174,-0.222,0.523,54.300,38.550,-21.150,31.4
20:20:35.724,2827416,-9.826,5.054,-3.409,0.410,0.270,0.286,54.300,38.550,-21.150,31.2
20:20:35.784,2827470,-9.586,1.070,-1.274,-0.371,-0.150,0.294,54.000,39.750,-20.700,31.4
20:20:35.845,2827524,-9.718,5.751,-1.889,-0.650,0.048,-0.056,54.000,39.750,-20.700,31.4
20:20:35.905,2827578,-8.775,0.699,-1.451,-0.477,-0.038,-0.251,54.150,42.600,-21.000,31.4
20:20:35.965,2827632,-10.130,5.236,-2.145,-0.524,0.091,-0.482,54.150,42.600,-21.000,31.4
20:20:36.024,2827686,-9.618,1.563,-1.894,-0.596,-0.059,-0.420,53.400,40.350,-18.750,31.4
20:20:36.085,2827740,-9.692,1.168,-1.154,-0.173,0.042,-0.606,53.400,40.350,-18.750,31.3
20:20:36.145,2827794,-10.163,4.214,-1.978,-0.175,-0.028,-0.650,53.400,40.350,-18.750,31.2
20:20:36.204,2827848,-10.027,-0.543,-1.238,-0.155,-0.112,-0.706,56.700,34.200,-16.500,31.4
20:20:36.205,2827902,-10.436,2.763,-1.451,-0.192,-0.132,-0.675,56.700,34.200,-16.500,31.4
20:20:36.264,2827956,-8.957,-0.091,-0.898,-0.451,-0.005,-0.532,58.800,30.450,-17.550,31.4
20:20:36.325,2828010,-9.670,1.647,-1.336,0.013,0.370,-0.661,58.800,30.450,-17.550,31.3
20:20:36.385,2828064,-9.730,-0.646,-1.063,-0.156,0.287,-0.654,58.800,30.450,-17.550,31.3
20:20:36.445,2828118,-10.293,-1.039,-2.169,0.545,0.197,-0.487,58.800,30.450,-17.550,31.4
20:20:36.504,2828172,-12.570,0.170,-1.302,0.366,0.061,0.029,59.850,25.050,-20.700,31.5
20:20:36.564,2828226,-16.139,0.998,-3.304,-0.535,-0.049,0.683,59.850,25.050,-20.700,31.1
20:20:36.624,2828280,-15.505,1.123,-2.519,-0.185,-0.025,1.209,59.250,26.250,-20.400,31.1
20:20:36.685,2828334,-13.903,5.296,-1.451,-0.286,-0.008,1.356,59.250,26.250,-20.400,31.4
20:20:36.744,2828388,-9.847,-1.018,-0.757,-0.207,0.037,0.533,57.300,33.150,-19.350,31.3
20:20:36.745,2828442,-10.376,3.057,-1.755,-0.199,0.236,0.446,56.250,37.050,-16.350,31.4
20:20:36.805,2828496,-10.719,0.342,-1.580,-0.542,0.419,0.389,56.250,37.050,-16.350,31.3
20:20:36.865,2828550,-9.110,1.963,-3.033,0.302,0.541,-0.143,56.250,37.050,-16.350,31.2
20:20:36.925,2828604,-7.836,0.745,-1.738,0.432,0.401,-0.652,56.250,37.050,-16.350,31.4
20:20:36.985,2828658,-6.653,2.444,-0.974,-0.229,0.255,-0.760,57.450,35.250,-18.750,31.6
20:20:37.045,2828712,-6.134,1.137,-3.704,-0.914,-0.067,-0.916,57.450,35.250,-18.750,31.1
20:20:37.104,2828766,-6.800,-0.783,-1.729,0.010,-0.240,-1.053,58.950,30.300,-17.250,31.4
20:20:37.165,2828820,-6.737,1.544,-3.704,0.065,-0.663,-0.905,58.950,30.300,-17.250,31.3
20:20:37.224,2828874,-7.523,0.429,0.486,1.412,0.136,-0.786,58.950,30.300,-17.250,31.6
20:20:37.284,2828928,-8.933,3.007,-2.217,0.101,-0.205,-0.733,58.950,30.300,-17.250,31.4
20:20:37.285,2828982,-7.966,-1.736,-1.298,-1.031,-0.705,-2.382,62.550,20.400,-16.350,31.4
20:20:37.345,2829036,-7.087,-5.464,-3.656,3.452,0.493,-2.038,63.150,20.400,-16.350,31.4
20:20:37.405,2829090,-4.803,5.365,-1.566,-0.792,0.102,1.394,63.150,8.250,-14.700,31.4
20:20:37.465,2829144,-4.992,-5.200,-2.660,1.398,0.591,2.899,63.150,8.250,-14.700,31.3
20:20:37.525,2829198,-9.177,2.049,-1.741,0.132,0.365,2.304,63.150,8.250,-14.700,31.2
20:20:37.584,2829252,-8.526,0.869,-2.859,-0.011,0.265,1.521,60.600,31.200,-19.650,31.2
20:20:37.645,2829306,-7.484,0.788,-1.413,0.185,-0.129,1.383,60.600,31.200,-19.650,31.3
20:20:37.706,2829360,-9.627,2.358,-1.568,1.198,0.616,1.002,57.900,36.450,-19.800,31.5
20:20:37.765,2829414,-8.938,0.034,-2.540,0.269,-0.142,0.906,57.900,36.450,-19.800,31.3
20:20:37.825,2829468,-9.747,5.200,-5.066,-0.075,0.183,0.575,54.750,40.200,-25.200,31.4
20:20:37.826,2829522,-9.972,-1.341,-3.141,0.251,-0.364,0.051,54.750,40.200,-25.200,31.3
20:20:37.884,2829576,-9.754,4.997,-4.180,1.113,0.283,-0.254,53.400,41.100,-26.100,31.2
20:20:37.945,2829630,-9.744,0.101,-2.552,-0.753,-0.370,-0.344,53.400,41.100,-26.100,31.2
20:20:38.006,2829684,-10.843,3.036,-3.275,0.331,0.112,-0.751,56.550,41.700,-27.750,31.3
20:20:38.065,2829738,-10.374,1.319,-2.624,-0.227,-0.157,-0.703,57.450,37.950,-27.900,31.3
20:20:38.125,2829792,-10.573,1.154,-3.041,-0.274,-0.095,-0.621,57.450,37.950,-27.900,31.3
20:20:38.185,2829846,-11.064,1.700,-3.146,-0.803,-0.216,-0.214,57.450,33.750,-27.150,31.4
20:20:38.244,2829900,-10.470,0.285,-2.181,-0.609,-0.552,-0.046,57.450,33.750,-27.150,31.4
20:20:38.304,2829954,-10.044,2.600,-2.804,-0.603,-0.416,0.054,57.450,33.750,-27.150,31.4
20:20:38.365,2830008,-10.209,1.472,-1.724,-0.893,-0.484,0.023,57.450,33.750,-27.150,31.3
20:20:38.366,2830062,-10.015,2.306,-1.908,-0.122,-0.186,-0.152,58.050,33.600,-20.700,31.5
20:20:38.425,2830116,-9.606,1.889,-0.713,-0.786,-0.428,-0.356,58.050,33.600,-20.700,31.3
20:20:38.485,2830170,-8.736,1.197,-1.010,-0.041,-0.178,-0.513,59.400,33.000,-18.000,31.3
20:20:38.545,2830224,-9.888,0.170,-1.137,-0.475,-0.172,-0.389,59.400,33.000,-18.000,31.4
20:20:38.604,2830278,-12.979,1.408,-1.331,-0.386,-0.114,0.048,59.400,33.000,-18.000,31.4
20:20:38.665,2830332,-15.131,1.832,-0.146,-0.257,0.015,0.527,56.700,33.450,-15.900,31.4
20:20:38.725,2830386,-15.663,5.976,-0.194,-0.287,-0.016,0.941,56.700,33.450,-15.900,31.3
20:20:38.785,2830440,-11.789,2.392,0.261,-0.382,0.080,0.840,55.950,35.700,-13.650,31.4
20:20:38.846,2830494,-10.338,4.149,-0.127,0.070,0.469,0.392,55.950,35.700,-13.650,31.5
20:20:38.904,2830548,-9.155,0.974,-0.929,-0.328,0.336,0.258,53.250,39.300,-14.850,31.4
20:20:38.905,2830602,-10.180,3.457,-0.970,-0.368,0.458,-0.027,53.250,39.300,-14.850,31.1
20:20:38.964,2830656,-9.531,-0.338,-1.894,-0.106,0.376,-0.219,55.200,38.850,-13.200,31.0
20:20:39.024,2830710,-9.261,1.602,-1.640,-1.121,0.212,0.014,55.200,38.850,-13.200,31.6
20:20:39.085,2830764,-8.294,1.796,-1.841,0.096,0.589,-0.605,55.050,38.550,-12.300,31.4
20:20:39.144,2830818,-8.801,0.809,-1.686,-0.646,0.253,-0.576,55.050,38.550,-12.300,31.4
20:20:39.205,2830872,-8.708,2.169,-1.908,-0.640,0.154,-0.705,57.000,36.300,-14.550,31.3
20:20:39.265,2830926,-8.535,1.046,-1.441,-0.568,0.176,-0.839,59.850,30.450,-13.800,31.4
20:20:39.324,2830980,-9.124,1.946,-0.429,-0.482,0.143,-1.100,59.850,30.450,-13.800,31.4
20:20:39.384,2831034,-7.209,-0.663,-1.978,-0.751,-0.337,-0.975,59.850,30.450,-13.800,31.4
20:20:39.445,2831088,-8.916,2.169,-2.112,1.081,-0.223,-1.334,59.850,30.450,-13.800,31.1
20:20:39.446,2831142,-5.176,-4.058,2.059,0.191,-0.937,-2.465,62.400,20.250,-10.350,31.2
20:20:39.506,2831196,-7.022,5.744,-4.070,5.302,0.717,-0.804,62.400,20.250,-10.350,31.2
20:20:39.564,2831250,-9.141,-2.059,-7.867,0.953,-0.127,1.345,62.550,12.750,-9.450,31.3
20:20:39.624,2831304,-4.626,2.318,-0.371,2.124,1.291,1.859,62.550,12.750,-9.450,31.3
20:20:39.685,2831358,-4.963,-0.886,-3.828,-3.065,-0.544,1.434,62.550,12.750,-9.450,31.4
20:20:39.746,2831412,-8.739,-1.307,-1.492,1.498,0.581,1.439,62.550,12.750,-9.450,31.2
20:20:39.864,2831466,-10.788,6.752,-0.034,-0.046,0.515,0.900,58.650,33.000,-15.150,31.4
20:20:39.865,2831520,-7.944,-2.377,-3.146,-0.544,0.181,0.671,56.700,34.500,-17.250,31.3
20:20:39.925,2831574,-11.097,3.725,-0.797,0.795,0.535,0.465,56.700,34.500,-17.250,31.3
20:20:39.985,2831628,-9.299,0.467,-3.397,-0.355,0.220,0.667,55.800,37.800,-21.900,31.3
20:20:39.986,2831682,-9.960,2.689,-2.397,0.918,0.354,0.100,55.800,37.800,-21.900,31.3
20:20:40.045,2831736,-9.811,2.576,-2.251,-0.869,-0.406,0.159,54.750,37.800,-22.950,31.3
20:20:40.105,2831790,-9.045,2.483,-1.798,0.053,0.097,0.047,54.750,37.800,-22.950,31.3
20:20:40.165,2831844,-9.835,2.928,-1.932,-0.926,-0.192,0.078,54.750,37.800,-22.950,31.3
20:20:40.225,2831898,-10.135,3.840,-1.504,0.042,0.111,-0.323,54.750,37.800,-22.950,31.3
20:20:40.285,2831952,-9.629,2.344,-1.932,-0.168,-0.041,-0.380,54.150,40.650,-21.750,31.4
20:20:40.344,2832006,-9.673,3.160,-2.152,-0.078,0.175,-0.390,54.150,40.650,-21.750,31.1
20:20:40.405,2832060,-10.118,1.913,-2.602,-0.597,-0.037,-0.333,53.700,37.650,-21.750,31.3
20:20:40.465,2832114,-9.914,2.873,-1.767,-0.229,0.007,-0.290,53.700,37.650,-21.750,31.5
20:20:40.524,2832168,-8.969,1.523,-1.195,-0.269,-0.119,-0.346,53.700,37.650,-21.750,31.4
20:20:40.525,2832222,-9.627,2.806,-1.963,-0.510,-0.150,-0.465,54.450,33.450,-18.000,31.4
20:20:40.585,2832276,-10.001,1.860,-1.504,-0.163,-0.094,-0.504,54.450,33.450,-18.000,31.4
20:20:40.645,2832330,-10.192,1.913,-1.920,-0.338,-0.148,-0.537,56.700,30.300,-18.750,31.3
20:20:40.704,2832384,-9.500,0.687,-1.061,-0.097,-0.106,-0.489,56.700,30.300,-18.750,31.3
20:20:40.764,2832438,-9.428,1.233,-1.532,-0.022,-0.005,-0.464,56.700,30.300,-18.750,31.2
20:20:40.824,2832492,-9.900,0.488,-0.931,-0.262,0.001,-0.321,56.700,30.300,-18.750,31.3
20:20:40.886,2832546,-9.735,0.072,-1.405,0.354,0.009,-0.366,57.900,29.100,-17.250,31.2
20:20:40.945,2832600,-11.025,0.747,-0.977,-0.270,-0.342,-0.041,57.900,29.100,-17.250,31.4
20:20:41.005,2832654,-13.223,1.032,-2.025,0.063,-0.194,-0.143,58.200,26.850,-17.700,31.4
20:20:41.066,2832708,-17.018,1.559,-2.569,-0.459,-0.435,0.910,58.200,26.850,-17.700,31.4
20:20:41.066,2832762,-14.585,1.298,-0.484,-0.266,-0.434,1.172,57.300,26.250,-14.850,31.5
20:20:41.125,2832816,-11.305,2.820,-0.268,0.236,-0.013,1.076,56.250,34.800,-13.800,31.3
20:20:41.184,2832870,-9.639,0.958,-0.450,-0.012,0.126,0.656,56.250,34.800,-13.800,31.2
20:20:41.246,2832924,-10.206,2.954,-0.335,-0.104,0.419,0.434,56.250,34.800,-13.800,31.3
20:20:41.304,2832978,-9.615,1.085,-1.267,-0.009,0.585,0.088,56.250,34.800,-13.800,31.2
20:20:41.365,2833032,-8.552,0.026,-1.293,-0.578,0.195,-0.155,55.800,37.800,-12.000,31.2
20:20:41.424,2833086,-8.887,2.684,-1.504,0.139,0.321,-0.755,55.800,37.800,-12.000,31.3
20:20:41.485,2833140,-7.779,1.185,-1.518,-0.391,-0.028,-0.834,57.000,36.300,-14.550,31.3
20:20:41.545,2833194,-7.891,0.860,-2.523,-0.267,0.280,-1.065,57.000,36.300,-14.550,31.4
20:20:41.604,2833248,-8.748,1.295,-2.260,-0.928,-0.038,-1.023,57.000,36.300,-14.550,31.2
20:20:41.605,2833302,-7.159,-0.177,-1.030,0.569,-0.706,-1.241,57.000,36.300,-14.550,31.4
20:20:41.665,2833356,-9.218,1.970,2.636,0.971,-0.382,-1.883,60.600,25.050,-10.500,31.4
20:20:41.724,2833410,-7.111,-0.431,-2.126,0.083,-0.391,-1.956,61.050,16.500,-7.950,31.3
20:20:41.785,2833464,-8.195,-1.688,-0.627,1.566,0.276,-1.346,61.050,16.500,-7.950,31.1
20:20:41.845,2833518,-9.445,-0.551,-2.885,2.117,0.135,-0.168,62.400,10.200,-7.350,31.2
20:20:41.906,2833572,-6.440,2.322,-1.223,-1.001,0.027,1.223,62.400,10.200,-7.350,31.3
20:20:41.965,2833626,-2.547,-6.100,-2.684,-0.133,0.273,2.232,60.900,17.550,-8.850,31.3
20:20:42.024,2833680,-7.649,3.816,-0.958,-0.825,1.023,1.887,60.900,17.550,-8.850,31.4
20:20:42.085,2833734,-8.708,2.574,-1.721,0.056,0.885,1.317,62.100,29.250,-13.800,31.3
20:20:42.144,2833788,-10.566,3.543,-0.057,-0.859,0.702,0.883,62.100,29.250,-13.800,31.3
20:20:42.145,2833842,-10.238,0.589,-2.270,0.320,0.640,0.551,58.800,35.850,-15.600,31.4
20:20:42.205,2833896,-8.167,-0.045,-2.413,0.711,0.117,0.515,58.800,35.850,-15.600,31.2
20:20:42.265,2833950,-10.508,7.039,-2.356,0.088,-0.261,0.299,57.150,36.450,-16.950,31.3
20:20:42.325,2834004,-8.030,-1.226,-4.405,0.907,0.023,0.343,57.150,36.450,-16.950,31.3
20:20:42.385,2834058,-12.028,8.212,-0.840,0.932,0.587,-0.313,57.150,36.450,-16.950,31.3
20:20:42.445,2834112,-8.406,1.001,-2.907,-0.836,0.159,0.302,55.200,38.850,-22.050,31.4
20:20:42.505,2834166,-9.934,4.336,-3.529,1.234,0.562,-0.498,55.200,38.850,-22.050,31.5
20:20:42.624,2834220,-8.856,2.265,-3.002,-0.250,0.086,-0.174,57.750,36.300,-24.750,31.4
20:20:42.625,2834274,-8.923,2.828,-3.692,0.597,0.502,-0.630,57.750,36.300,-24.750,31.5
20:20:42.686,2834328,-9.158,1.511,-3.543,-0.370,0.261,-0.067,57.750,36.300,-24.750,31.5
20:20:42.686,2834382,-10.036,1.920,-3.309,-0.050,0.357,-0.173,57.750,36.300,-24.750,31.4
20:20:42.745,2834436,-9.603,1.642,-3.730,-0.379,0.151,-0.135,55.950,35.700,-28.950,31.3
20:20:42.805,2834490,-9.210,0.120,-4.386,-0.372,0.297,-0.339,55.950,35.700,-28.950,31.2
20:20:42.865,2834544,-10.209,1.920,-4.336,-0.773,0.064,-0.374,57.000,34.350,-29.850,31.4
20:20:42.925,2834598,-9.574,-0.093,-4.204,-0.581,-0.007,-0.312,57.000,34.350,-29.850,31.3
20:20:42.985,2834652,-9.680,1.779,-4.142,-0.694,-0.165,-0.385,58.050,34.350,-27.300,31.4
20:20:43.045,2834706,-9.668,1.221,-3.991,-0.605,-0.080,-0.160,58.800,33.150,-26.550,31.3
20:20:43.104,2834760,-9.598,0.828,-3.282,-0.939,-0.320,-0.107,58.800,33.150,-26.550,31.6
20:20:43.165,2834814,-9.550,2.021,-3.244,-0.697,-0.122,-0.031,57.300,31.950,-23.400,31.3
20:20:43.224,2834868,-9.074,0.905,-2.658,-0.966,-0.285,0.035,57.300,31.950,-23.400,31.4
20:20:43.225,2834922,-8.425,1.346,-2.452,-0.667,-0.193,-0.107,58.650,31.800,-21.000,31.2
20:20:43.285,2834976,-9.052,1.422,-2.030,-0.534,-0.284,-0.278,58.650,31.800,-21.000,31.4
20:20:43.346,2835030,-11.217,2.856,-1.879,-0.261,-0.251,-0.168,57.750,32.400,-20.400,31.4
20:20:43.404,2835084,-15.701,1.683,-2.011,-0.320,-0.229,0.230,57.750,32.400,-20.400,31.3
20:20:43.465,2835138,-15.263,6.448,-1.968,0.204,-0.176,0.715,57.750,32.400,-20.400,31.4
20:20:43.525,2835192,-11.952,2.466,-1.927,0.055,-0.406,0.605,57.750,32.400,-20.400,31.3
20:20:43.584,2835246,-10.388,4.247,-1.267,-0.001,-0.296,0.595,57.450,37.200,-14.700,31.4
20:20:43.645,2835300,-8.882,1.626,-1.659,0.213,-0.113,0.352,55.500,38.250,-13.800,31.3
20:20:43.705,2835354,-8.648,3.108,-1.501,0.683,0.266,0.013,55.500,38.250,-13.800,31.3
20:20:43.765,2835408,-8.602,2.859,-0.333,0.094,0.386,-0.140,54.750,39.750,-13.800,31.3
20:20:43.766,2835462,-8.734,2.354,-3.321,-0.133,0.473,-0.427,54.750,39.750,-13.800,31.4
20:20:43.825,2835516,-8.715,1.805,-1.669,-0.163,0.237,-0.587,59.550,37.800,-16.350,31.4
20:20:43.884,2835570,-8.454,3.311,-3.400,-0.506,0.200,-0.767,59.550,37.800,-16.350,31.4
20:20:43.945,2835624,-7.877,-0.757,-2.035,-0.779,-0.081,-0.990,60.150,33.450,-16.200,31.4
20:20:44.004,2835678,-8.674,3.563,-2.799,0.402,0.150,-1.456,60.150,33.450,-16.200,31.5
20:20:44.065,2835732,-8.021,-0.539,-2.109,0.493,-0.333,-1.391,62.100,28.500,-16.050,31.2
20:20:44.125,2835786,-7.053,-0.204,-1.611,0.558,-0.337,-1.252,62.100,28.500,-16.050,31.3
20:20:44.186,2835840,-7.774,1.056,-3.934,-0.096,-0.405,-0.665,62.700,21.450,-13.200,31.3
20:20:44.245,2835894,-12.007,2.370,-1.817,1.220,0.292,-2.150,62.700,21.450,-13.200,31.4
20:20:44.305,2835948,-4.238,-7.626,-0.395,1.106,-0.168,-2.907,62.700,21.450,-13.200,31.5
20:20:44.306,2836002,-9.984,7.549,-6.483,3.322,0.153,-0.071,62.700,1.650,-12.150,31.2
20:20:44.364,2836056,-9.687,-1.978,-6.682,0.978,-0.078,0.430,62.700,1.650,-12.150,31.5
20:20:44.424,2836110,-2.507,-0.309,-1.911,0.446,0.821,1.683,64.800,9.150,-12.000,31.2
20:20:44.485,2836164,-6.972,0.785,-2.902,0.876,0.840,2.390,64.800,9.150,-12.000,31.4
20:20:44.544,2836218,-9.498,-1.252,-0.946,-0.582,-0.238,1.070,64.800,9.150,-12.000,31.4
20:20:44.605,2836272,-9.943,2.126,-2.662,0.837,0.696,1.144,64.800,9.150,-12.000,31.3
20:20:44.665,2836326,-9.737,-0.867,-3.857,0.185,0.124,0.371,60.900,29.100,-17.700,31.2
20:20:44.725,2836380,-9.273,1.326,-3.361,-0.511,-0.017,0.764,60.900,29.100,-17.700,31.1
20:20:44.784,2836434,-9.163,0.424,-1.920,0.217,0.276,0.288,61.050,31.200,-20.700,31.3
20:20:44.845,2836488,-10.479,-0.170,-1.487,-0.494,0.142,0.422,58.500,33.600,-20.100,31.5
20:20:44.846,2836542,-10.795,3.850,-2.919,0.098,0.132,-0.003,58.500,33.600,-20.100,31.4
20:20:44.904,2836596,-9.091,-0.390,-1.956,-0.310,-0.041,-0.038,57.900,33.000,-20.250,31.4
20:20:44.964,2836650,-11.107,4.549,-3.560,0.286,0.585,-0.330,57.900,33.000,-20.250,31.1
20:20:45.025,2836704,-10.398,-0.529,-3.158,-1.111,0.002,0.089,57.900,33.000,-20.250,31.4
20:20:45.085,2836758,-10.695,3.225,-2.751,-0.138,0.078,-0.018,57.900,33.000,-20.250,31.3
20:20:45.145,2836812,-9.931,2.322,-3.019,-0.848,-0.071,0.100,59.250,32.400,-21.450,31.2
20:20:45.204,2836866,-9.651,1.267,-2.246,-0.437,0.086,-0.117,59.250,32.400,-21.450,31.3
20:20:45.265,2836920,-9.316,1.420,-2.547,-0.527,0.129,0.081,57.300,33.150,-20.100,31.4
20:20:45.325,2836974,-9.598,2.636,-2.461,-0.151,0.035,-0.288,57.300,33.150,-20.100,31.3
20:20:45.444,2837028,-9.323,1.389,-1.820,-0.912,-0.204,-0.226,57.300,33.150,-20.100,31.4
20:20:45.445,2837082,-9.615,2.576,-2.169,-0.106,0.043,-0.286,57.300,33.150,-20.100,31.4
20:20:45.446,2837136,-10.101,2.076,-2.667,-0.389,-0.132,-0.139,58.950,32.250,-20.550,31.3
20:20:45.504,2837190,-9.716,1.709,-2.215,0.161,-0.121,-0.196,58.650,33.450,-19.500,31.1
20:20:45.564,2837244,-9.452,1.602,-1.975,0.156,-0.226,-0.335,58.650,33.450,-19.500,31.1
20:20:45.624,2837298,-9.074,2.540,-1.211,-0.196,-0.410,-0.212,57.900,30.300,-18.450,31.1
20:20:45.685,2837352,-8.997,0.891,-1.056,0.019,-0.229,-0.381,57.900,30.300,-18.450,31.4
20:20:45.744,2837406,-12.021,1.796,-1.176,0.092,-0.128,-0.327,59.700,29.550,-16.950,31.3
20:20:45.805,2837460,-16.927,2.818,-1.123,0.224,-0.082,0.147,59.700,29.550,-16.950,31.3
20:20:45.865,2837514,-15.656,1.396,-2.648,-0.162,-0.355,0.794,59.700,29.550,-16.950,31.3
20:20:45.924,2837568,-12.871,1.954,-1.317,0.630,-0.404,0.746,59.700,29.550,-16.950,31.4
20:20:45.925,2837622,-9.347,1.721,-1.243,0.410,-0.431,0.689,58.650,31.050,-13.950,31.6
20:20:45.984,2837676,-8.701,2.325,-0.994,0.410,-0.145,0.424,58.650,31.050,-13.950,31.4
20:20:46.045,2837730,-9.529,0.824,-0.910,0.088,-0.075,0.365,58.650,35.700,-12.600,31.4
20:20:46.104,2837784,-11.001,4.535,-1.753,-0.584,0.078,0.130,58.650,35.700,-12.600,31.2
20:20:46.165,2837838,-9.287,-0.994,-0.572,0.389,0.428,-0.316,58.650,35.700,-12.600,31.7
20:20:46.225,2837892,-8.562,2.109,-0.589,-0.903,-0.058,-0.204,56.400,36.900,-10.050,31.3
20:20:46.285,2837946,-7.666,1.700,-0.876,0.273,0.244,-0.468,56.400,36.900,-10.050,31.3
20:20:46.345,2838000,-8.164,0.929,-1.982,-0.418,-0.016,-0.493,58.200,34.950,-10.050,31.4
20:20:46.404,2838054,-8.018,0.967,-1.365,0.277,0.152,-0.717,58.200,34.950,-10.050,31.3
20:20:46.465,2838108,-9.735,3.565,-2.263,-0.357,-0.020,-0.686,60.300,31.650,-9.750,31.3
20:20:46.466,2838162,-8.073,-2.069,-1.142,-0.082,-0.031,-0.843,60.300,31.650,-9.750,31.6
20:20:46.526,2838216,-6.900,0.309,-2.303,-0.699,-0.300,-0.798,61.200,25.650,-8.100,31.3
20:20:46.584,2838270,-6.981,0.192,-2.049,0.453,-0.083,-0.681,61.200,25.650,-8.100,31.1
20:20:46.645,2838324,-10.731,2.181,-0.819,0.589,-0.043,-0.698,61.800,23.100,-8.400,31.3
20:20:46.705,2838378,-9.814,0.144,-1.302,1.128,0.174,-1.591,62.100,18.900,-7.950,31.4
20:20:46.825,2838432,-6.175,-5.447,-3.910,1.627,0.358,-1.952,62.100,18.900,-7.950,31.4
20:20:46.826,2838486,-11.758,4.199,1.736,2.166,0.577,0.488,64.200,10.500,-10.650,31.4
20:20:46.884,2838540,-10.532,-4.994,-2.928,-2.348,-0.062,-0.803,64.200,10.500,-10.650,31.4
20:20:46.944,2838594,-8.990,-1.015,-3.974,1.139,0.847,1.010,64.200,10.500,-10.650,31.2
20:20:47.004,2838648,-10.080,-2.818,-1.750,-0.654,0.139,0.043,64.200,10.500,-10.650,31.3
20:20:47.005,2838702,-8.368,-2.607,-3.366,1.151,0.026,0.187,64.350,15.450,-14.250,31.3
20:20:47.065,2838756,-8.033,1.994,-2.030,0.584,0.298,0.945,64.350,15.450,-14.250,31.4
20:20:47.125,2838810,-5.215,-1.781,-2.859,-1.034,-0.129,1.714,62.100,16.950,-17.100,31.4
20:20:47.185,2838864,-7.851,-0.031,-3.326,0.809,0.295,1.477,62.100,16.950,-17.100,31.4
20:20:47.246,2838918,-6.926,-0.211,-3.108,1.335,0.411,1.107,62.100,16.950,-17.100,31.4
20:20:47.305,2838972,-8.468,-0.682,-3.553,-1.241,-0.380,1.144,61.350,34.800,-18.150,31.4
20:20:47.365,2839026,-10.592,2.840,-0.036,-0.005,0.253,0.532,61.350,34.800,-18.150,31.2
20:20:47.425,2839080,-8.550,2.351,-4.015,-0.576,0.141,0.744,58.200,36.900,-19.050,31.4
20:20:47.485,2839134,-9.716,1.662,-0.505,0.237,0.505,0.165,58.200,36.900,-19.050,31.4
20:20:47.545,2839188,-8.976,2.952,-2.504,-0.517,0.306,0.183,57.300,38.550,-21.150,31.2
20:20:47.546,2839242,-10.482,-0.192,-4.317,-0.648,-0.406,-0.204,57.300,38.550,-21.150,31.1
20:20:47.604,2839296,-9.165,2.950,-3.871,-0.170,0.353,-0.117,56.400,37.950,-19.800,31.4
20:20:47.664,2839350,-10.422,1.003,-3.575,-0.513,0.023,-0.127,56.400,37.950,-19.800,31.4
20:20:47.724,2839404,-10.331,1.860,-2.926,-0.216,0.264,-0.374,56.250,37.800,-21.900,31.4
20:20:47.785,2839458,-9.457,1.484,-2.634,-0.780,-0.365,-0.388,56.250,37.800,-21.900,31.2
20:20:47.845,2839512,-9.167,2.167,-3.055,0.107,0.194,-0.598,57.750,34.350,-20.700,31.2
20:20:47.905,2839566,-9.550,1.030,-2.533,-0.462,0.169,-0.555,57.750,34.350,-20.700,31.7
20:20:47.965,2839620,-10.025,1.422,-2.342,-0.568,0.365,-0.334,57.150,31.500,-21.000,31.3
20:20:48.025,2839674,-10.144,0.038,-2.184,-0.196,0.124,-0.562,57.150,31.500,-21.000,31.3
20:20:48.084,2839728,-10.774,1.875,-3.211,-0.122,0.149,-0.474,57.150,31.500,-21.000,31.1
20:20:48.085,2839782,-9.725,0.558,-2.557,-0.169,0.040,-0.562,59.850,28.500,-23.700,31.4
20:20:48.145,2839836,-10.106,1.259,-3.172,-0.311,-0.034,-0.568,59.850,28.500,-23.700,31.3
20:20:48.204,2839890,-9.934,-0.139,-2.933,-0.404,-0.126,-0.259,60.150,24.450,-23.550,31.5
20:20:48.265,2839944,-9.553,-0.271,-2.602,-0.052,-0.032,-0.422,60.150,24.450,-23.550,31.3
20:20:48.325,2839998,-9.455,-0.594,-3.187,-0.284,-0.105,-0.310,60.150,24.450,-23.550,31.4
20:20:48.384,2840052,-9.823,-1.372,-3.184,-0.079,-0.049,-0.116,60.150,24.450,-23.550,31.6
20:20:48.444,2840106,-9.550,-0.323,-2.923,0.074,-0.008,-0.202,60.900,22.200,-22.050,31.3
20:20:48.504,2840160,-9.361,-0.587,-2.588,0.069,-0.062,-0.077,60.900,22.200,-22.050,31.1
20:20:48.564,2840214,-9.048,-0.910,-2.492,-0.029,-0.204,-0.066,61.800,20.100,-22.650,31.2
20:20:48.624,2840268,-8.945,-0.285,-2.318,0.083,-0.169,0.052,61.800,20.100,-22.650,31.4
20:20:48.625,2840322,-9.835,-0.359,-2.229,0.092,-0.102,0.064,61.800,20.100,-22.650,31.3
20:20:48.684,2840376,-13.417,1.147,-4.118,-0.304,0.385,0.138,60.600,21.900,-21.450,31.5
20:20:48.744,2840430,-17.966,0.661,-4.096,-0.476,-0.124,0.669,60.600,21.900,-21.450,31.4
20:20:48.805,2840484,-14.621,2.823,-2.725,-0.319,-0.209,1.027,60.150,24.150,-22.050,31.4
20:20:48.864,2840538,-10.973,0.271,-1.508,-0.127,-0.550,0.843,60.150,24.150,-22.050,31.4
20:20:48.925,2840592,-9.591,1.369,-2.030,-0.095,-0.368,0.607,59.250,30.150,-18.900,31.3
20:20:48.985,2840646,-9.527,-0.582,-1.556,-0.152,-0.266,0.411,59.250,30.150,-18.900,31.1
20:20:49.045,2840700,-8.820,0.431,-2.624,-0.471,-0.128,0.084,59.250,32.400,-15.600,31.4
20:20:49.104,2840754,-8.832,0.508,-2.521,0.097,-0.045,-0.110,59.250,32.400,-15.600,31.5
20:20:49.165,2840808,-7.831,1.008,-2.200,0.050,-0.246,-0.341,58.050,31.650,-13.800,31.4
20:20:49.166,2840862,-8.533,2.212,-1.630,0.293,-0.094,-0.505,59.550,31.650,-13.500,31.2
20:20:49.225,2840916,-7.980,-0.840,-1.231,0.188,-0.163,-0.460,59.550,31.650,-13.500,31.4
20:20:49.284,2840970,-9.565,3.000,-0.869,0.107,0.256,-0.709,61.200,27.150,-12.900,31.3
20:20:49.344,2841024,-8.126,-0.651,-1.338,-1.270,-0.187,-0.581,61.200,27.150,-12.900,31.4
20:20:49.405,2841078,-8.887,0.852,-1.018,0.463,-0.012,-0.801,61.200,27.150,-12.900,31.2
20:20:49.464,2841132,-7.728,-1.654,-0.694,0.205,-0.218,-0.795,61.200,27.150,-12.900,31.1
20:20:49.525,2841186,-8.533,2.052,-2.866,0.803,-0.024,-0.553,63.900,19.800,-10.650,31.0
20:20:49.584,2841240,-8.461,-2.444,-1.554,0.216,-0.121,-0.544,63.900,19.800,-10.650,31.5
20:20:49.645,2841294,-9.357,-0.069,-1.185,2.234,0.294,-1.311,65.700,17.850,-11.400,31.4
20:20:49.706,2841348,-7.508,-0.675,-1.302,-0.989,0.044,-1.482,65.700,17.850,-11.400,31.3
20:20:49.707,2841402,-8.011,-4.317,-1.961,3.129,0.754,-0.631,65.700,17.850,-11.400,31.4
20:20:49.764,2841456,-8.047,1.994,-3.330,-0.110,0.280,0.488,64.950,9.000,-14.700,31.4
20:20:49.825,2841510,-9.823,-7.989,-2.459,0.297,0.275,0.402,64.950,9.000,-14.700,31.4
20:20:49.884,2841564,-9.495,-2.646,-2.301,0.138,-0.016,-0.060,64.050,8.850,-15.300,31.1
20:20:49.945,2841618,-9.792,-1.678,-2.207,0.220,-0.002,0.014,64.050,8.850,-15.300,31.2
20:20:50.004,2841672,-9.598,-3.115,-2.897,-0.063,-0.179,0.134,64.050,8.850,-15.300,31.5
20:20:50.065,2841726,-8.784,-3.108,-1.966,0.428,-0.172,-0.206,64.050,8.850,-15.300,31.3
20:20:50.125,2841780,-9.538,-1.935,-2.533,0.055,-0.307,-0.226,63.900,11.700,-13.200,31.2
20:20:50.186,2841834,-9.397,-1.781,-0.479,0.744,-0.144,-0.172,63.900,11.700,-13.200,31.4
20:20:50.246,2841888,-9.134,-5.823,-0.800,0.078,-0.318,-0.216,63.150,7.500,-12.150,31.2
20:20:50.246,2841942,-9.493,-2.863,-1.300,0.394,-0.138,0.032,63.150,7.500,-12.150,31.6
20:20:50.305,2841996,-8.665,-1.547,-1.556,-0.058,-0.135,0.266,64.050,8.100,-10.500,31.4
20:20:50.364,2842050,-8.107,-3.021,-0.263,0.180,0.119,0.599,64.050,8.100,-10.500,31.2
20:20:50.424,2842104,-7.135,-0.508,-1.745,0.580,0.378,1.253,64.050,8.850,-10.500,31.3
20:20:50.484,2842158,-7.219,3.457,-1.041,-0.691,0.119,2.789,64.050,18.900,-12.750,31.3
20:20:50.545,2842212,-7.858,-1.961,-1.697,-1.953,-0.357,2.282,64.050,18.900,-12.750,31.2
20:20:50.605,2842266,-8.607,2.749,0.869,1.644,0.648,1.503,61.800,30.900,-10.500,31.4
20:20:50.664,2842320,-7.453,-1.132,-4.238,-1.292,-0.707,1.971,61.800,30.900,-10.500,31.5
20:20:50.725,2842374,-9.234,4.341,1.556,1.085,0.592,1.522,57.150,38.850,-10.350,31.2
20:20:50.784,2842428,-9.452,-0.601,-5.368,-1.605,-0.733,0.636,57.150,38.850,-10.350,31.4
20:20:50.785,2842482,-9.239,8.497,1.743,1.798,0.784,0.788,57.150,38.850,-10.350,31.6
20:20:50.845,2842536,-9.407,1.178,-1.875,-1.599,-0.230,-0.081,57.150,38.850,-10.350,31.2
20:20:50.905,2842590,-10.168,5.531,-1.439,0.929,0.499,-0.329,53.100,46.200,-12.600,31.1
20:20:50.964,2842644,-9.546,2.337,-1.621,-0.040,0.033,-0.312,53.100,46.200,-12.600,31.8
20:20:51.024,2842698,-10.944,5.167,-2.409,0.014,0.260,-0.520,54.000,44.850,-14.550,31.4
20:20:51.084,2842752,-10.779,1.690,-0.977,-0.864,-0.128,-0.330,54.000,44.850,-14.550,31.3
20:20:51.144,2842806,-9.376,4.008,-1.336,-0.196,0.220,-0.572,54.000,44.850,-14.550,31.3
20:20:51.204,2842860,-10.147,2.236,-0.718,-0.648,0.194,-0.310,55.200,39.600,-13.950,31.4
20:20:51.264,2842914,-10.032,1.566,-0.955,-0.483,0.266,-0.609,55.200,39.600,-13.950,31.3
20:20:51.324,2842968,-10.788,3.639,-1.204,-0.509,0.178,-0.374,57.000,37.500,-13.500,31.4
20:20:51.325,2843022,-10.336,1.386,-0.891,-0.407,-0.002,-0.501,57.000,37.500,-13.500,31.2
20:20:51.385,2843076,-9.917,3.021,-0.936,-0.147,-0.054,-0.477,57.150,35.700,-14.400,31.3
20:20:51.445,2843130,-9.390,1.920,-1.046,-0.347,-0.015,-0.449,57.150,35.700,-14.400,31.4
20:20:51.504,2843184,-9.371,1.786,-1.104,-0.309,0.078,-0.563,57.150,32.250,-12.900,31.5
20:20:51.565,2843238,-9.493,1.681,-0.807,-0.172,0.180,-0.707,57.150,32.250,-12.900,31.4
20:20:51.625,2843292,-10.436,1.441,-0.091,0.107,0.240,-0.969,57.150,32.250,-12.900,31.3
20:20:51.684,2843346,-14.928,0.019,-0.570,-0.506,0.017,-0.653,59.700,24.450,-13.200,31.3
20:20:51.744,2843400,-17.250,2.334,-0.936,-0.223,0.010,0.377,59.700,24.450,-13.200,31.4
20:20:51.805,2843454,-15.230,0.453,-0.783,-0.442,-0.365,1.031,60.900,26.100,-13.950,31.2
20:20:51.865,2843508,-12.689,0.189,-1.326,0.226,-0.446,1.119,60.900,26.100,-13.950,31.1
20:20:51.865,2843562,-10.238,0.362,-0.405,0.475,-0.417,0.975,60.900,26.100,-13.950,31.7
20:20:51.925,2843616,-9.701,2.847,-1.015,0.226,-0.255,0.590,60.900,26.100,-13.950,31.5
20:20:51.985,2843670,-8.586,-1.166,-1.180,0.465,-0.154,0.115,57.900,35.250,-9.300,31.4
20:20:52.045,2843724,-9.141,4.532,-0.168,0.232,0.435,0.104,57.900,35.250,-9.300,31.1
20:20:52.105,2843778,-9.021,1.307,0.132,-0.487,0.475,-0.079,57.000,37.500,-7.950,31.3
20:20:52.165,2843832,-7.448,-0.457,0.045,-0.988,0.104,-0.226,57.000,37.500,-7.950,31.4
20:20:52.224,2843886,-8.504,3.637,-0.752,-0.346,0.201,-0.337,57.000,37.500,-7.950,31.3
20:20:52.344,2843940,-8.068,-0.129,-0.919,-0.329,0.041,-0.452,57.900,34.500,-7.350,31.4
20:20:52.345,2843994,-9.244,2.526,-1.642,-0.169,0.114,-0.965,57.900,34.500,-7.350,31.2
20:20:52.404,2844048,-9.505,1.030,-1.281,0.227,0.054,-0.985,59.700,28.800,-6.750,31.4
20:20:52.405,2844102,-8.236,-1.504,-1.604,-0.019,-0.180,-1.021,59.700,28.800,-6.750,31.3
20:20:52.464,2844156,-8.418,1.396,-0.910,-0.043,-0.094,-0.965,61.350,23.850,-5.850,31.3
20:20:52.524,2844210,-7.652,-1.427,-0.778,-0.072,-0.110,-1.000,61.350,23.850,-5.850,31.5
20:20:52.584,2844264,-8.952,3.369,1.077,0.736,-0.217,-0.811,61.350,19.650,-5.100,31.4
20:20:52.645,2844318,-9.254,-0.905,-1.547,0.808,0.128,-1.147,61.350,19.650,-5.100,31.4
20:20:52.704,2844372,-8.428,-2.784,-1.338,0.983,0.276,-1.885,61.350,19.650,-5.100,31.3
20:20:52.765,2844426,-8.993,-6.065,0.369,2.061,0.472,-0.944,61.350,19.650,-5.100,31.2
20:20:52.825,2844480,-7.321,9.131,1.293,-0.680,0.044,0.531,62.700,5.100,-4.800,31.2
20:20:52.885,2844534,-8.349,-8.492,-1.590,1.490,0.394,0.621,62.100,8.850,-4.800,31.4
20:20:52.945,2844588,-7.501,3.000,-0.283,-0.083,0.067,2.058,62.100,8.850,-7.200,31.3
20:20:52.946,2844642,-6.280,-2.186,-3.050,-0.836,0.002,2.217,62.100,8.850,-7.200,31.4
20:20:53.005,2844696,-8.272,-1.063,1.647,-0.086,-0.112,1.783,62.100,8.850,-7.200,31.6
20:20:53.065,2844750,-8.669,0.888,-2.543,0.246,-0.296,1.455,60.150,31.050,-7.800,31.5
20:20:53.124,2844804,-10.575,3.433,-0.443,-0.528,-0.314,0.937,60.150,31.050,-7.800,31.4
20:20:53.184,2844858,-10.874,4.398,1.872,0.750,0.847,0.528,56.550,35.550,-7.950,31.6
20:20:53.245,2844912,-8.473,-2.502,-5.253,-1.852,-0.279,0.420,56.550,35.550,-7.950,31.3
20:20:53.305,2844966,-9.002,5.018,-0.067,0.979,0.778,0.601,56.400,36.450,-10.650,31.3
20:20:53.366,2845020,-9.026,0.055,-2.112,-1.675,-0.247,0.193,56.400,36.450,-10.650,31.5
20:20:53.425,2845074,-9.531,3.699,0.072,0.502,0.628,0.360,56.250,37.500,-11.700,31.4
20:20:53.484,2845128,-9.431,1.611,-3.239,-0.806,-0.491,-0.140,56.250,37.500,-11.700,31.3
20:20:53.485,2845182,-9.278,4.003,-3.048,-0.105,0.148,0.139,55.050,39.750,-14.250,31.3
20:20:53.545,2845236,-10.125,1.336,-1.884,0.162,0.051,-0.141,56.700,39.150,-13.200,31.3
20:20:53.605,2845290,-9.888,3.807,-1.753,-0.372,0.023,-0.166,56.700,39.150,-13.200,31.4
20:20:53.664,2845344,-10.321,2.291,-1.068,-0.020,0.021,-0.442,55.950,37.650,-13.650,31.3
20:20:53.725,2845398,-9.493,3.745,-1.918,-0.432,0.059,-0.284,55.950,37.650,-13.650,31.2
20:20:53.784,2845452,-9.625,1.693,-1.535,-0.301,0.097,-0.311,55.950,37.650,-13.650,31.2
20:20:53.845,2845506,-10.247,2.437,-1.231,-0.295,-0.041,-0.533,55.950,37.650,-13.650,31.3
20:20:53.905,2845560,-10.602,2.689,-1.274,-0.048,-0.036,-0.615,58.050,32.400,-15.300,31.4
20:20:53.965,2845614,-9.850,1.798,-1.520,-0.121,-0.071,-0.632,58.050,32.400,-15.300,31.4
20:20:54.024,2845668,-10.017,1.214,-1.683,0.035,-0.038,-0.638,57.000,29.700,-14.250,31.6
20:20:54.025,2845722,-10.063,0.730,-1.781,-0.060,-0.130,-0.540,57.000,29.700,-14.250,31.4
20:20:54.085,2845776,-10.065,1.118,-1.147,0.002,-0.166,-0.361,57.000,29.700,-14.250,31.3
20:20:54.145,2845830,-9.787,-0.314,-0.982,-0.197,-0.242,-0.311,58.950,26.400,-11.400,31.6
20:20:54.204,2845884,-11.035,0.745,-0.716,0.212,-0.173,-0.309,58.950,26.400,-11.400,31.1
20:20:54.265,2845938,-12.579,0.397,-0.737,-0.263,-0.201,0.122,59.400,24.450,-12.150,31.2
20:20:54.325,2845992,-15.888,2.157,-0.072,0.087,-0.071,0.599,59.400,24.450,-12.150,31.4
20:20:54.385,2846046,-14.298,1.678,0.048,0.389,-0.502,0.970,59.250,26.550,-12.000,31.4
20:20:54.505,2846100,-12.301,2.045,0.345,0.229,-0.504,1.048,59.250,26.550,-12.000,31.4
20:20:54.506,2846154,-10.432,2.535,0.290,0.682,-0.123,0.570,57.900,31.800,-7.050,31.3
20:20:54.565,2846208,-10.015,1.240,-1.049,-0.336,-0.342,0.316,57.900,31.800,-7.050,31.4
20:20:54.566,2846262,-8.856,1.046,-0.486,1.277,0.301,-0.145,55.800,35.550,-5.100,31.4
20:20:54.624,2846316,-9.321,1.118,-0.445,-0.679,-0.042,-0.115,55.800,35.550,-5.100,31.7
20:20:54.685,2846370,-9.163,1.784,-0.057,0.443,0.296,-0.220,57.000,34.800,-3.900,31.3
20:20:54.745,2846424,-9.287,1.056,-1.154,0.355,0.171,-0.203,57.900,35.250,-7.050,31.5
20:20:54.805,2846478,-9.938,4.010,-0.065,0.749,0.418,-0.762,57.900,35.250,-7.050,31.4
20:20:54.864,2846532,-7.609,-1.255,-1.741,-0.502,0.211,-0.341,60.450,33.000,-7.350,31.3
20:20:54.924,2846586,-7.913,1.281,0.213,0.285,0.597,-1.007,60.450,33.000,-7.350,31.3
20:20:54.984,2846640,-8.346,0.280,-1.178,-0.630,0.183,-0.719,58.950,27.150,-9.300,31.6
20:20:55.044,2846694,-8.511,0.136,-1.559,0.293,0.225,-0.931,58.950,27.150,-9.300,31.3
20:20:55.104,2846748,-7.621,-0.476,-0.263,-0.112,-0.029,-0.487,60.600,24.750,-10.200,31.4
20:20:55.105,2846802,-8.248,1.444,-2.014,-0.393,-0.056,-0.443,60.600,24.750,-10.200,31.3
20:20:55.165,2846856,-8.832,-0.934,-1.369,0.612,0.093,-0.533,60.600,24.750,-10.200,31.3
20:20:55.225,2846910,-8.983,-1.630,-2.033,-0.034,0.062,-0.650,60.600,24.750,-10.200,31.3
20:20:55.285,2846964,-9.184,1.106,-0.994,0.263,0.088,-0.899,64.050,18.450,-9.000,31.4
20:20:55.345,2847018,-6.589,-5.895,0.113,1.691,0.046,-1.741,64.650,10.950,-10.350,31.4
20:20:55.404,2847072,-10.707,2.909,-4.008,2.694,0.515,0.173,64.650,10.950,-10.350,31.3
20:20:55.465,2847126,-8.471,-4.020,-3.670,-0.454,0.156,0.091,64.650,10.950,-10.350,31.4
20:20:55.526,2847180,-7.578,-0.895,-2.365,0.479,0.244,1.682,64.650,10.950,-10.350,31.6
20:20:55.584,2847234,-5.121,1.712,-2.181,0.739,0.380,2.310,64.200,18.750,-16.950,31.3
20:20:55.644,2847288,-6.785,2.595,-1.245,-1.117,0.010,2.558,64.200,18.750,-16.950,31.2
20:20:55.645,2847342,-9.543,-0.632,-3.733,-0.028,-0.366,1.347,61.650,32.550,-16.500,31.3
20:20:55.705,2847396,-10.982,5.545,-2.521,0.006,-0.456,1.014,61.650,32.550,-16.500,31.4
20:20:55.764,2847450,-9.867,1.865,-3.201,0.676,-0.085,0.665,61.650,32.550,-16.500,31.4
20:20:55.824,2847504,-9.280,3.886,1.164,1.151,0.045,0.019,61.650,32.550,-16.500,31.4
20:20:55.884,2847558,-8.902,3.361,-2.471,-0.735,-0.116,0.509,56.400,38.850,-14.700,31.3
20:20:55.944,2847612,-9.131,1.841,-0.141,0.129,0.381,0.063,56.400,38.850,-14.700,31.3
20:20:56.005,2847666,-9.210,1.355,-1.549,-1.248,-0.642,0.067,56.250,41.700,-14.850,31.6
20:20:56.064,2847720,-10.144,4.391,-0.050,0.314,0.275,-0.112,56.250,41.700,-14.850,31.4
20:20:56.124,2847774,-9.467,0.788,0.287,-0.903,-0.058,0.184,56.250,41.700,-14.850,31.2
20:20:56.186,2847828,-9.991,5.684,-2.090,0.138,0.528,-0.098,54.900,41.100,-12.900,31.2
20:20:56.186,2847882,-10.329,1.887,-0.883,-1.033,0.166,-0.030,54.900,41.100,-12.900,31.5
20:20:56.245,2847936,-9.905,3.742,-1.243,-0.073,0.309,-0.222,55.650,39.900,-13.950,31.4
20:20:56.304,2847990,-10.585,2.344,-2.097,-0.833,-0.240,-0.133,55.650,39.900,-13.950,31.4
20:20:56.364,2848044,-9.929,3.170,-1.128,-0.044,-0.229,-0.424,55.650,38.850,-12.900,31.4
20:20:56.424,2848098,-9.527,2.890,-1.642,-0.385,-0.231,-0.231,55.650,38.850,-12.900,31.4
20:20:56.484,2848152,-9.914,1.245,-0.261,-0.063,-0.084,-0.363,56.400,35.250,-11.400,31.4
20:20:56.544,2848206,-9.742,3.311,-0.591,-0.416,-0.224,-0.145,56.400,35.250,-11.400,31.6
20:20:56.605,2848260,-9.069,1.808,-0.725,0.012,0.066,-0.174,56.400,35.250,-11.400,31.2
20:20:56.665,2848314,-10.077,2.677,-0.599,-0.199,-0.002,-0.200,56.550,34.800,-9.000,31.0
20:20:56.726,2848368,-9.493,1.987,-0.110,0.006,0.039,-0.210,56.550,34.800,-9.000,31.2
20:20:56.726,2848422,-9.852,2.387,-0.685,-0.120,0.076,-0.289,57.000,34.350,-9.750,31.5
20:20:56.785,2848476,-9.668,1.810,-0.575,-0.072,0.012,-0.243,57.000,34.350,-9.750,31.2
20:20:56.844,2848530,-9.888,2.052,-0.706,0.175,-0.060,-0.460,57.000,34.350,-9.750,31.4
20:20:56.965,2848584,-9.579,2.045,-0.249,0.133,-0.114,-0.352,57.000,34.350,-9.750,31.5
20:20:56.966,2848638,-10.506,1.087,-0.560,0.189,-0.006,-0.342,56.250,30.450,-9.450,31.4
20:20:57.024,2848692,-14.214,2.655,-0.438,0.076,0.010,-0.026,56.250,30.450,-9.450,31.1
20:20:57.084,2848746,-16.063,3.345,-0.302,-0.280,-0.580,0.671,57.450,28.800,-10.650,31.4
20:20:57.144,2848800,-13.115,3.120,0.697,0.456,-0.369,0.742,57.450,28.800,-10.650,31.3
20:20:57.204,2848854,-10.446,2.464,0.891,0.115,-0.318,0.698,57.450,28.800,-10.650,31.4
20:20:57.265,2848908,-9.491,1.867,0.565,0.358,-0.140,0.606,54.450,36.150,-6.750,31.6
20:20:57.266,2848962,-9.665,2.806,0.304,0.281,0.124,0.180,54.450,36.150,-6.750,31.4
20:20:57.325,2849016,-9.821,0.395,-0.541,0.180,0.091,0.158,54.150,37.950,-6.750,31.1
20:20:57.385,2849070,-10.195,2.952,-0.405,0.499,0.228,-0.094,54.150,37.950,-6.750,31.3
20:20:57.445,2849124,-7.657,1.659,-0.826,-0.077,0.087,-0.128,55.050,37.800,-7.650,31.2
20:20:57.504,2849178,-8.631,2.090,-0.278,0.157,0.295,-0.368,55.050,37.800,-7.650,31.4
20:20:57.565,2849232,-9.210,3.201,-1.075,-0.758,0.411,-0.140,56.700,37.950,-8.850,31.3
20:20:57.624,2849286,-8.985,-0.254,0.067,0.412,0.485,-0.695,56.700,37.950,-8.850,31.4
20:20:57.685,2849340,-8.492,1.697,-2.224,0.054,0.282,-0.576,57.900,34.500,-9.600,31.2
20:20:57.744,2849394,-9.835,1.207,-0.912,-0.041,0.387,-0.869,57.900,34.500,-9.600,31.4
20:20:57.804,2849448,-8.193,0.417,-1.144,-0.351,0.055,-0.646,60.600,31.200,-10.200,31.4
20:20:57.805,2849502,-7.551,2.555,-1.427,0.378,0.020,-0.763,60.450,26.400,-9.300,31.4
20:20:57.864,2849556,-7.523,1.360,-1.247,0.089,-0.056,-0.711,60.450,26.400,-9.300,31.5
20:20:57.925,2849610,-8.411,-0.424,-1.678,-0.165,-0.200,-0.684,60.450,26.400,-9.300,31.4
20:20:57.985,2849664,-9.835,1.899,-1.511,0.273,0.243,-1.537,60.450,26.400,-9.300,31.7
20:20:58.045,2849718,-7.561,-2.504,-1.808,1.226,0.120,-2.653,63.300,17.400,-10.500,31.2
20:20:58.104,2849772,-7.649,-4.724,0.275,2.416,0.331,-1.182,63.300,17.400,-10.500,31.5
20:20:58.164,2849826,-7.460,3.996,-2.942,2.136,0.608,0.636,64.650,7.500,-10.650,31.2
20:20:58.225,2849880,-6.495,0.069,-1.264,0.312,0.254,1.856,64.650,7.500,-10.650,31.3
20:20:58.284,2849934,-5.866,0.409,-0.515,-0.003,0.286,2.265,64.650,7.500,-10.650,31.5
20:20:58.345,2849988,-8.272,-4.259,-3.335,-0.370,-0.029,1.644,64.650,7.500,-10.650,31.4
20:20:58.346,2850042,-8.993,0.950,-0.702,0.794,-0.083,1.312,64.200,26.400,-15.450,31.4
20:20:58.404,2850096,-9.768,1.925,-1.889,0.396,0.334,0.878,64.200,26.400,-15.450,31.5
20:20:58.465,2850150,-8.808,-2.746,-2.770,-0.220,0.133,0.803,61.050,32.400,-18.150,31.3
20:20:58.525,2850204,-9.622,0.630,-2.301,0.509,-0.093,0.426,61.050,32.400,-18.150,31.1
20:20:58.584,2850258,-11.799,4.029,-0.136,-0.637,0.017,0.326,61.050,32.400,-18.150,31.4
20:20:58.644,2850312,-10.108,-0.699,-2.365,0.050,-0.549,-0.074,57.000,37.050,-18.900,31.4
20:20:58.705,2850366,-11.059,4.618,-0.898,-0.313,-0.139,-0.224,57.000,37.050,-18.900,31.4
20:20:58.764,2850420,-11.042,2.351,-1.992,-0.848,-0.279,-0.141,59.700,35.250,-18.450,31.3
20:20:58.825,2850474,-10.376,-0.699,-0.843,0.125,0.331,-0.313,59.700,35.250,-18.450,31.4
20:20:58.885,2850528,-10.338,3.148,-1.049,-1.367,0.073,0.055,57.300,34.800,-17.100,31.4
20:20:58.886,2850582,-10.671,-0.321,-0.589,-0.241,0.192,-0.011,57.300,34.800,-17.100,31.5
20:20:58.945,2850636,-11.037,1.877,-1.137,-0.704,-0.256,-0.143,58.800,35.100,-16.800,31.1
20:20:59.005,2850690,-9.845,2.028,-1.781,-0.301,-0.064,-0.157,58.800,35.100,-16.800,31.4
20:20:59.065,2850744,-9.706,1.135,-1.269,-0.480,0.057,-0.204,58.050,33.900,-15.300,31.4
20:20:59.125,2850798,-10.001,1.166,-0.986,-0.629,-0.003,-0.193,58.200,32.250,-15.450,31.6
20:20:59.184,2850852,-10.369,0.860,-0.943,-0.318,0.092,-0.260,58.200,32.250,-15.450,31.4
20:20:59.244,2850906,-9.735,1.008,-0.484,-0.176,-0.014,-0.435,59.250,29.250,-16.050,31.3
20:20:59.305,2850960,-10.183,0.704,-0.745,-0.028,-0.098,-0.524,59.250,29.250,-16.050,31.5
20:20:59.365,2851014,-10.525,1.070,-0.323,0.084,-0.115,-0.434,59.250,29.250,-16.050,31.4
20:20:59.425,2851068,-11.736,0.223,-0.651,-0.165,-0.044,-0.213,59.250,29.250,-16.050,31.5
20:20:59.426,2851122,-14.830,1.427,-1.592,-0.156,0.237,0.093,59.550,25.800,-15.300,31.2
20:20:59.484,2851176,-16.228,2.368,-1.015,-0.357,0.013,0.768,59.550,25.800,-15.300,31.2
20:20:59.544,2851230,-12.629,2.081,-0.182,0.141,-0.060,0.861,61.200,27.150,-14.700,31.4
20:20:59.604,2851284,-9.752,1.310,-0.266,-0.110,0.061,0.943,61.200,27.150,-14.700,31.3
20:20:59.665,2851338,-9.658,1.963,-1.283,0.457,0.338,0.184,61.200,27.150,-14.700,31.4
20:20:59.725,2851392,-9.017,-0.496,0.038,-0.576,0.127,0.396,58.050,35.100,-13.500,31.3
20:20:59.784,2851446,-8.464,2.404,-1.307,0.359,0.402,0.033,58.050,35.100,-13.500,31.4
20:20:59.845,2851500,-7.865,0.055,-1.259,-0.509,0.092,0.070,56.700,33.750,-12.900,31.4
20:20:59.905,2851554,-7.573,0.309,-1.274,-0.128,-0.047,-0.089,56.700,33.750,-12.900,31.6
20:20:59.965,2851608,-9.029,2.255,-0.579,0.216,0.060,-0.372,57.150,34.950,-13.200,31.2
20:20:59.966,2851662,-8.519,1.853,-0.998,-0.551,0.026,0.062,57.150,34.950,-13.200,31.1
20:21:00.024,2851716,-9.579,1.523,-1.056,0.427,0.156,-0.526,57.150,34.500,-13.200,31.4
20:21:00.085,2851770,-8.981,3.227,-0.632,-0.451,0.137,-0.226,57.150,34.500,-13.200,31.3
20:21:00.145,2851824,-8.760,0.982,-2.674,-0.432,0.181,-0.316,59.550,32.400,-13.050,31.3
20:21:00.324,2851878,-10.422,1.228,-0.591,-0.253,0.122,-0.622,59.550,32.400,-13.050,31.2
20:21:00.325,2851932,-8.001,-0.572,-3.469,0.090,-0.188,-0.867,60.150,29.850,-12.600,31.4
20:21:00.326,2851986,-8.660,1.326,-1.958,0.389,-0.006,-0.557,61.050,26.550,-10.500,31.4
20:21:00.386,2852040,-7.894,0.433,-1.769,-0.466,0.010,-0.395,61.050,26.550,-10.500,31.4
20:21:00.444,2852094,-9.081,1.607,-1.202,0.898,0.186,-0.436,61.050,26.550,-10.500,31.2
20:21:00.505,2852148,-8.543,-1.439,0.982,-0.496,-0.210,-0.364,61.050,26.550,-10.500,31.6
20:21:00.506,2852202,-10.372,2.792,-0.843,0.720,0.297,-0.657,63.150,20.550,-12.150,31.6
20:21:00.565,2852256,-10.214,-1.209,-0.927,-0.461,0.074,-0.953,63.150,20.550,-12.150,31.4
20:21:00.624,2852310,-8.748,-3.170,-2.512,0.753,0.132,-2.122,62.850,16.950,-11.700,31.8
20:21:00.685,2852364,-7.123,-5.914,-2.203,2.418,0.245,-1.363,62.850,16.950,-11.700,31.5
20:21:00.745,2852418,-8.935,9.404,-4.353,0.825,0.258,1.755,62.850,16.950,-11.700,31.4
20:21:00.805,2852472,-8.964,-7.025,-2.433,-0.205,0.168,0.568,62.850,16.950,-11.700,31.3
20:21:00.865,2852526,-10.044,0.407,-1.472,0.417,0.196,0.484,63.600,14.250,-14.250,31.6
20:21:00.924,2852580,-9.610,-1.501,-1.736,-0.527,0.039,0.037,63.600,14.250,-14.250,31.2
20:21:00.985,2852634,-9.012,0.309,-1.844,0.340,0.097,0.072,64.800,16.950,-15.300,31.3
20:21:01.044,2852688,-7.898,-2.033,-2.947,0.984,0.075,0.289,64.800,16.950,-15.300,31.4
20:21:01.045,2852742,-8.253,1.724,-1.844,0.416,0.143,1.249,64.800,16.950,-15.300,31.5
20:21:01.105,2852796,-8.040,-4.456,-2.691,-0.309,0.002,0.950,63.150,21.450,-16.500,31.4
20:21:01.165,2852850,-10.434,5.250,0.309,0.560,0.418,1.172,63.150,21.450,-16.500,31.5
20:21:01.225,2852904,-8.988,-2.133,-2.899,-0.833,-0.122,0.953,62.100,28.200,-18.600,31.4
20:21:01.285,2852958,-10.599,1.559,-2.437,-0.864,-0.155,0.883,62.100,28.200,-18.600,31.6
20:21:01.345,2853012,-9.749,1.044,-4.341,-0.284,-0.133,0.751,61.200,31.500,-19.050,31.3
20:21:01.405,2853066,-9.203,1.779,-2.404,0.299,-0.103,0.378,61.200,31.500,-19.050,31.2
20:21:01.464,2853120,-7.547,0.014,-0.924,-0.624,0.008,0.470,59.700,34.950,-18.750,31.4
20:21:01.525,2853174,-8.945,2.540,-2.014,0.208,0.060,0.337,59.700,34.950,-18.750,31.4
20:21:01.584,2853228,-9.639,1.178,-0.613,-0.520,0.421,0.144,57.900,37.200,-19.800,31.3
20:21:01.585,2853282,-8.921,-0.172,-2.253,-0.162,0.179,0.266,59.850,38.550,-18.900,31.4
20:21:01.644,2853336,-9.455,2.744,-1.707,-0.252,0.451,0.228,59.850,38.550,-18.900,31.5
20:21:01.704,2853390,-9.481,-0.345,-3.529,-0.444,-0.086,0.194,58.050,38.550,-21.150,31.4
20:21:01.765,2853444,-10.060,3.766,-1.736,0.023,0.391,0.035,58.050,38.550,-21.150,31.5
20:21:01.825,2853498,-8.526,0.462,-2.662,-0.399,0.004,0.100,58.050,38.550,-21.150,31.3
20:21:01.885,2853552,-9.313,2.715,-1.618,0.245,0.230,-0.233,58.050,38.550,-21.150,31.3
20:21:01.944,2853606,-11.028,3.955,-3.747,-0.670,-0.110,-0.147,57.150,38.400,-22.350,31.4
20:21:02.005,2853660,-9.579,-0.678,-1.796,-0.227,-0.104,-0.207,57.150,38.400,-22.350,31.3
20:21:02.064,2853714,-9.335,3.869,-3.601,-0.114,0.238,-0.549,58.500,39.000,-22.200,31.4
20:21:02.125,2853768,-9.668,0.232,-2.715,-0.570,-0.120,-0.452,58.500,39.000,-22.200,31.6
20:21:02.126,2853822,-10.750,2.387,-3.414,-0.788,0.052,-0.274,58.500,39.000,-22.200,31.7
20:21:02.185,2853876,-10.204,1.475,-3.316,-0.558,-0.095,-0.324,59.250,34.800,-21.900,31.6
20:21:02.245,2853930,-10.022,2.488,-3.000,-0.357,0.103,-0.308,59.250,34.800,-21.900,31.4
20:21:02.305,2853984,-9.483,1.963,-3.021,-0.471,0.009,-0.534,59.850,31.200,-19.650,31.2
20:21:02.364,2854038,-9.728,1.599,-2.986,-0.644,0.118,-0.412,59.850,31.200,-19.650,31.1
20:21:02.425,2854092,-10.171,2.207,-2.289,-0.555,0.348,-0.260,60.150,30.300,-20.250,31.6
20:21:02.485,2854146,-9.912,0.718,-2.823,-0.660,0.346,-0.314,60.150,30.300,-20.250,31.4
20:21:02.545,2854200,-9.445,1.125,-2.459,-0.155,0.341,-0.416,61.200,27.900,-21.300,31.4
20:21:02.605,2854254,-9.244,0.972,-3.175,-0.075,0.268,-0.172,61.200,27.900,-21.300,31.5
20:21:02.664,2854308,-9.469,0.965,-2.775,0.003,0.220,0.011,60.300,26.250,-22.200,31.4
20:21:02.665,2854362,-9.131,1.144,-3.891,-0.035,0.293,0.199,60.300,26.250,-22.200,31.4
20:21:02.725,2854416,-8.748,0.934,-2.863,0.081,0.266,0.280,61.050,26.250,-24.000,31.4
20:21:02.785,2854470,-9.392,1.252,-3.247,-0.069,-0.009,0.062,61.050,28.200,-25.200,31.3
20:21:02.844,2854524,-8.712,0.960,-2.720,0.192,0.080,0.172,61.050,28.200,-25.200,31.3
20:21:02.905,2854578,-8.921,1.109,-2.892,0.017,0.078,0.052,61.050,28.200,-25.200,31.4
20:21:02.965,2854632,-9.926,1.781,-2.919,0.031,0.170,-0.032,61.050,28.200,-25.200,31.4
20:21:03.025,2854686,-13.855,3.285,-2.277,0.338,0.123,-0.054,59.700,27.900,-27.600,31.1
20:21:03.084,2854740,-13.625,1.915,-2.552,-0.203,-0.677,0.428,59.700,27.900,-27.600,31.4
20:21:03.144,2854794,-12.517,2.219,-2.650,0.335,-0.563,0.276,60.600,28.500,-25.200,31.4
20:21:03.205,2854848,-11.119,1.903,-2.574,0.228,-0.502,0.604,60.600,28.500,-25.200,31.3
20:21:03.206,2854902,-9.732,1.032,-2.411,0.046,-0.141,0.509,60.600,28.500,-25.200,31.4
20:21:03.264,2854956,-8.765,1.188,-2.780,0.090,-0.076,0.337,60.600,28.500,-25.200,31.3
20:21:03.325,2855010,-9.055,1.223,-2.301,0.397,0.015,0.068,58.500,33.150,-21.900,31.6
20:21:03.385,2855064,-8.691,1.477,-2.983,-0.395,-0.112,0.152,58.500,33.150,-21.900,31.3
20:21:03.445,2855118,-9.603,3.273,-3.496,0.098,-0.200,-0.086,59.550,33.600,-19.650,31.4
20:21:03.504,2855172,-7.381,1.092,-3.517,-0.892,-0.451,-0.151,59.550,33.600,-19.650,31.3
20:21:03.564,2855226,-8.104,2.052,-3.105,1.181,-0.008,-0.592,59.550,33.600,-19.650,31.4
20:21:03.684,2855280,-7.345,0.953,-2.021,-0.999,-0.319,-0.422,60.900,30.600,-17.700,31.4
20:21:03.685,2855334,-9.019,2.064,-3.656,0.624,0.032,-0.441,60.900,30.600,-17.700,31.4
20:21:03.744,2855388,-9.318,0.237,-3.175,-0.743,-0.155,-0.723,62.100,28.500,-17.100,31.4
20:21:03.745,2855442,-8.662,0.946,-2.952,0.791,0.148,-0.795,62.100,28.500,-17.100,31.4
20:21:03.805,2855496,-9.105,1.460,-1.068,-0.632,-0.065,-0.446,62.100,24.300,-14.550,31.3
20:21:03.865,2855550,-7.551,-1.824,-2.121,0.114,0.072,-0.609,62.100,24.300,-14.550,31.4
20:21:03.924,2855604,-8.799,1.310,-3.045,-0.394,-0.248,-0.449,63.150,23.700,-15.150,31.4
20:21:03.984,2855658,-8.859,0.929,-0.994,0.315,0.140,-0.416,63.150,23.700,-15.150,31.6
20:21:04.044,2855712,-8.243,-1.343,-2.095,0.283,0.006,-0.323,63.150,23.700,-15.150,31.4
20:21:04.104,2855766,-7.405,0.510,-3.594,0.382,-0.107,0.599,65.550,21.150,-14.850,31.3
20:21:04.165,2855820,-9.567,3.472,-3.132,0.463,0.214,0.771,65.550,21.150,-14.850,31.2
20:21:04.224,2855874,-10.408,-1.063,-1.480,-0.313,0.029,0.117,62.550,23.850,-14.550,31.3
20:21:04.285,2855928,-11.119,1.678,-1.511,-0.116,-0.062,-0.522,62.550,23.850,-14.550,31.1
20:21:04.286,2855982,-11.250,0.661,-1.372,1.189,-0.068,-1.186,62.550,23.850,-14.550,31.5
20:21:04.345,2856036,-10.183,-1.587,-2.454,1.216,-0.118,-1.351,62.550,23.850,-14.550,31.6
20:21:04.405,2856090,-8.370,-3.960,-2.286,0.598,-0.473,-1.451,64.650,15.150,-13.650,31.4
20:21:04.465,2856144,-8.222,-0.342,0.043,1.924,-0.186,-1.122,64.650,15.150,-13.650,31.4
20:21:04.526,2856198,-9.311,0.730,-3.761,0.051,0.203,0.348,64.050,8.100,-11.700,31.3
20:21:04.585,2856252,-9.017,-4.290,-1.918,0.027,0.325,0.585,64.050,8.100,-11.700,31.5
20:21:04.705,2856306,-7.487,0.134,-3.089,0.400,0.618,1.463,65.100,9.600,-14.550,31.5
20:21:04.706,2856360,-6.486,1.647,-3.187,-0.907,0.587,2.194,64.350,20.400,-18.900,31.3
20:21:04.764,2856414,-7.025,0.376,-2.310,0.105,0.621,2.017,64.350,20.400,-18.900,31.2
20:21:04.824,2856468,-8.370,0.646,-3.857,0.029,0.658,1.545,63.450,29.850,-21.000,31.4
20:21:04.885,2856522,-8.332,-1.896,-3.476,-0.687,-0.310,1.387,63.450,29.850,-21.000,31.4
20:21:04.886,2856576,-9.677,2.253,-4.944,0.037,-0.373,0.873,59.400,34.950,-24.600,31.3
20:21:04.945,2856630,-10.532,5.476,-3.136,0.726,0.165,0.281,59.400,34.950,-24.600,31.2
20:21:05.005,2856684,-10.092,2.140,-3.840,-0.461,0.037,0.078,57.150,36.900,-23.100,31.2
20:21:05.065,2856738,-9.189,1.456,-2.921,0.059,0.304,-0.076,57.150,36.900,-23.100,31.4
20:21:05.125,2856792,-10.041,5.559,-2.169,-0.379,0.367,-0.124,57.150,36.900,-23.100,31.4
20:21:05.184,2856846,-8.662,-0.761,-2.263,0.143,0.333,-0.386,57.150,36.900,-23.100,31.3
20:21:05.245,2856900,-11.921,5.370,-2.744,0.188,0.430,-0.494,57.900,37.950,-24.600,31.1
20:21:05.305,2856954,-10.041,1.300,-2.442,-0.373,-0.467,-0.360,59.250,35.550,-24.750,31.3
20:21:05.365,2857008,-9.021,2.514,-4.001,0.200,0.141,-0.265,59.250,35.550,-24.750,31.4
20:21:05.366,2857062,-9.974,0.685,-3.170,-0.499,-0.139,-0.143,59.250,35.550,-24.750,31.4
20:21:05.425,2857116,-10.345,2.073,-2.825,-0.655,-0.152,0.102,59.250,35.550,-24.750,31.6
20:21:05.484,2857170,-9.335,1.204,-2.758,0.206,0.062,-0.070,59.400,34.200,-24.300,31.4
20:21:05.544,2857224,-9.179,1.731,-3.654,-0.577,-0.043,0.034,59.400,34.200,-24.300,31.4
20:21:05.604,2857278,-9.878,0.414,-3.603,0.326,0.153,-0.171,59.250,34.350,-24.000,31.5
20:21:05.664,2857332,-9.950,1.279,-3.845,-0.084,0.329,-0.075,59.250,34.350,-24.000,31.3
20:21:05.724,2857386,-10.139,1.149,-3.108,-0.274,0.076,-0.008,58.200,32.550,-26.400,31.1
20:21:05.784,2857440,-9.479,1.101,-3.048,0.238,0.008,-0.187,58.200,32.550,-26.400,31.5
20:21:05.845,2857494,-9.194,1.853,-3.077,-0.215,-0.163,-0.168,59.250,31.200,-25.200,31.3
20:21:05.905,2857548,-9.170,1.563,-2.804,-0.115,-0.089,-0.310,59.250,31.200,-25.200,31.4
20:21:05.906,2857602,-9.390,2.033,-2.952,0.135,0.096,-0.257,59.700,31.050,-25.650,31.4
20:21:05.965,2857656,-10.151,1.571,-2.468,-0.695,-0.257,-0.027,60.150,29.850,-25.350,31.4
20:21:06.024,2857710,-10.513,2.083,-2.928,0.254,-0.051,-0.337,60.150,29.850,-25.350,31.4
20:21:06.085,2857764,-9.680,1.788,-2.629,-0.375,-0.212,-0.068,60.300,27.450,-25.950,31.4
20:21:06.145,2857818,-9.610,1.176,-2.832,0.039,-0.219,-0.134,60.300,27.450,-25.950,31.1
20:21:06.204,2857872,-9.122,1.978,-2.064,0.224,-0.366,0.108,60.300,27.450,-25.950,31.0
20:21:06.265,2857926,-8.629,-0.407,-2.028,-0.211,-0.504,-0.021,60.300,27.450,-25.950,31.4
20:21:06.325,2857980,-9.012,1.001,-1.966,-0.180,-0.338,-0.331,59.700,29.850,-19.800,31.4
20:21:06.385,2858034,-9.505,-1.120,-3.508,-0.174,0.019,-0.446,59.700,29.850,-19.800,31.3
20:21:06.444,2858088,-10.745,0.845,-2.856,0.587,0.174,0.140,60.450,27.600,-19.500,31.3
20:21:06.445,2858142,-10.738,0.383,-0.134,-0.002,0.144,0.210,60.450,27.600,-19.500,31.4
20:21:06.505,2858196,-10.250,0.211,-2.828,0.523,0.033,0.301,60.450,27.600,-19.500,31.4
20:21:06.565,2858250,-9.972,1.958,-2.399,0.254,-0.188,0.494,59.700,30.300,-22.800,31.4
20:21:06.624,2858304,-10.003,0.857,-2.526,0.158,-0.314,0.373,59.700,30.300,-22.800,31.4
20:21:06.684,2858358,-12.562,3.242,-3.067,0.274,0.018,0.570,59.400,33.450,-21.300,31.4
20:21:06.745,2858412,-13.542,1.305,-2.607,0.023,-0.054,0.310,59.400,33.450,-21.300,31.8
20:21:06.805,2858466,-12.005,2.806,-1.458,0.260,-0.116,0.477,59.550,33.900,-21.150,31.4
20:21:06.865,2858520,-10.113,1.741,-1.935,0.003,-0.068,0.586,59.550,33.900,-21.150,31.4
20:21:06.925,2858574,-8.926,1.453,-2.308,0.259,-0.122,0.450,57.450,37.200,-21.000,31.4
20:21:06.985,2858628,-9.127,1.812,-1.788,0.340,-0.065,0.329,57.450,37.200,-21.000,31.4
20:21:06.986,2858682,-7.815,1.827,-2.303,0.321,-0.071,-0.011,56.250,39.750,-20.100,31.5
20:21:07.044,2858736,-8.796,2.679,-3.196,-0.126,-0.076,-0.154,56.250,39.750,-20.100,31.3
20:21:07.105,2858790,-8.878,2.440,-2.636,0.094,-0.026,-0.373,57.900,37.950,-19.050,31.1
20:21:07.165,2858844,-7.810,0.984,-2.399,-0.500,-0.115,-0.363,59.550,36.600,-18.150,31.4
20:21:07.224,2858898,-8.581,1.367,-2.622,0.668,0.032,-0.469,59.550,36.600,-18.150,31.5
20:21:07.285,2858952,-11.157,2.638,-3.493,-0.887,-0.062,-0.479,59.550,36.600,-18.150,31.4
20:21:07.344,2859006,-9.388,-1.444,-2.514,0.152,-0.063,-0.640,59.550,36.600,-18.150,31.4
20:21:07.405,2859060,-8.590,1.336,-2.679,-0.111,-0.286,-0.408,59.850,30.900,-17.550,31.6
20:21:07.465,2859114,-8.380,1.829,-2.327,0.197,-0.007,-0.666,59.850,30.900,-17.550,31.5
20:21:07.525,2859168,-9.060,1.472,-1.032,0.311,-0.152,-0.612,61.050,28.500,-15.300,31.6
20:21:07.526,2859222,-9.029,0.692,-2.143,0.196,-0.368,-0.731,61.050,28.500,-15.300,31.2
20:21:07.586,2859276,-8.894,-1.214,-2.107,0.648,-0.356,-0.933,61.050,28.500,-15.300,31.3
20:21:07.645,2859330,-10.096,1.803,-1.805,0.804,0.008,-0.704,61.050,28.500,-15.300,31.4
20:21:07.705,2859384,-10.053,1.142,-3.033,-0.858,-0.334,-0.807,63.900,21.750,-14.400,31.5
20:21:07.765,2859438,-9.258,-5.765,-0.005,1.284,-0.183,-0.774,63.300,15.000,-12.000,31.4
20:21:07.825,2859492,-10.925,1.987,0.005,0.496,-0.751,-1.735,63.300,15.000,-12.000,31.5
20:21:07.885,2859546,-4.305,-10.896,1.985,1.575,-0.609,-2.052,63.300,15.000,-12.000,31.3
20:21:07.945,2859600,-9.799,8.521,-5.033,1.909,1.153,3.176,63.300,15.000,-12.000,31.5
20:21:08.005,2859654,-5.677,-3.742,0.359,-2.237,0.375,1.108,62.550,13.050,-10.500,31.3
20:21:08.065,2859708,-4.527,2.363,-1.551,0.283,1.570,2.992,62.550,13.050,-10.500,31.1
20:21:08.066,2859762,-9.555,-2.258,-2.796,-1.571,0.464,1.697,62.100,25.500,-16.050,31.4
20:21:08.125,2859816,-8.792,0.211,-2.157,0.857,0.523,1.325,62.100,25.500,-16.050,31.3
20:21:08.185,2859870,-11.011,4.855,-2.528,0.391,0.851,0.675,59.400,34.950,-18.450,31.4
20:21:08.244,2859924,-9.079,-0.910,-0.498,-0.543,0.087,1.025,59.400,34.950,-18.450,31.4
20:21:08.304,2859978,-9.507,3.551,-3.903,-0.324,0.073,0.688,58.050,36.600,-20.100,31.3
20:21:08.365,2860032,-9.912,0.498,-2.428,-0.289,-0.243,0.402,58.050,36.600,-20.100,31.5
20:21:08.425,2860086,-9.395,5.986,-3.450,-0.236,-0.042,0.157,55.800,39.300,-20.700,31.5
20:21:08.544,2860140,-9.742,0.031,-0.962,-1.028,-0.200,-0.302,54.750,41.700,-20.100,31.6
20:21:08.545,2860194,-10.637,5.155,-1.539,-0.534,0.334,-0.436,54.750,41.700,-20.100,31.2
20:21:08.605,2860248,-9.424,1.264,-2.581,-0.004,0.294,-0.872,57.150,38.400,-19.800,31.2
20:21:08.606,2860302,-9.524,0.721,-2.727,-0.040,0.287,-0.432,57.150,38.400,-19.800,31.3
20:21:08.665,2860356,-10.250,1.729,-2.993,-0.334,0.019,-0.367,57.150,38.400,-19.800,31.4
20:21:08.724,2860410,-9.668,-0.290,-1.633,-0.262,-0.193,-0.225,57.150,38.400,-19.800,31.4
20:21:08.785,2860464,-9.483,3.156,-2.895,-0.110,0.192,-0.201,58.050,34.350,-21.150,31.4
20:21:08.845,2860518,-8.825,0.366,-2.885,-0.711,-0.274,-0.153,58.050,34.350,-21.150,31.4
20:21:08.905,2860572,-9.840,1.973,-1.760,0.221,0.268,-0.399,58.200,33.750,-20.550,31.4
20:21:08.965,2860626,-9.522,1.714,-2.552,-0.806,-0.121,-0.184,58.200,33.750,-20.550,31.4
20:21:09.025,2860680,-9.653,1.276,-1.314,0.023,-0.141,-0.422,58.200,33.750,-20.550,31.2
20:21:09.084,2860734,-9.835,0.654,-1.556,-0.379,-0.313,-0.294,59.550,31.200,-20.100,31.3
20:21:09.145,2860788,-10.661,1.611,-1.465,-0.500,-0.262,-0.257,59.550,31.200,-20.100,31.4
20:21:09.146,2860842,-10.592,1.501,-1.453,-0.277,-0.157,-0.208,60.450,29.850,-18.000,31.4
20:21:09.205,2860896,-10.080,0.431,-1.611,-0.365,-0.062,-0.280,60.450,29.850,-18.000,31.4
20:21:09.265,2860950,-10.053,1.326,-1.946,-0.094,0.050,-0.285,60.450,29.850,-18.000,31.4
20:21:09.324,2861004,-10.072,-0.201,-1.563,0.225,-0.083,-0.287,60.450,29.850,-18.000,31.4
20:21:09.385,2861058,-9.919,0.292,-1.853,0.289,-0.236,-0.217,60.150,26.850,-18.450,31.6
20:21:09.444,2861112,-9.189,0.105,-1.338,0.428,-0.237,-0.127,60.150,26.850,-18.450,31.6
20:21:09.505,2861166,-9.596,0.225,-1.353,0.305,-0.079,-0.240,60.600,25.800,-18.600,31.3
20:21:09.565,2861220,-10.704,0.534,-1.413,0.340,0.061,-0.092,60.600,25.800,-18.600,31.3
20:21:09.625,2861274,-13.652,0.163,-2.191,0.064,0.250,0.039,60.600,25.800,-18.600,31.6
20:21:09.684,2861328,-16.800,1.367,-2.966,-0.767,-0.157,0.546,62.550,25.800,-18.900,31.5
20:21:09.685,2861382,-13.422,0.630,-1.935,0.347,-0.057,0.496,62.550,25.800,-18.900,31.3
20:21:09.744,2861436,-11.279,1.276,-1.654,-0.091,-0.204,0.735,60.900,27.600,-17.700,31.4
20:21:09.864,2861490,-9.732,0.737,-1.034,0.171,-0.031,0.662,60.900,27.600,-17.700,31.4
20:21:09.865,2861544,-8.581,0.658,-1.228,-0.183,-0.042,0.434,58.800,30.900,-15.300,31.6
20:21:09.924,2861598,-9.409,0.879,-1.707,0.007,0.087,0.070,58.800,30.900,-15.300,31.4
20:21:09.985,2861652,-9.579,0.809,-1.118,0.098,-0.019,0.112,59.700,31.800,-14.400,31.2
20:21:10.045,2861706,-8.408,0.625,-0.062,-0.401,-0.017,0.135,59.700,31.800,-14.400,31.4
20:21:10.105,2861760,-8.234,1.556,-1.022,0.392,-0.007,-0.108,58.200,34.200,-12.600,31.4
20:21:10.165,2861814,-9.558,1.104,-2.361,-0.582,-0.025,0.105,58.200,34.200,-12.600,31.3
20:21:10.224,2861868,-10.566,2.009,-0.848,-0.156,0.390,-0.106,57.750,32.850,-13.800,31.5
20:21:10.284,2861922,-9.790,2.540,-1.243,-0.550,0.113,-0.207,58.950,31.800,-15.900,31.5
20:21:10.285,2861976,-7.649,0.730,-1.772,-0.296,0.109,-0.284,58.950,31.800,-15.900,31.4
20:21:10.344,2862030,-8.727,0.927,-3.342,0.066,-0.173,-0.535,60.450,30.300,-14.700,31.4
20:21:10.405,2862084,-9.299,0.256,-0.407,0.347,0.416,-0.723,60.450,30.300,-14.700,31.2
20:21:10.464,2862138,-7.484,0.565,-2.598,-0.399,-0.065,-0.397,61.200,27.150,-14.400,31.1
20:21:10.525,2862192,-8.827,0.912,-0.247,-0.535,-0.100,-0.175,61.200,27.150,-14.400,31.4
20:21:10.585,2862246,-10.027,1.669,-2.851,0.622,0.097,-0.582,62.100,25.500,-14.250,31.4
20:21:10.645,2862300,-10.156,-1.702,-0.922,0.059,0.016,-0.847,62.100,25.500,-14.250,31.5
20:21:10.704,2862354,-9.280,0.074,-1.159,0.458,-0.004,-0.669,62.100,25.500,-14.250,31.5
20:21:10.765,2862408,-8.528,-2.330,-2.547,-0.612,-0.345,-0.749,62.100,25.500,-14.250,31.4
20:21:10.765,2862462,-8.267,0.115,-1.990,0.496,-0.204,-0.758,63.900,16.800,-11.400,31.5
20:21:10.824,2862516,-8.923,-1.190,-1.628,0.977,0.029,-1.596,63.900,16.800,-11.400,31.5
20:21:10.885,2862570,-6.110,-8.023,-1.168,0.691,-0.185,-1.915,63.900,11.700,-10.350,31.3
20:21:10.945,2862624,-9.187,8.047,-6.065,3.097,0.979,2.609,63.900,11.700,-10.350,31.3
20:21:11.005,2862678,-8.224,-8.499,-2.993,0.300,0.523,1.296,63.900,11.700,-10.350,31.4
20:21:11.064,2862732,-8.315,4.573,-1.908,-0.310,0.799,2.307,63.600,19.200,-17.100,31.4
20:21:11.125,2862786,-8.622,-0.685,-1.705,0.228,0.627,1.665,63.600,19.200,-17.100,31.6
20:21:11.184,2862840,-9.639,4.369,-0.299,0.504,0.414,0.833,63.150,26.400,-19.500,31.3
20:21:11.244,2862894,-7.700,-1.616,-0.680,0.895,0.252,0.903,63.150,26.400,-19.500,31.5
20:21:11.304,2862948,-8.705,1.669,-2.904,-0.003,-0.196,0.829,63.150,26.400,-19.500,31.3
20:21:11.305,2863002,-9.385,0.757,-2.042,0.431,-0.075,0.750,63.150,26.400,-19.500,31.4
20:21:11.364,2863056,-10.587,1.453,-1.240,-0.362,-0.318,0.611,58.950,36.900,-22.350,31.1
20:21:11.425,2863110,-9.383,2.567,-2.844,0.792,0.254,0.258,58.950,36.900,-22.350,31.2
20:21:11.485,2863164,-9.627,1.714,-2.595,0.655,0.174,0.040,58.050,36.600,-22.950,31.4
20:21:11.545,2863218,-9.404,-0.457,-3.383,-0.233,-0.059,0.350,56.700,38.850,-27.150,31.2
20:21:11.604,2863272,-9.962,2.861,-3.560,-0.229,-0.134,0.167,56.700,38.850,-27.150,31.4
20:21:11.665,2863326,-9.488,2.318,-1.702,-0.331,-0.472,0.072,56.250,40.200,-23.700,31.4
20:21:11.724,2863380,-9.706,2.749,-4.056,0.701,-0.088,-0.114,56.250,40.200,-23.700,31.4
20:21:11.785,2863434,-9.562,2.198,-2.227,-0.838,-0.486,-0.138,57.000,38.550,-23.700,31.4
20:21:11.845,2863488,-9.627,1.961,-2.239,0.272,-0.103,-0.354,57.000,38.550,-23.700,31.6
20:21:11.846,2863542,-10.101,1.358,-1.982,-0.998,-0.506,-0.297,58.050,37.500,-23.400,31.3
20:21:11.904,2863596,-9.644,0.699,-2.464,0.584,0.220,-0.447,58.050,37.500,-23.400,31.3
20:21:11.965,2863650,-10.511,2.164,-1.259,0.129,0.161,-0.218,58.650,36.150,-22.050,31.4
20:21:12.024,2863704,-9.527,1.015,-1.925,-0.423,0.141,0.140,58.650,36.150,-22.050,31.4
20:21:12.084,2863758,-9.057,1.302,-2.107,-0.032,0.144,-0.018,58.650,36.150,-22.050,31.6
20:21:12.144,2863812,-9.917,3.797,-1.683,-0.531,0.131,-0.180,58.800,37.050,-23.400,31.4
20:21:12.205,2863866,-9.443,0.266,-2.356,-0.167,0.025,-0.538,58.800,37.050,-23.400,31.5
20:21:12.264,2863920,-9.682,2.255,-3.093,0.106,0.201,-0.502,57.900,34.200,-23.850,31.5
20:21:12.325,2863974,-9.883,1.393,-2.942,-0.245,-0.049,-0.480,57.900,34.200,-23.850,31.4
20:21:12.384,2864028,-9.292,-0.627,-2.780,-0.063,-0.063,-0.280,57.900,34.200,-23.850,31.3
20:21:12.385,2864082,-8.586,-0.242,-2.222,0.379,-0.098,-0.333,57.900,34.200,-23.850,31.3
20:21:12.445,2864136,-8.820,-1.314,-1.726,-0.068,-0.322,-0.245,59.850,30.450,-24.750,31.4
20:21:12.505,2864190,-10.010,0.017,-1.065,0.015,0.013,-0.003,59.850,30.450,-24.750,31.4
20:21:12.565,2864244,-16.269,1.556,-3.831,-0.291,0.147,-0.039,60.600,28.950,-24.000,31.6
20:21:12.624,2864298,-18.122,2.361,-3.354,0.197,-0.221,0.637,60.600,28.950,-24.000,31.4
20:21:12.684,2864352,-14.583,2.811,-2.157,-0.483,-0.276,1.002,60.900,28.800,-23.550,31.4
20:21:12.804,2864406,-11.088,2.796,-0.613,-0.469,-0.327,0.956,58.500,35.100,-21.900,31.3
20:21:12.805,2864460,-9.064,2.327,-1.726,-0.372,-0.126,0.486,58.500,35.100,-21.900,31.2
20:21:12.865,2864514,-8.377,0.680,-0.194,-0.121,0.103,0.026,58.050,39.000,-17.550,31.3
20:21:12.984,2864568,-9.376,2.614,-1.650,-0.487,0.183,-0.075,58.050,39.000,-17.550,31.4
20:21:12.985,2864622,-9.543,0.630,-1.118,0.067,0.377,-0.116,55.500,37.800,-17.100,31.5
20:21:12.986,2864676,-8.246,1.506,-0.757,-0.227,0.238,-0.336,55.500,37.800,-17.100,31.4
20:21:13.045,2864730,-7.032,-0.575,-0.687,-1.230,-0.122,-0.046,56.550,37.800,-16.800,31.4
20:21:13.104,2864784,-7.606,3.029,-2.069,-0.449,-0.083,-0.478,56.550,37.800,-16.800,31.5
20:21:13.165,2864838,-8.633,2.090,-2.387,-0.328,0.236,-0.581,56.550,37.800,-16.800,31.5
20:21:13.224,2864892,-8.162,0.862,-1.063,-1.130,0.126,-0.694,56.550,37.800,-16.800,31.6
20:21:13.284,2864946,-8.413,0.656,-2.102,0.103,-0.081,-0.692,60.150,31.050,-13.950,31.2
20:21:13.345,2865000,-7.685,-1.056,-2.064,-0.863,-0.397,-0.462,60.150,31.050,-13.950,31.1
20:21:13.404,2865054,-8.116,0.376,-1.113,0.263,-0.337,-0.704,61.050,28.200,-12.300,31.4
20:21:13.465,2865108,-8.157,-2.054,-0.941,0.511,-0.145,-0.426,61.050,28.200,-12.300,31.1
20:21:13.466,2865162,-10.173,6.646,-1.647,-1.094,-0.204,0.423,61.050,28.200,-12.300,31.4
20:21:13.525,2865216,-9.682,-1.985,-0.139,0.326,0.166,-0.540,60.600,26.250,-9.000,31.6
20:21:13.584,2865270,-10.810,3.721,-1.001,-0.322,-0.275,-1.773,60.600,26.250,-9.000,31.6
20:21:13.644,2865324,-7.726,-10.740,-1.279,5.486,1.298,-2.475,62.400,15.900,-5.550,31.5
20:21:13.704,2865378,-18.514,18.560,1.188,1.392,-0.454,0.273,62.400,15.900,-5.550,31.6
20:21:13.764,2865432,-4.276,-7.235,-1.092,-1.373,-0.041,1.231,62.400,15.900,-5.550,31.2
20:21:13.824,2865486,-8.289,-1.257,-2.935,1.997,0.631,1.223,62.400,15.900,-5.550,31.3
20:21:13.885,2865540,-6.723,-2.344,-1.870,-0.229,0.208,-0.039,62.400,17.100,-12.150,31.3
20:21:13.945,2865594,-11.523,2.684,-2.768,0.960,0.277,-0.434,62.400,17.100,-12.150,31.6
20:21:14.005,2865648,-13.300,-1.618,-3.366,-0.050,0.305,-0.102,63.600,16.200,-14.550,31.6
20:21:14.006,2865702,-10.465,-2.938,-4.257,0.449,0.393,0.237,63.150,13.650,-16.950,31.4
20:21:14.065,2865756,-7.037,0.017,-2.514,-0.505,0.026,0.201,63.150,13.650,-16.950,31.5
20:21:14.125,2865810,-5.203,-3.565,-2.684,0.990,0.135,0.158,62.550,13.800,-16.800,31.5
20:21:14.185,2865864,-6.771,1.082,-2.114,-0.013,-0.166,0.636,62.550,13.800,-16.800,31.4
20:21:14.244,2865918,-9.076,-1.686,-2.413,0.427,-0.038,1.239,62.550,13.800,-16.800,31.2
20:21:14.304,2865972,-10.688,-0.065,-4.429,-0.998,-0.065,1.256,62.550,13.800,-16.800,31.4
20:21:14.365,2866026,-7.484,0.115,-0.850,0.863,0.037,1.455,61.950,26.100,-15.900,31.5
20:21:14.425,2866080,-6.043,-0.335,-3.067,-0.344,-0.192,1.286,61.950,26.100,-15.900,31.3
20:21:14.484,2866134,-8.037,1.022,1.310,-0.388,0.033,0.760,57.900,32.250,-16.500,31.6
20:21:14.545,2866188,-8.600,1.985,-3.026,0.049,-0.079,0.656,57.900,32.250,-16.500,31.5
20:21:14.546,2866242,-12.419,0.704,-2.138,-0.844,-0.057,0.224,57.900,32.250,-16.500,31.3
20:21:14.605,2866296,-10.652,3.105,-2.097,0.336,0.374,-0.222,55.800,33.900,-17.100,31.4
20:21:14.665,2866350,-10.738,-2.009,-0.670,-0.292,0.270,-0.193,55.800,33.900,-17.100,31.4
20:21:14.725,2866404,-11.023,3.721,-3.780,0.300,0.443,-0.386,55.800,31.650,-21.900,31.1
20:21:14.784,2866458,-11.451,-1.149,-1.891,-0.899,0.060,0.065,55.800,31.650,-21.900,31.3
20:21:14.845,2866512,-12.773,3.266,-3.141,-0.819,0.218,-0.147,55.800,31.650,-21.900,31.4
20:21:14.905,2866566,-11.526,1.053,-1.750,-0.062,-0.027,-0.389,55.800,31.650,-21.900,31.6
20:21:14.965,2866620,-10.434,1.489,-1.312,-0.125,0.055,-0.556,55.500,30.900,-22.650,31.5
20:21:15.024,2866674,-9.579,1.065,-1.523,-0.554,0.035,-0.522,55.500,30.900,-22.650,31.4
20:21:15.085,2866728,-9.651,0.381,-2.124,-0.519,0.190,-0.264,57.000,29.250,-21.900,31.5
20:21:15.086,2866782,-10.482,0.922,-2.739,-0.690,0.086,-0.540,57.000,29.250,-21.900,31.5
20:21:15.145,2866836,-9.934,0.115,-2.897,-0.757,0.120,-0.345,57.000,29.250,-21.900,31.4
20:21:15.205,2866890,-9.900,1.867,-2.737,-0.154,0.130,-0.104,57.150,26.400,-21.750,31.3
20:21:15.264,2866944,-9.297,1.216,-1.547,-0.379,-0.030,-0.047,57.150,26.400,-21.750,31.3
20:21:15.324,2866998,-8.533,1.274,-2.811,-0.343,-0.040,-0.008,58.650,26.100,-22.050,31.5
20:21:15.385,2867052,-8.950,1.226,-1.992,-0.375,-0.098,-0.252,58.650,26.100,-22.050,31.5
20:21:15.445,2867106,-8.143,0.570,-2.021,0.071,-0.143,-0.207,57.750,26.250,-18.900,31.6
20:21:15.504,2867160,-10.271,0.915,-2.332,-0.555,-0.205,-0.036,57.750,26.250,-18.900,31.3
20:21:15.564,2867214,-16.187,1.295,-3.893,-0.149,0.204,0.042,57.900,24.900,-20.550,31.4
20:21:15.625,2867268,-16.709,2.207,-3.515,0.242,-0.392,0.384,57.900,24.900,-20.550,31.8
20:21:15.626,2867322,-12.277,3.584,-1.767,0.441,-0.060,0.760,58.200,26.850,-18.750,31.4
20:21:15.685,2867376,-9.294,0.211,-1.377,-0.227,0.249,0.823,58.200,26.850,-18.750,31.1
20:21:15.745,2867430,-8.787,4.087,-1.832,-0.091,0.542,0.246,57.450,30.600,-18.000,31.4
20:21:15.805,2867484,-7.970,-0.220,-1.539,-0.627,-0.052,0.234,57.450,30.600,-18.000,31.4
20:21:15.864,2867538,-8.267,1.817,-2.219,0.546,0.385,-0.169,56.700,31.800,-17.250,31.4
20:21:15.925,2867592,-8.938,2.552,-1.460,-0.230,0.128,-0.149,56.700,31.800,-17.250,31.4
20:21:15.985,2867646,-8.375,1.532,-3.936,-0.475,0.072,0.105,56.700,31.800,-17.250,31.4
20:21:16.046,2867700,-9.076,0.606,-2.691,-0.242,0.239,-0.363,57.750,32.400,-18.150,31.4
20:21:16.105,2867754,-8.681,0.587,-2.497,-0.382,-0.084,-0.089,57.750,32.400,-18.150,31.3
20:21:16.165,2867808,-9.096,1.695,-2.911,0.319,0.019,-0.030,58.800,30.150,-17.100,31.4
20:21:16.166,2867862,-9.500,2.986,-1.712,-0.584,-0.175,-0.140,58.800,30.150,-17.100,31.4
20:21:16.225,2867916,-8.760,-0.548,-3.254,0.076,-0.199,-0.022,58.800,30.150,-17.100,31.5
20:21:16.284,2867970,-10.295,4.219,-1.856,-0.349,-0.107,-0.459,58.800,30.150,-17.100,31.4
20:21:16.345,2868024,-7.324,-0.402,-1.247,-0.151,0.092,-0.100,59.250,27.750,-15.300,31.4
20:21:16.405,2868078,-8.720,3.029,-4.353,-0.241,-0.050,-0.442,59.250,27.750,-15.300,31.4
20:21:16.465,2868132,-9.323,0.713,-1.774,0.544,-0.116,-0.640,59.850,25.500,-14.550,31.4
20:21:16.524,2868186,-8.126,1.243,-3.077,0.193,-0.154,-0.250,59.850,25.500,-14.550,31.5
20:21:16.585,2868240,-8.411,-0.754,-1.877,0.352,-0.144,-0.047,59.850,25.500,-14.550,31.5
20:21:16.644,2868294,-10.010,2.009,-2.105,0.306,-0.149,-0.419,61.650,22.500,-11.850,31.4
20:21:16.704,2868348,-8.444,-1.178,-2.210,0.527,-0.121,-0.490,61.650,22.500,-11.850,31.2
20:21:16.705,2868402,-9.041,1.276,-2.703,-0.353,-0.477,-0.453,62.100,21.600,-12.750,31.5
20:21:16.765,2868456,-9.519,-0.553,-2.167,1.073,-0.254,-0.550,62.100,21.600,-12.750,31.6
20:21:16.824,2868510,-9.057,-1.413,-1.712,0.179,-0.274,-0.454,62.100,21.600,-12.750,31.4
20:21:16.884,2868564,-9.570,2.047,-0.469,-0.118,-0.253,-0.598,62.100,21.600,-12.750,31.4
20:21:16.944,2868618,-8.897,-2.112,-2.243,1.217,-0.111,-1.495,60.900,16.800,-8.550,31.4
20:21:17.004,2868672,-9.290,-6.309,-1.219,3.117,0.412,-0.914,60.900,16.800,-8.550,31.5
20:21:17.064,2868726,-9.610,9.950,-0.970,0.671,0.086,1.148,61.200,10.200,-8.550,31.6
20:21:17.125,2868780,-8.473,-7.317,-2.298,-0.927,0.189,0.858,61.050,16.500,-10.500,31.3
20:21:17.185,2868834,-10.092,2.679,-1.853,0.209,0.555,0.294,61.050,16.500,-10.500,31.3
20:21:17.304,2868888,-9.268,0.804,-0.984,-0.157,0.254,0.248,61.200,16.800,-12.150,31.4
20:21:17.305,2868942,-9.833,-2.670,-2.705,0.369,0.286,0.457,61.200,16.800,-12.150,31.6
20:21:17.306,2868996,-10.154,-0.740,-1.494,0.677,0.242,-0.066,60.150,20.550,-12.900,31.4
20:21:17.365,2869050,-10.149,-0.543,-2.143,0.035,0.074,0.339,60.150,20.550,-12.900,31.4
20:21:17.425,2869104,-8.665,-1.518,-2.205,-0.180,0.121,0.029,61.350,21.600,-14.550,31.7
20:21:17.484,2869158,-9.467,0.670,-1.793,0.544,0.234,-0.118,61.350,21.600,-14.550,31.5
20:21:17.544,2869212,-10.101,-0.034,-2.734,0.906,0.372,0.103,61.950,21.450,-16.200,31.4
20:21:17.605,2869266,-9.129,-0.630,-2.073,0.013,0.291,0.460,61.950,21.450,-16.200,31.2
20:21:17.665,2869320,-8.909,-1.702,-2.222,0.727,0.404,0.288,61.950,21.450,-16.200,31.3
20:21:17.725,2869374,-9.007,-0.134,-3.496,-1.042,0.132,0.232,62.400,23.700,-21.300,31.4
20:21:17.785,2869428,-9.586,2.172,-2.188,0.564,0.468,0.044,62.400,23.700,-21.300,31.4
20:21:17.786,2869482,-9.924,-2.069,-4.049,-0.292,0.289,-0.077,61.950,23.700,-21.750,31.4
20:21:17.844,2869536,-9.831,-0.254,-4.039,-0.262,0.194,-0.092,61.950,23.700,-21.750,31.3
20:21:17.905,2869590,-9.723,-1.245,-3.687,0.158,0.104,-0.151,61.950,23.700,-21.750,31.6
20:21:17.965,2869644,-9.187,-2.167,-3.795,-0.071,-0.036,-0.403,61.950,23.700,-21.750,31.6
20:21:18.024,2869698,-9.373,1.425,-3.005,-0.110,-0.068,-0.327,61.200,20.550,-22.350,31.4
20:21:18.086,2869752,-9.213,-2.035,-2.813,0.787,-0.049,-0.285,61.200,20.550,-22.350,31.4
20:21:18.144,2869806,-9.213,0.101,-3.220,-0.719,-0.167,0.027,62.400,20.250,-22.050,31.4
20:21:18.205,2869860,-7.980,-0.668,-2.887,1.171,0.037,-0.009,62.400,20.250,-22.050,31.4
20:21:18.265,2869914,-6.309,-1.123,-2.416,0.229,-0.434,1.026,62.400,20.250,-22.050,31.6
20:21:18.325,2869968,-7.142,0.871,-4.152,-0.352,-0.412,1.406,60.450,25.200,-21.000,31.5
20:21:18.326,2870022,-9.388,2.626,-1.652,-0.074,-0.294,1.232,60.450,25.200,-21.000,31.4
20:21:18.385,2870076,-8.408,-2.595,-2.009,-1.071,-0.652,1.414,60.150,33.000,-18.450,31.4
20:21:18.445,2870130,-10.657,5.559,-2.550,-0.086,-0.134,0.768,60.150,33.000,-18.450,31.6
20:21:18.504,2870184,-10.046,3.433,0.285,-0.470,-0.207,0.581,60.150,33.000,-18.450,31.6
20:21:18.564,2870238,-8.162,3.211,-2.143,-0.337,-0.179,0.257,60.150,33.000,-18.450,31.3
20:21:18.624,2870292,-7.673,0.661,-1.583,-0.092,-0.403,0.287,54.450,38.850,-14.400,31.6
20:21:18.685,2870346,-8.875,3.273,-1.709,0.265,0.160,-0.007,54.450,38.850,-14.400,31.4
20:21:18.744,2870400,-9.278,1.537,-2.780,-0.598,0.057,0.345,53.400,39.600,-15.450,31.6
20:21:18.805,2870454,-9.752,4.362,-2.294,-0.093,0.250,0.177,53.400,39.600,-15.450,31.6
20:21:18.864,2870508,-9.893,3.713,-0.807,-0.476,0.222,0.064,54.300,40.950,-16.350,31.4
20:21:18.925,2870562,-9.740,3.285,-3.342,0.263,0.184,-0.179,54.300,40.950,-16.350,31.5
20:21:18.926,2870616,-9.996,2.181,-1.173,-0.027,0.041,-0.259,54.150,39.900,-18.450,31.5
20:21:18.984,2870670,-10.810,4.843,-3.316,0.145,0.339,-0.239,56.400,39.600,-19.500,31.2
20:21:19.044,2870724,-10.180,1.010,-1.788,-0.637,0.165,0.078,56.400,39.600,-19.500,31.1
20:21:19.105,2870778,-9.867,1.753,-2.186,-0.440,0.245,-0.339,54.300,40.500,-18.900,31.4
20:21:19.165,2870832,-9.661,2.004,-2.679,-0.290,0.392,0.000,54.300,40.500,-18.900,31.4
20:21:19.225,2870886,-9.364,3.373,-2.631,-0.603,-0.354,-0.222,57.750,39.000,-19.650,31.4
20:21:19.284,2870940,-8.681,1.111,-1.678,-0.289,-0.233,-0.143,57.750,39.000,-19.650,31.6
20:21:19.345,2870994,-8.643,3.591,-1.741,0.426,0.196,-0.172,57.750,39.000,-19.650,31.5
20:21:19.405,2871048,-8.523,2.789,-1.901,-0.338,0.153,-0.128,57.750,39.000,-19.650,31.8
20:21:19.406,2871102,-9.603,2.744,-2.212,-0.207,0.324,-0.220,56.700,37.200,-18.000,31.5
20:21:19.465,2871156,-9.912,2.921,-1.765,-0.172,0.244,-0.044,56.700,37.200,-18.000,31.3
20:21:19.525,2871210,-9.527,2.334,-2.124,-0.033,-0.008,-0.116,57.300,35.550,-19.350,31.2
20:21:19.585,2871264,-9.397,3.191,-1.599,0.290,-0.040,-0.205,57.300,35.550,-19.350,31.4
20:21:19.645,2871318,-9.419,2.172,-2.689,-0.203,-0.063,-0.164,57.300,35.550,-19.350,31.6
20:21:19.705,2871372,-9.981,2.631,-2.207,0.418,0.139,-0.002,55.800,35.850,-21.150,31.6
20:21:19.765,2871426,-8.803,2.401,-1.683,0.103,-0.122,0.103,55.800,35.850,-21.150,31.4
20:21:19.824,2871480,-7.994,1.678,-1.204,0.117,-0.381,0.059,57.900,35.700,-20.550,31.4
20:21:19.885,2871534,-8.423,2.531,-1.784,0.320,-0.145,0.128,57.900,35.700,-20.550,31.5
20:21:19.945,2871588,-14.497,4.954,-3.203,-0.182,-0.129,0.301,55.950,35.700,-19.800,31.6
20:21:19.946,2871642,-15.476,3.551,-2.423,0.501,-0.277,0.116,55.950,35.700,-19.800,31.4
20:21:20.005,2871696,-14.636,6.084,-2.418,-0.073,-0.153,0.296,56.250,37.800,-18.900,31.3
20:21:20.125,2871750,-10.834,2.258,-1.118,0.261,-0.116,0.266,56.250,37.800,-18.900,31.5
20:21:20.126,2871804,-9.110,2.298,-1.252,0.059,-0.137,0.341,56.550,35.850,-17.550,31.6
20:21:20.185,2871858,-9.045,2.174,-2.140,0.319,0.083,-0.008,54.900,38.850,-16.500,31.5
20:21:20.244,2871912,-9.206,1.451,-1.841,0.103,0.342,0.030,54.900,38.850,-16.500,31.6
20:21:20.305,2871966,-8.219,3.031,-1.743,0.076,0.248,-0.338,56.250,38.250,-16.800,31.6
20:21:20.365,2872020,-8.013,1.027,-1.178,-0.446,0.212,-0.193,56.250,38.250,-16.800,31.6
20:21:20.484,2872074,-8.193,0.800,-1.381,-0.293,0.181,-0.233,56.250,38.250,-16.800,31.4
20:21:20.485,2872128,-7.776,2.018,-2.342,-0.058,-0.061,-0.404,56.250,38.250,-16.800,31.3
20:21:20.486,2872182,-8.408,2.095,-2.217,0.520,0.159,-0.488,57.450,37.200,-16.200,31.2
20:21:20.545,2872236,-8.667,1.235,-3.057,-0.441,-0.149,-0.446,57.450,37.200,-16.200,31.4
20:21:20.605,2872290,-9.515,3.785,-2.914,-1.013,0.337,-0.413,58.800,33.900,-14.550,31.4
20:21:20.664,2872344,-9.041,0.457,-1.815,-1.452,-0.054,-0.424,58.800,33.900,-14.550,31.5
20:21:20.724,2872398,-8.248,1.350,-1.353,0.691,0.019,-0.748,58.800,33.900,-14.550,31.4
20:21:20.784,2872452,-7.544,0.524,-1.920,-0.532,-0.418,-0.434,61.350,28.950,-13.050,31.6
20:21:20.844,2872506,-9.567,4.168,-1.674,0.511,-0.123,-0.737,61.350,28.950,-13.050,31.6
20:21:20.904,2872560,-9.378,-0.136,-1.803,-0.440,-0.015,-0.708,62.400,27.150,-10.650,31.6
20:21:20.965,2872614,-9.481,0.998,-2.392,0.251,-0.126,-0.921,62.400,27.150,-10.650,31.3
20:21:21.024,2872668,-7.877,-2.176,-1.513,-0.495,-0.251,-0.868,62.550,21.900,-10.950,31.2
20:21:21.025,2872722,-7.966,0.010,-1.432,0.589,-0.122,-0.508,62.550,21.900,-10.950,31.4
20:21:21.085,2872776,-9.754,-2.205,-2.028,0.774,-0.037,-0.541,62.100,18.150,-10.950,31.6
20:21:21.144,2872830,-10.048,1.532,-1.520,0.576,0.186,-0.615,62.100,18.150,-10.950,31.4
20:21:21.205,2872884,-7.554,-3.998,-2.782,0.329,-0.495,-2.748,64.800,15.750,-11.700,31.7
20:21:21.265,2872938,-6.096,-10.647,-6.254,7.359,2.161,-0.520,64.800,15.750,-11.700,31.4
20:21:21.325,2872992,-2.670,10.961,3.682,-5.017,0.335,-0.067,63.600,6.450,-13.800,31.5
20:21:21.384,2873046,-7.803,-19.204,-0.663,0.712,0.006,0.284,63.600,6.450,-13.800,31.4
20:21:21.445,2873100,-14.262,7.477,-1.810,0.031,0.265,0.420,63.600,10.800,-12.750,31.3
20:21:21.505,2873154,-7.448,-7.484,-2.248,1.357,0.080,-0.451,63.600,10.800,-12.750,31.4
20:21:21.565,2873208,-8.559,1.381,-1.657,0.118,-0.102,0.361,63.600,10.800,-12.750,31.4
20:21:21.566,2873262,-9.009,-4.731,-1.109,-0.031,0.056,0.394,64.800,14.250,-14.850,31.8
20:21:21.625,2873316,-10.252,-1.082,-2.528,0.578,0.329,0.257,64.800,14.250,-14.850,31.4
20:21:21.684,2873370,-10.554,-0.797,0.151,-0.477,0.265,0.217,64.350,14.550,-16.350,31.6
20:21:21.745,2873424,-9.043,-5.016,-1.511,-0.634,0.021,0.071,64.350,14.550,-16.350,31.4
20:21:21.805,2873478,-10.247,2.023,-2.557,-0.033,0.128,0.129,64.350,14.550,-16.350,31.4
20:21:21.865,2873532,-8.935,-5.229,-2.581,0.492,0.169,0.297,64.350,14.550,-16.350,31.1
20:21:21.924,2873586,-8.535,0.060,-2.660,0.465,0.102,0.595,64.350,15.750,-16.350,31.2
20:21:21.985,2873640,-7.791,-0.488,-2.121,-1.043,-0.066,1.029,64.350,15.750,-16.350,31.6
20:21:22.044,2873694,-7.657,-2.799,-3.175,-0.167,-0.239,1.158,62.100,18.900,-16.800,31.4
20:21:22.105,2873748,-9.735,3.304,-1.396,-0.086,0.002,0.934,62.100,25.050,-17.100,31.5
20:21:22.106,2873802,-7.463,-3.041,-2.488,-0.812,-0.118,1.055,62.100,25.050,-17.100,31.4
20:21:22.164,2873856,-8.468,4.465,0.287,0.499,-0.080,0.659,59.700,30.300,-16.950,31.4
20:21:22.225,2873910,-8.353,0.989,-1.250,-0.304,-0.063,1.050,59.700,30.300,-16.950,31.5
20:21:22.284,2873964,-8.341,-1.070,-3.685,-0.174,-0.552,0.502,58.050,35.100,-17.550,31.6
20:21:22.345,2874018,-8.452,2.500,-1.621,0.135,0.351,0.369,58.050,35.100,-17.550,31.4
20:21:22.405,2874072,-9.416,1.494,-4.532,-0.769,-0.414,0.357,57.450,37.950,-14.400,31.3
20:21:22.464,2874126,-10.599,2.476,-2.140,0.139,0.566,0.114,57.450,37.950,-14.400,31.4
20:21:22.524,2874180,-9.562,1.235,-1.659,-1.132,-0.040,0.211,57.150,37.950,-15.150,31.7
20:21:22.584,2874234,-8.818,2.761,-1.717,0.687,0.479,-0.176,57.150,37.950,-15.150,31.8
20:21:22.644,2874288,-10.307,3.036,-2.380,-1.094,0.038,0.026,56.250,37.800,-16.050,31.6
20:21:22.645,2874342,-10.906,3.615,-2.152,0.813,0.201,-0.481,55.950,37.950,-17.250,31.6
20:21:22.704,2874396,-9.005,3.077,-0.709,-0.789,0.309,0.058,55.950,37.950,-17.250,31.8
20:21:22.765,2874450,-9.440,-0.505,-0.891,-0.198,0.558,-0.303,56.250,35.550,-18.900,31.6
20:21:22.825,2874504,-10.345,5.509,-1.920,0.038,0.518,-0.290,56.250,35.550,-18.900,31.4
20:21:22.885,2874558,-9.407,-0.177,-2.480,-0.619,0.206,-0.052,56.250,35.550,-18.900,31.4
20:21:22.944,2874612,-10.757,3.031,-2.320,0.874,0.210,-0.474,56.250,35.550,-18.900,31.7
20:21:23.005,2874666,-9.680,3.191,-2.851,-0.346,-0.090,-0.299,58.500,32.400,-22.650,31.6
20:21:23.065,2874720,-9.060,0.189,-2.564,-0.152,0.064,-0.095,58.500,32.400,-22.650,31.6
20:21:23.124,2874774,-9.622,2.188,-2.085,-0.227,-0.253,-0.271,57.750,33.600,-22.200,31.6
20:21:23.184,2874828,-8.906,1.298,-1.891,0.116,-0.290,-0.371,57.750,33.600,-22.200,31.6
20:21:23.186,2874882,-12.002,1.580,-1.990,-0.258,-0.047,0.021,57.750,33.600,-22.200,31.4
20:21:23.244,2874936,-18.866,5.140,-3.467,-0.319,0.242,0.529,57.750,31.650,-22.200,31.4
20:21:23.305,2874990,-15.795,2.591,-3.091,-0.369,-0.372,0.933,57.750,31.650,-22.200,31.4
20:21:23.364,2875044,-12.249,4.772,-1.188,0.028,-0.185,0.889,57.150,35.250,-19.800,31.3
20:21:23.425,2875098,-8.066,0.565,-0.960,-0.347,-0.415,0.791,57.150,35.250,-19.800,31.5
20:21:23.485,2875152,-8.327,3.189,-1.700,0.342,0.126,0.267,57.150,35.250,-19.800,31.6
20:21:23.544,2875206,-8.265,1.815,-1.422,-0.556,0.141,0.243,57.150,35.250,-19.800,31.6
20:21:23.605,2875260,-8.586,3.115,-1.836,-0.180,0.439,-0.247,54.150,40.350,-15.150,31.5
20:21:23.665,2875314,-8.416,0.840,-1.580,-0.224,0.087,-0.134,54.150,40.350,-15.150,31.6
20:21:23.724,2875368,-7.894,3.460,0.043,0.150,0.162,-0.586,54.750,40.500,-14.250,31.5
20:21:23.725,2875422,-8.011,4.226,-2.332,-0.233,-0.165,-0.583,54.750,40.500,-14.250,31.6
20:21:23.784,2875476,-7.475,0.637,-1.465,0.484,0.229,-0.703,54.750,40.500,-14.250,31.4
20:21:23.845,2875530,-8.485,2.974,-1.401,0.154,0.278,-0.655,54.750,40.500,-14.250,31.4
20:21:23.905,2875584,-9.385,-1.128,-3.318,-1.397,-0.134,-0.128,59.250,35.100,-13.500,31.4
20:21:23.964,2875638,-9.996,5.145,-3.129,0.666,0.471,-0.715,60.900,31.800,-16.500,31.5
20:21:24.025,2875692,-7.913,-1.982,-2.784,-0.541,-0.368,-0.289,60.900,31.800,-16.500,31.6
20:21:24.085,2875746,-9.278,4.073,-1.156,1.933,0.311,-0.643,60.900,31.800,-16.500,31.6
20:21:24.145,2875800,-8.686,-0.045,-2.294,-1.023,-0.442,-0.073,60.900,31.800,-16.500,31.6
20:21:24.205,2875854,-10.137,0.534,-3.182,1.132,-0.030,-0.489,59.700,27.150,-13.950,31.6
20:21:24.264,2875908,-10.992,1.358,-1.094,-0.195,-0.201,-0.652,59.700,27.150,-13.950,31.4
20:21:24.265,2875962,-8.902,-0.093,-3.625,0.607,-0.321,-0.884,60.900,24.900,-12.900,31.1
20:21:24.324,2876016,-9.361,0.045,-1.846,0.487,-0.393,-0.945,60.900,24.900,-12.900,31.3
20:21:24.385,2876070,-9.567,0.654,-2.284,1.332,-0.854,-2.710,61.950,18.750,-11.100,31.4
20:21:24.444,2876124,-7.731,-15.634,3.821,3.990,0.855,-1.808,61.950,18.750,-11.100,31.4
20:21:24.505,2876178,-13.017,25.604,-6.632,-0.645,-0.488,3.071,60.450,5.100,-8.850,31.7
20:21:24.564,2876232,-3.888,-31.240,-2.653,-1.817,-0.551,0.504,63.450,10.200,-8.100,31.5
20:21:24.624,2876286,-16.429,6.589,-3.010,-0.193,-0.239,1.288,63.450,10.200,-8.100,31.5
20:21:24.685,2876340,-9.505,-5.042,-0.843,0.179,-0.132,-0.411,62.700,11.400,-10.050,31.4
20:21:24.744,2876394,-9.165,0.129,0.259,-0.536,-0.188,-0.147,62.700,11.400,-10.050,31.6
20:21:24.804,2876448,-9.553,-1.185,-1.590,1.747,0.290,-0.025,62.850,9.600,-8.700,31.4
20:21:24.805,2876502,-9.404,-5.011,-0.735,-0.479,0.026,-0.042,62.850,9.600,-8.700,31.4
20:21:24.865,2876556,-8.885,-0.326,-0.599,0.646,0.365,0.361,62.850,9.600,-8.700,31.8
20:21:24.924,2876610,-8.492,-1.501,-0.472,-0.139,0.338,0.771,62.850,9.600,-8.700,31.4
20:21:24.984,2876664,-8.258,-2.394,-1.748,-0.339,0.240,1.111,62.100,15.000,-11.700,31.6
20:21:25.045,2876718,-8.329,0.534,-2.030,0.933,0.228,1.344,62.100,15.000,-11.700,31.5
20:21:25.104,2876772,-9.522,1.051,-2.049,-0.884,-0.024,1.466,61.800,21.900,-13.800,31.6
20:21:25.165,2876826,-7.333,-0.227,-1.003,-0.443,0.226,1.326,61.800,21.900,-13.800,31.7
20:21:25.224,2876880,-7.642,-1.022,-0.268,-0.682,-0.082,1.653,61.800,21.900,-13.800,31.5
20:21:25.284,2876934,-7.609,4.235,-2.212,1.329,0.807,0.999,57.900,36.450,-14.700,31.4
20:21:25.344,2876988,-9.697,1.697,-0.517,0.084,0.489,0.711,57.900,36.450,-14.700,31.6
20:21:25.345,2877042,-10.587,2.619,-1.271,-0.455,0.541,0.936,54.750,39.000,-18.900,31.4
20:21:25.405,2877096,-7.616,0.309,-2.322,-0.322,-0.072,0.697,54.750,39.000,-18.900,31.7
20:21:25.465,2877150,-9.572,4.003,-2.200,0.274,0.368,0.302,54.750,39.000,-18.900,31.4
20:21:25.524,2877204,-9.656,3.359,-3.936,-0.026,0.326,0.245,54.750,39.000,-18.900,31.6
20:21:25.645,2877258,-10.199,5.016,-2.643,-0.485,0.307,0.044,52.800,44.400,-21.900,31.4
20:21:25.646,2877312,-8.308,1.149,-3.302,-0.002,0.411,-0.084,52.800,44.400,-21.900,31.7
20:21:25.704,2877366,-10.065,3.718,-4.367,-0.500,0.560,-0.311,52.050,43.950,-24.000,31.3
20:21:25.765,2877420,-10.068,2.294,-2.835,-0.342,0.211,-0.245,53.700,42.600,-23.550,31.2
20:21:25.824,2877474,-8.935,2.940,-3.141,0.205,0.343,-0.371,53.700,42.600,-23.550,31.7
20:21:25.885,2877528,-9.033,3.081,-2.636,-0.904,0.146,-0.228,53.700,42.300,-26.850,31.4
20:21:25.886,2877582,-9.505,3.249,-3.946,0.258,0.171,-0.288,53.700,42.300,-26.850,31.7
20:21:25.945,2877636,-8.861,2.521,-3.045,-0.125,0.081,-0.169,54.150,41.100,-26.400,31.6
20:21:26.004,2877690,-9.179,2.607,-4.140,-0.028,0.041,-0.161,54.150,41.100,-26.400,31.4
20:21:26.065,2877744,-9.366,3.359,-3.742,-0.480,-0.098,-0.161,54.300,39.750,-27.300,31.6
20:21:26.124,2877798,-9.088,2.543,-2.844,-0.137,-0.275,-0.137,54.300,39.750,-27.300,31.4
20:21:26.185,2877852,-8.914,2.717,-2.775,-0.025,-0.319,-0.187,55.050,39.000,-28.050,31.2
20:21:26.245,2877906,-10.666,3.349,-3.484,0.111,-0.210,-0.074,55.050,39.000,-28.050,31.4
20:21:26.305,2877960,-13.072,6.239,-3.800,-0.108,-0.112,0.436,55.050,39.000,-28.050,31.4
20:21:26.364,2878014,-12.565,2.265,-3.551,0.388,0.119,0.113,55.050,39.000,-28.050,31.5
20:21:26.425,2878068,-12.641,6.642,-3.919,-0.420,-0.324,0.555,54.450,38.850,-23.100,31.4
20:21:26.426,2878122,-9.005,0.955,-1.860,0.787,0.030,0.123,53.250,40.200,-22.200,31.4
20:21:26.484,2878176,-9.364,5.227,-1.635,0.199,-0.209,0.093,53.250,40.200,-22.200,31.7
20:21:26.545,2878230,-8.554,1.372,-2.344,0.001,-0.037,-0.112,53.250,40.200,-22.200,31.5
20:21:26.605,2878284,-7.671,1.836,-2.198,1.157,-0.069,-0.299,53.250,40.200,-22.200,31.6
20:21:26.664,2878338,-6.958,2.569,-3.802,-0.036,-0.092,-0.337,54.450,40.350,-23.850,31.3
20:21:26.724,2878392,-9.335,2.593,-3.168,1.105,0.203,-0.715,54.450,40.350,-23.850,31.4
20:21:26.784,2878446,-8.756,2.045,-2.950,0.001,-0.186,-0.748,56.250,39.000,-25.950,31.6
20:21:26.844,2878500,-7.745,-0.232,-3.086,0.510,-0.192,-0.945,56.250,39.000,-25.950,31.4
20:21:26.905,2878554,-9.196,1.448,-4.609,-0.201,-0.218,-0.664,56.250,39.000,-25.950,31.7
20:21:26.965,2878608,-9.874,1.101,-2.926,0.641,-0.094,-1.053,56.250,39.000,-25.950,31.5
20:21:26.966,2878662,-8.739,-0.508,-2.342,0.309,0.034,-0.757,61.050,31.650,-22.950,31.4
20:21:27.025,2878716,-8.746,-2.181,-3.323,-0.335,-0.721,-0.944,62.700,25.200,-22.800,31.3
20:21:27.085,2878770,-7.805,-1.152,-0.168,0.906,-0.240,-0.471,62.700,25.200,-22.800,31.6
20:21:27.145,2878824,-9.151,1.125,-2.591,0.221,-0.226,-0.467,64.200,21.750,-22.350,31.2
20:21:27.205,2878878,-7.503,-4.329,-0.915,0.037,0.009,-0.188,64.200,21.750,-22.350,31.6
20:21:27.324,2878932,-10.156,1.317,-2.533,0.026,-0.137,-0.384,62.550,20.100,-21.150,31.3
20:21:27.325,2878986,-7.910,-5.274,-1.307,-0.509,-0.263,-0.262,62.550,20.100,-21.150,31.4
20:21:27.385,2879040,-9.582,2.543,-3.563,1.217,0.327,-0.071,64.650,18.300,-18.750,31.6
20:21:27.444,2879094,-8.325,-8.325,-0.941,-1.730,-0.363,-0.448,64.650,18.300,-18.750,31.4
20:21:27.504,2879148,-8.466,-0.639,-3.505,1.547,0.696,0.370,63.600,20.100,-18.900,31.6
20:21:27.504,2879202,-9.653,-2.191,-0.584,-2.320,-0.427,-0.191,63.600,20.100,-18.900,31.4
20:21:27.565,2879256,-10.364,0.045,-3.110,0.806,0.243,0.353,63.900,19.800,-19.500,31.5
20:21:27.624,2879310,-10.278,-2.131,-2.806,-1.552,-0.369,-0.537,63.900,19.800,-19.500,31.3
20:21:27.685,2879364,-9.579,-1.317,-3.259,0.323,-0.049,-0.451,63.900,19.800,-19.500,31.5
20:21:27.745,2879418,-9.433,-2.717,-1.745,-1.080,-0.367,-0.374,64.200,16.800,-17.700,31.6
20:21:27.804,2879472,-9.646,0.843,-3.237,-0.258,-0.181,-0.158,64.200,16.800,-17.700,31.4
20:21:27.864,2879526,-8.933,-4.705,-2.069,0.213,-0.235,-0.529,63.450,14.850,-15.900,31.6
20:21:27.925,2879580,-9.787,1.367,-1.908,-0.531,-0.561,-1.109,63.450,14.850,-15.900,31.6
20:21:27.985,2879634,-7.264,-20.090,2.825,-1.750,-0.863,-2.132,63.450,14.850,-15.900,31.6
20:21:28.045,2879688,-11.619,23.169,-4.630,0.916,-0.539,3.228,63.450,14.850,-15.900,31.5
20:21:28.046,2879742,-7.693,-19.920,-2.140,-2.872,-0.671,0.021,64.650,13.650,-14.400,31.4
20:21:28.104,2879796,-10.965,1.659,-2.586,-0.246,0.367,0.439,64.650,13.650,-14.400,31.3
20:21:28.165,2879850,-10.032,-2.772,-2.239,-0.598,0.062,-0.018,64.350,12.300,-15.600,31.7
20:21:28.285,2879904,-9.337,-2.421,-2.622,-0.233,0.187,0.374,64.350,12.300,-15.600,31.7
20:21:28.286,2879958,-9.491,-3.567,-2.028,-0.731,0.203,0.156,64.350,12.300,-15.600,31.3
20:21:28.345,2880012,-9.189,-0.821,-2.784,-0.798,0.273,0.142,64.050,14.250,-18.150,31.6
20:21:28.405,2880066,-9.464,-1.008,-1.918,0.175,0.435,0.192,64.050,14.250,-18.150,31.4
20:21:28.465,2880120,-8.562,-3.958,-2.957,-0.438,0.160,0.151,64.650,14.400,-19.800,31.6
20:21:28.524,2880174,-10.247,2.301,-3.780,0.284,0.205,0.303,64.650,14.400,-19.800,31.6
20:21:28.585,2880228,-9.471,-1.365,-3.531,0.265,0.313,0.038,64.650,14.400,-19.800,31.4
20:21:28.586,2880282,-8.193,-2.885,-2.907,-0.484,-0.032,0.203,64.650,14.400,-19.800,31.3
20:21:28.645,2880336,-9.172,-1.008,-2.784,0.034,0.008,0.078,64.800,17.700,-21.450,31.6
20:21:28.704,2880390,-9.905,-1.889,-4.357,0.022,0.139,0.006,64.800,17.700,-21.450,31.5
20:21:28.764,2880444,-9.261,-0.510,-3.428,0.348,0.168,0.359,62.100,15.450,-23.400,31.4
20:21:28.825,2880498,-7.360,-3.007,-4.211,0.395,-0.173,0.358,62.100,15.450,-23.400,31.7
20:21:28.884,2880552,-5.684,1.286,-4.331,1.742,0.097,1.429,63.300,18.450,-23.700,31.5
20:21:28.945,2880606,-6.632,-1.757,-3.481,-0.193,-0.336,1.928,61.800,25.800,-22.950,31.6
20:21:29.005,2880660,-9.471,-0.103,-4.403,-0.555,-0.326,1.092,61.800,25.800,-22.950,31.5
20:21:29.065,2880714,-10.211,6.005,-0.816,1.025,0.521,0.920,60.300,33.900,-22.200,31.3
20:21:29.124,2880768,-7.084,-3.038,-4.240,-0.855,-0.473,0.864,60.300,33.900,-22.200,31.3
20:21:29.125,2880822,-10.453,5.784,-4.585,0.778,0.088,0.766,57.300,37.500,-23.400,31.4
20:21:29.185,2880876,-5.648,0.702,-2.957,0.305,-0.101,0.800,57.300,37.500,-23.400,31.4
20:21:29.244,2880930,-10.575,4.662,-4.515,-0.394,-0.488,0.321,55.050,41.250,-26.550,31.6
20:21:29.305,2880984,-7.360,-0.479,-2.069,1.179,-0.044,0.281,55.050,41.250,-26.550,31.8
20:21:29.365,2881038,-10.690,9.182,-2.612,0.198,-0.090,-0.254,54.750,43.650,-22.950,31.3
20:21:29.425,2881092,-7.788,-0.713,-2.938,-0.200,0.085,-0.024,54.750,43.650,-22.950,31.6
20:21:29.485,2881146,-9.318,3.900,-3.012,1.057,0.350,-0.556,53.550,41.700,-24.000,31.6
20:21:29.544,2881200,-8.109,2.162,-2.983,-1.013,-0.029,0.406,55.200,38.850,-26.400,31.3
20:21:29.604,2881254,-9.541,2.088,-2.358,1.329,0.243,-0.362,55.200,38.850,-26.400,31.4
20:21:29.665,2881308,-9.371,4.101,-2.504,-0.654,-0.220,-0.035,55.200,38.850,-26.400,31.6
20:21:29.666,2881362,-9.843,1.389,-4.156,0.276,0.012,-0.259,55.200,38.850,-26.400,31.4
20:21:29.724,2881416,-9.409,2.959,-1.635,-0.251,-0.177,-0.264,56.250,38.250,-28.050,31.6
20:21:29.785,2881470,-9.120,1.336,-2.660,0.039,-0.104,-0.343,56.250,38.250,-28.050,31.5
20:21:29.844,2881524,-10.147,2.947,-3.553,-0.154,0.209,-0.265,57.900,36.900,-26.100,31.6
20:21:29.905,2881578,-10.075,0.850,-2.682,0.040,-0.034,-0.157,57.900,36.900,-26.100,31.4
20:21:29.965,2881632,-8.942,1.937,-3.560,0.028,-0.264,-0.337,57.900,36.900,-26.100,31.6
20:21:30.025,2881686,-9.517,2.169,-2.746,-0.109,-0.304,-0.208,57.900,36.900,-26.100,31.4
20:21:30.085,2881740,-10.013,1.832,-3.378,0.030,-0.362,-0.189,56.700,33.000,-25.350,31.5
20:21:30.145,2881794,-9.469,1.741,-1.662,-0.045,-0.480,-0.053,59.550,34.800,-24.450,31.6
20:21:30.204,2881848,-9.122,0.929,-2.674,0.250,-0.214,-0.148,59.550,34.800,-24.450,31.5
20:21:30.205,2881902,-9.469,1.465,-1.879,-0.256,-0.022,0.128,59.550,34.800,-24.450,31.4
20:21:30.264,2881956,-10.118,1.709,-2.083,-0.267,-0.126,-0.246,59.550,34.800,-24.450,31.6
20:21:30.324,2882010,-8.830,1.676,-2.883,0.259,0.153,-0.179,58.200,31.500,-22.050,31.6
20:21:30.384,2882064,-9.021,-0.002,-3.067,-0.008,-0.201,-0.481,58.200,31.500,-22.050,31.4
20:21:30.444,2882118,-10.563,0.833,-1.827,0.305,-0.441,-0.432,58.200,31.500,-23.550,31.3
20:21:30.504,2882172,-15.083,3.800,-3.496,-0.437,0.138,0.016,58.200,31.500,-23.550,31.4
20:21:30.564,2882226,-20.511,2.282,-2.899,-1.209,-0.268,0.956,58.200,31.500,-23.550,31.6
20:21:30.626,2882280,-14.456,3.455,-0.816,-0.279,-0.385,0.873,58.200,31.500,-23.550,31.8
20:21:30.745,2882334,-9.881,3.002,-1.264,-1.041,0.043,0.983,58.950,34.950,-21.000,31.6
20:21:30.746,2882388,-7.767,0.314,-1.116,-0.390,0.329,0.610,56.400,38.850,-16.950,31.5
20:21:30.747,2882442,-7.475,0.543,-0.148,0.003,0.245,-0.111,56.400,38.850,-16.950,31.6
20:21:30.804,2882496,-6.886,0.929,-2.198,-0.402,-0.095,-0.304,56.400,38.850,-16.950,31.6
20:21:30.865,2882550,-6.531,0.496,-1.310,0.473,0.329,-0.527,56.400,38.850,-16.950,31.7
20:21:30.925,2882604,-8.303,2.442,-3.165,-0.481,-0.229,-0.276,58.800,37.500,-16.350,31.3
20:21:30.984,2882658,-9.543,3.129,-2.959,-0.601,-0.086,-0.363,58.800,37.500,-16.350,31.2
20:21:31.045,2882712,-8.346,0.769,-1.951,-0.342,-0.111,-0.365,58.200,35.700,-13.950,31.3
20:21:31.105,2882766,-6.943,-1.542,-2.361,-0.367,-0.465,-0.032,58.200,35.700,-13.950,31.4
20:21:31.165,2882820,-9.883,7.549,-3.462,0.442,-0.029,-0.164,58.200,35.700,-13.950,31.4
20:21:31.224,2882874,-10.467,0.081,-2.234,-0.693,-0.068,-0.124,58.200,35.700,-13.950,31.4
20:21:31.285,2882928,-8.756,2.962,-0.962,-0.132,-0.131,-0.100,58.500,34.350,-10.200,31.4
20:21:31.286,2882982,-8.231,2.756,-1.695,-0.071,-0.315,-0.197,58.500,34.350,-10.200,31.6
20:21:31.345,2883036,-7.527,2.622,-1.755,-0.122,-0.409,-0.091,59.400,33.000,-8.550,31.5
20:21:31.405,2883090,-9.730,3.903,0.577,-0.161,-0.193,-0.191,59.400,33.000,-8.550,31.3
20:21:31.465,2883144,-11.353,2.504,-0.615,0.151,-0.122,-0.210,59.400,33.000,-8.550,31.4
20:21:31.525,2883198,-12.167,4.587,0.081,0.496,0.084,-0.632,59.400,29.550,-6.000,31.5
20:21:31.584,2883252,-8.080,0.608,-1.156,0.578,-0.179,-0.381,59.400,29.550,-6.000,31.5
20:21:31.644,2883306,-9.756,1.587,-1.176,-0.137,-0.107,-0.582,60.150,27.150,-6.750,31.4
20:21:31.705,2883360,-8.095,-0.232,-0.713,-0.961,-0.203,-0.787,60.150,27.150,-6.750,31.3
20:21:31.764,2883414,-8.756,2.428,-1.360,1.670,-0.302,-1.014,61.050,24.750,-5.100,31.8
20:21:31.824,2883468,-9.172,-0.998,-0.345,-0.479,-0.323,0.060,61.050,24.750,-5.100,31.4
20:21:31.825,2883522,-10.618,1.015,-0.481,0.719,0.172,-0.690,61.650,22.200,-4.500,31.7
20:21:31.884,2883576,-7.949,-2.282,0.536,-0.450,0.156,-1.765,61.650,22.200,-4.500,31.4
20:21:31.944,2883630,-6.594,-11.246,0.860,2.867,0.704,-1.977,61.350,17.700,-3.150,31.4
20:21:32.004,2883684,-15.977,3.443,-5.409,4.352,0.369,0.772,61.950,12.150,-9.300,31.6
20:21:32.064,2883738,-2.500,-6.385,0.402,-5.870,0.650,-0.371,61.950,12.150,-9.300,31.5
20:21:32.125,2883792,-11.607,-6.754,-2.708,1.623,0.904,0.964,62.700,14.100,-11.850,31.6
20:21:32.184,2883846,-10.558,-4.175,-1.389,-0.716,0.164,-0.361,62.700,14.100,-11.850,31.6
20:21:32.245,2883900,-9.388,0.304,-3.249,0.855,0.128,-0.021,64.050,14.250,-15.600,31.3
20:21:32.304,2883954,-10.204,-3.484,-1.650,-0.304,0.290,0.418,64.050,14.250,-15.600,31.6
20:21:32.365,2884008,-8.523,-3.800,-2.480,-0.184,0.291,0.017,64.350,15.450,-17.550,31.7
20:21:32.366,2884062,-9.471,-0.072,-2.365,-0.246,0.260,0.226,64.350,15.450,-17.550,31.4
20:21:32.424,2884116,-8.373,-1.875,-2.512,0.039,0.315,-0.009,63.300,15.450,-16.350,31.3
20:21:32.485,2884170,-8.602,-2.885,-2.071,-0.733,0.187,0.426,63.300,15.450,-16.350,31.4
20:21:32.545,2884224,-7.477,-0.522,-3.551,-0.654,0.381,0.300,63.300,15.450,-16.350,31.6
20:21:32.605,2884278,-8.217,-3.357,-1.968,-0.470,0.185,0.322,63.300,17.700,-20.100,31.7
20:21:32.665,2884332,-9.771,0.060,-4.044,-0.491,0.262,-0.062,63.300,17.700,-20.100,31.4
20:21:32.724,2884386,-12.613,-0.632,-3.223,-0.086,0.161,-0.026,63.150,18.750,-22.350,31.6
20:21:32.784,2884440,-12.237,-1.958,-3.342,-0.313,0.045,0.093,63.150,18.750,-22.350,31.7
20:21:32.844,2884494,-10.537,-0.357,-2.705,0.201,0.043,0.006,63.150,18.750,-22.350,31.5
20:21:32.905,2884548,-8.540,-1.405,-2.593,0.024,-0.092,0.242,63.150,18.750,-22.350,31.5
20:21:32.906,2884602,-7.649,-0.570,-2.325,0.589,-0.003,-0.023,63.150,20.250,-21.750,31.3
20:21:32.964,2884656,-8.468,-1.046,-2.320,-0.656,-0.054,-0.011,63.150,20.250,-21.750,31.6
20:21:33.024,2884710,-12.088,1.630,-2.969,0.589,0.129,-0.091,61.800,20.850,-21.150,31.7
20:21:33.085,2884764,-11.344,-2.126,-2.952,-0.188,0.246,0.274,61.800,20.850,-21.150,31.4
20:21:33.145,2884818,-8.957,1.571,-3.541,0.071,0.467,-0.031,61.800,20.850,-21.150,31.6
20:21:33.204,2884872,-5.801,-1.899,-3.361,-0.367,0.302,-0.130,61.200,20.550,-24.600,31.6
20:21:33.265,2884926,-5.466,-1.554,-3.536,0.031,0.056,-0.573,61.200,20.550,-24.600,31.6
20:21:33.324,2884980,-10.108,-1.027,-4.101,0.168,-0.083,-0.299,60.900,17.100,-24.300,31.4
20:21:33.385,2885034,-12.720,-2.059,-4.918,0.136,0.162,0.096,60.900,17.100,-24.300,31.4
20:21:33.445,2885088,-8.418,-1.132,-3.385,0.488,0.070,0.341,60.900,17.100,-24.300,31.7
20:21:33.446,2885142,-6.309,-0.460,-2.887,0.216,-0.030,0.355,60.900,17.100,-24.300,31.6
20:21:33.505,2885196,-5.741,-2.483,-3.519,0.476,-0.364,0.475,60.300,17.700,-25.950,31.7
20:21:33.564,2885250,-9.890,1.274,-5.042,-0.457,-0.232,0.683,60.300,17.700,-25.950,31.7
20:21:33.625,2885304,-10.597,-2.832,-4.961,-0.332,-0.124,0.971,61.350,22.800,-24.450,31.6
20:21:33.684,2885358,-10.135,-0.352,-2.950,-0.045,-0.188,0.747,61.350,22.800,-24.450,31.5
20:21:33.745,2885412,-7.379,-0.160,-2.835,-0.439,-0.577,0.603,58.650,24.450,-23.850,31.6
20:21:33.805,2885466,-6.632,-0.433,-1.973,-0.093,-0.358,0.673,58.650,24.450,-23.850,31.4
20:21:33.865,2885520,-6.333,-0.251,-1.820,0.523,0.298,0.742,57.150,28.350,-19.800,31.4
20:21:33.925,2885574,-8.181,3.936,-0.773,-1.228,0.125,0.465,56.400,31.800,-23.100,31.6
20:21:33.985,2885628,-8.332,-2.406,-0.713,0.330,0.765,0.355,56.400,31.800,-23.100,31.7
20:21:33.986,2885682,-10.915,3.266,-5.535,-1.464,0.466,0.472,56.700,33.750,-24.300,31.4
20:21:34.044,2885736,-9.993,1.853,-3.893,0.733,0.484,0.214,56.700,33.750,-24.300,31.4
20:21:34.103,2885790,-8.305,3.967,-2.729,-0.467,0.304,0.343,53.700,33.750,-26.850,31.5
20:21:34.165,2885844,-8.792,1.697,-2.330,0.024,-0.069,-0.037,53.700,33.750,-26.850,31.3
20:21:34.225,2885898,-9.550,5.145,-3.316,-0.640,0.157,-0.256,51.600,35.250,-27.150,31.7
20:21:34.285,2885952,-9.802,1.642,-2.425,-0.408,0.040,-0.329,51.600,35.250,-27.150,31.4
20:21:34.345,2886006,-9.538,3.347,-3.177,0.171,0.381,-0.512,52.500,33.900,-27.750,31.4
20:21:34.405,2886060,-9.917,1.583,-3.807,-0.702,0.228,-0.294,52.500,33.900,-27.750,31.5
20:21:34.464,2886114,-10.087,2.911,-3.249,0.019,0.411,-0.648,53.100,32.550,-26.100,31.6
20:21:34.525,2886168,-9.414,3.970,-3.821,-0.730,-0.136,-0.151,53.100,32.550,-26.100,31.6
20:21:34.526,2886222,-9.067,1.915,-2.844,-0.223,-0.203,-0.182,53.100,32.550,-26.100,31.6
20:21:34.584,2886276,-9.871,2.459,-3.938,-0.262,-0.213,-0.360,53.250,30.450,-27.300,31.6
20:21:34.645,2886330,-10.542,1.381,-3.618,0.334,0.234,-0.384,53.250,30.450,-27.300,31.7
20:21:34.705,2886384,-10.197,1.006,-4.559,-0.053,0.254,-0.430,54.150,27.900,-28.200,31.6
20:21:34.764,2886438,-9.730,1.616,-3.886,0.115,0.059,-0.267,54.150,27.900,-28.200,31.3
20:21:34.825,2886492,-8.849,0.273,-3.757,0.175,-0.102,-0.320,54.150,27.900,-28.200,31.3
20:21:34.885,2886546,-8.088,-0.685,-3.297,0.325,-0.462,-0.238,54.150,27.900,-28.200,31.5
20:21:34.945,2886600,-8.143,-1.276,-3.819,0.360,-0.609,-0.440,55.050,24.750,-27.750,31.7
20:21:35.005,2886654,-8.475,-0.637,-3.089,0.091,-0.532,-0.482,55.050,24.750,-27.750,31.6
20:21:35.065,2886708,-8.246,-0.156,-3.129,0.204,-0.168,-0.366,55.200,21.000,-24.900,31.4
20:21:35.066,2886762,-8.906,0.165,-2.425,0.288,-0.103,-0.397,55.200,21.000,-24.900,31.7
20:21:35.124,2886816,-9.091,0.419,-2.708,0.507,-0.239,-0.225,55.200,21.000,-24.900,31.7
20:21:35.184,2886870,-10.283,0.244,-2.818,-0.182,-0.300,0.071,56.400,18.750,-24.300,31.7
20:21:35.245,2886924,-15.646,0.685,-4.092,-0.742,-0.513,0.393,56.400,18.750,-24.300,31.4
20:21:35.305,2886978,-17.164,2.025,-4.317,-0.290,-0.205,0.652,57.300,21.900,-22.650,31.4
20:21:35.365,2887032,-14.921,3.484,-2.818,-0.923,-0.498,0.898,57.300,21.900,-22.650,31.6
20:21:35.425,2887086,-10.388,2.267,-1.683,-0.491,-0.359,1.281,57.300,21.900,-22.650,31.7
20:21:35.485,2887140,-9.929,2.066,-1.714,0.005,0.043,0.687,57.300,21.900,-22.650,31.5
20:21:35.545,2887194,-9.395,1.061,-0.622,-1.650,-0.193,0.577,55.200,29.100,-16.200,31.5
20:21:35.604,2887248,-7.032,-0.982,-1.118,0.449,0.108,-0.211,55.200,29.100,-16.200,31.6
20:21:35.604,2887302,-7.649,3.103,-1.106,-0.486,0.116,-0.173,56.250,31.200,-13.800,31.5
20:21:35.665,2887356,-8.394,-2.066,-2.830,-0.210,-0.092,-0.066,56.250,31.200,-13.800,31.7
20:21:35.724,2887410,-9.641,3.390,-2.868,-0.151,-0.204,-0.446,56.250,31.200,-13.800,31.5
20:21:35.785,2887464,-7.180,-1.159,-1.015,0.067,-0.042,-0.045,56.250,28.950,-9.750,31.6
20:21:35.845,2887518,-9.455,5.385,-1.504,0.576,0.087,-0.554,56.250,28.950,-9.750,31.8
20:21:35.905,2887572,-8.849,-0.007,-0.081,-0.533,0.265,-0.714,55.650,25.200,-9.600,31.4
20:21:35.965,2887626,-7.805,0.678,-2.227,-0.162,0.120,-0.925,55.650,25.200,-9.600,31.6
20:21:36.025,2887680,-7.535,0.539,-2.116,-0.356,-0.228,-0.317,55.650,25.200,-9.600,31.8
20:21:36.085,2887734,-9.033,1.686,-1.446,0.297,0.221,-0.520,55.650,25.200,-9.600,31.8
20:21:36.144,2887788,-9.131,-1.235,-1.683,-0.568,-0.236,-0.853,58.050,19.650,-10.500,31.4
20:21:36.145,2887842,-9.656,3.349,-1.058,1.099,-0.063,-1.223,58.050,19.650,-10.500,31.5
20:21:36.205,2887896,-6.369,-6.175,-0.812,0.031,-0.060,-1.886,60.150,14.850,-9.600,31.4
20:21:36.265,2887950,-9.354,8.566,-0.994,1.409,-0.026,-0.003,60.150,14.850,-9.600,31.6
20:21:36.325,2888004,-8.037,-6.565,-2.344,0.381,0.272,0.148,58.950,9.750,-9.300,31.4
20:21:36.385,2888058,-12.031,3.524,-1.932,-0.460,0.268,0.157,58.950,10.950,-10.350,31.6
20:21:36.444,2888112,-7.934,-6.007,-1.525,0.655,0.201,-0.092,58.950,10.950,-10.350,31.7
20:21:36.505,2888166,-10.166,2.188,-1.405,0.332,0.088,-0.008,60.150,9.450,-11.100,31.6
20:21:36.565,2888220,-10.029,-7.709,-2.306,0.999,0.242,-0.100,60.150,9.450,-11.100,31.6
20:21:36.626,2888274,-10.434,-0.941,-2.557,-1.249,0.087,0.132,59.850,10.050,-13.500,31.7
20:21:36.685,2888328,-9.395,1.252,-2.485,0.724,0.300,0.251,59.850,10.050,-13.500,31.2
20:21:36.686,2888382,-8.674,-4.937,-2.078,0.347,0.055,0.045,59.700,13.200,-13.950,31.4
20:21:36.745,2888436,-9.790,1.032,-1.985,-0.372,0.138,0.152,59.700,13.200,-13.950,31.6
20:21:36.805,2888490,-10.472,-0.962,-3.644,0.350,0.183,0.012,61.950,12.150,-14.700,31.5
20:21:36.865,2888544,-8.801,0.302,-1.975,0.533,0.001,0.105,61.950,12.150,-14.700,31.4
20:21:36.925,2888598,-5.583,-1.662,-3.804,0.240,0.072,0.940,61.950,12.900,-16.500,31.4
20:21:36.985,2888652,-6.649,5.210,-1.030,0.002,0.195,2.367,58.800,18.150,-17.850,31.6
20:21:37.045,2888706,-8.499,0.254,-2.504,-1.663,-0.114,1.360,58.800,18.150,-17.850,31.5
20:21:37.105,2888760,-6.579,-0.405,-0.069,2.186,0.931,1.239,58.800,18.150,-17.850,31.7
20:21:37.164,2888814,-7.448,3.345,-2.179,-0.564,-0.171,1.071,58.800,18.150,-17.850,31.4
20:21:37.225,2888868,-8.701,1.472,-2.777,-0.408,-0.199,0.950,55.500,36.300,-17.550,31.4
20:21:37.226,2888922,-7.958,1.523,-0.163,0.488,-0.176,0.444,55.500,36.300,-17.550,31.6
20:21:37.285,2888976,-9.009,2.148,-6.079,-0.493,-0.655,0.775,54.150,37.650,-18.000,31.7
20:21:37.345,2889030,-10.513,4.149,0.129,0.863,0.111,0.035,54.150,37.650,-18.000,31.6
20:21:37.405,2889084,-8.583,1.927,-3.759,-0.315,-0.592,0.250,54.150,37.650,-18.000,31.7
20:21:37.465,2889138,-10.362,5.923,-0.517,0.677,0.456,-0.417,54.150,37.650,-18.000,31.7
20:21:37.525,2889192,-10.558,2.887,-2.066,-0.195,-0.030,-0.396,52.050,41.250,-18.600,31.7
20:21:37.585,2889246,-10.130,1.274,-1.504,0.008,0.226,-0.409,54.150,39.150,-17.250,31.8
20:21:37.645,2889300,-9.986,3.457,-2.650,-0.281,0.412,-0.358,54.150,39.150,-17.250,31.4
20:21:37.705,2889354,-9.373,1.563,-2.270,-0.576,0.141,-0.324,54.150,39.150,-17.250,31.4
20:21:37.765,2889408,-9.618,1.341,-2.418,0.556,0.220,-0.419,54.150,39.150,-17.250,31.5
20:21:37.766,2889462,-10.496,2.401,-2.116,0.276,0.009,-0.213,54.000,35.850,-21.450,31.7
20:21:37.824,2889516,-9.459,2.492,-1.856,-0.275,-0.208,-0.266,54.000,35.850,-21.450,31.8
20:21:37.885,2889570,-10.036,3.280,-3.749,0.046,0.152,-0.340,55.950,34.500,-20.250,31.6
20:21:37.945,2889624,-9.421,1.575,-2.794,0.282,0.311,-0.223,55.950,34.500,-20.250,31.7
20:21:38.005,2889678,-9.821,2.449,-2.847,0.200,0.259,-0.478,55.950,34.500,-20.250,31.7
20:21:38.065,2889732,-9.450,2.555,-2.030,0.216,0.300,-0.488,55.950,34.500,-20.250,31.5
20:21:38.125,2889786,-9.184,0.917,-2.296,-0.222,0.021,-0.468,56.700,29.550,-24.600,31.4
20:21:38.184,2889840,-8.825,0.728,-2.207,0.734,0.062,-0.669,58.050,27.000,-25.200,31.3
20:21:38.244,2889894,-8.815,0.548,-2.995,-0.219,-0.181,-0.217,58.050,27.000,-25.200,31.7
20:21:38.305,2889948,-9.780,0.599,-2.255,0.486,-0.022,-0.263,58.050,27.000,-25.200,31.4
20:21:38.306,2890002,-9.519,0.057,-3.136,0.201,-0.163,-0.161,58.050,27.000,-25.200,31.7
20:21:38.365,2890056,-10.805,0.814,-2.085,-0.100,-0.194,0.239,56.250,25.500,-24.750,31.6
20:21:38.425,2890110,-10.451,0.505,-2.545,0.686,-0.192,0.183,56.250,25.500,-24.750,31.5
20:21:38.485,2890164,-13.113,1.549,-2.555,-0.258,0.028,0.658,57.150,24.150,-24.600,31.7
20:21:38.544,2890218,-16.300,3.179,-4.089,0.301,0.585,0.695,57.150,24.150,-24.600,31.5
20:21:38.605,2890272,-13.836,3.718,-3.220,-0.604,-0.116,1.292,56.400,29.550,-26.400,31.3
20:21:38.665,2890326,-10.154,1.027,-1.444,-1.081,-0.259,0.968,56.400,29.550,-26.400,31.6
20:21:38.724,2890380,-9.639,1.221,-2.978,-0.457,-0.144,0.359,54.000,35.850,-21.150,31.7
20:21:38.784,2890434,-9.213,1.386,-2.236,-0.512,-0.327,0.363,54.000,35.850,-21.150,31.5
20:21:38.845,2890488,-7.750,2.284,-1.489,0.068,-0.147,-0.436,54.150,37.650,-18.750,31.6
20:21:38.846,2890542,-6.491,0.618,-1.094,-0.117,-0.106,-0.090,54.300,35.850,-16.800,31.4
20:21:38.905,2890596,-8.720,4.211,-1.657,0.826,0.345,-0.704,54.300,35.850,-16.800,31.8
20:21:38.964,2890650,-9.929,3.077,-4.286,-1.431,0.174,0.015,56.400,33.450,-19.050,31.7
20:21:39.024,2890704,-8.748,-0.089,-1.635,0.067,-0.077,-0.572,56.400,33.450,-19.050,31.7
20:21:39.085,2890758,-8.957,2.579,-2.054,-0.286,-0.024,-0.469,56.400,33.450,-19.050,31.4
20:21:39.145,2890812,-9.251,-1.563,-0.014,0.456,0.132,-0.708,56.400,33.450,-19.050,31.7
20:21:39.204,2890866,-8.370,0.814,-3.766,-0.989,0.012,-0.380,56.400,30.600,-16.200,31.8
20:21:39.265,2890920,-9.972,7.015,-1.846,0.819,0.304,-0.832,56.400,30.600,-16.200,31.5
20:21:39.325,2890974,-7.582,-3.632,-2.461,-0.977,-0.189,-0.352,58.800,28.200,-17.100,31.6
20:21:39.384,2891028,-8.327,3.589,-2.617,-0.076,-0.171,-0.622,58.800,28.200,-17.100,31.8
20:21:39.385,2891082,-9.462,0.086,-3.263,-0.644,-0.217,-0.559,58.800,28.200,-17.100,31.6
20:21:39.445,2891136,-10.044,1.264,-1.891,-0.209,-0.323,-0.562,61.050,22.350,-15.300,31.8
20:21:39.504,2891190,-8.918,1.949,-3.010,0.448,-0.110,-0.509,61.050,22.350,-15.300,31.3
20:21:39.565,2891244,-10.209,1.168,-1.049,0.167,-0.348,-0.902,60.600,19.200,-13.500,31.4
20:21:39.624,2891298,-4.695,-5.507,-2.018,-0.825,-1.158,-4.257,60.600,19.200,-13.500,31.6
20:21:39.685,2891352,-10.254,0.318,-6.495,5.324,0.743,-0.087,60.600,19.200,-13.500,31.7
20:21:39.745,2891406,-2.909,-2.634,-2.346,-4.137,0.238,-0.620,60.600,19.200,-13.500,31.5
20:21:39.805,2891460,-10.317,-4.719,-3.007,1.321,0.322,1.005,60.900,8.700,-9.600,31.6
20:21:39.864,2891514,-10.934,-3.235,-0.754,-0.684,0.202,0.056,60.900,8.700,-9.600,31.4
20:21:39.925,2891568,-9.814,-3.117,-2.270,0.441,0.169,-0.476,59.850,11.550,-13.500,31.4
20:21:39.926,2891622,-9.064,-1.992,-1.018,-0.207,0.181,0.203,59.850,11.550,-13.500,31.7
20:21:39.985,2891676,-9.543,-3.747,-1.563,0.138,0.128,0.111,59.850,11.550,-13.500,31.3
20:21:40.045,2891730,-8.452,-3.041,-1.597,-1.216,0.034,0.147,61.800,8.850,-13.500,31.5
20:21:40.165,2891784,-11.349,-0.479,-2.313,1.286,0.297,-0.005,61.800,8.850,-13.500,31.6
20:21:40.166,2891838,-8.947,-3.742,-2.849,-1.231,0.106,0.595,61.200,10.500,-15.900,31.7
20:21:40.224,2891892,-8.339,-2.282,-1.669,0.348,0.149,0.895,61.200,10.500,-15.900,31.6
20:21:40.284,2891946,-7.774,-0.769,-2.880,0.308,0.103,1.220,62.850,15.450,-16.350,31.5
20:21:40.344,2892000,-7.597,0.424,-2.804,-0.760,-0.007,1.855,62.850,15.450,-16.350,31.4
20:21:40.404,2892054,-8.624,-0.735,-2.559,0.649,0.567,1.259,60.600,23.850,-17.100,31.5
20:21:40.464,2892108,-7.702,-1.848,-2.878,-0.182,0.209,1.083,60.600,23.850,-17.100,31.4
20:21:40.465,2892162,-9.220,5.248,-1.070,-1.070,0.183,1.202,56.700,30.300,-19.500,31.4
20:21:40.524,2892216,-5.552,-2.160,-4.580,0.361,0.213,0.982,56.700,30.300,-19.500,31.4
20:21:40.585,2892270,-8.516,2.033,-2.444,-0.819,-0.521,0.827,56.700,35.700,-19.500,31.6
20:21:40.644,2892324,-9.124,5.160,-0.879,0.173,-0.137,0.119,54.150,38.850,-20.550,31.8
20:21:40.705,2892378,-9.373,2.248,-4.171,-0.468,-0.174,0.135,54.150,38.850,-20.550,31.4
20:21:40.765,2892432,-10.108,2.605,-2.224,-0.180,0.315,-0.101,53.550,37.800,-19.350,31.8
20:21:40.824,2892486,-9.285,2.682,-3.259,-0.365,0.671,0.238,53.550,37.800,-19.350,31.7
20:21:40.886,2892540,-9.380,-0.213,-1.195,0.673,0.792,-0.041,52.350,38.850,-21.300,31.7
20:21:40.945,2892594,-9.507,4.968,-3.622,-0.628,0.496,-0.038,52.350,38.850,-21.300,31.7
20:21:41.005,2892648,-9.440,-0.045,-3.610,0.188,0.338,-0.050,52.650,38.850,-25.350,31.3
20:21:41.006,2892702,-10.099,4.958,-3.642,0.628,0.354,-0.414,52.650,38.850,-25.350,31.2
20:21:41.064,2892756,-9.079,1.769,-3.474,-0.809,-0.119,-0.059,52.650,38.850,-25.350,31.6
20:21:41.125,2892810,-8.030,1.391,-4.463,0.929,0.744,-0.711,52.650,38.850,-25.350,31.7
20:21:41.185,2892864,-9.857,3.280,-4.341,-1.247,-0.082,-0.240,51.900,36.450,-30.150,31.8
20:21:41.245,2892918,-8.753,0.675,-3.761,0.324,-0.007,-0.883,51.900,36.450,-30.150,31.6
20:21:41.305,2892972,-8.789,2.962,-4.391,-0.292,-0.080,-0.761,54.450,33.450,-28.200,31.8
20:21:41.364,2893026,-9.172,0.967,-3.934,0.020,-0.318,-0.723,54.450,33.450,-28.200,31.8
20:21:41.425,2893080,-9.263,0.215,-4.197,0.302,-0.174,-0.596,54.450,33.450,-28.200,31.7
20:21:41.484,2893134,-9.199,0.709,-2.942,-0.236,-0.222,-0.131,56.400,28.800,-27.900,31.3
20:21:41.545,2893188,-8.995,-1.401,-2.756,0.081,-0.299,-0.392,56.400,28.800,-27.900,31.5
20:21:41.546,2893242,-10.228,0.982,-2.761,0.564,-0.352,-0.274,57.750,25.500,-28.050,31.8
20:21:41.605,2893296,-10.432,-0.740,-3.361,0.731,-0.261,0.029,57.750,25.500,-28.050,31.4
20:21:41.664,2893350,-15.651,2.780,-5.250,0.426,0.237,0.798,57.750,25.500,-28.050,31.7
20:21:41.724,2893404,-15.495,3.718,-4.757,-0.894,0.105,1.314,57.750,25.500,-28.050,31.7
20:21:41.783,2893458,-12.890,2.749,-3.136,-0.491,0.087,1.205,53.550,29.700,-28.500,31.5
20:21:41.843,2893512,-9.479,3.469,-0.922,-0.734,-0.191,1.004,53.550,29.700,-28.500,31.8
20:21:41.903,2893566,-8.538,1.211,-1.429,0.147,0.203,0.594,52.050,36.300,-26.250,31.6
20:21:41.965,2893620,-9.297,4.820,-3.268,0.202,-0.003,0.131,52.050,36.300,-26.250,31.4
20:21:42.025,2893674,-7.295,0.342,-1.508,-0.217,-0.438,-0.061,52.050,36.300,-26.250,31.6
20:21:42.085,2893728,-7.022,3.409,-1.939,0.574,-0.433,-0.558,53.400,37.650,-23.550,31.6
20:21:42.086,2893782,-7.918,0.766,-3.230,0.100,-0.387,-0.316,53.400,37.650,-23.550,31.7
20:21:42.145,2893836,-7.975,3.551,-4.987,-0.132,-0.096,-0.322,53.400,35.700,-22.350,31.5
20:21:42.204,2893890,-9.754,0.287,-1.714,0.065,-0.437,-0.347,53.400,35.700,-22.350,31.7
20:21:42.265,2893944,-7.906,1.386,-2.133,-0.694,0.090,-0.234,53.400,35.700,-22.350,31.6
20:21:42.324,2893998,-9.895,5.337,-1.681,0.467,0.470,-0.456,53.400,35.700,-22.350,31.9
20:21:42.385,2894052,-8.631,-2.464,-2.409,-0.142,0.203,-0.295,55.800,33.150,-20.700,31.6
20:21:42.444,2894106,-9.749,6.998,-1.731,-0.671,-0.230,-0.690,55.800,33.150,-20.700,31.4
20:21:42.505,2894160,-5.222,-4.120,-1.444,-0.185,-0.293,-0.151,56.400,31.050,-20.550,31.5
20:21:42.565,2894214,-8.703,8.432,-4.606,0.662,-0.362,-0.121,55.800,29.700,-18.150,31.8
20:21:42.624,2894268,-9.826,-1.381,-2.009,-0.714,-0.240,-0.336,55.800,29.700,-18.150,31.6
20:21:42.625,2894322,-9.134,-0.512,-2.990,-0.558,-0.729,-0.782,58.200,27.150,-13.650,31.7
20:21:42.685,2894376,-9.541,2.703,-1.343,-0.256,-0.359,-0.574,58.200,27.150,-13.650,31.7
20:21:42.746,2894430,-8.849,-1.396,-2.061,-0.288,-0.324,-0.942,58.950,24.900,-11.850,31.8
20:21:42.805,2894484,-8.059,0.371,-1.140,0.410,-0.324,-0.875,58.950,24.900,-11.850,31.6
20:21:42.865,2894538,-10.276,1.992,-2.124,-0.634,-0.455,-0.417,59.250,19.650,-9.450,31.5
20:21:42.924,2894592,-10.305,-0.184,0.031,0.284,-0.580,-2.544,59.250,19.650,-9.450,31.5
20:21:42.985,2894646,-10.092,-10.573,-2.631,5.594,0.911,-0.117,59.400,12.150,-7.050,31.8
20:21:43.045,2894700,-5.078,23.578,9.548,-1.661,0.602,0.844,59.400,12.150,-7.050,31.6
20:21:43.105,2894754,-9.079,-11.485,-0.096,0.472,0.475,0.942,59.550,12.750,-8.700,31.6
20:21:43.165,2894808,-10.563,-0.412,-1.671,-0.160,0.528,0.006,59.250,15.750,-10.950,31.8
20:21:43.165,2894862,-10.314,-0.441,-1.781,0.978,0.275,-0.094,59.250,15.750,-10.950,31.7
20:21:43.225,2894916,-9.376,-1.405,-2.717,-0.501,0.269,0.228,60.450,15.900,-11.850,31.6
20:21:43.285,2894970,-10.422,-1.468,-1.844,0.199,0.096,-0.069,60.450,15.900,-11.850,31.7
20:21:43.345,2895024,-9.036,-2.780,-1.978,0.493,-0.024,-0.014,60.600,15.000,-13.500,31.4
20:21:43.405,2895078,-9.620,0.974,-1.228,-0.594,0.022,0.072,60.600,15.000,-13.500,31.4
20:21:43.465,2895132,-8.703,-1.286,-2.076,0.040,0.092,0.041,60.300,16.200,-12.000,31.8
20:21:43.525,2895186,-9.388,-0.318,-1.305,-0.217,0.035,0.209,60.300,16.200,-12.000,31.9
20:21:43.585,2895240,-9.584,-0.970,-2.751,0.168,0.120,0.380,58.950,17.100,-14.400,31.6
20:21:43.645,2895294,-9.227,-0.421,-1.745,0.409,0.060,0.763,58.950,17.100,-14.400,31.6
20:21:43.706,2895348,-8.679,-0.012,-2.780,-0.688,-0.007,0.939,58.950,17.100,-14.400,31.6
20:21:43.706,2895402,-8.815,3.378,-0.579,0.976,0.581,1.244,58.950,17.100,-14.400,31.7
20:21:43.764,2895456,-5.875,-7.661,-3.888,-2.036,-0.329,0.693,59.700,27.150,-15.150,31.7
20:21:43.824,2895510,-11.107,11.535,-0.970,1.346,0.449,1.490,56.400,31.500,-16.950,31.6
20:21:43.884,2895564,-6.491,-3.481,-1.302,-1.227,-0.363,1.455,56.400,31.500,-16.950,31.4
20:21:43.945,2895618,-8.222,4.827,-3.836,0.291,-0.033,1.022,56.400,31.500,-16.950,31.6
20:21:44.005,2895672,-12.012,4.377,0.302,0.864,0.195,0.901,56.400,31.500,-16.950,31.8
20:21:44.065,2895726,-9.768,1.987,-5.447,0.434,-0.394,0.875,51.000,43.200,-16.350,31.7
20:21:44.124,2895780,-9.572,4.075,-1.987,1.462,0.319,0.698,51.000,43.200,-16.350,31.6
20:21:44.185,2895834,-9.103,5.148,-4.240,-1.434,-1.139,0.329,47.700,46.650,-21.150,31.5
20:21:44.244,2895888,-8.667,2.543,0.000,2.065,0.337,-0.239,47.700,46.650,-21.150,31.8
20:21:44.244,2895942,-5.188,2.950,-3.129,-0.833,-0.574,-0.288,47.700,46.650,-21.150,31.6
20:21:44.305,2895996,-8.485,2.619,-1.063,0.938,-0.113,-0.161,47.700,46.650,-21.150,31.7
20:21:44.364,2896050,-9.263,9.323,-3.622,-0.191,-0.126,-0.550,46.350,48.000,-18.750,31.4
20:21:44.424,2896104,-9.421,-0.816,-1.061,-0.238,-0.175,-0.441,49.050,45.600,-18.150,31.6
20:21:44.484,2896158,-8.361,7.743,-1.652,1.176,0.494,-0.510,49.050,45.600,-18.150,31.8
20:21:44.544,2896212,-8.315,0.836,-1.896,-1.140,-0.160,-0.371,49.050,45.600,-18.150,31.6
20:21:44.605,2896266,-9.464,4.314,-2.614,0.927,0.211,-0.470,49.050,45.600,-18.150,31.6
20:21:44.665,2896320,-9.634,1.944,-3.618,-1.177,-0.161,0.009,49.800,40.500,-22.950,31.4
20:21:44.724,2896374,-9.474,1.520,-2.466,0.497,0.173,-0.398,49.800,40.500,-22.950,31.8
20:21:44.785,2896428,-9.175,3.936,-1.697,-0.614,-0.046,-0.318,51.000,40.950,-21.900,31.6
20:21:44.786,2896482,-8.969,1.638,-2.756,-0.309,0.249,-0.137,51.000,40.950,-21.900,31.4
20:21:44.845,2896536,-10.099,3.792,-1.788,0.141,0.032,-0.341,51.000,40.950,-21.900,31.7
20:21:44.904,2896590,-9.280,1.369,-1.939,-0.056,-0.274,-0.333,51.000,40.950,-21.900,31.6
20:21:44.964,2896644,-10.051,2.971,-1.480,0.624,-0.079,-0.488,53.400,37.200,-23.100,31.6
20:21:45.024,2896698,-9.591,1.815,-2.452,-0.318,-0.217,-0.492,52.800,33.900,-22.200,31.4
20:21:45.084,2896752,-10.204,2.521,-1.554,0.339,0.003,-0.411,52.800,33.900,-22.200,31.7
20:21:45.145,2896806,-9.378,2.035,-1.970,0.085,-0.066,-0.600,52.800,33.900,-22.200,31.7
20:21:45.204,2896860,-9.799,0.486,-1.875,0.369,-0.056,-0.634,52.800,33.900,-22.200,31.4
20:21:45.264,2896914,-10.266,2.394,-2.775,-0.010,-0.014,-0.311,54.900,30.600,-23.100,31.3
20:21:45.325,2896968,-9.955,-0.572,-1.772,0.130,-0.029,-0.209,54.900,30.600,-23.100,31.4
20:21:45.326,2897022,-11.569,0.802,-1.092,0.156,0.090,0.028,54.750,29.700,-23.700,31.6
20:21:45.385,2897076,-18.986,5.612,-2.602,-0.090,-0.660,0.976,54.750,29.700,-23.700,31.6
20:21:45.443,2897130,-10.798,2.286,-4.899,-0.137,0.669,0.996,55.500,30.900,-21.150,31.8
20:21:45.505,2897184,-12.656,5.385,-1.267,-0.541,0.185,0.963,55.500,30.900,-21.150,31.6
20:21:45.565,2897238,-9.718,1.968,0.093,-0.347,-0.141,0.531,53.250,36.300,-22.650,31.6
20:21:45.625,2897292,-8.078,1.908,-1.788,-0.870,-0.049,0.321,53.250,36.300,-22.650,31.9
20:21:45.685,2897346,-8.073,-0.462,0.041,0.111,0.062,-0.254,51.900,39.900,-19.050,31.6
20:21:45.744,2897400,-7.920,4.080,-1.774,-0.378,0.293,-0.319,52.500,38.550,-18.150,31.5
20:21:45.805,2897454,-7.135,-0.338,-1.944,-0.577,-0.030,-0.180,52.500,38.550,-18.150,31.6
20:21:45.924,2897508,-8.411,4.954,-1.305,1.059,0.515,-0.677,53.550,37.800,-15.600,31.8
20:21:45.925,2897562,-9.591,-1.298,-2.851,-1.160,-0.021,-0.104,53.550,37.800,-15.600,31.7
20:21:45.926,2897616,-8.887,4.073,-2.126,0.358,0.499,-0.378,54.750,37.050,-15.300,31.7
20:21:45.984,2897670,-8.832,4.743,-1.829,-0.587,0.043,-0.217,54.750,37.050,-15.300,31.6
20:21:46.045,2897724,-6.795,-1.470,-1.518,0.262,0.143,-0.486,54.900,34.200,-18.450,31.8
20:21:46.105,2897778,-8.662,6.685,-1.413,-0.406,0.420,-0.306,54.900,34.200,-18.450,31.8
20:21:46.164,2897832,-9.167,-1.566,-2.727,-1.433,0.077,-0.294,55.650,33.450,-17.700,31.7
20:21:46.225,2897886,-9.141,1.966,-1.434,0.471,0.334,-0.257,55.650,33.450,-17.700,31.6
20:21:46.284,2897940,-9.285,1.875,-4.638,-0.493,-0.048,-0.627,57.900,31.050,-18.750,31.4
20:21:46.345,2897994,-8.475,1.690,-0.498,1.179,0.064,-0.322,58.650,29.850,-18.000,31.7
20:21:46.404,2898048,-9.931,0.570,-4.867,-1.106,-0.301,-0.646,58.650,29.850,-18.000,31.8
20:21:46.405,2898102,-9.067,1.765,-1.686,0.462,0.202,-0.466,60.300,27.000,-17.100,31.7
20:21:46.464,2898156,-7.963,-0.946,-2.610,-0.900,-0.395,-0.273,60.300,27.000,-17.100,31.3
20:21:46.524,2898210,-8.499,0.694,-3.110,0.075,-0.142,-0.230,60.300,27.000,-17.100,31.7
20:21:46.584,2898264,-9.337,0.632,-1.207,-0.819,-0.185,-0.402,60.300,27.000,-17.100,31.7
20:21:46.644,2898318,-9.807,-0.199,-1.635,0.493,0.185,-0.405,61.200,23.250,-13.200,31.8
20:21:46.705,2898372,-9.024,-1.796,-1.875,-0.458,-0.407,-0.540,61.200,23.250,-13.200,31.4
20:21:46.765,2898426,-9.649,1.908,-2.150,0.249,-0.071,-0.178,60.150,21.000,-11.400,31.6
20:21:46.825,2898480,-8.887,-4.633,-1.896,-0.427,-0.135,-0.447,60.150,21.000,-11.400,31.6
20:21:46.885,2898534,-9.012,3.958,-1.338,0.070,-0.161,-0.522,60.150,21.000,-11.400,31.8
20:21:46.945,2898588,-9.697,-2.878,-2.416,0.542,-0.037,-0.129,60.600,16.500,-11.250,31.6
20:21:46.946,2898642,-8.904,0.177,-1.858,-1.079,-0.215,0.100,60.600,16.500,-11.250,31.8
20:21:47.005,2898696,-9.062,1.824,-3.103,0.563,0.286,-0.102,60.900,16.350,-11.400,31.4
20:21:47.065,2898750,-7.793,-7.709,-0.924,2.040,-0.268,-2.140,60.900,16.350,-11.400,31.6
20:21:47.125,2898804,-13.487,3.986,-5.212,4.330,1.049,-0.274,60.900,16.350,-11.400,31.5
20:21:47.184,2898858,-10.673,-5.911,-3.220,-4.370,0.036,-0.032,60.900,16.350,-11.400,31.5
20:21:47.245,2898912,-9.337,-9.287,-2.143,1.455,0.362,1.113,61.650,12.150,-10.650,31.8
20:21:47.304,2898966,-9.091,-4.331,-1.329,-0.401,-0.011,-0.316,61.650,12.150,-10.650,31.7
20:21:47.365,2899020,-9.912,4.420,-2.430,-1.074,-0.057,0.278,60.450,14.850,-12.600,31.6
20:21:47.425,2899074,-8.830,-2.406,-0.795,-0.035,0.208,0.045,60.450,14.850,-12.600,31.6
20:21:47.485,2899128,-10.429,-1.695,-1.559,0.804,0.030,-0.439,60.450,14.850,-12.600,31.4
20:21:47.486,2899182,-9.704,-1.865,-1.578,-0.179,-0.029,-0.042,59.700,13.200,-11.850,31.8
20:21:47.545,2899236,-10.178,-0.476,-1.621,-0.069,0.004,-0.110,59.700,13.200,-11.850,31.8
20:21:47.605,2899290,-9.364,-4.870,-1.374,0.180,-0.063,-0.131,59.400,14.100,-13.200,31.8
20:21:47.664,2899344,-9.287,0.984,-2.136,-0.695,-0.124,0.300,59.400,14.100,-13.200,31.4
20:21:47.724,2899398,-7.946,-2.014,-1.705,1.421,0.063,0.806,59.400,14.100,-13.200,31.5
20:21:47.785,2899452,-7.056,2.243,-2.796,-0.333,-0.003,1.872,59.400,14.100,-13.200,31.7
20:21:47.845,2899506,-9.732,1.360,-1.743,-0.940,0.188,1.566,60.150,21.000,-12.150,31.7
20:21:47.904,2899560,-6.510,-3.400,-2.569,0.299,-0.035,1.518,60.150,21.000,-12.150,31.7
20:21:47.964,2899614,-8.207,8.061,0.148,-1.061,-0.054,1.795,57.300,29.250,-12.300,31.6
20:21:48.024,2899668,-8.729,-0.644,-1.168,0.413,0.005,1.138,57.300,29.250,-12.300,31.6
20:21:48.024,2899722,-10.022,5.224,-3.376,-0.458,-0.246,0.956,57.300,29.250,-12.300,31.8
20:21:48.085,2899776,-7.865,-0.014,-1.044,1.762,-0.074,0.769,52.650,39.150,-13.200,31.7
20:21:48.206,2899830,-8.633,4.877,-7.300,-2.478,-1.204,0.501,52.650,39.150,-13.200,31.4
20:21:48.206,2899884,-9.292,1.238,-0.103,3.026,0.386,-0.019,51.300,42.450,-12.300,31.8
20:21:48.264,2899938,-7.815,4.554,-2.772,-1.710,-0.628,0.147,51.300,42.450,-12.300,31.7
20:21:48.324,2899992,-11.107,4.417,0.613,1.265,0.038,-0.228,51.300,42.450,-12.300,31.8
20:21:48.384,2900046,-8.514,2.880,-3.127,-0.124,-0.403,-0.474,51.300,42.450,-12.300,31.8
20:21:48.444,2900100,-9.000,3.663,-0.998,0.803,0.187,-0.463,51.900,39.600,-16.200,31.8
20:21:48.505,2900154,-11.169,0.974,-2.061,-0.976,-0.039,-0.453,51.900,39.600,-16.200,31.6
20:21:48.564,2900208,-10.503,2.030,-0.742,0.748,0.307,-0.415,53.550,38.250,-17.100,31.7
20:21:48.565,2900262,-9.740,2.775,-1.978,-0.372,0.195,-0.523,53.550,38.250,-17.100,31.7
20:21:48.624,2900316,-9.783,1.705,-1.142,0.606,0.285,-0.661,54.000,36.300,-17.850,31.4
20:21:48.685,2900370,-9.867,2.306,-2.358,-0.385,0.090,-0.369,54.000,36.300,-17.850,31.5
20:21:48.745,2900424,-10.171,0.486,-1.250,0.044,-0.295,-0.384,55.200,32.550,-19.050,31.8
20:21:48.805,2900478,-9.064,2.394,-0.994,0.072,0.302,-0.145,57.150,31.050,-17.700,31.8
20:21:48.865,2900532,-9.562,0.749,-1.738,-0.481,0.199,-0.197,57.150,31.050,-17.700,31.8
20:21:48.925,2900586,-10.841,3.203,-2.279,-0.158,0.193,-0.234,56.400,31.500,-19.800,31.4
20:21:48.985,2900640,-11.056,0.675,-1.554,-0.181,-0.068,0.007,56.400,31.500,-19.800,31.4
20:21:49.045,2900694,-9.634,0.804,-1.410,-0.026,-0.243,-0.166,54.750,30.900,-20.700,31.9
20:21:49.104,2900748,-8.954,1.578,-2.430,0.161,-0.186,-0.056,54.750,30.900,-20.700,31.5
20:21:49.105,2900802,-9.768,0.840,-1.640,-0.151,-0.094,-0.101,54.750,30.900,-20.700,31.4
20:21:49.165,2900856,-9.737,0.194,-1.951,0.018,0.051,-0.144,54.750,30.900,-20.700,31.6
20:21:49.224,2900910,-10.274,1.132,-1.824,0.245,0.012,-0.244,55.800,30.150,-18.600,31.8
20:21:49.285,2900964,-9.969,0.776,-1.726,0.203,-0.289,-0.023,55.800,30.150,-18.600,31.4
20:21:49.345,2901018,-8.650,0.333,-1.743,0.507,-0.328,-0.127,57.300,27.450,-18.600,31.6
20:21:49.405,2901072,-8.729,-0.103,-1.748,0.212,-0.292,-0.092,57.300,27.450,-18.600,31.7
20:21:49.465,2901126,-10.992,1.595,-1.243,0.294,-0.132,0.043,57.300,27.450,-18.600,31.8
20:21:49.525,2901180,-13.975,1.800,-2.069,-0.461,0.276,0.197,57.150,27.600,-19.050,31.9
20:21:49.584,2901234,-17.681,5.590,-1.958,0.127,0.148,1.238,57.150,27.600,-19.050,31.6
20:21:49.644,2901288,-14.183,2.744,-2.387,-0.656,0.118,1.457,55.800,30.900,-18.600,31.6
20:21:49.644,2901342,-10.987,4.056,-0.345,-0.436,0.065,1.243,55.800,30.900,-18.600,31.6
20:21:49.705,2901396,-9.852,2.708,-0.991,-0.194,-0.160,0.561,55.800,30.900,-18.600,31.8
20:21:49.765,2901450,-8.236,2.327,-0.187,-0.469,-0.106,0.307,55.800,30.900,-18.600,31.7
20:21:49.825,2901504,-8.571,4.654,-0.637,-0.242,-0.040,-0.440,51.750,39.000,-15.300,31.7
20:21:49.884,2901558,-7.898,0.220,-1.274,-0.381,0.158,-0.126,51.750,39.000,-15.300,31.9
20:21:49.944,2901612,-8.844,3.642,-1.614,0.253,0.374,-0.525,53.250,37.500,-13.500,31.8
20:21:50.005,2901666,-8.854,0.685,-1.633,-0.318,0.099,-0.393,53.250,37.500,-13.500,31.7
20:21:50.065,2901720,-7.985,0.651,0.024,0.686,0.334,-0.633,53.250,37.500,-13.500,31.4
20:21:50.125,2901774,-8.289,3.280,-2.890,-1.087,0.110,-0.062,55.050,33.150,-14.250,31.7
20:21:50.185,2901828,-8.088,0.278,-0.792,0.980,0.201,-0.606,55.050,33.150,-14.250,31.7
20:21:50.186,2901882,-8.416,3.788,-3.994,-0.907,0.190,-0.038,55.500,34.350,-15.300,31.7
20:21:50.245,2901936,-11.040,0.680,-0.800,0.141,0.297,-0.830,55.500,34.350,-15.300,31.6
20:21:50.303,2901990,-6.687,0.060,-3.725,-0.611,0.102,-0.538,55.500,34.350,-15.300,31.6
20:21:50.365,2902044,-9.388,6.790,-1.298,0.687,0.099,-0.856,55.500,34.350,-15.300,31.7
20:21:50.424,2902098,-7.839,-3.026,-2.682,-0.459,-0.236,-0.523,58.200,29.550,-13.650,31.6
20:21:50.485,2902152,-9.215,4.453,-1.264,0.823,-0.075,-0.818,58.200,29.550,-13.650,31.8
20:21:50.544,2902206,-9.093,0.153,-2.064,-0.177,-0.006,-0.711,58.800,23.850,-11.250,31.5
20:21:50.605,2902260,-10.226,1.688,-0.761,0.171,0.127,-0.786,58.800,23.850,-11.250,31.8
20:21:50.665,2902314,-7.906,-2.222,-1.872,-0.291,0.011,-0.910,58.800,23.850,-11.250,31.8
20:21:50.724,2902368,-10.513,1.384,-1.147,-0.063,-0.157,-0.694,59.850,16.950,-12.000,31.6
20:21:50.725,2902422,-9.108,-0.254,-1.106,-0.674,-0.186,-0.784,59.850,16.950,-12.000,31.7
20:21:50.785,2902476,-10.403,0.632,-1.161,1.018,-0.137,-0.451,60.150,12.450,-10.650,31.7
20:21:50.844,2902530,-11.162,-3.613,-0.606,-0.272,0.112,-0.474,60.150,12.450,-10.650,31.6
20:21:50.905,2902584,-7.910,-1.520,-0.946,0.184,-0.025,-0.171,61.050,11.850,-9.750,31.7
20:21:50.965,2902638,-7.034,-6.065,0.692,0.703,-0.169,-0.747,61.050,11.850,-9.750,31.8
20:21:51.025,2902692,-12.155,5.100,-1.834,1.180,0.211,0.679,60.450,9.450,-8.850,31.4
20:21:51.085,2902746,-9.230,-1.549,-1.190,-1.210,0.226,0.534,60.450,9.450,-8.850,31.5
20:21:51.145,2902800,-10.305,-2.418,-1.116,0.634,0.563,0.426,59.700,13.200,-12.600,31.6
20:21:51.205,2902854,-10.039,-2.207,-1.542,-0.260,0.064,0.179,59.700,13.200,-12.600,31.4
20:21:51.265,2902908,-9.723,-1.472,-1.836,-0.275,0.225,0.105,61.350,13.050,-11.250,31.7
20:21:51.266,2902962,-9.591,-0.670,-2.768,0.027,0.154,0.228,59.700,13.200,-13.650,31.8
20:21:51.324,2903016,-9.282,-1.290,-2.978,0.204,0.037,-0.003,59.700,13.200,-13.650,31.8
20:21:51.385,2903070,-9.270,0.833,-2.057,-0.380,0.115,-0.066,60.150,13.650,-13.200,31.9
20:21:51.445,2903124,-9.562,-1.887,-3.299,0.886,0.099,-0.340,60.150,13.650,-13.200,31.4
20:21:51.505,2903178,-9.321,-0.709,-2.741,-0.410,-0.063,-0.184,61.050,13.800,-14.550,31.5
20:21:51.565,2903232,-8.732,-0.239,-2.428,0.500,0.121,-0.139,61.050,13.800,-14.550,31.6
20:21:51.625,2903286,-9.436,-2.622,-2.698,-0.339,0.083,0.161,61.800,11.550,-14.850,31.6
20:21:51.684,2903340,-7.827,-0.678,-2.006,0.620,0.237,1.179,61.800,11.550,-14.850,31.8
20:21:51.744,2903394,-6.675,1.250,-3.287,0.315,0.078,2.166,61.800,11.550,-14.850,31.8
20:21:51.804,2903448,-8.121,-2.437,-6.385,-1.433,-0.564,1.163,61.800,11.550,-14.850,31.9
20:21:51.804,2903502,-8.490,3.950,-0.383,2.095,0.612,1.371,58.950,23.700,-16.500,31.6
20:21:51.864,2903556,-6.771,-1.092,-3.979,-0.872,-0.438,1.596,58.200,34.500,-18.000,31.8
20:21:51.924,2903610,-9.996,4.410,-2.306,-0.767,-0.610,1.170,58.200,34.500,-18.000,31.5
20:21:51.984,2903664,-7.025,0.931,-1.741,0.724,-0.264,0.887,58.200,34.500,-18.000,31.5
20:21:52.044,2903718,-8.394,5.078,-1.887,0.112,-0.444,0.611,58.200,34.500,-18.000,31.8
20:21:52.103,2903772,-9.471,5.691,-0.472,0.591,0.383,0.257,52.500,41.250,-15.300,31.6
20:21:52.165,2903826,-7.302,-0.062,-1.999,0.633,-0.141,0.176,52.500,41.250,-15.300,31.6
20:21:52.224,2903880,-10.896,6.280,-2.124,0.263,0.505,0.087,51.000,43.200,-16.800,31.6
20:21:52.284,2903934,-8.305,0.007,-1.913,0.319,-0.072,-0.147,51.000,43.200,-16.800,31.7
20:21:52.345,2903988,-9.838,8.844,-2.916,0.280,0.046,-0.462,51.000,43.200,-16.800,31.8
20:21:52.346,2904042,-7.937,1.030,-3.172,-0.432,-0.256,-0.277,51.000,43.200,-16.800,31.7
20:21:52.404,2904096,-9.682,3.979,-2.186,1.037,0.620,-0.726,50.400,41.550,-17.250,31.5
20:21:52.464,2904150,-10.467,2.423,-4.712,-0.964,-0.353,-0.511,51.750,40.200,-20.700,31.4
20:21:52.525,2904204,-9.910,2.332,-2.720,0.335,0.115,-0.639,51.750,40.200,-20.700,31.8
20:21:52.584,2904258,-9.673,3.752,-3.405,0.096,0.329,-0.538,53.250,38.250,-22.650,31.7
20:21:52.645,2904312,-9.720,-1.030,-2.646,-0.565,0.008,-0.373,53.250,38.250,-22.650,31.6
20:21:52.765,2904366,-10.187,3.572,-2.157,0.238,0.040,-0.391,53.400,36.450,-22.800,31.8
20:21:52.765,2904420,-9.002,0.517,-2.813,-0.436,-0.128,-0.189,53.400,36.450,-22.800,31.6
20:21:52.824,2904474,-9.371,2.591,-1.571,0.220,0.478,-0.191,55.200,34.200,-22.800,31.9
20:21:52.885,2904528,-9.349,1.381,-2.801,-0.543,0.037,-0.038,55.200,34.200,-22.800,31.8
20:21:52.886,2904582,-9.883,2.308,-1.458,0.353,-0.134,-0.088,55.200,33.000,-22.800,31.6
20:21:52.945,2904636,-9.594,2.217,-2.629,-0.311,-0.241,-0.065,55.200,33.000,-22.800,31.4
20:21:53.005,2904690,-10.293,0.912,-2.243,0.241,-0.163,-0.193,55.500,32.850,-22.650,31.7
20:21:53.124,2904744,-10.077,3.093,-2.279,0.135,-0.329,-0.261,55.500,32.850,-22.650,31.8
20:21:53.125,2904798,-9.148,1.276,-2.215,-0.022,-0.413,-0.422,55.200,31.050,-20.250,31.8
20:21:53.184,2904852,-9.931,2.076,-2.066,0.082,-0.151,-0.410,56.250,29.250,-20.100,31.6
20:21:53.304,2904906,-15.744,2.921,-2.998,-0.378,0.309,-0.172,56.250,29.250,-20.100,31.6
20:21:53.305,2904960,-17.011,4.254,-2.935,-1.612,-0.296,1.239,56.250,30.150,-21.900,31.8
20:21:53.365,2905014,-11.988,2.892,-1.063,0.823,0.078,1.076,56.250,30.150,-21.900,31.7
20:21:53.425,2905068,-8.643,1.824,-1.496,-1.644,-0.239,0.688,56.250,30.150,-21.900,31.4
20:21:53.426,2905122,-7.772,0.895,0.105,0.744,0.142,0.050,56.250,30.150,-21.900,31.4
20:21:53.484,2905176,-10.209,3.359,-2.078,-0.122,0.308,0.097,54.450,35.700,-18.750,31.6
20:21:53.545,2905230,-9.232,1.666,-2.473,0.018,0.126,-0.083,54.450,35.700,-18.750,31.7
20:21:53.605,2905284,-9.321,2.363,-2.588,-0.230,-0.095,-0.088,55.500,37.050,-16.050,31.8
20:21:53.665,2905338,-6.857,1.118,-1.094,-0.115,-0.165,-0.322,55.500,37.050,-16.050,31.9
20:21:53.725,2905392,-7.875,3.019,-2.423,-0.123,-0.067,-0.128,55.500,37.050,-16.050,31.8
20:21:53.785,2905446,-6.304,2.523,-1.927,0.608,0.346,-0.864,56.250,34.800,-13.800,31.7
20:21:53.845,2905500,-8.061,0.622,-2.368,-0.526,-0.006,-0.201,56.250,34.800,-13.800,31.8
20:21:53.905,2905554,-8.351,2.227,-0.819,0.850,0.313,-0.519,57.300,33.900,-13.050,31.6
20:21:53.965,2905608,-10.515,1.197,-3.812,-1.560,-0.139,0.096,57.300,33.900,-13.050,31.6
20:21:53.966,2905662,-10.058,0.931,-1.951,0.688,0.230,-0.451,57.300,33.900,-13.050,31.8
20:21:54.024,2905716,-8.080,0.551,-3.555,-0.844,-0.433,0.107,57.300,33.900,-13.050,32.0
20:21:54.085,2905770,-10.008,1.793,-2.006,0.061,-0.360,-0.059,54.750,30.900,-13.800,31.9
20:21:54.144,2905824,-8.499,-0.460,-4.240,-0.548,-0.595,-0.389,54.750,30.900,-13.800,31.9
20:21:54.204,2905878,-11.147,6.335,-0.599,1.701,-0.056,-0.357,57.450,27.900,-11.400,31.6
20:21:54.264,2905932,-6.812,1.506,-2.818,-1.397,-0.438,-0.935,57.450,27.900,-11.400,31.8
20:21:54.325,2905986,-10.065,1.925,-0.120,1.400,0.051,-0.457,57.300,28.500,-9.450,31.5
20:21:54.385,2906040,-8.389,-1.149,-1.223,-0.121,-0.227,-0.815,57.150,24.450,-8.100,31.6
20:21:54.444,2906094,-9.910,4.937,-0.795,-0.553,-0.019,-0.865,57.150,24.450,-8.100,32.0
20:21:54.504,2906148,-7.726,-2.974,-0.687,1.811,0.085,-1.139,58.650,19.050,-7.350,31.8
20:21:54.505,2906202,-7.580,1.180,-1.585,-1.007,0.040,-0.588,58.650,19.050,-7.350,31.8
20:21:54.565,2906256,-8.581,-4.997,-1.142,1.693,-0.029,-1.821,59.700,16.350,-8.100,31.6
20:21:54.625,2906310,-12.412,7.408,-2.722,1.931,0.670,0.335,59.700,16.350,-8.100,31.7
20:21:54.685,2906364,-9.548,-8.308,-3.096,-1.209,0.253,0.041,59.700,13.650,-10.350,31.8
20:21:54.745,2906418,-11.143,2.411,-3.498,0.555,0.345,0.210,59.700,13.650,-10.350,31.8
20:21:54.804,2906472,-7.743,-3.785,-1.228,0.042,0.025,0.224,59.400,15.150,-12.600,31.5
20:21:54.865,2906526,-10.269,0.843,-1.528,0.109,0.246,0.193,59.400,15.150,-12.600,31.6
20:21:54.923,2906580,-9.316,-0.565,-2.279,-0.546,0.063,0.265,60.600,16.500,-12.300,31.7
20:21:54.983,2906634,-9.831,-3.424,-1.551,0.293,0.037,0.171,59.400,15.150,-12.900,31.7
20:21:55.045,2906688,-10.326,0.302,-2.957,-1.085,-0.148,0.039,59.400,15.150,-12.900,31.6
20:21:55.046,2906742,-9.649,-0.522,-1.583,0.660,0.097,0.176,59.400,15.150,-12.900,31.6
20:21:55.105,2906796,-10.070,-2.820,-1.195,-0.692,-0.098,-0.145,59.400,15.150,-12.900,31.9
20:21:55.164,2906850,-9.893,-0.105,-1.049,0.251,0.008,-0.036,61.800,17.400,-13.500,31.8
20:21:55.225,2906904,-9.493,-0.989,-1.532,0.223,-0.007,0.124,61.800,17.400,-13.500,31.6
20:21:55.284,2906958,-7.836,0.182,-1.654,0.027,-0.016,0.628,61.200,20.250,-12.600,31.6
20:21:55.345,2907012,-7.209,0.460,-2.576,0.534,0.193,1.490,61.200,20.250,-12.600,31.5
20:21:55.405,2907066,-9.357,0.280,-1.484,-1.760,0.024,1.147,61.200,20.250,-12.600,31.7
20:21:55.465,2907120,-12.117,5.689,-0.204,0.935,0.629,0.820,61.200,20.250,-12.600,31.7
20:21:55.525,2907174,-6.883,-4.774,-1.642,-1.460,-0.304,0.452,58.200,30.300,-15.450,31.8
20:21:55.585,2907228,-10.240,4.357,-0.311,0.968,0.188,0.566,58.200,30.300,-15.450,31.7
20:21:55.585,2907282,-6.984,-1.944,-3.304,0.054,-0.172,0.492,55.950,32.250,-16.950,31.9
20:21:55.645,2907336,-11.202,6.926,0.560,0.503,0.240,0.427,55.950,32.250,-16.950,31.7
20:21:55.705,2907390,-7.927,-0.383,-1.772,0.110,0.421,0.399,55.950,32.250,-16.950,31.7
20:21:55.765,2907444,-8.126,-0.227,-2.883,0.422,0.012,0.079,54.300,35.550,-20.400,31.4
20:21:55.824,2907498,-10.247,3.395,-1.724,0.230,0.200,0.399,54.300,35.550,-20.400,31.6
20:21:55.885,2907552,-10.791,1.255,-3.821,-0.908,-0.165,0.521,55.050,38.550,-21.150,31.7
20:21:55.944,2907606,-8.602,2.801,-1.252,0.901,-0.272,0.045,55.050,38.550,-21.150,31.8
20:21:56.005,2907660,-8.485,4.101,-3.565,-0.377,-0.845,-0.120,55.050,38.550,-21.150,31.8
20:21:56.065,2907714,-8.109,0.476,-1.511,0.239,-0.367,-0.140,55.050,38.550,-21.150,31.9
20:21:56.124,2907768,-9.689,7.185,-2.741,0.299,0.013,-0.881,54.450,40.350,-18.450,31.8
20:21:56.124,2907822,-9.249,-2.514,-0.455,-0.377,0.013,-0.657,54.450,40.350,-18.450,31.9
20:21:56.184,2907876,-9.110,1.932,-2.155,1.619,0.674,-0.724,55.500,36.300,-17.550,31.9
20:21:56.304,2907930,-10.695,1.642,-1.152,-0.626,-0.073,-0.360,57.300,32.850,-20.700,31.5
20:21:56.305,2907984,-9.275,0.053,-2.191,0.276,0.001,-0.482,57.300,32.850,-20.700,31.5
20:21:56.365,2908038,-10.463,0.800,-2.121,0.662,0.359,-0.681,58.050,30.450,-21.450,31.8
20:21:56.425,2908092,-10.506,2.150,-2.734,-0.582,-0.180,-0.550,58.050,30.450,-21.450,31.9
20:21:56.485,2908146,-10.676,-0.443,-2.586,0.239,-0.115,-0.557,57.150,26.400,-21.750,31.8
20:21:56.544,2908200,-10.022,1.602,-1.626,-0.212,0.071,-0.540,57.150,26.400,-21.750,31.8
20:21:56.665,2908254,-9.555,-2.088,-2.251,-0.103,0.059,-0.548,58.800,24.300,-23.700,31.7
20:21:56.666,2908308,-9.828,-0.306,-1.841,-0.458,-0.013,-0.457,58.800,24.300,-23.700,31.7
20:21:56.667,2908362,-9.527,-1.525,-2.377,-0.116,0.058,-0.209,59.700,22.500,-23.550,31.8
20:21:56.724,2908416,-10.199,-0.792,-2.205,-0.444,-0.092,-0.238,59.700,22.500,-23.550,31.4
20:21:56.785,2908470,-9.538,-1.465,-2.701,0.083,0.258,0.017,58.650,20.550,-22.800,31.7
20:21:56.845,2908524,-9.704,-0.326,-1.918,-0.173,0.053,-0.080,59.250,21.600,-23.700,32.0
20:21:56.905,2908578,-9.917,-0.766,-1.456,0.068,-0.237,-0.044,59.250,21.600,-23.700,31.6
20:21:56.964,2908632,-9.148,-1.391,-2.071,0.304,-0.377,0.039,58.800,20.400,-20.400,31.8
20:21:57.025,2908686,-9.744,-0.424,-2.456,-0.250,-0.361,0.090,58.800,20.400,-20.400,31.8
20:21:57.085,2908740,-14.988,1.188,-2.172,-0.003,0.251,0.197,58.800,20.400,-20.400,31.6
20:21:57.145,2908794,-17.760,2.296,-3.575,-1.901,0.071,0.627,58.800,20.400,-20.400,31.6
20:21:57.203,2908848,-13.865,1.583,-1.338,0.312,-0.071,0.851,59.700,24.150,-22.800,31.6
20:21:57.205,2908902,-8.847,-0.141,-1.702,-0.459,0.095,0.796,59.700,24.150,-22.800,31.5
20:21:57.264,2908956,-8.705,-0.180,-1.013,-0.653,0.229,0.572,57.000,27.750,-20.400,31.7
20:21:57.325,2909010,-9.756,0.728,-2.523,-0.189,0.109,0.198,57.000,27.750,-20.400,31.7
20:21:57.385,2909064,-9.376,0.414,-3.373,-0.242,-0.176,0.118,57.000,27.750,-20.400,31.8
20:21:57.444,2909118,-9.373,-1.755,-2.107,0.821,0.174,-0.093,56.700,30.600,-16.950,31.7
20:21:57.505,2909172,-8.258,3.883,-0.900,-1.107,-0.169,0.079,56.700,30.600,-16.950,31.7
20:21:57.565,2909226,-8.660,-0.373,-2.397,-0.386,0.372,-0.303,58.200,30.300,-16.950,31.6
20:21:57.625,2909280,-8.267,-0.776,-1.709,-0.425,0.216,0.226,58.200,30.300,-16.950,31.6
20:21:57.683,2909334,-7.379,-0.852,-2.880,0.232,0.106,0.001,58.200,30.300,-16.950,31.6
20:21:57.745,2909388,-10.573,4.250,-2.880,-0.222,-0.126,0.107,58.200,30.300,-16.950,31.4
20:21:57.746,2909442,-6.268,-3.819,-1.829,0.656,0.201,-0.045,58.950,29.550,-16.500,31.8
20:21:57.805,2909496,-8.399,5.394,-3.335,-0.607,0.043,0.420,58.950,29.550,-16.500,31.8
20:21:57.865,2909550,-8.796,-0.045,-3.002,0.174,0.131,-0.348,58.200,29.850,-15.450,31.7
20:21:57.924,2909604,-6.943,0.441,-2.162,-0.033,-0.239,0.207,58.200,29.850,-15.450,31.7
20:21:57.984,2909658,-9.639,3.891,-1.872,0.276,-0.119,-0.167,58.200,29.850,-15.450,31.7
20:21:58.044,2909712,-8.408,0.740,-2.251,0.986,0.148,-0.229,58.050,30.150,-15.450,31.6
20:21:58.104,2909766,-11.073,6.093,-4.875,-1.033,-0.270,-0.123,58.050,30.150,-13.500,31.6
20:21:58.165,2909820,-6.984,-3.299,-1.073,1.357,0.020,-0.240,58.500,29.250,-15.600,31.4
20:21:58.224,2909874,-7.918,7.365,-3.464,-1.234,-0.557,0.180,58.500,29.250,-15.600,31.4
20:21:58.283,2909928,-9.191,-5.092,-1.410,1.753,-0.090,0.059,58.500,29.250,-15.600,31.8
20:21:58.284,2909982,-10.750,5.021,-2.392,-1.066,-0.104,-0.521,58.500,29.250,-15.600,31.7
20:21:58.343,2910036,-9.146,2.995,-1.204,1.809,0.355,0.120,57.750,25.800,-13.050,31.8
20:21:58.404,2910090,-8.578,-3.965,-2.816,-0.200,-0.256,-0.728,57.750,25.800,-13.050,31.7
20:21:58.464,2910144,-10.487,6.187,-3.297,0.305,-0.198,-0.350,56.550,26.250,-12.750,31.9
20:21:58.525,2910198,-9.972,0.168,-0.479,0.588,0.095,0.115,56.550,26.250,-12.750,31.8
20:21:58.585,2910252,-9.234,-1.506,-0.460,0.173,-0.190,-0.192,56.550,26.250,-12.750,31.8
20:21:58.645,2910306,-11.018,6.194,-0.711,0.052,0.431,-0.061,56.550,26.250,-12.750,31.6
20:21:58.705,2910360,-8.176,-6.134,-1.176,-0.485,-0.072,-0.796,58.200,24.450,-11.100,31.6
20:21:58.765,2910414,-10.422,6.503,-1.745,0.293,-0.039,0.217,58.200,24.150,-14.700,31.8
20:21:58.825,2910468,-11.246,-6.017,-1.429,0.076,-0.080,-0.463,58.200,24.150,-14.700,31.8
20:21:58.826,2910522,-8.373,0.752,-1.252,-0.221,-0.365,-0.078,60.150,22.200,-12.150,31.7
20:21:58.884,2910576,-9.045,-2.507,-1.025,-0.143,0.131,-0.167,60.150,22.200,-12.150,31.6
20:21:58.944,2910630,-8.954,-1.494,-1.358,-0.540,-0.113,-0.312,61.050,20.100,-12.750,31.7
20:21:59.005,2910684,-9.859,4.930,-2.243,-0.367,0.029,0.197,61.050,20.100,-12.750,31.7
20:21:59.065,2910738,-11.167,3.316,-1.015,0.181,0.196,0.279,59.250,22.350,-10.950,31.8
20:21:59.125,2910792,-9.857,0.077,-3.682,0.488,0.220,-0.108,59.250,22.350,-10.950,31.6
20:21:59.185,2910846,-9.831,-1.791,-1.267,-0.307,-0.058,-0.001,60.450,20.550,-11.850,31.6
20:21:59.243,2910900,-10.187,2.152,-1.800,0.398,0.026,-0.362,60.450,20.550,-11.850,31.9
20:21:59.304,2910954,-9.064,-2.708,0.232,0.221,-0.113,-0.061,60.300,20.400,-10.500,31.8
20:21:59.364,2911008,-9.175,3.230,-3.129,0.315,0.129,0.023,60.450,19.500,-12.600,31.8
20:21:59.424,2911062,-9.984,2.928,-1.599,-1.147,0.214,0.329,60.450,19.500,-12.600,31.8
20:21:59.425,2911116,-8.617,-4.432,0.555,0.107,0.108,-0.197,58.800,21.150,-11.700,31.6
20:21:59.484,2911170,-10.822,6.151,-2.126,-1.707,0.083,-0.041,58.800,21.150,-11.700,31.8
20:21:59.544,2911224,-8.859,-2.519,-0.364,-0.516,-0.039,-1.352,59.700,21.000,-12.900,31.8
20:21:59.604,2911278,-7.111,-10.288,-0.972,4.031,0.649,-1.477,59.700,21.000,-12.900,31.7
20:21:59.665,2911332,-12.040,16.757,-4.432,-0.520,0.225,1.069,61.350,12.300,-13.050,31.9
20:21:59.724,2911386,-13.012,-9.934,-2.933,-2.011,0.146,0.494,61.350,12.300,-13.050,32.0
20:21:59.784,2911440,-11.653,-1.027,-3.041,0.721,0.347,-0.000,59.700,18.300,-13.650,31.8
20:21:59.845,2911494,-9.802,1.755,-2.291,0.025,-0.052,-0.017,59.700,18.300,-13.650,31.8
20:21:59.905,2911548,-8.279,-0.230,-2.334,-0.162,0.105,0.739,59.850,17.700,-17.100,31.7
20:21:59.906,2911602,-9.888,-1.192,-2.433,-0.307,0.175,0.403,59.850,17.700,-17.100,31.6
20:21:59.964,2911656,-9.993,-0.180,-3.285,0.111,0.277,0.150,59.850,17.700,-17.100,31.8
20:22:00.024,2911710,-9.577,-0.622,-2.535,0.392,0.169,0.412,61.350,21.600,-17.550,31.7
