timestamp,elapsed_ms,accel_x_ms2,accel_y_ms2,accel_z_ms2,gyro_x_rads,gyro_y_rads,gyro_z_rads,mag_x_uT,mag_y_uT,mag_z_uT,temp_c
19:38:51.491,323120,-9.369,-2.911,-2.437,-2.252,0.466,-0.459,40.200,9.600,-54.750,31.4
19:38:51.534,323174,-9.407,-1.343,-3.555,-2.123,0.350,-0.497,40.200,9.600,-54.750,31.4
19:38:51.596,323228,-9.249,-0.656,-3.891,-2.514,0.067,-0.513,38.850,22.950,-53.550,31.5
19:38:51.656,323282,-8.334,-1.774,-3.589,-2.400,-0.103,-0.766,38.850,22.950,-53.550,31.4
19:38:51.701,323336,-8.416,0.062,-3.424,-2.174,-0.059,-0.952,39.600,29.850,-51.600,31.3
19:38:51.759,323390,-8.842,0.532,-3.831,-1.973,-0.100,-1.180,39.600,29.850,-51.600,31.2
19:38:51.805,323444,-9.141,0.795,-5.212,-1.935,-0.181,-1.202,39.750,33.150,-46.800,31.1
19:38:51.865,323498,-9.227,-0.637,-3.986,-2.340,-0.175,-0.943,39.750,33.150,-46.800,31.5
19:38:51.924,323552,-8.930,0.060,-3.697,-2.187,0.039,-0.923,42.600,34.200,-41.400,31.4
19:38:51.971,323606,-9.943,1.360,-4.872,-1.874,-0.011,-0.979,42.600,34.200,-41.400,31.2
19:38:52.031,323660,-9.804,1.463,-3.850,-1.325,-0.100,-0.748,44.100,37.200,-37.350,31.4
19:38:52.074,323714,-9.558,1.250,-4.573,-1.062,-0.276,-0.614,46.500,35.850,-34.350,31.3
19:38:52.134,323768,-9.158,0.939,-3.807,-0.882,-0.350,-0.550,46.500,35.850,-34.350,31.2
19:38:52.195,323822,-8.945,2.042,-3.804,-0.622,-0.290,-0.777,48.900,34.950,-31.950,31.3
19:38:52.241,323876,-8.729,1.276,-3.565,-0.715,-0.168,-0.752,48.900,34.950,-31.950,31.2
19:38:52.299,323930,-8.612,0.601,-3.747,-0.420,-0.255,-0.807,48.900,34.950,-31.950,31.1
19:38:52.344,323984,-8.722,0.618,-2.952,-0.349,-0.361,-0.665,48.900,34.950,-31.950,31.4
19:38:52.404,324038,-8.473,0.062,-3.716,-0.254,-0.431,-0.542,51.600,29.850,-28.650,31.6
19:38:52.464,324092,-7.956,-0.261,-3.242,0.187,-0.134,-0.621,51.600,29.850,-28.650,31.3
19:38:52.509,324146,-7.456,-1.475,-4.104,0.221,0.067,-0.686,55.050,27.000,-27.300,31.2
19:38:52.569,324200,-7.355,-2.394,-5.222,-0.142,0.078,-0.661,55.050,27.000,-27.300,31.3
19:38:52.614,324254,-8.617,-2.765,-4.506,-0.093,0.019,-0.509,55.050,27.000,-27.300,31.4
19:38:52.674,324308,-9.498,-2.538,-4.650,-0.474,0.265,-0.405,56.250,22.800,-29.550,31.4
19:38:52.736,324362,-9.584,-3.824,-3.979,-0.119,0.225,-0.418,56.250,22.800,-29.550,31.2
19:38:52.779,324416,-8.641,-3.757,-4.630,-0.540,-0.007,-0.290,55.950,20.250,-31.200,31.2
19:38:52.841,324470,-7.738,-3.962,-4.044,-0.365,-0.119,-0.078,55.950,20.250,-31.200,31.5
19:38:52.886,324524,-7.523,-3.996,-3.938,-0.283,-0.052,0.323,57.000,19.200,-30.300,31.4
19:38:52.945,324578,-5.140,-5.136,-2.188,0.269,0.396,0.713,57.000,19.200,-30.300,31.3
19:38:53.004,324632,-7.111,-0.201,-2.176,-1.017,0.143,1.086,54.450,25.200,-31.950,31.4
19:38:53.064,324686,-7.836,-3.345,-2.679,-0.632,0.074,1.228,54.450,25.200,-31.950,31.4
19:38:53.124,324740,-11.109,1.398,-4.441,-0.808,0.221,0.980,54.450,25.200,-31.950,31.3
19:38:53.186,324794,-19.539,0.278,-8.016,-1.512,0.706,0.813,54.450,25.200,-31.950,31.4
19:38:53.244,324848,-18.174,3.960,-7.784,-0.281,0.112,0.517,51.000,34.350,-31.050,31.2
19:38:53.306,324902,-12.682,1.611,-2.840,-0.164,-0.180,-0.339,51.000,37.800,-29.850,31.4
19:38:53.365,324956,-6.991,-0.002,-2.306,0.057,-0.413,-1.169,51.000,37.800,-29.850,31.4
19:38:53.424,325010,-5.442,0.318,-2.787,0.438,-0.549,-1.724,51.000,37.800,-29.850,31.4
19:38:53.425,325064,-5.289,-1.247,-2.274,-0.764,-0.858,-1.718,51.000,37.800,-29.850,31.3
19:38:53.486,325118,-6.321,-1.913,-3.244,-0.556,-0.960,-1.349,58.650,25.650,-24.300,31.3
19:38:53.545,325172,-7.259,-2.030,-4.065,-0.459,-1.026,-1.235,58.650,25.650,-24.300,31.4
19:38:53.606,325226,-7.444,-3.294,-3.002,0.367,-0.784,-1.104,59.400,21.000,-19.050,31.3
19:38:53.666,325280,-7.266,-0.184,-4.020,-0.148,-0.732,-0.705,59.400,21.000,-19.050,31.3
19:38:53.726,325334,-7.290,-2.890,-0.120,-1.175,-0.868,-0.944,59.850,16.950,-14.250,31.1
19:38:53.785,325388,-7.635,-1.638,-1.705,-0.220,-0.222,-0.130,59.850,16.950,-14.250,31.4
19:38:53.846,325442,-6.778,-6.069,-1.322,-0.705,0.071,0.002,61.050,13.800,-12.000,31.3
19:38:53.906,325496,-9.601,0.148,-3.543,2.041,0.295,0.510,61.050,13.800,-12.000,31.3
19:38:53.966,325550,-9.840,-3.572,-3.491,-1.524,0.288,0.297,61.050,13.800,-12.000,31.4
19:38:53.967,325604,-10.235,-0.986,-4.312,-0.998,0.191,0.294,63.150,15.150,-15.900,31.4
19:38:54.024,325658,-8.959,-3.986,-3.247,-1.051,-0.068,0.016,63.150,15.150,-15.900,31.3
19:38:54.086,325712,-8.595,-2.140,-2.406,-0.327,-0.044,0.041,62.700,15.150,-15.900,31.3
19:38:54.144,325766,-9.014,-3.668,-0.584,1.515,-0.059,-0.070,62.700,15.150,-15.900,31.2
19:38:54.206,325820,-9.117,-5.334,-2.931,1.092,0.096,0.726,62.700,15.150,-15.900,31.1
19:38:54.266,325874,-10.580,2.241,-7.204,0.176,0.206,-0.156,62.700,15.150,-15.900,31.3
19:38:54.326,325928,-7.029,-3.280,1.602,-1.862,-0.050,-0.011,61.800,16.950,-15.600,31.4
19:38:54.445,325982,-10.123,-1.149,-2.265,-0.097,-0.186,-0.090,61.800,16.950,-15.600,31.4
19:38:54.447,326036,-10.671,-1.559,-4.405,-0.278,-0.010,-0.252,61.800,15.450,-16.350,31.4
19:38:54.504,326090,-8.600,-5.969,-2.382,0.271,-0.065,-0.271,61.800,15.450,-16.350,31.4
19:38:54.505,326144,-8.825,-1.908,-1.216,1.112,-0.123,0.029,64.050,12.750,-16.350,31.4
19:38:54.566,326198,-8.250,-3.898,-2.818,0.136,0.091,0.579,64.800,14.250,-17.850,31.3
19:38:54.624,326252,-8.997,-0.472,-1.997,0.463,0.407,0.919,64.800,14.250,-17.850,31.2
19:38:54.684,326306,-8.241,-2.227,-1.381,-0.263,0.533,0.292,63.900,19.800,-21.000,30.9
19:38:54.744,326360,-9.184,-1.724,-3.179,-0.038,0.688,0.224,63.900,19.800,-21.000,31.5
19:38:54.806,326414,-8.993,-2.016,-3.831,0.105,0.685,0.110,64.350,19.650,-23.700,31.2
19:38:54.864,326468,-8.313,-2.016,-4.693,-0.037,0.581,0.198,64.350,19.650,-23.700,31.3
19:38:54.926,326522,-9.017,-2.456,-4.104,-0.056,0.430,0.309,64.350,20.100,-27.300,31.4
19:38:54.984,326576,-8.380,-4.357,-3.270,0.386,0.388,0.464,64.350,20.100,-27.300,31.6
19:38:55.046,326630,-7.803,1.190,-4.233,0.524,0.557,0.967,64.350,20.100,-27.300,31.3
19:38:55.046,326684,-3.407,-2.591,-2.358,0.194,0.750,1.828,64.350,20.100,-27.300,31.4
19:38:55.106,326738,-4.061,0.055,-5.818,1.525,0.635,2.458,62.550,28.500,-36.450,31.1
19:38:55.164,326792,-3.895,-1.432,-2.995,-1.694,0.808,1.013,56.250,37.500,-41.550,31.0
19:38:55.225,326846,-7.946,-0.304,-5.200,-0.226,0.471,1.364,56.250,37.500,-41.550,31.0
19:38:55.286,326900,-8.576,5.131,-8.159,0.826,0.453,0.468,56.250,37.500,-41.550,31.4
19:38:55.344,326954,-10.240,2.813,-7.128,0.967,-0.152,-0.162,56.250,37.500,-41.550,31.3
19:38:55.406,327008,-9.735,0.431,-7.144,-0.735,-0.453,-0.568,49.350,40.650,-45.150,31.4
19:38:55.464,327062,-9.167,-2.670,-8.327,1.265,-0.489,-0.363,49.350,40.650,-45.150,31.4
19:38:55.524,327116,-10.003,1.329,-4.108,0.189,-0.425,-0.729,51.750,37.800,-43.500,31.3
19:38:55.585,327170,-9.771,0.565,-4.741,-0.573,-0.082,-0.671,51.750,37.800,-43.500,31.3
19:38:55.586,327224,-9.629,-0.871,-5.823,0.625,-0.010,-0.967,53.550,35.850,-43.050,30.9
19:38:55.645,327278,-9.287,-0.273,-3.955,-0.185,0.148,-0.666,53.550,35.850,-43.050,30.9
19:38:55.706,327332,-8.789,-1.070,-4.453,-0.235,0.137,-0.771,54.450,30.300,-42.150,31.3
19:38:55.765,327386,-8.205,0.759,-4.413,-0.287,0.251,-0.679,54.450,30.300,-42.150,31.2
19:38:55.824,327440,-8.782,-0.675,-5.691,-0.607,0.312,-0.419,54.450,30.300,-42.150,31.4
19:38:55.884,327494,-9.175,0.795,-5.892,-0.219,0.137,-0.166,52.050,24.750,-42.000,31.4
19:38:55.946,327548,-8.720,0.611,-5.942,-0.627,-0.023,0.031,52.050,24.750,-42.000,31.3
19:38:56.006,327602,-8.095,0.476,-5.916,0.098,-0.210,-0.010,53.250,27.450,-43.050,31.4
19:38:56.064,327656,-7.731,0.570,-4.587,-0.326,-0.143,0.045,53.250,27.450,-43.050,31.4
19:38:56.126,327710,-9.208,0.570,-5.162,-0.024,-0.165,-0.082,53.250,27.450,-43.050,31.0
19:38:56.126,327764,-16.328,5.897,-11.772,-1.598,0.245,0.579,53.250,27.450,-43.050,31.1
19:38:56.186,327818,-17.183,3.361,-10.295,-0.344,-0.118,1.353,53.100,31.800,-42.150,31.2
19:38:56.246,327872,-13.781,3.024,-7.412,-0.725,-0.405,1.026,53.100,31.800,-42.150,31.3
19:38:56.306,327926,-10.772,1.427,-3.551,-0.133,-0.404,0.373,51.000,38.250,-40.200,31.1
19:38:56.365,327980,-7.784,0.038,-3.615,0.111,-0.620,-0.590,54.000,40.950,-36.450,31.3
19:38:56.426,328034,-5.449,-2.478,-2.796,0.027,-0.581,-0.918,54.000,40.950,-36.450,31.2
19:38:56.485,328088,-5.744,2.476,-2.468,0.273,-0.864,-1.461,58.050,37.500,-32.400,31.4
19:38:56.545,328142,-4.034,-1.477,-2.772,-0.690,-0.764,-1.150,58.050,37.500,-32.400,31.3
19:38:56.606,328196,-5.624,-0.651,-2.995,0.736,-0.867,-0.814,63.450,31.800,-27.900,31.3
19:38:56.666,328250,-7.044,0.673,-2.449,0.433,-0.493,-0.619,63.450,31.800,-27.900,31.4
19:38:56.667,328304,-8.028,-0.251,-2.832,-0.076,-0.261,-0.523,63.450,28.350,-26.100,31.4
19:38:56.724,328358,-7.781,-1.240,-4.053,0.790,-0.298,-0.425,63.450,28.350,-26.100,31.4
19:38:56.786,328412,-8.420,-1.156,-2.535,0.442,-0.205,-0.364,64.200,26.100,-24.300,31.4
19:38:56.844,328466,-8.928,0.469,-3.967,0.313,-0.030,-0.188,64.200,26.100,-24.300,31.3
19:38:56.906,328520,-8.746,-4.187,-4.571,0.036,-0.049,-0.226,64.200,26.100,-24.300,31.2
19:38:56.966,328574,-10.412,1.080,-1.753,1.610,-0.157,-0.653,64.200,26.100,-24.300,31.2
19:38:57.026,328628,-8.095,-2.461,-4.317,1.370,-0.209,-0.528,64.800,23.100,-25.200,31.0
19:38:57.086,328682,-8.835,-4.094,-4.719,0.160,-0.073,0.030,65.850,18.900,-24.450,31.5
19:38:57.146,328736,-8.215,-2.406,-2.789,-0.039,0.069,0.339,65.850,18.900,-24.450,31.6
19:38:57.204,328790,-9.031,0.915,-3.029,0.443,0.112,0.259,65.850,18.900,-24.450,31.4
19:38:57.205,328844,-9.673,-4.152,-1.434,0.333,-0.095,-0.009,65.850,18.900,-24.450,31.3
19:38:57.266,328898,-9.833,-2.365,-1.671,0.335,-0.271,-0.035,66.450,21.000,-24.600,31.4
19:38:57.326,328952,-9.177,-4.171,-0.965,-0.656,0.001,-0.068,66.450,21.000,-24.600,31.5
19:38:57.384,329006,-9.450,-2.904,-1.369,0.225,0.043,0.047,66.300,21.150,-22.200,31.3
19:38:57.444,329060,-9.304,-3.893,-2.282,-0.171,0.120,0.115,66.300,21.150,-22.200,31.4
19:38:57.506,329114,-9.404,-2.234,-1.911,-0.083,0.116,0.088,65.700,20.250,-22.800,31.1
19:38:57.564,329168,-9.316,-3.436,-2.564,-0.003,-0.085,0.001,65.700,20.250,-22.800,31.2
19:38:57.624,329222,-8.947,-2.605,-2.330,-0.076,-0.134,0.096,66.600,21.150,-24.000,31.4
19:38:57.684,329276,-9.036,-1.494,-2.176,-0.123,-0.072,0.133,66.600,21.150,-24.000,31.3
19:38:57.744,329330,-9.026,-2.722,-1.812,-0.175,-0.153,0.102,66.600,21.150,-24.000,31.4
19:38:57.745,329384,-10.039,-1.176,-1.211,-0.274,0.025,0.188,65.400,22.200,-22.050,31.4
19:38:57.806,329438,-9.838,-2.871,-1.607,-0.065,-0.028,0.187,65.400,22.200,-22.050,31.3
19:38:57.866,329492,-9.404,-0.335,-0.675,-0.536,0.121,0.259,65.850,23.850,-23.400,31.4
19:38:57.926,329546,-8.320,-1.616,-2.057,-0.159,0.280,0.418,65.850,23.850,-23.400,31.4
19:38:57.986,329600,-8.274,1.290,-1.963,-1.057,0.508,0.431,65.850,23.850,-23.400,31.2
19:38:58.046,329654,-5.605,-2.116,-1.812,0.837,0.609,1.148,65.850,23.850,-23.400,31.3
19:38:58.106,329708,-5.100,-1.140,-2.686,-1.511,0.781,1.348,61.650,29.550,-27.900,31.5
19:38:58.166,329762,-8.803,5.981,-3.029,0.643,0.755,0.937,61.650,29.550,-27.900,31.4
19:38:58.226,329816,-5.938,-2.416,-3.596,-0.173,0.739,1.180,58.200,34.950,-30.450,31.3
19:38:58.286,329870,-8.866,4.053,-5.124,-0.435,0.642,0.501,57.150,39.600,-33.750,31.2
19:38:58.287,329924,-8.528,0.929,-4.391,0.150,0.489,0.387,57.150,39.600,-33.750,31.4
19:38:58.347,329978,-10.465,2.102,-5.188,-0.145,0.231,0.117,54.450,40.650,-36.300,31.4
19:38:58.405,330032,-8.394,2.571,-6.170,-0.063,0.420,-0.047,54.450,40.650,-36.300,31.5
19:38:58.466,330086,-8.705,2.931,-6.275,0.387,0.333,-0.222,53.250,39.750,-38.250,31.3
19:38:58.526,330140,-9.692,1.137,-4.041,0.360,0.329,-0.154,53.250,39.750,-38.250,31.1
19:38:58.584,330194,-8.746,1.800,-5.191,0.292,0.381,-0.349,52.050,37.800,-39.750,31.2
19:38:58.644,330248,-8.361,0.532,-5.193,-0.329,0.234,-0.431,52.050,37.800,-39.750,31.4
19:38:58.706,330302,-8.890,1.168,-6.543,-0.114,0.068,-0.421,53.250,35.550,-42.750,31.4
19:38:58.766,330356,-8.926,1.015,-5.476,-0.117,0.190,-0.431,53.250,35.550,-42.750,31.3
19:38:58.826,330410,-8.909,2.332,-6.235,-0.410,0.270,-0.604,53.250,35.550,-42.750,31.2
19:38:58.827,330464,-9.091,0.536,-5.387,-0.355,0.004,-0.440,52.650,33.450,-42.900,31.3
19:38:58.885,330518,-8.748,0.103,-5.152,-0.338,-0.107,-0.111,52.650,33.450,-42.900,31.4
19:38:58.946,330572,-8.219,1.743,-5.104,-0.301,-0.069,-0.116,52.350,31.500,-41.100,31.1
19:38:59.006,330626,-8.126,0.445,-5.097,0.144,-0.006,-0.086,52.350,31.500,-41.100,31.1
19:38:59.064,330680,-8.054,0.278,-5.667,-0.403,-0.006,0.011,52.350,31.500,-41.100,31.2
19:38:59.124,330734,-7.774,0.342,-5.284,0.148,0.274,-0.090,52.350,31.500,-41.100,31.2
19:38:59.184,330788,-7.762,0.426,-6.311,0.037,0.260,-0.182,51.750,30.900,-43.050,31.4
19:38:59.246,330842,-8.492,0.527,-6.285,0.526,0.248,-0.074,51.750,30.900,-43.050,31.3
19:38:59.306,330896,-9.649,1.681,-6.955,0.273,0.474,-0.088,51.150,29.550,-44.400,31.4
19:38:59.366,330950,-12.340,0.579,-8.219,0.593,0.192,0.432,51.150,29.550,-44.400,31.4
19:38:59.367,331004,-13.029,1.312,-8.490,-0.208,0.155,0.652,51.150,29.850,-45.450,31.4
19:38:59.426,331058,-12.385,1.788,-8.176,-0.075,0.044,0.866,51.150,29.850,-45.450,31.3
19:38:59.486,331112,-10.534,1.867,-6.112,-0.079,-0.234,0.480,50.550,33.900,-44.550,31.3
19:38:59.546,331166,-8.799,0.888,-5.057,0.136,-0.485,0.008,50.550,33.900,-44.550,31.4
19:38:59.606,331220,-7.901,0.041,-4.808,0.338,-0.529,-0.559,50.550,33.900,-44.550,31.4
19:38:59.665,331274,-7.252,-0.704,-3.859,0.314,-0.412,-0.850,52.350,36.150,-41.400,31.4
19:38:59.726,331328,-7.063,0.855,-4.137,0.470,-0.621,-1.216,52.350,36.150,-41.400,31.3
19:38:59.784,331382,-6.699,-2.454,-4.013,-0.201,-0.848,-0.884,55.800,30.900,-39.000,31.3
19:38:59.846,331436,-7.355,-1.135,-3.598,0.126,-0.873,-0.879,55.800,30.900,-39.000,31.3
19:38:59.906,331490,-5.339,-1.992,-4.523,-0.065,-0.864,-0.685,55.800,30.900,-39.000,31.3
19:38:59.906,331544,-7.884,-0.833,-3.790,0.455,-0.793,-0.766,55.800,30.900,-39.000,31.2
19:38:59.964,331598,-7.108,-1.865,-3.304,-0.026,-0.650,-0.690,61.950,21.450,-28.950,31.6
19:39:00.024,331652,-7.690,-0.591,-3.261,0.295,-0.578,-0.519,61.950,21.450,-28.950,31.4
19:39:00.084,331706,-8.449,-2.581,-3.089,0.478,-0.815,-0.805,61.350,18.450,-26.550,31.3
19:39:00.146,331760,-7.542,-2.648,-0.522,-0.173,-0.910,-1.142,63.150,14.100,-20.550,31.1
19:39:00.206,331814,-7.331,-0.977,-2.210,0.913,0.069,-0.115,63.150,14.100,-20.550,31.4
19:39:00.266,331868,-8.212,-3.926,-2.387,-1.026,0.470,0.675,63.150,12.450,-21.000,31.3
19:39:00.326,331922,-9.977,-5.157,-3.218,0.199,0.012,0.152,63.150,12.450,-21.000,31.4
19:39:00.386,331976,-9.869,-1.188,-3.563,0.214,-0.090,0.067,63.300,15.000,-20.400,31.1
19:39:00.446,332030,-8.373,-2.837,-2.176,-0.393,0.070,0.188,63.300,15.000,-20.400,31.1
19:39:00.446,332084,-8.815,-1.621,-2.521,-0.239,0.247,0.270,63.300,15.450,-21.450,31.4
19:39:00.506,332138,-8.689,-5.234,-3.148,-0.275,0.132,-0.043,63.300,15.450,-21.450,31.3
19:39:00.566,332192,-9.270,-1.726,-3.630,0.369,0.208,0.064,62.850,16.500,-23.400,31.4
19:39:00.626,332246,-8.801,-2.583,-2.638,-0.199,0.114,0.075,62.850,16.500,-23.400,31.3
19:39:00.686,332300,-9.167,-2.701,-2.746,0.227,0.007,-0.092,62.850,16.500,-23.400,31.4
19:39:00.744,332354,-8.969,-3.144,-3.072,0.438,-0.115,-0.048,62.400,16.350,-24.900,31.3
19:39:00.806,332408,-8.796,-2.507,-2.782,0.020,-0.012,-0.029,62.400,16.350,-24.900,31.5
19:39:00.866,332462,-8.837,-2.102,-3.349,-0.139,-0.003,0.037,63.600,16.950,-23.400,31.3
19:39:00.924,332516,-8.727,-3.036,-2.835,-0.047,0.002,0.075,63.600,16.950,-23.400,31.2
19:39:00.986,332570,-7.705,-0.426,-2.866,-0.379,0.331,0.499,61.800,16.200,-23.700,31.4
19:39:00.986,332624,-7.061,-3.989,-1.994,-0.044,0.504,0.992,61.800,16.200,-23.700,31.4
19:39:01.046,332678,-6.804,0.072,-2.911,-0.696,0.736,1.574,62.100,22.350,-26.550,31.4
19:39:01.104,332732,-8.021,-0.644,-3.431,0.401,0.608,1.823,62.100,22.350,-26.550,31.4
19:39:01.166,332786,-8.432,-0.512,-3.984,-0.250,0.565,1.514,59.850,30.450,-29.850,31.5
19:39:01.226,332840,-8.995,0.345,-4.235,-0.624,0.454,1.463,59.850,30.450,-29.850,31.3
19:39:01.286,332894,-9.323,5.028,-6.321,0.336,0.415,0.823,55.650,38.850,-32.250,31.4
19:39:01.346,332948,-6.792,-4.803,-3.697,0.018,0.396,0.864,51.600,43.050,-33.450,31.1
19:39:01.406,333002,-8.629,1.415,-4.135,0.137,0.618,0.710,51.600,43.050,-33.450,31.1
19:39:01.466,333056,-8.679,3.687,-5.775,-0.053,0.416,0.580,51.600,43.050,-33.450,31.4
19:39:01.526,333110,-8.516,2.045,-5.842,-0.043,0.185,0.249,51.600,43.050,-33.450,31.4
19:39:01.526,333164,-8.550,4.226,-6.031,0.460,-0.087,0.016,46.950,48.300,-42.000,31.3
19:39:01.586,333218,-7.968,2.713,-6.311,-0.606,0.325,-0.303,46.950,48.300,-42.000,31.2
19:39:01.646,333272,-9.515,5.315,-4.161,-0.083,0.239,-0.520,47.850,45.300,-39.300,31.4
19:39:01.704,333326,-9.017,1.475,-6.155,-1.070,0.207,-0.495,47.850,45.300,-39.300,31.2
19:39:01.764,333380,-9.323,4.192,-4.580,-0.460,0.191,-0.787,47.850,45.300,-39.300,31.3
19:39:01.824,333434,-8.478,3.768,-4.925,-0.954,0.080,-0.795,47.850,45.300,-39.300,31.0
19:39:01.884,333488,-8.590,0.242,-4.149,-0.005,-0.178,-0.711,48.300,41.250,-38.700,30.9
19:39:01.946,333542,-7.944,3.050,-4.503,-0.910,0.019,-0.697,51.150,38.850,-75.750,31.4
19:39:02.004,333596,-8.935,1.918,-5.315,-0.337,0.258,-0.599,51.150,38.850,-37.350,31.4
19:39:02.066,333650,-8.945,1.908,-5.595,-0.347,0.164,-0.431,51.900,37.950,-36.300,31.3
19:39:02.066,333704,-8.437,1.250,-4.906,-0.203,0.051,-0.208,51.900,37.950,-36.300,31.4
19:39:02.124,333758,-8.365,2.279,-5.394,-0.081,0.119,-0.164,53.250,36.600,-36.450,31.4
19:39:02.184,333812,-7.276,1.168,-5.109,-0.365,0.127,-0.015,53.250,36.600,-36.450,31.4
19:39:02.306,333866,-7.108,1.125,-5.648,-0.141,0.094,-0.001,51.750,37.500,-37.200,31.3
19:39:02.306,333920,-7.748,2.272,-6.404,-0.071,0.133,-0.050,51.750,37.500,-37.200,31.1
19:39:02.366,333974,-7.092,1.149,-6.366,0.176,0.234,-0.079,51.900,37.650,-37.350,31.4
19:39:02.486,334028,-7.219,1.908,-6.455,0.147,0.283,0.118,51.900,37.650,-37.350,31.4
19:39:02.487,334082,-7.013,1.298,-6.239,0.352,0.277,0.168,52.650,35.700,-38.850,31.4
19:39:02.546,334136,-6.807,2.215,-6.232,-0.025,0.139,0.084,52.650,35.700,-38.850,31.4
19:39:02.606,334190,-8.145,2.160,-5.397,0.412,0.135,0.140,52.650,35.700,-38.850,31.4
19:39:02.608,334244,-9.158,3.342,-6.366,0.249,-0.038,0.163,50.100,35.700,-42.150,31.2
19:39:02.666,334298,-11.751,3.651,-8.617,-0.359,-0.340,0.136,50.100,35.700,-42.150,31.2
19:39:02.724,334352,-13.242,4.597,-8.961,-0.046,-0.189,0.618,50.550,37.050,-40.950,31.5
19:39:02.784,334406,-12.079,3.567,-7.365,0.215,-0.219,0.767,50.550,37.050,-40.950,31.1
19:39:02.846,334460,-9.246,2.253,-6.153,0.413,-0.526,0.394,50.550,37.050,-40.950,31.4
19:39:02.904,334514,-7.554,2.076,-5.502,0.729,-0.655,-0.192,50.550,37.050,-40.950,31.4
19:39:02.966,334568,-7.010,1.013,-3.606,0.397,-0.587,-0.551,52.650,40.650,-38.850,31.4
19:39:03.025,334622,-7.087,2.061,-3.962,0.704,-0.487,-0.936,52.650,40.650,-38.850,31.4
19:39:03.086,334676,-7.690,1.954,-3.122,0.525,-0.594,-1.047,55.050,39.000,-35.100,31.3
19:39:03.146,334730,-7.087,0.464,-3.519,0.723,-0.725,-0.973,55.050,39.000,-35.100,31.5
19:39:03.147,334784,-6.567,-1.702,-3.144,0.100,-0.922,-0.681,57.450,33.450,-32.700,31.3
19:39:03.206,334838,-6.704,0.991,-3.608,0.735,-0.747,-0.511,59.700,29.850,-30.450,31.4
19:39:03.266,334892,-7.803,1.420,-3.199,0.118,-0.699,-0.655,59.700,29.850,-30.450,31.4
19:39:03.386,334946,-7.810,-1.688,-3.620,1.486,-0.867,-0.732,62.700,26.400,-25.350,31.4
19:39:03.386,335000,-7.956,-1.149,-3.563,0.334,-0.826,-0.744,62.700,26.400,-25.350,31.4
19:39:03.444,335054,-8.346,-2.892,-0.840,1.320,-0.868,-0.644,64.050,21.600,-20.400,31.5
19:39:03.506,335108,-7.242,-2.191,-2.576,0.711,-0.309,-0.331,64.050,21.600,-20.400,31.2
19:39:03.566,335162,-8.835,-0.500,-1.432,-0.598,0.270,0.169,62.550,18.450,-19.650,31.2
19:39:03.624,335216,-8.698,-1.946,-1.559,0.319,0.085,0.175,62.550,18.450,-19.650,31.4
19:39:03.686,335270,-10.285,-1.906,-4.547,-0.184,0.164,0.051,62.550,18.450,-19.650,31.2
19:39:03.686,335324,-9.744,-1.762,-2.078,0.203,0.132,-0.079,62.550,18.450,-19.650,31.1
19:39:03.746,335378,-8.856,-2.576,-3.206,0.414,-0.194,-0.094,63.900,19.800,-21.300,31.2
19:39:03.806,335432,-9.340,-3.311,-0.869,0.356,0.003,0.082,62.850,18.450,-20.700,31.3
19:39:03.864,335486,-9.898,-3.242,-1.867,0.357,-0.074,0.044,62.850,18.450,-20.700,31.2
19:39:03.926,335540,-9.981,-3.122,-2.334,-0.119,0.038,0.043,62.850,18.450,-20.700,31.2
19:39:03.986,335594,-9.349,-1.805,-2.871,-0.118,-0.019,0.091,62.850,18.450,-20.700,31.5
19:39:04.046,335648,-8.835,-2.272,-0.649,-0.011,0.044,0.136,63.600,20.100,-19.350,31.4
19:39:04.106,335702,-9.416,-1.571,-1.992,-0.137,0.085,0.122,63.600,20.100,-19.350,31.4
19:39:04.165,335756,-8.993,-1.554,-2.002,-0.007,0.092,0.151,63.450,19.500,-21.300,31.3
19:39:04.224,335810,-8.126,-0.867,-2.045,-0.181,0.566,0.668,63.450,19.500,-21.300,31.2
19:39:04.225,335864,-7.563,0.417,-2.344,-1.273,1.027,0.861,63.450,19.500,-21.300,31.1
19:39:04.284,335918,-5.720,0.280,-2.473,0.248,1.104,1.978,63.450,19.500,-21.300,31.3
19:39:04.346,335972,-6.785,-2.629,-1.353,-2.117,0.628,1.136,60.600,30.450,-28.050,31.3
19:39:04.406,336026,-6.194,-0.991,-5.104,1.442,0.720,1.621,57.150,36.900,-30.750,31.3
19:39:04.466,336080,-9.567,4.688,-4.690,-0.830,0.418,1.000,57.150,36.900,-30.750,31.3
19:39:04.526,336134,-9.680,3.785,-3.170,0.139,0.498,0.637,53.100,42.300,-34.050,31.3
19:39:04.644,336188,-8.586,3.553,-3.323,0.442,0.857,0.512,53.100,42.300,-34.050,31.3
19:39:04.645,336242,-9.749,3.335,-5.691,-0.034,0.532,0.283,49.800,46.350,-37.950,31.4
19:39:04.704,336296,-9.141,2.116,-5.418,0.439,0.241,0.418,49.800,46.350,-37.950,31.2
19:39:04.766,336350,-9.385,3.522,-5.353,-0.368,0.387,0.074,49.800,46.350,-37.950,31.3
19:39:04.768,336404,-8.100,3.402,-4.578,-0.244,0.261,-0.263,49.800,46.350,-37.950,31.3
19:39:04.824,336458,-8.150,1.410,-6.948,-0.308,0.226,-0.208,48.150,46.200,-38.550,31.3
19:39:04.886,336512,-7.709,1.733,-4.827,0.182,0.077,-0.258,48.150,46.200,-38.550,31.2
19:39:04.946,336566,-8.588,4.664,-5.432,-0.002,0.072,-0.301,49.050,45.900,-40.950,31.4
19:39:05.064,336620,-8.787,1.702,-5.772,-0.159,-0.034,-0.293,49.050,45.900,-40.950,31.3
19:39:05.065,336674,-8.284,3.321,-4.199,0.143,0.010,-0.516,49.050,45.900,-40.950,31.4
19:39:05.126,336728,-8.624,2.193,-5.909,-0.530,-0.054,-0.422,49.500,41.250,-40.500,31.3
19:39:05.186,336782,-8.121,1.508,-5.464,-0.468,-0.105,-0.373,49.500,41.250,-40.500,31.2
19:39:05.246,336836,-8.224,1.659,-5.389,0.411,-0.083,-0.281,49.350,39.150,-39.900,31.3
19:39:05.304,336890,-8.425,2.614,-3.871,-0.235,0.033,-0.371,49.350,39.150,-39.900,31.4
19:39:05.305,336944,-8.095,1.441,-5.703,-0.213,0.082,-0.512,49.350,39.150,-39.900,31.4
19:39:05.366,336998,-7.944,0.591,-4.922,0.039,0.187,-0.470,49.350,39.150,-39.900,31.3
19:39:05.426,337052,-8.095,1.578,-4.891,-0.016,0.089,-0.486,52.650,35.250,-39.300,31.4
19:39:05.486,337106,-8.145,0.596,-5.253,-0.087,-0.062,-0.423,52.650,35.250,-39.300,31.3
19:39:05.546,337160,-9.009,0.215,-5.456,-0.033,-0.000,-0.244,52.350,33.000,-41.850,31.3
19:39:05.606,337214,-13.345,2.337,-8.432,-0.275,0.019,-0.158,52.350,33.000,-41.850,31.3
19:39:05.664,337268,-15.452,2.207,-9.402,-0.090,0.115,0.740,52.650,31.800,-41.100,31.1
19:39:05.724,337322,-14.880,3.555,-7.649,-0.356,0.137,1.013,51.750,35.550,-40.500,31.4
19:39:05.784,337376,-11.320,1.537,-5.648,-0.006,-0.035,0.655,51.750,35.550,-40.500,31.2
19:39:05.844,337430,-8.780,1.226,-4.357,0.069,-0.297,0.027,51.750,35.550,-40.500,31.4
19:39:05.845,337484,-6.831,0.496,-3.723,0.161,-0.401,-0.294,51.750,35.550,-40.500,31.4
19:39:05.904,337538,-6.218,1.025,-3.998,0.299,-0.400,-0.590,52.350,40.350,-37.800,31.3
19:39:05.964,337592,-6.036,-0.314,-4.262,0.128,-0.525,-0.754,52.350,40.350,-37.800,31.3
19:39:06.024,337646,-7.587,1.152,-4.815,0.049,-0.696,-1.027,56.700,36.150,-34.800,31.4
19:39:06.084,337700,-7.094,-1.123,-4.183,0.089,-0.782,-0.986,56.700,36.150,-34.800,31.2
19:39:06.146,337754,-6.275,-1.209,-2.351,0.583,-0.553,-0.939,56.700,36.150,-34.800,31.1
19:39:06.204,337808,-6.527,-2.433,-3.551,-0.227,-0.712,-0.966,56.700,36.150,-34.800,31.3
19:39:06.266,337862,-8.092,0.965,-3.994,1.054,-0.557,-0.783,63.300,25.050,-27.750,31.6
19:39:06.324,337916,-7.324,-2.878,-3.548,0.404,-0.444,-0.575,64.200,22.200,-24.600,31.6
19:39:06.384,337970,-8.909,-0.297,-2.526,0.010,-0.469,-0.897,64.200,22.200,-24.600,31.3
19:39:06.446,338024,-7.666,-3.855,-3.393,1.175,-0.887,-1.203,65.550,16.950,-22.650,31.3
19:39:06.447,338078,-7.927,3.072,-1.111,0.529,0.038,-0.185,65.550,16.950,-22.650,31.4
19:39:06.506,338132,-7.839,-7.010,-2.430,0.008,0.215,0.513,64.800,13.800,-19.650,31.5
19:39:06.564,338186,-10.278,-1.791,-2.871,-0.018,0.159,0.061,64.800,13.800,-19.650,31.2
19:39:06.624,338240,-8.691,-2.449,-2.370,0.145,-0.102,0.012,64.800,13.800,-19.650,31.2
19:39:06.684,338294,-8.404,-2.990,-2.332,0.442,-0.089,0.072,64.800,13.800,-19.650,31.4
19:39:06.746,338348,-8.938,-1.695,-1.614,-0.483,0.078,0.010,64.650,15.600,-21.750,31.4
19:39:06.806,338402,-9.613,-3.053,-1.836,0.113,0.006,0.024,64.650,15.600,-21.750,31.3
19:39:06.866,338456,-9.419,-3.747,-2.052,0.040,-0.071,-0.049,65.100,16.500,-21.450,31.1
19:39:06.924,338510,-9.139,-3.304,-1.961,-0.043,0.042,0.015,65.100,16.500,-21.450,31.4
19:39:06.925,338564,-8.947,-3.057,-2.119,-0.027,-0.050,-0.031,65.100,16.500,-21.450,31.4
19:39:06.986,338618,-9.246,-2.308,-1.927,-0.104,0.054,0.051,63.150,15.900,-21.000,31.3
19:39:07.046,338672,-9.055,-2.696,-2.207,0.115,0.074,0.040,63.150,15.900,-21.000,31.3
19:39:07.104,338726,-9.560,-2.274,-1.767,-0.259,0.061,-0.040,64.800,15.750,-21.900,31.1
19:39:07.166,338780,-9.194,-3.364,-2.447,-0.048,0.051,0.017,64.800,15.750,-21.900,31.2
19:39:07.227,338834,-8.933,-3.179,-2.344,-0.207,0.043,-0.008,64.800,15.750,-21.900,31.3
19:39:07.286,338888,-9.026,-3.541,-2.638,0.098,-0.025,0.003,64.800,15.750,-21.900,31.1
19:39:07.346,338942,-9.292,-2.990,-2.155,0.127,-0.033,0.048,64.650,16.350,-21.750,31.4
19:39:07.406,338996,-9.495,-2.847,-2.349,0.164,-0.017,0.064,64.650,16.350,-21.750,31.3
19:39:07.466,339050,-9.333,-1.776,-2.495,0.183,-0.044,0.015,66.000,15.150,-22.050,31.3
19:39:07.468,339104,-8.885,-2.157,-2.279,0.117,0.007,0.113,66.000,15.150,-22.050,31.3
19:39:07.524,339158,-8.499,-2.698,-2.708,0.195,0.090,0.155,62.700,15.900,-22.050,30.9
19:39:07.584,339212,-7.604,-2.327,-2.892,0.211,0.580,0.880,64.950,16.800,-22.050,31.0
19:39:07.646,339266,-5.418,-0.400,-3.247,-1.190,1.215,1.820,64.950,16.800,-22.050,31.5
19:39:07.704,339320,-8.437,-1.022,-2.777,0.136,0.670,1.367,63.150,26.400,-29.700,31.4
19:39:07.766,339374,-10.613,0.206,-3.282,-0.847,0.401,0.815,63.150,26.400,-29.700,31.3
19:39:07.825,339428,-6.349,-2.701,-3.474,0.839,0.459,1.164,59.700,32.250,-30.150,31.2
19:39:07.886,339482,-7.001,0.893,-4.659,-1.179,0.561,1.058,59.700,32.250,-30.150,31.1
19:39:07.944,339536,-8.147,3.110,-3.783,-0.023,0.455,0.667,54.450,38.400,-33.000,31.3
19:39:08.004,339590,-6.697,-2.413,-4.992,0.107,0.561,1.067,54.450,38.400,-33.000,31.4
19:39:08.005,339644,-10.077,9.163,-6.208,0.095,0.296,0.236,54.450,38.400,-33.000,31.2
19:39:08.066,339698,-9.541,2.234,-4.005,0.537,0.578,0.172,54.450,38.400,-33.000,31.2
19:39:08.126,339752,-9.330,3.151,-6.167,0.444,0.310,0.201,51.600,41.550,-39.300,31.4
19:39:08.187,339806,-6.677,-1.166,-6.316,0.036,0.068,0.249,49.650,43.050,-43.200,31.3
19:39:08.246,339860,-7.958,2.931,-5.200,-0.152,-0.011,0.076,49.650,43.050,-43.200,31.2
19:39:08.306,339914,-8.720,4.712,-5.983,0.046,-0.078,-0.318,49.650,43.050,-43.200,31.1
19:39:08.364,339968,-9.448,1.178,-4.532,-0.387,-0.131,-0.439,49.650,43.050,-43.200,31.2
19:39:08.424,340022,-8.418,1.575,-5.442,-0.436,-0.140,-0.479,50.850,41.550,-39.900,31.3
19:39:08.485,340076,-8.389,2.710,-5.136,-0.149,-0.104,-0.517,50.850,41.550,-39.900,31.3
19:39:08.544,340130,-7.937,0.263,-4.925,-0.077,-0.108,-0.430,51.750,38.550,-39.450,31.2
19:39:08.545,340184,-8.468,1.925,-3.579,0.083,0.079,-0.366,51.750,38.550,-39.450,31.5
19:39:08.606,340238,-8.437,0.982,-5.167,-0.286,0.180,-0.377,52.500,36.600,-39.450,31.4
19:39:08.664,340292,-9.191,0.855,-5.818,-0.026,-0.148,-0.310,52.500,36.600,-39.450,31.4
19:39:08.726,340346,-8.799,1.896,-5.435,0.278,-0.286,-0.256,53.550,35.850,-39.750,31.3
19:39:08.786,340400,-9.134,0.958,-4.824,0.042,-0.200,-0.296,54.000,33.600,-38.250,31.6
19:39:08.844,340454,-8.875,0.596,-4.360,0.347,-0.087,-0.279,54.000,33.600,-38.250,31.3
19:39:08.904,340508,-8.763,0.357,-5.262,-0.117,-0.047,-0.250,53.700,31.050,-38.850,31.4
19:39:08.966,340562,-8.588,-0.189,-4.638,0.260,0.057,-0.230,53.700,31.050,-38.850,31.1
19:39:09.024,340616,-8.859,0.366,-4.566,-0.120,-0.051,-0.145,54.000,31.650,-39.000,31.1
19:39:09.086,340670,-8.667,0.098,-4.245,0.177,-0.102,-0.016,54.000,31.650,-39.000,31.3
19:39:09.088,340724,-9.182,0.225,-4.424,-0.013,-0.333,0.092,54.000,31.650,-39.000,31.3
19:39:09.144,340778,-10.362,1.037,-5.444,0.078,-0.214,0.219,54.000,31.650,-39.000,31.4
19:39:09.206,340832,-13.606,1.109,-8.011,-0.032,-0.116,0.488,55.200,29.550,-38.100,31.4
19:39:09.266,340886,-15.067,3.859,-7.824,0.035,0.127,1.223,55.200,29.550,-38.100,31.6
19:39:09.324,340940,-11.650,3.086,-5.361,-0.202,0.099,1.106,52.800,34.350,-37.650,31.4
19:39:09.384,340994,-9.926,2.622,-4.465,-0.082,-0.133,0.573,52.800,34.350,-37.650,31.4
19:39:09.444,341048,-9.416,1.456,-3.785,0.017,-0.169,0.086,52.800,34.350,-37.650,31.2
19:39:09.504,341102,-9.594,1.856,-3.917,0.163,-0.245,-0.287,51.150,42.300,-37.350,31.1
19:39:09.564,341156,-8.045,0.115,-3.237,-0.140,-0.286,-0.559,51.150,42.300,-37.350,31.3
19:39:09.624,341210,-7.460,1.063,-3.680,0.291,-0.293,-0.863,53.400,39.900,-34.050,31.4
19:39:09.625,341264,-6.953,-1.120,-2.820,-0.122,-0.297,-0.921,53.400,39.900,-34.050,31.4
19:39:09.686,341318,-7.192,1.348,-3.369,0.170,-0.590,-1.273,53.400,39.900,-34.050,31.4
19:39:09.746,341372,-6.929,-0.275,-3.091,0.009,-0.727,-1.033,53.400,39.900,-34.050,31.3
19:39:09.804,341426,-7.096,0.417,-3.036,0.435,-0.725,-0.964,60.300,29.700,-28.800,31.4
19:39:09.864,341480,-7.468,0.120,-3.017,0.393,-0.563,-0.925,60.300,29.700,-28.800,31.4
19:39:09.926,341534,-7.767,-2.806,-2.945,0.369,-0.466,-0.765,61.350,25.800,-24.750,31.2
19:39:09.986,341588,-9.036,1.221,-3.239,0.992,-0.713,-0.977,61.350,25.800,-24.750,31.1
19:39:10.044,341642,-7.910,-3.692,0.388,0.890,-1.004,-1.342,63.600,21.600,-24.000,31.2
19:39:10.106,341696,-7.252,2.598,-1.935,1.811,-0.082,-0.276,64.800,13.800,-18.600,31.2
19:39:10.166,341750,-8.521,-3.812,-1.784,-1.031,0.665,0.465,64.800,13.800,-18.600,31.4
19:39:10.168,341804,-9.675,-2.863,-2.643,-0.191,0.373,0.015,66.000,17.550,-22.050,31.2
19:39:10.224,341858,-10.113,-3.369,-3.108,0.294,0.074,-0.029,66.000,17.550,-22.050,31.3
19:39:10.286,341912,-9.041,-2.746,-1.506,0.063,0.101,-0.074,64.050,15.750,-24.450,31.4
19:39:10.347,341966,-8.844,-3.802,-2.375,0.343,0.003,0.066,64.050,15.750,-24.450,31.4
19:39:10.404,342020,-9.134,-2.780,-2.102,0.238,-0.059,-0.068,64.950,17.850,-21.300,31.1
19:39:10.526,342074,-9.342,-3.670,-2.471,0.585,-0.044,0.058,64.950,17.850,-21.300,31.0
19:39:10.528,342128,-9.251,-4.010,-1.403,0.304,-0.164,0.015,64.950,17.850,-21.300,31.2
19:39:10.584,342182,-8.847,-2.428,-1.815,0.188,0.027,0.181,64.950,17.850,-21.300,31.4
19:39:10.646,342236,-8.926,-3.057,-1.274,0.162,0.037,0.098,64.800,15.750,-24.750,31.6
19:39:10.706,342290,-9.127,-2.990,-1.753,-0.284,0.200,-0.001,64.650,16.350,-24.300,31.4
19:39:10.708,342344,-8.576,-2.729,-2.212,0.191,0.167,0.024,64.650,16.350,-24.300,31.3
19:39:10.766,342398,-9.330,-2.911,-2.248,-0.076,0.162,-0.046,64.650,16.350,-24.300,31.3
19:39:10.825,342452,-9.129,-3.630,-2.569,-0.150,0.086,-0.019,64.650,16.350,-24.300,31.3
19:39:10.884,342506,-8.643,-2.567,-3.103,-0.262,0.283,0.067,65.100,15.750,-25.950,31.0
19:39:10.944,342560,-7.937,-3.601,-2.806,0.703,0.511,0.455,65.100,15.750,-25.950,31.3
19:39:11.006,342614,-7.250,-1.300,-2.995,-0.577,0.779,0.598,62.700,17.850,-27.900,31.3
19:39:11.064,342668,-5.930,-1.796,-3.625,-0.123,1.087,1.310,62.700,17.850,-27.900,31.3
19:39:11.126,342722,-6.038,-0.989,-3.038,-1.324,1.304,1.517,61.650,21.750,-33.450,31.4
19:39:11.186,342776,-9.373,-1.393,-5.073,0.522,0.682,1.227,61.650,21.750,-33.450,31.4
19:39:11.246,342830,-8.303,-2.684,-4.666,-0.777,0.883,1.112,58.650,32.250,-38.550,31.4
19:39:11.248,342884,-8.270,-0.860,-5.387,-0.407,0.602,0.572,54.150,36.150,-42.150,31.4
19:39:11.306,342938,-7.034,0.656,-5.760,0.039,0.567,0.538,54.150,36.150,-42.150,31.3
19:39:11.365,342992,-7.968,2.274,-5.614,0.230,0.826,0.320,52.500,38.250,-45.300,31.1
19:39:11.426,343046,-7.233,-2.662,-5.751,0.454,0.489,0.469,52.500,38.250,-45.300,31.3
19:39:11.486,343100,-8.952,2.796,-7.592,0.337,0.445,0.087,49.350,38.850,-48.000,31.2
19:39:11.546,343154,-8.643,-1.425,-7.051,-0.171,0.129,-0.070,49.350,38.850,-48.000,31.4
19:39:11.604,343208,-8.765,2.490,-7.331,0.254,0.120,-0.168,49.350,38.850,-48.000,31.3
19:39:11.666,343262,-8.133,0.012,-6.352,-0.075,0.108,-0.063,49.350,38.850,-48.000,31.3
19:39:11.724,343316,-8.258,3.273,-6.721,-0.005,0.272,-0.411,45.450,39.300,-48.900,31.3
19:39:11.786,343370,-8.686,0.907,-6.898,0.007,0.095,-0.298,45.450,39.300,-48.900,31.2
19:39:11.788,343424,-8.432,1.468,-6.541,0.343,0.199,-0.394,47.400,37.650,-50.550,31.1
19:39:11.844,343478,-8.188,0.587,-6.498,-0.491,0.108,-0.244,47.400,37.650,-50.550,31.0
19:39:11.904,343532,-7.800,1.056,-6.543,-0.137,0.183,-0.334,47.400,37.650,-50.550,31.3
19:39:11.967,343586,-7.882,0.247,-6.510,-0.007,0.109,-0.199,47.250,34.800,-52.200,31.2
19:39:12.026,343640,-7.274,0.685,-6.574,-0.427,0.289,-0.225,47.250,34.800,-52.200,31.2
19:39:12.084,343694,-7.621,0.287,-6.333,0.078,0.056,-0.158,46.650,33.450,-51.600,31.3
19:39:12.146,343748,-7.518,0.702,-6.524,-0.403,0.029,-0.082,46.650,33.450,-51.600,31.4
19:39:12.206,343802,-7.087,0.383,-6.395,0.190,0.030,-0.124,45.750,32.850,-50.700,31.2
19:39:12.266,343856,-7.017,0.402,-6.067,-0.156,0.002,-0.096,45.750,32.850,-50.700,31.2
19:39:12.326,343910,-7.154,0.996,-6.177,0.169,-0.005,-0.100,46.500,32.400,-51.150,31.2
19:39:12.328,343964,-8.430,0.709,-7.537,-0.043,-0.106,-0.111,46.500,32.400,-51.150,31.0
19:39:12.386,344018,-9.361,1.410,-7.776,-0.082,-0.143,-0.034,46.500,32.400,-51.150,31.4
19:39:12.446,344072,-9.385,2.121,-8.169,-0.318,-0.201,0.042,46.500,32.400,-51.150,31.5
19:39:12.506,344126,-9.565,1.800,-8.468,-0.542,-0.407,0.095,45.600,33.450,-51.600,31.2
19:39:12.566,344180,-9.807,2.377,-7.884,-0.155,-0.408,0.059,49.500,33.900,-49.350,31.3
19:39:12.625,344234,-9.914,2.145,-7.482,-0.265,-0.546,-0.143,49.500,33.900,-49.350,31.4
19:39:12.686,344288,-9.335,0.967,-7.166,-0.232,-0.560,-0.113,49.500,33.900,-49.350,31.3
19:39:12.746,344342,-8.480,1.915,-5.351,0.119,-0.599,-0.296,49.500,33.900,-49.350,31.1
19:39:12.806,344396,-7.501,0.735,-4.324,0.244,-0.580,-0.396,52.800,33.900,-43.050,31.3
19:39:12.867,344450,-7.259,0.867,-4.549,0.226,-0.566,-0.500,52.800,33.900,-43.050,31.1
19:39:12.868,344504,-7.266,-0.172,-3.979,0.264,-0.572,-0.607,54.750,30.450,-40.950,31.4
19:39:12.926,344558,-6.955,0.170,-3.819,0.098,-0.625,-0.707,54.750,30.450,-40.950,31.3
19:39:12.986,344612,-7.221,0.895,-3.967,-0.275,-0.626,-0.654,58.050,27.750,-37.950,31.3
19:39:13.044,344666,-7.748,-0.773,-4.621,0.071,-0.788,-0.659,58.050,27.750,-37.950,31.4
19:39:13.106,344720,-8.839,-1.252,-3.572,0.581,-0.798,-0.446,58.800,27.000,-34.650,31.3
19:39:13.164,344774,-7.805,-1.731,-3.237,-0.108,-0.569,-0.419,58.800,27.000,-34.650,31.3
19:39:13.224,344828,-8.270,-2.263,-3.256,0.200,-0.598,-0.618,58.800,27.000,-34.650,31.2
19:39:13.284,344882,-8.030,-2.143,-3.790,-0.084,-0.673,-0.650,61.800,20.850,-28.500,31.1
19:39:13.346,344936,-8.140,-4.266,-2.868,0.084,-0.815,-0.710,61.800,20.850,-28.500,31.2
19:39:13.405,344990,-6.835,-3.443,-3.905,1.057,-0.844,-0.577,62.550,16.950,-24.000,31.2
19:39:13.405,345044,-7.525,-2.042,-1.360,0.695,-0.297,-0.071,62.550,16.950,-24.000,31.3
19:39:13.466,345098,-7.989,-2.315,-1.530,-0.018,-0.055,0.090,62.550,16.950,-24.000,31.2
19:39:13.526,345152,-10.132,-2.533,-0.850,-0.537,0.243,-0.073,62.550,16.950,-24.000,31.3
19:39:13.586,345206,-8.408,-3.230,-1.274,0.011,0.072,0.062,64.200,15.150,-21.300,31.4
19:39:13.645,345260,-9.199,-3.230,-2.155,0.133,0.210,0.108,64.200,15.150,-21.300,31.1
19:39:13.706,345314,-9.268,-2.248,-2.521,-0.149,0.249,0.070,63.150,15.150,-22.050,31.3
19:39:13.766,345368,-9.079,-1.820,-0.582,0.456,0.226,0.126,63.600,15.450,-21.450,31.3
19:39:13.825,345422,-9.088,-3.855,-2.425,0.041,0.232,0.094,63.600,15.450,-21.450,31.0
19:39:13.884,345476,-8.619,-3.436,-1.980,-0.396,0.368,0.148,63.300,15.450,-23.700,31.4
19:39:13.944,345530,-8.827,-2.164,-3.053,-0.008,0.421,0.342,63.300,15.450,-23.700,31.3
19:39:13.945,345584,-8.593,-3.642,-2.409,-0.438,0.428,0.224,64.350,16.500,-27.000,31.4
19:39:14.004,345638,-9.270,-2.198,-4.226,-0.284,0.366,0.268,64.350,16.500,-27.000,31.5
19:39:14.066,345692,-9.603,-1.415,-2.332,-0.587,0.304,0.195,62.400,18.300,-27.600,31.4
19:39:14.124,345746,-8.033,-3.397,-3.452,-0.100,0.184,0.199,62.400,18.300,-27.600,31.2
19:39:14.186,345800,-8.535,-0.723,-3.462,-0.375,0.261,0.160,62.850,21.600,-29.550,31.2
19:39:14.246,345854,-6.867,-1.480,-3.587,0.056,0.367,0.547,62.850,21.600,-29.550,31.2
19:39:14.306,345908,-6.689,-2.284,-3.093,-0.176,0.469,0.813,62.850,21.600,-29.550,31.4
19:39:14.366,345962,-8.545,0.687,-4.887,-0.838,0.466,0.593,61.800,24.300,-33.600,31.4
19:39:14.426,346016,-9.689,0.819,-5.258,0.029,0.341,0.408,61.800,24.300,-33.600,31.4
19:39:14.486,346070,-7.539,-1.882,-4.310,-0.671,0.355,0.494,59.400,27.600,-33.450,31.3
19:39:14.486,346124,-8.528,1.097,-4.013,-0.299,0.351,0.323,59.400,27.600,-33.450,31.6
19:39:14.544,346178,-7.477,-2.105,-5.078,-0.327,0.183,0.554,59.400,27.600,-33.450,31.2
19:39:14.606,346232,-8.571,1.135,-4.384,0.153,0.563,0.283,59.400,27.600,-33.450,31.4
19:39:14.666,346286,-7.341,0.192,-3.086,-0.790,0.468,0.425,55.050,33.900,-37.200,31.0
19:39:14.724,346340,-8.861,2.538,-5.574,-0.499,0.373,0.272,55.050,33.900,-37.200,31.1
19:39:14.784,346394,-8.444,0.651,-5.349,-0.484,0.371,0.238,54.150,33.750,-39.600,31.3
19:39:14.905,346448,-9.120,1.750,-5.375,-0.106,0.339,0.037,54.150,33.750,-39.600,31.2
19:39:14.906,346502,-8.169,2.421,-6.539,-0.183,0.395,0.050,50.550,36.600,-40.200,31.3
19:39:14.966,346556,-8.617,-0.168,-5.121,-0.008,0.345,0.209,50.550,36.600,-40.200,31.4
19:39:15.026,346610,-7.867,2.614,-4.616,-0.525,0.459,0.217,51.600,36.450,-39.900,31.4
19:39:15.027,346664,-8.092,2.954,-7.281,0.226,0.468,-0.002,49.350,36.900,-43.950,31.5
19:39:15.084,346718,-7.879,1.954,-5.861,0.588,0.257,-0.047,49.350,36.900,-43.950,31.4
19:39:15.144,346772,-8.377,2.986,-5.737,0.234,0.318,-0.325,48.150,36.900,-46.500,31.2
19:39:15.204,346826,-8.224,1.528,-6.088,0.261,-0.055,-0.233,48.150,36.900,-46.500,31.2
19:39:15.264,346880,-8.746,1.518,-5.349,0.644,-0.052,-0.220,47.850,34.200,-46.500,31.5
19:39:15.324,346934,-8.382,2.018,-6.244,-0.480,-0.319,-0.183,47.850,34.200,-46.500,31.4
19:39:15.384,346988,-7.872,0.943,-6.591,0.330,-0.288,-0.156,47.850,34.200,-46.500,31.4
19:39:15.446,347042,-8.356,0.646,-5.397,-0.335,-0.337,-0.101,47.850,34.200,-46.500,31.3
19:39:15.504,347096,-7.963,1.374,-5.128,-0.027,-0.246,-0.073,49.500,33.900,-45.300,31.3
19:39:15.564,347150,-7.796,0.160,-5.420,-0.001,-0.314,0.002,49.500,33.900,-45.300,31.3
19:39:15.565,347204,-8.033,1.140,-4.697,-0.390,-0.369,-0.026,51.750,34.350,-43.050,31.4
19:39:15.626,347258,-7.951,0.316,-6.132,0.005,-0.524,-0.013,51.750,34.350,-43.050,31.3
19:39:15.684,347312,-8.013,0.809,-5.540,0.075,-0.558,-0.068,51.750,34.350,-43.050,31.2
19:39:15.746,347366,-8.260,1.978,-5.480,0.094,-0.462,-0.116,51.600,33.750,-41.850,31.3
19:39:15.806,347420,-8.274,1.223,-5.298,0.085,-0.189,-0.203,51.600,33.750,-41.850,31.4
19:39:15.864,347474,-8.787,0.345,-5.155,0.121,-0.165,-0.213,52.350,33.450,-39.600,31.3
19:39:15.924,347528,-8.739,1.583,-4.345,0.048,-0.056,-0.147,52.350,33.450,-39.600,31.4
19:39:15.984,347582,-8.554,0.436,-4.714,0.237,-0.320,-0.199,52.350,33.450,-39.600,31.2
19:39:16.046,347636,-8.803,0.342,-5.109,0.387,-0.073,-0.307,52.350,33.450,-39.600,31.4
19:39:16.106,347690,-11.490,0.769,-6.000,0.004,-0.075,-0.144,54.750,28.950,-37.950,31.3
19:39:16.108,347744,-14.789,3.747,-8.186,-0.636,0.263,0.273,54.750,28.950,-37.950,31.2
19:39:16.167,347798,-14.550,2.545,-7.295,-0.462,0.095,1.067,53.700,29.550,-40.350,31.3
19:39:16.224,347852,-12.072,2.310,-5.315,-0.255,-0.092,1.090,52.050,35.850,-39.000,31.6
19:39:16.284,347906,-10.072,-0.012,-4.288,-0.305,-0.325,0.678,52.050,35.850,-39.000,31.4
19:39:16.347,347960,-8.904,1.726,-3.821,-0.011,-0.443,0.172,53.100,40.350,-35.550,31.3
19:39:16.464,348014,-8.140,0.927,-3.869,0.417,-0.475,-0.214,53.100,40.350,-35.550,31.4
19:39:16.465,348068,-7.235,0.761,-3.172,0.398,-0.517,-0.671,53.100,40.350,-35.550,31.3
19:39:16.524,348122,-6.764,0.163,-2.377,0.191,-0.470,-0.834,53.100,40.350,-35.550,31.6
19:39:16.584,348176,-7.149,3.287,-2.811,0.606,-0.357,-1.105,55.950,35.700,-31.500,31.3
19:39:16.644,348230,-6.148,-0.208,-1.362,0.017,-0.506,-0.880,55.950,35.700,-31.500,31.3
19:39:16.645,348284,-6.732,-0.891,-2.054,0.002,-0.606,-0.781,58.500,31.200,-28.500,31.0
19:39:16.704,348338,-6.981,-0.764,-1.678,0.554,-0.438,-0.560,58.500,31.200,-28.500,31.3
19:39:16.764,348392,-9.534,0.828,-3.656,-0.417,-0.242,-0.662,58.500,31.200,-28.500,31.4
19:39:16.824,348446,-9.438,-3.412,-2.260,0.123,-0.891,-1.234,60.900,24.450,-24.300,31.2
19:39:16.886,348500,-7.568,1.547,-3.060,2.092,-1.114,-0.988,60.900,24.450,-24.300,31.2
19:39:16.944,348554,-7.946,-2.296,-0.898,0.999,-0.537,-0.321,60.900,18.300,-16.500,31.3
19:39:17.004,348608,-9.258,0.883,-2.490,0.137,0.460,0.304,60.900,18.300,-16.500,31.3
19:39:17.064,348662,-9.479,-2.974,-1.192,-0.545,0.251,0.057,61.950,19.500,-19.800,31.3
19:39:17.124,348716,-10.204,-0.345,-1.865,0.961,-0.245,-0.209,61.950,19.500,-19.800,31.1
19:39:17.184,348770,-9.598,-1.044,-1.721,-0.443,-0.058,-0.088,61.050,18.150,-20.100,31.3
19:39:17.185,348824,-8.918,-3.824,-1.307,0.596,-0.015,-0.103,61.050,18.150,-20.100,31.4
19:39:17.244,348878,-9.467,-2.368,-1.317,-0.143,0.044,0.062,61.050,18.150,-20.100,31.4
19:39:17.304,348932,-9.469,-3.967,-1.475,0.406,-0.054,-0.073,61.050,18.150,-20.100,31.3
19:39:17.364,348986,-9.395,-2.540,-0.393,-0.032,-0.098,-0.037,62.400,19.050,-18.750,31.3
19:39:17.424,349040,-9.227,-2.394,-1.032,0.184,-0.056,0.047,61.350,17.700,-18.900,31.4
19:39:17.484,349094,-9.522,-3.033,0.124,-0.183,0.002,0.028,61.350,17.700,-18.900,31.4
19:39:17.544,349148,-10.104,-2.016,-0.915,-0.234,0.091,0.012,61.350,17.700,-18.900,31.4
19:39:17.604,349202,-9.541,-3.010,-1.355,-0.146,0.131,-0.017,61.350,17.700,-18.900,31.1
19:39:17.664,349256,-9.246,-2.327,-0.656,-0.132,0.223,0.044,62.100,18.900,-19.350,31.4
19:39:17.724,349310,-8.878,-2.993,-1.300,-0.157,0.254,0.017,62.100,18.900,-19.350,31.3
19:39:17.724,349364,-8.610,-1.166,-1.776,0.008,0.590,0.287,62.400,17.850,-22.050,31.3
19:39:17.785,349418,-8.059,-2.875,-2.172,0.009,0.861,0.748,62.400,17.850,-22.050,31.4
19:39:17.844,349472,-7.592,2.385,-4.408,-1.479,1.011,0.939,61.650,21.750,-25.350,31.4
19:39:17.905,349526,-7.400,-0.814,-3.546,0.659,0.961,1.213,61.650,21.750,-25.350,31.4
19:39:17.965,349580,-8.356,0.117,-2.969,-0.791,0.922,1.018,60.450,27.600,-30.750,31.4
19:39:18.025,349634,-7.511,-1.580,-4.906,0.806,0.701,1.144,60.450,27.600,-30.750,31.2
19:39:18.085,349688,-8.119,0.740,-4.535,-0.647,0.620,1.195,57.900,33.750,-33.000,30.9
19:39:18.205,349742,-7.058,-1.128,-4.599,0.280,0.889,1.045,52.800,38.550,-36.900,31.4
19:39:18.206,349796,-7.788,4.695,-3.934,-0.014,0.613,0.246,52.800,38.550,-36.900,31.4
19:39:18.265,349850,-8.696,-2.219,-5.748,-0.541,0.545,0.071,51.150,40.650,-41.100,31.5
19:39:18.265,349904,-8.770,2.377,-5.641,0.532,0.379,0.230,51.150,40.650,-41.100,31.3
19:39:18.324,349958,-8.744,-1.300,-7.118,-1.266,0.408,-0.284,51.150,40.650,-41.100,31.2
19:39:18.445,350012,-9.000,3.115,-5.028,0.824,0.031,-0.242,51.150,40.650,-41.100,31.2
19:39:18.446,350066,-7.477,0.675,-6.852,-0.931,-0.119,0.058,48.750,39.750,-46.800,31.3
19:39:18.504,350120,-9.100,1.808,-7.084,0.346,-0.200,-0.273,48.750,39.750,-46.800,31.2
19:39:18.565,350174,-8.854,-0.120,-5.804,-0.176,-0.248,-0.257,49.350,38.400,-45.150,31.3
19:39:18.624,350228,-8.902,1.820,-5.018,0.264,-0.064,-0.318,49.350,38.400,-45.150,31.4
19:39:18.684,350282,-9.052,0.239,-5.370,-0.450,-0.037,-0.199,50.850,36.900,-44.400,31.4
19:39:18.744,350336,-8.198,1.336,-4.810,0.058,-0.283,-0.453,51.300,35.550,-43.500,31.4
19:39:18.804,350390,-6.819,-5.763,-0.594,0.461,0.039,-0.212,51.300,35.550,-43.500,31.4
19:39:18.805,350444,-8.839,-1.094,-8.030,2.058,0.286,0.341,51.300,35.550,-43.500,31.4
19:39:18.864,350498,-6.986,3.426,-6.395,-2.421,0.164,-0.820,51.300,35.550,-43.500,31.4
19:39:18.924,350552,-8.746,-0.733,-4.209,0.645,0.012,-0.420,51.000,32.850,-46.350,31.5
19:39:18.984,350606,-8.401,-1.214,-5.926,-0.102,-0.170,-0.054,51.000,32.850,-46.350,31.2
19:39:19.044,350660,-8.176,1.425,-5.758,0.771,0.127,-0.196,52.050,30.900,-47.100,31.3
19:39:19.104,350714,-8.492,-0.915,-5.760,-0.211,0.016,-0.203,52.050,30.900,-47.100,31.3
19:39:19.165,350768,-8.720,-0.476,-5.227,-0.200,-0.120,-0.116,52.050,30.150,-47.850,31.4
19:39:19.225,350822,-8.576,-0.400,-6.479,-0.254,-0.001,-0.120,52.050,30.150,-47.850,31.3
19:39:19.285,350876,-8.684,-0.730,-5.930,0.004,0.107,-0.004,51.750,29.700,-47.400,31.3
19:39:19.344,350930,-8.016,0.493,-5.562,-0.258,-0.023,-0.080,51.750,29.700,-47.400,31.4
19:39:19.345,350984,-8.224,-0.792,-5.748,0.096,-0.046,-0.133,51.750,29.700,-47.400,31.3
19:39:19.405,351038,-7.977,0.488,-5.267,-0.059,-0.140,-0.241,51.600,28.350,-46.500,31.3
19:39:19.464,351092,-8.013,-0.306,-5.064,0.102,-0.193,-0.316,51.600,28.350,-46.500,31.1
19:39:19.525,351146,-8.045,-0.690,-5.672,0.038,-0.125,-0.417,51.600,26.400,-46.500,31.3
19:39:19.644,351200,-8.693,-1.963,-6.110,0.017,0.088,-0.277,51.600,26.400,-46.500,31.3
19:39:19.645,351254,-8.983,-0.673,-5.916,0.389,0.063,-0.005,51.600,26.400,-46.500,31.4
19:39:19.705,351308,-8.509,-0.848,-6.163,0.222,0.065,0.174,51.600,26.400,-46.500,31.3
19:39:19.765,351362,-8.310,-1.188,-5.981,0.180,-0.022,0.328,53.250,25.050,-47.100,31.5
19:39:19.825,351416,-7.736,-0.335,-5.370,-0.065,0.107,0.330,53.250,25.050,-47.100,31.5
19:39:19.884,351470,-8.045,-0.378,-5.442,-0.107,0.167,0.233,51.600,26.100,-46.500,31.3
19:39:19.885,351524,-8.277,0.443,-5.167,-0.044,0.201,0.273,52.050,27.000,-47.400,31.3
19:39:19.944,351578,-8.384,-0.261,-5.432,-0.030,0.228,0.253,52.050,27.000,-47.400,31.1
19:39:20.004,351632,-8.203,0.254,-5.780,0.062,0.221,0.225,50.100,27.900,-48.300,31.5
19:39:20.065,351686,-7.740,0.546,-5.521,0.172,0.326,0.325,50.100,27.900,-48.300,31.2
19:39:20.125,351740,-7.381,0.376,-6.005,0.135,0.310,0.215,48.300,28.950,-49.350,31.5
19:39:20.184,351794,-7.776,0.192,-6.416,0.312,0.349,0.083,48.300,28.950,-49.350,31.3
19:39:20.244,351848,-8.076,0.546,-6.167,0.137,0.297,0.019,50.100,29.550,-52.050,31.3
19:39:20.304,351902,-6.555,0.350,-6.249,0.339,0.224,-0.019,50.100,29.550,-52.050,31.3
19:39:20.364,351956,-6.431,-0.577,-6.072,0.190,0.273,-0.141,47.850,28.350,-52.350,31.4
19:39:20.424,352010,-7.175,-0.306,-5.971,-0.025,0.161,-0.256,47.850,28.350,-52.350,31.4
19:39:20.425,352064,-8.535,-0.146,-7.879,0.084,0.288,-0.159,47.850,28.350,-52.350,31.4
19:39:20.485,352118,-10.728,0.460,-9.740,-0.740,0.580,0.303,47.850,28.350,-52.350,31.3
19:39:20.544,352172,-10.075,2.210,-10.374,-0.777,0.488,0.438,46.950,28.500,-55.200,31.2
19:39:20.605,352226,-9.163,1.173,-9.706,-1.077,-0.118,0.479,44.250,34.350,-53.250,31.0
19:39:20.665,352280,-8.626,1.331,-8.322,-0.329,-0.350,0.362,44.250,34.350,-53.250,31.2
19:39:20.725,352334,-8.104,0.879,-6.876,-0.924,-0.610,0.003,44.250,34.350,-53.250,31.3
19:39:20.784,352388,-7.226,1.805,-5.823,-0.410,-0.760,-0.244,44.250,34.350,-53.250,31.3
19:39:20.844,352442,-6.546,-0.402,-5.466,-0.792,-0.783,-0.576,48.150,37.650,-47.250,31.4
19:39:20.905,352496,-6.618,0.455,-4.985,-0.097,-0.814,-0.777,48.150,37.650,-47.250,31.2
19:39:20.965,352550,-6.531,-0.412,-4.527,-0.236,-1.060,-0.726,51.750,36.300,-40.950,31.0
19:39:21.026,352604,-7.199,0.606,-4.525,0.188,-0.850,-0.818,51.750,36.300,-40.950,31.4
19:39:21.026,352658,-7.511,-0.139,-4.470,0.499,-0.953,-0.799,56.400,33.450,-37.350,31.6
19:39:21.085,352712,-6.917,0.852,-2.260,-0.209,-0.923,-0.831,56.400,33.450,-37.350,31.4
19:39:21.144,352766,-7.319,0.486,-3.639,0.232,-0.889,-0.600,57.900,30.300,-31.950,31.6
19:39:21.204,352820,-8.037,0.275,-2.770,0.179,-0.713,-0.549,57.900,30.300,-31.950,31.4
19:39:21.265,352874,-8.095,-0.670,-2.121,0.079,-0.666,-0.494,57.900,30.300,-31.950,31.4
19:39:21.324,352928,-8.708,-1.319,-2.061,0.141,-0.501,-0.513,61.800,24.300,-24.000,31.4
19:39:21.384,352982,-9.376,-2.047,-1.492,0.184,-0.547,-0.547,61.800,24.300,-24.000,31.1
19:39:21.445,353036,-9.299,-3.077,-1.901,-0.188,-0.683,-0.771,61.350,20.100,-21.450,31.2
19:39:21.505,353090,-9.002,-3.922,-3.766,2.114,-0.762,-0.251,61.350,20.100,-21.450,31.6
19:39:21.506,353144,-9.416,-4.367,-1.702,-0.139,-0.206,0.196,61.350,20.100,-21.450,31.4
19:39:21.565,353198,-9.002,1.592,-0.472,-0.420,0.090,0.210,61.350,20.100,-21.450,31.3
19:39:21.624,353252,-8.116,-5.246,-1.650,-0.114,0.192,0.216,60.300,19.650,-17.100,31.2
19:39:21.684,353306,-9.227,-2.006,-1.255,-0.257,0.342,0.146,60.300,19.650,-17.100,31.2
19:39:21.745,353360,-9.187,-0.680,1.041,1.055,0.468,0.065,62.100,21.900,-19.650,31.4
19:39:21.804,353414,-10.343,-0.728,-3.014,0.365,0.019,0.167,62.400,20.250,-19.800,31.4
19:39:21.864,353468,-9.105,-5.452,-2.282,0.020,0.105,-0.001,62.400,20.250,-19.800,31.1
19:39:21.985,353522,-9.570,-1.329,-0.797,-0.518,-0.001,-0.182,62.100,19.200,-20.700,31.1
19:39:21.986,353576,-9.194,-3.124,-0.821,0.917,0.108,0.083,62.100,19.200,-20.700,31.4
19:39:22.045,353630,-9.352,-2.006,-1.616,0.088,0.328,0.059,62.100,19.200,-20.700,31.6
19:39:22.046,353684,-9.103,-0.306,-2.301,0.744,0.418,0.223,62.100,19.200,-20.700,31.4
19:39:22.105,353738,-9.407,-3.407,-2.064,-0.458,0.369,-0.014,62.400,21.000,-25.650,31.4
19:39:22.165,353792,-9.292,0.065,-3.227,0.101,0.340,-0.228,62.400,21.000,-25.650,31.4
19:39:22.224,353846,-8.854,-3.845,-2.847,-0.421,0.218,-0.187,61.050,19.200,-27.000,31.1
19:39:22.285,353900,-10.029,-0.010,-3.847,-0.029,0.350,-0.062,61.050,19.200,-27.000,31.4
19:39:22.345,353954,-8.531,-4.243,-3.010,-0.160,0.405,0.221,61.050,19.200,-27.000,31.3
19:39:22.404,354008,-9.517,-0.393,-3.503,-0.565,0.445,0.136,61.200,19.800,-30.450,31.1
19:39:22.464,354062,-9.041,-2.868,-3.421,0.144,0.202,0.086,61.200,19.800,-30.450,31.1
19:39:22.525,354116,-9.225,-1.975,-3.673,-0.657,0.150,0.091,60.450,22.500,-31.950,31.3
19:39:22.585,354170,-8.868,-1.836,-3.618,-0.066,0.061,0.049,60.450,22.500,-31.950,31.2
19:39:22.586,354224,-9.218,-2.382,-3.589,-0.137,0.112,0.128,61.350,22.350,-31.350,31.4
19:39:22.645,354278,-9.139,-1.736,-4.020,-0.074,0.056,0.046,61.350,22.350,-31.350,31.3
19:39:22.705,354332,-8.799,-2.751,-3.840,-0.249,-0.072,-0.061,61.200,22.500,-31.500,31.6
19:39:22.764,354386,-8.049,-1.326,-4.073,0.144,0.005,0.128,61.200,22.500,-31.500,31.3
19:39:22.824,354440,-8.100,-1.858,-4.542,0.037,0.001,0.390,59.400,22.950,-32.700,31.2
19:39:22.885,354494,-7.338,-2.136,-4.647,0.117,0.192,0.758,59.400,22.950,-32.700,31.4
19:39:22.944,354548,-7.503,0.297,-3.934,-0.890,0.319,0.987,59.400,23.700,-33.000,31.3
19:39:23.005,354602,-7.616,0.828,-3.563,-0.346,0.124,0.762,59.400,23.700,-33.000,31.5
19:39:23.064,354656,-9.136,2.404,-4.132,-0.423,0.083,0.655,58.650,29.850,-33.450,31.4
19:39:23.185,354710,-9.527,0.711,-4.494,0.077,0.140,0.384,58.650,29.850,-33.450,31.3
19:39:23.186,354764,-8.564,-2.734,-3.081,-0.319,0.129,0.493,58.650,29.850,-33.450,31.3
19:39:23.187,354818,-8.765,1.851,-4.180,-0.652,0.230,0.328,55.800,37.500,-33.600,31.5
19:39:23.304,354872,-7.374,-0.294,-3.472,0.070,0.265,0.388,55.800,37.500,-33.600,31.3
19:39:23.305,354926,-8.918,2.195,-3.807,-0.557,0.424,0.277,53.400,38.850,-34.050,31.1
19:39:23.365,354980,-8.844,0.967,-4.676,-0.180,0.446,0.167,53.400,38.850,-34.050,31.3
19:39:23.424,355034,-9.646,2.648,-5.169,-0.400,0.414,-0.069,53.400,38.850,-34.050,31.2
19:39:23.485,355088,-8.215,0.383,-4.460,0.158,0.342,0.118,53.400,38.850,-34.050,31.3
19:39:23.545,355142,-7.975,2.859,-4.367,-0.088,0.298,0.035,52.650,40.650,-37.350,31.4
19:39:23.604,355196,-8.090,0.721,-5.528,0.253,0.164,0.165,52.650,40.650,-37.350,31.3
19:39:23.665,355250,-8.593,3.089,-5.255,-0.204,0.083,-0.125,51.900,42.600,-39.300,31.3
19:39:23.666,355304,-8.361,1.432,-5.061,0.261,0.152,-0.097,50.100,41.100,-39.600,31.3
19:39:23.725,355358,-8.454,1.834,-5.310,0.157,0.086,-0.164,50.100,41.100,-39.600,30.9
19:39:23.785,355412,-8.566,1.369,-5.588,0.413,-0.016,-0.030,53.700,39.150,-42.150,31.0
19:39:23.844,355466,-8.430,1.453,-5.555,0.024,-0.059,0.089,53.700,39.150,-42.150,31.4
19:39:23.905,355520,-8.284,1.918,-6.179,0.090,-0.040,-0.023,50.400,40.650,-42.450,31.3
19:39:23.965,355574,-8.612,1.211,-5.392,-0.180,-0.058,-0.045,50.400,40.650,-42.450,31.3
19:39:24.025,355628,-8.241,3.086,-5.679,0.130,-0.018,-0.263,51.300,39.750,-42.750,31.4
19:39:24.084,355682,-8.504,1.513,-5.162,-0.164,-0.050,-0.343,51.300,39.750,-42.750,31.4
19:39:24.145,355736,-8.432,1.839,-5.064,0.004,0.012,-0.284,52.350,36.150,-41.400,31.3
19:39:24.205,355790,-8.507,0.883,-5.162,0.004,-0.120,-0.211,52.350,36.150,-41.400,31.4
19:39:24.206,355844,-8.669,1.204,-5.428,0.079,-0.056,-0.154,52.350,36.150,-41.400,31.2
19:39:24.265,355898,-8.425,1.125,-5.466,0.015,-0.137,-0.079,52.050,34.800,-42.300,31.2
19:39:24.324,355952,-8.181,1.211,-4.968,0.293,-0.164,-0.084,52.050,34.800,-42.300,31.2
19:39:24.384,356006,-8.104,1.264,-4.927,0.140,-0.164,-0.101,53.400,35.700,-40.350,31.4
19:39:24.445,356060,-7.932,0.788,-5.440,0.371,-0.027,-0.187,53.400,35.700,-40.350,31.4
19:39:24.505,356114,-8.406,0.737,-5.016,0.413,-0.002,-0.152,54.450,34.200,-42.900,31.1
19:39:24.564,356168,-8.085,0.958,-4.808,0.407,0.136,-0.239,54.450,34.200,-42.900,31.3
19:39:24.624,356222,-8.253,0.321,-4.760,0.077,-0.018,-0.242,53.700,32.250,-42.900,31.6
19:39:24.684,356276,-9.364,0.613,-5.507,0.297,-0.017,-0.174,53.700,32.250,-42.900,31.3
19:39:24.745,356330,-12.754,1.630,-8.353,-0.008,-0.048,0.003,53.700,31.500,-43.200,31.2
19:39:24.746,356384,-14.246,2.775,-8.856,-0.333,0.046,0.623,53.700,31.500,-43.200,31.1
19:39:24.805,356438,-13.659,2.631,-8.329,-0.493,0.077,0.804,54.750,32.400,-43.500,31.2
19:39:24.864,356492,-10.798,1.211,-5.375,-0.515,-0.116,0.584,52.650,37.200,-41.850,31.4
19:39:24.924,356546,-9.170,1.269,-4.602,-0.248,-0.231,0.187,52.650,37.200,-41.850,31.3
19:39:24.984,356600,-8.650,0.888,-4.408,-0.029,-0.294,-0.167,52.650,37.200,-41.850,31.3
19:39:25.044,356654,-9.907,-0.611,-4.329,0.265,-0.413,-0.264,52.650,37.200,-41.850,31.3
19:39:25.105,356708,-7.506,0.706,-2.880,0.007,-0.256,-0.422,54.300,38.550,-36.900,31.4
19:39:25.165,356762,-7.913,0.438,-4.482,-0.129,-0.352,-0.659,54.300,38.550,-36.900,31.3
19:39:25.225,356816,-7.642,-1.422,-3.694,0.030,-0.570,-0.670,55.950,36.150,-33.750,31.2
19:39:25.285,356870,-7.836,0.541,-2.935,0.406,-0.741,-0.853,55.950,36.150,-33.750,31.2
19:39:25.285,356924,-7.228,0.594,-2.318,0.335,-0.716,-0.841,55.950,36.150,-33.750,31.3
19:39:25.345,356978,-6.833,-0.024,-2.672,0.221,-0.794,-0.859,55.950,36.150,-33.750,31.3
19:39:25.404,357032,-7.125,-1.595,-3.496,0.493,-0.812,-0.946,59.850,28.200,-29.250,31.2
19:39:25.465,357086,-8.104,1.743,-0.852,0.400,-0.645,-0.833,59.850,28.200,-29.250,31.2
19:39:25.524,357140,-7.944,-1.190,-1.041,1.547,-0.821,-1.003,62.550,23.100,-24.450,31.4
19:39:25.585,357194,-6.776,0.127,-3.029,0.175,0.056,-0.401,62.550,18.150,-19.350,31.4
19:39:25.645,357248,-9.953,2.725,-2.828,0.254,0.523,-0.181,62.550,18.150,-19.350,31.3
19:39:25.705,357302,-9.668,-5.404,-1.475,0.509,0.443,0.464,62.700,18.750,-23.100,31.1
19:39:25.824,357356,-9.634,-3.100,-2.931,0.201,0.087,-0.305,62.700,18.750,-23.100,31.3
19:39:25.824,357410,-9.201,-0.302,-3.847,0.458,0.066,-0.087,62.700,18.750,-23.100,31.2
19:39:25.826,357464,-8.894,-4.401,-2.227,0.132,0.021,-0.098,62.700,18.750,-23.100,31.5
19:39:25.884,357518,-9.847,-1.853,-2.466,-0.187,0.093,-0.056,62.400,15.600,-24.300,31.2
19:39:25.945,357572,-9.165,-3.390,-2.370,-0.003,-0.062,-0.112,62.400,15.600,-24.300,31.3
19:39:26.004,357626,-8.665,-2.296,-2.021,0.270,-0.023,0.111,62.700,16.350,-24.300,31.4
19:39:26.125,357680,-9.000,-3.256,-1.966,0.125,-0.023,0.066,62.700,16.350,-24.300,31.4
19:39:26.126,357734,-8.815,-1.329,-2.073,-0.234,0.136,0.050,62.700,16.350,-24.300,31.4
19:39:26.184,357788,-9.148,-2.191,-2.430,-0.208,0.090,-0.031,62.850,15.750,-25.200,31.2
19:39:26.245,357842,-9.301,-2.188,-2.686,0.049,0.084,-0.066,62.850,15.750,-25.200,31.2
19:39:26.305,357896,-8.945,-2.586,-2.277,-0.253,0.132,0.050,62.850,16.200,-25.500,31.3
19:39:26.365,357950,-9.079,-2.181,-3.165,0.038,0.241,0.228,62.850,16.200,-25.500,31.3
19:39:26.366,358004,-8.289,-2.612,-2.823,-0.378,0.405,0.539,62.550,16.200,-25.950,31.4
19:39:26.425,358058,-8.363,-1.767,-2.710,-0.518,0.444,0.495,62.550,16.200,-25.950,31.5
19:39:26.485,358112,-8.566,0.093,-3.153,-0.163,0.397,0.562,60.900,21.450,-28.950,31.4
19:39:26.544,358166,-8.411,-1.159,-3.230,-0.185,0.446,0.468,60.900,21.450,-28.950,31.3
19:39:26.604,358220,-8.772,-1.516,-2.880,-0.412,0.360,0.232,60.900,21.450,-28.950,31.2
19:39:26.724,358274,-8.437,-0.218,-3.170,0.005,0.460,0.380,60.900,21.450,-28.950,31.2
19:39:26.724,358328,-7.554,-1.714,-3.938,0.026,0.490,0.578,60.900,25.200,-30.450,31.2
19:39:26.785,358382,-7.161,-1.482,-4.535,-0.054,0.538,0.578,58.950,28.800,-34.800,31.5
19:39:26.844,358436,-7.515,-0.596,-3.850,-0.278,0.559,0.645,58.950,28.800,-34.800,31.6
19:39:26.905,358490,-8.274,1.065,-5.128,-0.323,0.542,0.481,58.950,28.800,-34.800,31.3
19:39:26.906,358544,-8.449,-0.778,-5.571,-0.375,0.302,0.404,58.950,28.800,-34.800,31.4
19:39:26.964,358598,-8.930,1.578,-4.994,-0.456,0.232,0.183,53.700,34.200,-38.100,31.3
19:39:27.024,358652,-8.614,1.805,-4.640,-0.037,0.183,0.064,53.700,34.200,-38.100,31.3
19:39:27.085,358706,-9.122,-1.408,-5.389,-0.230,0.052,0.204,56.250,36.600,-40.500,31.1
19:39:27.145,358760,-8.923,0.376,-5.737,-0.272,-0.032,0.200,56.250,36.600,-40.500,31.3
19:39:27.205,358814,-8.981,-0.369,-5.428,-0.192,0.009,0.376,52.050,37.050,-41.250,31.3
19:39:27.265,358868,-8.756,1.204,-5.394,-0.365,-0.062,0.242,52.050,37.050,-41.250,31.2
19:39:27.325,358922,-7.951,0.886,-5.174,-0.084,0.062,0.232,52.350,37.950,-41.850,31.3
19:39:27.384,358976,-8.375,3.297,-5.282,-0.001,0.127,0.081,52.350,37.950,-41.850,31.3
19:39:27.444,359030,-8.667,1.211,-5.801,-0.396,0.057,0.025,52.350,37.950,-41.850,31.4
19:39:27.445,359084,-8.356,2.856,-5.636,-0.131,0.010,-0.144,51.900,39.900,-39.600,31.4
19:39:27.505,359138,-7.439,1.173,-4.877,0.058,0.068,-0.123,51.900,39.900,-39.600,31.4
19:39:27.564,359192,-8.112,2.449,-4.839,-0.067,-0.018,-0.173,51.000,38.550,-41.250,31.2
19:39:27.624,359246,-8.298,1.137,-5.574,0.041,-0.186,-0.261,51.000,38.550,-41.250,31.1
19:39:27.685,359300,-8.430,1.958,-4.513,-0.158,-0.012,-0.414,51.000,38.550,-41.250,31.5
19:39:27.745,359354,-8.827,1.458,-5.131,-0.107,-0.075,-0.481,51.000,38.550,-41.250,31.5
19:39:27.805,359408,-8.921,1.712,-5.215,0.010,-0.136,-0.499,53.100,35.250,-39.900,31.3
19:39:27.865,359462,-9.268,0.812,-4.685,-0.253,-0.234,-0.382,53.100,35.250,-39.900,31.4
19:39:27.924,359516,-8.736,0.560,-4.757,0.244,-0.232,-0.341,54.000,32.400,-40.950,31.4
19:39:27.984,359570,-9.117,0.215,-4.616,0.128,-0.349,-0.193,55.950,31.050,-39.600,31.6
19:39:27.985,359624,-9.002,0.395,-4.901,0.083,-0.160,-0.119,55.950,31.050,-39.600,31.5
19:39:28.044,359678,-9.055,0.239,-4.159,0.054,-0.129,-0.174,56.700,32.250,-38.100,31.0
19:39:28.105,359732,-8.782,0.850,-4.436,0.244,-0.042,-0.204,56.700,32.250,-38.100,31.2
19:39:28.165,359786,-10.427,1.240,-5.057,0.462,-0.189,-0.251,56.700,32.250,-38.100,31.4
19:39:28.224,359840,-15.931,0.381,-7.781,-0.354,-0.156,0.025,56.700,32.250,-38.100,31.2
19:39:28.284,359894,-15.921,2.136,-6.457,-0.046,0.135,0.719,55.650,28.350,-39.900,31.4
19:39:28.345,359948,-13.441,0.326,-5.200,-0.062,0.230,0.865,55.650,28.350,-39.900,31.4
19:39:28.405,360002,-10.551,0.330,-4.427,0.151,0.151,0.633,55.950,34.200,-39.300,31.3
19:39:28.465,360056,-9.316,-0.144,-4.056,0.079,-0.141,0.096,55.950,34.200,-39.300,31.3
19:39:28.525,360110,-7.587,-1.211,-3.096,-0.046,-0.175,-0.318,55.200,34.950,-38.550,31.3
19:39:28.526,360164,-7.080,-0.120,-2.665,0.292,-0.337,-0.917,55.200,34.950,-38.550,31.1
19:39:28.584,360218,-5.813,-0.778,-1.836,0.201,-0.277,-1.092,56.700,35.700,-36.000,31.4
19:39:28.645,360272,-5.832,-0.565,-3.120,0.378,-0.304,-1.234,56.700,35.700,-36.000,31.3
19:39:28.705,360326,-6.448,-2.052,-3.419,-0.172,-0.194,-0.892,56.700,35.700,-36.000,31.5
19:39:28.764,360380,-8.226,-1.877,-3.148,0.333,-0.330,-0.669,62.100,23.550,-32.100,31.4
19:39:28.824,360434,-7.975,-0.022,-4.326,-0.104,-0.348,-0.454,62.100,23.550,-32.100,31.2
19:39:28.884,360488,-8.375,-2.449,-3.977,-0.098,-0.332,-0.665,60.300,21.900,-30.300,31.3
19:39:28.945,360542,-8.612,-1.518,-4.403,-0.281,-0.537,-0.712,60.300,21.900,-30.300,31.3
19:39:29.004,360596,-8.787,-2.100,-3.448,0.560,-0.839,-0.865,60.300,21.900,-30.300,31.3
19:39:29.064,360650,-7.932,-1.829,-1.334,0.933,-1.237,-0.723,60.300,21.900,-30.300,31.2
19:39:29.065,360704,-8.128,0.462,-1.530,-0.824,0.085,0.125,63.900,10.950,-21.300,31.4
19:39:29.124,360758,-9.392,-4.599,-2.346,-0.108,0.093,0.199,63.900,10.950,-21.300,31.3
19:39:29.184,360812,-10.099,-2.325,-2.322,-0.155,-0.005,-0.030,64.650,13.200,-22.800,31.2
19:39:29.245,360866,-8.911,-3.232,-1.911,0.154,-0.090,-0.023,63.600,12.750,-22.950,31.3
19:39:29.305,360920,-9.038,-2.387,-2.071,0.059,0.055,0.022,63.600,12.750,-22.950,31.4
19:39:29.364,360974,-8.717,-3.326,-1.547,0.392,0.016,0.027,62.100,12.750,-21.900,31.4
19:39:29.425,361028,-9.534,-2.617,-2.306,-0.060,0.109,-0.022,62.100,12.750,-21.900,31.4
19:39:29.484,361082,-9.050,-2.619,-2.500,0.090,0.135,0.079,62.850,13.800,-21.450,31.3
19:39:29.604,361136,-8.988,-2.368,-2.310,0.232,0.177,0.237,62.850,13.800,-21.450,31.1
19:39:29.604,361190,-9.218,-3.900,-2.148,0.180,-0.042,0.530,62.550,14.550,-23.400,31.2
19:39:29.606,361244,-9.816,-4.748,-1.065,1.630,-0.552,0.270,62.550,14.550,-23.400,31.5
19:39:29.664,361298,-10.467,-1.674,-3.632,1.373,-0.308,0.150,62.850,16.500,-22.650,31.3
19:39:29.725,361352,-9.041,-2.555,-3.474,0.889,0.004,0.130,62.850,16.500,-22.650,31.3
19:39:29.785,361406,-7.654,0.110,-0.294,-0.597,0.374,0.178,62.850,16.500,-22.650,31.5
19:39:29.845,361460,-6.876,-3.038,-0.725,0.408,0.975,0.915,63.150,17.550,-24.300,31.2
19:39:29.904,361514,-7.769,-1.463,-2.318,-0.356,1.299,0.838,63.150,17.550,-24.300,31.3
19:39:29.965,361568,-8.179,-2.765,-3.606,-0.330,1.016,0.945,61.800,23.850,-31.050,31.2
19:39:30.024,361622,-7.944,-1.202,-3.194,-0.482,0.836,0.856,61.800,23.850,-31.050,31.2
19:39:30.084,361676,-8.064,0.007,-4.029,-0.164,0.566,0.916,58.950,28.800,-34.800,31.4
19:39:30.145,361730,-8.193,-1.482,-3.560,-0.389,0.478,0.838,58.950,28.800,-34.800,31.6
19:39:30.146,361784,-9.414,0.704,-5.272,-0.830,0.462,0.558,57.900,34.500,-38.100,31.4
19:39:30.205,361838,-8.882,1.061,-4.195,-0.159,0.478,0.376,57.900,34.500,-38.100,31.4
19:39:30.265,361892,-8.851,1.144,-4.556,-0.080,0.234,0.285,54.750,36.300,-39.000,31.2
19:39:30.324,361946,-8.169,0.168,-4.398,-0.395,0.426,0.339,54.750,36.300,-39.000,31.3
19:39:30.384,362000,-8.712,-0.019,-4.750,-0.436,0.498,0.264,53.250,39.000,-39.450,31.2
19:39:30.445,362054,-9.438,2.227,-5.681,-0.870,0.201,-0.037,52.350,38.400,-40.650,31.0
19:39:30.504,362108,-8.554,1.142,-5.533,-0.497,-0.001,0.015,52.350,38.400,-40.650,30.8
19:39:30.565,362162,-8.061,1.611,-4.925,-0.247,0.110,-0.046,52.350,38.400,-40.650,31.3
19:39:30.624,362216,-8.365,2.006,-5.480,-0.263,0.073,-0.167,52.350,38.400,-40.650,31.4
19:39:30.685,362270,-8.650,0.833,-5.016,0.006,0.068,-0.084,53.100,39.600,-40.650,31.4
19:39:30.686,362324,-8.543,2.143,-5.274,-0.025,-0.074,-0.189,53.100,39.600,-40.650,31.4
19:39:30.744,362378,-9.328,1.762,-5.337,-0.127,-0.094,-0.266,50.850,37.950,-40.650,31.4
19:39:30.804,362432,-8.516,1.094,-5.121,0.025,-0.059,-0.277,50.850,37.950,-40.650,31.3
19:39:30.865,362486,-8.830,1.528,-4.994,-0.212,0.015,-0.355,50.850,37.950,-40.650,31.3
19:39:30.924,362540,-9.041,1.427,-4.946,0.063,-0.003,-0.364,50.850,37.950,-40.650,31.2
19:39:30.985,362594,-8.985,0.699,-4.460,-0.398,0.079,-0.260,52.650,36.900,-39.600,31.1
19:39:31.045,362648,-8.286,1.008,-4.326,0.035,0.015,-0.222,52.650,36.900,-39.600,31.2
19:39:31.105,362702,-8.380,1.013,-4.817,0.039,-0.036,-0.150,52.800,34.800,-40.950,31.2
19:39:31.164,362756,-8.222,0.797,-4.544,0.127,-0.140,-0.101,53.700,34.500,-39.600,31.4
19:39:31.224,362810,-8.124,0.622,-4.571,0.041,-0.010,-0.107,53.700,34.500,-39.600,31.2
19:39:31.226,362864,-9.005,0.972,-4.575,0.082,-0.015,-0.130,53.400,34.200,-42.450,31.4
19:39:31.285,362918,-8.995,0.752,-5.267,-0.173,-0.072,-0.196,53.400,34.200,-42.450,31.6
19:39:31.344,362972,-8.882,0.036,-5.064,0.095,-0.035,-0.154,53.400,34.200,-42.450,31.4
19:39:31.404,363026,-8.851,0.383,-4.760,0.168,-0.006,-0.086,53.400,34.200,-42.450,31.3
19:39:31.465,363080,-8.200,0.333,-4.760,0.302,0.028,-0.029,54.750,32.850,-40.500,31.2
19:39:31.525,363134,-8.859,0.144,-4.709,0.258,-0.068,0.108,54.750,32.850,-40.500,31.4
19:39:31.585,363188,-10.266,0.967,-5.681,-0.118,-0.083,0.198,54.150,31.500,-42.150,31.4
19:39:31.645,363242,-14.250,2.030,-7.338,-0.120,-0.178,0.409,54.150,31.500,-42.150,31.5
19:39:31.705,363296,-14.609,2.816,-7.755,-0.466,-0.097,0.866,54.150,31.500,-42.150,31.4
19:39:31.765,363350,-12.598,3.148,-6.560,-0.172,-0.041,0.832,53.400,37.200,-40.350,31.4
19:39:31.766,363404,-10.441,0.555,-4.628,-0.410,-0.111,0.552,53.400,37.200,-40.350,31.2
19:39:31.825,363458,-8.406,0.268,-3.524,0.116,-0.411,0.059,53.400,40.650,-36.600,31.3
19:39:31.885,363512,-6.816,0.409,-3.342,0.018,-0.410,-0.195,53.400,40.650,-36.600,31.3
19:39:31.944,363566,-6.613,0.287,-3.484,0.784,-0.298,-0.552,53.400,40.350,-34.500,31.4
19:39:32.005,363620,-8.080,-0.381,-3.153,0.381,-0.399,-0.482,53.400,40.350,-34.500,31.4
19:39:32.065,363674,-8.384,0.328,-4.142,0.106,-0.366,-0.740,54.000,35.550,-32.100,31.4
19:39:32.124,363728,-6.788,-0.737,-3.077,0.667,-0.558,-0.630,54.000,35.550,-32.100,31.3
19:39:32.184,363782,-7.477,1.630,-3.898,0.436,-0.312,-0.636,54.000,35.550,-32.100,31.4
19:39:32.245,363836,-8.787,-0.330,-3.189,-0.310,-0.349,-0.656,54.000,35.550,-32.100,31.4
19:39:32.305,363890,-9.996,-0.730,-3.290,0.383,-0.684,-0.992,58.500,31.200,-29.850,31.5
19:39:32.306,363944,-7.068,-2.160,-3.311,-0.036,-0.920,-1.235,61.200,26.400,-26.100,31.3
19:39:32.364,363998,-6.948,-3.484,-1.520,0.390,-0.899,-1.188,61.200,26.400,-26.100,31.1
19:39:32.425,364052,-6.577,-2.162,-2.222,0.999,-0.500,-0.392,61.200,26.400,-26.100,31.4
19:39:32.484,364106,-7.740,1.240,-1.877,0.207,0.232,-0.084,61.200,26.400,-26.100,31.4
19:39:32.544,364160,-8.677,-3.472,-0.426,-0.235,0.013,-0.027,62.850,19.650,-22.200,31.4
19:39:32.605,364214,-10.482,-2.512,-3.326,0.523,0.150,-0.075,62.850,19.650,-22.200,31.4
19:39:32.665,364268,-9.780,-2.131,-1.188,-0.325,0.058,-0.221,62.550,19.650,-22.950,31.4
19:39:32.724,364322,-8.325,-3.857,-2.102,-0.154,0.066,-0.095,62.550,19.650,-22.950,31.3
19:39:32.784,364376,-9.483,-2.399,-1.525,-0.767,0.147,-0.097,62.550,16.950,-22.950,31.5
19:39:32.845,364430,-9.632,-3.783,-2.124,0.566,-0.011,0.024,62.550,16.950,-22.950,31.4
19:39:32.846,364484,-9.124,-3.218,-1.724,-0.091,0.100,0.042,63.300,15.750,-23.700,31.2
19:39:32.905,364538,-9.124,-2.650,-2.260,0.244,0.076,0.048,63.300,15.750,-23.700,31.4
19:39:32.965,364592,-9.151,-1.494,-1.805,0.230,0.007,-0.024,63.300,15.750,-23.700,31.4
19:39:33.025,364646,-9.249,-2.193,-2.382,0.392,0.079,0.066,63.900,16.800,-24.900,31.4
19:39:33.085,364700,-9.316,-1.894,-2.207,-0.023,0.131,0.030,63.900,16.800,-24.900,31.5
19:39:33.145,364754,-9.019,-2.488,-1.700,0.371,0.026,0.033,63.300,18.150,-24.450,31.3
19:39:33.205,364808,-9.120,-1.839,-1.829,-0.294,0.136,0.069,63.300,18.150,-24.450,31.3
19:39:33.265,364862,-8.926,-2.978,-2.737,0.284,0.151,0.152,63.300,18.150,-24.450,31.2
19:39:33.324,364916,-8.605,-3.050,-1.918,0.243,0.192,0.328,63.300,18.150,-24.450,31.0
19:39:33.385,364970,-7.324,-0.682,-2.986,0.092,0.556,0.929,63.900,18.300,-26.100,31.1
19:39:33.386,365024,-5.950,-2.368,-2.612,-0.846,0.889,1.836,63.900,18.300,-26.100,31.3
19:39:33.445,365078,-7.930,-1.173,-2.686,-1.285,0.687,1.359,60.900,25.200,-30.450,31.3
19:39:33.505,365132,-10.503,4.726,-4.329,0.067,0.590,0.961,60.900,25.200,-30.450,31.4
19:39:33.565,365186,-8.215,0.565,-4.037,-0.357,0.395,0.824,56.700,31.800,-33.000,31.3
19:39:33.625,365240,-9.045,1.511,-3.778,0.152,0.273,0.635,55.650,36.900,-34.800,31.4
19:39:33.684,365294,-7.649,0.962,-4.125,0.236,0.373,0.843,55.650,36.900,-34.800,31.4
19:39:33.744,365348,-7.626,1.647,-3.989,0.214,0.413,0.716,52.650,40.350,-37.350,31.4
19:39:33.805,365402,-7.029,3.915,-5.090,-0.353,0.535,0.399,52.650,40.350,-37.350,31.1
19:39:33.865,365456,-8.835,1.166,-4.618,0.100,0.374,0.376,51.000,43.950,-40.950,31.1
19:39:33.925,365510,-7.872,2.310,-4.827,-0.146,0.438,0.304,51.000,43.950,-40.950,31.4
19:39:33.926,365564,-8.456,3.014,-4.968,-0.179,0.138,-0.196,48.900,45.300,-40.350,31.5
19:39:33.985,365618,-9.361,1.494,-5.502,-0.356,-0.022,-0.170,48.900,45.300,-40.350,31.3
19:39:34.045,365672,-8.145,2.188,-4.822,-0.159,-0.007,-0.114,48.900,45.300,-40.350,31.4
19:39:34.104,365726,-9.366,1.753,-4.812,-0.268,0.076,0.014,48.900,45.300,-40.350,31.3
19:39:34.165,365780,-8.971,2.203,-5.380,-0.374,-0.023,-0.158,50.850,43.800,-40.650,31.5
19:39:34.224,365834,-8.689,2.942,-5.440,-0.019,-0.105,-0.195,50.850,43.050,-42.150,31.3
19:39:34.285,365888,-8.789,1.401,-3.917,-0.141,-0.067,-0.249,50.850,43.050,-42.150,31.3
19:39:34.344,365942,-8.887,2.806,-4.867,0.091,-0.026,-0.503,50.850,43.050,-42.150,31.1
19:39:34.405,365996,-9.024,1.006,-4.654,-0.179,-0.103,-0.472,50.850,43.050,-42.150,31.4
19:39:34.465,366050,-8.650,2.002,-5.037,-0.480,0.003,-0.490,53.100,40.350,-39.600,31.2
19:39:34.466,366104,-8.748,0.493,-4.140,0.022,-0.001,-0.458,53.100,40.350,-39.600,31.4
19:39:34.525,366158,-8.145,1.183,-4.535,-0.279,0.127,-0.355,53.700,38.850,-38.850,31.4
19:39:34.585,366212,-8.772,1.147,-4.841,0.096,0.103,-0.342,53.700,38.850,-38.850,31.5
19:39:34.645,366266,-9.371,1.080,-4.889,-0.188,-0.033,-0.382,55.200,35.700,-39.900,31.3
19:39:34.705,366320,-9.088,1.405,-4.934,0.082,-0.102,-0.480,55.200,35.700,-39.900,31.4
19:39:34.764,366374,-8.859,0.797,-4.293,0.084,-0.042,-0.459,53.400,33.750,-40.350,31.2
19:39:34.824,366428,-9.321,0.524,-4.812,0.159,-0.147,-0.418,53.400,33.750,-40.350,31.4
19:39:34.884,366482,-11.032,0.874,-5.332,0.096,0.111,-0.188,53.400,33.750,-40.350,31.4
19:39:34.944,366536,-14.461,1.611,-8.222,-0.225,0.274,0.168,55.500,30.450,-40.500,31.4
19:39:35.005,366590,-14.981,3.084,-7.906,-0.491,0.202,0.886,55.500,30.450,-40.500,31.3
19:39:35.006,366644,-12.881,1.585,-6.304,-0.561,0.058,0.981,54.900,35.700,-41.100,31.4
19:39:35.065,366698,-10.135,2.205,-4.441,-0.284,0.006,0.623,54.900,35.700,-41.100,31.4
19:39:35.124,366752,-8.593,0.448,-3.974,-0.511,0.098,0.289,54.900,35.700,-41.100,31.4
19:39:35.185,366806,-8.088,1.834,-3.682,-0.250,0.082,-0.161,54.900,35.700,-41.100,31.3
19:39:35.245,366860,-7.161,-0.132,-4.164,-0.292,-0.104,-0.174,54.150,41.100,-37.050,31.1
19:39:35.305,366914,-7.434,1.616,-4.274,0.147,-0.292,-0.427,54.150,41.100,-37.050,31.5
19:39:35.364,366968,-7.321,1.137,-3.754,0.315,-0.552,-0.549,55.500,40.200,-36.450,31.4
19:39:35.425,367022,-6.613,0.864,-3.156,0.172,-0.658,-0.694,56.400,37.200,-32.250,31.3
19:39:35.485,367076,-6.007,0.991,-4.132,0.054,-0.330,-0.834,56.400,37.200,-32.250,31.4
19:39:35.544,367130,-7.614,1.097,-3.974,0.183,-0.364,-0.845,59.400,31.050,-30.750,31.4
19:39:35.545,367184,-8.581,1.697,-3.247,0.218,-0.425,-1.025,59.400,31.050,-30.750,31.4
19:39:35.605,367238,-8.076,1.065,-4.077,1.617,-0.850,-0.895,60.300,28.500,-28.500,31.3
19:39:35.665,367292,-8.339,1.824,-2.863,0.540,-0.543,-0.952,60.300,28.500,-28.500,31.3
19:39:35.725,367346,-8.363,-0.831,-3.917,1.371,-0.954,-1.527,61.650,22.950,-27.600,31.2
19:39:35.784,367400,-8.904,-5.169,1.032,3.399,-0.849,-1.166,61.650,22.950,-27.600,31.5
19:39:35.844,367454,-8.942,1.824,-2.655,-2.331,0.741,0.392,61.950,14.850,-20.550,31.4
19:39:35.905,367508,-9.816,-5.926,-1.956,0.622,0.404,0.185,61.950,14.850,-20.550,31.4
19:39:35.965,367562,-9.816,-3.680,-2.653,-0.184,-0.184,-0.384,61.950,14.850,-20.550,31.3
19:39:36.025,367616,-8.947,-2.172,-2.459,0.655,-0.185,-0.092,64.200,14.850,-20.550,31.2
19:39:36.085,367670,-8.540,-3.215,-1.535,-0.510,0.030,0.067,64.200,15.600,-23.550,31.5
19:39:36.086,367724,-9.562,-3.304,-2.246,0.270,-0.018,-0.058,62.550,16.500,-24.000,31.4
19:39:36.145,367778,-10.108,-2.459,-1.968,0.384,-0.090,-0.096,62.550,16.500,-24.000,31.2
19:39:36.204,367832,-8.495,-3.505,-1.298,0.005,-0.070,0.071,62.550,16.500,-24.000,31.3
19:39:36.265,367886,-9.232,-1.654,-2.389,0.228,0.025,0.065,62.550,16.500,-24.000,31.4
19:39:36.324,367940,-9.534,-3.663,-2.016,-0.010,0.021,-0.026,62.700,15.150,-23.100,31.3
19:39:36.384,367994,-9.682,-2.164,-2.126,0.068,-0.016,-0.051,62.700,15.150,-23.100,31.4
19:39:36.445,368048,-8.447,-2.749,-1.587,0.131,0.019,-0.063,63.150,15.600,-23.550,31.2
19:39:36.505,368102,-9.225,-2.650,-1.319,0.073,0.065,-0.038,63.150,15.600,-23.550,31.4
19:39:36.564,368156,-9.632,-2.784,-2.186,-0.092,0.147,-0.016,63.150,15.600,-23.550,31.2
19:39:36.625,368210,-9.553,-2.629,-1.614,0.163,0.200,0.001,63.150,15.600,-23.550,31.4
19:39:36.626,368264,-9.184,-3.203,-2.531,-0.064,0.164,0.067,61.950,15.900,-23.850,31.0
19:39:36.684,368318,-7.920,-1.590,-1.978,-0.037,0.326,0.329,61.800,17.400,-24.750,31.3
19:39:36.745,368372,-8.308,-1.834,-2.308,0.149,0.521,0.818,61.800,17.400,-24.750,31.3
19:39:36.804,368426,-6.455,-0.242,-3.879,-0.602,1.239,1.428,62.400,19.800,-27.600,31.4
19:39:36.865,368480,-8.648,-0.292,-2.873,-0.312,0.751,1.122,62.400,19.800,-27.600,31.3
19:39:36.925,368534,-8.076,-3.199,-3.565,0.405,0.494,1.018,61.350,28.200,-34.650,31.6
19:39:36.984,368588,-9.093,0.352,-5.069,0.556,0.480,0.829,61.350,28.200,-34.650,31.3
19:39:37.105,368642,-7.779,-2.480,-3.292,-0.080,0.373,0.972,56.700,31.050,-36.600,31.3
19:39:37.106,368696,-7.764,0.994,-5.011,0.066,0.439,0.862,56.700,31.050,-36.600,31.4
19:39:37.165,368750,-8.789,1.223,-3.754,-0.007,0.418,0.729,55.200,36.450,-39.300,31.2
19:39:37.166,368804,-8.428,1.389,-5.456,0.225,0.363,0.760,55.200,36.450,-39.300,31.2
19:39:37.224,368858,-9.139,-0.845,-5.643,-0.330,0.225,0.589,52.500,39.000,-41.550,31.4
19:39:37.285,368912,-9.184,3.148,-5.157,-0.269,0.156,0.203,52.500,39.000,-41.550,31.4
19:39:37.345,368966,-7.793,1.247,-5.045,-0.088,0.239,0.239,52.500,39.000,-41.550,31.3
19:39:37.403,369020,-9.079,1.870,-5.320,-0.227,0.192,0.000,50.400,41.100,-43.650,31.4
19:39:37.465,369074,-8.315,2.523,-5.449,-0.211,0.200,-0.030,50.400,41.100,-43.650,31.4
19:39:37.525,369128,-8.811,1.405,-5.435,-0.360,0.102,-0.046,49.800,42.900,-42.750,31.4
19:39:37.585,369182,-8.325,2.490,-5.557,-0.226,-0.139,-0.137,49.800,42.900,-42.750,31.4
19:39:37.645,369236,-8.107,1.082,-5.035,0.120,-0.217,0.001,49.800,42.900,-42.750,31.3
19:39:37.704,369290,-8.600,2.701,-5.145,-0.123,-0.303,-0.160,49.800,42.900,-42.750,31.3
19:39:37.705,369344,-8.124,1.946,-5.200,0.134,-0.223,-0.138,52.050,42.450,-42.300,31.2
19:39:37.765,369398,-8.112,1.817,-4.685,0.188,0.003,-0.109,52.050,42.450,-42.300,31.4
19:39:37.824,369452,-8.523,1.791,-4.798,-0.042,-0.116,-0.095,50.100,41.850,-42.150,31.3
19:39:37.885,369506,-8.863,2.672,-5.215,0.003,-0.123,-0.219,52.500,41.250,-42.300,31.2
19:39:37.944,369560,-8.878,2.409,-4.599,0.178,-0.206,-0.232,52.500,41.250,-42.300,31.3
19:39:38.004,369614,-8.466,1.872,-4.611,-0.135,-0.167,-0.276,51.750,38.250,-38.700,31.4
19:39:38.065,369668,-8.365,1.355,-4.379,0.011,-0.013,-0.310,51.750,38.250,-38.700,31.4
19:39:38.124,369722,-8.260,0.771,-4.494,-0.010,-0.007,-0.291,51.750,38.250,-38.700,31.2
19:39:38.244,369776,-8.473,1.142,-3.991,0.185,0.017,-0.220,51.750,38.250,-38.700,31.4
19:39:38.245,369830,-8.222,0.919,-4.152,0.088,-0.161,-0.246,53.550,36.600,-39.750,31.5
19:39:38.246,369884,-8.528,1.087,-4.034,0.171,-0.149,-0.282,53.550,36.600,-39.750,31.5
19:39:38.305,369938,-9.550,1.547,-4.752,-0.068,-0.133,-0.258,54.900,36.450,-41.100,31.4
19:39:38.365,369992,-13.566,3.352,-7.882,-0.585,0.190,-0.402,54.900,36.450,-41.100,31.4
19:39:38.424,370046,-15.874,4.731,-8.574,-0.011,0.280,0.439,54.900,36.450,-41.100,31.2
19:39:38.484,370100,-13.357,2.282,-6.043,-0.307,0.028,0.533,52.500,37.800,-40.950,31.3
19:39:38.545,370154,-10.511,1.326,-4.542,-0.262,0.072,0.357,52.500,37.800,-40.950,31.1
19:39:38.605,370208,-9.603,1.097,-4.049,-0.325,0.095,0.019,52.650,40.650,-40.350,31.3
19:39:38.665,370262,-8.878,1.221,-4.008,-0.033,-0.095,-0.245,52.650,40.650,-40.350,31.3
19:39:38.724,370316,-7.985,0.302,-3.776,-0.045,-0.254,-0.458,53.400,39.600,-38.550,31.5
19:39:38.785,370370,-6.689,-0.575,-3.508,0.091,-0.399,-0.631,53.400,39.600,-38.550,31.7
19:39:38.786,370424,-6.699,0.582,-3.256,0.172,-0.437,-0.999,55.650,36.450,-35.550,31.4
19:39:38.844,370478,-7.099,0.290,-3.431,-0.286,-0.393,-0.999,55.650,36.450,-35.550,31.3
19:39:38.905,370532,-7.187,-0.637,-3.168,0.341,-0.357,-1.040,58.500,31.950,-33.600,31.5
19:39:38.965,370586,-8.428,-0.132,-3.230,-0.220,-0.492,-0.940,58.500,31.950,-33.600,31.4
19:39:39.024,370640,-8.916,-1.099,-2.430,0.698,-0.764,-0.978,61.800,25.800,-32.850,31.1
19:39:39.085,370694,-6.687,-1.776,-2.449,0.409,-0.859,-0.794,61.800,25.800,-32.850,31.4
19:39:39.144,370748,-7.726,2.650,-3.053,1.457,-0.779,-0.814,62.550,21.600,-26.550,31.4
19:39:39.264,370802,-7.204,-5.085,-0.886,0.430,-0.609,-0.667,62.550,21.600,-26.550,31.3
19:39:39.265,370856,-7.994,1.609,-1.894,-1.379,0.173,-0.468,62.550,21.600,-26.550,31.3
19:39:39.324,370910,-10.185,-3.297,-2.638,-0.064,0.387,0.219,64.350,16.950,-23.400,31.4
19:39:39.325,370964,-9.155,-2.507,-1.784,-0.709,0.201,-0.038,64.350,16.950,-23.400,31.4
19:39:39.385,371018,-9.060,-2.555,-3.182,0.490,-0.031,-0.115,64.050,16.500,-23.400,31.2
19:39:39.444,371072,-8.605,-3.302,-2.028,-0.628,0.112,0.005,64.050,16.500,-23.400,31.6
19:39:39.504,371126,-9.177,-3.558,-2.567,0.013,0.209,0.131,64.050,16.500,-23.400,31.3
19:39:39.565,371180,-9.730,-2.526,-2.456,-0.140,0.085,-0.006,64.050,16.500,-23.400,31.2
19:39:39.625,371234,-9.316,-1.901,-2.772,0.381,-0.047,0.034,63.600,15.000,-25.950,31.4
19:39:39.685,371288,-8.887,-3.122,-2.543,0.263,-0.047,0.050,63.600,15.000,-25.950,31.3
19:39:39.745,371342,-9.493,-2.018,-2.825,0.270,-0.038,0.033,61.800,15.450,-23.700,31.1
19:39:39.804,371396,-9.254,-2.344,-2.370,0.321,-0.050,0.031,63.450,15.150,-25.350,31.2
19:39:39.864,371450,-9.215,-2.239,-2.138,0.135,-0.064,0.006,63.450,15.150,-25.350,31.3
19:39:39.865,371504,-9.290,-3.132,-2.207,0.039,-0.062,-0.028,61.800,16.500,-23.700,31.4
19:39:39.924,371558,-9.191,-2.337,-1.851,0.064,0.036,0.023,61.800,16.500,-23.700,31.4
19:39:39.985,371612,-8.648,-3.297,-1.870,0.100,0.141,0.196,61.800,16.500,-23.700,31.1
19:39:40.045,371666,-7.582,-1.650,-2.435,0.236,0.399,0.616,61.800,16.500,-23.700,31.2
19:39:40.104,371720,-7.017,-2.318,-2.332,-0.386,0.744,1.086,63.600,19.200,-26.550,31.4
19:39:40.165,371774,-8.109,1.590,-2.248,-0.202,0.773,1.118,63.600,19.200,-26.550,31.4
19:39:40.225,371828,-9.129,0.304,-3.247,0.171,0.656,0.825,61.350,23.850,-30.600,31.4
19:39:40.284,371882,-6.687,-3.026,-3.338,-0.197,0.466,0.689,61.350,23.850,-30.600,31.4
19:39:40.344,371936,-7.700,5.133,-4.183,-0.285,0.840,0.527,61.350,23.850,-30.600,31.2
19:39:40.405,371990,-8.088,-2.828,-3.934,0.003,0.560,0.765,57.000,33.600,-36.900,31.6
19:39:40.406,372044,-10.218,2.607,-6.086,-0.153,0.316,0.438,57.000,33.600,-36.900,31.4
19:39:40.465,372098,-8.641,0.335,-5.248,0.183,-0.047,0.364,53.700,36.900,-38.850,31.1
19:39:40.524,372152,-8.966,1.614,-5.085,-0.100,0.065,0.374,53.700,36.900,-38.850,31.5
19:39:40.584,372206,-8.346,0.682,-4.357,0.128,0.350,0.385,53.700,36.900,-38.850,31.6
19:39:40.644,372260,-8.923,1.348,-4.633,-0.363,0.420,0.281,53.700,36.900,-38.850,31.3
19:39:40.705,372314,-8.803,2.361,-5.083,-0.035,0.386,0.257,52.050,40.500,-41.250,31.4
19:39:40.764,372368,-9.060,2.478,-5.052,-0.240,0.237,0.221,52.050,40.500,-41.250,31.6
19:39:40.825,372422,-8.370,2.203,-4.597,-0.269,0.207,0.260,50.400,41.550,-43.200,31.4
19:39:40.884,372476,-8.768,2.351,-5.545,0.252,0.053,0.167,50.400,41.550,-43.200,31.5
19:39:40.944,372530,-8.483,1.774,-5.375,-0.123,-0.061,0.112,50.250,41.700,-43.050,31.1
19:39:40.945,372584,-8.588,3.780,-5.997,0.003,-0.097,-0.057,50.100,42.600,-42.900,31.2
19:39:41.005,372638,-8.145,2.040,-5.641,0.005,-0.198,-0.144,50.100,42.600,-42.900,31.3
19:39:41.065,372692,-8.629,2.152,-4.975,0.050,-0.211,-0.097,50.100,42.600,-42.900,31.4
19:39:41.124,372746,-8.289,1.671,-5.049,-0.059,-0.260,-0.100,50.100,42.600,-42.900,31.4
19:39:41.184,372800,-8.188,2.234,-4.652,0.046,-0.297,-0.158,51.600,40.350,-40.350,31.4
19:39:41.244,372854,-7.829,2.322,-4.817,0.220,-0.165,-0.327,51.600,40.350,-40.350,31.2
19:39:41.304,372908,-8.557,1.152,-4.779,-0.147,-0.085,-0.472,53.250,39.300,-39.750,31.3
19:39:41.364,372962,-8.380,1.286,-4.724,0.032,-0.042,-0.541,53.250,39.300,-39.750,31.4
19:39:41.425,373016,-8.775,0.967,-4.436,-0.036,-0.082,-0.456,53.250,39.300,-39.750,31.3
19:39:41.484,373070,-9.084,1.061,-4.717,-0.095,-0.264,-0.353,53.250,39.300,-39.750,31.3
19:39:41.484,373124,-8.684,1.037,-4.628,0.131,-0.158,-0.378,55.800,35.100,-40.500,31.4
19:39:41.545,373178,-8.942,0.962,-4.432,-0.182,-0.096,-0.330,55.800,35.100,-40.500,31.2
19:39:41.605,373232,-8.770,0.907,-4.271,-0.044,-0.173,-0.366,54.750,34.800,-40.500,31.4
19:39:41.664,373286,-8.964,0.366,-4.250,-0.231,-0.363,-0.366,54.750,34.800,-40.500,31.3
19:39:41.725,373340,-8.839,0.249,-4.413,0.049,-0.208,-0.419,54.750,34.800,-40.500,31.4
19:39:41.784,373394,-8.906,-0.189,-4.602,0.065,0.051,-0.487,58.050,31.950,-37.950,31.5
19:39:41.845,373448,-12.096,0.141,-6.493,0.020,0.450,-0.396,58.050,31.950,-37.950,31.4
19:39:41.905,373502,-14.866,-0.077,-6.859,-0.265,0.646,0.537,57.450,27.900,-39.600,31.1
19:39:41.963,373556,-13.242,1.949,-6.522,0.006,0.412,0.970,57.450,27.900,-39.600,31.3
19:39:42.025,373610,-12.002,0.814,-5.483,-0.854,0.011,1.051,55.200,33.000,-41.400,31.7
19:39:42.025,373664,-10.116,0.826,-5.066,-0.088,-0.162,0.727,55.200,33.000,-41.400,31.5
19:39:42.085,373718,-9.764,0.599,-4.628,-0.244,-0.145,0.382,53.250,37.500,-39.750,31.6
19:39:42.145,373772,-9.304,1.188,-3.625,0.183,-0.178,0.011,53.250,37.500,-39.750,31.2
19:39:42.204,373826,-7.757,0.297,-3.323,0.221,-0.238,-0.233,53.250,37.500,-39.750,31.5
19:39:42.265,373880,-7.061,0.622,-3.464,-0.087,-0.366,-0.494,55.500,39.000,-35.400,31.4
19:39:42.324,373934,-8.073,1.743,-3.560,0.501,-0.569,-0.917,55.500,39.000,-35.400,31.5
19:39:42.385,373988,-6.776,-0.962,-2.303,0.439,-0.373,-0.976,58.500,34.350,-34.350,31.2
19:39:42.445,374042,-7.709,2.902,-2.186,-0.189,-0.432,-1.409,58.500,34.350,-34.350,31.2
19:39:42.504,374096,-7.484,-1.221,-3.282,-0.527,-0.621,-1.272,58.500,34.350,-34.350,31.2
19:39:42.564,374150,-7.441,-1.432,-2.806,0.108,-1.001,-1.195,58.500,34.350,-34.350,31.4
19:39:42.565,374204,-7.372,-1.396,-4.017,1.097,-1.152,-1.077,62.700,22.950,-26.100,31.4
19:39:42.625,374258,-6.835,-3.675,0.491,0.884,-1.043,-1.097,62.700,22.950,-26.100,31.5
19:39:42.685,374312,-7.053,-4.602,-7.298,1.789,0.052,-0.216,61.650,14.400,-19.800,31.4
19:39:42.745,374366,-7.252,-1.202,3.534,-1.268,0.336,0.090,61.650,14.400,-19.800,31.5
19:39:42.804,374420,-9.907,-3.345,-2.571,0.091,0.088,-0.054,62.700,14.100,-20.250,31.6
19:39:42.864,374474,-9.165,-2.765,-3.943,0.573,0.118,0.079,64.050,15.000,-21.150,30.9
19:39:42.924,374528,-8.851,-2.768,-1.398,0.021,0.103,0.244,64.050,15.000,-21.150,31.1
19:39:42.984,374582,-9.215,-3.275,-1.657,-0.146,-0.002,0.022,62.100,15.450,-21.450,31.4
19:39:43.044,374636,-9.462,-2.523,-1.276,0.004,-0.061,-0.064,62.100,15.450,-21.450,31.2
19:39:43.104,374690,-8.885,-4.195,-1.516,0.606,-0.065,0.039,64.800,14.550,-19.350,31.4
19:39:43.104,374744,-9.589,-1.925,-1.695,-0.344,0.084,0.109,64.800,14.550,-19.350,31.2
19:39:43.164,374798,-9.414,-2.059,-0.735,-0.232,0.275,0.275,62.850,15.000,-21.150,31.4
19:39:43.224,374852,-9.668,-3.010,-1.683,-0.084,0.080,0.361,62.850,15.000,-21.150,31.4
19:39:43.285,374906,-9.093,-1.623,-2.116,0.444,0.131,0.726,62.850,15.000,-21.150,31.4
19:39:43.344,374960,-9.131,-3.153,-1.267,1.024,-0.023,0.470,62.850,15.000,-21.150,31.3
19:39:43.405,375014,-9.364,-0.239,-1.425,-0.162,0.212,0.319,62.700,18.750,-23.550,31.3
19:39:43.465,375068,-8.576,-3.084,-1.341,-0.723,0.290,-0.089,63.300,20.400,-22.200,31.4
19:39:43.525,375122,-9.962,-0.922,-3.330,-0.487,0.197,-0.101,63.300,20.400,-22.200,31.3
19:39:43.585,375176,-8.631,-4.245,-2.825,-0.371,0.345,0.072,63.300,20.400,-22.200,31.4
19:39:43.704,375230,-9.512,-1.290,-2.456,-0.739,0.393,-0.141,63.300,20.400,-22.200,31.4
19:39:43.705,375284,-9.586,-1.111,-4.053,0.114,0.246,-0.039,61.350,23.100,-26.250,31.4
19:39:43.706,375338,-8.641,-0.733,-3.555,0.095,0.080,0.079,61.350,23.100,-26.250,31.2
19:39:43.765,375392,-8.107,-1.168,-3.124,-0.158,0.080,0.327,61.350,19.650,-27.750,31.5
19:39:43.885,375446,-8.155,0.654,-2.296,0.361,0.028,0.754,61.350,19.650,-27.750,31.2
19:39:43.886,375500,-7.604,-2.591,-3.543,-0.066,0.156,0.658,61.050,24.750,-27.300,31.4
19:39:43.944,375554,-7.918,-0.754,-2.701,-0.071,0.143,0.652,61.050,24.750,-27.300,31.6
19:39:44.004,375608,-6.337,0.474,-5.684,-0.546,0.709,0.872,59.250,26.550,-28.500,31.3
19:39:44.065,375662,-8.339,1.008,-1.614,-1.586,1.149,0.483,59.250,26.550,-28.500,31.4
19:39:44.124,375716,-7.568,-1.659,-4.515,-0.570,0.817,0.790,59.250,26.550,-28.500,31.4
19:39:44.185,375770,-9.586,1.867,-4.966,-0.147,0.548,0.760,54.900,36.150,-37.800,31.4
19:39:44.186,375824,-9.433,0.352,-5.806,-0.527,0.081,0.666,54.900,36.150,-37.800,31.4
19:39:44.245,375878,-7.882,2.370,-5.947,-0.185,0.086,0.581,52.500,39.750,-36.900,31.2
19:39:44.305,375932,-7.776,1.872,-4.602,-0.125,0.254,0.395,52.500,39.750,-36.900,31.4
19:39:44.364,375986,-8.437,3.814,-3.984,-0.552,0.625,0.168,52.500,39.750,-36.900,31.3
19:39:44.424,376040,-9.280,0.488,-4.075,-0.448,0.417,0.164,52.500,39.750,-36.900,31.4
19:39:44.484,376094,-8.636,2.267,-5.452,-0.058,0.286,-0.030,51.150,42.600,-39.300,31.4
19:39:44.546,376148,-7.980,0.792,-5.272,0.384,0.281,0.176,51.150,42.600,-39.300,31.6
19:39:44.605,376202,-8.112,2.605,-5.878,0.088,0.477,0.229,48.600,41.100,-41.850,31.4
19:39:44.665,376256,-9.093,2.073,-6.014,-0.103,0.322,0.105,48.600,41.100,-41.850,31.2
19:39:44.725,376310,-8.547,3.218,-6.732,0.181,0.013,-0.254,48.300,41.700,-44.100,31.3
19:39:44.726,376364,-7.755,1.729,-5.612,-0.175,-0.079,-0.290,47.100,41.100,-45.450,31.2
19:39:44.784,376418,-7.975,1.690,-4.544,0.213,-0.213,-0.282,47.100,41.100,-45.450,31.2
19:39:44.844,376472,-8.301,2.416,-4.635,-0.610,-0.251,-0.394,48.300,39.300,-44.100,31.4
19:39:44.905,376526,-8.262,1.535,-5.025,0.130,-0.199,-0.455,48.300,39.300,-44.100,31.4
19:39:44.965,376580,-8.569,1.961,-4.743,-0.043,0.088,-0.389,50.400,37.200,-43.200,31.4
19:39:45.025,376634,-8.246,1.434,-4.932,-0.101,0.024,-0.403,50.400,37.200,-43.200,31.4
19:39:45.085,376688,-8.559,1.654,-5.555,0.033,0.051,-0.405,50.550,36.600,-43.050,31.4
19:39:45.144,376742,-8.880,0.982,-5.279,-0.228,-0.053,-0.276,50.550,36.600,-43.050,31.4
19:39:45.205,376796,-8.396,1.513,-5.148,0.126,-0.106,-0.210,50.550,36.600,-43.050,31.5
19:39:45.265,376850,-8.215,1.556,-4.961,0.080,-0.054,-0.130,50.550,36.600,-43.050,31.2
19:39:45.266,376904,-7.707,1.334,-4.906,0.060,0.064,-0.097,51.750,33.600,-41.550,31.2
19:39:45.324,376958,-8.224,1.171,-4.630,0.328,0.045,-0.200,51.150,33.000,-42.900,31.4
19:39:45.384,377012,-8.447,1.654,-5.236,0.373,-0.108,-0.148,51.150,33.000,-42.900,31.4
19:39:45.445,377066,-8.835,1.820,-5.373,-0.154,-0.181,0.082,51.150,33.000,-42.900,31.5
19:39:45.505,377120,-9.199,1.896,-5.758,-0.092,-0.161,0.119,51.150,33.000,-42.900,31.4
19:39:45.564,377174,-11.384,2.887,-6.874,-0.289,-0.124,0.137,51.600,32.250,-43.650,31.3
19:39:45.625,377228,-13.216,3.199,-7.377,-0.038,-0.052,0.613,51.600,32.250,-43.650,31.3
19:39:45.684,377282,-12.407,2.854,-6.850,-0.253,-0.049,0.848,50.550,35.550,-41.250,31.4
19:39:45.745,377336,-11.143,3.285,-5.693,-0.193,-0.035,0.618,50.550,35.550,-41.250,31.4
19:39:45.805,377390,-9.124,0.103,-4.446,-0.644,-0.242,0.319,49.050,39.000,-38.700,31.2
19:39:45.806,377444,-8.317,0.637,-4.195,0.261,-0.159,-0.160,49.050,39.000,-38.700,31.3
19:39:45.864,377498,-8.801,1.362,-3.668,0.129,-0.173,-0.463,50.550,39.750,-39.000,31.6
19:39:45.925,377552,-7.700,-0.962,-4.398,0.125,-0.091,-0.418,52.350,38.400,-36.300,31.4
19:39:45.985,377606,-9.170,2.921,-4.523,0.454,-0.290,-0.755,52.350,38.400,-36.300,31.3
19:39:46.045,377660,-7.676,-0.141,-3.936,0.400,-0.510,-0.850,55.200,35.700,-34.800,31.4
19:39:46.105,377714,-6.931,-0.649,-3.960,0.343,-0.577,-0.949,55.200,35.700,-34.800,31.3
19:39:46.165,377768,-6.282,-0.594,-3.335,-0.056,-0.516,-0.807,57.750,32.850,-32.850,31.6
19:39:46.225,377822,-7.695,0.895,-3.156,0.407,-0.513,-0.624,57.750,32.850,-32.850,31.2
19:39:46.285,377876,-8.631,-0.663,-3.804,0.051,-0.661,-0.797,57.750,32.850,-32.850,31.4
19:39:46.344,377930,-8.294,0.041,-3.637,0.733,-0.837,-1.173,57.750,32.850,-32.850,31.2
19:39:46.345,377984,-5.538,-1.001,-2.638,1.291,-1.388,-1.658,61.350,23.850,-25.500,31.4
19:39:46.404,378038,-6.773,1.700,0.280,2.142,-0.698,-0.950,61.350,23.850,-25.500,31.6
19:39:46.465,378092,-8.234,-1.379,-3.175,-2.674,0.780,0.355,61.650,13.650,-19.500,31.4
19:39:46.585,378146,-9.292,-10.001,-2.263,0.839,0.316,0.101,61.650,13.650,-19.500,31.3
19:39:46.586,378200,-9.907,0.002,-3.244,-0.690,0.045,-0.121,61.650,13.650,-19.500,31.4
19:39:46.644,378254,-9.809,-2.986,-2.919,0.764,0.074,0.065,61.950,15.150,-22.350,31.3
19:39:46.705,378308,-9.275,-1.671,-1.022,-0.184,0.034,-0.177,61.950,15.150,-22.350,31.3
19:39:46.765,378362,-7.769,-3.797,-1.259,0.343,-0.057,-0.006,61.950,14.400,-23.850,31.4
19:39:46.824,378416,-10.084,-3.141,-2.193,0.019,0.051,0.112,61.950,14.400,-23.850,31.4
19:39:46.884,378470,-9.163,-2.978,-2.679,0.099,0.094,-0.007,62.700,14.400,-23.850,31.4
19:39:46.884,378524,-8.633,-3.503,-2.227,0.277,-0.115,-0.085,62.700,14.400,-23.850,31.4
19:39:46.945,378578,-9.007,-2.071,-2.507,0.171,0.013,0.054,62.100,15.000,-24.000,31.4
19:39:47.005,378632,-9.486,-3.361,-1.556,-0.205,0.064,0.001,62.100,15.000,-24.000,31.2
19:39:47.065,378686,-9.091,-2.600,-2.114,-0.060,0.044,0.088,62.100,15.000,-24.000,31.5
19:39:47.124,378740,-8.490,-3.270,-2.677,-0.091,0.305,0.428,62.100,15.000,-24.000,31.1
19:39:47.185,378794,-7.508,-2.061,-3.273,0.003,0.586,1.165,61.050,16.200,-24.000,31.1
19:39:47.245,378848,-5.282,-1.707,-1.676,-0.646,0.840,1.886,62.400,22.950,-28.200,31.4
19:39:47.305,378902,-7.034,1.353,-3.524,-1.152,0.750,1.715,62.400,22.950,-28.200,31.6
19:39:47.365,378956,-8.933,-0.103,-2.851,-0.481,0.384,1.200,62.400,22.950,-28.200,31.4
19:39:47.425,379010,-7.946,-0.306,-3.711,-0.296,0.483,1.162,62.400,22.950,-28.200,31.3
19:39:47.426,379064,-9.074,2.224,-4.278,-0.005,0.430,1.075,55.500,36.600,-32.400,31.4
19:39:47.484,379118,-8.854,0.373,-3.718,-0.555,0.280,0.698,55.500,36.600,-32.400,31.6
19:39:47.544,379172,-8.806,2.466,-3.651,0.077,0.312,0.857,52.050,42.150,-32.850,31.4
19:39:47.605,379226,-8.535,1.413,-4.527,-0.304,0.399,0.433,52.050,42.150,-32.850,31.2
19:39:47.665,379280,-8.966,4.051,-4.422,0.066,0.430,0.067,51.300,47.550,-37.650,31.2
19:39:47.723,379334,-8.911,2.444,-4.628,-0.037,0.391,0.339,51.300,47.550,-37.650,31.3
19:39:47.785,379388,-8.875,3.630,-4.726,-0.251,0.140,0.070,49.650,48.450,-39.300,31.6
19:39:47.905,379442,-8.894,2.301,-5.389,0.241,-0.163,-0.007,46.350,46.500,-39.600,31.4
19:39:47.905,379496,-8.576,4.264,-4.410,-0.162,-0.097,-0.236,46.350,46.500,-39.600,31.5
19:39:47.964,379550,-7.910,1.932,-4.439,-0.129,-0.164,-0.169,49.050,46.350,-39.000,31.5
19:39:48.025,379604,-8.684,3.256,-4.990,-0.313,-0.206,-0.253,49.050,46.350,-39.000,31.4
19:39:48.026,379658,-9.682,2.164,-4.410,0.254,-0.318,-0.261,51.000,45.150,-37.650,31.4
19:39:48.085,379712,-9.335,2.205,-4.197,-0.360,-0.174,-0.188,51.000,45.150,-37.650,31.3
19:39:48.144,379766,-8.724,1.705,-4.197,-0.003,-0.200,-0.188,51.000,45.150,-37.650,31.2
19:39:48.204,379820,-8.684,2.799,-4.061,0.009,-0.114,-0.238,51.000,45.150,-37.650,31.4
19:39:48.264,379874,-8.830,2.715,-4.005,-0.139,-0.088,-0.363,52.350,42.600,-36.600,31.2
19:39:48.325,379928,-8.928,2.040,-4.556,-0.313,0.078,-0.437,52.350,42.600,-36.600,31.5
19:39:48.384,379982,-9.275,2.602,-3.182,-0.278,0.122,-0.498,51.750,41.250,-35.400,31.3
19:39:48.445,380036,-9.208,2.380,-4.085,0.028,0.104,-0.561,51.750,41.250,-35.400,31.4
19:39:48.504,380090,-8.921,1.609,-4.204,0.175,-0.015,-0.458,51.750,41.250,-35.400,31.5
19:39:48.505,380144,-8.969,1.132,-4.377,-0.017,-0.105,-0.350,56.250,36.300,-35.400,31.2
19:39:48.564,380198,-9.103,1.513,-3.905,0.088,-0.085,-0.394,56.250,36.300,-35.400,31.1
19:39:48.624,380252,-9.170,0.893,-3.649,-0.051,0.026,-0.385,55.950,34.500,-36.600,31.1
19:39:48.684,380306,-9.170,0.649,-3.771,-0.264,-0.023,-0.349,55.950,34.500,-36.600,31.4
19:39:48.744,380360,-9.031,0.632,-3.577,0.026,0.042,-0.297,56.250,33.150,-35.700,31.3
19:39:48.805,380414,-9.182,0.297,-3.883,-0.107,0.050,-0.224,56.250,33.150,-35.700,31.5
19:39:48.864,380468,-9.139,0.321,-3.859,0.113,-0.004,-0.119,55.800,30.900,-36.450,31.6
19:39:48.924,380522,-9.184,0.414,-3.874,0.087,-0.075,-0.090,55.800,30.900,-36.450,31.4
19:39:48.984,380576,-9.383,0.579,-4.391,0.250,-0.192,-0.106,56.400,31.050,-37.350,31.5
19:39:49.045,380630,-11.734,0.589,-5.346,0.046,0.036,-0.076,56.400,31.050,-37.350,31.4
19:39:49.046,380684,-14.078,1.341,-6.653,-0.019,0.369,0.353,57.000,29.250,-36.450,31.3
19:39:49.105,380738,-14.562,2.749,-6.460,-0.205,0.445,0.867,55.950,33.450,-37.350,31.3
19:39:49.165,380792,-11.825,1.894,-4.796,-0.332,0.263,0.902,55.950,33.450,-37.350,31.4
19:39:49.225,380846,-10.305,2.354,-4.068,-0.139,0.105,0.536,55.950,33.450,-37.350,31.4
19:39:49.285,380900,-9.376,0.551,-4.310,-0.237,0.120,0.307,55.950,33.450,-37.350,31.6
19:39:49.345,380954,-9.256,3.400,-3.036,0.201,0.098,-0.122,53.250,38.250,-37.200,31.3
19:39:49.405,381008,-8.473,-0.060,-3.191,0.012,-0.030,-0.142,53.250,38.250,-37.200,31.4
19:39:49.464,381062,-8.107,1.456,-3.469,-0.238,-0.076,-0.528,53.550,38.550,-34.650,31.3
19:39:49.525,381116,-5.799,-0.582,-2.899,0.308,-0.366,-0.654,53.550,38.550,-34.650,31.4
19:39:49.585,381170,-6.256,2.763,-2.986,0.912,-0.247,-0.880,53.550,38.550,-34.650,31.2
19:39:49.585,381224,-7.061,1.669,-3.280,0.373,-0.340,-0.749,53.550,38.550,-34.650,31.6
19:39:49.645,381278,-8.054,-1.013,-3.567,-0.028,-0.423,-0.623,58.200,32.550,-33.450,31.4
19:39:49.705,381332,-7.738,-0.294,-3.577,0.300,-0.482,-0.701,60.300,28.950,-30.300,31.4
19:39:49.764,381386,-7.798,-1.322,-4.111,0.485,-0.648,-0.709,60.300,28.950,-30.300,31.4
19:39:49.823,381440,-7.736,0.752,-2.835,0.966,-0.627,-0.572,60.150,24.450,-28.200,31.3
19:39:49.883,381494,-6.888,-2.749,-3.153,0.411,-0.690,-0.680,60.150,24.450,-28.200,31.4
19:39:49.945,381548,-8.602,5.358,-3.376,0.627,-0.395,-0.631,62.850,19.650,-24.750,31.5
19:39:50.005,381602,-9.299,-7.302,-2.150,1.312,-0.956,-1.463,62.850,19.650,-24.750,31.3
19:39:50.064,381656,-9.687,-0.280,-1.786,2.069,-0.488,-0.852,62.550,13.500,-20.700,31.4
19:39:50.125,381710,-8.128,-3.218,-1.480,-1.192,0.445,0.328,62.550,13.500,-20.700,31.5
19:39:50.126,381764,-9.560,-2.835,-1.597,0.278,0.316,0.027,62.100,11.850,-20.400,31.4
19:39:50.185,381818,-9.598,-4.822,-2.057,0.238,-0.232,-0.285,62.100,11.850,-20.400,31.3
19:39:50.245,381872,-9.395,-3.656,-1.733,0.239,-0.208,-0.190,63.150,13.200,-22.050,31.4
19:39:50.304,381926,-8.806,-4.350,-1.120,-0.170,-0.013,-0.008,63.150,13.200,-22.050,31.4
19:39:50.365,381980,-9.278,-3.457,-0.771,-0.280,0.036,-0.019,63.150,13.200,-22.050,31.3
19:39:50.425,382034,-8.856,-3.984,-1.604,-0.101,0.020,-0.039,63.600,10.350,-19.650,31.4
19:39:50.485,382088,-8.873,-3.922,-1.674,-0.082,0.012,-0.010,63.600,10.350,-19.650,31.2
19:39:50.544,382142,-9.108,-3.407,-1.460,-0.093,0.063,0.086,63.900,11.400,-22.350,31.3
19:39:50.603,382196,-8.906,-3.768,-1.561,-0.241,0.088,0.085,63.900,11.400,-22.350,31.4
19:39:50.664,382250,-9.009,-3.443,-1.642,-0.110,0.120,0.033,62.400,12.150,-22.050,31.4
19:39:50.664,382304,-8.978,-3.682,-1.954,0.043,0.103,0.030,62.400,12.150,-22.050,31.6
19:39:50.725,382358,-8.775,-4.037,-2.143,-0.082,0.136,0.073,62.700,12.150,-22.800,31.1
19:39:50.785,382412,-7.659,-3.270,-2.435,0.307,0.361,0.564,62.700,12.150,-22.800,31.3
19:39:50.845,382466,-7.094,-0.469,-2.296,-0.075,0.788,1.471,63.900,13.650,-24.600,31.5
19:39:50.905,382520,-7.300,-0.086,-1.844,-0.776,0.996,1.604,61.650,21.750,-29.400,31.6
19:39:50.965,382574,-8.270,-2.306,-4.159,-0.855,0.581,1.285,61.650,21.750,-29.400,31.1
19:39:51.025,382628,-8.617,-0.881,-3.227,-0.412,0.475,1.068,59.700,28.350,-32.250,31.2
19:39:51.084,382682,-8.080,-1.812,-3.299,-0.026,0.659,1.122,59.700,28.350,-32.250,31.4
19:39:51.145,382736,-8.629,1.288,-3.991,-0.564,0.541,0.898,59.700,28.350,-32.250,31.5
19:39:51.205,382790,-8.921,0.955,-4.094,-0.195,0.379,0.808,59.700,28.350,-32.250,31.3
19:39:51.264,382844,-9.857,1.676,-4.932,-0.420,0.291,0.614,54.900,39.150,-38.100,31.4
19:39:51.265,382898,-9.033,2.030,-4.585,-0.324,0.225,0.350,54.900,39.150,-38.100,31.3
19:39:51.324,382952,-8.351,1.602,-4.185,-0.285,0.133,0.351,53.100,42.300,-36.600,31.3
19:39:51.384,383006,-8.724,5.138,-4.575,0.252,-0.002,0.272,53.100,42.300,-36.600,31.4
19:39:51.444,383060,-8.329,-0.618,-5.315,-0.638,-0.013,0.099,53.100,42.300,-36.600,31.3
19:39:51.504,383114,-9.170,3.077,-5.262,-0.387,0.078,-0.083,50.250,44.850,-36.600,31.1
19:39:51.564,383168,-8.461,0.960,-4.662,-0.394,0.082,-0.123,50.250,44.850,-37.200,31.2
19:39:51.624,383222,-9.203,3.359,-5.255,-0.212,0.104,-0.274,52.650,43.500,-37.350,31.4
19:39:51.684,383276,-8.334,0.366,-4.685,0.378,0.106,-0.229,52.650,43.500,-37.350,31.5
19:39:51.744,383330,-8.205,2.715,-4.393,0.370,0.259,-0.086,51.300,41.700,-39.000,31.4
19:39:51.805,383384,-8.339,1.358,-4.899,-0.277,0.156,-0.022,51.300,41.700,-39.000,31.5
19:39:51.806,383438,-8.861,3.060,-5.171,-0.152,-0.025,-0.199,51.300,41.250,-40.200,31.4
19:39:51.863,383492,-8.780,2.746,-5.279,-0.502,-0.057,-0.121,51.300,41.250,-40.200,31.3
19:39:51.923,383546,-8.258,1.856,-4.803,-0.013,-0.124,-0.060,50.850,43.050,-38.100,31.2
19:39:51.984,383600,-8.507,3.148,-4.853,0.000,-0.286,-0.050,50.850,43.050,-38.100,31.2
19:39:52.045,383654,-8.538,1.192,-4.132,-0.341,-0.296,-0.039,53.400,39.600,-38.850,31.6
19:39:52.165,383708,-8.825,4.077,-5.255,0.124,-0.276,-0.172,53.400,39.600,-38.850,31.4
19:39:52.166,383762,-8.801,1.697,-4.293,-0.126,-0.223,-0.170,53.100,37.650,-36.000,31.1
19:39:52.224,383816,-8.729,2.818,-4.269,0.068,-0.285,-0.317,53.100,37.650,-36.000,31.4
19:39:52.284,383870,-8.906,2.004,-3.792,-0.130,-0.281,-0.297,53.100,37.650,-36.000,31.5
19:39:52.284,383924,-8.770,1.578,-3.670,-0.058,-0.343,-0.359,54.300,36.600,-32.850,31.3
19:39:52.345,383978,-8.861,1.566,-3.342,-0.083,-0.234,-0.361,54.300,36.600,-32.850,31.6
19:39:52.405,384032,-9.182,1.245,-3.412,0.028,-0.149,-0.380,56.550,37.500,-31.800,31.3
19:39:52.464,384086,-9.230,0.891,-3.335,-0.014,0.060,-0.243,56.550,37.500,-31.800,31.3
19:39:52.525,384140,-9.136,0.687,-2.844,0.029,0.145,-0.208,56.550,37.500,-31.800,31.4
19:39:52.585,384194,-9.304,1.049,-2.914,0.007,0.066,-0.136,56.550,37.500,-31.800,31.3
19:39:52.644,384248,-9.483,0.603,-3.354,0.005,0.076,-0.035,57.000,33.600,-33.600,31.4
19:39:52.704,384302,-10.503,1.602,-3.711,0.339,0.098,0.029,57.000,33.600,-33.600,31.3
19:39:52.765,384356,-12.268,2.512,-5.306,0.135,0.315,0.185,56.250,33.150,-35.100,31.4
19:39:52.825,384410,-13.654,3.656,-6.728,0.342,0.422,0.643,55.500,34.800,-36.450,31.3
19:39:52.826,384464,-12.744,3.093,-6.469,0.041,0.617,0.869,55.500,34.800,-36.450,31.3
19:39:52.885,384518,-11.748,2.492,-4.894,0.095,0.365,0.692,52.050,38.550,-37.200,31.4
19:39:52.944,384572,-10.048,1.652,-3.972,-0.017,0.149,0.389,52.050,38.550,-37.200,31.4
19:39:53.004,384626,-9.943,2.337,-4.209,0.071,-0.099,0.051,51.300,40.950,-38.700,31.6
19:39:53.064,384680,-9.486,0.994,-3.357,0.246,-0.158,-0.036,51.300,40.950,-38.700,31.4
19:39:53.124,384734,-8.418,1.027,-3.558,0.206,-0.156,-0.342,51.600,41.550,-36.300,31.4
19:39:53.185,384788,-7.190,2.121,-3.637,0.452,-0.281,-0.821,51.600,41.550,-36.300,31.4
19:39:53.245,384842,-6.017,0.335,-2.909,0.172,-0.462,-0.823,55.200,40.350,-36.600,31.3
19:39:53.304,384896,-6.194,0.400,-2.926,0.739,-0.531,-0.793,55.200,40.350,-36.600,31.5
19:39:53.365,384950,-6.366,-0.919,-3.251,-0.330,-0.739,-0.754,55.200,40.350,-36.600,31.3
19:39:53.366,385004,-8.013,1.551,-3.488,0.754,-0.680,-0.681,59.700,30.600,-31.200,31.1
19:39:53.424,385058,-9.141,1.923,-2.761,0.265,-0.591,-0.693,59.700,30.600,-31.200,31.3
19:39:53.545,385112,-9.790,-0.484,-3.182,0.331,-0.617,-0.707,60.600,28.500,-26.550,31.6
19:39:53.546,385166,-9.673,0.548,-2.672,0.213,-0.629,-0.693,60.600,28.500,-26.550,31.6
19:39:53.604,385220,-8.368,-5.241,-3.381,0.417,-1.168,-1.183,62.400,23.700,-24.300,31.5
19:39:53.664,385274,-7.477,-1.489,-0.520,1.539,-0.890,-0.665,62.400,23.700,-24.300,31.4
19:39:53.724,385328,-7.767,2.284,-3.632,-1.755,0.436,0.340,61.650,17.100,-17.700,31.5
19:39:53.785,385382,-9.376,-4.513,0.084,0.038,0.358,0.228,61.650,17.100,-17.700,31.6
19:39:53.845,385436,-10.288,-1.293,-2.030,-0.382,0.132,-0.125,62.100,18.900,-22.200,31.1
19:39:53.904,385490,-9.345,-2.504,-3.079,-0.418,0.232,-0.076,62.100,18.900,-22.200,31.1
19:39:53.905,385544,-9.491,-0.520,-2.703,-0.128,0.084,-0.068,62.100,18.150,-22.650,31.6
19:39:53.965,385598,-9.804,-1.338,-2.638,0.063,-0.021,0.025,63.150,18.300,-22.050,31.4
19:39:54.025,385652,-9.108,-3.704,-1.559,-0.130,-0.075,-0.011,63.150,18.300,-22.050,31.4
19:39:54.085,385706,-9.618,-1.700,-2.495,-0.197,-0.063,0.075,63.150,18.300,-22.050,31.4
19:39:54.145,385760,-9.112,-2.682,-1.238,-0.264,-0.057,0.063,63.150,18.300,-22.050,31.4
19:39:54.204,385814,-9.117,-1.908,-1.396,0.276,0.029,0.091,62.400,21.000,-23.100,31.2
19:39:54.265,385868,-9.426,-3.692,-1.906,-0.020,-0.082,-0.055,62.400,21.000,-23.100,31.4
19:39:54.324,385922,-10.178,-1.882,-2.047,0.182,-0.097,0.045,62.850,20.100,-21.150,31.3
19:39:54.384,385976,-9.653,-2.942,-1.298,0.221,-0.182,0.020,62.850,20.100,-21.150,31.3
19:39:54.444,386030,-9.328,-2.018,-1.310,0.190,-0.163,0.071,62.850,20.100,-21.150,31.4
19:39:54.445,386084,-9.112,-1.923,-1.290,0.117,0.015,0.119,62.850,20.100,-21.150,31.6
19:39:54.504,386138,-9.376,-1.879,-1.307,-0.083,0.084,-0.071,61.650,19.050,-21.300,31.4
19:39:54.565,386192,-9.227,-1.097,-1.731,0.278,0.137,0.018,61.650,19.050,-21.300,31.4
19:39:54.624,386246,-8.581,-2.114,-1.920,-0.126,0.336,0.253,62.700,19.500,-22.800,31.6
19:39:54.685,386300,-7.678,-1.073,-2.325,0.025,0.745,1.030,62.400,22.950,-23.100,31.3
19:39:54.744,386354,-7.005,-0.110,-2.222,-0.486,0.924,1.312,62.400,22.950,-23.100,31.4
19:39:54.805,386408,-7.396,-2.523,-2.619,-0.149,0.773,1.318,60.600,29.700,-27.750,31.4
19:39:54.865,386462,-10.707,2.907,-3.223,-0.883,0.463,0.632,60.600,29.700,-27.750,31.1
19:39:54.925,386516,-8.337,-0.297,-3.895,0.706,0.322,0.825,60.600,29.700,-27.750,31.4
19:39:54.984,386570,-8.792,3.776,-2.088,-0.621,0.252,0.582,60.600,29.700,-27.750,31.3
19:39:54.984,386624,-8.933,-0.752,-4.527,-0.541,0.328,0.853,56.400,38.850,-31.200,31.4
19:39:55.045,386678,-8.174,-0.395,-2.708,-0.530,0.400,0.731,56.400,38.850,-31.200,31.4
19:39:55.105,386732,-8.021,1.176,-3.227,-0.367,0.418,0.761,55.800,42.900,-32.400,31.6
19:39:55.163,386786,-9.230,2.413,-4.362,-0.470,0.244,0.153,55.800,42.900,-32.400,31.4
19:39:55.224,386840,-7.693,1.738,-3.962,0.048,0.252,0.288,55.800,42.900,-32.400,31.4
19:39:55.285,386894,-9.012,3.915,-4.132,-0.242,0.123,0.015,51.150,45.300,-37.050,31.2
19:39:55.344,386948,-8.277,1.015,-5.490,-0.128,-0.357,-0.019,51.150,45.300,-37.050,31.3
19:39:55.403,387002,-9.919,5.253,-5.083,0.087,-0.242,-0.322,51.600,44.250,-36.300,31.5
19:39:55.465,387056,-9.400,1.295,-3.646,-0.108,-0.316,-0.273,51.600,44.250,-36.300,31.4
19:39:55.525,387110,-8.497,0.874,-3.570,0.112,0.002,-0.118,53.400,43.800,-33.750,31.4
19:39:55.526,387164,-8.938,2.116,-2.976,-0.491,0.011,-0.292,53.400,43.800,-33.750,31.4
19:39:55.585,387218,-8.890,1.755,-2.576,-0.143,0.428,-0.169,53.400,43.050,-34.050,31.4
19:39:55.644,387272,-9.421,4.106,-4.472,-0.238,0.406,-0.252,53.400,43.050,-34.050,31.4
19:39:55.704,387326,-10.336,0.299,-3.524,0.013,0.201,-0.106,54.150,41.550,-34.500,31.3
19:39:55.765,387380,-9.416,4.190,-5.001,-0.219,0.061,-0.004,54.150,41.550,-34.500,31.3
19:39:55.884,387434,-9.110,1.872,-3.871,-0.165,0.131,0.022,53.250,42.150,-37.950,31.4
19:39:55.884,387488,-8.574,3.287,-4.058,-0.110,0.122,-0.150,51.750,41.250,-35.700,31.4
19:39:55.945,387542,-8.478,2.710,-4.487,0.070,0.099,-0.299,51.750,41.250,-35.700,31.6
19:39:56.005,387596,-8.748,2.164,-3.934,-0.113,0.167,-0.319,51.750,41.250,-35.700,31.4
19:39:56.065,387650,-8.823,2.466,-4.468,0.032,0.107,-0.256,51.750,41.250,-35.700,31.4
19:39:56.065,387704,-8.969,1.283,-4.029,-0.002,-0.052,-0.199,54.300,39.750,-36.900,31.4
19:39:56.125,387758,-8.693,2.028,-4.295,0.055,-0.068,-0.055,54.300,39.750,-36.900,31.3
19:39:56.184,387812,-8.784,0.912,-4.391,-0.076,0.007,-0.049,53.100,37.200,-36.600,31.2
19:39:56.245,387866,-8.516,2.143,-3.984,0.011,0.030,-0.034,53.100,37.200,-36.600,31.2
19:39:56.305,387920,-8.736,1.865,-4.578,0.056,-0.045,-0.120,53.100,37.200,-36.600,31.6
19:39:56.364,387974,-9.000,1.377,-4.685,0.195,-0.078,-0.063,53.100,37.200,-36.600,31.4
19:39:56.424,388028,-8.808,1.592,-4.293,0.096,-0.151,-0.001,55.200,37.200,-37.800,31.3
19:39:56.484,388082,-8.859,1.702,-4.180,0.026,-0.237,-0.022,54.450,37.650,-38.550,31.2
19:39:56.545,388136,-9.103,1.822,-4.836,0.145,-0.137,-0.075,54.450,37.650,-38.550,31.3
19:39:56.604,388190,-10.216,1.920,-4.611,-0.151,-0.074,-0.038,53.100,37.950,-38.850,31.5
19:39:56.605,388244,-13.848,3.527,-7.178,-0.118,-0.015,-0.177,53.100,37.950,-38.850,31.8
19:39:56.665,388298,-13.949,3.376,-5.885,-0.371,0.018,0.575,55.800,36.300,-37.200,31.3
19:39:56.724,388352,-12.419,3.716,-4.944,-0.062,0.011,0.745,55.800,36.300,-37.200,31.2
19:39:56.785,388406,-10.491,1.815,-3.893,-0.040,-0.158,0.452,54.900,40.350,-34.500,31.4
19:39:56.845,388460,-10.080,2.859,-4.374,0.217,-0.111,0.164,54.900,40.350,-34.500,31.3
19:39:56.905,388514,-10.199,0.757,-3.776,0.386,-0.295,0.048,53.550,41.700,-34.650,31.5
19:39:56.965,388568,-8.298,1.044,-2.461,0.311,-0.285,-0.361,53.550,41.700,-34.650,31.5
19:39:57.025,388622,-7.812,1.911,-3.108,0.481,-0.407,-0.800,53.550,42.900,-32.100,31.4
19:39:57.084,388676,-6.270,-0.409,-2.040,0.361,-0.266,-0.737,53.550,42.900,-32.100,31.4
19:39:57.145,388730,-6.991,0.639,-2.964,-0.125,-0.308,-0.994,53.550,42.900,-32.100,31.3
19:39:57.146,388784,-7.484,-0.675,-2.761,-0.092,-0.446,-0.950,59.250,34.350,-29.250,31.2
19:39:57.204,388838,-7.360,2.399,-2.373,0.812,-0.472,-1.024,59.250,34.350,-29.250,31.4
19:39:57.263,388892,-8.066,-0.091,-2.516,0.293,-0.326,-0.861,59.400,29.550,-27.600,31.4
19:39:57.324,388946,-7.956,-1.305,-3.122,0.415,-0.273,-0.855,59.400,29.550,-27.600,31.4
19:39:57.383,389000,-9.380,-1.506,-3.172,1.077,-0.565,-1.039,59.400,29.550,-27.600,31.4
19:39:57.443,389054,-7.257,-3.381,-2.090,0.985,-1.105,-1.579,59.400,29.550,-27.600,31.8
19:39:57.504,389108,-7.688,-0.127,-0.160,1.554,-0.457,-0.887,62.550,17.400,-21.150,31.6
19:39:57.564,389162,-8.140,-0.309,-2.840,-1.256,0.957,0.540,62.550,17.400,-21.150,31.4
19:39:57.624,389216,-9.740,-7.084,-2.296,-0.133,0.606,0.327,62.850,15.450,-22.950,31.4
19:39:57.684,389270,-10.372,-2.935,-3.050,-0.143,0.135,0.094,62.850,15.450,-22.950,31.2
19:39:57.685,389324,-9.084,-3.330,-3.328,0.095,0.090,0.101,61.650,17.550,-25.650,31.2
19:39:57.744,389378,-8.741,-2.195,-2.567,-0.004,-0.069,0.154,62.550,18.900,-25.200,31.4
19:39:57.805,389432,-8.916,-2.691,-3.108,0.396,-0.131,0.172,62.550,18.900,-25.200,31.4
19:39:57.865,389486,-9.886,-2.897,-1.798,0.021,-0.232,0.029,62.550,18.900,-25.200,31.3
19:39:57.925,389540,-8.854,-2.188,-1.800,0.287,-0.266,0.056,62.550,18.900,-25.200,31.3
19:39:57.985,389594,-9.706,-1.932,-1.346,0.054,-0.218,-0.035,64.350,17.400,-24.000,31.3
19:39:58.044,389648,-9.428,-3.314,-1.508,0.242,-0.238,-0.058,64.350,17.400,-24.000,31.4
19:39:58.105,389702,-8.904,-1.571,-1.434,-0.108,-0.102,0.189,64.050,18.150,-21.450,31.4
19:39:58.164,389756,-9.208,-2.437,-1.283,-0.010,-0.027,0.253,64.050,18.150,-21.450,31.2
19:39:58.224,389810,-9.493,-2.550,-1.561,-0.306,-0.011,0.096,64.050,18.150,-21.450,31.4
19:39:58.225,389864,-9.258,-1.939,-1.211,-0.040,-0.068,-0.004,64.050,18.150,-21.450,31.4
19:39:58.284,389918,-9.361,-2.286,-1.219,-0.068,0.096,0.079,61.800,20.100,-20.700,31.4
19:39:58.344,389972,-10.156,-2.212,-1.271,-0.018,0.090,0.032,64.350,20.100,-20.400,31.4
19:39:58.405,390026,-9.313,-1.899,-0.974,-0.084,0.066,0.013,64.350,20.100,-20.400,31.4
19:39:58.464,390080,-9.249,-1.762,-1.463,0.118,0.015,-0.060,64.350,20.100,-20.400,31.4
19:39:58.524,390134,-9.407,-2.179,-1.891,0.154,0.032,-0.034,64.350,20.100,-20.400,31.6
19:39:58.584,390188,-8.554,-2.301,-2.540,-0.443,0.429,0.313,62.400,18.750,-23.100,31.3
19:39:58.645,390242,-8.073,-1.949,-3.041,-0.623,0.648,0.833,62.400,18.750,-23.100,31.2
19:39:58.704,390296,-6.163,-1.472,-2.540,-0.207,1.007,1.803,63.450,23.250,-25.350,31.4
19:39:58.765,390350,-6.630,1.753,-1.800,-1.270,0.993,1.681,63.450,23.250,-25.350,31.4
19:39:58.766,390404,-9.804,2.126,-4.116,0.557,0.508,1.209,59.850,33.600,-30.300,31.4
19:39:58.825,390458,-8.736,0.939,-4.233,0.252,0.553,1.063,59.850,33.600,-30.300,31.5
19:39:58.885,390512,-8.885,1.451,-3.869,0.415,0.570,0.815,55.800,37.800,-34.650,31.4
19:39:58.945,390566,-8.612,1.267,-3.879,-0.375,0.569,0.620,55.800,37.800,-34.650,31.4
19:39:59.065,390620,-9.522,5.717,-4.561,1.019,0.537,0.602,55.800,37.800,-34.650,31.6
19:39:59.066,390674,-9.469,2.749,-4.863,0.590,0.420,0.529,49.800,45.150,-41.550,31.2
19:39:59.124,390728,-7.772,0.438,-4.860,-0.137,0.412,0.601,49.800,45.150,-41.550,31.4
19:39:59.183,390782,-8.756,3.536,-6.002,-0.395,0.220,0.215,46.650,46.950,-43.200,31.4
19:39:59.245,390836,-7.693,2.710,-4.379,-0.046,0.310,0.272,46.650,46.950,-43.200,31.1
19:39:59.305,390890,-8.021,4.310,-5.739,0.101,0.354,-0.298,46.650,46.950,-43.200,31.4
19:39:59.306,390944,-9.249,2.497,-5.617,-0.369,0.201,-0.304,46.650,46.950,-43.200,31.3
19:39:59.365,390998,-8.100,1.621,-5.727,0.079,-0.008,-0.295,47.100,47.250,-45.150,31.5
19:39:59.425,391052,-8.310,2.689,-4.527,-0.474,-0.029,-0.094,47.100,47.250,-45.150,31.4
19:39:59.485,391106,-8.088,2.322,-5.435,-0.317,-0.254,-0.148,47.400,45.750,-42.900,31.3
19:39:59.544,391160,-8.325,2.081,-5.313,-0.340,-0.287,-0.164,47.400,45.750,-42.900,31.3
19:39:59.605,391214,-8.246,3.146,-4.949,-0.339,-0.147,-0.156,47.700,44.850,-41.250,31.4
19:39:59.664,391268,-8.645,2.844,-4.697,-0.197,0.010,-0.167,47.850,45.000,-41.100,31.6
19:39:59.725,391322,-8.375,4.525,-5.717,-0.080,-0.034,-0.390,47.850,45.000,-41.100,31.4
19:39:59.785,391376,-8.607,3.709,-4.978,-0.047,-0.106,-0.606,47.850,45.000,-41.100,31.3
19:39:59.844,391430,-8.289,1.343,-4.999,-0.115,-0.281,-0.585,47.850,45.000,-41.100,31.3
19:39:59.845,391484,-8.624,1.915,-4.432,0.040,-0.331,-0.460,50.250,42.450,-40.950,31.3
19:39:59.904,391538,-8.732,1.283,-4.456,-0.374,-0.152,-0.329,50.250,42.450,-40.950,31.4
19:40:00.024,391592,-8.825,0.278,-4.429,0.182,-0.039,-0.200,51.600,40.350,-39.300,31.5
19:40:00.025,391646,-8.763,1.949,-4.111,-0.177,0.125,-0.154,51.600,40.350,-39.300,31.3
19:40:00.084,391700,-8.569,1.027,-3.673,0.065,-0.043,-0.109,51.600,40.350,-39.300,31.0
19:40:00.145,391754,-8.394,1.448,-4.020,0.173,0.003,0.023,51.600,40.350,-39.300,31.6
19:40:00.205,391808,-8.586,1.142,-3.847,0.072,0.015,0.167,51.900,39.900,-39.300,31.1
19:40:00.264,391862,-9.845,3.227,-4.750,0.152,-0.065,0.150,52.650,37.950,-40.350,31.5
19:40:00.324,391916,-14.882,3.780,-7.755,0.144,-0.004,0.597,52.650,37.950,-40.350,31.4
19:40:00.385,391970,-14.384,5.423,-8.298,-0.416,0.386,0.882,51.750,40.950,-41.250,31.5
19:40:00.386,392024,-11.954,4.762,-6.491,-0.278,0.248,0.604,51.750,40.950,-41.250,31.4
19:40:00.444,392078,-9.730,2.550,-3.895,-0.232,-0.163,0.388,48.750,42.900,-40.950,31.2
19:40:00.505,392132,-8.873,1.573,-3.850,-0.168,-0.350,-0.181,48.750,42.900,-40.950,31.3
19:40:00.563,392186,-8.073,2.330,-3.232,-0.200,-0.407,-0.474,48.750,42.900,-40.950,31.3
19:40:00.625,392240,-7.786,0.393,-3.048,-0.491,-0.276,-0.687,48.750,42.900,-40.950,31.4
19:40:00.685,392294,-7.982,1.731,-2.916,0.015,-0.269,-0.899,52.050,44.850,-35.400,31.4
19:40:00.744,392348,-8.188,1.920,-2.942,0.124,-0.466,-1.055,52.050,44.850,-35.400,31.4
19:40:00.805,392402,-6.416,-1.472,-3.256,0.162,-0.695,-0.683,55.200,41.100,-33.450,31.7
19:40:00.865,392456,-5.914,-0.364,-2.444,0.549,-0.683,-0.587,55.200,41.100,-33.450,31.4
19:40:00.925,392510,-7.841,2.229,-3.883,0.101,-0.332,-0.505,55.200,41.100,-33.450,31.4
19:40:00.926,392564,-7.877,-1.822,-3.110,-0.278,-0.352,-0.570,59.250,35.100,-27.750,31.5
19:40:00.985,392618,-7.381,1.140,-2.753,0.192,-0.462,-0.812,59.250,35.100,-27.750,31.2
19:40:01.045,392672,-7.867,-0.488,-2.552,0.132,-0.479,-0.831,60.300,30.900,-25.500,31.4
19:40:01.104,392726,-9.333,2.016,-2.552,1.830,-0.732,-1.030,60.300,30.900,-25.500,31.6
19:40:01.165,392780,-5.509,-8.729,1.453,0.941,-1.374,-1.506,61.950,24.900,-22.350,31.5
19:40:01.224,392834,-7.578,7.525,-1.990,2.045,0.469,-0.313,61.950,24.900,-22.350,31.4
19:40:01.285,392888,-8.770,-6.225,-1.923,-1.096,0.402,0.247,61.200,18.750,-19.800,31.4
19:40:01.345,392942,-10.285,-0.843,-3.725,0.861,0.022,-0.168,61.200,18.750,-19.800,31.3
19:40:01.465,392996,-10.798,-2.210,-2.052,0.171,-0.128,-0.057,62.850,20.400,-21.450,31.4
19:40:01.466,393050,-8.799,-1.178,-0.943,-0.081,0.080,-0.025,61.800,20.100,-22.650,31.5
19:40:01.467,393104,-9.493,-1.468,-1.834,0.217,-0.016,-0.032,61.800,20.100,-22.650,31.2
19:40:01.525,393158,-9.388,-3.045,-1.784,-0.166,0.025,-0.050,63.150,20.550,-22.050,31.6
19:40:01.584,393212,-9.699,-2.696,-1.448,-0.258,-0.114,-0.010,63.150,20.550,-22.050,31.4
19:40:01.645,393266,-9.108,-3.713,-1.678,1.048,-0.410,0.444,63.150,20.550,-22.050,31.3
19:40:01.705,393320,-9.893,0.330,-1.817,2.415,-0.451,0.232,63.150,20.550,-22.050,31.6
19:40:01.764,393374,-9.591,-5.715,-2.528,-0.322,-0.063,-0.349,62.400,19.500,-20.250,31.3
19:40:01.824,393428,-9.395,-2.322,-0.848,-0.084,0.323,-0.216,62.400,19.500,-20.250,31.4
19:40:01.883,393482,-7.312,-3.225,2.040,0.037,0.249,0.103,64.200,16.350,-20.250,31.5
19:40:01.945,393536,-10.810,-3.048,-1.271,0.015,0.077,-0.057,64.200,16.350,-20.250,31.4
19:40:02.004,393590,-9.131,-1.547,-1.669,-0.260,0.076,-0.171,64.200,16.350,-20.250,31.2
19:40:02.006,393644,-9.052,-1.374,-0.168,-0.588,0.156,-0.143,64.200,16.350,-20.250,31.3
19:40:02.065,393698,-9.713,-2.830,-1.903,-0.620,0.207,-0.188,60.900,21.000,-23.100,31.4
19:40:02.125,393752,-8.746,-2.933,-1.949,-0.304,0.148,-0.023,61.950,16.800,-23.550,31.4
19:40:02.184,393806,-8.066,-2.950,-1.712,-0.786,0.422,0.193,61.950,16.800,-23.550,31.6
19:40:02.244,393860,-7.472,-1.389,-2.720,-0.201,0.913,0.865,62.700,20.250,-26.100,31.6
19:40:02.305,393914,-8.109,-0.706,-3.414,-1.047,0.901,1.000,62.700,20.250,-26.100,31.3
19:40:02.364,393968,-7.568,-2.526,-3.232,-1.109,0.834,1.057,61.200,24.150,-31.950,31.6
19:40:02.425,394022,-9.766,3.730,-3.919,-0.558,0.659,0.537,61.200,24.150,-31.950,31.3
19:40:02.545,394076,-7.491,-4.111,-3.814,-0.198,0.698,1.038,57.150,31.800,-33.450,31.3
19:40:02.546,394130,-9.474,4.415,-4.149,-0.615,0.769,0.711,57.150,31.800,-33.450,31.5
19:40:02.547,394184,-8.780,-1.578,-4.120,0.195,0.599,0.791,55.950,36.450,-38.550,31.3
19:40:02.605,394238,-9.199,2.260,-5.327,-0.361,0.396,0.414,55.950,36.450,-38.550,31.6
19:40:02.665,394292,-8.145,0.407,-4.101,-0.058,0.408,0.445,53.400,41.100,-40.350,31.3
19:40:02.725,394346,-7.611,2.157,-6.108,0.005,0.438,0.299,53.400,41.100,-40.350,31.4
19:40:02.784,394400,-8.739,2.021,-5.775,0.185,0.395,-0.046,53.400,41.100,-40.350,31.4
19:40:02.844,394454,-8.088,-0.362,-6.464,0.367,0.439,0.213,50.550,42.150,-44.550,31.5
19:40:02.905,394508,-8.238,2.131,-5.119,0.298,0.513,-0.007,50.550,42.150,-44.550,31.2
19:40:02.965,394562,-8.351,1.664,-5.859,0.060,0.478,-0.035,48.900,43.500,-48.300,31.3
19:40:03.024,394616,-8.528,2.018,-6.819,0.250,0.321,-0.141,48.900,43.500,-48.300,31.7
19:40:03.084,394670,-7.721,0.804,-6.275,-0.031,-0.052,-0.062,48.150,40.350,-50.550,31.6
19:40:03.084,394724,-7.326,1.238,-6.850,-0.009,-0.122,-0.210,48.150,40.350,-50.550,31.4
19:40:03.143,394778,-8.013,1.120,-6.050,0.142,-0.013,-0.204,48.900,41.100,-48.750,31.5
19:40:03.204,394832,-7.918,2.301,-6.953,-0.191,0.086,-0.359,48.900,41.100,-48.750,31.4
19:40:03.264,394886,-7.520,1.800,-6.462,-0.046,0.150,-0.227,48.600,40.350,-49.050,31.4
19:40:03.325,394940,-7.271,0.769,-6.500,0.062,0.043,-0.138,48.300,39.300,-48.900,31.5
19:40:03.384,394994,-7.051,1.317,-6.421,-0.135,0.048,-0.069,48.300,39.300,-48.900,31.4
19:40:03.445,395048,-7.017,1.489,-6.268,-0.102,-0.077,-0.080,48.150,36.900,-49.800,31.3
19:40:03.505,395102,-7.484,1.987,-7.171,-0.011,-0.009,-0.064,48.150,36.900,-49.800,31.6
19:40:03.624,395156,-7.527,2.004,-6.979,-0.148,-0.157,-0.060,48.150,36.900,-49.800,31.4
19:40:03.625,395210,-7.539,2.054,-6.407,-0.083,-0.185,0.010,48.150,36.900,-49.800,31.4
19:40:03.626,395264,-7.494,2.128,-5.827,-0.188,-0.253,0.007,47.700,35.850,-50.400,31.4
19:40:03.685,395318,-7.434,2.018,-6.005,-0.108,-0.156,-0.094,47.700,35.850,-50.400,31.5
19:40:03.744,395372,-7.539,1.578,-6.076,0.015,-0.055,-0.034,49.050,37.500,-48.150,31.5
19:40:03.805,395426,-7.503,1.630,-6.141,-0.005,0.105,0.044,49.050,37.500,-48.150,31.3
19:40:03.865,395480,-7.563,1.590,-5.878,-0.016,0.161,0.236,49.050,37.500,-48.150,31.0
19:40:03.925,395534,-7.568,1.992,-6.285,0.247,0.117,0.119,48.000,37.050,-48.150,31.6
19:40:03.985,395588,-7.903,1.671,-6.328,-0.154,0.196,-0.075,48.000,37.050,-48.150,31.4
19:40:04.045,395642,-9.486,2.646,-6.891,0.000,0.262,-0.213,48.600,37.200,-49.050,31.4
19:40:04.104,395696,-12.096,3.759,-9.462,-0.345,0.110,-0.200,48.600,37.200,-49.050,31.7
19:40:04.164,395750,-12.055,3.412,-7.190,-0.415,-0.164,0.361,46.950,35.550,-49.350,31.4
19:40:04.165,395804,-11.224,3.177,-6.155,-0.467,-0.199,0.404,46.950,35.550,-49.350,31.4
19:40:04.223,395858,-9.558,2.533,-5.727,-0.346,-0.391,0.119,47.400,39.150,-47.700,31.3
19:40:04.284,395912,-8.131,1.484,-4.700,-0.325,-0.507,-0.149,47.400,39.150,-47.700,31.4
19:40:04.344,395966,-7.123,1.219,-4.745,0.098,-0.715,-0.439,47.400,39.150,-47.700,31.2
19:40:04.405,396020,-6.881,1.082,-4.087,-0.103,-0.702,-0.533,47.400,39.150,-47.700,31.4
19:40:04.465,396074,-7.132,1.946,-4.592,-0.120,-0.588,-0.815,50.400,39.600,-39.600,31.4
19:40:04.525,396128,-8.478,1.295,-4.664,0.059,-0.516,-0.909,50.400,39.600,-39.600,31.4
19:40:04.585,396182,-7.949,1.111,-4.389,-0.438,-0.566,-1.123,53.100,35.250,-37.050,31.4
19:40:04.644,396236,-7.183,0.306,-3.057,0.732,-0.859,-1.057,53.100,35.250,-37.050,31.4
19:40:04.704,396290,-5.978,0.721,-2.909,0.499,-0.797,-0.829,53.100,35.250,-37.050,31.6
19:40:04.705,396344,-7.602,0.192,-2.112,0.424,-0.637,-0.678,58.800,27.750,-30.600,31.4
19:40:04.765,396398,-8.612,-1.923,-2.483,-0.174,-0.456,-0.632,58.800,27.750,-30.600,31.3
19:40:04.825,396452,-9.651,-1.501,-3.053,0.194,-0.525,-0.632,61.050,21.900,-26.550,31.2
19:40:04.885,396506,-8.622,-1.137,-3.505,0.226,-1.016,-1.326,61.050,21.900,-26.550,31.6
19:40:04.945,396560,-7.738,-2.830,1.018,2.446,-1.111,-0.959,60.600,16.950,-21.900,31.3
19:40:05.005,396614,-7.894,6.407,-6.155,-0.777,0.377,0.288,60.600,16.950,-21.900,31.4
19:40:05.065,396668,-8.995,-8.279,-0.651,-0.445,0.454,0.479,61.200,12.900,-18.450,31.5
19:40:05.124,396722,-10.870,-0.821,-4.144,-0.357,0.286,-0.139,61.200,12.900,-18.450,31.4
19:40:05.184,396776,-9.000,-3.381,-1.877,0.523,0.055,-0.039,61.650,15.600,-20.550,31.3
19:40:05.245,396830,-8.521,-2.263,-1.781,0.162,0.303,0.144,62.400,14.850,-22.350,31.6
19:40:05.246,396884,-8.502,-4.104,-1.346,-0.205,0.364,0.189,62.400,14.850,-22.350,31.2
19:40:05.305,396938,-9.062,-3.026,-2.222,-0.200,0.352,-0.009,62.700,17.550,-24.600,31.1
19:40:05.365,396992,-9.665,-3.654,-3.129,0.140,0.121,-0.122,62.700,17.550,-24.600,31.4
19:40:05.424,397046,-9.122,-3.737,-2.404,-0.081,-0.014,-0.011,62.700,17.550,-24.600,31.4
19:40:05.485,397100,-9.361,-3.596,-3.100,0.063,-0.054,0.053,62.700,17.550,-24.600,31.3
19:40:05.545,397154,-9.009,-2.327,-2.495,0.266,-0.018,0.038,61.350,13.800,-24.750,31.5
19:40:05.605,397208,-9.206,-2.753,-2.591,-0.026,0.050,-0.003,61.350,13.800,-24.750,31.4
19:40:05.664,397262,-8.605,-2.653,-2.227,0.120,-0.001,-0.013,62.850,16.200,-25.500,31.4
19:40:05.785,397316,-9.215,-2.188,-2.421,-0.010,0.059,0.088,62.850,16.200,-25.500,31.3
19:40:05.786,397370,-9.172,-2.365,-2.516,-0.073,0.063,-0.019,62.850,16.200,-25.500,31.2
19:40:05.787,397424,-9.122,-2.825,-2.188,0.070,-0.010,-0.063,61.950,15.900,-25.650,31.3
19:40:05.844,397478,-9.210,-2.638,-2.303,0.035,0.024,0.022,61.950,15.900,-25.650,31.4
19:40:05.904,397532,-8.928,-2.954,-2.251,-0.089,0.076,0.007,61.050,16.200,-25.500,31.3
19:40:05.965,397586,-8.823,-3.115,-2.272,-0.177,0.070,-0.035,61.050,16.200,-25.500,31.6
19:40:06.025,397640,-9.120,-2.351,-2.911,0.115,0.030,-0.073,61.350,15.750,-26.550,31.4
19:40:06.085,397694,-9.187,-3.156,-2.495,-0.216,0.021,-0.052,61.350,15.750,-26.550,31.2
19:40:06.145,397748,-9.232,-2.875,-2.751,-0.099,-0.009,-0.105,61.350,14.550,-27.000,31.4
19:40:06.204,397802,-8.985,-3.438,-2.274,-0.153,-0.155,-0.105,61.350,14.550,-27.000,31.7
19:40:06.265,397856,-9.479,-2.406,-2.164,-0.002,-0.108,0.041,61.350,14.550,-27.000,31.4
19:40:06.385,397910,-9.613,-3.112,-2.169,0.128,-0.095,0.080,61.350,14.550,-27.000,31.3
19:40:06.386,397964,-9.048,-2.626,-2.193,0.025,-0.076,-0.056,61.350,15.450,-26.250,31.4
19:40:06.445,398018,-8.933,-3.215,-1.834,0.082,-0.053,-0.001,61.650,15.600,-25.350,31.4
19:40:06.446,398072,-9.141,-2.705,-2.289,0.153,-0.048,-0.095,61.650,15.600,-25.350,31.3
19:40:06.505,398126,-9.519,-3.287,-1.829,0.340,-0.095,-0.030,61.650,15.600,-25.350,31.5
19:40:06.564,398180,-9.122,-2.679,-1.939,-0.147,0.030,0.050,61.650,15.600,-25.350,31.6
19:40:06.624,398234,-8.643,-2.914,-2.459,0.229,0.047,0.161,61.800,13.800,-25.500,31.6
19:40:06.684,398288,-7.640,-2.413,-2.373,0.089,0.240,0.648,61.800,13.800,-25.500,31.6
19:40:06.745,398342,-6.199,0.208,-2.162,-0.054,0.917,1.557,61.800,17.700,-27.300,31.3
19:40:06.804,398396,-6.804,-1.049,-1.970,-0.850,0.903,1.764,61.800,17.700,-27.300,31.3
19:40:06.865,398450,-7.029,-1.422,-3.642,-0.636,0.700,1.378,59.850,25.800,-31.800,31.5
19:40:06.865,398504,-8.677,-0.543,-3.055,-0.621,0.588,0.998,59.850,25.800,-31.800,31.6
19:40:06.925,398558,-8.717,-0.005,-5.464,0.908,0.510,0.636,56.550,34.350,-34.350,31.4
19:40:06.985,398612,-8.073,-1.616,-4.001,-0.067,0.537,0.698,56.550,34.350,-34.350,31.4
19:40:07.044,398666,-8.011,0.919,-5.198,0.297,0.510,0.403,56.550,34.350,-34.350,31.6
19:40:07.105,398720,-8.866,3.153,-4.367,-0.638,0.671,0.102,53.400,39.600,-42.450,31.6
19:40:07.165,398774,-7.752,-0.134,-5.368,0.170,0.468,0.185,53.400,39.600,-42.450,31.6
19:40:07.225,398828,-8.487,4.099,-5.914,0.067,0.497,-0.038,52.050,39.750,-44.850,31.3
19:40:07.285,398882,-8.279,-0.409,-5.136,0.237,0.298,0.242,52.050,39.750,-44.850,31.5
19:40:07.345,398936,-8.155,3.704,-6.515,0.130,0.137,-0.119,52.050,39.750,-44.850,31.7
19:40:07.465,398990,-9.194,2.227,-5.217,-0.027,0.002,-0.086,52.050,39.750,-44.850,31.4
19:40:07.466,399044,-8.705,2.021,-6.977,-0.108,0.140,-0.408,50.400,39.150,-45.750,31.4
19:40:07.467,399098,-8.394,1.779,-6.378,0.405,-0.109,-0.532,50.400,39.150,-45.750,31.5
19:40:07.525,399152,-7.975,1.434,-5.258,0.199,0.026,-0.569,50.250,35.550,-46.050,31.3
19:40:07.585,399206,-8.341,-0.110,-5.835,0.078,-0.135,-0.471,50.250,35.550,-46.050,31.4
19:40:07.644,399260,-8.543,0.364,-5.363,0.090,-0.139,-0.435,51.600,31.800,-46.500,31.2
19:40:07.704,399314,-8.452,0.062,-5.318,-0.107,-0.061,-0.382,51.750,32.400,-46.350,31.2
19:40:07.765,399368,-8.863,0.297,-5.432,-0.033,-0.067,-0.357,51.750,32.400,-46.350,31.4
19:40:07.824,399422,-8.796,0.515,-4.903,-0.437,-0.235,-0.301,51.750,32.400,-46.350,31.5
19:40:07.884,399476,-8.657,0.546,-5.080,-0.138,-0.306,-0.319,51.750,32.400,-46.350,31.6
19:40:07.945,399530,-8.811,0.237,-5.291,-0.168,-0.436,-0.380,52.800,30.150,-45.300,31.5
19:40:07.946,399584,-9.038,0.177,-5.001,-0.249,-0.567,-0.463,52.800,30.150,-45.300,31.7
19:40:08.005,399638,-8.736,-0.204,-4.642,0.049,-0.623,-0.472,55.050,27.000,-43.500,31.4
19:40:08.065,399692,-9.261,-0.723,-4.329,0.155,-0.471,-0.479,55.050,27.000,-43.500,31.5
19:40:08.125,399746,-13.295,-0.615,-5.540,-0.292,0.143,-0.192,55.050,27.000,-43.500,31.2
19:40:08.184,399800,-15.864,-0.541,-7.784,-0.691,0.588,0.406,55.050,27.000,-43.500,31.4
19:40:08.245,399854,-14.509,0.809,-6.483,-0.566,0.462,1.371,55.800,25.500,-39.750,31.6
19:40:08.305,399908,-12.067,2.073,-5.495,-0.202,0.245,1.262,54.000,32.850,-42.000,31.6
19:40:08.365,399962,-10.534,1.319,-4.863,-0.149,-0.085,0.716,54.000,32.850,-42.000,31.3
19:40:08.425,400016,-8.674,-0.091,-4.120,-0.371,-0.114,0.429,54.000,32.850,-42.000,31.6
19:40:08.484,400070,-8.229,1.085,-4.247,0.128,-0.178,-0.048,54.000,32.850,-42.000,31.5
19:40:08.485,400124,-7.652,0.539,-3.812,0.055,-0.289,-0.366,52.350,37.200,-38.100,31.4
19:40:08.544,400178,-7.104,0.417,-3.426,0.682,-0.370,-0.555,52.350,37.200,-38.100,31.4
19:40:08.605,400232,-6.852,-0.232,-3.536,0.256,-0.357,-0.665,55.950,34.200,-37.350,31.4
19:40:08.665,400286,-6.744,0.450,-2.425,0.462,-0.349,-0.669,55.950,34.200,-37.350,31.3
19:40:08.725,400340,-6.936,0.340,-3.630,-0.340,-0.482,-0.862,56.700,31.500,-34.800,31.4
19:40:08.785,400394,-7.659,-1.322,-2.679,0.297,-0.685,-0.823,56.700,31.500,-34.800,31.6
19:40:08.843,400448,-7.908,0.407,-4.039,0.544,-0.946,-1.053,58.050,27.000,-31.050,31.4
19:40:08.905,400502,-6.639,-1.611,-2.701,0.656,-1.099,-1.337,58.050,27.000,-31.050,31.4
19:40:08.965,400556,-6.869,-0.749,-3.440,1.465,-1.005,-0.950,58.050,27.000,-31.050,31.4
19:40:09.025,400610,-7.719,0.472,-0.912,0.707,0.226,0.015,62.100,16.500,-21.150,31.6
19:40:09.026,400664,-8.588,-4.769,-2.155,-1.046,0.534,0.030,62.100,16.500,-21.150,31.4
19:40:09.085,400718,-9.989,-2.286,-4.843,0.577,0.433,-0.056,60.600,16.950,-24.450,31.2
19:40:09.145,400772,-8.645,-3.270,-2.799,-0.217,0.235,0.029,60.600,16.950,-24.450,31.1
19:40:09.204,400826,-9.033,-2.004,-3.287,0.367,0.090,-0.030,60.600,16.950,-24.450,31.6
19:40:09.265,400880,-9.301,-2.954,-2.710,-0.074,0.093,0.060,60.600,16.950,-24.450,31.4
19:40:09.325,400934,-9.816,-2.677,-2.897,0.226,-0.000,0.026,61.950,15.600,-27.150,31.4
19:40:09.385,400988,-8.878,-2.188,-2.995,0.228,-0.132,0.066,61.950,15.600,-27.150,31.4
19:40:09.445,401042,-8.236,-3.893,-2.097,0.257,-0.032,0.140,60.900,16.350,-26.400,31.6
19:40:09.505,401096,-8.997,1.674,-2.528,-0.467,0.215,0.163,61.950,16.350,-26.100,31.6
19:40:09.565,401150,-8.961,-3.613,-2.112,0.086,0.164,0.162,61.950,16.350,-26.100,31.4
19:40:09.566,401204,-8.899,-1.238,-1.674,-0.283,0.274,0.263,60.450,15.900,-27.900,31.2
19:40:09.625,401258,-9.328,-3.457,-2.514,0.191,0.249,0.391,60.450,15.900,-27.900,31.4
19:40:09.685,401312,-9.349,-3.112,-1.975,-0.387,0.406,0.327,59.850,20.100,-30.300,31.6
19:40:09.744,401366,-9.103,-1.446,-2.595,-0.197,0.503,0.305,59.850,20.100,-30.300,31.4
19:40:09.805,401420,-9.273,-2.488,-2.978,-0.448,0.555,0.234,61.650,22.200,-33.000,31.4
19:40:09.864,401474,-9.603,-2.504,-4.209,-0.584,0.445,0.022,61.650,22.200,-33.000,31.6
19:40:09.983,401528,-8.186,-0.211,-4.216,-0.088,0.322,-0.050,60.300,22.800,-34.350,31.4
19:40:09.984,401582,-8.856,-1.731,-3.970,-0.758,0.274,-0.064,60.300,22.800,-34.350,31.4
19:40:10.043,401636,-8.717,-1.815,-4.341,-0.374,0.055,-0.047,60.300,22.800,-34.350,31.7
19:40:10.105,401690,-9.838,0.177,-4.626,0.268,-0.331,-0.054,60.300,22.800,-34.350,31.4
19:40:10.106,401744,-9.436,0.134,-3.017,0.165,-0.621,-0.016,59.850,23.850,-35.700,31.4
19:40:10.165,401798,-4.137,-4.484,-0.781,1.540,0.391,1.243,60.450,22.200,-33.750,31.4
19:40:10.223,401852,-8.765,8.784,-10.245,1.203,0.595,0.681,60.450,22.200,-33.750,31.5
19:40:10.285,401906,-3.127,-11.547,-2.883,-1.626,0.605,0.665,60.450,22.200,-33.750,31.6
19:40:10.345,401960,-7.774,1.961,-5.866,-0.451,0.676,0.881,60.450,22.200,-33.750,31.5
19:40:10.405,402014,-7.113,-2.207,-3.548,-0.145,0.271,0.982,52.800,32.850,-42.300,31.6
19:40:10.465,402068,-7.803,4.372,-5.013,-0.207,0.409,0.504,52.800,32.850,-42.300,31.4
19:40:10.524,402122,-8.825,1.207,-5.818,-0.093,0.058,0.145,52.350,35.250,-43.950,31.6
19:40:10.585,402176,-8.746,1.496,-4.937,-0.007,0.254,0.169,52.350,35.250,-43.950,31.1
19:40:10.645,402230,-9.309,-0.326,-5.387,-0.596,0.497,0.092,52.350,35.250,-43.950,31.4
19:40:10.646,402284,-8.988,-0.350,-5.610,-0.740,0.247,0.056,52.350,35.250,-43.950,31.2
19:40:10.705,402338,-8.475,3.153,-5.954,-0.195,0.336,-0.108,49.350,38.400,-46.200,31.4
19:40:10.764,402392,-8.107,-1.063,-6.084,-0.116,0.000,0.195,48.600,39.900,-45.450,31.4
19:40:10.824,402446,-8.234,0.919,-6.014,0.980,-0.150,-0.092,48.600,39.900,-45.450,31.4
19:40:10.885,402500,-7.721,2.528,-5.555,-0.588,-0.066,-0.237,48.750,36.600,-46.800,31.6
19:40:10.945,402554,-7.908,0.251,-5.799,-0.022,0.006,-0.178,48.750,36.600,-46.800,31.6
19:40:11.005,402608,-8.155,2.849,-5.466,0.048,0.119,-0.370,48.900,37.950,-46.950,31.1
19:40:11.065,402662,-8.696,1.010,-5.011,-0.248,0.140,-0.346,48.900,37.950,-46.950,31.3
19:40:11.125,402716,-9.007,1.477,-5.459,0.123,0.187,-0.339,48.900,37.950,-46.950,31.4
19:40:11.185,402770,-8.712,1.073,-6.017,-0.129,0.133,-0.192,48.900,37.950,-46.950,31.6
19:40:11.186,402824,-8.413,1.188,-6.110,0.170,-0.057,-0.176,49.500,34.800,-48.600,31.5
19:40:11.245,402878,-7.925,0.927,-5.516,-0.141,-0.211,-0.103,49.500,34.800,-48.600,31.4
19:40:11.305,402932,-8.176,0.455,-5.365,0.142,-0.217,-0.118,49.800,35.100,-47.100,31.4
19:40:11.365,402986,-8.363,0.883,-5.267,0.087,-0.325,-0.104,49.800,35.100,-47.100,31.3
19:40:11.425,403040,-8.124,0.371,-5.411,0.295,-0.280,-0.179,49.800,35.100,-47.100,31.3
19:40:11.485,403094,-8.294,0.644,-5.092,0.108,-0.296,-0.256,51.750,32.400,-46.800,31.1
19:40:11.545,403148,-9.986,0.069,-6.251,0.066,-0.031,-0.212,51.750,32.400,-46.800,31.3
19:40:11.603,403202,-14.662,3.721,-9.033,-0.480,0.358,0.062,52.500,30.900,-47.850,31.5
19:40:11.665,403256,-14.518,2.588,-8.847,-0.243,0.336,0.536,52.500,30.900,-47.850,31.6
19:40:11.725,403310,-11.511,2.873,-6.357,-0.572,0.282,0.517,51.600,33.450,-45.750,31.5
19:40:11.726,403364,-9.534,0.809,-4.899,0.020,-0.035,0.230,51.600,33.450,-45.750,31.4
19:40:11.784,403418,-8.602,0.615,-4.772,-0.143,-0.107,-0.131,49.500,37.800,-44.850,31.4
19:40:11.845,403472,-8.387,-0.036,-3.227,-0.278,-0.212,-0.422,49.500,37.800,-44.850,31.6
19:40:11.904,403526,-8.083,-1.123,-4.221,-0.276,-0.223,-0.663,52.650,38.400,-41.850,31.6
19:40:11.965,403580,-7.542,-0.764,-4.642,0.259,-0.444,-0.696,52.800,35.850,-40.500,31.3
19:40:12.024,403634,-6.179,1.089,-3.347,-0.505,-0.450,-0.840,52.800,35.850,-40.500,31.3
19:40:12.085,403688,-5.507,-0.996,-5.353,-0.140,-0.675,-0.962,57.900,30.600,-38.100,31.4
19:40:12.145,403742,-6.452,-0.376,-4.264,0.370,-0.695,-0.800,57.900,30.600,-38.100,31.5
19:40:12.205,403796,-7.362,-1.858,-2.713,-0.404,-0.702,-0.766,57.900,30.600,-38.100,31.5
19:40:12.264,403850,-7.381,-0.311,-4.317,0.176,-0.534,-0.557,57.900,30.600,-38.100,31.4
19:40:12.265,403904,-8.708,-0.242,-1.580,-0.062,-0.564,-0.468,58.800,23.100,-31.050,31.6
19:40:12.325,403958,-9.052,-0.354,-3.505,0.625,-0.586,-0.583,58.800,23.100,-31.050,31.4
19:40:12.385,404012,-8.487,-0.826,-3.498,0.584,-0.919,-0.970,61.200,20.550,-28.200,31.4
19:40:12.445,404066,-6.280,-3.306,-0.335,0.981,-1.138,-1.230,61.200,20.550,-28.200,31.2
19:40:12.505,404120,-7.649,2.456,-2.950,1.240,-0.034,-0.129,61.200,20.550,-28.200,31.3
19:40:12.565,404174,-9.342,-5.344,-1.705,-0.948,0.642,0.358,61.200,20.550,-28.200,31.6
19:40:12.625,404228,-10.707,-2.468,-2.806,-0.494,0.243,-0.129,61.200,14.850,-22.800,31.6
19:40:12.685,404282,-9.254,-3.196,-2.634,0.434,-0.150,-0.236,61.950,14.850,-25.350,31.4
19:40:12.745,404336,-8.997,-2.535,-2.840,-0.303,-0.054,-0.090,61.950,14.850,-25.350,31.5
19:40:12.803,404390,-9.354,-3.426,-1.482,-0.157,0.025,0.016,61.950,14.850,-24.300,31.3
19:40:12.804,404444,-9.725,-2.842,-2.648,0.112,0.015,-0.012,61.950,14.850,-24.300,31.3
19:40:12.865,404498,-9.515,-3.318,-1.743,-0.268,-0.088,0.075,61.350,13.800,-24.750,31.4
19:40:12.925,404552,-8.868,-3.539,-1.745,0.178,-0.111,0.152,61.350,13.800,-24.750,31.4
19:40:12.985,404606,-8.928,-2.452,-2.550,0.209,-0.052,0.055,60.600,15.450,-23.400,31.4
19:40:13.045,404660,-8.830,-2.804,-1.539,0.191,-0.030,0.100,60.600,15.450,-23.400,31.4
19:40:13.105,404714,-9.357,-2.064,-1.743,0.175,0.132,0.127,62.850,14.250,-23.700,31.8
19:40:13.165,404768,-9.282,-2.531,-2.255,0.007,0.151,0.043,62.850,14.250,-23.700,31.6
19:40:13.283,404822,-9.500,-1.896,-2.093,0.140,0.156,0.068,62.550,14.550,-24.450,31.4
19:40:13.284,404876,-8.715,-3.151,-2.227,0.140,0.060,0.174,62.550,14.550,-24.450,31.4
19:40:13.345,404930,-9.651,-2.270,-2.617,0.277,0.115,0.177,62.550,14.550,-24.450,31.5
19:40:13.346,404984,-9.682,-3.347,-2.215,0.172,0.026,0.167,62.850,16.950,-25.950,31.6
19:40:13.405,405038,-9.416,-2.169,-2.583,0.319,-0.071,0.131,62.850,16.950,-25.950,31.4
19:40:13.465,405092,-8.641,-2.296,-2.282,0.308,0.013,0.352,61.800,17.700,-25.200,31.3
19:40:13.525,405146,-8.119,-1.872,-2.777,0.292,0.274,0.655,61.800,17.700,-25.200,31.4
19:40:13.585,405200,-6.931,-1.700,-2.880,-0.241,0.795,1.306,61.800,17.700,-25.200,31.4
19:40:13.645,405254,-6.321,-0.809,-3.527,0.035,1.063,1.747,61.800,17.700,-25.200,31.6
19:40:13.705,405308,-7.652,1.664,-3.093,0.702,0.814,1.463,57.750,28.200,-33.150,31.5
19:40:13.765,405362,-8.598,0.364,-3.670,-1.139,0.762,0.788,57.750,28.200,-33.150,31.5
19:40:13.825,405416,-8.078,-0.833,-4.190,-0.370,0.594,0.715,54.750,34.800,-37.650,31.6
19:40:13.884,405470,-8.337,1.518,-3.608,0.052,0.586,0.659,54.300,40.200,-37.950,31.2
19:40:13.885,405524,-8.528,0.436,-4.310,-0.569,0.558,0.702,54.300,40.200,-37.950,31.4
19:40:14.004,405578,-9.570,3.472,-5.576,0.012,0.443,0.100,49.800,41.700,-40.500,31.5
19:40:14.004,405632,-7.992,0.014,-4.650,-0.172,0.465,0.291,49.800,41.700,-40.500,31.4
19:40:14.064,405686,-8.277,4.089,-5.492,-0.156,0.552,0.007,49.800,41.700,-40.500,31.4
19:40:14.124,405740,-8.930,0.795,-5.689,-0.301,0.371,0.085,49.800,41.700,-40.500,31.4
19:40:14.185,405794,-8.686,3.235,-5.555,-0.234,0.363,-0.127,48.600,42.600,-45.750,31.4
19:40:14.244,405848,-8.586,1.970,-5.751,-0.258,0.007,-0.088,48.600,42.600,-45.750,31.5
19:40:14.304,405902,-7.537,2.246,-6.407,0.031,-0.140,-0.217,46.950,42.900,-46.050,31.5
19:40:14.425,405956,-8.076,1.765,-5.906,0.114,-0.118,-0.270,46.950,42.900,-46.050,31.3
19:40:14.426,406010,-8.813,2.270,-4.997,-0.008,0.019,-0.331,48.300,42.150,-43.800,31.4
19:40:14.427,406064,-8.432,3.000,-5.964,-0.021,-0.031,-0.406,47.850,39.900,-45.750,31.5
19:40:14.484,406118,-8.837,0.967,-5.250,-0.434,-0.001,-0.334,47.850,39.900,-45.750,31.6
19:40:14.543,406172,-8.073,1.609,-5.109,0.025,-0.036,-0.267,49.050,37.800,-46.050,31.4
19:40:14.605,406226,-8.138,1.247,-5.315,-0.043,-0.082,-0.118,49.050,37.800,-46.050,31.3
19:40:14.664,406280,-8.624,2.279,-5.224,0.067,-0.109,-0.151,49.350,38.850,-45.150,31.5
19:40:14.725,406334,-8.181,1.784,-6.086,0.195,-0.336,-0.042,49.350,38.850,-45.150,31.5
19:40:14.785,406388,-8.358,2.030,-4.860,0.147,-0.330,-0.246,52.050,35.850,-44.550,31.6
19:40:14.845,406442,-8.418,0.953,-4.827,-0.031,-0.071,-0.332,52.050,35.850,-44.550,31.4
19:40:14.905,406496,-8.080,1.120,-5.892,0.288,-0.068,-0.340,52.050,35.850,-44.550,31.6
19:40:14.965,406550,-8.267,0.278,-4.934,0.212,0.001,-0.291,52.050,35.850,-44.550,31.7
19:40:14.966,406604,-8.643,0.678,-5.365,0.329,-0.031,-0.346,53.700,30.600,-43.650,31.2
19:40:15.023,406658,-10.834,1.283,-6.809,0.014,0.052,-0.216,53.700,30.600,-43.650,31.6
19:40:15.085,406712,-14.602,1.812,-9.783,-0.687,-0.010,0.214,52.350,30.300,-45.450,31.6
19:40:15.145,406766,-13.132,2.708,-8.222,-0.457,0.369,0.808,52.350,30.300,-45.450,31.4
19:40:15.205,406820,-10.788,3.053,-6.043,-0.240,0.120,0.738,52.350,30.300,-45.450,31.3
19:40:15.265,406874,-10.348,1.765,-5.160,-0.320,0.011,0.431,51.900,36.900,-43.650,31.4
19:40:15.325,406928,-9.529,0.757,-4.187,-0.310,-0.061,-0.013,51.900,36.900,-43.650,31.1
19:40:15.385,406982,-8.741,1.343,-3.747,-0.197,-0.218,-0.435,50.400,38.850,-43.200,31.3
19:40:15.445,407036,-7.523,-0.534,-3.742,-0.100,-0.349,-0.640,50.400,38.850,-43.200,31.5
19:40:15.505,407090,-7.247,0.263,-4.281,0.114,-0.422,-0.694,51.900,38.400,-39.900,31.4
19:40:15.506,407144,-7.578,-0.275,-4.017,0.160,-0.799,-0.776,51.900,38.400,-39.900,31.6
19:40:15.565,407198,-6.752,-1.128,-3.120,0.593,-0.574,-0.728,55.500,33.900,-36.900,31.4
19:40:15.624,407252,-7.463,1.030,-3.725,0.484,-0.571,-0.890,55.500,33.900,-36.900,31.7
19:40:15.685,407306,-7.999,1.008,-2.066,0.218,-0.486,-0.783,57.300,30.450,-32.850,31.6
19:40:15.744,407360,-7.700,-0.393,-3.768,0.178,-0.451,-0.566,59.700,27.900,-29.700,31.4
19:40:15.805,407414,-8.253,-0.271,-3.445,0.178,-0.435,-0.601,59.700,27.900,-29.700,31.1
19:40:15.865,407468,-7.815,-0.970,-3.187,0.883,-0.406,-0.443,60.900,22.500,-27.600,31.4
19:40:15.925,407522,-10.171,1.386,-4.575,0.093,-0.956,-1.320,60.900,22.500,-27.600,31.8
19:40:16.045,407576,-5.859,-7.156,0.766,2.296,-0.895,-1.124,60.900,22.500,-27.600,31.7
19:40:16.046,407630,-8.993,10.321,-7.831,0.822,0.714,0.258,60.900,22.500,-27.600,31.4
19:40:16.047,407684,-9.946,-13.094,-1.772,-0.796,0.756,0.558,61.650,14.400,-23.850,31.6
19:40:16.104,407738,-10.554,-0.275,-2.899,0.408,0.170,0.114,61.650,14.400,-23.850,31.4
19:40:16.165,407792,-8.952,-2.897,-2.557,-0.012,0.067,0.057,60.900,18.750,-27.600,31.5
19:40:16.223,407846,-8.823,-1.583,-3.067,-0.114,0.217,0.112,60.900,18.750,-27.600,31.3
19:40:16.285,407900,-9.649,-2.974,-2.792,-0.690,-0.042,-0.090,60.900,18.750,-27.600,31.2
19:40:16.344,407954,-9.778,-2.533,-3.512,0.669,-0.331,-0.352,61.050,15.750,-28.050,31.5
19:40:16.404,408008,-9.163,-3.677,-2.203,0.123,-0.405,-0.251,61.050,15.750,-28.050,31.7
19:40:16.465,408062,-8.605,-2.174,-3.215,0.234,-0.060,-0.076,61.800,14.550,-25.500,31.6
19:40:16.525,408116,-8.887,-3.460,-1.762,-0.176,0.100,0.074,61.800,14.550,-25.500,31.4
19:40:16.585,408170,-9.108,-3.105,-3.302,0.134,0.200,0.074,61.800,14.550,-25.500,31.5
19:40:16.586,408224,-9.380,-3.773,-1.765,-0.175,0.008,-0.044,61.800,14.550,-25.500,31.4
19:40:16.645,408278,-8.952,-2.672,-3.220,0.170,-0.086,-0.070,59.550,15.450,-26.250,31.5
19:40:16.705,408332,-9.400,-3.021,-2.040,0.265,-0.129,-0.004,59.550,15.450,-26.250,31.3
19:40:16.765,408386,-9.201,-2.686,-2.375,-0.036,-0.072,-0.014,61.350,15.000,-26.550,31.3
19:40:16.825,408440,-8.856,-2.567,-2.342,-0.163,0.091,0.079,61.350,15.000,-26.550,31.5
19:40:16.884,408494,-8.442,-2.952,-2.162,-0.083,0.152,0.128,62.100,15.000,-25.950,31.5
19:40:16.944,408548,-7.865,-1.769,-2.066,0.599,0.343,0.398,62.100,16.200,-27.300,31.4
19:40:17.004,408602,-6.761,-1.269,-3.029,-0.157,0.853,1.109,62.100,16.200,-27.300,31.5
19:40:17.064,408656,-7.937,1.006,-3.536,-0.820,0.932,1.099,61.050,22.800,-32.100,31.4
19:40:17.124,408710,-8.236,-3.333,-3.086,0.296,0.581,1.192,61.050,22.800,-32.100,31.4
19:40:17.124,408764,-8.894,2.090,-4.319,-0.781,0.567,0.900,57.900,29.100,-36.000,31.4
19:40:17.184,408818,-8.430,0.335,-4.338,0.483,0.605,0.918,57.900,29.100,-36.000,31.3
19:40:17.243,408872,-8.183,-0.450,-4.633,0.120,0.595,0.833,56.550,31.950,-39.000,31.3
19:40:17.304,408926,-8.509,-0.314,-4.810,-0.588,0.653,0.687,56.550,31.950,-39.000,31.4
19:40:17.364,408980,-9.024,2.528,-5.765,0.027,0.404,0.227,56.550,31.950,-39.000,31.6
19:40:17.425,409034,-8.303,0.718,-4.386,-0.327,0.191,0.314,56.550,31.950,-39.000,31.3
19:40:17.483,409088,-8.073,-0.927,-5.576,0.369,0.259,0.296,51.150,38.400,-43.950,31.4
19:40:17.545,409142,-8.679,1.736,-5.162,-0.367,0.365,0.109,51.150,38.400,-43.950,31.5
19:40:17.605,409196,-8.686,2.217,-5.823,-0.321,0.341,-0.057,49.800,39.300,-46.050,31.6
19:40:17.665,409250,-8.887,3.342,-5.559,0.092,0.264,-0.181,49.800,39.300,-46.050,31.7
19:40:17.666,409304,-7.594,0.359,-6.072,-0.111,0.385,-0.198,49.800,39.300,-46.050,31.2
19:40:17.725,409358,-7.501,2.066,-6.311,-0.123,0.408,-0.266,49.650,40.650,-48.000,31.2
19:40:17.785,409412,-7.712,1.427,-6.507,-0.114,0.384,-0.334,49.650,40.650,-48.000,31.4
19:40:17.845,409466,-7.669,1.238,-6.278,-0.413,0.362,-0.321,48.600,36.900,-50.250,31.3
19:40:17.905,409520,-7.817,1.841,-7.353,-0.177,0.309,-0.315,48.600,36.900,-50.250,31.5
19:40:17.965,409574,-7.638,1.408,-6.634,-0.203,0.035,-0.216,48.600,36.900,-50.250,31.5
19:40:18.024,409628,-7.221,1.403,-7.477,-0.228,0.107,-0.189,48.600,36.900,-50.250,31.2
19:40:18.084,409682,-7.214,1.559,-6.828,-0.161,-0.062,-0.123,47.700,37.050,-49.650,31.4
19:40:18.143,409736,-6.823,1.374,-7.147,-0.077,0.087,-0.071,47.700,37.050,-49.650,31.6
19:40:18.204,409790,-7.166,1.456,-6.546,-0.035,0.028,0.090,47.850,36.150,-52.050,31.3
19:40:18.205,409844,-7.132,1.628,-6.472,0.156,-0.004,0.059,48.600,37.200,-51.600,31.4
19:40:18.265,409898,-7.389,1.372,-6.838,0.312,-0.031,-0.042,48.600,37.200,-51.600,31.4
19:40:18.323,409952,-7.436,1.468,-6.926,0.457,-0.027,-0.096,47.100,35.250,-52.050,31.4
19:40:18.385,410006,-7.556,0.548,-7.192,0.387,0.008,-0.275,47.100,35.250,-52.050,31.5
19:40:18.445,410060,-8.013,1.094,-6.665,0.759,-0.030,-0.306,47.100,35.250,-52.050,31.5
19:40:18.505,410114,-8.636,-0.010,-6.649,0.475,-0.302,-0.432,47.100,35.250,-52.050,31.8
19:40:18.565,410168,-8.775,-0.539,-6.021,0.123,-0.462,-0.487,48.150,29.850,-51.600,31.4
19:40:18.625,410222,-9.716,-0.795,-6.713,-0.358,-0.366,-0.275,48.150,29.850,-51.600,31.5
19:40:18.685,410276,-10.985,0.462,-7.209,-0.396,-0.089,0.135,50.550,27.000,-51.150,31.4
19:40:18.745,410330,-12.325,0.019,-7.511,-0.483,-0.201,0.725,50.550,27.000,-51.150,31.6
19:40:18.746,410384,-10.772,0.694,-6.661,-0.288,-0.257,0.797,50.550,27.000,-51.150,31.5
19:40:18.805,410438,-10.099,0.962,-6.783,-0.258,-0.207,0.492,50.100,34.500,-47.700,31.3
19:40:18.865,410492,-8.880,0.558,-5.013,-0.169,-0.252,0.235,50.100,34.500,-47.700,31.4
19:40:18.923,410546,-8.073,0.532,-4.831,-0.100,-0.243,-0.116,51.300,36.300,-44.100,31.6
19:40:18.985,410600,-6.864,0.144,-4.757,0.099,-0.284,-0.461,51.300,36.300,-44.100,31.4
19:40:19.044,410654,-6.203,-0.991,-4.379,0.360,-0.373,-0.852,51.300,36.300,-44.100,31.6
19:40:19.104,410708,-6.311,-0.946,-5.155,0.256,-0.319,-0.933,51.300,36.300,-44.100,31.5
19:40:19.163,410762,-7.714,-0.067,-5.339,0.748,-0.449,-1.159,54.900,29.550,-41.400,31.2
19:40:19.224,410816,-7.587,-0.711,-4.621,0.110,-0.648,-1.047,54.900,29.550,-41.400,31.3
19:40:19.285,410870,-7.525,-0.816,-3.230,1.184,-0.840,-0.880,57.750,25.050,-39.000,31.4
19:40:19.286,410924,-6.127,-1.235,-3.476,0.153,-0.657,-0.667,57.750,25.050,-39.000,31.6
19:40:19.403,410978,-7.961,-0.271,-2.897,0.604,-0.434,-0.667,58.800,18.900,-36.150,31.6
19:40:19.404,411032,-8.109,-2.308,-4.662,0.473,-0.606,-0.551,60.600,15.000,-32.850,31.5
19:40:19.465,411086,-8.739,-1.681,-3.953,-0.100,-1.051,-1.186,60.600,15.000,-32.850,31.3
19:40:19.526,411140,-6.972,-7.671,-2.229,2.346,-1.245,-0.988,60.600,15.000,-32.850,31.4
19:40:19.585,411194,-7.903,2.054,-4.286,-1.179,0.344,0.398,60.600,15.000,-32.850,31.2
19:40:19.645,411248,-8.689,-7.824,-1.561,-0.125,0.272,0.475,62.400,9.450,-25.650,31.3
19:40:19.704,411302,-9.361,-1.300,-2.952,-0.378,-0.018,-0.035,62.400,9.450,-25.650,31.4
19:40:19.764,411356,-9.141,-4.990,-2.198,0.391,-0.060,0.143,61.350,10.350,-25.950,31.5
19:40:19.825,411410,-8.365,-3.970,-2.449,-0.382,0.049,0.063,61.350,10.350,-25.950,31.4
19:40:19.826,411464,-8.724,-3.812,-1.774,0.013,-0.028,0.064,61.350,10.350,-25.950,31.6
19:40:19.885,411518,-8.763,-4.259,-2.248,-0.077,-0.090,0.083,61.350,10.350,-25.950,31.4
19:40:19.944,411572,-8.729,-3.864,-2.452,0.063,-0.102,0.025,62.100,10.350,-26.250,31.3
19:40:20.003,411626,-9.409,-3.654,-2.512,-0.075,-0.024,0.105,62.100,10.350,-26.250,31.6
19:40:20.123,411680,-9.534,-4.132,-2.547,0.071,-0.054,0.187,63.150,11.400,-27.900,31.2
19:40:20.124,411734,-9.321,-3.845,-2.327,0.111,-0.107,0.098,61.950,11.700,-24.300,31.5
19:40:20.184,411788,-8.612,-2.758,-1.980,-0.016,-0.091,0.217,61.950,11.700,-24.300,31.4
19:40:20.244,411842,-8.631,-2.995,-2.128,0.385,-0.123,0.127,61.800,12.300,-24.000,31.4
19:40:20.305,411896,-8.298,-3.383,-2.181,0.093,-0.074,0.102,61.800,12.300,-24.000,31.3
19:40:20.365,411950,-8.492,-2.583,-1.765,0.059,0.036,0.119,61.200,12.150,-24.600,31.6
19:40:20.366,412004,-8.229,-2.737,-2.646,0.230,0.261,0.281,61.200,12.150,-24.600,31.4
19:40:20.423,412058,-7.350,-1.863,-2.397,0.004,0.742,1.140,62.100,14.550,-24.450,31.5
19:40:20.485,412112,-5.954,-2.069,-2.351,-0.313,1.021,1.593,62.100,14.550,-24.450,31.2
19:40:20.543,412166,-7.343,1.477,-1.822,-1.495,0.992,1.450,60.150,20.250,-30.450,31.3
19:40:20.605,412220,-7.405,-3.757,-3.189,-0.312,0.727,1.539,60.150,20.250,-30.450,31.2
19:40:20.663,412274,-8.456,2.004,-3.402,-0.676,0.795,1.174,60.150,20.250,-30.450,31.4
19:40:20.725,412328,-7.997,-1.822,-5.109,-0.441,0.523,1.085,53.550,37.050,-37.200,31.5
19:40:20.785,412382,-7.796,1.714,-4.161,-0.260,0.419,0.689,53.550,37.050,-37.200,31.5
19:40:20.845,412436,-9.131,0.151,-5.559,-0.942,0.403,0.388,51.900,39.600,-39.300,31.4
19:40:20.905,412490,-7.676,1.037,-5.612,0.396,0.171,0.280,51.900,39.600,-39.300,31.5
19:40:20.905,412544,-9.261,5.528,-4.209,0.193,0.454,-0.095,51.900,39.600,-39.300,31.4
19:40:20.965,412598,-7.594,1.168,-6.041,-0.645,0.604,-0.089,51.900,39.600,-39.300,31.7
19:40:21.025,412652,-9.584,3.764,-4.796,0.451,0.395,-0.345,49.350,40.350,-42.150,31.1
19:40:21.085,412706,-8.303,2.550,-5.363,-0.460,0.370,-0.230,49.350,40.350,-42.150,31.2
19:40:21.145,412760,-8.827,3.692,-5.746,0.094,0.261,-0.472,50.550,39.750,-44.850,31.6
19:40:21.205,412814,-8.440,1.049,-6.302,-0.569,0.107,-0.509,50.550,39.750,-44.850,31.5
19:40:21.264,412868,-8.571,1.499,-5.442,-0.107,0.103,-0.448,50.550,39.750,-44.850,31.4
19:40:21.323,412922,-9.088,2.315,-6.304,-0.088,0.028,-0.310,49.650,36.150,-45.450,31.5
19:40:21.383,412976,-9.517,0.833,-5.191,-0.539,0.048,-0.281,49.650,36.150,-45.450,31.5
19:40:21.445,413030,-8.528,0.156,-5.289,-0.358,-0.066,-0.374,50.100,35.700,-45.450,31.6
19:40:21.445,413084,-8.092,2.327,-5.325,-0.001,0.134,-0.259,50.100,35.700,-45.450,31.5
19:40:21.505,413138,-7.796,1.077,-5.710,0.237,0.116,-0.368,49.050,33.900,-45.300,31.1
19:40:21.564,413192,-8.578,1.022,-5.837,0.545,0.184,-0.464,49.050,33.900,-45.300,31.6
19:40:21.625,413246,-8.325,0.512,-6.699,0.084,0.124,-0.519,51.300,31.200,-46.350,31.6
19:40:21.685,413300,-8.859,-0.067,-6.500,0.106,0.194,-0.505,51.300,31.200,-46.350,31.7
19:40:21.745,413354,-8.535,-1.290,-6.057,0.041,0.003,-0.459,50.550,28.200,-47.850,31.4
19:40:21.805,413408,-8.045,-1.544,-5.897,0.269,-0.126,-0.220,50.550,28.200,-47.850,31.4
19:40:21.865,413462,-7.276,-1.171,-4.537,-0.286,-0.172,-0.104,51.300,26.550,-47.850,31.4
19:40:21.923,413516,-7.966,-0.180,-4.870,0.036,-0.153,-0.070,52.350,26.400,-46.950,31.4
19:40:21.985,413570,-8.679,-0.795,-5.248,-0.374,-0.278,0.036,52.350,26.400,-46.950,31.7
19:40:21.985,413624,-9.167,-0.038,-5.203,-0.234,-0.336,0.019,52.350,26.400,-46.950,31.4
19:40:22.045,413678,-10.891,1.008,-6.685,-0.629,-0.353,-0.109,52.350,26.400,-46.950,31.4
19:40:22.105,413732,-13.561,2.399,-8.143,-0.220,-0.122,0.470,51.600,28.350,-44.700,31.5
19:40:22.164,413786,-13.350,2.502,-7.254,-0.573,0.202,0.900,51.600,28.350,-44.700,31.5
19:40:22.225,413840,-11.621,0.761,-6.732,-0.432,0.053,1.029,51.900,32.550,-42.450,31.3
19:40:22.283,413894,-10.412,0.974,-5.861,-0.203,-0.013,0.786,51.900,32.550,-42.450,31.6
19:40:22.344,413948,-9.151,0.850,-4.549,0.075,-0.234,0.374,51.900,32.550,-42.450,31.5
19:40:22.404,414002,-7.398,0.314,-4.513,0.302,-0.320,-0.011,51.900,32.550,-42.450,31.5
19:40:22.464,414056,-7.602,-0.462,-4.389,0.205,-0.293,-0.259,51.900,39.150,-39.300,31.3
19:40:22.523,414110,-8.377,1.856,-4.736,0.168,-0.447,-0.646,54.000,76.650,-39.300,31.4
19:40:22.524,414164,-8.219,1.307,-4.120,0.242,-0.749,-0.912,54.000,38.250,-37.200,31.5
19:40:22.643,414218,-5.737,0.045,-3.170,0.603,-0.787,-0.854,54.000,38.250,-37.200,31.7
19:40:22.644,414272,-6.728,0.215,-3.268,0.098,-0.889,-0.893,54.000,38.250,-37.200,31.2
19:40:22.705,414326,-7.345,1.724,-2.885,1.101,-0.762,-0.646,59.250,31.200,-28.800,31.4
19:40:22.763,414380,-7.068,-0.733,-2.705,0.354,-0.464,-0.426,59.250,31.200,-28.800,31.6
19:40:22.824,414434,-9.716,2.562,-2.861,0.301,-0.611,-0.977,60.300,25.800,-27.750,31.4
19:40:22.883,414488,-7.317,-3.982,-3.560,0.500,-1.110,-1.668,60.300,25.800,-27.750,31.5
19:40:22.943,414542,-5.277,-0.718,1.829,2.683,-0.569,-0.974,61.800,19.200,-23.400,31.3
19:40:23.003,414596,-7.140,2.818,-3.618,-1.396,0.806,0.563,61.800,19.200,-23.400,31.4
19:40:23.065,414650,-10.963,-7.575,-1.092,0.321,0.658,0.270,62.550,13.500,-22.200,31.4
19:40:23.125,414704,-10.187,-2.978,-2.363,-0.073,0.135,-0.198,62.550,13.500,-22.200,31.6
19:40:23.125,414758,-9.290,-2.016,-2.184,-0.041,0.038,-0.104,62.550,13.500,-22.200,31.7
19:40:23.185,414812,-8.952,-2.184,-2.708,0.201,0.082,0.001,62.850,16.500,-25.950,31.5
19:40:23.244,414866,-8.906,-3.955,-2.301,0.017,0.003,-0.020,62.850,16.500,-25.950,31.6
19:40:23.303,414920,-9.361,-2.729,-3.417,-0.096,0.037,-0.064,61.950,16.350,-26.850,31.7
19:40:23.425,414974,-9.218,-3.024,-2.916,-0.086,0.000,0.086,61.950,16.350,-26.850,31.5
19:40:23.426,415028,-9.060,-3.476,-3.038,0.119,-0.095,-0.003,62.700,16.350,-27.600,31.4
19:40:23.485,415082,-9.052,-2.492,-1.815,-0.041,-0.091,0.024,62.700,16.350,-27.600,31.5
19:40:23.545,415136,-9.598,-2.998,-2.385,-0.102,0.000,0.136,61.050,16.950,-25.950,31.7
19:40:23.605,415190,-9.744,-2.330,-2.114,-0.025,0.049,0.148,61.050,16.950,-25.950,31.4
19:40:23.605,415244,-9.278,-2.025,-2.442,-0.317,0.078,0.138,62.850,18.150,-25.950,31.3
19:40:23.665,415298,-8.722,-2.394,-1.994,-0.141,-0.015,0.143,62.850,18.150,-25.950,31.4
19:40:23.725,415352,-9.005,-1.312,-2.093,-0.354,-0.065,0.133,63.300,18.900,-27.750,31.5
19:40:23.785,415406,-9.811,-1.051,-2.361,-0.185,0.062,0.215,62.550,20.400,-25.200,31.5
19:40:23.845,415460,-9.330,-2.986,-2.411,0.047,0.052,0.316,62.550,20.400,-25.200,31.4
19:40:23.905,415514,-8.284,-1.144,-2.418,-0.164,-0.008,0.489,62.550,20.400,-25.200,31.3
19:40:23.965,415568,-7.772,-0.982,-1.978,0.195,0.073,0.846,62.550,20.400,-25.200,31.4
19:40:24.024,415622,-7.597,0.565,-1.925,-0.763,0.368,0.924,60.900,24.450,-28.200,31.3
19:40:24.085,415676,-7.542,0.438,-3.804,0.297,0.573,1.125,60.900,24.450,-28.200,31.5
19:40:24.145,415730,-7.302,-2.598,-2.128,-1.076,0.452,0.708,59.550,30.900,-29.850,31.4
19:40:24.146,415784,-8.097,0.690,-6.021,0.841,0.725,0.660,59.550,30.900,-29.850,31.5
19:40:24.204,415838,-8.272,1.630,-1.006,-1.275,0.941,0.323,58.800,34.800,-32.850,31.5
19:40:24.265,415892,-8.633,0.460,-4.051,-0.316,0.463,0.419,58.800,34.800,-32.850,31.4
19:40:24.324,415946,-7.956,1.097,-5.574,0.272,0.454,0.480,54.900,37.200,-35.250,31.6
19:40:24.384,416000,-9.242,1.130,-5.504,-0.031,0.320,0.254,54.900,37.200,-35.250,31.4
19:40:24.445,416054,-8.341,0.737,-6.989,0.456,0.176,0.111,54.900,37.200,-35.250,31.4
19:40:24.505,416108,-9.052,2.468,-6.132,-0.201,0.329,-0.123,53.250,38.250,-41.250,31.4
19:40:24.565,416162,-9.517,0.414,-4.772,-0.067,0.149,-0.158,53.250,38.250,-41.250,31.6
19:40:24.624,416216,-8.131,1.949,-5.294,-0.540,0.034,-0.110,52.800,37.800,-40.950,31.4
19:40:24.743,416270,-9.017,0.783,-5.555,-0.563,-0.162,-0.117,52.800,37.800,-40.950,31.5
19:40:24.744,416324,-8.811,0.697,-4.822,-0.468,-0.068,0.004,52.800,37.800,-40.950,31.3
19:40:24.746,416378,-8.746,2.014,-5.160,-0.031,0.052,-0.054,52.800,37.800,-40.950,31.7
19:40:24.805,416432,-9.148,1.762,-4.525,-0.333,0.146,-0.134,54.150,37.650,-41.400,31.6
19:40:24.865,416486,-8.353,1.697,-5.009,-0.187,0.337,-0.126,54.150,37.650,-41.400,31.3
19:40:24.925,416540,-8.382,1.374,-4.958,-0.102,0.221,-0.157,54.900,37.200,-41.400,31.4
19:40:24.983,416594,-8.516,1.784,-4.645,-0.265,0.062,-0.181,54.900,37.200,-41.400,31.4
19:40:25.045,416648,-8.645,1.887,-5.454,-0.222,-0.000,-0.216,54.900,37.200,-41.400,31.4
19:40:25.105,416702,-9.167,2.191,-5.229,-0.085,-0.027,-0.202,53.700,36.150,-43.650,31.4
19:40:25.165,416756,-9.129,2.085,-5.195,0.031,-0.036,-0.185,53.700,36.150,-43.650,31.6
19:40:25.225,416810,-8.710,1.626,-5.016,0.190,-0.075,-0.207,54.150,35.250,-43.650,31.4
19:40:25.226,416864,-8.380,1.346,-4.743,0.150,0.025,-0.161,54.150,35.250,-43.650,31.7
19:40:25.284,416918,-8.693,0.931,-4.381,-0.195,-0.026,-0.149,53.700,34.500,-42.900,31.4
19:40:25.343,416972,-8.660,0.824,-4.784,0.189,0.027,-0.144,53.700,34.500,-42.900,31.3
19:40:25.404,417026,-8.550,0.460,-5.351,0.081,0.001,-0.111,53.400,35.250,-42.900,31.4
19:40:25.465,417080,-8.320,0.771,-5.162,0.324,-0.079,-0.066,53.400,35.250,-42.900,31.4
19:40:25.585,417134,-8.121,0.792,-5.289,0.259,-0.094,-0.054,53.400,35.250,-42.900,31.3
19:40:25.586,417188,-8.507,0.915,-5.246,0.041,-0.135,-0.059,53.400,35.250,-42.900,31.5
19:40:25.645,417242,-11.638,1.307,-8.629,0.299,-0.138,-0.139,54.300,32.400,-43.050,31.7
19:40:25.705,417296,-15.969,3.503,-8.708,0.091,-0.272,0.726,54.150,31.050,-42.900,31.4
19:40:25.765,417350,-13.204,2.277,-6.651,-0.173,-0.026,0.917,54.150,31.050,-42.900,31.6
19:40:25.766,417404,-11.032,1.877,-4.202,-0.436,-0.005,0.715,54.150,31.050,-42.900,31.4
19:40:25.824,417458,-9.658,2.188,-4.853,0.006,0.037,0.232,54.150,31.050,-42.900,31.2
19:40:25.883,417512,-9.213,0.189,-2.761,-0.117,-0.192,0.032,53.100,38.850,-39.300,31.4
19:40:25.943,417566,-7.695,2.210,-3.694,0.557,-0.378,-0.466,53.100,38.850,-39.300,31.4
19:40:26.003,417620,-7.216,0.644,-3.481,0.423,-0.410,-0.504,53.550,37.050,-36.900,31.4
19:40:26.064,417674,-6.579,-0.498,-3.917,0.668,-0.482,-0.651,53.550,37.050,-36.900,31.6
19:40:26.125,417728,-7.403,-0.271,-3.383,0.377,-0.587,-0.777,53.550,37.050,-36.900,31.6
19:40:26.185,417782,-7.080,-0.812,-3.256,0.204,-0.634,-0.763,53.550,37.050,-36.900,31.7
19:40:26.245,417836,-5.739,0.383,-2.612,-0.531,-0.495,-0.689,56.400,31.500,-31.950,31.4
19:40:26.305,417890,-7.298,-0.218,-3.177,0.683,-0.538,-0.811,60.450,28.350,-28.950,31.3
19:40:26.306,417944,-7.807,-1.508,-3.000,-0.110,-0.412,-0.685,60.450,28.350,-28.950,31.5
19:40:26.365,417998,-8.794,0.067,-2.662,0.405,-0.658,-1.019,61.200,25.200,-26.100,31.5
19:40:26.425,418052,-5.710,-5.260,-1.729,1.129,-1.261,-1.329,61.200,25.200,-26.100,31.5
19:40:26.483,418106,-7.283,6.993,-1.326,2.702,-0.047,-0.236,61.650,18.300,-22.050,31.4
19:40:26.544,418160,-9.859,-5.964,-1.800,-0.814,0.563,0.495,61.650,18.300,-22.050,31.4
19:40:26.665,418214,-10.350,-0.658,-2.583,0.388,0.324,-0.138,60.900,19.500,-23.850,31.6
19:40:26.666,418268,-8.813,-1.185,-1.748,0.064,-0.060,-0.263,60.900,19.500,-23.850,31.5
19:40:26.723,418322,-8.631,-1.688,-2.547,0.162,0.259,-0.055,61.800,18.150,-26.250,31.6
19:40:26.783,418376,-8.945,-2.871,-2.461,0.002,0.322,0.044,61.800,18.150,-26.250,31.3
19:40:26.843,418430,-9.795,-2.540,-2.715,-0.338,0.248,0.026,61.800,16.950,-24.750,31.3
19:40:26.844,418484,-10.082,-3.103,-2.624,-0.161,0.037,-0.067,61.800,16.950,-24.750,31.7
19:40:26.904,418538,-9.273,-3.160,-2.698,-0.018,-0.085,-0.009,61.800,16.950,-24.750,31.4
19:40:26.964,418592,-8.775,-2.926,-3.235,0.145,-0.125,-0.061,61.350,18.900,-27.300,31.5
19:40:27.024,418646,-9.249,-2.401,-2.375,-0.004,-0.002,-0.014,61.350,18.900,-27.300,31.5
19:40:27.085,418700,-9.091,-2.298,-2.404,-0.067,0.025,-0.048,61.200,17.100,-27.600,31.5
19:40:27.145,418754,-9.366,-1.697,-2.037,-0.019,0.017,-0.072,61.200,17.100,-27.600,31.6
19:40:27.205,418808,-9.428,-3.529,-2.648,0.007,0.023,-0.065,61.200,17.100,-27.600,31.5
19:40:27.263,418862,-9.096,-1.798,-2.863,-0.130,0.006,-0.102,61.200,17.100,-27.600,31.2
19:40:27.323,418916,-9.392,-3.103,-2.904,0.038,0.001,-0.069,62.400,17.550,-27.600,31.1
19:40:27.383,418970,-8.966,-2.279,-2.377,-0.070,0.001,-0.113,62.400,17.550,-27.600,31.3
19:40:27.384,419024,-9.196,-2.715,-2.138,0.082,-0.094,0.025,62.400,16.350,-27.600,31.4
19:40:27.443,419078,-9.448,-2.931,-2.674,-0.045,-0.005,0.071,61.050,16.500,-27.750,31.4
19:40:27.503,419132,-9.096,-2.842,-2.478,0.031,-0.026,0.069,61.050,16.500,-27.750,31.4
19:40:27.564,419186,-8.083,-2.650,-2.449,0.479,0.165,0.420,61.200,17.100,-26.100,31.6
19:40:27.625,419240,-5.346,-1.482,-2.902,0.294,0.749,1.574,61.200,17.100,-26.100,31.7
19:40:27.685,419294,-7.058,0.290,-2.660,-0.587,1.008,1.464,60.900,23.700,-30.150,31.4
19:40:27.745,419348,-6.232,-3.163,-1.963,-1.021,0.835,1.453,60.900,23.700,-30.150,31.3
19:40:27.805,419402,-8.052,5.009,-3.613,0.194,0.743,1.359,57.300,32.400,-33.600,31.5
19:40:27.865,419456,-7.628,-2.133,-4.298,0.047,0.803,1.480,57.300,32.400,-33.600,31.4
19:40:27.925,419510,-8.068,0.814,-5.064,-0.005,0.743,0.868,53.100,39.900,-38.100,31.4
19:40:27.925,419564,-10.144,4.559,-5.133,0.057,0.507,0.428,53.100,39.900,-38.100,31.6
19:40:27.985,419618,-8.813,-0.790,-6.108,0.003,0.442,0.633,53.100,39.900,-38.100,31.4
19:40:28.043,419672,-8.849,4.317,-5.607,0.370,0.310,0.018,53.100,39.900,-38.100,31.4
19:40:28.105,419726,-8.205,0.369,-6.141,-0.022,-0.034,0.094,48.750,43.200,-44.850,31.5
19:40:28.165,419780,-8.672,1.741,-6.036,0.430,-0.220,-0.140,50.400,42.600,-46.500,31.3
19:40:28.225,419834,-8.241,1.137,-5.612,-0.420,-0.156,0.011,50.400,42.600,-46.500,31.3
19:40:28.283,419888,-8.217,1.276,-4.604,0.088,-0.267,-0.111,50.400,42.600,-46.500,31.3
19:40:28.345,419942,-8.854,3.505,-5.555,-0.145,-0.078,-0.427,50.400,42.600,-46.500,31.4
19:40:28.404,419996,-9.586,0.675,-4.465,0.372,-0.275,-0.468,52.500,40.950,-42.750,31.6
19:40:28.465,420050,-8.727,4.003,-5.162,-0.057,-0.312,-0.610,52.500,40.950,-42.750,31.6
19:40:28.466,420104,-9.479,-0.869,-4.096,-0.734,-0.323,-0.496,51.600,37.200,-41.850,31.5
19:40:28.525,420158,-10.659,0.965,-6.565,1.228,0.038,-0.314,51.600,37.200,-41.850,31.6
19:40:28.583,420212,-9.529,1.178,-3.383,-0.875,-0.246,-0.545,51.600,37.200,-41.850,31.4
19:40:28.643,420266,-8.837,-0.649,-3.570,-0.171,0.080,-0.326,51.600,37.200,-41.850,31.3
19:40:28.704,420320,-9.115,0.591,-4.690,0.272,0.163,-0.414,54.300,35.850,-41.250,31.4
19:40:28.765,420374,-8.538,0.491,-3.852,-0.266,0.177,-0.385,54.750,33.150,-43.050,31.6
19:40:28.823,420428,-8.325,-0.429,-4.216,-0.012,0.164,-0.392,54.750,33.150,-43.050,31.4
19:40:28.885,420482,-8.468,0.615,-4.089,-0.250,0.262,-0.256,54.750,33.150,-43.050,31.6
19:40:28.944,420536,-8.562,-0.223,-4.896,-0.479,0.132,-0.094,54.750,33.150,-43.050,31.4
19:40:29.005,420590,-9.076,0.910,-4.877,-0.032,0.221,0.035,54.300,32.400,-44.100,31.3
19:40:29.006,420644,-8.763,0.589,-5.112,-0.352,0.066,0.110,54.300,32.400,-44.100,31.4
19:40:29.063,420698,-8.806,0.958,-5.212,0.019,0.078,0.113,53.400,31.500,-43.950,31.8
19:40:29.123,420752,-8.629,0.874,-5.552,0.005,0.082,0.078,53.400,31.500,-43.950,31.4
19:40:29.183,420806,-8.612,1.015,-5.442,-0.104,0.084,-0.035,53.400,34.500,-43.950,31.3
19:40:29.245,420860,-8.459,0.752,-5.200,-0.108,0.021,-0.080,53.400,34.500,-43.950,31.4
19:40:29.363,420914,-8.363,0.848,-4.951,0.046,0.050,-0.109,54.000,31.950,-44.850,31.6
19:40:29.364,420968,-8.260,1.006,-4.566,-0.130,-0.078,-0.085,54.000,31.950,-44.850,31.4
19:40:29.423,421022,-8.672,0.529,-5.301,0.124,-0.134,0.013,54.000,31.950,-44.850,31.6
19:40:29.483,421076,-12.074,0.378,-7.740,0.027,-0.035,0.112,55.500,31.950,-45.300,31.6
19:40:29.543,421130,-14.557,2.497,-8.940,-0.276,0.293,0.863,55.500,31.950,-45.300,31.6
19:40:29.544,421184,-12.534,3.613,-7.393,-0.301,0.495,0.856,51.900,35.700,-45.150,31.4
19:40:29.605,421238,-10.400,1.477,-5.389,-0.380,0.310,0.574,51.900,35.700,-45.150,31.5
19:40:29.665,421292,-9.206,2.057,-4.884,-0.290,-0.006,0.237,51.900,35.700,-45.150,31.4
19:40:29.725,421346,-7.621,0.397,-4.089,-0.578,-0.107,-0.169,51.900,35.700,-45.150,31.5
19:40:29.785,421400,-7.140,2.380,-4.523,0.468,-0.304,-0.665,51.300,41.250,-43.050,31.5
19:40:29.845,421454,-6.790,0.019,-3.261,-0.175,-0.459,-0.650,51.300,41.250,-43.050,31.5
19:40:29.905,421508,-6.711,0.048,-4.302,0.599,-0.434,-0.784,53.250,37.500,-39.750,31.5
19:40:29.965,421562,-6.682,-0.673,-4.099,-0.201,-0.579,-0.666,53.250,37.500,-39.750,31.6
19:40:30.025,421616,-7.527,1.772,-4.065,0.081,-0.528,-0.732,53.250,37.500,-39.750,31.5
19:40:30.083,421670,-7.590,1.362,-3.603,0.486,-0.628,-0.659,57.150,31.800,-35.550,31.5
19:40:30.084,421724,-7.920,-0.093,-3.393,0.244,-0.599,-0.798,57.150,31.800,-35.550,31.4
19:40:30.144,421778,-7.752,1.949,-3.393,0.936,-0.653,-0.867,58.950,29.850,-30.450,31.5
19:40:30.205,421832,-8.279,0.678,-3.591,-0.038,-0.813,-1.072,58.950,29.850,-30.450,31.7
19:40:30.265,421886,-7.573,-3.938,-3.405,1.497,-1.032,-1.112,61.650,23.250,-27.150,31.4
19:40:30.325,421940,-7.151,1.257,-2.397,1.227,-0.844,-1.122,61.650,23.250,-27.150,31.5
19:40:30.385,421994,-8.514,-0.417,-2.739,1.265,0.100,0.059,63.300,16.500,-23.400,31.4
19:40:30.445,422048,-9.955,-3.395,-1.784,-0.654,0.341,0.164,63.300,16.500,-23.400,31.5
19:40:30.503,422102,-9.783,-2.679,-2.294,-0.050,0.224,-0.084,61.950,15.900,-24.900,31.5
19:40:30.565,422156,-9.110,-3.043,-1.994,0.321,0.085,-0.029,61.950,15.900,-24.900,31.5
19:40:30.625,422210,-9.227,-2.564,-2.258,-0.260,0.172,0.045,61.650,15.900,-23.850,31.4
19:40:30.625,422264,-8.952,-3.005,-2.784,0.094,0.172,0.119,63.150,15.600,-24.900,31.6
19:40:30.685,422318,-8.961,-3.010,-2.885,-0.335,0.120,0.115,63.150,15.600,-24.900,31.6
19:40:30.743,422372,-9.215,-1.791,-3.778,-0.407,0.173,0.191,62.850,16.200,-27.300,31.6
19:40:30.804,422426,-9.390,-3.199,-3.230,-0.264,0.061,0.339,62.850,16.200,-27.300,31.6
19:40:30.865,422480,-9.167,-2.119,-3.242,-0.002,0.055,0.588,61.350,20.850,-27.300,31.6
19:40:30.925,422534,-9.455,-0.431,-3.098,0.184,-0.051,0.485,61.350,20.850,-27.300,31.5
19:40:30.985,422588,-8.926,-2.014,-1.659,-0.315,-0.017,0.116,61.650,20.250,-27.900,31.5
19:40:31.045,422642,-8.882,-1.410,-2.456,-0.397,0.074,-0.152,61.650,20.250,-27.900,31.4
19:40:31.105,422696,-9.163,-2.291,-3.481,-0.116,0.291,0.017,61.650,20.250,-27.900,31.3
19:40:31.163,422750,-9.404,-1.935,-1.597,-0.464,0.254,-0.055,61.650,20.250,-27.900,31.4
19:40:31.165,422804,-8.964,-2.557,-3.242,-0.030,0.230,0.030,61.650,22.200,-27.900,31.5
19:40:31.225,422858,-9.354,-2.449,-1.980,-0.269,0.232,0.018,61.200,22.200,-30.450,31.4
19:40:31.283,422912,-9.527,-2.097,-4.123,0.260,0.110,-0.038,61.200,22.200,-30.450,31.6
19:40:31.345,422966,-9.385,-1.618,-3.388,0.184,-0.010,-0.043,61.200,22.200,-30.450,31.7
19:40:31.405,423020,-8.507,-1.846,-4.410,0.105,0.046,0.077,61.200,22.200,-30.450,31.4
19:40:31.465,423074,-7.695,-1.343,-2.684,0.052,0.154,0.450,62.700,21.750,-31.950,31.6
19:40:31.524,423128,-5.923,-0.998,-4.362,-0.430,0.521,1.091,62.700,21.750,-31.950,31.4
19:40:31.583,423182,-7.518,2.514,-3.342,-0.727,0.683,0.984,59.850,27.450,-32.850,31.5
19:40:31.645,423236,-7.345,0.982,-4.027,0.503,0.454,0.877,59.850,27.450,-32.850,31.7
19:40:31.705,423290,-6.687,-1.741,-3.778,-1.022,0.425,0.895,59.850,27.450,-32.850,31.6
19:40:31.765,423344,-9.242,4.166,-4.657,0.688,0.367,0.563,59.850,27.450,-32.850,31.6
19:40:31.766,423398,-9.431,1.369,-4.377,0.099,0.297,0.660,54.900,35.250,-39.300,31.5
19:40:31.825,423452,-9.950,3.134,-4.831,-0.039,0.324,0.169,54.150,38.400,-39.900,31.6
19:40:31.884,423506,-7.690,-0.510,-4.642,0.496,0.475,0.159,54.150,38.400,-39.900,31.4
19:40:31.945,423560,-7.609,2.006,-4.872,-0.095,0.633,0.112,52.800,37.500,-42.750,31.8
19:40:32.004,423614,-9.330,0.462,-5.657,-0.133,0.420,0.327,52.800,37.500,-42.750,31.2
19:40:32.064,423668,-8.983,1.178,-5.636,-0.593,0.051,0.232,50.400,39.150,-45.750,31.3
19:40:32.123,423722,-8.107,1.784,-6.014,-0.093,-0.173,0.261,50.400,39.150,-45.750,31.4
19:40:32.183,423776,-8.006,2.978,-5.990,0.356,-0.211,0.098,50.400,39.150,-45.750,31.5
19:40:32.244,423830,-7.989,0.601,-5.334,-0.132,0.017,-0.001,50.400,39.150,-45.750,31.6
19:40:32.244,423884,-8.270,2.624,-5.847,0.048,0.075,-0.211,50.400,39.150,-44.700,31.4
19:40:32.305,423938,-8.133,1.271,-5.188,-0.123,0.116,-0.272,50.400,39.150,-44.700,31.6
19:40:32.364,423992,-8.238,1.585,-5.552,0.166,0.139,-0.395,49.650,39.150,-45.750,31.4
19:40:32.423,424046,-8.298,1.523,-5.459,0.189,-0.008,-0.342,49.650,39.150,-45.750,31.6
19:40:32.484,424100,-8.327,0.539,-6.421,-0.049,-0.056,-0.221,49.650,39.150,-45.750,31.4
19:40:32.545,424154,-8.715,1.396,-6.117,-0.096,-0.155,-0.296,51.600,35.700,-47.250,31.2
19:40:32.605,424208,-8.993,1.618,-6.146,-0.080,-0.204,-0.367,51.600,35.700,-47.250,31.7
19:40:32.665,424262,-9.060,1.178,-5.859,0.112,-0.130,-0.351,51.300,34.350,-46.800,31.4
19:40:32.725,424316,-8.396,0.646,-5.648,0.074,-0.047,-0.352,51.300,34.350,-46.800,31.6
19:40:32.784,424370,-8.205,0.627,-5.057,-0.110,-0.046,-0.337,51.300,34.350,-46.800,31.4
19:40:32.784,424424,-8.133,0.297,-5.243,-0.032,-0.095,-0.413,51.300,34.350,-46.800,31.4
19:40:32.843,424478,-8.222,0.266,-4.925,0.006,-0.028,-0.434,54.750,30.450,-46.350,31.4
19:40:32.905,424532,-8.298,0.108,-4.963,-0.191,-0.117,-0.463,54.750,30.450,-46.350,31.4
19:40:32.965,424586,-8.622,0.184,-4.626,-0.005,-0.202,-0.450,54.000,28.200,-43.800,31.3
19:40:33.023,424640,-8.811,-0.057,-4.688,-0.145,-0.382,-0.379,54.000,28.200,-43.800,31.4
19:40:33.084,424694,-8.550,-0.986,-4.937,0.311,-0.290,-0.265,55.200,25.650,-43.650,31.5
19:40:33.145,424748,-9.340,-1.132,-5.253,0.498,-0.197,-0.132,55.950,24.150,-41.850,31.6
19:40:33.205,424802,-9.359,-1.650,-4.532,0.151,-0.092,0.115,55.950,24.150,-41.850,31.7
19:40:33.264,424856,-10.695,-1.183,-5.990,-0.278,-0.033,0.229,57.900,25.200,-42.150,31.6
19:40:33.324,424910,-14.662,-0.646,-7.853,-0.544,-0.154,0.698,57.900,25.200,-42.150,31.7
19:40:33.324,424964,-14.399,1.985,-8.234,-0.580,0.240,1.177,57.000,30.150,-41.550,31.5
19:40:33.385,425018,-12.941,1.642,-5.993,-0.276,0.361,1.250,57.000,30.150,-41.550,31.4
19:40:33.444,425072,-10.218,1.233,-3.994,-0.369,0.268,0.690,53.100,35.700,-42.150,31.5
19:40:33.505,425126,-8.526,0.989,-3.876,0.475,0.016,-0.039,53.100,35.700,-42.150,31.4
19:40:33.565,425180,-7.415,-0.491,-3.891,-0.247,0.026,-0.376,53.100,35.700,-42.150,31.5
19:40:33.624,425234,-7.590,0.778,-4.575,0.884,-0.336,-0.758,53.100,35.700,-42.150,31.5
19:40:33.685,425288,-6.311,-1.001,-3.859,0.273,-0.755,-0.562,53.100,37.200,-38.550,31.5
19:40:33.745,425342,-6.570,-0.424,-2.962,0.495,-0.914,-0.604,57.000,32.850,-35.400,31.4
19:40:33.805,425396,-6.584,-0.575,-3.850,0.702,-0.878,-0.696,57.000,32.850,-35.400,31.8
19:40:33.865,425450,-7.266,-1.391,-3.412,0.717,-0.490,-0.809,57.000,32.850,-35.400,31.5
19:40:33.866,425504,-7.587,-0.673,-4.211,0.497,-0.563,-0.775,57.000,32.850,-35.400,31.7
19:40:33.925,425558,-6.871,-2.136,-2.672,0.196,-0.618,-0.750,60.450,25.200,-29.700,31.2
19:40:33.985,425612,-7.434,0.038,-4.144,1.071,-0.900,-0.904,60.450,25.200,-29.700,31.4
19:40:34.045,425666,-7.475,-0.939,-3.069,0.671,-0.724,-1.265,61.650,19.050,-24.900,31.4
19:40:34.105,425720,-8.966,-1.286,-2.725,0.780,-0.159,-0.632,61.650,19.050,-24.900,31.5
19:40:34.163,425774,-8.384,-1.937,-2.665,0.054,0.410,0.108,61.650,19.050,-24.900,31.5
19:40:34.225,425828,-10.008,-3.903,-2.382,-0.067,0.141,-0.144,61.650,19.050,-24.900,31.4
19:40:34.285,425882,-8.952,-4.396,-1.982,-0.011,-0.085,-0.311,62.100,12.750,-25.200,31.5
19:40:34.345,425936,-9.165,-3.462,-2.911,-0.120,0.024,0.044,60.450,10.500,-23.850,31.6
19:40:34.405,425990,-7.913,-4.994,-1.523,0.020,-0.034,-0.015,60.450,10.500,-23.850,31.2
19:40:34.406,426044,-9.213,-3.335,-2.260,0.075,0.066,0.177,62.850,11.100,-24.450,31.7
19:40:34.465,426098,-8.777,-3.716,-1.197,0.221,-0.006,0.064,62.850,11.100,-24.450,31.8
19:40:34.523,426152,-9.943,-3.508,-2.662,0.284,0.032,-0.027,62.700,11.400,-23.550,31.6
19:40:34.585,426206,-9.031,-4.846,-1.908,-0.104,0.046,-0.017,62.700,11.400,-23.550,31.3
19:40:34.643,426260,-9.256,-2.919,-2.277,0.416,-0.055,0.007,63.150,12.150,-25.350,31.5
19:40:34.705,426314,-9.428,-4.216,-2.033,0.058,-0.071,0.055,63.150,12.150,-25.350,31.7
19:40:34.763,426368,-8.842,-1.611,-2.428,0.201,0.045,0.067,61.950,12.150,-24.600,31.4
19:40:34.823,426422,-8.952,-3.776,-1.966,0.066,-0.019,0.020,61.950,12.150,-24.600,31.7
19:40:34.883,426476,-8.689,-2.801,-1.192,-0.036,0.087,0.152,62.700,12.900,-25.350,31.2
19:40:34.943,426530,-8.897,-3.438,-2.090,-0.060,0.142,0.066,62.700,12.900,-25.350,31.2
19:40:34.944,426584,-8.753,-2.660,-2.212,-0.260,0.369,0.151,62.700,12.900,-25.350,31.5
19:40:35.003,426638,-8.507,-3.536,-2.375,0.163,0.354,0.422,60.900,15.600,-27.150,31.6
19:40:35.063,426692,-6.723,-1.405,-2.344,-0.160,0.818,1.051,60.900,15.600,-27.150,31.4
19:40:35.123,426746,-6.292,-1.930,-2.851,-0.700,1.139,1.433,61.050,19.200,-31.350,31.6
19:40:35.183,426800,-7.542,-2.571,-3.247,-0.896,0.949,1.425,61.050,19.200,-31.350,31.6
19:40:35.243,426854,-8.456,1.772,-4.142,-0.972,0.826,0.850,61.050,19.200,-31.350,31.4
19:40:35.304,426908,-7.125,-0.979,-5.109,-0.293,0.534,0.828,61.050,19.200,-31.350,31.4
19:40:35.365,426962,-7.898,-0.156,-4.714,-0.674,0.690,0.744,55.950,32.250,-38.850,31.2
19:40:35.425,427016,-9.637,2.832,-5.200,-0.114,0.521,0.473,55.950,32.250,-38.850,31.4
19:40:35.484,427070,-8.234,0.737,-5.114,0.004,0.322,0.509,53.550,36.600,-42.000,31.6
19:40:35.485,427124,-7.717,0.467,-5.962,-0.293,0.351,0.230,53.550,36.600,-42.000,31.4
19:40:35.545,427178,-9.704,2.488,-5.042,-0.155,0.159,0.154,53.550,36.600,-42.000,31.4
19:40:35.605,427232,-7.829,0.939,-5.859,-0.230,0.148,-0.030,51.600,40.650,-44.400,31.6
19:40:35.663,427286,-8.078,0.711,-4.755,0.003,0.175,0.163,51.600,40.650,-44.400,31.6
19:40:35.724,427340,-8.382,2.076,-5.832,-0.169,0.126,0.029,51.600,39.600,-45.750,31.7
19:40:35.785,427394,-9.081,1.547,-5.332,-0.160,-0.030,0.058,51.600,39.600,-45.750,31.6
19:40:35.845,427448,-7.913,2.093,-5.215,0.023,0.022,-0.071,51.600,39.600,-45.750,31.3
19:40:35.905,427502,-8.238,2.136,-5.461,0.129,0.080,-0.165,51.600,39.600,-45.750,31.4
19:40:35.964,427556,-8.636,1.772,-4.685,-0.046,-0.090,-0.190,48.750,39.300,-45.300,31.6
19:40:36.025,427610,-7.815,0.687,-5.813,0.051,0.075,-0.179,48.750,39.300,-45.300,31.6
19:40:36.026,427664,-8.042,1.293,-5.540,0.026,0.087,-0.218,51.600,39.150,-44.700,31.4
19:40:36.085,427718,-8.291,0.816,-5.480,0.051,0.122,-0.152,51.600,39.150,-44.700,31.5
19:40:36.145,427772,-8.696,1.377,-5.643,0.126,0.120,-0.107,51.600,39.150,-44.700,31.4
19:40:36.203,427826,-8.260,1.915,-5.813,0.096,0.014,-0.141,50.850,37.650,-45.750,31.5
19:40:36.263,427880,-7.956,1.346,-5.650,-0.065,-0.054,-0.164,50.850,37.650,-45.750,31.4
19:40:36.324,427934,-7.997,1.039,-6.112,0.104,-0.156,-0.161,51.150,35.250,-47.250,31.4
19:40:36.385,427988,-8.399,1.087,-5.526,0.160,-0.258,-0.084,51.150,35.250,-47.250,31.8
19:40:36.445,428042,-8.164,1.262,-5.701,0.069,-0.329,-0.066,51.000,35.550,-47.100,31.3
19:40:36.503,428096,-7.954,0.852,-5.478,0.227,-0.219,-0.138,51.000,35.550,-47.100,31.6
19:40:36.565,428150,-8.174,0.771,-4.745,0.047,-0.296,-0.229,52.650,34.200,-46.200,31.4
19:40:36.565,428204,-8.109,0.869,-4.877,0.116,-0.250,-0.223,52.650,34.200,-46.200,31.6
19:40:36.625,428258,-8.334,0.280,-5.069,0.057,-0.152,-0.199,54.300,32.400,-45.300,31.6
19:40:36.683,428312,-8.650,0.266,-5.126,0.087,-0.155,-0.173,54.300,32.400,-45.300,31.5
19:40:36.745,428366,-10.867,0.326,-6.591,0.208,0.014,-0.030,55.650,29.550,-44.400,31.4
19:40:36.805,428420,-15.677,2.610,-9.953,0.021,0.246,0.280,52.800,32.400,-44.850,31.3
19:40:36.864,428474,-13.934,2.828,-7.511,-0.444,0.176,0.839,52.800,32.400,-44.850,31.6
19:40:36.923,428528,-11.540,2.210,-6.074,-0.192,-0.029,0.601,52.800,37.050,-45.600,31.8
19:40:36.983,428582,-9.538,1.451,-4.786,-0.354,-0.050,0.268,52.800,37.050,-45.600,31.5
19:40:37.045,428636,-8.933,0.881,-4.247,-0.589,-0.180,-0.102,51.600,39.150,-41.100,31.5
19:40:37.105,428690,-8.543,0.725,-4.381,0.692,-0.427,-0.370,51.600,39.150,-41.100,31.4
19:40:37.106,428744,-8.258,-0.804,-3.792,-0.293,-0.371,-0.514,53.400,37.950,-39.900,31.5
19:40:37.164,428798,-6.977,-0.096,-3.177,0.473,-0.351,-0.690,53.400,37.950,-39.900,31.4
19:40:37.223,428852,-6.701,-1.185,-4.075,0.170,-0.471,-0.736,53.400,37.950,-39.900,31.2
19:40:37.285,428906,-6.838,-1.405,-2.617,-0.046,-0.443,-0.696,53.400,37.950,-39.900,31.3
19:40:37.345,428960,-5.605,-0.287,-3.563,-0.127,-0.305,-0.627,57.900,33.000,-36.000,31.6
19:40:37.405,429014,-8.258,0.165,-2.751,-0.146,-0.351,-0.543,58.950,29.550,-34.050,31.4
19:40:37.465,429068,-8.981,1.080,-3.953,0.223,-0.401,-0.537,58.950,29.550,-34.050,31.6
19:40:37.525,429122,-8.437,-0.804,-2.567,-0.058,-0.457,-0.524,58.950,29.550,-34.050,31.4
19:40:37.585,429176,-8.483,0.139,-3.567,0.374,-0.406,-0.669,58.950,29.550,-34.050,31.6
19:40:37.644,429230,-8.124,-1.149,-3.187,0.718,-0.722,-0.761,61.050,21.900,-28.500,31.6
19:40:37.644,429284,-7.190,0.275,-2.502,1.175,-0.916,-0.852,61.050,21.900,-28.500,31.4
19:40:37.704,429338,-7.417,0.395,-0.759,0.388,0.090,-0.505,62.700,17.550,-22.800,31.4
19:40:37.765,429392,-8.801,-2.435,-2.318,-0.537,0.748,0.398,62.700,17.550,-22.800,31.2
19:40:37.825,429446,-10.376,-4.511,-4.353,-0.268,0.382,-0.058,62.700,17.550,-22.800,31.4
19:40:37.885,429500,-9.258,-3.663,-2.543,0.246,-0.082,-0.208,62.700,17.550,-22.800,31.6
19:40:37.945,429554,-8.904,-0.728,-1.803,0.574,-0.008,-0.143,60.900,15.600,-26.400,31.6
19:40:38.003,429608,-9.146,-3.412,-3.139,0.219,0.059,0.047,60.900,15.600,-26.400,31.5
19:40:38.065,429662,-9.395,-4.003,-2.540,0.096,0.012,-0.116,62.100,15.000,-27.300,31.4
19:40:38.125,429716,-9.251,-2.978,-2.368,0.139,0.047,-0.093,62.100,15.000,-27.300,31.6
19:40:38.183,429770,-9.280,-3.455,-2.444,0.127,0.070,-0.046,62.100,15.000,-27.300,31.6
19:40:38.184,429824,-9.146,-2.765,-2.514,-0.009,0.129,0.003,63.150,15.600,-28.200,31.5
19:40:38.243,429878,-8.871,-3.100,-2.512,0.204,0.028,-0.042,63.150,15.600,-28.200,31.4
19:40:38.305,429932,-9.416,-2.404,-2.406,0.100,-0.043,-0.128,62.400,14.850,-28.950,31.4
19:40:38.364,429986,-9.218,-3.905,-2.413,0.222,-0.102,-0.041,62.400,14.850,-28.950,31.6
19:40:38.424,430040,-8.926,-2.693,-2.523,-0.054,-0.055,-0.093,61.650,13.200,-27.600,31.4
19:40:38.483,430094,-9.357,-2.904,-2.710,-0.059,0.099,-0.087,61.650,13.200,-27.600,31.6
19:40:38.545,430148,-8.751,-3.280,-2.440,-0.188,0.106,-0.031,61.350,13.800,-28.800,31.4
19:40:38.605,430202,-8.813,-2.904,-2.447,-0.069,0.064,-0.028,61.350,13.800,-28.800,31.6
19:40:38.665,430256,-9.390,-3.570,-2.964,-0.139,0.078,-0.119,61.350,13.800,-28.800,31.6
19:40:38.724,430310,-9.115,-2.732,-2.509,-0.240,0.038,-0.138,62.850,12.750,-29.550,31.2
19:40:38.724,430364,-8.478,-3.168,-2.923,0.171,-0.067,-0.016,62.850,12.750,-29.550,31.4
19:40:38.785,430418,-8.231,-2.847,-2.698,-0.045,0.041,0.079,62.400,13.200,-28.950,31.5
19:40:38.845,430472,-8.516,-3.879,-3.268,0.189,0.139,0.040,62.400,13.200,-28.950,31.2
19:40:38.905,430526,-9.725,-2.655,-3.785,0.086,0.256,0.154,62.400,13.200,-28.950,31.6
19:40:38.964,430580,-8.447,-4.051,-3.481,0.141,0.093,0.296,62.400,13.200,-28.950,31.6
19:40:39.023,430634,-6.488,-2.241,-3.316,-0.014,0.491,0.860,62.100,14.550,-29.850,31.4
19:40:39.084,430688,-6.582,-3.029,-3.505,-0.102,0.640,1.377,62.100,14.550,-29.850,31.4
19:40:39.145,430742,-8.803,0.759,-2.593,-0.221,0.674,1.097,59.850,18.900,-35.100,31.4
19:40:39.205,430796,-7.896,-2.528,-4.451,0.958,0.638,1.144,59.850,18.900,-35.100,31.2
19:40:39.265,430850,-7.372,-2.315,-3.469,-1.174,0.724,0.786,59.850,18.900,-35.100,31.3
19:40:39.266,430904,-7.527,0.129,-3.879,-0.183,0.548,0.754,56.250,31.950,-41.550,31.4
19:40:39.324,430958,-8.595,0.469,-4.367,-0.513,0.405,0.607,56.250,31.950,-41.550,31.6
19:40:39.383,431012,-8.583,1.834,-5.016,-0.061,0.338,0.514,54.900,34.500,-42.900,31.6
19:40:39.445,431066,-8.138,-1.223,-5.234,-0.433,0.010,0.373,54.900,34.500,-42.900,31.5
19:40:39.505,431120,-7.922,1.480,-4.362,0.083,-0.002,0.354,54.900,34.500,-42.900,31.6
19:40:39.565,431174,-8.758,2.093,-5.473,-0.573,0.273,0.107,54.900,34.500,-42.900,31.6
19:40:39.625,431228,-9.416,0.503,-4.654,-0.496,0.345,0.016,53.400,38.400,-44.700,31.5
19:40:39.685,431282,-9.096,1.264,-5.993,-0.025,0.167,-0.133,53.400,38.400,-44.700,31.4
19:40:39.744,431336,-8.413,0.730,-4.733,-0.349,0.042,0.043,51.750,37.800,-45.300,31.6
19:40:39.805,431390,-8.054,2.195,-5.334,0.065,0.073,-0.142,51.750,37.800,-45.300,31.7
19:40:39.805,431444,-8.514,1.233,-5.136,0.008,0.038,-0.144,51.750,39.300,-46.350,31.4
19:40:39.865,431498,-8.586,1.288,-5.516,0.029,-0.103,-0.324,51.600,38.400,-45.750,31.6
19:40:39.925,431552,-8.588,1.561,-5.138,0.500,0.092,-0.396,51.600,38.400,-45.750,31.6
19:40:39.985,431606,-9.184,1.240,-5.667,-0.179,0.230,-0.469,52.050,34.350,-46.050,31.6
19:40:40.045,431660,-8.947,0.855,-5.049,0.358,0.273,-0.376,52.050,34.350,-46.050,31.8
19:40:40.105,431714,-8.262,0.733,-5.318,0.235,0.033,-0.273,52.800,33.900,-47.100,31.3
19:40:40.165,431768,-8.317,1.049,-5.646,0.164,0.107,-0.275,52.800,33.900,-47.100,31.4
19:40:40.224,431822,-8.722,0.769,-5.617,-0.048,-0.175,-0.267,52.050,31.200,-47.850,31.6
19:40:40.285,431876,-8.533,0.357,-5.602,0.286,-0.020,-0.323,52.050,31.200,-47.850,31.5
19:40:40.345,431930,-8.650,-0.158,-5.897,0.191,-0.116,-0.311,52.650,29.850,-48.750,31.4
19:40:40.345,431984,-8.739,-0.050,-5.753,0.118,-0.204,-0.285,52.650,29.850,-48.750,31.4
19:40:40.405,432038,-7.992,-1.216,-5.380,0.242,-0.305,-0.176,53.550,28.500,-49.350,31.3
19:40:40.465,432092,-7.942,-1.003,-5.188,0.252,-0.354,-0.090,53.550,28.500,-49.350,31.6
19:40:40.524,432146,-8.112,-1.152,-4.635,-0.187,-0.309,-0.072,53.700,26.400,-46.500,31.8
19:40:40.583,432200,-7.946,-0.608,-4.860,0.043,-0.134,-0.132,56.250,24.750,-46.050,31.3
19:40:40.645,432254,-8.071,-1.762,-4.707,-0.068,-0.096,-0.133,56.250,24.750,-46.050,31.3
19:40:40.703,432308,-8.959,-0.888,-4.920,0.346,-0.158,-0.198,55.200,25.200,-46.200,31.6
19:40:40.765,432362,-10.752,-0.852,-7.355,0.096,0.056,-0.176,55.200,25.200,-46.200,31.4
19:40:40.824,432416,-14.404,-0.711,-8.131,-0.326,0.106,0.416,57.000,23.550,-46.050,31.6
19:40:40.885,432470,-13.759,1.686,-8.262,-0.233,0.353,0.611,57.000,23.550,-46.050,31.4
19:40:40.886,432524,-11.779,1.049,-6.438,-0.595,0.543,0.793,57.000,23.550,-46.050,31.5
19:40:40.945,432578,-10.053,0.266,-5.109,-0.112,0.225,0.420,57.000,23.550,-46.050,31.6
19:40:41.003,432632,-9.290,-0.170,-5.018,-0.468,0.078,0.051,51.900,34.500,-45.750,31.7
19:40:41.065,432686,-7.944,-0.747,-3.967,-0.681,-0.087,-0.169,51.900,34.500,-45.750,31.5
19:40:41.123,432740,-7.298,0.536,-3.306,-0.024,-0.217,-0.432,51.600,36.150,-42.900,31.4
19:40:41.183,432794,-6.610,-0.517,-4.051,-0.594,-0.415,-0.520,51.600,36.150,-42.900,31.5
19:40:41.244,432848,-6.333,0.196,-4.590,0.099,-0.457,-0.591,51.600,36.150,-42.900,31.7
19:40:41.305,432902,-6.546,-0.819,-4.743,-0.185,-0.286,-0.649,56.550,32.850,-37.950,31.7
19:40:41.365,432956,-7.824,0.381,-4.920,-0.107,-0.274,-0.735,56.550,32.850,-37.950,31.5
19:40:41.423,433010,-7.585,-0.034,-4.326,-0.300,-0.397,-0.631,58.500,30.450,-36.900,31.4
19:40:41.424,433064,-7.084,-0.400,-2.856,0.210,-0.541,-0.392,58.500,30.450,-36.900,31.6
19:40:41.484,433118,-7.659,-1.750,-3.850,0.235,-0.400,-0.304,58.500,30.450,-36.900,31.4
19:40:41.545,433172,-7.798,-0.239,-4.324,-0.136,-0.378,-0.511,58.500,30.450,-36.900,31.2
19:40:41.605,433226,-8.507,-2.535,-5.174,0.069,-0.533,-0.571,60.150,25.200,-31.200,31.3
19:40:41.665,433280,-7.942,-1.389,-3.661,0.278,-0.496,-0.579,60.150,25.200,-31.200,31.6
19:40:41.725,433334,-8.622,-1.331,-4.235,0.234,-0.711,-0.698,61.800,20.400,-29.850,31.6
19:40:41.785,433388,-5.567,-14.198,3.237,0.870,-1.166,-1.398,62.400,15.900,-24.900,31.6
19:40:41.843,433442,-16.192,-4.013,-21.756,8.524,-1.034,1.029,62.400,15.900,-24.900,31.5
19:40:41.965,433496,-7.633,1.130,-0.385,-1.498,0.678,0.024,60.450,14.100,-24.600,31.6
19:40:41.966,433550,-11.511,-2.054,-0.733,1.528,0.700,0.777,60.450,14.100,-24.600,31.5
19:40:41.966,433604,-9.744,-4.187,-2.631,-0.147,0.237,0.122,61.650,19.050,-29.700,31.5
19:40:42.025,433658,-8.772,-2.514,-3.438,-0.065,0.154,0.106,61.650,19.050,-29.700,31.4
19:40:42.085,433712,-8.887,-2.047,-3.065,-0.073,0.223,0.160,59.700,19.050,-30.450,31.3
19:40:42.145,433766,-9.596,-1.762,-2.887,-0.266,0.226,0.080,59.700,19.050,-30.450,31.6
19:40:42.205,433820,-9.845,-2.928,-2.947,-0.211,0.087,-0.034,60.300,20.100,-30.600,31.4
19:40:42.264,433874,-9.182,-1.590,-3.225,-0.085,0.059,-0.189,60.300,20.100,-30.600,31.4
19:40:42.325,433928,-9.072,-2.298,-2.998,0.051,0.104,-0.017,60.450,17.550,-30.450,31.4
19:40:42.383,433982,-8.947,-2.298,-3.168,-0.234,-0.003,-0.126,59.400,18.750,-31.500,31.6
19:40:42.445,434036,-8.820,-0.919,-3.682,-0.174,-0.104,-0.189,59.400,18.750,-31.500,31.3
19:40:42.505,434090,-8.641,-3.124,-2.916,-0.884,0.016,-0.326,61.350,18.150,-31.800,31.6
19:40:42.505,434144,-8.751,-2.365,-3.156,-0.032,0.219,-0.078,61.350,18.150,-31.800,31.4
19:40:42.565,434198,-9.179,-3.745,-2.976,-0.128,0.253,0.092,61.350,18.150,-31.800,31.8
19:40:42.625,434252,-9.694,-3.225,-3.579,0.375,0.185,0.177,61.350,18.150,-31.800,31.7
19:40:42.685,434306,-9.878,-2.523,-4.503,-0.030,0.112,-0.096,62.400,14.100,-32.700,31.7
19:40:42.745,434360,-8.435,-1.736,-4.015,-0.116,-0.130,-0.240,62.400,14.100,-32.700,31.6
19:40:42.863,434414,-7.688,-1.719,-2.636,0.774,-0.332,-0.193,61.350,15.000,-33.900,31.6
19:40:42.864,434468,-9.076,-2.473,-4.049,0.501,-0.250,-0.302,61.350,15.000,-33.900,31.7
19:40:42.924,434522,-9.483,-1.796,-3.105,0.710,-0.115,-0.221,61.350,15.000,-33.900,31.7
19:40:42.985,434576,-8.363,-3.354,-2.916,-0.004,0.003,-0.184,61.350,15.000,-33.900,31.6
19:40:43.045,434630,-7.556,-4.175,-2.993,0.148,-0.041,-0.131,61.800,13.050,-31.350,31.3
19:40:43.046,434684,-7.465,-3.352,-4.061,0.736,0.265,0.405,61.800,12.300,-30.600,31.5
19:40:43.104,434738,-6.783,-2.557,-3.685,0.333,0.788,1.162,61.800,12.300,-30.600,31.8
19:40:43.165,434792,-4.839,-0.338,-2.840,-0.039,1.128,1.645,61.800,12.300,-30.600,31.8
19:40:43.224,434846,-6.213,-1.640,-3.316,-0.726,1.130,1.508,61.800,12.300,-30.600,31.4
19:40:43.283,434900,-7.535,-0.634,-3.306,-0.163,1.050,0.957,57.300,27.450,-41.550,31.6
19:40:43.345,434954,-8.921,-2.193,-5.873,0.014,0.683,0.911,57.300,27.450,-41.550,31.8
19:40:43.405,435008,-9.718,0.953,-5.423,-0.612,0.427,0.245,53.250,31.950,-45.600,31.7
19:40:43.465,435062,-8.961,-2.172,-5.899,-0.693,-0.006,0.293,53.250,31.950,-45.600,31.4
19:40:43.524,435116,-9.974,2.272,-4.561,0.040,0.149,0.017,53.250,31.950,-45.600,31.4
19:40:43.583,435170,-8.772,-0.694,-5.152,-0.512,-0.198,0.110,53.250,31.950,-45.600,31.7
19:40:43.585,435224,-9.098,-1.731,-4.793,-0.244,-0.063,0.187,52.650,34.950,-45.450,31.8
19:40:43.643,435278,-8.468,1.750,-4.638,-0.184,-0.102,0.065,51.600,36.900,-44.400,31.7
19:40:43.705,435332,-9.060,1.355,-4.970,-0.591,0.045,-0.203,51.600,36.900,-44.400,31.7
19:40:43.764,435386,-9.708,0.402,-4.726,-0.212,-0.015,-0.309,52.050,35.100,-44.850,31.5
19:40:43.824,435440,-9.278,2.514,-4.757,-0.376,0.124,-0.444,52.050,35.100,-44.850,31.7
19:40:43.943,435494,-9.191,0.563,-4.800,-0.130,0.098,-0.441,53.700,34.500,-45.450,31.6
19:40:43.944,435548,-8.909,1.018,-4.499,-0.266,0.112,-0.387,53.700,34.500,-45.450,31.2
19:40:44.005,435602,-8.789,0.333,-4.872,-0.093,0.084,-0.305,53.550,32.850,-44.550,31.6
19:40:44.064,435656,-9.383,0.984,-4.140,-0.149,0.169,-0.228,53.550,32.850,-44.550,31.5
19:40:44.123,435710,-8.382,0.508,-4.975,0.019,0.078,-0.177,53.250,30.450,-45.600,31.6
19:40:44.124,435764,-8.387,0.084,-5.464,0.001,0.112,-0.198,53.250,30.450,-45.600,31.7
19:40:44.185,435818,-8.648,0.299,-5.071,0.071,0.242,-0.289,53.550,31.950,-46.800,31.4
19:40:44.245,435872,-8.619,0.127,-5.909,0.059,-0.031,-0.386,54.150,28.350,-47.700,31.8
19:40:44.303,435926,-8.768,0.800,-5.629,0.280,-0.078,-0.366,54.150,28.350,-47.700,31.4
19:40:44.363,435980,-8.291,0.345,-5.435,0.242,-0.507,-0.471,53.250,25.500,-47.400,31.7
19:40:44.425,436034,-8.219,-0.373,-5.279,0.225,-0.574,-0.495,53.250,25.500,-47.400,31.4
19:40:44.485,436088,-12.213,-0.029,-6.278,0.104,-0.117,-0.346,57.000,22.800,-44.850,31.3
19:40:44.544,436142,-16.939,-0.474,-8.933,-0.654,0.299,0.297,57.000,22.800,-44.850,31.6
19:40:44.604,436196,-14.653,0.630,-7.819,-0.467,0.487,1.055,57.000,22.800,-44.850,31.6
19:40:44.724,436250,-11.183,0.146,-5.464,-0.308,0.397,0.915,57.000,22.800,-44.850,31.4
19:40:44.725,436304,-9.318,0.579,-4.190,-0.203,0.249,0.433,54.150,31.800,-46.200,31.3
19:40:44.726,436358,-8.313,-0.048,-4.324,-0.186,0.118,0.109,54.150,31.800,-46.200,31.6
19:40:44.783,436412,-6.594,-0.675,-3.757,-0.093,0.041,-0.289,52.800,32.850,-45.300,31.9
19:40:44.843,436466,-6.424,-1.027,-4.029,0.384,0.037,-0.536,52.800,32.850,-45.300,31.7
19:40:44.903,436520,-6.642,-0.275,-4.638,0.045,0.027,-0.743,52.800,32.850,-45.300,31.3
19:40:44.965,436574,-7.721,0.026,-4.281,0.756,-0.126,-0.839,56.400,29.100,-43.650,31.2
19:40:45.025,436628,-7.439,-3.275,-4.003,-0.496,-0.517,-0.801,56.400,29.100,-43.650,31.6
19:40:45.084,436682,-5.411,-0.472,-4.611,0.417,-0.378,-0.882,58.050,23.550,-43.800,31.7
19:40:45.143,436736,-5.899,-2.636,-5.667,-0.056,-0.456,-0.817,58.050,23.550,-43.800,31.6
19:40:45.205,436790,-7.020,-0.888,-4.020,0.195,-0.409,-0.705,58.050,23.550,-43.800,31.6
19:40:45.206,436844,-6.907,-3.354,-5.782,0.043,-0.403,-0.603,58.050,23.550,-43.800,31.3
19:40:45.265,436898,-8.001,-0.898,-4.530,0.353,-0.362,-0.556,59.250,17.400,-40.200,31.7
19:40:45.325,436952,-9.670,-2.816,-5.025,0.408,-0.802,-0.978,59.250,17.400,-40.200,31.7
19:40:45.383,437006,-6.287,-6.268,-2.811,-0.083,-1.770,-2.092,60.450,10.500,-36.600,31.3
19:40:45.445,437060,-7.547,-2.169,-6.009,2.428,-0.006,0.087,60.450,10.500,-36.600,31.6
19:40:45.503,437114,-6.876,-6.223,-2.318,-1.492,0.637,0.985,60.450,10.500,-36.600,31.8
19:40:45.564,437168,-9.187,-2.983,-4.199,0.190,0.252,0.459,62.100,8.850,-31.800,31.5
19:40:45.625,437222,-8.832,-4.970,-3.345,-0.172,-0.099,0.357,62.100,8.850,-31.800,31.6
19:40:45.683,437276,-8.653,-3.072,-4.250,0.016,-0.017,0.242,61.800,10.800,-31.800,31.6
19:40:45.745,437330,-8.825,-3.467,-3.333,-0.221,0.158,0.351,61.800,10.800,-31.800,31.6
19:40:45.745,437384,-8.708,-3.946,-3.275,0.007,0.014,0.312,62.700,11.400,-30.750,31.6
19:40:45.865,437438,-9.203,-2.416,-2.928,0.474,-0.089,0.298,62.700,11.400,-30.750,31.7
19:40:45.866,437492,-8.734,-3.833,-3.129,0.219,-0.158,0.233,62.400,13.200,-30.450,31.3
19:40:45.924,437546,-8.533,-2.947,-3.316,0.326,0.057,0.397,62.400,13.200,-30.450,31.6
19:40:45.985,437600,-7.896,-2.804,-2.586,0.041,0.087,0.385,61.650,14.400,-29.400,31.6
19:40:46.045,437654,-8.545,-2.116,-3.347,0.081,0.059,0.169,61.650,14.400,-29.400,31.6
19:40:46.104,437708,-8.595,-2.674,-3.654,-0.033,0.037,0.177,61.650,15.900,-32.250,31.6
19:40:46.165,437762,-9.337,-2.602,-3.242,-0.284,0.124,0.165,62.700,18.750,-31.950,31.4
19:40:46.225,437816,-9.045,-1.295,-4.314,-0.043,0.228,0.161,62.700,18.750,-31.950,31.4
19:40:46.284,437870,-9.182,-2.409,-3.613,0.132,0.161,0.177,61.350,18.150,-33.600,31.6
19:40:46.284,437924,-8.406,-3.168,-3.383,-0.282,0.184,0.073,61.350,18.150,-33.600,31.4
19:40:46.345,437978,-8.523,-1.295,-3.704,0.077,0.203,0.002,61.050,18.450,-35.100,31.4
19:40:46.405,438032,-9.390,-2.109,-4.025,0.337,0.060,-0.001,61.050,18.450,-35.100,31.4
19:40:46.464,438086,-9.199,-1.736,-3.960,0.056,0.299,0.067,61.050,18.150,-35.100,31.5
19:40:46.523,438140,-8.916,-2.772,-3.984,0.378,0.278,0.070,61.050,18.150,-35.100,31.4
19:40:46.584,438194,-7.654,-2.071,-3.546,0.078,0.442,0.155,59.850,19.650,-37.650,31.7
19:40:46.645,438248,-7.094,-3.584,-3.812,-0.141,0.244,-0.004,59.850,19.650,-37.650,31.8
19:40:46.765,438302,-8.090,-1.839,-4.113,0.234,0.363,0.012,60.300,19.650,-39.000,31.7
19:40:46.765,438356,-8.959,-1.896,-4.673,0.155,0.569,-0.027,59.250,19.200,-40.950,31.7
19:40:46.824,438410,-9.124,-3.558,-5.878,0.117,0.463,-0.105,59.250,19.200,-40.950,31.3
19:40:46.824,438464,-8.059,-3.270,-4.908,0.002,0.255,-0.046,59.250,19.200,-40.950,31.4
19:40:46.885,438518,-7.633,-2.787,-4.563,0.257,0.069,0.065,59.250,19.200,-40.950,31.6
19:40:46.945,438572,-7.858,-2.579,-4.791,-0.081,0.061,0.185,57.900,17.850,-42.900,31.6
19:40:47.003,438626,-8.152,-1.889,-4.820,0.143,-0.124,0.019,57.900,17.850,-42.900,31.6
19:40:47.064,438680,-8.088,-2.169,-4.436,-0.078,-0.306,-0.140,58.650,19.500,-44.400,31.6
19:40:47.185,438734,-9.357,-1.451,-4.779,0.265,0.044,0.016,58.650,19.500,-44.400,31.4
19:40:47.186,438788,-10.453,-2.473,-6.144,-0.127,0.203,0.022,58.650,19.500,-44.400,31.5
19:40:47.245,438842,-7.906,-3.033,-4.231,0.455,-0.089,-0.011,58.650,19.500,-44.400,31.6
19:40:47.304,438896,-6.802,-1.219,-5.861,0.361,0.001,0.352,57.300,18.150,-43.800,31.3
19:40:47.363,438950,-5.497,-2.179,-4.695,-0.738,0.224,0.734,56.250,20.850,-43.500,31.4
19:40:47.365,439004,-6.316,-2.547,-5.030,-0.165,0.154,1.058,56.250,20.850,-43.500,31.5
19:40:47.423,439058,-6.603,-0.199,-4.484,-0.892,0.351,1.062,56.250,20.850,-43.500,31.6
19:40:47.485,439112,-7.415,-0.306,-4.824,-0.382,0.149,1.225,56.250,20.850,-43.500,31.5
19:40:47.543,439166,-8.753,1.338,-5.437,-0.543,-0.027,0.805,53.700,31.800,-46.500,31.4
19:40:47.603,439220,-9.096,2.787,-5.737,-0.414,0.107,0.498,53.700,31.800,-46.500,31.8
19:40:47.665,439274,-7.932,0.409,-3.747,-0.436,0.129,0.377,52.350,36.900,-46.500,31.7
19:40:47.725,439328,-8.210,2.406,-5.918,0.027,-0.056,0.271,52.350,36.900,-46.500,31.6
19:40:47.785,439382,-9.158,3.421,-5.248,-0.363,-0.170,-0.104,52.350,36.900,-46.500,31.3
19:40:47.843,439436,-8.471,0.725,-4.709,0.028,-0.119,-0.111,52.350,36.900,-46.500,31.1
19:40:47.905,439490,-8.672,2.389,-5.720,-0.098,-0.201,-0.447,50.550,37.800,-46.050,31.4
19:40:47.905,439544,-9.380,0.943,-4.865,0.099,-0.290,-0.421,50.550,37.800,-46.050,31.7
19:40:47.965,439598,-9.282,0.917,-5.540,-0.012,-0.130,-0.366,51.000,36.300,-44.100,31.6
19:40:48.024,439652,-9.809,1.257,-5.186,0.192,-0.192,-0.256,51.000,36.300,-44.100,31.8
19:40:48.084,439706,-9.153,1.147,-4.475,-0.117,-0.067,-0.264,51.000,36.300,-44.100,31.6
19:40:48.145,439760,-8.969,0.486,-4.283,-0.192,-0.070,-0.249,54.150,33.000,-43.200,31.6
19:40:48.205,439814,-8.813,0.814,-4.118,0.123,-0.155,-0.195,54.150,33.000,-43.200,31.6
19:40:48.265,439868,-8.744,0.520,-4.355,-0.011,-0.219,-0.176,53.700,31.800,-43.650,31.2
19:40:48.324,439922,-9.002,0.728,-5.078,0.103,-0.312,-0.097,53.700,31.800,-43.650,31.8
19:40:48.383,439976,-14.526,1.604,-8.411,-0.230,-0.154,0.061,53.700,31.800,-43.650,31.7
19:40:48.445,440030,-17.341,1.283,-9.685,-0.491,0.084,0.779,53.700,31.800,-43.650,31.6
19:40:48.445,440084,-15.325,2.761,-7.793,-0.363,0.136,1.166,55.200,31.800,-41.400,31.6
19:40:48.503,440138,-12.333,2.995,-5.140,-0.581,0.143,1.162,55.200,31.800,-41.400,31.8
19:40:48.565,440192,-10.041,2.993,-4.463,-0.276,0.093,0.497,50.850,41.100,-41.100,31.4
19:40:48.625,440246,-8.511,-0.541,-3.338,-0.099,-0.059,-0.133,49.650,43.800,-37.800,31.6
19:40:48.685,440300,-7.626,1.980,-3.668,0.357,-0.162,-0.845,49.650,43.800,-37.800,31.7
19:40:48.745,440354,-6.467,0.381,-3.632,-0.296,-0.289,-1.049,53.700,40.350,-37.800,31.4
19:40:48.805,440408,-5.904,-1.305,-2.693,0.905,-0.452,-0.921,53.700,40.350,-37.800,31.3
19:40:48.864,440462,-4.039,-0.725,-3.967,-0.213,-0.501,-0.796,56.400,35.250,-34.800,31.8
19:40:48.924,440516,-6.991,0.560,-3.002,0.056,-0.626,-0.843,56.400,35.250,-34.800,31.5
19:40:48.985,440570,-8.195,1.690,-3.184,0.703,-0.408,-0.687,58.500,32.850,-31.350,31.9
19:40:48.985,440624,-7.300,-1.781,-2.368,-0.734,-0.298,-0.572,58.500,32.850,-31.350,31.4
19:40:49.043,440678,-8.236,-0.338,-3.292,0.582,-0.380,-0.511,58.800,31.200,-28.500,31.6
19:40:49.105,440732,-8.337,-0.792,-3.622,-0.862,-0.256,-0.632,58.800,31.200,-28.500,31.6
19:40:49.225,440786,-7.877,0.026,-3.282,0.778,-0.203,-0.633,61.350,25.800,-28.050,31.6
19:40:49.226,440840,-8.090,0.172,-4.499,0.958,-0.687,-0.931,61.950,20.250,-26.850,31.4
19:40:49.283,440894,-6.352,-7.058,0.716,2.786,-0.948,-0.787,61.950,20.250,-26.850,31.7
19:40:49.343,440948,-7.513,6.029,-2.947,-1.095,0.723,0.302,63.900,17.100,-23.100,31.5
19:40:49.405,441002,-10.549,-8.758,-2.028,0.559,0.744,0.530,63.900,17.100,-23.100,31.6
19:40:49.464,441056,-10.551,-0.177,-3.311,0.463,0.192,-0.057,63.900,17.100,-23.100,31.6
19:40:49.525,441110,-8.255,-2.097,-2.243,-0.063,0.111,0.084,63.900,17.100,-23.100,31.4
19:40:49.525,441164,-9.701,-1.425,-2.753,-0.071,0.222,-0.101,61.350,18.150,-27.750,31.6
19:40:49.585,441218,-10.022,-1.906,-3.840,0.226,0.302,0.009,61.350,18.150,-27.750,31.8
19:40:49.645,441272,-9.270,-3.218,-3.615,0.603,-0.001,-0.174,59.850,18.900,-29.550,31.4
19:40:49.704,441326,-7.456,-2.210,-2.327,-0.412,-0.035,-0.084,59.850,18.900,-29.550,31.5
19:40:49.763,441380,-9.622,-2.066,-2.418,0.390,0.002,0.086,59.850,18.900,-29.550,31.6
19:40:49.825,441434,-9.634,-2.784,-4.202,-0.179,0.057,0.068,60.900,16.800,-28.950,31.5
19:40:49.885,441488,-9.421,-2.545,-3.074,0.330,-0.098,0.163,60.900,16.800,-28.950,31.6
19:40:49.945,441542,-8.823,-1.626,-3.373,0.403,-0.265,0.228,61.650,19.500,-29.700,31.6
19:40:50.005,441596,-8.583,-1.240,-2.844,0.262,-0.251,0.418,61.650,19.500,-29.700,31.4
19:40:50.065,441650,-7.020,-1.772,-1.238,0.030,0.066,1.166,61.650,19.500,-29.700,31.8
19:40:50.124,441704,-4.379,-4.812,-0.989,0.969,0.025,1.494,61.650,19.500,-29.700,31.6
19:40:50.125,441758,-8.892,-0.376,-7.061,0.382,1.042,1.115,59.850,27.750,-28.800,31.3
19:40:50.183,441812,-8.171,3.591,-2.670,-0.264,0.870,-0.102,59.850,27.750,-28.800,31.4
19:40:50.244,441866,-8.533,-2.121,-2.045,0.394,1.165,0.508,58.500,30.450,-34.650,31.6
19:40:50.305,441920,-8.756,-0.757,-3.668,0.671,1.014,0.672,58.500,30.450,-34.650,31.6
19:40:50.365,441974,-7.846,-1.899,-3.994,-0.098,0.589,0.750,58.500,30.450,-34.650,31.7
19:40:50.425,442028,-9.002,2.191,-5.483,-0.036,0.506,0.448,58.500,30.450,-34.650,31.7
19:40:50.485,442082,-9.859,1.803,-5.646,-0.020,0.342,0.135,51.000,35.550,-44.550,31.7
19:40:50.545,442136,-9.084,-1.235,-5.310,-0.115,0.128,0.237,50.850,37.950,-45.750,31.7
19:40:50.664,442190,-9.208,2.404,-5.581,-0.544,0.018,-0.088,50.850,37.950,-45.750,31.6
19:40:50.665,442244,-9.096,-0.575,-5.131,-0.439,-0.101,-0.035,50.850,37.950,-45.750,31.6
19:40:50.666,442298,-8.863,0.838,-4.429,-0.391,0.148,-0.195,50.850,37.950,-45.750,31.3
19:40:50.725,442352,-9.072,2.164,-5.090,-0.321,0.172,-0.355,52.650,37.200,-44.700,31.5
19:40:50.783,442406,-9.187,0.536,-4.185,-0.170,0.090,-0.142,52.650,37.200,-44.700,31.7
19:40:50.845,442460,-9.088,1.312,-4.831,-0.497,0.140,-0.157,51.750,37.500,-45.300,31.5
19:40:50.905,442514,-9.213,1.753,-5.392,-0.334,0.000,-0.050,51.750,37.500,-45.300,31.6
19:40:50.963,442568,-9.261,1.702,-5.083,-0.311,-0.112,0.043,51.750,37.500,-45.300,31.6
19:40:51.025,442622,-8.657,2.169,-4.810,-0.369,-0.264,0.056,51.750,37.500,-45.300,31.5
19:40:51.083,442676,-8.394,2.236,-4.970,-0.253,-0.112,-0.019,50.400,37.650,-43.950,31.6
19:40:51.143,442730,-8.763,1.911,-4.623,-0.482,0.008,-0.080,50.850,39.900,-42.450,31.5
19:40:51.144,442784,-8.301,1.626,-4.611,-0.177,-0.014,-0.130,50.850,39.900,-42.450,31.6
19:40:51.205,442838,-8.401,2.241,-4.286,-0.119,0.102,-0.145,51.900,40.350,-42.450,31.6
19:40:51.265,442892,-8.827,1.434,-4.980,-0.113,0.126,-0.135,51.900,40.350,-42.450,31.5
19:40:51.325,442946,-8.916,1.949,-4.697,-0.091,0.136,-0.062,52.500,37.500,-42.300,31.6
19:40:51.385,443000,-9.196,2.289,-5.236,-0.177,-0.014,0.011,52.500,37.500,-42.300,31.4
19:40:51.445,443054,-8.942,1.654,-4.903,-0.021,-0.151,-0.020,50.100,38.400,-42.450,31.5
19:40:51.505,443108,-8.430,1.788,-4.796,-0.040,-0.146,0.014,50.100,38.400,-42.450,31.6
19:40:51.564,443162,-7.949,1.451,-3.706,-0.070,-0.135,-0.013,51.750,39.000,-43.050,31.6
19:40:51.625,443216,-7.867,1.508,-4.101,0.172,-0.208,-0.156,51.750,39.000,-43.050,31.4
19:40:51.685,443270,-7.834,1.286,-3.840,0.161,-0.066,-0.222,54.150,38.850,-41.400,31.8
19:40:51.685,443324,-8.006,0.860,-4.381,0.270,0.062,-0.197,54.150,38.850,-41.400,31.6
19:40:51.745,443378,-10.362,2.492,-5.569,0.092,0.048,-0.427,54.150,38.850,-41.400,31.7
19:40:51.805,443432,-15.620,3.227,-9.876,0.189,-0.008,0.114,53.550,35.550,-40.950,31.7
19:40:51.865,443486,-15.792,3.814,-7.752,-0.442,0.153,0.556,53.550,35.550,-40.950,31.6
19:40:51.925,443540,-11.526,2.406,-5.246,-0.235,0.209,0.566,51.750,37.800,-40.500,31.6
19:40:51.985,443594,-8.794,1.745,-3.352,-0.057,0.106,0.235,51.750,37.800,-40.500,31.5
19:40:52.045,443648,-8.480,0.182,-4.422,-0.201,-0.113,-0.152,51.750,37.800,-40.500,31.3
19:40:52.105,443702,-8.181,0.855,-3.740,-0.033,-0.063,-0.346,51.750,37.800,-40.500,31.3
19:40:52.163,443756,-7.468,0.156,-4.087,0.025,-0.269,-0.604,52.650,41.100,-39.300,31.6
19:40:52.224,443810,-7.312,0.642,-3.711,-0.054,-0.429,-0.641,52.650,41.100,-39.300,31.6
19:40:52.224,443864,-6.534,1.104,-3.522,0.169,-0.524,-0.790,54.150,38.400,-36.000,31.6
19:40:52.285,443918,-7.262,1.346,-1.997,-0.030,-0.484,-0.795,54.150,38.400,-36.000,31.7
19:40:52.343,443972,-6.565,0.129,-3.481,-0.270,-0.507,-0.741,54.150,38.400,-36.000,31.7
19:40:52.403,444026,-8.444,1.549,-2.890,0.398,-0.581,-0.861,59.400,31.800,-31.200,31.7
19:40:52.463,444080,-7.865,-2.284,-3.572,-0.360,-0.532,-0.870,59.400,31.800,-31.200,31.6
19:40:52.523,444134,-8.344,0.924,-2.715,0.299,-0.521,-1.102,61.050,24.750,-29.250,31.4
19:40:52.585,444188,-8.717,-0.754,-2.682,0.494,-0.563,-0.886,61.050,24.750,-29.250,31.5
19:40:52.644,444242,-7.724,-1.262,-3.235,0.668,-1.027,-1.600,61.050,24.750,-29.250,31.7
19:40:52.705,444296,-8.432,-5.353,1.642,3.272,-0.990,-1.009,61.050,24.750,-29.250,31.6
19:40:52.825,444350,-9.012,3.831,-2.741,-2.269,0.820,0.469,61.650,13.650,-19.500,31.5
19:40:52.825,444404,-10.022,-7.192,-0.527,0.406,0.593,0.437,61.650,13.650,-19.500,31.4
19:40:52.827,444458,-9.977,-1.568,-2.018,-0.095,0.156,-0.103,63.450,16.800,-24.600,31.5
19:40:52.883,444512,-8.933,-3.244,-2.260,0.277,0.187,0.199,63.450,16.800,-24.600,31.7
19:40:53.003,444566,-8.660,-3.062,-2.014,0.025,0.233,0.130,62.100,14.250,-25.950,31.8
19:40:53.005,444620,-10.360,-2.021,-2.990,-0.005,0.194,0.074,62.850,16.950,-26.250,31.5
19:40:53.064,444674,-9.541,-2.516,-1.693,-0.230,0.103,-0.080,62.850,16.950,-26.250,31.4
19:40:53.125,444728,-8.744,-2.308,-2.521,0.144,0.087,-0.011,61.950,15.900,-25.350,31.4
19:40:53.183,444782,-9.740,-3.445,-2.337,0.235,0.038,0.035,61.950,15.900,-25.350,31.6
19:40:53.245,444836,-9.254,-1.290,-2.303,-0.229,0.264,0.096,61.350,15.000,-28.800,31.5
19:40:53.305,444890,-9.098,-3.115,-2.784,0.321,0.076,0.049,61.350,15.000,-28.800,31.6
19:40:53.306,444944,-8.866,-2.172,-2.538,-0.204,0.065,0.034,61.650,15.150,-28.650,31.7
19:40:53.364,444998,-8.564,-2.157,-3.000,-0.188,0.279,0.164,61.650,15.150,-28.650,31.6
19:40:53.424,445052,-7.815,-2.286,-2.478,-0.347,0.412,0.330,61.650,15.150,-28.650,31.6
19:40:53.485,445106,-6.517,-1.480,-3.591,-0.125,0.640,0.783,61.650,15.150,-28.650,31.3
19:40:53.545,445160,-7.693,-1.853,-2.521,-0.486,0.644,1.076,60.600,20.400,-32.100,31.4
19:40:53.605,445214,-7.135,-2.638,-4.362,-0.047,0.551,0.890,58.650,26.100,-35.250,31.6
19:40:53.664,445268,-7.523,-0.845,-4.001,-0.610,0.623,1.077,58.650,26.100,-35.250,31.6
19:40:53.725,445322,-8.265,1.592,-3.673,0.394,0.580,0.886,58.650,26.100,-35.250,31.5
19:40:53.783,445376,-7.793,-2.710,-4.583,-0.509,0.420,0.982,58.650,26.100,-35.250,31.6
19:40:53.845,445430,-7.956,2.076,-5.109,0.093,0.278,0.674,55.950,34.950,-41.850,31.6
19:40:53.845,445484,-8.581,1.003,-5.952,0.237,0.410,0.590,55.950,34.950,-41.850,31.4
19:40:53.905,445538,-8.583,-1.259,-5.523,-0.421,0.374,0.542,51.600,38.850,-42.150,31.7
19:40:53.964,445592,-8.710,3.412,-6.048,0.176,0.119,0.335,51.600,38.850,-42.150,31.5
19:40:54.025,445646,-8.339,-0.120,-6.579,-0.196,0.124,0.198,51.600,38.850,-42.150,31.6
19:40:54.084,445700,-8.315,1.954,-5.116,0.174,0.033,0.173,51.600,38.850,-42.150,31.4
19:40:54.143,445754,-7.860,2.296,-5.775,-0.106,0.035,0.120,49.650,39.600,-44.700,31.6
19:40:54.203,445808,-8.569,1.259,-5.581,0.381,-0.075,0.053,48.300,41.700,-46.050,31.7
19:40:54.263,445862,-8.748,1.334,-6.246,-0.008,-0.098,0.094,48.300,41.700,-46.050,31.6
19:40:54.383,445916,-8.519,2.411,-5.205,0.130,-0.166,-0.037,48.300,40.950,-45.600,31.4
19:40:54.384,445970,-8.236,2.009,-5.430,-0.084,-0.193,-0.057,48.300,40.950,-45.600,31.6
19:40:54.385,446024,-8.710,1.279,-4.810,-0.043,-0.209,-0.023,49.350,41.100,-45.450,31.4
19:40:54.443,446078,-8.844,2.310,-5.947,-0.346,-0.164,-0.263,49.350,41.100,-45.450,31.4
19:40:54.505,446132,-8.610,1.879,-4.922,0.206,-0.355,-0.244,49.650,38.400,-44.400,31.6
19:40:54.563,446186,-7.910,0.855,-4.401,-0.029,-0.310,-0.203,49.650,38.400,-44.400,31.8
19:40:54.623,446240,-8.286,2.172,-4.707,0.170,-0.267,-0.373,51.300,39.300,-42.750,31.4
19:40:54.683,446294,-9.081,0.934,-4.116,-0.245,-0.198,-0.244,51.300,39.300,-42.750,31.6
19:40:54.743,446348,-8.973,1.312,-4.999,0.012,-0.189,-0.313,52.050,37.500,-40.200,31.4
19:40:54.803,446402,-8.978,1.092,-4.489,-0.029,-0.029,-0.349,53.700,35.700,-42.450,31.7
19:40:54.863,446456,-9.256,1.041,-4.391,0.058,-0.089,-0.326,53.700,35.700,-42.450,31.7
19:40:54.923,446510,-9.096,0.979,-4.061,-0.252,-0.048,-0.287,53.550,35.100,-42.000,31.4
19:40:54.983,446564,-9.129,0.709,-4.523,-0.004,-0.038,-0.157,53.550,35.100,-42.000,31.5
19:40:54.984,446618,-8.772,0.749,-4.542,-0.218,0.118,-0.056,53.550,34.800,-41.550,31.6
19:40:55.104,446672,-9.043,0.716,-4.547,-0.199,0.184,-0.052,53.550,34.800,-41.550,31.6
19:40:55.104,446726,-8.897,0.836,-4.542,-0.060,-0.001,-0.088,54.000,33.600,-43.050,31.7
19:40:55.164,446780,-8.677,1.243,-4.149,-0.173,-0.001,-0.026,54.000,33.600,-43.050,31.7
19:40:55.223,446834,-8.727,1.231,-4.571,-0.070,-0.157,-0.011,56.400,33.750,-42.450,31.6
19:40:55.283,446888,-11.557,3.464,-5.320,0.081,-0.061,-0.134,56.400,33.750,-42.450,31.8
19:40:55.343,446942,-15.323,2.552,-7.767,-0.424,0.298,0.289,54.900,32.250,-40.650,31.6
19:40:55.404,446996,-14.289,3.187,-6.993,-0.282,0.581,0.584,54.900,32.250,-40.650,31.4
19:40:55.465,447050,-12.333,2.433,-6.237,-0.193,0.529,0.689,54.900,32.250,-40.650,31.4
19:40:55.466,447104,-9.380,1.736,-3.570,-0.055,0.250,0.353,51.000,40.950,-42.750,31.8
19:40:55.525,447158,-8.523,1.056,-4.532,0.157,0.104,-0.112,51.000,40.950,-42.750,31.7
19:40:55.583,447212,-8.576,-0.026,-4.472,-0.036,-0.091,-0.409,51.150,41.850,-41.850,31.8
19:40:55.644,447266,-7.810,0.177,-4.563,0.495,-0.183,-0.537,51.150,41.850,-41.850,31.7
19:40:55.705,447320,-7.034,-0.350,-3.512,-0.221,-0.347,-0.594,51.150,41.850,-41.850,31.7
19:40:55.765,447374,-6.649,0.096,-3.630,0.298,-0.509,-0.790,51.150,41.850,-41.850,31.7
19:40:55.825,447428,-6.486,-0.127,-4.314,0.290,-0.533,-0.713,54.900,36.150,-39.300,31.8
19:40:55.884,447482,-6.931,1.250,-4.322,0.118,-0.508,-0.787,54.900,36.150,-39.300,31.6
19:40:55.945,447536,-7.872,-0.256,-3.737,-0.185,-0.696,-0.802,57.750,33.600,-35.700,31.5
19:40:56.004,447590,-7.633,-0.287,-3.290,0.531,-0.616,-0.886,57.750,33.600,-35.700,31.8
19:40:56.004,447644,-7.099,-2.931,-3.711,-0.177,-0.605,-0.803,60.600,28.200,-33.150,31.6
19:40:56.064,447698,-7.798,0.180,-2.966,0.723,-0.472,-0.586,61.050,21.900,-27.750,31.5
19:40:56.124,447752,-6.881,-3.278,-3.129,0.824,-0.511,-0.424,61.050,21.900,-27.750,31.6
19:40:56.185,447806,-7.954,-1.640,-3.476,0.933,-1.012,-1.055,61.050,21.900,-27.750,31.6
19:40:56.244,447860,-10.044,-1.022,1.434,2.610,-0.545,-0.876,61.050,21.900,-27.750,31.7
19:40:56.304,447914,-8.672,0.156,-2.073,-1.472,0.942,0.665,62.700,15.150,-21.750,31.5
19:40:56.365,447968,-9.668,-7.211,-2.385,0.423,0.544,0.192,62.700,15.150,-21.750,31.2
19:40:56.425,448022,-9.493,-0.438,-1.963,-0.370,-0.061,-0.323,61.650,16.800,-24.900,31.3
19:40:56.483,448076,-9.048,-3.864,-2.504,0.351,-0.061,0.021,61.650,16.800,-24.900,31.6
19:40:56.545,448130,-9.378,-2.444,-2.514,-0.163,0.291,0.208,61.650,16.800,-24.900,31.8
19:40:56.546,448184,-9.598,-2.986,-2.588,-0.002,0.239,0.377,61.650,16.800,-24.900,31.6
19:40:56.603,448238,-9.064,-2.703,-1.992,-0.181,0.082,0.068,62.700,18.300,-27.900,31.5
19:40:56.664,448292,-9.852,-2.124,-2.296,-0.005,-0.013,-0.019,61.650,19.050,-28.950,31.6
19:40:56.725,448346,-9.285,-2.555,-3.100,-0.244,0.015,-0.044,61.650,19.050,-28.950,31.6
19:40:56.785,448400,-9.658,-0.555,-1.729,-0.197,-0.208,-0.207,62.550,19.200,-29.250,31.6
19:40:56.845,448454,-8.212,-4.259,-4.343,-0.308,-0.431,-0.463,62.550,19.200,-29.250,31.3
19:40:56.905,448508,-9.000,2.176,-0.960,1.037,-0.035,-0.232,62.850,14.550,-25.500,31.4
19:40:56.965,448562,-8.669,-3.536,-1.860,-0.626,0.436,0.413,62.850,14.550,-25.500,31.6
19:40:57.023,448616,-8.875,-3.663,-3.639,0.704,0.457,0.282,63.900,15.600,-27.600,31.7
19:40:57.085,448670,-7.199,-3.378,-3.048,-0.180,0.468,0.569,63.900,15.600,-27.600,31.6
19:40:57.085,448724,-5.528,-0.766,-2.830,0.020,1.150,1.757,62.700,17.850,-30.750,31.7
19:40:57.144,448778,-7.958,0.005,-5.016,0.197,1.032,1.837,62.700,17.850,-30.750,31.5
19:40:57.205,448832,-10.077,-2.037,-4.666,1.188,0.772,1.454,59.400,28.350,-36.300,31.8
19:40:57.264,448886,-7.977,2.136,-2.054,0.818,0.812,1.126,59.400,28.350,-36.300,31.4
19:40:57.325,448940,-7.743,2.835,-4.310,-0.444,0.775,0.512,59.400,28.350,-36.300,31.6
19:40:57.383,448994,-8.868,-0.077,-5.040,0.131,0.576,0.413,51.750,35.850,-46.050,31.6
19:40:57.443,449048,-8.346,0.613,-5.418,-0.174,0.609,0.424,51.750,35.850,-46.050,31.8
19:40:57.503,449102,-7.678,-0.005,-5.557,0.020,0.434,0.501,50.400,36.900,-48.300,31.6
19:40:57.564,449156,-8.310,1.745,-6.309,-0.083,0.224,0.386,50.400,36.900,-48.300,31.4
19:40:57.623,449210,-8.523,1.963,-6.129,0.185,0.103,0.141,50.400,36.900,-48.300,31.7
19:40:57.624,449264,-7.877,0.316,-6.057,-0.694,0.072,0.070,50.400,36.900,-48.300,31.6
19:40:57.685,449318,-8.933,2.813,-5.863,0.023,0.121,-0.355,47.400,40.650,-49.800,31.6
19:40:57.745,449372,-9.354,1.070,-7.379,-0.883,0.058,-0.415,47.400,40.650,-49.800,31.6
19:40:57.805,449426,-8.523,1.305,-5.772,-0.705,-0.162,-0.417,48.900,40.650,-50.550,31.4
19:40:57.865,449480,-8.162,0.886,-6.390,-0.471,-0.025,-0.289,48.750,40.200,-48.600,31.5
19:40:57.923,449534,-8.030,0.663,-5.612,-0.478,-0.141,-0.339,48.750,40.200,-48.600,31.5
19:40:57.985,449588,-8.332,1.561,-5.727,-0.155,-0.098,-0.263,50.250,39.000,-47.850,31.8
19:40:58.045,449642,-8.461,0.347,-5.442,-0.352,-0.126,-0.207,50.250,39.000,-47.850,31.5
19:40:58.105,449696,-7.932,1.283,-5.921,-0.371,-0.119,-0.176,49.800,36.600,-47.100,31.6
19:40:58.165,449750,-8.107,1.202,-4.896,0.079,-0.045,-0.169,49.800,36.600,-47.100,31.6
19:40:58.165,449804,-8.277,2.167,-4.906,-0.520,-0.124,-0.171,50.550,38.550,-45.300,31.5
19:40:58.223,449858,-8.028,1.132,-5.246,-0.622,-0.341,-0.223,50.550,38.550,-45.300,31.4
19:40:58.285,449912,-8.282,0.845,-4.810,-0.493,-0.278,-0.104,51.000,38.550,-43.050,31.5
19:40:58.343,449966,-8.521,0.886,-4.884,-0.419,-0.373,-0.106,51.000,38.550,-43.050,31.6
19:40:58.405,450020,-8.780,2.394,-4.626,-0.156,-0.438,-0.145,51.000,38.550,-43.050,31.6
19:40:58.465,450074,-8.545,1.437,-4.575,-0.066,-0.373,-0.140,51.000,38.550,-43.050,31.7
19:40:58.523,450128,-8.741,1.334,-4.063,-0.094,-0.351,-0.160,54.000,38.550,-39.750,31.7
19:40:58.585,450182,-8.581,1.216,-4.111,0.170,-0.367,-0.118,53.250,37.800,-37.650,31.8
19:40:58.643,450236,-9.191,1.774,-3.378,-0.103,-0.256,-0.063,53.250,37.800,-37.650,31.7
19:40:58.703,450290,-14.308,3.831,-5.990,0.086,-0.183,-0.340,53.250,37.800,-37.650,31.6
19:40:58.704,450344,-17.052,5.033,-7.913,-0.044,0.349,0.485,53.250,37.800,-37.650,31.4
19:40:58.765,450398,-13.405,1.520,-5.203,-0.108,0.464,0.679,53.550,37.050,-37.200,31.4
19:40:58.825,450452,-10.848,3.424,-3.757,0.280,0.203,0.560,53.550,37.050,-37.200,31.6
19:40:58.885,450506,-9.086,0.338,-4.039,-0.637,0.147,0.181,52.050,40.500,-38.700,31.7
19:40:58.945,450560,-8.985,1.319,-3.156,0.572,-0.071,-0.228,52.050,40.500,-38.700,31.7
19:40:59.005,450614,-7.470,2.148,-3.620,0.273,-0.177,-0.616,52.050,42.150,-36.450,31.7
19:40:59.063,450668,-7.750,-0.328,-2.665,0.009,-0.265,-0.495,52.050,42.150,-36.450,31.4
19:40:59.123,450722,-7.302,-0.409,-3.239,0.067,-0.436,-0.670,53.550,42.900,-34.650,31.7
19:40:59.183,450776,-7.508,0.682,-2.488,0.275,-0.585,-0.549,56.400,37.200,-32.250,31.8
19:40:59.244,450830,-7.503,-0.290,-3.227,0.604,-0.461,-0.466,56.400,37.200,-32.250,31.4
19:40:59.244,450884,-8.892,2.121,-2.519,0.048,-0.481,-0.642,57.300,33.600,-30.600,31.4
19:40:59.305,450938,-7.906,-0.306,-2.598,0.637,-0.243,-0.564,57.300,33.600,-30.600,31.5
19:40:59.363,450992,-8.689,0.895,-2.641,-0.263,-0.249,-0.769,59.400,31.800,-29.700,31.8
19:40:59.425,451046,-7.688,-2.263,-2.430,0.461,-0.295,-0.451,59.400,31.800,-29.700,31.5
19:40:59.484,451100,-8.772,0.105,-3.091,-0.198,-0.239,-0.298,60.300,28.200,-27.300,31.6
19:40:59.544,451154,-9.354,1.448,-2.641,0.775,-0.547,-0.581,60.300,28.200,-27.300,31.6
19:40:59.604,451208,-5.837,-7.626,-1.255,1.538,-1.288,-1.333,61.350,25.050,-25.950,31.6
19:40:59.664,451262,-8.507,5.550,-3.338,3.098,0.185,-0.449,61.350,25.050,-25.950,31.4
19:40:59.725,451316,-7.630,-4.003,-2.394,-1.745,1.089,0.730,61.650,18.750,-21.750,31.2
19:40:59.783,451370,-10.108,-0.766,-3.326,0.005,0.722,0.305,61.650,18.750,-21.750,31.4
19:40:59.785,451424,-9.807,-1.118,-2.653,0.535,0.025,-0.123,61.650,18.750,-21.750,31.6
19:40:59.845,451478,-9.009,-1.908,-3.443,-0.080,0.286,-0.103,61.350,21.900,-31.050,31.6
19:40:59.905,451532,-8.813,-2.440,-3.144,0.429,0.087,-0.198,61.350,21.900,-31.050,31.7
19:40:59.965,451586,-9.309,-0.979,-3.412,0.055,0.067,-0.212,62.100,21.150,-31.800,31.6
19:41:00.024,451640,-9.373,-3.496,-3.555,0.451,-0.149,-0.177,62.100,21.150,-31.800,31.6
19:41:00.083,451694,-8.581,-2.124,-1.810,0.022,-0.059,-0.015,62.100,21.150,-31.800,31.7
19:41:00.145,451748,-8.681,-2.990,-2.588,0.010,0.136,-0.010,62.100,21.150,-31.800,31.6
19:41:00.205,451802,-9.625,-1.255,-2.780,0.232,0.117,-0.135,61.950,19.500,-31.200,31.3
19:41:00.264,451856,-8.796,-4.310,-3.201,-0.111,-0.102,-0.242,61.950,19.500,-31.200,31.7
19:41:00.323,451910,-9.076,-0.620,-3.383,0.475,0.058,-0.106,61.950,17.100,-32.700,31.6
19:41:00.324,451964,-9.088,-3.522,-3.364,-0.072,0.105,0.023,61.950,17.100,-32.700,31.7
19:41:00.384,452018,-9.333,-1.267,-3.627,0.062,0.173,0.001,61.950,17.100,-32.700,31.8
19:41:00.445,452072,-7.750,-3.326,-3.417,0.186,0.105,0.273,62.400,19.500,-34.500,31.6
19:41:00.505,452126,-5.643,-2.579,-3.357,0.180,0.455,0.919,62.400,19.500,-34.500,31.7
19:41:00.564,452180,-5.109,-0.862,-2.902,-0.359,0.736,1.684,59.550,24.300,-36.450,31.6
19:41:00.625,452234,-7.372,0.534,-4.085,-1.156,0.861,1.444,59.550,24.300,-36.450,31.4
19:41:00.685,452288,-8.564,-1.130,-2.851,0.672,0.432,1.122,59.550,24.300,-36.450,31.4
19:41:00.745,452342,-7.982,0.417,-5.306,-1.156,0.565,0.956,59.550,24.300,-36.450,31.7
19:41:00.805,452396,-9.359,2.356,-4.276,0.528,0.424,0.540,53.250,37.050,-40.500,31.6
19:41:00.865,452450,-8.097,-1.472,-5.016,-0.341,0.385,0.652,53.250,37.050,-40.500,31.6
19:41:00.865,452504,-9.943,3.488,-4.511,-0.022,0.301,0.244,51.300,41.700,-43.050,31.6
19:41:00.923,452558,-8.863,0.117,-4.918,-0.089,0.264,0.330,51.300,41.700,-43.050,31.6
19:41:01.044,452612,-8.425,2.978,-4.532,-0.235,0.170,0.109,51.300,41.700,-43.050,31.6
19:41:01.045,452666,-9.380,2.409,-4.958,-0.110,0.286,0.200,50.400,43.050,-45.150,31.7
19:41:01.105,452720,-8.226,0.634,-5.136,-0.574,0.109,-0.054,50.400,43.050,-45.150,31.3
19:41:01.164,452774,-7.738,1.858,-4.975,-0.102,-0.030,-0.118,48.900,41.850,-46.500,31.4
19:41:01.223,452828,-8.040,1.891,-5.145,-0.138,0.001,-0.215,48.900,41.850,-46.500,31.6
19:41:01.285,452882,-8.971,2.102,-5.602,-0.187,-0.085,-0.531,50.250,42.150,-45.600,31.8
19:41:01.345,452936,-8.950,1.791,-4.779,-0.127,0.017,-0.533,50.250,42.150,-45.600,31.6
19:41:01.405,452990,-9.421,2.025,-5.562,0.177,-0.035,-0.605,51.600,39.600,-44.700,31.6
19:41:01.406,453044,-9.096,0.371,-5.229,-0.272,0.074,-0.439,51.600,39.600,-44.700,31.7
19:41:01.463,453098,-8.669,1.338,-5.581,0.071,0.115,-0.503,52.050,37.800,-45.600,31.6
19:41:01.525,453152,-8.827,0.622,-5.796,-0.294,0.103,-0.404,52.050,37.800,-45.600,31.7
19:41:01.584,453206,-8.693,0.857,-5.483,0.044,-0.083,-0.313,52.050,35.850,-46.350,31.6
19:41:01.644,453260,-8.162,0.821,-5.085,0.056,-0.072,-0.284,52.650,33.750,-46.950,31.5
19:41:01.705,453314,-8.468,0.409,-5.224,-0.194,0.001,-0.339,52.650,33.750,-46.950,31.7
19:41:01.765,453368,-8.420,0.254,-4.834,-0.162,-0.097,-0.401,54.150,31.800,-46.950,31.9
19:41:01.823,453422,-8.547,0.577,-5.291,-0.001,-0.030,-0.484,54.150,31.800,-46.950,31.6
19:41:01.884,453476,-8.765,0.338,-4.808,0.091,-0.014,-0.396,54.000,31.950,-45.600,31.8
19:41:01.943,453530,-8.523,-0.328,-5.131,0.032,-0.110,-0.270,54.000,31.950,-45.600,31.6
19:41:02.005,453584,-8.875,-0.311,-4.982,0.224,-0.067,-0.082,54.900,29.850,-45.450,31.8
19:41:02.005,453638,-11.344,-0.742,-6.843,-0.027,-0.023,0.062,54.900,29.850,-45.450,31.6
19:41:02.065,453692,-17.576,1.525,-10.278,-0.254,0.195,0.624,54.900,28.800,-45.450,31.4
19:41:02.124,453746,-13.317,1.528,-6.965,-0.799,0.076,0.995,54.900,28.800,-45.450,31.4
19:41:02.185,453800,-9.043,0.232,-4.259,-0.474,0.014,0.673,54.000,32.850,-46.800,31.7
19:41:02.244,453854,-9.254,2.047,-4.171,-0.105,0.064,0.245,52.500,36.300,-44.100,31.6
19:41:02.303,453908,-8.210,-1.247,-3.464,-0.466,-0.335,0.120,52.500,36.300,-44.100,31.7
19:41:02.363,453962,-6.208,-1.628,-3.577,0.511,-0.326,-0.080,52.500,36.300,-44.100,31.7
19:41:02.423,454016,-7.357,3.182,-3.498,0.355,-0.187,-0.333,52.500,36.300,-44.100,31.6
19:41:02.483,454070,-7.013,-2.521,-4.094,0.124,-0.392,-0.078,54.000,36.600,-41.550,31.6
19:41:02.484,454124,-7.781,1.422,-3.946,0.363,-0.337,-0.329,54.000,36.600,-41.550,31.8
19:41:02.543,454178,-7.618,-0.589,-4.839,0.013,-0.220,-0.236,56.700,36.900,-38.100,31.5
19:41:02.603,454232,-7.956,1.125,-3.036,0.287,-0.237,-0.499,56.700,36.900,-38.100,31.4
19:41:02.663,454286,-7.937,0.579,-4.243,-0.147,-0.365,-0.465,56.700,36.900,-38.100,31.5
19:41:02.723,454340,-7.539,-0.484,-2.820,0.003,-0.453,-0.711,56.700,36.900,-38.100,31.6
19:41:02.783,454394,-9.845,2.215,-4.729,0.460,-0.421,-0.820,57.750,31.200,-36.150,31.5
19:41:02.845,454448,-9.273,-1.614,-3.531,0.175,-0.503,-0.661,57.750,31.200,-36.150,31.8
19:41:02.903,454502,-9.333,-2.227,-3.982,1.022,-0.734,-0.828,60.900,26.100,-33.750,31.5
19:41:02.965,454556,-9.546,1.159,-3.163,0.254,-0.869,-1.088,60.900,26.100,-33.750,31.8
19:41:03.025,454610,-6.893,-12.036,0.124,0.499,-1.559,-1.606,60.900,26.100,-33.750,31.8
19:41:03.025,454664,-7.113,7.010,-4.879,0.150,0.466,0.005,64.950,12.450,-23.850,31.6
19:41:03.083,454718,-8.191,-7.551,-2.358,-0.169,0.838,0.916,64.950,12.450,-23.850,31.7
19:41:03.145,454772,-10.360,-1.259,-2.071,-0.316,0.140,-0.032,62.700,19.500,-29.700,31.7
19:41:03.204,454826,-8.696,-1.032,-3.005,-0.440,-0.023,-0.116,62.700,19.500,-29.700,31.6
19:41:03.264,454880,-9.268,-1.717,-2.095,0.278,0.305,0.141,62.700,19.500,-29.700,31.8
19:41:03.323,454934,-8.756,-3.931,-2.619,-0.229,0.168,0.258,62.700,19.500,-29.700,31.8
19:41:03.383,454988,-9.100,-2.401,-3.072,0.056,0.219,0.378,61.950,19.050,-29.700,31.9
19:41:03.443,455042,-9.618,-2.523,-3.850,-0.722,0.315,0.462,61.950,19.050,-29.700,31.8
19:41:03.503,455096,-9.938,1.817,-3.215,0.234,-0.037,0.652,62.100,21.600,-31.350,31.6
19:41:03.565,455150,-10.884,-0.733,-3.033,1.393,-0.834,0.484,62.100,21.600,-31.350,31.3
19:41:03.566,455204,-8.487,-1.089,-2.030,3.504,-0.654,-0.503,62.100,21.600,-31.350,31.6
19:41:03.625,455258,-9.225,-2.057,-6.596,1.148,0.161,-0.035,63.450,21.000,-28.200,31.6
19:41:03.685,455312,-9.139,-1.717,-0.089,-2.419,-0.205,-0.984,63.450,21.000,-28.200,31.5
19:41:03.743,455366,-6.321,-6.206,0.754,0.162,0.110,0.018,62.400,17.850,-26.400,31.7
19:41:03.805,455420,-10.099,-1.195,-2.368,0.181,0.403,0.198,62.400,17.850,-26.400,31.6
19:41:03.865,455474,-9.462,-3.658,-2.899,0.001,0.256,-0.011,63.450,19.800,-29.400,31.6
19:41:03.925,455528,-7.410,-2.270,-2.308,0.287,0.416,0.364,63.450,19.800,-29.400,31.7
19:41:03.984,455582,-5.569,-0.924,-2.868,0.315,0.923,1.332,61.800,18.450,-31.350,31.5
19:41:04.045,455636,-5.586,-1.616,-2.512,-1.336,1.188,1.788,61.800,18.450,-31.350,31.4
19:41:04.105,455690,-6.960,0.024,-3.486,-0.811,1.044,1.323,58.950,27.900,-35.550,31.4
19:41:04.105,455744,-8.861,3.038,-4.185,-0.170,1.015,0.990,55.500,35.850,-40.950,31.6
19:41:04.224,455798,-10.032,0.275,-6.539,0.143,0.593,0.787,55.500,35.850,-40.950,31.7
19:41:04.225,455852,-9.256,-0.400,-3.979,-1.097,0.703,0.402,51.300,39.300,-45.300,31.5
19:41:04.284,455906,-8.952,0.912,-3.792,-0.396,0.494,0.445,51.300,39.300,-45.300,31.7
19:41:04.345,455960,-8.914,2.430,-5.492,-0.738,0.549,-0.138,49.500,40.950,-46.050,31.6
19:41:04.404,456014,-8.485,-1.420,-5.605,-0.279,0.353,0.308,49.500,40.950,-46.050,31.8
19:41:04.465,456068,-8.736,4.690,-6.249,-0.479,0.489,-0.262,47.850,45.300,-46.500,31.4
19:41:04.523,456122,-8.432,-1.003,-5.612,-0.306,0.230,-0.018,47.850,45.300,-46.500,31.4
19:41:04.583,456176,-8.926,4.800,-6.306,-0.611,-0.086,-0.444,47.700,43.200,-47.100,31.6
19:41:04.645,456230,-7.884,1.264,-5.042,-0.298,-0.213,-0.313,47.700,43.200,-47.100,31.8
19:41:04.645,456284,-7.810,3.132,-5.428,0.193,-0.207,-0.489,47.850,43.800,-45.150,31.6
19:41:04.705,456338,-8.356,0.723,-4.583,-0.400,-0.097,-0.398,48.600,42.600,-45.150,31.6
19:41:04.765,456392,-8.729,3.127,-5.270,0.288,-0.037,-0.387,48.600,42.600,-45.150,31.4
19:41:04.823,456446,-8.619,0.634,-5.461,-0.278,0.039,-0.402,51.600,40.350,-45.450,31.9
19:41:04.883,456500,-8.851,1.896,-4.128,0.019,0.064,-0.361,51.600,40.350,-45.450,31.8
19:41:04.945,456554,-8.088,1.393,-5.325,-0.081,-0.040,-0.237,51.300,40.200,-46.050,31.6
19:41:05.005,456608,-8.679,1.290,-4.429,-0.195,-0.058,-0.126,51.300,40.200,-46.050,31.4
19:41:05.065,456662,-8.475,1.994,-5.488,-0.097,-0.107,-0.094,52.800,37.500,-44.550,31.6
19:41:05.124,456716,-8.705,0.560,-5.392,-0.019,-0.197,-0.113,52.800,37.500,-44.550,31.8
19:41:05.183,456770,-8.444,1.097,-5.717,0.241,-0.257,-0.009,51.900,38.850,-41.850,31.7
19:41:05.185,456824,-8.394,0.826,-5.181,0.244,-0.351,-0.099,51.900,38.850,-41.850,31.7
19:41:05.245,456878,-8.186,1.214,-5.246,0.280,-0.445,-0.208,51.900,38.850,-41.850,31.6
19:41:05.304,456932,-8.760,1.300,-3.740,0.082,-0.398,-0.364,51.900,38.850,-41.850,31.8
19:41:05.365,456986,-8.799,0.709,-4.678,0.153,-0.444,-0.449,55.050,35.100,-43.050,31.6
19:41:05.425,457040,-9.768,0.742,-4.159,0.050,-0.274,-0.298,57.450,33.450,-41.400,31.5
19:41:05.483,457094,-13.862,0.144,-5.962,-0.342,-0.131,-0.086,57.450,33.450,-41.400,31.4
19:41:05.543,457148,-17.861,4.472,-8.653,-0.463,0.478,0.767,57.450,33.450,-41.400,31.6
19:41:05.603,457202,-12.644,2.686,-4.867,0.000,0.419,1.085,57.450,33.450,-41.400,31.6
19:41:05.663,457256,-10.156,2.559,-4.034,-0.367,0.463,0.918,53.100,38.400,-41.400,31.6
19:41:05.723,457310,-9.270,1.348,-4.187,-0.463,0.242,0.523,53.100,38.400,-41.400,31.7
19:41:05.724,457364,-8.617,1.834,-3.936,-0.149,0.109,0.207,50.850,44.250,-38.550,31.6
19:41:05.783,457418,-6.771,-1.365,-3.950,0.324,-0.258,-0.095,50.850,44.250,-38.550,31.6
19:41:05.845,457472,-8.159,2.866,-4.219,0.525,-0.241,-0.392,50.850,44.250,-38.550,31.9
19:41:05.905,457526,-7.810,0.634,-3.996,0.375,-0.246,-0.318,50.850,44.250,-38.550,31.6
19:41:05.964,457580,-8.073,2.629,-3.498,-0.012,-0.349,-0.607,52.500,41.700,-37.650,31.4
19:41:06.025,457634,-8.258,0.960,-3.773,0.372,-0.497,-0.488,53.400,39.600,-33.750,31.7
19:41:06.083,457688,-7.683,0.275,-3.127,-0.297,-0.626,-0.755,53.400,39.600,-33.750,31.8
19:41:06.143,457742,-7.096,-0.180,-2.744,0.536,-0.741,-0.835,53.400,39.600,-33.750,31.5
19:41:06.205,457796,-7.702,2.344,-3.778,0.733,-0.754,-0.887,53.400,39.600,-33.750,31.6
19:41:06.264,457850,-7.982,-0.215,-2.670,0.648,-0.509,-0.575,60.600,31.200,-29.850,31.7
19:41:06.264,457904,-8.011,1.211,-3.745,0.400,-0.156,-0.431,60.600,31.200,-29.850,31.6
19:41:06.323,457958,-9.220,0.208,-2.358,0.460,-0.192,-0.494,59.850,28.500,-30.300,31.4
19:41:06.383,458012,-9.641,-2.258,-3.072,0.374,-0.469,-0.900,59.850,28.500,-30.300,31.4
19:41:06.443,458066,-8.035,-4.312,-3.709,1.284,-1.138,-1.560,59.850,28.500,-30.300,31.6
19:41:06.505,458120,-8.514,-1.001,-1.259,2.717,-0.459,-0.594,59.850,28.500,-30.300,31.6
19:41:06.563,458174,-7.915,0.599,-1.817,-1.829,0.625,0.071,63.300,16.200,-21.450,31.6
19:41:06.623,458228,-10.578,-5.160,-1.956,0.780,0.312,-0.161,64.200,18.300,-26.850,31.8
19:41:06.685,458282,-9.859,-3.151,-1.990,-0.111,-0.089,-0.309,64.200,18.300,-26.850,31.4
19:41:06.743,458336,-8.748,-3.211,-2.234,0.532,-0.105,-0.172,64.200,18.300,-26.850,31.8
19:41:06.803,458390,-9.148,-3.788,-1.587,-0.269,0.037,-0.098,64.200,18.300,-26.850,31.7
19:41:06.804,458444,-9.560,-3.960,-1.611,0.472,-0.047,-0.091,62.400,14.400,-27.900,31.5
19:41:06.863,458498,-9.369,-2.737,-0.871,-0.075,-0.018,-0.118,62.400,14.400,-27.900,31.6
19:41:06.923,458552,-8.856,-3.508,-1.805,0.095,-0.025,-0.081,65.100,15.000,-25.950,31.6
19:41:06.983,458606,-9.677,-2.105,-0.773,-0.049,-0.006,-0.054,65.100,15.000,-25.950,31.7
19:41:07.044,458660,-9.366,-3.290,-2.200,0.229,-0.013,-0.055,64.200,13.650,-26.850,31.7
19:41:07.105,458714,-9.450,-3.029,-1.920,-0.076,-0.032,-0.156,64.200,13.650,-26.850,31.7
19:41:07.165,458768,-8.588,-3.656,-2.174,-0.124,0.015,-0.131,63.150,12.900,-26.400,31.6
19:41:07.223,458822,-8.260,-3.472,-1.628,0.195,0.165,0.215,63.450,12.900,-26.100,31.4
19:41:07.284,458876,-7.422,-2.849,-2.423,0.204,0.480,0.491,63.450,12.900,-26.100,31.4
19:41:07.345,458930,-6.522,-1.666,-2.555,0.061,1.150,1.331,62.700,16.800,-30.150,31.4
19:41:07.345,458984,-7.029,0.555,-2.145,-0.287,1.100,1.343,62.700,16.800,-30.150,31.4
19:41:07.405,459038,-8.461,-4.228,-4.276,-1.132,0.771,1.206,60.300,22.800,-36.900,31.6
19:41:07.465,459092,-8.868,-1.422,-4.173,0.243,0.661,0.920,60.300,22.800,-36.900,31.8
19:41:07.523,459146,-9.610,1.377,-4.089,-0.034,0.466,0.737,57.900,28.800,-38.850,31.8
19:41:07.584,459200,-9.052,-4.025,-4.748,-0.335,0.471,0.877,57.900,28.800,-38.850,31.6
19:41:07.644,459254,-8.614,0.294,-3.819,0.251,0.457,0.768,55.800,35.100,-42.750,31.6
19:41:07.705,459308,-9.057,2.401,-5.078,-0.081,0.569,0.452,55.800,35.100,-42.750,31.6
19:41:07.765,459362,-9.340,0.637,-5.174,-1.014,0.299,0.177,51.150,36.900,-45.150,31.7
19:41:07.825,459416,-7.815,0.467,-4.764,0.152,-0.066,0.242,51.150,36.900,-45.150,31.4
19:41:07.885,459470,-8.059,3.412,-4.752,-0.033,-0.122,-0.084,51.150,36.900,-45.150,31.4
19:41:07.885,459524,-7.788,-0.484,-5.191,-0.019,-0.128,0.038,51.750,38.550,-44.550,31.8
19:41:07.945,459578,-9.172,2.076,-4.980,-0.169,0.065,-0.212,51.750,38.550,-44.550,31.7
19:41:08.005,459632,-9.323,-0.730,-5.054,-0.572,0.105,-0.049,53.250,38.550,-45.300,31.6
19:41:08.065,459686,-9.474,2.148,-4.685,-0.083,0.022,-0.367,53.250,38.550,-45.300,31.4
19:41:08.123,459740,-9.148,1.755,-4.776,-0.633,0.115,-0.433,53.250,38.550,-45.300,31.6
19:41:08.183,459794,-8.856,0.136,-4.908,-0.097,0.034,-0.382,53.250,38.550,-45.300,31.8
19:41:08.245,459848,-9.124,1.585,-4.937,-0.220,0.133,-0.510,53.250,36.300,-43.800,31.8
19:41:08.305,459902,-9.290,0.084,-4.920,-0.111,0.200,-0.337,53.250,36.300,-43.800,31.6
19:41:08.365,459956,-8.684,0.376,-4.554,-0.498,0.216,-0.249,53.100,35.700,-45.450,31.2
19:41:08.425,460010,-8.729,1.317,-5.088,-0.520,0.253,-0.274,53.100,35.700,-45.450,31.6
19:41:08.426,460064,-8.782,0.939,-4.549,-0.341,-0.029,-0.135,53.100,35.700,-45.450,31.7
19:41:08.485,460118,-8.203,0.615,-4.791,-0.389,-0.204,-0.277,51.750,35.100,-44.100,31.8
19:41:08.544,460172,-7.705,-0.139,-4.697,-0.081,-0.078,-0.333,51.750,35.100,-44.100,31.8
19:41:08.604,460226,-8.569,-0.402,-5.552,-0.238,0.062,-0.397,53.700,33.750,-43.650,31.6
19:41:08.663,460280,-8.983,-0.182,-5.382,-0.152,0.045,-0.236,53.700,33.750,-43.650,31.7
19:41:08.723,460334,-8.966,0.045,-5.713,-0.294,-0.026,-0.108,53.700,33.750,-43.650,31.8
19:41:08.785,460388,-8.856,0.108,-5.373,-0.121,-0.015,-0.070,53.700,33.750,-43.650,31.5
19:41:08.845,460442,-8.871,0.151,-5.392,0.224,-0.106,-0.053,53.250,35.850,-43.800,31.5
19:41:08.905,460496,-8.404,0.548,-5.025,0.059,-0.129,-0.130,53.250,35.850,-43.800,31.7
19:41:08.965,460550,-8.430,0.053,-5.523,0.302,0.070,-0.327,54.150,31.050,-43.200,31.4
19:41:09.023,460604,-8.356,0.601,-4.939,0.152,0.291,-0.313,54.150,31.050,-43.200,31.7
19:41:09.024,460658,-8.461,0.527,-5.210,0.259,0.335,-0.303,54.150,31.050,-43.200,31.8
19:41:09.085,460712,-8.933,0.800,-5.210,0.104,0.339,-0.160,53.100,29.100,-46.500,31.6
19:41:09.145,460766,-8.940,0.156,-5.380,0.121,0.054,-0.072,53.100,29.100,-46.500,31.8
19:41:09.203,460820,-8.748,0.527,-5.866,0.020,-0.038,0.117,53.550,25.800,-46.350,31.6
19:41:09.263,460874,-8.602,0.208,-5.854,-0.190,-0.207,0.331,53.550,25.800,-46.350,31.6
19:41:09.325,460928,-8.071,0.824,-5.150,-0.152,-0.218,0.480,54.300,28.200,-44.850,31.7
19:41:09.383,460982,-8.260,0.469,-4.870,-0.178,-0.177,0.403,54.300,28.200,-44.850,32.0
19:41:09.444,461036,-8.023,0.448,-4.887,-0.097,-0.059,0.184,52.050,30.900,-44.100,31.8
19:41:09.504,461090,-8.356,0.517,-4.642,-0.050,0.212,0.107,52.050,30.900,-44.100,31.6
19:41:09.504,461144,-9.507,-0.041,-4.860,-0.143,0.199,-0.014,51.750,30.150,-44.550,31.4
19:41:09.563,461198,-10.123,0.266,-5.183,-0.094,0.084,0.153,51.750,30.150,-44.550,31.6
19:41:09.625,461252,-10.446,0.766,-5.318,-0.041,-0.002,0.519,51.750,31.650,-44.550,31.8
19:41:09.684,461306,-11.097,3.117,-5.250,-0.394,-0.155,0.600,50.250,33.600,-44.550,31.5
19:41:09.745,461360,-12.601,4.053,-6.596,-0.270,-0.093,0.373,50.250,33.600,-44.550,31.3
19:41:09.805,461414,-11.109,1.271,-6.132,-0.006,-0.183,0.128,50.550,37.800,-42.750,31.7
19:41:09.865,461468,-9.275,2.176,-5.171,0.305,-0.159,0.028,50.550,37.800,-42.750,31.6
19:41:09.925,461522,-7.695,0.579,-4.353,0.043,-0.266,-0.141,52.050,35.550,-41.550,31.7
19:41:09.984,461576,-7.834,0.962,-4.159,0.123,-0.357,-0.439,52.050,35.550,-41.550,31.6
19:41:10.045,461630,-7.527,-0.785,-4.506,0.137,-0.381,-0.607,52.500,36.600,-40.500,31.8
19:41:10.045,461684,-7.887,0.146,-4.334,0.431,-0.196,-0.564,52.500,36.600,-40.500,31.6
19:41:10.105,461738,-7.125,-0.500,-4.202,0.427,-0.339,-0.412,52.500,36.600,-40.500,31.6
19:41:10.164,461792,-7.396,-0.769,-3.926,-0.015,-0.418,-0.373,52.500,36.600,-40.500,31.5
19:41:10.225,461846,-8.681,0.943,-4.994,0.115,-0.293,-0.536,56.250,32.850,-37.950,31.6
19:41:10.283,461900,-9.328,-1.338,-3.019,0.191,-0.454,-0.503,56.250,32.850,-37.950,31.7
19:41:10.344,461954,-8.226,0.232,-3.067,0.592,-0.546,-0.523,58.200,29.550,-34.500,31.7
19:41:10.405,462008,-7.594,-2.294,-3.838,0.134,-0.610,-0.502,58.200,29.550,-34.500,31.8
19:41:10.465,462062,-7.987,-1.362,-2.334,0.390,-0.553,-0.332,58.200,29.550,-34.500,31.7
19:41:10.525,462116,-7.468,-0.572,-2.799,0.127,-0.342,-0.218,58.950,23.700,-28.950,31.8
19:41:10.584,462170,-9.194,-0.436,-2.787,0.081,-0.564,-0.644,58.950,23.700,-28.950,31.7
19:41:10.584,462224,-5.760,-4.386,-2.401,1.379,-1.285,-1.403,61.200,22.200,-27.600,31.7
19:41:10.645,462278,-6.230,3.625,-2.806,2.485,-0.159,-0.378,61.200,22.200,-27.600,31.7
19:41:10.703,462332,-8.660,-3.357,-2.471,-1.857,0.821,0.611,61.200,22.200,-27.600,31.4
19:41:10.765,462386,-10.827,-7.539,-2.042,0.246,0.394,0.082,61.200,22.200,-27.600,31.7
19:41:10.825,462440,-9.383,-1.726,-3.263,-0.025,0.023,-0.190,60.900,19.500,-27.900,31.6
19:41:10.885,462494,-9.201,-1.671,-2.140,0.324,0.141,0.026,60.900,19.500,-27.900,31.7
19:41:10.945,462548,-9.103,-2.696,-2.421,-0.556,0.056,-0.021,61.650,19.050,-26.850,31.9
19:41:11.005,462602,-9.285,-1.393,-2.102,-0.020,-0.124,-0.261,61.950,17.850,-26.850,31.8
19:41:11.064,462656,-8.947,-3.139,-2.215,0.570,-0.394,-0.347,61.950,17.850,-26.850,31.7
19:41:11.124,462710,-8.777,-2.047,-2.418,-0.021,-0.089,-0.105,61.650,15.600,-26.400,31.8
19:41:11.124,462764,-9.112,-2.619,-2.909,0.670,0.264,0.455,61.650,15.600,-26.400,31.5
19:41:11.185,462818,-8.765,-1.832,-2.069,-0.429,0.221,0.102,61.350,16.950,-27.000,31.5
19:41:11.245,462872,-9.378,-1.757,-2.856,0.126,0.190,0.008,61.350,16.950,-27.000,31.7
19:41:11.303,462926,-9.519,-4.393,-2.796,-0.292,0.046,-0.044,60.300,18.900,-29.550,31.6
19:41:11.365,462980,-9.019,-2.263,-3.409,0.587,0.151,0.193,60.300,18.900,-29.550,31.5
19:41:11.425,463034,-7.257,-1.683,-2.483,0.563,0.556,0.936,60.600,17.400,-28.800,31.7
19:41:11.485,463088,-6.498,2.169,-2.691,-1.216,1.172,1.239,60.600,17.400,-28.800,31.8
19:41:11.544,463142,-7.738,0.524,-3.280,-0.137,0.930,1.398,59.400,23.250,-32.700,31.7
19:41:11.605,463196,-7.286,-5.069,-3.560,-0.645,0.236,1.242,56.250,31.950,-36.450,31.6
19:41:11.663,463250,-8.370,2.607,-4.152,-0.126,0.134,0.723,56.250,31.950,-36.450,31.7
19:41:11.664,463304,-8.001,-1.120,-4.733,0.254,0.288,0.533,55.950,36.450,-37.350,31.4
19:41:11.723,463358,-8.689,0.862,-2.820,-0.751,0.748,0.331,55.950,36.450,-37.350,31.8
19:41:11.785,463412,-8.368,-1.020,-4.355,-0.579,0.530,0.475,55.950,36.450,-37.350,31.7
19:41:11.845,463466,-8.940,-0.072,-5.648,-0.535,0.264,0.241,55.950,36.450,-37.350,31.6
19:41:11.905,463520,-9.024,1.283,-5.533,0.204,0.105,0.375,51.750,39.000,-42.000,31.7
19:41:11.964,463574,-8.104,1.271,-6.615,-0.097,0.149,0.010,51.750,39.000,-42.000,32.1
19:41:12.023,463628,-8.653,0.136,-5.456,0.493,0.259,0.160,50.100,40.350,-42.900,31.8
19:41:12.084,463682,-8.902,2.160,-5.701,0.264,0.289,-0.114,50.100,40.350,-42.900,31.6
19:41:12.145,463736,-8.942,0.716,-5.370,0.209,0.162,-0.088,50.100,40.350,-42.900,31.4
19:41:12.205,463790,-8.138,1.348,-5.239,-0.086,0.134,-0.118,49.350,39.150,-47.250,31.6
19:41:12.205,463844,-7.882,0.881,-5.291,0.040,0.134,-0.094,49.350,39.150,-47.250,31.8
19:41:12.265,463898,-8.571,0.910,-5.461,-0.314,0.099,0.030,49.650,36.150,-46.500,31.7
19:41:12.324,463952,-8.732,2.263,-5.600,-0.165,0.220,-0.141,49.650,36.150,-46.500,31.8
19:41:12.384,464006,-8.085,1.836,-5.626,0.143,0.087,-0.019,49.650,36.150,-46.500,31.8
19:41:12.444,464060,-8.068,1.120,-6.199,-0.173,0.011,-0.131,49.650,36.150,-46.500,31.6
19:41:12.505,464114,-7.556,0.802,-5.432,0.075,0.108,-0.102,49.350,36.450,-48.000,31.7
19:41:12.564,464168,-7.762,1.590,-5.545,0.230,0.134,-0.137,49.350,36.450,-48.000,31.4
19:41:12.625,464222,-7.932,0.800,-4.954,-0.413,-0.011,0.019,50.100,34.950,-48.000,31.2
19:41:12.685,464276,-7.635,1.195,-5.744,-0.300,-0.119,-0.066,50.100,34.950,-48.000,31.7
19:41:12.743,464330,-7.968,1.614,-5.145,-0.164,-0.138,-0.115,50.100,34.950,-48.000,31.8
19:41:12.744,464384,-8.282,1.075,-5.574,-0.281,-0.217,-0.103,50.100,34.950,-48.000,31.7
19:41:12.805,464438,-8.741,1.353,-4.551,-0.247,-0.232,-0.100,50.400,37.950,-45.750,31.6
19:41:12.863,464492,-8.880,2.207,-5.629,-0.602,-0.080,-0.108,50.250,35.850,-44.850,31.6
19:41:12.923,464546,-8.875,2.342,-5.289,0.052,-0.118,-0.121,50.250,35.850,-44.850,31.6
19:41:12.985,464600,-8.492,1.800,-5.480,-0.251,-0.046,-0.192,49.500,35.550,-44.550,31.7
19:41:13.044,464654,-8.648,0.888,-4.729,-0.062,-0.075,-0.212,49.500,35.550,-44.550,31.3
19:41:13.103,464708,-8.133,1.415,-5.243,0.010,-0.113,-0.258,51.000,33.900,-44.550,31.3
19:41:13.164,464762,-8.176,0.874,-5.107,-0.082,-0.126,-0.267,51.000,33.900,-44.550,31.6
19:41:13.224,464816,-8.490,1.164,-5.308,-0.122,-0.131,-0.325,52.050,34.350,-44.850,31.4
19:41:13.283,464870,-8.602,1.255,-4.867,-0.213,-0.227,-0.299,52.050,34.350,-44.850,31.5
19:41:13.284,464924,-8.914,1.089,-4.602,-0.119,-0.349,-0.277,53.400,33.450,-42.900,31.6
19:41:13.343,464978,-9.297,1.384,-4.427,-0.318,-0.335,-0.171,53.400,33.450,-42.900,31.6
19:41:13.403,465032,-11.212,1.475,-5.186,-0.229,-0.133,-0.094,54.750,31.950,-40.200,31.8
19:41:13.465,465086,-15.227,3.409,-7.281,-0.309,0.532,0.497,53.250,33.600,-40.950,31.7
19:41:13.523,465140,-14.166,2.298,-6.735,-0.192,0.508,1.008,53.250,33.600,-40.950,31.5
19:41:13.585,465194,-11.217,3.321,-5.648,-0.524,0.439,0.770,50.400,37.950,-41.400,31.3
19:41:13.645,465248,-8.655,1.226,-3.649,-0.039,0.188,0.371,50.400,37.950,-41.400,31.7
19:41:13.705,465302,-8.270,2.330,-4.393,-0.225,-0.021,-0.176,49.050,41.250,-42.000,31.5
19:41:13.765,465356,-7.178,0.630,-4.949,0.604,-0.256,-0.424,49.050,41.250,-42.000,31.8
19:41:13.825,465410,-6.919,0.024,-4.080,-0.076,-0.237,-0.715,49.800,40.200,-39.750,31.7
19:41:13.825,465464,-8.009,2.641,-3.752,0.735,-0.170,-0.910,49.800,40.200,-39.750,31.8
19:41:13.884,465518,-7.434,0.148,-3.718,-0.108,-0.324,-1.055,53.100,35.250,-38.100,31.8
19:41:13.944,465572,-7.125,-0.644,-3.218,0.073,-0.387,-1.111,53.100,35.250,-38.100,31.6
19:41:14.005,465626,-6.093,-0.836,-3.424,0.454,-0.639,-0.789,55.650,31.800,-36.600,31.6
19:41:14.065,465680,-5.576,-0.402,-2.368,-0.320,-0.712,-0.659,60.300,28.200,-34.650,31.4
19:41:14.125,465734,-6.567,0.510,-3.780,0.781,-0.485,-0.400,60.300,28.200,-34.650,31.8
19:41:14.183,465788,-8.600,-0.663,-3.898,-0.219,-0.393,-0.665,58.950,24.150,-31.200,31.6
19:41:14.244,465842,-9.491,-1.535,-5.255,0.545,-0.866,-1.201,58.950,24.150,-31.200,31.7
19:41:14.303,465896,-6.711,-5.279,0.654,0.366,-1.313,-1.812,60.600,17.700,-29.250,31.7
19:41:14.365,465950,-8.461,2.435,-2.523,2.085,0.180,-0.244,60.600,17.700,-29.250,31.7
19:41:14.366,466004,-8.286,-4.286,-3.000,-1.922,0.720,0.220,60.600,17.700,-29.250,31.7
19:41:14.425,466058,-10.178,-3.292,-3.407,0.322,0.461,0.007,60.600,17.700,-29.250,31.6
19:41:14.485,466112,-9.543,-4.305,-3.584,0.001,0.042,-0.062,61.650,13.650,-27.900,31.5
19:41:14.545,466166,-8.923,-4.228,-2.411,-0.164,-0.167,-0.199,61.650,13.650,-27.900,31.4
19:41:14.605,466220,-9.177,-3.108,-3.649,-0.070,0.004,0.182,60.300,13.050,-29.250,31.9
19:41:14.664,466274,-8.983,-3.795,-3.263,-0.155,0.021,0.017,60.300,13.050,-29.250,31.7
19:41:14.725,466328,-8.533,-2.804,-2.088,0.135,0.011,0.102,60.300,13.050,-29.250,31.8
19:41:14.783,466382,-8.447,-4.403,-2.593,0.038,0.061,-0.011,61.200,13.650,-27.150,31.6
19:41:14.845,466436,-8.837,-2.033,-3.072,0.233,0.110,-0.023,61.200,13.650,-27.150,31.6
19:41:14.905,466490,-9.230,-4.448,-3.160,0.054,0.107,0.065,61.200,13.200,-29.700,31.7
19:41:14.905,466544,-7.817,-2.401,-2.866,0.296,0.276,0.334,61.200,13.200,-29.700,31.7
19:41:14.965,466598,-5.856,-2.241,-2.923,0.429,0.593,1.073,61.200,13.200,-29.700,31.2
19:41:15.025,466652,-6.948,-0.239,-3.689,-0.577,0.889,1.207,61.200,13.200,-29.700,31.8
19:41:15.083,466706,-7.712,-2.921,-3.632,-0.274,0.849,1.265,60.450,21.750,-33.750,31.6
19:41:15.145,466760,-9.129,-1.295,-3.931,-0.714,0.785,0.961,60.450,21.750,-33.750,31.7
19:41:15.205,466814,-8.550,-1.226,-4.398,-0.251,0.610,0.978,57.450,27.900,-38.100,31.8
19:41:15.263,466868,-8.645,0.541,-4.980,-0.245,0.176,0.871,57.450,27.900,-38.100,31.4
19:41:15.325,466922,-7.882,2.406,-5.559,0.065,0.353,0.600,57.450,27.900,-38.100,31.6
19:41:15.385,466976,-7.860,-0.757,-5.327,0.041,0.306,0.666,52.800,36.300,-41.250,31.9
19:41:15.444,467030,-8.739,2.418,-5.219,0.059,0.241,0.359,52.800,36.300,-41.250,31.8
19:41:15.444,467084,-8.425,0.180,-5.432,-0.160,0.288,0.446,49.650,37.950,-44.700,31.4
19:41:15.504,467138,-8.437,1.398,-6.057,0.090,0.201,0.340,49.650,37.950,-44.700,31.8
19:41:15.563,467192,-7.676,0.424,-5.784,0.172,0.011,0.347,49.650,37.950,-44.700,31.6
19:41:15.623,467246,-8.282,1.798,-5.902,0.052,0.087,0.127,49.650,37.950,-44.700,31.6
19:41:15.683,467300,-8.159,0.649,-5.792,0.171,-0.057,0.186,49.800,37.500,-46.350,31.8
19:41:15.745,467354,-8.234,3.132,-5.571,0.254,-0.047,-0.105,49.800,37.500,-46.350,31.5
19:41:15.804,467408,-7.994,0.757,-5.351,0.011,-0.203,-0.029,49.050,38.250,-46.050,31.6
19:41:15.865,467462,-8.064,0.752,-5.191,0.053,-0.207,-0.069,49.050,38.250,-46.050,31.7
19:41:15.925,467516,-8.370,1.563,-5.028,-0.352,-0.037,0.036,49.050,38.250,-46.050,31.4
19:41:15.985,467570,-8.681,2.184,-5.382,0.295,-0.191,-0.192,50.400,36.450,-47.700,31.4
19:41:15.986,467624,-8.394,1.173,-4.755,-0.036,-0.036,-0.110,50.400,36.450,-47.700,31.8
19:41:16.045,467678,-8.528,0.579,-5.856,-0.083,0.048,-0.090,48.300,35.850,-44.550,31.7
19:41:16.104,467732,-8.622,2.033,-5.622,0.202,0.101,-0.118,48.300,35.850,-44.550,31.7
19:41:16.164,467786,-8.705,1.472,-5.765,0.109,0.081,-0.079,48.300,35.850,-44.550,31.6
19:41:16.225,467840,-8.358,1.104,-5.435,-0.027,0.060,-0.156,48.300,35.850,-44.550,31.9
19:41:16.284,467894,-8.188,0.857,-5.239,0.137,0.131,-0.163,48.750,36.300,-46.800,31.6
19:41:16.345,467948,-8.258,1.511,-5.430,0.182,0.023,-0.155,48.750,36.300,-46.800,31.7
19:41:16.405,468002,-8.595,0.560,-5.617,0.025,0.092,-0.106,49.800,32.850,-48.900,31.4
19:41:16.464,468056,-8.344,0.407,-5.801,-0.141,0.072,-0.059,49.800,32.850,-48.900,31.4
19:41:16.523,468110,-8.270,1.046,-5.684,-0.023,0.079,0.063,49.350,33.450,-46.950,31.8
19:41:16.524,468164,-8.143,0.685,-5.842,-0.084,-0.093,0.042,48.300,33.600,-47.850,31.6
19:41:16.584,468218,-8.064,0.582,-5.909,0.124,-0.044,0.067,48.300,33.600,-47.850,31.8
19:41:16.645,468272,-7.958,0.800,-6.079,-0.029,-0.041,0.039,50.400,32.550,-48.000,31.7
19:41:16.765,468326,-7.877,0.783,-6.074,-0.102,0.023,0.005,50.400,32.550,-48.000,31.4
19:41:16.765,468380,-7.776,1.137,-5.521,-0.160,0.050,-0.013,48.150,34.200,-48.000,31.8
19:41:16.825,468434,-7.736,0.943,-5.499,0.019,-0.070,-0.087,48.150,34.200,-48.000,31.7
19:41:16.883,468488,-8.078,0.802,-5.535,-0.075,-0.228,-0.052,49.050,32.850,-48.150,31.4
19:41:16.943,468542,-8.329,0.939,-5.538,0.053,-0.211,-0.038,49.050,32.850,-48.150,31.5
19:41:17.004,468596,-8.147,0.895,-5.171,0.207,-0.241,-0.041,49.800,33.600,-47.400,31.7
19:41:17.064,468650,-7.834,0.879,-5.136,0.165,-0.215,-0.041,49.800,33.600,-47.400,31.6
19:41:17.064,468704,-8.092,1.058,-4.958,0.207,-0.112,-0.044,49.650,33.000,-45.750,31.8
19:41:17.125,468758,-10.276,1.781,-7.068,0.122,0.203,-0.136,50.550,31.650,-45.600,31.7
19:41:17.185,468812,-13.053,1.451,-8.478,-0.104,0.251,0.463,50.550,31.650,-45.600,31.7
19:41:17.244,468866,-12.340,1.846,-7.089,0.093,0.045,0.662,48.750,34.350,-47.100,31.9
19:41:17.303,468920,-10.046,2.306,-6.165,-0.372,0.052,0.535,48.750,34.350,-47.100,31.7
19:41:17.365,468974,-9.380,1.863,-5.320,-0.055,0.068,0.236,48.750,38.250,-46.350,31.6
19:41:17.424,469028,-9.299,0.129,-5.009,-0.289,-0.147,-0.049,48.750,38.250,-46.350,31.4
19:41:17.483,469082,-8.341,1.937,-4.305,0.299,-0.422,-0.317,49.050,38.550,-45.300,31.6
19:41:17.544,469136,-7.065,-0.809,-4.360,-0.308,-0.142,-0.403,49.050,38.550,-45.300,31.8
19:41:17.605,469190,-7.575,0.488,-4.391,0.058,0.003,-0.718,49.050,38.550,-45.300,32.0
19:41:17.605,469244,-7.932,-0.843,-2.684,-0.319,-0.337,-0.686,49.050,38.550,-45.300,31.7
19:41:17.665,469298,-6.883,0.290,-3.548,-0.317,-0.476,-0.660,52.050,36.600,-41.250,31.6
19:41:17.723,469352,-7.786,0.747,-2.957,-0.272,-0.472,-0.529,52.050,36.600,-41.250,31.6
19:41:17.785,469406,-7.702,0.450,-4.005,-0.306,-0.444,-0.659,53.700,34.200,-38.850,31.7
19:41:17.843,469460,-8.902,2.619,-3.553,-0.195,-0.253,-0.817,53.700,34.200,-38.850,31.6
19:41:17.903,469514,-8.255,-0.728,-4.401,-0.198,-0.414,-0.748,53.700,34.200,-38.850,31.8
19:41:18.023,469568,-6.756,-0.867,-2.555,0.851,-0.427,-0.349,58.950,27.600,-33.450,31.6
19:41:18.025,469622,-8.270,3.725,-4.420,-0.960,0.127,-0.559,58.950,27.600,-33.450,31.8
19:41:18.084,469676,-10.360,-3.694,-3.393,-0.628,-0.191,-0.648,60.150,26.400,-32.250,31.6
19:41:18.144,469730,-10.434,0.575,-5.064,0.801,-0.567,-1.302,60.150,26.400,-32.250,31.6
19:41:18.145,469784,-6.891,-8.598,-1.475,0.527,-0.963,-1.692,60.150,26.400,-32.250,31.8
19:41:18.204,469838,-8.428,7.875,-5.906,2.980,0.011,-0.279,60.150,26.400,-32.250,31.6
19:41:18.265,469892,-7.683,-6.144,-2.217,-1.622,0.727,0.739,60.900,14.100,-25.350,31.4
19:41:18.323,469946,-10.563,-0.534,-4.731,-0.034,0.634,0.301,60.900,14.100,-25.350,31.6
19:41:18.385,470000,-10.671,-4.872,-3.266,0.604,-0.167,-0.306,60.150,19.050,-30.450,31.5
19:41:18.445,470054,-8.636,-1.219,-2.715,0.054,-0.220,-0.455,60.150,19.050,-30.450,31.8
19:41:18.504,470108,-8.461,-2.373,-3.826,0.761,-0.131,-0.030,60.150,19.050,-30.450,31.6
19:41:18.565,470162,-8.684,-2.995,-3.615,0.185,0.001,0.104,60.600,13.500,-29.250,31.9
19:41:18.623,470216,-9.179,-2.040,-3.081,0.432,0.012,0.093,60.600,13.500,-29.250,31.8
19:41:18.683,470270,-9.297,-3.364,-2.626,0.139,0.000,0.082,60.900,15.150,-29.700,31.7
19:41:18.684,470324,-9.239,-2.698,-2.428,0.337,-0.002,0.143,60.900,15.150,-29.700,31.8
19:41:18.744,470378,-9.038,-2.808,-2.433,-0.060,0.018,0.026,60.900,15.150,-29.700,31.5
19:41:18.803,470432,-8.818,-2.562,-2.595,-0.118,0.060,0.008,60.900,15.150,-29.700,31.4
19:41:18.864,470486,-8.892,-2.425,-2.342,-0.085,0.060,0.023,62.400,15.600,-30.450,31.8
19:41:18.923,470540,-8.942,-3.405,-2.885,-0.215,0.097,-0.007,62.400,15.600,-30.450,31.7
19:41:18.984,470594,-9.084,-2.981,-2.801,-0.111,-0.045,-0.029,61.050,15.000,-30.600,31.8
19:41:19.043,470648,-9.189,-3.201,-2.954,-0.299,-0.051,-0.033,61.050,15.000,-30.600,31.7
19:41:19.163,470702,-9.009,-1.963,-2.665,-0.352,0.008,-0.048,61.050,15.000,-30.600,31.8
19:41:19.164,470756,-8.727,-2.708,-3.014,0.028,-0.007,0.052,60.450,14.850,-30.450,31.7
19:41:19.165,470810,-8.691,-2.813,-2.818,-0.361,0.059,0.014,60.450,14.850,-30.450,31.9
19:41:19.225,470864,-9.029,-2.243,-3.026,-0.223,0.106,0.099,59.850,15.000,-31.050,31.6
19:41:19.283,470918,-8.887,-2.160,-3.021,-0.348,0.103,0.088,59.850,15.000,-31.050,31.6
19:41:19.345,470972,-9.052,-3.098,-3.589,0.068,0.080,0.150,59.850,15.000,-31.050,31.8
19:41:19.403,471026,-9.819,-1.846,-3.496,-0.151,0.137,0.027,59.850,15.000,-31.050,32.0
19:41:19.465,471080,-8.712,-2.449,-3.347,0.071,0.214,0.111,61.650,17.550,-33.450,31.8
19:41:19.524,471134,-9.187,-0.804,-3.527,-0.050,0.236,0.151,61.650,17.550,-33.450,31.4
19:41:19.585,471188,-9.088,-3.548,-3.153,-0.020,0.165,0.208,59.700,19.500,-32.250,31.6
19:41:19.645,471242,-9.189,-1.451,-3.958,-0.158,0.234,0.028,61.050,19.200,-34.350,31.7
19:41:19.705,471296,-8.966,-3.199,-3.788,0.062,0.122,0.114,61.050,19.200,-34.350,31.8
19:41:19.765,471350,-8.763,-1.434,-3.922,-0.172,0.162,0.155,60.150,19.800,-34.800,31.4
19:41:19.765,471404,-8.610,-2.253,-3.910,0.259,0.155,0.256,60.150,19.800,-34.800,31.5
19:41:19.824,471458,-8.339,-2.567,-3.955,0.208,0.264,0.298,61.650,19.800,-37.050,31.7
19:41:19.883,471512,-7.858,-2.612,-3.984,0.475,0.225,0.252,61.650,19.800,-37.050,31.8
19:41:19.945,471566,-8.171,-1.410,-4.611,-0.165,0.382,0.046,59.850,21.150,-37.200,31.7
19:41:20.004,471620,-7.860,-2.717,-4.559,0.383,0.241,-0.095,59.850,21.150,-37.200,31.6
19:41:20.063,471674,-8.861,-1.994,-5.753,-0.159,0.284,-0.106,59.250,20.850,-39.750,31.8
19:41:20.125,471728,-8.978,-3.443,-4.585,0.161,-0.087,-0.096,59.250,20.850,-39.750,31.7
19:41:20.183,471782,-8.073,-3.347,-5.121,0.163,-0.112,-0.145,59.400,21.750,-41.400,31.8
19:41:20.245,471836,-7.891,-1.858,-4.369,0.120,-0.264,-0.232,59.400,21.750,-41.400,31.6
19:41:20.303,471890,-7.927,-2.899,-4.709,0.254,-0.342,-0.220,58.950,19.800,-40.350,31.6
19:41:20.304,471944,-7.769,-2.004,-4.422,0.122,-0.229,-0.130,59.700,17.850,-39.900,31.8
19:41:20.363,471998,-6.922,-2.552,-3.654,0.205,-0.046,0.180,59.700,17.850,-39.900,31.5
19:41:20.423,472052,-6.249,-1.216,-3.776,-0.367,0.283,0.610,58.950,17.100,-39.600,31.8
19:41:20.485,472106,-6.342,-1.650,-3.165,-0.014,0.427,0.822,58.950,17.100,-39.600,31.4
19:41:20.545,472160,-7.865,0.709,-4.494,-1.057,0.640,0.568,58.650,23.250,-41.100,31.6
19:41:20.605,472214,-8.243,-1.815,-4.300,0.024,0.521,0.547,58.650,23.250,-41.100,31.6
19:41:20.664,472268,-8.145,-0.127,-4.566,-0.264,0.633,0.475,55.650,26.400,-45.450,31.8
19:41:20.785,472322,-8.430,-0.625,-5.574,-0.702,0.434,0.338,55.650,26.400,-45.450,31.4
19:41:20.785,472376,-9.021,-1.896,-5.933,-0.456,0.311,0.198,55.650,26.400,-45.450,31.5
19:41:20.786,472430,-9.890,-0.321,-5.282,-0.621,0.110,0.101,55.650,26.400,-45.450,31.8
19:41:20.845,472484,-8.389,-0.211,-6.345,0.009,0.096,0.201,52.050,31.650,-46.350,31.9
19:41:20.905,472538,-8.516,-0.984,-5.303,-0.798,0.236,0.208,52.800,33.150,-47.100,31.8
19:41:20.964,472592,-8.507,-0.048,-5.428,-0.141,-0.178,0.212,52.800,33.150,-47.100,31.6
19:41:21.083,472646,-7.992,0.893,-4.990,-0.314,-0.155,0.252,52.800,33.150,-47.100,31.6
19:41:21.084,472700,-8.344,0.517,-5.892,0.167,-0.296,0.090,52.800,33.150,-47.100,31.7
19:41:21.144,472754,-9.155,1.796,-6.007,0.044,-0.218,-0.149,51.750,35.100,-48.150,31.8
19:41:21.203,472808,-9.117,0.618,-5.796,-0.092,-0.383,-0.229,51.750,35.100,-48.150,31.2
19:41:21.264,472862,-8.739,0.831,-5.514,-0.042,-0.152,-0.316,55.200,34.500,-44.700,31.8
19:41:21.323,472916,-8.868,-0.476,-5.061,-0.147,-0.025,-0.198,55.200,34.500,-44.700,31.8
19:41:21.384,472970,-8.554,0.467,-5.080,0.061,-0.119,-0.135,55.200,34.500,-44.700,31.8
19:41:21.385,473024,-8.631,-0.045,-5.152,-0.111,-0.178,-0.114,55.200,34.500,-44.700,31.7
19:41:21.443,473078,-8.179,0.553,-4.760,0.148,-0.107,-0.103,55.500,32.850,-44.100,31.6
19:41:21.503,473132,-8.598,0.532,-4.896,-0.011,-0.104,-0.106,53.400,33.000,-43.650,31.6
19:41:21.565,473186,-8.866,0.196,-5.085,-0.284,-0.265,-0.104,53.400,33.000,-43.650,31.7
19:41:21.623,473240,-9.359,0.314,-4.805,-0.084,-0.252,-0.110,53.400,33.000,-43.650,31.6
19:41:21.685,473294,-9.050,0.718,-4.367,0.200,-0.266,-0.078,53.400,33.000,-43.650,31.4
19:41:21.744,473348,-8.222,0.883,-3.622,0.072,-0.362,-0.178,56.250,30.150,-42.000,31.8
19:41:21.803,473402,-8.947,0.146,-4.441,0.658,-0.238,-0.386,56.250,30.150,-42.000,31.8
19:41:21.865,473456,-13.530,0.824,-5.899,-0.071,-0.035,-0.225,57.150,28.800,-41.100,31.6
19:41:21.925,473510,-16.501,0.819,-8.085,-0.262,0.382,0.448,57.150,28.800,-41.100,31.9
19:41:21.925,473564,-13.472,1.879,-6.352,-0.197,0.505,1.140,57.150,28.800,-41.100,31.8
19:41:21.985,473618,-10.139,1.255,-4.563,-0.372,0.064,1.086,57.150,28.800,-41.100,31.6
19:41:22.043,473672,-9.594,1.597,-4.855,-0.175,-0.118,0.592,54.000,35.850,-40.950,31.8
19:41:22.105,473726,-9.962,0.256,-4.334,-0.285,-0.269,0.326,51.900,39.150,-37.800,31.4
19:41:22.165,473780,-8.339,0.709,-4.302,0.642,-0.330,0.051,51.900,39.150,-37.800,31.6
19:41:22.223,473834,-8.004,0.045,-3.515,-0.213,-0.120,-0.244,53.700,39.900,-36.600,31.8
19:41:22.285,473888,-6.879,-0.230,-3.488,0.333,-0.052,-0.378,53.700,39.900,-36.600,31.8
19:41:22.343,473942,-7.106,0.735,-3.242,0.236,-0.225,-0.573,54.150,37.950,-37.350,31.7
19:41:22.403,473996,-7.745,2.224,-4.039,0.649,-0.325,-0.735,54.150,37.950,-37.350,31.7
19:41:22.463,474050,-7.642,-0.211,-3.778,-0.093,-0.393,-0.695,55.500,35.550,-35.700,31.8
19:41:22.464,474104,-8.892,2.734,-3.175,0.244,-0.427,-0.903,55.500,35.550,-35.700,32.0
19:41:22.523,474158,-7.185,-0.994,-3.457,0.554,-0.620,-0.435,57.150,31.050,-33.450,31.7
19:41:22.583,474212,-7.118,-2.071,-2.598,-0.104,-0.505,-0.404,57.150,31.050,-33.450,31.4
19:41:22.645,474266,-8.746,1.611,-3.948,0.831,-0.476,-0.332,57.750,28.200,-30.300,31.5
19:41:22.705,474320,-8.813,-0.876,-3.045,0.322,-0.413,-0.423,57.750,28.200,-30.300,31.7
19:41:22.764,474374,-9.309,-0.093,-3.000,0.728,-0.322,-0.428,59.250,27.000,-27.750,31.7
19:41:22.824,474428,-8.526,0.029,-2.485,0.434,-0.393,-0.627,59.700,23.250,-28.650,31.9
19:41:22.885,474482,-7.961,-1.142,-2.916,0.669,-0.992,-1.266,59.700,23.250,-28.650,31.9
19:41:22.945,474536,-6.764,-7.108,0.527,3.096,-0.293,-0.451,61.650,18.300,-23.550,31.7
19:41:23.063,474590,-8.353,6.788,-5.966,-2.074,0.715,0.382,61.650,18.300,-23.550,31.8
19:41:23.064,474644,-10.587,-9.199,-0.934,-0.398,0.660,0.524,61.650,18.300,-23.550,31.7
19:41:23.065,474698,-9.400,-1.020,-3.694,-0.557,0.353,0.078,61.650,18.300,-23.550,31.4
19:41:23.123,474752,-9.625,-3.275,-1.899,0.163,0.099,-0.050,62.850,21.600,-29.550,31.5
19:41:23.185,474806,-9.280,-1.647,-2.282,-0.403,0.188,0.019,62.850,21.600,-29.550,31.8
19:41:23.245,474860,-9.462,-1.508,-3.165,-0.144,0.338,0.143,60.450,20.250,-30.450,31.9
19:41:23.303,474914,-8.468,-2.358,-2.655,-0.615,0.229,0.010,60.450,20.250,-30.450,32.0
19:41:23.365,474968,-9.208,-1.065,-2.717,0.059,0.160,0.011,60.450,20.250,-30.450,31.8
19:41:23.425,475022,-9.833,-3.093,-3.915,-0.237,0.242,0.085,60.450,20.250,-31.200,31.5
19:41:23.484,475076,-8.844,-2.315,-2.976,-0.147,0.216,0.053,60.450,20.250,-31.200,31.6
19:41:23.545,475130,-8.641,-2.794,-3.144,-0.120,0.099,0.029,60.300,21.600,-32.400,31.6
19:41:23.545,475184,-8.748,-1.020,-3.074,-0.219,0.088,-0.066,60.300,21.600,-32.400,31.4
19:41:23.604,475238,-9.538,-2.461,-3.290,0.317,0.022,-0.120,60.300,21.600,-32.400,31.8
19:41:23.664,475292,-9.601,-2.358,-3.867,-0.443,0.264,-0.279,60.300,21.600,-32.400,32.0
19:41:23.723,475346,-8.138,-1.183,-3.867,-0.089,0.183,-0.268,61.950,19.050,-33.750,31.9
19:41:23.783,475400,-7.728,-2.315,-2.758,-0.275,-0.017,-0.144,61.950,19.050,-33.750,31.7
19:41:23.844,475454,-9.349,-1.741,-4.377,0.044,0.118,-0.061,59.850,20.100,-35.400,31.8
19:41:23.903,475508,-10.566,-2.777,-4.693,-0.349,0.235,-0.075,59.850,20.100,-35.400,31.7
19:41:23.963,475562,-8.641,-1.750,-3.488,0.062,-0.016,-0.182,59.850,20.100,-35.400,31.8
19:41:24.024,475616,-7.357,-1.767,-2.931,-0.190,-0.113,-0.072,59.700,17.850,-36.600,31.6
19:41:24.083,475670,-9.644,-1.041,-4.506,0.207,-0.167,0.072,59.700,17.850,-36.600,31.6
19:41:24.084,475724,-11.576,-2.641,-4.549,0.248,-0.096,0.003,60.300,17.700,-35.100,31.7
19:41:24.145,475778,-10.166,-1.963,-4.111,0.009,0.042,0.107,60.300,17.700,-35.100,31.8
19:41:24.203,475832,-7.319,-3.900,-4.125,0.352,-0.253,0.178,60.300,17.700,-35.100,31.7
19:41:24.263,475886,-5.121,-1.824,-2.478,0.399,-0.088,0.625,60.300,17.700,-35.100,31.8
19:41:24.383,475940,-5.942,-1.618,-3.701,-0.250,0.486,1.412,60.300,20.850,-33.600,31.8
19:41:24.384,475994,-8.018,-0.031,-3.620,-0.587,0.524,1.115,60.300,20.850,-33.600,31.8
19:41:24.445,476048,-7.499,0.122,-4.841,0.321,0.671,1.039,57.000,27.000,-36.450,31.8
19:41:24.505,476102,-9.220,2.377,-4.401,-0.212,0.535,0.657,57.000,27.000,-36.450,31.3
19:41:24.623,476156,-8.547,-0.512,-3.898,-0.167,0.309,0.925,57.000,27.000,-36.450,31.6
19:41:24.624,476210,-8.114,1.111,-5.349,-0.903,0.129,0.355,52.650,35.700,-40.650,31.8
19:41:24.625,476264,-9.076,2.286,-4.152,0.244,0.067,0.403,52.650,35.700,-40.650,31.8
19:41:24.685,476318,-7.468,0.747,-5.155,-0.246,0.091,0.143,52.650,38.850,-41.850,31.8
19:41:24.744,476372,-8.739,1.499,-4.132,-0.031,0.303,0.056,52.650,38.850,-41.850,31.6
19:41:24.805,476426,-9.076,2.478,-5.722,-0.690,0.354,-0.293,52.350,37.950,-41.400,31.7
19:41:24.864,476480,-9.357,-0.230,-4.738,-0.402,0.106,-0.262,52.350,37.950,-41.400,31.8
19:41:24.925,476534,-8.837,2.710,-5.411,-0.070,0.052,-0.377,52.500,37.050,-43.050,31.7
19:41:24.985,476588,-8.265,0.522,-4.535,-0.042,-0.177,-0.378,52.500,37.050,-43.050,31.5
19:41:25.044,476642,-8.717,0.129,-4.963,-0.216,-0.217,-0.427,52.800,35.100,-42.300,31.7
19:41:25.104,476696,-9.182,1.283,-4.525,0.187,0.034,-0.471,52.800,35.100,-42.300,31.8
19:41:25.164,476750,-9.658,-0.350,-4.899,-0.327,0.038,-0.472,53.550,32.400,-42.300,31.8
19:41:25.164,476804,-9.886,0.764,-4.891,-0.368,0.191,-0.490,53.550,32.400,-42.300,31.7
19:41:25.223,476858,-9.467,0.405,-5.466,-0.208,0.170,-0.428,54.000,31.200,-42.000,31.7
19:41:25.285,476912,-8.794,0.163,-5.662,-0.277,0.243,-0.444,54.300,30.450,-43.500,31.7
19:41:25.345,476966,-9.052,0.500,-4.798,-0.079,0.132,-0.297,54.300,30.450,-43.500,31.7
19:41:25.404,477020,-8.660,0.443,-5.394,-0.221,-0.054,-0.240,54.000,28.200,-43.500,31.8
19:41:25.464,477074,-8.363,-0.036,-5.296,-0.299,-0.165,-0.179,54.000,28.200,-43.500,31.6
19:41:25.524,477128,-8.368,0.168,-5.188,-0.292,-0.260,-0.191,55.050,29.700,-43.050,31.6
19:41:25.583,477182,-8.274,0.539,-4.685,0.091,-0.378,-0.215,55.050,29.700,-43.050,31.8
19:41:25.644,477236,-8.447,-0.283,-4.932,0.244,-0.602,-0.246,57.000,28.200,-40.500,31.7
19:41:25.704,477290,-9.629,0.215,-3.996,0.231,-0.359,-0.214,57.000,28.200,-40.500,31.9
19:41:25.705,477344,-12.407,-1.123,-6.242,-0.035,-0.081,-0.048,56.550,25.800,-39.750,31.9
19:41:25.763,477398,-14.274,1.432,-7.379,-0.116,0.178,0.350,56.550,25.800,-39.750,31.8
19:41:25.823,477452,-13.443,0.721,-5.665,-0.427,0.409,1.108,56.250,26.550,-39.000,31.8
19:41:25.885,477506,-9.977,1.391,-4.413,-0.027,0.095,1.032,54.300,32.400,-40.500,31.6
19:41:25.945,477560,-8.669,0.306,-4.946,0.163,-0.155,0.708,54.300,32.400,-40.500,31.4
19:41:26.004,477614,-8.605,-0.886,-4.341,-0.191,-0.023,0.457,54.300,35.100,-39.000,31.5
19:41:26.065,477668,-8.365,0.529,-4.281,0.278,-0.121,0.308,54.300,35.100,-39.000,31.8
19:41:26.125,477722,-7.733,0.998,-4.990,0.194,-0.080,0.036,53.250,37.500,-37.650,31.9
19:41:26.183,477776,-7.207,0.297,-3.103,0.244,0.033,-0.026,53.250,37.500,-37.650,31.8
19:41:26.244,477830,-7.204,1.030,-4.393,0.094,0.131,-0.261,53.250,37.500,-37.650,31.8
19:41:26.245,477884,-8.492,0.268,-4.063,0.485,-0.184,-0.245,53.250,37.500,-37.650,31.8
19:41:26.304,477938,-8.303,0.950,-4.547,0.650,-0.241,-0.452,55.650,35.250,-37.800,31.8
19:41:26.365,477992,-7.738,0.254,-3.311,0.391,-0.409,-0.551,55.650,35.250,-37.800,31.8
19:41:26.423,478046,-7.075,1.389,-4.676,0.697,-0.492,-0.585,57.450,33.750,-37.800,31.4
19:41:26.485,478100,-7.274,-0.666,-3.148,0.882,-0.231,-0.469,57.450,33.750,-37.800,31.4
19:41:26.545,478154,-6.843,-2.112,-3.721,-0.416,-0.189,-0.436,57.450,33.750,-37.800,31.8
19:41:26.605,478208,-9.474,0.891,-4.089,0.350,-0.244,-0.424,59.550,26.250,-35.400,31.7
19:41:26.664,478262,-8.406,-2.708,-3.967,0.043,-0.585,-0.538,59.550,26.250,-35.400,31.8
19:41:26.725,478316,-9.462,0.117,-2.119,0.552,-0.447,-0.554,59.850,23.550,-33.900,31.6
19:41:26.783,478370,-8.418,-2.179,-3.242,0.092,-0.508,-0.414,59.850,23.550,-33.900,31.6
19:41:26.784,478424,-7.863,-0.871,-2.897,1.133,-0.492,-0.373,59.850,23.550,-33.900,31.7
19:41:26.844,478478,-6.888,-2.184,-2.351,1.005,-0.210,-0.144,59.850,23.550,-33.900,31.9
19:41:26.904,478532,-9.766,3.287,-0.239,-1.448,0.286,-0.424,61.350,18.450,-29.850,31.8
19:41:26.963,478586,-11.274,-5.820,-3.587,0.877,0.094,-0.142,61.350,18.450,-29.850,31.8
19:41:27.025,478640,-9.668,-1.216,-3.577,-0.448,-0.018,-0.509,61.050,16.950,-31.050,31.7
19:41:27.083,478694,-8.224,-4.817,-2.346,1.206,-0.551,-0.462,61.050,16.950,-31.050,31.8
19:41:27.145,478748,-7.003,-3.859,-1.482,0.092,-0.360,-0.185,61.050,16.950,-31.050,32.1
19:41:27.203,478802,-7.810,-3.103,-1.858,0.729,-0.220,-0.015,62.100,13.050,-27.000,31.7
19:41:27.264,478856,-10.613,-3.826,-2.152,-0.531,0.049,0.130,62.100,13.050,-27.000,31.8
19:41:27.324,478910,-10.221,-3.208,-3.740,-0.103,0.302,0.149,62.100,13.800,-27.300,31.8
19:41:27.324,478964,-10.956,-4.369,-3.634,0.017,0.080,0.217,62.100,13.800,-27.300,31.9
19:41:27.385,479018,-7.946,-3.469,-2.409,0.176,-0.211,0.015,62.100,13.800,-27.300,31.7
19:41:27.444,479072,-8.114,-3.213,-2.270,0.104,-0.315,-0.059,62.100,13.800,-27.300,31.8
19:41:27.503,479126,-7.676,-2.658,-2.296,0.177,-0.247,0.120,62.100,15.450,-27.750,31.8
19:41:27.565,479180,-8.588,-3.522,-1.779,0.243,-0.317,0.155,62.100,15.450,-27.750,31.8
19:41:27.625,479234,-9.538,-3.342,-1.918,-0.022,-0.224,0.149,64.200,15.900,-25.350,31.9
19:41:27.684,479288,-10.575,-1.891,-1.839,0.102,0.035,0.304,64.200,15.900,-25.350,31.8
19:41:27.745,479342,-9.433,-1.736,-1.520,-0.162,0.322,0.382,63.450,16.350,-25.350,31.6
19:41:27.804,479396,-8.033,-2.124,-1.551,-0.027,0.360,0.106,62.100,19.200,-25.950,31.6
19:41:27.863,479450,-8.124,-0.373,-0.122,-0.410,0.201,0.035,62.100,19.200,-25.950,31.4
19:41:27.864,479504,-10.561,-1.190,-3.115,-0.162,0.150,-0.076,61.650,18.750,-27.150,31.5
19:41:27.923,479558,-12.313,-2.907,-2.303,-0.547,0.056,-0.404,61.650,18.750,-27.150,31.9
19:41:27.983,479612,-10.396,-1.568,-3.151,-0.112,0.253,0.101,63.150,17.850,-27.600,31.8
19:41:28.045,479666,-7.321,-3.179,-2.619,0.331,0.216,0.393,63.150,17.850,-27.600,31.7
19:41:28.105,479720,-5.143,-0.807,-2.270,0.011,0.505,0.782,62.700,18.300,-27.900,31.8
19:41:28.164,479774,-6.950,-0.773,-2.995,-0.532,0.535,0.718,62.700,18.300,-27.900,31.8
19:41:28.223,479828,-11.210,-0.599,-4.417,-0.986,0.605,0.431,61.050,23.100,-31.800,31.6
19:41:28.284,479882,-10.178,-3.644,-5.193,-0.452,0.369,0.188,61.050,23.100,-31.800,31.6
19:41:28.343,479936,-8.447,-0.493,-3.048,-0.133,0.369,0.245,60.300,27.000,-35.400,31.4
19:41:28.404,479990,-7.219,-1.944,-3.249,-0.736,0.196,0.500,58.500,28.950,-35.400,31.4
19:41:28.405,480044,-7.616,0.089,-2.361,0.149,0.241,0.803,58.500,28.950,-35.400,31.8
19:41:28.465,480098,-6.847,-0.893,-3.031,-0.499,0.156,0.763,58.500,28.950,-35.400,31.7
19:41:28.524,480152,-8.114,4.025,-5.262,0.648,0.326,0.589,58.500,28.950,-35.400,31.7
19:41:28.583,480206,-8.361,-0.417,-3.436,-0.308,0.451,0.467,55.500,35.550,-37.650,31.9
19:41:28.644,480260,-9.033,3.996,-6.112,0.216,0.519,-0.297,55.500,35.550,-37.650,31.8
19:41:28.705,480314,-10.470,0.034,-4.477,-0.390,0.688,-0.205,54.150,36.150,-39.900,31.9
19:41:28.764,480368,-8.880,1.097,-6.098,0.321,0.532,-0.404,54.150,36.150,-39.900,31.6
19:41:28.825,480422,-9.522,-0.632,-5.677,0.052,0.206,-0.074,54.150,36.150,-39.900,31.5
19:41:28.883,480476,-9.637,1.487,-6.634,-0.469,-0.253,-0.256,54.150,36.150,-39.900,31.6
19:41:28.945,480530,-8.392,-0.010,-5.282,-0.226,-0.302,-0.112,53.400,33.750,-43.650,31.7
19:41:28.946,480584,-8.167,1.918,-5.107,-0.114,-0.280,-0.383,54.450,33.000,-42.900,31.7
19:41:29.064,480638,-8.581,-0.055,-4.705,-0.293,-0.244,-0.344,54.450,33.000,-42.900,31.8
19:41:29.064,480692,-8.655,-0.395,-4.085,-0.148,-0.231,-0.342,54.450,33.000,-42.900,31.8
19:41:29.123,480746,-8.641,0.311,-4.460,-0.291,-0.189,-0.341,54.450,33.000,-42.900,31.8
19:41:29.183,480800,-9.522,-0.022,-4.056,-0.082,-0.088,-0.214,55.800,31.950,-40.200,31.8
19:41:29.303,480854,-9.412,0.263,-4.652,-0.173,-0.023,-0.148,55.800,31.950,-40.200,31.8
19:41:29.304,480908,-9.493,0.551,-5.016,-0.355,-0.001,-0.002,55.800,28.950,-40.200,31.6
19:41:29.365,480962,-8.689,0.381,-5.028,-0.137,-0.096,-0.015,55.800,28.950,-40.200,31.6
19:41:29.425,481016,-8.715,0.132,-4.714,-0.180,-0.080,-0.025,55.800,28.950,-40.200,31.7
19:41:29.485,481070,-8.653,0.081,-5.076,-0.056,-0.092,-0.012,55.800,28.950,-40.200,31.8
19:41:29.486,481124,-8.942,0.496,-4.063,-0.372,-0.033,-0.023,57.300,29.700,-39.000,31.8
19:41:29.545,481178,-8.871,0.469,-4.630,-0.255,-0.100,-0.095,57.450,30.600,-39.300,31.6
19:41:29.605,481232,-8.717,0.340,-4.374,-0.064,-0.126,-0.159,57.450,30.600,-39.300,31.8
19:41:29.664,481286,-8.823,0.385,-4.377,0.027,-0.224,-0.221,57.450,30.600,-39.300,31.8
19:41:29.725,481340,-9.033,0.378,-4.650,0.084,-0.189,-0.177,57.450,30.600,-39.300,31.7
19:41:29.784,481394,-9.957,-0.366,-4.037,0.323,-0.116,-0.088,58.200,27.600,-36.300,31.5
19:41:29.845,481448,-13.575,2.047,-7.178,-0.052,0.126,-0.139,58.200,27.600,-36.300,31.8
19:41:29.905,481502,-16.048,0.385,-7.453,-0.138,0.207,0.723,57.300,26.550,-38.700,31.8
19:41:29.964,481556,-13.204,0.828,-5.626,-0.187,0.284,1.152,57.300,26.550,-38.700,31.9
19:41:30.023,481610,-11.339,1.434,-4.515,-0.123,0.232,1.306,57.300,26.550,-38.700,31.7
19:41:30.024,481664,-10.276,0.812,-4.606,-0.563,0.173,0.936,57.300,26.550,-38.700,31.8
19:41:30.083,481718,-8.523,0.512,-2.358,0.148,0.092,0.612,54.300,40.500,-35.400,31.6
19:41:30.144,481772,-7.353,0.584,-3.637,0.193,-0.047,0.089,54.300,40.500,-35.400,31.6
19:41:30.204,481826,-8.526,1.197,-3.259,0.154,0.021,-0.135,50.400,41.550,-36.600,31.8
19:41:30.265,481880,-7.530,0.141,-4.556,0.860,-0.091,-0.229,50.400,41.550,-36.600,31.8
19:41:30.323,481934,-7.044,0.534,-3.943,0.524,-0.132,-0.330,50.400,41.550,-36.600,31.8
19:41:30.384,481988,-8.066,0.192,-3.972,0.079,-0.418,-0.516,53.250,39.750,-35.400,31.7
19:41:30.443,482042,-7.831,2.198,-4.015,0.645,-0.684,-0.638,53.250,39.750,-35.400,31.7
19:41:30.505,482096,-6.642,0.579,-4.178,0.276,-0.826,-0.669,55.950,35.250,-34.800,31.8
19:41:30.563,482150,-7.389,-1.226,-4.542,1.175,-0.780,-0.545,55.950,35.250,-34.800,31.8
19:41:30.564,482204,-8.327,1.597,-2.835,0.706,-0.699,-0.543,55.950,35.250,-34.800,31.8
19:41:30.624,482258,-6.630,-0.189,-1.930,0.844,-0.415,-0.260,55.950,35.250,-34.800,31.8
19:41:30.685,482312,-7.080,1.693,-3.338,-0.535,-0.229,-0.268,58.650,29.850,-29.400,31.6
19:41:30.743,482366,-10.159,1.099,-3.534,0.693,-0.426,-0.536,58.650,29.850,-29.400,31.6
19:41:30.804,482420,-9.663,-1.695,-0.764,-0.851,-1.326,-1.738,60.300,26.250,-29.250,31.7
19:41:30.863,482474,-5.102,-9.146,-1.401,4.774,-0.727,-1.110,63.150,17.850,-20.250,31.7
19:41:30.924,482528,-6.416,14.198,-6.565,-0.790,0.827,-0.052,63.150,17.850,-20.250,31.8
19:41:30.984,482582,-7.257,-3.460,-0.316,-2.858,0.641,-0.438,62.400,16.350,-23.850,31.7
19:41:31.045,482636,-11.799,1.638,-1.295,1.723,0.817,0.824,62.400,16.350,-23.850,31.8
19:41:31.105,482690,-9.170,-1.602,-2.636,-0.099,0.452,-0.095,60.900,19.050,-28.950,31.8
19:41:31.105,482744,-9.902,-1.295,-3.517,0.218,0.388,-0.106,60.900,19.050,-28.950,31.8
19:41:31.224,482798,-8.547,-3.893,-3.591,-0.553,0.349,-0.155,60.450,17.850,-31.200,31.4
19:41:31.225,482852,-8.782,0.251,-2.270,-1.778,0.373,-0.177,60.450,17.850,-31.200,31.6
19:41:31.343,482906,-9.325,-4.233,-3.294,-0.451,0.150,-0.210,59.850,18.450,-32.850,31.8
19:41:31.344,482960,-8.748,-1.604,-3.852,-0.890,0.155,-0.133,59.850,18.450,-32.850,31.6
19:41:31.405,483014,-8.562,-2.351,-4.492,-0.472,0.153,-0.148,61.350,18.150,-32.400,32.0
19:41:31.464,483068,-8.272,-1.312,-3.915,-0.856,0.241,-0.090,60.300,19.200,-33.600,31.7
19:41:31.523,483122,-9.392,-2.682,-3.804,-1.173,0.246,-0.256,60.300,19.200,-33.600,31.8
19:41:31.585,483176,-10.173,-2.433,-3.654,-1.042,-0.037,-0.272,59.250,18.450,-33.900,31.9
19:41:31.643,483230,-9.457,-2.564,-4.183,-0.912,-0.169,-0.202,59.250,18.450,-33.900,31.7
19:41:31.644,483284,-8.720,-3.508,-2.375,-0.438,-0.424,-0.316,60.450,18.750,-32.700,31.5
19:41:31.705,483338,-9.007,-2.490,-3.287,-0.058,-0.245,-0.147,60.450,18.750,-32.700,31.4
19:41:31.763,483392,-10.233,-0.199,-1.408,-0.203,-0.087,-0.125,59.700,16.800,-32.250,31.6
19:41:31.824,483446,-9.124,-2.629,-3.498,-0.135,0.157,-0.084,59.700,16.800,-32.250,31.8
19:41:31.883,483500,-8.705,-2.787,-2.818,-0.376,0.006,-0.165,59.550,18.150,-31.350,31.8
19:41:31.945,483554,-7.752,-1.504,-3.785,-0.052,-0.019,-0.264,59.550,18.150,-31.350,31.8
19:41:32.004,483608,-7.829,-3.124,-4.312,-0.105,0.021,-0.189,59.550,18.150,-31.350,31.6
19:41:32.065,483662,-8.708,-1.982,-5.569,0.465,0.071,0.082,59.850,15.750,-32.100,31.7
19:41:32.123,483716,-8.356,-2.076,-5.248,0.191,0.148,0.176,59.850,15.750,-32.100,31.9
19:41:32.183,483770,-8.574,-1.846,-5.514,0.126,0.137,0.225,59.850,17.400,-32.400,31.4
19:41:32.184,483824,-7.470,-2.495,-4.752,0.168,0.048,0.597,59.850,17.400,-32.400,31.4
19:41:32.245,483878,-6.735,-1.997,-4.233,-0.049,0.189,0.941,59.850,17.400,-32.400,31.8
19:41:32.305,483932,-6.898,-0.579,-3.946,0.120,0.345,1.431,59.850,17.400,-32.400,31.6
19:41:32.365,483986,-7.125,0.539,-4.547,-0.313,0.327,1.371,58.500,24.750,-36.150,31.8
19:41:32.424,484040,-8.521,1.609,-3.749,-0.500,0.087,1.013,58.500,24.750,-36.150,31.6
19:41:32.485,484094,-7.436,1.195,-3.270,0.029,0.199,0.951,55.650,32.550,-36.300,31.9
19:41:32.545,484148,-8.277,2.928,-5.380,-0.536,0.092,0.631,55.650,32.550,-36.300,31.8
19:41:32.604,484202,-8.775,0.146,-4.137,0.110,0.088,0.422,55.650,32.550,-36.300,31.6
19:41:32.665,484256,-9.306,3.148,-5.772,0.122,0.422,0.203,55.650,32.550,-36.300,31.4
19:41:32.725,484310,-7.882,-1.618,-5.588,0.237,0.590,0.126,54.150,36.900,-37.800,31.7
19:41:32.785,484364,-9.009,1.757,-4.946,0.008,0.207,-0.096,52.500,36.300,-39.450,31.8
19:41:32.785,484418,-9.383,1.851,-6.084,0.223,0.077,-0.089,52.500,36.300,-39.450,31.8
19:41:32.844,484472,-8.803,-0.376,-5.473,-0.418,0.264,-0.059,52.500,36.300,-39.450,31.7
19:41:32.904,484526,-9.122,2.310,-5.289,0.335,-0.066,-0.112,52.500,36.300,-39.450,31.8
19:41:32.965,484580,-7.985,0.014,-4.946,-0.261,0.084,0.007,51.300,38.250,-42.300,31.7
19:41:33.024,484634,-9.191,1.808,-5.607,-0.294,0.017,-0.029,51.300,38.250,-42.300,31.8
19:41:33.085,484688,-9.122,1.877,-5.564,0.062,-0.054,-0.024,52.050,37.500,-43.050,31.8
19:41:33.145,484742,-8.492,0.543,-5.030,-0.143,-0.231,-0.025,52.050,37.500,-43.050,31.8
19:41:33.205,484796,-8.219,2.014,-5.114,0.151,-0.224,-0.151,49.800,36.300,-41.550,31.8
19:41:33.265,484850,-8.550,1.020,-5.176,0.009,-0.212,-0.108,49.800,36.300,-41.550,31.8
19:41:33.266,484904,-8.265,1.377,-4.879,0.078,-0.088,-0.092,52.050,35.550,-40.500,31.8
19:41:33.324,484958,-9.012,0.599,-5.088,-0.047,0.054,-0.079,51.600,33.750,-41.850,31.8
19:41:33.383,485012,-9.002,1.243,-4.697,-0.017,0.085,-0.022,51.600,33.750,-41.850,31.8
19:41:33.443,485066,-8.581,1.678,-4.934,0.276,0.007,-0.047,52.800,34.350,-43.050,31.8
19:41:33.504,485120,-8.540,1.551,-5.119,0.186,-0.041,-0.022,52.800,34.350,-43.050,31.8
19:41:33.565,485174,-8.346,1.058,-5.109,0.307,-0.032,0.026,52.650,34.500,-43.200,31.6
19:41:33.624,485228,-8.246,1.041,-5.164,0.193,-0.006,-0.011,52.650,34.500,-43.200,31.7
19:41:33.685,485282,-8.262,1.331,-5.229,0.165,0.058,-0.076,51.000,32.400,-42.000,31.8
19:41:33.745,485336,-8.229,0.862,-5.131,0.160,0.017,-0.097,51.000,32.400,-42.000,31.8
19:41:33.803,485390,-8.344,0.876,-5.284,0.173,-0.120,-0.201,51.750,33.150,-42.750,31.8
19:41:33.804,485444,-8.363,0.771,-5.401,0.127,-0.147,-0.175,51.750,33.150,-42.750,31.8
19:41:33.863,485498,-8.267,0.673,-5.207,0.260,-0.222,-0.192,51.750,32.850,-43.050,31.6
19:41:33.925,485552,-8.284,0.582,-4.843,0.237,-0.311,-0.265,53.400,29.850,-42.900,31.8
19:41:33.984,485606,-8.712,0.417,-5.133,0.373,-0.369,-0.318,53.400,29.850,-42.900,31.7
19:41:34.043,485660,-9.242,-0.618,-5.631,0.486,-0.053,-0.310,54.000,27.450,-42.300,31.7
19:41:34.104,485714,-13.951,1.669,-7.987,0.204,0.183,-0.184,54.000,27.450,-42.300,31.6
19:41:34.165,485768,-15.273,1.350,-7.712,-0.566,0.128,0.743,54.000,27.450,-43.500,31.8
19:41:34.224,485822,-10.436,1.420,-5.018,-0.216,0.089,0.847,54.000,27.450,-43.500,31.8
19:41:34.284,485876,-8.380,0.122,-4.152,-0.491,0.170,0.635,52.800,31.950,-42.000,31.6
19:41:34.343,485930,-8.638,0.460,-4.786,-0.118,0.164,0.222,52.800,31.950,-42.000,31.7
19:41:34.344,485984,-9.127,0.718,-4.226,-0.505,0.063,0.085,52.350,35.700,-40.350,31.7
19:41:34.404,486038,-8.102,0.160,-3.776,-0.303,-0.195,0.078,52.350,35.700,-40.350,32.1
19:41:34.463,486092,-7.491,1.930,-4.266,-0.190,-0.269,-0.204,51.750,36.300,-39.000,31.8
19:41:34.525,486146,-7.649,1.125,-3.742,0.123,-0.258,-0.332,51.750,36.300,-39.000,31.5
19:41:34.584,486200,-7.403,-0.644,-4.580,-0.016,-0.269,-0.392,51.750,36.300,-39.000,31.6
19:41:34.645,486254,-8.282,0.488,-3.711,0.214,0.006,-0.647,55.050,33.600,-35.100,31.7
19:41:34.705,486308,-8.143,-0.828,-4.903,0.289,-0.184,-0.632,55.050,33.600,-35.100,31.8
19:41:34.765,486362,-7.788,-1.628,-4.049,-0.376,-0.277,-0.632,55.050,31.200,-35.400,31.8
19:41:34.825,486416,-8.669,1.781,-3.572,0.442,-0.440,-0.592,55.050,31.200,-35.400,31.9
19:41:34.884,486470,-8.296,-1.635,-2.995,-0.256,-0.405,-0.555,55.050,31.200,-35.400,31.8
19:41:34.885,486524,-8.282,-0.345,-3.519,0.683,-0.322,-0.325,55.050,31.200,-35.400,31.7
19:41:34.945,486578,-9.165,0.393,-2.727,0.327,-0.316,-0.236,59.400,24.450,-32.250,31.7
19:41:35.004,486632,-8.363,-1.774,-3.776,0.210,-0.332,-0.181,59.400,24.450,-32.250,31.4
19:41:35.064,486686,-9.328,-0.836,-3.438,0.459,-0.381,-0.341,59.400,23.700,-30.150,31.7
19:41:35.123,486740,-8.169,-2.392,-3.405,0.287,-0.327,-0.205,59.400,23.700,-30.150,31.8
19:41:35.184,486794,-9.728,0.450,-2.808,-0.211,-0.431,-0.291,59.400,23.700,-30.150,31.8
19:41:35.244,486848,-9.888,-1.654,-2.749,0.029,-0.375,-0.463,60.600,21.150,-26.550,31.7
19:41:35.304,486902,-7.171,-2.904,-3.428,-0.419,-1.453,-1.351,60.600,21.150,-26.550,31.9
19:41:35.363,486956,-6.970,-6.148,-2.037,4.231,0.014,-0.082,61.800,15.000,-20.700,31.8
19:41:35.423,487010,-9.821,3.682,-4.453,-3.915,0.647,0.280,61.800,15.000,-20.700,32.0
19:41:35.424,487064,-11.284,-3.033,-2.433,1.959,0.536,0.675,61.800,15.000,-20.700,31.7
19:41:35.483,487118,-9.002,-3.237,-1.999,-1.690,0.095,-0.113,61.800,15.000,-20.700,31.6
19:41:35.545,487172,-8.033,-1.884,-3.419,1.126,0.140,0.268,61.350,18.450,-25.200,31.4
19:41:35.604,487226,-9.012,-1.891,-2.696,-0.269,0.206,0.308,61.350,18.450,-25.200,31.8
19:41:35.663,487280,-8.803,-2.509,-3.038,-0.150,0.124,0.226,60.900,19.500,-26.850,32.0
19:41:35.723,487334,-10.161,-0.211,-2.792,-0.072,0.098,0.172,60.900,19.500,-26.850,31.7
19:41:35.785,487388,-9.062,-3.230,-2.602,0.079,-0.041,0.184,60.900,19.500,-26.850,31.8
19:41:35.844,487442,-10.508,0.275,-1.427,-0.019,0.047,0.213,61.350,21.150,-29.850,31.8
19:41:35.905,487496,-9.163,-2.289,-2.205,0.200,0.131,0.341,61.350,21.150,-29.850,31.8
19:41:35.965,487550,-8.215,-0.261,-2.928,-0.444,0.307,0.311,60.600,22.350,-28.800,31.8
19:41:35.965,487604,-7.118,-0.546,-2.464,0.677,0.520,0.822,60.600,22.350,-28.800,31.4
19:41:36.024,487658,-8.705,-1.293,-3.452,-0.691,0.527,0.341,60.600,22.350,-28.800,31.8
19:41:36.144,487712,-11.088,-0.871,-4.664,-0.718,0.321,-0.159,60.600,22.350,-28.800,31.9
19:41:36.145,487766,-10.776,-0.230,-4.398,-0.059,0.008,-0.146,58.800,26.250,-32.100,31.4
19:41:36.203,487820,-10.218,-0.577,-3.677,0.234,-0.399,-0.603,58.800,26.250,-32.100,31.7
19:41:36.264,487874,-8.756,-2.377,-3.766,0.586,-0.618,-0.794,60.150,24.150,-31.200,31.9
19:41:36.324,487928,-10.058,-1.812,-2.380,0.540,-0.721,-0.631,60.150,24.150,-31.200,31.8
19:41:36.385,487982,-9.069,-3.994,-3.730,0.361,-0.119,0.141,60.150,24.150,-31.200,31.7
19:41:36.444,488036,-8.444,-1.891,-2.768,0.023,-0.080,-0.006,59.550,20.400,-27.750,31.7
19:41:36.504,488090,-8.267,-3.306,-3.670,0.423,-0.340,-0.395,59.550,20.400,-27.750,31.5
19:41:36.505,488144,-9.778,-0.194,-3.261,0.142,-0.414,-0.625,60.150,18.750,-27.900,31.8
19:41:36.563,488198,-9.953,-4.633,-1.776,1.071,-0.860,-0.987,60.150,18.750,-27.900,31.7
19:41:36.625,488252,-8.001,-3.986,-1.178,0.389,-0.252,-0.494,61.950,12.450,-23.550,31.8
19:41:36.684,488306,-8.777,-3.785,-1.609,-0.129,0.373,0.181,61.950,12.450,-23.550,31.6
19:41:36.743,488360,-8.775,-2.124,-1.338,0.137,0.177,0.212,61.950,13.200,-24.600,31.8
19:41:36.805,488414,-9.946,-3.807,-2.495,0.281,0.096,0.086,61.950,13.200,-24.600,31.7
19:41:36.864,488468,-8.947,-3.311,-1.779,0.089,0.202,0.101,61.650,13.200,-25.350,31.8
19:41:36.924,488522,-7.934,-3.795,-2.516,0.897,0.208,0.389,61.650,13.200,-25.350,31.7
19:41:36.984,488576,-6.613,-1.166,-2.638,0.102,0.981,1.302,60.600,15.750,-25.500,31.5
19:41:37.104,488630,-5.318,3.256,-1.693,-1.131,1.346,1.829,60.600,23.100,-31.800,31.7
19:41:37.104,488684,-6.208,-5.212,-2.993,-0.758,0.896,1.763,60.600,23.100,-31.800,31.7
19:41:37.105,488738,-9.953,3.031,-3.682,0.034,0.505,1.178,56.400,32.550,-36.300,31.8
19:41:37.164,488792,-8.116,-3.479,-4.731,-0.534,0.357,1.341,56.400,32.550,-36.300,31.8
19:41:37.225,488846,-8.600,-0.326,-4.434,-1.131,0.470,0.672,52.800,37.500,-38.250,32.0
19:41:37.284,488900,-8.009,0.309,-5.361,0.402,0.034,0.332,52.800,37.500,-38.250,31.9
19:41:37.344,488954,-9.052,2.670,-3.634,-0.121,0.110,0.218,53.250,40.500,-37.950,31.8
19:41:37.404,489008,-8.588,-1.760,-4.231,-0.718,0.211,0.096,53.250,40.500,-37.950,31.8
19:41:37.465,489062,-9.491,1.597,-4.994,0.422,0.220,-0.350,53.250,40.500,-37.950,31.4
19:41:37.524,489116,-8.612,0.632,-4.381,0.523,0.246,-0.131,53.250,40.500,-37.950,31.7
19:41:37.583,489170,-10.307,3.917,-6.067,0.967,0.270,-0.756,50.550,36.600,-38.250,31.8
19:41:37.584,489224,-10.345,1.025,-4.635,0.218,0.122,-0.339,50.550,36.600,-38.250,31.9
19:41:37.643,489278,-8.902,-0.675,-4.381,0.503,-0.042,-0.314,51.900,35.250,-41.850,32.1
19:41:37.705,489332,-9.761,1.626,-4.544,-0.377,0.046,-0.349,51.900,35.250,-41.850,31.8
19:41:37.764,489386,-9.239,0.041,-4.736,-0.032,-0.022,-0.243,51.900,35.250,-41.850,31.8
19:41:37.823,489440,-8.677,1.846,-3.709,-0.080,0.052,-0.272,54.300,32.400,-42.300,31.8
19:41:37.885,489494,-8.739,-0.294,-4.980,-0.450,-0.023,-0.186,54.300,32.400,-42.300,31.6
19:41:37.944,489548,-9.158,0.194,-4.235,-0.191,0.047,-0.132,54.000,33.900,-42.750,31.7
19:41:38.003,489602,-8.741,-0.448,-5.222,-0.629,-0.000,-0.011,54.000,33.900,-42.750,31.8
19:41:38.065,489656,-8.873,-0.177,-4.630,-0.442,-0.024,0.088,54.000,33.900,-42.750,31.8
19:41:38.124,489710,-9.110,0.589,-5.322,-0.469,-0.139,0.047,54.000,33.900,-42.750,31.8
19:41:38.124,489764,-8.519,0.821,-5.009,-0.106,-0.225,0.116,54.300,34.350,-42.000,31.8
19:41:38.183,489818,-8.638,0.414,-4.839,-0.137,-0.038,0.033,54.300,34.350,-42.000,31.8
19:41:38.244,489872,-9.127,1.240,-4.348,-0.366,0.087,-0.049,52.500,32.850,-40.500,32.0
19:41:38.305,489926,-8.734,1.018,-4.733,0.068,0.029,-0.078,52.500,32.850,-40.500,31.8
19:41:38.363,489980,-8.425,0.883,-4.341,-0.073,0.031,-0.164,52.500,32.850,-40.500,31.6
19:41:38.424,490034,-8.504,1.063,-4.525,0.010,0.057,-0.175,53.400,31.800,-39.900,31.6
19:41:38.483,490088,-8.325,0.376,-4.824,0.043,0.093,-0.189,53.400,31.800,-39.900,31.7
19:41:38.543,490142,-8.768,0.733,-4.618,-0.044,0.104,-0.107,54.150,31.500,-39.900,31.8
19:41:38.603,490196,-8.856,0.433,-5.049,0.048,-0.061,-0.021,54.150,31.500,-39.900,31.9
19:41:38.664,490250,-8.916,1.223,-4.432,0.124,-0.183,0.002,54.150,31.500,-39.900,31.8
19:41:38.665,490304,-8.607,1.468,-4.130,-0.013,-0.148,-0.083,54.150,31.500,-39.900,31.8
19:41:38.725,490358,-8.375,0.900,-4.092,0.031,-0.221,-0.208,54.000,31.650,-39.750,31.7
19:41:38.785,490412,-8.526,0.589,-4.187,-0.009,-0.249,-0.181,54.000,31.650,-39.750,32.0
19:41:38.844,490466,-11.212,-0.120,-4.137,-0.079,-0.105,-0.218,54.150,29.850,-39.600,31.5
19:41:38.905,490520,-16.273,3.227,-8.564,-0.188,0.144,0.621,54.150,29.850,-39.600,31.9
19:41:38.965,490574,-13.621,0.613,-6.737,-0.571,0.049,1.169,54.150,29.850,-39.600,31.7
19:41:39.024,490628,-9.828,3.797,-5.164,-0.508,0.453,0.942,51.150,36.150,-37.800,31.8
19:41:39.085,490682,-9.977,1.913,-4.034,-0.359,0.215,0.502,51.150,36.150,-37.800,31.8
19:41:39.144,490736,-9.201,1.293,-2.741,-0.425,0.239,0.295,51.600,40.350,-37.350,31.8
19:41:39.265,490790,-8.109,1.032,-2.691,-0.173,0.010,0.114,51.600,40.350,-37.350,31.8
19:41:39.265,490844,-6.692,0.881,-3.225,0.055,-0.178,-0.217,49.800,42.450,-36.900,31.8
19:41:39.266,490898,-7.029,0.570,-3.127,0.072,-0.199,-0.201,49.800,42.450,-36.900,31.4
19:41:39.323,490952,-7.884,0.898,-4.180,0.639,-0.265,-0.442,51.900,39.600,-36.000,31.4
19:41:39.383,491006,-8.358,2.160,-3.881,-0.082,-0.406,-0.449,51.900,39.600,-36.000,31.9
19:41:39.444,491060,-8.420,0.383,-3.409,0.341,-0.301,-0.592,53.100,39.150,-34.800,31.8
19:41:39.503,491114,-7.506,1.065,-2.909,0.251,-0.386,-0.555,54.450,36.150,-33.450,31.8
19:41:39.565,491168,-7.456,1.123,-4.106,0.755,-0.280,-0.555,54.450,36.150,-33.450,31.9
19:41:39.623,491222,-7.089,-2.507,-4.044,-0.091,-0.232,-0.606,57.750,33.600,-31.350,31.7
19:41:39.684,491276,-6.831,0.469,-3.596,0.368,-0.133,-0.666,57.750,33.600,-31.350,31.8
19:41:39.745,491330,-8.377,-1.166,-4.353,0.090,-0.300,-0.612,60.300,27.750,-31.800,31.8
19:41:39.746,491384,-8.715,-0.412,-4.096,0.762,-0.307,-0.663,60.300,27.750,-31.800,31.7
19:41:39.804,491438,-7.585,-0.089,-3.802,0.499,-0.153,-0.192,59.400,25.650,-28.200,31.6
19:41:39.863,491492,-8.356,-0.311,-3.318,-0.264,-0.210,-0.402,59.400,25.650,-28.200,31.8
19:41:39.925,491546,-10.367,1.815,-4.381,0.424,-0.469,-0.951,61.200,24.900,-30.150,31.8
19:41:39.985,491600,-9.026,-5.646,-0.192,0.491,-1.067,-1.636,61.200,24.900,-30.150,31.9
19:41:40.043,491654,-9.234,4.446,-3.886,2.209,0.151,-0.174,61.200,24.900,-30.150,31.7
19:41:40.105,491708,-8.588,-4.185,-3.005,-1.090,0.737,0.675,61.200,24.900,-30.150,31.8
19:41:40.164,491762,-9.436,-3.982,-2.538,-0.185,0.093,-0.260,60.600,16.500,-27.300,31.8
19:41:40.224,491816,-9.199,-2.339,-3.366,0.337,-0.037,-0.167,61.050,17.400,-27.750,31.8
19:41:40.285,491870,-9.582,-2.394,-2.674,-0.200,0.195,0.001,61.050,17.400,-27.750,31.6
19:41:40.286,491924,-9.069,-2.483,-2.782,-0.086,0.232,0.155,61.050,17.400,-27.750,31.6
19:41:40.344,491978,-9.562,-2.679,-3.179,0.003,0.221,0.261,61.050,17.400,-27.750,31.8
19:41:40.405,492032,-9.158,-1.827,-2.500,-0.072,0.136,0.107,60.600,17.700,-30.600,31.8
19:41:40.463,492086,-8.930,-3.469,-3.010,0.025,0.125,0.123,60.600,17.700,-30.600,31.6
19:41:40.524,492140,-8.633,-0.766,-3.230,-0.424,0.257,0.054,61.050,18.150,-30.600,31.8
19:41:40.584,492194,-8.892,-2.152,-4.053,0.090,0.251,0.278,61.050,18.150,-30.600,31.9
19:41:40.643,492248,-9.246,-2.246,-3.512,-0.152,0.221,0.020,61.050,18.150,-30.600,31.7
19:41:40.704,492302,-8.966,-2.552,-4.187,-0.139,0.084,-0.046,61.050,18.150,-30.600,31.9
19:41:40.763,492356,-8.971,-2.658,-4.542,0.426,0.101,0.144,60.150,18.300,-32.700,31.6
19:41:40.825,492410,-8.509,-1.674,-3.680,-0.443,0.101,0.066,59.850,20.850,-33.600,31.4
19:41:40.826,492464,-8.748,-1.645,-4.161,0.327,0.053,-0.024,59.850,20.850,-33.600,31.6
19:41:40.884,492518,-8.600,-3.570,-3.208,-0.076,-0.091,-0.010,59.850,20.850,-33.600,31.8
19:41:40.945,492572,-8.274,-0.256,-3.819,0.026,-0.020,-0.056,59.850,20.850,-33.600,31.7
19:41:41.005,492626,-8.394,-2.708,-3.091,0.367,0.027,0.215,58.650,20.250,-33.750,31.8
19:41:41.064,492680,-8.897,-0.373,-3.826,-0.232,0.203,0.194,58.650,20.250,-33.750,31.9
19:41:41.125,492734,-9.395,-3.141,-3.831,0.068,0.083,0.170,59.850,20.400,-36.150,31.8
19:41:41.183,492788,-9.390,-0.484,-3.560,-0.066,0.147,0.181,59.850,20.400,-36.150,32.0
19:41:41.243,492842,-7.922,-2.796,-3.309,0.203,0.050,0.175,59.850,20.400,-36.150,31.7
19:41:41.305,492896,-8.610,-0.124,-4.985,-0.188,0.211,0.180,59.850,20.400,-36.150,31.4
19:41:41.363,492950,-8.150,-1.985,-3.158,0.106,0.057,0.654,60.150,21.750,-36.000,31.8
19:41:41.365,493004,-8.361,-0.579,-4.638,-0.117,0.235,0.765,57.300,25.800,-38.250,31.9
19:41:41.423,493058,-9.163,1.408,-4.137,-0.168,0.222,0.827,57.300,25.800,-38.250,31.8
19:41:41.483,493112,-6.709,-2.107,-3.579,0.278,0.203,1.049,55.950,30.300,-37.050,31.7
19:41:41.543,493166,-7.980,4.599,-4.685,-0.598,0.226,0.706,55.950,30.300,-37.050,31.8
19:41:41.604,493220,-7.903,-0.579,-3.373,0.519,0.089,0.705,53.550,36.300,-37.950,32.1
19:41:41.663,493274,-7.484,1.367,-4.664,-0.240,-0.014,0.876,53.550,36.300,-37.950,31.8
19:41:41.723,493328,-7.183,-5.423,-3.026,-0.376,0.423,0.785,52.050,39.750,-38.250,31.4
19:41:41.783,493382,-7.977,2.241,-3.476,0.305,0.620,0.272,52.050,39.750,-38.250,32.1
19:41:41.843,493436,-8.279,1.587,-5.562,-0.109,0.322,0.389,49.800,40.950,-43.050,32.0
19:41:41.903,493490,-6.565,0.833,-5.547,-0.078,0.260,0.319,49.800,40.950,-43.050,31.8
19:41:41.904,493544,-8.006,0.472,-6.448,-0.214,0.017,0.273,47.400,43.050,-44.700,31.6
19:41:41.963,493598,-8.447,1.839,-6.304,-0.246,0.103,0.152,47.400,43.050,-44.700,31.8
19:41:42.023,493652,-9.795,1.925,-6.239,0.289,-0.295,-0.199,47.700,43.200,-46.350,31.7
19:41:42.083,493706,-9.347,2.866,-5.049,-0.444,-0.281,-0.250,49.350,42.600,-45.450,31.7
19:41:42.143,493760,-8.428,-0.986,-4.592,0.285,-0.059,-0.140,49.350,42.600,-45.450,31.8
19:41:42.203,493814,-9.819,7.175,-5.229,-0.205,-0.047,-0.468,48.600,38.400,-44.400,31.7
19:41:42.263,493868,-9.780,-1.563,-4.906,-0.024,-0.057,-0.337,48.600,38.400,-44.400,31.8
19:41:42.323,493922,-8.226,2.629,-5.787,0.119,0.126,-0.346,50.250,37.500,-43.500,31.7
19:41:42.383,493976,-8.655,1.451,-3.069,-0.499,0.083,-0.328,50.250,37.500,-43.500,31.8
19:41:42.443,494030,-8.598,2.236,-4.551,0.490,0.055,-0.258,49.350,37.200,-43.200,31.8
19:41:42.444,494084,-9.062,1.772,-5.061,-0.161,0.003,-0.248,49.350,37.200,-43.200,31.9
19:41:42.503,494138,-8.600,0.855,-5.097,-0.330,-0.147,-0.237,50.400,35.250,-43.650,31.7
19:41:42.623,494192,-8.147,1.425,-4.628,0.034,-0.206,-0.206,50.400,35.250,-43.650,32.0
19:41:42.624,494246,-8.375,0.922,-4.623,-0.143,-0.147,-0.280,52.650,34.200,-42.900,31.5
19:41:42.683,494300,-8.823,0.883,-4.513,-0.096,-0.068,-0.253,51.900,33.750,-42.150,31.4
19:41:42.743,494354,-8.610,1.281,-4.544,-0.401,-0.140,-0.322,51.900,33.750,-42.150,31.8
19:41:42.803,494408,-8.507,1.085,-4.154,0.175,0.024,-0.258,52.650,32.250,-40.650,31.8
19:41:42.863,494462,-8.387,0.467,-4.341,0.089,-0.030,-0.240,52.650,32.250,-40.650,31.8
19:41:42.923,494516,-9.141,1.075,-4.286,-0.088,-0.034,-0.190,53.250,32.400,-42.750,31.8
19:41:42.983,494570,-9.117,0.948,-5.183,-0.174,-0.072,-0.082,53.250,32.400,-42.750,32.0
19:41:42.984,494624,-9.230,0.599,-4.927,0.014,-0.018,-0.058,53.100,31.800,-42.900,32.0
19:41:43.043,494678,-8.916,1.111,-4.872,0.101,-0.003,-0.025,53.100,31.800,-42.900,31.8
19:41:43.103,494732,-8.672,0.500,-4.618,-0.124,0.019,-0.151,53.700,31.800,-42.450,31.8
19:41:43.163,494786,-8.825,0.716,-4.628,0.031,-0.036,-0.187,53.700,31.800,-42.450,31.8
19:41:43.223,494840,-8.351,0.517,-4.954,-0.091,-0.069,-0.174,53.700,31.800,-42.450,31.7
19:41:43.284,494894,-8.444,0.500,-4.513,-0.124,-0.096,-0.098,54.150,30.600,-41.100,31.8
19:41:43.344,494948,-8.229,0.381,-4.482,0.242,-0.188,-0.073,54.150,30.600,-41.100,31.9
19:41:43.404,495002,-8.114,-0.649,-3.536,0.292,-0.133,0.111,53.400,28.800,-40.350,31.9
19:41:43.464,495056,-12.218,1.302,-6.926,0.408,-0.066,0.067,53.400,28.800,-40.350,31.7
19:41:43.523,495110,-16.501,3.745,-7.934,-1.131,0.201,0.947,54.450,31.500,-39.900,31.8
19:41:43.524,495164,-12.807,4.372,-7.250,-0.069,0.339,0.996,54.450,31.500,-39.900,31.7
19:41:43.583,495218,-10.616,2.093,-4.776,-0.464,0.276,0.642,51.300,36.600,-40.200,31.6
19:41:43.644,495272,-8.964,0.776,-3.414,-0.369,0.293,0.386,51.300,36.600,-40.200,31.7
19:41:43.705,495326,-9.160,1.997,-3.685,-0.470,-0.039,0.053,48.750,38.250,-38.700,32.0
19:41:43.763,495380,-7.590,0.661,-4.120,-0.552,-0.135,-0.039,48.750,38.250,-38.700,32.0
19:41:43.823,495434,-6.931,0.804,-2.986,0.147,-0.185,-0.249,50.250,40.950,-38.250,31.9
19:41:43.885,495488,-6.926,2.085,-3.431,0.272,-0.229,-0.447,51.600,39.900,-35.550,31.7
19:41:44.004,495542,-7.781,2.054,-4.017,0.318,-0.277,-0.505,51.600,39.900,-35.550,31.7
19:41:44.005,495596,-8.353,2.011,-3.498,0.120,-0.252,-0.520,51.900,38.850,-34.800,31.8
19:41:44.006,495650,-7.290,0.302,-4.264,0.056,-0.191,-0.551,51.900,38.850,-34.800,31.8
19:41:44.064,495704,-7.458,1.025,-2.969,0.528,-0.165,-0.681,51.900,38.850,-34.800,32.1
19:41:44.125,495758,-7.221,0.053,-5.286,0.372,-0.022,-0.443,51.900,38.850,-34.800,31.7
19:41:44.184,495812,-8.303,-2.279,-4.094,-0.078,-0.161,-0.553,57.450,33.450,-33.450,32.0
19:41:44.244,495866,-7.779,-0.831,-4.221,0.367,-0.377,-0.462,57.450,33.450,-33.450,31.9
19:41:44.303,495920,-7.463,0.397,-3.943,0.031,-0.271,-0.417,57.750,30.450,-32.100,31.9
19:41:44.364,495974,-8.337,2.495,-3.938,0.281,-0.212,-0.528,57.750,30.450,-32.100,31.8
19:41:44.425,496028,-8.396,-0.520,-3.800,0.221,-0.071,-0.296,57.750,30.450,-32.100,31.8
19:41:44.484,496082,-7.762,-1.152,-4.178,-0.077,0.123,-0.430,59.250,25.500,-31.800,31.8
19:41:44.543,496136,-8.440,-0.122,-3.773,0.534,-0.044,-0.048,59.250,25.500,-31.800,32.0
19:41:44.605,496190,-9.407,-1.434,-4.149,-0.234,-0.144,-0.397,59.850,25.500,-31.350,31.4
19:41:44.605,496244,-9.668,-1.595,-5.485,0.858,-0.641,-1.066,59.850,25.500,-31.350,31.9
19:41:44.663,496298,-5.239,-8.717,0.699,-0.579,-1.508,-2.563,59.850,25.500,-31.350,31.8
19:41:44.725,496352,-8.064,3.024,-8.080,5.880,0.351,-0.020,59.850,25.500,-31.350,31.9
19:41:44.783,496406,-6.981,-3.395,-1.611,-3.197,0.846,1.228,60.900,10.500,-22.800,31.9
19:41:44.844,496460,-10.460,1.511,-3.709,-0.316,0.696,0.570,60.900,10.500,-22.800,31.8
19:41:44.904,496514,-8.978,-1.824,-3.103,-0.218,0.141,-0.077,61.650,19.050,-29.400,31.8
19:41:44.963,496568,-8.633,0.223,-1.841,-0.196,0.229,-0.164,61.650,19.050,-29.400,31.9
19:41:45.024,496622,-9.031,-2.449,-3.316,-0.275,0.103,-0.105,61.650,19.050,-29.400,31.9
19:41:45.085,496676,-8.923,-2.638,-2.737,-0.390,0.135,-0.075,61.650,19.050,-29.400,31.7
19:41:45.145,496730,-9.400,-3.206,-3.792,0.404,0.044,-0.179,61.050,15.750,-29.850,31.9
19:41:45.145,496784,-9.163,-3.345,-3.361,0.010,-0.354,-0.440,61.050,14.250,-29.850,32.0
19:41:45.203,496838,-9.665,-2.595,-3.402,0.753,-0.305,-0.167,61.050,14.250,-29.850,32.0
19:41:45.265,496892,-9.495,-6.376,-2.354,0.355,-0.555,-0.495,61.050,14.250,-29.850,32.0
19:41:45.324,496946,-7.290,0.601,-2.744,-0.118,0.065,0.188,61.050,14.250,-29.850,31.8
19:41:45.384,497000,-8.241,-3.759,-2.488,-0.247,0.345,0.452,61.050,12.750,-27.750,31.7
19:41:45.445,497054,-9.795,-3.855,-2.468,-0.363,0.187,0.120,61.050,12.750,-27.750,31.7
19:41:45.504,497108,-9.098,-3.455,-2.670,-0.091,0.134,0.039,60.900,13.650,-28.200,31.4
19:41:45.564,497162,-8.499,-2.550,-2.734,0.218,0.222,0.288,60.900,13.650,-28.200,31.6
19:41:45.625,497216,-8.744,-1.968,-3.156,0.102,0.268,0.237,61.200,15.150,-28.200,31.7
19:41:45.683,497270,-9.562,-1.662,-2.483,-0.188,0.232,0.116,61.200,15.150,-28.200,31.8
19:41:45.684,497324,-9.527,-2.320,-3.596,-0.208,0.218,0.081,60.900,15.150,-30.150,31.9
19:41:45.744,497378,-8.035,-1.437,-2.686,-0.182,0.214,0.161,60.450,17.100,-31.950,31.8
19:41:45.803,497432,-7.707,-2.698,-3.129,0.067,0.162,0.136,60.450,17.100,-31.950,31.8
19:41:45.864,497486,-9.249,-1.032,-3.261,-0.302,0.095,0.105,60.150,17.100,-31.950,31.7
19:41:45.924,497540,-9.663,-3.515,-4.568,0.421,0.161,0.296,60.150,17.100,-31.950,31.8
19:41:45.983,497594,-9.589,-2.847,-3.553,-0.421,0.019,0.145,59.850,18.900,-34.650,31.5
19:41:46.043,497648,-7.242,-3.508,-3.060,0.688,-0.099,0.601,59.850,18.900,-34.650,31.8
19:41:46.104,497702,-5.887,-0.007,-2.607,1.596,-0.245,1.564,60.600,20.850,-33.600,31.8
19:41:46.164,497756,-4.286,-3.014,-3.227,2.219,0.372,1.666,60.600,20.850,-33.600,31.7
19:41:46.223,497810,-7.774,-2.887,-8.164,1.345,1.304,1.363,57.300,26.550,-36.900,31.9
19:41:46.224,497864,-9.459,0.136,-4.494,-1.588,1.381,-0.044,57.300,26.550,-36.900,32.0
19:41:46.283,497918,-9.673,0.529,-5.028,0.056,0.673,0.356,55.050,30.150,-44.550,31.8
19:41:46.344,497972,-8.653,-1.702,-6.371,-0.015,0.256,0.705,53.400,32.550,-46.200,32.0
19:41:46.405,498026,-8.452,-0.141,-5.974,0.115,0.087,0.601,53.400,32.550,-46.200,32.0
19:41:46.465,498080,-7.377,-0.223,-5.899,-0.410,0.044,0.491,50.250,33.900,-47.400,31.6
19:41:46.523,498134,-7.776,1.563,-5.696,-0.398,0.385,0.246,50.250,33.900,-47.400,31.8
19:41:46.583,498188,-6.907,0.362,-5.030,-0.547,0.359,0.243,48.900,37.200,-46.500,31.7
19:41:46.643,498242,-8.037,1.748,-5.368,-0.774,0.534,0.093,48.900,37.200,-46.500,32.0
19:41:46.704,498296,-8.387,1.755,-6.129,-0.515,0.359,-0.260,48.900,37.200,-46.500,31.9
19:41:46.763,498350,-8.167,0.656,-5.155,-0.280,0.033,-0.185,48.900,37.200,-46.500,31.8
19:41:46.823,498404,-8.818,4.283,-6.699,-0.089,0.280,-0.447,46.200,38.550,-47.850,31.8
19:41:46.824,498458,-8.918,0.445,-6.476,-0.384,-0.065,-0.495,46.200,38.550,-47.850,31.7
19:41:46.885,498512,-8.404,1.693,-5.526,-0.209,-0.196,-0.488,48.300,37.800,-47.100,31.8
19:41:46.944,498566,-8.447,1.532,-5.768,-0.259,-0.063,-0.524,48.300,37.800,-47.100,31.8
19:41:47.004,498620,-8.952,2.227,-5.418,0.130,-0.119,-0.517,48.300,37.800,-47.100,31.7
19:41:47.065,498674,-8.959,0.946,-5.272,-0.189,-0.021,-0.434,50.250,35.550,-46.350,31.9
19:41:47.125,498728,-9.175,0.599,-5.581,-0.088,-0.101,-0.364,50.250,35.550,-46.350,31.8
19:41:47.184,498782,-8.686,1.034,-4.578,-0.405,0.030,-0.300,49.500,34.350,-47.400,31.8
19:41:47.244,498836,-8.562,0.857,-5.126,-0.148,-0.046,-0.318,49.500,34.350,-47.400,31.8
19:41:47.304,498890,-8.090,0.922,-4.889,-0.384,-0.010,-0.321,49.500,34.350,-47.400,31.8
19:41:47.305,498944,-8.195,0.311,-5.124,0.075,0.086,-0.306,49.500,34.350,-47.400,32.0
19:41:47.363,498998,-8.327,0.431,-5.456,-0.286,0.119,-0.254,51.150,31.050,-46.200,31.8
19:41:47.424,499052,-8.191,-0.120,-5.452,-0.220,0.250,-0.195,51.150,31.050,-46.200,31.6
19:41:47.484,499106,-7.757,1.094,-5.806,-0.206,0.157,-0.248,53.100,30.600,-46.200,32.0
19:41:47.544,499160,-7.784,0.409,-5.849,-0.035,0.296,-0.128,53.100,30.600,-46.200,31.8
19:41:47.603,499214,-7.863,1.132,-5.995,-0.038,0.141,-0.051,53.100,30.600,-46.200,31.7
19:41:47.664,499268,-7.719,0.646,-6.129,-0.328,-0.018,0.009,51.150,29.550,-47.700,32.0
19:41:47.783,499322,-7.949,1.961,-6.364,0.115,0.000,0.192,51.150,29.550,-47.700,32.1
19:41:47.784,499376,-8.059,1.247,-6.005,-0.128,-0.178,0.185,51.600,31.050,-48.000,31.8
19:41:47.785,499430,-7.769,1.413,-6.031,0.330,-0.233,0.160,51.600,31.050,-48.000,31.8
19:41:47.843,499484,-7.740,0.596,-6.093,0.123,0.004,0.288,51.600,31.050,-48.000,31.6
19:41:47.905,499538,-7.913,0.603,-6.148,0.324,0.257,0.201,51.600,31.050,-48.000,31.4
19:41:47.963,499592,-7.456,0.637,-6.249,0.169,0.328,0.220,50.850,33.750,-47.250,32.1
19:41:48.024,499646,-7.209,0.572,-6.333,0.252,0.319,0.167,50.850,33.750,-47.250,31.9
19:41:48.084,499700,-6.986,0.034,-6.536,0.346,0.148,0.087,49.050,32.400,-49.950,31.8
19:41:48.144,499754,-7.271,-0.421,-6.179,0.142,-0.117,-0.067,49.050,32.400,-49.950,31.8
19:41:48.204,499808,-7.542,-0.606,-6.378,0.326,-0.363,-0.318,49.050,32.400,-49.950,31.8
19:41:48.264,499862,-7.922,-0.615,-6.570,0.022,-0.191,-0.293,49.500,30.450,-49.350,31.9
19:41:48.324,499916,-8.193,-0.062,-5.588,0.129,-0.018,-0.217,49.500,30.450,-49.350,31.5
19:41:48.384,499970,-7.877,0.168,-5.461,-0.203,-0.203,-0.116,51.150,28.350,-48.000,31.7
19:41:48.385,500024,-7.736,-0.273,-4.803,-0.076,-0.300,-0.106,51.150,28.350,-48.000,31.6
19:41:48.444,500078,-7.578,-0.175,-5.119,0.206,-0.331,0.091,51.150,28.350,-48.000,31.7
19:41:48.505,500132,-8.250,0.318,-5.133,-0.167,-0.305,0.153,51.150,28.350,-48.000,31.8
19:41:48.564,500186,-8.313,1.118,-5.298,0.238,-0.147,0.235,50.850,29.850,-46.200,32.0
19:41:48.624,500240,-8.396,0.745,-4.774,0.103,-0.180,0.375,50.850,29.850,-46.200,31.6
19:41:48.683,500294,-9.347,3.603,-5.564,0.444,-0.048,0.078,53.550,31.200,-46.050,31.9
19:41:48.745,500348,-12.811,2.875,-7.221,0.341,0.072,0.429,53.550,31.200,-46.050,31.8
19:41:48.804,500402,-14.339,3.203,-8.033,-0.128,0.289,0.816,53.550,31.200,-46.050,32.0
19:41:48.865,500456,-11.080,2.768,-6.598,0.123,0.387,0.789,48.000,35.550,-44.850,31.6
19:41:48.923,500510,-9.081,2.301,-5.229,0.054,0.340,0.638,48.000,35.550,-44.850,31.6
19:41:48.924,500564,-7.954,0.654,-4.772,0.047,-0.043,0.121,48.300,40.200,-47.100,31.8
19:41:48.983,500618,-6.936,0.273,-4.937,0.065,-0.176,-0.171,48.300,40.200,-47.100,31.8
19:41:49.044,500672,-7.317,0.709,-4.381,0.392,-0.266,-0.217,48.300,40.200,-47.100,32.0
19:41:49.104,500726,-6.823,0.450,-4.877,0.350,-0.183,-0.290,48.300,40.200,-47.100,32.0
19:41:49.164,500780,-7.254,0.311,-4.403,-0.075,-0.179,-0.318,49.350,37.650,-45.450,31.7
19:41:49.223,500834,-7.477,0.670,-4.463,0.104,-0.219,-0.314,49.350,37.650,-45.450,31.8
19:41:49.343,500888,-7.693,0.941,-5.104,-0.438,-0.325,-0.371,50.400,35.700,-42.900,31.9
19:41:49.344,500942,-7.575,0.407,-5.004,0.152,-0.412,-0.394,50.400,35.700,-42.900,31.7
19:41:49.404,500996,-8.332,-0.309,-5.308,-0.228,-0.374,-0.438,50.400,35.700,-42.900,31.7
19:41:49.465,501050,-8.121,0.132,-4.061,0.153,-0.423,-0.549,50.400,35.700,-42.900,31.7
19:41:49.465,501104,-6.577,-0.912,-4.973,0.212,-0.508,-0.465,54.300,34.350,-40.500,31.9
19:41:49.524,501158,-9.448,0.733,-4.571,-0.055,-0.502,-0.758,57.750,28.200,-37.950,31.8
19:41:49.585,501212,-8.827,-0.939,-4.293,0.545,-0.607,-0.539,57.750,28.200,-37.950,31.9
19:41:49.645,501266,-8.543,-0.673,-4.633,-0.584,-0.724,-0.814,57.750,28.200,-35.400,32.0
19:41:49.703,501320,-6.402,-2.844,-3.194,1.285,-0.650,-0.308,57.750,28.200,-35.400,31.9
19:41:49.765,501374,-8.674,1.226,-3.249,-0.113,-0.354,-0.122,58.650,22.950,-31.500,31.7
19:41:49.823,501428,-9.977,-0.311,-4.044,0.644,-0.668,-0.667,58.650,22.950,-31.500,31.8
19:41:49.884,501482,-7.276,-5.265,1.022,0.493,-1.443,-1.548,59.400,19.500,-30.150,31.7
19:41:49.944,501536,-8.521,6.603,-5.286,2.572,0.110,-0.009,59.400,19.500,-30.150,32.1
19:41:50.065,501590,-8.171,-5.497,-1.099,-1.566,0.539,0.238,61.800,13.050,-24.450,32.0
19:41:50.066,501644,-9.306,1.204,-3.543,0.513,0.224,-0.044,61.800,13.050,-24.450,32.1
19:41:50.066,501698,-9.479,-3.448,-2.978,-0.104,-0.034,-0.128,61.200,17.850,-27.600,31.8
19:41:50.123,501752,-8.902,-0.783,-1.755,-0.260,0.133,-0.169,61.350,18.150,-28.050,31.8
19:41:50.183,501806,-9.273,-3.026,-2.911,0.286,-0.008,0.078,61.350,18.150,-28.050,31.9
19:41:50.244,501860,-9.414,-1.930,-1.781,0.281,-0.131,-0.071,61.800,16.500,-27.000,31.9
19:41:50.363,501914,-8.605,-2.222,-1.250,-0.532,-0.152,-0.145,61.800,16.500,-27.000,31.8
19:41:50.364,501968,-10.070,-2.931,-2.404,0.754,-0.139,0.007,61.800,15.450,-27.300,31.8
19:41:50.425,502022,-9.661,-3.778,-1.772,-0.208,-0.038,-0.146,61.800,15.450,-27.300,32.2
19:41:50.483,502076,-8.825,-2.483,-2.679,-0.109,-0.132,-0.203,61.650,16.800,-26.400,32.1
19:41:50.543,502130,-8.914,-3.929,-1.793,0.201,-0.274,-0.227,61.650,16.800,-26.400,31.8
19:41:50.545,502184,-8.516,-2.854,-1.992,0.164,0.006,-0.083,62.400,15.600,-26.400,32.1
19:41:50.603,502238,-8.303,-3.809,-2.320,-0.091,0.025,-0.043,62.400,15.600,-26.400,31.7
19:41:50.663,502292,-8.997,-2.622,-2.210,0.155,0.010,0.063,62.400,12.900,-26.100,32.0
19:41:50.724,502346,-8.138,-3.697,-2.705,0.367,0.160,0.220,61.800,13.800,-25.200,31.8
19:41:50.844,502400,-7.508,-1.604,-2.842,0.152,0.584,0.987,61.800,13.800,-25.200,31.6
19:41:50.845,502454,-6.816,-2.150,-1.987,-0.609,0.907,1.390,60.600,19.200,-27.750,31.9
19:41:50.905,502508,-8.715,-1.654,-2.677,-0.219,0.617,1.221,60.600,19.200,-27.750,32.0
19:41:50.963,502562,-8.124,-2.363,-3.376,-0.425,0.639,1.088,58.800,24.750,-32.400,31.8
19:41:51.085,502616,-7.934,-2.174,-2.942,0.135,0.593,1.114,58.800,24.750,-32.400,32.1
19:41:51.085,502670,-9.500,1.686,-3.603,-0.247,0.687,0.860,57.150,32.250,-36.300,31.8
19:41:51.086,502724,-9.103,-1.231,-3.280,-0.613,0.612,0.880,57.150,32.250,-36.300,32.1
19:41:51.144,502778,-10.472,0.788,-5.430,-1.259,0.547,0.544,54.000,35.100,-39.750,32.0
19:41:51.204,502832,-8.600,0.757,-3.663,0.030,0.259,0.657,54.000,35.100,-39.750,31.8
19:41:51.265,502886,-8.176,1.532,-4.824,-0.738,0.215,0.475,50.250,40.200,-40.500,31.6
19:41:51.323,502940,-8.701,2.483,-4.254,-0.252,0.279,0.331,49.650,40.650,-40.650,31.8
19:41:51.383,502994,-8.782,2.892,-5.040,-0.119,0.264,0.128,49.650,40.650,-40.650,32.1
