timestamp,elapsed_ms,accel_x_ms2,accel_y_ms2,accel_z_ms2,gyro_x_rads,gyro_y_rads,gyro_z_rads,mag_x_uT,mag_y_uT,mag_z_uT,temp_c
16:33:41.173,2107598,1.566,9.342,-2.698,0.027,1.952,-0.038,-36.450,20.850,15.600,37.4
16:33:41.218,2107652,1.348,9.629,-2.571,0.011,2.148,-0.080,-37.050,19.650,19.800,37.6
16:33:41.270,2107706,1.884,9.567,-2.205,0.018,1.741,-0.071,-37.050,19.650,19.800,37.3
16:33:41.330,2107760,1.805,9.199,-1.841,0.025,1.268,-0.070,-39.000,19.200,24.300,37.3
16:33:41.383,2107814,3.203,9.009,-1.444,0.028,0.860,0.022,-39.000,19.200,24.300,37.4
16:33:41.435,2107868,2.310,9.201,-1.499,0.050,0.885,0.021,-38.100,19.050,28.050,37.6
16:33:41.488,2107922,2.741,9.127,-1.468,0.044,0.690,0.022,-38.100,19.050,28.050,37.4
16:33:41.540,2107976,2.535,9.074,-1.381,0.005,0.262,0.057,-40.200,20.250,30.150,37.4
16:33:41.600,2108030,2.880,9.141,-1.528,-0.042,-0.278,0.079,-37.800,19.200,33.000,37.6
16:33:41.653,2108084,2.581,9.064,-1.458,-0.058,-0.736,0.068,-37.800,19.200,33.000,37.5
16:33:41.705,2108138,2.761,9.117,-1.750,-0.088,-1.452,0.020,-38.100,20.550,30.600,37.3
16:33:41.758,2108192,1.920,9.036,-2.157,-0.024,-1.160,-0.031,-38.100,20.550,30.600,37.2
16:33:41.810,2108246,1.858,9.194,-2.124,0.025,-1.249,-0.097,-38.100,20.550,30.600,37.6
16:33:41.870,2108300,1.923,9.354,-2.382,0.003,-1.110,-0.130,-38.100,20.550,30.600,37.6
16:33:41.923,2108354,1.899,9.390,-2.303,-0.025,-1.341,-0.123,-38.100,20.550,30.600,37.4
16:33:41.975,2108408,1.551,9.213,-2.447,-0.054,-0.983,-0.065,-38.100,20.550,30.600,37.4
16:33:42.028,2108462,1.063,9.110,-2.279,-0.084,-0.925,-0.052,-38.100,20.550,30.600,37.6
16:33:42.082,2108516,2.064,9.081,-2.433,-0.109,-0.713,-0.029,-38.100,20.550,30.600,37.6
16:33:42.140,2108570,1.683,9.239,-2.579,-0.108,-0.466,-0.042,-38.100,20.550,30.600,37.4
16:33:42.193,2108624,1.700,9.222,-2.698,-0.101,0.102,0.025,-38.100,20.550,30.600,37.3
16:33:42.245,2108678,1.329,9.227,-2.380,-0.094,0.356,0.042,-38.100,20.550,30.600,37.4
16:33:42.298,2108732,1.183,9.313,-2.265,-0.099,0.269,0.030,-37.500,23.250,17.700,37.4
16:33:42.351,2108786,1.106,9.246,-2.339,-0.135,0.264,-0.023,-37.500,23.250,17.700,37.5
16:33:42.410,2108840,1.417,9.306,-2.399,-0.126,0.324,-0.027,-37.650,23.400,18.600,37.6
16:33:42.463,2108894,1.374,9.349,-2.447,-0.105,0.385,-0.036,-37.650,23.400,18.600,37.8
16:33:42.516,2108948,1.413,9.400,-2.188,-0.119,0.352,-0.042,-37.350,23.100,21.450,37.3
16:33:42.568,2109002,1.482,9.275,-2.234,-0.094,0.322,-0.026,-37.350,23.100,21.450,37.4
16:33:42.649,2109056,1.563,9.210,-2.231,-0.070,0.288,-0.016,-38.100,21.900,21.150,37.2
16:33:42.702,2109110,1.547,9.294,-2.284,-0.050,0.217,-0.008,-38.100,21.900,21.150,37.3
16:33:42.754,2109164,1.626,9.290,-2.143,-0.036,0.156,-0.011,-37.650,23.100,20.700,37.6
16:33:42.806,2109218,1.602,9.397,-2.184,-0.027,0.068,0.012,-37.650,23.100,20.700,37.5
16:33:42.859,2109272,1.571,9.342,-2.011,-0.022,0.031,0.026,-36.300,22.050,23.550,37.6
16:33:42.911,2109326,1.566,9.268,-2.136,-0.029,-0.074,0.028,-37.500,23.550,21.300,37.6
16:33:42.964,2109380,1.681,9.297,-2.205,-0.033,-0.067,0.010,-37.500,23.550,21.300,37.4
16:33:43.016,2109434,1.563,9.328,-2.083,-0.020,-0.085,0.001,-36.900,22.650,22.650,37.6
16:33:43.069,2109488,1.669,9.266,-2.148,-0.028,-0.083,0.005,-36.900,22.650,22.650,37.3
16:33:43.121,2109542,1.554,9.321,-2.009,-0.036,-0.070,0.010,-36.900,23.100,21.900,37.3
16:33:43.174,2109596,1.611,9.251,-1.990,-0.026,-0.045,0.006,-36.900,23.100,21.900,37.4
16:33:43.226,2109650,1.614,9.244,-2.140,-0.047,-0.044,0.010,-38.400,23.100,20.700,37.7
16:33:43.279,2109704,1.642,9.258,-2.040,-0.050,-0.017,-0.005,-38.400,23.100,20.700,37.4
16:33:43.331,2109758,1.669,9.225,-2.059,-0.052,-0.001,-0.004,-38.400,20.550,21.150,37.4
16:33:43.384,2109812,1.556,9.275,-2.119,-0.056,0.001,0.004,-38.400,20.550,21.150,37.4
16:33:43.436,2109866,1.571,9.266,-2.035,-0.044,0.023,0.046,-37.500,21.450,20.550,37.4
16:33:43.489,2109920,1.616,9.227,-2.138,-0.037,0.035,0.064,-37.500,21.450,20.550,37.6
16:33:43.541,2109974,1.688,9.201,-2.119,-0.042,0.055,0.081,-38.850,21.900,20.400,37.4
16:33:43.594,2110028,1.664,9.294,-2.095,-0.057,0.123,0.090,-37.650,21.600,22.200,37.4
16:33:43.646,2110082,1.800,9.234,-2.097,-0.077,0.151,0.112,-37.650,21.600,22.200,37.4
16:33:43.699,2110136,1.765,9.017,-2.112,-0.118,0.151,0.102,-38.100,21.900,22.200,37.5
16:33:43.804,2110190,2.016,9.052,-2.097,-0.168,0.120,0.044,-38.100,21.900,22.200,37.4
16:33:43.856,2110244,2.004,8.959,-2.057,-0.203,0.086,-0.004,-39.000,22.050,23.550,37.6
16:33:43.909,2110298,2.083,8.995,-1.932,-0.232,0.089,-0.057,-39.000,22.050,23.550,37.4
16:33:43.962,2110352,2.152,9.124,-1.970,-0.208,-0.025,-0.114,-39.150,23.400,23.700,37.3
16:33:44.014,2110406,2.140,9.261,-1.791,-0.152,-0.071,-0.075,-39.150,23.400,23.700,37.4
16:33:44.067,2110460,1.906,9.378,-1.475,-0.112,-0.136,0.037,-40.650,20.250,24.600,37.3
16:33:44.119,2110514,2.076,9.531,-1.480,-0.061,-0.153,0.113,-40.650,20.250,24.600,37.5
16:33:44.171,2110568,2.246,9.378,-1.695,0.028,-0.091,0.151,-40.200,21.000,24.900,37.4
16:33:44.224,2110622,1.839,9.620,-1.401,0.037,-0.163,0.150,-40.200,21.000,24.900,37.6
16:33:44.277,2110676,1.946,9.574,-1.621,0.040,-0.185,0.070,-40.200,21.000,24.900,37.4
16:33:44.329,2110730,2.073,9.469,-1.839,0.023,-0.160,0.000,-40.200,21.000,24.900,37.7
16:33:44.382,2110784,1.776,9.536,-1.750,0.011,-0.116,0.002,-40.200,21.000,24.900,37.7
16:33:44.434,2110838,1.856,9.163,-1.659,0.035,-0.065,0.022,-40.200,21.000,24.900,37.6
16:33:44.537,2110892,1.707,9.076,-1.551,0.014,0.004,0.057,-40.200,21.000,24.900,37.3
16:33:44.540,2110946,2.167,9.191,-1.671,-0.033,0.030,-0.005,-40.200,21.000,24.900,37.4
16:33:44.591,2111000,2.131,9.103,-1.765,-0.063,0.090,-0.079,-40.200,21.000,24.900,37.4
16:33:44.644,2111054,2.322,9.196,-1.726,-0.100,0.144,-0.116,-40.200,21.000,24.900,37.3
16:33:44.696,2111108,2.028,9.357,-1.669,-0.111,0.167,-0.086,-40.200,21.000,24.900,37.3
16:33:44.749,2111162,1.997,9.512,-1.585,-0.123,0.134,0.001,-40.200,21.000,24.900,37.4
16:33:44.801,2111216,2.035,9.297,-1.796,-0.076,0.188,0.034,-40.200,21.000,24.900,37.5
16:33:44.854,2111270,2.210,9.127,-1.803,-0.058,0.163,0.009,-38.100,19.350,26.250,37.6
16:33:44.907,2111324,2.112,9.096,-1.729,-0.062,0.143,-0.007,-38.100,19.350,26.250,37.3
16:33:44.959,2111378,2.167,9.249,-1.626,-0.068,0.113,-0.041,-40.200,20.250,26.100,37.2
16:33:45.011,2111432,2.167,9.378,-1.741,-0.066,0.075,-0.035,-40.200,19.650,26.850,37.4
16:33:45.064,2111486,2.193,9.309,-1.769,-0.068,0.037,-0.009,-40.200,19.650,26.850,37.5
16:33:45.116,2111540,2.270,9.318,-1.556,-0.057,-0.016,0.008,-39.600,19.350,25.500,37.4
16:33:45.169,2111594,2.116,9.266,-1.597,-0.034,-0.059,0.010,-39.600,19.350,25.500,37.4
16:33:45.222,2111648,2.128,9.349,-1.762,-0.006,-0.057,0.013,-40.800,20.550,26.550,37.6
16:33:45.274,2111702,2.078,9.354,-1.528,0.000,-0.099,0.044,-40.800,20.550,26.550,37.8
16:33:45.326,2111756,2.069,9.311,-1.647,0.008,-0.106,0.029,-40.650,20.250,26.400,37.4
16:33:45.379,2111810,2.164,9.112,-1.707,0.013,-0.117,0.008,-40.650,20.250,26.400,37.2
16:33:45.431,2111864,1.956,9.273,-1.604,-0.008,-0.126,0.011,-41.100,21.600,26.550,37.4
16:33:45.484,2111918,2.330,9.158,-1.650,0.001,-0.056,0.019,-41.100,21.600,26.550,37.6
16:33:45.536,2111972,2.066,9.316,-1.597,-0.018,-0.058,0.005,-41.550,21.150,26.250,37.4
16:33:45.589,2112026,2.059,9.249,-1.724,-0.025,-0.019,0.019,-41.100,20.850,25.500,37.5
16:33:45.694,2112080,1.939,9.316,-1.578,-0.043,-0.006,0.019,-41.100,20.850,25.500,37.6
16:33:45.746,2112134,2.064,9.242,-1.700,-0.066,0.008,-0.014,-43.350,20.250,25.650,37.6
16:33:45.799,2112188,2.057,9.263,-1.647,-0.072,-0.007,-0.031,-43.350,20.250,25.650,37.5
16:33:45.851,2112242,2.203,9.227,-1.630,-0.063,0.032,-0.039,-41.700,20.700,25.650,37.3
16:33:45.904,2112296,1.975,9.246,-1.650,-0.071,0.031,-0.004,-41.700,20.700,25.650,37.4
16:33:45.957,2112350,2.248,9.268,-1.614,-0.068,0.038,-0.013,-39.750,20.700,26.850,37.5
16:33:46.009,2112404,2.195,9.342,-1.707,-0.058,0.023,-0.012,-39.750,20.700,26.850,37.6
16:33:46.062,2112458,2.116,9.397,-1.717,-0.045,0.041,0.030,-40.350,21.150,27.300,37.6
16:33:46.114,2112512,1.946,9.297,-1.647,-0.033,0.045,0.069,-40.350,21.150,27.300,37.6
16:33:46.167,2112566,2.076,9.270,-1.812,-0.037,-0.027,0.048,-40.800,20.100,25.950,37.4
16:33:46.219,2112620,2.389,9.160,-1.817,-0.048,-0.081,-0.063,-40.800,20.100,25.950,37.4
16:33:46.271,2112674,2.239,9.129,-1.654,-0.028,-0.074,-0.106,-41.550,19.350,26.250,37.3
16:33:46.376,2112728,2.081,9.304,-1.566,0.020,-0.098,-0.056,-39.150,22.350,25.500,37.2
16:33:46.378,2112782,2.102,9.337,-2.248,0.160,0.303,0.069,-39.150,22.350,25.500,37.5
16:33:46.429,2112836,-0.831,10.036,-2.768,0.183,-0.179,-0.068,-40.350,20.550,26.550,37.4
16:33:46.482,2112890,2.610,10.307,-4.413,0.387,0.193,0.426,-40.350,20.550,26.550,37.4
16:33:46.534,2112944,2.598,10.206,-3.857,0.605,-0.212,0.726,-42.300,23.100,27.000,37.7
16:33:46.587,2112998,2.454,9.730,-4.994,0.781,-0.078,0.615,-42.300,23.100,27.000,37.5
16:33:46.639,2113052,3.673,8.842,-5.669,1.003,-0.208,0.618,-42.750,26.250,25.950,37.6
16:33:46.692,2113106,2.892,8.849,-5.684,1.281,-0.313,0.456,-42.750,26.250,25.950,37.6
16:33:46.744,2113160,3.658,8.531,-6.622,1.500,-0.315,0.224,-41.700,28.950,20.550,37.4
16:33:46.797,2113214,3.661,8.784,-6.682,1.583,-0.509,-0.019,-41.700,28.950,20.550,37.6
16:33:46.849,2113268,3.148,8.985,-6.582,1.740,-0.857,-0.055,-41.550,31.350,12.300,37.6
16:33:46.902,2113322,3.366,7.772,-7.518,1.792,-0.765,-0.054,-41.550,31.350,12.300,37.5
16:33:46.954,2113376,3.206,7.724,-8.018,1.859,-0.817,-0.035,-41.550,31.350,12.300,37.6
16:33:47.007,2113430,3.306,6.663,-8.107,1.844,-0.804,0.046,-41.550,31.350,12.300,37.4
16:33:47.059,2113484,3.318,5.906,-8.260,1.931,-0.628,0.108,-41.550,31.350,12.300,37.6
16:33:47.111,2113538,2.966,4.733,-8.260,1.899,-0.326,0.060,-41.550,31.350,12.300,37.6
16:33:47.164,2113592,1.963,3.778,-7.987,1.707,-0.289,0.057,-41.550,31.350,12.300,37.2
16:33:47.216,2113646,1.279,2.480,-7.647,1.436,0.005,-0.059,-41.550,31.350,12.300,37.3
16:33:47.269,2113700,1.123,0.792,-8.052,1.128,-0.056,-0.007,-41.550,31.350,12.300,37.6
16:33:47.322,2113754,1.039,0.548,-7.403,0.871,-0.240,-0.107,-41.550,31.350,12.300,37.6
16:33:47.374,2113808,1.149,0.043,-7.757,0.760,-0.153,-0.035,-41.550,31.350,12.300,37.2
16:33:47.479,2113862,1.528,-0.642,-8.485,0.638,-0.080,0.075,-41.550,31.350,12.300,37.6
16:33:47.481,2113916,0.982,-1.094,-8.162,0.544,-0.091,0.123,-41.550,31.350,12.300,37.2
16:33:47.584,2113970,1.022,-1.494,-8.159,0.295,-0.238,0.082,-11.250,-9.300,-18.150,37.6
16:33:47.636,2114024,0.757,-1.635,-8.061,0.206,-0.047,0.057,-9.300,-10.800,-17.550,37.6
16:33:47.689,2114078,1.446,-1.690,-8.365,0.082,0.039,0.048,-9.300,-10.800,-17.550,37.4
16:33:47.741,2114132,0.910,-1.614,-8.406,-0.048,0.075,0.075,-8.850,-11.550,-17.850,37.4
16:33:47.794,2114186,1.056,-1.700,-8.772,-0.141,0.154,0.065,-8.850,-11.550,-17.850,37.4
16:33:47.847,2114240,1.027,-1.851,-8.894,-0.292,0.260,0.101,-10.500,-11.550,-18.900,37.4
16:33:47.899,2114294,1.032,-1.492,-7.961,-0.337,0.274,0.040,-10.500,-11.550,-18.900,37.4
16:33:47.952,2114348,1.551,-1.554,-7.084,-0.404,0.609,-0.016,-13.950,-9.600,-19.650,37.6
16:33:48.004,2114402,1.413,-0.280,-7.592,-0.746,0.506,-0.068,-13.950,-9.600,-19.650,37.4
16:33:48.057,2114456,2.018,0.314,-7.027,-0.826,0.978,-0.067,-17.250,-6.900,-16.950,37.7
16:33:48.109,2114510,2.349,0.302,-7.537,-1.031,0.983,-0.133,-17.250,-6.900,-16.950,37.3
16:33:48.161,2114564,3.136,1.539,-7.187,-1.169,1.167,-0.159,-23.700,-1.800,-17.100,37.2
16:33:48.214,2114618,3.651,1.729,-8.052,-1.405,1.072,-0.359,-23.700,-1.800,-17.100,37.6
16:33:48.266,2114672,4.922,2.655,-8.547,-1.553,0.981,-0.571,-30.900,1.500,-14.400,37.6
16:33:48.319,2114726,4.877,4.269,-7.460,-1.562,1.052,-0.814,-37.350,9.600,-10.500,37.6
16:33:48.371,2114780,6.414,4.527,-7.946,-1.661,0.823,-1.010,-37.350,9.600,-10.500,37.4
16:33:48.424,2114834,6.759,6.220,-7.949,-1.735,0.533,-1.126,-44.400,18.900,1.200,37.7
16:33:48.476,2114888,5.945,7.513,-7.630,-1.522,0.740,-1.159,-44.400,18.900,1.200,37.6
16:33:48.529,2114942,6.807,7.195,-6.814,-1.496,0.277,-1.011,-44.850,25.800,12.600,37.3
16:33:48.582,2114996,5.370,8.045,-7.195,-1.468,0.144,-0.885,-44.850,25.800,12.600,37.2
16:33:48.634,2115050,5.229,6.771,-5.018,-1.315,0.182,-0.750,-46.350,28.650,22.050,37.5
16:33:48.687,2115104,4.822,9.409,-5.887,-1.334,-0.257,-0.683,-46.350,28.650,22.050,37.6
16:33:48.739,2115158,4.638,8.856,-5.183,-1.023,-0.008,-0.669,-42.750,27.750,28.500,37.6
16:33:48.792,2115212,4.824,8.933,-4.271,-0.961,-0.316,-0.526,-42.750,27.750,28.500,37.6
16:33:48.844,2115266,3.417,9.656,-3.962,-0.877,-0.317,-0.476,-42.150,25.350,32.250,37.6
16:33:48.897,2115320,3.484,9.936,-3.754,-0.718,-0.386,-0.441,-42.150,25.350,32.250,37.5
16:33:48.949,2115374,3.390,9.452,-2.763,-0.629,-0.446,-0.282,-41.550,24.150,33.900,37.4
16:33:49.002,2115428,2.567,9.467,-3.462,-0.402,-0.176,-0.155,-40.350,22.350,32.100,37.2
16:33:49.054,2115482,2.866,8.703,-2.363,-0.343,-0.078,-0.022,-40.350,22.350,32.100,37.3
16:33:49.107,2115536,2.449,8.887,-2.516,-0.262,-0.064,0.005,-40.050,22.350,31.800,37.4
16:33:49.211,2115590,3.057,9.143,-2.567,-0.195,-0.147,-0.065,-40.050,22.350,31.800,37.6
16:33:49.213,2115644,2.327,9.335,-2.035,-0.116,-0.105,-0.100,-39.750,20.700,31.950,37.6
16:33:49.264,2115698,2.670,9.558,-2.387,-0.047,-0.100,-0.006,-39.750,20.700,31.950,37.6
16:33:49.316,2115752,2.444,9.469,-2.526,0.030,-0.117,0.087,-40.350,20.100,32.400,37.3
16:33:49.369,2115806,2.670,9.448,-2.672,0.168,-0.037,0.112,-40.350,20.100,32.400,37.6
16:33:49.525,2115860,2.749,9.483,-3.077,0.303,-0.026,0.100,-40.350,20.100,32.400,37.3
16:33:49.528,2115914,2.770,9.376,-3.670,0.452,0.015,0.107,-40.350,20.100,32.400,37.3
16:33:49.579,2115968,2.868,9.481,-4.068,0.629,-0.038,0.117,-40.350,20.100,32.400,37.7
16:33:49.632,2116022,2.636,9.357,-4.331,0.799,-0.014,0.184,-40.350,20.100,32.400,37.6
16:33:49.735,2116076,2.849,9.234,-4.453,0.940,-0.069,0.272,-40.350,20.100,32.400,37.8
16:33:49.737,2116130,2.705,9.182,-4.990,1.091,-0.165,0.306,-40.350,20.100,32.400,37.5
16:33:49.789,2116184,3.316,8.926,-4.786,1.151,-0.285,0.311,-40.350,20.100,32.400,37.5
16:33:49.841,2116238,3.874,8.954,-5.806,1.324,-0.082,0.283,-43.350,32.550,22.050,37.4
16:33:49.894,2116292,3.215,8.207,-6.639,1.411,-0.190,0.282,-43.350,32.550,22.050,37.6
16:33:49.946,2116346,4.149,7.867,-6.541,1.486,-0.242,0.237,-40.800,33.900,10.200,37.4
16:33:49.999,2116400,3.407,7.446,-6.893,1.528,-0.288,0.195,-40.800,33.900,10.200,37.4
16:33:50.051,2116454,3.247,6.783,-6.998,1.482,-0.324,0.214,-39.750,30.450,0.150,37.6
16:33:50.104,2116508,3.670,6.029,-7.400,1.454,-0.437,0.273,-39.750,30.450,0.150,37.7
16:33:50.157,2116562,3.663,5.409,-7.805,1.506,-0.251,0.350,-35.700,23.700,-8.400,37.3
16:33:50.209,2116616,3.584,4.956,-7.887,1.453,-0.298,0.488,-35.700,23.700,-8.400,37.6
16:33:50.261,2116670,3.330,3.730,-7.357,1.414,-0.081,0.550,-30.450,14.550,-12.900,37.5
16:33:50.314,2116724,3.634,2.782,-7.858,1.395,-0.011,0.462,-28.350,4.950,-15.300,37.6
16:33:50.366,2116778,3.409,1.949,-7.561,1.163,0.074,0.431,-28.350,4.950,-15.300,37.4
16:33:50.419,2116832,3.512,0.742,-8.655,0.957,-0.009,0.418,-24.900,0.000,-17.850,37.4
16:33:50.472,2116886,3.065,-0.002,-9.448,0.715,-0.253,0.465,-24.900,0.000,-17.850,37.8
16:33:50.575,2116940,3.010,-0.287,-8.569,0.684,-0.234,0.611,-24.450,-2.100,-17.850,37.6
16:33:50.577,2116994,2.729,-0.615,-8.282,0.638,-0.367,0.588,-24.450,-2.100,-17.850,37.4
16:33:50.629,2117048,2.267,-0.883,-8.511,0.480,-0.424,0.402,-20.700,-8.100,-17.700,37.6
16:33:50.681,2117102,1.951,-1.238,-8.578,0.380,-0.363,0.325,-20.700,-8.100,-17.700,37.4
16:33:50.734,2117156,1.978,-1.441,-8.712,0.352,-0.226,0.301,-19.200,-10.950,-19.050,37.6
16:33:50.786,2117210,1.585,-1.530,-7.652,0.222,-0.210,0.266,-19.200,-10.950,-19.050,37.5
16:33:50.839,2117264,2.095,-2.143,-7.889,0.186,0.021,0.174,-17.700,-11.700,-16.500,37.3
16:33:50.892,2117318,1.592,-1.970,-7.640,0.003,0.212,0.035,-17.700,-11.700,-16.500,37.6
16:33:50.944,2117372,2.255,-2.416,-8.428,-0.114,0.191,0.008,-15.450,-13.950,-15.600,37.2
16:33:50.996,2117426,2.181,-1.908,-8.021,-0.268,0.286,-0.037,-18.000,-13.050,-15.150,37.4
16:33:51.049,2117480,2.401,-1.939,-7.951,-0.338,0.408,-0.059,-18.000,-13.050,-15.150,37.6
16:33:51.101,2117534,2.203,-1.650,-8.114,-0.510,0.324,-0.110,-20.400,-11.250,-16.950,37.4
16:33:51.154,2117588,2.399,-0.984,-7.975,-0.739,0.310,-0.233,-20.400,-11.250,-16.950,37.6
16:33:51.207,2117642,3.026,-0.505,-7.633,-0.823,0.571,-0.290,-23.100,-7.650,-16.200,37.5
16:33:51.259,2117696,3.383,0.364,-7.618,-0.993,0.646,-0.367,-23.100,-7.650,-16.200,37.3
16:33:51.364,2117750,3.505,0.848,-8.203,-1.115,0.606,-0.434,-27.600,-5.400,-16.050,37.8
16:33:51.416,2117804,4.448,1.087,-6.761,-1.221,0.680,-0.415,-27.600,-5.400,-16.050,37.6
16:33:51.469,2117858,4.877,1.784,-9.529,-1.426,0.122,-0.652,-31.500,1.350,-13.500,37.6
16:33:51.521,2117912,4.707,3.618,-6.675,-1.241,0.945,-0.650,-31.500,1.350,-13.500,37.4
16:33:51.574,2117966,5.444,3.625,-7.946,-1.402,0.256,-0.852,-38.100,9.000,-10.200,37.6
16:33:51.626,2118020,5.555,4.456,-7.463,-1.495,0.340,-0.765,-38.100,9.000,-10.200,37.4
16:33:51.732,2118074,5.464,5.399,-7.714,-1.478,0.215,-0.734,-38.100,9.000,-10.200,37.6
16:33:51.733,2118128,5.787,6.342,-6.500,-1.400,0.404,-0.772,-38.100,9.000,-10.200,37.6
16:33:51.784,2118182,5.210,6.213,-6.792,-1.534,0.108,-0.655,-38.100,9.000,-10.200,37.4
16:33:51.837,2118236,5.119,7.393,-6.608,-1.418,0.152,-0.636,-38.100,9.000,-10.200,37.6
16:33:51.941,2118290,4.731,7.468,-6.395,-1.370,0.100,-0.548,-38.100,9.000,-10.200,37.4
16:33:51.942,2118344,5.552,8.909,-5.875,-1.388,-0.220,-0.567,-38.100,9.000,-10.200,37.4
16:33:51.995,2118398,4.286,8.159,-5.464,-1.251,-0.220,-0.514,-38.100,9.000,-10.200,37.7
16:33:52.046,2118452,3.661,7.839,-3.780,-1.134,-0.013,-0.388,-38.100,9.000,-10.200,37.7
16:33:52.099,2118506,4.034,8.449,-4.264,-0.908,-0.068,-0.468,-38.100,9.000,-10.200,37.6
16:33:52.152,2118560,3.577,9.225,-4.401,-0.798,-0.066,-0.565,-38.100,9.000,-10.200,37.4
16:33:52.204,2118614,2.658,8.775,-2.722,-0.804,-0.222,-0.547,-38.100,9.000,-10.200,37.1
16:33:52.257,2118668,2.622,9.883,-3.596,-0.720,-0.280,-0.301,-40.050,26.700,31.800,37.3
16:33:52.309,2118722,2.820,9.701,-2.691,-0.601,-0.094,-0.105,-40.050,26.700,31.800,37.3
16:33:52.361,2118776,2.691,9.486,-2.433,-0.521,-0.198,-0.082,-40.350,25.500,31.350,37.3
16:33:52.414,2118830,2.174,9.251,-2.301,-0.456,-0.253,-0.041,-38.250,24.000,31.950,37.6
16:33:52.623,2118884,2.830,8.978,-1.958,-0.332,-0.191,-0.035,-38.250,24.000,31.950,37.7
16:33:52.625,2118938,2.780,9.158,-1.832,-0.212,-0.244,-0.025,-38.850,22.350,31.350,37.4
16:33:52.626,2118992,2.538,9.591,-1.683,-0.125,-0.169,0.021,-38.850,22.350,31.350,37.6
16:33:52.629,2119046,2.868,9.711,-1.788,0.070,0.007,0.074,-39.150,24.150,31.350,37.1
16:33:52.676,2119100,2.413,9.227,-2.260,0.182,-0.058,0.065,-39.150,24.150,31.350,37.4
16:33:52.729,2119154,2.152,9.500,-2.516,0.337,0.012,0.093,-39.750,22.800,29.700,37.4
16:33:52.782,2119208,2.933,9.416,-2.883,0.536,0.171,0.140,-39.750,22.800,29.700,37.6
16:33:52.834,2119262,2.291,9.541,-3.754,0.702,0.080,0.129,-41.100,26.250,31.050,37.6
16:33:52.886,2119316,2.986,9.706,-4.032,0.822,-0.023,0.134,-41.100,26.250,31.050,37.4
16:33:52.939,2119370,2.897,9.644,-4.506,1.137,0.249,0.200,-41.100,29.550,30.600,37.4
16:33:52.991,2119424,3.462,9.574,-5.409,1.328,0.128,0.210,-42.150,33.600,27.900,37.4
16:33:53.044,2119478,3.819,9.634,-5.593,1.561,0.248,0.321,-42.150,33.600,27.900,37.5
16:33:53.097,2119532,3.467,9.093,-6.266,1.653,0.068,0.393,-42.750,33.900,20.400,37.3
16:33:53.149,2119586,3.977,8.753,-6.649,1.744,0.022,0.440,-42.750,33.900,20.400,37.6
16:33:53.254,2119640,4.128,8.052,-7.259,1.774,-0.319,0.432,-41.400,34.350,8.850,37.7
16:33:53.307,2119694,4.738,7.719,-7.410,1.823,-0.361,0.473,-41.400,34.350,8.850,37.5
16:33:53.359,2119748,4.288,6.656,-7.314,1.883,-0.517,0.431,-39.000,27.600,-3.000,37.3
16:33:53.411,2119802,4.039,6.354,-6.821,1.773,-0.441,0.406,-39.000,27.600,-3.000,37.3
16:33:53.518,2119856,3.931,4.946,-7.108,1.723,-0.334,0.463,-34.800,18.900,-12.600,37.6
16:33:53.518,2119910,3.108,3.938,-6.991,1.531,-0.297,0.495,-34.800,18.900,-12.600,37.6
16:33:53.621,2119964,2.921,2.696,-7.350,1.205,-0.304,0.409,-30.900,7.350,-15.150,37.3
16:33:53.622,2120018,2.974,1.779,-6.665,0.909,-0.463,0.174,-30.900,7.350,-15.150,37.6
16:33:53.674,2120072,2.988,0.833,-8.021,0.822,-0.343,0.154,-25.350,1.200,-18.450,37.6
16:33:53.726,2120126,2.203,0.476,-7.389,0.689,-0.213,0.225,-22.650,-3.300,-18.750,37.6
16:33:53.779,2120180,2.890,-0.271,-8.207,0.608,-0.404,0.306,-22.650,-3.300,-18.750,37.5
16:33:53.832,2120234,1.343,-0.512,-7.748,0.439,-0.236,0.277,-20.400,-6.900,-19.800,37.3
16:33:53.884,2120288,2.260,-1.010,-7.515,0.323,-0.039,0.172,-20.400,-6.900,-19.800,37.6
16:33:53.936,2120342,2.143,-0.752,-8.966,0.085,-0.160,0.031,-17.850,-9.300,-18.150,37.7
16:33:53.989,2120396,2.054,-0.548,-7.930,-0.084,0.043,0.168,-17.850,-9.300,-18.150,37.4
16:33:54.042,2120450,2.356,-1.475,-9.021,-0.155,-0.007,0.155,-17.850,-9.300,-18.150,37.3
16:33:54.094,2120504,1.870,-0.994,-8.279,-0.255,0.001,0.110,-17.850,-9.300,-18.150,37.4
16:33:54.146,2120558,2.404,-1.379,-8.784,-0.172,0.108,0.020,-17.850,-9.300,-18.150,37.3
16:33:54.199,2120612,2.306,-1.101,-9.158,-0.316,-0.052,-0.104,-17.850,-9.300,-18.150,37.5
16:33:54.251,2120666,2.279,-0.151,-9.491,-0.376,0.025,-0.152,-17.850,-9.300,-18.150,37.6
16:33:54.307,2120720,2.490,-0.184,-7.913,-0.347,0.340,-0.096,-17.850,-9.300,-18.150,37.4
16:33:54.356,2120774,2.576,-0.438,-9.483,-0.576,-0.052,-0.110,-17.850,-9.300,-18.150,37.6
16:33:54.462,2120828,2.227,0.381,-8.892,-0.523,0.197,-0.078,-22.650,-3.300,-16.200,37.5
16:33:54.463,2120882,2.643,0.493,-8.523,-0.594,0.071,-0.120,-22.650,-3.300,-16.200,37.4
16:33:54.514,2120936,2.294,0.934,-8.387,-0.738,0.013,-0.191,-23.400,-1.200,-17.700,37.8
16:33:54.566,2120990,2.863,1.571,-7.065,-0.804,0.403,-0.199,-23.400,-1.200,-17.700,37.6
16:33:54.619,2121044,3.259,1.537,-8.739,-0.948,0.131,-0.287,-29.100,4.950,-18.150,37.4
16:33:54.672,2121098,3.168,3.002,-7.295,-0.984,0.642,-0.305,-29.100,4.950,-18.150,37.5
16:33:54.724,2121152,4.039,3.077,-7.980,-1.143,0.306,-0.410,-30.600,10.050,-15.600,37.4
16:33:54.777,2121206,4.144,4.645,-7.432,-1.097,0.529,-0.522,-30.600,10.050,-15.600,37.4
16:33:54.881,2121260,3.876,3.836,-8.808,-1.232,0.126,-0.489,-35.100,16.050,-11.100,37.4
16:33:54.883,2121314,3.893,5.119,-6.776,-1.179,0.496,-0.466,-35.100,16.050,-11.100,37.6
16:33:54.935,2121368,3.898,5.294,-7.558,-1.204,0.303,-0.407,-37.650,21.600,-5.850,37.4
16:33:54.986,2121422,3.847,6.036,-7.262,-1.239,0.306,-0.401,-37.650,21.600,-5.850,37.3
16:33:55.039,2121476,4.563,6.914,-7.168,-1.261,0.226,-0.350,-41.550,28.800,-0.300,37.2
16:33:55.144,2121530,4.585,6.943,-5.832,-1.127,0.660,-0.342,-44.100,30.750,8.550,37.6
16:33:55.197,2121584,4.956,6.955,-5.689,-1.134,0.242,-0.470,-44.100,30.750,8.550,37.5
16:33:55.249,2121638,3.699,7.688,-5.523,-1.171,0.043,-0.448,-43.500,34.200,17.850,37.6
16:33:55.354,2121692,3.847,7.985,-5.610,-1.118,0.280,-0.385,-43.500,34.200,17.850,37.4
16:33:55.356,2121746,4.393,8.854,-5.219,-1.049,0.030,-0.332,-43.500,33.150,24.000,37.4
16:33:55.406,2121800,4.417,8.430,-3.989,-0.977,0.097,-0.273,-43.500,33.150,24.000,37.3
16:33:55.511,2121854,3.311,8.660,-4.319,-0.956,-0.144,-0.173,-41.700,31.500,28.200,37.6
16:33:55.513,2121908,3.675,9.115,-3.864,-0.986,-0.214,-0.138,-41.700,31.500,28.200,37.5
16:33:55.564,2121962,2.902,9.117,-2.962,-0.727,-0.086,-0.234,-43.350,28.950,32.700,37.6
16:33:55.617,2122016,3.239,9.792,-3.141,-0.700,-0.333,-0.241,-43.350,28.950,32.700,37.4
16:33:55.669,2122070,3.467,9.697,-2.512,-0.645,-0.310,-0.188,-41.700,25.800,34.050,37.7
16:33:55.722,2122124,2.830,9.237,-2.557,-0.559,-0.260,-0.103,-40.800,23.100,35.400,37.4
16:33:55.826,2122178,3.227,9.072,-2.028,-0.468,-0.266,-0.051,-40.800,23.100,35.400,37.5
16:33:55.827,2122232,3.421,9.261,-2.054,-0.335,-0.247,-0.108,-41.700,24.600,33.750,37.4
16:33:55.879,2122286,3.062,9.246,-2.057,-0.239,-0.175,-0.054,-41.700,24.600,33.750,37.3
16:33:55.931,2122340,2.461,9.318,-1.331,-0.176,-0.110,0.067,-41.550,23.700,33.900,37.3
16:33:55.984,2122394,2.837,9.275,-1.935,0.030,0.045,0.050,-41.550,23.700,33.900,37.4
16:33:56.036,2122448,2.689,9.093,-2.131,0.087,-0.044,-0.020,-42.300,20.850,33.600,37.7
16:33:56.141,2122502,2.976,9.357,-2.665,0.264,0.098,-0.007,-42.300,20.850,33.600,37.6
16:33:56.143,2122556,3.220,9.268,-2.813,0.390,0.033,0.038,-40.050,24.900,34.650,37.3
16:33:56.194,2122610,3.132,9.591,-3.955,0.653,0.126,0.106,-40.050,24.900,34.650,37.4
16:33:56.246,2122664,3.012,9.414,-4.080,0.794,-0.145,0.227,-40.050,24.900,34.650,37.3
16:33:56.351,2122718,3.318,9.637,-5.030,1.007,-0.070,0.226,-40.050,24.900,34.650,37.2
16:33:56.352,2122772,3.898,9.512,-5.057,1.310,-0.021,0.217,-40.050,24.900,34.650,37.6
16:33:56.404,2122826,3.565,9.641,-5.341,1.520,-0.031,0.238,-40.050,24.900,34.650,37.6
16:33:56.509,2122880,3.759,9.455,-5.782,1.608,-0.208,0.296,-40.050,24.900,34.650,37.6
16:33:56.511,2122934,4.503,9.072,-6.342,1.753,-0.212,0.359,-40.050,24.900,34.650,37.6
16:33:56.561,2122988,4.099,8.377,-7.061,1.867,-0.315,0.372,-40.050,24.900,34.650,37.6
16:33:56.614,2123042,4.295,7.788,-6.826,1.911,-0.114,0.417,-40.050,24.900,34.650,37.3
16:33:56.771,2123096,4.022,6.658,-6.926,1.891,-0.213,0.420,-40.050,24.900,34.650,37.4
16:33:56.773,2123150,4.202,6.060,-7.879,1.800,-0.260,0.407,-38.250,24.000,-7.350,37.4
16:33:56.774,2123204,3.218,4.808,-7.444,1.622,-0.426,0.425,-38.250,24.000,-7.350,37.7
16:33:56.876,2123258,3.807,3.785,-7.147,1.516,-0.425,0.424,-32.400,14.250,-14.700,37.4
16:33:56.877,2123312,3.100,2.792,-6.958,1.353,-0.341,0.350,-32.400,14.250,-14.700,37.8
16:33:56.929,2123366,3.220,1.695,-7.482,1.122,-0.399,0.298,-28.650,4.950,-17.100,37.5
16:33:57.034,2123420,3.029,0.606,-7.690,0.783,-0.656,0.270,-28.650,4.950,-17.100,37.4
16:33:57.086,2123474,2.586,0.974,-7.841,0.812,-0.225,0.311,-23.400,-1.200,-19.500,37.6
16:33:57.139,2123528,2.713,-0.055,-8.396,0.632,-0.495,0.378,-20.700,-6.600,-19.500,37.4
16:33:57.191,2123582,1.848,-0.457,-7.987,0.513,-0.205,0.374,-20.700,-6.600,-19.500,37.4
16:33:57.244,2123636,2.488,-1.180,-8.384,0.360,-0.313,0.292,-19.050,-8.250,-19.650,37.2
16:33:57.297,2123690,2.047,-0.639,-6.670,0.212,-0.020,0.242,-19.050,-8.250,-19.650,37.6
16:33:57.349,2123744,1.942,-1.267,-8.224,-0.056,-0.038,0.183,-17.100,-11.100,-19.350,37.6
16:33:57.403,2123798,1.791,-1.487,-8.296,-0.042,0.136,0.175,-17.100,-11.100,-19.350,37.4
16:33:57.454,2123852,2.155,-1.532,-9.364,-0.175,-0.025,0.094,-16.500,-10.500,-19.500,37.6
16:33:57.507,2123906,1.772,-1.161,-9.467,-0.153,0.001,0.083,-16.500,-10.500,-19.500,37.6
16:33:57.559,2123960,2.107,-1.147,-9.440,-0.140,0.212,0.060,-16.500,-9.450,-20.550,37.6
16:33:57.611,2124014,1.875,-1.267,-9.907,-0.150,0.106,0.058,-16.500,-9.450,-20.550,37.6
16:33:57.664,2124068,1.702,-0.917,-9.378,-0.205,0.029,-0.079,-17.100,-9.600,-18.900,37.6
16:33:57.717,2124122,2.217,-0.778,-8.799,-0.166,0.180,-0.162,-17.100,-9.600,-18.900,37.5
16:33:57.821,2124176,2.483,-1.049,-8.097,-0.239,0.087,-0.169,-19.050,-9.000,-19.350,37.6
16:33:57.824,2124230,1.923,0.294,-7.446,-0.410,0.347,-0.230,-21.750,-7.500,-20.100,37.5
16:33:57.874,2124284,2.605,0.136,-6.100,-0.694,0.471,-0.115,-21.750,-7.500,-20.100,37.4
16:33:57.926,2124338,3.010,0.713,-7.257,-0.883,0.599,-0.217,-22.050,-3.600,-20.100,37.4
16:33:57.979,2124392,3.280,0.931,-7.283,-1.146,0.652,-0.347,-22.050,-3.600,-20.100,37.6
16:33:58.031,2124446,3.381,1.097,-8.389,-1.301,0.355,-0.351,-28.200,2.250,-16.500,37.6
16:33:58.084,2124500,3.859,2.306,-7.405,-1.266,0.644,-0.406,-28.200,2.250,-16.500,37.4
16:33:58.136,2124554,4.369,3.043,-9.438,-1.371,0.298,-0.433,-32.850,8.400,-13.200,37.4
16:33:58.189,2124608,4.568,4.982,-8.799,-1.351,0.468,-0.565,-32.850,8.400,-13.200,37.7
16:33:58.242,2124662,4.896,4.547,-6.402,-1.329,0.629,-0.513,-38.250,16.350,-10.050,37.4
16:33:58.294,2124716,5.011,4.547,-8.612,-1.363,0.211,-0.511,-38.250,16.350,-10.050,37.4
16:33:58.347,2124770,4.628,6.132,-7.815,-1.358,-0.280,-0.563,-41.700,22.500,-4.800,37.6
16:33:58.451,2124824,4.324,6.512,-7.432,-1.200,0.512,-0.579,-42.150,29.400,2.250,37.4
16:33:58.453,2124878,4.202,7.422,-7.594,-1.252,0.164,-0.568,-42.150,29.400,2.250,37.5
16:33:58.504,2124932,4.626,8.234,-6.390,-1.218,0.252,-0.492,-43.650,35.100,9.300,37.4
16:33:58.556,2124986,4.867,7.262,-5.655,-1.205,0.013,-0.366,-43.650,35.100,9.300,37.3
16:33:58.661,2125040,4.092,8.282,-5.988,-1.152,-0.066,-0.256,-43.050,35.700,18.600,37.6
16:33:58.663,2125094,3.548,9.172,-5.473,-1.027,0.099,-0.260,-43.050,35.700,18.600,37.6
16:33:58.714,2125148,4.580,8.698,-4.841,-1.107,-0.143,-0.274,-42.900,34.350,25.650,37.8
16:33:58.767,2125202,3.172,7.896,-4.645,-0.959,-0.138,-0.233,-42.900,34.350,25.650,37.3
16:33:58.874,2125256,3.254,8.835,-3.232,-0.830,0.048,-0.164,-41.550,33.150,29.550,37.6
16:33:58.875,2125310,2.995,8.509,-3.615,-0.726,-0.066,-0.223,-41.550,33.150,29.550,37.6
16:33:58.979,2125364,3.280,8.928,-2.818,-0.664,-0.140,-0.283,-41.550,33.150,29.550,37.4
16:33:59.031,2125418,2.969,9.493,-2.866,-0.579,-0.145,-0.213,-41.550,33.150,29.550,37.2
16:33:59.081,2125472,2.784,8.959,-2.454,-0.455,0.067,-0.104,-41.550,33.150,29.550,37.4
16:33:59.134,2125526,3.041,9.239,-2.835,-0.342,-0.071,-0.025,-41.550,33.150,29.550,37.4
16:33:59.187,2125580,2.940,9.469,-3.232,-0.160,0.038,0.084,-41.550,33.150,29.550,37.3
16:33:59.239,2125634,2.533,9.347,-2.976,-0.015,-0.148,0.220,-41.550,33.150,29.550,37.6
16:33:59.344,2125688,3.158,9.024,-3.881,0.302,-0.149,0.169,-41.550,33.150,29.550,37.5
16:33:59.346,2125742,3.036,8.811,-3.733,0.604,-0.090,0.060,-41.550,33.150,29.550,37.6
16:33:59.396,2125796,2.825,9.340,-3.915,0.789,-0.165,0.058,-41.550,33.150,29.550,37.4
16:33:59.451,2125850,3.469,9.459,-3.991,0.982,-0.151,0.123,-41.550,33.150,29.550,37.1
16:33:59.501,2125904,3.421,9.392,-4.436,1.115,-0.039,0.225,-41.550,33.150,29.550,37.6
16:33:59.554,2125958,3.637,9.421,-4.798,1.316,0.044,0.287,-41.100,34.950,27.300,37.6
16:33:59.606,2126012,3.122,8.983,-5.993,1.341,-0.195,0.403,-41.100,34.950,27.300,37.3
16:33:59.659,2126066,4.166,8.452,-5.995,1.525,-0.030,0.443,-41.100,36.450,20.400,37.6
16:33:59.712,2126120,3.962,7.681,-6.785,1.627,-0.067,0.469,-41.100,36.450,20.400,37.3
16:33:59.764,2126174,4.089,7.506,-6.510,1.765,0.147,0.417,-43.050,34.650,8.400,37.4
16:33:59.869,2126228,4.678,7.094,-7.949,1.725,-0.341,0.374,-40.200,29.400,-0.450,37.6
16:33:59.871,2126282,4.120,5.825,-7.108,1.726,-0.202,0.394,-40.200,29.400,-0.450,37.3
16:33:59.921,2126336,4.329,5.114,-7.547,1.720,-0.106,0.413,-38.850,19.800,-9.750,37.3
16:34:00.027,2126390,3.998,4.300,-7.539,1.550,-0.281,0.428,-38.850,19.800,-9.750,37.3
16:34:00.028,2126444,4.427,2.315,-7.293,1.541,-0.259,0.472,-33.150,12.000,-13.950,37.6
16:34:00.079,2126498,3.804,2.461,-7.949,1.346,-0.332,0.446,-33.150,12.000,-13.950,37.5
16:34:00.132,2126552,3.282,1.879,-8.466,1.047,-0.342,0.415,-31.200,0.150,-17.250,37.4
16:34:00.184,2126606,3.575,1.144,-7.762,0.977,-0.215,0.513,-31.200,0.150,-17.250,37.5
16:34:00.236,2126660,3.792,0.091,-8.310,0.864,-0.173,0.489,-28.650,-3.900,-18.600,37.6
16:34:00.289,2126714,3.206,-1.001,-7.848,0.844,0.044,0.429,-28.650,-3.900,-18.600,37.6
16:34:00.341,2126768,2.710,-1.015,-8.703,0.485,-0.404,0.296,-25.350,-11.250,-16.500,37.5
16:34:00.446,2126822,2.873,-1.946,-8.231,0.523,-0.029,0.289,-25.350,-11.250,-16.500,37.2
16:34:00.448,2126876,2.686,-1.975,-8.430,0.355,-0.453,0.193,-23.100,-15.300,-19.500,37.6
16:34:00.501,2126930,2.274,-1.970,-7.207,0.376,0.106,0.091,-20.550,-17.250,-15.600,37.4
16:34:00.603,2126984,3.326,-2.454,-8.926,0.034,-0.470,0.033,-20.550,-17.250,-15.600,37.4
16:34:00.605,2127038,2.078,-1.808,-7.580,0.121,0.173,0.027,-19.050,-18.000,-18.600,37.4
16:34:00.656,2127092,3.036,-3.179,-8.624,0.054,-0.030,0.069,-19.050,-18.000,-18.600,37.6
16:34:00.710,2127146,2.974,-2.555,-8.440,-0.031,-0.053,0.025,-19.350,-18.300,-18.150,37.6
16:34:00.814,2127200,2.823,-2.763,-8.576,-0.039,-0.063,0.053,-19.350,-18.300,-18.150,37.2
16:34:00.867,2127254,2.751,-2.763,-8.325,-0.061,0.121,0.050,-20.550,-18.300,-17.550,37.3
16:34:00.919,2127308,2.816,-2.150,-7.578,-0.249,0.123,-0.005,-20.550,-18.300,-17.550,37.6
16:34:00.972,2127362,2.636,-2.468,-8.361,-0.268,0.298,-0.046,-20.400,-17.850,-16.500,37.5
16:34:01.024,2127416,2.840,-1.628,-6.610,-0.407,0.461,-0.152,-20.400,-17.850,-16.500,37.3
16:34:01.077,2127470,3.570,-1.896,-8.416,-0.523,0.315,-0.286,-21.900,-16.650,-16.200,37.6
16:34:01.129,2127524,2.916,-1.508,-6.560,-0.522,0.831,-0.352,-26.550,-13.800,-16.950,37.6
16:34:01.181,2127578,4.111,-1.877,-9.471,-0.726,0.217,-0.530,-26.550,-13.800,-16.950,37.6
16:34:01.235,2127632,4.149,-1.018,-9.335,-0.798,0.066,-0.626,-31.200,-8.100,-17.700,37.6
16:34:01.287,2127686,4.456,0.184,-7.673,-0.802,0.157,-0.562,-31.200,-8.100,-17.700,37.4
16:34:01.339,2127740,4.829,0.919,-8.059,-0.755,0.351,-0.488,-33.150,-4.800,-16.200,37.6
16:34:01.392,2127794,4.511,1.247,-7.717,-1.047,0.128,-0.488,-33.150,-4.800,-16.200,37.4
16:34:01.444,2127848,4.688,1.523,-7.635,-1.169,0.111,-0.555,-36.150,3.150,-15.300,37.6
16:34:01.497,2127902,5.995,2.478,-8.150,-1.293,0.016,-0.618,-36.150,3.150,-15.300,37.8
16:34:01.549,2127956,4.729,3.682,-6.970,-1.092,0.873,-0.683,-38.700,8.400,-12.150,37.4
16:34:01.601,2128010,5.399,3.819,-8.911,-1.438,-0.118,-0.675,-38.700,8.400,-12.150,37.6
16:34:01.654,2128064,5.047,4.606,-6.273,-1.390,0.465,-0.670,-42.300,17.250,-6.900,37.6
16:34:01.707,2128118,5.169,4.657,-6.165,-1.325,0.222,-0.682,-42.300,17.250,-6.900,37.6
16:34:01.760,2128172,5.650,5.473,-8.073,-1.442,0.099,-0.705,-43.050,26.700,-1.050,37.2
16:34:01.812,2128226,4.290,7.518,-6.167,-1.523,0.061,-0.675,-45.000,33.450,7.650,37.6
16:34:01.864,2128280,6.764,6.831,-7.654,-1.352,-0.134,-0.483,-45.000,33.450,7.650,37.5
16:34:01.917,2128334,3.900,8.150,-5.873,-1.252,0.100,-0.403,-45.000,33.450,7.650,37.6
16:34:01.970,2128388,4.633,7.333,-5.260,-1.147,-0.126,-0.154,-45.000,33.450,7.650,37.4
16:34:02.022,2128442,4.621,7.326,-5.607,-0.995,-0.204,-0.134,-45.000,33.450,7.650,37.6
16:34:02.126,2128496,3.869,8.097,-4.618,-0.980,-0.138,-0.174,-45.000,33.450,7.650,37.9
16:34:02.128,2128550,3.771,8.116,-3.807,-1.018,-0.310,-0.275,-45.000,33.450,7.650,37.6
16:34:02.179,2128604,4.228,9.474,-3.479,-0.991,-0.525,-0.257,-45.000,33.450,7.650,37.2
16:34:02.232,2128658,3.235,8.361,-3.256,-0.868,-0.231,-0.270,-45.000,33.450,7.650,37.4
16:34:02.285,2128712,3.634,9.084,-3.053,-0.804,-0.253,-0.236,-45.000,33.450,7.650,37.6
16:34:02.337,2128766,3.467,9.024,-2.866,-0.826,-0.325,-0.104,-45.000,33.450,7.650,37.6
16:34:02.390,2128820,2.921,9.615,-2.744,-0.715,-0.251,-0.068,-45.000,33.450,7.650,37.4
16:34:02.444,2128874,3.132,8.921,-2.205,-0.624,-0.282,0.007,-45.000,33.450,7.650,37.6
16:34:02.494,2128928,3.261,9.201,-1.918,-0.526,-0.266,0.046,-39.450,25.800,34.500,37.4
16:34:02.547,2128982,2.959,9.488,-2.239,-0.355,-0.362,-0.031,-39.450,25.800,34.500,37.4
16:34:02.599,2129036,2.727,9.074,-3.053,-0.285,-0.530,-0.018,-39.750,25.800,34.500,37.2
16:34:02.704,2129090,3.177,9.270,-0.457,-0.083,-0.356,0.038,-39.750,25.800,34.500,37.2
16:34:02.757,2129144,3.338,9.199,-2.413,0.080,-0.432,0.098,-39.150,26.700,33.600,37.7
16:34:02.861,2129198,3.175,9.232,-2.631,0.365,-0.249,0.134,-39.150,26.700,33.600,37.6
16:34:02.863,2129252,2.998,9.639,-3.527,0.488,-0.346,0.106,-39.750,26.850,32.250,37.7
16:34:02.915,2129306,3.199,9.354,-4.264,0.759,-0.168,0.062,-39.750,26.850,32.250,37.6
16:34:02.967,2129360,3.402,9.515,-4.769,0.952,-0.057,0.092,-39.150,28.500,31.350,37.6
16:34:03.019,2129414,3.407,9.328,-5.212,1.258,0.075,0.088,-39.150,28.500,31.350,37.4
16:34:03.073,2129468,3.515,9.385,-5.681,1.512,0.058,0.107,-41.700,31.800,29.400,37.4
16:34:03.175,2129522,3.824,9.244,-6.031,1.713,0.095,0.133,-42.900,36.150,22.350,37.3
16:34:03.177,2129576,3.941,9.052,-6.153,1.803,0.123,0.261,-42.900,36.150,22.350,37.4
16:34:03.229,2129630,3.728,8.296,-5.799,1.828,-0.028,0.491,-41.550,35.700,10.500,37.4
16:34:03.282,2129684,5.042,7.570,-6.491,1.910,-0.006,0.578,-41.550,35.700,10.500,37.5
16:34:03.334,2129738,4.594,6.579,-7.211,1.846,0.073,0.584,-41.100,30.300,-0.300,37.6
16:34:03.386,2129792,4.846,5.203,-7.037,1.711,-0.181,0.563,-41.100,30.300,-0.300,37.6
16:34:03.439,2129846,4.810,5.193,-7.685,1.733,-0.147,0.575,-36.450,20.550,-9.450,37.4
16:34:03.492,2129900,4.506,3.498,-7.743,1.583,-0.330,0.583,-36.450,20.550,-9.450,37.4
16:34:03.544,2129954,4.175,3.290,-7.920,1.349,-0.345,0.564,-35.550,10.200,-14.700,37.5
16:34:03.597,2130008,3.862,1.781,-7.307,1.233,-0.236,0.633,-35.550,10.200,-14.700,37.6
16:34:03.649,2130062,3.519,1.386,-7.870,1.105,-0.382,0.609,-30.150,1.200,-16.950,37.5
16:34:03.701,2130116,3.560,0.364,-7.479,0.921,-0.231,0.571,-30.150,1.200,-16.950,37.5
16:34:03.754,2130170,3.421,-0.405,-8.471,0.791,-0.237,0.456,-26.550,-3.750,-18.000,37.6
16:34:03.806,2130224,3.469,-2.164,-7.111,0.721,0.045,0.267,-24.600,-11.700,-16.950,37.4
16:34:03.859,2130278,3.177,-1.537,-9.890,0.496,-0.513,0.197,-24.600,-11.700,-16.950,37.5
16:34:03.912,2130332,2.191,-0.895,-8.260,0.506,-0.038,0.139,-23.100,-13.800,-17.700,37.6
16:34:03.964,2130386,2.813,-1.932,-8.013,0.468,0.156,0.146,-23.100,-13.800,-17.700,37.2
16:34:04.017,2130440,3.792,-2.246,-8.363,0.200,-0.288,0.103,-21.000,-16.500,-16.350,37.3
16:34:04.069,2130494,2.334,-2.935,-8.882,0.131,-0.084,0.011,-21.000,-16.500,-16.350,37.4
16:34:04.122,2130548,2.090,-2.571,-7.456,0.013,-0.168,0.022,-19.350,-17.550,-17.550,37.4
16:34:04.174,2130602,3.407,-3.184,-8.775,0.137,-0.217,0.027,-19.350,-17.550,-17.550,37.5
16:34:04.226,2130656,2.835,-2.332,-8.835,-0.015,-0.035,-0.067,-20.700,-17.400,-18.450,37.4
16:34:04.279,2130710,2.387,-2.320,-8.655,-0.120,-0.095,-0.006,-20.700,-17.400,-18.450,37.6
16:34:04.334,2130764,3.151,-2.868,-7.819,-0.114,0.119,0.060,-20.550,-18.750,-17.100,37.6
16:34:04.385,2130818,2.938,-2.863,-8.538,-0.374,-0.225,-0.054,-20.550,-18.750,-17.100,37.6
16:34:04.438,2130872,2.717,-2.219,-8.195,-0.327,0.058,-0.047,-19.950,-18.150,-17.700,37.6
16:34:04.491,2130926,3.156,-2.313,-8.636,-0.334,0.007,-0.038,-21.000,-15.750,-17.850,37.5
16:34:04.594,2130980,3.060,-1.846,-8.552,-0.394,0.037,-0.033,-21.000,-15.750,-17.850,37.6
16:34:04.647,2131034,2.588,-1.757,-7.697,-0.555,0.198,-0.029,-21.000,-13.650,-18.150,37.6
16:34:04.699,2131088,3.089,-0.785,-6.977,-0.742,0.150,-0.040,-21.000,-13.650,-18.150,37.6
16:34:04.751,2131142,3.326,-0.481,-6.601,-0.966,0.290,0.040,-22.500,-11.100,-16.050,37.6
16:34:04.804,2131196,3.847,-0.160,-7.130,-1.103,0.628,-0.030,-22.500,-11.100,-16.050,37.6
16:34:04.857,2131250,3.529,0.213,-8.028,-1.290,0.506,-0.132,-27.750,-5.550,-17.700,37.7
16:34:04.909,2131304,3.824,0.927,-8.543,-1.357,0.565,-0.233,-27.750,-5.550,-17.700,37.3
16:34:04.961,2131358,4.152,1.844,-8.796,-1.444,0.383,-0.328,-27.750,-5.550,-17.700,37.3
16:34:05.014,2131412,4.781,2.320,-8.375,-1.437,0.468,-0.562,-27.750,-5.550,-17.700,37.7
16:34:05.067,2131466,5.076,2.933,-8.971,-1.333,0.318,-0.701,-27.750,-5.550,-17.700,37.6
16:34:05.119,2131520,4.604,4.647,-8.250,-1.277,0.474,-0.805,-27.750,-5.550,-17.700,37.4
16:34:05.172,2131574,5.394,4.662,-6.632,-1.209,0.785,-0.797,-27.750,-5.550,-17.700,37.6
16:34:05.224,2131628,5.045,5.325,-7.676,-1.458,0.056,-0.768,-27.750,-5.550,-17.700,37.6
16:34:05.279,2131682,4.266,5.933,-5.042,-1.253,0.609,-0.842,-27.750,-5.550,-17.700,37.7
16:34:05.329,2131736,5.497,5.952,-7.582,-1.313,0.136,-0.888,-27.750,-5.550,-17.700,37.2
16:34:05.382,2131790,5.322,7.968,-4.563,-1.308,0.446,-0.893,-27.750,-5.550,-17.700,37.2
16:34:05.434,2131844,4.961,7.515,-4.456,-1.207,0.331,-0.829,-27.750,-5.550,-17.700,37.4
16:34:05.487,2131898,5.167,9.493,-6.251,-1.276,0.164,-0.721,-27.750,-5.550,-17.700,37.5
16:34:05.539,2131952,4.616,9.084,-4.760,-1.106,0.372,-0.522,-46.050,39.150,24.300,37.5
16:34:05.592,2132006,4.120,9.041,-4.752,-1.076,0.058,-0.403,-46.050,39.150,24.300,37.6
16:34:05.644,2132060,4.286,9.246,-3.666,-0.871,0.130,-0.329,-45.300,34.800,32.700,37.6
16:34:05.698,2132114,4.120,8.655,-3.929,-0.852,-0.377,-0.318,-45.300,34.800,32.700,37.4
16:34:05.749,2132168,3.651,9.282,-2.971,-0.691,-0.127,-0.141,-42.150,33.300,34.500,37.6
16:34:05.802,2132222,3.314,9.062,-3.330,-0.512,-0.358,-0.113,-42.900,29.700,37.050,37.3
16:34:05.854,2132276,3.318,9.342,-3.182,-0.414,-0.326,-0.027,-42.900,29.700,37.050,37.4
16:34:05.907,2132330,2.818,9.287,-3.115,-0.257,-0.339,0.043,-42.600,28.950,36.000,37.4
16:34:05.959,2132384,2.725,9.491,-3.237,-0.091,-0.289,0.207,-42.600,28.950,36.000,37.6
16:34:06.012,2132438,3.053,9.548,-4.044,0.055,-0.499,0.257,-42.600,28.200,35.550,37.6
16:34:06.065,2132492,3.388,9.483,-4.226,0.411,-0.290,0.162,-42.600,28.200,35.550,37.6
16:34:06.117,2132546,2.921,9.222,-4.724,0.709,-0.293,0.213,-43.950,28.050,32.850,37.6
16:34:06.169,2132600,3.433,9.282,-4.544,0.933,-0.171,0.265,-43.950,28.050,32.850,37.4
16:34:06.222,2132654,3.484,8.837,-5.823,1.124,-0.483,0.321,-42.300,31.350,29.550,37.3
16:34:06.274,2132708,3.740,9.060,-5.112,1.339,-0.214,0.341,-42.300,31.350,29.550,37.3
16:34:06.326,2132762,3.991,8.966,-6.019,1.566,-0.050,0.166,-42.750,35.700,23.400,37.4
16:34:06.379,2132816,3.713,8.238,-5.224,1.607,0.156,0.184,-42.750,35.700,23.400,37.5
16:34:06.484,2132870,3.776,7.966,-7.015,1.654,0.076,0.237,-43.950,37.050,13.500,37.4
16:34:06.537,2132924,5.114,7.353,-6.900,1.587,-0.129,0.311,-42.600,34.050,1.950,37.4
16:34:06.589,2132978,4.264,7.005,-7.831,1.678,-0.156,0.266,-42.600,34.050,1.950,37.4
16:34:06.642,2133032,4.252,5.777,-7.640,1.648,-0.280,0.316,-40.800,28.050,-6.900,37.3
16:34:06.694,2133086,4.357,5.497,-7.951,1.688,-0.457,0.322,-40.800,28.050,-6.900,37.5
16:34:06.746,2133140,4.166,4.077,-8.437,1.707,-0.429,0.381,-35.550,18.150,-14.400,37.2
16:34:06.799,2133194,4.219,4.130,-7.075,1.614,-0.264,0.361,-35.550,18.150,-14.400,37.6
16:34:06.851,2133248,3.953,2.088,-8.444,1.455,-0.346,0.367,-31.050,7.500,-17.850,37.6
16:34:06.904,2133302,3.555,2.059,-7.360,1.277,0.025,0.379,-31.050,7.500,-17.850,37.5
16:34:06.956,2133356,3.754,-0.204,-8.499,1.094,-0.318,0.404,-28.650,-0.600,-17.100,37.6
16:34:07.009,2133410,2.976,0.287,-8.571,1.044,-0.387,0.457,-28.650,-0.600,-17.100,37.6
16:34:07.061,2133464,3.881,-0.982,-7.824,1.065,-0.242,0.579,-25.350,-8.700,-18.750,37.6
16:34:07.114,2133518,2.892,-1.741,-8.028,0.943,-0.510,0.533,-25.350,-8.700,-18.750,37.4
16:34:07.166,2133572,2.298,-1.700,-7.257,0.697,-0.420,0.375,-21.000,-15.150,-20.400,37.2
16:34:07.219,2133626,1.970,-2.732,-7.645,0.618,-0.424,0.302,-16.500,-19.950,-16.200,37.6
16:34:07.323,2133680,1.738,-2.734,-7.017,0.432,-0.361,0.233,-16.500,-19.950,-16.200,37.4
16:34:07.325,2133734,1.401,-2.600,-7.479,0.263,-0.386,0.167,-14.550,-22.050,-17.700,37.3
16:34:07.376,2133788,1.448,-3.412,-8.389,0.273,-0.162,0.174,-14.550,-22.050,-17.700,37.6
16:34:07.429,2133842,1.721,-3.812,-8.054,0.225,-0.098,0.112,-12.150,-24.600,-17.250,37.4
16:34:07.481,2133896,1.199,-3.958,-8.521,0.079,-0.075,-0.018,-12.150,-24.600,-17.250,37.4
16:34:07.534,2133950,1.726,-3.601,-7.365,-0.002,-0.003,0.004,-11.400,-24.600,-16.200,37.6
16:34:07.586,2134004,1.106,-3.400,-7.539,-0.184,-0.054,-0.070,-11.400,-24.600,-16.200,37.3
16:34:07.692,2134058,1.468,-3.347,-7.173,-0.241,0.276,-0.037,-14.250,-25.950,-16.800,37.3
16:34:07.693,2134112,1.630,-3.110,-7.381,-0.465,0.223,-0.101,-14.250,-25.950,-16.800,37.6
16:34:07.744,2134166,1.671,-2.512,-7.276,-0.613,0.470,-0.168,-12.600,-23.250,-17.250,37.3
16:34:07.796,2134220,2.488,-2.251,-6.879,-0.735,0.534,-0.201,-12.600,-23.250,-17.250,37.4
16:34:07.849,2134274,2.859,-1.774,-7.482,-1.043,0.385,-0.326,-12.600,-23.250,-17.250,37.7
16:34:07.901,2134328,2.674,-1.077,-7.515,-1.137,0.564,-0.295,-12.600,-23.250,-17.250,37.6
16:34:07.954,2134382,3.953,-0.723,-8.890,-1.301,0.301,-0.300,-12.600,-23.250,-17.250,37.6
16:34:08.006,2134436,3.134,0.924,-6.938,-1.349,0.685,-0.368,-12.600,-23.250,-17.250,37.6
16:34:08.059,2134490,4.436,0.275,-9.644,-1.535,0.380,-0.469,-12.600,-23.250,-17.250,37.3
16:34:08.111,2134544,4.312,1.846,-8.195,-1.615,0.542,-0.508,-12.600,-23.250,-17.250,37.6
16:34:08.164,2134598,5.267,1.968,-9.833,-1.552,0.236,-0.561,-12.600,-23.250,-17.250,37.3
16:34:08.216,2134652,4.671,3.723,-6.912,-1.430,0.965,-0.594,-12.600,-23.250,-17.250,37.5
16:34:08.322,2134706,5.160,4.269,-10.072,-1.639,0.139,-0.596,-12.600,-23.250,-17.250,37.7
16:34:08.323,2134760,4.633,6.005,-4.911,-1.480,0.811,-0.782,-12.600,-23.250,-17.250,37.3
16:34:08.426,2134814,5.389,5.291,-8.519,-1.489,0.222,-0.680,-12.600,-23.250,-17.250,37.6
16:34:08.479,2134868,5.236,7.132,-7.156,-1.583,0.261,-0.701,-45.300,28.200,-1.500,37.6
16:34:08.531,2134922,4.503,6.893,-6.740,-1.459,-0.081,-0.499,-44.700,33.150,9.000,37.6
16:34:08.583,2134976,5.696,8.404,-6.081,-1.112,0.735,-0.524,-44.700,33.150,9.000,37.2
16:34:08.636,2135030,5.042,8.473,-6.266,-1.162,0.275,-0.570,-47.400,36.000,20.400,37.6
16:34:08.689,2135084,5.358,7.688,-4.709,-1.236,-0.049,-0.470,-47.400,36.000,20.400,37.3
16:34:08.741,2135138,3.766,8.554,-5.047,-1.205,-0.202,-0.422,-43.950,35.700,27.300,37.6
16:34:08.845,2135192,4.537,9.658,-4.429,-1.118,-0.052,-0.344,-43.950,35.700,27.300,37.6
16:34:08.847,2135246,4.460,9.045,-3.613,-1.027,-0.321,-0.335,-43.650,33.300,33.000,37.4
16:34:08.951,2135300,3.546,9.582,-4.106,-1.060,-0.320,-0.167,-43.650,33.300,33.000,37.4
16:34:08.953,2135354,4.034,8.624,-2.746,-0.899,-0.254,-0.116,-41.400,30.450,33.450,37.6
16:34:09.003,2135408,4.137,9.225,-3.263,-0.753,-0.283,-0.002,-41.400,30.450,33.450,37.2
16:34:09.109,2135462,2.981,8.756,-2.382,-0.535,-0.047,0.000,-42.150,25.800,36.000,37.4
16:34:09.111,2135516,3.546,9.074,-2.406,-0.416,-0.211,-0.018,-42.150,25.800,36.000,37.4
16:34:09.161,2135570,3.333,9.045,-2.006,-0.228,-0.066,-0.013,-42.900,25.800,35.550,37.6
16:34:09.214,2135624,3.524,9.076,-2.562,-0.017,-0.038,0.002,-41.100,24.450,35.400,37.4
16:34:09.266,2135678,3.017,9.115,-2.672,0.122,-0.016,0.071,-41.100,24.450,35.400,37.4
16:34:09.319,2135732,3.601,9.412,-3.361,0.439,0.084,0.106,-41.100,24.450,36.450,37.4
16:34:09.371,2135786,3.579,9.515,-4.116,0.589,-0.107,0.202,-41.100,24.450,36.450,37.6
16:34:09.424,2135840,3.893,9.230,-4.384,0.914,0.073,0.250,-42.150,27.150,34.800,37.3
16:34:09.476,2135894,3.967,9.373,-4.963,1.148,-0.146,0.218,-42.150,27.150,34.800,37.3
16:34:09.528,2135948,4.214,9.304,-4.867,1.390,-0.051,0.195,-44.250,30.900,32.400,37.4
16:34:09.581,2136002,4.556,9.457,-5.499,1.633,-0.056,0.227,-44.250,30.900,32.400,37.3
16:34:09.634,2136056,4.913,9.345,-5.660,1.724,-0.140,0.337,-44.850,37.950,23.550,37.6
16:34:09.686,2136110,4.793,9.009,-6.079,1.878,-0.104,0.431,-44.850,37.950,23.550,37.8
16:34:09.739,2136164,4.549,8.384,-6.661,1.906,-0.116,0.494,-44.400,38.700,11.850,37.8
16:34:09.791,2136218,4.664,7.324,-6.943,1.915,-0.158,0.504,-44.400,38.700,11.850,37.6
16:34:09.844,2136272,4.934,6.393,-6.895,1.867,-0.240,0.449,-42.900,30.000,-0.450,37.2
16:34:09.896,2136326,4.836,5.868,-7.870,1.835,-0.212,0.491,-39.600,21.900,-11.250,37.4
16:34:09.949,2136380,4.118,3.991,-6.917,1.531,-0.693,0.550,-39.600,21.900,-11.250,37.4
16:34:10.001,2136434,4.556,3.278,-6.680,1.545,-0.172,0.598,-37.350,10.050,-17.100,37.6
16:34:10.054,2136488,4.441,2.023,-7.295,1.353,-0.303,0.571,-37.350,10.050,-17.100,37.6
16:34:10.106,2136542,3.661,1.061,-6.584,1.106,-0.178,0.426,-31.650,0.150,-19.800,37.6
16:34:10.159,2136596,4.472,0.292,-7.010,0.834,-0.408,0.376,-31.650,0.150,-19.800,37.6
16:34:10.263,2136650,3.093,-0.024,-7.580,0.782,-0.270,0.273,-29.850,-6.750,-21.450,37.7
16:34:10.266,2136704,3.713,-1.044,-7.657,0.664,-0.397,0.331,-29.850,-6.750,-21.450,37.6
16:34:10.369,2136758,2.708,-1.113,-7.429,0.552,-0.051,0.280,-25.200,-10.350,-21.450,37.4
16:34:10.421,2136812,3.335,-1.195,-7.676,0.412,-0.196,0.184,-25.200,-10.350,-21.450,37.4
16:34:10.474,2136866,2.430,-2.073,-7.578,0.271,-0.046,0.203,-25.200,-10.350,-21.450,37.6
16:34:10.526,2136920,3.838,-2.840,-9.230,0.279,-0.116,0.121,-25.200,-10.350,-21.450,37.6
16:34:10.631,2136974,2.437,-1.561,-7.879,0.261,0.058,0.045,-25.200,-10.350,-21.450,37.4
16:34:10.633,2137028,3.745,-1.884,-9.131,0.126,-0.153,0.037,-25.200,-10.350,-21.450,37.5
16:34:10.684,2137082,3.275,-2.902,-8.947,0.032,-0.055,0.132,-25.200,-10.350,-21.450,37.6
16:34:10.736,2137136,2.952,-1.915,-8.528,0.002,-0.104,0.144,-25.200,-10.350,-21.450,37.5
16:34:10.789,2137190,3.328,-2.488,-8.037,-0.048,0.031,0.127,-25.200,-10.350,-21.450,37.4
16:34:10.841,2137244,2.794,-2.330,-8.607,-0.188,-0.097,0.109,-25.200,-10.350,-21.450,37.4
16:34:10.894,2137298,2.368,-1.798,-7.721,-0.322,0.132,0.061,-25.200,-10.350,-21.450,37.6
16:34:10.946,2137352,3.110,-2.179,-7.580,-0.420,0.228,0.013,-21.450,-16.350,-18.450,37.5
16:34:10.999,2137406,2.672,-1.827,-7.451,-0.551,0.286,-0.042,-21.450,-16.350,-18.450,37.4
16:34:11.053,2137460,2.813,-1.458,-8.092,-0.727,0.248,-0.216,-22.350,-14.850,-20.250,37.4
16:34:11.105,2137514,2.954,-0.098,-6.642,-0.896,0.298,-0.302,-22.350,-14.850,-20.250,37.5
16:34:11.156,2137568,3.448,-0.086,-7.707,-0.978,0.426,-0.342,-27.150,-10.800,-20.700,37.6
16:34:11.209,2137622,3.850,-0.170,-7.503,-1.089,0.363,-0.315,-31.200,-3.750,-19.500,37.4
16:34:11.262,2137676,4.286,1.214,-8.301,-1.162,0.245,-0.600,-31.200,-3.750,-19.500,37.6
16:34:11.313,2137730,4.573,1.760,-7.479,-1.054,0.550,-0.724,-33.750,3.600,-16.350,37.6
16:34:11.366,2137784,4.729,1.851,-9.608,-1.198,-0.005,-0.634,-33.750,3.600,-16.350,37.6
16:34:11.471,2137838,3.936,3.184,-7.982,-1.136,0.271,-0.514,-36.750,8.400,-14.700,37.6
16:34:11.473,2137892,4.721,3.931,-7.657,-1.076,0.391,-0.450,-36.750,8.400,-14.700,37.4
16:34:11.524,2137946,5.329,4.413,-8.025,-1.113,0.338,-0.593,-40.350,16.950,-11.250,37.4
16:34:11.577,2138000,4.836,4.688,-7.412,-1.241,0.275,-0.701,-40.350,16.950,-11.250,37.7
16:34:11.629,2138054,5.816,5.272,-7.535,-1.094,0.292,-0.640,-43.050,25.200,-6.150,37.6
16:34:11.681,2138108,4.573,6.680,-6.373,-1.072,0.478,-0.634,-43.050,25.200,-6.150,37.4
16:34:11.734,2138162,5.255,6.072,-6.843,-1.191,0.131,-0.582,-46.200,30.300,-0.600,37.2
16:34:11.837,2138216,4.693,7.369,-6.390,-1.255,0.139,-0.561,-46.200,30.300,-0.600,37.6
16:34:11.839,2138270,4.834,7.630,-5.495,-1.134,0.175,-0.517,-45.600,37.350,8.850,37.4
16:34:11.891,2138324,5.325,7.834,-6.151,-1.142,0.022,-0.459,-44.850,39.750,18.750,37.6
16:34:11.944,2138378,4.262,7.786,-4.058,-1.068,0.005,-0.201,-44.850,39.750,18.750,37.4
16:34:11.996,2138432,4.302,8.605,-4.966,-1.047,0.029,-0.265,-42.900,42.000,25.350,37.6
16:34:12.049,2138486,4.314,7.956,-3.936,-0.950,0.033,-0.237,-42.900,42.000,25.350,37.6
16:34:12.154,2138540,4.259,8.337,-3.948,-0.851,-0.309,-0.239,-42.750,37.800,31.050,37.3
16:34:12.156,2138594,3.601,8.727,-3.299,-0.885,-0.325,-0.180,-42.750,37.800,31.050,37.4
16:34:12.311,2138648,4.058,8.540,-3.179,-0.720,-0.298,-0.145,-41.100,36.000,34.650,37.4
16:34:12.313,2138702,2.725,9.330,-2.887,-0.750,-0.207,-0.190,-41.100,36.000,34.650,37.4
16:34:12.364,2138756,3.656,8.839,-2.753,-0.725,-0.475,-0.025,-42.900,32.250,38.100,37.7
16:34:12.417,2138810,3.144,9.299,-2.682,-0.505,-0.184,-0.049,-42.900,32.250,38.100,37.4
16:34:12.469,2138864,3.225,9.795,-2.440,-0.377,-0.089,0.019,-40.800,29.100,37.200,37.6
16:34:12.522,2138918,3.259,8.856,-2.978,-0.222,-0.075,0.052,-40.800,29.100,37.200,37.5
16:34:12.574,2138972,3.352,9.067,-2.514,-0.103,-0.096,0.044,-42.300,27.750,36.450,37.6
16:34:12.626,2139026,3.292,9.122,-3.110,0.133,-0.104,0.037,-42.300,28.500,36.900,37.4
16:34:12.680,2139080,3.364,9.239,-3.297,0.306,-0.227,0.087,-42.300,28.500,36.900,37.3
16:34:12.732,2139134,3.804,9.383,-3.826,0.571,-0.074,0.159,-43.500,29.850,35.700,37.6
16:34:12.785,2139188,4.123,9.060,-4.729,0.841,-0.181,0.250,-43.500,29.850,35.700,37.6
16:34:12.837,2139242,3.869,9.076,-4.638,1.032,-0.096,0.302,-43.500,32.400,31.350,37.4
16:34:12.889,2139296,4.101,9.005,-4.858,1.256,-0.092,0.274,-43.500,32.400,31.350,37.7
16:34:12.941,2139350,4.178,8.839,-5.023,1.395,0.002,0.263,-43.500,32.400,31.350,37.4
16:34:12.994,2139404,4.262,8.705,-5.001,1.507,-0.052,0.280,-43.500,32.400,31.350,37.4
16:34:13.046,2139458,4.290,8.308,-5.713,1.543,-0.057,0.403,-43.500,32.400,31.350,37.4
16:34:13.099,2139512,4.417,8.011,-6.515,1.585,-0.062,0.480,-43.500,32.400,31.350,37.3
16:34:13.151,2139566,4.678,7.331,-6.680,1.531,-0.223,0.578,-43.500,32.400,31.350,37.4
16:34:13.204,2139620,5.023,6.349,-6.991,1.581,-0.233,0.556,-43.500,32.400,31.350,37.6
16:34:13.256,2139674,5.258,5.634,-7.709,1.460,-0.568,0.663,-43.500,32.400,31.350,37.4
16:34:13.308,2139728,4.767,4.475,-7.020,1.561,-0.335,0.643,-43.500,32.400,31.350,37.7
16:34:13.361,2139782,4.786,3.428,-7.271,1.448,-0.497,0.607,-43.500,32.400,31.350,37.2
16:34:13.414,2139836,4.688,2.899,-7.456,1.331,-0.405,0.513,-36.150,11.550,-17.100,37.4
16:34:13.466,2139890,4.003,2.274,-7.494,1.156,-0.413,0.519,-36.150,11.550,-17.100,37.1
16:34:13.518,2139944,4.424,1.616,-6.692,1.002,-0.397,0.458,-33.750,1.050,-19.650,37.4
16:34:13.571,2139998,3.790,0.852,-7.183,0.905,-0.047,0.415,-33.750,1.050,-19.650,37.5
16:34:13.624,2140052,3.845,-0.876,-8.600,0.661,-0.268,0.469,-31.800,-4.200,-20.400,37.4
16:34:13.676,2140106,2.871,-0.302,-7.896,0.652,-0.245,0.482,-31.800,-4.200,-20.400,37.6
16:34:13.729,2140160,3.728,-1.238,-8.179,0.590,0.024,0.466,-27.600,-11.100,-19.350,37.6
16:34:13.781,2140214,3.591,-0.108,-7.937,0.435,-0.086,0.363,-27.600,-11.100,-19.350,37.4
16:34:13.834,2140268,3.405,-1.851,-8.487,0.242,-0.131,0.223,-24.900,-13.350,-19.350,37.4
16:34:13.886,2140322,3.117,-1.494,-8.016,0.208,-0.172,0.173,-23.850,-13.500,-20.250,37.4
16:34:13.938,2140376,3.098,-2.691,-8.119,0.143,-0.132,0.216,-23.850,-13.500,-20.250,37.3
16:34:14.044,2140430,3.136,-2.267,-7.767,0.034,-0.092,0.138,-22.950,-15.750,-20.100,37.3
16:34:14.046,2140484,3.005,-2.272,-8.308,-0.076,0.043,0.038,-22.950,-15.750,-20.100,37.4
16:34:14.150,2140538,2.581,-2.251,-7.898,-0.180,-0.057,-0.009,-21.150,-14.850,-18.750,37.4
16:34:14.202,2140592,3.129,-2.124,-8.526,-0.180,0.113,-0.077,-21.150,-14.850,-18.750,37.6
16:34:14.254,2140646,3.270,-1.796,-7.640,-0.316,0.127,-0.085,-22.500,-12.900,-18.600,37.4
16:34:14.307,2140700,2.990,-1.626,-8.370,-0.354,0.188,-0.144,-22.500,-12.900,-18.600,37.7
16:34:14.359,2140754,3.000,-1.264,-7.415,-0.477,0.320,-0.184,-24.300,-13.500,-18.750,37.4
16:34:14.464,2140808,3.309,-0.634,-7.168,-0.722,0.200,-0.331,-24.300,-13.500,-18.750,37.3
16:34:14.465,2140862,3.764,-1.010,-7.580,-0.869,0.312,-0.323,-26.700,-11.550,-18.150,37.3
16:34:14.517,2140916,3.582,0.022,-7.219,-1.019,0.218,-0.443,-26.700,-11.550,-18.150,37.5
16:34:14.570,2140970,4.458,0.548,-8.305,-1.200,0.304,-0.553,-31.800,-5.400,-19.350,37.2
16:34:14.622,2141024,4.420,1.630,-8.059,-1.211,0.155,-0.566,-34.800,3.300,-18.750,37.5
16:34:14.726,2141078,4.676,2.066,-8.248,-1.159,0.326,-0.561,-34.800,3.300,-18.750,37.4
16:34:14.728,2141132,5.033,3.948,-7.451,-1.305,0.227,-0.645,-39.750,8.700,-16.500,37.5
16:34:14.780,2141186,4.815,3.026,-7.834,-1.382,0.043,-0.634,-39.750,8.700,-16.500,37.5
16:34:14.833,2141240,5.344,3.498,-8.485,-1.458,-0.101,-0.629,-41.700,18.150,-11.100,37.6
16:34:14.885,2141294,4.463,6.050,-6.768,-1.315,0.530,-0.581,-41.700,18.150,-11.100,37.4
16:34:14.938,2141348,5.310,4.908,-6.788,-1.441,0.182,-0.448,-43.050,25.950,-5.850,37.2
16:34:14.989,2141402,4.767,6.766,-7.578,-1.491,0.237,-0.378,-43.050,25.950,-5.850,37.4
16:34:15.041,2141456,4.887,7.259,-4.824,-1.429,0.242,-0.324,-44.400,32.250,3.000,37.5
16:34:15.095,2141510,5.203,6.261,-6.206,-1.435,0.224,-0.235,-44.400,32.250,3.000,37.4
16:34:15.147,2141564,4.343,8.068,-5.567,-1.421,-0.033,-0.377,-46.650,36.450,14.250,37.6
16:34:15.200,2141618,5.279,7.056,-5.691,-1.235,-0.179,-0.284,-46.650,36.450,14.250,37.3
16:34:15.304,2141672,2.480,8.717,-5.389,-1.218,-0.493,-0.204,-45.600,35.550,22.350,37.6
16:34:15.306,2141726,3.455,8.286,-4.424,-1.101,-0.779,-0.330,-44.400,34.050,27.600,37.4
16:34:15.356,2141780,3.881,8.875,-5.035,-1.041,-0.381,-0.205,-44.400,34.050,27.600,37.3
16:34:15.408,2141834,3.886,9.428,-3.548,-0.808,0.072,-0.133,-43.500,31.350,31.050,37.6
16:34:15.462,2141888,3.091,8.672,-3.436,-0.869,0.071,-0.198,-43.500,31.350,31.050,37.4
16:34:15.515,2141942,3.230,9.421,-1.836,-0.783,-0.062,-0.120,-43.500,31.350,31.050,37.3
16:34:15.567,2141996,4.113,9.996,-3.029,-0.790,-0.362,-0.086,-43.500,31.350,31.050,37.6
16:34:15.620,2142050,2.370,9.711,-1.554,-0.724,-0.246,-0.035,-43.500,31.350,31.050,37.6
16:34:15.673,2142104,3.661,9.148,-2.222,-0.530,-0.052,0.005,-43.500,31.350,31.050,37.4
16:34:15.724,2142158,3.081,9.043,-1.719,-0.360,-0.301,-0.001,-43.500,31.350,31.050,37.5
16:34:15.777,2142212,3.239,8.569,-2.172,-0.183,-0.010,-0.018,-43.500,31.350,31.050,37.2
16:34:15.829,2142266,2.966,8.950,-2.334,0.085,0.127,-0.042,-43.500,31.350,31.050,37.3
16:34:15.935,2142320,3.405,9.254,-2.054,0.266,0.207,-0.005,-43.500,31.350,31.050,37.6
16:34:15.936,2142374,3.182,9.618,-2.682,0.449,0.049,0.098,-43.500,31.350,31.050,37.6
16:34:16.039,2142428,3.302,9.629,-3.366,0.626,-0.211,0.135,-43.500,31.350,31.050,37.6
16:34:16.092,2142482,2.121,9.170,-3.819,0.644,-1.047,0.123,-43.500,31.350,31.050,37.5
16:34:16.145,2142536,3.809,9.404,-4.345,1.102,0.124,0.208,-42.750,30.600,31.800,37.6
16:34:16.197,2142590,3.450,9.402,-5.100,1.375,0.092,0.062,-42.750,30.600,31.800,37.4
16:34:16.249,2142644,3.613,9.333,-5.418,1.574,0.387,-0.004,-42.750,33.450,24.450,37.5
16:34:16.301,2142698,3.847,9.182,-5.655,1.772,0.146,-0.006,-42.750,33.450,24.450,37.4
16:34:16.353,2142752,4.152,9.285,-6.613,1.856,0.061,0.140,-43.350,39.450,17.250,37.3
16:34:16.406,2142806,4.001,9.323,-6.704,1.866,-0.080,0.154,-43.350,39.450,17.250,37.3
16:34:16.460,2142860,4.762,7.875,-7.343,1.905,0.006,0.136,-43.050,37.500,4.350,37.6
16:34:16.513,2142914,4.271,6.869,-7.791,1.834,-0.140,0.403,-43.050,37.500,4.350,37.6
16:34:16.617,2142968,4.195,4.853,-7.427,1.819,-0.126,0.486,-39.150,30.600,-5.850,37.6
16:34:16.618,2143022,3.752,4.226,-7.460,1.820,-0.119,0.532,-36.450,18.750,-13.800,37.3
16:34:16.669,2143076,3.417,4.535,-6.883,1.707,-0.141,0.527,-36.450,18.750,-13.800,37.3
16:34:16.722,2143130,4.137,2.454,-7.377,1.500,0.070,0.443,-31.800,6.750,-16.050,37.4
16:34:16.774,2143184,4.271,1.923,-7.001,1.241,-0.121,0.292,-31.800,6.750,-16.050,37.7
16:34:16.827,2143238,3.328,0.917,-8.557,0.924,-0.553,0.302,-29.100,0.300,-19.350,37.5
16:34:16.880,2143292,3.539,0.326,-7.807,1.083,-0.116,0.374,-29.100,0.300,-19.350,37.7
16:34:16.932,2143346,3.361,-0.469,-8.045,0.786,-0.299,0.353,-25.950,-6.750,-19.650,37.6
16:34:16.985,2143400,2.840,-0.792,-6.970,0.703,-0.334,0.343,-25.950,-6.750,-19.650,37.5
16:34:17.089,2143454,2.868,-1.853,-7.824,0.535,-0.256,0.351,-23.100,-10.500,-19.500,37.6
16:34:17.091,2143508,2.404,-1.365,-7.460,0.337,-0.188,0.320,-23.100,-10.500,-19.500,37.7
16:34:17.143,2143562,2.382,-2.112,-8.677,0.088,-0.236,0.243,-20.700,-13.800,-21.000,37.2
16:34:17.195,2143616,2.497,-1.863,-8.538,-0.025,-0.265,0.219,-20.700,-13.800,-21.000,37.5
16:34:17.246,2143670,2.701,-2.543,-8.902,0.114,-0.011,0.164,-18.750,-15.600,-22.050,37.6
16:34:17.299,2143724,2.559,-1.891,-8.732,-0.087,-0.423,0.048,-17.700,-15.600,-18.000,37.3
16:34:17.353,2143778,2.181,-1.757,-8.890,-0.069,-0.124,0.062,-17.700,-15.600,-18.000,37.4
16:34:17.405,2143832,1.800,-1.753,-8.993,-0.040,-0.084,0.147,-17.100,-16.200,-18.900,37.4
16:34:17.456,2143886,2.464,-2.088,-8.744,-0.157,-0.039,0.118,-17.100,-16.200,-18.900,37.4
16:34:17.510,2143940,2.191,-1.348,-8.320,-0.169,0.086,0.116,-17.250,-15.600,-18.750,37.5
16:34:17.562,2143994,2.461,-2.696,-8.602,-0.261,0.237,0.099,-17.250,-15.600,-18.750,37.6
16:34:17.614,2144048,2.205,-2.071,-8.404,-0.410,0.148,0.022,-17.850,-14.400,-20.700,37.2
16:34:17.666,2144102,2.274,-1.415,-8.464,-0.538,0.354,-0.100,-17.850,-14.400,-20.700,37.6
16:34:17.720,2144156,2.626,-0.836,-7.901,-0.620,0.263,-0.191,-20.100,-12.600,-20.700,37.5
16:34:17.824,2144210,2.643,-1.772,-8.499,-0.662,0.291,-0.191,-20.100,-12.600,-20.700,37.6
16:34:17.826,2144264,3.093,-0.192,-8.217,-0.723,0.263,-0.340,-21.750,-9.600,-19.650,37.3
16:34:17.930,2144318,3.045,-0.194,-8.416,-0.805,0.244,-0.376,-21.750,-9.600,-19.650,37.6
16:34:17.982,2144372,3.639,0.608,-8.236,-0.925,0.309,-0.415,-25.650,-4.950,-21.450,37.6
16:34:18.034,2144426,3.340,1.290,-8.645,-1.116,0.012,-0.367,-29.850,0.600,-19.650,37.0
16:34:18.086,2144480,3.400,1.554,-8.375,-1.161,0.129,-0.354,-29.850,0.600,-19.650,37.6
16:34:18.139,2144534,3.821,2.284,-7.855,-1.209,0.223,-0.380,-33.000,6.750,-17.850,37.4
16:34:18.192,2144588,3.716,3.060,-8.406,-1.238,0.236,-0.528,-33.000,6.750,-17.850,37.4
16:34:18.245,2144642,4.223,3.989,-8.260,-1.332,0.127,-0.528,-35.700,13.950,-16.800,37.6
16:34:18.296,2144696,3.816,3.733,-7.848,-1.257,0.326,-0.457,-35.700,13.950,-16.800,37.6
16:34:18.402,2144750,4.865,5.772,-8.902,-1.257,0.132,-0.429,-35.700,13.950,-16.800,37.4
16:34:18.404,2144804,4.046,5.136,-5.320,-1.113,0.756,-0.493,-35.700,13.950,-16.800,37.5
16:34:18.559,2144858,4.745,5.200,-7.434,-1.235,0.278,-0.413,-35.700,13.950,-16.800,37.6
16:34:18.561,2144912,4.053,7.391,-6.098,-1.302,0.507,-0.422,-35.700,13.950,-16.800,37.4
16:34:18.563,2144966,4.413,6.692,-7.094,-1.283,0.192,-0.381,-35.700,13.950,-16.800,37.4
16:34:18.611,2145020,4.942,7.927,-6.199,-1.224,0.255,-0.382,-35.700,13.950,-16.800,37.4
16:34:18.664,2145074,4.851,8.317,-6.287,-1.113,0.182,-0.303,-35.700,13.950,-16.800,37.2
16:34:18.717,2145128,4.494,7.798,-5.478,-1.119,-0.084,-0.225,-35.700,13.950,-16.800,37.5
16:34:18.770,2145182,3.790,8.188,-5.004,-1.041,-0.035,-0.122,-35.700,13.950,-16.800,37.5
16:34:18.822,2145236,3.934,8.830,-4.317,-0.969,0.132,-0.175,-35.700,13.950,-16.800,37.7
16:34:18.875,2145290,3.821,8.894,-4.049,-0.973,-0.221,-0.187,-35.700,13.950,-16.800,37.6
16:34:18.927,2145344,3.895,8.552,-3.491,-0.920,-0.302,-0.112,-46.350,32.550,33.450,37.3
16:34:18.980,2145398,2.926,9.266,-2.854,-0.784,-0.331,-0.125,-46.350,32.550,33.450,37.4
16:34:19.031,2145452,3.014,9.206,-2.873,-0.961,-0.588,-0.128,-43.650,31.500,32.700,37.4
16:34:19.084,2145506,3.685,9.251,-1.822,-0.730,-0.497,0.013,-43.650,31.500,32.700,37.2
16:34:19.189,2145560,2.691,8.981,-2.085,-0.623,-0.208,-0.017,-42.600,30.000,33.450,37.7
16:34:19.190,2145614,3.029,9.057,-2.116,-0.689,-0.446,-0.012,-42.600,30.000,33.450,37.4
16:34:19.294,2145668,3.558,9.270,-1.695,-0.633,-0.582,0.058,-42.600,26.850,33.000,37.8
16:34:19.295,2145722,2.832,9.215,-1.168,-0.532,-0.212,0.099,-42.300,26.250,31.800,37.7
16:34:19.347,2145776,3.443,9.196,-0.752,-0.446,-0.186,0.070,-42.300,26.250,31.800,37.6
16:34:19.451,2145830,2.887,8.990,-0.860,-0.425,-0.298,-0.019,-43.350,25.050,30.750,37.2
16:34:19.453,2145884,2.966,8.940,-0.618,-0.334,-0.155,-0.026,-43.350,25.050,30.750,37.4
16:34:19.505,2145938,3.098,9.036,-0.464,-0.284,-0.236,-0.047,-42.600,25.050,30.750,37.4
16:34:19.609,2145992,2.820,9.282,-0.448,-0.200,-0.103,-0.060,-42.600,25.050,30.750,37.9
16:34:19.611,2146046,3.215,9.172,-0.491,-0.142,0.287,-0.006,-42.900,24.600,33.000,37.5
16:34:19.714,2146100,3.292,9.337,0.007,-0.146,0.133,0.002,-42.900,24.600,33.000,37.6
16:34:19.716,2146154,3.397,9.136,-0.321,-0.071,0.236,0.018,-41.100,24.150,31.350,37.8
16:34:19.819,2146208,3.237,8.930,-0.747,-0.003,0.022,0.026,-41.100,24.150,31.350,37.3
16:34:19.923,2146262,3.594,9.002,-0.649,0.239,0.248,0.068,-42.150,24.300,32.250,37.3
16:34:19.925,2146316,3.467,9.203,-1.140,0.483,0.315,0.040,-42.150,24.300,32.250,37.2
16:34:19.978,2146370,3.306,9.280,-1.262,0.625,0.290,0.088,-42.150,24.000,33.450,37.4
16:34:20.030,2146424,3.455,9.459,-2.600,0.788,0.261,0.119,-43.950,26.700,33.600,37.5
16:34:20.083,2146478,3.160,9.886,-2.605,0.928,0.148,0.188,-43.950,26.700,33.600,37.8
16:34:20.134,2146532,3.898,9.867,-3.950,1.255,0.223,0.277,-45.000,29.850,33.900,37.5
16:34:20.186,2146586,3.701,9.761,-5.090,1.394,-0.017,0.326,-45.000,29.850,33.900,37.4
16:34:20.240,2146640,4.243,9.780,-5.035,1.616,-0.003,0.362,-46.050,33.600,30.750,37.6
16:34:20.292,2146694,4.599,9.582,-4.994,1.738,-0.334,0.349,-46.050,33.600,30.750,37.3
16:34:20.344,2146748,4.764,9.002,-5.260,1.879,-0.257,0.382,-46.800,36.900,21.000,37.3
16:34:20.397,2146802,4.513,8.973,-6.254,1.907,-0.394,0.434,-46.800,36.900,21.000,37.5
16:34:20.449,2146856,5.057,7.621,-6.503,1.846,-0.541,0.443,-46.350,37.650,8.550,37.6
16:34:20.502,2146910,4.583,6.661,-6.488,1.916,-0.254,0.410,-46.350,37.650,8.550,37.3
16:34:20.607,2146964,4.724,5.748,-6.649,1.844,-0.284,0.392,-41.700,28.200,-3.750,37.4
16:34:20.609,2147018,3.472,4.939,-7.295,1.679,-0.403,0.540,-41.700,28.200,-3.750,37.6
16:34:20.660,2147072,4.717,4.374,-7.587,1.613,-0.281,0.551,-37.050,19.200,-12.600,37.4
16:34:20.711,2147126,4.276,2.598,-7.211,1.528,-0.173,0.587,-34.200,8.550,-15.600,37.7
16:34:20.765,2147180,4.247,2.296,-8.222,1.268,-0.328,0.519,-34.200,8.550,-15.600,37.3
16:34:20.817,2147234,3.677,0.453,-6.946,1.179,-0.236,0.454,-30.300,1.050,-18.150,37.4
16:34:20.869,2147288,3.139,0.711,-7.829,0.924,-0.353,0.319,-30.300,1.050,-18.150,37.4
16:34:20.922,2147342,3.582,-0.189,-7.288,0.826,-0.164,0.268,-26.400,-6.450,-20.100,37.7
16:34:20.975,2147396,3.093,-0.412,-8.121,0.804,-0.258,0.300,-26.400,-6.450,-20.100,37.4
16:34:21.026,2147450,2.772,-0.824,-7.693,0.713,0.091,0.186,-24.600,-10.950,-19.050,37.4
16:34:21.079,2147504,3.184,-1.772,-7.712,0.537,0.112,0.066,-24.600,-10.950,-19.050,37.5
16:34:21.132,2147558,2.545,-1.968,-8.016,0.189,0.075,-0.034,-24.600,-15.300,-19.800,37.5
16:34:21.184,2147612,3.314,-1.875,-7.348,0.038,0.284,-0.041,-24.600,-15.300,-19.800,37.3
16:34:21.236,2147666,3.859,-2.270,-7.717,-0.061,-0.030,0.014,-24.600,-15.300,-19.800,37.2
16:34:21.290,2147720,3.067,-1.858,-8.327,-0.227,-0.110,-0.028,-24.600,-15.300,-19.800,37.6
16:34:21.341,2147774,3.950,-2.476,-8.085,-0.214,0.101,-0.055,-24.600,-15.300,-19.800,37.3
16:34:21.394,2147828,3.457,-2.406,-8.389,-0.293,-0.145,-0.112,-24.600,-15.300,-19.800,37.5
16:34:21.446,2147882,3.100,-1.666,-8.902,-0.371,-0.149,-0.095,-24.600,-15.300,-19.800,37.3
16:34:21.499,2147936,3.498,-1.027,-8.480,-0.353,-0.071,-0.171,-24.600,-15.300,-19.800,37.4
16:34:21.605,2147990,3.206,-1.298,-8.025,-0.429,0.103,-0.224,-24.600,-15.300,-19.800,37.5
16:34:21.606,2148044,3.579,-0.632,-7.228,-0.559,0.151,-0.234,-24.600,-15.300,-19.800,37.5
16:34:21.709,2148098,3.431,-0.462,-7.740,-0.776,0.102,-0.317,-24.600,-15.300,-19.800,37.3
16:34:21.762,2148152,3.235,0.654,-7.817,-0.989,0.107,-0.389,-28.350,-4.950,-19.650,37.6
16:34:21.814,2148206,3.608,0.510,-8.705,-1.082,0.144,-0.400,-28.350,-4.950,-19.650,37.4
16:34:21.867,2148260,3.792,1.374,-8.131,-1.078,0.363,-0.511,-32.250,-2.400,-19.350,37.4
16:34:21.920,2148314,4.307,1.618,-8.681,-1.168,0.147,-0.499,-32.250,-2.400,-19.350,37.6
16:34:21.972,2148368,4.185,3.184,-8.363,-1.200,0.415,-0.546,-34.800,5.550,-18.450,37.6
16:34:22.025,2148422,4.726,3.371,-8.653,-1.458,-0.029,-0.495,-38.400,12.900,-15.600,37.5
16:34:22.077,2148476,5.265,4.836,-6.653,-1.466,0.149,-0.441,-38.400,12.900,-15.600,37.6
16:34:22.130,2148530,4.403,4.372,-8.329,-1.601,-0.082,-0.410,-41.100,20.850,-10.950,37.3
16:34:22.182,2148584,5.624,5.971,-6.639,-1.381,0.713,-0.535,-41.100,20.850,-10.950,37.3
16:34:22.235,2148638,4.966,5.691,-8.329,-1.513,-0.105,-0.374,-44.250,30.900,-3.150,37.6
16:34:22.340,2148692,4.068,6.675,-7.068,-1.388,0.125,-0.422,-44.250,30.900,-3.150,37.6
16:34:22.341,2148746,4.836,7.585,-5.861,-1.193,0.626,-0.413,-46.050,35.100,6.300,37.5
16:34:22.392,2148800,4.305,7.434,-6.287,-1.224,0.220,-0.441,-46.050,35.100,6.300,37.4
16:34:22.444,2148854,4.757,7.973,-5.763,-1.138,0.225,-0.397,-45.600,37.950,15.150,37.5
16:34:22.497,2148908,4.156,8.071,-4.932,-1.032,0.271,-0.405,-45.600,37.950,15.150,37.6
16:34:22.550,2148962,4.654,8.361,-4.381,-0.983,0.278,-0.450,-46.350,36.900,24.600,37.4
16:34:22.603,2149016,3.936,8.669,-3.797,-0.917,0.342,-0.519,-46.350,36.900,24.600,37.2
16:34:22.655,2149070,4.159,9.687,-3.479,-0.928,0.124,-0.458,-44.100,37.350,31.950,37.4
16:34:22.706,2149124,3.730,9.081,-3.141,-0.946,-0.245,-0.256,-42.300,34.950,35.100,37.6
16:34:22.759,2149178,3.309,9.342,-2.921,-0.740,0.055,-0.133,-42.300,34.950,35.100,37.5
16:34:22.812,2149232,3.373,9.242,-2.732,-0.793,-0.317,-0.133,-42.750,32.700,35.700,37.6
16:34:22.865,2149286,3.407,8.614,-1.786,-0.582,-0.082,-0.046,-42.750,32.700,35.700,37.4
16:34:22.916,2149340,3.249,8.811,-1.942,-0.504,-0.185,-0.083,-40.200,30.750,38.100,37.6
16:34:23.022,2149394,2.976,8.981,-1.726,-0.361,-0.356,-0.118,-40.200,30.750,38.100,37.7
16:34:23.024,2149448,2.892,9.258,-0.919,-0.212,-0.126,-0.052,-41.100,29.100,36.450,37.3
16:34:23.075,2149502,2.926,9.503,-1.492,-0.228,-0.151,-0.017,-41.100,29.100,36.450,37.4
16:34:23.127,2149556,3.029,9.148,-0.850,-0.258,-0.145,-0.017,-44.250,27.750,36.450,37.7
16:34:23.180,2149610,2.641,8.976,-1.156,-0.201,-0.113,-0.002,-44.250,27.750,36.450,37.5
16:34:23.231,2149664,2.928,9.519,-0.826,-0.181,-0.323,-0.066,-41.100,27.750,34.650,37.6
16:34:23.337,2149718,2.966,9.469,-1.015,-0.122,-0.074,-0.002,-41.100,27.750,34.650,37.7
16:34:23.338,2149772,2.861,9.438,-1.135,-0.087,-0.072,-0.025,-42.300,27.750,35.400,37.4
16:34:23.390,2149826,2.856,8.696,-1.120,0.011,-0.016,-0.011,-40.800,27.300,36.450,37.4
16:34:23.547,2149880,2.969,9.074,-1.721,0.189,-0.059,0.025,-40.800,27.300,36.450,37.3
16:34:23.548,2149934,3.426,9.919,-2.406,0.311,-0.013,0.125,-42.750,29.100,36.900,37.2
16:34:23.550,2149988,3.232,10.113,-3.235,0.519,-0.142,0.158,-42.750,29.100,36.900,37.4
16:34:23.653,2150042,3.768,9.574,-3.761,0.733,-0.046,0.245,-44.250,30.900,37.650,37.6
16:34:23.705,2150096,3.663,9.218,-3.881,1.023,-0.108,0.329,-44.250,30.900,37.650,37.6
16:34:23.756,2150150,3.874,9.309,-4.101,1.253,-0.055,0.438,-44.250,30.900,37.650,37.6
16:34:23.810,2150204,4.223,9.254,-4.034,1.419,-0.155,0.440,-44.250,30.900,37.650,37.3
16:34:23.862,2150258,4.235,9.254,-4.317,1.548,-0.126,0.418,-44.250,30.900,37.650,37.5
16:34:23.914,2150312,4.427,8.983,-5.102,1.517,-0.188,0.480,-44.250,30.900,37.650,37.4
16:34:23.966,2150366,4.621,8.559,-5.543,1.496,-0.399,0.544,-44.250,30.900,37.650,37.6
16:34:24.019,2150420,4.568,7.855,-6.246,1.597,-0.441,0.614,-44.250,30.900,37.650,37.4
16:34:24.072,2150474,4.377,7.168,-6.388,1.612,-0.410,0.693,-44.250,30.900,37.650,37.5
16:34:24.125,2150528,4.288,5.715,-6.057,1.524,-0.455,0.652,-44.250,30.900,37.650,37.3
16:34:24.177,2150582,3.967,5.983,-5.557,1.384,-0.592,0.610,-44.250,30.900,37.650,37.4
16:34:24.229,2150636,3.421,4.690,-7.264,1.282,-0.432,0.501,-44.250,30.900,37.650,37.4
16:34:24.281,2150690,4.511,3.838,-7.733,1.006,-0.615,0.441,-44.250,30.900,37.650,37.6
16:34:24.334,2150744,4.367,3.697,-7.774,0.979,-0.666,0.487,-44.250,30.900,37.650,37.3
16:34:24.387,2150798,4.120,2.468,-7.470,1.102,-0.319,0.534,-44.250,30.900,37.650,37.4
16:34:24.439,2150852,3.057,1.065,-8.076,0.950,-0.524,0.442,-30.300,6.750,-20.100,37.4
16:34:24.492,2150906,3.208,0.955,-8.011,0.933,-0.114,0.342,-30.300,6.750,-20.100,37.4
16:34:24.545,2150960,2.600,0.651,-8.961,0.933,-0.177,0.285,-27.750,-1.500,-19.800,37.4
16:34:24.597,2151014,2.550,-0.237,-8.487,0.825,0.091,0.238,-27.750,-1.500,-19.800,37.2
16:34:24.650,2151068,2.557,-0.917,-8.950,0.559,-0.110,0.095,-25.950,-5.700,-21.150,37.4
16:34:24.702,2151122,2.602,-0.311,-9.431,0.357,-0.045,-0.013,-25.050,-8.100,-20.250,37.3
16:34:24.755,2151176,2.717,-1.362,-8.741,0.374,0.000,0.023,-25.050,-8.100,-20.250,37.4
16:34:24.807,2151230,3.618,-0.725,-7.762,0.213,-0.262,0.040,-22.350,-12.000,-20.550,37.4
16:34:24.859,2151284,3.074,-1.441,-9.062,0.193,-0.145,0.078,-22.350,-12.000,-20.550,37.1
16:34:24.911,2151338,2.772,-0.812,-9.014,-0.031,-0.372,0.078,-21.900,-12.000,-19.800,37.6
16:34:24.964,2151392,3.270,-2.504,-9.117,0.003,-0.338,0.131,-21.900,-12.000,-19.800,37.2
16:34:25.017,2151446,1.836,-1.099,-9.708,-0.066,-0.391,0.042,-19.050,-12.150,-20.100,37.4
16:34:25.070,2151500,2.224,-1.851,-8.298,-0.019,-0.069,-0.010,-19.050,-12.150,-20.100,37.4
16:34:25.123,2151554,2.866,-2.274,-8.320,-0.126,-0.200,0.043,-17.700,-12.000,-20.250,37.6
16:34:25.175,2151608,1.846,-1.516,-8.279,-0.203,-0.074,0.039,-17.700,-12.000,-20.250,37.3
16:34:25.278,2151662,1.942,-1.549,-8.016,-0.223,0.111,-0.044,-18.000,-12.750,-20.250,37.5
16:34:25.280,2151716,2.150,-1.386,-7.982,-0.331,0.263,-0.129,-18.000,-12.750,-20.250,37.4
16:34:25.384,2151770,2.152,-0.819,-7.657,-0.539,0.415,-0.184,-20.100,-11.100,-19.650,37.3
16:34:25.386,2151824,2.595,-0.680,-7.824,-0.677,0.449,-0.261,-21.900,-9.150,-21.750,37.5
16:34:25.489,2151878,3.024,-0.555,-7.549,-0.812,0.537,-0.313,-21.900,-9.150,-21.750,37.6
16:34:25.542,2151932,3.158,0.311,-8.056,-1.063,0.253,-0.356,-26.700,-2.850,-18.900,37.7
16:34:25.646,2151986,3.373,1.602,-8.653,-1.145,0.334,-0.454,-26.700,-2.850,-18.900,37.4
16:34:25.647,2152040,3.656,2.093,-8.411,-1.145,0.438,-0.478,-30.450,0.900,-18.450,37.2
16:34:25.699,2152094,4.630,1.812,-8.954,-1.214,0.302,-0.428,-30.450,0.900,-18.450,37.6
16:34:25.753,2152148,4.283,3.503,-8.416,-1.184,0.493,-0.480,-35.100,9.150,-17.250,37.5
16:34:25.805,2152202,4.274,3.563,-8.873,-1.254,0.286,-0.437,-35.100,9.150,-17.250,36.9
16:34:25.857,2152256,5.095,4.820,-7.764,-1.257,0.455,-0.513,-39.150,16.200,-12.750,37.4
16:34:25.910,2152310,4.511,5.521,-7.044,-1.200,0.531,-0.527,-39.150,16.200,-12.750,37.6
16:34:25.962,2152364,4.911,5.902,-7.539,-1.308,0.348,-0.631,-43.350,23.250,-5.550,37.3
16:34:26.066,2152418,4.865,6.730,-6.507,-1.317,0.355,-0.686,-43.350,23.250,-5.550,37.5
16:34:26.068,2152472,4.884,6.400,-7.616,-1.307,0.131,-0.665,-45.600,29.700,1.500,37.5
16:34:26.120,2152526,4.549,7.537,-6.397,-1.323,0.124,-0.577,-45.900,34.950,11.250,37.6
16:34:26.172,2152580,4.846,7.269,-6.512,-1.144,-0.130,-0.410,-45.900,34.950,11.250,37.4
16:34:26.224,2152634,4.266,8.145,-5.808,-1.021,0.008,-0.241,-46.200,38.850,18.900,37.4
16:34:26.276,2152688,4.867,7.951,-5.193,-0.826,0.264,-0.247,-46.200,38.850,18.900,37.4
16:34:26.330,2152742,4.278,8.389,-4.527,-0.830,0.021,-0.295,-46.800,37.950,23.850,37.6
16:34:26.382,2152796,3.792,8.724,-4.549,-0.830,-0.026,-0.315,-46.800,37.950,23.850,37.5
16:34:26.433,2152850,4.262,8.368,-3.563,-0.715,-0.199,-0.240,-44.400,37.350,29.400,37.4
16:34:26.486,2152904,3.608,8.808,-3.450,-0.616,-0.059,-0.310,-44.400,37.350,29.400,37.7
16:34:26.590,2152958,3.395,9.005,-3.962,-0.680,-0.347,-0.222,-44.400,37.350,29.400,37.5
16:34:26.592,2153012,3.184,9.263,-2.746,-0.533,-0.064,-0.158,-44.400,37.350,29.400,37.4
16:34:26.645,2153066,3.400,8.926,-3.400,-0.537,-0.325,-0.095,-44.400,37.350,29.400,37.3
16:34:26.696,2153120,2.787,9.069,-2.473,-0.418,-0.167,-0.102,-44.400,37.350,29.400,37.3
16:34:26.749,2153174,2.770,8.782,-2.626,-0.334,-0.246,-0.078,-44.400,37.350,29.400,37.4
16:34:26.802,2153228,2.761,8.866,-2.272,-0.280,-0.253,-0.013,-44.400,37.350,29.400,37.6
16:34:26.855,2153282,3.055,8.926,-1.911,-0.190,-0.109,0.070,-44.400,37.350,29.400,37.6
16:34:26.906,2153336,2.851,9.139,-2.442,-0.188,-0.108,0.111,-44.400,37.350,29.400,37.4
16:34:27.010,2153390,3.163,9.299,-2.219,-0.141,-0.010,0.097,-44.400,37.350,29.400,37.3
16:34:27.013,2153444,2.758,9.158,-2.682,-0.088,-0.190,0.043,-44.400,37.350,29.400,37.3
16:34:27.065,2153498,2.914,9.062,-2.921,-0.016,-0.107,0.058,-44.400,37.350,29.400,37.6
16:34:27.117,2153552,3.146,9.450,-3.385,0.245,-0.080,0.133,-42.000,29.550,33.150,37.2
16:34:27.170,2153606,3.333,9.088,-3.874,0.502,0.029,0.245,-42.000,29.550,33.150,37.5
16:34:27.275,2153660,3.498,9.213,-4.286,0.743,0.015,0.186,-42.600,30.450,31.200,37.6
16:34:27.277,2153714,3.421,9.426,-4.685,1.004,0.122,0.160,-42.600,30.450,31.200,37.4
16:34:27.379,2153768,3.601,9.316,-5.090,1.175,-0.013,0.235,-43.950,34.650,29.850,37.2
16:34:27.431,2153822,4.606,9.407,-5.499,1.336,-0.095,0.272,-46.050,37.350,23.850,37.3
16:34:27.484,2153876,3.986,8.531,-5.641,1.531,-0.133,0.342,-46.050,37.350,23.850,37.6
16:34:27.538,2153930,4.171,8.605,-6.091,1.618,-0.155,0.323,-43.500,37.800,14.550,37.4
16:34:27.590,2153984,4.233,7.980,-6.151,1.630,-0.296,0.348,-43.500,37.800,14.550,37.3
16:34:27.642,2154038,4.022,7.214,-6.383,1.627,-0.451,0.392,-42.900,34.350,2.700,37.4
16:34:27.695,2154092,4.228,6.835,-6.483,1.597,-0.459,0.480,-42.900,34.350,2.700,37.5
16:34:27.748,2154146,4.547,6.294,-7.796,1.518,-0.593,0.518,-39.150,26.250,-6.900,37.4
16:34:27.800,2154200,3.847,5.365,-8.358,1.426,-0.681,0.524,-39.150,26.250,-6.900,37.5
16:34:27.852,2154254,4.034,4.108,-8.361,1.566,-0.446,0.501,-33.900,18.450,-15.450,37.6
16:34:27.904,2154308,3.625,2.732,-8.217,1.442,-0.391,0.391,-33.900,18.450,-15.450,37.6
16:34:27.959,2154362,3.414,1.544,-6.924,1.342,-0.247,0.273,-28.950,7.650,-20.250,37.6
16:34:28.009,2154416,2.993,1.736,-8.164,1.236,-0.130,0.103,-28.950,7.650,-20.250,37.3
16:34:28.061,2154470,2.454,-0.242,-7.810,1.092,-0.033,0.188,-25.950,-1.350,-21.150,37.4
16:34:28.167,2154524,3.735,-0.864,-8.691,1.031,-0.039,0.124,-23.850,-6.300,-22.050,37.3
16:34:28.169,2154578,2.545,-0.587,-8.272,0.897,0.011,0.156,-23.850,-6.300,-22.050,37.3
16:34:28.220,2154632,2.715,-1.125,-8.447,0.613,-0.351,0.209,-22.050,-11.850,-19.650,37.3
16:34:28.272,2154686,2.157,-1.678,-8.681,0.468,-0.330,0.226,-22.050,-11.850,-19.650,37.3
16:34:28.325,2154740,2.339,-1.652,-7.556,0.440,-0.209,0.241,-19.200,-15.300,-19.050,37.4
16:34:28.377,2154794,2.497,-2.720,-7.831,0.263,-0.511,0.257,-19.200,-15.300,-19.050,37.4
16:34:28.429,2154848,1.803,-1.994,-7.614,0.216,-0.063,0.188,-16.650,-17.250,-20.700,37.6
16:34:28.535,2154902,2.404,-2.593,-8.705,0.002,-0.178,0.139,-16.650,-17.250,-20.700,37.5
16:34:28.537,2154956,2.567,-2.428,-8.303,0.018,0.064,0.093,-15.450,-20.550,-20.400,37.4
16:34:28.586,2155010,1.846,-2.461,-8.617,-0.167,-0.218,0.067,-15.450,-20.550,-20.400,37.2
16:34:28.638,2155064,2.148,-2.231,-8.009,-0.068,0.241,0.033,-14.700,-18.000,-19.350,37.3
16:34:28.692,2155118,2.397,-2.114,-7.240,-0.193,0.185,0.067,-14.700,-18.000,-19.350,37.6
16:34:28.745,2155172,1.733,-2.016,-7.451,-0.472,0.346,0.059,-16.200,-18.000,-18.900,37.6
16:34:28.798,2155226,2.069,-2.057,-7.884,-0.715,0.410,-0.066,-19.200,-15.300,-19.500,37.6
16:34:28.902,2155280,2.725,-1.274,-7.875,-0.835,0.464,-0.185,-19.200,-15.300,-19.500,37.4
16:34:28.904,2155334,2.610,-0.103,-8.303,-1.036,0.176,-0.213,-21.450,-11.250,-21.000,37.2
16:34:28.955,2155388,3.460,-0.529,-8.736,-0.989,0.495,-0.358,-21.450,-11.250,-21.000,37.4
16:34:29.007,2155442,3.797,-0.077,-9.416,-1.162,0.225,-0.545,-27.000,-5.550,-20.250,37.3
16:34:29.060,2155496,3.560,1.288,-8.825,-1.134,0.177,-0.506,-27.000,-5.550,-20.250,37.3
16:34:29.165,2155550,3.584,1.949,-9.366,-1.107,0.340,-0.437,-29.100,1.350,-20.100,37.4
16:34:29.167,2155604,4.051,2.502,-9.567,-1.222,0.329,-0.421,-29.100,1.350,-20.100,37.3
16:34:29.270,2155658,3.895,3.223,-8.365,-1.272,0.270,-0.472,-29.100,1.350,-20.100,37.4
16:34:29.322,2155712,4.549,3.311,-7.106,-1.159,0.705,-0.583,-29.100,1.350,-20.100,37.7
16:34:29.375,2155766,4.075,3.862,-8.116,-1.257,0.525,-0.593,-29.100,1.350,-20.100,37.4
16:34:29.426,2155820,4.638,5.174,-7.568,-1.288,0.436,-0.562,-29.100,1.350,-20.100,37.1
16:34:29.479,2155874,5.035,5.339,-7.652,-1.233,0.407,-0.604,-29.100,1.350,-20.100,37.6
16:34:29.532,2155928,4.781,6.218,-7.903,-1.213,0.375,-0.592,-29.100,1.350,-20.100,37.5
16:34:29.585,2155982,4.903,6.481,-6.182,-1.180,0.406,-0.546,-29.100,1.350,-20.100,37.4
16:34:29.638,2156036,4.810,7.180,-6.653,-1.208,0.224,-0.529,-29.100,1.350,-20.100,37.3
16:34:29.689,2156090,3.776,7.441,-6.012,-1.238,0.194,-0.427,-29.100,1.350,-20.100,37.3
16:34:29.741,2156144,4.915,7.587,-5.679,-1.083,0.028,-0.319,-42.900,37.950,16.500,37.6
16:34:29.795,2156198,4.130,7.915,-4.937,-1.020,0.060,-0.261,-42.900,37.950,16.500,37.6
16:34:29.846,2156252,4.599,8.064,-4.446,-0.862,0.013,-0.282,-47.400,38.250,24.450,37.4
16:34:29.900,2156306,3.347,8.399,-4.527,-0.937,-0.087,-0.220,-47.400,38.250,24.450,37.4
16:34:29.952,2156360,4.386,8.734,-3.697,-0.798,-0.147,-0.185,-45.450,34.950,27.750,37.7
16:34:30.055,2156414,3.390,8.760,-3.172,-0.837,-0.264,-0.136,-45.450,34.950,27.750,37.6
16:34:30.058,2156468,4.348,8.772,-2.655,-0.683,-0.116,-0.118,-42.900,34.050,32.250,37.4
16:34:30.110,2156522,3.630,9.062,-3.213,-0.643,-0.290,-0.086,-42.150,31.200,32.250,37.5
16:34:30.162,2156576,3.184,8.875,-2.490,-0.596,-0.231,-0.074,-42.150,31.200,32.250,37.3
16:34:30.215,2156630,3.503,9.419,-2.772,-0.565,-0.263,-0.019,-41.700,29.400,34.800,37.5
16:34:30.267,2156684,3.630,8.942,-2.449,-0.446,-0.340,0.057,-41.700,29.400,34.800,37.2
16:34:30.320,2156738,3.129,8.827,-2.346,-0.227,-0.035,0.068,-41.400,29.700,34.800,37.3
16:34:30.372,2156792,3.218,8.959,-2.782,-0.185,-0.307,0.044,-41.400,29.700,34.800,37.3
16:34:30.425,2156846,2.813,8.950,-2.346,0.027,-0.015,0.015,-42.150,28.200,31.950,37.6
16:34:30.476,2156900,3.199,9.141,-3.349,0.187,-0.141,0.049,-42.150,28.200,31.950,37.4
16:34:30.529,2156954,2.950,9.210,-3.481,0.439,0.002,0.087,-41.550,27.300,34.650,37.5
16:34:30.583,2157008,3.675,9.282,-4.144,0.636,-0.013,0.048,-41.550,27.300,34.650,37.5
16:34:30.635,2157062,3.745,8.854,-4.135,0.859,0.001,0.074,-43.350,31.800,31.500,37.6
16:34:30.687,2157116,3.958,9.105,-4.788,1.066,0.003,0.091,-43.350,31.800,31.500,37.6
16:34:30.740,2157170,3.800,9.254,-5.042,1.211,-0.057,0.216,-42.600,34.800,29.700,37.3
16:34:30.791,2157224,4.571,8.875,-5.183,1.418,0.083,0.291,-45.450,37.050,23.400,37.5
16:34:30.845,2157278,4.288,8.638,-5.725,1.482,-0.054,0.356,-45.450,37.050,23.400,37.3
16:34:30.897,2157332,4.848,8.442,-6.088,1.500,-0.213,0.399,-44.400,37.350,15.900,37.6
16:34:30.950,2157386,4.492,8.035,-6.974,1.487,-0.414,0.400,-44.400,37.350,15.900,37.5
16:34:31.055,2157440,5.131,7.156,-7.108,1.591,-0.228,0.312,-42.600,33.300,2.700,37.4
16:34:31.056,2157494,5.052,6.483,-8.377,1.634,-0.503,0.343,-42.600,33.300,2.700,37.4
16:34:31.159,2157548,4.410,5.454,-8.021,1.640,-0.626,0.565,-38.100,27.750,-8.400,37.4
16:34:31.213,2157602,3.675,5.183,-8.370,1.699,-0.520,0.625,-38.100,27.750,-8.400,37.3
16:34:31.265,2157656,4.209,3.737,-8.195,1.656,-0.532,0.615,-34.350,16.050,-15.900,37.3
16:34:31.316,2157710,3.567,3.567,-7.903,1.556,-0.408,0.541,-34.350,16.050,-15.900,37.3
16:34:31.369,2157764,3.098,2.184,-7.324,1.350,-0.279,0.499,-28.950,4.800,-19.050,37.3
16:34:31.422,2157818,3.055,1.106,-6.943,0.934,-0.466,0.377,-28.950,4.800,-19.050,37.5
16:34:31.474,2157872,1.741,-0.249,-7.843,0.830,-0.284,0.300,-24.900,-3.900,-20.700,37.4
16:34:31.526,2157926,3.407,0.141,-8.226,0.667,-0.201,0.333,-22.050,-8.250,-21.450,37.3
16:34:31.579,2157980,2.571,-0.419,-8.013,0.588,-0.188,0.319,-22.050,-8.250,-21.450,37.6
16:34:31.632,2158034,2.016,-0.893,-8.248,0.522,-0.105,0.226,-20.100,-10.050,-20.400,37.5
16:34:31.685,2158088,2.169,-1.226,-8.150,0.332,-0.194,0.187,-20.100,-10.050,-20.400,37.3
16:34:31.736,2158142,2.286,-2.198,-8.504,0.233,0.005,0.223,-18.600,-13.950,-20.700,37.6
16:34:31.791,2158196,1.671,-1.762,-8.983,-0.021,-0.302,0.070,-18.600,-13.950,-20.700,37.6
16:34:31.842,2158250,1.970,-1.793,-8.454,-0.091,-0.089,-0.006,-16.200,-15.450,-20.100,37.4
16:34:31.894,2158304,2.320,-2.045,-8.430,-0.080,-0.056,0.012,-16.200,-15.450,-20.100,37.6
16:34:31.947,2158358,2.066,-2.418,-9.280,-0.133,-0.164,0.059,-16.200,-15.450,-20.100,37.2
16:34:32.052,2158412,1.470,-2.210,-9.275,-0.214,-0.133,0.028,-16.200,-15.450,-20.100,37.4
16:34:32.054,2158466,1.930,-1.621,-9.649,-0.209,-0.142,0.049,-16.200,-15.450,-20.100,37.3
16:34:32.105,2158520,2.112,-1.642,-9.201,-0.087,-0.010,0.054,-16.200,-15.450,-20.100,37.3
16:34:32.157,2158574,2.284,-1.360,-8.454,-0.193,0.005,-0.001,-16.200,-15.450,-20.100,37.1
16:34:32.210,2158628,1.750,-1.721,-8.552,-0.315,0.088,0.017,-16.200,-15.450,-20.100,37.5
16:34:32.263,2158682,1.987,-1.369,-8.571,-0.460,0.268,-0.008,-16.200,-15.450,-20.100,37.4
16:34:32.315,2158736,1.939,-1.061,-8.212,-0.548,0.331,-0.083,-16.200,-15.450,-20.100,37.4
16:34:32.367,2158790,2.591,-0.986,-8.361,-0.691,0.329,-0.182,-16.200,-15.450,-20.100,37.4
16:34:32.419,2158844,2.466,-0.390,-7.966,-0.816,0.326,-0.245,-20.700,-8.100,-21.000,37.6
16:34:32.471,2158898,2.772,0.326,-9.060,-0.860,0.300,-0.324,-20.700,-8.100,-21.000,37.3
16:34:32.524,2158952,2.818,0.931,-7.958,-0.941,0.574,-0.402,-23.250,-3.150,-20.400,37.3
16:34:32.576,2159006,3.524,1.104,-9.474,-1.072,0.201,-0.370,-23.250,-3.150,-20.400,37.3
16:34:32.630,2159060,3.148,2.023,-7.530,-1.109,0.539,-0.447,-28.500,2.250,-19.800,37.2
16:34:32.682,2159114,4.147,2.085,-9.024,-1.178,0.379,-0.514,-28.500,2.250,-19.800,37.5
16:34:32.735,2159168,3.960,4.051,-8.009,-1.226,0.605,-0.504,-31.950,10.200,-18.000,37.4
16:34:32.788,2159222,4.532,3.675,-8.959,-1.309,0.276,-0.435,-36.450,16.950,-13.500,37.4
16:34:32.840,2159276,4.580,4.820,-7.554,-1.157,0.697,-0.474,-36.450,16.950,-13.500,37.6
16:34:32.945,2159330,4.848,5.246,-8.255,-1.235,0.460,-0.485,-40.200,25.350,-6.750,37.6
16:34:32.946,2159384,4.800,6.122,-6.934,-1.214,0.560,-0.458,-40.200,25.350,-6.750,37.6
16:34:33.049,2159438,5.234,6.302,-6.713,-1.231,0.248,-0.467,-45.600,29.700,0.150,37.4
16:34:33.101,2159492,3.922,6.512,-6.651,-1.247,0.250,-0.462,-45.600,29.700,0.150,37.3
16:34:33.155,2159546,5.365,7.156,-6.208,-1.170,0.268,-0.440,-45.450,33.450,9.000,37.6
16:34:33.208,2159600,4.645,7.547,-6.005,-1.092,0.086,-0.391,-45.450,33.450,9.000,37.4
16:34:33.260,2159654,4.578,8.226,-5.576,-0.961,0.205,-0.351,-45.000,37.050,16.050,37.7
16:34:33.312,2159708,4.472,7.992,-5.444,-0.858,-0.043,-0.313,-45.000,37.050,16.050,37.4
16:34:33.365,2159762,4.247,8.399,-5.322,-0.766,0.016,-0.294,-45.000,35.250,23.400,37.4
16:34:33.417,2159816,4.283,7.798,-4.463,-0.727,-0.154,-0.276,-45.000,35.250,23.400,37.6
16:34:33.469,2159870,3.948,8.408,-4.319,-0.772,-0.391,-0.294,-44.250,36.450,26.250,37.3
16:34:33.522,2159924,3.946,8.921,-3.754,-0.702,-0.450,-0.265,-43.350,35.850,29.400,37.2
16:34:33.574,2159978,3.551,8.607,-3.168,-0.543,-0.388,-0.203,-43.350,35.850,29.400,37.4
16:34:33.627,2160032,3.124,9.201,-3.268,-0.426,-0.131,0.013,-42.150,34.050,30.750,37.5
16:34:33.731,2160086,3.462,8.669,-3.247,-0.341,-0.183,0.067,-42.150,34.050,30.750,37.4
16:34:33.732,2160140,3.141,8.619,-3.589,-0.293,-0.156,0.123,-42.150,33.000,32.700,37.3
16:34:33.785,2160194,3.450,8.940,-3.177,-0.223,-0.176,0.110,-42.150,33.000,32.700,37.4
16:34:33.838,2160248,3.431,9.055,-3.397,-0.110,-0.091,0.064,-44.700,32.100,32.100,37.4
16:34:33.890,2160302,3.055,8.940,-3.402,-0.059,-0.124,0.113,-44.700,32.100,32.100,37.6
16:34:33.943,2160356,3.661,8.686,-3.067,0.094,-0.048,0.151,-43.350,29.700,32.250,37.2
16:34:33.995,2160410,3.103,8.739,-3.227,0.184,-0.128,0.107,-43.350,29.700,32.250,37.6
16:34:34.046,2160464,3.452,8.724,-3.338,0.278,0.001,0.104,-43.650,31.200,31.950,37.6
16:34:34.099,2160518,3.218,8.724,-3.232,0.299,-0.152,0.106,-43.650,31.200,31.950,37.4
16:34:34.152,2160572,3.136,8.768,-3.862,0.375,-0.155,0.119,-43.050,32.400,29.850,37.4
16:34:34.257,2160626,3.658,8.619,-4.221,0.544,0.005,0.093,-45.000,32.700,28.500,37.6
16:34:34.258,2160680,3.546,8.657,-4.252,0.700,-0.052,0.090,-45.000,32.700,28.500,37.3
16:34:34.309,2160734,3.591,8.569,-5.617,0.791,0.013,0.101,-44.400,35.550,23.100,37.7
16:34:34.362,2160788,3.852,9.069,-5.744,0.946,-0.060,0.174,-44.400,35.550,23.100,37.2
16:34:34.415,2160842,3.546,7.954,-6.747,0.957,-0.500,0.274,-46.350,37.350,19.800,37.3
16:34:34.466,2160896,4.374,7.585,-6.460,1.216,-0.228,0.207,-46.350,37.350,19.800,37.3
16:34:34.570,2160950,4.185,7.223,-7.324,1.398,-0.333,0.087,-43.050,37.500,10.200,37.3
16:34:34.572,2161004,4.499,6.871,-6.790,1.471,-0.111,0.018,-43.050,37.500,10.200,37.6
16:34:34.676,2161058,4.058,6.517,-7.063,1.593,-0.158,0.097,-43.050,37.500,10.200,37.6
16:34:34.678,2161112,3.414,5.495,-7.781,1.505,-0.510,0.304,-43.050,37.500,10.200,37.4
16:34:34.729,2161166,4.271,4.731,-7.245,1.600,-0.291,0.339,-43.050,37.500,10.200,37.4
16:34:34.887,2161220,3.620,4.496,-8.509,1.491,-0.294,0.210,-43.050,37.500,10.200,37.6
16:34:34.888,2161274,4.549,3.821,-7.309,1.414,-0.063,0.191,-43.050,37.500,10.200,37.2
16:34:34.890,2161328,4.003,2.866,-8.432,1.305,-0.058,0.339,-43.050,37.500,10.200,37.5
16:34:34.993,2161382,3.598,2.258,-7.683,1.297,0.174,0.447,-43.050,37.500,10.200,37.4
16:34:35.045,2161436,2.832,0.591,-8.313,0.937,-0.088,0.681,-43.050,37.500,10.200,37.5
16:34:35.096,2161490,3.670,1.381,-7.860,0.794,0.241,0.544,-43.050,37.500,10.200,37.3
16:34:35.150,2161544,3.247,-0.318,-8.602,0.665,-0.017,0.506,-29.550,-4.200,-19.350,37.4
16:34:35.202,2161598,4.204,-0.010,-8.025,0.539,-0.061,0.330,-29.550,-4.200,-19.350,37.4
16:34:35.255,2161652,4.915,-0.955,-8.377,0.425,-0.402,0.367,-25.800,-8.700,-18.000,37.4
16:34:35.307,2161706,3.220,-1.755,-9.103,0.466,-0.299,0.348,-25.800,-8.700,-18.000,37.2
16:34:35.360,2161760,2.976,-1.415,-8.164,0.307,-0.443,0.351,-24.600,-12.000,-18.750,37.6
16:34:35.412,2161814,2.835,-2.215,-8.624,0.284,-0.224,0.285,-24.600,-12.000,-18.750,37.3
16:34:35.464,2161868,2.030,-1.872,-8.128,0.138,-0.273,0.144,-20.700,-13.800,-18.450,37.3
16:34:35.570,2161922,2.746,-2.143,-8.727,0.071,-0.135,0.185,-19.350,-15.450,-18.900,37.5
16:34:35.571,2161976,2.078,-2.164,-8.650,0.064,-0.160,0.141,-19.350,-15.450,-18.900,37.4
16:34:35.621,2162030,1.702,-2.018,-8.712,-0.163,-0.238,0.039,-19.500,-15.600,-18.450,37.4
16:34:35.674,2162084,1.958,-2.495,-8.667,-0.039,0.088,0.047,-19.500,-15.600,-18.450,37.6
16:34:35.727,2162138,2.169,-2.725,-9.057,-0.192,-0.115,0.048,-20.400,-14.850,-17.250,37.4
16:34:35.780,2162192,2.741,-1.913,-8.921,-0.180,-0.039,-0.036,-20.400,-14.850,-17.250,37.3
16:34:35.833,2162246,2.875,-3.014,-9.639,-0.054,0.088,-0.011,-18.450,-16.050,-16.950,37.2
16:34:35.885,2162300,2.765,-2.028,-9.340,-0.139,-0.001,-0.036,-18.450,-16.050,-16.950,37.4
16:34:35.936,2162354,2.883,-2.167,-9.275,-0.047,0.213,-0.001,-18.450,-14.850,-19.050,37.4
16:34:35.989,2162408,2.698,-2.301,-9.306,-0.137,0.062,0.005,-18.450,-14.850,-19.050,37.3
16:34:36.042,2162462,3.060,-2.303,-8.899,-0.142,0.162,-0.026,-21.900,-14.250,-18.750,37.2
16:34:36.094,2162516,2.868,-2.035,-9.390,-0.224,-0.017,0.030,-21.900,-14.250,-18.750,37.5
16:34:36.147,2162570,2.435,-1.642,-8.796,-0.155,0.220,-0.027,-21.450,-14.250,-18.750,37.4
16:34:36.200,2162624,3.275,-1.757,-9.225,-0.224,0.120,-0.039,-22.950,-11.550,-16.800,37.3
16:34:36.252,2162678,2.646,-1.621,-8.607,-0.263,0.043,-0.059,-22.950,-11.550,-16.800,37.3
16:34:36.305,2162732,3.048,-1.683,-9.175,-0.278,0.043,-0.062,-21.750,-13.350,-19.650,37.4
16:34:36.357,2162786,3.117,-1.389,-9.373,-0.364,-0.070,-0.116,-21.750,-13.350,-19.650,37.5
16:34:36.410,2162840,3.452,-1.525,-9.349,-0.339,0.055,-0.186,-24.450,-12.600,-20.400,37.6
16:34:36.461,2162894,3.752,-1.216,-9.318,-0.272,0.007,-0.185,-24.450,-12.600,-20.400,37.6
16:34:36.514,2162948,3.639,-0.687,-8.832,-0.268,0.098,-0.144,-25.350,-9.150,-19.800,37.5
16:34:36.568,2163002,3.333,-0.479,-8.054,-0.306,0.128,-0.114,-25.350,-9.150,-19.800,37.5
16:34:36.619,2163056,3.086,-0.373,-7.927,-0.513,0.175,-0.143,-26.700,-8.250,-19.650,37.0
16:34:36.724,2163110,3.225,0.373,-7.386,-0.602,0.372,-0.192,-26.700,-8.250,-19.650,37.1
16:34:36.726,2163164,3.855,-0.101,-7.774,-0.826,0.253,-0.306,-29.700,-4.800,-18.450,37.6
16:34:36.830,2163218,4.190,1.130,-7.853,-0.978,0.229,-0.410,-29.700,-4.800,-18.450,37.4
16:34:36.882,2163272,4.434,1.156,-7.422,-1.039,0.202,-0.443,-32.400,-0.150,-18.450,37.4
16:34:36.934,2163326,4.772,2.155,-8.389,-1.174,0.136,-0.428,-35.850,5.550,-15.150,37.5
16:34:36.986,2163380,4.554,2.440,-8.552,-1.338,0.175,-0.425,-35.850,5.550,-15.150,37.5
16:34:37.040,2163434,4.638,3.795,-8.258,-1.390,-0.179,-0.408,-39.600,14.400,-14.550,37.3
16:34:37.197,2163488,3.682,4.077,-7.207,-1.276,0.246,-0.389,-39.600,14.400,-14.550,37.1
16:34:37.199,2163542,5.160,4.779,-8.155,-1.288,0.256,-0.436,-41.100,19.800,-8.400,37.2
16:34:37.201,2163596,4.683,5.827,-6.926,-1.290,0.354,-0.508,-41.100,19.800,-8.400,37.4
16:34:37.250,2163650,4.633,6.270,-7.446,-1.260,0.388,-0.532,-41.100,19.800,-8.400,37.4
16:34:37.302,2163704,5.219,6.258,-6.438,-1.309,0.302,-0.554,-41.100,19.800,-8.400,37.6
16:34:37.355,2163758,3.845,7.319,-6.936,-1.498,0.133,-0.491,-41.100,19.800,-8.400,37.4
16:34:37.406,2163812,4.551,6.912,-4.836,-1.463,0.108,-0.481,-41.100,19.800,-8.400,37.3
16:34:37.458,2163866,4.908,7.776,-5.930,-1.191,0.191,-0.445,-41.100,19.800,-8.400,37.4
16:34:37.511,2163920,3.749,8.464,-4.527,-1.053,0.370,-0.364,-41.100,19.800,-8.400,37.6
16:34:37.565,2163974,4.374,8.416,-5.035,-0.968,-0.014,-0.351,-41.100,19.800,-8.400,37.1
16:34:37.616,2164028,3.409,8.770,-4.252,-0.780,0.233,-0.333,-41.100,19.800,-8.400,37.6
16:34:37.668,2164082,3.915,8.751,-3.936,-0.786,-0.046,-0.241,-41.100,19.800,-8.400,37.3
16:34:37.721,2164136,3.402,8.756,-3.330,-0.683,0.090,-0.179,-44.850,33.000,32.700,37.4
16:34:37.774,2164190,3.685,8.792,-3.395,-0.532,0.091,-0.191,-44.850,33.000,32.700,37.4
16:34:37.826,2164244,2.624,8.689,-1.805,-0.521,0.002,-0.300,-43.950,30.300,36.150,37.5
16:34:37.983,2164298,2.990,9.515,-2.334,-0.582,-0.044,-0.263,-43.950,30.300,36.150,37.6
16:34:37.985,2164352,3.084,9.395,-2.148,-0.572,-0.388,-0.204,-42.750,29.850,37.650,37.6
16:34:37.987,2164406,2.547,9.215,-1.583,-0.396,-0.012,-0.189,-42.750,29.850,37.650,37.2
16:34:38.036,2164460,2.763,9.483,-1.731,-0.437,-0.161,-0.201,-42.600,27.150,38.850,37.3
16:34:38.090,2164514,2.404,9.383,-1.683,-0.501,-0.409,-0.102,-42.600,27.150,38.850,37.7
16:34:38.141,2164568,3.134,9.620,-1.980,-0.427,-0.027,-0.054,-42.000,25.200,37.200,37.4
16:34:38.194,2164622,2.433,9.510,-1.049,-0.499,-0.558,-0.063,-40.800,24.900,37.200,37.4
16:34:38.246,2164676,2.380,9.661,-0.373,-0.489,-0.425,0.018,-40.800,24.900,37.200,37.3
16:34:38.299,2164730,2.231,9.158,-0.297,-0.319,-0.208,-0.001,-42.150,25.050,36.000,37.4
16:34:38.353,2164784,2.363,9.151,-0.718,-0.245,-0.232,-0.052,-42.150,25.050,36.000,37.5
16:34:38.405,2164838,2.215,9.199,-0.330,-0.202,-0.332,-0.075,-41.100,23.400,35.100,37.3
16:34:38.456,2164892,2.471,9.131,-0.460,-0.157,-0.145,-0.054,-41.100,23.400,35.100,37.2
16:34:38.508,2164946,2.406,9.076,-0.239,-0.165,-0.254,-0.076,-42.600,24.600,34.050,37.4
16:34:38.613,2165000,4.216,10.032,-0.225,-0.171,-0.064,-0.040,-42.600,24.600,34.050,37.4
16:34:38.615,2165054,2.339,9.383,-0.101,-0.146,-0.144,0.002,-43.950,24.150,33.600,37.6
16:34:38.719,2165108,2.492,9.823,0.017,-0.085,-0.107,0.007,-43.950,24.150,33.600,37.6
16:34:38.771,2165162,2.552,9.234,-0.055,-0.052,-0.241,0.000,-42.300,23.100,32.400,37.6
16:34:38.824,2165216,2.509,9.582,0.134,-0.004,0.043,0.075,-42.300,23.100,32.400,37.6
16:34:38.877,2165270,2.116,9.309,-0.108,0.014,-0.012,0.052,-41.550,24.450,33.600,37.4
16:34:38.929,2165324,2.624,9.390,-0.259,0.038,0.050,0.029,-43.050,21.900,32.100,37.4
16:34:38.982,2165378,2.421,9.613,-0.294,0.119,0.117,0.049,-43.050,21.900,32.100,37.1
16:34:39.085,2165432,2.986,9.704,-1.446,0.168,-0.042,0.062,-44.400,22.500,32.700,37.4
16:34:39.088,2165486,2.327,10.084,-2.198,0.314,-0.450,0.161,-44.400,22.500,32.700,37.3
16:34:39.139,2165540,2.650,10.171,-2.349,0.496,-0.147,0.304,-43.050,24.150,32.400,37.3
16:34:39.192,2165594,2.583,9.706,-3.220,0.742,-0.164,0.306,-43.050,24.150,32.400,37.3
16:34:39.245,2165648,3.256,9.349,-3.682,0.998,-0.199,0.193,-43.950,25.200,32.850,37.2
16:34:39.298,2165702,2.796,9.819,-3.649,1.345,0.116,0.166,-43.950,25.200,32.850,37.4
16:34:39.350,2165756,2.696,9.689,-4.748,1.414,-0.258,0.197,-45.000,29.100,31.350,37.4
16:34:39.402,2165810,3.472,9.371,-4.271,1.612,0.123,0.213,-45.000,29.100,31.350,37.1
16:34:39.505,2165864,3.905,9.546,-5.224,1.758,0.033,0.276,-43.500,36.750,24.000,37.4
16:34:39.508,2165918,3.757,8.827,-5.404,1.803,0.107,0.342,-43.500,36.750,24.000,37.4
16:34:39.558,2165972,3.970,7.954,-6.608,1.861,-0.188,0.365,-43.650,37.350,14.400,37.4
16:34:39.611,2166026,4.338,7.190,-6.275,1.957,0.195,0.424,-43.350,34.800,1.500,37.4
16:34:39.663,2166080,4.535,6.601,-7.302,1.888,-0.213,0.386,-43.350,34.800,1.500,37.4
16:34:39.716,2166134,4.360,5.871,-7.484,1.684,-0.228,0.375,-43.350,34.800,1.500,37.6
16:34:39.769,2166188,3.962,4.501,-7.393,1.616,-0.325,0.413,-43.350,34.800,1.500,37.4
16:34:39.822,2166242,4.633,3.922,-7.494,1.412,-0.457,0.399,-43.350,34.800,1.500,37.1
16:34:39.874,2166296,3.321,2.947,-6.548,1.266,-0.304,0.401,-43.350,34.800,1.500,37.4
16:34:39.927,2166350,4.029,2.363,-7.690,1.259,-0.088,0.425,-43.350,34.800,1.500,37.5
16:34:39.979,2166404,2.648,1.542,-6.881,0.917,-0.208,0.478,-43.350,34.800,1.500,37.3
16:34:40.032,2166458,3.840,0.917,-8.768,0.913,-0.258,0.523,-43.350,34.800,1.500,37.6
16:34:40.085,2166512,4.116,-0.500,-7.860,0.924,0.206,0.419,-43.350,34.800,1.500,37.3
16:34:40.136,2166566,3.587,-0.045,-8.217,0.535,-0.346,0.406,-43.350,34.800,1.500,37.4
16:34:40.189,2166620,2.830,-1.003,-7.556,0.459,-0.153,0.416,-43.350,34.800,1.500,37.4
16:34:40.242,2166674,3.692,-1.571,-8.430,0.458,-0.108,0.285,-43.350,34.800,1.500,37.3
16:34:40.294,2166728,2.567,-0.972,-7.499,0.334,-0.141,0.185,-24.450,-12.600,-18.150,37.4
16:34:40.346,2166782,2.899,-1.700,-8.811,0.168,-0.109,0.076,-24.450,-12.600,-18.150,37.4
16:34:40.400,2166836,3.488,-1.130,-8.198,-0.006,-0.291,0.021,-21.450,-13.050,-19.500,37.4
16:34:40.505,2166890,2.974,-2.014,-8.906,0.165,-0.006,0.141,-21.450,-13.050,-19.500,37.4
16:34:40.507,2166944,3.273,-1.853,-9.122,0.031,-0.143,0.143,-21.900,-12.450,-19.800,37.4
16:34:40.610,2166998,2.705,-1.786,-8.926,0.090,-0.044,0.073,-21.900,-12.450,-19.800,37.4
16:34:40.662,2167052,2.840,-1.307,-8.882,-0.012,-0.123,0.080,-19.350,-14.400,-19.650,37.4
16:34:40.714,2167106,2.954,-2.093,-9.527,0.000,-0.062,0.159,-19.350,-14.400,-19.650,37.6
16:34:40.818,2167160,1.956,-2.181,-9.091,-0.033,0.056,0.070,-19.800,-14.400,-18.150,37.2
16:34:40.871,2167214,2.811,-2.820,-9.421,-0.022,0.025,0.003,-19.800,-14.400,-18.150,37.5
16:34:40.872,2167268,2.765,-3.086,-9.883,-0.047,-0.069,-0.060,-19.800,-15.150,-17.850,37.6
16:34:40.977,2167322,2.033,-2.447,-9.419,-0.110,-0.153,-0.055,-19.950,-15.300,-17.250,37.6
16:34:40.978,2167376,2.715,-2.296,-9.371,-0.012,-0.062,-0.079,-19.950,-15.300,-17.250,37.6
16:34:41.029,2167430,2.136,-1.626,-8.614,-0.070,-0.108,-0.109,-21.300,-15.450,-19.350,37.2
16:34:41.081,2167484,2.722,-2.112,-8.444,-0.086,0.030,-0.126,-21.300,-15.450,-19.350,37.2
16:34:41.135,2167538,2.540,-1.781,-8.210,-0.196,0.028,-0.151,-19.500,-14.250,-19.050,37.4
16:34:41.186,2167592,2.701,-1.511,-8.040,-0.351,0.207,-0.197,-19.500,-14.250,-19.050,37.3
16:34:41.240,2167646,3.100,-1.362,-8.600,-0.419,0.102,-0.227,-23.100,-14.250,-17.700,37.3
16:34:41.292,2167700,2.849,-1.161,-8.748,-0.506,0.162,-0.259,-23.100,-14.250,-17.700,37.4
16:34:41.344,2167754,2.863,-0.941,-8.456,-0.585,0.178,-0.306,-24.300,-10.500,-19.800,37.6
16:34:41.396,2167808,2.895,-0.979,-8.995,-0.619,0.202,-0.323,-24.300,-10.500,-19.800,37.3
16:34:41.449,2167862,3.666,-0.259,-8.363,-0.705,0.145,-0.369,-25.200,-5.700,-20.100,37.4
16:34:41.501,2167916,3.603,0.503,-8.219,-0.733,0.249,-0.390,-25.200,-5.700,-20.100,37.3
16:34:41.555,2167970,3.888,0.443,-8.298,-0.888,0.279,-0.387,-28.500,-3.750,-18.750,37.4
16:34:41.607,2168024,3.680,1.274,-8.315,-1.037,0.197,-0.422,-32.550,2.100,-17.550,37.3
16:34:41.660,2168078,4.053,1.109,-8.492,-1.099,0.354,-0.512,-32.550,2.100,-17.550,37.2
16:34:41.712,2168132,4.159,2.162,-8.219,-1.077,0.345,-0.507,-35.850,9.900,-16.200,37.6
16:34:41.763,2168186,4.855,3.062,-8.614,-1.060,0.275,-0.488,-35.850,9.900,-16.200,37.3
16:34:41.816,2168240,4.228,3.682,-8.088,-1.051,0.267,-0.390,-37.800,14.250,-14.400,37.4
16:34:41.868,2168294,4.592,3.749,-7.913,-1.032,0.261,-0.448,-37.800,14.250,-14.400,37.4
16:34:41.921,2168348,4.827,4.927,-8.305,-1.023,0.161,-0.412,-39.750,22.800,-8.850,37.2
16:34:41.974,2168402,4.168,5.143,-7.441,-1.178,0.096,-0.463,-39.750,22.800,-8.850,37.6
16:34:42.026,2168456,4.978,5.667,-7.422,-1.197,0.002,-0.514,-42.750,26.700,-4.650,37.4
16:34:42.079,2168510,3.464,6.665,-6.543,-1.159,0.124,-0.466,-42.750,26.700,-4.650,37.3
16:34:42.131,2168564,4.630,6.773,-6.488,-1.022,0.176,-0.468,-46.050,34.350,3.000,37.4
16:34:42.184,2168618,4.216,7.491,-5.918,-1.096,0.030,-0.399,-46.050,34.350,3.000,37.2
16:34:42.236,2168672,3.855,7.132,-5.875,-0.976,0.095,-0.308,-45.000,39.600,9.450,37.5
16:34:42.289,2168726,4.616,7.946,-5.614,-1.076,-0.020,-0.256,-45.000,39.600,9.450,37.3
16:34:42.394,2168780,3.950,7.740,-4.561,-0.966,0.191,-0.324,-45.000,39.600,9.450,37.4
16:34:42.395,2168834,3.721,8.581,-5.600,-0.975,-0.012,-0.329,-45.000,39.600,9.450,37.3
16:34:42.499,2168888,4.161,8.327,-4.046,-0.938,-0.015,-0.252,-45.000,39.600,9.450,37.6
16:34:42.603,2168942,3.790,8.698,-4.039,-0.906,-0.098,-0.144,-45.000,39.600,9.450,37.3
16:34:42.605,2168996,3.651,8.638,-3.223,-0.825,0.041,-0.130,-45.000,39.600,9.450,37.4
16:34:42.656,2169050,3.407,8.952,-3.608,-0.762,-0.197,-0.127,-45.000,39.600,9.450,37.4
16:34:42.709,2169104,2.167,8.921,-2.799,-0.804,-0.106,-0.136,-45.000,39.600,9.450,37.4
16:34:42.814,2169158,3.211,9.081,-3.139,-0.788,-0.400,-0.060,-45.000,39.600,9.450,37.4
16:34:42.816,2169212,2.363,8.672,-1.793,-0.563,-0.091,-0.008,-45.000,39.600,9.450,37.3
16:34:42.866,2169266,3.053,9.153,-2.140,-0.619,-0.304,-0.038,-43.650,29.400,36.000,37.7
16:34:42.919,2169320,3.031,9.108,-0.991,-0.532,-0.464,-0.044,-42.900,28.650,34.050,37.6
16:34:42.972,2169374,2.732,9.210,-1.295,-0.365,-0.292,-0.078,-42.900,28.650,34.050,37.6
16:34:43.030,2169428,2.430,9.562,-1.226,-0.379,-0.226,-0.021,-42.300,26.250,35.400,37.4
16:34:43.076,2169482,3.208,9.510,-0.917,-0.403,-0.474,0.013,-42.300,26.250,35.400,37.2
16:34:43.128,2169536,2.636,9.201,-0.424,-0.313,-0.236,0.006,-42.600,25.800,35.550,37.3
16:34:43.181,2169590,2.737,9.199,-0.852,-0.258,-0.266,-0.014,-42.600,25.800,35.550,37.4
16:34:43.233,2169644,2.866,9.210,-0.764,-0.224,-0.070,-0.033,-42.600,25.350,35.250,37.3
16:34:43.286,2169698,2.787,9.256,-0.699,-0.152,0.042,-0.040,-42.600,25.350,35.250,37.4
16:34:43.339,2169752,3.093,9.234,-0.275,-0.090,0.141,-0.067,-43.650,23.250,34.050,37.6
16:34:43.391,2169806,2.567,9.280,-0.515,-0.083,-0.057,-0.065,-43.650,23.250,34.050,37.4
16:34:43.495,2169860,2.899,9.414,-0.072,-0.081,-0.018,-0.005,-42.750,23.400,33.900,37.2
16:34:43.497,2169914,2.998,9.313,-0.397,-0.095,-0.137,0.011,-42.750,23.400,33.900,37.3
16:34:43.552,2169968,2.749,9.158,-0.385,0.030,0.017,0.001,-43.650,25.050,34.050,37.5
16:34:43.601,2170022,2.801,9.361,-1.439,0.169,0.244,0.007,-42.300,23.700,34.650,37.3
16:34:43.653,2170076,2.600,9.510,-1.109,0.270,-0.159,0.026,-42.300,23.700,34.650,37.5
16:34:43.706,2170130,2.198,9.706,-2.959,0.439,-0.155,0.233,-42.150,25.350,35.250,37.3
16:34:43.758,2170184,3.338,9.876,-2.978,0.665,0.011,0.357,-42.150,25.350,35.250,37.3
16:34:43.811,2170238,3.431,9.828,-3.828,0.919,-0.347,0.207,-44.250,27.300,33.900,37.4
16:34:43.863,2170292,2.931,9.704,-4.492,1.210,-0.355,0.245,-44.250,27.300,33.900,37.1
16:34:43.968,2170346,3.402,9.613,-4.628,1.515,-0.092,0.218,-45.300,30.750,32.250,37.4
16:34:43.970,2170400,3.591,9.431,-4.709,1.760,-0.031,0.062,-45.300,30.750,32.250,37.4
16:34:44.021,2170454,3.220,9.122,-5.176,1.802,-0.239,0.052,-46.350,36.600,24.900,37.6
16:34:44.073,2170508,4.003,9.299,-5.748,1.897,-0.136,0.152,-46.350,36.600,24.900,37.3
16:34:44.126,2170562,3.608,8.528,-6.235,1.889,-0.266,0.171,-43.050,40.050,12.300,37.6
16:34:44.179,2170616,3.316,7.774,-6.783,1.879,-0.218,0.171,-43.050,40.050,12.300,37.5
16:34:44.284,2170670,3.843,6.632,-7.175,1.860,-0.207,0.193,-40.650,35.100,0.150,37.4
16:34:44.285,2170724,4.099,6.282,-7.293,1.792,-0.192,0.201,-35.850,25.350,-10.050,37.6
16:34:44.389,2170778,3.127,4.271,-7.245,1.682,-0.193,0.262,-35.850,25.350,-10.050,37.6
16:34:44.441,2170832,4.164,4.041,-7.997,1.612,-0.176,0.369,-33.000,17.550,-17.550,37.3
16:34:44.493,2170886,3.000,2.564,-8.205,1.365,-0.456,0.265,-33.000,17.550,-17.550,37.5
16:34:44.546,2170940,3.012,2.131,-8.035,1.306,-0.143,0.225,-28.350,6.750,-19.650,37.6
16:34:44.598,2170994,3.014,1.154,-8.413,1.151,-0.312,0.180,-28.350,6.750,-19.650,37.6
16:34:44.651,2171048,2.892,0.651,-7.458,0.985,0.031,0.144,-25.050,0.450,-20.550,37.2
16:34:44.703,2171102,2.145,0.160,-8.995,0.734,-0.332,0.216,-25.050,0.450,-20.550,37.4
16:34:44.756,2171156,3.505,0.235,-7.705,0.795,-0.119,0.201,-25.050,0.450,-20.550,37.3
16:34:44.808,2171210,2.131,-1.365,-8.873,0.553,-0.313,0.136,-25.050,0.450,-20.550,37.2
16:34:44.861,2171264,2.914,-1.202,-8.217,0.307,-0.010,0.083,-25.050,0.450,-20.550,37.2
16:34:44.913,2171318,2.375,-0.702,-8.705,0.189,-0.303,0.250,-25.050,0.450,-20.550,37.7
16:34:44.966,2171372,2.593,-1.891,-8.751,0.275,0.135,0.185,-25.050,0.450,-20.550,37.4
16:34:45.019,2171426,1.935,-1.803,-9.033,0.041,-0.358,0.114,-25.050,0.450,-20.550,37.3
16:34:45.071,2171480,0.972,-1.437,-8.669,-0.073,-0.184,0.058,-25.050,0.450,-20.550,37.4
16:34:45.123,2171534,2.660,-1.812,-9.024,0.027,0.097,0.069,-25.050,0.450,-20.550,37.6
16:34:45.176,2171588,2.761,-1.815,-8.976,-0.097,-0.101,0.102,-25.050,0.450,-20.550,37.6
16:34:45.229,2171642,1.935,-2.018,-8.988,-0.047,0.191,0.104,-16.800,-13.800,-18.750,37.3
16:34:45.334,2171696,2.885,-2.033,-9.634,-0.131,-0.044,0.071,-16.800,-13.800,-18.750,37.3
16:34:45.336,2171750,2.437,-1.633,-9.505,-0.009,0.201,-0.002,-17.850,-14.700,-18.600,37.4
16:34:45.386,2171804,2.368,-1.901,-9.507,-0.097,-0.083,0.022,-17.850,-14.700,-18.600,37.3
16:34:45.492,2171858,2.569,-1.865,-9.112,-0.051,0.112,-0.039,-17.850,-12.600,-19.350,37.4
16:34:45.494,2171912,2.818,-1.944,-9.376,-0.078,-0.076,0.042,-17.850,-12.600,-19.350,37.3
16:34:45.597,2171966,1.872,-1.887,-9.512,-0.148,-0.086,-0.020,-19.050,-12.900,-17.550,37.3
16:34:45.599,2172020,2.761,-2.200,-9.572,-0.041,0.110,-0.005,-19.950,-14.250,-18.750,37.3
16:34:45.650,2172074,2.509,-1.496,-9.756,-0.166,-0.128,0.011,-19.950,-14.250,-18.750,37.4
16:34:45.701,2172128,2.483,-1.568,-9.163,-0.070,0.063,-0.001,-19.200,-12.750,-20.250,37.2
16:34:45.754,2172182,2.373,-1.733,-8.935,-0.165,-0.083,-0.004,-19.200,-12.750,-20.250,37.3
16:34:45.858,2172236,2.327,-1.123,-8.679,-0.174,0.090,-0.046,-19.200,-12.450,-20.550,37.3
16:34:45.860,2172290,2.155,-1.113,-8.413,-0.311,0.144,-0.079,-19.200,-12.450,-20.550,37.4
16:34:45.911,2172344,2.830,-0.797,-8.248,-0.496,0.128,-0.073,-20.700,-12.750,-21.000,37.6
16:34:45.964,2172398,2.598,-0.484,-7.954,-0.585,0.283,-0.138,-20.700,-12.750,-21.000,37.4
16:34:46.017,2172452,2.990,-0.062,-8.411,-0.722,0.084,-0.122,-21.750,-7.800,-20.700,37.6
16:34:46.068,2172506,2.717,0.103,-7.312,-0.859,0.283,-0.108,-21.750,-7.800,-20.700,37.6
16:34:46.174,2172560,3.476,0.215,-8.025,-0.986,0.230,-0.208,-25.650,-5.400,-19.350,37.4
16:34:46.175,2172614,3.218,1.360,-7.556,-1.141,0.236,-0.241,-25.650,-5.400,-19.350,37.3
16:34:46.329,2172668,3.390,1.707,-8.440,-1.347,0.098,-0.285,-29.250,0.150,-21.300,37.4
16:34:46.332,2172722,3.548,2.466,-8.224,-1.337,0.369,-0.386,-31.950,7.350,-16.500,37.4
16:34:46.383,2172776,3.421,3.539,-9.275,-1.479,0.114,-0.408,-31.950,7.350,-16.500,37.4
16:34:46.436,2172830,3.424,3.941,-8.578,-1.368,0.358,-0.462,-36.900,18.000,-14.550,37.5
16:34:46.488,2172884,4.144,4.379,-9.103,-1.358,0.244,-0.471,-36.900,18.000,-14.550,37.4
16:34:46.541,2172938,3.610,5.777,-8.569,-1.272,0.294,-0.445,-40.050,24.900,-7.200,37.4
16:34:46.593,2172992,4.506,6.024,-8.100,-1.194,0.276,-0.388,-40.050,24.900,-7.200,37.6
16:34:46.646,2173046,3.812,6.285,-8.061,-1.130,0.302,-0.370,-40.950,31.500,1.200,37.1
16:34:46.698,2173100,4.190,6.670,-7.389,-1.086,-0.012,-0.301,-40.950,31.500,1.200,37.2
16:34:46.751,2173154,3.938,7.151,-7.096,-0.941,0.306,-0.294,-43.950,35.700,7.200,37.2
16:34:46.803,2173208,4.245,7.101,-6.381,-0.921,0.141,-0.197,-43.950,35.700,7.200,37.5
16:34:46.856,2173262,4.312,7.345,-5.698,-0.852,0.076,-0.164,-43.500,36.450,12.750,37.6
16:34:46.909,2173316,3.773,7.568,-5.653,-0.812,0.004,-0.119,-43.500,36.450,12.750,37.3
16:34:46.961,2173370,3.955,7.815,-4.994,-0.765,0.026,-0.155,-44.700,36.450,18.600,37.6
16:34:47.013,2173424,3.630,8.203,-4.590,-0.769,0.035,-0.156,-43.950,36.750,22.950,37.2
16:34:47.066,2173478,3.338,8.341,-4.259,-0.771,0.018,-0.157,-43.950,36.750,22.950,37.2
16:34:47.119,2173532,3.615,8.471,-3.824,-0.741,-0.050,-0.163,-42.300,35.250,27.000,37.1
16:34:47.171,2173586,3.103,8.679,-4.025,-0.728,-0.145,-0.137,-42.300,35.250,27.000,37.3
16:34:47.223,2173640,4.082,8.576,-3.251,-0.575,0.021,-0.103,-42.300,35.250,27.000,37.6
16:34:47.276,2173694,3.199,8.868,-3.445,-0.628,-0.224,0.027,-42.300,35.250,27.000,37.5
16:34:47.328,2173748,3.033,8.720,-3.019,-0.607,-0.313,-0.015,-42.300,35.250,27.000,37.5
16:34:47.433,2173802,3.259,8.677,-2.828,-0.537,-0.376,-0.047,-42.300,35.250,27.000,37.2
16:34:47.435,2173856,2.729,8.748,-2.715,-0.451,-0.262,-0.049,-42.300,35.250,27.000,37.4
16:34:47.486,2173910,3.089,8.957,-2.339,-0.367,-0.148,-0.029,-42.300,35.250,27.000,37.4
16:34:47.538,2173964,2.986,8.978,-2.449,-0.312,-0.166,-0.012,-42.300,35.250,27.000,37.3
16:34:47.591,2174018,2.804,9.177,-2.303,-0.266,-0.131,-0.014,-42.300,35.250,27.000,37.6
16:34:47.697,2174072,3.182,8.849,-1.992,-0.250,-0.115,-0.030,-42.300,35.250,27.000,37.4
16:34:47.698,2174126,2.871,9.045,-1.997,-0.203,-0.110,-0.015,-42.900,29.400,31.200,37.4
16:34:47.749,2174180,3.302,8.969,-2.181,-0.129,-0.023,-0.023,-42.900,29.400,31.200,37.4
16:34:47.801,2174234,3.110,8.902,-2.279,-0.029,0.068,-0.007,-41.700,28.950,28.950,37.3
16:34:47.853,2174288,3.357,8.882,-2.291,0.051,0.128,-0.022,-41.700,28.950,28.950,37.3
16:34:47.906,2174342,3.397,8.875,-2.545,0.187,0.237,-0.078,-42.600,29.400,31.500,37.6
16:34:47.958,2174396,3.259,8.957,-3.120,0.286,0.149,-0.070,-42.600,29.400,31.500,37.3
16:34:48.065,2174450,2.631,9.275,-3.488,0.452,0.096,-0.016,-42.300,30.300,30.300,37.3
16:34:48.067,2174504,2.701,9.280,-3.651,0.622,-0.073,0.066,-42.300,30.300,30.300,37.5
16:34:48.169,2174558,2.904,9.378,-4.654,0.784,-0.010,0.113,-43.050,32.400,30.300,37.2
16:34:48.221,2174612,3.543,9.428,-4.427,0.978,0.059,0.104,-43.050,32.400,30.300,37.2
16:34:48.275,2174666,3.778,9.261,-5.148,1.164,-0.058,0.150,-44.250,33.900,28.500,37.3
16:34:48.326,2174720,3.345,9.574,-5.535,1.284,0.030,0.207,-43.500,37.050,22.950,37.5
16:34:48.378,2174774,3.493,8.523,-6.756,1.274,-0.347,0.209,-43.500,37.050,22.950,37.3
16:34:48.431,2174828,3.666,8.135,-6.325,1.503,0.043,0.136,-41.700,39.150,13.950,37.3
16:34:48.483,2174882,3.958,7.875,-6.407,1.604,-0.142,0.189,-41.700,39.150,13.950,37.4
16:34:48.536,2174936,3.395,7.116,-6.474,1.648,0.005,0.290,-40.650,36.150,2.250,37.6
16:34:48.588,2174990,3.754,6.481,-6.828,1.531,-0.182,0.378,-40.650,36.150,2.250,37.2
16:34:48.641,2175044,3.548,5.150,-7.326,1.490,-0.173,0.400,-38.100,29.550,-7.650,37.4
16:34:48.694,2175098,3.943,5.409,-8.013,1.338,-0.117,0.398,-38.100,29.550,-7.650,37.3
16:34:48.746,2175152,4.175,4.465,-6.950,1.251,-0.080,0.319,-36.150,21.600,-13.050,37.3
16:34:48.798,2175206,3.864,3.924,-7.898,1.147,-0.300,0.372,-36.150,21.600,-13.050,37.5
16:34:48.853,2175260,3.440,2.430,-7.558,1.061,-0.218,0.381,-31.650,13.500,-16.950,37.6
16:34:48.903,2175314,3.383,2.002,-7.585,0.990,-0.217,0.348,-31.650,13.500,-16.950,37.5
16:34:48.957,2175368,3.807,1.446,-7.750,0.841,-0.191,0.269,-29.100,6.450,-18.900,37.6
16:34:49.008,2175422,2.349,1.262,-8.760,0.685,-0.313,0.339,-27.750,0.150,-19.800,37.4
16:34:49.061,2175476,3.019,0.414,-8.535,0.548,-0.326,0.354,-27.750,0.150,-19.800,37.4
16:34:49.113,2175530,3.208,-0.180,-8.672,0.540,-0.196,0.229,-24.600,-4.050,-20.550,37.4
16:34:49.166,2175584,2.655,-0.522,-9.594,0.285,-0.504,0.263,-24.600,-4.050,-20.550,37.4
16:34:49.220,2175638,2.083,-0.400,-8.681,0.348,-0.219,0.254,-23.700,-6.450,-22.200,37.5
16:34:49.271,2175692,2.006,-0.385,-9.333,0.420,-0.238,0.317,-23.700,-6.450,-22.200,37.5
16:34:49.324,2175746,2.543,-0.024,-8.270,0.241,-0.416,0.248,-20.550,-9.300,-20.700,37.2
16:34:49.378,2175800,1.978,-1.860,-8.212,0.261,-0.208,0.225,-20.550,-9.300,-20.700,37.2
16:34:49.429,2175854,1.872,-0.687,-7.922,0.081,-0.216,0.070,-18.750,-11.250,-21.300,37.3
16:34:49.481,2175908,1.822,-2.227,-8.928,0.029,0.137,0.003,-18.750,-11.250,-21.300,37.2
16:34:49.586,2175962,2.272,-1.700,-9.481,-0.056,0.102,-0.128,-15.900,-12.150,-20.700,37.4
16:34:49.589,2176016,1.949,-1.595,-9.428,0.004,0.020,-0.113,-15.900,-12.150,-20.700,37.3
16:34:49.639,2176070,2.519,-1.164,-9.084,0.023,0.020,-0.078,-19.050,-12.150,-20.700,37.7
16:34:49.691,2176124,2.818,-1.185,-9.117,0.018,-0.022,-0.015,-18.750,-11.700,-22.050,37.6
16:34:49.744,2176178,2.181,-0.843,-8.717,-0.038,-0.064,0.041,-18.750,-11.700,-22.050,37.3
16:34:49.797,2176232,2.433,-1.341,-9.115,-0.201,-0.136,0.056,-19.500,-11.250,-20.550,37.1
16:34:49.849,2176286,2.195,-1.844,-8.933,-0.143,-0.010,0.028,-19.500,-11.250,-20.550,37.3
16:34:49.954,2176340,2.787,-1.173,-9.246,-0.276,-0.139,0.000,-20.100,-12.600,-19.650,37.3
16:34:49.956,2176394,2.222,-1.618,-9.905,-0.171,-0.058,-0.006,-20.100,-12.600,-19.650,37.4
16:34:50.058,2176448,1.980,-1.231,-8.947,-0.213,-0.018,-0.042,-20.100,-12.600,-19.650,37.4
16:34:50.111,2176502,2.461,-1.092,-9.254,-0.200,0.100,-0.079,-20.100,-12.600,-19.650,37.4
16:34:50.215,2176556,2.425,-0.486,-8.514,-0.264,0.148,-0.059,-20.100,-12.600,-19.650,37.4
16:34:50.216,2176610,1.877,-0.500,-8.274,-0.458,0.217,-0.087,-20.100,-12.600,-19.650,37.4
16:34:50.269,2176664,2.854,-0.345,-8.435,-0.547,0.362,-0.108,-20.100,-12.600,-19.650,37.2
16:34:50.321,2176718,2.447,-0.144,-7.997,-0.680,0.277,-0.147,-20.100,-12.600,-19.650,37.2
16:34:50.373,2176772,3.304,0.397,-8.131,-0.750,0.366,-0.142,-20.100,-12.600,-19.650,37.3
16:34:50.426,2176826,2.801,0.443,-8.952,-0.930,0.083,-0.168,-20.100,-12.600,-19.650,37.4
16:34:50.478,2176880,3.759,1.602,-8.145,-0.969,0.239,-0.148,-20.100,-12.600,-19.650,37.6
16:34:50.531,2176934,3.524,1.930,-9.108,-1.090,0.073,-0.214,-20.100,-12.600,-19.650,37.6
16:34:50.584,2176988,3.352,2.933,-8.564,-1.131,0.179,-0.167,-20.100,-12.600,-19.650,37.3
16:34:50.637,2177042,3.881,3.055,-8.926,-1.203,0.135,-0.253,-30.600,11.100,-17.850,37.4
16:34:50.689,2177096,4.429,4.049,-8.365,-1.221,-0.059,-0.259,-30.600,11.100,-17.850,37.2
16:34:50.764,2177150,3.175,4.331,-8.873,-1.171,0.325,-0.231,-32.850,18.450,-13.950,37.0
16:34:50.794,2177204,4.635,4.592,-8.097,-1.213,0.296,-0.258,-32.850,18.450,-13.950,37.6
16:34:50.846,2177258,4.496,6.134,-7.424,-1.150,0.405,-0.260,-37.050,24.300,-8.850,37.6
16:34:50.898,2177312,3.634,5.509,-7.781,-1.184,0.187,-0.240,-37.050,24.300,-8.850,37.2
16:34:50.951,2177366,4.721,6.352,-7.288,-1.201,0.169,-0.359,-42.000,29.850,-4.650,37.3
16:34:51.003,2177420,4.068,7.058,-6.874,-1.023,0.266,-0.346,-41.400,33.000,4.800,37.3
16:34:51.108,2177474,3.699,7.183,-6.419,-1.004,0.244,-0.448,-41.400,33.000,4.800,37.3
16:34:51.110,2177528,3.723,7.180,-6.225,-1.023,0.155,-0.354,-43.350,37.350,11.400,37.3
16:34:51.162,2177582,4.281,7.901,-5.643,-0.937,0.156,-0.432,-43.350,37.350,11.400,37.3
16:34:51.318,2177636,3.419,8.076,-5.294,-0.887,0.100,-0.390,-44.100,39.750,16.200,37.3
16:34:51.373,2177690,3.287,8.207,-4.542,-0.891,-0.035,-0.397,-44.100,39.750,16.200,37.6
16:34:51.374,2177744,3.414,8.894,-4.118,-0.852,-0.020,-0.465,-41.400,36.900,23.850,37.6
16:34:51.424,2177798,3.120,8.475,-4.697,-0.958,-0.323,-0.418,-41.400,36.900,23.850,37.2
16:34:51.426,2177852,3.290,9.280,-3.426,-0.791,-0.147,-0.257,-41.550,37.800,27.750,37.5
16:34:51.476,2177906,2.787,8.653,-3.699,-0.727,-0.150,-0.161,-41.550,37.800,27.750,37.3
16:34:51.581,2177960,2.222,9.268,-2.813,-0.692,-0.236,-0.122,-40.800,35.250,30.300,37.4
16:34:51.583,2178014,2.653,8.911,-3.036,-0.557,-0.067,-0.004,-40.800,35.250,30.300,37.2
16:34:51.633,2178068,2.081,9.038,-2.684,-0.525,-0.164,0.009,-42.000,34.200,32.100,37.4
16:34:51.686,2178122,2.076,9.251,-2.028,-0.584,-0.398,0.066,-41.400,32.250,31.950,37.3
16:34:51.739,2178176,2.792,9.548,-1.707,-0.456,-0.237,0.087,-41.400,32.250,31.950,37.2
16:34:51.844,2178230,1.607,9.165,-1.884,-0.432,-0.247,0.016,-42.300,29.850,31.050,37.4
16:34:51.846,2178284,2.375,9.349,-1.525,-0.350,-0.130,0.020,-42.300,29.850,31.050,37.3
16:34:51.950,2178338,2.356,9.292,-1.523,-0.366,-0.361,-0.008,-42.000,28.800,29.850,37.4
16:34:52.002,2178392,2.658,9.469,-0.998,-0.256,-0.183,-0.043,-42.000,28.800,29.850,37.4
16:34:52.054,2178446,2.330,9.424,-1.604,-0.163,-0.082,0.009,-42.000,28.050,28.500,37.5
16:34:52.106,2178500,2.385,9.457,-1.489,-0.106,0.048,-0.013,-42.000,28.050,28.500,37.2
16:34:52.159,2178554,2.363,9.426,-1.448,0.079,0.275,-0.062,-40.350,28.500,29.250,37.3
16:34:52.262,2178608,2.148,9.426,-1.980,0.164,0.253,-0.043,-40.350,28.500,29.250,37.3
16:34:52.264,2178662,2.449,9.486,-2.947,0.341,0.116,0.035,-42.600,28.200,30.150,37.4
16:34:52.316,2178716,2.538,9.656,-3.213,0.600,0.160,0.147,-42.600,28.200,30.150,37.4
16:34:52.369,2178770,2.801,9.646,-4.252,0.943,0.158,0.139,-42.900,29.700,32.250,37.4
16:34:52.421,2178824,2.727,9.589,-4.446,1.195,-0.062,0.114,-42.600,31.800,31.950,37.5
16:34:52.474,2178878,2.976,9.785,-4.903,1.453,0.103,0.175,-42.600,31.800,31.950,37.5
16:34:52.526,2178932,2.902,9.759,-5.827,1.597,0.143,0.276,-42.750,35.700,26.250,37.3
16:34:52.579,2178986,3.421,9.316,-6.177,1.730,-0.033,0.335,-42.750,35.700,26.250,37.2
16:34:52.632,2179040,3.314,9.340,-6.998,1.852,-0.310,0.327,-44.250,39.600,17.850,37.4
16:34:52.685,2179094,2.952,7.894,-7.163,1.935,-0.383,0.335,-44.250,39.600,17.850,37.3
16:34:52.736,2179148,4.820,7.961,-7.367,2.085,-0.104,0.304,-40.050,37.500,4.350,37.2
16:34:52.789,2179202,3.275,7.118,-8.236,1.939,-0.442,0.386,-40.050,37.500,4.350,37.4
16:34:52.842,2179256,3.352,6.433,-7.245,1.898,-0.264,0.464,-40.050,37.500,4.350,37.6
16:34:52.894,2179310,2.935,4.978,-8.504,1.839,-0.380,0.589,-40.050,37.500,4.350,37.7
16:34:52.947,2179364,3.364,3.967,-7.276,1.830,-0.040,0.480,-40.050,37.500,4.350,37.4
16:34:53.000,2179418,3.220,3.129,-8.394,1.602,-0.231,0.437,-40.050,37.500,4.350,37.1
16:34:53.052,2179472,3.938,2.064,-7.424,1.377,-0.098,0.342,-40.050,37.500,4.350,37.2
16:34:53.103,2179526,2.545,1.381,-7.937,1.172,-0.470,0.370,-40.050,37.500,4.350,37.4
16:34:53.156,2179580,2.684,0.481,-7.168,1.131,0.037,0.357,-40.050,37.500,4.350,37.2
16:34:53.209,2179634,3.517,-0.733,-8.181,0.855,-0.171,0.184,-40.050,37.500,4.350,37.2
16:34:53.262,2179688,2.856,-1.403,-7.130,0.516,-0.225,0.159,-40.050,37.500,4.350,37.4
16:34:53.314,2179742,1.276,-1.556,-7.628,0.420,-0.200,0.183,-40.050,37.500,4.350,37.6
16:34:53.366,2179796,2.921,-1.918,-7.879,0.381,0.017,0.183,-40.050,37.500,4.350,37.4
16:34:53.419,2179850,2.638,-2.327,-8.009,0.147,-0.155,0.079,-18.750,-17.100,-17.700,37.1
16:34:53.471,2179904,2.988,-2.054,-8.909,0.147,-0.053,0.071,-18.750,-17.100,-17.700,37.3
16:34:53.523,2179958,2.342,-3.249,-8.574,0.062,-0.287,0.100,-16.800,-18.150,-16.500,37.4
16:34:53.576,2180012,2.614,-2.765,-8.430,0.000,-0.123,0.052,-16.800,-18.150,-16.500,37.6
16:34:53.628,2180066,2.006,-2.691,-8.854,-0.035,-0.222,0.114,-16.800,-18.150,-17.250,37.4
16:34:53.681,2180120,2.263,-2.588,-9.333,-0.028,-0.114,0.115,-14.850,-18.450,-16.500,37.4
16:34:53.838,2180174,1.999,-1.877,-8.861,-0.126,-0.041,-0.020,-14.850,-18.450,-16.500,37.4
16:34:53.840,2180228,2.253,-2.588,-9.883,-0.143,-0.013,-0.065,-14.250,-17.250,-17.850,37.3
16:34:53.891,2180282,1.903,-3.187,-8.873,-0.047,0.008,0.004,-14.250,-17.250,-17.850,37.2
16:34:53.945,2180336,1.784,-2.521,-9.062,-0.064,-0.027,-0.041,-13.350,-18.150,-17.700,37.2
16:34:53.996,2180390,1.920,-2.428,-9.222,-0.095,-0.019,0.002,-13.350,-18.150,-17.700,37.4
16:34:54.100,2180444,2.205,-2.186,-8.825,-0.161,-0.021,-0.015,-15.750,-19.950,-18.000,37.6
16:34:54.101,2180498,1.829,-2.660,-8.418,-0.179,0.200,0.023,-15.750,-19.950,-18.000,37.6
16:34:54.154,2180552,1.858,-2.037,-8.282,-0.355,0.106,0.038,-15.150,-18.000,-19.350,37.3
16:34:54.206,2180606,2.332,-1.966,-8.028,-0.409,0.297,-0.012,-15.150,-18.000,-19.350,37.4
16:34:54.260,2180660,2.164,-1.597,-8.162,-0.587,0.310,-0.074,-17.850,-14.400,-20.100,37.6
16:34:54.311,2180714,2.253,-1.302,-7.954,-0.746,0.298,-0.095,-17.850,-14.400,-20.100,37.4
16:34:54.363,2180768,2.971,-0.627,-8.447,-0.816,0.315,-0.114,-21.000,-10.800,-18.900,37.2
16:34:54.416,2180822,2.761,-0.098,-8.262,-0.953,0.307,-0.238,-23.400,-7.350,-17.250,37.4
16:34:54.470,2180876,3.007,-0.194,-8.645,-1.006,0.310,-0.249,-23.400,-7.350,-17.250,37.4
16:34:54.572,2180930,3.328,0.984,-8.926,-1.156,0.237,-0.260,-28.350,-3.600,-19.650,37.5
16:34:54.574,2180984,3.254,1.642,-9.359,-1.216,0.234,-0.350,-28.350,-3.600,-19.650,37.4
16:34:54.626,2181038,3.179,1.954,-9.187,-1.225,0.237,-0.335,-30.150,4.800,-19.500,37.2
16:34:54.678,2181092,3.613,2.916,-9.146,-1.180,0.437,-0.314,-30.150,4.800,-19.500,37.2
16:34:54.731,2181146,4.046,3.522,-7.987,-1.290,0.296,-0.215,-34.800,12.000,-15.450,37.6
16:34:54.783,2181200,4.511,4.077,-8.679,-1.290,0.328,-0.340,-34.800,12.000,-15.450,37.4
16:34:54.836,2181254,4.290,4.472,-8.610,-1.317,0.184,-0.314,-38.700,18.150,-10.350,37.3
16:34:54.888,2181308,4.568,5.119,-7.554,-1.149,0.416,-0.315,-38.700,18.150,-10.350,37.2
16:34:54.992,2181362,4.635,5.236,-8.078,-1.080,0.419,-0.357,-42.000,23.100,-4.350,37.5
16:34:54.994,2181416,3.996,5.511,-7.554,-1.134,0.373,-0.464,-42.000,23.100,-4.350,37.6
16:34:55.046,2181470,4.484,6.352,-7.039,-1.117,0.254,-0.500,-43.500,30.900,3.150,37.3
16:34:55.099,2181524,4.319,6.606,-6.275,-1.092,0.156,-0.525,-44.400,34.350,10.350,37.4
16:34:55.255,2181578,4.046,7.649,-6.117,-1.032,0.250,-0.529,-44.400,34.350,10.350,37.3
16:34:55.257,2181632,3.692,7.843,-5.997,-1.090,-0.209,-0.560,-44.100,37.950,16.500,37.2
16:34:55.260,2181686,3.699,8.016,-5.725,-0.995,-0.074,-0.439,-44.100,37.950,16.500,37.3
16:34:55.309,2181740,3.462,8.205,-4.879,-0.855,-0.058,-0.288,-43.350,36.900,23.100,37.3
16:34:55.362,2181794,4.144,8.327,-4.906,-0.777,-0.120,-0.351,-43.350,36.900,23.100,37.5
16:34:55.415,2181848,3.103,8.523,-4.365,-0.733,-0.423,-0.241,-43.350,36.900,23.100,37.4
16:34:55.467,2181902,3.299,8.878,-3.539,-0.587,-0.094,-0.111,-43.350,36.900,23.100,37.4
16:34:55.570,2181956,2.792,8.863,-4.039,-0.541,-0.170,-0.111,-43.350,36.900,23.100,37.5
16:34:55.573,2182010,2.828,8.808,-3.211,-0.475,-0.140,-0.092,-43.350,36.900,23.100,37.2
16:34:55.677,2182064,3.093,8.940,-3.531,-0.460,-0.201,-0.059,-43.350,36.900,23.100,37.6
16:34:55.729,2182118,2.535,8.947,-2.887,-0.356,0.014,-0.023,-43.350,36.900,23.100,37.2
16:34:55.782,2182172,3.412,8.940,-3.361,-0.253,0.028,-0.007,-43.350,36.900,23.100,37.4
16:34:55.834,2182226,2.586,9.199,-3.412,-0.217,-0.072,0.012,-43.350,36.900,23.100,37.2
16:34:55.887,2182280,2.586,8.995,-3.000,-0.120,-0.028,0.013,-43.350,36.900,23.100,37.4
16:34:55.939,2182334,2.559,9.067,-3.505,-0.034,-0.098,0.009,-41.400,32.550,31.950,37.4
16:34:55.991,2182388,2.863,9.029,-3.388,0.120,-0.019,0.002,-41.400,32.550,31.950,37.2
16:34:56.045,2182442,2.684,8.959,-3.450,0.264,0.029,0.039,-43.500,31.350,32.100,37.4
16:34:56.098,2182496,2.840,9.086,-3.910,0.359,-0.067,0.112,-43.500,31.350,32.100,37.4
16:34:56.202,2182550,2.840,9.112,-4.369,0.487,-0.116,0.173,-42.600,33.600,30.450,37.2
16:34:56.254,2182604,2.966,8.681,-4.322,0.580,-0.170,0.155,-42.600,33.600,30.450,37.2
16:34:56.256,2182658,3.371,8.710,-4.705,0.782,-0.037,0.110,-42.150,35.550,27.150,37.3
16:34:56.307,2182712,3.163,8.782,-4.851,0.904,0.002,0.135,-42.150,35.550,27.150,37.6
16:34:56.360,2182766,3.491,8.744,-4.717,1.011,0.065,0.226,-42.600,38.400,24.600,37.4
16:34:56.412,2182820,3.747,8.497,-5.756,1.074,-0.038,0.276,-42.300,37.800,20.100,37.3
16:34:56.464,2182874,3.850,8.013,-6.287,1.133,-0.239,0.266,-42.300,37.800,20.100,37.5
16:34:56.516,2182928,3.625,7.891,-6.270,1.209,0.029,0.261,-43.500,37.500,10.500,37.6
16:34:56.570,2182982,3.539,7.281,-6.694,1.195,-0.104,0.297,-43.500,37.500,10.500,37.3
16:34:56.622,2183036,3.582,7.058,-6.500,1.203,-0.176,0.449,-41.400,33.600,3.450,37.2
16:34:56.675,2183090,4.396,5.763,-7.685,1.277,-0.024,0.476,-41.400,33.600,3.450,37.1
16:34:56.727,2183144,4.156,5.255,-7.877,1.286,-0.167,0.481,-40.800,26.700,-4.650,37.5
16:34:56.780,2183198,3.587,4.611,-8.303,1.198,-0.445,0.403,-40.800,26.700,-4.650,37.6
16:34:56.831,2183252,3.888,4.628,-8.552,1.250,-0.362,0.435,-36.450,20.100,-10.500,37.4
16:34:56.936,2183306,3.948,4.008,-9.266,1.086,-0.652,0.331,-36.450,20.100,-10.500,37.4
16:34:56.937,2183360,3.936,2.847,-8.516,1.207,-0.281,0.217,-33.150,13.800,-16.200,37.3
16:34:56.989,2183414,3.498,2.002,-8.657,1.227,-0.466,0.282,-33.150,13.800,-16.200,37.4
16:34:57.041,2183468,2.820,1.659,-8.559,1.195,-0.024,0.315,-30.150,6.600,-18.000,37.2
16:34:57.095,2183522,3.239,1.240,-8.346,1.097,0.038,0.366,-26.550,-1.500,-18.000,37.1
16:34:57.146,2183576,3.235,-0.627,-8.054,0.823,-0.218,0.394,-26.550,-1.500,-18.000,37.3
16:34:57.199,2183630,2.734,-0.915,-8.337,0.679,0.019,0.313,-25.200,-7.500,-18.600,37.6
16:34:57.251,2183684,3.373,-0.898,-8.119,0.497,0.036,0.268,-25.200,-7.500,-18.600,37.6
16:34:57.304,2183738,2.195,-0.500,-8.310,0.304,-0.192,0.388,-23.850,-9.900,-16.950,37.5
16:34:57.356,2183792,2.368,-0.323,-7.819,0.271,-0.007,0.273,-23.850,-9.900,-16.950,37.3
16:34:57.461,2183846,4.286,-1.688,-8.095,0.211,0.084,0.246,-22.350,-12.000,-18.000,37.2
16:34:57.463,2183900,2.813,-1.872,-8.571,0.068,-0.277,0.301,-22.350,-12.000,-18.000,37.2
16:34:57.566,2183954,1.496,-2.466,-9.124,-0.011,-0.336,0.155,-20.400,-13.800,-18.000,37.3
16:34:57.619,2184008,1.470,-1.398,-8.339,-0.088,-0.078,-0.052,-20.400,-13.800,-18.000,37.4
16:34:57.672,2184062,3.160,-2.325,-8.770,-0.103,0.135,-0.058,-21.900,-14.250,-16.200,37.4
16:34:57.725,2184116,2.648,-1.875,-8.657,-0.150,-0.021,0.015,-21.900,-14.250,-16.200,37.3
16:34:57.830,2184170,1.932,-1.065,-8.219,-0.230,0.127,-0.039,-21.000,-12.900,-17.550,37.7
16:34:57.831,2184224,2.739,-1.824,-8.076,-0.348,0.141,-0.063,-21.300,-13.350,-19.650,37.4
16:34:57.881,2184278,2.703,-1.429,-8.229,-0.417,0.272,-0.152,-21.300,-13.350,-19.650,37.3
16:34:57.934,2184332,3.184,-1.082,-8.054,-0.543,0.340,-0.185,-24.300,-11.700,-17.700,37.3
16:34:57.987,2184386,3.110,-0.634,-8.097,-0.689,0.234,-0.254,-24.300,-11.700,-17.700,37.3
16:34:58.040,2184440,3.225,-0.345,-8.085,-0.767,0.254,-0.265,-26.700,-7.500,-17.850,37.4
16:34:58.092,2184494,3.625,0.175,-7.961,-0.836,0.188,-0.310,-26.700,-7.500,-17.850,37.4
16:34:58.144,2184548,3.891,0.201,-8.954,-0.994,0.079,-0.396,-29.100,-1.800,-17.850,37.4
16:34:58.196,2184602,4.142,1.233,-8.210,-0.961,0.290,-0.412,-29.100,-1.800,-17.850,37.4
16:34:58.248,2184656,4.125,1.903,-9.184,-1.057,0.143,-0.477,-29.100,-1.800,-17.850,37.3
16:34:58.301,2184710,4.305,2.404,-8.679,-1.077,0.069,-0.474,-29.100,-1.800,-17.850,37.4
16:34:58.353,2184764,4.381,2.866,-8.765,-1.075,0.077,-0.435,-29.100,-1.800,-17.850,37.4
16:34:58.458,2184818,5.104,4.077,-8.272,-1.067,0.208,-0.411,-29.100,-1.800,-17.850,37.3
16:34:58.461,2184872,4.259,4.020,-7.901,-1.135,0.277,-0.414,-29.100,-1.800,-17.850,37.2
16:34:58.512,2184926,4.932,4.767,-8.021,-1.135,0.220,-0.358,-29.100,-1.800,-17.850,37.3
16:34:58.563,2184980,4.808,5.215,-8.011,-1.127,0.199,-0.402,-29.100,-1.800,-17.850,37.3
16:34:58.616,2185034,4.841,5.356,-6.735,-1.055,0.287,-0.400,-29.100,-1.800,-17.850,37.4
16:34:58.668,2185088,4.436,6.148,-7.527,-1.123,0.347,-0.432,-29.100,-1.800,-17.850,37.3
16:34:58.773,2185142,3.962,6.998,-6.699,-1.127,0.242,-0.417,-29.100,-1.800,-17.850,37.6
16:34:58.775,2185196,4.980,7.226,-6.263,-1.064,0.172,-0.444,-29.100,-1.800,-17.850,37.4
16:34:58.877,2185250,4.350,7.544,-6.579,-1.018,0.148,-0.432,-46.950,36.450,14.550,37.6
16:34:58.880,2185304,4.659,7.843,-5.756,-0.926,0.078,-0.399,-46.950,36.450,14.550,37.2
16:34:58.983,2185358,3.929,7.762,-5.571,-0.892,0.012,-0.224,-44.700,36.750,20.700,37.4
16:34:58.985,2185412,4.518,8.152,-4.779,-0.797,0.057,-0.192,-44.700,36.750,20.700,37.6
16:34:59.089,2185466,4.005,8.119,-4.769,-0.696,0.096,-0.198,-44.700,36.750,26.250,37.5
16:34:59.090,2185520,3.828,8.724,-4.379,-0.667,0.020,-0.163,-45.000,33.450,29.850,37.2
16:34:59.141,2185574,3.656,8.308,-3.845,-0.646,0.001,-0.162,-45.000,33.450,29.850,37.3
16:34:59.194,2185628,3.752,8.787,-3.191,-0.616,-0.100,-0.152,-44.400,30.750,32.250,37.3
16:34:59.247,2185682,3.349,8.885,-3.352,-0.588,-0.073,-0.151,-44.400,30.750,32.250,37.4
16:34:59.299,2185736,3.668,8.904,-2.931,-0.522,0.004,-0.115,-43.350,30.000,33.000,37.3
16:34:59.351,2185790,3.467,8.985,-2.959,-0.567,-0.201,-0.101,-43.350,30.000,33.000,37.1
16:34:59.456,2185844,3.139,8.619,-1.954,-0.513,-0.166,-0.036,-44.100,27.150,34.500,37.4
16:34:59.510,2185898,3.730,9.100,-2.660,-0.401,-0.021,0.003,-44.100,27.150,34.500,37.4
16:34:59.561,2185952,3.132,8.830,-2.215,-0.427,-0.265,-0.018,-43.650,26.850,34.800,37.1
16:34:59.614,2186006,3.646,8.894,-1.908,-0.274,0.021,-0.032,-43.650,26.850,34.800,37.6
16:34:59.667,2186060,2.880,8.940,-2.169,-0.290,-0.173,-0.035,-43.500,27.300,33.900,37.4
16:34:59.720,2186114,3.043,9.131,-1.369,-0.352,-0.276,-0.025,-43.500,27.300,33.900,37.2
16:34:59.771,2186168,3.189,9.115,-1.654,-0.259,-0.186,0.004,-43.500,25.200,34.650,37.3
16:34:59.878,2186222,3.378,9.110,-1.049,-0.161,-0.161,-0.026,-43.950,24.150,35.100,37.0
16:34:59.878,2186276,2.789,8.882,-1.367,-0.089,0.054,-0.021,-43.950,24.150,35.100,37.3
16:34:59.929,2186330,3.270,9.290,-1.695,-0.091,0.013,-0.040,-43.650,24.000,33.000,37.3
16:34:59.981,2186384,3.519,9.117,-1.238,-0.017,0.048,-0.067,-43.650,24.000,33.000,37.4
16:35:00.034,2186438,3.177,9.280,-2.306,0.108,0.127,0.018,-43.950,23.400,33.150,37.2
16:35:00.086,2186492,3.170,9.153,-2.040,0.164,0.116,0.064,-43.950,23.400,33.150,37.4
16:35:00.140,2186546,3.251,8.997,-2.342,0.256,0.056,0.098,-45.600,25.350,35.250,37.6
16:35:00.192,2186600,3.524,9.031,-2.210,0.389,0.090,0.106,-45.600,25.350,35.250,37.5
16:35:00.245,2186654,3.270,9.100,-3.373,0.526,0.113,0.145,-42.750,26.250,36.150,37.2
16:35:00.296,2186708,4.063,9.656,-3.433,0.688,0.014,0.173,-42.750,26.250,36.150,37.2
16:35:00.348,2186762,3.649,9.534,-4.446,0.893,0.023,0.237,-44.400,30.450,36.000,37.3
16:35:00.401,2186816,3.831,9.131,-4.609,1.089,-0.007,0.331,-45.450,31.650,33.150,37.4
16:35:00.454,2186870,3.548,8.705,-4.348,1.222,-0.162,0.378,-45.450,31.650,33.150,37.6
16:35:00.506,2186924,4.106,8.399,-5.504,1.394,-0.206,0.315,-46.200,36.750,25.500,37.4
16:35:00.558,2186978,3.721,8.447,-6.201,1.483,-0.230,0.309,-46.200,36.750,25.500,37.0
16:35:00.663,2187032,4.080,8.313,-6.567,1.467,-0.377,0.321,-44.700,37.800,15.300,37.2
16:35:00.665,2187086,4.374,7.415,-7.451,1.453,-0.628,0.381,-44.700,37.800,15.300,37.2
16:35:00.716,2187140,5.289,6.819,-6.390,1.648,-0.455,0.438,-44.400,33.300,1.950,37.4
16:35:00.769,2187194,4.324,6.527,-7.456,1.644,-0.424,0.442,-44.400,33.300,1.950,37.2
16:35:00.821,2187248,4.815,5.291,-6.970,1.526,-0.470,0.447,-44.400,33.300,1.950,37.3
16:35:00.874,2187302,4.384,4.104,-7.855,1.545,-0.457,0.544,-44.400,33.300,1.950,37.3
16:35:00.926,2187356,4.559,3.821,-7.578,1.546,-0.184,0.618,-44.400,33.300,1.950,37.4
16:35:00.980,2187410,3.967,3.630,-8.547,1.337,-0.248,0.594,-44.400,33.300,1.950,37.1
16:35:01.032,2187464,4.073,1.427,-6.505,1.207,-0.236,0.583,-44.400,33.300,1.950,37.6
16:35:01.083,2187518,3.290,0.627,-8.643,1.134,0.064,0.545,-44.400,33.300,1.950,37.3
16:35:01.136,2187572,3.084,0.333,-7.209,0.881,0.006,0.356,-44.400,33.300,1.950,37.1
16:35:01.190,2187626,2.677,-0.551,-9.189,0.703,-0.301,0.352,-44.400,33.300,1.950,37.3
16:35:01.242,2187680,2.974,-0.299,-8.535,0.725,0.077,0.316,-44.400,33.300,1.950,37.4
16:35:01.348,2187734,2.768,-1.784,-9.720,0.542,-0.408,0.356,-44.400,33.300,1.950,37.6
16:35:01.398,2187788,2.437,-1.470,-7.702,0.559,-0.282,0.169,-44.400,33.300,1.950,37.4
16:35:01.503,2187842,3.338,-1.642,-8.389,0.369,-0.386,-0.012,-21.450,-14.550,-17.700,37.4
16:35:01.505,2187896,2.492,-1.623,-7.776,0.371,-0.223,0.053,-21.450,-14.550,-17.700,37.4
16:35:01.556,2187950,2.660,-2.385,-7.889,0.178,-0.342,0.068,-20.550,-16.200,-17.550,37.3
16:35:01.609,2188004,2.195,-2.363,-8.514,0.073,-0.190,0.009,-20.550,-16.200,-17.550,37.2
16:35:01.661,2188058,2.066,-3.208,-8.095,0.005,-0.281,0.029,-17.850,-19.050,-17.850,37.3
16:35:01.714,2188112,2.535,-2.861,-7.954,0.118,0.095,-0.067,-17.850,-19.050,-17.850,37.6
16:35:01.766,2188166,2.806,-2.133,-8.298,-0.108,-0.208,-0.137,-19.350,-20.100,-16.800,37.3
16:35:01.818,2188220,2.095,-2.413,-9.009,-0.128,-0.013,-0.090,-18.750,-18.150,-16.500,37.3
16:35:01.922,2188274,2.820,-2.753,-9.076,-0.086,0.038,-0.035,-18.750,-18.150,-16.500,37.4
16:35:01.925,2188328,3.062,-2.902,-8.739,-0.162,-0.049,0.046,-18.750,-17.850,-18.450,37.3
16:35:01.977,2188382,2.011,-2.406,-9.354,-0.240,-0.097,0.033,-18.750,-17.850,-18.450,37.3
16:35:02.030,2188436,3.330,-2.928,-8.830,-0.051,0.314,0.017,-18.000,-17.400,-17.700,37.2
16:35:02.082,2188490,3.043,-2.337,-8.768,-0.171,0.093,0.069,-18.000,-17.400,-17.700,37.3
16:35:02.135,2188544,2.684,-1.935,-8.023,-0.274,0.208,0.012,-20.400,-16.650,-16.950,37.4
16:35:02.238,2188598,2.447,-1.896,-7.875,-0.410,0.115,-0.069,-20.400,-16.650,-16.950,37.2
16:35:02.240,2188652,2.981,-1.741,-7.898,-0.558,0.123,-0.111,-19.800,-16.200,-17.850,37.4
16:35:02.342,2188706,2.619,-0.931,-7.705,-0.769,0.211,-0.268,-19.800,-16.200,-17.850,37.2
16:35:02.344,2188760,2.622,-1.006,-8.294,-0.949,0.141,-0.359,-21.000,-12.150,-17.100,37.2
16:35:02.396,2188814,3.486,0.469,-8.274,-0.944,0.321,-0.351,-21.000,-12.150,-17.100,37.4
16:35:02.449,2188868,3.220,0.527,-9.263,-1.077,0.161,-0.334,-26.400,-6.450,-17.550,37.6
16:35:02.554,2188922,3.084,1.369,-8.571,-1.177,0.188,-0.323,-30.300,-1.350,-18.900,37.3
16:35:02.556,2188976,3.749,1.516,-9.627,-1.208,0.056,-0.384,-30.300,-1.350,-18.900,37.4
16:35:02.606,2189030,3.972,2.370,-8.461,-1.207,0.202,-0.420,-33.750,3.600,-17.100,37.3
16:35:02.659,2189084,3.673,2.986,-9.290,-1.193,0.052,-0.358,-33.750,3.600,-17.100,37.2
16:35:02.712,2189138,4.087,3.455,-9.201,-1.182,0.131,-0.386,-35.700,12.600,-14.850,37.3
16:35:02.817,2189192,4.029,3.912,-9.115,-1.184,0.080,-0.356,-35.700,12.600,-14.850,37.3
16:35:02.817,2189246,4.434,4.233,-8.267,-1.101,0.164,-0.416,-38.700,21.000,-10.050,37.4
16:35:02.869,2189300,3.881,4.700,-8.961,-1.044,0.082,-0.440,-38.700,21.000,-10.050,37.4
16:35:02.920,2189354,3.663,5.543,-8.028,-0.978,-0.051,-0.312,-41.550,24.450,-6.900,37.4
16:35:02.973,2189408,4.156,5.734,-7.963,-0.867,0.208,-0.273,-41.550,24.450,-6.900,37.0
16:35:03.026,2189462,3.687,6.230,-6.905,-0.916,0.119,-0.235,-41.550,29.550,-1.800,37.2
16:35:03.079,2189516,4.470,5.983,-6.615,-0.827,0.023,-0.220,-42.750,34.950,3.150,37.4
16:35:03.132,2189570,3.687,7.125,-7.061,-0.775,0.089,-0.235,-42.750,34.950,3.150,37.2
16:35:03.235,2189624,3.972,6.778,-6.072,-0.805,0.120,-0.211,-41.700,35.850,8.550,37.6
16:35:03.288,2189678,3.306,7.147,-5.974,-0.763,0.356,-0.229,-41.700,35.850,8.550,37.4
16:35:03.340,2189732,3.630,7.530,-5.614,-0.737,0.013,-0.153,-43.650,36.600,13.950,37.4
16:35:03.393,2189786,4.628,7.623,-5.552,-0.722,0.114,-0.120,-43.650,36.600,13.950,37.2
16:35:03.445,2189840,3.361,7.776,-5.550,-0.680,0.006,-0.124,-43.650,37.950,19.500,37.1
16:35:03.498,2189894,3.824,7.915,-4.781,-0.670,-0.064,-0.114,-43.650,37.950,19.500,37.5
16:35:03.550,2189948,3.553,7.913,-4.506,-0.619,0.000,-0.115,-43.650,37.950,19.500,37.3
16:35:03.603,2190002,3.663,8.344,-5.006,-0.626,-0.276,-0.060,-43.650,37.950,19.500,37.4
16:35:03.655,2190056,3.201,8.267,-3.874,-0.555,-0.289,-0.032,-43.650,37.950,19.500,37.6
16:35:03.708,2190110,4.130,8.325,-5.061,-0.503,-0.290,-0.037,-43.650,37.950,19.500,37.3
16:35:03.760,2190164,1.860,8.832,-3.227,-0.575,-0.528,-0.033,-43.650,37.950,19.500,37.3
16:35:03.813,2190218,2.904,8.796,-3.338,-0.562,-0.505,-0.056,-43.650,37.950,19.500,37.2
16:35:03.865,2190272,2.772,8.665,-3.038,-0.513,-0.220,-0.060,-43.650,37.950,19.500,37.2
16:35:03.918,2190326,2.684,9.002,-2.895,-0.646,-0.361,-0.055,-43.650,37.950,19.500,37.1
16:35:03.970,2190380,2.521,8.748,-2.351,-0.609,-0.155,-0.066,-43.650,37.950,19.500,37.3
16:35:04.023,2190434,3.163,8.784,-2.368,-0.493,-0.015,-0.026,-42.000,29.850,28.800,37.6
16:35:04.076,2190488,2.749,9.055,-2.631,-0.519,-0.185,-0.096,-42.000,29.850,28.800,37.1
16:35:04.129,2190542,2.840,9.103,-1.942,-0.561,-0.128,-0.060,-41.100,26.700,29.250,37.3
16:35:04.180,2190596,2.739,9.117,-1.958,-0.579,-0.396,-0.101,-41.100,26.700,29.250,37.2
16:35:04.233,2190650,2.765,9.139,-1.858,-0.572,-0.241,-0.093,-42.000,27.300,28.800,37.4
16:35:04.285,2190704,2.593,9.060,-1.532,-0.515,-0.095,-0.107,-42.000,27.300,28.800,37.2
16:35:04.338,2190758,2.670,9.369,-1.056,-0.506,-0.177,-0.079,-41.550,26.700,27.300,37.3
16:35:04.390,2190812,2.222,9.325,-1.214,-0.445,-0.080,-0.074,-41.550,26.700,27.300,37.2
16:35:04.443,2190866,3.141,9.122,-1.058,-0.330,0.036,-0.053,-41.550,26.700,30.300,37.6
16:35:04.495,2190920,2.449,9.352,-0.781,-0.303,0.123,-0.054,-40.800,26.250,28.800,37.3
16:35:04.548,2190974,2.497,9.431,-0.773,-0.304,-0.094,0.022,-40.800,26.250,28.800,37.4
16:35:04.601,2191028,2.710,9.376,-0.496,-0.270,-0.094,0.023,-40.800,26.700,31.050,37.3
16:35:04.652,2191082,2.607,9.476,-0.723,-0.152,-0.420,-0.068,-40.800,26.700,31.050,37.5
16:35:04.705,2191136,2.883,8.557,-0.390,0.003,0.119,0.030,-42.150,25.800,29.400,37.4
16:35:04.757,2191190,2.966,8.873,-0.508,-0.034,0.199,-0.019,-42.150,25.800,29.400,37.1
16:35:04.812,2191244,2.550,9.586,-0.472,-0.069,0.241,0.081,-40.350,26.700,29.550,37.4
16:35:04.862,2191298,2.559,9.210,0.172,-0.062,0.134,0.070,-40.350,26.700,29.550,37.4
16:35:04.915,2191352,2.140,9.230,0.050,-0.074,-0.033,-0.009,-41.700,26.400,31.500,37.4
16:35:04.968,2191406,2.198,9.330,-0.160,-0.074,0.122,0.007,-41.700,26.400,31.500,37.4
16:35:05.021,2191460,2.828,9.759,-0.215,-0.107,-0.135,0.014,-42.000,24.150,28.500,37.4
16:35:05.127,2191514,2.629,9.608,-0.122,-0.036,0.065,0.014,-42.000,24.150,28.500,37.4
16:35:05.178,2191568,2.332,8.679,-0.354,0.085,0.226,-0.007,-42.900,24.000,30.750,37.2
16:35:05.231,2191622,2.794,9.649,-0.855,0.161,0.315,0.002,-41.700,23.550,31.500,37.2
16:35:05.284,2191676,2.890,9.661,-1.403,0.381,0.436,-0.037,-41.700,23.550,31.500,37.3
16:35:05.335,2191730,2.574,9.883,-2.212,0.460,0.076,0.001,-43.350,23.550,32.700,37.4
16:35:05.388,2191784,2.670,9.902,-2.210,0.549,-0.282,0.015,-43.350,23.550,32.700,37.3
16:35:05.440,2191838,2.634,9.730,-2.413,0.804,-0.020,0.058,-42.600,26.400,31.500,37.2
16:35:05.494,2191892,2.933,10.841,-3.740,1.014,-0.273,0.077,-42.600,26.400,31.500,37.3
16:35:05.545,2191946,2.172,9.888,-4.111,1.198,-0.213,0.107,-42.750,30.600,32.100,37.3
16:35:05.598,2192000,3.393,9.469,-4.216,1.414,-0.031,0.311,-42.750,30.600,32.100,37.3
16:35:05.652,2192054,3.824,9.524,-5.353,1.522,-0.461,0.274,-42.600,34.050,28.650,37.3
16:35:05.703,2192108,2.935,9.349,-5.174,1.690,-0.150,0.377,-42.600,34.050,28.650,37.3
16:35:05.755,2192162,2.911,8.985,-6.361,1.729,-0.281,0.452,-43.650,36.900,17.700,37.3
16:35:05.808,2192216,3.852,8.133,-5.837,1.760,-0.225,0.449,-43.650,36.900,17.700,37.4
16:35:05.860,2192270,2.705,7.803,-6.110,1.609,-0.610,0.386,-43.650,36.900,17.700,37.2
16:35:05.913,2192324,3.938,6.546,-5.890,1.666,-0.105,0.416,-43.650,36.900,17.700,37.2
16:35:05.965,2192378,3.613,6.385,-8.423,1.615,-0.786,0.495,-43.650,36.900,17.700,37.3
16:35:06.018,2192432,3.333,5.083,-6.981,1.556,-0.607,0.406,-43.650,36.900,17.700,37.3
16:35:06.070,2192486,2.109,3.598,-8.171,1.455,-0.288,0.237,-43.650,36.900,17.700,37.2
16:35:06.123,2192540,2.270,3.871,-7.975,1.304,0.029,0.238,-43.650,36.900,17.700,37.2
16:35:06.175,2192594,2.289,2.581,-8.552,1.253,0.005,0.274,-43.650,36.900,17.700,37.2
16:35:06.227,2192648,2.602,1.805,-7.982,1.095,0.011,0.283,-43.650,36.900,17.700,37.3
16:35:06.280,2192702,3.103,1.109,-8.258,1.031,0.264,0.328,-43.650,36.900,17.700,37.3
16:35:06.333,2192756,2.351,0.189,-8.150,0.774,-0.004,0.317,-25.050,0.900,-17.700,37.3
16:35:06.385,2192810,2.399,0.005,-7.920,0.626,0.122,0.263,-25.050,0.900,-17.700,37.2
16:35:06.440,2192864,3.110,-0.113,-8.279,0.427,-0.025,0.145,-22.500,-6.000,-17.100,37.4
16:35:06.491,2192918,2.600,-0.031,-7.647,0.208,-0.014,0.023,-21.450,-6.600,-17.700,37.4
16:35:06.543,2192972,3.816,-1.669,-8.480,0.268,-0.053,0.029,-21.450,-6.600,-17.700,37.3
16:35:06.595,2193026,2.916,-0.275,-9.026,0.061,-0.285,-0.001,-21.750,-8.250,-15.600,37.0
16:35:06.648,2193080,3.218,-1.410,-8.571,0.157,0.169,0.070,-21.750,-8.250,-15.600,37.2
16:35:06.700,2193134,2.500,-0.723,-9.120,0.022,-0.138,0.104,-22.650,-8.400,-16.500,37.6
16:35:06.753,2193188,2.066,-1.319,-9.179,-0.029,0.038,0.025,-22.650,-8.400,-16.500,37.4
16:35:06.807,2193242,2.598,-1.408,-8.993,-0.012,0.156,0.051,-21.450,-11.250,-16.500,37.0
16:35:06.858,2193296,2.301,-1.008,-9.079,-0.119,0.113,-0.105,-21.450,-11.250,-16.500,37.3
16:35:06.912,2193350,3.153,-1.360,-9.287,-0.117,0.151,-0.145,-22.650,-9.900,-16.200,37.5
16:35:07.016,2193404,2.557,-0.790,-9.019,-0.140,0.120,-0.085,-22.650,-9.900,-16.200,37.3
16:35:07.068,2193458,2.334,-0.974,-8.428,-0.182,0.179,-0.123,-23.700,-7.500,-16.800,37.0
16:35:07.120,2193512,2.835,-0.658,-8.696,-0.322,0.065,-0.156,-23.700,-7.500,-16.800,37.3
16:35:07.173,2193566,2.873,-0.220,-7.669,-0.311,0.221,-0.131,-25.050,-7.650,-16.950,37.3
16:35:07.225,2193620,3.170,-0.345,-8.234,-0.535,0.212,-0.182,-25.950,-5.700,-17.100,37.4
16:35:07.278,2193674,3.019,0.165,-7.925,-0.583,0.312,-0.302,-25.950,-5.700,-17.100,37.3
16:35:07.332,2193728,4.116,0.376,-8.258,-0.740,0.198,-0.393,-28.950,-1.950,-17.250,37.3
16:35:07.383,2193782,3.575,0.843,-8.425,-0.798,0.173,-0.420,-28.950,-1.950,-17.250,37.3
16:35:07.435,2193836,3.594,1.310,-8.255,-0.932,0.018,-0.404,-32.850,1.500,-14.700,37.3
16:35:07.488,2193890,4.061,1.774,-8.267,-0.981,0.121,-0.561,-32.850,1.500,-14.700,37.2
16:35:07.540,2193944,3.730,3.177,-8.459,-1.081,0.148,-0.622,-36.300,6.300,-14.400,37.1
16:35:07.592,2193998,4.599,2.978,-8.669,-1.114,0.189,-0.721,-36.300,6.300,-14.400,37.3
16:35:07.645,2194052,4.180,4.085,-8.744,-1.084,0.149,-0.618,-39.000,13.500,-11.100,37.2
16:35:07.698,2194106,4.542,4.345,-8.016,-1.040,0.290,-0.568,-39.000,13.500,-11.100,37.4
16:35:07.751,2194160,4.130,5.392,-8.310,-1.098,-0.039,-0.424,-39.750,22.500,-7.350,37.3
16:35:07.803,2194214,4.523,5.179,-6.948,-1.041,0.094,-0.457,-39.750,22.500,-7.350,37.3
16:35:07.855,2194268,4.391,5.543,-7.752,-0.953,0.338,-0.537,-42.150,28.950,-1.200,37.3
16:35:07.907,2194322,3.847,6.606,-6.606,-1.022,0.196,-0.514,-44.700,32.100,3.150,37.2
16:35:07.960,2194376,4.717,6.345,-7.087,-1.011,0.128,-0.483,-44.700,32.100,3.150,37.0
16:35:08.013,2194430,3.658,7.171,-6.469,-0.947,0.190,-0.402,-43.650,36.900,10.050,37.4
16:35:08.066,2194484,4.530,7.293,-5.808,-0.896,0.142,-0.332,-43.650,36.900,10.050,37.3
16:35:08.119,2194538,3.850,7.420,-5.693,-0.886,0.065,-0.280,-43.650,38.700,16.500,37.2
16:35:08.172,2194592,4.463,7.477,-5.133,-0.798,0.131,-0.267,-43.650,38.700,16.500,37.4
16:35:08.224,2194646,3.790,8.037,-4.997,-0.728,0.053,-0.181,-44.100,39.150,22.800,37.5
16:35:08.276,2194700,3.366,8.006,-4.714,-0.707,-0.121,-0.186,-44.100,39.150,22.800,37.5
16:35:08.328,2194754,3.553,8.653,-4.544,-0.629,-0.013,-0.189,-44.100,39.150,22.800,37.4
16:35:08.380,2194808,2.909,8.380,-4.144,-0.597,-0.171,-0.169,-44.100,39.150,22.800,37.1
16:35:08.433,2194862,2.990,8.435,-3.661,-0.537,-0.120,-0.130,-44.100,39.150,22.800,37.2
16:35:08.485,2194916,2.454,8.875,-3.804,-0.532,-0.224,-0.076,-44.100,39.150,22.800,37.3
16:35:08.538,2194970,3.247,9.086,-3.266,-0.429,-0.156,-0.032,-44.100,39.150,22.800,37.4
16:35:08.590,2195024,2.703,8.794,-3.275,-0.369,-0.145,-0.035,-44.100,39.150,22.800,37.3
16:35:08.644,2195078,3.129,8.921,-3.223,-0.359,-0.162,-0.036,-44.100,39.150,22.800,37.2
16:35:08.696,2195132,3.512,8.715,-3.596,-0.364,-0.289,-0.031,-44.100,39.150,22.800,37.3
16:35:08.748,2195186,3.081,8.945,-3.050,-0.314,-0.283,-0.074,-44.100,39.150,22.800,37.3
16:35:08.800,2195240,2.849,8.988,-2.512,-0.273,-0.440,-0.004,-42.000,30.900,33.900,37.1
16:35:08.905,2195294,2.794,9.000,-2.507,-0.215,-0.235,0.034,-42.000,30.900,33.900,37.4
16:35:08.957,2195348,2.878,8.854,-2.006,-0.092,-0.152,0.062,-42.750,30.300,35.100,37.4
16:35:09.010,2195402,2.557,9.179,-2.310,-0.101,-0.107,0.060,-42.750,30.300,35.100,37.6
16:35:09.115,2195456,2.796,9.038,-2.114,-0.121,-0.105,0.033,-42.750,30.600,33.150,37.2
16:35:09.168,2195510,2.772,9.045,-2.193,-0.143,-0.136,-0.004,-42.750,30.600,33.150,37.2
16:35:09.222,2195564,2.835,9.093,-2.033,-0.124,0.036,-0.007,-43.050,29.850,32.400,37.3
16:35:09.274,2195618,2.528,8.990,-2.354,-0.139,-0.016,-0.010,-42.750,29.100,33.900,37.4
16:35:09.275,2195672,2.442,9.021,-2.234,-0.129,-0.011,0.014,-42.750,29.100,33.900,37.4
16:35:09.327,2195726,2.832,8.851,-2.255,-0.093,0.070,0.044,-41.400,28.200,33.750,37.2
16:35:09.379,2195780,2.715,9.041,-2.279,-0.084,-0.039,0.016,-41.400,28.200,33.750,37.1
16:35:09.431,2195834,2.684,9.036,-2.210,-0.051,0.112,0.002,-42.150,27.600,33.750,37.3
16:35:09.484,2195888,2.622,8.978,-2.071,-0.076,-0.044,-0.018,-42.150,27.600,33.750,37.3
16:35:09.536,2195942,2.799,9.088,-2.181,-0.080,-0.006,0.002,-43.050,28.800,32.850,37.3
16:35:09.588,2195996,3.026,9.076,-2.002,-0.032,0.042,-0.003,-43.050,28.800,32.850,37.4
16:35:09.641,2196050,2.741,9.294,-2.385,-0.020,-0.026,-0.001,-41.700,29.400,34.500,37.4
16:35:09.694,2196104,3.110,9.000,-2.591,0.051,-0.054,0.015,-41.700,29.400,34.500,37.4
16:35:09.747,2196158,2.591,8.806,-3.292,0.161,-0.061,0.039,-41.700,29.400,32.700,37.2
16:35:09.799,2196212,2.696,9.199,-3.543,0.304,-0.019,0.036,-41.700,29.400,32.700,37.2
16:35:09.852,2196266,2.770,8.813,-4.343,0.543,0.055,-0.011,-41.700,28.650,32.250,37.3
16:35:09.904,2196320,3.182,9.301,-5.100,0.729,0.078,0.009,-43.350,29.700,30.150,37.2
16:35:09.956,2196374,2.456,9.155,-5.174,0.929,0.027,0.074,-43.350,29.700,30.150,37.3
16:35:10.008,2196428,3.543,9.002,-5.674,1.132,0.007,0.157,-41.400,35.100,30.750,37.1
16:35:10.061,2196482,3.874,9.215,-5.940,1.274,-0.151,0.208,-41.400,35.100,30.750,37.5
16:35:10.114,2196536,3.570,8.863,-6.462,1.465,-0.104,0.272,-43.350,39.450,20.550,37.2
16:35:10.165,2196590,4.243,9.409,-6.773,1.546,-0.188,0.270,-43.350,39.450,20.550,37.3
16:35:10.218,2196644,3.469,8.112,-6.910,1.621,-0.222,0.440,-42.750,38.250,11.250,37.0
16:35:10.271,2196698,3.692,6.730,-7.606,1.685,-0.322,0.623,-42.750,38.250,11.250,37.4
16:35:10.323,2196752,4.161,6.220,-6.965,1.697,-0.323,0.606,-40.800,32.400,-0.300,37.4
16:35:10.376,2196806,4.044,5.533,-7.104,1.628,-0.238,0.603,-40.800,32.400,-0.300,37.4
16:35:10.429,2196860,3.352,4.424,-7.590,1.482,-0.281,0.601,-37.350,22.350,-10.500,37.6
16:35:10.480,2196914,3.819,3.117,-8.461,1.399,-0.309,0.559,-37.350,22.350,-10.500,37.4
16:35:10.533,2196968,3.682,3.084,-7.870,1.257,-0.268,0.495,-32.250,13.350,-15.600,37.4
16:35:10.585,2197022,3.256,3.053,-8.435,1.027,-0.403,0.537,-30.150,5.850,-17.250,37.3
16:35:10.638,2197076,3.802,1.803,-7.937,0.911,-0.464,0.594,-30.150,5.850,-17.250,37.2
16:35:10.691,2197130,3.136,0.702,-8.164,0.942,-0.289,0.467,-30.150,5.850,-17.250,37.2
16:35:10.797,2197184,2.497,0.244,-8.724,0.677,-0.455,0.336,-30.150,5.850,-17.250,37.4
16:35:10.848,2197238,2.691,0.254,-7.247,0.675,0.078,0.245,-30.150,5.850,-17.250,37.3
16:35:10.901,2197292,2.583,-1.401,-8.739,0.464,-0.261,0.229,-30.150,5.850,-17.250,37.3
16:35:10.954,2197346,1.276,-1.025,-8.540,0.396,-0.104,0.204,-30.150,5.850,-17.250,37.3
16:35:11.006,2197400,2.828,-1.695,-8.538,0.348,-0.041,0.129,-30.150,5.850,-17.250,37.3
16:35:11.058,2197454,2.083,-1.310,-8.780,0.346,0.111,0.059,-30.150,5.850,-17.250,37.2
16:35:11.110,2197508,2.306,-2.157,-8.669,0.192,-0.088,0.073,-30.150,5.850,-17.250,37.2
16:35:11.163,2197562,2.241,-2.258,-8.863,0.130,0.028,0.072,-30.150,5.850,-17.250,37.0
16:35:11.216,2197616,1.554,-1.990,-8.114,0.054,0.042,-0.017,-30.150,5.850,-17.250,37.4
16:35:11.269,2197670,2.744,-2.344,-8.796,-0.037,-0.073,0.095,-30.150,5.850,-17.250,37.4
16:35:11.374,2197724,1.867,-2.265,-8.710,-0.126,-0.073,-0.021,-19.350,-13.650,-18.150,37.2
16:35:11.375,2197778,2.215,-1.781,-9.110,-0.195,-0.029,0.008,-19.350,-13.650,-18.150,37.2
16:35:11.427,2197832,1.911,-1.729,-7.841,-0.212,0.094,-0.012,-19.500,-12.750,-17.250,37.2
16:35:11.478,2197886,2.401,-1.628,-8.444,-0.294,0.205,0.011,-19.500,-12.750,-17.250,37.3
16:35:11.530,2197940,2.105,-1.274,-8.394,-0.495,0.144,-0.077,-21.300,-12.150,-16.800,37.3
16:35:11.583,2197994,3.029,-1.683,-8.224,-0.532,0.341,-0.168,-21.300,-12.150,-16.800,37.0
16:35:11.635,2198048,2.229,-1.197,-9.201,-0.687,0.002,-0.224,-22.350,-10.500,-16.500,37.1
16:35:11.688,2198102,2.818,-0.424,-8.313,-0.691,0.163,-0.276,-22.350,-10.500,-16.500,37.3
16:35:11.741,2198156,2.969,-0.553,-9.388,-0.709,0.063,-0.304,-24.300,-5.850,-17.700,37.5
16:35:11.794,2198210,2.543,0.488,-8.648,-0.768,0.099,-0.339,-24.300,-5.850,-17.700,37.2
16:35:11.846,2198264,3.414,0.414,-8.918,-0.785,0.099,-0.378,-25.050,-3.300,-18.450,37.2
16:35:11.898,2198318,3.208,1.302,-8.916,-0.840,0.098,-0.410,-28.200,0.150,-19.500,37.2
16:35:11.950,2198372,3.469,1.853,-8.126,-0.839,0.272,-0.459,-28.200,0.150,-19.500,37.3
16:35:12.004,2198426,3.419,2.119,-9.019,-0.943,0.230,-0.414,-31.500,6.750,-19.650,37.3
16:35:12.056,2198480,3.136,2.883,-8.217,-1.000,0.303,-0.452,-31.500,6.750,-19.650,37.2
16:35:12.109,2198534,4.298,3.074,-8.851,-1.033,0.219,-0.423,-34.200,12.150,-13.500,37.4
16:35:12.162,2198588,3.871,3.783,-8.066,-1.017,0.375,-0.401,-34.200,12.150,-13.500,37.4
16:35:12.214,2198642,3.697,4.231,-8.641,-1.192,0.035,-0.334,-36.450,17.250,-10.500,37.4
16:35:12.267,2198696,3.955,4.946,-7.302,-1.122,0.335,-0.384,-36.450,17.250,-10.500,37.1
16:35:12.319,2198750,4.365,5.308,-8.284,-1.060,0.222,-0.357,-38.850,25.950,-6.450,37.4
16:35:12.372,2198804,4.319,5.995,-6.816,-1.114,0.304,-0.351,-38.850,25.950,-6.450,37.2
16:35:12.423,2198858,4.302,6.369,-7.161,-1.112,-0.022,-0.273,-40.650,28.950,0.150,37.4
16:35:12.475,2198912,3.615,7.130,-6.847,-1.109,0.154,-0.316,-40.650,28.950,0.150,37.3
16:35:12.528,2198966,4.465,7.096,-5.947,-0.993,0.280,-0.257,-41.400,34.050,6.300,37.4
16:35:12.633,2199020,3.864,7.343,-6.788,-1.007,0.049,-0.291,-44.400,36.600,13.650,37.4
16:35:12.687,2199074,3.752,7.578,-5.705,-0.887,0.174,-0.250,-44.400,36.600,13.650,37.2
16:35:12.738,2199128,3.675,7.956,-5.871,-0.822,0.072,-0.229,-42.900,36.150,20.250,37.4
16:35:12.791,2199182,3.381,8.102,-4.973,-0.739,0.027,-0.150,-42.900,36.150,20.250,37.6
16:35:12.844,2199236,3.608,8.200,-4.793,-0.701,-0.152,-0.124,-41.700,34.800,25.350,37.4
16:35:12.896,2199290,3.809,8.171,-4.334,-0.604,0.112,-0.152,-41.700,34.800,25.350,37.3
16:35:12.949,2199344,2.995,8.478,-4.305,-0.601,-0.208,-0.151,-43.050,34.950,28.050,37.0
16:35:13.000,2199398,3.239,8.703,-3.869,-0.571,-0.143,-0.114,-43.050,34.950,28.050,37.1
16:35:13.054,2199452,3.237,8.789,-3.555,-0.541,-0.131,-0.131,-43.050,34.950,28.050,37.3
16:35:13.107,2199506,3.424,8.818,-3.666,-0.535,-0.331,-0.098,-43.050,34.950,28.050,37.3
16:35:13.212,2199560,3.065,8.650,-3.160,-0.488,-0.289,-0.062,-43.050,34.950,28.050,37.3
16:35:13.262,2199614,3.242,8.732,-2.861,-0.382,-0.097,-0.093,-43.050,34.950,28.050,37.3
16:35:13.263,2199668,3.055,8.686,-2.761,-0.369,-0.309,-0.095,-43.050,34.950,28.050,37.5
16:35:13.317,2199722,2.478,8.818,-2.761,-0.302,-0.274,-0.064,-43.050,34.950,28.050,37.4
16:35:13.369,2199776,2.579,9.115,-2.749,-0.271,-0.317,-0.007,-43.050,34.950,28.050,37.2
16:35:13.420,2199830,2.670,9.060,-2.167,-0.217,-0.136,0.026,-43.050,34.950,28.050,37.1
16:35:13.473,2199884,2.818,9.215,-2.629,-0.217,-0.260,0.025,-43.050,34.950,28.050,37.4
16:35:13.525,2199938,2.289,8.935,-1.822,-0.195,-0.073,0.027,-42.000,28.050,31.050,37.1
16:35:13.578,2199992,2.689,9.143,-2.239,-0.211,-0.187,0.025,-42.000,28.050,31.050,37.3
16:35:13.630,2200046,2.425,9.088,-1.870,-0.183,-0.051,0.004,-41.550,27.300,29.850,37.4
16:35:13.736,2200100,2.547,9.306,-1.939,-0.228,-0.127,0.026,-41.550,27.300,29.850,37.3
16:35:13.789,2200154,2.847,9.024,-1.535,-0.168,-0.022,0.014,-42.000,26.700,30.600,37.3
16:35:13.790,2200208,2.765,9.105,-1.920,-0.187,-0.007,0.003,-42.000,26.700,30.600,37.2
16:35:13.842,2200262,2.813,8.914,-1.767,-0.124,0.038,0.020,-42.600,25.350,29.400,37.1
16:35:13.894,2200316,2.643,9.043,-1.863,-0.130,-0.022,0.034,-42.750,24.900,30.300,37.2
16:35:13.946,2200370,2.816,9.251,-1.896,-0.126,-0.025,0.060,-42.750,24.900,30.300,37.3
16:35:13.999,2200424,3.211,8.947,-1.946,-0.058,0.041,0.019,-42.300,26.250,29.850,37.4
16:35:14.050,2200478,2.796,9.227,-2.219,0.015,0.111,0.008,-42.300,26.250,29.850,37.3
16:35:14.103,2200532,2.756,9.222,-2.081,0.067,0.013,0.067,-41.400,25.350,30.450,37.4
16:35:14.157,2200586,2.880,9.012,-2.674,0.217,0.224,0.038,-41.400,25.350,30.450,37.3
16:35:14.209,2200640,2.796,8.988,-2.895,0.297,-0.027,0.059,-42.900,24.600,30.450,37.4
16:35:14.260,2200694,2.988,9.385,-3.299,0.493,0.217,0.071,-42.900,24.600,30.450,37.2
16:35:14.313,2200748,2.854,9.378,-3.630,0.565,-0.094,0.109,-42.750,27.750,31.350,37.2
16:35:14.367,2200802,3.536,9.237,-4.269,0.785,0.089,0.114,-42.750,27.750,31.350,37.4
16:35:14.418,2200856,3.239,8.990,-4.417,0.963,0.010,0.173,-42.600,28.200,31.200,37.5
16:35:14.470,2200910,4.202,8.933,-4.611,1.166,0.232,0.218,-42.600,28.200,31.200,37.6
16:35:14.576,2200964,3.201,8.748,-5.097,1.240,0.009,0.234,-42.600,31.500,29.400,37.4
16:35:14.629,2201018,3.630,8.679,-5.231,1.243,-0.095,0.254,-43.350,33.600,22.050,37.3
16:35:14.681,2201072,3.826,8.432,-5.499,1.252,-0.024,0.331,-43.350,33.600,22.050,37.4
16:35:14.733,2201126,4.164,7.927,-6.421,1.295,-0.152,0.357,-43.350,35.550,13.950,37.4
16:35:14.786,2201180,4.506,6.622,-7.561,1.388,-0.206,0.306,-43.350,35.550,13.950,37.2
16:35:14.839,2201234,3.888,7.082,-6.546,1.509,0.072,0.515,-42.300,31.650,3.150,37.3
16:35:14.890,2201288,3.802,6.211,-7.453,1.414,-0.264,0.712,-42.300,31.650,3.150,37.2
16:35:14.943,2201342,3.711,5.301,-7.831,1.257,-0.420,0.634,-40.350,24.150,-2.850,37.3
16:35:14.997,2201396,3.795,4.288,-7.539,1.222,-0.383,0.592,-40.350,24.150,-2.850,37.2
16:35:15.048,2201450,5.023,4.262,-8.006,1.241,-0.233,0.491,-38.400,17.250,-8.700,37.2
16:35:15.101,2201504,3.129,2.404,-8.885,1.109,-0.398,0.468,-38.400,17.250,-8.700,37.2
16:35:15.154,2201558,4.444,1.714,-7.793,0.998,-0.663,0.331,-35.100,9.900,-12.600,37.3
16:35:15.206,2201612,2.674,1.810,-8.389,1.122,-0.107,0.341,-35.100,9.900,-12.600,37.0
16:35:15.258,2201666,3.572,0.958,-8.167,1.030,-0.246,0.339,-31.200,3.300,-15.900,37.1
16:35:15.311,2201720,2.856,0.764,-8.267,0.865,-0.439,0.352,-28.350,-3.600,-16.350,37.4
16:35:15.363,2201774,2.928,0.031,-7.975,0.763,-0.147,0.273,-28.350,-3.600,-16.350,37.4
16:35:15.415,2201828,3.038,-0.294,-8.174,0.572,-0.232,0.129,-24.900,-8.250,-17.100,37.3
16:35:15.468,2201882,2.897,-0.441,-6.835,0.501,0.058,0.171,-24.900,-8.250,-17.100,37.3
16:35:15.520,2201936,3.670,-0.733,-8.327,0.356,0.042,0.076,-24.900,-8.250,-17.100,37.6
16:35:15.573,2201990,3.292,-2.016,-7.724,0.189,0.089,0.115,-24.900,-8.250,-17.100,37.2
16:35:15.625,2202044,2.500,-1.106,-8.040,0.021,-0.161,-0.007,-24.900,-8.250,-17.100,37.1
16:35:15.678,2202098,3.735,-1.559,-7.726,-0.054,0.080,-0.067,-24.900,-8.250,-17.100,37.2
16:35:15.730,2202152,3.273,-2.140,-10.010,-0.104,-0.189,-0.007,-24.900,-8.250,-17.100,37.4
16:35:15.783,2202206,2.021,-1.152,-7.882,-0.152,-0.018,-0.196,-24.900,-8.250,-17.100,37.3
16:35:15.835,2202260,3.761,-2.088,-9.455,-0.045,-0.202,-0.138,-24.900,-8.250,-17.100,37.2
16:35:15.888,2202314,3.515,-1.607,-9.294,-0.141,-0.301,-0.066,-24.900,-8.250,-17.100,37.2
16:35:15.940,2202368,2.291,-1.324,-9.378,-0.065,0.099,-0.046,-24.900,-8.250,-17.100,37.4
16:35:15.993,2202422,3.215,-1.465,-8.875,-0.204,-0.021,-0.012,-22.950,-10.800,-17.550,37.5
16:35:16.046,2202476,2.732,-0.888,-8.195,-0.268,0.100,-0.050,-22.950,-10.800,-17.550,37.2
16:35:16.098,2202530,3.189,-1.118,-7.851,-0.386,0.301,-0.144,-22.500,-9.600,-17.550,37.2
16:35:16.150,2202584,2.236,-0.682,-7.946,-0.596,0.161,-0.175,-22.500,-9.600,-17.550,37.0
16:35:16.203,2202638,2.916,0.062,-8.030,-0.765,0.174,-0.222,-26.550,-7.650,-16.950,37.3
16:35:16.255,2202692,2.892,0.012,-8.344,-0.953,0.026,-0.321,-26.550,-7.650,-16.950,37.3
16:35:16.308,2202746,2.413,1.116,-8.437,-0.993,0.026,-0.397,-28.500,-2.250,-16.500,37.3
16:35:16.361,2202800,3.567,1.211,-8.856,-1.102,-0.046,-0.491,-28.500,-2.250,-16.500,37.4
16:35:16.465,2202854,2.998,1.956,-8.672,-1.142,0.011,-0.446,-28.650,3.900,-16.350,37.6
16:35:16.519,2202908,3.273,2.837,-8.368,-1.211,-0.016,-0.460,-28.650,3.900,-16.350,37.3
16:35:16.571,2202962,4.039,3.733,-8.772,-1.274,0.056,-0.462,-32.250,9.300,-15.600,37.3
16:35:16.624,2203016,3.156,4.300,-8.155,-1.307,0.032,-0.433,-35.550,17.850,-11.100,37.2
16:35:16.676,2203070,4.657,4.678,-7.831,-1.324,0.179,-0.529,-35.550,17.850,-11.100,37.4
16:35:16.729,2203124,3.496,5.547,-8.607,-1.312,0.257,-0.529,-38.850,25.500,-5.850,37.4
16:35:16.780,2203178,4.099,5.794,-8.004,-1.276,0.220,-0.480,-38.850,25.500,-5.850,37.3
16:35:16.833,2203232,2.986,6.773,-7.772,-1.225,0.109,-0.395,-40.950,31.200,-0.900,37.2
16:35:16.886,2203286,3.721,7.180,-7.032,-1.159,0.183,-0.377,-40.950,31.200,-0.900,37.6
16:35:16.937,2203340,3.591,7.070,-6.910,-1.062,0.200,-0.353,-40.800,36.750,7.200,37.3
16:35:16.990,2203394,3.297,7.446,-6.613,-1.031,0.035,-0.290,-40.800,36.750,7.200,37.4
16:35:17.044,2203448,3.230,7.863,-6.093,-0.928,0.103,-0.269,-42.000,38.550,15.600,37.2
16:35:17.097,2203502,3.376,8.045,-5.770,-0.835,0.090,-0.225,-42.000,38.550,15.600,37.3
16:35:17.149,2203556,2.940,8.107,-5.114,-0.776,0.060,-0.149,-40.800,37.050,19.650,37.4
16:35:17.201,2203610,3.100,8.531,-4.776,-0.728,-0.098,-0.054,-40.800,37.050,19.650,37.3
16:35:17.254,2203664,3.146,8.590,-4.350,-0.755,-0.179,-0.062,-40.800,37.500,24.450,37.4
16:35:17.357,2203718,2.523,8.387,-3.675,-0.694,-0.188,-0.021,-41.100,35.700,27.000,37.3
16:35:17.410,2203772,2.464,8.849,-3.953,-0.555,0.125,-0.029,-41.100,35.700,27.000,37.3
16:35:17.463,2203826,2.804,8.825,-3.474,-0.544,-0.284,0.035,-42.150,32.550,27.150,37.2
16:35:17.516,2203880,2.725,9.045,-3.551,-0.485,-0.101,0.018,-42.150,32.550,27.150,37.0
16:35:17.517,2203934,3.043,8.619,-3.043,-0.472,-0.289,0.012,-42.600,31.800,30.450,37.3
16:35:17.568,2203988,2.483,9.033,-2.971,-0.462,-0.105,-0.052,-42.600,31.800,30.450,37.2
16:35:17.620,2204042,2.344,9.397,-2.789,-0.447,-0.416,-0.041,-40.950,28.950,31.950,37.4
16:35:17.674,2204096,2.193,9.244,-2.531,-0.434,-0.180,-0.072,-40.950,28.950,31.950,37.4
16:35:17.727,2204150,2.686,8.854,-2.035,-0.307,-0.206,-0.030,-42.000,29.550,33.150,37.3
16:35:17.778,2204204,2.066,9.136,-2.497,-0.290,-0.146,-0.039,-42.000,29.550,33.150,37.1
16:35:17.831,2204258,2.069,9.299,-2.061,-0.388,-0.481,-0.014,-42.000,28.050,30.300,37.2
16:35:17.883,2204312,2.866,9.254,-1.858,-0.263,-0.127,-0.009,-42.000,28.050,30.300,37.3
16:35:17.936,2204366,2.437,9.278,-2.143,-0.252,-0.369,-0.014,-42.150,27.600,29.400,37.1
16:35:17.989,2204420,2.528,9.347,-1.559,-0.266,-0.342,-0.021,-41.400,27.150,30.150,37.3
16:35:18.040,2204474,2.677,9.131,-1.812,-0.211,-0.253,0.007,-41.400,27.150,30.150,37.4
16:35:18.093,2204528,1.887,9.170,-1.712,-0.153,-0.001,-0.022,-40.650,26.850,28.200,37.3
16:35:18.145,2204582,2.315,8.985,-1.769,-0.113,0.010,-0.016,-40.650,26.850,28.200,37.2
16:35:18.199,2204636,2.330,9.316,-1.307,-0.063,0.244,-0.021,-40.650,26.850,28.200,37.4
16:35:18.252,2204690,2.286,9.213,-1.214,-0.047,0.069,0.059,-40.650,26.850,28.200,37.3
16:35:18.357,2204744,2.255,9.079,-1.307,-0.079,0.137,0.131,-40.650,26.850,28.200,37.3
16:35:18.409,2204798,2.638,9.424,-1.341,-0.086,-0.064,0.053,-40.650,26.850,28.200,37.3
16:35:18.513,2204852,2.569,9.409,-1.216,-0.068,0.185,0.001,-40.650,26.850,28.200,37.1
16:35:18.565,2204906,2.502,9.100,-1.786,-0.100,-0.039,0.016,-40.650,26.850,28.200,37.2
16:35:18.566,2204960,2.310,9.112,-1.128,-0.082,0.023,-0.004,-40.650,26.850,28.200,37.4
16:35:18.619,2205014,2.322,9.172,-1.310,-0.062,0.038,0.004,-40.650,26.850,28.200,37.4
16:35:18.671,2205068,2.485,9.218,-1.317,-0.026,0.071,0.050,-40.650,26.850,28.200,37.6
16:35:18.723,2205122,2.313,9.445,-2.284,0.093,0.067,0.056,-40.650,26.850,28.200,37.2
16:35:18.776,2205176,2.636,9.658,-2.488,0.166,0.047,0.100,-40.650,26.850,28.200,37.2
16:35:18.829,2205230,2.401,9.225,-2.768,0.311,-0.035,0.131,-41.100,27.300,30.600,37.2
16:35:18.882,2205284,2.887,9.479,-3.074,0.499,0.103,0.092,-41.100,27.300,30.600,37.3
16:35:18.933,2205338,2.753,9.301,-3.512,0.719,0.128,0.029,-42.150,27.900,31.950,37.3
16:35:18.986,2205392,3.361,9.328,-3.891,0.847,0.113,0.013,-42.150,27.900,31.950,37.2
16:35:19.038,2205446,2.861,9.464,-4.262,1.043,0.153,0.097,-42.000,31.350,29.250,37.4
16:35:19.090,2205500,3.402,9.495,-4.214,1.098,0.011,0.176,-42.000,31.350,29.250,37.3
16:35:19.143,2205554,3.907,9.330,-3.958,1.263,0.285,0.245,-43.350,35.550,27.900,37.2
16:35:19.196,2205608,3.364,9.014,-5.971,1.313,-0.224,0.423,-43.350,35.550,27.900,37.2
16:35:19.249,2205662,4.073,8.440,-5.217,1.409,0.048,0.550,-43.500,37.500,21.450,37.3
16:35:19.302,2205716,3.685,8.195,-6.598,1.470,-0.195,0.577,-45.300,35.550,12.600,37.1
16:35:19.354,2205770,4.499,7.381,-6.141,1.517,-0.148,0.565,-45.300,35.550,12.600,37.1
16:35:19.407,2205824,3.910,7.101,-7.350,1.478,-0.230,0.523,-43.050,30.900,1.800,37.2
16:35:19.458,2205878,4.583,5.710,-6.883,1.333,-0.331,0.383,-43.050,30.900,1.800,37.3
16:35:19.511,2205932,3.946,5.578,-7.463,1.337,-0.164,0.379,-39.000,24.000,-5.550,37.2
16:35:19.563,2205986,4.254,4.262,-6.749,1.096,-0.531,0.433,-39.000,24.000,-5.550,37.3
16:35:19.616,2206040,2.775,3.783,-8.169,1.074,-0.431,0.448,-37.050,17.100,-11.100,37.3
16:35:19.668,2206094,3.654,2.717,-7.743,1.077,-0.296,0.455,-37.050,17.100,-11.100,37.5
16:35:19.721,2206148,2.909,2.725,-8.734,0.872,-0.573,0.343,-31.050,10.350,-13.800,37.2
16:35:19.774,2206202,4.693,1.844,-7.800,0.922,-0.610,0.375,-31.050,10.350,-13.800,37.0
16:35:19.825,2206256,3.467,1.671,-9.383,0.908,-0.699,0.422,-27.900,5.400,-16.800,37.3
16:35:19.878,2206310,3.081,0.800,-9.275,0.884,-0.404,0.383,-27.900,5.400,-16.800,37.2
16:35:19.931,2206364,2.337,0.113,-8.794,0.957,-0.497,0.334,-24.000,-0.600,-18.900,37.4
16:35:19.983,2206418,2.430,0.081,-8.164,0.817,-0.077,0.271,-21.900,-5.850,-18.000,37.3
16:35:20.036,2206472,1.810,-0.725,-8.827,0.754,0.094,0.326,-21.900,-5.850,-18.000,37.4
16:35:20.089,2206526,2.004,-0.802,-8.236,0.508,0.016,0.217,-21.000,-11.550,-17.100,37.3
16:35:20.193,2206580,1.803,-2.411,-8.473,0.472,0.271,0.138,-21.000,-11.550,-17.100,37.4
16:35:20.298,2206634,2.737,-2.555,-8.571,0.190,0.033,-0.040,-21.300,-14.400,-18.150,37.2
16:35:20.350,2206688,2.291,-2.021,-8.404,0.275,0.215,-0.066,-21.300,-14.400,-18.150,37.2
16:35:20.403,2206742,3.136,-2.456,-8.681,0.165,0.065,0.034,-20.550,-15.150,-17.850,37.3
16:35:20.455,2206796,2.942,-1.221,-8.274,0.031,-0.129,0.114,-20.550,-15.150,-17.850,37.3
16:35:20.456,2206850,2.509,-2.856,-8.854,-0.087,-0.161,0.063,-19.500,-14.550,-18.750,37.4
16:35:20.508,2206904,2.480,-2.545,-8.935,-0.133,-0.200,-0.053,-19.500,-14.550,-18.750,37.3
16:35:20.560,2206958,2.073,-1.911,-9.148,-0.151,-0.156,-0.138,-20.550,-15.150,-17.850,37.3
16:35:20.613,2207012,1.918,-1.942,-8.588,-0.077,0.064,-0.126,-20.550,-15.150,-17.850,37.4
16:35:20.665,2207066,2.507,-2.397,-8.775,-0.153,-0.039,-0.128,-20.550,-15.150,-17.850,37.1
16:35:20.717,2207120,2.377,-1.987,-8.294,-0.240,0.021,-0.133,-20.550,-15.150,-17.850,37.0
16:35:20.770,2207174,2.277,-1.942,-8.203,-0.335,0.060,-0.216,-20.550,-15.150,-17.850,37.3
16:35:20.823,2207228,2.682,-1.465,-7.781,-0.472,0.211,-0.285,-20.550,-15.150,-17.850,37.3
16:35:20.875,2207282,2.744,-1.147,-8.078,-0.603,0.107,-0.285,-20.550,-15.150,-17.850,37.3
16:35:20.928,2207336,2.926,-0.740,-8.270,-0.744,0.141,-0.304,-20.550,-15.150,-17.850,37.4
16:35:20.982,2207390,3.335,-0.244,-8.030,-0.838,0.155,-0.301,-20.550,-15.150,-17.850,37.2
16:35:21.034,2207444,3.376,0.211,-8.562,-1.001,0.040,-0.396,-20.550,-15.150,-17.850,37.4
16:35:21.085,2207498,3.828,0.625,-8.248,-0.979,0.230,-0.400,-20.550,-15.150,-17.850,37.1
16:35:21.139,2207552,3.488,1.571,-8.775,-1.079,0.159,-0.381,-28.200,0.150,-17.700,37.2
16:35:21.190,2207606,3.807,2.155,-8.612,-1.133,0.105,-0.382,-28.200,0.150,-17.700,37.3
16:35:21.243,2207660,3.967,2.442,-8.861,-1.243,-0.022,-0.325,-33.000,6.000,-16.050,37.3
16:35:21.297,2207714,3.388,3.297,-8.619,-1.227,0.005,-0.465,-33.450,13.350,-13.500,37.4
16:35:21.402,2207768,4.494,3.984,-8.902,-1.179,0.153,-0.533,-33.450,13.350,-13.500,37.4
16:35:21.454,2207822,3.194,4.707,-8.638,-1.130,0.177,-0.490,-36.900,18.300,-9.450,37.4
16:35:21.505,2207876,4.187,5.112,-8.641,-1.097,0.186,-0.414,-36.900,18.300,-9.450,37.2
16:35:21.506,2207930,3.546,5.878,-7.745,-1.067,0.391,-0.378,-37.800,27.150,-5.550,37.4
16:35:21.558,2207984,3.682,5.883,-8.289,-1.145,-0.107,-0.281,-37.800,27.150,-5.550,37.2
16:35:21.610,2208038,3.570,6.931,-6.955,-1.039,0.277,-0.299,-40.800,29.850,0.300,37.2
16:35:21.663,2208092,4.128,6.455,-7.120,-1.008,0.194,-0.293,-40.800,29.850,0.300,37.3
16:35:21.717,2208146,3.706,7.137,-6.266,-1.059,0.295,-0.249,-42.000,34.200,8.400,37.4
16:35:21.769,2208200,3.768,7.233,-5.988,-0.972,0.238,-0.260,-42.000,34.200,8.400,37.3
16:35:21.820,2208254,3.579,7.863,-5.983,-0.957,0.112,-0.248,-43.950,34.950,13.500,37.2
16:35:21.872,2208308,3.950,7.925,-5.631,-0.854,0.123,-0.228,-43.950,34.950,13.500,37.2
16:35:21.925,2208362,2.971,8.291,-5.550,-0.810,0.021,-0.176,-42.750,37.500,19.350,37.3
16:35:21.977,2208416,3.922,8.234,-4.966,-0.749,-0.066,-0.130,-43.050,36.750,23.400,37.1
16:35:22.030,2208470,3.364,8.059,-4.879,-0.718,-0.181,-0.144,-43.050,36.750,23.400,37.3
16:35:22.136,2208524,3.282,8.394,-3.989,-0.597,-0.116,-0.084,-42.000,34.650,27.000,37.4
16:35:22.188,2208578,3.069,8.631,-3.800,-0.533,-0.170,-0.023,-42.000,34.650,27.000,37.3
16:35:22.240,2208632,2.962,9.017,-3.294,-0.480,-0.293,0.002,-41.700,32.250,28.650,37.1
16:35:22.293,2208686,2.535,8.935,-3.156,-0.501,-0.300,0.010,-41.700,32.250,28.650,37.2
16:35:22.345,2208740,3.290,8.933,-2.916,-0.431,-0.164,0.002,-40.950,30.450,30.450,37.0
16:35:22.397,2208794,3.019,9.050,-3.103,-0.453,-0.204,0.022,-40.950,30.450,30.450,37.4
16:35:22.450,2208848,2.990,8.983,-2.588,-0.434,-0.339,0.049,-42.900,29.700,29.400,37.4
16:35:22.502,2208902,2.849,8.806,-2.653,-0.367,-0.160,0.024,-42.900,29.700,29.400,37.1
16:35:22.555,2208956,2.708,8.926,-2.708,-0.382,-0.388,0.035,-41.100,29.850,30.600,37.3
16:35:22.609,2209010,2.725,8.940,-2.308,-0.325,-0.228,0.014,-41.100,29.850,30.600,37.2
16:35:22.662,2209064,2.674,9.012,-2.363,-0.317,-0.238,-0.020,-41.100,27.750,30.300,37.4
16:35:22.713,2209118,3.002,8.923,-1.812,-0.219,-0.148,-0.049,-40.800,27.300,29.550,37.3
16:35:22.765,2209172,2.672,8.988,-2.466,-0.226,-0.203,-0.041,-40.800,27.300,29.550,37.4
16:35:22.819,2209226,2.837,9.196,-1.817,-0.197,-0.078,-0.051,-42.600,25.800,29.400,37.4
16:35:22.870,2209280,2.571,9.189,-2.085,-0.185,0.029,-0.018,-42.600,25.800,29.400,37.4
16:35:22.922,2209334,2.902,9.146,-1.537,-0.153,0.047,-0.005,-43.950,26.250,29.850,37.3
16:35:22.977,2209388,2.832,9.143,-1.786,-0.150,0.085,0.032,-43.950,26.250,29.850,37.2
16:35:23.029,2209442,2.871,9.103,-1.602,-0.140,0.131,0.020,-41.550,26.700,27.000,37.3
16:35:23.082,2209496,2.708,9.182,-1.516,-0.102,0.050,0.004,-41.550,26.700,27.000,37.2
16:35:23.132,2209550,2.902,9.136,-1.700,-0.096,0.038,-0.018,-41.550,26.700,27.000,37.4
16:35:23.185,2209604,2.892,9.076,-1.638,-0.046,0.047,0.016,-41.550,26.700,27.000,37.4
16:35:23.238,2209658,2.739,9.057,-1.822,0.036,0.111,0.018,-41.550,26.700,27.000,37.6
16:35:23.291,2209712,2.746,9.191,-2.169,0.135,0.049,0.037,-41.550,26.700,27.000,37.2
16:35:23.343,2209766,2.646,9.433,-2.705,0.320,0.010,0.054,-41.550,26.700,27.000,37.3
16:35:23.396,2209820,2.298,9.658,-3.225,0.524,0.272,0.068,-41.550,26.700,27.000,37.2
16:35:23.449,2209874,2.253,9.455,-4.470,0.686,-0.068,0.211,-41.550,26.700,27.000,37.3
16:35:23.500,2209928,3.184,9.402,-4.487,0.861,-0.062,0.239,-41.550,26.700,27.000,37.3
16:35:23.553,2209982,3.160,8.918,-4.896,1.050,-0.224,0.218,-41.550,26.700,27.000,37.3
16:35:23.606,2210036,3.606,8.945,-4.659,1.188,-0.238,0.101,-41.550,30.900,28.050,37.4
16:35:23.659,2210090,2.847,8.909,-5.164,1.270,-0.257,0.084,-41.550,30.900,28.050,37.4
16:35:23.710,2210144,3.428,8.897,-5.567,1.323,-0.200,0.118,-44.250,33.450,20.700,37.4
16:35:23.763,2210198,3.620,8.418,-5.224,1.398,-0.226,0.172,-44.250,33.450,20.700,37.4
16:35:23.816,2210252,3.112,8.258,-6.270,1.377,-0.326,0.178,-40.650,36.600,11.850,37.1
16:35:23.869,2210306,3.402,7.252,-6.297,1.431,0.005,0.197,-40.650,36.600,11.850,37.3
16:35:23.920,2210360,3.414,6.618,-8.167,1.280,-0.249,0.196,-40.950,34.350,4.200,37.2
16:35:24.025,2210414,3.201,5.507,-6.656,1.301,-0.010,0.228,-37.350,28.800,-1.050,37.3
16:35:24.078,2210468,3.299,5.205,-7.908,1.250,-0.036,0.309,-37.350,28.800,-1.050,37.2
16:35:24.131,2210522,3.716,4.432,-7.556,1.229,-0.016,0.347,-35.100,21.000,-8.550,37.6
16:35:24.184,2210576,2.828,4.037,-8.588,1.109,-0.393,0.322,-35.100,21.000,-8.550,37.4
16:35:24.235,2210630,4.034,3.397,-8.121,1.224,-0.079,0.229,-34.500,15.450,-13.050,37.2
16:35:24.288,2210684,3.790,2.868,-8.581,1.211,-0.013,0.211,-34.500,15.450,-13.050,37.1
16:35:24.342,2210738,3.251,2.416,-8.296,1.083,-0.278,0.250,-29.700,7.650,-14.400,37.1
16:35:24.394,2210792,3.385,1.420,-9.084,1.046,-0.019,0.195,-29.700,7.650,-14.400,37.3
16:35:24.447,2210846,3.395,0.778,-8.866,0.858,-0.325,0.098,-29.100,1.050,-14.550,37.3
16:35:24.499,2210900,1.590,1.046,-8.861,0.813,-0.026,0.130,-29.100,1.050,-14.550,37.1
16:35:24.551,2210954,4.056,-0.354,-8.492,0.701,-0.215,0.280,-26.700,-3.600,-14.850,37.2
16:35:24.603,2211008,2.263,-0.685,-8.440,0.690,-0.112,0.249,-26.700,-3.600,-14.850,37.2
16:35:24.655,2211062,3.141,-1.075,-8.191,0.603,-0.119,0.346,-22.350,-8.700,-17.700,37.1
16:35:24.709,2211116,2.966,-2.140,-8.533,0.511,-0.183,0.261,-22.950,-12.150,-16.800,37.3
16:35:24.760,2211170,2.339,-2.116,-8.588,0.341,-0.552,0.272,-22.950,-12.150,-16.800,36.9
16:35:24.813,2211224,1.554,-2.181,-8.712,0.349,-0.265,0.169,-19.950,-14.550,-16.200,37.4
16:35:24.867,2211278,3.718,-2.442,-8.193,0.132,-0.280,0.197,-19.950,-14.550,-16.200,37.3
16:35:24.919,2211332,1.472,-1.484,-7.939,0.039,-0.081,0.128,-18.750,-14.550,-15.450,37.6
16:35:24.970,2211386,2.629,-2.851,-8.523,-0.097,0.004,0.034,-18.750,-14.550,-15.450,37.4
16:35:25.023,2211440,2.140,-2.076,-8.880,-0.132,-0.115,-0.006,-17.100,-15.150,-14.550,37.3
16:35:25.075,2211494,2.229,-2.327,-8.732,-0.133,0.096,-0.092,-17.100,-15.150,-14.550,37.2
16:35:25.129,2211548,2.160,-1.808,-9.091,-0.134,0.093,-0.060,-18.150,-15.750,-15.300,37.3
16:35:25.180,2211602,2.313,-2.375,-8.902,-0.209,0.015,-0.020,-18.150,-15.750,-15.300,37.2
16:35:25.233,2211656,2.282,-1.891,-9.203,-0.186,0.115,-0.084,-18.750,-14.550,-15.900,37.2
16:35:25.286,2211710,2.138,-1.784,-8.332,-0.289,0.175,-0.049,-18.750,-14.550,-15.900,37.4
16:35:25.339,2211764,2.701,-1.863,-8.418,-0.395,0.083,-0.102,-19.800,-13.650,-15.300,37.2
16:35:25.392,2211818,2.741,-1.460,-8.408,-0.452,0.268,-0.123,-19.800,-13.650,-15.300,37.2
16:35:25.444,2211872,2.947,-1.255,-8.638,-0.603,0.036,-0.177,-19.800,-13.650,-15.300,37.2
16:35:25.497,2211926,2.303,-0.749,-8.416,-0.708,-0.092,-0.136,-19.800,-13.650,-15.300,37.3
16:35:25.549,2211980,2.698,-0.469,-8.835,-0.780,-0.003,-0.239,-19.800,-13.650,-15.300,37.3
16:35:25.600,2212034,2.478,0.275,-8.736,-0.872,0.140,-0.270,-19.800,-13.650,-15.300,37.2
16:35:25.654,2212088,3.582,0.658,-9.187,-0.958,0.054,-0.363,-19.800,-13.650,-15.300,37.2
16:35:25.707,2212142,3.364,0.941,-9.194,-0.929,0.202,-0.373,-19.800,-13.650,-15.300,37.4
16:35:25.758,2212196,3.364,2.028,-8.770,-0.981,0.258,-0.366,-19.800,-13.650,-15.300,37.3
16:35:25.810,2212250,3.764,2.449,-8.586,-0.981,0.334,-0.322,-19.800,-13.650,-15.300,37.4
16:35:25.915,2212304,3.759,2.976,-8.768,-1.078,0.214,-0.399,-19.800,-13.650,-15.300,37.1
16:35:25.968,2212358,3.905,3.340,-8.140,-1.092,0.245,-0.404,-34.200,13.650,-12.750,37.2
16:35:26.021,2212412,3.632,3.771,-9.055,-1.094,0.302,-0.443,-36.150,18.300,-10.500,37.2
16:35:26.074,2212466,4.415,4.623,-8.253,-1.161,-0.013,-0.372,-36.150,18.300,-10.500,37.3
16:35:26.126,2212520,3.938,4.997,-8.480,-1.033,0.227,-0.383,-39.450,25.050,-6.000,37.1
16:35:26.178,2212574,3.962,5.298,-8.033,-0.950,0.195,-0.309,-39.450,25.050,-6.000,37.4
16:35:26.231,2212628,3.876,5.909,-7.444,-0.960,0.278,-0.315,-41.550,28.050,-1.800,37.2
16:35:26.282,2212682,3.991,6.041,-7.570,-0.940,0.247,-0.289,-41.550,28.050,-1.800,37.0
16:35:26.335,2212736,3.869,6.165,-6.596,-0.944,0.142,-0.289,-42.300,32.100,4.650,37.3
16:35:26.388,2212790,3.733,6.934,-6.649,-0.897,0.268,-0.286,-42.300,32.100,4.650,37.3
16:35:26.440,2212844,3.089,6.912,-6.814,-0.953,-0.232,-0.252,-42.300,34.200,10.950,37.3
16:35:26.492,2212898,4.252,7.582,-5.653,-0.815,0.226,-0.283,-42.300,34.200,10.950,37.2
16:35:26.545,2212952,3.440,7.587,-6.091,-0.796,0.016,-0.221,-42.900,37.350,16.200,37.1
16:35:26.598,2213006,3.814,7.875,-5.073,-0.808,-0.211,-0.166,-42.900,37.350,16.200,37.2
16:35:26.650,2213060,3.677,7.966,-5.284,-0.656,0.006,-0.208,-42.900,36.150,19.800,37.4
16:35:26.703,2213114,3.591,8.394,-5.741,-0.665,-0.290,-0.082,-42.900,35.850,23.850,37.2
16:35:26.755,2213168,3.354,8.286,-3.845,-0.642,-0.373,-0.126,-42.900,35.850,23.850,37.2
16:35:26.808,2213222,3.634,8.272,-4.300,-0.470,0.027,-0.128,-42.000,36.000,25.950,37.2
16:35:26.860,2213276,2.962,8.734,-4.010,-0.570,-0.271,-0.100,-42.000,36.000,25.950,37.4
16:35:26.912,2213330,3.239,8.617,-3.496,-0.493,-0.199,-0.046,-42.750,35.250,27.750,37.4
16:35:26.965,2213384,2.950,8.655,-3.606,-0.588,-0.284,0.024,-42.750,35.250,27.750,37.3
16:35:27.018,2213438,2.938,8.605,-3.414,-0.549,-0.372,0.093,-42.300,33.450,28.800,37.2
16:35:27.070,2213492,3.007,8.978,-2.528,-0.463,-0.046,0.019,-42.300,33.450,28.800,37.2
16:35:27.123,2213546,2.708,8.806,-3.005,-0.472,-0.258,0.012,-44.250,32.100,29.550,37.2
16:35:27.175,2213600,2.768,8.887,-2.476,-0.414,-0.155,-0.042,-44.250,32.100,29.550,37.2
16:35:27.228,2213654,2.641,9.184,-2.691,-0.464,-0.251,-0.003,-41.700,30.000,30.750,37.2
16:35:27.280,2213708,3.021,9.151,-2.375,-0.392,-0.254,0.019,-41.700,30.000,30.750,37.4
16:35:27.332,2213762,2.885,9.086,-2.234,-0.339,-0.095,0.005,-40.800,29.850,30.300,37.2
16:35:27.385,2213816,2.660,9.084,-2.231,-0.359,-0.379,-0.027,-41.400,27.900,31.200,37.2
16:35:27.437,2213870,2.545,9.117,-1.985,-0.310,-0.189,-0.042,-41.400,27.900,31.200,37.2
16:35:27.490,2213924,2.897,9.172,-1.650,-0.281,-0.288,-0.065,-41.100,26.700,28.500,37.0
16:35:27.542,2213978,2.447,9.199,-1.808,-0.259,-0.197,-0.030,-41.100,26.700,28.500,37.3
16:35:27.595,2214032,2.969,9.189,-1.932,-0.231,-0.180,-0.068,-40.800,27.000,28.800,37.3
16:35:27.647,2214086,2.643,9.167,-1.516,-0.215,-0.105,-0.071,-40.800,27.000,28.800,37.4
16:35:27.700,2214140,2.531,9.301,-1.595,-0.201,-0.087,-0.062,-40.350,28.050,29.850,37.3
16:35:27.857,2214194,2.610,9.124,-1.463,-0.139,0.029,-0.051,-40.350,28.050,29.850,37.1
16:35:27.859,2214248,2.567,9.330,-1.360,-0.164,-0.031,-0.010,-40.350,28.050,29.850,37.2
16:35:27.910,2214302,2.526,9.273,-1.204,-0.125,-0.024,0.028,-40.350,28.050,29.850,37.1
16:35:27.962,2214356,2.717,9.402,-1.188,-0.109,0.028,0.028,-40.350,28.050,29.850,37.2
16:35:28.015,2214410,2.392,9.141,-1.003,-0.108,-0.047,0.012,-40.350,28.050,29.850,37.2
16:35:28.068,2214464,2.758,9.280,-1.092,-0.087,-0.010,-0.010,-40.350,28.050,29.850,37.4
16:35:28.122,2214518,2.612,9.594,-1.575,0.015,0.165,0.013,-40.350,28.050,29.850,37.4
16:35:28.172,2214572,2.926,9.392,-1.788,0.149,0.068,0.025,-40.350,28.050,29.850,37.1
16:35:28.225,2214626,2.397,9.354,-2.430,0.280,0.212,0.048,-42.000,25.500,29.550,37.3
16:35:28.277,2214680,2.567,9.392,-3.012,0.392,0.023,0.009,-42.000,25.500,29.550,37.3
16:35:28.330,2214734,2.478,9.385,-3.019,0.540,0.121,0.010,-42.900,25.800,30.150,37.4
16:35:28.382,2214788,3.112,9.723,-3.807,0.759,0.079,0.034,-42.900,25.800,30.150,37.0
16:35:28.435,2214842,2.811,9.673,-4.008,0.935,0.074,0.080,-42.150,31.200,31.950,37.4
16:35:28.488,2214896,3.060,9.596,-4.946,1.086,-0.040,0.116,-42.150,31.200,31.950,37.3
16:35:28.540,2214950,2.588,8.827,-5.282,1.204,-0.277,0.100,-44.700,34.650,27.300,37.2
16:35:28.594,2215004,3.371,9.045,-4.606,1.411,0.156,0.143,-44.700,34.650,27.300,37.0
16:35:28.645,2215058,3.345,9.167,-5.662,1.522,-0.006,0.235,-43.050,38.850,24.000,37.2
16:35:28.697,2215112,3.019,8.619,-5.574,1.539,-0.141,0.428,-43.350,38.400,11.850,37.2
16:35:28.750,2215166,2.990,8.248,-6.953,1.541,-0.095,0.482,-43.350,38.400,11.850,37.3
16:35:28.802,2215220,3.826,7.683,-6.522,1.578,-0.061,0.546,-40.050,33.150,2.850,37.2
16:35:28.855,2215274,3.175,5.571,-8.004,1.478,-0.321,0.470,-40.050,33.150,2.850,37.1
16:35:28.908,2215328,3.687,5.892,-7.731,1.517,-0.196,0.546,-38.400,25.950,-5.400,37.4
16:35:28.960,2215382,2.890,5.416,-8.145,1.416,-0.125,0.489,-38.400,25.950,-5.400,37.4
16:35:29.012,2215436,3.910,4.219,-7.875,1.285,-0.243,0.489,-35.550,16.350,-12.900,37.2
16:35:29.065,2215490,3.371,1.930,-9.500,1.161,-0.648,0.368,-35.550,16.350,-12.900,37.2
16:35:29.118,2215544,3.314,3.385,-8.368,1.170,-0.337,0.121,-28.650,10.800,-16.350,37.5
16:35:29.170,2215598,2.332,2.567,-8.574,1.061,-0.385,0.302,-28.650,10.800,-16.350,37.4
16:35:29.223,2215652,3.218,1.772,-7.436,1.066,-0.221,0.462,-26.250,4.500,-17.250,37.3
16:35:29.275,2215706,2.021,-0.050,-8.068,0.988,-0.035,0.287,-26.250,4.500,-17.250,37.1
16:35:29.329,2215760,1.872,0.644,-7.772,0.654,0.043,0.159,-23.100,-1.950,-18.000,37.4
16:35:29.380,2215814,3.256,-0.378,-7.932,0.520,0.146,0.004,-22.050,-6.450,-17.850,37.4
16:35:29.487,2215868,3.318,0.232,-7.810,0.456,0.328,0.046,-22.050,-6.450,-17.850,37.2
16:35:29.487,2215922,2.440,-0.057,-9.115,0.240,-0.148,0.129,-23.100,-8.100,-16.950,37.6
16:35:29.538,2215976,2.248,-1.628,-9.031,0.284,0.163,0.102,-23.100,-8.100,-16.950,37.2
16:35:29.590,2216030,2.782,-1.506,-8.772,0.184,0.027,0.122,-22.500,-9.600,-17.550,37.4
16:35:29.695,2216084,2.684,-0.792,-8.559,0.144,-0.039,0.044,-22.500,-9.600,-17.550,37.2
16:35:29.748,2216138,3.469,-1.915,-8.612,-0.023,-0.229,0.090,-20.700,-11.250,-16.950,37.2
16:35:29.800,2216192,2.466,-1.796,-8.753,0.027,-0.086,0.026,-20.700,-11.250,-16.950,37.0
16:35:29.852,2216246,2.550,-1.662,-8.926,-0.095,-0.047,-0.021,-21.300,-10.350,-17.100,37.2
16:35:29.905,2216300,3.089,-1.575,-9.091,-0.123,-0.008,-0.084,-21.300,-10.350,-17.100,37.3
16:35:29.958,2216354,2.289,-1.482,-9.131,-0.130,0.070,-0.080,-21.750,-11.550,-17.100,37.4
16:35:30.010,2216408,2.670,-1.743,-8.964,-0.145,0.189,-0.127,-21.750,-11.550,-17.100,37.4
16:35:30.062,2216462,2.643,-1.142,-8.598,-0.232,0.015,-0.128,-21.750,-11.550,-17.100,37.4
16:35:30.115,2216516,2.626,-0.941,-8.557,-0.321,0.041,-0.123,-21.750,-11.550,-17.100,37.6
16:35:30.167,2216570,3.165,-1.132,-8.715,-0.400,-0.024,-0.141,-21.750,-11.550,-17.100,37.3
16:35:30.220,2216624,2.595,-0.903,-8.502,-0.441,-0.049,-0.121,-21.750,-11.550,-17.100,37.0
16:35:30.272,2216678,3.304,-0.419,-8.861,-0.565,-0.090,-0.171,-21.750,-11.550,-17.100,37.2
16:35:30.325,2216732,3.079,-0.347,-8.837,-0.526,0.089,-0.213,-21.750,-11.550,-17.100,37.2
16:35:30.378,2216786,3.496,0.136,-8.442,-0.608,-0.003,-0.216,-21.750,-11.550,-17.100,37.3
16:35:30.430,2216840,2.919,0.745,-8.995,-0.721,-0.085,-0.233,-27.600,-3.150,-17.550,37.2
16:35:30.483,2216894,3.017,1.070,-8.418,-0.727,0.170,-0.292,-27.600,-3.150,-17.550,37.4
16:35:30.535,2216948,3.136,1.607,-9.088,-0.837,-0.031,-0.234,-27.150,2.400,-17.100,37.4
16:35:30.587,2217002,3.158,2.332,-8.851,-0.812,0.198,-0.305,-27.150,2.400,-17.100,37.4
16:35:30.641,2217056,3.448,2.471,-8.916,-0.919,0.119,-0.309,-29.550,5.400,-17.550,36.9
16:35:30.692,2217110,3.443,2.725,-8.691,-0.964,0.055,-0.301,-29.550,5.400,-17.550,37.1
16:35:30.745,2217164,3.340,3.831,-8.815,-0.914,0.231,-0.308,-31.050,11.550,-14.550,37.4
16:35:30.797,2217218,3.615,4.013,-8.882,-0.949,0.215,-0.255,-35.100,16.650,-13.950,37.5
16:35:30.850,2217272,3.778,4.171,-7.855,-0.957,0.241,-0.313,-35.100,16.650,-13.950,37.2
16:35:30.902,2217326,2.938,4.791,-8.480,-1.071,0.240,-0.438,-39.600,20.850,-8.700,37.4
16:35:30.955,2217380,4.422,5.162,-6.812,-0.987,0.630,-0.471,-39.600,20.850,-8.700,37.3
16:35:31.007,2217434,4.312,5.636,-8.064,-1.093,0.177,-0.407,-40.950,28.650,-3.450,37.4
16:35:31.060,2217488,3.598,6.359,-6.843,-1.002,0.397,-0.426,-40.950,28.650,-3.450,36.9
16:35:31.112,2217542,3.938,6.771,-7.961,-1.009,0.195,-0.366,-40.800,34.650,3.150,37.1
16:35:31.165,2217596,4.896,6.891,-6.017,-0.889,0.285,-0.316,-40.800,34.650,3.150,37.4
16:35:31.217,2217650,3.663,7.616,-6.144,-0.973,0.155,-0.204,-43.350,35.100,11.850,37.3
16:35:31.270,2217704,3.515,7.664,-4.942,-0.979,-0.139,-0.146,-43.350,35.100,11.850,37.3
16:35:31.323,2217758,4.034,8.102,-5.622,-0.906,0.125,-0.240,-44.700,37.500,16.050,37.3
16:35:31.376,2217812,3.244,7.994,-4.942,-0.867,0.034,-0.243,-43.350,37.350,21.000,37.1
16:35:31.428,2217866,3.488,8.497,-5.028,-0.836,0.159,-0.236,-43.350,37.350,21.000,37.2
16:35:31.480,2217920,3.984,8.121,-4.362,-0.749,0.028,-0.231,-42.150,36.150,26.400,37.2
16:35:31.585,2217974,3.395,8.823,-4.664,-0.756,-0.067,-0.199,-42.150,36.150,26.400,36.9
16:35:31.638,2218028,3.359,8.519,-3.905,-0.719,-0.088,-0.127,-42.300,34.950,29.850,37.1
16:35:31.690,2218082,3.127,9.148,-3.287,-0.675,-0.137,-0.097,-42.300,34.950,29.850,37.3
16:35:31.742,2218136,2.720,8.859,-3.438,-0.556,-0.185,-0.015,-42.150,35.850,29.400,37.3
16:35:31.795,2218190,2.540,9.002,-2.885,-0.496,-0.112,-0.051,-42.150,35.850,29.400,37.3
16:35:31.847,2218244,2.981,9.031,-3.299,-0.475,-0.227,-0.038,-42.300,30.900,33.150,37.2
16:35:31.900,2218298,2.911,8.964,-2.519,-0.359,-0.149,-0.041,-42.300,30.900,33.150,37.2
16:35:31.953,2218352,2.792,9.196,-2.545,-0.334,-0.248,-0.014,-42.600,29.400,33.450,37.3
16:35:32.005,2218406,2.964,9.112,-2.078,-0.323,-0.183,0.018,-42.600,29.400,33.450,37.4
16:35:32.058,2218460,3.287,9.160,-2.143,-0.316,-0.363,0.003,-40.800,29.550,32.100,37.2
16:35:32.110,2218514,2.969,9.215,-1.903,-0.267,-0.273,0.014,-40.800,27.000,32.400,37.2
16:35:32.163,2218568,3.132,9.187,-1.686,-0.212,-0.234,-0.015,-40.800,27.000,32.400,37.1
16:35:32.215,2218622,2.638,9.038,-2.157,-0.182,-0.309,-0.049,-40.800,27.000,32.400,37.3
16:35:32.268,2218676,2.325,9.261,-1.566,-0.120,-0.130,-0.042,-40.800,27.000,32.400,37.2
16:35:32.320,2218730,2.157,9.017,-1.709,-0.169,-0.288,-0.093,-40.800,27.000,32.400,37.2
16:35:32.372,2218784,2.902,9.122,-1.039,-0.092,-0.100,-0.088,-40.800,27.000,32.400,37.3
16:35:32.425,2218838,2.473,9.179,-1.781,-0.117,-0.167,-0.036,-40.800,27.000,32.400,37.2
16:35:32.477,2218892,2.504,9.143,-1.506,-0.113,-0.043,-0.040,-40.800,27.000,32.400,37.2
16:35:32.530,2218946,2.729,9.333,-1.379,-0.136,-0.051,-0.047,-40.800,27.000,32.400,37.3
16:35:32.583,2219000,2.286,9.220,-1.693,-0.142,-0.023,-0.018,-40.800,27.000,32.400,37.3
16:35:32.635,2219054,2.195,9.012,-1.542,-0.153,-0.067,0.007,-40.800,27.000,32.400,36.9
16:35:32.688,2219108,2.495,9.175,-1.336,-0.088,-0.002,0.007,-40.800,27.000,32.400,37.3
16:35:32.741,2219162,2.497,9.184,-1.721,-0.062,-0.076,0.026,-40.800,27.000,32.400,37.5
16:35:32.793,2219216,2.310,9.357,-1.666,0.022,0.005,0.061,-40.800,28.050,30.300,37.3
16:35:32.845,2219270,2.875,9.495,-2.349,0.116,-0.039,0.085,-40.800,28.050,30.300,37.3
16:35:32.897,2219324,1.516,9.450,-2.631,0.201,-0.085,0.093,-41.100,27.300,29.250,37.2
16:35:32.950,2219378,2.267,9.701,-3.132,0.449,0.011,0.140,-41.100,27.300,29.250,37.1
16:35:33.003,2219432,2.624,9.452,-3.270,0.598,0.043,0.085,-41.100,28.500,30.300,37.2
16:35:33.057,2219486,2.365,9.579,-3.926,0.666,-0.002,0.047,-41.100,28.500,30.300,37.2
16:35:33.109,2219540,2.315,9.323,-3.445,0.768,-0.110,0.028,-42.600,32.250,29.700,37.1
16:35:33.161,2219594,2.672,9.376,-4.061,0.911,-0.139,0.023,-42.600,32.250,29.700,37.3
16:35:33.213,2219648,2.550,9.292,-4.422,0.955,-0.261,0.051,-42.000,34.650,25.950,37.3
16:35:33.265,2219702,2.533,9.210,-4.609,1.078,-0.260,0.045,-42.000,34.650,25.950,37.3
16:35:33.318,2219756,2.533,8.806,-4.719,1.011,-0.270,0.060,-41.700,38.700,21.750,37.3
16:35:33.371,2219810,2.394,8.286,-5.176,1.012,-0.489,0.088,-41.700,38.700,21.750,37.1
16:35:33.475,2219864,2.861,8.047,-5.765,1.079,-0.202,-0.026,-40.350,40.650,12.000,37.2
16:35:33.528,2219918,3.163,7.913,-5.964,1.131,-0.376,-0.072,-37.650,39.300,3.600,37.3
16:35:33.580,2219972,2.066,7.113,-7.537,1.078,-0.570,0.069,-37.650,39.300,3.600,37.2
16:35:33.633,2220026,3.460,7.039,-6.407,1.271,-0.193,0.077,-32.400,38.400,-6.000,37.4
16:35:33.686,2220080,2.351,6.393,-8.174,1.245,-0.319,0.093,-32.400,38.400,-6.000,37.3
16:35:33.738,2220134,2.025,5.227,-7.293,1.275,-0.084,0.244,-29.250,29.700,-10.650,37.3
16:35:33.790,2220188,1.851,4.295,-8.892,1.284,0.029,0.310,-29.250,29.700,-10.650,37.1
16:35:33.842,2220242,3.797,3.548,-8.727,1.259,-0.399,0.108,-27.900,22.650,-16.350,37.1
16:35:33.895,2220296,0.632,3.424,-9.098,1.341,0.145,0.248,-27.900,22.650,-16.350,37.2
16:35:33.947,2220350,2.856,4.022,-9.153,1.046,-0.462,0.190,-24.600,14.250,-20.250,37.2
16:35:34.000,2220404,2.842,3.014,-6.725,1.170,0.214,0.156,-24.600,14.250,-20.250,37.4
16:35:34.052,2220458,2.152,1.858,-8.578,1.070,0.003,0.163,-23.400,8.100,-21.000,37.4
16:35:34.105,2220512,1.693,1.348,-8.691,0.745,-0.073,0.106,-20.550,0.300,-22.200,37.4
16:35:34.157,2220566,2.308,0.740,-9.055,0.657,-0.066,0.094,-20.550,0.300,-22.200,37.2
16:35:34.210,2220620,1.494,1.101,-8.882,0.659,-0.094,0.164,-19.500,-3.000,-20.550,37.3
16:35:34.262,2220674,2.066,-0.402,-7.288,0.676,0.152,0.134,-19.500,-3.000,-20.550,37.1
16:35:34.315,2220728,1.700,-0.484,-9.251,0.494,-0.166,0.148,-18.000,-6.300,-19.800,37.0
16:35:34.369,2220782,1.228,-0.397,-8.693,0.356,0.008,0.094,-18.000,-6.300,-19.800,37.3
16:35:34.420,2220836,1.085,-1.626,-8.406,0.288,0.232,0.190,-17.850,-10.350,-21.150,37.3
16:35:34.472,2220890,1.911,-1.255,-7.683,0.096,0.106,0.059,-17.850,-10.350,-21.150,37.2
16:35:34.525,2220944,1.705,-1.061,-9.072,0.049,0.281,-0.020,-18.150,-10.350,-20.100,37.1
16:35:34.578,2220998,2.272,-1.358,-9.335,-0.070,0.188,-0.078,-18.150,-10.350,-20.100,37.2
16:35:34.630,2221052,1.738,-0.778,-9.373,-0.203,-0.122,-0.092,-18.150,-10.350,-20.100,37.3
16:35:34.682,2221106,2.361,-1.547,-9.084,-0.073,0.251,-0.128,-18.150,-10.350,-20.100,37.0
16:35:34.735,2221160,1.999,-1.022,-9.541,-0.188,-0.093,-0.051,-18.150,-10.350,-20.100,37.1
16:35:34.788,2221214,1.942,-1.743,-9.009,-0.161,0.016,-0.085,-18.150,-10.350,-20.100,37.2
16:35:34.840,2221268,2.272,-1.039,-9.139,-0.260,-0.009,-0.121,-18.150,-10.350,-20.100,37.3
16:35:34.892,2221322,2.701,-0.675,-8.162,-0.276,0.302,-0.173,-18.150,-10.350,-20.100,37.2
16:35:34.946,2221376,2.440,-0.476,-9.328,-0.517,-0.052,-0.130,-18.150,-10.350,-20.100,37.4
16:35:34.999,2221430,2.164,0.103,-8.346,-0.463,0.330,-0.156,-22.500,-5.700,-20.700,37.1
16:35:35.051,2221484,2.500,-0.029,-8.823,-0.655,0.099,-0.164,-22.500,-5.700,-20.700,37.2
16:35:35.104,2221538,2.401,0.330,-8.200,-0.750,0.129,-0.248,-25.650,-1.350,-20.400,37.2
16:35:35.157,2221592,3.361,1.367,-8.461,-0.802,0.180,-0.308,-25.650,-1.350,-20.400,37.1
16:35:35.209,2221646,3.033,1.523,-8.672,-0.863,0.128,-0.340,-27.150,1.800,-20.700,37.2
16:35:35.260,2221700,2.500,1.633,-9.400,-0.948,0.066,-0.306,-27.150,1.800,-20.700,37.4
16:35:35.366,2221754,2.966,2.931,-8.507,-0.929,0.231,-0.331,-30.900,6.600,-18.750,37.4
16:35:35.418,2221808,3.828,2.942,-9.380,-0.940,0.183,-0.353,-30.900,6.600,-18.750,37.2
16:35:35.470,2221862,2.902,3.582,-8.452,-0.946,0.090,-0.314,-31.650,12.450,-17.700,37.3
16:35:35.523,2221916,3.929,3.661,-8.854,-0.981,0.222,-0.399,-34.800,17.850,-12.600,37.2
16:35:35.575,2221970,3.622,4.626,-7.879,-0.928,0.363,-0.387,-34.800,17.850,-12.600,37.2
16:35:35.628,2222024,3.431,5.152,-9.467,-1.061,-0.088,-0.311,-36.900,24.450,-11.250,37.2
16:35:35.680,2222078,3.893,5.370,-7.908,-0.916,0.395,-0.323,-36.900,24.450,-11.250,37.1
16:35:35.733,2222132,3.627,5.746,-7.898,-0.926,0.159,-0.314,-38.250,30.450,-6.000,37.4
16:35:35.786,2222186,3.531,5.646,-7.343,-0.937,0.107,-0.359,-38.250,30.450,-6.000,37.3
16:35:35.839,2222240,3.220,6.618,-7.199,-0.907,0.140,-0.392,-41.550,34.650,1.050,37.3
16:35:35.891,2222294,3.680,6.632,-6.294,-0.873,0.216,-0.355,-41.550,34.650,1.050,37.4
16:35:35.944,2222348,3.287,7.216,-6.606,-0.907,0.009,-0.266,-40.950,37.950,6.300,37.5
16:35:35.997,2222402,3.213,7.508,-6.057,-0.836,0.070,-0.203,-40.950,37.950,6.300,37.3
16:35:36.049,2222456,3.500,7.453,-5.337,-0.859,0.109,-0.199,-40.650,39.750,11.400,37.3
16:35:36.100,2222510,2.861,8.265,-5.478,-0.932,-0.059,-0.151,-40.650,39.750,11.400,37.2
16:35:36.153,2222564,3.017,8.061,-3.979,-0.884,-0.112,-0.145,-40.200,41.250,18.450,37.3
16:35:36.206,2222618,2.921,8.365,-5.016,-0.856,0.010,-0.084,-41.400,39.750,21.750,37.0
16:35:36.259,2222672,3.227,8.444,-4.245,-0.837,-0.075,-0.190,-41.400,39.750,21.750,37.4
16:35:36.310,2222726,2.507,8.689,-4.365,-0.823,-0.084,-0.225,-41.700,38.400,27.600,37.3
16:35:36.363,2222780,2.586,8.837,-4.357,-0.769,-0.232,-0.134,-41.700,38.400,27.600,37.3
16:35:36.417,2222834,2.990,8.902,-3.759,-0.674,-0.310,-0.091,-40.800,36.750,29.850,37.4
16:35:36.469,2222888,3.043,8.957,-3.548,-0.573,-0.313,0.013,-40.800,36.750,29.850,37.4
16:35:36.521,2222942,1.659,8.631,-2.744,-0.559,-0.449,-0.028,-39.450,35.100,30.150,37.3
16:35:36.574,2222996,3.230,9.376,-2.533,-0.451,-0.443,-0.007,-39.450,35.100,30.150,37.0
16:35:36.625,2223050,2.571,9.136,-2.370,-0.466,-0.297,0.143,-39.150,34.650,29.250,37.1
16:35:36.679,2223104,2.770,9.359,-1.669,-0.438,-0.300,0.020,-39.150,34.650,29.250,37.3
16:35:36.732,2223158,2.624,8.914,-2.126,-0.424,-0.228,0.010,-41.400,33.000,28.650,37.4
16:35:36.784,2223212,2.643,9.390,-1.439,-0.343,-0.090,-0.052,-41.400,33.000,28.650,37.2
16:35:36.836,2223266,2.796,9.160,-1.839,-0.350,-0.260,0.004,-41.400,33.000,28.650,37.4
16:35:36.888,2223320,2.349,9.594,-1.233,-0.275,-0.306,-0.042,-41.400,33.000,28.650,37.3
16:35:36.940,2223374,1.702,9.088,-1.623,-0.243,-0.228,-0.049,-41.400,33.000,28.650,37.3
16:35:36.994,2223428,2.931,9.742,-1.571,-0.198,-0.145,-0.064,-41.400,33.000,28.650,37.1
16:35:37.046,2223482,2.045,8.971,-1.228,-0.204,-0.233,-0.031,-41.400,33.000,28.650,37.2
16:35:37.099,2223536,2.533,9.414,-1.252,-0.160,-0.058,-0.056,-41.400,33.000,28.650,37.3
16:35:37.151,2223590,2.028,9.280,-1.264,-0.187,-0.260,-0.047,-41.400,33.000,28.650,37.3
16:35:37.308,2223644,2.648,9.625,-1.183,-0.088,0.053,-0.002,-38.100,30.900,29.250,37.2
16:35:37.308,2223698,1.946,9.270,-1.310,-0.128,-0.151,-0.006,-38.100,30.900,29.250,37.2
16:35:37.360,2223752,1.994,9.234,-0.939,-0.092,-0.130,-0.016,-39.750,29.700,28.650,37.1
16:35:37.412,2223806,2.093,9.301,-1.252,-0.071,-0.046,-0.012,-39.750,29.700,28.650,37.2
16:35:37.465,2223860,2.167,9.234,-0.836,-0.051,-0.026,-0.034,-40.650,29.700,29.400,37.1
16:35:37.518,2223914,2.136,9.306,-0.903,-0.042,-0.035,-0.043,-40.650,30.750,27.900,37.0
16:35:37.622,2223968,2.358,9.486,-1.077,-0.048,0.035,0.002,-40.650,30.750,27.900,37.3
16:35:37.623,2224022,2.188,9.555,-1.025,-0.066,0.011,0.014,-39.150,30.900,28.800,37.3
16:35:37.675,2224076,2.066,9.457,-1.001,-0.069,0.064,0.043,-39.150,30.900,28.800,37.4
16:35:37.780,2224130,1.472,9.127,-0.898,-0.063,-0.068,0.030,-40.350,29.100,29.550,37.4
16:35:37.781,2224184,2.468,9.206,-1.056,-0.042,0.081,0.026,-40.350,29.100,29.550,37.2
16:35:37.833,2224238,1.841,9.555,-0.836,-0.048,-0.074,-0.005,-40.800,29.550,30.300,37.2
16:35:37.885,2224292,1.908,9.483,-0.733,-0.075,0.011,-0.001,-40.800,29.550,30.300,37.0
16:35:37.937,2224346,2.231,9.316,-0.912,-0.054,0.004,0.037,-40.650,29.400,30.150,37.0
16:35:37.990,2224400,2.291,9.273,-1.149,-0.019,0.029,0.029,-40.650,29.400,30.150,37.3
16:35:38.042,2224454,2.392,9.261,-1.300,0.078,0.120,0.063,-41.100,29.550,30.300,37.2
16:35:38.095,2224508,1.827,9.479,-1.563,0.156,0.169,0.036,-41.100,29.550,30.300,37.3
16:35:38.147,2224562,2.375,9.572,-2.495,0.327,0.255,0.086,-40.650,29.700,31.200,37.4
16:35:38.200,2224616,2.162,9.768,-2.830,0.393,-0.080,0.188,-41.100,28.500,30.600,37.2
16:35:38.252,2224670,2.231,9.232,-3.587,0.708,0.293,0.132,-41.100,28.500,30.600,37.2
16:35:38.305,2224724,3.103,9.474,-4.286,0.978,0.031,0.115,-42.150,31.200,31.200,37.2
16:35:38.357,2224778,3.369,9.469,-4.587,1.217,-0.029,0.102,-42.150,31.200,31.200,36.9
16:35:38.410,2224832,3.153,10.307,-4.961,1.317,-0.165,0.174,-42.300,34.650,27.000,37.2
16:35:38.462,2224886,3.335,9.110,-5.727,1.480,0.053,0.248,-42.300,34.650,27.000,37.4
16:35:38.515,2224940,3.151,9.534,-6.807,1.663,-0.065,0.315,-41.700,37.650,23.100,37.3
16:35:38.567,2224994,3.587,8.935,-5.823,1.786,0.026,0.312,-41.700,37.650,23.100,37.1
16:35:38.620,2225048,3.572,9.108,-7.199,1.814,-0.191,0.467,-42.750,40.350,12.000,37.3
16:35:38.672,2225102,3.601,7.434,-6.096,1.846,-0.093,0.620,-42.750,40.350,12.000,37.2
16:35:38.725,2225156,4.140,6.931,-7.132,1.794,-0.056,0.623,-42.000,32.100,1.050,37.3
16:35:38.777,2225210,3.711,5.782,-7.197,1.656,-0.187,0.594,-76.650,32.100,1.050,37.2
16:35:38.830,2225264,3.227,5.001,-8.195,1.600,-0.149,0.620,-38.250,22.500,-10.650,37.0
16:35:38.882,2225318,2.993,3.596,-8.959,1.431,-0.511,0.846,-33.600,12.750,-13.650,37.1
16:35:38.935,2225372,3.680,3.323,-7.989,1.589,-0.194,0.676,-33.600,12.750,-13.650,37.4
16:35:38.987,2225426,3.278,2.124,-7.649,1.290,-0.281,0.449,-31.200,3.750,-16.200,37.4
16:35:39.040,2225480,2.914,0.627,-8.150,1.046,-0.277,0.373,-31.200,3.750,-16.200,37.1
16:35:39.145,2225534,2.758,-0.060,-7.906,0.756,-0.493,0.307,-31.200,3.750,-16.200,37.2
16:35:39.198,2225588,2.796,0.153,-8.116,0.843,-0.118,0.315,-31.200,3.750,-16.200,37.4
16:35:39.250,2225642,2.892,-0.675,-8.001,0.702,-0.173,0.456,-31.200,3.750,-16.200,37.1
16:35:39.303,2225696,2.423,-1.468,-7.863,0.510,-0.272,0.486,-31.200,3.750,-16.200,37.2
16:35:39.355,2225750,2.164,-1.963,-7.891,0.417,-0.128,0.216,-31.200,3.750,-16.200,37.2
16:35:39.408,2225804,2.526,-1.585,-8.547,0.246,-0.143,0.085,-31.200,3.750,-16.200,37.2
16:35:39.460,2225858,2.375,-2.191,-7.877,0.253,0.175,0.055,-31.200,3.750,-16.200,37.3
16:35:39.513,2225912,3.144,-1.573,-8.624,0.047,-0.162,-0.031,-18.750,-14.850,-15.900,37.4
16:35:39.565,2225966,2.593,-2.174,-8.557,0.076,0.180,0.036,-18.750,-14.850,-15.900,37.3
16:35:39.617,2226020,2.440,-2.313,-9.194,-0.187,-0.288,-0.019,-18.450,-14.550,-16.200,37.4
16:35:39.670,2226074,2.521,-1.733,-8.669,-0.014,0.084,-0.026,-18.450,-14.550,-16.200,37.3
16:35:39.722,2226128,2.813,-3.220,-9.019,0.018,-0.113,-0.026,-16.800,-15.600,-16.200,36.9
16:35:39.775,2226182,1.879,-2.097,-9.055,-0.063,-0.114,0.029,-16.800,-15.600,-16.200,37.2
16:35:39.827,2226236,2.071,-2.162,-8.602,-0.047,0.122,-0.034,-17.400,-14.700,-17.550,37.2
16:35:39.880,2226290,3.328,-2.983,-9.191,-0.084,0.093,-0.060,-17.400,-14.700,-17.550,37.2
16:35:39.933,2226344,2.057,-1.391,-8.973,-0.097,0.030,-0.049,-17.850,-14.700,-17.100,37.2
16:35:39.985,2226398,2.660,-2.332,-8.444,-0.121,0.217,0.009,-17.850,-14.700,-17.100,37.2
16:35:40.038,2226452,2.464,-1.781,-8.471,-0.274,0.005,-0.033,-18.450,-14.550,-18.450,37.3
16:35:40.090,2226506,1.918,-1.839,-8.317,-0.304,0.278,-0.067,-18.450,-14.550,-18.450,37.2
16:35:40.143,2226560,2.650,-1.702,-8.030,-0.450,0.146,-0.095,-19.200,-11.250,-16.500,37.0
16:35:40.195,2226614,2.344,-1.334,-7.944,-0.529,0.197,-0.119,-21.000,-11.850,-18.600,37.1
16:35:40.247,2226668,2.696,-0.917,-8.229,-0.649,0.261,-0.273,-21.000,-11.850,-18.600,37.4
16:35:40.300,2226722,3.067,-0.520,-8.193,-0.752,0.277,-0.362,-23.400,-8.100,-16.200,37.1
16:35:40.352,2226776,2.863,0.215,-8.452,-0.859,0.202,-0.434,-23.400,-8.100,-16.200,37.2
16:35:40.405,2226830,3.457,0.383,-8.643,-0.920,0.264,-0.413,-27.600,-4.950,-16.350,37.2
16:35:40.457,2226884,3.838,1.362,-8.322,-0.942,0.224,-0.453,-27.600,-4.950,-16.350,37.3
16:35:40.510,2226938,3.417,1.317,-8.722,-1.072,0.185,-0.471,-30.300,0.600,-17.550,37.4
16:35:40.562,2226992,4.051,2.133,-8.526,-1.067,0.304,-0.543,-30.300,0.600,-17.550,37.2
16:35:40.615,2227046,4.436,2.938,-8.595,-1.126,0.221,-0.522,-31.950,8.100,-14.700,37.1
16:35:40.667,2227100,3.809,3.505,-9.256,-1.100,0.251,-0.574,-31.950,8.100,-14.700,37.1
16:35:40.720,2227154,4.106,3.838,-8.368,-1.098,0.187,-0.545,-37.650,13.950,-12.000,37.4
16:35:40.772,2227208,4.736,4.927,-8.198,-1.035,0.287,-0.545,-37.650,13.950,-12.000,37.2
16:35:40.825,2227262,4.578,5.037,-7.616,-1.011,0.295,-0.511,-40.050,22.350,-7.950,37.1
16:35:40.877,2227316,3.977,5.677,-7.786,-1.048,0.150,-0.479,-42.150,27.900,-2.700,37.3
16:35:40.930,2227370,4.511,6.045,-7.326,-1.053,0.218,-0.492,-42.150,27.900,-2.700,37.3
16:35:41.035,2227424,4.393,6.584,-7.235,-0.952,0.359,-0.496,-43.050,33.150,2.550,37.2
16:35:41.087,2227478,3.864,6.591,-6.529,-0.984,0.165,-0.453,-43.050,33.150,2.550,37.1
16:35:41.140,2227532,4.025,7.309,-6.067,-0.968,0.088,-0.414,-43.050,37.050,9.000,37.2
16:35:41.194,2227586,3.941,7.460,-5.818,-0.916,0.122,-0.317,-43.050,37.050,9.000,37.2
16:35:41.246,2227640,3.965,7.992,-5.574,-0.876,0.137,-0.320,-44.850,37.950,14.400,37.3
16:35:41.299,2227694,3.316,7.872,-5.535,-0.905,-0.017,-0.300,-44.850,37.950,14.400,37.2
16:35:41.352,2227748,3.802,8.004,-4.685,-0.798,0.131,-0.280,-44.850,37.950,14.400,37.3
16:35:41.403,2227802,3.644,8.435,-4.872,-0.741,-0.015,-0.229,-44.850,37.950,14.400,37.3
16:35:41.455,2227856,3.357,8.236,-4.187,-0.694,-0.064,-0.139,-44.850,37.950,14.400,37.1
16:35:41.508,2227910,3.287,8.547,-4.269,-0.537,0.009,-0.113,-44.850,37.950,14.400,37.0
16:35:41.562,2227964,3.081,8.602,-3.800,-0.494,-0.034,-0.147,-44.850,37.950,14.400,37.0
16:35:41.613,2228018,3.270,8.899,-3.651,-0.498,-0.210,-0.112,-44.850,37.950,14.400,37.4
16:35:41.666,2228072,3.012,8.909,-3.033,-0.470,-0.172,-0.132,-44.850,37.950,14.400,37.5
16:35:41.719,2228126,2.602,9.115,-2.940,-0.441,-0.137,-0.042,-40.800,34.200,32.850,37.4
16:35:41.770,2228180,2.476,9.122,-3.050,-0.503,-0.425,0.003,-40.800,34.200,32.850,37.2
16:35:41.823,2228234,3.079,9.014,-2.114,-0.431,-0.192,-0.034,-41.700,33.000,34.050,37.2
16:35:41.876,2228288,2.878,9.242,-2.449,-0.385,-0.338,-0.118,-41.700,33.000,34.050,37.2
16:35:41.929,2228342,2.157,9.055,-2.397,-0.389,-0.242,-0.147,-39.600,32.400,33.600,37.2
16:35:41.981,2228396,2.385,9.263,-1.640,-0.427,-0.485,-0.079,-39.600,32.400,33.600,37.1
16:35:42.034,2228450,2.351,9.041,-2.040,-0.343,-0.306,-0.024,-42.600,30.000,34.050,37.3
16:35:42.086,2228504,2.423,8.933,-2.028,-0.315,-0.318,-0.044,-42.600,30.000,34.050,37.2
16:35:42.138,2228558,2.246,9.385,-1.695,-0.274,-0.193,-0.029,-41.550,31.350,32.850,37.3
16:35:42.191,2228612,2.382,9.256,-1.978,-0.252,-0.276,-0.029,-41.550,30.300,32.400,37.4
16:35:42.243,2228666,2.368,9.325,-1.623,-0.208,-0.159,-0.086,-41.550,30.300,32.400,37.2
16:35:42.297,2228720,2.090,9.328,-1.518,-0.157,-0.117,-0.064,-40.800,29.850,31.350,37.4
16:35:42.349,2228774,2.310,9.237,-1.642,-0.131,-0.127,-0.050,-40.800,29.850,31.350,37.3
16:35:42.400,2228828,2.413,9.371,-1.475,-0.096,-0.009,-0.007,-40.950,30.000,31.950,36.9
16:35:42.452,2228882,2.258,9.268,-1.288,-0.097,-0.073,-0.001,-40.950,30.000,31.950,37.2
16:35:42.505,2228936,2.342,9.345,-1.295,-0.088,0.011,-0.006,-40.050,30.600,31.350,37.2
16:35:42.559,2228990,2.119,9.359,-0.939,-0.071,0.006,0.007,-40.050,30.600,31.350,37.2
16:35:42.610,2229044,2.468,9.182,-1.346,-0.070,0.059,0.014,-40.050,29.100,31.350,37.1
16:35:42.664,2229098,2.306,9.287,-1.116,-0.062,0.045,0.019,-40.050,29.100,31.350,37.1
16:35:42.718,2229152,2.440,9.263,-1.386,-0.084,-0.022,0.017,-40.650,30.750,32.700,37.2
16:35:42.769,2229206,2.389,9.337,-1.087,-0.049,0.062,0.023,-40.650,30.750,32.700,37.4
16:35:42.874,2229260,2.310,9.232,-1.322,-0.021,-0.017,0.043,-40.200,30.750,32.700,37.0
16:35:42.874,2229314,2.215,9.347,-1.398,0.002,0.057,0.029,-42.000,29.850,33.600,37.2
16:35:42.978,2229368,2.210,9.239,-1.628,0.050,-0.077,0.046,-42.000,29.850,33.600,37.3
16:35:43.031,2229422,2.598,9.527,-1.889,0.207,0.077,0.007,-40.050,30.300,31.050,37.2
16:35:43.084,2229476,1.760,9.584,-2.899,0.286,0.039,0.076,-40.050,30.300,31.050,37.1
16:35:43.137,2229530,2.686,9.632,-2.892,0.451,0.184,0.201,-41.400,29.400,32.250,37.3
16:35:43.189,2229584,2.820,9.297,-3.792,0.629,-0.023,0.264,-41.400,29.400,32.250,37.2
16:35:43.241,2229638,3.263,9.352,-3.986,0.911,0.283,0.294,-43.950,30.900,31.800,37.2
16:35:43.294,2229692,3.644,9.282,-4.575,1.166,0.045,0.277,-43.950,30.900,31.800,37.4
16:35:43.346,2229746,3.452,9.536,-4.889,1.302,0.228,0.183,-43.350,34.350,30.450,37.2
16:35:43.398,2229800,3.577,9.165,-5.088,1.400,0.075,0.221,-43.350,34.350,30.450,37.1
16:35:43.450,2229854,3.249,8.665,-5.267,1.397,0.007,0.359,-42.750,38.250,24.000,37.1
16:35:43.503,2229908,4.056,8.253,-5.576,1.463,0.030,0.450,-42.750,38.250,24.000,37.2
16:35:43.555,2229962,4.037,7.542,-6.376,1.415,-0.169,0.463,-42.750,38.250,24.000,37.2
16:35:43.609,2230016,4.190,7.824,-5.732,1.433,-0.057,0.544,-42.750,38.250,24.000,37.4
16:35:43.661,2230070,3.642,6.450,-6.215,1.332,-0.171,0.528,-42.750,38.250,24.000,37.4
16:35:43.712,2230124,4.527,5.768,-6.869,1.250,-0.225,0.426,-42.750,38.250,24.000,37.3
16:35:43.766,2230178,4.159,4.712,-8.550,1.195,-0.496,0.390,-42.750,38.250,24.000,37.0
16:35:43.819,2230232,2.988,4.815,-6.488,1.231,-0.115,0.500,-42.750,38.250,24.000,37.1
16:35:43.872,2230286,4.664,3.508,-7.659,1.151,-0.267,0.549,-42.750,38.250,24.000,37.3
16:35:43.923,2230340,3.112,2.660,-7.393,0.997,-0.456,0.557,-42.750,38.250,24.000,37.3
16:35:43.975,2230394,3.414,2.205,-9.428,0.891,-0.377,0.427,-42.750,38.250,24.000,37.1
16:35:44.029,2230448,3.644,3.242,-8.138,0.857,-0.138,0.308,-32.850,7.350,-15.900,37.3
16:35:44.081,2230502,2.277,1.846,-9.742,0.626,-0.880,0.476,-32.850,7.350,-15.900,37.3
16:35:44.134,2230556,3.649,1.109,-7.767,0.703,-0.232,0.307,-28.500,2.250,-18.000,37.4
16:35:44.237,2230610,2.952,0.321,-9.115,0.610,-0.552,0.230,-25.200,-2.400,-19.650,37.2
16:35:44.238,2230664,2.243,0.115,-8.229,0.579,-0.305,0.125,-25.200,-2.400,-19.650,37.0
16:35:44.290,2230718,2.476,-0.661,-8.569,0.644,-0.001,0.253,-20.400,-4.800,-17.700,37.0
16:35:44.342,2230772,2.430,-0.359,-8.229,0.415,-0.200,0.317,-20.400,-4.800,-17.700,37.4
16:35:44.395,2230826,2.495,-1.211,-9.072,0.388,-0.026,0.198,-21.000,-7.500,-18.600,37.3
16:35:44.448,2230880,1.058,-1.772,-8.533,0.248,0.072,0.216,-21.000,-7.500,-18.600,37.3
16:35:44.500,2230934,2.835,-0.931,-8.033,0.174,0.108,0.179,-21.150,-12.750,-18.450,37.4
16:35:44.552,2230988,2.950,-1.604,-8.717,-0.112,-0.099,0.232,-21.150,-12.750,-18.450,37.3
16:35:44.605,2231042,1.939,-2.016,-7.930,-0.090,0.011,0.175,-20.700,-11.250,-19.050,37.4
16:35:44.658,2231096,2.552,-1.252,-9.120,-0.128,-0.155,0.081,-20.700,-11.250,-19.050,37.0
16:35:44.712,2231150,2.433,-1.463,-9.127,-0.121,-0.017,0.030,-17.700,-11.700,-15.900,37.0
16:35:44.817,2231204,2.263,-1.867,-9.471,-0.148,0.020,0.023,-17.700,-11.700,-15.900,37.3
16:35:44.868,2231258,1.913,-1.267,-8.966,-0.122,0.010,-0.013,-20.700,-10.500,-18.750,37.2
16:35:44.921,2231312,3.146,-2.052,-9.553,-0.102,-0.050,-0.007,-19.200,-12.450,-17.700,37.2
16:35:44.973,2231366,1.075,-1.494,-9.682,-0.179,-0.148,-0.092,-19.200,-12.450,-17.700,37.3
16:35:45.026,2231420,2.859,-1.231,-9.467,-0.124,0.241,-0.146,-21.450,-9.450,-18.000,37.3
16:35:45.078,2231474,3.381,-1.381,-8.899,-0.180,0.066,-0.143,-21.450,-9.450,-18.000,37.3
16:35:45.131,2231528,2.150,-1.128,-8.887,-0.246,0.080,-0.138,-22.500,-6.750,-18.600,37.2
16:35:45.184,2231582,2.950,-0.742,-8.226,-0.348,0.229,-0.211,-22.500,-6.750,-18.600,37.1
16:35:45.236,2231636,2.502,-0.680,-8.564,-0.497,0.055,-0.219,-23.850,-7.350,-17.700,37.2
16:35:45.289,2231690,2.784,-0.175,-7.796,-0.543,0.262,-0.265,-23.850,-7.350,-17.700,37.1
16:35:45.341,2231744,2.892,0.041,-8.576,-0.682,0.232,-0.312,-25.950,-5.700,-18.150,37.4
16:35:45.394,2231798,2.878,0.433,-8.143,-0.812,0.112,-0.281,-25.950,-5.700,-18.150,37.0
16:35:45.447,2231852,3.991,1.109,-8.842,-0.852,0.210,-0.437,-28.500,-0.450,-18.450,37.2
16:35:45.498,2231906,4.185,1.092,-9.069,-0.920,0.117,-0.520,-28.500,-0.450,-18.450,37.0
16:35:45.550,2231960,3.797,1.726,-8.844,-0.908,0.189,-0.553,-28.500,-0.450,-18.450,37.1
16:35:45.603,2232014,4.075,2.780,-8.562,-0.886,0.239,-0.547,-28.500,-0.450,-18.450,37.2
16:35:45.657,2232068,3.958,3.496,-8.483,-0.961,0.134,-0.443,-28.500,-0.450,-18.450,37.1
16:35:45.708,2232122,3.984,3.108,-8.389,-0.934,0.213,-0.418,-28.500,-0.450,-18.450,37.3
16:35:45.761,2232176,3.960,4.259,-7.882,-1.002,0.294,-0.510,-28.500,-0.450,-18.450,37.2
16:35:45.814,2232230,4.436,4.640,-8.073,-1.009,0.100,-0.482,-28.500,-0.450,-18.450,37.1
16:35:45.867,2232284,3.816,4.776,-7.530,-0.975,0.201,-0.457,-28.500,-0.450,-18.450,37.2
16:35:45.919,2232338,4.281,5.557,-7.719,-0.947,0.188,-0.399,-39.600,26.700,-5.100,37.1
16:35:45.970,2232392,3.895,5.897,-6.701,-0.967,0.391,-0.402,-39.600,26.700,-5.100,37.2
16:35:46.023,2232446,4.848,5.983,-7.118,-0.955,0.134,-0.324,-41.700,32.550,1.950,37.2
16:35:46.076,2232500,4.592,7.195,-6.060,-0.950,0.299,-0.375,-41.700,32.550,1.950,37.1
16:35:46.129,2232554,4.046,6.847,-6.567,-0.927,-0.005,-0.286,-43.650,35.850,7.350,37.2
16:35:46.181,2232608,4.302,7.597,-6.443,-0.875,0.218,-0.233,-43.650,35.850,7.350,37.3
16:35:46.234,2232662,4.039,7.389,-5.351,-0.740,0.227,-0.177,-43.500,38.550,14.250,37.3
16:35:46.338,2232716,4.130,7.580,-5.593,-0.767,0.041,-0.164,-42.900,39.150,18.450,37.1
16:35:46.339,2232770,3.508,7.879,-4.839,-0.681,0.145,-0.199,-42.900,39.150,18.450,37.3
16:35:46.391,2232824,3.821,7.834,-4.618,-0.651,0.109,-0.222,-42.600,37.650,24.600,37.2
16:35:46.443,2232878,3.551,8.303,-4.386,-0.616,0.024,-0.226,-42.600,37.650,24.600,37.3
16:35:46.496,2232932,3.776,8.394,-4.281,-0.600,-0.048,-0.209,-43.500,36.450,27.300,37.2
16:35:46.548,2232986,3.203,8.626,-3.876,-0.536,0.019,-0.248,-43.500,36.450,27.300,37.3
16:35:46.600,2233040,3.170,8.677,-4.140,-0.522,-0.138,-0.153,-43.350,37.350,28.950,37.2
16:35:46.706,2233094,3.275,8.641,-3.251,-0.439,-0.122,-0.172,-43.350,37.350,28.950,37.2
16:35:46.759,2233148,2.787,8.732,-3.383,-0.436,-0.152,-0.173,-41.700,35.550,31.500,37.2
16:35:46.811,2233202,3.302,8.703,-3.172,-0.377,-0.176,-0.119,-41.700,35.550,31.500,37.2
16:35:46.864,2233256,2.638,8.918,-3.225,-0.441,-0.306,-0.035,-42.900,34.800,33.000,37.2
16:35:46.915,2233310,3.361,8.954,-2.466,-0.341,-0.352,-0.018,-41.400,33.600,32.250,37.2
16:35:46.969,2233364,2.523,9.117,-2.816,-0.254,-0.268,0.034,-41.400,33.600,32.250,37.3
16:35:47.020,2233418,2.878,9.129,-2.200,-0.189,-0.222,0.101,-41.550,32.400,34.650,37.0
16:35:47.074,2233472,2.998,9.062,-2.567,-0.125,-0.047,0.044,-41.550,32.400,34.650,37.1
16:35:47.126,2233526,2.765,9.043,-2.495,-0.101,-0.075,0.042,-42.600,33.000,34.050,37.3
16:35:47.179,2233580,3.050,8.780,-2.375,-0.087,-0.059,0.045,-42.600,33.000,34.050,37.1
16:35:47.231,2233634,2.887,8.918,-2.320,-0.042,0.003,0.015,-42.150,31.800,33.450,37.2
16:35:47.284,2233688,2.401,8.990,-2.535,-0.112,-0.160,0.030,-42.150,31.800,33.450,37.4
16:35:47.336,2233742,2.650,8.997,-2.404,-0.121,-0.228,0.077,-42.150,31.800,33.450,37.3
16:35:47.389,2233796,2.904,8.950,-2.143,-0.086,-0.127,0.038,-42.150,31.800,33.450,37.2
16:35:47.441,2233850,3.117,8.878,-2.253,-0.073,-0.159,-0.019,-42.150,31.800,33.450,37.0
16:35:47.545,2233904,2.777,8.909,-2.181,-0.058,-0.202,-0.049,-42.150,31.800,33.450,37.0
16:35:47.546,2233958,3.127,8.902,-2.109,-0.030,-0.228,-0.017,-42.150,31.800,33.450,37.1
16:35:47.597,2234012,2.468,9.129,-2.349,-0.010,-0.070,0.071,-42.150,31.800,33.450,37.2
16:35:47.650,2234066,2.696,9.129,-2.188,-0.047,-0.083,0.101,-42.150,31.800,33.450,37.3
16:35:47.704,2234120,2.995,8.997,-2.504,-0.057,-0.065,0.010,-42.150,31.800,33.450,37.2
16:35:47.755,2234174,2.583,8.768,-2.531,-0.084,-0.063,0.010,-42.150,31.800,33.450,37.3
16:35:47.808,2234228,2.866,8.698,-2.298,-0.050,-0.079,0.040,-42.000,29.850,31.800,37.3
16:35:47.860,2234282,3.232,8.758,-2.650,-0.020,0.058,0.082,-42.000,29.850,31.800,37.0
16:35:47.914,2234336,2.727,8.983,-2.717,0.021,0.074,0.101,-40.950,30.450,30.150,37.1
16:35:47.966,2234390,3.304,8.899,-2.792,0.047,0.048,0.131,-40.950,30.450,30.150,37.2
16:35:48.017,2234444,3.000,9.000,-3.206,0.155,0.058,0.107,-43.500,30.600,31.800,37.1
16:35:48.070,2234498,3.086,9.177,-3.637,0.219,0.002,0.163,-43.500,30.600,31.800,37.6
16:35:48.123,2234552,3.402,8.928,-3.737,0.392,0.070,0.221,-42.900,30.450,31.200,37.4
16:35:48.176,2234606,3.359,8.770,-3.900,0.507,-0.081,0.234,-42.900,30.450,31.200,37.2
16:35:48.229,2234660,3.156,8.660,-4.527,0.768,0.019,0.215,-44.700,33.150,29.550,37.3
16:35:48.281,2234714,3.455,7.999,-5.183,0.961,0.056,0.237,-44.400,35.550,26.400,36.9
16:35:48.334,2234768,3.565,8.732,-5.511,1.130,0.021,0.192,-44.400,35.550,26.400,37.1
16:35:48.385,2234822,3.903,7.764,-5.516,1.255,-0.038,0.130,-44.250,36.750,19.650,37.2
16:35:48.439,2234876,3.847,8.265,-6.505,1.229,-0.155,0.226,-44.250,36.750,19.650,37.2
16:35:48.490,2234930,4.377,7.525,-5.250,1.291,-0.139,0.276,-44.100,38.400,11.400,37.2
16:35:48.595,2234984,4.056,6.943,-6.428,1.311,-0.144,0.282,-44.100,38.400,11.400,37.3
16:35:48.647,2235038,3.907,6.888,-7.049,1.136,-0.425,0.268,-44.850,34.350,3.000,37.0
16:35:48.700,2235092,4.537,5.873,-6.534,1.122,-0.432,0.297,-44.850,34.350,3.000,37.2
16:35:48.752,2235146,4.068,5.638,-7.626,0.982,-0.466,0.218,-42.000,30.900,-5.850,37.3
16:35:48.805,2235200,3.893,4.506,-7.219,0.877,-0.766,0.194,-42.000,30.900,-5.850,37.2
16:35:48.858,2235254,3.390,4.839,-8.054,0.920,-0.617,0.155,-37.500,25.050,-13.200,37.2
16:35:48.912,2235308,3.776,4.298,-8.042,0.887,-0.509,0.163,-33.150,18.450,-16.950,37.4
16:35:48.964,2235362,3.472,4.101,-8.394,0.933,-0.359,0.290,-33.150,18.450,-16.950,37.2
16:35:49.015,2235416,2.950,2.215,-7.264,0.923,-0.286,0.239,-30.150,13.050,-19.500,37.1
16:35:49.069,2235470,2.799,2.588,-8.933,0.876,-0.076,0.165,-30.150,13.050,-19.500,37.3
16:35:49.122,2235524,2.255,2.545,-7.544,0.729,-0.048,0.218,-27.150,6.000,-21.150,37.2
16:35:49.174,2235578,2.418,1.415,-9.452,0.614,-0.220,0.288,-27.150,6.000,-21.150,37.2
16:35:49.227,2235632,3.179,0.733,-8.885,0.604,0.099,0.054,-24.000,2.100,-21.150,37.3
16:35:49.279,2235686,1.803,0.867,-8.842,0.582,-0.151,0.082,-24.000,2.100,-21.150,37.1
16:35:49.331,2235740,2.607,1.106,-8.377,0.691,0.303,0.098,-23.850,-0.150,-20.250,37.4
16:35:49.384,2235794,3.302,-0.725,-9.002,0.442,-0.163,0.206,-23.850,-0.150,-20.250,37.2
16:35:49.437,2235848,2.662,-0.589,-8.056,0.371,0.075,0.231,-22.650,-4.500,-21.000,37.2
16:35:49.489,2235902,1.942,-0.194,-8.121,0.323,0.363,0.047,-22.650,-4.500,-21.000,37.3
16:35:49.540,2235956,2.844,-1.360,-9.823,-0.036,-0.360,0.009,-22.650,-4.500,-21.000,37.2
16:35:49.592,2236010,-0.053,0.318,-8.657,0.025,-0.146,0.051,-22.650,-4.500,-21.000,37.2
16:35:49.645,2236064,3.852,-0.441,-9.294,0.003,0.116,0.023,-22.650,-4.500,-21.000,37.1
16:35:49.698,2236118,2.634,-0.275,-9.268,-0.019,-0.214,0.158,-22.650,-4.500,-21.000,37.0
16:35:49.750,2236172,2.382,-0.589,-8.959,0.043,0.031,0.071,-22.650,-4.500,-21.000,37.4
16:35:49.803,2236226,2.796,-0.898,-8.892,-0.103,-0.166,0.038,-22.650,-4.500,-21.000,37.1
16:35:49.856,2236280,3.268,-1.041,-8.782,-0.134,0.035,0.020,-22.650,-4.500,-21.000,37.2
16:35:49.907,2236334,2.449,-0.757,-8.574,-0.136,0.128,-0.008,-22.650,-4.500,-21.000,37.2
16:35:49.960,2236388,2.880,-0.520,-8.169,-0.275,0.242,-0.087,-22.650,-4.500,-21.000,37.3
16:35:50.012,2236442,2.947,-0.792,-8.274,-0.421,0.161,-0.153,-22.950,-7.800,-19.650,37.1
16:35:50.065,2236496,2.605,-0.113,-7.966,-0.485,0.275,-0.169,-22.950,-7.800,-19.650,37.3
16:35:50.119,2236550,2.911,0.924,-7.355,-0.560,0.484,-0.188,-27.000,-5.100,-20.250,37.2
16:35:50.172,2236604,3.352,0.646,-7.980,-0.751,0.381,-0.295,-27.000,-5.100,-20.250,37.1
16:35:50.275,2236658,3.371,1.786,-7.752,-0.949,0.463,-0.442,-30.450,-0.450,-18.000,37.3
16:35:50.276,2236712,3.903,1.626,-8.598,-1.086,0.414,-0.543,-34.800,4.050,-18.000,37.3
16:35:50.328,2236766,4.310,2.579,-7.992,-1.157,0.309,-0.678,-34.800,4.050,-18.000,37.3
16:35:50.380,2236820,4.223,2.950,-8.957,-1.110,0.363,-0.679,-37.050,12.000,-14.700,37.2
16:35:50.486,2236874,3.692,3.869,-8.813,-1.179,0.154,-0.582,-37.050,12.000,-14.700,37.2
16:35:50.538,2236928,4.630,4.547,-8.009,-1.019,0.630,-0.620,-40.650,19.950,-10.650,37.4
16:35:50.590,2236982,4.458,4.654,-7.693,-1.105,0.272,-0.637,-40.650,19.950,-10.650,37.4
16:35:50.643,2237036,4.211,5.710,-7.487,-1.103,0.379,-0.698,-43.650,27.150,-4.200,36.9
16:35:50.695,2237090,5.188,5.859,-7.843,-1.064,0.317,-0.671,-43.650,27.150,-4.200,37.2
16:35:50.748,2237144,4.585,6.649,-6.867,-0.991,0.428,-0.676,-42.300,32.700,1.050,37.1
16:35:50.801,2237198,4.688,6.766,-6.814,-0.948,0.215,-0.635,-42.300,32.700,1.050,37.2
16:35:50.854,2237252,4.650,7.168,-6.462,-0.869,0.127,-0.420,-42.750,39.300,10.500,37.2
16:35:50.907,2237306,4.197,7.697,-6.065,-0.786,0.172,-0.304,-42.750,39.300,10.500,37.3
16:35:50.959,2237360,4.695,7.501,-5.684,-0.787,0.004,-0.264,-43.950,41.100,16.050,37.4
16:35:51.012,2237414,3.558,7.784,-4.779,-0.725,0.033,-0.224,-43.350,40.950,22.350,37.1
16:35:51.063,2237468,4.037,8.258,-4.906,-0.699,-0.152,-0.132,-43.350,40.950,22.350,37.0
16:35:51.116,2237522,3.836,8.054,-4.305,-0.691,-0.231,-0.155,-43.950,40.650,24.450,37.2
16:35:51.168,2237576,3.369,8.432,-4.197,-0.639,-0.162,-0.144,-43.950,40.650,24.450,37.2
16:35:51.221,2237630,3.326,8.339,-4.001,-0.608,-0.283,-0.086,-41.100,38.850,29.850,37.3
16:35:51.326,2237684,3.294,8.535,-3.814,-0.611,-0.264,-0.054,-41.100,38.850,29.850,37.3
16:35:51.327,2237738,3.366,8.657,-3.275,-0.581,-0.367,-0.034,-43.500,37.800,31.050,37.2
16:35:51.379,2237792,2.780,8.578,-3.625,-0.554,-0.371,0.010,-43.500,37.800,31.050,37.3
16:35:51.431,2237846,3.072,8.744,-2.988,-0.554,-0.355,-0.015,-42.750,34.950,33.150,37.0
16:35:51.484,2237900,3.103,9.036,-3.000,-0.463,-0.233,-0.059,-42.750,34.950,33.150,37.0
16:35:51.537,2237954,2.842,9.263,-3.347,-0.517,-0.438,0.008,-43.050,32.400,33.600,37.1
16:35:51.587,2238008,2.816,9.151,-2.320,-0.443,-0.305,0.055,-40.950,31.200,32.700,37.3
16:35:51.641,2238062,2.887,9.007,-2.715,-0.537,-0.500,0.050,-40.950,31.200,32.700,37.3
16:35:51.693,2238116,3.716,8.679,-1.590,-0.406,-0.408,0.014,-40.950,31.200,32.700,37.3
16:35:51.745,2238170,2.428,9.201,-2.327,-0.368,-0.309,-0.059,-40.950,31.200,32.700,37.3
16:35:51.798,2238224,3.333,8.918,-1.286,-0.326,-0.537,-0.058,-40.950,31.200,32.700,37.3
16:35:51.851,2238278,2.375,9.091,-2.277,-0.177,-0.159,-0.091,-40.950,31.200,32.700,37.1
16:35:51.904,2238332,2.737,9.359,-2.234,-0.243,-0.325,-0.068,-40.950,31.200,32.700,37.2
16:35:51.955,2238386,2.782,9.100,-1.719,-0.174,-0.249,-0.016,-40.950,31.200,32.700,37.2
16:35:52.008,2238440,2.732,9.337,-1.844,-0.120,-0.145,-0.015,-40.950,31.200,32.700,37.3
16:35:52.061,2238494,2.349,9.060,-1.810,-0.072,-0.125,-0.019,-40.950,31.200,32.700,37.2
16:35:52.114,2238548,2.380,9.117,-1.733,-0.043,-0.013,-0.009,-39.600,29.550,30.300,37.3
16:35:52.166,2238602,2.545,9.280,-1.832,-0.059,-0.072,-0.002,-39.600,29.550,30.300,37.2
16:35:52.219,2238656,2.277,9.146,-1.755,-0.019,0.066,0.002,-42.300,29.100,30.600,37.3
16:35:52.271,2238710,2.682,8.976,-1.659,0.027,0.124,-0.012,-41.100,29.100,33.150,37.2
16:35:52.376,2238764,2.478,9.263,-1.676,0.048,0.201,-0.004,-41.100,29.100,33.150,37.2
16:35:52.429,2238818,2.514,9.108,-1.872,0.100,0.194,0.028,-42.900,30.000,31.950,36.9
16:35:52.482,2238872,2.413,9.287,-2.133,0.118,0.216,0.046,-42.900,30.000,31.950,37.1
16:35:52.534,2238926,2.476,9.287,-2.375,0.158,0.160,0.101,-43.350,31.200,34.050,37.4
16:35:52.585,2238980,2.550,9.294,-2.808,0.290,0.154,0.132,-43.350,31.200,34.050,37.4
16:35:52.639,2239034,3.201,9.292,-3.254,0.410,0.084,0.201,-41.400,31.800,32.700,37.2
16:35:52.691,2239088,3.089,9.033,-3.361,0.604,0.153,0.163,-41.400,31.800,32.700,37.1
16:35:52.742,2239142,3.335,9.237,-4.379,0.768,-0.019,0.211,-41.700,34.350,31.950,37.3
16:35:52.795,2239196,3.402,8.780,-4.254,0.996,0.013,0.196,-41.700,34.350,31.950,37.4
16:35:52.849,2239250,3.606,9.036,-5.028,1.125,-0.008,0.246,-42.900,34.800,29.700,37.0
16:35:52.901,2239304,3.869,8.739,-4.621,1.169,-0.060,0.261,-42.900,34.800,29.700,37.1
16:35:52.954,2239358,3.941,8.818,-5.827,1.258,-0.114,0.305,-43.050,39.300,23.700,37.5
16:35:53.005,2239412,3.567,8.435,-6.807,1.195,-0.394,0.407,-43.050,38.850,15.300,37.2
16:35:53.059,2239466,4.762,8.559,-6.043,1.392,-0.159,0.342,-43.050,38.850,15.300,37.2
16:35:53.110,2239520,4.427,7.226,-7.918,1.348,-0.637,0.471,-42.600,36.150,3.450,37.1
16:35:53.164,2239574,4.752,6.586,-6.579,1.551,-0.469,0.584,-42.600,36.150,3.450,37.1
16:35:53.216,2239628,3.819,6.076,-8.404,1.500,-0.559,0.601,-39.150,28.500,-5.850,36.9
16:35:53.269,2239682,2.914,4.132,-6.706,1.430,-0.256,0.588,-39.150,28.500,-5.850,37.4
16:35:53.374,2239736,3.407,4.764,-7.693,1.463,-0.246,0.476,-35.550,18.900,-12.600,36.9
16:35:53.374,2239790,4.027,3.570,-8.296,1.222,-0.182,0.384,-35.550,18.900,-12.600,37.3
16:35:53.425,2239844,3.417,3.242,-7.781,1.045,-0.288,0.320,-34.200,11.550,-17.550,37.1
16:35:53.478,2239898,3.124,2.023,-8.332,0.954,-0.181,0.321,-34.200,11.550,-17.550,37.0
16:35:53.531,2239952,3.771,1.563,-8.191,0.864,-0.224,0.334,-29.850,3.600,-18.900,37.2
16:35:53.637,2240006,2.916,0.960,-7.798,0.961,0.077,0.476,-29.850,3.600,-18.900,37.2
16:35:53.637,2240060,3.680,-0.019,-7.846,0.669,0.015,0.398,-29.850,-1.800,-18.600,37.2
16:35:53.689,2240114,3.426,-0.271,-7.994,0.505,0.210,0.226,-27.750,-5.550,-18.450,37.2
16:35:53.740,2240168,3.448,-1.068,-8.181,0.324,0.155,0.052,-27.750,-5.550,-18.450,37.2
16:35:53.793,2240222,2.191,-0.802,-7.831,0.228,0.026,0.061,-27.750,-5.550,-18.450,37.2
16:35:53.845,2240276,3.589,-0.771,-7.791,0.122,-0.084,0.073,-27.750,-5.550,-18.450,37.2
16:35:53.897,2240330,3.428,-1.599,-9.050,0.084,-0.162,0.056,-27.750,-5.550,-18.450,37.3
16:35:53.950,2240384,3.503,-1.539,-8.624,0.032,-0.152,0.076,-27.750,-5.550,-18.450,37.3
16:35:54.003,2240438,3.397,-0.419,-8.562,-0.057,-0.293,-0.043,-27.750,-5.550,-18.450,37.2
16:35:54.056,2240492,3.637,-1.396,-8.801,-0.001,-0.119,0.109,-27.750,-5.550,-18.450,37.3
16:35:54.107,2240546,3.512,-1.326,-8.988,-0.076,-0.240,0.080,-27.750,-5.550,-18.450,37.2
16:35:54.161,2240600,3.950,-0.991,-8.308,-0.110,-0.122,-0.019,-27.750,-5.550,-18.450,37.2
16:35:54.267,2240654,2.586,-1.001,-8.969,-0.108,-0.123,0.009,-27.750,-5.550,-18.450,37.0
16:35:54.319,2240708,3.400,-0.862,-8.799,-0.141,0.138,-0.037,-24.450,-9.300,-18.600,37.3
16:35:54.372,2240762,3.045,-1.022,-8.641,-0.132,0.086,-0.047,-24.450,-9.300,-18.600,37.2
16:35:54.424,2240816,3.376,-0.606,-7.970,-0.167,0.226,-0.062,-24.000,-9.300,-17.550,37.4
16:35:54.477,2240870,2.540,-0.424,-8.040,-0.385,0.132,-0.162,-24.000,-9.300,-17.550,37.4
16:35:54.529,2240924,3.335,-0.464,-7.635,-0.456,0.365,-0.236,-25.950,-8.250,-17.100,37.3
16:35:54.580,2240978,3.587,-0.342,-9.005,-0.725,0.081,-0.387,-25.950,-8.250,-17.100,37.2
16:35:54.633,2241032,3.278,0.196,-8.631,-0.703,0.085,-0.484,-27.150,-3.600,-17.100,37.2
16:35:54.686,2241086,3.723,0.457,-9.158,-0.674,0.151,-0.419,-27.150,-3.600,-17.100,37.0
16:35:54.739,2241140,3.347,1.439,-8.411,-0.701,0.089,-0.296,-31.050,0.300,-18.150,37.0
16:35:54.790,2241194,3.895,1.645,-8.559,-0.802,-0.018,-0.405,-31.050,0.300,-18.150,37.0
16:35:54.843,2241248,4.424,1.736,-8.794,-0.845,0.098,-0.430,-33.450,4.950,-17.100,37.2
16:35:54.895,2241302,4.324,2.478,-8.562,-0.845,0.167,-0.424,-33.450,4.950,-17.100,37.3
16:35:54.948,2241356,3.713,3.041,-8.772,-0.840,0.087,-0.325,-34.950,10.350,-16.350,37.4
16:35:55.000,2241410,4.319,3.534,-7.549,-0.798,0.251,-0.328,-37.050,16.350,-12.600,37.2
16:35:55.052,2241464,3.742,3.531,-8.772,-0.934,-0.065,-0.274,-37.050,16.350,-12.600,37.4
16:35:55.105,2241518,4.357,4.365,-7.360,-0.850,0.317,-0.304,-39.450,19.950,-8.850,37.0
16:35:55.157,2241572,4.616,4.587,-8.286,-0.876,0.169,-0.309,-39.450,19.950,-8.850,37.1
16:35:55.210,2241626,3.721,5.313,-7.132,-0.851,0.191,-0.294,-42.150,25.800,-6.000,37.3
16:35:55.262,2241680,4.717,5.497,-7.659,-0.909,0.191,-0.325,-42.150,25.800,-6.000,37.3
16:35:55.315,2241734,4.317,6.005,-6.553,-0.885,0.207,-0.402,-43.500,29.100,-1.800,37.3
16:35:55.367,2241788,4.240,6.067,-7.257,-0.864,0.079,-0.337,-43.500,29.100,-1.800,37.2
16:35:55.420,2241842,4.307,6.428,-6.316,-0.837,0.172,-0.309,-44.250,34.950,3.900,37.3
16:35:55.472,2241896,4.017,7.140,-7.147,-0.901,-0.051,-0.399,-44.250,34.950,3.900,37.3
16:35:55.526,2241950,4.566,7.456,-5.957,-0.846,-0.309,-0.411,-44.850,35.850,10.350,37.4
16:35:55.579,2242004,3.582,7.726,-6.591,-0.749,0.036,-0.352,-44.850,35.850,10.350,37.1
16:35:55.630,2242058,3.881,7.520,-5.303,-0.683,-0.041,-0.287,-44.700,41.400,14.550,37.3
16:35:55.684,2242112,3.261,8.181,-5.473,-0.594,0.039,-0.237,-42.900,40.500,19.500,37.3
16:35:55.736,2242166,3.012,7.676,-4.877,-0.572,0.030,-0.143,-42.900,40.500,19.500,37.3
16:35:55.789,2242220,3.491,8.150,-4.465,-0.562,-0.020,-0.116,-42.750,40.050,22.950,37.1
16:35:55.840,2242274,3.316,8.284,-4.506,-0.529,0.180,-0.114,-42.750,40.050,22.950,37.3
16:35:55.893,2242328,2.370,8.267,-3.689,-0.625,0.068,-0.195,-42.750,40.050,22.950,37.2
16:35:55.947,2242382,3.843,8.519,-3.759,-0.568,0.243,-0.188,-42.750,40.050,22.950,37.4
16:35:55.998,2242436,3.294,8.815,-3.898,-0.563,0.125,-0.179,-42.750,40.050,22.950,37.2
16:35:56.050,2242490,3.146,8.636,-3.421,-0.570,0.072,-0.122,-42.750,40.050,22.950,37.1
16:35:56.155,2242544,3.378,9.036,-3.496,-0.458,0.165,-0.047,-42.750,40.050,22.950,37.2
16:35:56.209,2242598,2.830,8.593,-3.297,-0.360,-0.096,-0.102,-42.750,40.050,22.950,37.4
16:35:56.262,2242652,2.976,9.134,-3.601,-0.244,0.095,-0.061,-42.750,40.050,22.950,37.1
16:35:56.314,2242706,2.483,8.765,-2.354,-0.323,-0.368,-0.027,-42.750,40.050,22.950,37.2
16:35:56.365,2242760,3.165,8.763,-2.437,-0.250,-0.133,-0.049,-42.750,40.050,22.950,37.2
16:35:56.419,2242814,2.559,8.923,-2.449,-0.266,-0.242,-0.044,-42.300,32.700,34.350,37.2
16:35:56.471,2242868,3.084,9.129,-1.891,-0.268,-0.289,-0.018,-42.300,32.700,34.350,37.3
16:35:56.524,2242922,2.749,9.251,-2.634,-0.212,-0.342,-0.089,-42.000,32.400,33.900,37.1
16:35:56.629,2242976,2.241,9.179,-1.609,-0.212,-0.236,-0.132,-42.000,32.400,33.900,37.4
16:35:56.629,2243030,2.787,9.134,-2.128,-0.196,-0.237,-0.093,-41.400,32.250,33.750,37.2
16:35:56.681,2243084,2.413,9.024,-2.102,-0.242,-0.360,-0.050,-41.400,32.250,33.750,37.2
16:35:56.786,2243138,2.744,9.062,-1.891,-0.211,-0.215,-0.017,-40.350,33.450,34.650,37.3
16:35:56.787,2243192,2.514,9.227,-1.903,-0.217,-0.183,-0.052,-40.350,33.450,34.650,37.3
16:35:56.837,2243246,2.097,9.261,-2.193,-0.200,-0.333,-0.015,-40.950,34.350,34.500,37.2
16:35:56.890,2243300,2.160,9.100,-1.721,-0.119,0.036,-0.011,-40.950,34.350,34.500,37.2
16:35:56.944,2243354,2.356,9.112,-2.045,-0.143,-0.208,0.005,-40.200,32.550,33.750,37.0
16:35:56.996,2243408,2.459,9.222,-1.480,-0.156,-0.093,0.022,-41.100,32.400,31.800,37.0
16:35:57.048,2243462,2.375,9.297,-1.872,-0.121,-0.064,0.043,-41.100,32.400,31.800,37.2
16:35:57.100,2243516,2.301,9.287,-1.796,-0.128,-0.060,0.090,-42.000,32.100,33.600,37.1
16:35:57.153,2243570,2.210,9.230,-1.554,-0.109,-0.078,0.097,-42.000,32.100,33.600,37.2
16:35:57.206,2243624,2.411,9.227,-1.896,-0.055,0.039,0.080,-43.350,32.550,33.000,37.3
16:35:57.259,2243678,2.342,9.366,-2.047,0.019,0.059,0.067,-43.350,32.550,33.000,37.1
16:35:57.311,2243732,2.385,9.392,-2.265,0.168,0.160,0.112,-42.300,30.300,33.900,37.2
16:35:57.364,2243786,2.820,9.522,-2.942,0.296,0.230,0.161,-42.300,30.300,33.900,37.2
16:35:57.415,2243840,2.456,9.448,-3.294,0.426,0.027,0.234,-42.000,30.600,35.400,37.0
16:35:57.468,2243894,3.304,9.517,-3.795,0.628,0.243,0.292,-42.000,30.600,35.400,37.2
16:35:57.521,2243948,3.227,9.242,-4.307,0.810,0.130,0.228,-43.050,32.100,34.350,37.2
16:35:57.572,2244002,3.524,9.160,-3.972,0.985,0.028,0.240,-43.050,32.100,34.350,37.2
16:35:57.627,2244056,2.962,8.796,-4.499,1.097,-0.105,0.300,-42.750,34.950,31.050,37.3
16:35:57.677,2244110,3.824,8.523,-4.386,1.228,0.143,0.347,-43.650,36.600,27.150,37.3
16:35:57.730,2244164,3.766,8.294,-5.655,1.328,-0.115,0.313,-43.650,36.600,27.150,37.2
16:35:57.783,2244218,3.697,8.341,-6.012,1.310,-0.011,0.252,-44.850,38.700,16.500,37.2
16:35:57.835,2244272,4.319,7.745,-7.082,1.362,-0.183,0.267,-44.850,38.700,16.500,37.0
16:35:57.887,2244326,3.656,7.697,-6.967,1.443,-0.210,0.372,-43.050,37.500,7.650,37.2
16:35:57.940,2244380,4.673,7.269,-8.004,1.459,-0.452,0.398,-43.050,37.500,7.650,37.2
16:35:58.045,2244434,4.020,5.576,-7.377,1.575,-0.264,0.394,-43.050,37.500,7.650,37.1
16:35:58.097,2244488,4.460,5.614,-8.997,1.589,-0.545,0.400,-43.050,37.500,7.650,37.3
16:35:58.150,2244542,3.816,4.645,-7.659,1.617,-0.380,0.432,-43.050,37.500,7.650,37.2
16:35:58.203,2244596,4.369,4.166,-7.523,1.557,-0.130,0.444,-43.050,37.500,7.650,37.2
16:35:58.255,2244650,4.001,2.076,-7.207,1.406,-0.007,0.325,-43.050,37.500,7.650,37.2
16:35:58.308,2244704,3.333,1.817,-8.090,1.049,-0.230,0.131,-43.050,37.500,7.650,36.9
16:35:58.361,2244758,4.254,1.444,-7.532,1.086,0.166,0.128,-43.050,37.500,7.650,37.2
16:35:58.414,2244812,3.395,1.396,-7.693,0.929,-0.031,0.327,-29.700,-1.950,-19.800,36.9
16:35:58.466,2244866,3.357,0.103,-7.796,0.801,-0.070,0.419,-29.700,-1.950,-19.800,37.2
16:35:58.519,2244920,3.005,-0.869,-8.226,0.539,-0.382,0.358,-27.600,-7.500,-19.350,37.3
16:35:58.571,2244974,2.902,-0.342,-7.410,0.616,0.148,0.238,-27.600,-7.500,-19.350,37.2
16:35:58.622,2245028,3.266,-1.106,-8.543,0.346,-0.185,0.274,-25.650,-10.800,-18.600,37.2
16:35:58.675,2245082,3.230,-0.982,-7.831,0.304,-0.107,0.258,-25.650,-10.800,-18.600,37.1
16:35:58.728,2245136,2.990,-1.298,-7.484,0.091,-0.201,0.201,-24.000,-13.650,-17.850,37.2
16:35:58.780,2245190,2.634,-2.059,-8.521,0.060,0.033,0.246,-24.000,-13.650,-17.850,37.4
16:35:58.832,2245244,4.073,-2.289,-8.135,-0.124,0.047,0.235,-22.350,-16.350,-18.000,37.3
16:35:58.886,2245298,2.557,-1.788,-8.724,-0.178,-0.138,0.084,-22.350,-16.350,-18.000,37.1
16:35:58.937,2245352,3.800,-2.037,-9.584,-0.223,0.130,0.015,-23.250,-15.150,-18.600,37.4
16:35:58.991,2245406,2.933,-1.772,-9.112,-0.181,0.026,0.015,-22.950,-12.900,-18.900,37.2
16:35:59.042,2245460,3.043,-2.241,-9.230,-0.124,0.087,-0.024,-22.950,-12.900,-18.900,37.0
16:35:59.095,2245514,3.409,-1.717,-8.667,-0.173,0.085,-0.068,-24.000,-13.350,-19.350,37.1
16:35:59.147,2245568,3.165,-1.575,-8.760,-0.248,-0.001,-0.061,-24.000,-13.350,-19.350,37.4
16:35:59.200,2245622,3.115,-0.972,-7.918,-0.274,0.203,-0.138,-24.450,-11.100,-19.350,37.0
16:35:59.252,2245676,3.232,-1.267,-8.358,-0.400,0.145,-0.202,-24.450,-11.100,-19.350,37.0
16:35:59.306,2245730,3.491,-0.994,-8.267,-0.508,0.198,-0.238,-25.350,-11.250,-17.700,37.4
16:35:59.357,2245784,2.811,0.129,-8.811,-0.608,0.010,-0.190,-25.350,-11.250,-17.700,37.3
16:35:59.410,2245838,3.807,-0.381,-8.780,-0.592,0.248,-0.230,-27.900,-9.000,-17.850,37.0
16:35:59.462,2245892,4.420,-0.053,-8.950,-0.754,0.015,-0.347,-27.900,-9.000,-17.850,37.3
16:35:59.515,2245946,4.410,0.682,-8.454,-0.783,0.062,-0.493,-30.150,-2.700,-18.750,37.3
16:35:59.620,2246000,4.518,0.788,-9.163,-0.777,0.047,-0.482,-30.150,-2.700,-18.750,37.1
16:35:59.622,2246054,3.771,1.391,-8.765,-0.763,0.102,-0.478,-33.900,2.250,-18.450,37.1
16:35:59.674,2246108,4.312,2.045,-9.218,-0.839,0.023,-0.356,-33.900,6.300,-17.700,37.1
16:35:59.727,2246162,4.341,2.796,-7.597,-0.805,0.309,-0.338,-33.900,6.300,-17.700,37.4
16:35:59.778,2246216,4.429,2.751,-8.396,-0.997,-0.105,-0.232,-38.100,12.900,-16.350,37.3
16:35:59.830,2246270,3.699,3.687,-6.869,-0.933,0.263,-0.288,-38.100,12.900,-16.350,37.2
16:35:59.935,2246324,4.348,4.326,-8.849,-1.140,0.072,-0.217,-40.050,18.750,-12.000,37.2
16:35:59.987,2246378,3.572,4.805,-6.780,-1.172,0.226,-0.386,-40.050,18.750,-12.000,37.3
16:36:00.040,2246432,4.214,5.303,-8.250,-1.219,0.071,-0.337,-42.000,25.200,-8.400,37.4
16:36:00.092,2246486,4.063,5.720,-6.507,-1.196,0.241,-0.328,-42.000,25.200,-8.400,37.3
16:36:00.145,2246540,4.805,6.232,-7.831,-1.305,-0.004,-0.335,-42.000,25.200,-8.400,36.9
16:36:00.198,2246594,4.470,6.692,-6.412,-1.227,0.002,-0.296,-42.000,25.200,-8.400,37.1
16:36:00.252,2246648,4.032,7.221,-7.166,-1.172,-0.091,-0.271,-42.000,25.200,-8.400,37.0
16:36:00.304,2246702,4.592,7.367,-5.873,-1.125,-0.055,-0.254,-42.000,25.200,-8.400,37.2
16:36:00.356,2246756,3.824,8.066,-6.026,-1.037,-0.002,-0.251,-42.000,25.200,-8.400,37.3
16:36:00.409,2246810,4.298,7.681,-5.550,-0.980,-0.067,-0.136,-42.000,25.200,-8.400,37.3
16:36:00.462,2246864,4.389,8.226,-4.956,-0.901,-0.137,-0.219,-42.000,25.200,-8.400,37.1
16:36:00.514,2246918,3.697,8.162,-4.736,-0.827,-0.313,-0.155,-42.000,25.200,-8.400,37.1
16:36:00.567,2246972,3.886,8.799,-5.835,-0.787,-0.752,-0.027,-42.000,25.200,-8.400,37.1
16:36:00.618,2247026,3.570,8.605,-3.405,-0.595,-0.116,-0.063,-43.500,34.650,27.300,36.8
16:36:00.670,2247080,2.844,8.782,-3.859,-0.676,0.022,-0.129,-43.500,34.650,27.300,37.2
16:36:00.723,2247134,3.462,8.854,-3.903,-0.591,0.261,0.050,-43.050,33.900,28.500,37.1
16:36:00.775,2247188,1.099,8.971,-2.124,-0.569,-0.070,-0.078,-43.050,33.900,28.500,37.2
16:36:00.828,2247242,2.969,8.926,-3.012,-0.535,-0.041,-0.137,-42.300,30.600,30.600,37.1
16:36:00.881,2247296,2.186,8.720,-2.152,-0.490,0.232,-0.142,-42.300,30.600,30.600,37.1
16:36:00.934,2247350,2.732,9.426,-2.444,-0.534,0.099,-0.339,-42.000,30.300,33.600,37.2
16:36:00.985,2247404,3.077,8.545,-2.119,-0.772,0.361,-0.348,-42.000,30.300,33.600,37.2
16:36:01.038,2247458,3.745,9.280,-0.644,-0.515,-0.059,-0.249,-39.450,28.950,34.050,37.2
16:36:01.092,2247512,2.349,8.583,0.113,-0.331,0.488,-0.395,-41.700,27.600,36.300,37.1
16:36:01.144,2247566,2.746,9.644,-0.953,-0.296,0.098,-0.200,-41.700,27.600,36.300,37.1
16:36:01.195,2247620,2.983,9.629,-0.934,-0.377,-0.069,-0.038,-41.100,27.000,36.450,37.1
16:36:01.300,2247674,2.251,10.008,-0.970,-0.410,-0.129,0.030,-41.100,27.000,36.450,37.3
16:36:01.301,2247728,2.938,9.560,-0.541,-0.363,-0.367,-0.097,-40.350,26.250,37.650,37.2
16:36:01.353,2247782,1.477,9.280,-0.493,-0.364,-0.085,-0.141,-40.350,26.250,37.650,37.3
16:36:01.405,2247836,2.447,9.213,-1.202,-0.228,0.268,-0.061,-40.350,27.000,39.000,37.1
16:36:01.458,2247890,1.022,5.523,-1.003,-0.198,-0.342,0.178,-40.350,27.000,39.000,37.1
16:36:01.511,2247944,-0.390,9.218,-0.170,-0.015,-0.908,-0.321,-39.000,28.200,38.550,37.2
16:36:01.563,2247998,2.868,9.333,-0.093,-0.249,-1.207,-0.088,-39.000,28.200,38.550,37.2
16:36:01.615,2248052,2.545,9.922,0.503,-0.205,-0.604,0.053,-39.450,28.200,37.350,37.3
16:36:01.668,2248106,3.144,9.017,0.280,-0.135,-0.358,0.016,-39.450,30.000,38.100,37.1
16:36:01.720,2248160,2.308,9.194,0.302,-0.014,0.227,-0.056,-39.450,30.000,38.100,37.3
16:36:01.825,2248214,1.477,9.335,0.081,-0.089,0.265,0.025,-39.750,28.650,36.600,37.2
16:36:01.983,2248268,2.219,9.340,0.012,-0.011,0.266,0.050,-39.750,28.650,36.600,37.3
16:36:01.983,2248322,2.100,9.555,0.201,-0.065,0.062,0.050,-41.400,28.200,36.300,37.1
16:36:01.984,2248376,2.219,9.246,-0.072,0.030,0.236,0.046,-41.400,28.200,36.300,37.0
16:36:02.035,2248430,2.440,9.436,0.048,-0.021,0.162,0.010,-40.650,27.900,36.600,37.2
16:36:02.088,2248484,3.745,9.591,-0.630,0.260,0.640,0.071,-40.650,27.900,36.600,37.2
16:36:02.141,2248538,1.444,9.979,-0.424,0.246,-0.017,0.033,-41.700,26.400,36.000,37.2
16:36:02.194,2248592,2.705,9.428,-1.243,0.501,0.624,0.111,-41.700,26.400,36.000,37.2
16:36:02.246,2248646,2.282,9.835,-1.736,0.542,0.036,0.121,-40.200,27.600,35.250,36.9
16:36:02.299,2248700,2.799,9.991,-1.827,0.826,0.623,0.226,-40.200,27.600,35.250,37.2
16:36:02.352,2248754,2.746,10.135,-2.995,0.875,0.002,0.222,-40.200,27.600,35.250,37.3
16:36:02.404,2248808,2.677,10.168,-2.780,1.094,0.377,0.358,-40.200,27.600,35.250,37.2
16:36:02.509,2248862,4.123,10.204,-3.850,1.305,0.033,0.349,-40.200,27.600,35.250,37.3
16:36:02.509,2248916,3.632,9.888,-5.722,1.448,-0.327,0.444,-40.200,27.600,35.250,37.2
16:36:02.561,2248970,2.847,9.955,-5.686,1.657,-0.474,0.532,-40.200,27.600,35.250,37.2
16:36:02.612,2249024,4.300,8.923,-6.510,1.731,-0.621,0.507,-40.200,27.600,35.250,37.2
16:36:02.666,2249078,3.898,7.927,-5.748,1.918,-0.245,0.556,-40.200,27.600,35.250,37.2
16:36:02.718,2249132,4.436,7.925,-6.977,2.012,-0.799,0.491,-41.550,38.250,8.400,37.2
16:36:02.770,2249186,2.701,6.713,-6.196,2.040,-0.135,0.557,-41.550,38.250,8.400,37.1
16:36:02.822,2249240,3.522,4.266,-7.817,1.896,-0.717,0.454,-39.000,28.950,-6.000,37.1
16:36:02.875,2249294,4.695,6.139,-6.979,2.050,0.108,0.507,-39.000,28.950,-6.000,37.2
16:36:02.927,2249348,3.436,4.429,-8.588,1.648,-0.096,0.599,-35.550,19.200,-12.900,37.3
16:36:02.981,2249402,2.998,3.179,-6.744,1.475,0.154,0.466,-35.550,19.200,-12.900,37.2
16:36:03.033,2249456,2.938,1.422,-8.598,1.204,0.194,0.391,-32.250,7.500,-18.150,37.2
16:36:03.085,2249510,2.224,1.688,-8.497,1.019,0.008,0.405,-31.650,1.200,-19.050,37.1
16:36:03.138,2249564,2.966,0.187,-8.504,0.942,-0.237,0.367,-31.650,1.200,-19.050,37.3
16:36:03.192,2249618,3.855,0.105,-6.565,0.835,-0.032,0.363,-26.400,-5.400,-18.150,37.4
16:36:03.243,2249672,3.314,-0.062,-8.543,0.517,-0.306,0.297,-26.400,-5.400,-18.150,37.2
16:36:03.297,2249726,2.631,-0.900,-8.377,0.595,0.055,0.086,-25.350,-12.000,-17.250,37.1
16:36:03.349,2249780,3.462,-1.269,-8.863,0.392,0.055,0.137,-25.350,-12.000,-17.250,37.2
16:36:03.401,2249834,2.373,-1.247,-6.780,0.377,0.285,0.108,-26.400,-12.900,-17.100,37.2
16:36:03.454,2249888,3.539,-1.578,-8.040,0.155,0.081,0.115,-26.400,-12.900,-17.100,37.0
16:36:03.506,2249942,4.326,-0.405,-8.732,-0.040,0.076,-0.176,-25.200,-14.700,-16.800,37.2
16:36:03.559,2249996,3.515,-1.867,-8.861,-0.027,0.190,0.013,-25.200,-14.700,-16.800,37.2
16:36:03.610,2250050,3.019,-1.595,-8.641,-0.140,-0.119,0.051,-24.900,-14.700,-15.600,37.4
16:36:03.717,2250104,3.888,-2.433,-8.679,-0.112,0.112,-0.039,-24.900,-14.700,-15.600,37.3
16:36:03.768,2250158,4.082,-1.901,-8.408,-0.110,-0.087,-0.008,-25.200,-16.200,-16.800,37.1
16:36:03.820,2250212,3.117,-2.145,-9.012,-0.103,-0.115,0.057,-25.800,-14.550,-16.500,36.9
16:36:03.872,2250266,3.974,-1.753,-8.739,-0.080,-0.027,0.011,-25.800,-14.550,-16.500,37.1
16:36:03.977,2250320,3.385,-2.203,-7.980,-0.054,0.112,-0.010,-25.800,-13.800,-16.200,37.1
16:36:03.978,2250374,3.278,-1.245,-7.879,-0.256,0.067,-0.067,-25.800,-13.800,-16.200,37.2
16:36:04.030,2250428,3.577,-1.262,-7.290,-0.343,0.204,-0.133,-26.550,-14.250,-15.900,37.3
16:36:04.082,2250482,3.539,-0.994,-7.508,-0.510,0.143,-0.112,-26.550,-14.250,-15.900,37.1
16:36:04.135,2250536,3.428,-0.867,-7.496,-0.739,-0.040,-0.246,-29.100,-11.100,-17.850,37.2
16:36:04.187,2250590,3.886,-0.496,-8.124,-0.822,0.304,-0.349,-29.100,-11.100,-17.850,37.1
16:36:04.240,2250644,4.106,0.254,-7.999,-0.891,0.251,-0.483,-30.600,-6.450,-17.550,36.8
16:36:04.292,2250698,4.477,0.898,-8.145,-0.923,0.220,-0.460,-30.600,-6.450,-17.550,37.0
16:36:04.345,2250752,4.580,1.257,-8.394,-1.059,0.052,-0.508,-34.200,-0.600,-16.350,37.0
16:36:04.397,2250806,4.281,1.863,-8.219,-1.061,0.164,-0.458,-35.850,4.500,-13.650,37.2
16:36:04.451,2250860,5.377,1.978,-8.677,-1.045,0.095,-0.502,-35.850,4.500,-13.650,37.0
16:36:04.504,2250914,4.630,2.868,-8.650,-1.096,-0.105,-0.439,-35.850,4.500,-13.650,37.4
16:36:04.556,2250968,3.754,3.153,-9.091,-1.195,-0.360,-0.409,-35.850,4.500,-13.650,37.2
16:36:04.607,2251022,4.319,4.025,-7.954,-1.119,-0.165,-0.377,-35.850,4.500,-13.650,37.2
16:36:04.660,2251076,5.169,4.355,-8.763,-0.994,0.198,-0.452,-35.850,4.500,-13.650,37.1
16:36:04.712,2251130,4.690,5.100,-7.882,-0.960,0.065,-0.392,-35.850,4.500,-13.650,37.0
16:36:04.765,2251184,4.757,5.363,-7.666,-0.912,0.215,-0.416,-35.850,4.500,-13.650,37.2
16:36:04.818,2251238,4.152,5.868,-7.738,-0.895,0.066,-0.341,-35.850,4.500,-13.650,37.2
16:36:04.870,2251292,4.463,6.146,-6.637,-0.871,0.097,-0.287,-35.850,4.500,-13.650,37.6
16:36:04.923,2251346,4.209,6.560,-6.814,-0.836,0.331,-0.325,-35.850,4.500,-13.650,37.2
16:36:04.975,2251400,4.592,6.852,-5.854,-0.865,0.048,-0.207,-35.850,4.500,-13.650,37.0
16:36:05.028,2251454,4.101,6.879,-5.804,-0.832,0.256,-0.225,-35.850,4.500,-13.650,37.1
16:36:05.080,2251508,4.137,7.796,-5.413,-0.837,0.013,-0.210,-43.350,39.150,15.450,36.9
16:36:05.133,2251562,4.144,7.714,-5.298,-0.790,0.088,-0.249,-43.350,39.150,15.450,37.2
16:36:05.185,2251616,3.819,8.006,-5.286,-0.798,-0.061,-0.204,-44.700,37.800,21.450,37.1
16:36:05.238,2251670,3.886,7.906,-4.702,-0.723,0.040,-0.181,-44.700,37.800,21.450,37.3
16:36:05.290,2251724,4.166,8.219,-4.561,-0.699,-0.113,-0.084,-45.000,38.550,26.250,37.2
16:36:05.344,2251778,4.178,8.248,-4.391,-0.694,-0.120,-0.080,-45.000,38.550,26.250,37.2
16:36:05.396,2251832,3.476,8.475,-4.003,-0.677,-0.296,-0.103,-42.300,37.050,29.250,37.2
16:36:05.449,2251886,2.950,8.291,-3.606,-0.667,-0.184,-0.086,-42.300,37.050,29.250,37.3
16:36:05.500,2251940,4.128,8.435,-3.388,-0.632,-0.404,-0.065,-43.350,35.550,31.500,37.2
16:36:05.605,2251994,2.619,8.566,-3.620,-0.625,-0.456,-0.162,-43.350,35.550,31.500,37.2
16:36:05.658,2252048,3.254,8.899,-2.667,-0.474,0.094,-0.313,-44.250,33.900,33.600,37.2
16:36:05.710,2252102,2.406,9.244,-2.682,-0.616,-0.451,-0.293,-44.250,33.900,33.600,37.2
16:36:05.763,2252156,3.184,8.945,-2.054,-0.571,-0.291,-0.171,-42.300,33.150,32.850,37.2
16:36:05.816,2252210,2.483,9.206,-2.198,-0.443,-0.260,-0.172,-40.650,32.250,33.750,37.3
16:36:05.867,2252264,2.294,9.084,-2.193,-0.405,-0.161,-0.220,-40.650,32.250,33.750,37.2
16:36:05.921,2252318,1.743,9.179,-1.925,-0.367,-0.129,-0.183,-41.550,32.100,34.350,37.1
16:36:06.025,2252372,2.253,9.278,-2.002,-0.343,-0.108,-0.099,-41.550,32.100,34.350,37.2
16:36:06.026,2252426,1.908,9.330,-1.458,-0.302,-0.006,-0.133,-40.200,30.750,36.000,36.9
16:36:06.079,2252480,2.351,9.620,-1.544,-0.298,-0.027,-0.110,-40.200,30.750,36.000,37.0
16:36:06.130,2252534,1.628,9.527,-1.267,-0.265,-0.092,-0.067,-41.100,32.100,34.650,37.4
16:36:06.183,2252588,2.686,9.249,-1.329,-0.256,0.047,0.026,-41.100,32.100,34.650,37.2
16:36:06.236,2252642,2.392,9.316,-1.051,-0.191,0.080,0.041,-40.350,31.350,33.900,36.9
16:36:06.288,2252696,2.121,9.285,-1.401,-0.115,0.202,0.018,-40.350,31.350,33.900,37.2
16:36:06.341,2252750,2.313,9.112,-0.874,-0.055,0.471,0.031,-39.600,30.900,33.900,37.2
16:36:06.392,2252804,2.210,9.512,-1.295,-0.019,0.083,0.033,-39.600,30.900,33.900,37.2
16:36:06.446,2252858,2.260,9.730,-0.814,-0.106,-0.089,0.094,-40.200,28.950,34.800,37.0
16:36:06.499,2252912,2.693,9.017,-1.214,-0.110,-0.220,0.087,-40.350,28.500,34.350,37.1
16:36:06.552,2252966,2.428,9.098,-0.634,-0.068,-0.163,0.014,-40.350,28.500,34.350,37.2
16:36:06.604,2253020,2.581,9.256,-0.742,-0.036,-0.176,0.002,-41.100,30.900,35.400,37.2
16:36:06.655,2253074,2.588,9.380,-0.737,0.017,-0.026,-0.011,-41.100,30.900,35.400,37.1
16:36:06.708,2253128,2.030,9.316,-0.781,-0.025,-0.107,0.041,-41.100,30.900,35.400,37.2
16:36:06.760,2253182,2.203,9.392,-0.601,-0.007,-0.033,0.035,-41.100,30.900,35.400,37.2
16:36:06.814,2253236,2.061,9.493,-0.814,-0.040,-0.064,0.034,-41.100,30.900,35.400,37.2
16:36:06.866,2253290,2.231,9.239,-0.670,-0.051,0.044,0.031,-41.100,30.900,35.400,37.4
16:36:06.919,2253344,2.526,9.246,-0.788,-0.065,0.026,0.026,-41.100,30.900,35.400,37.0
16:36:06.971,2253398,2.782,9.304,-0.962,0.001,0.252,0.035,-41.100,30.900,35.400,37.2
16:36:07.022,2253452,2.399,9.562,-1.154,-0.034,0.056,0.010,-41.100,30.900,35.400,37.0
16:36:07.075,2253506,2.461,9.538,-1.051,-0.038,0.051,0.052,-41.100,30.900,35.400,37.0
16:36:07.127,2253560,2.389,9.306,-1.073,-0.063,-0.068,0.058,-41.100,30.900,35.400,37.2
16:36:07.180,2253614,2.526,9.270,-1.003,-0.015,-0.045,0.038,-41.550,28.050,35.700,37.3
16:36:07.232,2253668,2.456,8.985,-0.931,0.016,-0.037,0.027,-41.550,28.050,35.700,37.3
16:36:07.285,2253722,2.454,9.163,-0.783,0.030,-0.085,0.004,-40.950,28.650,35.250,37.2
16:36:07.337,2253776,2.363,9.165,-0.814,0.051,0.021,-0.010,-40.950,28.650,35.250,37.2
16:36:07.391,2253830,2.258,9.373,-1.223,0.103,0.079,0.018,-42.000,28.800,35.400,36.9
16:36:07.495,2253884,2.983,9.392,-1.504,0.072,-0.221,0.039,-42.000,28.800,35.400,37.1
16:36:07.548,2253938,2.210,9.404,-2.105,0.241,-0.097,0.038,-41.400,29.400,35.250,37.0
16:36:07.601,2253992,2.641,9.328,-2.234,0.342,0.050,-0.043,-41.400,29.400,35.250,37.3
16:36:07.653,2254046,2.365,9.574,-2.952,0.541,-0.095,-0.023,-42.000,29.850,35.100,37.1
16:36:07.707,2254100,2.983,9.704,-3.122,0.576,-0.158,0.059,-42.000,29.850,35.100,37.4
16:36:07.758,2254154,2.507,9.481,-4.044,0.779,-0.358,0.123,-41.550,32.400,33.600,37.2
16:36:07.811,2254208,3.263,9.464,-3.768,0.973,-0.340,0.145,-43.050,34.200,29.850,37.3
16:36:07.864,2254262,3.072,8.964,-4.824,1.180,0.218,0.303,-43.050,34.200,29.850,37.0
16:36:07.916,2254316,3.460,9.215,-5.061,1.318,-0.026,0.387,-42.150,38.400,26.850,37.0
16:36:07.969,2254370,3.191,8.763,-6.515,1.454,0.006,0.502,-42.150,38.400,26.850,37.2
16:36:08.020,2254424,3.503,8.526,-6.182,1.496,-0.597,0.466,-41.700,39.750,16.500,37.2
16:36:08.073,2254478,4.104,7.977,-6.831,1.650,-0.191,0.366,-41.700,39.750,16.500,37.2
16:36:08.125,2254532,3.321,6.900,-7.496,1.600,-0.718,0.279,-41.700,36.600,5.250,37.3
16:36:08.177,2254586,3.733,6.730,-7.470,1.785,0.023,0.367,-41.700,36.600,5.250,37.4
16:36:08.230,2254640,4.183,6.134,-7.712,1.612,-0.278,0.507,-39.450,29.400,-4.800,37.2
16:36:08.283,2254694,3.457,5.167,-6.464,1.668,0.178,0.571,-39.450,29.400,-4.800,37.1
16:36:08.336,2254748,2.741,4.001,-9.383,1.330,-0.187,0.722,-35.850,19.950,-11.400,36.9
16:36:08.389,2254802,4.666,3.486,-6.989,1.309,0.176,0.426,-35.850,19.950,-11.400,37.1
16:36:08.442,2254856,3.644,3.089,-8.303,1.081,-0.138,0.372,-32.550,11.100,-14.250,37.1
16:36:08.494,2254910,3.543,1.381,-6.711,1.008,0.248,0.331,-31.650,4.500,-18.450,37.3
16:36:08.546,2254964,2.998,1.068,-7.908,0.842,-0.152,0.441,-31.650,4.500,-18.450,37.4
16:36:08.599,2255018,3.270,0.680,-7.776,0.660,-0.077,0.271,-28.200,-2.700,-19.500,37.1
16:36:08.650,2255072,2.945,-0.036,-9.280,0.498,-0.345,0.307,-28.200,-2.700,-19.500,36.9
16:36:08.704,2255126,2.260,0.184,-8.806,0.346,-0.326,0.216,-25.800,-4.800,-18.000,37.0
16:36:08.756,2255180,4.408,-0.572,-8.701,0.507,-0.254,0.279,-25.800,-4.800,-18.000,37.1
16:36:08.808,2255234,2.406,0.081,-8.799,0.311,-0.401,0.224,-25.050,-8.700,-18.750,37.2
16:36:08.860,2255288,2.921,-1.130,-6.814,0.311,-0.159,0.239,-25.050,-8.700,-18.750,37.2
16:36:08.912,2255342,2.811,-1.427,-8.873,0.022,-0.226,0.160,-22.950,-10.350,-18.900,37.2
16:36:08.965,2255396,2.885,-0.994,-7.800,0.124,0.293,0.047,-22.950,-10.350,-18.900,37.1
16:36:09.019,2255450,3.139,-1.374,-9.306,-0.145,0.009,-0.021,-22.950,-10.350,-18.900,37.2
16:36:09.071,2255504,3.330,-1.547,-8.150,-0.045,0.482,-0.108,-22.950,-10.350,-18.900,36.9
16:36:09.122,2255558,3.383,-0.874,-9.184,-0.363,-0.107,-0.171,-22.950,-10.350,-18.900,37.1
16:36:09.176,2255612,3.431,-1.659,-7.602,-0.168,0.378,-0.197,-22.950,-10.350,-18.900,37.1
16:36:09.228,2255666,3.383,-1.037,-8.746,-0.210,0.001,-0.124,-22.950,-10.350,-18.900,37.3
16:36:09.280,2255720,2.251,-1.164,-8.729,-0.301,0.015,-0.226,-22.950,-10.350,-18.900,37.2
16:36:09.386,2255774,3.670,-0.431,-8.059,-0.281,0.177,-0.226,-22.950,-10.350,-18.900,37.3
16:36:09.439,2255828,3.869,-0.304,-8.720,-0.392,0.033,-0.216,-22.950,-10.350,-18.900,37.3
16:36:09.491,2255882,2.873,-0.493,-8.274,-0.484,0.097,-0.210,-22.950,-10.350,-18.900,37.0
16:36:09.544,2255936,3.876,0.335,-8.128,-0.644,-0.025,-0.310,-26.400,-5.700,-17.550,37.0
16:36:09.596,2255990,3.517,0.833,-7.106,-0.739,0.180,-0.433,-26.400,-5.700,-17.550,37.2
16:36:09.648,2256044,3.711,1.183,-8.748,-0.799,0.233,-0.448,-30.300,-1.050,-16.350,37.0
16:36:09.700,2256098,2.847,1.621,-7.477,-0.948,0.102,-0.411,-30.300,-1.050,-16.350,37.0
16:36:09.754,2256152,4.087,2.363,-9.242,-1.039,-0.130,-0.416,-31.500,5.400,-17.100,37.3
16:36:09.807,2256206,4.523,2.847,-8.071,-1.083,0.119,-0.467,-33.000,10.800,-14.850,37.2
16:36:09.858,2256260,3.718,3.721,-8.183,-1.145,-0.013,-0.395,-33.000,10.800,-14.850,37.1
16:36:09.911,2256314,4.156,3.397,-9.541,-1.204,-0.615,-0.338,-36.300,17.100,-12.600,37.3
16:36:09.964,2256368,3.606,4.618,-8.830,-1.225,-0.346,-0.326,-36.300,17.100,-12.600,37.5
16:36:10.015,2256422,2.921,4.992,-7.985,-1.067,0.143,-0.359,-36.450,24.150,-11.250,37.2
16:36:10.068,2256476,3.917,5.531,-7.997,-1.048,0.150,-0.350,-36.450,24.150,-11.250,37.0
16:36:10.120,2256530,2.995,6.397,-8.200,-0.974,0.218,-0.337,-37.050,30.750,-7.050,37.1
16:36:10.173,2256584,3.900,5.775,-6.340,-0.872,0.350,-0.319,-37.050,30.750,-7.050,37.3
16:36:10.226,2256638,3.302,6.922,-7.851,-1.125,-0.284,-0.241,-39.150,33.900,-0.300,37.2
16:36:10.278,2256692,3.433,6.642,-5.389,-0.950,0.140,-0.255,-39.150,33.900,-0.300,37.2
16:36:10.330,2256746,3.874,7.513,-6.258,-1.020,0.270,-0.195,-40.200,36.900,7.350,37.2
16:36:10.383,2256800,2.600,7.695,-5.411,-1.034,0.081,-0.208,-40.200,36.900,7.350,37.3
16:36:10.437,2256854,3.800,8.040,-5.227,-0.999,0.058,-0.088,-40.650,39.150,14.700,37.3
16:36:10.488,2256908,3.005,8.404,-5.361,-0.963,-0.057,-0.100,-41.700,38.400,21.300,37.2
16:36:10.541,2256962,3.019,8.495,-4.812,-0.940,-0.094,-0.044,-41.700,38.400,21.300,37.2
16:36:10.594,2257016,3.388,8.712,-4.551,-0.911,-0.139,-0.025,-40.650,35.550,24.900,36.9
16:36:10.645,2257070,3.062,8.751,-4.331,-0.849,-0.192,0.006,-40.650,35.550,24.900,37.2
16:36:10.698,2257124,2.835,8.748,-3.967,-0.822,-0.259,0.014,-42.900,32.550,28.950,37.2
16:36:10.750,2257178,2.890,8.820,-3.433,-0.757,-0.116,0.072,-42.900,32.550,28.950,37.2
16:36:10.803,2257232,2.923,9.210,-3.850,-0.761,-0.435,0.065,-40.800,32.700,28.800,37.2
16:36:10.855,2257286,3.191,8.882,-2.679,-0.662,-0.170,0.041,-40.800,32.700,28.800,37.3
16:36:10.909,2257340,2.873,8.966,-2.899,-0.547,-0.349,0.025,-41.700,28.950,29.700,37.3
16:36:10.960,2257394,2.804,9.129,-2.406,-0.477,-0.237,0.038,-41.700,28.950,29.700,37.0
16:36:11.013,2257448,2.808,9.373,-1.999,-0.428,-0.319,0.060,-40.800,27.750,30.600,37.3
16:36:11.065,2257502,2.334,9.328,-1.927,-0.408,-0.350,0.043,-40.800,27.750,30.600,37.4
16:36:11.118,2257556,3.294,9.189,-1.513,-0.341,-0.340,0.075,-41.400,25.800,28.650,37.2
16:36:11.170,2257610,2.579,8.971,-1.621,-0.272,-0.341,0.012,-41.400,25.800,28.650,37.2
16:36:11.275,2257664,2.691,9.041,-1.381,-0.140,0.155,0.001,-41.400,25.800,28.650,37.1
16:36:11.328,2257718,2.983,9.031,-1.338,-0.067,0.027,-0.060,-41.400,25.800,28.650,37.2
16:36:11.380,2257772,2.425,9.309,-1.197,-0.067,0.135,0.005,-41.400,25.800,28.650,37.1
16:36:11.434,2257826,3.079,9.311,-0.912,-0.072,0.038,0.017,-41.400,25.800,28.650,37.2
16:36:11.539,2257880,2.780,9.052,-1.204,-0.068,-0.020,-0.009,-41.400,25.800,28.650,37.1
16:36:11.540,2257934,2.567,9.182,-1.192,-0.090,-0.137,0.041,-41.400,25.800,28.650,37.1
16:36:11.591,2257988,3.017,9.141,-1.583,-0.040,-0.048,0.018,-41.400,25.800,28.650,37.2
16:36:11.642,2258042,2.581,9.309,-1.240,0.073,0.016,-0.014,-41.400,25.800,28.650,37.1
16:36:11.696,2258096,3.086,9.388,-2.030,0.190,0.154,-0.029,-41.400,25.800,28.650,37.2
16:36:11.749,2258150,2.231,9.376,-1.879,0.321,0.255,-0.047,-42.900,24.600,28.650,37.3
16:36:11.801,2258204,3.440,9.495,-3.330,0.468,0.211,-0.011,-42.150,26.100,32.250,36.9
16:36:11.853,2258258,2.550,9.505,-3.661,0.644,0.047,0.090,-42.150,26.100,32.250,37.2
16:36:11.906,2258312,2.909,9.613,-3.893,0.958,0.267,0.067,-41.400,28.950,31.200,37.0
16:36:11.958,2258366,3.335,9.033,-4.891,1.163,0.296,0.062,-41.400,28.950,31.200,36.9
16:36:12.011,2258420,2.782,9.522,-4.975,1.375,0.302,0.062,-42.750,32.100,28.500,37.1
16:36:12.064,2258474,3.761,9.412,-6.393,1.580,0.162,0.366,-42.750,32.100,28.500,37.1
16:36:12.168,2258528,4.334,9.438,-5.519,1.715,0.040,0.471,-42.750,35.700,21.900,37.2
16:36:12.168,2258582,4.135,8.461,-6.687,1.816,-0.207,0.485,-42.750,35.700,21.900,37.2
16:36:12.274,2258636,4.503,8.248,-6.510,1.773,-0.432,0.513,-43.650,35.850,11.850,37.2
16:36:12.275,2258690,4.594,6.689,-6.340,1.702,-0.585,0.453,-43.650,35.850,11.850,37.0
16:36:12.325,2258744,3.893,6.388,-6.967,1.662,-0.511,0.435,-41.550,30.300,-1.050,37.5
16:36:12.378,2258798,3.077,5.526,-6.665,1.617,-0.509,0.504,-41.550,30.300,-1.050,37.2
16:36:12.430,2258852,4.022,4.458,-7.764,1.469,-0.278,0.506,-36.450,21.600,-10.200,37.2
16:36:12.483,2258906,2.966,3.352,-7.676,1.309,-0.486,0.442,-31.650,12.750,-14.700,37.6
16:36:12.536,2258960,3.002,2.318,-8.320,1.243,-0.178,0.356,-31.650,12.750,-14.700,37.2
16:36:12.588,2259014,2.902,2.492,-8.317,1.157,-0.144,0.156,-28.350,6.000,-17.100,37.1
16:36:12.641,2259068,3.124,1.396,-8.483,1.059,-0.110,0.226,-28.350,6.000,-17.100,37.2
16:36:12.693,2259122,2.483,0.000,-9.165,0.790,-0.227,0.198,-25.350,-1.200,-18.750,37.2
16:36:12.746,2259176,2.780,-0.060,-7.460,0.916,0.248,0.043,-25.350,-1.200,-18.750,37.1
16:36:12.799,2259230,2.526,-0.606,-9.328,0.550,-0.296,0.094,-25.050,-5.100,-18.000,36.9
16:36:12.852,2259284,2.626,0.259,-7.379,0.698,0.208,0.149,-25.050,-5.100,-18.000,37.1
16:36:12.902,2259338,2.576,-0.982,-8.923,0.454,0.007,0.200,-22.650,-10.500,-19.500,37.3
16:36:12.957,2259392,3.857,-1.372,-7.063,0.442,0.297,0.108,-22.650,-10.500,-19.500,37.4
16:36:13.007,2259446,2.380,-0.929,-8.772,0.126,-0.124,0.169,-21.900,-13.050,-17.700,37.2
16:36:13.060,2259500,3.498,-1.645,-7.580,0.167,0.309,0.035,-21.900,-13.050,-17.700,37.3
16:36:13.114,2259554,3.199,-2.701,-8.904,0.049,-0.057,0.034,-22.050,-15.150,-17.550,37.2
16:36:13.217,2259608,2.940,-0.991,-8.025,0.021,0.181,-0.041,-24.300,-14.250,-16.950,37.1
16:36:13.270,2259662,2.574,-1.939,-9.428,-0.214,-0.282,0.023,-24.300,-14.250,-16.950,37.0
16:36:13.322,2259716,3.347,-2.160,-8.629,-0.076,-0.030,-0.035,-21.750,-13.950,-17.850,37.2
16:36:13.428,2259770,3.539,-1.915,-9.139,-0.139,-0.127,-0.037,-21.750,-13.950,-17.850,37.1
16:36:13.429,2259824,3.187,-1.508,-9.148,-0.094,0.046,-0.092,-22.500,-14.400,-18.150,37.2
16:36:13.480,2259878,3.618,-2.126,-8.990,-0.222,-0.082,-0.095,-22.500,-14.400,-18.150,37.1
16:36:13.534,2259932,2.775,-1.566,-9.239,-0.142,-0.001,-0.007,-22.500,-14.400,-18.150,37.1
16:36:13.587,2259986,2.849,-1.429,-8.552,-0.168,0.091,0.014,-22.500,-14.400,-18.150,37.2
16:36:13.639,2260040,3.254,-1.772,-8.394,-0.258,0.147,-0.050,-22.500,-14.400,-18.150,37.3
16:36:13.690,2260094,3.261,-1.214,-8.092,-0.355,0.117,-0.058,-22.500,-14.400,-18.150,37.1
16:36:13.743,2260148,2.574,-0.986,-8.124,-0.404,0.201,-0.096,-22.500,-14.400,-18.150,37.0
16:36:13.796,2260202,3.333,-0.687,-8.047,-0.595,0.157,-0.165,-22.500,-14.400,-18.150,37.4
16:36:13.901,2260256,3.194,-0.306,-8.179,-0.671,0.223,-0.257,-22.500,-14.400,-18.150,37.2
16:36:13.901,2260310,3.177,0.081,-8.418,-0.808,0.138,-0.370,-22.500,-14.400,-18.150,37.2
16:36:13.954,2260364,3.828,0.579,-7.693,-0.815,0.353,-0.421,-22.500,-14.400,-18.150,37.2
16:36:14.006,2260418,3.701,1.666,-8.514,-0.986,-0.026,-0.390,-31.650,1.200,-16.500,37.2
16:36:14.059,2260472,4.688,1.173,-7.707,-0.995,0.151,-0.511,-31.650,1.200,-16.500,37.0
16:36:14.111,2260526,4.017,2.650,-9.237,-1.081,-0.074,-0.468,-32.550,4.950,-14.550,37.2
16:36:14.163,2260580,4.484,2.751,-7.087,-1.029,0.307,-0.603,-32.550,4.950,-14.550,37.1
16:36:14.215,2260634,3.936,3.632,-9.500,-1.129,-0.016,-0.503,-35.550,13.800,-13.650,36.8
16:36:14.268,2260688,4.101,4.171,-6.440,-1.058,0.258,-0.485,-35.550,13.800,-13.650,37.4
16:36:14.321,2260742,4.424,4.377,-9.290,-1.082,0.019,-0.513,-38.250,20.250,-9.600,37.1
16:36:14.374,2260796,4.259,5.473,-6.531,-1.029,0.403,-0.610,-38.250,20.250,-9.600,37.3
16:36:14.425,2260850,3.745,5.859,-8.191,-0.990,0.442,-0.616,-40.650,25.800,-5.550,37.2
16:36:14.478,2260904,4.094,6.287,-6.950,-1.110,0.118,-0.541,-41.700,34.050,0.900,37.1
16:36:14.531,2260958,4.063,6.211,-6.553,-1.011,0.257,-0.365,-41.700,34.050,0.900,37.1
16:36:14.584,2261012,4.235,6.931,-6.895,-0.980,0.064,-0.327,-44.100,38.400,7.350,37.1
16:36:14.636,2261066,3.917,7.357,-6.112,-0.964,0.273,-0.317,-44.100,38.400,7.350,37.0
16:36:14.688,2261120,4.535,7.688,-5.753,-0.993,0.004,-0.253,-44.100,39.450,16.200,37.3
16:36:14.741,2261174,3.869,7.666,-5.164,-0.951,0.193,-0.182,-44.100,39.450,16.200,37.1
16:36:14.794,2261228,4.125,8.018,-5.476,-0.815,-0.075,-0.021,-44.400,37.350,21.750,37.1
16:36:14.846,2261282,3.541,8.047,-4.781,-0.788,0.067,0.015,-44.400,37.350,21.750,37.3
16:36:14.899,2261336,3.991,7.968,-4.322,-0.613,-0.083,-0.205,-45.600,36.150,26.400,37.2
16:36:14.950,2261390,3.654,8.308,-4.017,-0.644,-0.174,-0.156,-45.600,36.150,26.400,37.1
16:36:15.003,2261444,4.178,8.337,-4.096,-0.601,-0.224,-0.089,-43.500,34.650,31.050,37.1
16:36:15.108,2261498,3.426,8.775,-3.922,-0.556,-0.144,-0.066,-43.500,34.650,31.050,37.0
16:36:15.160,2261552,3.290,8.600,-3.263,-0.468,-0.101,-0.066,-42.750,34.650,34.650,37.1
16:36:15.213,2261606,2.998,8.531,-3.613,-0.471,-0.293,-0.046,-42.750,31.650,33.600,37.2
16:36:15.266,2261660,3.527,8.626,-3.062,-0.381,-0.090,-0.105,-42.750,31.650,33.600,37.1
16:36:15.319,2261714,3.172,9.038,-3.172,-0.371,-0.197,-0.192,-43.500,29.550,35.100,37.2
16:36:15.370,2261768,3.677,9.261,-2.808,-0.279,-0.182,-0.234,-43.500,29.550,35.100,37.1
16:36:15.423,2261822,2.497,9.021,-2.854,-0.245,-0.203,-0.152,-42.300,30.300,35.100,37.3
16:36:15.476,2261876,3.105,8.578,-2.195,-0.194,-0.118,-0.009,-42.300,30.300,35.100,37.0
16:36:15.527,2261930,1.973,8.583,-2.473,-0.257,-0.144,0.014,-41.100,30.300,33.900,37.1
16:36:15.581,2261984,3.196,8.768,-2.626,-0.245,-0.098,0.046,-41.100,30.300,33.900,37.0
16:36:15.632,2262038,2.717,9.215,-2.303,-0.226,0.003,0.018,-43.500,27.750,34.650,37.0
16:36:15.685,2262092,2.650,9.237,-2.318,-0.185,-0.077,0.049,-43.500,27.750,34.650,37.1
16:36:15.737,2262146,3.089,9.407,-2.023,-0.102,-0.023,0.054,-43.500,29.100,34.650,37.1
16:36:15.790,2262200,2.602,9.756,-1.968,-0.091,-0.278,-0.071,-43.500,29.100,34.650,37.4
16:36:15.842,2262254,3.144,8.554,-2.059,-0.082,-0.296,-0.238,-41.100,28.800,34.350,37.2
16:36:15.895,2262308,2.037,8.356,-1.477,-0.060,-0.228,-0.109,-41.100,28.800,34.350,37.2
16:36:15.947,2262362,2.468,8.514,-1.788,-0.105,0.011,0.141,-41.100,28.800,34.350,37.1
16:36:16.000,2262416,2.751,9.424,-1.750,-0.133,-0.045,0.082,-41.100,28.800,34.350,36.9
16:36:16.052,2262470,2.717,9.562,-1.611,-0.136,0.052,-0.012,-41.100,28.800,34.350,37.2
16:36:16.105,2262524,2.705,9.117,-2.073,-0.159,-0.020,-0.047,-41.100,28.800,34.350,37.2
16:36:16.158,2262578,2.808,8.909,-1.714,-0.150,-0.010,-0.063,-41.100,28.800,34.350,37.3
16:36:16.210,2262632,3.014,9.110,-2.128,-0.088,0.099,-0.037,-41.100,28.800,34.350,37.2
16:36:16.262,2262686,2.784,9.139,-2.004,-0.079,0.049,-0.004,-41.100,28.800,34.350,37.2
16:36:16.316,2262740,3.187,9.230,-2.440,0.046,0.077,0.021,-41.100,28.800,34.350,37.1
16:36:16.420,2262794,2.847,9.050,-2.732,0.113,-0.009,0.077,-41.100,28.800,34.350,37.2
16:36:16.421,2262848,3.239,9.491,-3.141,0.309,0.017,0.135,-42.300,29.100,36.900,37.2
16:36:16.472,2262902,2.890,9.378,-3.570,0.442,0.027,0.236,-42.300,29.100,36.900,37.1
16:36:16.525,2262956,3.555,9.409,-3.615,0.616,-0.114,0.298,-41.550,28.800,35.100,37.3
16:36:16.578,2263010,3.316,9.397,-4.111,0.797,-0.116,0.336,-43.350,31.800,32.700,37.1
16:36:16.630,2263064,3.045,9.313,-5.133,0.914,-0.160,0.369,-43.350,31.800,32.700,37.2
16:36:16.682,2263118,4.324,8.820,-4.353,1.073,-0.184,0.401,-44.400,35.550,28.650,37.1
16:36:16.735,2263172,3.484,8.504,-5.124,1.213,-0.078,0.424,-44.400,35.550,28.650,37.1
16:36:16.787,2263226,3.596,7.961,-5.444,1.207,-0.257,0.343,-44.850,37.950,21.750,37.3
16:36:16.840,2263280,4.465,8.030,-5.296,1.301,-0.055,0.357,-44.850,37.950,21.750,37.2
16:36:16.894,2263334,3.926,7.587,-6.282,1.308,-0.286,0.420,-43.500,35.700,12.300,37.1
16:36:16.998,2263388,3.929,6.737,-6.570,1.232,-0.379,0.427,-43.500,35.700,12.300,37.3
16:36:17.051,2263442,3.929,6.864,-6.479,1.194,-0.235,0.453,-43.350,31.200,3.450,37.0
16:36:17.103,2263496,5.519,6.364,-6.364,1.180,-0.226,0.496,-43.350,31.200,3.450,37.2
16:36:17.155,2263550,3.704,5.392,-7.875,1.017,-0.461,0.566,-41.100,27.300,-4.350,37.1
16:36:17.208,2263604,5.404,4.611,-5.854,1.084,-0.286,0.490,-36.900,19.050,-9.450,37.0
16:36:17.260,2263658,4.094,2.744,-8.552,0.983,-0.393,0.453,-36.900,19.050,-9.450,37.2
16:36:17.314,2263712,4.101,3.134,-6.701,0.907,-0.355,0.354,-36.300,12.450,-15.150,37.2
16:36:17.365,2263766,4.360,1.824,-8.880,0.979,-0.346,0.374,-36.300,12.450,-15.150,37.2
16:36:17.417,2263820,3.754,2.028,-7.561,0.812,-0.373,0.269,-32.550,7.200,-17.100,36.9
16:36:17.471,2263874,3.527,1.384,-9.309,0.887,-0.117,0.214,-32.550,7.200,-17.100,37.2
16:36:17.524,2263928,3.737,1.618,-8.370,0.706,-0.270,0.218,-30.150,3.000,-18.000,37.1
16:36:17.576,2263982,4.341,1.437,-8.748,0.761,-0.035,0.191,-30.150,3.000,-18.000,37.3
16:36:17.627,2264036,3.783,-0.055,-8.102,0.609,-0.102,0.262,-27.300,-4.050,-18.000,37.2
16:36:17.680,2264090,2.576,-0.043,-8.317,0.523,-0.046,0.218,-27.300,-4.050,-18.000,37.2
16:36:17.732,2264144,3.539,-0.759,-8.964,0.406,-0.118,0.195,-27.150,-5.700,-18.600,37.4
16:36:17.785,2264198,2.895,-1.099,-8.071,0.477,0.015,0.177,-27.150,-5.700,-18.600,37.2
16:36:17.838,2264252,3.472,-0.599,-8.193,0.220,-0.242,0.154,-26.250,-9.900,-17.700,36.9
16:36:17.892,2264306,2.717,-1.954,-8.985,0.203,-0.100,0.116,-22.650,-10.950,-19.050,37.0
16:36:17.942,2264360,3.110,-1.530,-7.882,0.104,-0.166,0.103,-22.650,-10.950,-19.050,37.1
16:36:17.997,2264414,2.215,-1.597,-9.048,0.030,-0.133,0.036,-24.600,-12.450,-16.500,37.2
16:36:18.049,2264468,2.758,-1.906,-9.086,-0.038,-0.012,-0.008,-24.600,-12.450,-16.500,37.2
16:36:18.101,2264522,2.672,-1.374,-8.873,-0.037,0.060,-0.022,-24.600,-12.450,-16.500,37.1
16:36:18.154,2264576,3.349,-2.334,-8.842,0.002,0.140,-0.005,-24.600,-12.450,-16.500,37.2
16:36:18.206,2264630,3.536,-1.544,-9.143,-0.140,-0.088,-0.078,-24.600,-12.450,-16.500,37.2
16:36:18.257,2264684,3.618,-1.300,-8.531,-0.090,0.010,-0.025,-24.600,-12.450,-16.500,37.0
16:36:18.310,2264738,3.620,-1.427,-9.009,-0.108,-0.130,0.009,-24.600,-12.450,-16.500,37.0
16:36:18.363,2264792,3.505,-1.480,-8.562,-0.058,0.029,0.015,-24.600,-12.450,-16.500,37.3
16:36:18.416,2264846,2.928,-1.329,-8.636,-0.183,-0.048,-0.036,-24.600,-12.450,-16.500,37.2
16:36:18.468,2264900,3.280,-1.109,-8.212,-0.118,0.212,-0.096,-24.600,-12.450,-16.500,37.2
16:36:18.520,2264954,3.378,-1.432,-8.602,-0.371,0.098,-0.108,-24.600,-12.450,-16.500,37.1
16:36:18.573,2265008,3.170,-0.505,-7.819,-0.407,0.224,-0.162,-26.400,-8.250,-18.150,37.0
16:36:18.625,2265062,3.606,-0.860,-8.698,-0.492,0.222,-0.209,-26.400,-8.250,-18.150,37.1
16:36:18.678,2265116,2.981,-0.369,-8.296,-0.584,0.221,-0.319,-28.950,-6.900,-18.000,37.1
16:36:18.730,2265170,3.687,-0.220,-8.861,-0.629,0.341,-0.317,-28.950,-6.900,-18.000,37.1
16:36:18.784,2265224,4.111,0.527,-8.023,-0.718,0.246,-0.393,-32.250,-3.600,-17.850,37.3
16:36:18.889,2265278,4.128,0.816,-8.748,-0.830,0.211,-0.509,-32.250,-3.600,-17.850,37.1
16:36:18.942,2265332,4.480,1.367,-8.248,-0.866,0.193,-0.564,-35.400,1.050,-16.800,37.1
16:36:18.993,2265386,4.537,1.982,-8.806,-0.825,0.216,-0.481,-35.400,1.050,-16.800,37.4
16:36:19.046,2265440,4.427,2.878,-8.471,-0.842,0.232,-0.506,-36.450,6.000,-14.550,37.2
16:36:19.099,2265494,5.133,3.120,-8.035,-0.920,0.042,-0.440,-36.450,6.000,-14.550,37.1
16:36:19.151,2265548,4.384,3.405,-8.368,-0.901,0.118,-0.466,-38.850,10.800,-12.750,37.1
16:36:19.204,2265602,4.760,3.766,-7.707,-0.921,0.061,-0.474,-40.350,18.750,-7.950,37.0
16:36:19.255,2265656,4.554,4.015,-7.898,-0.960,0.127,-0.445,-40.350,18.750,-7.950,37.0
16:36:19.308,2265710,4.714,4.367,-7.099,-0.924,0.073,-0.435,-41.700,24.000,-4.500,37.3
16:36:19.360,2265764,4.415,6.014,-7.269,-1.022,0.154,-0.425,-41.700,24.000,-4.500,37.2
16:36:19.412,2265818,4.810,5.528,-6.455,-1.069,0.142,-0.410,-45.300,28.950,0.150,37.3
16:36:19.465,2265872,4.990,6.472,-6.778,-1.093,0.178,-0.510,-45.300,28.950,0.150,37.2
16:36:19.517,2265926,4.085,6.630,-6.433,-1.118,0.044,-0.387,-44.250,33.900,7.650,37.2
16:36:19.570,2265980,4.626,7.245,-6.251,-0.999,0.376,-0.374,-44.250,33.900,7.650,37.2
16:36:19.624,2266034,4.580,7.108,-5.890,-0.968,0.059,-0.241,-46.050,36.150,13.650,37.0
16:36:19.676,2266088,4.920,7.580,-5.260,-0.882,0.362,-0.304,-46.050,36.150,13.650,37.1
16:36:19.728,2266142,4.312,7.867,-5.337,-0.831,-0.031,-0.275,-46.050,35.850,21.750,37.1
16:36:19.780,2266196,4.164,8.001,-4.877,-0.773,0.140,-0.246,-46.050,35.850,21.750,37.3
16:36:19.833,2266250,4.187,8.294,-4.752,-0.710,-0.017,-0.218,-44.100,36.150,26.100,37.2
16:36:19.885,2266304,3.670,8.619,-4.144,-0.593,-0.068,-0.196,-42.900,36.150,31.950,37.0
16:36:19.939,2266358,3.831,8.413,-3.941,-0.527,0.014,-0.160,-42.900,36.150,31.950,37.2
16:36:19.990,2266412,3.563,8.322,-3.634,-0.486,-0.145,-0.176,-42.900,34.350,33.450,37.0
16:36:20.043,2266466,3.395,8.710,-3.385,-0.471,-0.242,-0.132,-42.900,34.350,33.450,36.9
16:36:20.095,2266520,3.615,8.452,-2.981,-0.407,-0.164,-0.139,-45.900,33.150,33.600,37.1
16:36:20.147,2266574,3.881,8.803,-3.048,-0.383,-0.224,-0.162,-45.900,33.150,33.600,37.0
16:36:20.200,2266628,3.783,8.626,-2.423,-0.286,-0.125,-0.136,-45.900,33.150,33.600,37.2
16:36:20.253,2266682,3.347,8.885,-2.971,-0.272,-0.162,-0.062,-45.900,33.150,33.600,37.4
16:36:20.305,2266736,3.402,8.926,-2.100,-0.244,-0.248,-0.076,-45.900,33.150,33.600,37.2
16:36:20.357,2266790,3.139,8.959,-2.734,-0.213,-0.204,-0.057,-45.900,33.150,33.600,37.2
16:36:20.410,2266844,3.065,8.789,-2.248,-0.161,-0.127,-0.100,-45.900,33.150,33.600,37.1
16:36:20.464,2266898,3.196,8.897,-2.471,-0.172,-0.250,-0.058,-45.900,33.150,33.600,37.2
16:36:20.567,2266952,2.794,8.782,-2.308,-0.148,-0.115,-0.064,-45.900,33.150,33.600,37.0
16:36:20.568,2267006,3.048,8.720,-2.112,-0.157,-0.229,0.002,-41.550,30.600,32.400,37.3
16:36:20.620,2267060,2.904,8.875,-2.090,-0.091,-0.076,-0.043,-41.550,30.600,32.400,37.0
16:36:20.672,2267114,2.998,9.012,-2.289,-0.130,-0.177,-0.060,-43.500,30.600,32.400,37.2
16:36:20.777,2267168,2.830,8.978,-1.891,-0.103,-0.059,-0.019,-43.500,30.600,32.400,37.2
16:36:20.830,2267222,3.074,8.997,-2.241,-0.124,-0.158,0.004,-43.350,31.800,31.950,37.2
16:36:20.882,2267276,2.919,8.971,-1.891,-0.120,-0.083,0.005,-43.350,31.800,31.950,37.1
16:36:20.936,2267330,2.897,8.933,-2.081,-0.105,-0.081,0.033,-40.650,30.000,33.000,37.1
16:36:20.987,2267384,2.808,9.081,-2.006,-0.164,-0.136,0.071,-40.650,30.000,33.000,37.0
16:36:21.040,2267438,3.184,9.081,-1.932,-0.088,-0.049,0.042,-40.800,29.550,33.150,36.9
16:36:21.093,2267492,2.878,9.045,-2.107,-0.123,-0.159,0.042,-40.800,29.550,33.150,37.1
16:36:21.145,2267546,2.761,8.918,-1.707,-0.089,-0.049,0.036,-42.900,28.200,31.500,37.3
16:36:21.197,2267600,2.959,9.017,-2.114,-0.088,-0.102,0.026,-42.900,28.200,31.500,37.2
16:36:21.250,2267654,2.595,9.165,-1.733,-0.100,-0.126,0.025,-41.700,27.150,33.000,37.1
16:36:21.302,2267708,2.559,9.400,-2.265,-0.068,-0.107,0.042,-42.600,27.900,32.250,37.3
16:36:21.355,2267762,2.923,9.079,-2.409,0.035,-0.059,0.070,-42.600,27.900,32.250,37.1
16:36:21.407,2267816,2.710,9.412,-3.598,0.162,0.023,0.106,-42.900,27.600,33.450,37.1
16:36:21.514,2267870,2.717,8.830,-3.824,0.380,-0.156,0.139,-42.900,27.600,33.450,37.0
16:36:21.514,2267924,3.359,9.024,-4.817,0.643,-0.083,0.086,-43.350,30.000,30.750,37.1
16:36:21.565,2267978,3.050,9.376,-5.042,0.847,-0.056,0.062,-43.350,30.000,30.750,37.2
16:36:21.618,2268032,4.111,9.081,-4.922,1.110,0.030,0.071,-46.050,32.250,28.950,37.3
16:36:21.670,2268086,4.017,9.773,-5.710,1.321,-0.311,0.177,-46.050,32.250,28.950,37.3
16:36:21.723,2268140,3.809,9.112,-5.911,1.523,-0.181,0.365,-44.100,36.600,23.100,37.2
16:36:21.775,2268194,3.069,8.346,-6.560,1.550,-0.478,0.515,-44.100,36.600,23.100,37.3
16:36:21.828,2268248,4.386,7.882,-6.309,1.669,-0.373,0.479,-42.300,37.800,11.250,37.3
16:36:21.880,2268302,4.587,7.939,-7.544,1.723,-0.526,0.553,-39.450,34.050,0.900,37.0
16:36:21.933,2268356,3.098,6.005,-6.369,1.716,-0.349,0.587,-39.450,34.050,0.900,37.1
16:36:21.985,2268410,3.747,5.183,-7.511,1.683,-0.689,0.650,-38.250,22.800,-9.600,37.1
16:36:22.038,2268464,3.625,4.690,-6.764,1.474,-0.600,0.448,-38.250,22.800,-9.600,37.0
16:36:22.091,2268518,2.954,3.393,-7.726,1.392,-0.204,0.280,-38.250,22.800,-9.600,37.2
16:36:22.143,2268572,4.381,3.970,-7.106,1.256,-0.056,0.238,-38.250,22.800,-9.600,37.2
16:36:22.196,2268626,2.562,1.085,-8.880,0.972,-0.222,0.248,-38.250,22.800,-9.600,37.0
16:36:22.249,2268680,2.708,1.760,-7.156,0.836,-0.034,0.270,-38.250,22.800,-9.600,37.2
16:36:22.301,2268734,2.476,0.249,-10.290,0.760,-0.099,0.220,-38.250,22.800,-9.600,36.9
16:36:22.353,2268788,2.727,0.831,-8.665,0.586,-0.508,0.172,-38.250,22.800,-9.600,36.9
16:36:22.405,2268842,2.234,0.184,-9.426,0.601,-0.044,0.157,-38.250,22.800,-9.600,37.2
16:36:22.457,2268896,2.550,-0.225,-8.973,0.519,-0.281,0.286,-38.250,22.800,-9.600,37.2
16:36:22.510,2268950,1.674,0.172,-9.050,0.488,-0.079,0.252,-38.250,22.800,-9.600,37.0
16:36:22.615,2269004,2.574,-0.862,-8.384,0.346,-0.050,0.146,-19.500,-9.900,-18.000,37.1
16:36:22.616,2269058,1.762,-1.358,-8.478,0.210,-0.096,0.177,-19.500,-9.900,-18.000,37.0
16:36:22.721,2269112,1.918,-0.608,-8.894,0.038,-0.069,0.145,-19.050,-11.100,-18.900,37.1
16:36:22.774,2269166,1.803,-2.184,-9.316,0.030,0.011,0.042,-19.050,-11.100,-18.900,37.2
16:36:22.826,2269220,2.887,-1.609,-8.966,-0.009,-0.141,0.053,-18.750,-10.500,-19.500,37.1
16:36:22.879,2269274,2.468,-1.721,-8.684,-0.101,-0.086,-0.096,-18.750,-10.500,-19.500,37.2
16:36:22.931,2269328,3.017,-1.094,-8.988,-0.170,-0.123,-0.119,-19.500,-11.250,-19.050,37.3
16:36:22.984,2269382,2.370,-1.125,-8.454,-0.176,0.050,-0.106,-19.500,-11.250,-19.050,37.3
16:36:23.035,2269436,2.037,-0.960,-8.918,-0.239,0.013,-0.099,-18.150,-10.050,-21.450,37.1
16:36:23.089,2269490,2.617,-1.310,-8.487,-0.362,0.080,-0.219,-18.150,-10.050,-21.450,37.1
16:36:23.141,2269544,2.071,-0.498,-8.667,-0.387,0.196,-0.214,-21.150,-9.150,-21.750,37.4
16:36:23.194,2269598,2.454,-0.785,-8.887,-0.472,0.160,-0.237,-21.150,-9.150,-21.750,36.9
16:36:23.247,2269652,2.861,0.098,-8.095,-0.615,0.226,-0.309,-24.000,-8.550,-18.900,37.1
16:36:23.299,2269706,2.392,0.929,-7.604,-0.784,0.220,-0.315,-25.650,-3.600,-18.900,37.1
16:36:23.351,2269760,3.196,0.673,-7.884,-0.958,0.165,-0.314,-25.650,-3.600,-18.900,37.3
16:36:23.404,2269814,2.476,1.669,-8.215,-1.002,0.127,-0.365,-27.900,1.350,-18.150,37.1
16:36:23.456,2269868,3.598,1.944,-8.566,-1.105,0.273,-0.420,-27.900,1.350,-18.150,37.1
16:36:23.507,2269922,4.132,2.921,-8.432,-1.170,0.294,-0.386,-31.050,6.750,-17.100,37.3
16:36:23.560,2269976,3.809,2.466,-8.308,-1.201,0.223,-0.490,-31.050,6.750,-17.100,36.9
16:36:23.612,2270030,4.812,4.029,-9.117,-1.262,0.335,-0.511,-35.400,15.150,-14.550,37.1
16:36:23.665,2270084,3.845,4.152,-8.650,-1.332,0.269,-0.539,-35.400,15.150,-14.550,37.3
16:36:23.718,2270138,3.742,4.942,-7.142,-1.173,0.449,-0.379,-38.250,23.250,-9.300,36.9
16:36:23.771,2270192,3.797,5.406,-8.001,-1.116,0.463,-0.359,-38.250,23.250,-9.300,37.2
16:36:23.824,2270246,4.413,6.069,-7.661,-1.233,0.127,-0.444,-41.550,28.050,-0.300,37.1
16:36:23.876,2270300,4.096,6.665,-7.453,-1.078,0.337,-0.424,-41.550,28.050,-0.300,37.0
16:36:23.929,2270354,4.623,6.570,-7.539,-1.032,0.131,-0.249,-41.550,32.700,6.150,37.2
16:36:23.981,2270408,4.793,7.453,-6.120,-0.899,0.064,-0.205,-42.600,36.600,12.600,37.1
16:36:24.033,2270462,3.326,7.573,-6.009,-0.814,0.099,-0.172,-42.600,36.600,12.600,37.3
16:36:24.086,2270516,4.039,7.827,-6.079,-0.825,-0.141,-0.062,-44.850,35.100,17.250,37.1
16:36:24.139,2270570,4.233,7.865,-5.021,-0.718,0.078,-0.053,-44.850,35.100,17.250,37.0
16:36:24.192,2270624,3.594,7.685,-4.788,-0.711,0.041,-0.049,-44.850,35.100,17.250,37.1
16:36:24.243,2270678,3.740,7.858,-4.180,-0.683,-0.036,-0.106,-44.850,35.100,17.250,37.1
16:36:24.296,2270732,4.065,8.313,-4.391,-0.700,-0.052,-0.122,-44.850,35.100,17.250,36.9
16:36:24.348,2270786,3.448,8.454,-3.771,-0.681,-0.178,-0.153,-44.850,35.100,17.250,37.3
16:36:24.401,2270840,2.883,8.653,-3.627,-0.681,-0.107,-0.169,-44.850,35.100,17.250,37.2
16:36:24.452,2270894,3.924,8.140,-2.863,-0.611,-0.379,-0.236,-44.850,35.100,17.250,37.4
16:36:24.558,2270948,3.244,8.475,-3.261,-0.572,-0.170,-0.147,-44.850,35.100,17.250,37.2
16:36:24.611,2271002,3.457,8.892,-2.765,-0.452,-0.034,-0.066,-40.950,30.750,30.750,37.0
16:36:24.715,2271056,3.555,9.093,-2.715,-0.398,-0.159,-0.092,-40.950,30.750,30.750,36.7
16:36:24.716,2271110,2.926,9.606,-2.859,-0.443,-0.149,-0.213,-43.350,29.700,32.700,37.3
16:36:24.768,2271164,3.182,9.306,-2.198,-0.464,-0.515,-0.281,-43.350,29.700,32.700,37.0
16:36:24.821,2271218,2.808,8.686,-1.958,-0.280,-0.138,-0.042,-40.950,31.500,33.450,37.1
16:36:24.873,2271272,2.624,8.586,-1.899,-0.269,-0.095,0.122,-40.950,31.500,33.450,37.1
16:36:24.926,2271326,2.919,9.459,-1.889,-0.294,-0.079,0.070,-42.150,29.700,31.950,37.2
16:36:24.979,2271380,2.988,9.306,-2.023,-0.282,-0.062,-0.096,-42.150,29.700,31.950,37.3
16:36:25.030,2271434,2.952,8.966,-2.045,-0.289,-0.091,-0.076,-42.750,28.800,32.100,37.1
16:36:25.083,2271488,3.100,9.122,-1.618,-0.217,-0.225,0.031,-42.750,28.800,32.100,36.9
16:36:25.135,2271542,2.775,9.115,-1.743,-0.139,-0.126,0.072,-42.900,27.900,31.500,37.2
16:36:25.189,2271596,2.914,9.076,-1.602,-0.088,-0.118,0.052,-42.900,27.900,31.500,37.2
16:36:25.241,2271650,2.969,9.134,-1.748,-0.049,-0.038,-0.021,-42.150,27.600,32.700,37.1
16:36:25.294,2271704,2.993,9.292,-1.721,-0.009,0.019,-0.018,-43.350,28.650,30.150,37.3
16:36:25.346,2271758,2.717,9.282,-2.145,0.079,0.018,-0.019,-43.350,28.650,30.150,37.3
16:36:25.399,2271812,2.808,9.517,-2.871,0.257,-0.017,-0.006,-42.750,28.800,31.350,37.0
16:36:25.451,2271866,2.722,9.613,-3.491,0.398,0.050,-0.004,-42.750,28.800,31.350,37.2
16:36:25.504,2271920,2.813,9.378,-3.572,0.648,0.122,0.022,-43.350,30.450,31.950,36.9
16:36:25.555,2271974,3.208,9.524,-4.508,0.860,0.165,0.036,-43.350,30.450,31.950,37.0
16:36:25.608,2272028,2.696,9.163,-4.159,1.080,0.234,0.066,-42.000,33.150,31.050,37.3
16:36:25.661,2272082,3.270,9.352,-5.217,1.277,0.015,0.104,-42.000,33.150,31.050,37.4
16:36:25.713,2272136,3.551,8.935,-5.028,1.507,0.080,0.106,-42.900,37.650,27.600,37.2
16:36:25.765,2272190,3.610,8.856,-6.270,1.616,0.221,0.186,-42.900,37.650,27.600,37.4
16:36:25.817,2272244,4.161,8.662,-5.811,1.544,0.072,0.250,-41.550,39.300,19.350,37.2
16:36:25.870,2272298,3.589,8.394,-6.225,1.587,0.003,0.416,-41.550,39.300,19.350,37.2
16:36:25.922,2272352,3.029,6.960,-7.104,1.461,-0.356,0.552,-42.750,38.250,8.700,37.2
16:36:25.976,2272406,4.638,6.500,-6.689,1.612,-0.228,0.598,-40.200,32.250,-0.450,36.8
16:36:26.027,2272460,3.718,5.121,-8.212,1.492,-0.462,0.619,-40.200,32.250,-0.450,37.0
16:36:26.080,2272514,3.802,5.492,-7.932,1.568,-0.125,0.532,-37.650,22.350,-10.500,37.1
16:36:26.133,2272568,4.556,3.776,-8.456,1.361,-0.419,0.549,-37.650,22.350,-10.500,37.5
16:36:26.186,2272622,4.458,3.443,-7.891,1.276,-0.339,0.391,-37.650,22.350,-10.500,37.2
16:36:26.238,2272676,3.510,2.981,-8.641,1.314,-0.171,0.458,-37.650,22.350,-10.500,37.1
16:36:26.291,2272730,2.770,1.506,-8.080,1.056,-0.339,0.517,-37.650,22.350,-10.500,37.2
16:36:26.343,2272784,3.610,1.008,-8.107,1.080,0.047,0.428,-37.650,22.350,-10.500,37.0
16:36:26.447,2272838,4.183,-0.062,-8.112,0.758,-0.227,0.351,-37.650,22.350,-10.500,37.0
16:36:26.500,2272892,2.837,0.826,-7.685,0.900,0.091,0.365,-37.650,22.350,-10.500,37.0
16:36:26.552,2272946,3.206,-1.437,-8.131,0.459,-0.174,0.411,-37.650,22.350,-10.500,37.0
16:36:26.605,2273000,2.485,-1.453,-7.278,0.395,0.049,0.275,-23.850,-11.250,-18.450,37.3
16:36:26.659,2273054,3.287,-2.138,-8.045,0.167,0.057,0.060,-23.850,-11.250,-18.450,37.2
16:36:26.710,2273108,3.218,-2.435,-8.447,0.125,-0.157,-0.164,-21.450,-12.750,-16.950,37.3
16:36:26.762,2273162,3.002,-0.563,-8.789,0.078,0.149,-0.187,-21.450,-12.750,-16.950,37.1
16:36:26.817,2273216,2.634,-1.219,-8.607,-0.165,0.014,-0.273,-25.050,-12.450,-17.700,37.2
16:36:26.868,2273270,3.572,-1.429,-8.741,-0.172,0.011,-0.165,-25.050,-12.450,-17.700,37.1
16:36:26.920,2273324,2.954,-0.702,-8.995,-0.331,-0.196,-0.087,-24.450,-10.350,-16.800,37.0
16:36:26.973,2273378,2.938,-1.448,-9.713,-0.210,0.101,-0.026,-24.450,-10.350,-16.800,37.1
16:36:27.025,2273432,3.141,-0.912,-9.155,-0.204,-0.072,0.019,-25.950,-10.800,-17.550,37.1
16:36:27.078,2273486,3.014,-1.267,-9.459,-0.197,-0.025,-0.024,-25.950,-10.800,-17.550,37.1
16:36:27.130,2273540,3.115,-1.046,-8.973,-0.157,0.070,-0.054,-24.600,-10.200,-18.450,37.1
16:36:27.183,2273594,3.326,-0.939,-8.420,-0.205,0.087,-0.136,-24.600,-10.200,-18.450,37.3
16:36:27.235,2273648,3.455,-0.797,-8.504,-0.258,0.183,-0.132,-26.400,-9.300,-15.300,37.3
16:36:27.287,2273702,3.326,-0.388,-7.875,-0.407,0.089,-0.192,-28.200,-6.300,-18.000,37.1
16:36:27.340,2273756,3.326,0.045,-8.143,-0.581,-0.034,-0.232,-28.200,-6.300,-18.000,37.0
16:36:27.392,2273810,3.546,0.201,-8.238,-0.729,-0.027,-0.274,-29.250,-4.800,-16.950,37.3
16:36:27.445,2273864,3.412,0.943,-7.647,-0.760,0.125,-0.370,-29.250,-4.800,-16.950,36.9
16:36:27.498,2273918,3.764,1.319,-8.792,-0.880,0.082,-0.352,-32.400,0.150,-18.000,37.2
16:36:27.551,2273972,3.955,1.391,-8.370,-0.930,0.116,-0.433,-32.400,0.150,-18.000,37.1
16:36:27.603,2274026,3.828,2.634,-8.562,-0.971,0.099,-0.415,-33.750,4.650,-15.300,37.1
16:36:27.655,2274080,3.936,2.710,-8.380,-1.109,-0.167,-0.362,-33.750,4.650,-15.300,37.1
16:36:27.707,2274134,3.991,3.428,-8.995,-1.200,-0.143,-0.403,-35.550,11.700,-14.700,37.3
16:36:27.760,2274188,3.108,4.401,-8.756,-1.087,0.013,-0.373,-35.550,11.700,-14.700,37.2
16:36:27.812,2274242,4.001,4.499,-9.026,-1.093,-0.035,-0.267,-36.450,20.550,-12.300,37.0
16:36:27.865,2274296,3.239,5.301,-8.121,-1.113,0.135,-0.285,-36.450,20.550,-12.300,37.1
16:36:27.917,2274350,4.350,5.047,-7.726,-1.089,0.046,-0.300,-38.250,24.600,-8.550,37.3
16:36:27.970,2274404,3.232,5.988,-8.270,-1.126,0.053,-0.307,-40.200,30.450,-1.200,37.1
16:36:28.022,2274458,3.931,6.098,-6.546,-1.109,-0.048,-0.407,-40.200,30.450,-1.200,37.1
16:36:28.075,2274512,4.154,6.718,-6.704,-0.877,0.621,-0.387,-41.550,37.050,2.850,37.4
16:36:28.127,2274566,3.565,7.156,-6.785,-1.040,-0.058,-0.332,-41.550,37.050,2.850,37.1
16:36:28.180,2274620,3.515,7.683,-5.466,-0.960,0.315,-0.242,-41.550,37.050,2.850,37.1
16:36:28.232,2274674,2.768,7.539,-5.978,-1.000,0.210,-0.247,-41.550,37.050,2.850,36.8
16:36:28.339,2274728,2.926,8.547,-4.561,-1.103,0.111,-0.307,-41.550,37.050,2.850,37.3
16:36:28.391,2274782,3.826,8.013,-5.473,-0.971,0.068,-0.368,-41.550,37.050,2.850,37.0
16:36:28.444,2274836,3.376,8.523,-4.702,-0.921,-0.203,-0.258,-41.550,37.050,2.850,37.1
16:36:28.496,2274890,3.175,8.689,-4.733,-0.662,0.042,-0.269,-41.550,37.050,2.850,37.3
16:36:28.548,2274944,2.789,8.803,-4.683,-0.725,-0.251,-0.217,-41.550,37.050,2.850,37.2
16:36:28.600,2274998,2.840,8.875,-3.677,-0.619,-0.265,-0.170,-41.550,37.050,2.850,37.1
16:36:28.653,2275052,2.555,8.705,-3.730,-0.609,-0.325,-0.135,-41.550,37.050,2.850,37.2
16:36:28.706,2275106,2.224,8.981,-3.282,-0.585,-0.486,-0.089,-40.050,36.000,33.150,37.0
16:36:28.758,2275160,2.502,9.134,-2.923,-0.468,-0.362,-0.121,-40.050,36.000,33.150,36.9
16:36:28.810,2275214,2.308,9.213,-2.444,-0.467,-0.385,-0.040,-39.750,35.850,33.450,37.1
16:36:28.863,2275268,2.260,9.273,-2.540,-0.443,-0.307,0.027,-39.750,35.850,33.450,37.1
16:36:28.915,2275322,2.545,9.337,-2.179,-0.362,-0.116,0.042,-40.650,35.850,31.950,37.2
16:36:28.968,2275376,2.148,9.388,-2.203,-0.352,-0.133,0.006,-40.650,35.850,31.950,37.0
16:36:29.020,2275430,2.782,9.369,-2.370,-0.352,-0.252,0.025,-40.050,34.650,33.150,37.2
16:36:29.072,2275484,2.672,9.191,-2.207,-0.129,0.063,0.035,-40.050,34.650,33.150,37.2
16:36:29.125,2275538,2.140,9.428,-2.346,-0.082,-0.015,0.052,-39.600,33.900,33.600,37.0
16:36:29.179,2275592,2.301,9.390,-2.535,0.050,0.089,0.053,-39.600,33.900,33.600,37.0
16:36:29.230,2275646,1.939,9.416,-2.622,0.150,0.054,0.021,-40.350,33.900,33.150,37.2
16:36:29.283,2275700,2.368,9.582,-3.371,0.291,0.075,0.034,-39.450,33.300,33.750,37.1
16:36:29.335,2275754,2.722,9.450,-3.790,0.446,-0.125,0.006,-39.450,33.300,33.750,37.2
16:36:29.388,2275808,2.083,9.924,-4.480,0.663,-0.183,0.086,-41.700,35.550,31.200,37.1
16:36:29.441,2275862,2.756,9.505,-4.360,0.873,-0.152,0.063,-41.700,35.550,31.200,37.1
16:36:29.494,2275916,2.626,9.708,-4.568,1.083,-0.120,0.125,-41.100,39.300,30.600,37.2
16:36:29.546,2275970,2.653,10.104,-5.557,1.177,-0.079,0.123,-41.100,39.300,30.600,37.3
16:36:29.597,2276024,2.243,9.646,-7.460,1.334,-0.380,0.369,-39.600,42.150,22.200,37.0
16:36:29.650,2276078,2.849,8.705,-6.531,1.776,-0.331,0.335,-39.600,42.150,22.200,37.2
16:36:29.702,2276132,2.988,8.282,-7.199,1.763,-0.378,0.256,-38.100,41.850,11.250,37.2
16:36:29.755,2276186,3.517,7.724,-5.974,1.907,-0.139,0.346,-38.100,41.850,11.250,37.2
16:36:29.807,2276240,3.814,6.938,-8.622,1.697,-0.662,0.357,-35.100,36.600,-2.700,37.1
16:36:29.860,2276294,2.203,6.072,-7.673,1.854,-0.414,0.550,-35.100,36.600,-2.700,37.0
16:36:29.912,2276348,3.929,4.805,-8.701,1.760,-0.341,0.349,-31.650,27.900,-13.950,37.2
16:36:29.965,2276402,3.134,4.602,-8.507,1.784,-0.332,0.140,-27.000,16.050,-18.450,37.4
16:36:30.017,2276456,2.397,4.254,-7.362,1.725,-0.043,0.367,-27.000,16.050,-18.450,37.0
16:36:30.070,2276510,3.436,3.321,-6.505,1.438,-0.226,0.355,-21.750,5.700,-19.650,37.0
16:36:30.122,2276564,1.458,1.499,-8.837,1.145,-0.169,0.338,-21.750,5.700,-19.650,37.2
16:36:30.229,2276618,1.561,-0.043,-8.188,1.033,0.038,0.225,-19.500,-4.050,-19.500,37.0
16:36:30.281,2276672,1.927,0.357,-9.110,0.842,-0.222,0.144,-19.500,-4.050,-19.500,37.1
16:36:30.334,2276726,1.731,0.769,-6.950,0.786,0.012,0.099,-19.500,-4.050,-19.500,37.1
16:36:30.386,2276780,2.028,-1.003,-8.588,0.504,-0.217,0.009,-19.500,-4.050,-19.500,37.3
16:36:30.491,2276834,2.514,-2.042,-7.992,0.520,0.100,0.088,-19.500,-4.050,-19.500,37.1
16:36:30.492,2276888,2.073,-0.833,-7.769,0.220,-0.105,0.025,-19.500,-4.050,-19.500,37.3
16:36:30.544,2276942,1.283,-2.844,-8.380,0.123,0.048,0.119,-19.500,-4.050,-19.500,36.8
16:36:30.596,2276996,2.619,-2.385,-8.724,0.156,0.225,-0.025,-19.500,-4.050,-19.500,37.1
16:36:30.647,2277050,1.841,-1.745,-9.438,-0.114,-0.073,0.054,-19.500,-4.050,-19.500,36.9
16:36:30.700,2277104,1.994,-1.678,-8.188,-0.099,-0.009,-0.103,-15.300,-16.050,-19.500,37.0
16:36:30.754,2277158,3.225,-1.434,-9.067,-0.239,-0.149,-0.036,-15.300,-16.050,-19.500,37.1
16:36:30.806,2277212,2.124,-1.757,-9.527,-0.197,-0.046,-0.028,-15.750,-14.850,-19.050,37.2
16:36:30.857,2277266,2.193,-2.107,-9.196,-0.098,0.237,0.045,-15.750,-14.850,-19.050,37.2
16:36:30.910,2277320,2.638,-1.472,-8.619,-0.315,-0.075,-0.006,-16.650,-13.950,-20.700,37.2
16:36:30.963,2277374,1.935,-2.025,-8.538,-0.338,0.121,0.005,-16.650,-13.950,-20.700,37.2
16:36:31.016,2277428,1.994,-1.477,-6.867,-0.475,0.282,-0.061,-16.650,-13.350,-18.900,37.1
16:36:31.069,2277482,1.990,-0.215,-6.677,-0.772,0.310,-0.073,-16.650,-13.350,-18.900,37.1
16:36:31.120,2277536,2.126,0.383,-6.905,-1.126,0.415,-0.178,-21.150,-8.100,-20.550,37.2
16:36:31.173,2277590,3.261,0.467,-8.052,-1.217,0.493,-0.256,-21.150,-8.100,-20.550,37.2
16:36:31.226,2277644,3.187,0.939,-8.305,-1.390,0.445,-0.399,-25.200,-3.600,-20.700,37.0
16:36:31.279,2277698,3.598,2.806,-8.186,-1.474,0.334,-0.487,-25.200,-3.600,-20.700,37.1
16:36:31.331,2277752,4.082,2.655,-8.885,-1.621,0.307,-0.526,-30.450,5.850,-18.450,37.2
16:36:31.384,2277806,3.955,3.666,-8.361,-1.498,0.483,-0.528,-33.750,15.750,-14.250,37.0
16:36:31.436,2277860,3.527,4.767,-8.452,-1.533,0.316,-0.449,-33.750,15.750,-14.250,37.2
16:36:31.488,2277914,3.117,5.969,-7.946,-1.574,0.345,-0.504,-39.600,24.450,-11.250,37.2
16:36:31.541,2277968,4.475,6.199,-8.964,-1.514,0.509,-0.701,-39.600,24.450,-11.250,37.1
16:36:31.594,2278022,4.420,7.456,-7.298,-1.378,0.453,-0.711,-41.550,33.150,0.000,37.3
16:36:31.645,2278076,5.248,6.819,-7.714,-1.332,0.222,-0.648,-41.550,33.150,0.000,37.3
16:36:31.698,2278130,3.960,7.147,-6.232,-1.090,0.451,-0.577,-44.250,40.350,7.200,37.2
16:36:31.751,2278184,3.941,7.693,-6.807,-1.049,0.174,-0.494,-44.250,40.350,7.200,37.2
16:36:31.802,2278238,4.089,8.030,-5.499,-0.960,0.246,-0.452,-45.450,41.850,16.350,37.2
16:36:31.855,2278292,3.871,8.327,-5.181,-0.905,0.059,-0.447,-45.450,41.850,16.350,37.0
16:36:31.908,2278346,3.630,8.655,-4.317,-0.803,0.105,-0.415,-42.150,43.800,23.100,37.2
16:36:31.962,2278400,3.385,8.502,-4.283,-0.755,0.060,-0.335,-41.400,42.300,27.600,37.2
16:36:32.014,2278454,2.567,9.062,-3.792,-0.821,-0.152,-0.266,-41.400,42.300,27.600,37.2
16:36:32.118,2278508,2.998,8.705,-3.266,-0.737,-0.200,-0.184,-41.550,41.100,32.850,37.2
16:36:32.170,2278562,3.014,9.002,-3.333,-0.659,-0.196,-0.185,-41.550,41.100,32.850,37.2
16:36:32.223,2278616,2.911,9.199,-2.703,-0.663,-0.338,-0.146,-40.350,41.400,35.700,37.2
16:36:32.276,2278670,2.722,9.395,-2.411,-0.664,-0.419,-0.100,-40.350,41.400,35.700,37.0
16:36:32.329,2278724,2.512,9.392,-1.901,-0.537,-0.224,-0.037,-40.350,41.400,35.700,36.9
16:36:32.381,2278778,2.540,9.232,-2.421,-0.532,-0.258,-0.018,-40.350,41.400,35.700,37.0
16:36:32.434,2278832,2.535,9.380,-1.867,-0.487,-0.268,0.003,-40.350,41.400,35.700,37.3
16:36:32.486,2278886,2.140,9.675,-2.066,-0.464,-0.353,0.016,-40.350,41.400,35.700,37.2
16:36:32.539,2278940,1.841,9.079,-0.998,-0.249,-0.102,0.073,-40.350,41.400,35.700,37.2
16:36:32.591,2278994,1.805,9.249,-1.283,-0.260,-0.272,0.133,-40.350,41.400,35.700,37.0
16:36:32.642,2279048,2.385,8.830,-0.934,-0.277,-0.278,0.052,-40.350,41.400,35.700,37.2
16:36:32.695,2279102,2.500,10.197,-0.565,-0.188,-0.188,-0.118,-40.350,41.400,35.700,37.1
16:36:32.748,2279156,1.985,9.981,-0.814,-0.139,-0.195,-0.098,-40.350,41.400,35.700,37.1
16:36:32.854,2279210,1.662,8.940,-0.656,-0.171,-0.026,0.200,-40.950,33.300,34.800,37.2
16:36:32.855,2279264,2.598,9.100,-1.061,-0.275,-0.104,0.095,-40.950,33.300,34.800,37.3
16:36:32.905,2279318,2.794,9.448,-0.582,-0.162,-0.039,-0.108,-41.100,29.550,36.150,37.3
16:36:32.958,2279372,2.693,9.464,-1.216,-0.063,-0.072,-0.063,-41.100,29.550,36.150,37.2
16:36:33.011,2279426,2.411,9.426,-1.398,0.118,-0.008,-0.011,-39.150,30.600,34.650,36.9
16:36:33.064,2279480,2.442,9.668,-1.870,0.304,-0.046,0.022,-39.150,30.600,34.650,37.3
16:36:33.116,2279534,2.591,9.586,-2.504,0.462,0.059,0.033,-40.050,30.900,33.900,37.2
16:36:33.168,2279588,2.437,10.036,-3.369,0.704,0.003,-0.012,-40.050,30.900,33.900,37.4
16:36:33.221,2279642,2.248,10.477,-3.821,0.972,0.221,0.055,-42.600,33.000,35.250,37.2
16:36:33.273,2279696,2.708,10.333,-4.554,1.186,0.047,0.038,-42.600,33.000,35.250,37.1
16:36:33.326,2279750,2.401,9.438,-4.477,1.439,0.133,0.160,-43.050,34.950,33.900,37.0
16:36:33.378,2279804,3.505,9.960,-5.801,1.683,-0.026,0.220,-42.000,41.100,26.550,37.2
16:36:33.431,2279858,3.053,9.543,-5.507,1.760,-0.028,0.318,-42.000,41.100,26.550,37.1
16:36:33.484,2279912,2.964,9.313,-5.698,1.847,-0.016,0.425,-40.200,44.550,15.900,37.1
16:36:33.535,2279966,3.431,8.818,-5.590,1.805,-0.038,0.503,-40.200,44.550,15.900,37.2
16:36:33.588,2280020,3.575,7.573,-6.931,1.717,-0.341,0.524,-40.950,39.450,3.000,37.4
16:36:33.641,2280074,4.357,6.551,-5.954,1.814,0.140,0.548,-40.950,39.450,3.000,37.1
16:36:33.693,2280128,3.701,6.211,-7.719,1.520,-0.437,0.648,-37.350,28.800,-8.400,37.0
16:36:33.746,2280182,3.728,5.624,-6.792,1.582,0.163,0.661,-37.350,28.800,-8.400,37.2
16:36:33.799,2280236,4.037,2.837,-8.425,1.373,-0.361,0.637,-36.450,20.100,-13.050,37.1
16:36:33.851,2280290,4.073,2.880,-7.985,1.297,0.045,0.327,-36.450,20.100,-13.050,37.1
16:36:33.904,2280344,3.833,1.963,-8.768,1.274,0.272,0.253,-33.000,10.050,-16.350,37.0
16:36:34.008,2280398,2.567,2.284,-7.738,1.105,0.042,0.298,-33.000,10.050,-16.350,37.2
16:36:34.061,2280452,3.859,2.140,-8.286,0.980,-0.035,0.490,-31.500,2.850,-17.100,37.2
16:36:34.114,2280506,3.814,0.395,-8.176,0.894,0.050,0.516,-26.400,-2.850,-18.900,37.3
16:36:34.166,2280560,2.497,0.429,-8.452,0.542,-0.292,0.564,-26.400,-2.850,-18.900,37.1
16:36:34.218,2280614,3.871,-0.558,-7.642,0.633,0.121,0.316,-25.650,-9.600,-18.600,36.9
16:36:34.271,2280668,2.363,-0.596,-8.234,0.355,-0.376,0.274,-25.650,-9.600,-18.600,37.2
16:36:34.324,2280722,2.928,-1.774,-7.685,0.383,-0.046,0.199,-24.900,-11.100,-18.150,37.2
16:36:34.376,2280776,2.861,-1.642,-7.400,0.135,-0.087,0.153,-24.900,-11.100,-18.150,37.2
16:36:34.429,2280830,3.251,-1.573,-7.547,0.045,-0.027,-0.062,-24.900,-11.100,-18.150,37.1
16:36:34.481,2280884,4.379,-1.791,-7.705,-0.080,0.309,-0.007,-24.900,-11.100,-18.150,37.2
16:36:34.534,2280938,2.605,-1.597,-7.855,-0.250,0.076,-0.071,-24.900,-11.100,-18.150,37.3
16:36:34.586,2280992,4.005,-2.607,-8.633,-0.271,0.365,-0.212,-24.900,-11.100,-18.150,36.9
16:36:34.639,2281046,3.460,-1.267,-8.811,-0.420,-0.261,-0.198,-24.900,-11.100,-18.150,37.2
16:36:34.690,2281100,2.734,-0.915,-8.602,-0.288,0.218,-0.121,-24.900,-11.100,-18.150,37.2
16:36:34.742,2281154,3.440,-0.900,-7.669,-0.515,-0.156,-0.155,-24.900,-11.100,-18.150,37.2
16:36:34.795,2281208,3.445,-1.039,-8.114,-0.563,0.102,-0.245,-26.700,-8.550,-17.850,37.1
16:36:34.848,2281262,3.563,-0.639,-8.092,-0.722,0.008,-0.400,-26.700,-8.550,-17.850,37.2
16:36:34.901,2281316,3.191,0.117,-8.543,-0.757,0.082,-0.345,-30.300,-3.900,-17.850,37.2
16:36:34.952,2281370,3.692,0.414,-8.346,-0.770,0.174,-0.388,-30.300,-3.900,-17.850,37.3
16:36:35.005,2281424,4.185,1.202,-8.811,-0.895,0.039,-0.377,-33.450,-0.300,-18.600,37.1
16:36:35.058,2281478,4.202,1.738,-8.978,-0.883,0.133,-0.376,-33.450,-0.300,-18.600,36.9
16:36:35.110,2281532,4.192,1.815,-8.521,-0.901,0.189,-0.351,-35.700,5.700,-18.600,37.2
16:36:35.163,2281586,4.515,2.143,-8.092,-0.914,0.286,-0.417,-35.700,5.700,-18.600,37.0
16:36:35.215,2281640,5.148,2.782,-8.344,-0.927,0.081,-0.407,-39.000,9.450,-13.950,37.1
16:36:35.269,2281694,3.575,3.496,-8.760,-0.895,0.424,-0.325,-39.000,9.450,-13.950,37.1
16:36:35.374,2281748,4.707,4.563,-7.523,-0.927,0.289,-0.350,-41.400,16.350,-12.900,37.2
16:36:35.426,2281802,4.786,4.288,-8.533,-0.962,0.157,-0.432,-43.650,21.450,-10.050,37.3
16:36:35.427,2281856,4.216,5.112,-7.681,-0.924,0.296,-0.476,-43.650,21.450,-10.050,37.1
16:36:35.479,2281910,4.978,5.279,-6.804,-0.926,0.176,-0.487,-43.500,29.100,-4.350,37.1
16:36:35.531,2281964,5.229,5.825,-6.828,-0.964,0.137,-0.463,-43.500,29.100,-4.350,37.0
16:36:35.584,2282018,4.391,6.251,-6.931,-0.982,0.037,-0.541,-45.300,34.350,3.750,37.1
16:36:35.636,2282072,4.415,6.742,-5.653,-0.979,0.324,-0.459,-45.300,34.350,3.750,37.1
16:36:35.688,2282126,4.860,6.946,-5.993,-0.953,0.158,-0.294,-45.600,37.350,11.850,37.2
16:36:35.740,2282180,4.515,7.204,-5.181,-0.933,0.120,-0.263,-45.600,37.350,11.850,37.3
16:36:35.794,2282234,4.410,7.628,-5.179,-0.954,0.197,-0.290,-44.250,40.050,17.850,37.2
16:36:35.899,2282288,4.671,7.731,-5.028,-0.975,-0.096,-0.259,-44.250,40.050,17.850,37.0
16:36:35.951,2282342,3.670,8.480,-4.506,-1.017,-0.256,-0.265,-43.650,40.200,24.300,37.0
16:36:36.055,2282396,3.903,8.262,-4.008,-0.879,-0.097,-0.200,-43.650,40.200,24.300,37.1
16:36:36.056,2282450,3.594,8.389,-4.410,-0.848,-0.206,-0.238,-44.700,38.550,29.550,37.2
16:36:36.109,2282504,4.140,8.626,-3.484,-0.752,-0.385,-0.174,-43.500,37.050,32.100,37.1
16:36:36.161,2282558,3.033,9.143,-3.570,-0.757,-0.324,-0.208,-43.500,37.050,32.100,37.2
16:36:36.213,2282612,3.065,8.844,-3.129,-0.703,-0.472,-0.191,-43.500,33.150,34.650,37.3
16:36:36.266,2282666,3.021,8.751,-2.883,-0.595,-0.114,-0.251,-43.500,33.150,34.650,37.0
16:36:36.318,2282720,2.725,9.019,-2.648,-0.608,-0.427,-0.221,-43.500,33.150,34.650,37.0
16:36:36.370,2282774,3.053,9.524,-2.066,-0.556,-0.355,-0.171,-43.500,33.150,34.650,37.2
16:36:36.422,2282828,2.887,9.481,-2.078,-0.706,-0.666,-0.092,-43.500,33.150,34.650,37.0
16:36:36.475,2282882,3.754,9.153,-0.735,-0.392,-0.025,0.048,-43.500,33.150,34.650,36.9
16:36:36.528,2282936,2.830,8.854,-2.318,-0.327,-0.352,0.022,-43.500,33.150,34.650,37.2
16:36:36.581,2282990,2.777,9.110,-1.367,-0.299,-0.153,-0.020,-43.500,33.150,34.650,37.1
16:36:36.634,2283044,2.902,9.371,-1.372,-0.216,-0.216,-0.020,-43.500,33.150,34.650,37.0
16:36:36.685,2283098,2.878,9.254,-1.769,-0.160,-0.246,-0.014,-41.400,28.200,33.450,37.3
16:36:36.737,2283152,2.523,9.376,-1.425,-0.056,-0.110,0.019,-41.400,28.200,33.450,37.2
16:36:36.790,2283206,2.801,9.266,-1.817,-0.007,-0.113,0.031,-41.700,28.950,31.200,37.3
16:36:36.843,2283260,2.789,9.395,-1.518,0.126,0.147,0.027,-41.700,28.950,31.200,37.0
16:36:36.895,2283314,2.911,9.330,-1.800,0.126,-0.099,0.036,-40.800,29.100,33.150,37.1
16:36:36.947,2283368,2.890,9.127,-1.518,0.211,0.037,0.032,-40.800,29.100,33.150,37.1
16:36:37.001,2283422,2.964,8.839,-1.432,0.229,0.050,0.023,-40.950,28.650,34.500,37.2
16:36:37.052,2283476,2.567,9.139,-1.207,0.308,0.294,0.049,-40.950,28.650,34.500,37.0
16:36:37.105,2283530,2.602,9.160,-1.755,0.288,0.229,0.001,-40.950,30.750,34.500,37.2
16:36:37.159,2283584,2.665,9.596,-1.803,0.309,0.370,-0.038,-40.950,30.750,34.500,37.2
16:36:37.210,2283638,2.346,9.507,-2.447,0.265,0.226,0.025,-42.900,30.750,34.050,37.2
16:36:37.263,2283692,2.995,9.342,-3.156,0.367,0.308,0.116,-42.900,30.750,34.050,37.0
16:36:37.315,2283746,3.871,8.825,-3.065,0.513,0.243,0.144,-42.300,32.700,35.400,37.0
16:36:37.368,2283800,2.964,9.014,-4.295,0.616,-0.110,0.188,-42.750,35.250,32.850,37.2
16:36:37.420,2283854,3.833,9.263,-3.936,0.781,0.056,0.240,-42.750,35.250,32.850,37.1
16:36:37.472,2283908,3.826,9.024,-4.721,0.915,-0.154,0.312,-42.600,36.600,32.700,37.2
16:36:37.525,2283962,4.216,8.741,-4.810,1.041,-0.165,0.346,-42.600,36.600,32.700,37.1
16:36:37.579,2284016,2.878,8.768,-6.534,1.085,-0.589,0.369,-42.750,38.250,24.000,37.2
16:36:37.630,2284070,4.544,8.370,-5.272,1.348,-0.144,0.415,-42.750,38.250,24.000,36.9
16:36:37.683,2284124,4.276,8.073,-7.178,1.374,-0.406,0.426,-43.500,40.350,13.500,37.1
16:36:37.788,2284178,4.015,7.290,-5.734,1.434,-0.489,0.555,-43.500,40.350,13.500,37.0
16:36:37.840,2284232,3.594,6.412,-8.289,1.557,-0.388,0.574,-41.700,35.550,0.450,37.0
16:36:37.892,2284286,4.173,5.629,-6.555,1.537,-0.389,0.434,-41.700,35.550,0.450,37.0
16:36:37.947,2284340,3.440,5.804,-8.224,1.487,-0.422,0.415,-38.400,27.000,-7.200,37.0
16:36:37.997,2284394,3.340,4.894,-9.112,1.347,-0.799,0.628,-38.400,27.000,-7.200,37.0
16:36:38.050,2284448,3.306,3.768,-7.120,1.573,-0.184,0.557,-35.100,17.100,-13.650,37.1
16:36:38.103,2284502,4.544,4.128,-8.124,1.355,-0.289,0.262,-30.450,8.400,-18.750,37.3
16:36:38.156,2284556,3.251,2.327,-7.590,1.207,-0.111,0.313,-30.450,8.400,-18.750,37.1
16:36:38.209,2284610,3.048,2.284,-8.473,1.055,-0.398,0.516,-30.450,8.400,-18.750,37.1
16:36:38.260,2284664,1.906,0.579,-8.815,0.767,-0.704,0.634,-30.450,8.400,-18.750,37.0
16:36:38.313,2284718,3.285,0.644,-7.281,0.863,-0.256,0.305,-30.450,8.400,-18.750,37.1
16:36:38.366,2284772,3.785,-1.125,-8.301,0.709,-0.541,0.191,-30.450,8.400,-18.750,37.1
16:36:38.418,2284826,2.155,-0.122,-7.005,0.547,-0.468,0.222,-30.450,8.400,-18.750,37.3
16:36:38.470,2284880,1.817,-1.381,-7.889,0.308,-0.188,0.119,-30.450,8.400,-18.750,37.2
16:36:38.522,2284934,1.836,-2.595,-8.571,0.351,0.161,-0.008,-30.450,8.400,-18.750,37.2
16:36:38.575,2284988,2.430,-1.245,-8.147,0.150,0.259,-0.022,-30.450,8.400,-18.750,37.3
16:36:38.627,2285042,2.138,-1.765,-8.708,-0.116,-0.032,-0.027,-30.450,8.400,-18.750,37.2
16:36:38.680,2285096,1.784,-1.925,-9.728,-0.067,-0.103,-0.168,-30.450,8.400,-18.750,36.9
16:36:38.732,2285150,2.265,-1.575,-8.837,0.149,0.231,0.030,-18.000,-14.250,-19.050,37.0
16:36:38.785,2285204,2.308,-1.642,-9.225,-0.095,-0.120,0.044,-19.800,-14.400,-18.900,37.1
16:36:38.837,2285258,2.686,-2.665,-9.366,0.049,0.124,0.024,-19.800,-14.400,-18.900,37.1
16:36:38.890,2285312,1.597,-2.021,-9.670,-0.081,0.017,0.054,-17.850,-12.900,-19.350,37.1
16:36:38.942,2285366,2.253,-1.279,-8.612,-0.126,0.208,-0.036,-17.850,-12.900,-19.350,37.2
16:36:38.995,2285420,3.395,-1.968,-9.100,-0.184,0.218,0.000,-18.450,-14.550,-18.750,37.3
16:36:39.047,2285474,2.545,-1.118,-8.231,-0.241,0.138,-0.007,-18.450,-14.550,-18.750,37.1
16:36:39.100,2285528,2.950,-1.372,-8.566,-0.362,0.100,-0.046,-21.300,-13.650,-18.900,36.9
16:36:39.154,2285582,2.607,-1.125,-8.358,-0.438,0.089,-0.074,-21.300,-13.650,-18.900,37.0
16:36:39.206,2285636,2.863,-1.209,-8.231,-0.508,0.164,-0.061,-21.450,-10.950,-19.500,37.1
16:36:39.258,2285690,2.868,0.134,-7.582,-0.697,0.191,-0.192,-21.450,-10.950,-19.500,37.2
16:36:39.311,2285744,3.165,-0.168,-8.583,-0.851,0.284,-0.304,-23.850,-8.400,-19.500,37.1
16:36:39.364,2285798,3.421,0.546,-8.138,-1.021,0.156,-0.387,-26.700,-3.900,-20.100,37.6
16:36:39.416,2285852,3.936,1.161,-9.048,-1.008,0.442,-0.466,-26.700,-3.900,-20.100,37.3
16:36:39.469,2285906,3.646,1.788,-8.296,-1.140,0.209,-0.538,-31.050,3.600,-19.650,37.2
16:36:39.521,2285960,3.907,2.040,-8.808,-1.065,0.342,-0.460,-31.050,3.600,-19.650,37.0
16:36:39.572,2286014,3.675,2.488,-7.731,-0.996,0.389,-0.370,-32.850,10.500,-17.700,36.9
16:36:39.677,2286068,4.939,2.895,-8.724,-0.992,0.378,-0.428,-32.850,10.500,-17.700,37.1
16:36:39.731,2286122,4.415,3.764,-8.576,-1.080,0.215,-0.430,-35.400,16.200,-12.750,37.2
16:36:39.783,2286176,4.118,4.420,-8.313,-0.993,0.219,-0.363,-35.400,16.200,-12.750,37.4
16:36:39.835,2286230,4.963,4.322,-8.145,-0.947,0.309,-0.409,-39.600,23.400,-9.750,37.1
16:36:39.887,2286284,3.982,6.357,-7.015,-0.907,0.414,-0.292,-39.600,23.400,-9.750,37.2
16:36:39.940,2286338,5.155,5.270,-7.125,-0.956,0.415,-0.424,-42.000,27.000,-5.100,37.3
16:36:39.992,2286392,5.080,5.880,-7.717,-0.923,0.268,-0.484,-42.000,27.000,-5.100,37.2
16:36:40.100,2286446,4.908,6.713,-7.058,-0.803,0.384,-0.449,-44.250,31.650,2.550,37.0
16:36:40.101,2286500,4.290,6.788,-6.737,-0.833,0.278,-0.363,-46.200,35.700,9.000,37.0
16:36:40.152,2286554,3.826,6.630,-6.031,-0.755,0.258,-0.316,-46.200,35.700,9.000,37.1
16:36:40.204,2286608,4.805,7.161,-5.701,-0.705,0.304,-0.276,-46.350,39.150,13.950,37.1
16:36:40.256,2286662,4.417,7.537,-5.198,-0.719,0.122,-0.294,-46.350,39.150,13.950,37.2
16:36:40.308,2286716,4.231,7.949,-4.676,-0.699,0.212,-0.258,-46.350,39.150,13.950,37.0
16:36:40.360,2286770,4.195,7.623,-4.750,-0.718,-0.112,-0.208,-46.350,39.150,13.950,37.2
16:36:40.412,2286824,4.211,7.731,-4.025,-0.646,0.289,-0.223,-46.350,39.150,13.950,37.4
16:36:40.465,2286878,4.020,7.997,-4.195,-0.602,0.058,-0.175,-46.350,39.150,13.950,37.1
16:36:40.517,2286932,4.003,8.210,-4.130,-0.634,0.019,-0.215,-46.350,39.150,13.950,37.1
16:36:40.570,2286986,4.044,8.471,-3.855,-0.578,0.014,-0.235,-46.350,39.150,13.950,37.2
16:36:40.622,2287040,3.883,8.454,-3.115,-0.563,-0.132,-0.172,-46.350,39.150,13.950,37.3
16:36:40.675,2287094,3.613,8.645,-3.534,-0.541,-0.193,-0.182,-46.350,39.150,13.950,37.2
16:36:40.728,2287148,3.938,8.492,-2.813,-0.460,-0.047,-0.197,-42.750,34.650,32.400,37.1
16:36:40.781,2287202,3.505,9.129,-2.976,-0.488,-0.232,-0.169,-42.300,35.700,32.850,37.1
16:36:40.834,2287256,3.232,8.746,-2.270,-0.484,-0.296,-0.114,-42.300,35.700,32.850,37.2
16:36:40.885,2287310,3.613,8.964,-2.289,-0.417,-0.293,-0.112,-42.900,32.250,35.550,37.2
16:36:40.938,2287364,3.290,8.887,-2.263,-0.415,-0.313,-0.089,-42.900,32.250,35.550,37.2
16:36:40.990,2287418,2.962,9.093,-2.203,-0.374,-0.411,-0.082,-41.100,32.100,35.400,37.1
16:36:41.044,2287472,3.318,8.995,-2.100,-0.304,-0.277,-0.035,-41.100,32.100,35.400,37.1
16:36:41.096,2287526,3.081,9.115,-1.714,-0.281,-0.333,0.032,-41.550,29.850,33.900,37.2
