timestamp,elapsed_ms,accel_x_ms2,accel_y_ms2,accel_z_ms2,gyro_x_rads,gyro_y_rads,gyro_z_rads,mag_x_uT,mag_y_uT,mag_z_uT,temp_c
22:14:07.357,6269306,0.000,0.000,0.000,0.000,0.000,0.000,0.000,0.000,0.000,21.0
22:14:07.410,6269360,0.000,0.000,0.000,0.000,0.000,0.000,0.000,0.000,0.000,21.0
22:14:07.462,6269414,0.000,0.000,0.000,0.000,0.000,0.000,0.000,0.000,0.000,21.0
22:14:07.522,6269468,0.000,0.000,0.000,0.000,0.000,0.000,0.000,0.000,0.000,21.0
22:14:07.574,6269522,0.000,0.000,0.000,0.000,0.000,0.000,0.000,0.000,0.000,21.0
22:14:07.628,6269576,0.000,0.000,0.000,0.000,0.000,0.000,0.000,0.000,0.000,21.0
22:14:07.681,6269630,0.000,0.000,0.000,0.000,0.000,0.000,0.000,0.000,0.000,21.0
22:14:07.734,6269684,0.000,0.000,0.000,0.000,0.000,0.000,0.000,0.000,0.000,21.0
22:14:07.784,6269738,0.000,0.000,0.000,0.000,0.000,0.000,0.000,0.000,0.000,21.0
22:14:07.845,6269792,0.000,0.000,0.000,0.000,0.000,0.000,0.000,0.000,0.000,21.0
22:14:07.897,6269846,0.000,0.000,0.000,0.000,0.000,0.000,0.000,0.000,0.000,21.0
22:14:07.950,6269900,0.000,0.000,0.000,0.000,0.000,0.000,0.000,0.000,0.000,21.0
22:14:08.004,6269954,0.000,0.000,0.000,0.000,0.000,0.000,0.000,0.000,0.000,21.0
22:14:08.064,6270008,0.000,0.000,0.000,0.000,0.000,0.000,0.000,0.000,0.000,21.0
22:14:08.116,6270062,0.000,0.000,0.000,0.000,0.000,0.000,0.000,0.000,0.000,21.0
22:14:08.169,6270116,0.000,0.000,0.000,0.000,0.000,0.000,0.000,0.000,0.000,21.0
22:14:08.221,6270170,0.000,0.000,0.000,0.000,0.000,0.000,0.000,0.000,0.000,21.0
22:14:08.273,6270224,0.000,0.000,0.000,0.000,0.000,0.000,0.000,0.000,0.000,21.0
22:14:08.326,6270278,0.000,0.000,0.000,0.000,0.000,0.000,0.000,0.000,0.000,21.0
22:14:08.391,6270332,0.000,0.000,0.000,0.000,0.000,0.000,0.000,0.000,0.000,21.0
22:14:08.437,6270386,0.000,0.000,0.000,0.000,0.000,0.000,0.000,0.000,0.000,21.0
22:14:08.491,6270440,0.000,0.000,0.000,0.000,0.000,0.000,0.000,0.000,0.000,21.0
22:14:08.543,6270494,0.000,0.000,0.000,0.000,0.000,0.000,0.000,0.000,0.000,21.0
22:14:08.595,6270548,0.000,0.000,0.000,0.000,0.000,0.000,0.000,0.000,0.000,21.0
22:14:08.656,6270602,0.000,0.000,0.000,0.000,0.000,0.000,0.000,0.000,0.000,21.0
22:14:08.710,6270656,0.000,0.000,0.000,0.000,0.000,0.000,0.000,0.000,0.000,21.0
22:14:08.760,6270710,0.000,0.000,0.000,0.000,0.000,0.000,0.000,0.000,0.000,21.0
22:14:08.848,6270764,0.000,0.000,0.000,0.000,0.000,0.000,0.000,0.000,0.000,21.0
22:14:08.902,6270818,0.000,0.000,0.000,0.000,0.000,0.000,0.000,0.000,0.000,21.0
22:14:08.954,6270872,0.000,0.000,0.000,0.000,0.000,0.000,0.000,0.000,0.000,21.0
22:14:09.008,6270926,0.000,0.000,0.000,0.000,0.000,0.000,0.000,0.000,0.000,21.0
22:14:09.060,6270980,0.000,0.000,0.000,0.000,0.000,0.000,0.000,0.000,0.000,21.0
22:14:09.112,6271034,0.000,0.000,0.000,0.000,0.000,0.000,0.000,0.000,0.000,21.0
22:14:09.165,6271088,0.000,0.000,0.000,0.000,0.000,0.000,0.000,0.000,0.000,21.0
22:14:09.217,6271142,0.000,0.000,0.000,0.000,0.000,0.000,0.000,0.000,0.000,21.0
22:14:09.270,6271196,0.000,0.000,0.000,0.000,0.000,0.000,0.000,0.000,0.000,21.0
22:14:09.322,6271250,0.000,0.000,0.000,0.000,0.000,0.000,0.000,0.000,0.000,21.0
22:14:09.374,6271304,0.000,0.000,0.000,0.000,0.000,0.000,0.000,0.000,0.000,21.0
22:14:09.427,6271358,0.000,0.000,0.000,0.000,0.000,0.000,0.000,0.000,0.000,21.0
22:14:09.479,6271412,0.000,0.000,0.000,0.000,0.000,0.000,0.000,0.000,0.000,21.0
22:14:09.532,6271466,0.000,0.000,0.000,0.000,0.000,0.000,0.000,0.000,0.000,21.0
22:14:09.637,6271520,0.000,0.000,0.000,0.000,0.000,0.000,0.000,0.000,0.000,21.0
22:14:09.638,6271574,0.000,0.000,0.000,0.000,0.000,0.000,0.000,0.000,0.000,21.0
22:14:09.690,6271628,0.000,0.000,0.000,0.000,0.000,0.000,0.000,0.000,0.000,21.0
22:14:09.743,6271682,0.000,0.000,0.000,0.000,0.000,0.000,0.000,0.000,0.000,21.0
22:14:09.795,6271736,0.000,0.000,0.000,0.000,0.000,0.000,0.000,0.000,0.000,21.0
22:14:09.846,6271790,0.000,0.000,0.000,0.000,0.000,0.000,0.000,0.000,0.000,21.0
22:14:09.898,6271844,0.000,0.000,0.000,0.000,0.000,0.000,0.000,0.000,0.000,21.0
22:14:09.951,6271898,0.000,0.000,0.000,0.000,0.000,0.000,0.000,0.000,0.000,21.0
22:14:10.005,6271952,0.000,0.000,0.000,0.000,0.000,0.000,0.000,0.000,0.000,21.0
22:14:10.058,6272006,0.000,0.000,0.000,0.000,0.000,0.000,0.000,0.000,0.000,21.0
22:14:10.110,6272060,0.000,0.000,0.000,0.000,0.000,0.000,0.000,0.000,0.000,21.0
22:14:10.214,6272114,0.000,0.000,0.000,0.000,0.000,0.000,0.000,0.000,0.000,21.0
22:14:10.216,6272168,0.000,0.000,0.000,0.000,0.000,0.000,0.000,0.000,0.000,21.0
22:14:10.320,6272222,0.000,0.000,0.000,0.000,0.000,0.000,0.000,0.000,0.000,21.0
22:14:10.372,6272276,0.000,0.000,0.000,0.000,0.000,0.000,0.000,0.000,0.000,21.0
22:14:10.425,6272330,0.000,0.000,0.000,0.000,0.000,0.000,0.000,0.000,0.000,21.0
22:14:10.476,6272384,0.000,0.000,0.000,0.000,0.000,0.000,0.000,0.000,0.000,21.0
22:14:10.529,6272438,0.000,0.000,0.000,0.000,0.000,0.000,0.000,0.000,0.000,21.0
22:14:10.581,6272492,0.000,0.000,0.000,0.000,0.000,0.000,0.000,0.000,0.000,21.0
22:14:10.633,6272546,0.000,0.000,0.000,0.000,0.000,0.000,0.000,0.000,0.000,21.0
22:14:10.688,6272600,0.000,0.000,0.000,0.000,0.000,0.000,0.000,0.000,0.000,21.0
22:14:10.740,6272654,0.000,0.000,0.000,0.000,0.000,0.000,0.000,0.000,0.000,21.0
22:14:10.792,6272708,0.000,0.000,0.000,0.000,0.000,0.000,0.000,0.000,0.000,21.0
22:14:10.895,6272762,0.000,0.000,0.000,0.000,0.000,0.000,0.000,0.000,0.000,21.0
22:14:10.897,6272816,0.000,0.000,0.000,0.000,0.000,0.000,0.000,0.000,0.000,21.0
22:14:10.948,6272870,0.000,0.000,0.000,0.000,0.000,0.000,0.000,0.000,0.000,21.0
22:14:11.001,6272924,0.000,0.000,0.000,0.000,0.000,0.000,0.000,0.000,0.000,21.0
22:14:11.053,6272978,0.000,0.000,0.000,0.000,0.000,0.000,0.000,0.000,0.000,21.0
22:14:11.107,6273032,0.000,0.000,0.000,0.000,0.000,0.000,0.000,0.000,0.000,21.0
22:14:11.160,6273086,0.000,0.000,0.000,0.000,0.000,0.000,0.000,0.000,0.000,21.0
22:14:11.212,6273140,0.000,0.000,0.000,0.000,0.000,0.000,0.000,0.000,0.000,21.0
22:14:11.265,6273194,0.000,0.000,0.000,0.000,0.000,0.000,0.000,0.000,0.000,21.0
22:14:11.317,6273248,0.000,0.000,0.000,0.000,0.000,0.000,0.000,0.000,0.000,21.0
22:14:11.369,6273302,0.000,0.000,0.000,0.000,0.000,0.000,0.000,0.000,0.000,21.0
22:14:11.420,6273356,0.000,0.000,0.000,0.000,0.000,0.000,0.000,0.000,0.000,21.0
22:14:11.473,6273410,0.000,0.000,0.000,0.000,0.000,0.000,0.000,0.000,0.000,21.0
22:14:11.526,6273464,0.000,0.000,0.000,0.000,0.000,0.000,0.000,0.000,0.000,21.0
22:14:11.578,6273518,0.000,0.000,0.000,0.000,0.000,0.000,0.000,0.000,0.000,21.0
22:14:11.631,6273572,0.000,0.000,0.000,0.000,0.000,0.000,0.000,0.000,0.000,21.0
22:14:11.683,6273626,0.000,0.000,0.000,0.000,0.000,0.000,0.000,0.000,0.000,21.0
22:14:11.737,6273680,0.000,0.000,0.000,0.000,0.000,0.000,0.000,0.000,0.000,21.0
22:14:11.789,6273734,0.000,0.000,0.000,0.000,0.000,0.000,0.000,0.000,0.000,21.0
22:14:11.841,6273788,0.000,0.000,0.000,0.000,0.000,0.000,0.000,0.000,0.000,21.0
22:14:11.946,6273842,0.000,0.000,0.000,0.000,0.000,0.000,0.000,0.000,0.000,21.0
22:14:11.948,6273896,0.000,0.000,0.000,0.000,0.000,0.000,0.000,0.000,0.000,21.0
22:14:12.052,6273950,0.000,0.000,0.000,0.000,0.000,0.000,0.000,0.000,0.000,21.0
22:14:12.053,6274004,0.000,0.000,0.000,0.000,0.000,0.000,0.000,0.000,0.000,21.0
22:14:12.157,6274058,0.000,0.000,0.000,0.000,0.000,0.000,0.000,0.000,0.000,21.0
22:14:12.210,6274112,0.000,0.000,0.000,0.000,0.000,0.000,0.000,0.000,0.000,21.0
22:14:12.262,6274166,0.000,0.000,0.000,0.000,0.000,0.000,0.000,0.000,0.000,21.0
22:14:12.315,6274220,0.000,0.000,0.000,0.000,0.000,0.000,0.000,0.000,0.000,21.0
22:14:12.367,6274274,0.000,0.000,0.000,0.000,0.000,0.000,0.000,0.000,0.000,21.0
22:14:12.420,6274328,0.000,0.000,0.000,0.000,0.000,0.000,0.000,0.000,0.000,21.0
22:14:12.471,6274382,0.000,0.000,0.000,0.000,0.000,0.000,0.000,0.000,0.000,21.0
22:14:12.523,6274436,0.000,0.000,0.000,0.000,0.000,0.000,0.000,0.000,0.000,21.0
22:14:12.578,6274490,0.000,0.000,0.000,0.000,0.000,0.000,0.000,0.000,0.000,21.0
22:14:12.629,6274544,0.000,0.000,0.000,0.000,0.000,0.000,0.000,0.000,0.000,21.0
22:14:12.682,6274598,0.000,0.000,0.000,0.000,0.000,0.000,0.000,0.000,0.000,21.0
22:14:12.735,6274652,0.000,0.000,0.000,0.000,0.000,0.000,0.000,0.000,0.000,21.0
22:14:12.787,6274706,0.000,0.000,0.000,0.000,0.000,0.000,0.000,0.000,0.000,21.0
22:14:12.840,6274760,0.000,0.000,0.000,0.000,0.000,0.000,0.000,0.000,0.000,21.0
22:14:12.891,6274814,0.000,0.000,0.000,0.000,0.000,0.000,0.000,0.000,0.000,21.0
22:14:12.944,6274868,0.000,0.000,0.000,0.000,0.000,0.000,0.000,0.000,0.000,21.0
22:14:12.996,6274922,0.000,0.000,0.000,0.000,0.000,0.000,0.000,0.000,0.000,21.0
22:14:13.049,6274976,0.000,0.000,0.000,0.000,0.000,0.000,0.000,0.000,0.000,21.0
22:14:13.102,6275030,0.000,0.000,0.000,0.000,0.000,0.000,0.000,0.000,0.000,21.0
22:14:13.154,6275084,0.000,0.000,0.000,0.000,0.000,0.000,0.000,0.000,0.000,21.0
22:14:13.207,6275138,0.000,0.000,0.000,0.000,0.000,0.000,0.000,0.000,0.000,21.0
22:14:13.260,6275192,0.000,0.000,0.000,0.000,0.000,0.000,0.000,0.000,0.000,21.0
22:14:13.312,6275246,0.000,0.000,0.000,0.000,0.000,0.000,0.000,0.000,0.000,21.0
22:14:13.363,6275300,0.000,0.000,0.000,0.000,0.000,0.000,0.000,0.000,0.000,21.0
22:14:13.418,6275354,0.000,0.000,0.000,0.000,0.000,0.000,0.000,0.000,0.000,21.0
22:14:13.469,6275408,0.000,0.000,0.000,0.000,0.000,0.000,0.000,0.000,0.000,21.0
22:14:13.522,6275462,0.000,0.000,0.000,0.000,0.000,0.000,0.000,0.000,0.000,21.0
22:14:13.625,6275516,0.000,0.000,0.000,0.000,0.000,0.000,0.000,0.000,0.000,21.0
22:14:13.627,6275570,0.000,0.000,0.000,0.000,0.000,0.000,0.000,0.000,0.000,21.0
22:14:13.731,6275624,0.000,0.000,0.000,0.000,0.000,0.000,0.000,0.000,0.000,21.0
22:14:13.732,6275678,0.000,0.000,0.000,0.000,0.000,0.000,0.000,0.000,0.000,21.0
22:14:13.784,6275732,0.000,0.000,0.000,0.000,0.000,0.000,0.000,0.000,0.000,21.0
22:14:13.837,6275786,0.000,0.000,0.000,0.000,0.000,0.000,0.000,0.000,0.000,21.0
22:14:13.890,6275840,0.000,0.000,0.000,0.000,0.000,0.000,0.000,0.000,0.000,21.0
22:14:13.941,6275894,0.000,0.000,0.000,0.000,0.000,0.000,0.000,0.000,0.000,21.0
22:14:14.046,6275948,0.000,0.000,0.000,0.000,0.000,0.000,0.000,0.000,0.000,21.0
22:14:14.100,6276002,0.000,0.000,0.000,0.000,0.000,0.000,0.000,0.000,0.000,21.0
22:14:14.151,6276056,0.000,0.000,0.000,0.000,0.000,0.000,0.000,0.000,0.000,21.0
22:14:14.205,6276110,0.000,0.000,0.000,0.000,0.000,0.000,0.000,0.000,0.000,21.0
22:14:14.257,6276164,0.000,0.000,0.000,0.000,0.000,0.000,0.000,0.000,0.000,21.0
22:14:14.310,6276218,0.000,0.000,0.000,0.000,0.000,0.000,0.000,0.000,0.000,21.0
22:14:14.363,6276272,0.000,0.000,0.000,0.000,0.000,0.000,0.000,0.000,0.000,21.0
22:14:14.415,6276326,0.000,0.000,0.000,0.000,0.000,0.000,0.000,0.000,0.000,21.0
22:14:14.466,6276380,0.000,0.000,0.000,0.000,0.000,0.000,0.000,0.000,0.000,21.0
22:14:14.519,6276434,0.000,0.000,0.000,0.000,0.000,0.000,0.000,0.000,0.000,21.0
22:14:14.572,6276488,0.000,0.000,0.000,0.000,0.000,0.000,0.000,0.000,0.000,21.0
22:14:14.625,6276542,0.000,0.000,0.000,0.000,0.000,0.000,0.000,0.000,0.000,21.0
22:14:14.678,6276596,0.000,0.000,0.000,0.000,0.000,0.000,0.000,0.000,0.000,21.0
22:14:14.730,6276650,0.000,0.000,0.000,0.000,0.000,0.000,0.000,0.000,0.000,21.0
22:14:14.781,6276704,0.000,0.000,0.000,0.000,0.000,0.000,0.000,0.000,0.000,21.0
22:14:14.833,6276758,0.000,0.000,0.000,0.000,0.000,0.000,0.000,0.000,0.000,21.0
22:14:14.886,6276812,0.000,0.000,0.000,0.000,0.000,0.000,0.000,0.000,0.000,21.0
22:14:14.939,6276866,0.000,0.000,0.000,0.000,0.000,0.000,0.000,0.000,0.000,21.0
22:14:14.991,6276920,0.000,0.000,0.000,0.000,0.000,0.000,0.000,0.000,0.000,21.0
22:14:15.043,6276974,0.000,0.000,0.000,0.000,0.000,0.000,0.000,0.000,0.000,21.0
22:14:15.097,6277028,0.000,0.000,0.000,0.000,0.000,0.000,0.000,0.000,0.000,21.0
22:14:15.201,6277082,0.000,0.000,0.000,0.000,0.000,0.000,0.000,0.000,0.000,21.0
22:14:15.202,6277136,0.000,0.000,0.000,0.000,0.000,0.000,0.000,0.000,0.000,21.0
22:14:15.255,6277190,0.000,0.000,0.000,0.000,0.000,0.000,0.000,0.000,0.000,21.0
22:14:15.307,6277244,0.000,0.000,0.000,0.000,0.000,0.000,0.000,0.000,0.000,21.0
22:14:15.360,6277298,0.000,0.000,0.000,0.000,0.000,0.000,0.000,0.000,0.000,21.0
22:14:15.412,6277352,0.000,0.000,0.000,0.000,0.000,0.000,0.000,0.000,0.000,21.0
22:14:15.463,6277406,0.000,0.000,0.000,0.000,0.000,0.000,0.000,0.000,0.000,21.0
22:14:15.516,6277460,0.000,0.000,0.000,0.000,0.000,0.000,0.000,0.000,0.000,21.0
22:14:15.570,6277514,0.000,0.000,0.000,0.000,0.000,0.000,0.000,0.000,0.000,21.0
22:14:15.623,6277568,0.000,0.000,0.000,0.000,0.000,0.000,0.000,0.000,0.000,21.0
22:14:15.675,6277622,0.000,0.000,0.000,0.000,0.000,0.000,0.000,0.000,0.000,21.0
22:14:15.726,6277676,0.000,0.000,0.000,0.000,0.000,0.000,0.000,0.000,0.000,21.0
22:14:15.779,6277730,0.000,0.000,0.000,0.000,0.000,0.000,0.000,0.000,0.000,21.0
22:14:15.833,6277784,0.000,0.000,0.000,0.000,0.000,0.000,0.000,0.000,0.000,21.0
22:14:15.936,6277838,0.000,0.000,0.000,0.000,0.000,0.000,0.000,0.000,0.000,21.0
22:14:15.989,6277892,0.000,0.000,0.000,0.000,0.000,0.000,0.000,0.000,0.000,21.0
22:14:16.041,6277946,0.000,0.000,0.000,0.000,0.000,0.000,0.000,0.000,0.000,21.0
22:14:16.093,6278000,0.000,0.000,0.000,0.000,0.000,0.000,0.000,0.000,0.000,21.0
22:14:16.146,6278054,0.000,0.000,0.000,0.000,0.000,0.000,0.000,0.000,0.000,21.0
22:14:16.252,6278108,0.000,0.000,0.000,0.000,0.000,0.000,0.000,0.000,0.000,21.0
22:14:16.253,6278162,0.000,0.000,0.000,0.000,0.000,0.000,0.000,0.000,0.000,21.0
22:14:16.305,6278216,0.000,0.000,0.000,0.000,0.000,0.000,0.000,0.000,0.000,21.0
22:14:16.358,6278270,0.000,0.000,0.000,0.000,0.000,0.000,0.000,0.000,0.000,21.0
22:14:16.410,6278324,0.000,0.000,0.000,0.000,0.000,0.000,0.000,0.000,0.000,21.0
22:14:16.461,6278378,0.000,0.000,0.000,0.000,0.000,0.000,0.000,0.000,0.000,21.0
22:14:16.566,6278432,0.000,0.000,0.000,0.000,0.000,0.000,0.000,0.000,0.000,21.0
22:14:16.568,6278486,0.000,0.000,0.000,0.000,0.000,0.000,0.000,0.000,0.000,21.0
22:14:16.620,6278540,0.000,0.000,0.000,0.000,0.000,0.000,0.000,0.000,0.000,21.0
22:14:16.671,6278594,0.000,0.000,0.000,0.000,0.000,0.000,0.000,0.000,0.000,21.0
22:14:16.725,6278648,0.000,0.000,0.000,0.000,0.000,0.000,0.000,0.000,0.000,21.0
22:14:16.778,6278702,0.000,0.000,0.000,0.000,0.000,0.000,0.000,0.000,0.000,21.0
22:14:16.828,6278756,0.000,0.000,0.000,0.000,0.000,0.000,0.000,0.000,0.000,21.0
22:14:16.881,6278810,0.000,0.000,0.000,0.000,0.000,0.000,0.000,0.000,0.000,21.0
22:14:16.935,6278864,0.000,0.000,0.000,0.000,0.000,0.000,0.000,0.000,0.000,21.0
22:14:16.988,6278918,0.000,0.000,0.000,0.000,0.000,0.000,0.000,0.000,0.000,21.0
22:14:17.039,6278972,0.000,0.000,0.000,0.000,0.000,0.000,0.000,0.000,0.000,21.0
22:14:17.091,6279026,0.000,0.000,0.000,0.000,0.000,0.000,0.000,0.000,0.000,21.0
22:14:17.144,6279080,0.000,0.000,0.000,0.000,0.000,0.000,0.000,0.000,0.000,21.0
22:14:17.197,6279134,0.000,0.000,0.000,0.000,0.000,0.000,0.000,0.000,0.000,21.0
22:14:17.250,6279188,0.000,0.000,0.000,0.000,0.000,0.000,0.000,0.000,0.000,21.0
22:14:17.302,6279242,0.000,0.000,0.000,0.000,0.000,0.000,0.000,0.000,0.000,21.0
22:14:17.355,6279296,0.000,0.000,0.000,0.000,0.000,0.000,0.000,0.000,0.000,21.0
22:14:17.406,6279350,0.000,0.000,0.000,0.000,0.000,0.000,0.000,0.000,0.000,21.0
22:14:17.458,6279404,0.000,0.000,0.000,0.000,0.000,0.000,0.000,0.000,0.000,21.0
22:14:17.511,6279458,0.000,0.000,0.000,0.000,0.000,0.000,0.000,0.000,0.000,21.0
22:14:17.563,6279512,0.000,0.000,0.000,0.000,0.000,0.000,0.000,0.000,0.000,21.0
22:14:17.617,6279566,0.000,0.000,0.000,0.000,0.000,0.000,0.000,0.000,0.000,21.0
22:14:17.668,6279620,0.000,0.000,0.000,0.000,0.000,0.000,0.000,0.000,0.000,21.0
22:14:17.722,6279674,0.000,0.000,0.000,0.000,0.000,0.000,0.000,0.000,0.000,21.0
22:14:17.828,6279728,0.000,0.000,0.000,0.000,0.000,0.000,0.000,0.000,0.000,21.0
22:14:17.880,6279782,0.000,0.000,0.000,0.000,0.000,0.000,0.000,0.000,0.000,21.0
22:14:17.931,6279836,0.000,0.000,0.000,0.000,0.000,0.000,0.000,0.000,0.000,21.0
22:14:17.985,6279890,0.000,0.000,0.000,0.000,0.000,0.000,0.000,0.000,0.000,21.0
22:14:18.037,6279944,0.000,0.000,0.000,0.000,0.000,0.000,0.000,0.000,0.000,21.0
22:14:18.088,6279998,0.000,0.000,0.000,0.000,0.000,0.000,0.000,0.000,0.000,21.0
22:14:18.141,6280052,0.000,0.000,0.000,0.000,0.000,0.000,0.000,0.000,0.000,21.0
22:14:18.194,6280106,0.000,0.000,0.000,0.000,0.000,0.000,0.000,0.000,0.000,21.0
22:14:18.248,6280160,0.000,0.000,0.000,0.000,0.000,0.000,0.000,0.000,0.000,21.0
22:14:18.300,6280214,0.000,0.000,0.000,0.000,0.000,0.000,0.000,0.000,0.000,21.0
22:14:18.353,6280268,0.000,0.000,0.000,0.000,0.000,0.000,0.000,0.000,0.000,21.0
22:14:18.405,6280322,0.000,0.000,0.000,0.000,0.000,0.000,0.000,0.000,0.000,21.0
22:14:18.456,6280376,0.000,0.000,0.000,0.000,0.000,0.000,0.000,0.000,0.000,21.0
22:14:18.509,6280430,0.000,0.000,0.000,0.000,0.000,0.000,0.000,0.000,0.000,21.0
22:14:18.561,6280484,0.000,0.000,0.000,0.000,0.000,0.000,0.000,0.000,0.000,21.0
22:14:18.719,6280538,0.000,0.000,0.000,0.000,0.000,0.000,0.000,0.000,0.000,21.0
22:14:18.720,6280592,0.000,0.000,0.000,0.000,0.000,0.000,0.000,0.000,0.000,21.0
22:14:18.722,6280646,0.000,0.000,0.000,0.000,0.000,0.000,0.000,0.000,0.000,21.0
22:14:18.773,6280700,0.000,0.000,0.000,0.000,0.000,0.000,0.000,0.000,0.000,21.0
22:14:18.877,6280754,0.000,0.000,0.000,0.000,0.000,0.000,0.000,0.000,0.000,21.0
22:14:18.878,6280808,0.000,0.000,0.000,0.000,0.000,0.000,0.000,0.000,0.000,21.0
22:14:18.930,6280862,0.000,0.000,0.000,0.000,0.000,0.000,0.000,0.000,0.000,21.0
22:14:18.982,6280916,0.000,0.000,0.000,0.000,0.000,0.000,0.000,0.000,0.000,21.0
22:14:19.034,6280970,0.000,0.000,0.000,0.000,0.000,0.000,0.000,0.000,0.000,21.0
22:14:19.087,6281024,0.000,0.000,0.000,0.000,0.000,0.000,0.000,0.000,0.000,21.0
22:14:19.138,6281078,0.000,0.000,0.000,0.000,0.000,0.000,0.000,0.000,0.000,21.0
22:14:19.191,6281132,0.000,0.000,0.000,0.000,0.000,0.000,0.000,0.000,0.000,21.0
22:14:19.245,6281186,0.000,0.000,0.000,0.000,0.000,0.000,0.000,0.000,0.000,21.0
22:14:19.298,6281240,0.000,0.000,0.000,0.000,0.000,0.000,0.000,0.000,0.000,21.0
22:14:19.350,6281294,0.000,0.000,0.000,0.000,0.000,0.000,0.000,0.000,0.000,21.0
22:14:19.403,6281348,0.000,0.000,0.000,0.000,0.000,0.000,0.000,0.000,0.000,21.0
22:14:19.453,6281402,0.000,0.000,0.000,0.000,0.000,0.000,0.000,0.000,0.000,21.0
22:14:19.506,6281456,0.000,0.000,0.000,0.000,0.000,0.000,0.000,0.000,0.000,21.0
22:14:19.560,6281510,0.000,0.000,0.000,0.000,0.000,0.000,0.000,0.000,0.000,21.0
22:14:19.611,6281564,0.000,0.000,0.000,0.000,0.000,0.000,0.000,0.000,0.000,21.0
22:14:19.717,6281618,0.000,0.000,0.000,0.000,0.000,0.000,0.000,0.000,0.000,21.0
22:14:19.771,6281672,0.000,0.000,0.000,0.000,0.000,0.000,0.000,0.000,0.000,21.0
22:14:19.822,6281726,0.000,0.000,0.000,0.000,0.000,0.000,0.000,0.000,0.000,21.0
22:14:19.875,6281780,0.000,0.000,0.000,0.000,0.000,0.000,0.000,0.000,0.000,21.0
22:14:19.926,6281834,0.000,0.000,0.000,0.000,0.000,0.000,0.000,0.000,0.000,21.0
22:14:19.979,6281888,0.000,0.000,0.000,0.000,0.000,0.000,0.000,0.000,0.000,21.0
22:14:20.032,6281942,0.000,0.000,0.000,0.000,0.000,0.000,0.000,0.000,0.000,21.0
22:14:20.085,6281996,0.000,0.000,0.000,0.000,0.000,0.000,0.000,0.000,0.000,21.0
22:14:20.137,6282050,0.000,0.000,0.000,0.000,0.000,0.000,0.000,0.000,0.000,21.0
22:14:20.190,6282104,0.000,0.000,0.000,0.000,0.000,0.000,0.000,0.000,0.000,21.0
22:14:20.243,6282158,0.000,0.000,0.000,0.000,0.000,0.000,0.000,0.000,0.000,21.0
22:14:20.295,6282212,0.000,0.000,0.000,0.000,0.000,0.000,0.000,0.000,0.000,21.0
22:14:20.348,6282266,0.000,0.000,0.000,0.000,0.000,0.000,0.000,0.000,0.000,21.0
22:14:20.400,6282320,0.000,0.000,0.000,0.000,0.000,0.000,0.000,0.000,0.000,21.0
22:14:20.452,6282374,0.000,0.000,0.000,0.000,0.000,0.000,0.000,0.000,0.000,21.0
22:14:20.504,6282428,0.000,0.000,0.000,0.000,0.000,0.000,0.000,0.000,0.000,21.0
22:14:20.558,6282482,0.000,0.000,0.000,0.000,0.000,0.000,0.000,0.000,0.000,21.0
22:14:20.660,6282536,0.000,0.000,0.000,0.000,0.000,0.000,0.000,0.000,0.000,21.0
22:14:20.662,6282590,0.000,0.000,0.000,0.000,0.000,0.000,0.000,0.000,0.000,21.0
22:14:20.714,6282644,0.000,0.000,0.000,0.000,0.000,0.000,0.000,0.000,0.000,21.0
22:14:20.768,6282698,0.000,0.000,0.000,0.000,0.000,0.000,0.000,0.000,0.000,21.0
22:14:20.871,6282752,0.000,0.000,0.000,0.000,0.000,0.000,0.000,0.000,0.000,21.0
22:14:20.873,6282806,0.000,0.000,0.000,0.000,0.000,0.000,0.000,0.000,0.000,21.0
22:14:20.923,6282860,0.000,0.000,0.000,0.000,0.000,0.000,0.000,0.000,0.000,21.0
22:14:20.978,6282914,0.000,0.000,0.000,0.000,0.000,0.000,0.000,0.000,0.000,21.0
22:14:21.030,6282968,0.000,0.000,0.000,0.000,0.000,0.000,0.000,0.000,0.000,21.0
22:14:21.081,6283022,0.000,0.000,0.000,0.000,0.000,0.000,0.000,0.000,0.000,21.0
22:14:21.134,6283076,0.000,0.000,0.000,0.000,0.000,0.000,0.000,0.000,0.000,21.0
22:14:21.238,6283130,0.000,0.000,0.000,0.000,0.000,0.000,0.000,0.000,0.000,21.0
22:14:21.239,6283184,0.000,0.000,0.000,0.000,0.000,0.000,0.000,0.000,0.000,21.0
22:14:21.292,6283238,0.000,0.000,0.000,0.000,0.000,0.000,0.000,0.000,0.000,21.0
22:14:21.343,6283292,0.000,0.000,0.000,0.000,0.000,0.000,0.000,0.000,0.000,21.0
22:14:21.397,6283346,0.000,0.000,0.000,0.000,0.000,0.000,0.000,0.000,0.000,21.0
22:14:21.450,6283400,0.000,0.000,0.000,0.000,0.000,0.000,0.000,0.000,0.000,21.0
22:14:21.501,6283454,0.000,0.000,0.000,0.000,0.000,0.000,0.000,0.000,0.000,21.0
22:14:21.606,6283508,0.000,0.000,0.000,0.000,0.000,0.000,0.000,0.000,0.000,21.0
22:14:21.658,6283562,0.000,0.000,0.000,0.000,0.000,0.000,0.000,0.000,0.000,21.0
22:14:21.711,6283616,0.000,0.000,0.000,0.000,0.000,0.000,0.000,0.000,0.000,21.0
22:14:21.764,6283670,0.000,0.000,0.000,0.000,0.000,0.000,0.000,0.000,0.000,21.0
22:14:21.816,6283724,0.000,0.000,0.000,0.000,0.000,0.000,0.000,0.000,0.000,21.0
22:14:21.869,6283778,0.000,0.000,0.000,0.000,0.000,0.000,0.000,0.000,0.000,21.0
22:14:21.921,6283832,0.000,0.000,0.000,0.000,0.000,0.000,0.000,0.000,0.000,21.0
22:14:21.974,6283886,0.000,0.000,0.000,0.000,0.000,0.000,0.000,0.000,0.000,21.0
22:14:22.028,6283940,0.000,0.000,0.000,0.000,0.000,0.000,0.000,0.000,0.000,21.0
22:14:22.080,6283994,0.000,0.000,0.000,0.000,0.000,0.000,0.000,0.000,0.000,21.0
22:14:22.133,6284048,0.000,0.000,0.000,0.000,0.000,0.000,0.000,0.000,0.000,21.0
22:14:22.184,6284102,0.000,0.000,0.000,0.000,0.000,0.000,0.000,0.000,0.000,21.0
22:14:22.236,6284156,0.000,0.000,0.000,0.000,0.000,0.000,0.000,0.000,0.000,21.0
22:14:22.288,6284210,0.000,0.000,0.000,0.000,0.000,0.000,0.000,0.000,0.000,21.0
22:14:22.343,6284264,0.000,0.000,0.000,0.000,0.000,0.000,0.000,0.000,0.000,21.0
22:14:22.395,6284318,0.000,0.000,0.000,0.000,0.000,0.000,0.000,0.000,0.000,21.0
22:14:22.446,6284372,0.000,0.000,0.000,0.000,0.000,0.000,0.000,0.000,0.000,21.0
22:14:22.498,6284426,0.000,0.000,0.000,0.000,0.000,0.000,0.000,0.000,0.000,21.0
22:14:22.552,6284480,0.000,0.000,0.000,0.000,0.000,0.000,0.000,0.000,0.000,21.0
22:14:22.606,6284534,0.000,0.000,0.000,0.000,0.000,0.000,0.000,0.000,0.000,21.0
22:14:22.658,6284588,0.000,0.000,0.000,0.000,0.000,0.000,0.000,0.000,0.000,21.0
22:14:22.709,6284642,0.000,0.000,0.000,0.000,0.000,0.000,0.000,0.000,0.000,21.0
22:14:22.763,6284696,0.000,0.000,0.000,0.000,0.000,0.000,0.000,0.000,0.000,21.0
22:14:22.813,6284750,0.000,0.000,0.000,0.000,0.000,0.000,0.000,0.000,0.000,21.0
22:14:22.866,6284804,0.000,0.000,0.000,0.000,0.000,0.000,0.000,0.000,0.000,21.0
22:14:22.920,6284858,0.000,0.000,0.000,0.000,0.000,0.000,0.000,0.000,0.000,21.0
22:14:22.973,6284912,0.000,0.000,0.000,0.000,0.000,0.000,0.000,0.000,0.000,21.0
22:14:23.025,6284966,0.000,0.000,0.000,0.000,0.000,0.000,0.000,0.000,0.000,21.0
22:14:23.077,6285020,0.000,0.000,0.000,0.000,0.000,0.000,0.000,0.000,0.000,21.0
22:14:23.130,6285074,0.000,0.000,0.000,0.000,0.000,0.000,0.000,0.000,0.000,21.0
22:14:23.183,6285128,0.000,0.000,0.000,0.000,0.000,0.000,0.000,0.000,0.000,21.0
22:14:23.234,6285182,0.000,0.000,0.000,0.000,0.000,0.000,0.000,0.000,0.000,21.0
22:14:23.286,6285236,0.000,0.000,0.000,0.000,0.000,0.000,0.000,0.000,0.000,21.0
22:14:23.339,6285290,0.000,0.000,0.000,0.000,0.000,0.000,0.000,0.000,0.000,21.0
22:14:23.393,6285344,0.000,0.000,0.000,0.000,0.000,0.000,0.000,0.000,0.000,21.0
22:14:23.495,6285398,0.000,0.000,0.000,0.000,0.000,0.000,0.000,0.000,0.000,21.0
22:14:23.548,6285452,0.000,0.000,0.000,0.000,0.000,0.000,0.000,0.000,0.000,21.0
22:14:23.601,6285506,0.000,0.000,0.000,0.000,0.000,0.000,0.000,0.000,0.000,21.0
22:14:23.654,6285560,0.000,0.000,0.000,0.000,0.000,0.000,0.000,0.000,0.000,21.0
22:14:23.708,6285614,0.000,0.000,0.000,0.000,0.000,0.000,0.000,0.000,0.000,21.0
22:14:23.759,6285668,0.000,0.000,0.000,0.000,0.000,0.000,0.000,0.000,0.000,21.0
22:14:23.812,6285722,0.000,0.000,0.000,0.000,0.000,0.000,0.000,0.000,0.000,21.0
22:14:23.917,6285776,0.000,0.000,0.000,0.000,0.000,0.000,0.000,0.000,0.000,21.0
22:14:23.918,6285830,0.000,0.000,0.000,0.000,0.000,0.000,0.000,0.000,0.000,21.0
22:14:23.970,6285884,0.000,0.000,0.000,0.000,0.000,0.000,0.000,0.000,0.000,21.0
22:14:24.023,6285938,0.000,0.000,0.000,0.000,0.000,0.000,0.000,0.000,0.000,21.0
22:14:24.127,6285992,0.000,0.000,0.000,0.000,0.000,0.000,0.000,0.000,0.000,21.0
22:14:24.129,6286046,0.000,0.000,0.000,0.000,0.000,0.000,0.000,0.000,0.000,21.0
22:14:24.180,6286100,0.000,0.000,0.000,0.000,0.000,0.000,0.000,0.000,0.000,21.0
22:14:24.232,6286154,0.000,0.000,0.000,0.000,0.000,0.000,0.000,0.000,0.000,21.0
22:14:24.283,6286208,0.000,0.000,0.000,0.000,0.000,0.000,0.000,0.000,0.000,21.0
22:14:24.336,6286262,0.000,0.000,0.000,0.000,0.000,0.000,0.000,0.000,0.000,21.0
22:14:24.390,6286316,0.000,0.000,0.000,0.000,0.000,0.000,0.000,0.000,0.000,21.0
22:14:24.441,6286370,0.000,0.000,0.000,0.000,0.000,0.000,0.000,0.000,0.000,21.0
22:14:24.494,6286424,0.000,0.000,0.000,0.000,0.000,0.000,0.000,0.000,0.000,21.0
22:14:24.548,6286478,0.000,0.000,0.000,0.000,0.000,0.000,0.000,0.000,0.000,21.0
22:14:24.600,6286532,0.000,0.000,0.000,0.000,0.000,0.000,0.000,0.000,0.000,21.0
22:14:24.653,6286586,0.000,0.000,0.000,0.000,0.000,0.000,0.000,0.000,0.000,21.0
22:14:24.704,6286640,0.000,0.000,0.000,0.000,0.000,0.000,0.000,0.000,0.000,21.0
22:14:24.757,6286694,0.000,0.000,0.000,0.000,0.000,0.000,0.000,0.000,0.000,21.0
22:14:24.810,6286748,0.000,0.000,0.000,0.000,0.000,0.000,0.000,0.000,0.000,21.0
22:14:24.863,6286802,0.000,0.000,0.000,0.000,0.000,0.000,0.000,0.000,0.000,21.0
22:14:24.915,6286856,0.000,0.000,0.000,0.000,0.000,0.000,0.000,0.000,0.000,21.0
22:14:24.967,6286910,0.000,0.000,0.000,0.000,0.000,0.000,0.000,0.000,0.000,21.0
22:14:25.020,6286964,0.000,0.000,0.000,0.000,0.000,0.000,0.000,0.000,0.000,21.0
22:14:25.072,6287018,0.000,0.000,0.000,0.000,0.000,0.000,0.000,0.000,0.000,21.0
22:14:25.125,6287072,0.000,0.000,0.000,0.000,0.000,0.000,0.000,0.000,0.000,21.0
22:14:25.178,6287126,0.000,0.000,0.000,0.000,0.000,0.000,0.000,0.000,0.000,21.0
22:14:25.230,6287180,0.000,0.000,0.000,0.000,0.000,0.000,0.000,0.000,0.000,21.0
22:14:25.282,6287234,0.000,0.000,0.000,0.000,0.000,0.000,0.000,0.000,0.000,21.0
22:14:25.386,6287288,0.000,0.000,0.000,0.000,0.000,0.000,0.000,0.000,0.000,21.0
22:14:25.441,6287342,0.000,0.000,0.000,0.000,0.000,0.000,0.000,0.000,0.000,21.0
22:14:25.491,6287396,0.000,0.000,0.000,0.000,0.000,0.000,0.000,0.000,0.000,21.0
22:14:25.544,6287450,0.000,0.000,0.000,0.000,0.000,0.000,0.000,0.000,0.000,21.0
22:14:25.598,6287504,0.000,0.000,0.000,0.000,0.000,0.000,0.000,0.000,0.000,21.0
22:14:25.650,6287558,0.000,0.000,0.000,0.000,0.000,0.000,0.000,0.000,0.000,21.0
22:14:25.703,6287612,0.000,0.000,0.000,0.000,0.000,0.000,0.000,0.000,0.000,21.0
22:14:25.754,6287666,0.000,0.000,0.000,0.000,0.000,0.000,0.000,0.000,0.000,21.0
22:14:25.806,6287720,0.000,0.000,0.000,0.000,0.000,0.000,0.000,0.000,0.000,21.0
22:14:25.861,6287774,0.000,0.000,0.000,0.000,0.000,0.000,0.000,0.000,0.000,21.0
22:14:25.913,6287828,0.000,0.000,0.000,0.000,0.000,0.000,0.000,0.000,0.000,21.0
22:14:25.965,6287882,0.000,0.000,0.000,0.000,0.000,0.000,0.000,0.000,0.000,21.0
22:14:26.017,6287936,0.000,0.000,0.000,0.000,0.000,0.000,0.000,0.000,0.000,21.0
22:14:26.070,6287990,0.000,0.000,0.000,0.000,0.000,0.000,0.000,0.000,0.000,21.0
22:14:26.121,6288044,0.000,0.000,0.000,0.000,0.000,0.000,0.000,0.000,0.000,21.0
22:14:26.174,6288098,0.000,0.000,0.000,0.000,0.000,0.000,0.000,0.000,0.000,21.0
22:14:26.226,6288152,0.000,0.000,0.000,0.000,0.000,0.000,0.000,0.000,0.000,21.0
22:14:26.278,6288206,0.000,0.000,0.000,0.000,0.000,0.000,0.000,0.000,0.000,21.0
22:14:26.331,6288260,0.000,0.000,0.000,0.000,0.000,0.000,0.000,0.000,0.000,21.0
22:14:26.383,6288314,0.000,0.000,0.000,0.000,0.000,0.000,0.000,0.000,0.000,21.0
22:14:26.436,6288368,0.000,0.000,0.000,0.000,0.000,0.000,0.000,0.000,0.000,21.0
22:14:26.488,6288422,0.000,0.000,0.000,0.000,0.000,0.000,0.000,0.000,0.000,21.0
22:14:26.543,6288476,0.000,0.000,0.000,0.000,0.000,0.000,0.000,0.000,0.000,21.0
22:14:26.595,6288530,0.000,0.000,0.000,0.000,0.000,0.000,0.000,0.000,0.000,21.0
22:14:26.648,6288584,0.000,0.000,0.000,0.000,0.000,0.000,0.000,0.000,0.000,21.0
22:14:26.700,6288638,0.000,0.000,0.000,0.000,0.000,0.000,0.000,0.000,0.000,21.0
22:14:26.751,6288692,0.000,0.000,0.000,0.000,0.000,0.000,0.000,0.000,0.000,21.0
22:14:26.804,6288746,0.000,0.000,0.000,0.000,0.000,0.000,0.000,0.000,0.000,21.0
22:14:26.857,6288800,0.000,0.000,0.000,0.000,0.000,0.000,0.000,0.000,0.000,21.0
22:14:26.910,6288854,0.000,0.000,0.000,0.000,0.000,0.000,0.000,0.000,0.000,21.0
22:14:26.963,6288908,0.000,0.000,0.000,0.000,0.000,0.000,0.000,0.000,0.000,21.0
22:14:27.016,6288962,0.000,0.000,0.000,0.000,0.000,0.000,0.000,0.000,0.000,21.0
22:14:27.068,6289016,0.000,0.000,0.000,0.000,0.000,0.000,0.000,0.000,0.000,21.0
22:14:27.120,6289070,0.000,0.000,0.000,0.000,0.000,0.000,0.000,0.000,0.000,21.0
22:14:27.173,6289124,0.000,0.000,0.000,0.000,0.000,0.000,0.000,0.000,0.000,21.0
22:14:27.278,6289178,0.000,0.000,0.000,0.000,0.000,0.000,0.000,0.000,0.000,21.0
22:14:27.330,6289232,0.000,0.000,0.000,0.000,0.000,0.000,0.000,0.000,0.000,21.0
22:14:27.433,6289286,0.000,0.000,0.000,0.000,0.000,0.000,0.000,0.000,0.000,21.0
22:14:27.435,6289340,0.000,0.000,0.000,0.000,0.000,0.000,0.000,0.000,0.000,21.0
22:14:27.488,6289394,0.000,0.000,0.000,0.000,0.000,0.000,0.000,0.000,0.000,21.0
22:14:27.540,6289448,0.000,0.000,0.000,0.000,0.000,0.000,0.000,0.000,0.000,21.0
22:14:27.593,6289502,0.000,0.000,0.000,0.000,0.000,0.000,0.000,0.000,0.000,21.0
22:14:27.645,6289556,0.000,0.000,0.000,0.000,0.000,0.000,0.000,0.000,0.000,21.0
22:14:27.698,6289610,0.000,0.000,0.000,0.000,0.000,0.000,0.000,0.000,0.000,21.0
22:14:27.750,6289664,0.000,0.000,0.000,0.000,0.000,0.000,0.000,0.000,0.000,21.0
22:14:27.803,6289718,0.000,0.000,0.000,0.000,0.000,0.000,0.000,0.000,0.000,21.0
22:14:27.856,6289772,0.000,0.000,0.000,0.000,0.000,0.000,0.000,0.000,0.000,21.0
22:14:27.908,6289826,0.000,0.000,0.000,0.000,0.000,0.000,0.000,0.000,0.000,21.0
22:14:27.961,6289880,0.000,0.000,0.000,0.000,0.000,0.000,0.000,0.000,0.000,21.0
22:14:28.013,6289934,0.000,0.000,0.000,0.000,0.000,0.000,0.000,0.000,0.000,21.0
22:14:28.065,6289988,0.000,0.000,0.000,0.000,0.000,0.000,0.000,0.000,0.000,21.0
22:14:28.117,6290042,0.000,0.000,0.000,0.000,0.000,0.000,0.000,0.000,0.000,21.0
22:14:28.170,6290096,0.000,0.000,0.000,0.000,0.000,0.000,0.000,0.000,0.000,21.0
22:14:28.223,6290150,0.000,0.000,0.000,0.000,0.000,0.000,0.000,0.000,0.000,21.0
22:14:28.276,6290204,0.000,0.000,0.000,0.000,0.000,0.000,0.000,0.000,0.000,21.0
22:14:28.328,6290258,0.000,0.000,0.000,0.000,0.000,0.000,0.000,0.000,0.000,21.0
22:14:28.379,6290312,0.000,0.000,0.000,0.000,0.000,0.000,0.000,0.000,0.000,21.0
22:14:28.431,6290366,0.000,0.000,0.000,0.000,0.000,0.000,0.000,0.000,0.000,21.0
22:14:28.483,6290420,0.000,0.000,0.000,0.000,0.000,0.000,0.000,0.000,0.000,21.0
22:14:28.537,6290474,0.000,0.000,0.000,0.000,0.000,0.000,0.000,0.000,0.000,21.0
22:14:28.590,6290528,0.000,0.000,0.000,0.000,0.000,0.000,0.000,0.000,0.000,21.0
22:14:28.643,6290582,0.000,0.000,0.000,0.000,0.000,0.000,0.000,0.000,0.000,21.0
22:14:28.696,6290636,0.000,0.000,0.000,0.000,0.000,0.000,0.000,0.000,0.000,21.0
22:14:28.748,6290690,0.000,0.000,0.000,0.000,0.000,0.000,0.000,0.000,0.000,21.0
22:14:28.800,6290744,0.000,0.000,0.000,0.000,0.000,0.000,0.000,0.000,0.000,21.0
22:14:28.852,6290798,0.000,0.000,0.000,0.000,0.000,0.000,0.000,0.000,0.000,21.0
22:14:28.904,6290852,0.000,0.000,0.000,0.000,0.000,0.000,0.000,0.000,0.000,21.0
22:14:28.958,6290906,0.000,0.000,0.000,0.000,0.000,0.000,0.000,0.000,0.000,21.0
22:14:29.008,6290960,0.000,0.000,0.000,0.000,0.000,0.000,0.000,0.000,0.000,21.0
22:14:29.061,6291014,0.000,0.000,0.000,0.000,0.000,0.000,0.000,0.000,0.000,21.0
22:14:29.168,6291068,0.000,0.000,0.000,0.000,0.000,0.000,0.000,0.000,0.000,21.0
22:14:29.219,6291122,0.000,0.000,0.000,0.000,0.000,0.000,0.000,0.000,0.000,21.0
22:14:29.272,6291176,0.000,0.000,0.000,0.000,0.000,0.000,0.000,0.000,0.000,21.0
22:14:29.325,6291230,0.000,0.000,0.000,0.000,0.000,0.000,0.000,0.000,0.000,21.0
22:14:29.378,6291284,0.000,0.000,0.000,0.000,0.000,0.000,0.000,0.000,0.000,21.0
22:14:29.430,6291338,0.000,0.000,0.000,0.000,0.000,0.000,0.000,0.000,0.000,21.0
22:14:29.481,6291392,0.000,0.000,0.000,0.000,0.000,0.000,0.000,0.000,0.000,21.0
22:14:29.533,6291446,0.000,0.000,0.000,0.000,0.000,0.000,0.000,0.000,0.000,21.0
22:14:29.587,6291500,0.000,0.000,0.000,0.000,0.000,0.000,0.000,0.000,0.000,21.0
22:14:29.641,6291554,0.000,0.000,0.000,0.000,0.000,0.000,0.000,0.000,0.000,21.0
22:14:29.693,6291608,0.000,0.000,0.000,0.000,0.000,0.000,0.000,0.000,0.000,21.0
22:14:29.746,6291662,0.000,0.000,0.000,0.000,0.000,0.000,0.000,0.000,0.000,21.0
22:14:29.797,6291716,0.000,0.000,0.000,0.000,0.000,0.000,0.000,0.000,0.000,21.0
22:14:29.851,6291770,0.000,0.000,0.000,0.000,0.000,0.000,0.000,0.000,0.000,21.0
22:14:29.902,6291824,0.000,0.000,0.000,0.000,0.000,0.000,0.000,0.000,0.000,21.0
22:14:29.955,6291878,0.000,0.000,0.000,0.000,0.000,0.000,0.000,0.000,0.000,21.0
22:14:30.008,6291932,0.000,0.000,0.000,0.000,0.000,0.000,0.000,0.000,0.000,21.0
22:14:30.060,6291986,0.000,0.000,0.000,0.000,0.000,0.000,0.000,0.000,0.000,21.0
22:14:30.113,6292040,0.000,0.000,0.000,0.000,0.000,0.000,0.000,0.000,0.000,21.0
22:14:30.166,6292094,0.000,0.000,0.000,0.000,0.000,0.000,0.000,0.000,0.000,21.0
22:14:30.218,6292148,0.000,0.000,0.000,0.000,0.000,0.000,0.000,0.000,0.000,21.0
22:14:30.271,6292202,0.000,0.000,0.000,0.000,0.000,0.000,0.000,0.000,0.000,21.0
22:14:30.323,6292256,0.000,0.000,0.000,0.000,0.000,0.000,0.000,0.000,0.000,21.0
22:14:30.376,6292310,0.000,0.000,0.000,0.000,0.000,0.000,0.000,0.000,0.000,21.0
22:14:30.427,6292364,0.000,0.000,0.000,0.000,0.000,0.000,0.000,0.000,0.000,21.0
22:14:30.481,6292418,0.000,0.000,0.000,0.000,0.000,0.000,0.000,0.000,0.000,21.0
22:14:30.531,6292472,0.000,0.000,0.000,0.000,0.000,0.000,0.000,0.000,0.000,21.0
22:14:30.584,6292526,0.000,0.000,0.000,0.000,0.000,0.000,0.000,0.000,0.000,21.0
22:14:30.638,6292580,0.000,0.000,0.000,0.000,0.000,0.000,0.000,0.000,0.000,21.0
22:14:30.691,6292634,0.000,0.000,0.000,0.000,0.000,0.000,0.000,0.000,0.000,21.0
22:14:30.742,6292688,0.000,0.000,0.000,0.000,0.000,0.000,0.000,0.000,0.000,21.0
22:14:30.795,6292742,0.000,0.000,0.000,0.000,0.000,0.000,0.000,0.000,0.000,21.0
22:14:30.846,6292796,0.000,0.000,0.000,0.000,0.000,0.000,0.000,0.000,0.000,21.0
22:14:30.899,6292850,0.000,0.000,0.000,0.000,0.000,0.000,0.000,0.000,0.000,21.0
22:14:30.953,6292904,0.000,0.000,0.000,0.000,0.000,0.000,0.000,0.000,0.000,21.0
22:14:31.056,6292958,0.000,0.000,0.000,0.000,0.000,0.000,0.000,0.000,0.000,21.0
22:14:31.111,6293012,0.000,0.000,0.000,0.000,0.000,0.000,0.000,0.000,0.000,21.0
22:14:31.161,6293066,0.000,0.000,0.000,0.000,0.000,0.000,0.000,0.000,0.000,21.0
22:14:31.214,6293120,0.000,0.000,0.000,0.000,0.000,0.000,0.000,0.000,0.000,21.0
22:14:31.266,6293174,0.000,0.000,0.000,0.000,0.000,0.000,0.000,0.000,0.000,21.0
22:14:31.319,6293228,0.000,0.000,0.000,0.000,0.000,0.000,0.000,0.000,0.000,21.0
22:14:31.373,6293282,0.000,0.000,0.000,0.000,0.000,0.000,0.000,0.000,0.000,21.0
22:14:31.426,6293336,0.000,0.000,0.000,0.000,0.000,0.000,0.000,0.000,0.000,21.0
22:14:31.476,6293390,0.000,0.000,0.000,0.000,0.000,0.000,0.000,0.000,0.000,21.0
22:14:31.529,6293444,0.000,0.000,0.000,0.000,0.000,0.000,0.000,0.000,0.000,21.0
22:14:31.581,6293498,0.000,0.000,0.000,0.000,0.000,0.000,0.000,0.000,0.000,21.0
22:14:31.634,6293552,0.000,0.000,0.000,0.000,0.000,0.000,0.000,0.000,0.000,21.0
22:14:31.686,6293606,0.000,0.000,0.000,0.000,0.000,0.000,0.000,0.000,0.000,21.0
22:14:31.740,6293660,0.000,0.000,0.000,0.000,0.000,0.000,0.000,0.000,0.000,21.0
22:14:31.791,6293714,0.000,0.000,0.000,0.000,0.000,0.000,0.000,0.000,0.000,21.0
22:14:31.844,6293768,0.000,0.000,0.000,0.000,0.000,0.000,0.000,0.000,0.000,21.0
22:14:31.898,6293822,0.000,0.000,0.000,0.000,0.000,0.000,0.000,0.000,0.000,21.0
22:14:31.951,6293876,0.000,0.000,0.000,0.000,0.000,0.000,0.000,0.000,0.000,21.0
22:14:32.002,6293930,0.000,0.000,0.000,0.000,0.000,0.000,0.000,0.000,0.000,21.0
22:14:32.056,6293984,0.000,0.000,0.000,0.000,0.000,0.000,0.000,0.000,0.000,21.0
22:14:32.108,6294038,0.000,0.000,0.000,0.000,0.000,0.000,0.000,0.000,0.000,21.0
22:14:32.161,6294092,0.000,0.000,0.000,0.000,0.000,0.000,0.000,0.000,0.000,21.0
22:14:32.213,6294146,0.000,0.000,0.000,0.000,0.000,0.000,0.000,0.000,0.000,21.0
22:14:32.266,6294200,0.000,0.000,0.000,0.000,0.000,0.000,0.000,0.000,0.000,21.0
22:14:32.318,6294254,0.000,0.000,0.000,0.000,0.000,0.000,0.000,0.000,0.000,21.0
22:14:32.420,6294308,0.000,0.000,0.000,0.000,0.000,0.000,0.000,0.000,0.000,21.0
22:14:32.422,6294362,0.000,0.000,0.000,0.000,0.000,0.000,0.000,0.000,0.000,21.0
22:14:32.473,6294416,0.000,0.000,0.000,0.000,0.000,0.000,0.000,0.000,0.000,21.0
22:14:32.526,6294470,0.000,0.000,0.000,0.000,0.000,0.000,0.000,0.000,0.000,21.0
22:14:32.578,6294524,0.000,0.000,0.000,0.000,0.000,0.000,0.000,0.000,0.000,21.0
22:14:32.631,6294578,0.000,0.000,0.000,0.000,0.000,0.000,0.000,0.000,0.000,21.0
22:14:32.736,6294632,0.000,0.000,0.000,0.000,0.000,0.000,0.000,0.000,0.000,21.0
22:14:32.737,6294686,0.000,0.000,0.000,0.000,0.000,0.000,0.000,0.000,0.000,21.0
22:14:32.790,6294740,0.000,0.000,0.000,0.000,0.000,0.000,0.000,0.000,0.000,21.0
22:14:32.843,6294794,0.000,0.000,0.000,0.000,0.000,0.000,0.000,0.000,0.000,21.0
22:14:32.948,6294848,0.000,0.000,0.000,0.000,0.000,0.000,0.000,0.000,0.000,21.0
22:14:32.999,6294902,0.000,0.000,0.000,0.000,0.000,0.000,0.000,0.000,0.000,21.0
22:14:33.052,6294956,0.000,0.000,0.000,0.000,0.000,0.000,0.000,0.000,0.000,21.0
22:14:33.106,6295010,0.000,0.000,0.000,0.000,0.000,0.000,0.000,0.000,0.000,21.0
22:14:33.158,6295064,0.000,0.000,0.000,0.000,0.000,0.000,0.000,0.000,0.000,21.0
22:14:33.211,6295118,0.000,0.000,0.000,0.000,0.000,0.000,0.000,0.000,0.000,21.0
22:14:33.263,6295172,0.000,0.000,0.000,0.000,0.000,0.000,0.000,0.000,0.000,21.0
22:14:33.316,6295226,0.000,0.000,0.000,0.000,0.000,0.000,0.000,0.000,0.000,21.0
22:14:33.368,6295280,0.000,0.000,0.000,0.000,0.000,0.000,0.000,0.000,0.000,21.0
22:14:33.419,6295334,0.000,0.000,0.000,0.000,0.000,0.000,0.000,0.000,0.000,21.0
22:14:33.471,6295388,0.000,0.000,0.000,0.000,0.000,0.000,0.000,0.000,0.000,21.0
22:14:33.523,6295442,0.000,0.000,0.000,0.000,0.000,0.000,0.000,0.000,0.000,21.0
22:14:33.577,6295496,0.000,0.000,0.000,0.000,0.000,0.000,0.000,0.000,0.000,21.0
22:14:33.628,6295550,0.000,0.000,0.000,0.000,0.000,0.000,0.000,0.000,0.000,21.0
22:14:33.681,6295604,0.000,0.000,0.000,0.000,0.000,0.000,0.000,0.000,0.000,21.0
22:14:33.734,6295658,0.000,0.000,0.000,0.000,0.000,0.000,0.000,0.000,0.000,21.0
22:14:33.786,6295712,0.000,0.000,0.000,0.000,0.000,0.000,0.000,0.000,0.000,21.0
22:14:33.840,6295766,0.000,0.000,0.000,0.000,0.000,0.000,0.000,0.000,0.000,21.0
22:14:33.892,6295820,0.000,0.000,0.000,0.000,0.000,0.000,0.000,0.000,0.000,21.0
22:14:33.945,6295874,0.000,0.000,0.000,0.000,0.000,0.000,0.000,0.000,0.000,21.0
22:14:33.997,6295928,0.000,0.000,0.000,0.000,0.000,0.000,0.000,0.000,0.000,21.0
22:14:34.048,6295982,0.000,0.000,0.000,0.000,0.000,0.000,0.000,0.000,0.000,21.0
22:14:34.101,6296036,0.000,0.000,0.000,0.000,0.000,0.000,0.000,0.000,0.000,21.0
22:14:34.154,6296090,0.000,0.000,0.000,0.000,0.000,0.000,0.000,0.000,0.000,21.0
22:14:34.207,6296144,0.000,0.000,0.000,0.000,0.000,0.000,0.000,0.000,0.000,21.0
22:14:34.259,6296198,0.000,0.000,0.000,0.000,0.000,0.000,0.000,0.000,0.000,21.0
22:14:34.312,6296252,0.000,0.000,0.000,0.000,0.000,0.000,0.000,0.000,0.000,21.0
22:14:34.364,6296306,0.000,0.000,0.000,0.000,0.000,0.000,0.000,0.000,0.000,21.0
22:14:34.416,6296360,0.000,0.000,0.000,0.000,0.000,0.000,0.000,0.000,0.000,21.0
22:14:34.468,6296414,0.000,0.000,0.000,0.000,0.000,0.000,0.000,0.000,0.000,21.0
22:14:34.520,6296468,0.000,0.000,0.000,0.000,0.000,0.000,0.000,0.000,0.000,21.0
22:14:34.575,6296522,0.000,0.000,0.000,0.000,0.000,0.000,0.000,0.000,0.000,21.0
22:14:34.677,6296576,0.000,0.000,0.000,0.000,0.000,0.000,0.000,0.000,0.000,21.0
22:14:34.679,6296630,0.000,0.000,0.000,0.000,0.000,0.000,0.000,0.000,0.000,21.0
22:14:34.730,6296684,0.000,0.000,0.000,0.000,0.000,0.000,0.000,0.000,0.000,21.0
22:14:34.837,6296738,0.000,0.000,0.000,0.000,0.000,0.000,0.000,0.000,0.000,21.0
22:14:34.838,6296792,0.000,0.000,0.000,0.000,0.000,0.000,0.000,0.000,0.000,21.0
22:14:34.942,6296846,0.000,0.000,0.000,0.000,0.000,0.000,0.000,0.000,0.000,21.0
22:14:34.994,6296900,0.000,0.000,0.000,0.000,0.000,0.000,0.000,0.000,0.000,21.0
22:14:35.046,6296954,0.000,0.000,0.000,0.000,0.000,0.000,0.000,0.000,0.000,21.0
22:14:35.099,6297008,0.000,0.000,0.000,0.000,0.000,0.000,0.000,0.000,0.000,21.0
22:14:35.152,6297062,0.000,0.000,0.000,0.000,0.000,0.000,0.000,0.000,0.000,21.0
22:14:35.204,6297116,0.000,0.000,0.000,0.000,0.000,0.000,0.000,0.000,0.000,21.0
22:14:35.257,6297170,0.000,0.000,0.000,0.000,0.000,0.000,0.000,0.000,0.000,21.0
22:14:35.308,6297224,0.000,0.000,0.000,0.000,0.000,0.000,0.000,0.000,0.000,21.0
22:14:35.361,6297278,0.000,0.000,0.000,0.000,0.000,0.000,0.000,0.000,0.000,21.0
22:14:35.414,6297332,0.000,0.000,0.000,0.000,0.000,0.000,0.000,0.000,0.000,21.0
22:14:35.466,6297386,0.000,0.000,0.000,0.000,0.000,0.000,0.000,0.000,0.000,21.0
22:14:35.518,6297440,0.000,0.000,0.000,0.000,0.000,0.000,0.000,0.000,0.000,21.0
22:14:35.571,6297494,0.000,0.000,0.000,0.000,0.000,0.000,0.000,0.000,0.000,21.0
22:14:35.625,6297548,0.000,0.000,0.000,0.000,0.000,0.000,0.000,0.000,0.000,21.0
22:14:35.676,6297602,0.000,0.000,0.000,0.000,0.000,0.000,0.000,0.000,0.000,21.0
22:14:35.728,6297656,0.000,0.000,0.000,0.000,0.000,0.000,0.000,0.000,0.000,21.0
22:14:35.781,6297710,0.000,0.000,0.000,0.000,0.000,0.000,0.000,0.000,0.000,21.0
22:14:35.834,6297764,0.000,0.000,0.000,0.000,0.000,0.000,0.000,0.000,0.000,21.0
22:14:35.887,6297818,0.000,0.000,0.000,0.000,0.000,0.000,0.000,0.000,0.000,21.0
22:14:35.939,6297872,0.000,0.000,0.000,0.000,0.000,0.000,0.000,0.000,0.000,21.0
22:14:35.992,6297926,0.000,0.000,0.000,0.000,0.000,0.000,0.000,0.000,0.000,21.0
22:14:36.096,6297980,0.000,0.000,0.000,0.000,0.000,0.000,0.000,0.000,0.000,21.0
22:14:36.097,6298034,0.000,0.000,0.000,0.000,0.000,0.000,0.000,0.000,0.000,21.0
22:14:36.149,6298088,0.000,0.000,0.000,0.000,0.000,0.000,0.000,0.000,0.000,21.0
22:14:36.201,6298142,0.000,0.000,0.000,0.000,0.000,0.000,0.000,0.000,0.000,21.0
22:14:36.254,6298196,0.000,0.000,0.000,0.000,0.000,0.000,0.000,0.000,0.000,21.0
22:14:36.307,6298250,0.000,0.000,0.000,0.000,0.000,0.000,0.000,0.000,0.000,21.0
22:14:36.360,6298304,0.000,0.000,0.000,0.000,0.000,0.000,0.000,0.000,0.000,21.0
22:14:36.412,6298358,0.000,0.000,0.000,0.000,0.000,0.000,0.000,0.000,0.000,21.0
22:14:36.463,6298412,0.000,0.000,0.000,0.000,0.000,0.000,0.000,0.000,0.000,21.0
22:14:36.516,6298466,0.000,0.000,0.000,0.000,0.000,0.000,0.000,0.000,0.000,21.0
22:14:36.569,6298520,0.000,0.000,0.000,0.000,0.000,0.000,0.000,0.000,0.000,21.0
22:14:36.621,6298574,0.000,0.000,0.000,0.000,0.000,0.000,0.000,0.000,0.000,21.0
22:14:36.725,6298628,0.000,0.000,0.000,0.000,0.000,0.000,0.000,0.000,0.000,21.0
22:14:36.727,6298682,0.000,0.000,0.000,0.000,0.000,0.000,0.000,0.000,0.000,21.0
22:14:36.830,6298736,0.000,0.000,0.000,0.000,0.000,0.000,0.000,0.000,0.000,21.0
22:14:36.936,6298790,0.000,0.000,0.000,0.000,0.000,0.000,0.000,0.000,0.000,21.0
22:14:36.938,6298844,0.000,0.000,0.000,0.000,0.000,0.000,0.000,0.000,0.000,21.0
22:14:36.990,6298898,0.000,0.000,0.000,0.000,0.000,0.000,0.000,0.000,0.000,21.0
22:14:37.042,6298952,0.000,0.000,0.000,0.000,0.000,0.000,0.000,0.000,0.000,21.0
22:14:37.093,6299006,0.000,0.000,0.000,0.000,0.000,0.000,0.000,0.000,0.000,21.0
22:14:37.147,6299060,0.000,0.000,0.000,0.000,0.000,0.000,0.000,0.000,0.000,21.0
22:14:37.199,6299114,0.000,0.000,0.000,0.000,0.000,0.000,0.000,0.000,0.000,21.0
22:14:37.252,6299168,0.000,0.000,0.000,0.000,0.000,0.000,0.000,0.000,0.000,21.0
22:14:37.304,6299222,0.000,0.000,0.000,0.000,0.000,0.000,0.000,0.000,0.000,21.0
22:14:37.357,6299276,0.000,0.000,0.000,0.000,0.000,0.000,0.000,0.000,0.000,21.0
22:14:37.410,6299330,0.000,0.000,0.000,0.000,0.000,0.000,0.000,0.000,0.000,21.0
22:14:37.460,6299384,0.000,0.000,0.000,0.000,0.000,0.000,0.000,0.000,0.000,21.0
22:14:37.513,6299438,0.000,0.000,0.000,0.000,0.000,0.000,0.000,0.000,0.000,21.0
22:14:37.567,6299492,0.000,0.000,0.000,0.000,0.000,0.000,0.000,0.000,0.000,21.0
22:14:37.618,6299546,0.000,0.000,0.000,0.000,0.000,0.000,0.000,0.000,0.000,21.0
22:14:37.672,6299600,0.000,0.000,0.000,0.000,0.000,0.000,0.000,0.000,0.000,21.0
22:14:37.724,6299654,0.000,0.000,0.000,0.000,0.000,0.000,0.000,0.000,0.000,21.0
22:14:37.775,6299708,0.000,0.000,0.000,0.000,0.000,0.000,0.000,0.000,0.000,21.0
22:14:37.828,6299762,0.000,0.000,0.000,0.000,0.000,0.000,0.000,0.000,0.000,21.0
22:14:37.882,6299816,0.000,0.000,0.000,0.000,0.000,0.000,0.000,0.000,0.000,21.0
22:14:37.934,6299870,0.000,0.000,0.000,0.000,0.000,0.000,0.000,0.000,0.000,21.0
22:14:37.987,6299924,0.000,0.000,0.000,0.000,0.000,0.000,0.000,0.000,0.000,21.0
22:14:38.039,6299978,0.000,0.000,0.000,0.000,0.000,0.000,0.000,0.000,0.000,21.0
22:14:38.091,6300032,0.000,0.000,0.000,0.000,0.000,0.000,0.000,0.000,0.000,21.0
22:14:38.144,6300086,0.000,0.000,0.000,0.000,0.000,0.000,0.000,0.000,0.000,21.0
22:14:38.197,6300140,0.000,0.000,0.000,0.000,0.000,0.000,0.000,0.000,0.000,21.0
22:14:38.250,6300194,0.000,0.000,0.000,0.000,0.000,0.000,0.000,0.000,0.000,21.0
22:14:38.302,6300248,0.000,0.000,0.000,0.000,0.000,0.000,0.000,0.000,0.000,21.0
22:14:38.355,6300302,0.000,0.000,0.000,0.000,0.000,0.000,0.000,0.000,0.000,21.0
22:14:38.407,6300356,0.000,0.000,0.000,0.000,0.000,0.000,0.000,0.000,0.000,21.0
22:14:38.458,6300410,0.000,0.000,0.000,0.000,0.000,0.000,0.000,0.000,0.000,21.0
22:14:38.511,6300464,0.000,0.000,0.000,0.000,0.000,0.000,0.000,0.000,0.000,21.0
22:14:38.616,6300518,0.000,0.000,0.000,0.000,0.000,0.000,0.000,0.000,0.000,21.0
22:14:38.617,6300572,0.000,0.000,0.000,0.000,0.000,0.000,0.000,0.000,0.000,21.0
22:14:38.722,6300626,0.000,0.000,0.000,0.000,0.000,0.000,0.000,0.000,0.000,21.0
22:14:38.774,6300680,0.000,0.000,0.000,0.000,0.000,0.000,0.000,0.000,0.000,21.0
22:14:38.825,6300734,0.000,0.000,0.000,0.000,0.000,0.000,0.000,0.000,0.000,21.0
22:14:38.878,6300788,0.000,0.000,0.000,0.000,0.000,0.000,0.000,0.000,0.000,21.0
22:14:38.932,6300842,0.000,0.000,0.000,0.000,0.000,0.000,0.000,0.000,0.000,21.0
22:14:38.985,6300896,0.000,0.000,0.000,0.000,0.000,0.000,0.000,0.000,0.000,21.0
22:14:39.036,6300950,0.000,0.000,0.000,0.000,0.000,0.000,0.000,0.000,0.000,21.0
22:14:39.089,6301004,0.000,0.000,0.000,0.000,0.000,0.000,0.000,0.000,0.000,21.0
22:14:39.141,6301058,0.000,0.000,0.000,0.000,0.000,0.000,0.000,0.000,0.000,21.0
22:14:39.194,6301112,0.000,0.000,0.000,0.000,0.000,0.000,0.000,0.000,0.000,21.0
22:14:39.247,6301166,0.000,0.000,0.000,0.000,0.000,0.000,0.000,0.000,0.000,21.0
22:14:39.299,6301220,0.000,0.000,0.000,0.000,0.000,0.000,0.000,0.000,0.000,21.0
22:14:39.351,6301274,0.000,0.000,0.000,0.000,0.000,0.000,0.000,0.000,0.000,21.0
22:14:39.404,6301328,0.000,0.000,0.000,0.000,0.000,0.000,0.000,0.000,0.000,21.0
22:14:39.455,6301382,0.000,0.000,0.000,0.000,0.000,0.000,0.000,0.000,0.000,21.0
22:14:39.508,6301436,0.000,0.000,0.000,0.000,0.000,0.000,0.000,0.000,0.000,21.0
22:14:39.561,6301490,0.000,0.000,0.000,0.000,0.000,0.000,0.000,0.000,0.000,21.0
22:14:39.615,6301544,0.000,0.000,0.000,0.000,0.000,0.000,0.000,0.000,0.000,21.0
22:14:39.666,6301598,0.000,0.000,0.000,0.000,0.000,0.000,0.000,0.000,0.000,21.0
22:14:39.719,6301652,0.000,0.000,0.000,0.000,0.000,0.000,0.000,0.000,0.000,21.0
22:14:39.772,6301706,0.000,0.000,0.000,0.000,0.000,0.000,0.000,0.000,0.000,21.0
22:14:39.824,6301760,0.000,0.000,0.000,0.000,0.000,0.000,0.000,0.000,0.000,21.0
22:14:39.876,6301814,0.000,0.000,0.000,0.000,0.000,0.000,0.000,0.000,0.000,21.0
22:14:39.929,6301868,0.000,0.000,0.000,0.000,0.000,0.000,0.000,0.000,0.000,21.0
22:14:39.982,6301922,0.000,0.000,0.000,0.000,0.000,0.000,0.000,0.000,0.000,21.0
22:14:40.035,6301976,0.000,0.000,0.000,0.000,0.000,0.000,0.000,0.000,0.000,21.0
22:14:40.086,6302030,0.000,0.000,0.000,0.000,0.000,0.000,0.000,0.000,0.000,21.0
22:14:40.139,6302084,0.000,0.000,0.000,0.000,0.000,0.000,0.000,0.000,0.000,21.0
22:14:40.191,6302138,0.000,0.000,0.000,0.000,0.000,0.000,0.000,0.000,0.000,21.0
22:14:40.244,6302192,0.000,0.000,0.000,0.000,0.000,0.000,0.000,0.000,0.000,21.0
22:14:40.297,6302246,0.000,0.000,0.000,0.000,0.000,0.000,0.000,0.000,0.000,21.0
22:14:40.350,6302300,0.000,0.000,0.000,0.000,0.000,0.000,0.000,0.000,0.000,21.0
22:14:40.401,6302354,0.000,0.000,0.000,0.000,0.000,0.000,0.000,0.000,0.000,21.0
22:14:40.507,6302408,0.000,0.000,0.000,0.000,0.000,0.000,0.000,0.000,0.000,21.0
22:14:40.508,6302462,0.000,0.000,0.000,0.000,0.000,0.000,0.000,0.000,0.000,21.0
22:14:40.612,6302516,0.000,0.000,0.000,0.000,0.000,0.000,0.000,0.000,0.000,21.0
22:14:40.663,6302570,0.000,0.000,0.000,0.000,0.000,0.000,0.000,0.000,0.000,21.0
22:14:40.716,6302624,0.000,0.000,0.000,0.000,0.000,0.000,0.000,0.000,0.000,21.0
22:14:40.770,6302678,0.000,0.000,0.000,0.000,0.000,0.000,0.000,0.000,0.000,21.0
22:14:40.822,6302732,0.000,0.000,0.000,0.000,0.000,0.000,0.000,0.000,0.000,21.0
22:14:40.873,6302786,0.000,0.000,0.000,0.000,0.000,0.000,0.000,0.000,0.000,21.0
22:14:40.925,6302840,0.000,0.000,0.000,0.000,0.000,0.000,0.000,0.000,0.000,21.0
22:14:41.031,6302894,0.000,0.000,0.000,0.000,0.000,0.000,0.000,0.000,0.000,21.0
22:14:41.033,6302948,0.000,0.000,0.000,0.000,0.000,0.000,0.000,0.000,0.000,21.0
22:14:41.084,6303002,0.000,0.000,0.000,0.000,0.000,0.000,0.000,0.000,0.000,21.0
22:14:41.137,6303056,0.000,0.000,0.000,0.000,0.000,0.000,0.000,0.000,0.000,21.0
22:14:41.188,6303110,0.000,0.000,0.000,0.000,0.000,0.000,0.000,0.000,0.000,21.0
22:14:41.241,6303164,0.000,0.000,0.000,0.000,0.000,0.000,0.000,0.000,0.000,21.0
22:14:41.294,6303218,0.000,0.000,0.000,0.000,0.000,0.000,0.000,0.000,0.000,21.0
22:14:41.347,6303272,0.000,0.000,0.000,0.000,0.000,0.000,0.000,0.000,0.000,21.0
22:14:41.399,6303326,0.000,0.000,0.000,0.000,0.000,0.000,0.000,0.000,0.000,21.0
22:14:41.452,6303380,0.000,0.000,0.000,0.000,0.000,0.000,0.000,0.000,0.000,21.0
22:14:41.503,6303434,0.000,0.000,0.000,0.000,0.000,0.000,0.000,0.000,0.000,21.0
22:14:41.556,6303488,0.000,0.000,0.000,0.000,0.000,0.000,0.000,0.000,0.000,21.0
22:14:41.609,6303542,0.000,0.000,0.000,0.000,0.000,0.000,0.000,0.000,0.000,21.0
22:14:41.662,6303596,0.000,0.000,0.000,0.000,0.000,0.000,0.000,0.000,0.000,21.0
22:14:41.713,6303650,0.000,0.000,0.000,0.000,0.000,0.000,0.000,0.000,0.000,21.0
22:14:41.766,6303704,0.000,0.000,0.000,0.000,0.000,0.000,0.000,0.000,0.000,21.0
22:14:41.819,6303758,0.000,0.000,0.000,0.000,0.000,0.000,0.000,0.000,0.000,21.0
22:14:41.871,6303812,0.000,0.000,0.000,0.000,0.000,0.000,0.000,0.000,0.000,21.0
22:14:41.923,6303866,0.000,0.000,0.000,0.000,0.000,0.000,0.000,0.000,0.000,21.0
22:14:42.081,6303920,0.000,0.000,0.000,0.000,0.000,0.000,0.000,0.000,0.000,21.0
22:14:42.082,6303974,0.000,0.000,0.000,0.000,0.000,0.000,0.000,0.000,0.000,21.0
22:14:42.085,6304028,0.000,0.000,0.000,0.000,0.000,0.000,0.000,0.000,0.000,21.0
22:14:42.135,6304082,0.000,0.000,0.000,0.000,0.000,0.000,0.000,0.000,0.000,21.0
22:14:42.187,6304136,0.000,0.000,0.000,0.000,0.000,0.000,0.000,0.000,0.000,21.0
22:14:42.238,6304190,0.000,0.000,0.000,0.000,0.000,0.000,0.000,0.000,0.000,21.0
22:14:42.291,6304244,0.000,0.000,0.000,0.000,0.000,0.000,0.000,0.000,0.000,21.0
22:14:42.397,6304298,0.000,0.000,0.000,0.000,0.000,0.000,0.000,0.000,0.000,21.0
22:14:42.398,6304352,0.000,0.000,0.000,0.000,0.000,0.000,0.000,0.000,0.000,21.0
22:14:42.501,6304406,0.000,0.000,0.000,0.000,0.000,0.000,0.000,0.000,0.000,21.0
22:14:42.554,6304460,0.000,0.000,0.000,0.000,0.000,0.000,0.000,0.000,0.000,21.0
22:14:42.606,6304514,0.000,0.000,0.000,0.000,0.000,0.000,0.000,0.000,0.000,21.0
22:14:42.660,6304568,0.000,0.000,0.000,0.000,0.000,0.000,0.000,0.000,0.000,21.0
22:14:42.712,6304622,0.000,0.000,0.000,0.000,0.000,0.000,0.000,0.000,0.000,21.0
22:14:42.764,6304676,0.000,0.000,0.000,0.000,0.000,0.000,0.000,0.000,0.000,21.0
22:14:42.816,6304730,0.000,0.000,0.000,0.000,0.000,0.000,0.000,0.000,0.000,21.0
22:14:42.868,6304784,0.000,0.000,0.000,0.000,0.000,0.000,0.000,0.000,0.000,21.0
22:14:42.921,6304838,0.000,0.000,0.000,0.000,0.000,0.000,0.000,0.000,0.000,21.0
22:14:42.973,6304892,0.000,0.000,0.000,0.000,0.000,0.000,0.000,0.000,0.000,21.0
22:14:43.078,6304946,0.000,0.000,0.000,0.000,0.000,0.000,0.000,0.000,0.000,21.0
22:14:43.080,6305000,0.000,0.000,0.000,0.000,0.000,0.000,0.000,0.000,0.000,21.0
22:14:43.132,6305054,0.000,0.000,0.000,0.000,0.000,0.000,0.000,0.000,0.000,21.0
22:14:43.185,6305108,0.000,0.000,0.000,0.000,0.000,0.000,0.000,0.000,0.000,21.0
22:14:43.236,6305162,0.000,0.000,0.000,0.000,0.000,0.000,0.000,0.000,0.000,21.0
22:14:43.288,6305216,0.000,0.000,0.000,0.000,0.000,0.000,0.000,0.000,0.000,21.0
22:14:43.342,6305270,0.000,0.000,0.000,0.000,0.000,0.000,0.000,0.000,0.000,21.0
22:14:43.447,6305324,0.000,0.000,0.000,0.000,0.000,0.000,0.000,0.000,0.000,21.0
22:14:43.449,6305378,0.000,0.000,0.000,0.000,0.000,0.000,0.000,0.000,0.000,21.0
22:14:43.498,6305432,0.000,0.000,0.000,0.000,0.000,0.000,0.000,0.000,0.000,21.0
22:14:43.551,6305486,0.000,0.000,0.000,0.000,0.000,0.000,0.000,0.000,0.000,21.0
22:14:43.604,6305540,0.000,0.000,0.000,0.000,0.000,0.000,0.000,0.000,0.000,21.0
22:14:43.657,6305594,0.000,0.000,0.000,0.000,0.000,0.000,0.000,0.000,0.000,21.0
22:14:43.709,6305648,0.000,0.000,0.000,0.000,0.000,0.000,0.000,0.000,0.000,21.0
22:14:43.864,6305702,0.000,0.000,0.000,0.000,0.000,0.000,0.000,0.000,0.000,21.0
22:14:43.918,6305756,0.000,0.000,0.000,0.000,0.000,0.000,0.000,0.000,0.000,21.0
22:14:43.919,6305810,0.000,0.000,0.000,0.000,0.000,0.000,0.000,0.000,0.000,21.0
22:14:43.921,6305864,0.000,0.000,0.000,0.000,0.000,0.000,0.000,0.000,0.000,21.0
22:14:43.971,6305918,0.000,0.000,0.000,0.000,0.000,0.000,0.000,0.000,0.000,21.0
22:14:44.023,6305972,0.000,0.000,0.000,0.000,0.000,0.000,0.000,0.000,0.000,21.0
22:14:44.075,6306026,0.000,0.000,0.000,0.000,0.000,0.000,0.000,0.000,0.000,21.0
22:14:44.128,6306080,0.000,0.000,0.000,0.000,0.000,0.000,0.000,0.000,0.000,21.0
22:14:44.182,6306134,0.000,0.000,0.000,0.000,0.000,0.000,0.000,0.000,0.000,21.0
22:14:44.286,6306188,0.000,0.000,0.000,0.000,0.000,0.000,0.000,0.000,0.000,21.0
22:14:44.288,6306242,0.000,0.000,0.000,0.000,0.000,0.000,0.000,0.000,0.000,21.0
22:14:44.391,6306296,0.000,0.000,0.000,0.000,0.000,0.000,0.000,0.000,0.000,21.0
22:14:44.445,6306350,0.000,0.000,0.000,0.000,0.000,0.000,0.000,0.000,0.000,21.0
22:14:44.497,6306404,0.000,0.000,0.000,0.000,0.000,0.000,0.000,0.000,0.000,21.0
22:14:44.602,6306458,0.000,0.000,0.000,0.000,0.000,0.000,0.000,0.000,0.000,21.0
22:14:44.603,6306512,0.000,0.000,0.000,0.000,0.000,0.000,0.000,0.000,0.000,21.0
22:14:44.706,6306566,0.000,0.000,0.000,0.000,0.000,0.000,0.000,0.000,0.000,21.0
22:14:44.759,6306620,0.000,0.000,0.000,0.000,0.000,0.000,0.000,0.000,0.000,21.0
22:14:44.760,6306674,0.000,0.000,0.000,0.000,0.000,0.000,0.000,0.000,0.000,21.0
22:14:44.811,6306728,0.000,0.000,0.000,0.000,0.000,0.000,0.000,0.000,0.000,21.0
22:14:44.916,6306782,0.000,0.000,0.000,0.000,0.000,0.000,0.000,0.000,0.000,21.0
22:14:44.918,6306836,0.000,0.000,0.000,0.000,0.000,0.000,0.000,0.000,0.000,21.0
22:14:44.970,6306890,0.000,0.000,0.000,0.000,0.000,0.000,0.000,0.000,0.000,21.0
22:14:45.021,6306944,0.000,0.000,0.000,0.000,0.000,0.000,0.000,0.000,0.000,21.0
22:14:45.124,6306998,0.000,0.000,0.000,0.000,0.000,0.000,0.000,0.000,0.000,21.0
22:14:45.127,6307052,0.000,0.000,0.000,0.000,0.000,0.000,0.000,0.000,0.000,21.0
22:14:45.230,6307106,0.000,0.000,0.000,0.000,0.000,0.000,0.000,0.000,0.000,21.0
22:14:45.232,6307160,0.000,0.000,0.000,0.000,0.000,0.000,0.000,0.000,0.000,21.0
22:14:45.335,6307214,0.000,0.000,0.000,0.000,0.000,0.000,0.000,0.000,0.000,21.0
22:14:45.337,6307268,0.000,0.000,0.000,0.000,0.000,0.000,0.000,0.000,0.000,21.0
22:14:45.389,6307322,0.000,0.000,0.000,0.000,0.000,0.000,0.000,0.000,0.000,21.0
22:14:45.442,6307376,0.000,0.000,0.000,0.000,0.000,0.000,0.000,0.000,0.000,21.0
22:14:45.546,6307430,0.000,0.000,0.000,0.000,0.000,0.000,0.000,0.000,0.000,21.0
22:14:45.548,6307484,0.000,0.000,0.000,0.000,0.000,0.000,0.000,0.000,0.000,21.0
22:14:45.600,6307538,0.000,0.000,0.000,0.000,0.000,0.000,0.000,0.000,0.000,21.0
22:14:45.652,6307592,0.000,0.000,0.000,0.000,0.000,0.000,0.000,0.000,0.000,21.0
22:14:45.705,6307646,0.000,0.000,0.000,0.000,0.000,0.000,0.000,0.000,0.000,21.0
22:14:45.757,6307700,0.000,0.000,0.000,0.000,0.000,0.000,0.000,0.000,0.000,21.0
22:14:45.810,6307754,0.000,0.000,0.000,0.000,0.000,0.000,0.000,0.000,0.000,21.0
22:14:45.861,6307808,0.000,0.000,0.000,0.000,0.000,0.000,0.000,0.000,0.000,21.0
22:14:45.914,6307862,0.000,0.000,0.000,0.000,0.000,0.000,0.000,0.000,0.000,21.0
22:14:45.967,6307916,0.000,0.000,0.000,0.000,0.000,0.000,0.000,0.000,0.000,21.0
22:14:46.019,6307970,0.000,0.000,0.000,0.000,0.000,0.000,0.000,0.000,0.000,21.0
22:14:46.070,6308024,0.000,0.000,0.000,0.000,0.000,0.000,0.000,0.000,0.000,21.0
22:14:46.176,6308078,0.000,0.000,0.000,0.000,0.000,0.000,0.000,0.000,0.000,21.0
22:14:46.178,6308132,0.000,0.000,0.000,0.000,0.000,0.000,0.000,0.000,0.000,21.0
22:14:46.281,6308186,0.000,0.000,0.000,0.000,0.000,0.000,0.000,0.000,0.000,21.0
22:14:46.334,6308240,0.000,0.000,0.000,0.000,0.000,0.000,0.000,0.000,0.000,21.0
22:14:46.386,6308294,0.000,0.000,0.000,0.000,0.000,0.000,0.000,0.000,0.000,21.0
22:14:46.439,6308348,0.000,0.000,0.000,0.000,0.000,0.000,0.000,0.000,0.000,21.0
22:14:46.491,6308402,0.000,0.000,0.000,0.000,0.000,0.000,0.000,0.000,0.000,21.0
22:14:46.543,6308456,0.000,0.000,0.000,0.000,0.000,0.000,0.000,0.000,0.000,21.0
22:14:46.596,6308510,0.000,0.000,0.000,0.000,0.000,0.000,0.000,0.000,0.000,21.0
22:14:46.649,6308564,0.000,0.000,0.000,0.000,0.000,0.000,0.000,0.000,0.000,21.0
22:14:46.702,6308618,0.000,0.000,0.000,0.000,0.000,0.000,0.000,0.000,0.000,21.0
22:14:46.754,6308672,0.000,0.000,0.000,0.000,0.000,0.000,0.000,0.000,0.000,21.0
22:14:46.807,6308726,0.000,0.000,0.000,0.000,0.000,0.000,0.000,0.000,0.000,21.0
22:14:46.859,6308780,0.000,0.000,0.000,0.000,0.000,0.000,0.000,0.000,0.000,21.0
22:14:46.911,6308834,0.000,0.000,0.000,0.000,0.000,0.000,0.000,0.000,0.000,21.0
22:14:46.964,6308888,0.000,0.000,0.000,0.000,0.000,0.000,0.000,0.000,0.000,21.0
22:14:47.017,6308942,0.000,0.000,0.000,0.000,0.000,0.000,0.000,0.000,0.000,21.0
22:14:47.069,6308996,0.000,0.000,0.000,0.000,0.000,0.000,0.000,0.000,0.000,21.0
22:14:47.121,6309050,0.000,0.000,0.000,0.000,0.000,0.000,0.000,0.000,0.000,21.0
22:14:47.173,6309104,0.000,0.000,0.000,0.000,0.000,0.000,0.000,0.000,0.000,21.0
22:14:47.227,6309158,0.000,0.000,0.000,0.000,0.000,0.000,0.000,0.000,0.000,21.0
22:14:47.279,6309212,0.000,0.000,0.000,0.000,0.000,0.000,0.000,0.000,0.000,21.0
22:14:47.331,6309266,0.000,0.000,0.000,0.000,0.000,0.000,0.000,0.000,0.000,21.0
22:14:47.384,6309320,0.000,0.000,0.000,0.000,0.000,0.000,0.000,0.000,0.000,21.0
22:14:47.437,6309374,0.000,0.000,0.000,0.000,0.000,0.000,0.000,0.000,0.000,21.0
22:14:47.488,6309428,0.000,0.000,0.000,0.000,0.000,0.000,0.000,0.000,0.000,21.0
22:14:47.542,6309482,0.000,0.000,0.000,0.000,0.000,0.000,0.000,0.000,0.000,21.0
22:14:47.594,6309536,0.000,0.000,0.000,0.000,0.000,0.000,0.000,0.000,0.000,21.0
22:14:47.646,6309590,0.000,0.000,0.000,0.000,0.000,0.000,0.000,0.000,0.000,21.0
22:14:47.699,6309644,0.000,0.000,0.000,0.000,0.000,0.000,0.000,0.000,0.000,21.0
22:14:47.752,6309698,0.000,0.000,0.000,0.000,0.000,0.000,0.000,0.000,0.000,21.0
22:14:47.804,6309752,0.000,0.000,0.000,0.000,0.000,0.000,0.000,0.000,0.000,21.0
22:14:47.855,6309806,0.000,0.000,0.000,0.000,0.000,0.000,0.000,0.000,0.000,21.0
22:14:47.908,6309860,0.000,0.000,0.000,0.000,0.000,0.000,0.000,0.000,0.000,21.0
22:14:47.960,6309914,0.000,0.000,0.000,0.000,0.000,0.000,0.000,0.000,0.000,21.0
22:14:48.169,6309968,0.000,0.000,0.000,0.000,0.000,0.000,0.000,0.000,0.000,21.0
22:14:48.171,6310022,0.000,0.000,0.000,0.000,0.000,0.000,0.000,0.000,0.000,21.0
22:14:48.173,6310076,0.000,0.000,0.000,0.000,0.000,0.000,0.000,0.000,0.000,21.0
22:14:48.224,6310130,0.000,0.000,0.000,0.000,0.000,0.000,0.000,0.000,0.000,21.0
22:14:48.277,6310184,0.000,0.000,0.000,0.000,0.000,0.000,0.000,0.000,0.000,21.0
22:14:48.329,6310238,0.000,0.000,0.000,0.000,0.000,0.000,0.000,0.000,0.000,21.0
22:14:48.381,6310292,0.000,0.000,0.000,0.000,0.000,0.000,0.000,0.000,0.000,21.0
22:14:48.435,6310346,0.000,0.000,0.000,0.000,0.000,0.000,0.000,0.000,0.000,21.0
22:14:48.487,6310400,0.000,0.000,0.000,0.000,0.000,0.000,0.000,0.000,0.000,21.0
22:14:48.539,6310454,0.000,0.000,0.000,0.000,0.000,0.000,0.000,0.000,0.000,21.0
22:14:48.590,6310508,0.000,0.000,0.000,0.000,0.000,0.000,0.000,0.000,0.000,21.0
22:14:48.643,6310562,0.000,0.000,0.000,0.000,0.000,0.000,0.000,0.000,0.000,21.0
22:14:48.697,6310616,0.000,0.000,0.000,0.000,0.000,0.000,0.000,0.000,0.000,21.0
22:14:48.750,6310670,0.000,0.000,0.000,0.000,0.000,0.000,0.000,0.000,0.000,21.0
22:14:48.802,6310724,0.000,0.000,0.000,0.000,0.000,0.000,0.000,0.000,0.000,21.0
22:14:48.854,6310778,0.000,0.000,0.000,0.000,0.000,0.000,0.000,0.000,0.000,21.0
22:14:48.906,6310832,0.000,0.000,0.000,0.000,0.000,0.000,0.000,0.000,0.000,21.0
22:14:48.959,6310886,0.000,0.000,0.000,0.000,0.000,0.000,0.000,0.000,0.000,21.0
22:14:49.012,6310940,0.000,0.000,0.000,0.000,0.000,0.000,0.000,0.000,0.000,21.0
22:14:49.065,6310994,0.000,0.000,0.000,0.000,0.000,0.000,0.000,0.000,0.000,21.0
22:14:49.116,6311048,0.000,0.000,0.000,0.000,0.000,0.000,0.000,0.000,0.000,21.0
22:14:49.168,6311102,0.000,0.000,0.000,0.000,0.000,0.000,0.000,0.000,0.000,21.0
22:14:49.221,6311156,0.000,0.000,0.000,0.000,0.000,0.000,0.000,0.000,0.000,21.0
22:14:49.326,6311210,0.000,0.000,0.000,0.000,0.000,0.000,0.000,0.000,0.000,21.0
22:14:49.328,6311264,0.000,0.000,0.000,0.000,0.000,0.000,0.000,0.000,0.000,21.0
22:14:49.379,6311318,0.000,0.000,0.000,0.000,0.000,0.000,0.000,0.000,0.000,21.0
22:14:49.431,6311372,0.000,0.000,0.000,0.000,0.000,0.000,0.000,0.000,0.000,21.0
22:14:49.483,6311426,0.000,0.000,0.000,0.000,0.000,0.000,0.000,0.000,0.000,21.0
22:14:49.537,6311480,0.000,0.000,0.000,0.000,0.000,0.000,0.000,0.000,0.000,21.0
22:14:49.641,6311534,0.000,0.000,0.000,0.000,0.000,0.000,0.000,0.000,0.000,21.0
22:14:49.643,6311588,0.000,0.000,0.000,0.000,0.000,0.000,0.000,0.000,0.000,21.0
22:14:49.746,6311642,0.000,0.000,0.000,0.000,0.000,0.000,0.000,0.000,0.000,21.0
22:14:49.748,6311696,0.000,0.000,0.000,0.000,0.000,0.000,0.000,0.000,0.000,21.0
22:14:49.851,6311750,0.000,0.000,0.000,0.000,0.000,0.000,0.000,0.000,0.000,21.0
22:14:49.853,6311804,0.000,0.000,0.000,0.000,0.000,0.000,0.000,0.000,0.000,21.0
22:14:49.956,6311858,0.000,0.000,0.000,0.000,0.000,0.000,0.000,0.000,0.000,21.0
22:14:49.958,6311912,0.000,0.000,0.000,0.000,0.000,0.000,0.000,0.000,0.000,21.0
22:14:50.113,6311966,0.000,0.000,0.000,0.000,0.000,0.000,0.000,0.000,0.000,21.0
22:14:50.115,6312020,0.000,0.000,0.000,0.000,0.000,0.000,0.000,0.000,0.000,21.0
22:14:50.270,6312074,0.000,0.000,0.000,0.000,0.000,0.000,0.000,0.000,0.000,21.0
22:14:50.272,6312128,0.000,0.000,0.000,0.000,0.000,0.000,0.000,0.000,0.000,21.0
22:14:50.274,6312182,0.000,0.000,0.000,0.000,0.000,0.000,0.000,0.000,0.000,21.0
22:14:50.324,6312236,0.000,0.000,0.000,0.000,0.000,0.000,0.000,0.000,0.000,21.0
22:14:50.376,6312290,0.000,0.000,0.000,0.000,0.000,0.000,0.000,0.000,0.000,21.0
22:14:50.428,6312344,0.000,0.000,0.000,0.000,0.000,0.000,0.000,0.000,0.000,21.0
22:14:50.482,6312398,0.000,0.000,0.000,0.000,0.000,0.000,0.000,0.000,0.000,21.0
22:14:50.535,6312452,0.000,0.000,0.000,0.000,0.000,0.000,0.000,0.000,0.000,21.0
22:14:50.587,6312506,0.000,0.000,0.000,0.000,0.000,0.000,0.000,0.000,0.000,21.0
22:14:50.639,6312560,0.000,0.000,0.000,0.000,0.000,0.000,0.000,0.000,0.000,21.0
22:14:50.691,6312614,0.000,0.000,0.000,0.000,0.000,0.000,0.000,0.000,0.000,21.0
22:14:50.744,6312668,0.000,0.000,0.000,0.000,0.000,0.000,0.000,0.000,0.000,21.0
22:14:50.797,6312722,0.000,0.000,0.000,0.000,0.000,0.000,0.000,0.000,0.000,21.0
22:14:50.848,6312776,0.000,0.000,0.000,0.000,0.000,0.000,0.000,0.000,0.000,21.0
22:14:50.902,6312830,0.000,0.000,0.000,0.000,0.000,0.000,0.000,0.000,0.000,21.0
22:14:50.954,6312884,0.000,0.000,0.000,0.000,0.000,0.000,0.000,0.000,0.000,21.0
22:14:51.007,6312938,0.000,0.000,0.000,0.000,0.000,0.000,0.000,0.000,0.000,21.0
22:14:51.060,6312992,0.000,0.000,0.000,0.000,0.000,0.000,0.000,0.000,0.000,21.0
22:14:51.111,6313046,0.000,0.000,0.000,0.000,0.000,0.000,0.000,0.000,0.000,21.0
22:14:51.163,6313100,0.000,0.000,0.000,0.000,0.000,0.000,0.000,0.000,0.000,21.0
22:14:51.215,6313154,0.000,0.000,0.000,0.000,0.000,0.000,0.000,0.000,0.000,21.0
22:14:51.268,6313208,0.000,0.000,0.000,0.000,0.000,0.000,0.000,0.000,0.000,21.0
22:14:51.322,6313262,0.000,0.000,0.000,0.000,0.000,0.000,0.000,0.000,0.000,21.0
22:14:51.373,6313316,0.000,0.000,0.000,0.000,0.000,0.000,0.000,0.000,0.000,21.0
22:14:51.426,6313370,0.000,0.000,0.000,0.000,0.000,0.000,0.000,0.000,0.000,21.0
22:14:51.478,6313424,0.000,0.000,0.000,0.000,0.000,0.000,0.000,0.000,0.000,21.0
22:14:51.532,6313478,0.000,0.000,0.000,0.000,0.000,0.000,0.000,0.000,0.000,21.0
22:14:51.637,6313532,0.000,0.000,0.000,0.000,0.000,0.000,0.000,0.000,0.000,21.0
22:14:51.638,6313586,0.000,0.000,0.000,0.000,0.000,0.000,0.000,0.000,0.000,21.0
22:14:51.689,6313640,0.000,0.000,0.000,0.000,0.000,0.000,0.000,0.000,0.000,21.0
22:14:51.742,6313694,0.000,0.000,0.000,0.000,0.000,0.000,0.000,0.000,0.000,21.0
22:14:51.847,6313748,0.000,0.000,0.000,0.000,0.000,0.000,0.000,0.000,0.000,21.0
22:14:51.899,6313802,0.000,0.000,0.000,0.000,0.000,0.000,0.000,0.000,0.000,21.0
22:14:51.952,6313856,0.000,0.000,0.000,0.000,0.000,0.000,0.000,0.000,0.000,21.0
22:14:52.003,6313910,0.000,0.000,0.000,0.000,0.000,0.000,0.000,0.000,0.000,21.0
22:14:52.057,6313964,0.000,0.000,0.000,0.000,0.000,0.000,0.000,0.000,0.000,21.0
22:14:52.108,6314018,0.000,0.000,0.000,0.000,0.000,0.000,0.000,0.000,0.000,21.0
22:14:52.161,6314072,0.000,0.000,0.000,0.000,0.000,0.000,0.000,0.000,0.000,21.0
22:14:52.215,6314126,0.000,0.000,0.000,0.000,0.000,0.000,0.000,0.000,0.000,21.0
22:14:52.265,6314180,0.000,0.000,0.000,0.000,0.000,0.000,0.000,0.000,0.000,21.0
22:14:52.318,6314234,0.000,0.000,0.000,0.000,0.000,0.000,0.000,0.000,0.000,21.0
22:14:52.371,6314288,0.000,0.000,0.000,0.000,0.000,0.000,0.000,0.000,0.000,21.0
22:14:52.424,6314342,0.000,0.000,0.000,0.000,0.000,0.000,0.000,0.000,0.000,21.0
22:14:52.475,6314396,0.000,0.000,0.000,0.000,0.000,0.000,0.000,0.000,0.000,21.0
22:14:52.582,6314450,0.000,0.000,0.000,0.000,0.000,0.000,0.000,0.000,0.000,21.0
22:14:52.583,6314504,0.000,0.000,0.000,0.000,0.000,0.000,0.000,0.000,0.000,21.0
22:14:52.634,6314558,0.000,0.000,0.000,0.000,0.000,0.000,0.000,0.000,0.000,21.0
22:14:52.687,6314612,0.000,0.000,0.000,0.000,0.000,0.000,0.000,0.000,0.000,21.0
22:14:52.739,6314666,0.000,0.000,0.000,0.000,0.000,0.000,0.000,0.000,0.000,21.0
22:14:52.792,6314720,0.000,0.000,0.000,0.000,0.000,0.000,0.000,0.000,0.000,21.0
22:14:52.844,6314774,0.000,0.000,0.000,0.000,0.000,0.000,0.000,0.000,0.000,21.0
22:14:52.896,6314828,0.000,0.000,0.000,0.000,0.000,0.000,0.000,0.000,0.000,21.0
22:14:52.949,6314882,0.000,0.000,0.000,0.000,0.000,0.000,0.000,0.000,0.000,21.0
22:14:53.001,6314936,0.000,0.000,0.000,0.000,0.000,0.000,0.000,0.000,0.000,21.0
22:14:53.053,6314990,0.000,0.000,0.000,0.000,0.000,0.000,0.000,0.000,0.000,21.0
22:14:53.105,6315044,0.000,0.000,0.000,0.000,0.000,0.000,0.000,0.000,0.000,21.0
22:14:53.158,6315098,0.000,0.000,0.000,0.000,0.000,0.000,0.000,0.000,0.000,21.0
22:14:53.211,6315152,0.000,0.000,0.000,0.000,0.000,0.000,0.000,0.000,0.000,21.0
22:14:53.264,6315206,0.000,0.000,0.000,0.000,0.000,0.000,0.000,0.000,0.000,21.0
22:14:53.368,6315260,0.000,0.000,0.000,0.000,0.000,0.000,0.000,0.000,0.000,21.0
22:14:53.370,6315314,0.000,0.000,0.000,0.000,0.000,0.000,0.000,0.000,0.000,21.0
22:14:53.422,6315368,0.000,0.000,0.000,0.000,0.000,0.000,0.000,0.000,0.000,21.0
22:14:53.473,6315422,0.000,0.000,0.000,0.000,0.000,0.000,0.000,0.000,0.000,21.0
22:14:53.526,6315476,0.000,0.000,0.000,0.000,0.000,0.000,0.000,0.000,0.000,21.0
22:14:53.579,6315530,0.000,0.000,0.000,0.000,0.000,0.000,0.000,0.000,0.000,21.0
22:14:53.630,6315584,0.000,0.000,0.000,0.000,0.000,0.000,0.000,0.000,0.000,21.0
22:14:53.737,6315638,0.000,0.000,0.000,0.000,0.000,0.000,0.000,0.000,0.000,21.0
22:14:53.738,6315692,0.000,0.000,0.000,0.000,0.000,0.000,0.000,0.000,0.000,21.0
22:14:53.842,6315746,0.000,0.000,0.000,0.000,0.000,0.000,0.000,0.000,0.000,21.0
22:14:53.895,6315800,0.000,0.000,0.000,0.000,0.000,0.000,0.000,0.000,0.000,21.0
22:14:53.947,6315854,0.000,0.000,0.000,0.000,0.000,0.000,0.000,0.000,0.000,21.0
22:14:54.000,6315908,0.000,0.000,0.000,0.000,0.000,0.000,0.000,0.000,0.000,21.0
22:14:54.051,6315962,0.000,0.000,0.000,0.000,0.000,0.000,0.000,0.000,0.000,21.0
22:14:54.104,6316016,0.000,0.000,0.000,0.000,0.000,0.000,0.000,0.000,0.000,21.0
22:14:54.156,6316070,0.000,0.000,0.000,0.000,0.000,0.000,0.000,0.000,0.000,21.0
22:14:54.261,6316124,0.000,0.000,0.000,0.000,0.000,0.000,0.000,0.000,0.000,21.0
22:14:54.263,6316178,0.000,0.000,0.000,0.000,0.000,0.000,0.000,0.000,0.000,21.0
22:14:54.314,6316232,0.000,0.000,0.000,0.000,0.000,0.000,0.000,0.000,0.000,21.0
22:14:54.365,6316286,0.000,0.000,0.000,0.000,0.000,0.000,0.000,0.000,0.000,21.0
22:14:54.418,6316340,0.000,0.000,0.000,0.000,0.000,0.000,0.000,0.000,0.000,21.0
22:14:54.576,6316394,0.000,0.000,0.000,0.000,0.000,0.000,0.000,0.000,0.000,21.0
22:14:54.578,6316448,0.000,0.000,0.000,0.000,0.000,0.000,0.000,0.000,0.000,21.0
22:14:54.627,6316502,0.000,0.000,0.000,0.000,0.000,0.000,0.000,0.000,0.000,21.0
22:14:54.629,6316556,0.000,0.000,0.000,0.000,0.000,0.000,0.000,0.000,0.000,21.0
22:14:54.681,6316610,0.000,0.000,0.000,0.000,0.000,0.000,0.000,0.000,0.000,21.0
22:14:54.734,6316664,0.000,0.000,0.000,0.000,0.000,0.000,0.000,0.000,0.000,21.0
22:14:54.787,6316718,0.000,0.000,0.000,0.000,0.000,0.000,0.000,0.000,0.000,21.0
22:14:54.840,6316772,0.000,0.000,0.000,0.000,0.000,0.000,0.000,0.000,0.000,21.0
22:14:54.891,6316826,0.000,0.000,0.000,0.000,0.000,0.000,0.000,0.000,0.000,21.0
22:14:54.943,6316880,0.000,0.000,0.000,0.000,0.000,0.000,0.000,0.000,0.000,21.0
22:14:54.997,6316934,0.000,0.000,0.000,0.000,0.000,0.000,0.000,0.000,0.000,21.0
22:14:55.049,6316988,0.000,0.000,0.000,0.000,0.000,0.000,0.000,0.000,0.000,21.0
22:14:55.100,6317042,0.000,0.000,0.000,0.000,0.000,0.000,0.000,0.000,0.000,21.0
22:14:55.153,6317096,0.000,0.000,0.000,0.000,0.000,0.000,0.000,0.000,0.000,21.0
22:14:55.207,6317150,0.000,0.000,0.000,0.000,0.000,0.000,0.000,0.000,0.000,21.0
22:14:55.259,6317204,0.000,0.000,0.000,0.000,0.000,0.000,0.000,0.000,0.000,21.0
22:14:55.312,6317258,0.000,0.000,0.000,0.000,0.000,0.000,0.000,0.000,0.000,21.0
22:14:55.364,6317312,0.000,0.000,0.000,0.000,0.000,0.000,0.000,0.000,0.000,21.0
22:14:55.415,6317366,0.000,0.000,0.000,0.000,0.000,0.000,0.000,0.000,0.000,21.0
22:14:55.468,6317420,0.000,0.000,0.000,0.000,0.000,0.000,0.000,0.000,0.000,21.0
22:14:55.522,6317474,0.000,0.000,0.000,0.000,0.000,0.000,0.000,0.000,0.000,21.0
22:14:55.626,6317528,0.000,0.000,0.000,0.000,0.000,0.000,0.000,0.000,0.000,21.0
22:14:55.628,6317582,0.000,0.000,0.000,0.000,0.000,0.000,0.000,0.000,0.000,21.0
22:14:55.732,6317636,0.000,0.000,0.000,0.000,0.000,0.000,0.000,0.000,0.000,21.0
22:14:55.785,6317690,0.000,0.000,0.000,0.000,0.000,0.000,0.000,0.000,0.000,21.0
22:14:55.835,6317744,0.000,0.000,0.000,0.000,0.000,0.000,0.000,0.000,0.000,21.0
22:14:55.888,6317798,0.000,0.000,0.000,0.000,0.000,0.000,0.000,0.000,0.000,21.0
22:14:55.941,6317852,0.000,0.000,0.000,0.000,0.000,0.000,0.000,0.000,0.000,21.0
22:14:55.994,6317906,0.000,0.000,0.000,0.000,0.000,0.000,0.000,0.000,0.000,21.0
22:14:56.046,6317960,0.000,0.000,0.000,0.000,0.000,0.000,0.000,0.000,0.000,21.0
22:14:56.099,6318014,0.000,0.000,0.000,0.000,0.000,0.000,0.000,0.000,0.000,21.0
22:14:56.151,6318068,0.000,0.000,0.000,0.000,0.000,0.000,0.000,0.000,0.000,21.0
22:14:56.204,6318122,0.000,0.000,0.000,0.000,0.000,0.000,0.000,0.000,0.000,21.0
22:14:56.256,6318176,0.000,0.000,0.000,0.000,0.000,0.000,0.000,0.000,0.000,21.0
22:14:56.309,6318230,0.000,0.000,0.000,0.000,0.000,0.000,0.000,0.000,0.000,21.0
22:14:56.362,6318284,0.000,0.000,0.000,0.000,0.000,0.000,0.000,0.000,0.000,21.0
22:14:56.413,6318338,0.000,0.000,0.000,0.000,0.000,0.000,0.000,0.000,0.000,21.0
22:14:56.465,6318392,0.000,0.000,0.000,0.000,0.000,0.000,0.000,0.000,0.000,21.0
22:14:56.519,6318446,0.000,0.000,0.000,0.000,0.000,0.000,0.000,0.000,0.000,21.0
22:14:56.572,6318500,0.000,0.000,0.000,0.000,0.000,0.000,0.000,0.000,0.000,21.0
22:14:56.623,6318554,0.000,0.000,0.000,0.000,0.000,0.000,0.000,0.000,0.000,21.0
22:14:56.676,6318608,0.000,0.000,0.000,0.000,0.000,0.000,0.000,0.000,0.000,21.0
22:14:56.729,6318662,0.000,0.000,0.000,0.000,0.000,0.000,0.000,0.000,0.000,21.0
22:14:56.782,6318716,0.000,0.000,0.000,0.000,0.000,0.000,0.000,0.000,0.000,21.0
22:14:56.834,6318770,0.000,0.000,0.000,0.000,0.000,0.000,0.000,0.000,0.000,21.0
22:14:56.887,6318824,0.000,0.000,0.000,0.000,0.000,0.000,0.000,0.000,0.000,21.0
22:14:56.939,6318878,0.000,0.000,0.000,0.000,0.000,0.000,0.000,0.000,0.000,21.0
22:14:56.992,6318932,0.000,0.000,0.000,0.000,0.000,0.000,0.000,0.000,0.000,21.0
22:14:57.044,6318986,0.000,0.000,0.000,0.000,0.000,0.000,0.000,0.000,0.000,21.0
22:14:57.097,6319040,0.000,0.000,0.000,0.000,0.000,0.000,0.000,0.000,0.000,21.0
22:14:57.149,6319094,0.000,0.000,0.000,0.000,0.000,0.000,0.000,0.000,0.000,21.0
22:14:57.202,6319148,0.000,0.000,0.000,0.000,0.000,0.000,0.000,0.000,0.000,21.0
22:14:57.254,6319202,0.000,0.000,0.000,0.000,0.000,0.000,0.000,0.000,0.000,21.0
22:14:57.307,6319256,0.000,0.000,0.000,0.000,0.000,0.000,0.000,0.000,0.000,21.0
22:14:57.359,6319310,0.000,0.000,0.000,0.000,0.000,0.000,0.000,0.000,0.000,21.0
22:14:57.412,6319364,0.000,0.000,0.000,0.000,0.000,0.000,0.000,0.000,0.000,21.0
22:14:57.516,6319418,0.000,0.000,0.000,0.000,0.000,0.000,0.000,0.000,0.000,21.0
22:14:57.518,6319472,0.000,0.000,0.000,0.000,0.000,0.000,0.000,0.000,0.000,21.0
22:14:57.622,6319526,0.000,0.000,0.000,0.000,0.000,0.000,0.000,0.000,0.000,21.0
22:14:57.673,6319580,0.000,0.000,0.000,0.000,0.000,0.000,0.000,0.000,0.000,21.0
22:14:57.726,6319634,0.000,0.000,0.000,0.000,0.000,0.000,0.000,0.000,0.000,21.0
22:14:57.779,6319688,0.000,0.000,0.000,0.000,0.000,0.000,0.000,0.000,0.000,21.0
22:14:57.832,6319742,0.000,0.000,0.000,0.000,0.000,0.000,0.000,0.000,0.000,21.0
22:14:57.884,6319796,0.000,0.000,0.000,0.000,0.000,0.000,0.000,0.000,0.000,21.0
22:14:57.988,6319850,0.000,0.000,0.000,0.000,0.000,0.000,0.000,0.000,0.000,21.0
22:14:57.990,6319904,0.000,0.000,0.000,0.000,0.000,0.000,0.000,0.000,0.000,21.0
22:14:58.042,6319958,0.000,0.000,0.000,0.000,0.000,0.000,0.000,0.000,0.000,21.0
22:14:58.095,6320012,0.000,0.000,0.000,0.000,0.000,0.000,0.000,0.000,0.000,21.0
22:14:58.197,6320066,0.000,0.000,0.000,0.000,0.000,0.000,0.000,0.000,0.000,21.0
22:14:58.200,6320120,0.000,0.000,0.000,0.000,0.000,0.000,0.000,0.000,0.000,21.0
22:14:58.252,6320174,0.000,0.000,0.000,0.000,0.000,0.000,0.000,0.000,0.000,21.0
22:14:58.357,6320228,0.000,0.000,0.000,0.000,0.000,0.000,0.000,0.000,0.000,21.0
22:14:58.358,6320282,0.000,0.000,0.000,0.000,0.000,0.000,0.000,0.000,0.000,21.0
22:14:58.409,6320336,0.000,0.000,0.000,0.000,0.000,0.000,0.000,0.000,0.000,21.0
22:14:58.461,6320390,0.000,0.000,0.000,0.000,0.000,0.000,0.000,0.000,0.000,21.0
22:14:58.513,6320444,0.000,0.000,0.000,0.000,0.000,0.000,0.000,0.000,0.000,21.0
22:14:58.566,6320498,0.000,0.000,0.000,0.000,0.000,0.000,0.000,0.000,0.000,21.0
22:14:58.619,6320552,0.000,0.000,0.000,0.000,0.000,0.000,0.000,0.000,0.000,21.0
22:14:58.672,6320606,0.000,0.000,0.000,0.000,0.000,0.000,0.000,0.000,0.000,21.0
22:14:58.724,6320660,0.000,0.000,0.000,0.000,0.000,0.000,0.000,0.000,0.000,21.0
22:14:58.777,6320714,0.000,0.000,0.000,0.000,0.000,0.000,0.000,0.000,0.000,21.0
22:14:58.829,6320768,0.000,0.000,0.000,0.000,0.000,0.000,0.000,0.000,0.000,21.0
22:14:58.935,6320822,0.000,0.000,0.000,0.000,0.000,0.000,0.000,0.000,0.000,21.0
22:14:58.936,6320876,0.000,0.000,0.000,0.000,0.000,0.000,0.000,0.000,0.000,21.0
22:14:58.987,6320930,0.000,0.000,0.000,0.000,0.000,0.000,0.000,0.000,0.000,21.0
22:14:59.039,6320984,0.000,0.000,0.000,0.000,0.000,0.000,0.000,0.000,0.000,21.0
22:14:59.091,6321038,0.000,0.000,0.000,0.000,0.000,0.000,0.000,0.000,0.000,21.0
22:14:59.143,6321092,0.000,0.000,0.000,0.000,0.000,0.000,0.000,0.000,0.000,21.0
22:14:59.196,6321146,0.000,0.000,0.000,0.000,0.000,0.000,0.000,0.000,0.000,21.0
22:14:59.250,6321200,0.000,0.000,0.000,0.000,0.000,0.000,0.000,0.000,0.000,21.0
22:14:59.302,6321254,0.000,0.000,0.000,0.000,0.000,0.000,0.000,0.000,0.000,21.0
22:14:59.406,6321308,0.000,0.000,0.000,0.000,0.000,0.000,0.000,0.000,0.000,21.0
22:14:59.408,6321362,0.000,0.000,0.000,0.000,0.000,0.000,0.000,0.000,0.000,21.0
22:14:59.510,6321416,0.000,0.000,0.000,0.000,0.000,0.000,0.000,0.000,0.000,21.0
22:14:59.563,6321470,0.000,0.000,0.000,0.000,0.000,0.000,0.000,0.000,0.000,21.0
22:14:59.617,6321524,0.000,0.000,0.000,0.000,0.000,0.000,0.000,0.000,0.000,21.0
22:14:59.668,6321578,0.000,0.000,0.000,0.000,0.000,0.000,0.000,0.000,0.000,21.0
22:14:59.721,6321632,0.000,0.000,0.000,0.000,0.000,0.000,0.000,0.000,0.000,21.0
22:14:59.775,6321686,0.000,0.000,0.000,0.000,0.000,0.000,0.000,0.000,0.000,21.0
22:14:59.879,6321740,0.000,0.000,0.000,0.000,0.000,0.000,0.000,0.000,0.000,21.0
22:14:59.881,6321794,0.000,0.000,0.000,0.000,0.000,0.000,0.000,0.000,0.000,21.0
22:14:59.932,6321848,0.000,0.000,0.000,0.000,0.000,0.000,0.000,0.000,0.000,21.0
22:14:59.984,6321902,0.000,0.000,0.000,0.000,0.000,0.000,0.000,0.000,0.000,21.0
22:15:00.035,6321956,0.000,0.000,0.000,0.000,0.000,0.000,0.000,0.000,0.000,21.0
22:15:00.088,6322010,0.000,0.000,0.000,0.000,0.000,0.000,0.000,0.000,0.000,21.0
22:15:00.142,6322064,0.000,0.000,0.000,0.000,0.000,0.000,0.000,0.000,0.000,21.0
22:15:00.193,6322118,0.000,0.000,0.000,0.000,0.000,0.000,0.000,0.000,0.000,21.0
22:15:00.247,6322172,0.000,0.000,0.000,0.000,0.000,0.000,0.000,0.000,0.000,21.0
22:15:00.299,6322226,0.000,0.000,0.000,0.000,0.000,0.000,0.000,0.000,0.000,21.0
22:15:00.352,6322280,0.000,0.000,0.000,0.000,0.000,0.000,0.000,0.000,0.000,21.0
22:15:00.404,6322334,0.000,0.000,0.000,0.000,0.000,0.000,0.000,0.000,0.000,21.0
22:15:00.455,6322388,0.000,0.000,0.000,0.000,0.000,0.000,0.000,0.000,0.000,21.0
22:15:00.508,6322442,0.000,0.000,0.000,0.000,0.000,0.000,0.000,0.000,0.000,21.0
22:15:00.561,6322496,0.000,0.000,0.000,0.000,0.000,0.000,0.000,0.000,0.000,21.0
22:15:00.614,6322550,0.000,0.000,0.000,0.000,0.000,0.000,0.000,0.000,0.000,21.0
22:15:00.665,6322604,0.000,0.000,0.000,0.000,0.000,0.000,0.000,0.000,0.000,21.0
22:15:00.718,6322658,0.000,0.000,0.000,0.000,0.000,0.000,0.000,0.000,0.000,21.0
22:15:00.772,6322712,0.000,0.000,0.000,0.000,0.000,0.000,0.000,0.000,0.000,21.0
22:15:00.824,6322766,0.000,0.000,0.000,0.000,0.000,0.000,0.000,0.000,0.000,21.0
22:15:00.876,6322820,0.000,0.000,0.000,0.000,0.000,0.000,0.000,0.000,0.000,21.0
22:15:00.928,6322874,0.000,0.000,0.000,0.000,0.000,0.000,0.000,0.000,0.000,21.0
22:15:00.981,6322928,0.000,0.000,0.000,0.000,0.000,0.000,0.000,0.000,0.000,21.0
22:15:01.033,6322982,0.000,0.000,0.000,0.000,0.000,0.000,0.000,0.000,0.000,21.0
22:15:01.087,6323036,0.000,0.000,0.000,0.000,0.000,0.000,0.000,0.000,0.000,21.0
22:15:01.138,6323090,0.000,0.000,0.000,0.000,0.000,0.000,0.000,0.000,0.000,21.0
22:15:01.191,6323144,0.000,0.000,0.000,0.000,0.000,0.000,0.000,0.000,0.000,21.0
22:15:01.296,6323198,0.000,0.000,0.000,0.000,0.000,0.000,0.000,0.000,0.000,21.0
22:15:01.297,6323252,0.000,0.000,0.000,0.000,0.000,0.000,0.000,0.000,0.000,21.0
22:15:01.402,6323306,0.000,0.000,0.000,0.000,0.000,0.000,0.000,0.000,0.000,21.0
22:15:01.453,6323360,0.000,0.000,0.000,0.000,0.000,0.000,0.000,0.000,0.000,21.0
22:15:01.557,6323414,0.000,0.000,0.000,0.000,0.000,0.000,0.000,0.000,0.000,21.0
22:15:01.559,6323468,0.000,0.000,0.000,0.000,0.000,0.000,0.000,0.000,0.000,21.0
22:15:01.610,6323522,0.000,0.000,0.000,0.000,0.000,0.000,0.000,0.000,0.000,21.0
22:15:01.715,6323576,0.000,0.000,0.000,0.000,0.000,0.000,0.000,0.000,0.000,21.0
22:15:01.717,6323630,0.000,0.000,0.000,0.000,0.000,0.000,0.000,0.000,0.000,21.0
22:15:01.769,6323684,0.000,0.000,0.000,0.000,0.000,0.000,0.000,0.000,0.000,21.0
22:15:01.822,6323738,0.000,0.000,0.000,0.000,0.000,0.000,0.000,0.000,0.000,21.0
22:15:01.875,6323792,0.000,0.000,0.000,0.000,0.000,0.000,0.000,0.000,0.000,21.0
22:15:01.926,6323846,0.000,0.000,0.000,0.000,0.000,0.000,0.000,0.000,0.000,21.0
22:15:01.979,6323900,0.000,0.000,0.000,0.000,0.000,0.000,0.000,0.000,0.000,21.0
22:15:02.032,6323954,0.000,0.000,0.000,0.000,0.000,0.000,0.000,0.000,0.000,21.0
22:15:02.084,6324008,0.000,0.000,0.000,0.000,0.000,0.000,0.000,0.000,0.000,21.0
22:15:02.137,6324062,0.000,0.000,0.000,0.000,0.000,0.000,0.000,0.000,0.000,21.0
22:15:02.189,6324116,0.000,0.000,0.000,0.000,0.000,0.000,0.000,0.000,0.000,21.0
22:15:02.241,6324170,0.000,0.000,0.000,0.000,0.000,0.000,0.000,0.000,0.000,21.0
22:15:02.295,6324224,0.000,0.000,0.000,0.000,0.000,0.000,0.000,0.000,0.000,21.0
22:15:02.347,6324278,0.000,0.000,0.000,0.000,0.000,0.000,0.000,0.000,0.000,21.0
22:15:02.399,6324332,0.000,0.000,0.000,0.000,0.000,0.000,0.000,0.000,0.000,21.0
22:15:02.451,6324386,0.000,0.000,0.000,0.000,0.000,0.000,0.000,0.000,0.000,21.0
22:15:02.503,6324440,0.000,0.000,0.000,0.000,0.000,0.000,0.000,0.000,0.000,21.0
22:15:02.557,6324494,0.000,0.000,0.000,0.000,0.000,0.000,0.000,0.000,0.000,21.0
22:15:02.608,6324548,0.000,0.000,0.000,0.000,0.000,0.000,0.000,0.000,0.000,21.0
22:15:02.661,6324602,0.000,0.000,0.000,0.000,0.000,0.000,0.000,0.000,0.000,21.0
22:15:02.714,6324656,0.000,0.000,0.000,0.000,0.000,0.000,0.000,0.000,0.000,21.0
22:15:02.766,6324710,0.000,0.000,0.000,0.000,0.000,0.000,0.000,0.000,0.000,21.0
22:15:02.819,6324764,0.000,0.000,0.000,0.000,0.000,0.000,0.000,0.000,0.000,21.0
22:15:02.872,6324818,0.000,0.000,0.000,0.000,0.000,0.000,0.000,0.000,0.000,21.0
22:15:02.923,6324872,0.000,0.000,0.000,0.000,0.000,0.000,0.000,0.000,0.000,21.0
22:15:02.975,6324926,0.000,0.000,0.000,0.000,0.000,0.000,0.000,0.000,0.000,21.0
22:15:03.028,6324980,0.000,0.000,0.000,0.000,0.000,0.000,0.000,0.000,0.000,21.0
22:15:03.082,6325034,0.000,0.000,0.000,0.000,0.000,0.000,0.000,0.000,0.000,21.0
22:15:03.186,6325088,0.000,0.000,0.000,0.000,0.000,0.000,0.000,0.000,0.000,21.0
22:15:03.187,6325142,0.000,0.000,0.000,0.000,0.000,0.000,0.000,0.000,0.000,21.0
22:15:03.292,6325196,0.000,0.000,0.000,0.000,0.000,0.000,0.000,0.000,0.000,21.0
22:15:03.344,6325250,0.000,0.000,0.000,0.000,0.000,0.000,0.000,0.000,0.000,21.0
22:15:03.397,6325304,0.000,0.000,0.000,0.000,0.000,0.000,0.000,0.000,0.000,21.0
22:15:03.449,6325358,0.000,0.000,0.000,0.000,0.000,0.000,0.000,0.000,0.000,21.0
22:15:03.501,6325412,0.000,0.000,0.000,0.000,0.000,0.000,0.000,0.000,0.000,21.0
22:15:03.555,6325466,0.000,0.000,0.000,0.000,0.000,0.000,0.000,0.000,0.000,21.0
22:15:03.607,6325520,0.000,0.000,0.000,0.000,0.000,0.000,0.000,0.000,0.000,21.0
22:15:03.658,6325574,0.000,0.000,0.000,0.000,0.000,0.000,0.000,0.000,0.000,21.0
22:15:03.710,6325628,0.000,0.000,0.000,0.000,0.000,0.000,0.000,0.000,0.000,21.0
22:15:03.763,6325682,0.000,0.000,0.000,0.000,0.000,0.000,0.000,0.000,0.000,21.0
22:15:03.817,6325736,0.000,0.000,0.000,0.000,0.000,0.000,0.000,0.000,0.000,21.0
22:15:03.869,6325790,0.000,0.000,0.000,0.000,0.000,0.000,0.000,0.000,0.000,21.0
22:15:03.922,6325844,0.000,0.000,0.000,0.000,0.000,0.000,0.000,0.000,0.000,21.0
22:15:03.974,6325898,0.000,0.000,0.000,0.000,0.000,0.000,0.000,0.000,0.000,21.0
22:15:04.027,6325952,0.000,0.000,0.000,0.000,0.000,0.000,0.000,0.000,0.000,21.0
22:15:04.079,6326006,0.000,0.000,0.000,0.000,0.000,0.000,0.000,0.000,0.000,21.0
22:15:04.131,6326060,0.000,0.000,0.000,0.000,0.000,0.000,0.000,0.000,0.000,21.0
22:15:04.183,6326114,0.000,0.000,0.000,0.000,0.000,0.000,0.000,0.000,0.000,21.0
22:15:04.236,6326168,0.000,0.000,0.000,0.000,0.000,0.000,0.000,0.000,0.000,21.0
22:15:04.289,6326222,0.000,0.000,0.000,0.000,0.000,0.000,0.000,0.000,0.000,21.0
22:15:04.342,6326276,0.000,0.000,0.000,0.000,0.000,0.000,0.000,0.000,0.000,21.0
22:15:04.394,6326330,0.000,0.000,0.000,0.000,0.000,0.000,0.000,0.000,0.000,21.0
22:15:04.447,6326384,0.000,0.000,0.000,0.000,0.000,0.000,0.000,0.000,0.000,21.0
22:15:04.498,6326438,0.000,0.000,0.000,0.000,0.000,0.000,0.000,0.000,0.000,21.0
22:15:04.552,6326492,0.000,0.000,0.000,0.000,0.000,0.000,0.000,0.000,0.000,21.0
22:15:04.604,6326546,0.000,0.000,0.000,0.000,0.000,0.000,0.000,0.000,0.000,21.0
22:15:04.657,6326600,0.000,0.000,0.000,0.000,0.000,0.000,0.000,0.000,0.000,21.0
22:15:04.708,6326654,0.000,0.000,0.000,0.000,0.000,0.000,0.000,0.000,0.000,21.0
22:15:04.760,6326708,0.000,0.000,0.000,0.000,0.000,0.000,0.000,0.000,0.000,21.0
22:15:04.814,6326762,0.000,0.000,0.000,0.000,0.000,0.000,0.000,0.000,0.000,21.0
22:15:04.867,6326816,0.000,0.000,0.000,0.000,0.000,0.000,0.000,0.000,0.000,21.0
22:15:04.919,6326870,0.000,0.000,0.000,0.000,0.000,0.000,0.000,0.000,0.000,21.0
22:15:04.971,6326924,0.000,0.000,0.000,0.000,0.000,0.000,0.000,0.000,0.000,21.0
22:15:05.076,6326978,0.000,0.000,0.000,0.000,0.000,0.000,0.000,0.000,0.000,21.0
22:15:05.078,6327032,0.000,0.000,0.000,0.000,0.000,0.000,0.000,0.000,0.000,21.0
22:15:05.181,6327086,0.000,0.000,0.000,0.000,0.000,0.000,0.000,0.000,0.000,21.0
22:15:05.233,6327140,0.000,0.000,0.000,0.000,0.000,0.000,0.000,0.000,0.000,21.0
22:15:05.286,6327194,0.000,0.000,0.000,0.000,0.000,0.000,0.000,0.000,0.000,21.0
22:15:05.338,6327248,0.000,0.000,0.000,0.000,0.000,0.000,0.000,0.000,0.000,21.0
22:15:05.391,6327302,0.000,0.000,0.000,0.000,0.000,0.000,0.000,0.000,0.000,21.0
22:15:05.443,6327356,0.000,0.000,0.000,0.000,0.000,0.000,0.000,0.000,0.000,21.0
22:15:05.496,6327410,0.000,0.000,0.000,0.000,0.000,0.000,0.000,0.000,0.000,21.0
22:15:05.549,6327464,0.000,0.000,0.000,0.000,0.000,0.000,0.000,0.000,0.000,21.0
22:15:05.602,6327518,0.000,0.000,0.000,0.000,0.000,0.000,0.000,0.000,0.000,21.0
22:15:05.655,6327572,0.000,0.000,0.000,0.000,0.000,0.000,0.000,0.000,0.000,21.0
22:15:05.706,6327626,0.000,0.000,0.000,0.000,0.000,0.000,0.000,0.000,0.000,21.0
22:15:05.758,6327680,0.000,0.000,0.000,0.000,0.000,0.000,0.000,0.000,0.000,21.0
22:15:05.812,6327734,0.000,0.000,0.000,0.000,0.000,0.000,0.000,0.000,0.000,21.0
22:15:05.864,6327788,0.000,0.000,0.000,0.000,0.000,0.000,0.000,0.000,0.000,21.0
22:15:05.917,6327842,0.000,0.000,0.000,0.000,0.000,0.000,0.000,0.000,0.000,21.0
22:15:05.969,6327896,0.000,0.000,0.000,0.000,0.000,0.000,0.000,0.000,0.000,21.0
22:15:06.022,6327950,0.000,0.000,0.000,0.000,0.000,0.000,0.000,0.000,0.000,21.0
22:15:06.074,6328004,0.000,0.000,0.000,0.000,0.000,0.000,0.000,0.000,0.000,21.0
22:15:06.179,6328058,0.000,0.000,0.000,0.000,0.000,0.000,0.000,0.000,0.000,21.0
22:15:06.181,6328112,0.000,0.000,0.000,0.000,0.000,0.000,0.000,0.000,0.000,21.0
22:15:06.232,6328166,0.000,0.000,0.000,0.000,0.000,0.000,0.000,0.000,0.000,21.0
22:15:06.284,6328220,0.000,0.000,0.000,0.000,0.000,0.000,0.000,0.000,0.000,21.0
22:15:06.336,6328274,0.000,0.000,0.000,0.000,0.000,0.000,0.000,0.000,0.000,21.0
22:15:06.389,6328328,0.000,0.000,0.000,0.000,0.000,0.000,0.000,0.000,0.000,21.0
22:15:06.442,6328382,0.000,0.000,0.000,0.000,0.000,0.000,0.000,0.000,0.000,21.0
22:15:06.493,6328436,0.000,0.000,0.000,0.000,0.000,0.000,0.000,0.000,0.000,21.0
22:15:06.547,6328490,0.000,0.000,0.000,0.000,0.000,0.000,0.000,0.000,0.000,21.0
22:15:06.599,6328544,0.000,0.000,0.000,0.000,0.000,0.000,0.000,0.000,0.000,21.0
22:15:06.650,6328598,0.000,0.000,0.000,0.000,0.000,0.000,0.000,0.000,0.000,21.0
22:15:06.703,6328652,0.000,0.000,0.000,0.000,0.000,0.000,0.000,0.000,0.000,21.0
22:15:06.755,6328706,0.000,0.000,0.000,0.000,0.000,0.000,0.000,0.000,0.000,21.0
22:15:06.808,6328760,0.000,0.000,0.000,0.000,0.000,0.000,0.000,0.000,0.000,21.0
22:15:06.861,6328814,0.000,0.000,0.000,0.000,0.000,0.000,0.000,0.000,0.000,21.0
22:15:06.967,6328868,0.000,0.000,0.000,0.000,0.000,0.000,0.000,0.000,0.000,21.0
22:15:06.968,6328922,0.000,0.000,0.000,0.000,0.000,0.000,0.000,0.000,0.000,21.0
22:15:07.072,6328976,0.000,0.000,0.000,0.000,0.000,0.000,0.000,0.000,0.000,21.0
22:15:07.125,6329030,0.000,0.000,0.000,0.000,0.000,0.000,0.000,0.000,0.000,21.0
22:15:07.228,6329084,0.000,0.000,0.000,0.000,0.000,0.000,0.000,0.000,0.000,21.0
22:15:07.230,6329138,0.000,0.000,0.000,0.000,0.000,0.000,0.000,0.000,0.000,21.0
22:15:07.281,6329192,0.000,0.000,0.000,0.000,0.000,0.000,0.000,0.000,0.000,21.0
22:15:07.334,6329246,0.000,0.000,0.000,0.000,0.000,0.000,0.000,0.000,0.000,21.0
22:15:07.385,6329300,0.000,0.000,0.000,0.000,0.000,0.000,0.000,0.000,0.000,21.0
22:15:07.491,6329354,0.000,0.000,0.000,0.000,0.000,0.000,0.000,0.000,0.000,21.0
22:15:07.493,6329408,0.000,0.000,0.000,0.000,0.000,0.000,0.000,0.000,0.000,21.0
22:15:07.544,6329462,0.000,0.000,0.000,0.000,0.000,0.000,0.000,0.000,0.000,21.0
22:15:07.597,6329516,0.000,0.000,0.000,0.000,0.000,0.000,0.000,0.000,0.000,21.0
22:15:07.649,6329570,0.000,0.000,0.000,0.000,0.000,0.000,0.000,0.000,0.000,21.0
22:15:07.702,6329624,0.000,0.000,0.000,0.000,0.000,0.000,0.000,0.000,0.000,21.0
22:15:07.754,6329678,0.000,0.000,0.000,0.000,0.000,0.000,0.000,0.000,0.000,21.0
22:15:07.806,6329732,0.000,0.000,0.000,0.000,0.000,0.000,0.000,0.000,0.000,21.0
22:15:07.858,6329786,0.000,0.000,0.000,0.000,0.000,0.000,0.000,0.000,0.000,21.0
22:15:07.912,6329840,0.000,0.000,0.000,0.000,0.000,0.000,0.000,0.000,0.000,21.0
22:15:07.965,6329894,0.000,0.000,0.000,0.000,0.000,0.000,0.000,0.000,0.000,21.0
22:15:08.015,6329948,0.000,0.000,0.000,0.000,0.000,0.000,0.000,0.000,0.000,21.0
22:15:08.068,6330002,0.000,0.000,0.000,0.000,0.000,0.000,0.000,0.000,0.000,21.0
22:15:08.122,6330056,0.000,0.000,0.000,0.000,0.000,0.000,0.000,0.000,0.000,21.0
22:15:08.174,6330110,0.000,0.000,0.000,0.000,0.000,0.000,0.000,0.000,0.000,21.0
22:15:08.226,6330164,0.000,0.000,0.000,0.000,0.000,0.000,0.000,0.000,0.000,21.0
22:15:08.279,6330218,0.000,0.000,0.000,0.000,0.000,0.000,0.000,0.000,0.000,21.0
22:15:08.331,6330272,0.000,0.000,0.000,0.000,0.000,0.000,0.000,0.000,0.000,21.0
22:15:08.383,6330326,0.000,0.000,0.000,0.000,0.000,0.000,0.000,0.000,0.000,21.0
22:15:08.437,6330380,0.000,0.000,0.000,0.000,0.000,0.000,0.000,0.000,0.000,21.0
22:15:08.488,6330434,0.000,0.000,0.000,0.000,0.000,0.000,0.000,0.000,0.000,21.0
22:15:08.541,6330488,0.000,0.000,0.000,0.000,0.000,0.000,0.000,0.000,0.000,21.0
22:15:08.594,6330542,0.000,0.000,0.000,0.000,0.000,0.000,0.000,0.000,0.000,21.0
22:15:08.647,6330596,0.000,0.000,0.000,0.000,0.000,0.000,0.000,0.000,0.000,21.0
22:15:08.699,6330650,0.000,0.000,0.000,0.000,0.000,0.000,0.000,0.000,0.000,21.0
22:15:08.751,6330704,0.000,0.000,0.000,0.000,0.000,0.000,0.000,0.000,0.000,21.0
22:15:08.856,6330758,0.000,0.000,0.000,0.000,0.000,0.000,0.000,0.000,0.000,21.0
22:15:08.857,6330812,0.000,0.000,0.000,0.000,0.000,0.000,0.000,0.000,0.000,21.0
22:15:08.962,6330866,0.000,0.000,0.000,0.000,0.000,0.000,0.000,0.000,0.000,21.0
22:15:09.014,6330920,0.000,0.000,0.000,0.000,0.000,0.000,0.000,0.000,0.000,21.0
22:15:09.067,6330974,0.000,0.000,0.000,0.000,0.000,0.000,0.000,0.000,0.000,21.0
22:15:09.119,6331028,0.000,0.000,0.000,0.000,0.000,0.000,0.000,0.000,0.000,21.0
22:15:09.172,6331082,0.000,0.000,0.000,0.000,0.000,0.000,0.000,0.000,0.000,21.0
22:15:09.224,6331136,0.000,0.000,0.000,0.000,0.000,0.000,0.000,0.000,0.000,21.0
22:15:09.276,6331190,0.000,0.000,0.000,0.000,0.000,0.000,0.000,0.000,0.000,21.0
22:15:09.329,6331244,0.000,0.000,0.000,0.000,0.000,0.000,0.000,0.000,0.000,21.0
22:15:09.381,6331298,0.000,0.000,0.000,0.000,0.000,0.000,0.000,0.000,0.000,21.0
22:15:09.434,6331352,0.000,0.000,0.000,0.000,0.000,0.000,0.000,0.000,0.000,21.0
22:15:09.486,6331406,0.000,0.000,0.000,0.000,0.000,0.000,0.000,0.000,0.000,21.0
22:15:09.539,6331460,0.000,0.000,0.000,0.000,0.000,0.000,0.000,0.000,0.000,21.0
22:15:09.592,6331514,0.000,0.000,0.000,0.000,0.000,0.000,0.000,0.000,0.000,21.0
22:15:09.644,6331568,0.000,0.000,0.000,0.000,0.000,0.000,0.000,0.000,0.000,21.0
22:15:09.696,6331622,0.000,0.000,0.000,0.000,0.000,0.000,0.000,0.000,0.000,21.0
22:15:09.749,6331676,0.000,0.000,0.000,0.000,0.000,0.000,0.000,0.000,0.000,21.0
22:15:09.800,6331730,0.000,0.000,0.000,0.000,0.000,0.000,0.000,0.000,0.000,21.0
22:15:09.853,6331784,0.000,0.000,0.000,0.000,0.000,0.000,0.000,0.000,0.000,21.0
22:15:09.906,6331838,0.000,0.000,0.000,0.000,0.000,0.000,0.000,0.000,0.000,21.0
22:15:09.959,6331892,0.000,0.000,0.000,0.000,0.000,0.000,0.000,0.000,0.000,21.0
22:15:10.011,6331946,0.000,0.000,0.000,0.000,0.000,0.000,0.000,0.000,0.000,21.0
22:15:10.064,6332000,0.000,0.000,0.000,0.000,0.000,0.000,0.000,0.000,0.000,21.0
22:15:10.167,6332054,0.000,0.000,0.000,0.000,0.000,0.000,0.000,0.000,0.000,21.0
22:15:10.169,6332108,0.000,0.000,0.000,0.000,0.000,0.000,0.000,0.000,0.000,21.0
22:15:10.221,6332162,0.000,0.000,0.000,0.000,0.000,0.000,0.000,0.000,0.000,21.0
22:15:10.274,6332216,0.000,0.000,0.000,0.000,0.000,0.000,0.000,0.000,0.000,21.0
22:15:10.327,6332270,0.000,0.000,0.000,0.000,0.000,0.000,0.000,0.000,0.000,21.0
22:15:10.379,6332324,0.000,0.000,0.000,0.000,0.000,0.000,0.000,0.000,0.000,21.0
22:15:10.432,6332378,0.000,0.000,0.000,0.000,0.000,0.000,0.000,0.000,0.000,21.0
22:15:10.483,6332432,0.000,0.000,0.000,0.000,0.000,0.000,0.000,0.000,0.000,21.0
22:15:10.536,6332486,0.000,0.000,0.000,0.000,0.000,0.000,0.000,0.000,0.000,21.0
22:15:10.590,6332540,0.000,0.000,0.000,0.000,0.000,0.000,0.000,0.000,0.000,21.0
22:15:10.642,6332594,0.000,0.000,0.000,0.000,0.000,0.000,0.000,0.000,0.000,21.0
22:15:10.747,6332648,0.000,0.000,0.000,0.000,0.000,0.000,0.000,0.000,0.000,21.0
22:15:10.748,6332702,0.000,0.000,0.000,0.000,0.000,0.000,0.000,0.000,0.000,21.0
22:15:10.852,6332756,0.000,0.000,0.000,0.000,0.000,0.000,0.000,0.000,0.000,21.0
22:15:10.903,6332810,0.000,0.000,0.000,0.000,0.000,0.000,0.000,0.000,0.000,21.0
22:15:10.956,6332864,0.000,0.000,0.000,0.000,0.000,0.000,0.000,0.000,0.000,21.0
22:15:11.009,6332918,0.000,0.000,0.000,0.000,0.000,0.000,0.000,0.000,0.000,21.0
22:15:11.062,6332972,0.000,0.000,0.000,0.000,0.000,0.000,0.000,0.000,0.000,21.0
22:15:11.114,6333026,0.000,0.000,0.000,0.000,0.000,0.000,0.000,0.000,0.000,21.0
22:15:11.167,6333080,0.000,0.000,0.000,0.000,0.000,0.000,0.000,0.000,0.000,21.0
22:15:11.219,6333134,0.000,0.000,0.000,0.000,0.000,0.000,0.000,0.000,0.000,21.0
22:15:11.324,6333188,0.000,0.000,0.000,0.000,0.000,0.000,0.000,0.000,0.000,21.0
22:15:11.326,6333242,0.000,0.000,0.000,0.000,0.000,0.000,0.000,0.000,0.000,21.0
22:15:11.376,6333296,0.000,0.000,0.000,0.000,0.000,0.000,0.000,0.000,0.000,21.0
22:15:11.429,6333350,0.000,0.000,0.000,0.000,0.000,0.000,0.000,0.000,0.000,21.0
22:15:11.480,6333404,0.000,0.000,0.000,0.000,0.000,0.000,0.000,0.000,0.000,21.0
22:15:11.534,6333458,0.000,0.000,0.000,0.000,0.000,0.000,0.000,0.000,0.000,21.0
22:15:11.587,6333512,0.000,0.000,0.000,0.000,0.000,0.000,0.000,0.000,0.000,21.0
22:15:11.640,6333566,0.000,0.000,0.000,0.000,0.000,0.000,0.000,0.000,0.000,21.0
22:15:11.692,6333620,0.000,0.000,0.000,0.000,0.000,0.000,0.000,0.000,0.000,21.0
22:15:11.744,6333674,0.000,0.000,0.000,0.000,0.000,0.000,0.000,0.000,0.000,21.0
22:15:11.796,6333728,0.000,0.000,0.000,0.000,0.000,0.000,0.000,0.000,0.000,21.0
22:15:11.848,6333782,0.000,0.000,0.000,0.000,0.000,0.000,0.000,0.000,0.000,21.0
22:15:11.901,6333836,0.000,0.000,0.000,0.000,0.000,0.000,0.000,0.000,0.000,21.0
22:15:11.953,6333890,0.000,0.000,0.000,0.000,0.000,0.000,0.000,0.000,0.000,21.0
22:15:12.006,6333944,0.000,0.000,0.000,0.000,0.000,0.000,0.000,0.000,0.000,21.0
22:15:12.059,6333998,0.000,0.000,0.000,0.000,0.000,0.000,0.000,0.000,0.000,21.0
22:15:12.112,6334052,0.000,0.000,0.000,0.000,0.000,0.000,0.000,0.000,0.000,21.0
22:15:12.164,6334106,0.000,0.000,0.000,0.000,0.000,0.000,0.000,0.000,0.000,21.0
22:15:12.216,6334160,0.000,0.000,0.000,0.000,0.000,0.000,0.000,0.000,0.000,21.0
22:15:12.269,6334214,0.000,0.000,0.000,0.000,0.000,0.000,0.000,0.000,0.000,21.0
22:15:12.321,6334268,0.000,0.000,0.000,0.000,0.000,0.000,0.000,0.000,0.000,21.0
22:15:12.374,6334322,0.000,0.000,0.000,0.000,0.000,0.000,0.000,0.000,0.000,21.0
22:15:12.426,6334376,0.000,0.000,0.000,0.000,0.000,0.000,0.000,0.000,0.000,21.0
22:15:12.478,6334430,0.000,0.000,0.000,0.000,0.000,0.000,0.000,0.000,0.000,21.0
22:15:12.583,6334484,0.000,0.000,0.000,0.000,0.000,0.000,0.000,0.000,0.000,21.0
22:15:12.585,6334538,0.000,0.000,0.000,0.000,0.000,0.000,0.000,0.000,0.000,21.0
22:15:12.690,6334592,0.000,0.000,0.000,0.000,0.000,0.000,0.000,0.000,0.000,21.0
22:15:12.741,6334646,0.000,0.000,0.000,0.000,0.000,0.000,0.000,0.000,0.000,21.0
22:15:12.794,6334700,0.000,0.000,0.000,0.000,0.000,0.000,0.000,0.000,0.000,21.0
22:15:12.846,6334754,0.000,0.000,0.000,0.000,0.000,0.000,0.000,0.000,0.000,21.0
22:15:12.898,6334808,0.000,0.000,0.000,0.000,0.000,0.000,0.000,0.000,0.000,21.0
22:15:12.951,6334862,0.000,0.000,0.000,0.000,0.000,0.000,0.000,0.000,0.000,21.0
22:15:13.003,6334916,0.000,0.000,0.000,0.000,0.000,0.000,0.000,0.000,0.000,21.0
22:15:13.057,6334970,0.000,0.000,0.000,0.000,0.000,0.000,0.000,0.000,0.000,21.0
22:15:13.109,6335024,0.000,0.000,0.000,0.000,0.000,0.000,0.000,0.000,0.000,21.0
22:15:13.212,6335078,0.000,0.000,0.000,0.000,0.000,0.000,0.000,0.000,0.000,21.0
22:15:13.214,6335132,0.000,0.000,0.000,0.000,0.000,0.000,0.000,0.000,0.000,21.0
22:15:13.267,6335186,0.000,0.000,0.000,0.000,0.000,0.000,0.000,0.000,0.000,21.0
22:15:13.319,6335240,0.000,0.000,0.000,0.000,0.000,0.000,0.000,0.000,0.000,21.0
22:15:13.370,6335294,0.000,0.000,0.000,0.000,0.000,0.000,0.000,0.000,0.000,21.0
22:15:13.423,6335348,0.000,0.000,0.000,0.000,0.000,0.000,0.000,0.000,0.000,21.0
22:15:13.476,6335402,0.000,0.000,0.000,0.000,0.000,0.000,0.000,0.000,0.000,21.0
22:15:13.528,6335456,0.000,0.000,0.000,0.000,0.000,0.000,0.000,0.000,0.000,21.0
22:15:13.634,6335510,0.000,0.000,0.000,0.000,0.000,0.000,0.000,0.000,0.000,21.0
22:15:13.635,6335564,0.000,0.000,0.000,0.000,0.000,0.000,0.000,0.000,0.000,21.0
22:15:13.687,6335618,0.000,0.000,0.000,0.000,0.000,0.000,0.000,0.000,0.000,21.0
22:15:13.739,6335672,0.000,0.000,0.000,0.000,0.000,0.000,0.000,0.000,0.000,21.0
22:15:13.791,6335726,0.000,0.000,0.000,0.000,0.000,0.000,0.000,0.000,0.000,21.0
22:15:13.843,6335780,0.000,0.000,0.000,0.000,0.000,0.000,0.000,0.000,0.000,21.0
22:15:13.897,6335834,0.000,0.000,0.000,0.000,0.000,0.000,0.000,0.000,0.000,21.0
22:15:13.948,6335888,0.000,0.000,0.000,0.000,0.000,0.000,0.000,0.000,0.000,21.0
22:15:14.000,6335942,0.000,0.000,0.000,0.000,0.000,0.000,0.000,0.000,0.000,21.0
22:15:14.054,6335996,0.000,0.000,0.000,0.000,0.000,0.000,0.000,0.000,0.000,21.0
22:15:14.107,6336050,0.000,0.000,0.000,0.000,0.000,0.000,0.000,0.000,0.000,21.0
22:15:14.159,6336104,0.000,0.000,0.000,0.000,0.000,0.000,0.000,0.000,0.000,21.0
22:15:14.210,6336158,0.000,0.000,0.000,0.000,0.000,0.000,0.000,0.000,0.000,21.0
22:15:14.263,6336212,0.000,0.000,0.000,0.000,0.000,0.000,0.000,0.000,0.000,21.0
22:15:14.317,6336266,0.000,0.000,0.000,0.000,0.000,0.000,0.000,0.000,0.000,21.0
22:15:14.369,6336320,0.000,0.000,0.000,0.000,0.000,0.000,0.000,0.000,0.000,21.0
22:15:14.422,6336374,0.000,0.000,0.000,0.000,0.000,0.000,0.000,0.000,0.000,21.0
22:15:14.473,6336428,0.000,0.000,0.000,0.000,0.000,0.000,0.000,0.000,0.000,21.0
22:15:14.579,6336482,0.000,0.000,0.000,0.000,0.000,0.000,0.000,0.000,0.000,21.0
22:15:14.632,6336536,0.000,0.000,0.000,0.000,0.000,0.000,0.000,0.000,0.000,21.0
22:15:14.684,6336590,0.000,0.000,0.000,0.000,0.000,0.000,0.000,0.000,0.000,21.0
22:15:14.737,6336644,0.000,0.000,0.000,0.000,0.000,0.000,0.000,0.000,0.000,21.0
22:15:14.788,6336698,0.000,0.000,0.000,0.000,0.000,0.000,0.000,0.000,0.000,21.0
22:15:14.841,6336752,0.000,0.000,0.000,0.000,0.000,0.000,0.000,0.000,0.000,21.0
22:15:14.894,6336806,0.000,0.000,0.000,0.000,0.000,0.000,0.000,0.000,0.000,21.0
22:15:14.997,6336860,0.000,0.000,0.000,0.000,0.000,0.000,0.000,0.000,0.000,21.0
22:15:14.999,6336914,0.000,0.000,0.000,0.000,0.000,0.000,0.000,0.000,0.000,21.0
22:15:15.052,6336968,0.000,0.000,0.000,0.000,0.000,0.000,0.000,0.000,0.000,21.0
22:15:15.104,6337022,0.000,0.000,0.000,0.000,0.000,0.000,0.000,0.000,0.000,21.0
22:15:15.157,6337076,0.000,0.000,0.000,0.000,0.000,0.000,0.000,0.000,0.000,21.0
22:15:15.209,6337130,0.000,0.000,0.000,0.000,0.000,0.000,0.000,0.000,0.000,21.0
22:15:15.262,6337184,0.000,0.000,0.000,0.000,0.000,0.000,0.000,0.000,0.000,21.0
22:15:15.314,6337238,0.000,0.000,0.000,0.000,0.000,0.000,0.000,0.000,0.000,21.0
22:15:15.367,6337292,0.000,0.000,0.000,0.000,0.000,0.000,0.000,0.000,0.000,21.0
22:15:15.420,6337346,0.000,0.000,0.000,0.000,0.000,0.000,0.000,0.000,0.000,21.0
22:15:15.470,6337400,0.000,0.000,0.000,0.000,0.000,0.000,0.000,0.000,0.000,21.0
22:15:15.523,6337454,0.000,0.000,0.000,0.000,0.000,0.000,0.000,0.000,0.000,21.0
22:15:15.577,6337508,0.000,0.000,0.000,0.000,0.000,0.000,0.000,0.000,0.000,21.0
22:15:15.629,6337562,0.000,0.000,0.000,0.000,0.000,0.000,0.000,0.000,0.000,21.0
22:15:15.682,6337616,0.000,0.000,0.000,0.000,0.000,0.000,0.000,0.000,0.000,21.0
22:15:15.734,6337670,0.000,0.000,0.000,0.000,0.000,0.000,0.000,0.000,0.000,21.0
22:15:15.787,6337724,0.000,0.000,0.000,0.000,0.000,0.000,0.000,0.000,0.000,21.0
22:15:15.840,6337778,0.000,0.000,0.000,0.000,0.000,0.000,0.000,0.000,0.000,21.0
22:15:15.892,6337832,0.000,0.000,0.000,0.000,0.000,0.000,0.000,0.000,0.000,21.0
22:15:15.944,6337886,0.000,0.000,0.000,0.000,0.000,0.000,0.000,0.000,0.000,21.0
22:15:15.996,6337940,0.000,0.000,0.000,0.000,0.000,0.000,0.000,0.000,0.000,21.0
22:15:16.048,6337994,0.000,0.000,0.000,0.000,0.000,0.000,0.000,0.000,0.000,21.0
22:15:16.101,6338048,0.000,0.000,0.000,0.000,0.000,0.000,0.000,0.000,0.000,21.0
22:15:16.154,6338102,0.000,0.000,0.000,0.000,0.000,0.000,0.000,0.000,0.000,21.0
22:15:16.205,6338156,0.000,0.000,0.000,0.000,0.000,0.000,0.000,0.000,0.000,21.0
22:15:16.258,6338210,0.000,0.000,0.000,0.000,0.000,0.000,0.000,0.000,0.000,21.0
22:15:16.311,6338264,0.000,0.000,0.000,0.000,0.000,0.000,0.000,0.000,0.000,21.0
22:15:16.467,6338318,0.000,0.000,0.000,0.000,0.000,0.000,0.000,0.000,0.000,21.0
22:15:16.469,6338372,0.000,0.000,0.000,0.000,0.000,0.000,0.000,0.000,0.000,21.0
22:15:16.471,6338426,0.000,0.000,0.000,0.000,0.000,0.000,0.000,0.000,0.000,21.0
22:15:16.574,6338480,0.000,0.000,0.000,0.000,0.000,0.000,0.000,0.000,0.000,21.0
22:15:16.627,6338534,0.000,0.000,0.000,0.000,0.000,0.000,0.000,0.000,0.000,21.0
22:15:16.679,6338588,0.000,0.000,0.000,0.000,0.000,0.000,0.000,0.000,0.000,21.0
22:15:16.784,6338642,0.000,0.000,0.000,0.000,0.000,0.000,0.000,0.000,0.000,21.0
22:15:16.785,6338696,0.000,0.000,0.000,0.000,0.000,0.000,0.000,0.000,0.000,21.0
22:15:16.888,6338750,0.000,0.000,0.000,0.000,0.000,0.000,0.000,0.000,0.000,21.0
22:15:16.890,6338804,0.000,0.000,0.000,0.000,0.000,0.000,0.000,0.000,0.000,21.0
22:15:16.942,6338858,0.000,0.000,0.000,0.000,0.000,0.000,0.000,0.000,0.000,21.0
22:15:16.994,6338912,0.000,0.000,0.000,0.000,0.000,0.000,0.000,0.000,0.000,21.0
22:15:17.045,6338966,0.000,0.000,0.000,0.000,0.000,0.000,0.000,0.000,0.000,21.0
22:15:17.098,6339020,0.000,0.000,0.000,0.000,0.000,0.000,0.000,0.000,0.000,21.0
22:15:17.204,6339074,0.000,0.000,0.000,0.000,0.000,0.000,0.000,0.000,0.000,21.0
22:15:17.205,6339128,0.000,0.000,0.000,0.000,0.000,0.000,0.000,0.000,0.000,21.0
22:15:17.255,6339182,0.000,0.000,0.000,0.000,0.000,0.000,0.000,0.000,0.000,21.0
22:15:17.309,6339236,0.000,0.000,0.000,0.000,0.000,0.000,0.000,0.000,0.000,21.0
22:15:17.413,6339290,0.000,0.000,0.000,0.000,0.000,0.000,0.000,0.000,0.000,21.0
22:15:17.415,6339344,0.000,0.000,0.000,0.000,0.000,0.000,0.000,0.000,0.000,21.0
22:15:17.465,6339398,0.000,0.000,0.000,0.000,0.000,0.000,0.000,0.000,0.000,21.0
22:15:17.518,6339452,0.000,0.000,0.000,0.000,0.000,0.000,0.000,0.000,0.000,21.0
22:15:17.571,6339506,0.000,0.000,0.000,0.000,0.000,0.000,0.000,0.000,0.000,21.0
22:15:17.624,6339560,0.000,0.000,0.000,0.000,0.000,0.000,0.000,0.000,0.000,21.0
22:15:17.675,6339614,0.000,0.000,0.000,0.000,0.000,0.000,0.000,0.000,0.000,21.0
22:15:17.729,6339668,0.000,0.000,0.000,0.000,0.000,0.000,0.000,0.000,0.000,21.0
22:15:17.781,6339722,0.000,0.000,0.000,0.000,0.000,0.000,0.000,0.000,0.000,21.0
22:15:17.834,6339776,0.000,0.000,0.000,0.000,0.000,0.000,0.000,0.000,0.000,21.0
22:15:17.886,6339830,0.000,0.000,0.000,0.000,0.000,0.000,0.000,0.000,0.000,21.0
22:15:17.939,6339884,0.000,0.000,0.000,0.000,0.000,0.000,0.000,0.000,0.000,21.0
22:15:17.992,6339938,0.000,0.000,0.000,0.000,0.000,0.000,0.000,0.000,0.000,21.0
22:15:18.043,6339992,0.000,0.000,0.000,0.000,0.000,0.000,0.000,0.000,0.000,21.0
22:15:18.095,6340046,0.000,0.000,0.000,0.000,0.000,0.000,0.000,0.000,0.000,21.0
22:15:18.148,6340100,0.000,0.000,0.000,0.000,0.000,0.000,0.000,0.000,0.000,21.0
22:15:18.252,6340154,0.000,0.000,0.000,0.000,0.000,0.000,0.000,0.000,0.000,21.0
22:15:18.254,6340208,0.000,0.000,0.000,0.000,0.000,0.000,0.000,0.000,0.000,21.0
22:15:18.359,6340262,0.000,0.000,0.000,0.000,0.000,0.000,0.000,0.000,0.000,21.0
22:15:18.462,6340316,0.000,0.000,0.000,0.000,0.000,0.000,0.000,0.000,0.000,21.0
22:15:18.464,6340370,0.000,0.000,0.000,0.000,0.000,0.000,0.000,0.000,0.000,21.0
22:15:18.516,6340424,0.000,0.000,0.000,0.000,0.000,0.000,0.000,0.000,0.000,21.0
22:15:18.568,6340478,0.000,0.000,0.000,0.000,0.000,0.000,0.000,0.000,0.000,21.0
22:15:18.672,6340532,0.000,0.000,0.000,0.000,0.000,0.000,0.000,0.000,0.000,21.0
22:15:18.674,6340586,0.000,0.000,0.000,0.000,0.000,0.000,0.000,0.000,0.000,21.0
22:15:18.726,6340640,0.000,0.000,0.000,0.000,0.000,0.000,0.000,0.000,0.000,21.0
22:15:18.779,6340694,0.000,0.000,0.000,0.000,0.000,0.000,0.000,0.000,0.000,21.0
22:15:18.832,6340748,0.000,0.000,0.000,0.000,0.000,0.000,0.000,0.000,0.000,21.0
22:15:18.884,6340802,0.000,0.000,0.000,0.000,0.000,0.000,0.000,0.000,0.000,21.0
22:15:18.937,6340856,0.000,0.000,0.000,0.000,0.000,0.000,0.000,0.000,0.000,21.0
22:15:18.989,6340910,0.000,0.000,0.000,0.000,0.000,0.000,0.000,0.000,0.000,21.0
22:15:19.041,6340964,0.000,0.000,0.000,0.000,0.000,0.000,0.000,0.000,0.000,21.0
22:15:19.093,6341018,0.000,0.000,0.000,0.000,0.000,0.000,0.000,0.000,0.000,21.0
22:15:19.145,6341072,0.000,0.000,0.000,0.000,0.000,0.000,0.000,0.000,0.000,21.0
22:15:19.198,6341126,0.000,0.000,0.000,0.000,0.000,0.000,0.000,0.000,0.000,21.0
22:15:19.251,6341180,0.000,0.000,0.000,0.000,0.000,0.000,0.000,0.000,0.000,21.0
22:15:19.304,6341234,0.000,0.000,0.000,0.000,0.000,0.000,0.000,0.000,0.000,21.0
22:15:19.357,6341288,0.000,0.000,0.000,0.000,0.000,0.000,0.000,0.000,0.000,21.0
22:15:19.408,6341342,0.000,0.000,0.000,0.000,0.000,0.000,0.000,0.000,0.000,21.0
22:15:19.460,6341396,0.000,0.000,0.000,0.000,0.000,0.000,0.000,0.000,0.000,21.0
22:15:19.513,6341450,0.000,0.000,0.000,0.000,0.000,0.000,0.000,0.000,0.000,21.0
22:15:19.567,6341504,0.000,0.000,0.000,0.000,0.000,0.000,0.000,0.000,0.000,21.0
22:15:19.619,6341558,0.000,0.000,0.000,0.000,0.000,0.000,0.000,0.000,0.000,21.0
22:15:19.672,6341612,0.000,0.000,0.000,0.000,0.000,0.000,0.000,0.000,0.000,21.0
22:15:19.724,6341666,0.000,0.000,0.000,0.000,0.000,0.000,0.000,0.000,0.000,21.0
22:15:19.777,6341720,0.000,0.000,0.000,0.000,0.000,0.000,0.000,0.000,0.000,21.0
22:15:19.829,6341774,0.000,0.000,0.000,0.000,0.000,0.000,0.000,0.000,0.000,21.0
22:15:19.881,6341828,0.000,0.000,0.000,0.000,0.000,0.000,0.000,0.000,0.000,21.0
22:15:19.934,6341882,0.000,0.000,0.000,0.000,0.000,0.000,0.000,0.000,0.000,21.0
22:15:20.038,6341936,0.000,0.000,0.000,0.000,0.000,0.000,0.000,0.000,0.000,21.0
22:15:20.040,6341990,0.000,0.000,0.000,0.000,0.000,0.000,0.000,0.000,0.000,21.0
22:15:20.091,6342044,0.000,0.000,0.000,0.000,0.000,0.000,0.000,0.000,0.000,21.0
22:15:20.143,6342098,0.000,0.000,0.000,0.000,0.000,0.000,0.000,0.000,0.000,21.0
22:15:20.249,6342152,0.000,0.000,0.000,0.000,0.000,0.000,0.000,0.000,0.000,21.0
22:15:20.300,6342206,0.000,0.000,0.000,0.000,0.000,0.000,0.000,0.000,0.000,21.0
22:15:20.353,6342260,0.000,0.000,0.000,0.000,0.000,0.000,0.000,0.000,0.000,21.0
22:15:20.407,6342314,0.000,0.000,0.000,0.000,0.000,0.000,0.000,0.000,0.000,21.0
22:15:20.458,6342368,0.000,0.000,0.000,0.000,0.000,0.000,0.000,0.000,0.000,21.0
22:15:20.563,6342422,0.000,0.000,0.000,0.000,0.000,0.000,0.000,0.000,0.000,21.0
22:15:20.564,6342476,0.000,0.000,0.000,0.000,0.000,0.000,0.000,0.000,0.000,21.0
22:15:20.616,6342530,0.000,0.000,0.000,0.000,0.000,0.000,0.000,0.000,0.000,21.0
22:15:20.669,6342584,0.000,0.000,0.000,0.000,0.000,0.000,0.000,0.000,0.000,21.0
22:15:20.722,6342638,0.000,0.000,0.000,0.000,0.000,0.000,0.000,0.000,0.000,21.0
22:15:20.774,6342692,0.000,0.000,0.000,0.000,0.000,0.000,0.000,0.000,0.000,21.0
22:15:20.878,6342746,0.000,0.000,0.000,0.000,0.000,0.000,0.000,0.000,0.000,21.0
22:15:20.880,6342800,0.000,0.000,0.000,0.000,0.000,0.000,0.000,0.000,0.000,21.0
22:15:20.931,6342854,0.000,0.000,0.000,0.000,0.000,0.000,0.000,0.000,0.000,21.0
22:15:20.984,6342908,0.000,0.000,0.000,0.000,0.000,0.000,0.000,0.000,0.000,21.0
22:15:21.036,6342962,0.000,0.000,0.000,0.000,0.000,0.000,0.000,0.000,0.000,21.0
22:15:21.088,6343016,0.000,0.000,0.000,0.000,0.000,0.000,0.000,0.000,0.000,21.0
22:15:21.142,6343070,0.000,0.000,0.000,0.000,0.000,0.000,0.000,0.000,0.000,21.0
22:15:21.193,6343124,0.000,0.000,0.000,0.000,0.000,0.000,0.000,0.000,0.000,21.0
22:15:21.299,6343178,0.000,0.000,0.000,0.000,0.000,0.000,0.000,0.000,0.000,21.0
22:15:21.301,6343232,0.000,0.000,0.000,0.000,0.000,0.000,0.000,0.000,0.000,21.0
22:15:21.352,6343286,0.000,0.000,0.000,0.000,0.000,0.000,0.000,0.000,0.000,21.0
22:15:21.403,6343340,0.000,0.000,0.000,0.000,0.000,0.000,0.000,0.000,0.000,21.0
22:15:21.455,6343394,0.000,0.000,0.000,0.000,0.000,0.000,0.000,0.000,0.000,21.0
22:15:21.509,6343448,0.000,0.000,0.000,0.000,0.000,0.000,0.000,0.000,0.000,21.0
22:15:21.612,6343502,0.000,0.000,0.000,0.000,0.000,0.000,0.000,0.000,0.000,21.0
22:15:21.667,6343556,0.000,0.000,0.000,0.000,0.000,0.000,0.000,0.000,0.000,21.0
22:15:21.668,6343610,0.000,0.000,0.000,0.000,0.000,0.000,0.000,0.000,0.000,21.0
22:15:21.719,6343664,0.000,0.000,0.000,0.000,0.000,0.000,0.000,0.000,0.000,21.0
22:15:21.773,6343718,0.000,0.000,0.000,0.000,0.000,0.000,0.000,0.000,0.000,21.0
22:15:21.823,6343772,0.000,0.000,0.000,0.000,0.000,0.000,0.000,0.000,0.000,21.0
22:15:21.928,6343826,0.000,0.000,0.000,0.000,0.000,0.000,0.000,0.000,0.000,21.0
22:15:21.930,6343880,0.000,0.000,0.000,0.000,0.000,0.000,0.000,0.000,0.000,21.0
22:15:21.982,6343934,0.000,0.000,0.000,0.000,0.000,0.000,0.000,0.000,0.000,21.0
22:15:22.034,6343988,0.000,0.000,0.000,0.000,0.000,0.000,0.000,0.000,0.000,21.0
22:15:22.138,6344042,0.000,0.000,0.000,0.000,0.000,0.000,0.000,0.000,0.000,21.0
22:15:22.242,6344096,0.000,0.000,0.000,0.000,0.000,0.000,0.000,0.000,0.000,21.0
22:15:22.244,6344150,0.000,0.000,0.000,0.000,0.000,0.000,0.000,0.000,0.000,21.0
22:15:22.295,6344204,0.000,0.000,0.000,0.000,0.000,0.000,0.000,0.000,0.000,21.0
22:15:22.401,6344258,0.000,0.000,0.000,0.000,0.000,0.000,0.000,0.000,0.000,21.0
22:15:22.402,6344312,0.000,0.000,0.000,0.000,0.000,0.000,0.000,0.000,0.000,21.0
22:15:22.454,6344366,0.000,0.000,0.000,0.000,0.000,0.000,0.000,0.000,0.000,21.0
22:15:22.506,6344420,0.000,0.000,0.000,0.000,0.000,0.000,0.000,0.000,0.000,21.0
22:15:22.663,6344474,0.000,0.000,0.000,0.000,0.000,0.000,0.000,0.000,0.000,21.0
22:15:22.665,6344528,0.000,0.000,0.000,0.000,0.000,0.000,0.000,0.000,0.000,21.0
22:15:22.666,6344582,0.000,0.000,0.000,0.000,0.000,0.000,0.000,0.000,0.000,21.0
22:15:22.717,6344636,0.000,0.000,0.000,0.000,0.000,0.000,0.000,0.000,0.000,21.0
22:15:22.769,6344690,0.000,0.000,0.000,0.000,0.000,0.000,0.000,0.000,0.000,21.0
22:15:22.820,6344744,0.000,0.000,0.000,0.000,0.000,0.000,0.000,0.000,0.000,21.0
22:15:22.874,6344798,0.000,0.000,0.000,0.000,0.000,0.000,0.000,0.000,0.000,21.0
22:15:22.926,6344852,0.000,0.000,0.000,0.000,0.000,0.000,0.000,0.000,0.000,21.0
22:15:22.979,6344906,0.000,0.000,0.000,0.000,0.000,0.000,0.000,0.000,0.000,21.0
22:15:23.032,6344960,0.000,0.000,0.000,0.000,0.000,0.000,0.000,0.000,0.000,21.0
22:15:23.084,6345014,0.000,0.000,0.000,0.000,0.000,0.000,0.000,0.000,0.000,21.0
22:15:23.136,6345068,0.000,0.000,0.000,0.000,0.000,0.000,0.000,0.000,0.000,21.0
22:15:23.189,6345122,0.000,0.000,0.000,0.000,0.000,0.000,0.000,0.000,0.000,21.0
22:15:23.241,6345176,0.000,0.000,0.000,0.000,0.000,0.000,0.000,0.000,0.000,21.0
22:15:23.293,6345230,0.000,0.000,0.000,0.000,0.000,0.000,0.000,0.000,0.000,21.0
22:15:23.346,6345284,0.000,0.000,0.000,0.000,0.000,0.000,0.000,0.000,0.000,21.0
22:15:23.399,6345338,0.000,0.000,0.000,0.000,0.000,0.000,0.000,0.000,0.000,21.0
22:15:23.452,6345392,0.000,0.000,0.000,0.000,0.000,0.000,0.000,0.000,0.000,21.0
22:15:23.503,6345446,0.000,0.000,0.000,0.000,0.000,0.000,0.000,0.000,0.000,21.0
22:15:23.557,6345500,0.000,0.000,0.000,0.000,0.000,0.000,0.000,0.000,0.000,21.0
22:15:23.609,6345554,0.000,0.000,0.000,0.000,0.000,0.000,0.000,0.000,0.000,21.0
22:15:23.661,6345608,0.000,0.000,0.000,0.000,0.000,0.000,0.000,0.000,0.000,21.0
22:15:23.714,6345662,0.000,0.000,0.000,0.000,0.000,0.000,0.000,0.000,0.000,21.0
22:15:23.767,6345716,0.000,0.000,0.000,0.000,0.000,0.000,0.000,0.000,0.000,21.0
22:15:23.819,6345770,0.000,0.000,0.000,0.000,0.000,0.000,0.000,0.000,0.000,21.0
22:15:23.872,6345824,0.000,0.000,0.000,0.000,0.000,0.000,0.000,0.000,0.000,21.0
22:15:23.924,6345878,0.000,0.000,0.000,0.000,0.000,0.000,0.000,0.000,0.000,21.0
22:15:24.029,6345932,0.000,0.000,0.000,0.000,0.000,0.000,0.000,0.000,0.000,21.0
22:15:24.081,6345986,0.000,0.000,0.000,0.000,0.000,0.000,0.000,0.000,0.000,21.0
22:15:24.134,6346040,0.000,0.000,0.000,0.000,0.000,0.000,0.000,0.000,0.000,21.0
22:15:24.186,6346094,0.000,0.000,0.000,0.000,0.000,0.000,0.000,0.000,0.000,21.0
22:15:24.239,6346148,0.000,0.000,0.000,0.000,0.000,0.000,0.000,0.000,0.000,21.0
22:15:24.290,6346202,0.000,0.000,0.000,0.000,0.000,0.000,0.000,0.000,0.000,21.0
22:15:24.343,6346256,0.000,0.000,0.000,0.000,0.000,0.000,0.000,0.000,0.000,21.0
22:15:24.449,6346310,0.000,0.000,0.000,0.000,0.000,0.000,0.000,0.000,0.000,21.0
22:15:24.451,6346364,0.000,0.000,0.000,0.000,0.000,0.000,0.000,0.000,0.000,21.0
22:15:24.501,6346418,0.000,0.000,0.000,0.000,0.000,0.000,0.000,0.000,0.000,21.0
22:15:24.553,6346472,0.000,0.000,0.000,0.000,0.000,0.000,0.000,0.000,0.000,21.0
22:15:24.657,6346526,0.000,0.000,0.000,0.000,0.000,0.000,0.000,0.000,0.000,21.0
22:15:24.658,6346580,0.000,0.000,0.000,0.000,0.000,0.000,0.000,0.000,0.000,21.0
22:15:24.710,6346634,0.000,0.000,0.000,0.000,0.000,0.000,0.000,0.000,0.000,21.0
22:15:24.764,6346688,0.000,0.000,0.000,0.000,0.000,0.000,0.000,0.000,0.000,21.0
22:15:24.815,6346742,0.000,0.000,0.000,0.000,0.000,0.000,0.000,0.000,0.000,21.0
22:15:24.869,6346796,0.000,0.000,0.000,0.000,0.000,0.000,0.000,0.000,0.000,21.0
22:15:24.922,6346850,0.000,0.000,0.000,0.000,0.000,0.000,0.000,0.000,0.000,21.0
22:15:24.974,6346904,0.000,0.000,0.000,0.000,0.000,0.000,0.000,0.000,0.000,21.0
22:15:25.026,6346958,0.000,0.000,0.000,0.000,0.000,0.000,0.000,0.000,0.000,21.0
22:15:25.131,6347012,0.000,0.000,0.000,0.000,0.000,0.000,0.000,0.000,0.000,21.0
22:15:25.132,6347066,0.000,0.000,0.000,0.000,0.000,0.000,0.000,0.000,0.000,21.0
22:15:25.183,6347120,0.000,0.000,0.000,0.000,0.000,0.000,0.000,0.000,0.000,21.0
22:15:25.236,6347174,0.000,0.000,0.000,0.000,0.000,0.000,0.000,0.000,0.000,21.0
22:15:25.289,6347228,0.000,0.000,0.000,0.000,0.000,0.000,0.000,0.000,0.000,21.0
22:15:25.340,6347282,0.000,0.000,0.000,0.000,0.000,0.000,0.000,0.000,0.000,21.0
22:15:25.394,6347336,0.000,0.000,0.000,0.000,0.000,0.000,0.000,0.000,0.000,21.0
22:15:25.447,6347390,0.000,0.000,0.000,0.000,0.000,0.000,0.000,0.000,0.000,21.0
22:15:25.499,6347444,0.000,0.000,0.000,0.000,0.000,0.000,0.000,0.000,0.000,21.0
22:15:25.603,6347498,0.000,0.000,0.000,0.000,0.000,0.000,0.000,0.000,0.000,21.0
22:15:25.605,6347552,0.000,0.000,0.000,0.000,0.000,0.000,0.000,0.000,0.000,21.0
22:15:25.657,6347606,0.000,0.000,0.000,0.000,0.000,0.000,0.000,0.000,0.000,21.0
22:15:25.708,6347660,0.000,0.000,0.000,0.000,0.000,0.000,0.000,0.000,0.000,21.0
22:15:25.761,6347714,0.000,0.000,0.000,0.000,0.000,0.000,0.000,0.000,0.000,21.0
22:15:25.813,6347768,0.000,0.000,0.000,0.000,0.000,0.000,0.000,0.000,0.000,21.0
22:15:25.918,6347822,0.000,0.000,0.000,0.000,0.000,0.000,0.000,0.000,0.000,21.0
22:15:25.972,6347876,0.000,0.000,0.000,0.000,0.000,0.000,0.000,0.000,0.000,21.0
22:15:26.024,6347930,0.000,0.000,0.000,0.000,0.000,0.000,0.000,0.000,0.000,21.0
22:15:26.076,6347984,0.000,0.000,0.000,0.000,0.000,0.000,0.000,0.000,0.000,21.0
22:15:26.129,6348038,0.000,0.000,0.000,0.000,0.000,0.000,0.000,0.000,0.000,21.0
22:15:26.181,6348092,0.000,0.000,0.000,0.000,0.000,0.000,0.000,0.000,0.000,21.0
22:15:26.235,6348146,0.000,0.000,0.000,0.000,0.000,0.000,0.000,0.000,0.000,21.0
22:15:26.286,6348200,0.000,0.000,0.000,0.000,0.000,0.000,0.000,0.000,0.000,21.0
22:15:26.338,6348254,0.000,0.000,0.000,0.000,0.000,0.000,0.000,0.000,0.000,21.0
22:15:26.390,6348308,0.000,0.000,0.000,0.000,0.000,0.000,0.000,0.000,0.000,21.0
22:15:26.443,6348362,0.000,0.000,0.000,0.000,0.000,0.000,0.000,0.000,0.000,21.0
22:15:26.497,6348416,0.000,0.000,0.000,0.000,0.000,0.000,0.000,0.000,0.000,21.0
22:15:26.548,6348470,0.000,0.000,0.000,0.000,0.000,0.000,0.000,0.000,0.000,21.0
22:15:26.600,6348524,0.000,0.000,0.000,0.000,0.000,0.000,0.000,0.000,0.000,21.0
22:15:26.654,6348578,0.000,0.000,0.000,0.000,0.000,0.000,0.000,0.000,0.000,21.0
22:15:26.707,6348632,0.000,0.000,0.000,0.000,0.000,0.000,0.000,0.000,0.000,21.0
22:15:26.758,6348686,0.000,0.000,0.000,0.000,0.000,0.000,0.000,0.000,0.000,21.0
22:15:26.811,6348740,0.000,0.000,0.000,0.000,0.000,0.000,0.000,0.000,0.000,21.0
22:15:26.863,6348794,0.000,0.000,0.000,0.000,0.000,0.000,0.000,0.000,0.000,21.0
22:15:26.916,6348848,0.000,0.000,0.000,0.000,0.000,0.000,0.000,0.000,0.000,21.0
22:15:26.969,6348902,0.000,0.000,0.000,0.000,0.000,0.000,0.000,0.000,0.000,21.0
22:15:27.075,6348956,0.000,0.000,0.000,0.000,0.000,0.000,0.000,0.000,0.000,21.0
22:15:27.076,6349010,0.000,0.000,0.000,0.000,0.000,0.000,0.000,0.000,0.000,21.0
22:15:27.126,6349064,0.000,0.000,0.000,0.000,0.000,0.000,0.000,0.000,0.000,21.0
22:15:27.231,6349118,0.000,0.000,0.000,0.000,0.000,0.000,0.000,0.000,0.000,21.0
22:15:27.233,6349172,0.000,0.000,0.000,0.000,0.000,0.000,0.000,0.000,0.000,21.0
22:15:27.283,6349226,0.000,0.000,0.000,0.000,0.000,0.000,0.000,0.000,0.000,21.0
22:15:27.336,6349280,0.000,0.000,0.000,0.000,0.000,0.000,0.000,0.000,0.000,21.0
22:15:27.388,6349334,0.000,0.000,0.000,0.000,0.000,0.000,0.000,0.000,0.000,21.0
22:15:27.440,6349388,0.000,0.000,0.000,0.000,0.000,0.000,0.000,0.000,0.000,21.0
22:15:27.494,6349442,0.000,0.000,0.000,0.000,0.000,0.000,0.000,0.000,0.000,21.0
22:15:27.598,6349496,0.000,0.000,0.000,0.000,0.000,0.000,0.000,0.000,0.000,21.0
22:15:27.600,6349550,0.000,0.000,0.000,0.000,0.000,0.000,0.000,0.000,0.000,21.0
22:15:27.652,6349604,0.000,0.000,0.000,0.000,0.000,0.000,0.000,0.000,0.000,21.0
22:15:27.756,6349658,0.000,0.000,0.000,0.000,0.000,0.000,0.000,0.000,0.000,21.0
22:15:27.758,6349712,0.000,0.000,0.000,0.000,0.000,0.000,0.000,0.000,0.000,21.0
22:15:27.860,6349766,0.000,0.000,0.000,0.000,0.000,0.000,0.000,0.000,0.000,21.0
22:15:27.914,6349820,0.000,0.000,0.000,0.000,0.000,0.000,0.000,0.000,0.000,21.0
22:15:27.967,6349874,0.000,0.000,0.000,0.000,0.000,0.000,0.000,0.000,0.000,21.0
22:15:28.020,6349928,0.000,0.000,0.000,0.000,0.000,0.000,0.000,0.000,0.000,21.0
22:15:28.072,6349982,0.000,0.000,0.000,0.000,0.000,0.000,0.000,0.000,0.000,21.0
22:15:28.124,6350036,0.000,0.000,0.000,0.000,0.000,0.000,0.000,0.000,0.000,21.0
22:15:28.177,6350090,0.000,0.000,0.000,0.000,0.000,0.000,0.000,0.000,0.000,21.0
22:15:28.228,6350144,0.000,0.000,0.000,0.000,0.000,0.000,0.000,0.000,0.000,21.0
22:15:28.281,6350198,0.000,0.000,0.000,0.000,0.000,0.000,0.000,0.000,0.000,21.0
22:15:28.334,6350252,0.000,0.000,0.000,0.000,0.000,0.000,0.000,0.000,0.000,21.0
22:15:28.437,6350306,0.000,0.000,0.000,0.000,0.000,0.000,0.000,0.000,0.000,21.0
22:15:28.439,6350360,0.000,0.000,0.000,0.000,0.000,0.000,0.000,0.000,0.000,21.0
22:15:28.491,6350414,0.000,0.000,0.000,0.000,0.000,0.000,0.000,0.000,0.000,21.0
22:15:28.544,6350468,0.000,0.000,0.000,0.000,0.000,0.000,0.000,0.000,0.000,21.0
22:15:28.597,6350522,0.000,0.000,0.000,0.000,0.000,0.000,0.000,0.000,0.000,21.0
22:15:28.650,6350576,0.000,0.000,0.000,0.000,0.000,0.000,0.000,0.000,0.000,21.0
22:15:28.702,6350630,0.000,0.000,0.000,0.000,0.000,0.000,0.000,0.000,0.000,21.0
22:15:28.754,6350684,0.000,0.000,0.000,0.000,0.000,0.000,0.000,0.000,0.000,21.0
22:15:28.805,6350738,0.000,0.000,0.000,0.000,0.000,0.000,0.000,0.000,0.000,21.0
22:15:28.911,6350792,0.000,0.000,0.000,0.000,0.000,0.000,0.000,0.000,0.000,21.0
22:15:28.912,6350846,0.000,0.000,0.000,0.000,0.000,0.000,0.000,0.000,0.000,21.0
22:15:28.964,6350900,0.000,0.000,0.000,0.000,0.000,0.000,0.000,0.000,0.000,21.0
22:15:29.016,6350954,0.000,0.000,0.000,0.000,0.000,0.000,0.000,0.000,0.000,21.0
22:15:29.068,6351008,0.000,0.000,0.000,0.000,0.000,0.000,0.000,0.000,0.000,21.0
22:15:29.172,6351062,0.000,0.000,0.000,0.000,0.000,0.000,0.000,0.000,0.000,21.0
22:15:29.174,6351116,0.000,0.000,0.000,0.000,0.000,0.000,0.000,0.000,0.000,21.0
22:15:29.277,6351170,0.000,0.000,0.000,0.000,0.000,0.000,0.000,0.000,0.000,21.0
22:15:29.279,6351224,0.000,0.000,0.000,0.000,0.000,0.000,0.000,0.000,0.000,21.0
22:15:29.331,6351278,0.000,0.000,0.000,0.000,0.000,0.000,0.000,0.000,0.000,21.0
22:15:29.384,6351332,0.000,0.000,0.000,0.000,0.000,0.000,0.000,0.000,0.000,21.0
22:15:29.437,6351386,0.000,0.000,0.000,0.000,0.000,0.000,0.000,0.000,0.000,21.0
22:15:29.488,6351440,0.000,0.000,0.000,0.000,0.000,0.000,0.000,0.000,0.000,21.0
22:15:29.541,6351494,0.000,0.000,0.000,0.000,0.000,0.000,0.000,0.000,0.000,21.0
22:15:29.594,6351548,0.000,0.000,0.000,0.000,0.000,0.000,0.000,0.000,0.000,21.0
22:15:29.699,6351602,0.000,0.000,0.000,0.000,0.000,0.000,0.000,0.000,0.000,21.0
22:15:29.803,6351656,0.000,0.000,0.000,0.000,0.000,0.000,0.000,0.000,0.000,21.0
22:15:29.804,6351710,0.000,0.000,0.000,0.000,0.000,0.000,0.000,0.000,0.000,21.0
22:15:29.856,6351764,0.000,0.000,0.000,0.000,0.000,0.000,0.000,0.000,0.000,21.0
22:15:29.909,6351818,0.000,0.000,0.000,0.000,0.000,0.000,0.000,0.000,0.000,21.0
22:15:29.962,6351872,0.000,0.000,0.000,0.000,0.000,0.000,0.000,0.000,0.000,21.0
22:15:30.014,6351926,0.000,0.000,0.000,0.000,0.000,0.000,0.000,0.000,0.000,21.0
22:15:30.067,6351980,0.000,0.000,0.000,0.000,0.000,0.000,0.000,0.000,0.000,21.0
22:15:30.118,6352034,0.000,0.000,0.000,0.000,0.000,0.000,0.000,0.000,0.000,21.0
22:15:30.172,6352088,0.000,0.000,0.000,0.000,0.000,0.000,0.000,0.000,0.000,21.0
22:15:30.224,6352142,0.000,0.000,0.000,0.000,0.000,0.000,0.000,0.000,0.000,21.0
22:15:30.328,6352196,0.000,0.000,0.000,0.000,0.000,0.000,0.000,0.000,0.000,21.0
22:15:30.329,6352250,0.000,0.000,0.000,0.000,0.000,0.000,0.000,0.000,0.000,21.0
22:15:30.381,6352304,0.000,0.000,0.000,0.000,0.000,0.000,0.000,0.000,0.000,21.0
22:15:30.434,6352358,0.000,0.000,0.000,0.000,0.000,0.000,0.000,0.000,0.000,21.0
22:15:30.485,6352412,0.000,0.000,0.000,0.000,0.000,0.000,0.000,0.000,0.000,21.0
22:15:30.538,6352466,0.000,0.000,0.000,0.000,0.000,0.000,0.000,0.000,0.000,21.0
22:15:30.644,6352520,0.000,0.000,0.000,0.000,0.000,0.000,0.000,0.000,0.000,21.0
22:15:30.645,6352574,0.000,0.000,0.000,0.000,0.000,0.000,0.000,0.000,0.000,21.0
22:15:30.697,6352628,0.000,0.000,0.000,0.000,0.000,0.000,0.000,0.000,0.000,21.0
22:15:30.748,6352682,0.000,0.000,0.000,0.000,0.000,0.000,0.000,0.000,0.000,21.0
22:15:30.801,6352736,0.000,0.000,0.000,0.000,0.000,0.000,0.000,0.000,0.000,21.0
22:15:30.958,6352790,0.000,0.000,0.000,0.000,0.000,0.000,0.000,0.000,0.000,21.0
22:15:30.959,6352844,0.000,0.000,0.000,0.000,0.000,0.000,0.000,0.000,0.000,21.0
22:15:30.961,6352898,0.000,0.000,0.000,0.000,0.000,0.000,0.000,0.000,0.000,21.0
22:15:31.012,6352952,0.000,0.000,0.000,0.000,0.000,0.000,0.000,0.000,0.000,21.0
22:15:31.064,6353006,0.000,0.000,0.000,0.000,0.000,0.000,0.000,0.000,0.000,21.0
22:15:31.116,6353060,0.000,0.000,0.000,0.000,0.000,0.000,0.000,0.000,0.000,21.0
22:15:31.168,6353114,0.000,0.000,0.000,0.000,0.000,0.000,0.000,0.000,0.000,21.0
22:15:31.222,6353168,0.000,0.000,0.000,0.000,0.000,0.000,0.000,0.000,0.000,21.0
22:15:31.273,6353222,0.000,0.000,0.000,0.000,0.000,0.000,0.000,0.000,0.000,21.0
22:15:31.325,6353276,0.000,0.000,0.000,0.000,0.000,0.000,0.000,0.000,0.000,21.0
22:15:31.378,6353330,0.000,0.000,0.000,0.000,0.000,0.000,0.000,0.000,0.000,21.0
22:15:31.432,6353384,0.000,0.000,0.000,0.000,0.000,0.000,0.000,0.000,0.000,21.0
22:15:31.483,6353438,0.000,0.000,0.000,0.000,0.000,0.000,0.000,0.000,0.000,21.0
22:15:31.588,6353492,0.000,0.000,0.000,0.000,0.000,0.000,0.000,0.000,0.000,21.0
22:15:31.642,6353546,0.000,0.000,0.000,0.000,0.000,0.000,0.000,0.000,0.000,21.0
22:15:31.694,6353600,0.000,0.000,0.000,0.000,0.000,0.000,0.000,0.000,0.000,21.0
22:15:31.747,6353654,0.000,0.000,0.000,0.000,0.000,0.000,0.000,0.000,0.000,21.0
22:15:31.799,6353708,0.000,0.000,0.000,0.000,0.000,0.000,0.000,0.000,0.000,21.0
22:15:31.851,6353762,0.000,0.000,0.000,0.000,0.000,0.000,0.000,0.000,0.000,21.0
22:15:31.903,6353816,0.000,0.000,0.000,0.000,0.000,0.000,0.000,0.000,0.000,21.0
22:15:31.956,6353870,0.000,0.000,0.000,0.000,0.000,0.000,0.000,0.000,0.000,21.0
22:15:32.009,6353924,0.000,0.000,0.000,0.000,0.000,0.000,0.000,0.000,0.000,21.0
22:15:32.062,6353978,0.000,0.000,0.000,0.000,0.000,0.000,0.000,0.000,0.000,21.0
22:15:32.114,6354032,0.000,0.000,0.000,0.000,0.000,0.000,0.000,0.000,0.000,21.0
22:15:32.166,6354086,0.000,0.000,0.000,0.000,0.000,0.000,0.000,0.000,0.000,21.0
22:15:32.219,6354140,0.000,0.000,0.000,0.000,0.000,0.000,0.000,0.000,0.000,21.0
22:15:32.272,6354194,0.000,0.000,0.000,0.000,0.000,0.000,0.000,0.000,0.000,21.0
22:15:32.324,6354248,0.000,0.000,0.000,0.000,0.000,0.000,0.000,0.000,0.000,21.0
22:15:32.376,6354302,0.000,0.000,0.000,0.000,0.000,0.000,0.000,0.000,0.000,21.0
22:15:32.428,6354356,0.000,0.000,0.000,0.000,0.000,0.000,0.000,0.000,0.000,21.0
22:15:32.480,6354410,0.000,0.000,0.000,0.000,0.000,0.000,0.000,0.000,0.000,21.0
22:15:32.534,6354464,0.000,0.000,0.000,0.000,0.000,0.000,0.000,0.000,0.000,21.0
22:15:32.585,6354518,0.000,0.000,0.000,0.000,0.000,0.000,0.000,0.000,0.000,21.0
22:15:32.638,6354572,0.000,0.000,0.000,0.000,0.000,0.000,0.000,0.000,0.000,21.0
22:15:32.692,6354626,0.000,0.000,0.000,0.000,0.000,0.000,0.000,0.000,0.000,21.0
22:15:32.795,6354680,0.000,0.000,0.000,0.000,0.000,0.000,0.000,0.000,0.000,21.0
22:15:32.797,6354734,0.000,0.000,0.000,0.000,0.000,0.000,0.000,0.000,0.000,21.0
22:15:32.850,6354788,0.000,0.000,0.000,0.000,0.000,0.000,0.000,0.000,0.000,21.0
22:15:32.954,6354842,0.000,0.000,0.000,0.000,0.000,0.000,0.000,0.000,0.000,21.0
22:15:32.955,6354896,0.000,0.000,0.000,0.000,0.000,0.000,0.000,0.000,0.000,21.0
22:15:33.006,6354950,0.000,0.000,0.000,0.000,0.000,0.000,0.000,0.000,0.000,21.0
22:15:33.059,6355004,0.000,0.000,0.000,0.000,0.000,0.000,0.000,0.000,0.000,21.0
22:15:33.112,6355058,0.000,0.000,0.000,0.000,0.000,0.000,0.000,0.000,0.000,21.0
22:15:33.165,6355112,0.000,0.000,0.000,0.000,0.000,0.000,0.000,0.000,0.000,21.0
22:15:33.217,6355166,0.000,0.000,0.000,0.000,0.000,0.000,0.000,0.000,0.000,21.0
22:15:33.270,6355220,0.000,0.000,0.000,0.000,0.000,0.000,0.000,0.000,0.000,21.0
22:15:33.322,6355274,0.000,0.000,0.000,0.000,0.000,0.000,0.000,0.000,0.000,21.0
22:15:33.373,6355328,0.000,0.000,0.000,0.000,0.000,0.000,0.000,0.000,0.000,21.0
22:15:33.479,6355382,0.000,0.000,0.000,0.000,0.000,0.000,0.000,0.000,0.000,21.0
22:15:33.532,6355436,0.000,0.000,0.000,0.000,0.000,0.000,0.000,0.000,0.000,21.0
22:15:33.584,6355490,0.000,0.000,0.000,0.000,0.000,0.000,0.000,0.000,0.000,21.0
22:15:33.636,6355544,0.000,0.000,0.000,0.000,0.000,0.000,0.000,0.000,0.000,21.0
22:15:33.689,6355598,0.000,0.000,0.000,0.000,0.000,0.000,0.000,0.000,0.000,21.0
22:15:33.742,6355652,0.000,0.000,0.000,0.000,0.000,0.000,0.000,0.000,0.000,21.0
22:15:33.794,6355706,0.000,0.000,0.000,0.000,0.000,0.000,0.000,0.000,0.000,21.0
22:15:33.847,6355760,0.000,0.000,0.000,0.000,0.000,0.000,0.000,0.000,0.000,21.0
22:15:33.898,6355814,0.000,0.000,0.000,0.000,0.000,0.000,0.000,0.000,0.000,21.0
22:15:33.952,6355868,0.000,0.000,0.000,0.000,0.000,0.000,0.000,0.000,0.000,21.0
22:15:34.004,6355922,0.000,0.000,0.000,0.000,0.000,0.000,0.000,0.000,0.000,21.0
22:15:34.056,6355976,0.000,0.000,0.000,0.000,0.000,0.000,0.000,0.000,0.000,21.0
22:15:34.109,6356030,0.000,0.000,0.000,0.000,0.000,0.000,0.000,0.000,0.000,21.0
22:15:34.161,6356084,0.000,0.000,0.000,0.000,0.000,0.000,0.000,0.000,0.000,21.0
22:15:34.214,6356138,0.000,0.000,0.000,0.000,0.000,0.000,0.000,0.000,0.000,21.0
22:15:34.266,6356192,0.000,0.000,0.000,0.000,0.000,0.000,0.000,0.000,0.000,21.0
22:15:34.319,6356246,0.000,0.000,0.000,0.000,0.000,0.000,0.000,0.000,0.000,21.0
22:15:34.370,6356300,0.000,0.000,0.000,0.000,0.000,0.000,0.000,0.000,0.000,21.0
22:15:34.423,6356354,0.000,0.000,0.000,0.000,0.000,0.000,0.000,0.000,0.000,21.0
22:15:34.475,6356408,0.000,0.000,0.000,0.000,0.000,0.000,0.000,0.000,0.000,21.0
22:15:34.529,6356462,0.000,0.000,0.000,0.000,0.000,0.000,0.000,0.000,0.000,21.0
22:15:34.582,6356516,0.000,0.000,0.000,0.000,0.000,0.000,0.000,0.000,0.000,21.0
22:15:34.633,6356570,0.000,0.000,0.000,0.000,0.000,0.000,0.000,0.000,0.000,21.0
22:15:34.685,6356624,0.000,0.000,0.000,0.000,0.000,0.000,0.000,0.000,0.000,21.0
22:15:34.738,6356678,0.000,0.000,0.000,0.000,0.000,0.000,0.000,0.000,0.000,21.0
22:15:34.792,6356732,0.000,0.000,0.000,0.000,0.000,0.000,0.000,0.000,0.000,21.0
22:15:34.844,6356786,0.000,0.000,0.000,0.000,0.000,0.000,0.000,0.000,0.000,21.0
22:15:34.896,6356840,0.000,0.000,0.000,0.000,0.000,0.000,0.000,0.000,0.000,21.0
22:15:34.999,6356894,0.000,0.000,0.000,0.000,0.000,0.000,0.000,0.000,0.000,21.0
22:15:35.001,6356948,0.000,0.000,0.000,0.000,0.000,0.000,0.000,0.000,0.000,21.0
22:15:35.054,6357002,0.000,0.000,0.000,0.000,0.000,0.000,0.000,0.000,0.000,21.0
22:15:35.107,6357056,0.000,0.000,0.000,0.000,0.000,0.000,0.000,0.000,0.000,21.0
22:15:35.210,6357110,0.000,0.000,0.000,0.000,0.000,0.000,0.000,0.000,0.000,21.0
22:15:35.212,6357164,0.000,0.000,0.000,0.000,0.000,0.000,0.000,0.000,0.000,21.0
22:15:35.263,6357218,0.000,0.000,0.000,0.000,0.000,0.000,0.000,0.000,0.000,21.0
22:15:35.368,6357272,0.000,0.000,0.000,0.000,0.000,0.000,0.000,0.000,0.000,21.0
22:15:35.420,6357326,0.000,0.000,0.000,0.000,0.000,0.000,0.000,0.000,0.000,21.0
22:15:35.526,6357380,0.000,0.000,0.000,0.000,0.000,0.000,0.000,0.000,0.000,21.0
22:15:35.528,6357434,0.000,0.000,0.000,0.000,0.000,0.000,0.000,0.000,0.000,21.0
22:15:35.580,6357488,0.000,0.000,0.000,0.000,0.000,0.000,0.000,0.000,0.000,21.0
22:15:35.631,6357542,0.000,0.000,0.000,0.000,0.000,0.000,0.000,0.000,0.000,21.0
22:15:35.683,6357596,0.000,0.000,0.000,0.000,0.000,0.000,0.000,0.000,0.000,21.0
22:15:35.735,6357650,0.000,0.000,0.000,0.000,0.000,0.000,0.000,0.000,0.000,21.0
22:15:35.789,6357704,0.000,0.000,0.000,0.000,0.000,0.000,0.000,0.000,0.000,21.0
22:15:35.842,6357758,0.000,0.000,0.000,0.000,0.000,0.000,0.000,0.000,0.000,21.0
22:15:35.893,6357812,0.000,0.000,0.000,0.000,0.000,0.000,0.000,0.000,0.000,21.0
22:15:35.947,6357866,0.000,0.000,0.000,0.000,0.000,0.000,0.000,0.000,0.000,21.0
22:15:35.999,6357920,0.000,0.000,0.000,0.000,0.000,0.000,0.000,0.000,0.000,21.0
22:15:36.052,6357974,0.000,0.000,0.000,0.000,0.000,0.000,0.000,0.000,0.000,21.0
22:15:36.104,6358028,0.000,0.000,0.000,0.000,0.000,0.000,0.000,0.000,0.000,21.0
22:15:36.157,6358082,0.000,0.000,0.000,0.000,0.000,0.000,0.000,0.000,0.000,21.0
22:15:36.209,6358136,0.000,0.000,0.000,0.000,0.000,0.000,0.000,0.000,0.000,21.0
22:15:36.262,6358190,0.000,0.000,0.000,0.000,0.000,0.000,0.000,0.000,0.000,21.0
22:15:36.314,6358244,0.000,0.000,0.000,0.000,0.000,0.000,0.000,0.000,0.000,21.0
22:15:36.367,6358298,0.000,0.000,0.000,0.000,0.000,0.000,0.000,0.000,0.000,21.0
22:15:36.419,6358352,0.000,0.000,0.000,0.000,0.000,0.000,0.000,0.000,0.000,21.0
22:15:36.470,6358406,0.000,0.000,0.000,0.000,0.000,0.000,0.000,0.000,0.000,21.0
22:15:36.626,6358460,0.000,0.000,0.000,0.000,0.000,0.000,0.000,0.000,0.000,21.0
22:15:36.628,6358514,0.000,0.000,0.000,0.000,0.000,0.000,0.000,0.000,0.000,21.0
22:15:36.630,6358568,0.000,0.000,0.000,0.000,0.000,0.000,0.000,0.000,0.000,21.0
22:15:36.681,6358622,0.000,0.000,0.000,0.000,0.000,0.000,0.000,0.000,0.000,21.0
22:15:36.733,6358676,0.000,0.000,0.000,0.000,0.000,0.000,0.000,0.000,0.000,21.0
22:15:36.838,6358730,0.000,0.000,0.000,0.000,0.000,0.000,0.000,0.000,0.000,21.0
22:15:36.839,6358784,0.000,0.000,0.000,0.000,0.000,0.000,0.000,0.000,0.000,21.0
22:15:36.892,6358838,0.000,0.000,0.000,0.000,0.000,0.000,0.000,0.000,0.000,21.0
22:15:36.943,6358892,0.000,0.000,0.000,0.000,0.000,0.000,0.000,0.000,0.000,21.0
22:15:37.048,6358946,0.000,0.000,0.000,0.000,0.000,0.000,0.000,0.000,0.000,21.0
22:15:37.050,6359000,0.000,0.000,0.000,0.000,0.000,0.000,0.000,0.000,0.000,21.0
22:15:37.154,6359054,0.000,0.000,0.000,0.000,0.000,0.000,0.000,0.000,0.000,21.0
22:15:37.156,6359108,0.000,0.000,0.000,0.000,0.000,0.000,0.000,0.000,0.000,21.0
22:15:37.258,6359162,0.000,0.000,0.000,0.000,0.000,0.000,0.000,0.000,0.000,21.0
22:15:37.364,6359216,0.000,0.000,0.000,0.000,0.000,0.000,0.000,0.000,0.000,21.0
22:15:37.365,6359270,0.000,0.000,0.000,0.000,0.000,0.000,0.000,0.000,0.000,21.0
22:15:37.416,6359324,0.000,0.000,0.000,0.000,0.000,0.000,0.000,0.000,0.000,21.0
22:15:37.468,6359378,0.000,0.000,0.000,0.000,0.000,0.000,0.000,0.000,0.000,21.0
22:15:37.521,6359432,0.000,0.000,0.000,0.000,0.000,0.000,0.000,0.000,0.000,21.0
22:15:37.574,6359486,0.000,0.000,0.000,0.000,0.000,0.000,0.000,0.000,0.000,21.0
22:15:37.625,6359540,0.000,0.000,0.000,0.000,0.000,0.000,0.000,0.000,0.000,21.0
22:15:37.678,6359594,0.000,0.000,0.000,0.000,0.000,0.000,0.000,0.000,0.000,21.0
22:15:37.783,6359648,0.000,0.000,0.000,0.000,0.000,0.000,0.000,0.000,0.000,21.0
22:15:37.785,6359702,0.000,0.000,0.000,0.000,0.000,0.000,0.000,0.000,0.000,21.0
22:15:37.836,6359756,0.000,0.000,0.000,0.000,0.000,0.000,0.000,0.000,0.000,21.0
22:15:37.888,6359810,0.000,0.000,0.000,0.000,0.000,0.000,0.000,0.000,0.000,21.0
22:15:37.941,6359864,0.000,0.000,0.000,0.000,0.000,0.000,0.000,0.000,0.000,21.0
22:15:37.993,6359918,0.000,0.000,0.000,0.000,0.000,0.000,0.000,0.000,0.000,21.0
22:15:38.047,6359972,0.000,0.000,0.000,0.000,0.000,0.000,0.000,0.000,0.000,21.0
22:15:38.099,6360026,0.000,0.000,0.000,0.000,0.000,0.000,0.000,0.000,0.000,21.0
22:15:38.151,6360080,0.000,0.000,0.000,0.000,0.000,0.000,0.000,0.000,0.000,21.0
22:15:38.204,6360134,0.000,0.000,0.000,0.000,0.000,0.000,0.000,0.000,0.000,21.0
22:15:38.307,6360188,0.000,0.000,0.000,0.000,0.000,0.000,0.000,0.000,0.000,21.0
22:15:38.309,6360242,0.000,0.000,0.000,0.000,0.000,0.000,0.000,0.000,0.000,21.0
22:15:38.361,6360296,0.000,0.000,0.000,0.000,0.000,0.000,0.000,0.000,0.000,21.0
22:15:38.413,6360350,0.000,0.000,0.000,0.000,0.000,0.000,0.000,0.000,0.000,21.0
22:15:38.465,6360404,0.000,0.000,0.000,0.000,0.000,0.000,0.000,0.000,0.000,21.0
22:15:38.519,6360458,0.000,0.000,0.000,0.000,0.000,0.000,0.000,0.000,0.000,21.0
22:15:38.572,6360512,0.000,0.000,0.000,0.000,0.000,0.000,0.000,0.000,0.000,21.0
22:15:38.624,6360566,0.000,0.000,0.000,0.000,0.000,0.000,0.000,0.000,0.000,21.0
22:15:38.676,6360620,0.000,0.000,0.000,0.000,0.000,0.000,0.000,0.000,0.000,21.0
22:15:38.729,6360674,0.000,0.000,0.000,0.000,0.000,0.000,0.000,0.000,0.000,21.0
22:15:38.780,6360728,0.000,0.000,0.000,0.000,0.000,0.000,0.000,0.000,0.000,21.0
22:15:38.833,6360782,0.000,0.000,0.000,0.000,0.000,0.000,0.000,0.000,0.000,21.0
22:15:38.885,6360836,0.000,0.000,0.000,0.000,0.000,0.000,0.000,0.000,0.000,21.0
22:15:38.938,6360890,0.000,0.000,0.000,0.000,0.000,0.000,0.000,0.000,0.000,21.0
22:15:38.990,6360944,0.000,0.000,0.000,0.000,0.000,0.000,0.000,0.000,0.000,21.0
22:15:39.044,6360998,0.000,0.000,0.000,0.000,0.000,0.000,0.000,0.000,0.000,21.0
22:15:39.149,6361052,0.000,0.000,0.000,0.000,0.000,0.000,0.000,0.000,0.000,21.0
22:15:39.201,6361106,0.000,0.000,0.000,0.000,0.000,0.000,0.000,0.000,0.000,21.0
22:15:39.254,6361160,0.000,0.000,0.000,0.000,0.000,0.000,0.000,0.000,0.000,21.0
22:15:39.306,6361214,0.000,0.000,0.000,0.000,0.000,0.000,0.000,0.000,0.000,21.0
22:15:39.359,6361268,0.000,0.000,0.000,0.000,0.000,0.000,0.000,0.000,0.000,21.0
22:15:39.411,6361322,0.000,0.000,0.000,0.000,0.000,0.000,0.000,0.000,0.000,21.0
22:15:39.463,6361376,0.000,0.000,0.000,0.000,0.000,0.000,0.000,0.000,0.000,21.0
22:15:39.516,6361430,0.000,0.000,0.000,0.000,0.000,0.000,0.000,0.000,0.000,21.0
22:15:39.569,6361484,0.000,0.000,0.000,0.000,0.000,0.000,0.000,0.000,0.000,21.0
22:15:39.621,6361538,0.000,0.000,0.000,0.000,0.000,0.000,0.000,0.000,0.000,21.0
22:15:39.674,6361592,0.000,0.000,0.000,0.000,0.000,0.000,0.000,0.000,0.000,21.0
22:15:39.726,6361646,0.000,0.000,0.000,0.000,0.000,0.000,0.000,0.000,0.000,21.0
22:15:39.779,6361700,0.000,0.000,0.000,0.000,0.000,0.000,0.000,0.000,0.000,21.0
22:15:39.831,6361754,0.000,0.000,0.000,0.000,0.000,0.000,0.000,0.000,0.000,21.0
22:15:39.883,6361808,0.000,0.000,0.000,0.000,0.000,0.000,0.000,0.000,0.000,21.0
22:15:39.936,6361862,0.000,0.000,0.000,0.000,0.000,0.000,0.000,0.000,0.000,21.0
22:15:39.989,6361916,0.000,0.000,0.000,0.000,0.000,0.000,0.000,0.000,0.000,21.0
22:15:40.041,6361970,0.000,0.000,0.000,0.000,0.000,0.000,0.000,0.000,0.000,21.0
22:15:40.094,6362024,0.000,0.000,0.000,0.000,0.000,0.000,0.000,0.000,0.000,21.0
22:15:40.147,6362078,0.000,0.000,0.000,0.000,0.000,0.000,0.000,0.000,0.000,21.0
22:15:40.200,6362132,0.000,0.000,0.000,0.000,0.000,0.000,0.000,0.000,0.000,21.0
22:15:40.252,6362186,0.000,0.000,0.000,0.000,0.000,0.000,0.000,0.000,0.000,21.0
22:15:40.303,6362240,0.000,0.000,0.000,0.000,0.000,0.000,0.000,0.000,0.000,21.0
22:15:40.357,6362294,0.000,0.000,0.000,0.000,0.000,0.000,0.000,0.000,0.000,21.0
22:15:40.409,6362348,0.000,0.000,0.000,0.000,0.000,0.000,0.000,0.000,0.000,21.0
22:15:40.460,6362402,0.000,0.000,0.000,0.000,0.000,0.000,0.000,0.000,0.000,21.0
22:15:40.513,6362456,0.000,0.000,0.000,0.000,0.000,0.000,0.000,0.000,0.000,21.0
22:15:40.566,6362510,0.000,0.000,0.000,0.000,0.000,0.000,0.000,0.000,0.000,21.0
22:15:40.620,6362564,0.000,0.000,0.000,0.000,0.000,0.000,0.000,0.000,0.000,21.0
22:15:40.671,6362618,0.000,0.000,0.000,0.000,0.000,0.000,0.000,0.000,0.000,21.0
22:15:40.723,6362672,0.000,0.000,0.000,0.000,0.000,0.000,0.000,0.000,0.000,21.0
22:15:40.775,6362726,0.000,0.000,0.000,0.000,0.000,0.000,0.000,0.000,0.000,21.0
22:15:40.828,6362780,0.000,0.000,0.000,0.000,0.000,0.000,0.000,0.000,0.000,21.0
22:15:40.880,6362834,0.000,0.000,0.000,0.000,0.000,0.000,0.000,0.000,0.000,21.0
22:15:40.934,6362888,0.000,0.000,0.000,0.000,0.000,0.000,0.000,0.000,0.000,21.0
22:15:41.039,6362942,0.000,0.000,0.000,0.000,0.000,0.000,0.000,0.000,0.000,21.0
22:15:41.092,6362996,0.000,0.000,0.000,0.000,0.000,0.000,0.000,0.000,0.000,21.0
22:15:41.144,6363050,0.000,0.000,0.000,0.000,0.000,0.000,0.000,0.000,0.000,21.0
22:15:41.197,6363104,0.000,0.000,0.000,0.000,0.000,0.000,0.000,0.000,0.000,21.0
22:15:41.249,6363158,0.000,0.000,0.000,0.000,0.000,0.000,0.000,0.000,0.000,21.0
22:15:41.301,6363212,0.000,0.000,0.000,0.000,0.000,0.000,0.000,0.000,0.000,21.0
22:15:41.354,6363266,0.000,0.000,0.000,0.000,0.000,0.000,0.000,0.000,0.000,21.0
22:15:41.406,6363320,0.000,0.000,0.000,0.000,0.000,0.000,0.000,0.000,0.000,21.0
22:15:41.458,6363374,0.000,0.000,0.000,0.000,0.000,0.000,0.000,0.000,0.000,21.0
22:15:41.510,6363428,0.000,0.000,0.000,0.000,0.000,0.000,0.000,0.000,0.000,21.0
22:15:41.564,6363482,0.000,0.000,0.000,0.000,0.000,0.000,0.000,0.000,0.000,21.0
22:15:41.617,6363536,0.000,0.000,0.000,0.000,0.000,0.000,0.000,0.000,0.000,21.0
22:15:41.669,6363590,0.000,0.000,0.000,0.000,0.000,0.000,0.000,0.000,0.000,21.0
22:15:41.720,6363644,0.000,0.000,0.000,0.000,0.000,0.000,0.000,0.000,0.000,21.0
22:15:41.774,6363698,0.000,0.000,0.000,0.000,0.000,0.000,0.000,0.000,0.000,21.0
22:15:41.878,6363752,0.000,0.000,0.000,0.000,0.000,0.000,0.000,0.000,0.000,21.0
22:15:41.880,6363806,0.000,0.000,0.000,0.000,0.000,0.000,0.000,0.000,0.000,21.0
22:15:41.930,6363860,0.000,0.000,0.000,0.000,0.000,0.000,0.000,0.000,0.000,21.0
22:15:41.984,6363914,0.000,0.000,0.000,0.000,0.000,0.000,0.000,0.000,0.000,21.0
22:15:42.035,6363968,0.000,0.000,0.000,0.000,0.000,0.000,0.000,0.000,0.000,21.0
22:15:42.088,6364022,0.000,0.000,0.000,0.000,0.000,0.000,0.000,0.000,0.000,21.0
22:15:42.140,6364076,0.000,0.000,0.000,0.000,0.000,0.000,0.000,0.000,0.000,21.0
22:15:42.194,6364130,0.000,0.000,0.000,0.000,0.000,0.000,0.000,0.000,0.000,21.0
22:15:42.247,6364184,0.000,0.000,0.000,0.000,0.000,0.000,0.000,0.000,0.000,21.0
22:15:42.299,6364238,0.000,0.000,0.000,0.000,0.000,0.000,0.000,0.000,0.000,21.0
22:15:42.351,6364292,0.000,0.000,0.000,0.000,0.000,0.000,0.000,0.000,0.000,21.0
22:15:42.404,6364346,0.000,0.000,0.000,0.000,0.000,0.000,0.000,0.000,0.000,21.0
22:15:42.456,6364400,0.000,0.000,0.000,0.000,0.000,0.000,0.000,0.000,0.000,21.0
22:15:42.508,6364454,0.000,0.000,0.000,0.000,0.000,0.000,0.000,0.000,0.000,21.0
22:15:42.561,6364508,0.000,0.000,0.000,0.000,0.000,0.000,0.000,0.000,0.000,21.0
22:15:42.614,6364562,0.000,0.000,0.000,0.000,0.000,0.000,0.000,0.000,0.000,21.0
22:15:42.665,6364616,0.000,0.000,0.000,0.000,0.000,0.000,0.000,0.000,0.000,21.0
22:15:42.718,6364670,0.000,0.000,0.000,0.000,0.000,0.000,0.000,0.000,0.000,21.0
22:15:42.770,6364724,0.000,0.000,0.000,0.000,0.000,0.000,0.000,0.000,0.000,21.0
22:15:42.824,6364778,0.000,0.000,0.000,0.000,0.000,0.000,0.000,0.000,0.000,21.0
22:15:42.928,6364832,0.000,0.000,0.000,0.000,0.000,0.000,0.000,0.000,0.000,21.0
22:15:42.980,6364886,0.000,0.000,0.000,0.000,0.000,0.000,0.000,0.000,0.000,21.0
22:15:43.033,6364940,0.000,0.000,0.000,0.000,0.000,0.000,0.000,0.000,0.000,21.0
22:15:43.085,6364994,0.000,0.000,0.000,0.000,0.000,0.000,0.000,0.000,0.000,21.0
22:15:43.139,6365048,0.000,0.000,0.000,0.000,0.000,0.000,0.000,0.000,0.000,21.0
22:15:43.190,6365102,0.000,0.000,0.000,0.000,0.000,0.000,0.000,0.000,0.000,21.0
22:15:43.244,6365156,0.000,0.000,0.000,0.000,0.000,0.000,0.000,0.000,0.000,21.0
22:15:43.295,6365210,0.000,0.000,0.000,0.000,0.000,0.000,0.000,0.000,0.000,21.0
22:15:43.349,6365264,0.000,0.000,0.000,0.000,0.000,0.000,0.000,0.000,0.000,21.0
22:15:43.401,6365318,0.000,0.000,0.000,0.000,0.000,0.000,0.000,0.000,0.000,21.0
22:15:43.454,6365372,0.000,0.000,0.000,0.000,0.000,0.000,0.000,0.000,0.000,21.0
22:15:43.507,6365426,0.000,0.000,0.000,0.000,0.000,0.000,0.000,0.000,0.000,21.0
22:15:43.558,6365480,0.000,0.000,0.000,0.000,0.000,0.000,0.000,0.000,0.000,21.0
22:15:43.611,6365534,0.000,0.000,0.000,0.000,0.000,0.000,0.000,0.000,0.000,21.0
22:15:43.664,6365588,0.000,0.000,0.000,0.000,0.000,0.000,0.000,0.000,0.000,21.0
22:15:43.715,6365642,0.000,0.000,0.000,0.000,0.000,0.000,0.000,0.000,0.000,21.0
22:15:43.768,6365696,0.000,0.000,0.000,0.000,0.000,0.000,0.000,0.000,0.000,21.0
22:15:43.874,6365750,0.000,0.000,0.000,0.000,0.000,0.000,0.000,0.000,0.000,21.0
22:15:43.876,6365804,0.000,0.000,0.000,0.000,0.000,0.000,0.000,0.000,0.000,21.0
22:15:43.927,6365858,0.000,0.000,0.000,0.000,0.000,0.000,0.000,0.000,0.000,21.0
22:15:43.978,6365912,0.000,0.000,0.000,0.000,0.000,0.000,0.000,0.000,0.000,21.0
22:15:44.030,6365966,0.000,0.000,0.000,0.000,0.000,0.000,0.000,0.000,0.000,21.0
22:15:44.136,6366020,0.000,0.000,0.000,0.000,0.000,0.000,0.000,0.000,0.000,21.0
22:15:44.138,6366074,0.000,0.000,0.000,0.000,0.000,0.000,0.000,0.000,0.000,21.0
22:15:44.189,6366128,0.000,0.000,0.000,0.000,0.000,0.000,0.000,0.000,0.000,21.0
22:15:44.242,6366182,0.000,0.000,0.000,0.000,0.000,0.000,0.000,0.000,0.000,21.0
22:15:44.293,6366236,0.000,0.000,0.000,0.000,0.000,0.000,0.000,0.000,0.000,21.0
22:15:44.398,6366290,0.000,0.000,0.000,0.000,0.000,0.000,0.000,0.000,0.000,21.0
22:15:44.400,6366344,0.000,0.000,0.000,0.000,0.000,0.000,0.000,0.000,0.000,21.0
22:15:44.451,6366398,0.000,0.000,0.000,0.000,0.000,0.000,0.000,0.000,0.000,21.0
22:15:44.503,6366452,0.000,0.000,0.000,0.000,0.000,0.000,0.000,0.000,0.000,21.0
22:15:44.555,6366506,0.000,0.000,0.000,0.000,0.000,0.000,0.000,0.000,0.000,21.0
22:15:44.610,6366560,0.000,0.000,0.000,0.000,0.000,0.000,0.000,0.000,0.000,21.0
22:15:44.661,6366614,0.000,0.000,0.000,0.000,0.000,0.000,0.000,0.000,0.000,21.0
22:15:44.713,6366668,0.000,0.000,0.000,0.000,0.000,0.000,0.000,0.000,0.000,21.0
22:15:44.818,6366722,0.000,0.000,0.000,0.000,0.000,0.000,0.000,0.000,0.000,21.0
22:15:44.871,6366776,0.000,0.000,0.000,0.000,0.000,0.000,0.000,0.000,0.000,21.0
22:15:44.923,6366830,0.000,0.000,0.000,0.000,0.000,0.000,0.000,0.000,0.000,21.0
22:15:44.976,6366884,0.000,0.000,0.000,0.000,0.000,0.000,0.000,0.000,0.000,21.0
22:15:45.028,6366938,0.000,0.000,0.000,0.000,0.000,0.000,0.000,0.000,0.000,21.0
22:15:45.134,6366992,0.000,0.000,0.000,0.000,0.000,0.000,0.000,0.000,0.000,21.0
22:15:45.135,6367046,0.000,0.000,0.000,0.000,0.000,0.000,0.000,0.000,0.000,21.0
22:15:45.238,6367100,0.000,0.000,0.000,0.000,0.000,0.000,0.000,0.000,0.000,21.0
22:15:45.239,6367154,0.000,0.000,0.000,0.000,0.000,0.000,0.000,0.000,0.000,21.0
22:15:45.292,6367208,0.000,0.000,0.000,0.000,0.000,0.000,0.000,0.000,0.000,21.0
22:15:45.344,6367262,0.000,0.000,0.000,0.000,0.000,0.000,0.000,0.000,0.000,21.0
22:15:45.397,6367316,0.000,0.000,0.000,0.000,0.000,0.000,0.000,0.000,0.000,21.0
22:15:45.450,6367370,0.000,0.000,0.000,0.000,0.000,0.000,0.000,0.000,0.000,21.0
22:15:45.500,6367424,0.000,0.000,0.000,0.000,0.000,0.000,0.000,0.000,0.000,21.0
22:15:45.554,6367478,0.000,0.000,0.000,0.000,0.000,0.000,0.000,0.000,0.000,21.0
22:15:45.606,6367532,0.000,0.000,0.000,0.000,0.000,0.000,0.000,0.000,0.000,21.0
22:15:45.659,6367586,0.000,0.000,0.000,0.000,0.000,0.000,0.000,0.000,0.000,21.0
22:15:45.710,6367640,0.000,0.000,0.000,0.000,0.000,0.000,0.000,0.000,0.000,21.0
22:15:45.764,6367694,0.000,0.000,0.000,0.000,0.000,0.000,0.000,0.000,0.000,21.0
22:15:45.816,6367748,0.000,0.000,0.000,0.000,0.000,0.000,0.000,0.000,0.000,21.0
22:15:45.869,6367802,0.000,0.000,0.000,0.000,0.000,0.000,0.000,0.000,0.000,21.0
22:15:45.922,6367856,0.000,0.000,0.000,0.000,0.000,0.000,0.000,0.000,0.000,21.0
22:15:45.973,6367910,0.000,0.000,0.000,0.000,0.000,0.000,0.000,0.000,0.000,21.0
22:15:46.025,6367964,0.000,0.000,0.000,0.000,0.000,0.000,0.000,0.000,0.000,21.0
22:15:46.078,6368018,0.000,0.000,0.000,0.000,0.000,0.000,0.000,0.000,0.000,21.0
22:15:46.131,6368072,0.000,0.000,0.000,0.000,0.000,0.000,0.000,0.000,0.000,21.0
22:15:46.184,6368126,0.000,0.000,0.000,0.000,0.000,0.000,0.000,0.000,0.000,21.0
22:15:46.236,6368180,0.000,0.000,0.000,0.000,0.000,0.000,0.000,0.000,0.000,21.0
22:15:46.289,6368234,0.000,0.000,0.000,0.000,0.000,0.000,0.000,0.000,0.000,21.0
22:15:46.342,6368288,0.000,0.000,0.000,0.000,0.000,0.000,0.000,0.000,0.000,21.0
22:15:46.395,6368342,0.000,0.000,0.000,0.000,0.000,0.000,0.000,0.000,0.000,21.0
22:15:46.446,6368396,0.000,0.000,0.000,0.000,0.000,0.000,0.000,0.000,0.000,21.0
22:15:46.498,6368450,0.000,0.000,0.000,0.000,0.000,0.000,0.000,0.000,0.000,21.0
22:15:46.551,6368504,0.000,0.000,0.000,0.000,0.000,0.000,0.000,0.000,0.000,21.0
22:15:46.603,6368558,0.000,0.000,0.000,0.000,0.000,0.000,0.000,0.000,0.000,21.0
22:15:46.708,6368612,0.000,0.000,0.000,0.000,0.000,0.000,0.000,0.000,0.000,21.0
22:15:46.761,6368666,0.000,0.000,0.000,0.000,0.000,0.000,0.000,0.000,0.000,21.0
22:15:46.814,6368720,0.000,0.000,0.000,0.000,0.000,0.000,0.000,0.000,0.000,21.0
22:15:46.867,6368774,0.000,0.000,0.000,0.000,0.000,0.000,0.000,0.000,0.000,21.0
22:15:46.919,6368828,0.000,0.000,0.000,0.000,0.000,0.000,0.000,0.000,0.000,21.0
22:15:47.023,6368882,0.000,0.000,0.000,0.000,0.000,0.000,0.000,0.000,0.000,21.0
22:15:47.024,6368936,0.000,0.000,0.000,0.000,0.000,0.000,0.000,0.000,0.000,21.0
22:15:47.075,6368990,0.000,0.000,0.000,0.000,0.000,0.000,0.000,0.000,0.000,21.0
22:15:47.128,6369044,0.000,0.000,0.000,0.000,0.000,0.000,0.000,0.000,0.000,21.0
22:15:47.180,6369098,0.000,0.000,0.000,0.000,0.000,0.000,0.000,0.000,0.000,21.0
22:15:47.233,6369152,0.000,0.000,0.000,0.000,0.000,0.000,0.000,0.000,0.000,21.0
22:15:47.287,6369206,0.000,0.000,0.000,0.000,0.000,0.000,0.000,0.000,0.000,21.0
22:15:47.338,6369260,0.000,0.000,0.000,0.000,0.000,0.000,0.000,0.000,0.000,21.0
22:15:47.390,6369314,0.000,0.000,0.000,0.000,0.000,0.000,0.000,0.000,0.000,21.0
22:15:47.496,6369368,0.000,0.000,0.000,0.000,0.000,0.000,0.000,0.000,0.000,21.0
22:15:47.498,6369422,0.000,0.000,0.000,0.000,0.000,0.000,0.000,0.000,0.000,21.0
22:15:47.549,6369476,0.000,0.000,0.000,0.000,0.000,0.000,0.000,0.000,0.000,21.0
22:15:47.602,6369530,0.000,0.000,0.000,0.000,0.000,0.000,0.000,0.000,0.000,21.0
22:15:47.654,6369584,0.000,0.000,0.000,0.000,0.000,0.000,0.000,0.000,0.000,21.0
22:15:47.706,6369638,0.000,0.000,0.000,0.000,0.000,0.000,0.000,0.000,0.000,21.0
22:15:47.758,6369692,0.000,0.000,0.000,0.000,0.000,0.000,0.000,0.000,0.000,21.0
22:15:47.812,6369746,0.000,0.000,0.000,0.000,0.000,0.000,0.000,0.000,0.000,21.0
22:15:47.917,6369800,0.000,0.000,0.000,0.000,0.000,0.000,0.000,0.000,0.000,21.0
22:15:47.918,6369854,0.000,0.000,0.000,0.000,0.000,0.000,0.000,0.000,0.000,21.0
22:15:47.968,6369908,0.000,0.000,0.000,0.000,0.000,0.000,0.000,0.000,0.000,21.0
22:15:48.021,6369962,0.000,0.000,0.000,0.000,0.000,0.000,0.000,0.000,0.000,21.0
22:15:48.074,6370016,0.000,0.000,0.000,0.000,0.000,0.000,0.000,0.000,0.000,21.0
22:15:48.125,6370070,0.000,0.000,0.000,0.000,0.000,0.000,0.000,0.000,0.000,21.0
22:15:48.178,6370124,0.000,0.000,0.000,0.000,0.000,0.000,0.000,0.000,0.000,21.0
22:15:48.231,6370178,0.000,0.000,0.000,0.000,0.000,0.000,0.000,0.000,0.000,21.0
22:15:48.284,6370232,0.000,0.000,0.000,0.000,0.000,0.000,0.000,0.000,0.000,21.0
22:15:48.336,6370286,0.000,0.000,0.000,0.000,0.000,0.000,0.000,0.000,0.000,21.0
22:15:48.389,6370340,0.000,0.000,0.000,0.000,0.000,0.000,0.000,0.000,0.000,21.0
22:15:48.440,6370394,0.000,0.000,0.000,0.000,0.000,0.000,0.000,0.000,0.000,21.0
22:15:48.493,6370448,0.000,0.000,0.000,0.000,0.000,0.000,0.000,0.000,0.000,21.0
22:15:48.599,6370502,0.000,0.000,0.000,0.000,0.000,0.000,0.000,0.000,0.000,21.0
22:15:48.651,6370556,0.000,0.000,0.000,0.000,0.000,0.000,0.000,0.000,0.000,21.0
22:15:48.703,6370610,0.000,0.000,0.000,0.000,0.000,0.000,0.000,0.000,0.000,21.0
22:15:48.755,6370664,0.000,0.000,0.000,0.000,0.000,0.000,0.000,0.000,0.000,21.0
22:15:48.809,6370718,0.000,0.000,0.000,0.000,0.000,0.000,0.000,0.000,0.000,21.0
22:15:48.861,6370772,0.000,0.000,0.000,0.000,0.000,0.000,0.000,0.000,0.000,21.0
22:15:48.915,6370826,0.000,0.000,0.000,0.000,0.000,0.000,0.000,0.000,0.000,21.0
22:15:48.967,6370880,0.000,0.000,0.000,0.000,0.000,0.000,0.000,0.000,0.000,21.0
22:15:49.019,6370934,0.000,0.000,0.000,0.000,0.000,0.000,0.000,0.000,0.000,21.0
22:15:49.122,6370988,0.000,0.000,0.000,0.000,0.000,0.000,0.000,0.000,0.000,21.0
22:15:49.123,6371042,0.000,0.000,0.000,0.000,0.000,0.000,0.000,0.000,0.000,21.0
22:15:49.176,6371096,0.000,0.000,0.000,0.000,0.000,0.000,0.000,0.000,0.000,21.0
22:15:49.228,6371150,0.000,0.000,0.000,0.000,0.000,0.000,0.000,0.000,0.000,21.0
22:15:49.280,6371204,0.000,0.000,0.000,0.000,0.000,0.000,0.000,0.000,0.000,21.0
22:15:49.333,6371258,0.000,0.000,0.000,0.000,0.000,0.000,0.000,0.000,0.000,21.0
22:15:49.387,6371312,0.000,0.000,0.000,0.000,0.000,0.000,0.000,0.000,0.000,21.0
22:15:49.439,6371366,0.000,0.000,0.000,0.000,0.000,0.000,0.000,0.000,0.000,21.0
22:15:49.544,6371420,0.000,0.000,0.000,0.000,0.000,0.000,0.000,0.000,0.000,21.0
22:15:49.545,6371474,0.000,0.000,0.000,0.000,0.000,0.000,0.000,0.000,0.000,21.0
22:15:49.596,6371528,0.000,0.000,0.000,0.000,0.000,0.000,0.000,0.000,0.000,21.0
22:15:49.649,6371582,0.000,0.000,0.000,0.000,0.000,0.000,0.000,0.000,0.000,21.0
22:15:49.701,6371636,0.000,0.000,0.000,0.000,0.000,0.000,0.000,0.000,0.000,21.0
22:15:49.754,6371690,0.000,0.000,0.000,0.000,0.000,0.000,0.000,0.000,0.000,21.0
22:15:49.807,6371744,0.000,0.000,0.000,0.000,0.000,0.000,0.000,0.000,0.000,21.0
22:15:49.860,6371798,0.000,0.000,0.000,0.000,0.000,0.000,0.000,0.000,0.000,21.0
22:15:49.912,6371852,0.000,0.000,0.000,0.000,0.000,0.000,0.000,0.000,0.000,21.0
22:15:49.964,6371906,0.000,0.000,0.000,0.000,0.000,0.000,0.000,0.000,0.000,21.0
22:15:50.017,6371960,0.000,0.000,0.000,0.000,0.000,0.000,0.000,0.000,0.000,21.0
22:15:50.069,6372014,0.000,0.000,0.000,0.000,0.000,0.000,0.000,0.000,0.000,21.0
22:15:50.122,6372068,0.000,0.000,0.000,0.000,0.000,0.000,0.000,0.000,0.000,21.0
22:15:50.173,6372122,0.000,0.000,0.000,0.000,0.000,0.000,0.000,0.000,0.000,21.0
22:15:50.225,6372176,0.000,0.000,0.000,0.000,0.000,0.000,0.000,0.000,0.000,21.0
22:15:50.279,6372230,0.000,0.000,0.000,0.000,0.000,0.000,0.000,0.000,0.000,21.0
22:15:50.332,6372284,0.000,0.000,0.000,0.000,0.000,0.000,0.000,0.000,0.000,21.0
22:15:50.384,6372338,0.000,0.000,0.000,0.000,0.000,0.000,0.000,0.000,0.000,21.0
22:15:50.488,6372392,0.000,0.000,0.000,0.000,0.000,0.000,0.000,0.000,0.000,21.0
22:15:50.490,6372446,0.000,0.000,0.000,0.000,0.000,0.000,0.000,0.000,0.000,21.0
22:15:50.594,6372500,0.000,0.000,0.000,0.000,0.000,0.000,0.000,0.000,0.000,21.0
22:15:50.646,6372554,0.000,0.000,0.000,0.000,0.000,0.000,0.000,0.000,0.000,21.0
22:15:50.698,6372608,0.000,0.000,0.000,0.000,0.000,0.000,0.000,0.000,0.000,21.0
22:15:50.752,6372662,0.000,0.000,0.000,0.000,0.000,0.000,0.000,0.000,0.000,21.0
22:15:50.804,6372716,0.000,0.000,0.000,0.000,0.000,0.000,0.000,0.000,0.000,21.0
22:15:50.856,6372770,0.000,0.000,0.000,0.000,0.000,0.000,0.000,0.000,0.000,21.0
22:15:50.909,6372824,0.000,0.000,0.000,0.000,0.000,0.000,0.000,0.000,0.000,21.0
22:15:51.013,6372878,0.000,0.000,0.000,0.000,0.000,0.000,0.000,0.000,0.000,21.0
22:15:51.015,6372932,0.000,0.000,0.000,0.000,0.000,0.000,0.000,0.000,0.000,21.0
22:15:51.120,6372986,0.000,0.000,0.000,0.000,0.000,0.000,0.000,0.000,0.000,21.0
22:15:51.121,6373040,0.000,0.000,0.000,0.000,0.000,0.000,0.000,0.000,0.000,21.0
22:15:51.170,6373094,0.000,0.000,0.000,0.000,0.000,0.000,0.000,0.000,0.000,21.0
22:15:51.223,6373148,0.000,0.000,0.000,0.000,0.000,0.000,0.000,0.000,0.000,21.0
22:15:51.275,6373202,0.000,0.000,0.000,0.000,0.000,0.000,0.000,0.000,0.000,21.0
22:15:51.329,6373256,0.000,0.000,0.000,0.000,0.000,0.000,0.000,0.000,0.000,21.0
22:15:51.382,6373310,0.000,0.000,0.000,0.000,0.000,0.000,0.000,0.000,0.000,21.0
22:15:51.434,6373364,0.000,0.000,0.000,0.000,0.000,0.000,0.000,0.000,0.000,21.0
22:15:51.485,6373418,0.000,0.000,0.000,0.000,0.000,0.000,0.000,0.000,0.000,21.0
22:15:51.538,6373472,0.000,0.000,0.000,0.000,0.000,0.000,0.000,0.000,0.000,21.0
22:15:51.644,6373526,0.000,0.000,0.000,0.000,0.000,0.000,0.000,0.000,0.000,21.0
22:15:51.646,6373580,0.000,0.000,0.000,0.000,0.000,0.000,0.000,0.000,0.000,21.0
22:15:51.695,6373634,0.000,0.000,0.000,0.000,0.000,0.000,0.000,0.000,0.000,21.0
22:15:51.748,6373688,0.000,0.000,0.000,0.000,0.000,0.000,0.000,0.000,0.000,21.0
22:15:51.802,6373742,0.000,0.000,0.000,0.000,0.000,0.000,0.000,0.000,0.000,21.0
22:15:51.853,6373796,0.000,0.000,0.000,0.000,0.000,0.000,0.000,0.000,0.000,21.0
22:15:51.906,6373850,0.000,0.000,0.000,0.000,0.000,0.000,0.000,0.000,0.000,21.0
22:15:51.959,6373904,0.000,0.000,0.000,0.000,0.000,0.000,0.000,0.000,0.000,21.0
22:15:52.011,6373958,0.000,0.000,0.000,0.000,0.000,0.000,0.000,0.000,0.000,21.0
22:15:52.064,6374012,0.000,0.000,0.000,0.000,0.000,0.000,0.000,0.000,0.000,21.0
22:15:52.116,6374066,0.000,0.000,0.000,0.000,0.000,0.000,0.000,0.000,0.000,21.0
22:15:52.169,6374120,0.000,0.000,0.000,0.000,0.000,0.000,0.000,0.000,0.000,21.0
22:15:52.220,6374174,0.000,0.000,0.000,0.000,0.000,0.000,0.000,0.000,0.000,21.0
22:15:52.273,6374228,0.000,0.000,0.000,0.000,0.000,0.000,0.000,0.000,0.000,21.0
22:15:52.380,6374282,0.000,0.000,0.000,0.000,0.000,0.000,0.000,0.000,0.000,21.0
22:15:52.381,6374336,0.000,0.000,0.000,0.000,0.000,0.000,0.000,0.000,0.000,21.0
22:15:52.483,6374390,0.000,0.000,0.000,0.000,0.000,0.000,0.000,0.000,0.000,21.0
22:15:52.536,6374444,0.000,0.000,0.000,0.000,0.000,0.000,0.000,0.000,0.000,21.0
22:15:52.589,6374498,0.000,0.000,0.000,0.000,0.000,0.000,0.000,0.000,0.000,21.0
22:15:52.641,6374552,0.000,0.000,0.000,0.000,0.000,0.000,0.000,0.000,0.000,21.0
22:15:52.694,6374606,0.000,0.000,0.000,0.000,0.000,0.000,0.000,0.000,0.000,21.0
22:15:52.746,6374660,0.000,0.000,0.000,0.000,0.000,0.000,0.000,0.000,0.000,21.0
22:15:52.799,6374714,0.000,0.000,0.000,0.000,0.000,0.000,0.000,0.000,0.000,21.0
22:15:52.904,6374768,0.000,0.000,0.000,0.000,0.000,0.000,0.000,0.000,0.000,21.0
22:15:52.906,6374822,0.000,0.000,0.000,0.000,0.000,0.000,0.000,0.000,0.000,21.0
22:15:52.957,6374876,0.000,0.000,0.000,0.000,0.000,0.000,0.000,0.000,0.000,21.0
22:15:53.008,6374930,0.000,0.000,0.000,0.000,0.000,0.000,0.000,0.000,0.000,21.0
22:15:53.114,6374984,0.000,0.000,0.000,0.000,0.000,0.000,0.000,0.000,0.000,21.0
22:15:53.116,6375038,0.000,0.000,0.000,0.000,0.000,0.000,0.000,0.000,0.000,21.0
22:15:53.165,6375092,0.000,0.000,0.000,0.000,0.000,0.000,0.000,0.000,0.000,21.0
22:15:53.218,6375146,0.000,0.000,0.000,0.000,0.000,0.000,0.000,0.000,0.000,21.0
22:15:53.270,6375200,0.000,0.000,0.000,0.000,0.000,0.000,0.000,0.000,0.000,21.0
22:15:53.377,6375254,0.000,0.000,0.000,0.000,0.000,0.000,0.000,0.000,0.000,21.0
22:15:53.378,6375308,0.000,0.000,0.000,0.000,0.000,0.000,0.000,0.000,0.000,21.0
22:15:53.429,6375362,0.000,0.000,0.000,0.000,0.000,0.000,0.000,0.000,0.000,21.0
22:15:53.480,6375416,0.000,0.000,0.000,0.000,0.000,0.000,0.000,0.000,0.000,21.0
22:15:53.534,6375470,0.000,0.000,0.000,0.000,0.000,0.000,0.000,0.000,0.000,21.0
22:15:53.638,6375524,0.000,0.000,0.000,0.000,0.000,0.000,0.000,0.000,0.000,21.0
22:15:53.640,6375578,0.000,0.000,0.000,0.000,0.000,0.000,0.000,0.000,0.000,21.0
22:15:53.692,6375632,0.000,0.000,0.000,0.000,0.000,0.000,0.000,0.000,0.000,21.0
22:15:53.744,6375686,0.000,0.000,0.000,0.000,0.000,0.000,0.000,0.000,0.000,21.0
22:15:53.796,6375740,0.000,0.000,0.000,0.000,0.000,0.000,0.000,0.000,0.000,21.0
22:15:53.849,6375794,0.000,0.000,0.000,0.000,0.000,0.000,0.000,0.000,0.000,21.0
22:15:53.902,6375848,0.000,0.000,0.000,0.000,0.000,0.000,0.000,0.000,0.000,21.0
22:15:53.954,6375902,0.000,0.000,0.000,0.000,0.000,0.000,0.000,0.000,0.000,21.0
22:15:54.007,6375956,0.000,0.000,0.000,0.000,0.000,0.000,0.000,0.000,0.000,21.0
22:15:54.059,6376010,0.000,0.000,0.000,0.000,0.000,0.000,0.000,0.000,0.000,21.0
22:15:54.111,6376064,0.000,0.000,0.000,0.000,0.000,0.000,0.000,0.000,0.000,21.0
22:15:54.164,6376118,0.000,0.000,0.000,0.000,0.000,0.000,0.000,0.000,0.000,21.0
22:15:54.269,6376172,0.000,0.000,0.000,0.000,0.000,0.000,0.000,0.000,0.000,21.0
22:15:54.270,6376226,0.000,0.000,0.000,0.000,0.000,0.000,0.000,0.000,0.000,21.0
22:15:54.373,6376280,0.000,0.000,0.000,0.000,0.000,0.000,0.000,0.000,0.000,21.0
22:15:54.426,6376334,0.000,0.000,0.000,0.000,0.000,0.000,0.000,0.000,0.000,21.0
22:15:54.478,6376388,0.000,0.000,0.000,0.000,0.000,0.000,0.000,0.000,0.000,21.0
22:15:54.531,6376442,0.000,0.000,0.000,0.000,0.000,0.000,0.000,0.000,0.000,21.0
22:15:54.584,6376496,0.000,0.000,0.000,0.000,0.000,0.000,0.000,0.000,0.000,21.0
22:15:54.637,6376550,0.000,0.000,0.000,0.000,0.000,0.000,0.000,0.000,0.000,21.0
22:15:54.689,6376604,0.000,0.000,0.000,0.000,0.000,0.000,0.000,0.000,0.000,21.0
22:15:54.742,6376658,0.000,0.000,0.000,0.000,0.000,0.000,0.000,0.000,0.000,21.0
22:15:54.794,6376712,0.000,0.000,0.000,0.000,0.000,0.000,0.000,0.000,0.000,21.0
22:15:54.898,6376766,0.000,0.000,0.000,0.000,0.000,0.000,0.000,0.000,0.000,21.0
22:15:54.899,6376820,0.000,0.000,0.000,0.000,0.000,0.000,0.000,0.000,0.000,21.0
22:15:54.951,6376874,0.000,0.000,0.000,0.000,0.000,0.000,0.000,0.000,0.000,21.0
22:15:55.003,6376928,0.000,0.000,0.000,0.000,0.000,0.000,0.000,0.000,0.000,21.0
22:15:55.056,6376982,0.000,0.000,0.000,0.000,0.000,0.000,0.000,0.000,0.000,21.0
22:15:55.109,6377036,0.000,0.000,0.000,0.000,0.000,0.000,0.000,0.000,0.000,21.0
22:15:55.161,6377090,0.000,0.000,0.000,0.000,0.000,0.000,0.000,0.000,0.000,21.0
22:15:55.214,6377144,0.000,0.000,0.000,0.000,0.000,0.000,0.000,0.000,0.000,21.0
22:15:55.317,6377198,0.000,0.000,0.000,0.000,0.000,0.000,0.000,0.000,0.000,21.0
22:15:55.319,6377252,0.000,0.000,0.000,0.000,0.000,0.000,0.000,0.000,0.000,21.0
22:15:55.370,6377306,0.000,0.000,0.000,0.000,0.000,0.000,0.000,0.000,0.000,21.0
22:15:55.423,6377360,0.000,0.000,0.000,0.000,0.000,0.000,0.000,0.000,0.000,21.0
22:15:55.475,6377414,0.000,0.000,0.000,0.000,0.000,0.000,0.000,0.000,0.000,21.0
22:15:55.529,6377468,0.000,0.000,0.000,0.000,0.000,0.000,0.000,0.000,0.000,21.0
22:15:55.582,6377522,0.000,0.000,0.000,0.000,0.000,0.000,0.000,0.000,0.000,21.0
22:15:55.635,6377576,0.000,0.000,0.000,0.000,0.000,0.000,0.000,0.000,0.000,21.0
22:15:55.686,6377630,0.000,0.000,0.000,0.000,0.000,0.000,0.000,0.000,0.000,21.0
22:15:55.738,6377684,0.000,0.000,0.000,0.000,0.000,0.000,0.000,0.000,0.000,21.0
22:15:55.790,6377738,0.000,0.000,0.000,0.000,0.000,0.000,0.000,0.000,0.000,21.0
22:15:55.843,6377792,0.000,0.000,0.000,0.000,0.000,0.000,0.000,0.000,0.000,21.0
22:15:55.896,6377846,0.000,0.000,0.000,0.000,0.000,0.000,0.000,0.000,0.000,21.0
22:15:55.949,6377900,0.000,0.000,0.000,0.000,0.000,0.000,0.000,0.000,0.000,21.0
22:15:56.001,6377954,0.000,0.000,0.000,0.000,0.000,0.000,0.000,0.000,0.000,21.0
22:15:56.053,6378008,0.000,0.000,0.000,0.000,0.000,0.000,0.000,0.000,0.000,21.0
22:15:56.159,6378062,0.000,0.000,0.000,0.000,0.000,0.000,0.000,0.000,0.000,21.0
22:15:56.161,6378116,0.000,0.000,0.000,0.000,0.000,0.000,0.000,0.000,0.000,21.0
22:15:56.263,6378170,0.000,0.000,0.000,0.000,0.000,0.000,0.000,0.000,0.000,21.0
22:15:56.315,6378224,0.000,0.000,0.000,0.000,0.000,0.000,0.000,0.000,0.000,21.0
22:15:56.368,6378278,0.000,0.000,0.000,0.000,0.000,0.000,0.000,0.000,0.000,21.0
22:15:56.420,6378332,0.000,0.000,0.000,0.000,0.000,0.000,0.000,0.000,0.000,21.0
22:15:56.474,6378386,0.000,0.000,0.000,0.000,0.000,0.000,0.000,0.000,0.000,21.0
22:15:56.526,6378440,0.000,0.000,0.000,0.000,0.000,0.000,0.000,0.000,0.000,21.0
22:15:56.579,6378494,0.000,0.000,0.000,0.000,0.000,0.000,0.000,0.000,0.000,21.0
22:15:56.632,6378548,0.000,0.000,0.000,0.000,0.000,0.000,0.000,0.000,0.000,21.0
22:15:56.684,6378602,0.000,0.000,0.000,0.000,0.000,0.000,0.000,0.000,0.000,21.0
22:15:56.736,6378656,0.000,0.000,0.000,0.000,0.000,0.000,0.000,0.000,0.000,21.0
22:15:56.788,6378710,0.000,0.000,0.000,0.000,0.000,0.000,0.000,0.000,0.000,21.0
22:15:56.840,6378764,0.000,0.000,0.000,0.000,0.000,0.000,0.000,0.000,0.000,21.0
22:15:56.894,6378818,0.000,0.000,0.000,0.000,0.000,0.000,0.000,0.000,0.000,21.0
22:15:56.999,6378872,0.000,0.000,0.000,0.000,0.000,0.000,0.000,0.000,0.000,21.0
22:15:57.001,6378926,0.000,0.000,0.000,0.000,0.000,0.000,0.000,0.000,0.000,21.0
22:15:57.052,6378980,0.000,0.000,0.000,0.000,0.000,0.000,0.000,0.000,0.000,21.0
22:15:57.156,6379034,0.000,0.000,0.000,0.000,0.000,0.000,0.000,0.000,0.000,21.0
22:15:57.158,6379088,0.000,0.000,0.000,0.000,0.000,0.000,0.000,0.000,0.000,21.0
22:15:57.209,6379142,0.000,0.000,0.000,0.000,0.000,0.000,0.000,0.000,0.000,21.0
22:15:57.262,6379196,0.000,0.000,0.000,0.000,0.000,0.000,0.000,0.000,0.000,21.0
22:15:57.314,6379250,0.000,0.000,0.000,0.000,0.000,0.000,0.000,0.000,0.000,21.0
22:15:57.366,6379304,0.000,0.000,0.000,0.000,0.000,0.000,0.000,0.000,0.000,21.0
22:15:57.418,6379358,0.000,0.000,0.000,0.000,0.000,0.000,0.000,0.000,0.000,21.0
22:15:57.470,6379412,0.000,0.000,0.000,0.000,0.000,0.000,0.000,0.000,0.000,21.0
22:15:57.523,6379466,0.000,0.000,0.000,0.000,0.000,0.000,0.000,0.000,0.000,21.0
22:15:57.577,6379520,0.000,0.000,0.000,0.000,0.000,0.000,0.000,0.000,0.000,21.0
22:15:57.629,6379574,0.000,0.000,0.000,0.000,0.000,0.000,0.000,0.000,0.000,21.0
22:15:57.682,6379628,0.000,0.000,0.000,0.000,0.000,0.000,0.000,0.000,0.000,21.0
22:15:57.735,6379682,0.000,0.000,0.000,0.000,0.000,0.000,0.000,0.000,0.000,21.0
22:15:57.839,6379736,0.000,0.000,0.000,0.000,0.000,0.000,0.000,0.000,0.000,21.0
22:15:57.840,6379790,0.000,0.000,0.000,0.000,0.000,0.000,0.000,0.000,0.000,21.0
22:15:57.891,6379844,0.000,0.000,0.000,0.000,0.000,0.000,0.000,0.000,0.000,21.0
22:15:57.944,6379898,0.000,0.000,0.000,0.000,0.000,0.000,0.000,0.000,0.000,21.0
22:15:58.048,6379952,0.000,0.000,0.000,0.000,0.000,0.000,0.000,0.000,0.000,21.0
22:15:58.050,6380006,0.000,0.000,0.000,0.000,0.000,0.000,0.000,0.000,0.000,21.0
22:15:58.154,6380060,0.000,0.000,0.000,0.000,0.000,0.000,0.000,0.000,0.000,21.0
22:15:58.258,6380114,0.000,0.000,0.000,0.000,0.000,0.000,0.000,0.000,0.000,21.0
22:15:58.259,6380168,0.000,0.000,0.000,0.000,0.000,0.000,0.000,0.000,0.000,21.0
22:15:58.310,6380222,0.000,0.000,0.000,0.000,0.000,0.000,0.000,0.000,0.000,21.0
22:15:58.363,6380276,0.000,0.000,0.000,0.000,0.000,0.000,0.000,0.000,0.000,21.0
22:15:58.415,6380330,0.000,0.000,0.000,0.000,0.000,0.000,0.000,0.000,0.000,21.0
22:15:58.468,6380384,0.000,0.000,0.000,0.000,0.000,0.000,0.000,0.000,0.000,21.0
22:15:58.521,6380438,0.000,0.000,0.000,0.000,0.000,0.000,0.000,0.000,0.000,21.0
22:15:58.573,6380492,0.000,0.000,0.000,0.000,0.000,0.000,0.000,0.000,0.000,21.0
22:15:58.626,6380546,0.000,0.000,0.000,0.000,0.000,0.000,0.000,0.000,0.000,21.0
22:15:58.679,6380600,0.000,0.000,0.000,0.000,0.000,0.000,0.000,0.000,0.000,21.0
22:15:58.732,6380654,0.000,0.000,0.000,0.000,0.000,0.000,0.000,0.000,0.000,21.0
22:15:58.783,6380708,0.000,0.000,0.000,0.000,0.000,0.000,0.000,0.000,0.000,21.0
22:15:58.836,6380762,0.000,0.000,0.000,0.000,0.000,0.000,0.000,0.000,0.000,21.0
22:15:58.888,6380816,0.000,0.000,0.000,0.000,0.000,0.000,0.000,0.000,0.000,21.0
22:15:58.940,6380870,0.000,0.000,0.000,0.000,0.000,0.000,0.000,0.000,0.000,21.0
22:15:58.993,6380924,0.000,0.000,0.000,0.000,0.000,0.000,0.000,0.000,0.000,21.0
22:15:59.045,6380978,0.000,0.000,0.000,0.000,0.000,0.000,0.000,0.000,0.000,21.0
22:15:59.098,6381032,0.000,0.000,0.000,0.000,0.000,0.000,0.000,0.000,0.000,21.0
22:15:59.203,6381086,0.000,0.000,0.000,0.000,0.000,0.000,0.000,0.000,0.000,21.0
22:15:59.204,6381140,0.000,0.000,0.000,0.000,0.000,0.000,0.000,0.000,0.000,21.0
22:15:59.255,6381194,0.000,0.000,0.000,0.000,0.000,0.000,0.000,0.000,0.000,21.0
22:15:59.308,6381248,0.000,0.000,0.000,0.000,0.000,0.000,0.000,0.000,0.000,21.0
22:15:59.360,6381302,0.000,0.000,0.000,0.000,0.000,0.000,0.000,0.000,0.000,21.0
22:15:59.413,6381356,0.000,0.000,0.000,0.000,0.000,0.000,0.000,0.000,0.000,21.0
22:15:59.465,6381410,0.000,0.000,0.000,0.000,0.000,0.000,0.000,0.000,0.000,21.0
22:15:59.518,6381464,0.000,0.000,0.000,0.000,0.000,0.000,0.000,0.000,0.000,21.0
22:15:59.570,6381518,0.000,0.000,0.000,0.000,0.000,0.000,0.000,0.000,0.000,21.0
22:15:59.623,6381572,0.000,0.000,0.000,0.000,0.000,0.000,0.000,0.000,0.000,21.0
22:15:59.675,6381626,0.000,0.000,0.000,0.000,0.000,0.000,0.000,0.000,0.000,21.0
22:15:59.728,6381680,0.000,0.000,0.000,0.000,0.000,0.000,0.000,0.000,0.000,21.0
22:15:59.780,6381734,0.000,0.000,0.000,0.000,0.000,0.000,0.000,0.000,0.000,21.0
22:15:59.833,6381788,0.000,0.000,0.000,0.000,0.000,0.000,0.000,0.000,0.000,21.0
22:15:59.938,6381842,0.000,0.000,0.000,0.000,0.000,0.000,0.000,0.000,0.000,21.0
22:15:59.939,6381896,0.000,0.000,0.000,0.000,0.000,0.000,0.000,0.000,0.000,21.0
22:16:00.043,6381950,0.000,0.000,0.000,0.000,0.000,0.000,0.000,0.000,0.000,21.0
22:16:00.095,6382004,0.000,0.000,0.000,0.000,0.000,0.000,0.000,0.000,0.000,21.0
22:16:00.148,6382058,0.000,0.000,0.000,0.000,0.000,0.000,0.000,0.000,0.000,21.0
22:16:00.251,6382112,0.000,0.000,0.000,0.000,0.000,0.000,0.000,0.000,0.000,21.0
22:16:00.253,6382166,0.000,0.000,0.000,0.000,0.000,0.000,0.000,0.000,0.000,21.0
22:16:00.305,6382220,0.000,0.000,0.000,0.000,0.000,0.000,0.000,0.000,0.000,21.0
22:16:00.358,6382274,0.000,0.000,0.000,0.000,0.000,0.000,0.000,0.000,0.000,21.0
22:16:00.410,6382328,0.000,0.000,0.000,0.000,0.000,0.000,0.000,0.000,0.000,21.0
22:16:00.463,6382382,0.000,0.000,0.000,0.000,0.000,0.000,0.000,0.000,0.000,21.0
22:16:00.515,6382436,0.000,0.000,0.000,0.000,0.000,0.000,0.000,0.000,0.000,21.0
22:16:00.568,6382490,0.000,0.000,0.000,0.000,0.000,0.000,0.000,0.000,0.000,21.0
22:16:00.621,6382544,0.000,0.000,0.000,0.000,0.000,0.000,0.000,0.000,0.000,21.0
22:16:00.674,6382598,0.000,0.000,0.000,0.000,0.000,0.000,0.000,0.000,0.000,21.0
22:16:00.727,6382652,0.000,0.000,0.000,0.000,0.000,0.000,0.000,0.000,0.000,21.0
22:16:00.779,6382706,0.000,0.000,0.000,0.000,0.000,0.000,0.000,0.000,0.000,21.0
22:16:00.831,6382760,0.000,0.000,0.000,0.000,0.000,0.000,0.000,0.000,0.000,21.0
22:16:00.884,6382814,0.000,0.000,0.000,0.000,0.000,0.000,0.000,0.000,0.000,21.0
22:16:00.936,6382868,0.000,0.000,0.000,0.000,0.000,0.000,0.000,0.000,0.000,21.0
22:16:00.989,6382922,0.000,0.000,0.000,0.000,0.000,0.000,0.000,0.000,0.000,21.0
22:16:01.040,6382976,0.000,0.000,0.000,0.000,0.000,0.000,0.000,0.000,0.000,21.0
22:16:01.094,6383030,0.000,0.000,0.000,0.000,0.000,0.000,0.000,0.000,0.000,21.0
22:16:01.146,6383084,0.000,0.000,0.000,0.000,0.000,0.000,0.000,0.000,0.000,21.0
22:16:01.198,6383138,0.000,0.000,0.000,0.000,0.000,0.000,0.000,0.000,0.000,21.0
22:16:01.302,6383192,0.000,0.000,0.000,0.000,0.000,0.000,0.000,0.000,0.000,21.0
22:16:01.304,6383246,0.000,0.000,0.000,0.000,0.000,0.000,0.000,0.000,0.000,21.0
22:16:01.356,6383300,0.000,0.000,0.000,0.000,0.000,0.000,0.000,0.000,0.000,21.0
22:16:01.409,6383354,0.000,0.000,0.000,0.000,0.000,0.000,0.000,0.000,0.000,21.0
22:16:01.460,6383408,0.000,0.000,0.000,0.000,0.000,0.000,0.000,0.000,0.000,21.0
22:16:01.513,6383462,0.000,0.000,0.000,0.000,0.000,0.000,0.000,0.000,0.000,21.0
22:16:01.565,6383516,0.000,0.000,0.000,0.000,0.000,0.000,0.000,0.000,0.000,21.0
22:16:01.618,6383570,0.000,0.000,0.000,0.000,0.000,0.000,0.000,0.000,0.000,21.0
22:16:01.672,6383624,0.000,0.000,0.000,0.000,0.000,0.000,0.000,0.000,0.000,21.0
22:16:01.724,6383678,0.000,0.000,0.000,0.000,0.000,0.000,0.000,0.000,0.000,21.0
22:16:01.828,6383732,0.000,0.000,0.000,0.000,0.000,0.000,0.000,0.000,0.000,21.0
22:16:01.830,6383786,0.000,0.000,0.000,0.000,0.000,0.000,0.000,0.000,0.000,21.0
22:16:01.933,6383840,0.000,0.000,0.000,0.000,0.000,0.000,0.000,0.000,0.000,21.0
22:16:01.986,6383894,0.000,0.000,0.000,0.000,0.000,0.000,0.000,0.000,0.000,21.0
22:16:02.038,6383948,0.000,0.000,0.000,0.000,0.000,0.000,0.000,0.000,0.000,21.0
22:16:02.091,6384002,0.000,0.000,0.000,0.000,0.000,0.000,0.000,0.000,0.000,21.0
22:16:02.143,6384056,0.000,0.000,0.000,0.000,0.000,0.000,0.000,0.000,0.000,21.0
22:16:02.196,6384110,0.000,0.000,0.000,0.000,0.000,0.000,0.000,0.000,0.000,21.0
22:16:02.248,6384164,0.000,0.000,0.000,0.000,0.000,0.000,0.000,0.000,0.000,21.0
22:16:02.300,6384218,0.000,0.000,0.000,0.000,0.000,0.000,0.000,0.000,0.000,21.0
22:16:02.354,6384272,0.000,0.000,0.000,0.000,0.000,0.000,0.000,0.000,0.000,21.0
22:16:02.407,6384326,0.000,0.000,0.000,0.000,0.000,0.000,0.000,0.000,0.000,21.0
22:16:02.458,6384380,0.000,0.000,0.000,0.000,0.000,0.000,0.000,0.000,0.000,21.0
22:16:02.511,6384434,0.000,0.000,0.000,0.000,0.000,0.000,0.000,0.000,0.000,21.0
22:16:02.563,6384488,0.000,0.000,0.000,0.000,0.000,0.000,0.000,0.000,0.000,21.0
22:16:02.616,6384542,0.000,0.000,0.000,0.000,0.000,0.000,0.000,0.000,0.000,21.0
22:16:02.669,6384596,0.000,0.000,0.000,0.000,0.000,0.000,0.000,0.000,0.000,21.0
22:16:02.722,6384650,0.000,0.000,0.000,0.000,0.000,0.000,0.000,0.000,0.000,21.0
22:16:02.774,6384704,0.000,0.000,0.000,0.000,0.000,0.000,0.000,0.000,0.000,21.0
22:16:02.826,6384758,0.000,0.000,0.000,0.000,0.000,0.000,0.000,0.000,0.000,21.0
22:16:02.879,6384812,0.000,0.000,0.000,0.000,0.000,0.000,0.000,0.000,0.000,21.0
22:16:02.932,6384866,0.000,0.000,0.000,0.000,0.000,0.000,0.000,0.000,0.000,21.0
22:16:02.983,6384920,0.000,0.000,0.000,0.000,0.000,0.000,0.000,0.000,0.000,21.0
22:16:03.036,6384974,0.000,0.000,0.000,0.000,0.000,0.000,0.000,0.000,0.000,21.0
22:16:03.089,6385028,0.000,0.000,0.000,0.000,0.000,0.000,0.000,0.000,0.000,21.0
22:16:03.141,6385082,0.000,0.000,0.000,0.000,0.000,0.000,0.000,0.000,0.000,21.0
22:16:03.194,6385136,0.000,0.000,0.000,0.000,0.000,0.000,0.000,0.000,0.000,21.0
22:16:03.247,6385190,0.000,0.000,0.000,0.000,0.000,0.000,0.000,0.000,0.000,21.0
22:16:03.298,6385244,0.000,0.000,0.000,0.000,0.000,0.000,0.000,0.000,0.000,21.0
22:16:03.351,6385298,0.000,0.000,0.000,0.000,0.000,0.000,0.000,0.000,0.000,21.0
22:16:03.405,6385352,0.000,0.000,0.000,0.000,0.000,0.000,0.000,0.000,0.000,21.0
22:16:03.457,6385406,0.000,0.000,0.000,0.000,0.000,0.000,0.000,0.000,0.000,21.0
22:16:03.508,6385460,0.000,0.000,0.000,0.000,0.000,0.000,0.000,0.000,0.000,21.0
22:16:03.612,6385514,0.000,0.000,0.000,0.000,0.000,0.000,0.000,0.000,0.000,21.0
22:16:03.614,6385568,0.000,0.000,0.000,0.000,0.000,0.000,0.000,0.000,0.000,21.0
22:16:03.772,6385622,0.000,0.000,0.000,0.000,0.000,0.000,0.000,0.000,0.000,21.0
22:16:03.773,6385676,0.000,0.000,0.000,0.000,0.000,0.000,0.000,0.000,0.000,21.0
22:16:03.775,6385730,0.000,0.000,0.000,0.000,0.000,0.000,0.000,0.000,0.000,21.0
22:16:03.876,6385784,0.000,0.000,0.000,0.000,0.000,0.000,0.000,0.000,0.000,21.0
22:16:03.929,6385838,0.000,0.000,0.000,0.000,0.000,0.000,0.000,0.000,0.000,21.0
22:16:03.981,6385892,0.000,0.000,0.000,0.000,0.000,0.000,0.000,0.000,0.000,21.0
22:16:04.033,6385946,0.000,0.000,0.000,0.000,0.000,0.000,0.000,0.000,0.000,21.0
22:16:04.087,6386000,0.000,0.000,0.000,0.000,0.000,0.000,0.000,0.000,0.000,21.0
22:16:04.139,6386054,0.000,0.000,0.000,0.000,0.000,0.000,0.000,0.000,0.000,21.0
22:16:04.192,6386108,0.000,0.000,0.000,0.000,0.000,0.000,0.000,0.000,0.000,21.0
22:16:04.244,6386162,0.000,0.000,0.000,0.000,0.000,0.000,0.000,0.000,0.000,21.0
22:16:04.296,6386216,0.000,0.000,0.000,0.000,0.000,0.000,0.000,0.000,0.000,21.0
22:16:04.348,6386270,0.000,0.000,0.000,0.000,0.000,0.000,0.000,0.000,0.000,21.0
22:16:04.401,6386324,0.000,0.000,0.000,0.000,0.000,0.000,0.000,0.000,0.000,21.0
22:16:04.453,6386378,0.000,0.000,0.000,0.000,0.000,0.000,0.000,0.000,0.000,21.0
22:16:04.505,6386432,0.000,0.000,0.000,0.000,0.000,0.000,0.000,0.000,0.000,21.0
22:16:04.558,6386486,0.000,0.000,0.000,0.000,0.000,0.000,0.000,0.000,0.000,21.0
22:16:04.610,6386540,0.000,0.000,0.000,0.000,0.000,0.000,0.000,0.000,0.000,21.0
22:16:04.663,6386594,0.000,0.000,0.000,0.000,0.000,0.000,0.000,0.000,0.000,21.0
22:16:04.766,6386648,0.000,0.000,0.000,0.000,0.000,0.000,0.000,0.000,0.000,21.0
22:16:04.768,6386702,0.000,0.000,0.000,0.000,0.000,0.000,0.000,0.000,0.000,21.0
22:16:04.820,6386756,0.000,0.000,0.000,0.000,0.000,0.000,0.000,0.000,0.000,21.0
22:16:04.873,6386810,0.000,0.000,0.000,0.000,0.000,0.000,0.000,0.000,0.000,21.0
22:16:04.927,6386864,0.000,0.000,0.000,0.000,0.000,0.000,0.000,0.000,0.000,21.0
22:16:04.979,6386918,0.000,0.000,0.000,0.000,0.000,0.000,0.000,0.000,0.000,21.0
22:16:05.031,6386972,0.000,0.000,0.000,0.000,0.000,0.000,0.000,0.000,0.000,21.0
22:16:05.135,6387026,0.000,0.000,0.000,0.000,0.000,0.000,0.000,0.000,0.000,21.0
22:16:05.190,6387080,0.000,0.000,0.000,0.000,0.000,0.000,0.000,0.000,0.000,21.0
22:16:05.191,6387134,0.000,0.000,0.000,0.000,0.000,0.000,0.000,0.000,0.000,21.0
22:16:05.241,6387188,0.000,0.000,0.000,0.000,0.000,0.000,0.000,0.000,0.000,21.0
22:16:05.294,6387242,0.000,0.000,0.000,0.000,0.000,0.000,0.000,0.000,0.000,21.0
22:16:05.346,6387296,0.000,0.000,0.000,0.000,0.000,0.000,0.000,0.000,0.000,21.0
22:16:05.399,6387350,0.000,0.000,0.000,0.000,0.000,0.000,0.000,0.000,0.000,21.0
22:16:05.503,6387404,0.000,0.000,0.000,0.000,0.000,0.000,0.000,0.000,0.000,21.0
22:16:05.555,6387458,0.000,0.000,0.000,0.000,0.000,0.000,0.000,0.000,0.000,21.0
22:16:05.556,6387512,0.000,0.000,0.000,0.000,0.000,0.000,0.000,0.000,0.000,21.0
22:16:05.660,6387566,0.000,0.000,0.000,0.000,0.000,0.000,0.000,0.000,0.000,21.0
22:16:05.713,6387620,0.000,0.000,0.000,0.000,0.000,0.000,0.000,0.000,0.000,21.0
22:16:05.766,6387674,0.000,0.000,0.000,0.000,0.000,0.000,0.000,0.000,0.000,21.0
22:16:05.819,6387728,0.000,0.000,0.000,0.000,0.000,0.000,0.000,0.000,0.000,21.0
22:16:05.871,6387782,0.000,0.000,0.000,0.000,0.000,0.000,0.000,0.000,0.000,21.0
22:16:05.924,6387836,0.000,0.000,0.000,0.000,0.000,0.000,0.000,0.000,0.000,21.0
22:16:06.027,6387890,0.000,0.000,0.000,0.000,0.000,0.000,0.000,0.000,0.000,21.0
22:16:06.028,6387944,0.000,0.000,0.000,0.000,0.000,0.000,0.000,0.000,0.000,21.0
22:16:06.081,6387998,0.000,0.000,0.000,0.000,0.000,0.000,0.000,0.000,0.000,21.0
22:16:06.134,6388052,0.000,0.000,0.000,0.000,0.000,0.000,0.000,0.000,0.000,21.0
22:16:06.238,6388106,0.000,0.000,0.000,0.000,0.000,0.000,0.000,0.000,0.000,21.0
22:16:06.239,6388160,0.000,0.000,0.000,0.000,0.000,0.000,0.000,0.000,0.000,21.0
22:16:06.292,6388214,0.000,0.000,0.000,0.000,0.000,0.000,0.000,0.000,0.000,21.0
22:16:06.344,6388268,0.000,0.000,0.000,0.000,0.000,0.000,0.000,0.000,0.000,21.0
22:16:06.449,6388322,0.000,0.000,0.000,0.000,0.000,0.000,0.000,0.000,0.000,21.0
22:16:06.451,6388376,0.000,0.000,0.000,0.000,0.000,0.000,0.000,0.000,0.000,21.0
22:16:06.500,6388430,0.000,0.000,0.000,0.000,0.000,0.000,0.000,0.000,0.000,21.0
22:16:06.553,6388484,0.000,0.000,0.000,0.000,0.000,0.000,0.000,0.000,0.000,21.0
22:16:06.607,6388538,0.000,0.000,0.000,0.000,0.000,0.000,0.000,0.000,0.000,21.0
22:16:06.658,6388592,0.000,0.000,0.000,0.000,0.000,0.000,0.000,0.000,0.000,21.0
22:16:06.710,6388646,0.000,0.000,0.000,0.000,0.000,0.000,0.000,0.000,0.000,21.0
22:16:06.764,6388700,0.000,0.000,0.000,0.000,0.000,0.000,0.000,0.000,0.000,21.0
22:16:06.868,6388754,0.000,0.000,0.000,0.000,0.000,0.000,0.000,0.000,0.000,21.0
22:16:06.870,6388808,0.000,0.000,0.000,0.000,0.000,0.000,0.000,0.000,0.000,21.0
22:16:06.922,6388862,0.000,0.000,0.000,0.000,0.000,0.000,0.000,0.000,0.000,21.0
22:16:06.974,6388916,0.000,0.000,0.000,0.000,0.000,0.000,0.000,0.000,0.000,21.0
22:16:07.026,6388970,0.000,0.000,0.000,0.000,0.000,0.000,0.000,0.000,0.000,21.0
22:16:07.078,6389024,0.000,0.000,0.000,0.000,0.000,0.000,0.000,0.000,0.000,21.0
22:16:07.131,6389078,0.000,0.000,0.000,0.000,0.000,0.000,0.000,0.000,0.000,21.0
22:16:07.184,6389132,0.000,0.000,0.000,0.000,0.000,0.000,0.000,0.000,0.000,21.0
22:16:07.236,6389186,0.000,0.000,0.000,0.000,0.000,0.000,0.000,0.000,0.000,21.0
22:16:07.289,6389240,0.000,0.000,0.000,0.000,0.000,0.000,0.000,0.000,0.000,21.0
22:16:07.392,6389294,0.000,0.000,0.000,0.000,0.000,0.000,0.000,0.000,0.000,21.0
22:16:07.394,6389348,0.000,0.000,0.000,0.000,0.000,0.000,0.000,0.000,0.000,21.0
22:16:07.498,6389402,0.000,0.000,0.000,0.000,0.000,0.000,0.000,0.000,0.000,21.0
22:16:07.499,6389456,0.000,0.000,0.000,0.000,0.000,0.000,0.000,0.000,0.000,21.0
22:16:07.603,6389510,0.000,0.000,0.000,0.000,0.000,0.000,0.000,0.000,0.000,21.0
22:16:07.706,6389564,0.000,0.000,0.000,0.000,0.000,0.000,0.000,0.000,0.000,21.0
22:16:07.708,6389618,0.000,0.000,0.000,0.000,0.000,0.000,0.000,0.000,0.000,21.0
22:16:07.760,6389672,0.000,0.000,0.000,0.000,0.000,0.000,0.000,0.000,0.000,21.0
22:16:07.814,6389726,0.000,0.000,0.000,0.000,0.000,0.000,0.000,0.000,0.000,21.0
22:16:07.919,6389780,0.000,0.000,0.000,0.000,0.000,0.000,0.000,0.000,0.000,21.0
22:16:07.920,6389834,0.000,0.000,0.000,0.000,0.000,0.000,0.000,0.000,0.000,21.0
22:16:08.023,6389888,0.000,0.000,0.000,0.000,0.000,0.000,0.000,0.000,0.000,21.0
22:16:08.025,6389942,0.000,0.000,0.000,0.000,0.000,0.000,0.000,0.000,0.000,21.0
22:16:08.076,6389996,0.000,0.000,0.000,0.000,0.000,0.000,0.000,0.000,0.000,21.0
22:16:08.128,6390050,0.000,0.000,0.000,0.000,0.000,0.000,0.000,0.000,0.000,21.0
22:16:08.233,6390104,0.000,0.000,0.000,0.000,0.000,0.000,0.000,0.000,0.000,21.0
22:16:08.234,6390158,0.000,0.000,0.000,0.000,0.000,0.000,0.000,0.000,0.000,21.0
22:16:08.286,6390212,0.000,0.000,0.000,0.000,0.000,0.000,0.000,0.000,0.000,21.0
22:16:08.338,6390266,0.000,0.000,0.000,0.000,0.000,0.000,0.000,0.000,0.000,21.0
22:16:08.390,6390320,0.000,0.000,0.000,0.000,0.000,0.000,0.000,0.000,0.000,21.0
22:16:08.444,6390374,0.000,0.000,0.000,0.000,0.000,0.000,0.000,0.000,0.000,21.0
22:16:08.495,6390428,0.000,0.000,0.000,0.000,0.000,0.000,0.000,0.000,0.000,21.0
22:16:08.549,6390482,0.000,0.000,0.000,0.000,0.000,0.000,0.000,0.000,0.000,21.0
22:16:08.601,6390536,0.000,0.000,0.000,0.000,0.000,0.000,0.000,0.000,0.000,21.0
22:16:08.654,6390590,0.000,0.000,0.000,0.000,0.000,0.000,0.000,0.000,0.000,21.0
22:16:08.757,6390644,0.000,0.000,0.000,0.000,0.000,0.000,0.000,0.000,0.000,21.0
22:16:08.759,6390698,0.000,0.000,0.000,0.000,0.000,0.000,0.000,0.000,0.000,21.0
22:16:08.810,6390752,0.000,0.000,0.000,0.000,0.000,0.000,0.000,0.000,0.000,21.0
22:16:08.863,6390806,0.000,0.000,0.000,0.000,0.000,0.000,0.000,0.000,0.000,21.0
22:16:08.968,6390860,0.000,0.000,0.000,0.000,0.000,0.000,0.000,0.000,0.000,21.0
22:16:08.969,6390914,0.000,0.000,0.000,0.000,0.000,0.000,0.000,0.000,0.000,21.0
22:16:09.021,6390968,0.000,0.000,0.000,0.000,0.000,0.000,0.000,0.000,0.000,21.0
22:16:09.074,6391022,0.000,0.000,0.000,0.000,0.000,0.000,0.000,0.000,0.000,21.0
22:16:09.126,6391076,0.000,0.000,0.000,0.000,0.000,0.000,0.000,0.000,0.000,21.0
22:16:09.179,6391130,0.000,0.000,0.000,0.000,0.000,0.000,0.000,0.000,0.000,21.0
22:16:09.232,6391184,0.000,0.000,0.000,0.000,0.000,0.000,0.000,0.000,0.000,21.0
22:16:09.284,6391238,0.000,0.000,0.000,0.000,0.000,0.000,0.000,0.000,0.000,21.0
22:16:09.388,6391292,0.000,0.000,0.000,0.000,0.000,0.000,0.000,0.000,0.000,21.0
22:16:09.390,6391346,0.000,0.000,0.000,0.000,0.000,0.000,0.000,0.000,0.000,21.0
22:16:09.547,6391400,0.000,0.000,0.000,0.000,0.000,0.000,0.000,0.000,0.000,21.0
22:16:09.548,6391454,0.000,0.000,0.000,0.000,0.000,0.000,0.000,0.000,0.000,21.0
22:16:09.598,6391508,0.000,0.000,0.000,0.000,0.000,0.000,0.000,0.000,0.000,21.0
22:16:09.651,6391562,0.000,0.000,0.000,0.000,0.000,0.000,0.000,0.000,0.000,21.0
22:16:09.704,6391616,0.000,0.000,0.000,0.000,0.000,0.000,0.000,0.000,0.000,21.0
22:16:09.755,6391670,0.000,0.000,0.000,0.000,0.000,0.000,0.000,0.000,0.000,21.0
22:16:09.808,6391724,0.000,0.000,0.000,0.000,0.000,0.000,0.000,0.000,0.000,21.0
22:16:09.860,6391778,0.000,0.000,0.000,0.000,0.000,0.000,0.000,0.000,0.000,21.0
22:16:09.914,6391832,0.000,0.000,0.000,0.000,0.000,0.000,0.000,0.000,0.000,21.0
22:16:09.966,6391886,0.000,0.000,0.000,0.000,0.000,0.000,0.000,0.000,0.000,21.0
22:16:10.019,6391940,0.000,0.000,0.000,0.000,0.000,0.000,0.000,0.000,0.000,21.0
22:16:10.072,6391994,0.000,0.000,0.000,0.000,0.000,0.000,0.000,0.000,0.000,21.0
22:16:10.124,6392048,0.000,0.000,0.000,0.000,0.000,0.000,0.000,0.000,0.000,21.0
22:16:10.176,6392102,0.000,0.000,0.000,0.000,0.000,0.000,0.000,0.000,0.000,21.0
22:16:10.229,6392156,0.000,0.000,0.000,0.000,0.000,0.000,0.000,0.000,0.000,21.0
22:16:10.282,6392210,0.000,0.000,0.000,0.000,0.000,0.000,0.000,0.000,0.000,21.0
22:16:10.334,6392264,0.000,0.000,0.000,0.000,0.000,0.000,0.000,0.000,0.000,21.0
22:16:10.386,6392318,0.000,0.000,0.000,0.000,0.000,0.000,0.000,0.000,0.000,21.0
22:16:10.439,6392372,0.000,0.000,0.000,0.000,0.000,0.000,0.000,0.000,0.000,21.0
22:16:10.490,6392426,0.000,0.000,0.000,0.000,0.000,0.000,0.000,0.000,0.000,21.0
22:16:10.594,6392480,0.000,0.000,0.000,0.000,0.000,0.000,0.000,0.000,0.000,21.0
22:16:10.596,6392534,0.000,0.000,0.000,0.000,0.000,0.000,0.000,0.000,0.000,21.0
22:16:10.648,6392588,0.000,0.000,0.000,0.000,0.000,0.000,0.000,0.000,0.000,21.0
22:16:10.701,6392642,0.000,0.000,0.000,0.000,0.000,0.000,0.000,0.000,0.000,21.0
22:16:10.754,6392696,0.000,0.000,0.000,0.000,0.000,0.000,0.000,0.000,0.000,21.0
22:16:10.805,6392750,0.000,0.000,0.000,0.000,0.000,0.000,0.000,0.000,0.000,21.0
22:16:10.858,6392804,0.000,0.000,0.000,0.000,0.000,0.000,0.000,0.000,0.000,21.0
22:16:10.912,6392858,0.000,0.000,0.000,0.000,0.000,0.000,0.000,0.000,0.000,21.0
22:16:10.964,6392912,0.000,0.000,0.000,0.000,0.000,0.000,0.000,0.000,0.000,21.0
22:16:11.016,6392966,0.000,0.000,0.000,0.000,0.000,0.000,0.000,0.000,0.000,21.0
22:16:11.069,6393020,0.000,0.000,0.000,0.000,0.000,0.000,0.000,0.000,0.000,21.0
22:16:11.121,6393074,0.000,0.000,0.000,0.000,0.000,0.000,0.000,0.000,0.000,21.0
22:16:11.173,6393128,0.000,0.000,0.000,0.000,0.000,0.000,0.000,0.000,0.000,21.0
22:16:11.279,6393182,0.000,0.000,0.000,0.000,0.000,0.000,0.000,0.000,0.000,21.0
22:16:11.280,6393236,0.000,0.000,0.000,0.000,0.000,0.000,0.000,0.000,0.000,21.0
22:16:11.383,6393290,0.000,0.000,0.000,0.000,0.000,0.000,0.000,0.000,0.000,21.0
22:16:11.436,6393344,0.000,0.000,0.000,0.000,0.000,0.000,0.000,0.000,0.000,21.0
22:16:11.488,6393398,0.000,0.000,0.000,0.000,0.000,0.000,0.000,0.000,0.000,21.0
22:16:11.541,6393452,0.000,0.000,0.000,0.000,0.000,0.000,0.000,0.000,0.000,21.0
22:16:11.593,6393506,0.000,0.000,0.000,0.000,0.000,0.000,0.000,0.000,0.000,21.0
22:16:11.698,6393560,0.000,0.000,0.000,0.000,0.000,0.000,0.000,0.000,0.000,21.0
22:16:11.700,6393614,0.000,0.000,0.000,0.000,0.000,0.000,0.000,0.000,0.000,21.0
22:16:11.752,6393668,0.000,0.000,0.000,0.000,0.000,0.000,0.000,0.000,0.000,21.0
22:16:11.804,6393722,0.000,0.000,0.000,0.000,0.000,0.000,0.000,0.000,0.000,21.0
22:16:11.855,6393776,0.000,0.000,0.000,0.000,0.000,0.000,0.000,0.000,0.000,21.0
22:16:11.908,6393830,0.000,0.000,0.000,0.000,0.000,0.000,0.000,0.000,0.000,21.0
22:16:11.961,6393884,0.000,0.000,0.000,0.000,0.000,0.000,0.000,0.000,0.000,21.0
22:16:12.014,6393938,0.000,0.000,0.000,0.000,0.000,0.000,0.000,0.000,0.000,21.0
22:16:12.067,6393992,0.000,0.000,0.000,0.000,0.000,0.000,0.000,0.000,0.000,21.0
22:16:12.118,6394046,0.000,0.000,0.000,0.000,0.000,0.000,0.000,0.000,0.000,21.0
22:16:12.170,6394100,0.000,0.000,0.000,0.000,0.000,0.000,0.000,0.000,0.000,21.0
22:16:12.224,6394154,0.000,0.000,0.000,0.000,0.000,0.000,0.000,0.000,0.000,21.0
22:16:12.277,6394208,0.000,0.000,0.000,0.000,0.000,0.000,0.000,0.000,0.000,21.0
22:16:12.329,6394262,0.000,0.000,0.000,0.000,0.000,0.000,0.000,0.000,0.000,21.0
22:16:12.380,6394316,0.000,0.000,0.000,0.000,0.000,0.000,0.000,0.000,0.000,21.0
22:16:12.433,6394370,0.000,0.000,0.000,0.000,0.000,0.000,0.000,0.000,0.000,21.0
22:16:12.485,6394424,0.000,0.000,0.000,0.000,0.000,0.000,0.000,0.000,0.000,21.0
22:16:12.538,6394478,0.000,0.000,0.000,0.000,0.000,0.000,0.000,0.000,0.000,21.0
22:16:12.591,6394532,0.000,0.000,0.000,0.000,0.000,0.000,0.000,0.000,0.000,21.0
22:16:12.643,6394586,0.000,0.000,0.000,0.000,0.000,0.000,0.000,0.000,0.000,21.0
22:16:12.696,6394640,0.000,0.000,0.000,0.000,0.000,0.000,0.000,0.000,0.000,21.0
22:16:12.749,6394694,0.000,0.000,0.000,0.000,0.000,0.000,0.000,0.000,0.000,21.0
22:16:12.802,6394748,0.000,0.000,0.000,0.000,0.000,0.000,0.000,0.000,0.000,21.0
22:16:12.853,6394802,0.000,0.000,0.000,0.000,0.000,0.000,0.000,0.000,0.000,21.0
22:16:12.906,6394856,0.000,0.000,0.000,0.000,0.000,0.000,0.000,0.000,0.000,21.0
22:16:12.959,6394910,0.000,0.000,0.000,0.000,0.000,0.000,0.000,0.000,0.000,21.0
22:16:13.012,6394964,0.000,0.000,0.000,0.000,0.000,0.000,0.000,0.000,0.000,21.0
22:16:13.064,6395018,0.000,0.000,0.000,0.000,0.000,0.000,0.000,0.000,0.000,21.0
22:16:13.170,6395072,0.000,0.000,0.000,0.000,0.000,0.000,0.000,0.000,0.000,21.0
22:16:13.171,6395126,0.000,0.000,0.000,0.000,0.000,0.000,0.000,0.000,0.000,21.0
22:16:13.274,6395180,0.000,0.000,0.000,0.000,0.000,0.000,0.000,0.000,0.000,21.0
22:16:13.326,6395234,0.000,0.000,0.000,0.000,0.000,0.000,0.000,0.000,0.000,21.0
22:16:13.378,6395288,0.000,0.000,0.000,0.000,0.000,0.000,0.000,0.000,0.000,21.0
22:16:13.431,6395342,0.000,0.000,0.000,0.000,0.000,0.000,0.000,0.000,0.000,21.0
22:16:13.484,6395396,0.000,0.000,0.000,0.000,0.000,0.000,0.000,0.000,0.000,21.0
22:16:13.536,6395450,0.000,0.000,0.000,0.000,0.000,0.000,0.000,0.000,0.000,21.0
22:16:13.589,6395504,0.000,0.000,0.000,0.000,0.000,0.000,0.000,0.000,0.000,21.0
22:16:13.640,6395558,0.000,0.000,0.000,0.000,0.000,0.000,0.000,0.000,0.000,21.0
22:16:13.693,6395612,0.000,0.000,0.000,0.000,0.000,0.000,0.000,0.000,0.000,21.0
22:16:13.746,6395666,0.000,0.000,0.000,0.000,0.000,0.000,0.000,0.000,0.000,21.0
22:16:13.799,6395720,0.000,0.000,0.000,0.000,0.000,0.000,0.000,0.000,0.000,21.0
22:16:13.851,6395774,0.000,0.000,0.000,0.000,0.000,0.000,0.000,0.000,0.000,21.0
22:16:13.903,6395828,0.000,0.000,0.000,0.000,0.000,0.000,0.000,0.000,0.000,21.0
22:16:13.955,6395882,0.000,0.000,0.000,0.000,0.000,0.000,0.000,0.000,0.000,21.0
22:16:14.009,6395936,0.000,0.000,0.000,0.000,0.000,0.000,0.000,0.000,0.000,21.0
22:16:14.061,6395990,0.000,0.000,0.000,0.000,0.000,0.000,0.000,0.000,0.000,21.0
22:16:14.112,6396044,0.000,0.000,0.000,0.000,0.000,0.000,0.000,0.000,0.000,21.0
22:16:14.165,6396098,0.000,0.000,0.000,0.000,0.000,0.000,0.000,0.000,0.000,21.0
22:16:14.218,6396152,0.000,0.000,0.000,0.000,0.000,0.000,0.000,0.000,0.000,21.0
22:16:14.270,6396206,0.000,0.000,0.000,0.000,0.000,0.000,0.000,0.000,0.000,21.0
22:16:14.324,6396260,0.000,0.000,0.000,0.000,0.000,0.000,0.000,0.000,0.000,21.0
22:16:14.377,6396314,0.000,0.000,0.000,0.000,0.000,0.000,0.000,0.000,0.000,21.0
22:16:14.428,6396368,0.000,0.000,0.000,0.000,0.000,0.000,0.000,0.000,0.000,21.0
22:16:14.480,6396422,0.000,0.000,0.000,0.000,0.000,0.000,0.000,0.000,0.000,21.0
22:16:14.534,6396476,0.000,0.000,0.000,0.000,0.000,0.000,0.000,0.000,0.000,21.0
22:16:14.585,6396530,0.000,0.000,0.000,0.000,0.000,0.000,0.000,0.000,0.000,21.0
22:16:14.639,6396584,0.000,0.000,0.000,0.000,0.000,0.000,0.000,0.000,0.000,21.0
22:16:14.692,6396638,0.000,0.000,0.000,0.000,0.000,0.000,0.000,0.000,0.000,21.0
22:16:14.743,6396692,0.000,0.000,0.000,0.000,0.000,0.000,0.000,0.000,0.000,21.0
22:16:14.795,6396746,0.000,0.000,0.000,0.000,0.000,0.000,0.000,0.000,0.000,21.0
22:16:14.848,6396800,0.000,0.000,0.000,0.000,0.000,0.000,0.000,0.000,0.000,21.0
22:16:14.901,6396854,0.000,0.000,0.000,0.000,0.000,0.000,0.000,0.000,0.000,21.0
22:16:14.953,6396908,0.000,0.000,0.000,0.000,0.000,0.000,0.000,0.000,0.000,21.0
22:16:15.059,6396962,0.000,0.000,0.000,0.000,0.000,0.000,0.000,0.000,0.000,21.0
22:16:15.061,6397016,0.000,0.000,0.000,0.000,0.000,0.000,0.000,0.000,0.000,21.0
22:16:15.164,6397070,0.000,0.000,0.000,0.000,0.000,0.000,0.000,0.000,0.000,21.0
22:16:15.216,6397124,0.000,0.000,0.000,0.000,0.000,0.000,0.000,0.000,0.000,21.0
22:16:15.268,6397178,0.000,0.000,0.000,0.000,0.000,0.000,0.000,0.000,0.000,21.0
22:16:15.322,6397232,0.000,0.000,0.000,0.000,0.000,0.000,0.000,0.000,0.000,21.0
22:16:15.374,6397286,0.000,0.000,0.000,0.000,0.000,0.000,0.000,0.000,0.000,21.0
22:16:15.427,6397340,0.000,0.000,0.000,0.000,0.000,0.000,0.000,0.000,0.000,21.0
22:16:15.478,6397394,0.000,0.000,0.000,0.000,0.000,0.000,0.000,0.000,0.000,21.0
22:16:15.531,6397448,0.000,0.000,0.000,0.000,0.000,0.000,0.000,0.000,0.000,21.0
22:16:15.583,6397502,0.000,0.000,0.000,0.000,0.000,0.000,0.000,0.000,0.000,21.0
22:16:15.636,6397556,0.000,0.000,0.000,0.000,0.000,0.000,0.000,0.000,0.000,21.0
22:16:15.689,6397610,0.000,0.000,0.000,0.000,0.000,0.000,0.000,0.000,0.000,21.0
22:16:15.792,6397664,0.000,0.000,0.000,0.000,0.000,0.000,0.000,0.000,0.000,21.0
22:16:15.795,6397718,0.000,0.000,0.000,0.000,0.000,0.000,0.000,0.000,0.000,21.0
22:16:15.897,6397772,0.000,0.000,0.000,0.000,0.000,0.000,0.000,0.000,0.000,21.0
22:16:15.899,6397826,0.000,0.000,0.000,0.000,0.000,0.000,0.000,0.000,0.000,21.0
22:16:15.950,6397880,0.000,0.000,0.000,0.000,0.000,0.000,0.000,0.000,0.000,21.0
22:16:16.005,6397934,0.000,0.000,0.000,0.000,0.000,0.000,0.000,0.000,0.000,21.0
22:16:16.056,6397988,0.000,0.000,0.000,0.000,0.000,0.000,0.000,0.000,0.000,21.0
22:16:16.109,6398042,0.000,0.000,0.000,0.000,0.000,0.000,0.000,0.000,0.000,21.0
22:16:16.213,6398096,0.000,0.000,0.000,0.000,0.000,0.000,0.000,0.000,0.000,21.0
22:16:16.215,6398150,0.000,0.000,0.000,0.000,0.000,0.000,0.000,0.000,0.000,21.0
22:16:16.318,6398204,0.000,0.000,0.000,0.000,0.000,0.000,0.000,0.000,0.000,21.0
22:16:16.320,6398258,0.000,0.000,0.000,0.000,0.000,0.000,0.000,0.000,0.000,21.0
22:16:16.422,6398312,0.000,0.000,0.000,0.000,0.000,0.000,0.000,0.000,0.000,21.0
22:16:16.424,6398366,0.000,0.000,0.000,0.000,0.000,0.000,0.000,0.000,0.000,21.0
22:16:16.475,6398420,0.000,0.000,0.000,0.000,0.000,0.000,0.000,0.000,0.000,21.0
22:16:16.529,6398474,0.000,0.000,0.000,0.000,0.000,0.000,0.000,0.000,0.000,21.0
22:16:16.581,6398528,0.000,0.000,0.000,0.000,0.000,0.000,0.000,0.000,0.000,21.0
22:16:16.633,6398582,0.000,0.000,0.000,0.000,0.000,0.000,0.000,0.000,0.000,21.0
22:16:16.686,6398636,0.000,0.000,0.000,0.000,0.000,0.000,0.000,0.000,0.000,21.0
22:16:16.843,6398690,0.000,0.000,0.000,0.000,0.000,0.000,0.000,0.000,0.000,21.0
22:16:16.844,6398744,0.000,0.000,0.000,0.000,0.000,0.000,0.000,0.000,0.000,21.0
22:16:16.847,6398798,0.000,0.000,0.000,0.000,0.000,0.000,0.000,0.000,0.000,21.0
22:16:16.949,6398852,0.000,0.000,0.000,0.000,0.000,0.000,0.000,0.000,0.000,21.0
22:16:16.951,6398906,0.000,0.000,0.000,0.000,0.000,0.000,0.000,0.000,0.000,21.0
22:16:17.053,6398960,0.000,0.000,0.000,0.000,0.000,0.000,0.000,0.000,0.000,21.0
22:16:17.106,6399014,0.000,0.000,0.000,0.000,0.000,0.000,0.000,0.000,0.000,21.0
22:16:17.211,6399068,0.000,0.000,0.000,0.000,0.000,0.000,0.000,0.000,0.000,21.0
22:16:17.212,6399122,0.000,0.000,0.000,0.000,0.000,0.000,0.000,0.000,0.000,21.0
22:16:17.264,6399176,0.000,0.000,0.000,0.000,0.000,0.000,0.000,0.000,0.000,21.0
22:16:17.317,6399230,0.000,0.000,0.000,0.000,0.000,0.000,0.000,0.000,0.000,21.0
22:16:17.369,6399284,0.000,0.000,0.000,0.000,0.000,0.000,0.000,0.000,0.000,21.0
22:16:17.420,6399338,0.000,0.000,0.000,0.000,0.000,0.000,0.000,0.000,0.000,21.0
22:16:17.473,6399392,0.000,0.000,0.000,0.000,0.000,0.000,0.000,0.000,0.000,21.0
22:16:17.527,6399446,0.000,0.000,0.000,0.000,0.000,0.000,0.000,0.000,0.000,21.0
22:16:17.579,6399500,0.000,0.000,0.000,0.000,0.000,0.000,0.000,0.000,0.000,21.0
22:16:17.631,6399554,0.000,0.000,0.000,0.000,0.000,0.000,0.000,0.000,0.000,21.0
22:16:17.684,6399608,0.000,0.000,0.000,0.000,0.000,0.000,0.000,0.000,0.000,21.0
22:16:17.736,6399662,0.000,0.000,0.000,0.000,0.000,0.000,0.000,0.000,0.000,21.0
22:16:17.789,6399716,0.000,0.000,0.000,0.000,0.000,0.000,0.000,0.000,0.000,21.0
22:16:17.841,6399770,0.000,0.000,0.000,0.000,0.000,0.000,0.000,0.000,0.000,21.0
22:16:17.893,6399824,0.000,0.000,0.000,0.000,0.000,0.000,0.000,0.000,0.000,21.0
22:16:17.946,6399878,0.000,0.000,0.000,0.000,0.000,0.000,0.000,0.000,0.000,21.0
22:16:17.999,6399932,0.000,0.000,0.000,0.000,0.000,0.000,0.000,0.000,0.000,21.0
22:16:18.050,6399986,0.000,0.000,0.000,0.000,0.000,0.000,0.000,0.000,0.000,21.0
22:16:18.103,6400040,0.000,0.000,0.000,0.000,0.000,0.000,0.000,0.000,0.000,21.0
22:16:18.206,6400094,0.000,0.000,0.000,0.000,0.000,0.000,0.000,0.000,0.000,21.0
22:16:18.208,6400148,0.000,0.000,0.000,0.000,0.000,0.000,0.000,0.000,0.000,21.0
22:16:18.262,6400202,0.000,0.000,0.000,0.000,0.000,0.000,0.000,0.000,0.000,21.0
22:16:18.314,6400256,0.000,0.000,0.000,0.000,0.000,0.000,0.000,0.000,0.000,21.0
22:16:18.366,6400310,0.000,0.000,0.000,0.000,0.000,0.000,0.000,0.000,0.000,21.0
22:16:18.418,6400364,0.000,0.000,0.000,0.000,0.000,0.000,0.000,0.000,0.000,21.0
22:16:18.470,6400418,0.000,0.000,0.000,0.000,0.000,0.000,0.000,0.000,0.000,21.0
22:16:18.524,6400472,0.000,0.000,0.000,0.000,0.000,0.000,0.000,0.000,0.000,21.0
22:16:18.576,6400526,0.000,0.000,0.000,0.000,0.000,0.000,0.000,0.000,0.000,21.0
22:16:18.629,6400580,0.000,0.000,0.000,0.000,0.000,0.000,0.000,0.000,0.000,21.0
22:16:18.681,6400634,0.000,0.000,0.000,0.000,0.000,0.000,0.000,0.000,0.000,21.0
22:16:18.734,6400688,0.000,0.000,0.000,0.000,0.000,0.000,0.000,0.000,0.000,21.0
22:16:18.838,6400742,0.000,0.000,0.000,0.000,0.000,0.000,0.000,0.000,0.000,21.0
22:16:18.890,6400796,0.000,0.000,0.000,0.000,0.000,0.000,0.000,0.000,0.000,21.0
22:16:18.944,6400850,0.000,0.000,0.000,0.000,0.000,0.000,0.000,0.000,0.000,21.0
22:16:18.996,6400904,0.000,0.000,0.000,0.000,0.000,0.000,0.000,0.000,0.000,21.0
22:16:19.048,6400958,0.000,0.000,0.000,0.000,0.000,0.000,0.000,0.000,0.000,21.0
22:16:19.100,6401012,0.000,0.000,0.000,0.000,0.000,0.000,0.000,0.000,0.000,21.0
22:16:19.154,6401066,0.000,0.000,0.000,0.000,0.000,0.000,0.000,0.000,0.000,21.0
22:16:19.206,6401120,0.000,0.000,0.000,0.000,0.000,0.000,0.000,0.000,0.000,21.0
22:16:19.259,6401174,0.000,0.000,0.000,0.000,0.000,0.000,0.000,0.000,0.000,21.0
22:16:19.311,6401228,0.000,0.000,0.000,0.000,0.000,0.000,0.000,0.000,0.000,21.0
22:16:19.363,6401282,0.000,0.000,0.000,0.000,0.000,0.000,0.000,0.000,0.000,21.0
22:16:19.415,6401336,0.000,0.000,0.000,0.000,0.000,0.000,0.000,0.000,0.000,21.0
22:16:19.468,6401390,0.000,0.000,0.000,0.000,0.000,0.000,0.000,0.000,0.000,21.0
22:16:19.521,6401444,0.000,0.000,0.000,0.000,0.000,0.000,0.000,0.000,0.000,21.0
22:16:19.573,6401498,0.000,0.000,0.000,0.000,0.000,0.000,0.000,0.000,0.000,21.0
22:16:19.625,6401552,0.000,0.000,0.000,0.000,0.000,0.000,0.000,0.000,0.000,21.0
22:16:19.678,6401606,0.000,0.000,0.000,0.000,0.000,0.000,0.000,0.000,0.000,21.0
22:16:19.731,6401660,0.000,0.000,0.000,0.000,0.000,0.000,0.000,0.000,0.000,21.0
22:16:19.784,6401714,0.000,0.000,0.000,0.000,0.000,0.000,0.000,0.000,0.000,21.0
22:16:19.835,6401768,0.000,0.000,0.000,0.000,0.000,0.000,0.000,0.000,0.000,21.0
22:16:19.888,6401822,0.000,0.000,0.000,0.000,0.000,0.000,0.000,0.000,0.000,21.0
22:16:19.941,6401876,0.000,0.000,0.000,0.000,0.000,0.000,0.000,0.000,0.000,21.0
22:16:19.994,6401930,0.000,0.000,0.000,0.000,0.000,0.000,0.000,0.000,0.000,21.0
22:16:20.046,6401984,0.000,0.000,0.000,0.000,0.000,0.000,0.000,0.000,0.000,21.0
22:16:20.099,6402038,0.000,0.000,0.000,0.000,0.000,0.000,0.000,0.000,0.000,21.0
22:16:20.150,6402092,0.000,0.000,0.000,0.000,0.000,0.000,0.000,0.000,0.000,21.0
22:16:20.203,6402146,0.000,0.000,0.000,0.000,0.000,0.000,0.000,0.000,0.000,21.0
22:16:20.257,6402200,0.000,0.000,0.000,0.000,0.000,0.000,0.000,0.000,0.000,21.0
22:16:20.309,6402254,0.000,0.000,0.000,0.000,0.000,0.000,0.000,0.000,0.000,21.0
22:16:20.361,6402308,0.000,0.000,0.000,0.000,0.000,0.000,0.000,0.000,0.000,21.0
22:16:20.413,6402362,0.000,0.000,0.000,0.000,0.000,0.000,0.000,0.000,0.000,21.0
22:16:20.465,6402416,0.000,0.000,0.000,0.000,0.000,0.000,0.000,0.000,0.000,21.0
22:16:20.518,6402470,0.000,0.000,0.000,0.000,0.000,0.000,0.000,0.000,0.000,21.0
22:16:20.571,6402524,0.000,0.000,0.000,0.000,0.000,0.000,0.000,0.000,0.000,21.0
22:16:20.624,6402578,0.000,0.000,0.000,0.000,0.000,0.000,0.000,0.000,0.000,21.0
22:16:20.780,6402632,0.000,0.000,0.000,0.000,0.000,0.000,0.000,0.000,0.000,21.0
22:16:20.782,6402686,0.000,0.000,0.000,0.000,0.000,0.000,0.000,0.000,0.000,21.0
22:16:20.834,6402740,0.000,0.000,0.000,0.000,0.000,0.000,0.000,0.000,0.000,21.0
22:16:20.886,6402794,0.000,0.000,0.000,0.000,0.000,0.000,0.000,0.000,0.000,21.0
22:16:20.938,6402848,0.000,0.000,0.000,0.000,0.000,0.000,0.000,0.000,0.000,21.0
22:16:20.991,6402902,0.000,0.000,0.000,0.000,0.000,0.000,0.000,0.000,0.000,21.0
22:16:21.044,6402956,0.000,0.000,0.000,0.000,0.000,0.000,0.000,0.000,0.000,21.0
22:16:21.096,6403010,0.000,0.000,0.000,0.000,0.000,0.000,0.000,0.000,0.000,21.0
22:16:21.147,6403064,0.000,0.000,0.000,0.000,0.000,0.000,0.000,0.000,0.000,21.0
22:16:21.200,6403118,0.000,0.000,0.000,0.000,0.000,0.000,0.000,0.000,0.000,21.0
22:16:21.254,6403172,0.000,0.000,0.000,0.000,0.000,0.000,0.000,0.000,0.000,21.0
22:16:21.306,6403226,0.000,0.000,0.000,0.000,0.000,0.000,0.000,0.000,0.000,21.0
22:16:21.359,6403280,0.000,0.000,0.000,0.000,0.000,0.000,0.000,0.000,0.000,21.0
22:16:21.410,6403334,0.000,0.000,0.000,0.000,0.000,0.000,0.000,0.000,0.000,21.0
22:16:21.463,6403388,0.000,0.000,0.000,0.000,0.000,0.000,0.000,0.000,0.000,21.0
22:16:21.516,6403442,0.000,0.000,0.000,0.000,0.000,0.000,0.000,0.000,0.000,21.0
22:16:21.569,6403496,0.000,0.000,0.000,0.000,0.000,0.000,0.000,0.000,0.000,21.0
22:16:21.620,6403550,0.000,0.000,0.000,0.000,0.000,0.000,0.000,0.000,0.000,21.0
22:16:21.673,6403604,0.000,0.000,0.000,0.000,0.000,0.000,0.000,0.000,0.000,21.0
22:16:21.727,6403658,0.000,0.000,0.000,0.000,0.000,0.000,0.000,0.000,0.000,21.0
22:16:21.779,6403712,0.000,0.000,0.000,0.000,0.000,0.000,0.000,0.000,0.000,21.0
22:16:21.830,6403766,0.000,0.000,0.000,0.000,0.000,0.000,0.000,0.000,0.000,21.0
22:16:21.883,6403820,0.000,0.000,0.000,0.000,0.000,0.000,0.000,0.000,0.000,21.0
22:16:21.935,6403874,0.000,0.000,0.000,0.000,0.000,0.000,0.000,0.000,0.000,21.0
22:16:21.988,6403928,0.000,0.000,0.000,0.000,0.000,0.000,0.000,0.000,0.000,21.0
22:16:22.041,6403982,0.000,0.000,0.000,0.000,0.000,0.000,0.000,0.000,0.000,21.0
22:16:22.094,6404036,0.000,0.000,0.000,0.000,0.000,0.000,0.000,0.000,0.000,21.0
22:16:22.197,6404090,0.000,0.000,0.000,0.000,0.000,0.000,0.000,0.000,0.000,21.0
22:16:22.199,6404144,0.000,0.000,0.000,0.000,0.000,0.000,0.000,0.000,0.000,21.0
22:16:22.250,6404198,0.000,0.000,0.000,0.000,0.000,0.000,0.000,0.000,0.000,21.0
22:16:22.304,6404252,0.000,0.000,0.000,0.000,0.000,0.000,0.000,0.000,0.000,21.0
22:16:22.408,6404306,0.000,0.000,0.000,0.000,0.000,0.000,0.000,0.000,0.000,21.0
22:16:22.410,6404360,0.000,0.000,0.000,0.000,0.000,0.000,0.000,0.000,0.000,21.0
22:16:22.460,6404414,0.000,0.000,0.000,0.000,0.000,0.000,0.000,0.000,0.000,21.0
22:16:22.513,6404468,0.000,0.000,0.000,0.000,0.000,0.000,0.000,0.000,0.000,21.0
22:16:22.619,6404522,0.000,0.000,0.000,0.000,0.000,0.000,0.000,0.000,0.000,21.0
22:16:22.621,6404576,0.000,0.000,0.000,0.000,0.000,0.000,0.000,0.000,0.000,21.0
22:16:22.724,6404630,0.000,0.000,0.000,0.000,0.000,0.000,0.000,0.000,0.000,21.0
22:16:22.777,6404684,0.000,0.000,0.000,0.000,0.000,0.000,0.000,0.000,0.000,21.0
22:16:22.829,6404738,0.000,0.000,0.000,0.000,0.000,0.000,0.000,0.000,0.000,21.0
22:16:22.881,6404792,0.000,0.000,0.000,0.000,0.000,0.000,0.000,0.000,0.000,21.0
22:16:22.933,6404846,0.000,0.000,0.000,0.000,0.000,0.000,0.000,0.000,0.000,21.0
22:16:22.985,6404900,0.000,0.000,0.000,0.000,0.000,0.000,0.000,0.000,0.000,21.0
22:16:23.039,6404954,0.000,0.000,0.000,0.000,0.000,0.000,0.000,0.000,0.000,21.0
22:16:23.092,6405008,0.000,0.000,0.000,0.000,0.000,0.000,0.000,0.000,0.000,21.0
22:16:23.144,6405062,0.000,0.000,0.000,0.000,0.000,0.000,0.000,0.000,0.000,21.0
22:16:23.195,6405116,0.000,0.000,0.000,0.000,0.000,0.000,0.000,0.000,0.000,21.0
22:16:23.248,6405170,0.000,0.000,0.000,0.000,0.000,0.000,0.000,0.000,0.000,21.0
22:16:23.301,6405224,0.000,0.000,0.000,0.000,0.000,0.000,0.000,0.000,0.000,21.0
22:16:23.354,6405278,0.000,0.000,0.000,0.000,0.000,0.000,0.000,0.000,0.000,21.0
22:16:23.407,6405332,0.000,0.000,0.000,0.000,0.000,0.000,0.000,0.000,0.000,21.0
22:16:23.458,6405386,0.000,0.000,0.000,0.000,0.000,0.000,0.000,0.000,0.000,21.0
22:16:23.511,6405440,0.000,0.000,0.000,0.000,0.000,0.000,0.000,0.000,0.000,21.0
22:16:23.564,6405494,0.000,0.000,0.000,0.000,0.000,0.000,0.000,0.000,0.000,21.0
22:16:23.616,6405548,0.000,0.000,0.000,0.000,0.000,0.000,0.000,0.000,0.000,21.0
22:16:23.669,6405602,0.000,0.000,0.000,0.000,0.000,0.000,0.000,0.000,0.000,21.0
22:16:23.721,6405656,0.000,0.000,0.000,0.000,0.000,0.000,0.000,0.000,0.000,21.0
22:16:23.774,6405710,0.000,0.000,0.000,0.000,0.000,0.000,0.000,0.000,0.000,21.0
22:16:23.826,6405764,0.000,0.000,0.000,0.000,0.000,0.000,0.000,0.000,0.000,21.0
22:16:23.879,6405818,0.000,0.000,0.000,0.000,0.000,0.000,0.000,0.000,0.000,21.0
22:16:23.983,6405872,0.000,0.000,0.000,0.000,0.000,0.000,0.000,0.000,0.000,21.0
22:16:23.984,6405926,0.000,0.000,0.000,0.000,0.000,0.000,0.000,0.000,0.000,21.0
22:16:24.037,6405980,0.000,0.000,0.000,0.000,0.000,0.000,0.000,0.000,0.000,21.0
22:16:24.141,6406034,0.000,0.000,0.000,0.000,0.000,0.000,0.000,0.000,0.000,21.0
22:16:24.143,6406088,0.000,0.000,0.000,0.000,0.000,0.000,0.000,0.000,0.000,21.0
22:16:24.193,6406142,0.000,0.000,0.000,0.000,0.000,0.000,0.000,0.000,0.000,21.0
22:16:24.245,6406196,0.000,0.000,0.000,0.000,0.000,0.000,0.000,0.000,0.000,21.0
22:16:24.298,6406250,0.000,0.000,0.000,0.000,0.000,0.000,0.000,0.000,0.000,21.0
22:16:24.455,6406304,0.000,0.000,0.000,0.000,0.000,0.000,0.000,0.000,0.000,21.0
22:16:24.456,6406358,0.000,0.000,0.000,0.000,0.000,0.000,0.000,0.000,0.000,21.0
22:16:24.458,6406412,0.000,0.000,0.000,0.000,0.000,0.000,0.000,0.000,0.000,21.0
22:16:24.561,6406466,0.000,0.000,0.000,0.000,0.000,0.000,0.000,0.000,0.000,21.0
22:16:24.614,6406520,0.000,0.000,0.000,0.000,0.000,0.000,0.000,0.000,0.000,21.0
22:16:24.667,6406574,0.000,0.000,0.000,0.000,0.000,0.000,0.000,0.000,0.000,21.0
22:16:24.719,6406628,0.000,0.000,0.000,0.000,0.000,0.000,0.000,0.000,0.000,21.0
22:16:24.771,6406682,0.000,0.000,0.000,0.000,0.000,0.000,0.000,0.000,0.000,21.0
22:16:24.824,6406736,0.000,0.000,0.000,0.000,0.000,0.000,0.000,0.000,0.000,21.0
22:16:24.876,6406790,0.000,0.000,0.000,0.000,0.000,0.000,0.000,0.000,0.000,21.0
22:16:24.929,6406844,0.000,0.000,0.000,0.000,0.000,0.000,0.000,0.000,0.000,21.0
22:16:24.981,6406898,0.000,0.000,0.000,0.000,0.000,0.000,0.000,0.000,0.000,21.0
22:16:25.033,6406952,0.000,0.000,0.000,0.000,0.000,0.000,0.000,0.000,0.000,21.0
22:16:25.086,6407006,0.000,0.000,0.000,0.000,0.000,0.000,0.000,0.000,0.000,21.0
22:16:25.139,6407060,0.000,0.000,0.000,0.000,0.000,0.000,0.000,0.000,0.000,21.0
22:16:25.190,6407114,0.000,0.000,0.000,0.000,0.000,0.000,0.000,0.000,0.000,21.0
22:16:25.244,6407168,0.000,0.000,0.000,0.000,0.000,0.000,0.000,0.000,0.000,21.0
22:16:25.295,6407222,0.000,0.000,0.000,0.000,0.000,0.000,0.000,0.000,0.000,21.0
22:16:25.348,6407276,0.000,0.000,0.000,0.000,0.000,0.000,0.000,0.000,0.000,21.0
22:16:25.401,6407330,0.000,0.000,0.000,0.000,0.000,0.000,0.000,0.000,0.000,21.0
22:16:25.453,6407384,0.000,0.000,0.000,0.000,0.000,0.000,0.000,0.000,0.000,21.0
22:16:25.505,6407438,0.000,0.000,0.000,0.000,0.000,0.000,0.000,0.000,0.000,21.0
22:16:25.559,6407492,0.000,0.000,0.000,0.000,0.000,0.000,0.000,0.000,0.000,21.0
22:16:25.612,6407546,0.000,0.000,0.000,0.000,0.000,0.000,0.000,0.000,0.000,21.0
22:16:25.664,6407600,0.000,0.000,0.000,0.000,0.000,0.000,0.000,0.000,0.000,21.0
22:16:25.716,6407654,0.000,0.000,0.000,0.000,0.000,0.000,0.000,0.000,0.000,21.0
22:16:25.769,6407708,0.000,0.000,0.000,0.000,0.000,0.000,0.000,0.000,0.000,21.0
22:16:25.820,6407762,0.000,0.000,0.000,0.000,0.000,0.000,0.000,0.000,0.000,21.0
22:16:25.873,6407816,0.000,0.000,0.000,0.000,0.000,0.000,0.000,0.000,0.000,21.0
22:16:25.925,6407870,0.000,0.000,0.000,0.000,0.000,0.000,0.000,0.000,0.000,21.0
22:16:25.978,6407924,0.000,0.000,0.000,0.000,0.000,0.000,0.000,0.000,0.000,21.0
22:16:26.031,6407978,0.000,0.000,0.000,0.000,0.000,0.000,0.000,0.000,0.000,21.0
22:16:26.083,6408032,0.000,0.000,0.000,0.000,0.000,0.000,0.000,0.000,0.000,21.0
22:16:26.136,6408086,0.000,0.000,0.000,0.000,0.000,0.000,0.000,0.000,0.000,21.0
22:16:26.189,6408140,0.000,0.000,0.000,0.000,0.000,0.000,0.000,0.000,0.000,21.0
22:16:26.241,6408194,0.000,0.000,0.000,0.000,0.000,0.000,0.000,0.000,0.000,21.0
22:16:26.294,6408248,0.000,0.000,0.000,0.000,0.000,0.000,0.000,0.000,0.000,21.0
22:16:26.398,6408302,0.000,0.000,0.000,0.000,0.000,0.000,0.000,0.000,0.000,21.0
22:16:26.401,6408356,0.000,0.000,0.000,0.000,0.000,0.000,0.000,0.000,0.000,21.0
22:16:26.504,6408410,0.000,0.000,0.000,0.000,0.000,0.000,0.000,0.000,0.000,21.0
22:16:26.556,6408464,0.000,0.000,0.000,0.000,0.000,0.000,0.000,0.000,0.000,21.0
22:16:26.609,6408518,0.000,0.000,0.000,0.000,0.000,0.000,0.000,0.000,0.000,21.0
22:16:26.660,6408572,0.000,0.000,0.000,0.000,0.000,0.000,0.000,0.000,0.000,21.0
22:16:26.713,6408626,0.000,0.000,0.000,0.000,0.000,0.000,0.000,0.000,0.000,21.0
22:16:26.766,6408680,0.000,0.000,0.000,0.000,0.000,0.000,0.000,0.000,0.000,21.0
22:16:26.818,6408734,0.000,0.000,0.000,0.000,0.000,0.000,0.000,0.000,0.000,21.0
22:16:26.871,6408788,0.000,0.000,0.000,0.000,0.000,0.000,0.000,0.000,0.000,21.0
22:16:26.923,6408842,0.000,0.000,0.000,0.000,0.000,0.000,0.000,0.000,0.000,21.0
22:16:26.976,6408896,0.000,0.000,0.000,0.000,0.000,0.000,0.000,0.000,0.000,21.0
22:16:27.028,6408950,0.000,0.000,0.000,0.000,0.000,0.000,0.000,0.000,0.000,21.0
22:16:27.081,6409004,0.000,0.000,0.000,0.000,0.000,0.000,0.000,0.000,0.000,21.0
22:16:27.134,6409058,0.000,0.000,0.000,0.000,0.000,0.000,0.000,0.000,0.000,21.0
22:16:27.185,6409112,0.000,0.000,0.000,0.000,0.000,0.000,0.000,0.000,0.000,21.0
22:16:27.238,6409166,0.000,0.000,0.000,0.000,0.000,0.000,0.000,0.000,0.000,21.0
22:16:27.291,6409220,0.000,0.000,0.000,0.000,0.000,0.000,0.000,0.000,0.000,21.0
22:16:27.344,6409274,0.000,0.000,0.000,0.000,0.000,0.000,0.000,0.000,0.000,21.0
22:16:27.447,6409328,0.000,0.000,0.000,0.000,0.000,0.000,0.000,0.000,0.000,21.0
22:16:27.448,6409382,0.000,0.000,0.000,0.000,0.000,0.000,0.000,0.000,0.000,21.0
22:16:27.500,6409436,0.000,0.000,0.000,0.000,0.000,0.000,0.000,0.000,0.000,21.0
22:16:27.554,6409490,0.000,0.000,0.000,0.000,0.000,0.000,0.000,0.000,0.000,21.0
22:16:27.606,6409544,0.000,0.000,0.000,0.000,0.000,0.000,0.000,0.000,0.000,21.0
22:16:27.659,6409598,0.000,0.000,0.000,0.000,0.000,0.000,0.000,0.000,0.000,21.0
22:16:27.712,6409652,0.000,0.000,0.000,0.000,0.000,0.000,0.000,0.000,0.000,21.0
22:16:27.764,6409706,0.000,0.000,0.000,0.000,0.000,0.000,0.000,0.000,0.000,21.0
22:16:27.815,6409760,0.000,0.000,0.000,0.000,0.000,0.000,0.000,0.000,0.000,21.0
22:16:27.868,6409814,0.000,0.000,0.000,0.000,0.000,0.000,0.000,0.000,0.000,21.0
22:16:27.920,6409868,0.000,0.000,0.000,0.000,0.000,0.000,0.000,0.000,0.000,21.0
22:16:27.973,6409922,0.000,0.000,0.000,0.000,0.000,0.000,0.000,0.000,0.000,21.0
22:16:28.026,6409976,0.000,0.000,0.000,0.000,0.000,0.000,0.000,0.000,0.000,21.0
22:16:28.078,6410030,0.000,0.000,0.000,0.000,0.000,0.000,0.000,0.000,0.000,21.0
22:16:28.131,6410084,0.000,0.000,0.000,0.000,0.000,0.000,0.000,0.000,0.000,21.0
22:16:28.184,6410138,0.000,0.000,0.000,0.000,0.000,0.000,0.000,0.000,0.000,21.0
22:16:28.289,6410192,0.000,0.000,0.000,0.000,0.000,0.000,0.000,0.000,0.000,21.0
22:16:28.291,6410246,0.000,0.000,0.000,0.000,0.000,0.000,0.000,0.000,0.000,21.0
22:16:28.393,6410300,0.000,0.000,0.000,0.000,0.000,0.000,0.000,0.000,0.000,21.0
22:16:28.445,6410354,0.000,0.000,0.000,0.000,0.000,0.000,0.000,0.000,0.000,21.0
22:16:28.498,6410408,0.000,0.000,0.000,0.000,0.000,0.000,0.000,0.000,0.000,21.0
22:16:28.602,6410462,0.000,0.000,0.000,0.000,0.000,0.000,0.000,0.000,0.000,21.0
22:16:28.604,6410516,0.000,0.000,0.000,0.000,0.000,0.000,0.000,0.000,0.000,21.0
22:16:28.706,6410570,0.000,0.000,0.000,0.000,0.000,0.000,0.000,0.000,0.000,21.0
22:16:28.708,6410624,0.000,0.000,0.000,0.000,0.000,0.000,0.000,0.000,0.000,21.0
22:16:28.812,6410678,0.000,0.000,0.000,0.000,0.000,0.000,0.000,0.000,0.000,21.0
22:16:28.814,6410732,0.000,0.000,0.000,0.000,0.000,0.000,0.000,0.000,0.000,21.0
22:16:28.919,6410786,0.000,0.000,0.000,0.000,0.000,0.000,0.000,0.000,0.000,21.0
22:16:28.921,6410840,0.000,0.000,0.000,0.000,0.000,0.000,0.000,0.000,0.000,21.0
22:16:28.971,6410894,0.000,0.000,0.000,0.000,0.000,0.000,0.000,0.000,0.000,21.0
22:16:29.024,6410948,0.000,0.000,0.000,0.000,0.000,0.000,0.000,0.000,0.000,21.0
22:16:29.076,6411002,0.000,0.000,0.000,0.000,0.000,0.000,0.000,0.000,0.000,21.0
22:16:29.129,6411056,0.000,0.000,0.000,0.000,0.000,0.000,0.000,0.000,0.000,21.0
22:16:29.182,6411110,0.000,0.000,0.000,0.000,0.000,0.000,0.000,0.000,0.000,21.0
22:16:29.233,6411164,0.000,0.000,0.000,0.000,0.000,0.000,0.000,0.000,0.000,21.0
22:16:29.286,6411218,0.000,0.000,0.000,0.000,0.000,0.000,0.000,0.000,0.000,21.0
22:16:29.339,6411272,0.000,0.000,0.000,0.000,0.000,0.000,0.000,0.000,0.000,21.0
22:16:29.390,6411326,0.000,0.000,0.000,0.000,0.000,0.000,0.000,0.000,0.000,21.0
22:16:29.443,6411380,0.000,0.000,0.000,0.000,0.000,0.000,0.000,0.000,0.000,21.0
22:16:29.546,6411434,0.000,0.000,0.000,0.000,0.000,0.000,0.000,0.000,0.000,21.0
22:16:29.548,6411488,0.000,0.000,0.000,0.000,0.000,0.000,0.000,0.000,0.000,21.0
22:16:29.652,6411542,0.000,0.000,0.000,0.000,0.000,0.000,0.000,0.000,0.000,21.0
22:16:29.654,6411596,0.000,0.000,0.000,0.000,0.000,0.000,0.000,0.000,0.000,21.0
22:16:29.706,6411650,0.000,0.000,0.000,0.000,0.000,0.000,0.000,0.000,0.000,21.0
22:16:29.759,6411704,0.000,0.000,0.000,0.000,0.000,0.000,0.000,0.000,0.000,21.0
22:16:29.863,6411758,0.000,0.000,0.000,0.000,0.000,0.000,0.000,0.000,0.000,21.0
22:16:29.865,6411812,0.000,0.000,0.000,0.000,0.000,0.000,0.000,0.000,0.000,21.0
22:16:29.916,6411866,0.000,0.000,0.000,0.000,0.000,0.000,0.000,0.000,0.000,21.0
22:16:29.968,6411920,0.000,0.000,0.000,0.000,0.000,0.000,0.000,0.000,0.000,21.0
22:16:30.021,6411974,0.000,0.000,0.000,0.000,0.000,0.000,0.000,0.000,0.000,21.0
22:16:30.125,6412028,0.000,0.000,0.000,0.000,0.000,0.000,0.000,0.000,0.000,21.0
22:16:30.127,6412082,0.000,0.000,0.000,0.000,0.000,0.000,0.000,0.000,0.000,21.0
22:16:30.230,6412136,0.000,0.000,0.000,0.000,0.000,0.000,0.000,0.000,0.000,21.0
22:16:30.284,6412190,0.000,0.000,0.000,0.000,0.000,0.000,0.000,0.000,0.000,21.0
22:16:30.336,6412244,0.000,0.000,0.000,0.000,0.000,0.000,0.000,0.000,0.000,21.0
22:16:30.388,6412298,0.000,0.000,0.000,0.000,0.000,0.000,0.000,0.000,0.000,21.0
22:16:30.441,6412352,0.000,0.000,0.000,0.000,0.000,0.000,0.000,0.000,0.000,21.0
22:16:30.493,6412406,0.000,0.000,0.000,0.000,0.000,0.000,0.000,0.000,0.000,21.0
22:16:30.545,6412460,0.000,0.000,0.000,0.000,0.000,0.000,0.000,0.000,0.000,21.0
22:16:30.598,6412514,0.000,0.000,0.000,0.000,0.000,0.000,0.000,0.000,0.000,21.0
22:16:30.652,6412568,0.000,0.000,0.000,0.000,0.000,0.000,0.000,0.000,0.000,21.0
22:16:30.703,6412622,0.000,0.000,0.000,0.000,0.000,0.000,0.000,0.000,0.000,21.0
22:16:30.755,6412676,0.000,0.000,0.000,0.000,0.000,0.000,0.000,0.000,0.000,21.0
22:16:30.809,6412730,0.000,0.000,0.000,0.000,0.000,0.000,0.000,0.000,0.000,21.0
22:16:30.860,6412784,0.000,0.000,0.000,0.000,0.000,0.000,0.000,0.000,0.000,21.0
22:16:30.914,6412838,0.000,0.000,0.000,0.000,0.000,0.000,0.000,0.000,0.000,21.0
22:16:30.966,6412892,0.000,0.000,0.000,0.000,0.000,0.000,0.000,0.000,0.000,21.0
22:16:31.019,6412946,0.000,0.000,0.000,0.000,0.000,0.000,0.000,0.000,0.000,21.0
22:16:31.071,6413000,0.000,0.000,0.000,0.000,0.000,0.000,0.000,0.000,0.000,21.0
22:16:31.123,6413054,0.000,0.000,0.000,0.000,0.000,0.000,0.000,0.000,0.000,21.0
22:16:31.176,6413108,0.000,0.000,0.000,0.000,0.000,0.000,0.000,0.000,0.000,21.0
22:16:31.229,6413162,0.000,0.000,0.000,0.000,0.000,0.000,0.000,0.000,0.000,21.0
22:16:31.281,6413216,0.000,0.000,0.000,0.000,0.000,0.000,0.000,0.000,0.000,21.0
22:16:31.332,6413270,0.000,0.000,0.000,0.000,0.000,0.000,0.000,0.000,0.000,21.0
22:16:31.385,6413324,0.000,0.000,0.000,0.000,0.000,0.000,0.000,0.000,0.000,21.0
22:16:31.438,6413378,0.000,0.000,0.000,0.000,0.000,0.000,0.000,0.000,0.000,21.0
22:16:31.490,6413432,0.000,0.000,0.000,0.000,0.000,0.000,0.000,0.000,0.000,21.0
22:16:31.543,6413486,0.000,0.000,0.000,0.000,0.000,0.000,0.000,0.000,0.000,21.0
22:16:31.595,6413540,0.000,0.000,0.000,0.000,0.000,0.000,0.000,0.000,0.000,21.0
22:16:31.648,6413594,0.000,0.000,0.000,0.000,0.000,0.000,0.000,0.000,0.000,21.0
22:16:31.700,6413648,0.000,0.000,0.000,0.000,0.000,0.000,0.000,0.000,0.000,21.0
22:16:31.753,6413702,0.000,0.000,0.000,0.000,0.000,0.000,0.000,0.000,0.000,21.0
22:16:31.806,6413756,0.000,0.000,0.000,0.000,0.000,0.000,0.000,0.000,0.000,21.0
22:16:31.858,6413810,0.000,0.000,0.000,0.000,0.000,0.000,0.000,0.000,0.000,21.0
22:16:31.962,6413864,0.000,0.000,0.000,0.000,0.000,0.000,0.000,0.000,0.000,21.0
22:16:31.964,6413918,0.000,0.000,0.000,0.000,0.000,0.000,0.000,0.000,0.000,21.0
22:16:32.016,6413972,0.000,0.000,0.000,0.000,0.000,0.000,0.000,0.000,0.000,21.0
22:16:32.120,6414026,0.000,0.000,0.000,0.000,0.000,0.000,0.000,0.000,0.000,21.0
22:16:32.173,6414080,0.000,0.000,0.000,0.000,0.000,0.000,0.000,0.000,0.000,21.0
22:16:32.278,6414134,0.000,0.000,0.000,0.000,0.000,0.000,0.000,0.000,0.000,21.0
22:16:32.280,6414188,0.000,0.000,0.000,0.000,0.000,0.000,0.000,0.000,0.000,21.0
22:16:32.331,6414242,0.000,0.000,0.000,0.000,0.000,0.000,0.000,0.000,0.000,21.0
22:16:32.384,6414296,0.000,0.000,0.000,0.000,0.000,0.000,0.000,0.000,0.000,21.0
22:16:32.436,6414350,0.000,0.000,0.000,0.000,0.000,0.000,0.000,0.000,0.000,21.0
22:16:32.487,6414404,0.000,0.000,0.000,0.000,0.000,0.000,0.000,0.000,0.000,21.0
22:16:32.540,6414458,0.000,0.000,0.000,0.000,0.000,0.000,0.000,0.000,0.000,21.0
22:16:32.593,6414512,0.000,0.000,0.000,0.000,0.000,0.000,0.000,0.000,0.000,21.0
22:16:32.646,6414566,0.000,0.000,0.000,0.000,0.000,0.000,0.000,0.000,0.000,21.0
22:16:32.699,6414620,0.000,0.000,0.000,0.000,0.000,0.000,0.000,0.000,0.000,21.0
22:16:32.751,6414674,0.000,0.000,0.000,0.000,0.000,0.000,0.000,0.000,0.000,21.0
22:16:32.803,6414728,0.000,0.000,0.000,0.000,0.000,0.000,0.000,0.000,0.000,21.0
22:16:32.856,6414782,0.000,0.000,0.000,0.000,0.000,0.000,0.000,0.000,0.000,21.0
22:16:32.909,6414836,0.000,0.000,0.000,0.000,0.000,0.000,0.000,0.000,0.000,21.0
22:16:32.960,6414890,0.000,0.000,0.000,0.000,0.000,0.000,0.000,0.000,0.000,21.0
22:16:33.013,6414944,0.000,0.000,0.000,0.000,0.000,0.000,0.000,0.000,0.000,21.0
22:16:33.067,6414998,0.000,0.000,0.000,0.000,0.000,0.000,0.000,0.000,0.000,21.0
22:16:33.119,6415052,0.000,0.000,0.000,0.000,0.000,0.000,0.000,0.000,0.000,21.0
22:16:33.171,6415106,0.000,0.000,0.000,0.000,0.000,0.000,0.000,0.000,0.000,21.0
22:16:33.223,6415160,0.000,0.000,0.000,0.000,0.000,0.000,0.000,0.000,0.000,21.0
22:16:33.276,6415214,0.000,0.000,0.000,0.000,0.000,0.000,0.000,0.000,0.000,21.0
22:16:33.329,6415268,0.000,0.000,0.000,0.000,0.000,0.000,0.000,0.000,0.000,21.0
22:16:33.381,6415322,0.000,0.000,0.000,0.000,0.000,0.000,0.000,0.000,0.000,21.0
22:16:33.434,6415376,0.000,0.000,0.000,0.000,0.000,0.000,0.000,0.000,0.000,21.0
22:16:33.485,6415430,0.000,0.000,0.000,0.000,0.000,0.000,0.000,0.000,0.000,21.0
22:16:33.537,6415484,0.000,0.000,0.000,0.000,0.000,0.000,0.000,0.000,0.000,21.0
22:16:33.590,6415538,0.000,0.000,0.000,0.000,0.000,0.000,0.000,0.000,0.000,21.0
22:16:33.642,6415592,0.000,0.000,0.000,0.000,0.000,0.000,0.000,0.000,0.000,21.0
22:16:33.695,6415646,0.000,0.000,0.000,0.000,0.000,0.000,0.000,0.000,0.000,21.0
22:16:33.749,6415700,0.000,0.000,0.000,0.000,0.000,0.000,0.000,0.000,0.000,21.0
22:16:33.801,6415754,0.000,0.000,0.000,0.000,0.000,0.000,0.000,0.000,0.000,21.0
22:16:33.854,6415808,0.000,0.000,0.000,0.000,0.000,0.000,0.000,0.000,0.000,21.0
22:16:33.906,6415862,0.000,0.000,0.000,0.000,0.000,0.000,0.000,0.000,0.000,21.0
22:16:34.011,6415916,0.000,0.000,0.000,0.000,0.000,0.000,0.000,0.000,0.000,21.0
22:16:34.064,6415970,0.000,0.000,0.000,0.000,0.000,0.000,0.000,0.000,0.000,21.0
22:16:34.116,6416024,0.000,0.000,0.000,0.000,0.000,0.000,0.000,0.000,0.000,21.0
22:16:34.168,6416078,0.000,0.000,0.000,0.000,0.000,0.000,0.000,0.000,0.000,21.0
22:16:34.221,6416132,0.000,0.000,0.000,0.000,0.000,0.000,0.000,0.000,0.000,21.0
22:16:34.274,6416186,0.000,0.000,0.000,0.000,0.000,0.000,0.000,0.000,0.000,21.0
22:16:34.378,6416240,0.000,0.000,0.000,0.000,0.000,0.000,0.000,0.000,0.000,21.0
22:16:34.380,6416294,0.000,0.000,0.000,0.000,0.000,0.000,0.000,0.000,0.000,21.0
22:16:34.430,6416348,0.000,0.000,0.000,0.000,0.000,0.000,0.000,0.000,0.000,21.0
22:16:34.483,6416402,0.000,0.000,0.000,0.000,0.000,0.000,0.000,0.000,0.000,21.0
22:16:34.536,6416456,0.000,0.000,0.000,0.000,0.000,0.000,0.000,0.000,0.000,21.0
22:16:34.588,6416510,0.000,0.000,0.000,0.000,0.000,0.000,0.000,0.000,0.000,21.0
22:16:34.640,6416564,0.000,0.000,0.000,0.000,0.000,0.000,0.000,0.000,0.000,21.0
22:16:34.694,6416618,0.000,0.000,0.000,0.000,0.000,0.000,0.000,0.000,0.000,21.0
22:16:34.745,6416672,0.000,0.000,0.000,0.000,0.000,0.000,0.000,0.000,0.000,21.0
22:16:34.799,6416726,0.000,0.000,0.000,0.000,0.000,0.000,0.000,0.000,0.000,21.0
22:16:34.851,6416780,0.000,0.000,0.000,0.000,0.000,0.000,0.000,0.000,0.000,21.0
22:16:34.904,6416834,0.000,0.000,0.000,0.000,0.000,0.000,0.000,0.000,0.000,21.0
22:16:34.956,6416888,0.000,0.000,0.000,0.000,0.000,0.000,0.000,0.000,0.000,21.0
22:16:35.009,6416942,0.000,0.000,0.000,0.000,0.000,0.000,0.000,0.000,0.000,21.0
22:16:35.061,6416996,0.000,0.000,0.000,0.000,0.000,0.000,0.000,0.000,0.000,21.0
22:16:35.114,6417050,0.000,0.000,0.000,0.000,0.000,0.000,0.000,0.000,0.000,21.0
22:16:35.165,6417104,0.000,0.000,0.000,0.000,0.000,0.000,0.000,0.000,0.000,21.0
22:16:35.217,6417158,0.000,0.000,0.000,0.000,0.000,0.000,0.000,0.000,0.000,21.0
22:16:35.270,6417212,0.000,0.000,0.000,0.000,0.000,0.000,0.000,0.000,0.000,21.0
22:16:35.324,6417266,0.000,0.000,0.000,0.000,0.000,0.000,0.000,0.000,0.000,21.0
22:16:35.377,6417320,0.000,0.000,0.000,0.000,0.000,0.000,0.000,0.000,0.000,21.0
22:16:35.429,6417374,0.000,0.000,0.000,0.000,0.000,0.000,0.000,0.000,0.000,21.0
22:16:35.480,6417428,0.000,0.000,0.000,0.000,0.000,0.000,0.000,0.000,0.000,21.0
22:16:35.534,6417482,0.000,0.000,0.000,0.000,0.000,0.000,0.000,0.000,0.000,21.0
22:16:35.637,6417536,0.000,0.000,0.000,0.000,0.000,0.000,0.000,0.000,0.000,21.0
22:16:35.639,6417590,0.000,0.000,0.000,0.000,0.000,0.000,0.000,0.000,0.000,21.0
22:16:35.691,6417644,0.000,0.000,0.000,0.000,0.000,0.000,0.000,0.000,0.000,21.0
22:16:35.743,6417698,0.000,0.000,0.000,0.000,0.000,0.000,0.000,0.000,0.000,21.0
22:16:35.795,6417752,0.000,0.000,0.000,0.000,0.000,0.000,0.000,0.000,0.000,21.0
22:16:35.901,6417806,0.000,0.000,0.000,0.000,0.000,0.000,0.000,0.000,0.000,21.0
22:16:35.954,6417860,0.000,0.000,0.000,0.000,0.000,0.000,0.000,0.000,0.000,21.0
22:16:36.007,6417914,0.000,0.000,0.000,0.000,0.000,0.000,0.000,0.000,0.000,21.0
22:16:36.059,6417968,0.000,0.000,0.000,0.000,0.000,0.000,0.000,0.000,0.000,21.0
22:16:36.111,6418022,0.000,0.000,0.000,0.000,0.000,0.000,0.000,0.000,0.000,21.0
22:16:36.164,6418076,0.000,0.000,0.000,0.000,0.000,0.000,0.000,0.000,0.000,21.0
22:16:36.269,6418130,0.000,0.000,0.000,0.000,0.000,0.000,0.000,0.000,0.000,21.0
22:16:36.271,6418184,0.000,0.000,0.000,0.000,0.000,0.000,0.000,0.000,0.000,21.0
22:16:36.321,6418238,0.000,0.000,0.000,0.000,0.000,0.000,0.000,0.000,0.000,21.0
22:16:36.374,6418292,0.000,0.000,0.000,0.000,0.000,0.000,0.000,0.000,0.000,21.0
22:16:36.477,6418346,0.000,0.000,0.000,0.000,0.000,0.000,0.000,0.000,0.000,21.0
22:16:36.479,6418400,0.000,0.000,0.000,0.000,0.000,0.000,0.000,0.000,0.000,21.0
22:16:36.531,6418454,0.000,0.000,0.000,0.000,0.000,0.000,0.000,0.000,0.000,21.0
22:16:36.584,6418508,0.000,0.000,0.000,0.000,0.000,0.000,0.000,0.000,0.000,21.0
22:16:36.635,6418562,0.000,0.000,0.000,0.000,0.000,0.000,0.000,0.000,0.000,21.0
22:16:36.688,6418616,0.000,0.000,0.000,0.000,0.000,0.000,0.000,0.000,0.000,21.0
22:16:36.740,6418670,0.000,0.000,0.000,0.000,0.000,0.000,0.000,0.000,0.000,21.0
22:16:36.794,6418724,0.000,0.000,0.000,0.000,0.000,0.000,0.000,0.000,0.000,21.0
22:16:36.846,6418778,0.000,0.000,0.000,0.000,0.000,0.000,0.000,0.000,0.000,21.0
22:16:36.899,6418832,0.000,0.000,0.000,0.000,0.000,0.000,0.000,0.000,0.000,21.0
22:16:36.952,6418886,0.000,0.000,0.000,0.000,0.000,0.000,0.000,0.000,0.000,21.0
22:16:37.003,6418940,0.000,0.000,0.000,0.000,0.000,0.000,0.000,0.000,0.000,21.0
22:16:37.056,6418994,0.000,0.000,0.000,0.000,0.000,0.000,0.000,0.000,0.000,21.0
22:16:37.109,6419048,0.000,0.000,0.000,0.000,0.000,0.000,0.000,0.000,0.000,21.0
22:16:37.160,6419102,0.000,0.000,0.000,0.000,0.000,0.000,0.000,0.000,0.000,21.0
22:16:37.213,6419156,0.000,0.000,0.000,0.000,0.000,0.000,0.000,0.000,0.000,21.0
22:16:37.265,6419210,0.000,0.000,0.000,0.000,0.000,0.000,0.000,0.000,0.000,21.0
22:16:37.319,6419264,0.000,0.000,0.000,0.000,0.000,0.000,0.000,0.000,0.000,21.0
22:16:37.371,6419318,0.000,0.000,0.000,0.000,0.000,0.000,0.000,0.000,0.000,21.0
22:16:37.423,6419372,0.000,0.000,0.000,0.000,0.000,0.000,0.000,0.000,0.000,21.0
22:16:37.475,6419426,0.000,0.000,0.000,0.000,0.000,0.000,0.000,0.000,0.000,21.0
22:16:37.529,6419480,0.000,0.000,0.000,0.000,0.000,0.000,0.000,0.000,0.000,21.0
22:16:37.581,6419534,0.000,0.000,0.000,0.000,0.000,0.000,0.000,0.000,0.000,21.0
22:16:37.634,6419588,0.000,0.000,0.000,0.000,0.000,0.000,0.000,0.000,0.000,21.0
22:16:37.685,6419642,0.000,0.000,0.000,0.000,0.000,0.000,0.000,0.000,0.000,21.0
22:16:37.791,6419696,0.000,0.000,0.000,0.000,0.000,0.000,0.000,0.000,0.000,21.0
22:16:37.843,6419750,0.000,0.000,0.000,0.000,0.000,0.000,0.000,0.000,0.000,21.0
22:16:37.896,6419804,0.000,0.000,0.000,0.000,0.000,0.000,0.000,0.000,0.000,21.0
22:16:37.949,6419858,0.000,0.000,0.000,0.000,0.000,0.000,0.000,0.000,0.000,21.0
22:16:38.000,6419912,0.000,0.000,0.000,0.000,0.000,0.000,0.000,0.000,0.000,21.0
22:16:38.053,6419966,0.000,0.000,0.000,0.000,0.000,0.000,0.000,0.000,0.000,21.0
22:16:38.106,6420020,0.000,0.000,0.000,0.000,0.000,0.000,0.000,0.000,0.000,21.0
22:16:38.159,6420074,0.000,0.000,0.000,0.000,0.000,0.000,0.000,0.000,0.000,21.0
22:16:38.212,6420128,0.000,0.000,0.000,0.000,0.000,0.000,0.000,0.000,0.000,21.0
22:16:38.264,6420182,0.000,0.000,0.000,0.000,0.000,0.000,0.000,0.000,0.000,21.0
22:16:38.317,6420236,0.000,0.000,0.000,0.000,0.000,0.000,0.000,0.000,0.000,21.0
22:16:38.369,6420290,0.000,0.000,0.000,0.000,0.000,0.000,0.000,0.000,0.000,21.0
22:16:38.422,6420344,0.000,0.000,0.000,0.000,0.000,0.000,0.000,0.000,0.000,21.0
22:16:38.473,6420398,0.000,0.000,0.000,0.000,0.000,0.000,0.000,0.000,0.000,21.0
22:16:38.525,6420452,0.000,0.000,0.000,0.000,0.000,0.000,0.000,0.000,0.000,21.0
22:16:38.579,6420506,0.000,0.000,0.000,0.000,0.000,0.000,0.000,0.000,0.000,21.0
22:16:38.631,6420560,0.000,0.000,0.000,0.000,0.000,0.000,0.000,0.000,0.000,21.0
22:16:38.684,6420614,0.000,0.000,0.000,0.000,0.000,0.000,0.000,0.000,0.000,21.0
22:16:38.735,6420668,0.000,0.000,0.000,0.000,0.000,0.000,0.000,0.000,0.000,21.0
22:16:38.788,6420722,0.000,0.000,0.000,0.000,0.000,0.000,0.000,0.000,0.000,21.0
22:16:38.841,6420776,0.000,0.000,0.000,0.000,0.000,0.000,0.000,0.000,0.000,21.0
22:16:38.894,6420830,0.000,0.000,0.000,0.000,0.000,0.000,0.000,0.000,0.000,21.0
22:16:38.946,6420884,0.000,0.000,0.000,0.000,0.000,0.000,0.000,0.000,0.000,21.0
22:16:38.999,6420938,0.000,0.000,0.000,0.000,0.000,0.000,0.000,0.000,0.000,21.0
22:16:39.051,6420992,0.000,0.000,0.000,0.000,0.000,0.000,0.000,0.000,0.000,21.0
22:16:39.104,6421046,0.000,0.000,0.000,0.000,0.000,0.000,0.000,0.000,0.000,21.0
22:16:39.156,6421100,0.000,0.000,0.000,0.000,0.000,0.000,0.000,0.000,0.000,21.0
22:16:39.209,6421154,0.000,0.000,0.000,0.000,0.000,0.000,0.000,0.000,0.000,21.0
22:16:39.261,6421208,0.000,0.000,0.000,0.000,0.000,0.000,0.000,0.000,0.000,21.0
22:16:39.314,6421262,0.000,0.000,0.000,0.000,0.000,0.000,0.000,0.000,0.000,21.0
22:16:39.366,6421316,0.000,0.000,0.000,0.000,0.000,0.000,0.000,0.000,0.000,21.0
22:16:39.419,6421370,0.000,0.000,0.000,0.000,0.000,0.000,0.000,0.000,0.000,21.0
22:16:39.470,6421424,0.000,0.000,0.000,0.000,0.000,0.000,0.000,0.000,0.000,21.0
22:16:39.523,6421478,0.000,0.000,0.000,0.000,0.000,0.000,0.000,0.000,0.000,21.0
22:16:39.576,6421532,0.000,0.000,0.000,0.000,0.000,0.000,0.000,0.000,0.000,21.0
22:16:39.681,6421586,0.000,0.000,0.000,0.000,0.000,0.000,0.000,0.000,0.000,21.0
22:16:39.733,6421640,0.000,0.000,0.000,0.000,0.000,0.000,0.000,0.000,0.000,21.0
22:16:39.785,6421694,0.000,0.000,0.000,0.000,0.000,0.000,0.000,0.000,0.000,21.0
22:16:39.838,6421748,0.000,0.000,0.000,0.000,0.000,0.000,0.000,0.000,0.000,21.0
22:16:39.892,6421802,0.000,0.000,0.000,0.000,0.000,0.000,0.000,0.000,0.000,21.0
22:16:39.944,6421856,0.000,0.000,0.000,0.000,0.000,0.000,0.000,0.000,0.000,21.0
22:16:39.996,6421910,0.000,0.000,0.000,0.000,0.000,0.000,0.000,0.000,0.000,21.0
22:16:40.048,6421964,0.000,0.000,0.000,0.000,0.000,0.000,0.000,0.000,0.000,21.0
22:16:40.102,6422018,0.000,0.000,0.000,0.000,0.000,0.000,0.000,0.000,0.000,21.0
22:16:40.154,6422072,0.000,0.000,0.000,0.000,0.000,0.000,0.000,0.000,0.000,21.0
22:16:40.207,6422126,0.000,0.000,0.000,0.000,0.000,0.000,0.000,0.000,0.000,21.0
22:16:40.259,6422180,0.000,0.000,0.000,0.000,0.000,0.000,0.000,0.000,0.000,21.0
22:16:40.311,6422234,0.000,0.000,0.000,0.000,0.000,0.000,0.000,0.000,0.000,21.0
22:16:40.364,6422288,0.000,0.000,0.000,0.000,0.000,0.000,0.000,0.000,0.000,21.0
22:16:40.416,6422342,0.000,0.000,0.000,0.000,0.000,0.000,0.000,0.000,0.000,21.0
22:16:40.468,6422396,0.000,0.000,0.000,0.000,0.000,0.000,0.000,0.000,0.000,21.0
22:16:40.521,6422450,0.000,0.000,0.000,0.000,0.000,0.000,0.000,0.000,0.000,21.0
22:16:40.574,6422504,0.000,0.000,0.000,0.000,0.000,0.000,0.000,0.000,0.000,21.0
22:16:40.626,6422558,0.000,0.000,0.000,0.000,0.000,0.000,0.000,0.000,0.000,21.0
22:16:40.679,6422612,0.000,0.000,0.000,0.000,0.000,0.000,0.000,0.000,0.000,21.0
22:16:40.732,6422666,0.000,0.000,0.000,0.000,0.000,0.000,0.000,0.000,0.000,21.0
22:16:40.782,6422720,0.000,0.000,0.000,0.000,0.000,0.000,0.000,0.000,0.000,21.0
22:16:40.835,6422774,0.000,0.000,0.000,0.000,0.000,0.000,0.000,0.000,0.000,21.0
22:16:40.889,6422828,0.000,0.000,0.000,0.000,0.000,0.000,0.000,0.000,0.000,21.0
22:16:40.942,6422882,0.000,0.000,0.000,0.000,0.000,0.000,0.000,0.000,0.000,21.0
22:16:40.994,6422936,0.000,0.000,0.000,0.000,0.000,0.000,0.000,0.000,0.000,21.0
22:16:41.045,6422990,0.000,0.000,0.000,0.000,0.000,0.000,0.000,0.000,0.000,21.0
22:16:41.099,6423044,0.000,0.000,0.000,0.000,0.000,0.000,0.000,0.000,0.000,21.0
22:16:41.151,6423098,0.000,0.000,0.000,0.000,0.000,0.000,0.000,0.000,0.000,21.0
22:16:41.204,6423152,0.000,0.000,0.000,0.000,0.000,0.000,0.000,0.000,0.000,21.0
22:16:41.256,6423206,0.000,0.000,0.000,0.000,0.000,0.000,0.000,0.000,0.000,21.0
22:16:41.308,6423260,0.000,0.000,0.000,0.000,0.000,0.000,0.000,0.000,0.000,21.0
22:16:41.361,6423314,0.000,0.000,0.000,0.000,0.000,0.000,0.000,0.000,0.000,21.0
22:16:41.414,6423368,0.000,0.000,0.000,0.000,0.000,0.000,0.000,0.000,0.000,21.0
22:16:41.465,6423422,0.000,0.000,0.000,0.000,0.000,0.000,0.000,0.000,0.000,21.0
22:16:41.571,6423476,0.000,0.000,0.000,0.000,0.000,0.000,0.000,0.000,0.000,21.0
22:16:41.624,6423530,0.000,0.000,0.000,0.000,0.000,0.000,0.000,0.000,0.000,21.0
22:16:41.676,6423584,0.000,0.000,0.000,0.000,0.000,0.000,0.000,0.000,0.000,21.0
22:16:41.728,6423638,0.000,0.000,0.000,0.000,0.000,0.000,0.000,0.000,0.000,21.0
22:16:41.780,6423692,0.000,0.000,0.000,0.000,0.000,0.000,0.000,0.000,0.000,21.0
22:16:41.833,6423746,0.000,0.000,0.000,0.000,0.000,0.000,0.000,0.000,0.000,21.0
22:16:41.885,6423800,0.000,0.000,0.000,0.000,0.000,0.000,0.000,0.000,0.000,21.0
22:16:41.939,6423854,0.000,0.000,0.000,0.000,0.000,0.000,0.000,0.000,0.000,21.0
22:16:41.992,6423908,0.000,0.000,0.000,0.000,0.000,0.000,0.000,0.000,0.000,21.0
22:16:42.042,6423962,0.000,0.000,0.000,0.000,0.000,0.000,0.000,0.000,0.000,21.0
22:16:42.096,6424016,0.000,0.000,0.000,0.000,0.000,0.000,0.000,0.000,0.000,21.0
22:16:42.201,6424070,0.000,0.000,0.000,0.000,0.000,0.000,0.000,0.000,0.000,21.0
22:16:42.202,6424124,0.000,0.000,0.000,0.000,0.000,0.000,0.000,0.000,0.000,21.0
22:16:42.254,6424178,0.000,0.000,0.000,0.000,0.000,0.000,0.000,0.000,0.000,21.0
22:16:42.305,6424232,0.000,0.000,0.000,0.000,0.000,0.000,0.000,0.000,0.000,21.0
22:16:42.359,6424286,0.000,0.000,0.000,0.000,0.000,0.000,0.000,0.000,0.000,21.0
22:16:42.411,6424340,0.000,0.000,0.000,0.000,0.000,0.000,0.000,0.000,0.000,21.0
22:16:42.463,6424394,0.000,0.000,0.000,0.000,0.000,0.000,0.000,0.000,0.000,21.0
22:16:42.515,6424448,0.000,0.000,0.000,0.000,0.000,0.000,0.000,0.000,0.000,21.0
22:16:42.569,6424502,0.000,0.000,0.000,0.000,0.000,0.000,0.000,0.000,0.000,21.0
22:16:42.620,6424556,0.000,0.000,0.000,0.000,0.000,0.000,0.000,0.000,0.000,21.0
22:16:42.674,6424610,0.000,0.000,0.000,0.000,0.000,0.000,0.000,0.000,0.000,21.0
22:16:42.726,6424664,0.000,0.000,0.000,0.000,0.000,0.000,0.000,0.000,0.000,21.0
22:16:42.779,6424718,0.000,0.000,0.000,0.000,0.000,0.000,0.000,0.000,0.000,21.0
22:16:42.830,6424772,0.000,0.000,0.000,0.000,0.000,0.000,0.000,0.000,0.000,21.0
22:16:42.884,6424826,0.000,0.000,0.000,0.000,0.000,0.000,0.000,0.000,0.000,21.0
22:16:42.936,6424880,0.000,0.000,0.000,0.000,0.000,0.000,0.000,0.000,0.000,21.0
22:16:42.989,6424934,0.000,0.000,0.000,0.000,0.000,0.000,0.000,0.000,0.000,21.0
22:16:43.041,6424988,0.000,0.000,0.000,0.000,0.000,0.000,0.000,0.000,0.000,21.0
22:16:43.094,6425042,0.000,0.000,0.000,0.000,0.000,0.000,0.000,0.000,0.000,21.0
22:16:43.147,6425096,0.000,0.000,0.000,0.000,0.000,0.000,0.000,0.000,0.000,21.0
22:16:43.199,6425150,0.000,0.000,0.000,0.000,0.000,0.000,0.000,0.000,0.000,21.0
22:16:43.251,6425204,0.000,0.000,0.000,0.000,0.000,0.000,0.000,0.000,0.000,21.0
22:16:43.303,6425258,0.000,0.000,0.000,0.000,0.000,0.000,0.000,0.000,0.000,21.0
22:16:43.355,6425312,0.000,0.000,0.000,0.000,0.000,0.000,0.000,0.000,0.000,21.0
22:16:43.460,6425366,0.000,0.000,0.000,0.000,0.000,0.000,0.000,0.000,0.000,21.0
22:16:43.513,6425420,0.000,0.000,0.000,0.000,0.000,0.000,0.000,0.000,0.000,21.0
22:16:43.566,6425474,0.000,0.000,0.000,0.000,0.000,0.000,0.000,0.000,0.000,21.0
22:16:43.618,6425528,0.000,0.000,0.000,0.000,0.000,0.000,0.000,0.000,0.000,21.0
22:16:43.670,6425582,0.000,0.000,0.000,0.000,0.000,0.000,0.000,0.000,0.000,21.0
22:16:43.724,6425636,0.000,0.000,0.000,0.000,0.000,0.000,0.000,0.000,0.000,21.0
22:16:43.776,6425690,0.000,0.000,0.000,0.000,0.000,0.000,0.000,0.000,0.000,21.0
22:16:43.828,6425744,0.000,0.000,0.000,0.000,0.000,0.000,0.000,0.000,0.000,21.0
22:16:43.881,6425798,0.000,0.000,0.000,0.000,0.000,0.000,0.000,0.000,0.000,21.0
22:16:43.934,6425852,0.000,0.000,0.000,0.000,0.000,0.000,0.000,0.000,0.000,21.0
22:16:43.985,6425906,0.000,0.000,0.000,0.000,0.000,0.000,0.000,0.000,0.000,21.0
22:16:44.090,6425960,0.000,0.000,0.000,0.000,0.000,0.000,0.000,0.000,0.000,21.0
22:16:44.091,6426014,0.000,0.000,0.000,0.000,0.000,0.000,0.000,0.000,0.000,21.0
22:16:44.144,6426068,0.000,0.000,0.000,0.000,0.000,0.000,0.000,0.000,0.000,21.0
22:16:44.196,6426122,0.000,0.000,0.000,0.000,0.000,0.000,0.000,0.000,0.000,21.0
22:16:44.249,6426176,0.000,0.000,0.000,0.000,0.000,0.000,0.000,0.000,0.000,21.0
22:16:44.300,6426230,0.000,0.000,0.000,0.000,0.000,0.000,0.000,0.000,0.000,21.0
22:16:44.353,6426284,0.000,0.000,0.000,0.000,0.000,0.000,0.000,0.000,0.000,21.0
22:16:44.407,6426338,0.000,0.000,0.000,0.000,0.000,0.000,0.000,0.000,0.000,21.0
22:16:44.458,6426392,0.000,0.000,0.000,0.000,0.000,0.000,0.000,0.000,0.000,21.0
22:16:44.510,6426446,0.000,0.000,0.000,0.000,0.000,0.000,0.000,0.000,0.000,21.0
22:16:44.563,6426500,0.000,0.000,0.000,0.000,0.000,0.000,0.000,0.000,0.000,21.0
22:16:44.615,6426554,0.000,0.000,0.000,0.000,0.000,0.000,0.000,0.000,0.000,21.0
22:16:44.669,6426608,0.000,0.000,0.000,0.000,0.000,0.000,0.000,0.000,0.000,21.0
22:16:44.720,6426662,0.000,0.000,0.000,0.000,0.000,0.000,0.000,0.000,0.000,21.0
22:16:44.773,6426716,0.000,0.000,0.000,0.000,0.000,0.000,0.000,0.000,0.000,21.0
22:16:44.826,6426770,0.000,0.000,0.000,0.000,0.000,0.000,0.000,0.000,0.000,21.0
22:16:44.878,6426824,0.000,0.000,0.000,0.000,0.000,0.000,0.000,0.000,0.000,21.0
22:16:44.930,6426878,0.000,0.000,0.000,0.000,0.000,0.000,0.000,0.000,0.000,21.0
22:16:44.984,6426932,0.000,0.000,0.000,0.000,0.000,0.000,0.000,0.000,0.000,21.0
22:16:45.036,6426986,0.000,0.000,0.000,0.000,0.000,0.000,0.000,0.000,0.000,21.0
22:16:45.088,6427040,0.000,0.000,0.000,0.000,0.000,0.000,0.000,0.000,0.000,21.0
22:16:45.142,6427094,0.000,0.000,0.000,0.000,0.000,0.000,0.000,0.000,0.000,21.0
22:16:45.194,6427148,0.000,0.000,0.000,0.000,0.000,0.000,0.000,0.000,0.000,21.0
22:16:45.247,6427202,0.000,0.000,0.000,0.000,0.000,0.000,0.000,0.000,0.000,21.0
22:16:45.351,6427256,0.000,0.000,0.000,0.000,0.000,0.000,0.000,0.000,0.000,21.0
22:16:45.403,6427310,0.000,0.000,0.000,0.000,0.000,0.000,0.000,0.000,0.000,21.0
22:16:45.455,6427364,0.000,0.000,0.000,0.000,0.000,0.000,0.000,0.000,0.000,21.0
22:16:45.508,6427418,0.000,0.000,0.000,0.000,0.000,0.000,0.000,0.000,0.000,21.0
22:16:45.561,6427472,0.000,0.000,0.000,0.000,0.000,0.000,0.000,0.000,0.000,21.0
22:16:45.614,6427526,0.000,0.000,0.000,0.000,0.000,0.000,0.000,0.000,0.000,21.0
22:16:45.666,6427580,0.000,0.000,0.000,0.000,0.000,0.000,0.000,0.000,0.000,21.0
22:16:45.719,6427634,0.000,0.000,0.000,0.000,0.000,0.000,0.000,0.000,0.000,21.0
22:16:45.771,6427688,0.000,0.000,0.000,0.000,0.000,0.000,0.000,0.000,0.000,21.0
22:16:45.823,6427742,0.000,0.000,0.000,0.000,0.000,0.000,0.000,0.000,0.000,21.0
22:16:45.875,6427796,0.000,0.000,0.000,0.000,0.000,0.000,0.000,0.000,0.000,21.0
22:16:45.928,6427850,0.000,0.000,0.000,0.000,0.000,0.000,0.000,0.000,0.000,21.0
22:16:45.980,6427904,0.000,0.000,0.000,0.000,0.000,0.000,0.000,0.000,0.000,21.0
22:16:46.034,6427958,0.000,0.000,0.000,0.000,0.000,0.000,0.000,0.000,0.000,21.0
22:16:46.085,6428012,0.000,0.000,0.000,0.000,0.000,0.000,0.000,0.000,0.000,21.0
22:16:46.139,6428066,0.000,0.000,0.000,0.000,0.000,0.000,0.000,0.000,0.000,21.0
22:16:46.192,6428120,0.000,0.000,0.000,0.000,0.000,0.000,0.000,0.000,0.000,21.0
22:16:46.244,6428174,0.000,0.000,0.000,0.000,0.000,0.000,0.000,0.000,0.000,21.0
22:16:46.297,6428228,0.000,0.000,0.000,0.000,0.000,0.000,0.000,0.000,0.000,21.0
22:16:46.347,6428282,0.000,0.000,0.000,0.000,0.000,0.000,0.000,0.000,0.000,21.0
22:16:46.401,6428336,0.000,0.000,0.000,0.000,0.000,0.000,0.000,0.000,0.000,21.0
22:16:46.452,6428390,0.000,0.000,0.000,0.000,0.000,0.000,0.000,0.000,0.000,21.0
22:16:46.505,6428444,0.000,0.000,0.000,0.000,0.000,0.000,0.000,0.000,0.000,21.0
22:16:46.558,6428498,0.000,0.000,0.000,0.000,0.000,0.000,0.000,0.000,0.000,21.0
22:16:46.611,6428552,0.000,0.000,0.000,0.000,0.000,0.000,0.000,0.000,0.000,21.0
22:16:46.664,6428606,0.000,0.000,0.000,0.000,0.000,0.000,0.000,0.000,0.000,21.0
22:16:46.716,6428660,0.000,0.000,0.000,0.000,0.000,0.000,0.000,0.000,0.000,21.0
22:16:46.768,6428714,0.000,0.000,0.000,0.000,0.000,0.000,0.000,0.000,0.000,21.0
22:16:46.820,6428768,0.000,0.000,0.000,0.000,0.000,0.000,0.000,0.000,0.000,21.0
22:16:46.872,6428822,0.000,0.000,0.000,0.000,0.000,0.000,0.000,0.000,0.000,21.0
22:16:46.925,6428876,0.000,0.000,0.000,0.000,0.000,0.000,0.000,0.000,0.000,21.0
22:16:46.978,6428930,0.000,0.000,0.000,0.000,0.000,0.000,0.000,0.000,0.000,21.0
22:16:47.031,6428984,0.000,0.000,0.000,0.000,0.000,0.000,0.000,0.000,0.000,21.0
22:16:47.084,6429038,0.000,0.000,0.000,0.000,0.000,0.000,0.000,0.000,0.000,21.0
22:16:47.136,6429092,0.000,0.000,0.000,0.000,0.000,0.000,0.000,0.000,0.000,21.0
22:16:47.241,6429146,0.000,0.000,0.000,0.000,0.000,0.000,0.000,0.000,0.000,21.0
22:16:47.293,6429200,0.000,0.000,0.000,0.000,0.000,0.000,0.000,0.000,0.000,21.0
22:16:47.345,6429254,0.000,0.000,0.000,0.000,0.000,0.000,0.000,0.000,0.000,21.0
22:16:47.397,6429308,0.000,0.000,0.000,0.000,0.000,0.000,0.000,0.000,0.000,21.0
22:16:47.450,6429362,0.000,0.000,0.000,0.000,0.000,0.000,0.000,0.000,0.000,21.0
22:16:47.503,6429416,0.000,0.000,0.000,0.000,0.000,0.000,0.000,0.000,0.000,21.0
22:16:47.555,6429470,0.000,0.000,0.000,0.000,0.000,0.000,0.000,0.000,0.000,21.0
22:16:47.607,6429524,0.000,0.000,0.000,0.000,0.000,0.000,0.000,0.000,0.000,21.0
22:16:47.660,6429578,0.000,0.000,0.000,0.000,0.000,0.000,0.000,0.000,0.000,21.0
22:16:47.712,6429632,0.000,0.000,0.000,0.000,0.000,0.000,0.000,0.000,0.000,21.0
22:16:47.765,6429686,0.000,0.000,0.000,0.000,0.000,0.000,0.000,0.000,0.000,21.0
22:16:47.817,6429740,0.000,0.000,0.000,0.000,0.000,0.000,0.000,0.000,0.000,21.0
22:16:47.870,6429794,0.000,0.000,0.000,0.000,0.000,0.000,0.000,0.000,0.000,21.0
22:16:47.922,6429848,0.000,0.000,0.000,0.000,0.000,0.000,0.000,0.000,0.000,21.0
22:16:47.975,6429902,0.000,0.000,0.000,0.000,0.000,0.000,0.000,0.000,0.000,21.0
22:16:48.027,6429956,0.000,0.000,0.000,0.000,0.000,0.000,0.000,0.000,0.000,21.0
22:16:48.080,6430010,0.000,0.000,0.000,0.000,0.000,0.000,0.000,0.000,0.000,21.0
22:16:48.132,6430064,0.000,0.000,0.000,0.000,0.000,0.000,0.000,0.000,0.000,21.0
22:16:48.185,6430118,0.000,0.000,0.000,0.000,0.000,0.000,0.000,0.000,0.000,21.0
22:16:48.237,6430172,0.000,0.000,0.000,0.000,0.000,0.000,0.000,0.000,0.000,21.0
22:16:48.290,6430226,0.000,0.000,0.000,0.000,0.000,0.000,0.000,0.000,0.000,21.0
22:16:48.343,6430280,0.000,0.000,0.000,0.000,0.000,0.000,0.000,0.000,0.000,21.0
22:16:48.395,6430334,0.000,0.000,0.000,0.000,0.000,0.000,0.000,0.000,0.000,21.0
22:16:48.447,6430388,0.000,0.000,0.000,0.000,0.000,0.000,0.000,0.000,0.000,21.0
22:16:48.500,6430442,0.000,0.000,0.000,0.000,0.000,0.000,0.000,0.000,0.000,21.0
22:16:48.553,6430496,0.000,0.000,0.000,0.000,0.000,0.000,0.000,0.000,0.000,21.0
22:16:48.606,6430550,0.000,0.000,0.000,0.000,0.000,0.000,0.000,0.000,0.000,21.0
22:16:48.659,6430604,0.000,0.000,0.000,0.000,0.000,0.000,0.000,0.000,0.000,21.0
22:16:48.710,6430658,0.000,0.000,0.000,0.000,0.000,0.000,0.000,0.000,0.000,21.0
22:16:48.763,6430712,0.000,0.000,0.000,0.000,0.000,0.000,0.000,0.000,0.000,21.0
22:16:48.816,6430766,0.000,0.000,0.000,0.000,0.000,0.000,0.000,0.000,0.000,21.0
22:16:48.869,6430820,0.000,0.000,0.000,0.000,0.000,0.000,0.000,0.000,0.000,21.0
22:16:48.921,6430874,0.000,0.000,0.000,0.000,0.000,0.000,0.000,0.000,0.000,21.0
22:16:48.973,6430928,0.000,0.000,0.000,0.000,0.000,0.000,0.000,0.000,0.000,21.0
22:16:49.130,6430982,0.000,0.000,0.000,0.000,0.000,0.000,0.000,0.000,0.000,21.0
22:16:49.132,6431036,0.000,0.000,0.000,0.000,0.000,0.000,0.000,0.000,0.000,21.0
22:16:49.133,6431090,0.000,0.000,0.000,0.000,0.000,0.000,0.000,0.000,0.000,21.0
22:16:49.236,6431144,0.000,0.000,0.000,0.000,0.000,0.000,0.000,0.000,0.000,21.0
22:16:49.287,6431198,0.000,0.000,0.000,0.000,0.000,0.000,0.000,0.000,0.000,21.0
22:16:49.341,6431252,0.000,0.000,0.000,0.000,0.000,0.000,0.000,0.000,0.000,21.0
22:16:49.394,6431306,0.000,0.000,0.000,0.000,0.000,0.000,0.000,0.000,0.000,21.0
22:16:49.445,6431360,0.000,0.000,0.000,0.000,0.000,0.000,0.000,0.000,0.000,21.0
22:16:49.498,6431414,0.000,0.000,0.000,0.000,0.000,0.000,0.000,0.000,0.000,21.0
22:16:49.550,6431468,0.000,0.000,0.000,0.000,0.000,0.000,0.000,0.000,0.000,21.0
22:16:49.655,6431522,0.000,0.000,0.000,0.000,0.000,0.000,0.000,0.000,0.000,21.0
22:16:49.657,6431576,0.000,0.000,0.000,0.000,0.000,0.000,0.000,0.000,0.000,21.0
22:16:49.709,6431630,0.000,0.000,0.000,0.000,0.000,0.000,0.000,0.000,0.000,21.0
22:16:49.761,6431684,0.000,0.000,0.000,0.000,0.000,0.000,0.000,0.000,0.000,21.0
22:16:49.814,6431738,0.000,0.000,0.000,0.000,0.000,0.000,0.000,0.000,0.000,21.0
22:16:49.866,6431792,0.000,0.000,0.000,0.000,0.000,0.000,0.000,0.000,0.000,21.0
22:16:49.919,6431846,0.000,0.000,0.000,0.000,0.000,0.000,0.000,0.000,0.000,21.0
22:16:49.970,6431900,0.000,0.000,0.000,0.000,0.000,0.000,0.000,0.000,0.000,21.0
22:16:50.022,6431954,0.000,0.000,0.000,0.000,0.000,0.000,0.000,0.000,0.000,21.0
22:16:50.075,6432008,0.000,0.000,0.000,0.000,0.000,0.000,0.000,0.000,0.000,21.0
22:16:50.129,6432062,0.000,0.000,0.000,0.000,0.000,0.000,0.000,0.000,0.000,21.0
22:16:50.181,6432116,0.000,0.000,0.000,0.000,0.000,0.000,0.000,0.000,0.000,21.0
22:16:50.234,6432170,0.000,0.000,0.000,0.000,0.000,0.000,0.000,0.000,0.000,21.0
22:16:50.286,6432224,0.000,0.000,0.000,0.000,0.000,0.000,0.000,0.000,0.000,21.0
22:16:50.338,6432278,0.000,0.000,0.000,0.000,0.000,0.000,0.000,0.000,0.000,21.0
22:16:50.391,6432332,0.000,0.000,0.000,0.000,0.000,0.000,0.000,0.000,0.000,21.0
22:16:50.444,6432386,0.000,0.000,0.000,0.000,0.000,0.000,0.000,0.000,0.000,21.0
22:16:50.495,6432440,0.000,0.000,0.000,0.000,0.000,0.000,0.000,0.000,0.000,21.0
22:16:50.600,6432494,0.000,0.000,0.000,0.000,0.000,0.000,0.000,0.000,0.000,21.0
22:16:50.602,6432548,0.000,0.000,0.000,0.000,0.000,0.000,0.000,0.000,0.000,21.0
22:16:50.706,6432602,0.000,0.000,0.000,0.000,0.000,0.000,0.000,0.000,0.000,21.0
22:16:50.707,6432656,0.000,0.000,0.000,0.000,0.000,0.000,0.000,0.000,0.000,21.0
22:16:50.811,6432710,0.000,0.000,0.000,0.000,0.000,0.000,0.000,0.000,0.000,21.0
22:16:50.812,6432764,0.000,0.000,0.000,0.000,0.000,0.000,0.000,0.000,0.000,21.0
22:16:50.863,6432818,0.000,0.000,0.000,0.000,0.000,0.000,0.000,0.000,0.000,21.0
22:16:50.916,6432872,0.000,0.000,0.000,0.000,0.000,0.000,0.000,0.000,0.000,21.0
22:16:51.021,6432926,0.000,0.000,0.000,0.000,0.000,0.000,0.000,0.000,0.000,21.0
22:16:51.072,6432980,0.000,0.000,0.000,0.000,0.000,0.000,0.000,0.000,0.000,21.0
22:16:51.125,6433034,0.000,0.000,0.000,0.000,0.000,0.000,0.000,0.000,0.000,21.0
22:16:51.177,6433088,0.000,0.000,0.000,0.000,0.000,0.000,0.000,0.000,0.000,21.0
22:16:51.230,6433142,0.000,0.000,0.000,0.000,0.000,0.000,0.000,0.000,0.000,21.0
22:16:51.284,6433196,0.000,0.000,0.000,0.000,0.000,0.000,0.000,0.000,0.000,21.0
22:16:51.337,6433250,0.000,0.000,0.000,0.000,0.000,0.000,0.000,0.000,0.000,21.0
22:16:51.389,6433304,0.000,0.000,0.000,0.000,0.000,0.000,0.000,0.000,0.000,21.0
22:16:51.441,6433358,0.000,0.000,0.000,0.000,0.000,0.000,0.000,0.000,0.000,21.0
22:16:51.493,6433412,0.000,0.000,0.000,0.000,0.000,0.000,0.000,0.000,0.000,21.0
22:16:51.546,6433466,0.000,0.000,0.000,0.000,0.000,0.000,0.000,0.000,0.000,21.0
22:16:51.598,6433520,0.000,0.000,0.000,0.000,0.000,0.000,0.000,0.000,0.000,21.0
22:16:51.651,6433574,0.000,0.000,0.000,0.000,0.000,0.000,0.000,0.000,0.000,21.0
22:16:51.755,6433628,0.000,0.000,0.000,0.000,0.000,0.000,0.000,0.000,0.000,21.0
22:16:51.757,6433682,0.000,0.000,0.000,0.000,0.000,0.000,0.000,0.000,0.000,21.0
22:16:51.860,6433736,0.000,0.000,0.000,0.000,0.000,0.000,0.000,0.000,0.000,21.0
22:16:51.862,6433790,0.000,0.000,0.000,0.000,0.000,0.000,0.000,0.000,0.000,21.0
22:16:51.966,6433844,0.000,0.000,0.000,0.000,0.000,0.000,0.000,0.000,0.000,21.0
22:16:51.967,6433898,0.000,0.000,0.000,0.000,0.000,0.000,0.000,0.000,0.000,21.0
22:16:52.018,6433952,0.000,0.000,0.000,0.000,0.000,0.000,0.000,0.000,0.000,21.0
22:16:52.071,6434006,0.000,0.000,0.000,0.000,0.000,0.000,0.000,0.000,0.000,21.0
22:16:52.123,6434060,0.000,0.000,0.000,0.000,0.000,0.000,0.000,0.000,0.000,21.0
22:16:52.175,6434114,0.000,0.000,0.000,0.000,0.000,0.000,0.000,0.000,0.000,21.0
22:16:52.229,6434168,0.000,0.000,0.000,0.000,0.000,0.000,0.000,0.000,0.000,21.0
22:16:52.280,6434222,0.000,0.000,0.000,0.000,0.000,0.000,0.000,0.000,0.000,21.0
22:16:52.333,6434276,0.000,0.000,0.000,0.000,0.000,0.000,0.000,0.000,0.000,21.0
22:16:52.386,6434330,0.000,0.000,0.000,0.000,0.000,0.000,0.000,0.000,0.000,21.0
22:16:52.489,6434384,0.000,0.000,0.000,0.000,0.000,0.000,0.000,0.000,0.000,21.0
22:16:52.491,6434438,0.000,0.000,0.000,0.000,0.000,0.000,0.000,0.000,0.000,21.0
22:16:52.543,6434492,0.000,0.000,0.000,0.000,0.000,0.000,0.000,0.000,0.000,21.0
22:16:52.595,6434546,0.000,0.000,0.000,0.000,0.000,0.000,0.000,0.000,0.000,21.0
22:16:52.648,6434600,0.000,0.000,0.000,0.000,0.000,0.000,0.000,0.000,0.000,21.0
22:16:52.701,6434654,0.000,0.000,0.000,0.000,0.000,0.000,0.000,0.000,0.000,21.0
22:16:52.804,6434708,0.000,0.000,0.000,0.000,0.000,0.000,0.000,0.000,0.000,21.0
22:16:52.806,6434762,0.000,0.000,0.000,0.000,0.000,0.000,0.000,0.000,0.000,21.0
22:16:52.911,6434816,0.000,0.000,0.000,0.000,0.000,0.000,0.000,0.000,0.000,21.0
22:16:52.964,6434870,0.000,0.000,0.000,0.000,0.000,0.000,0.000,0.000,0.000,21.0
22:16:53.016,6434924,0.000,0.000,0.000,0.000,0.000,0.000,0.000,0.000,0.000,21.0
22:16:53.068,6434978,0.000,0.000,0.000,0.000,0.000,0.000,0.000,0.000,0.000,21.0
22:16:53.120,6435032,0.000,0.000,0.000,0.000,0.000,0.000,0.000,0.000,0.000,21.0
22:16:53.224,6435086,0.000,0.000,0.000,0.000,0.000,0.000,0.000,0.000,0.000,21.0
22:16:53.226,6435140,0.000,0.000,0.000,0.000,0.000,0.000,0.000,0.000,0.000,21.0
22:16:53.277,6435194,0.000,0.000,0.000,0.000,0.000,0.000,0.000,0.000,0.000,21.0
22:16:53.330,6435248,0.000,0.000,0.000,0.000,0.000,0.000,0.000,0.000,0.000,21.0
22:16:53.384,6435302,0.000,0.000,0.000,0.000,0.000,0.000,0.000,0.000,0.000,21.0
22:16:53.436,6435356,0.000,0.000,0.000,0.000,0.000,0.000,0.000,0.000,0.000,21.0
22:16:53.488,6435410,0.000,0.000,0.000,0.000,0.000,0.000,0.000,0.000,0.000,21.0
22:16:53.540,6435464,0.000,0.000,0.000,0.000,0.000,0.000,0.000,0.000,0.000,21.0
22:16:53.594,6435518,0.000,0.000,0.000,0.000,0.000,0.000,0.000,0.000,0.000,21.0
22:16:53.646,6435572,0.000,0.000,0.000,0.000,0.000,0.000,0.000,0.000,0.000,21.0
22:16:53.699,6435626,0.000,0.000,0.000,0.000,0.000,0.000,0.000,0.000,0.000,21.0
22:16:53.751,6435680,0.000,0.000,0.000,0.000,0.000,0.000,0.000,0.000,0.000,21.0
22:16:53.804,6435734,0.000,0.000,0.000,0.000,0.000,0.000,0.000,0.000,0.000,21.0
22:16:53.857,6435788,0.000,0.000,0.000,0.000,0.000,0.000,0.000,0.000,0.000,21.0
22:16:53.909,6435842,0.000,0.000,0.000,0.000,0.000,0.000,0.000,0.000,0.000,21.0
22:16:53.961,6435896,0.000,0.000,0.000,0.000,0.000,0.000,0.000,0.000,0.000,21.0
22:16:54.014,6435950,0.000,0.000,0.000,0.000,0.000,0.000,0.000,0.000,0.000,21.0
22:16:54.066,6436004,0.000,0.000,0.000,0.000,0.000,0.000,0.000,0.000,0.000,21.0
22:16:54.119,6436058,0.000,0.000,0.000,0.000,0.000,0.000,0.000,0.000,0.000,21.0
22:16:54.170,6436112,0.000,0.000,0.000,0.000,0.000,0.000,0.000,0.000,0.000,21.0
22:16:54.223,6436166,0.000,0.000,0.000,0.000,0.000,0.000,0.000,0.000,0.000,21.0
22:16:54.276,6436220,0.000,0.000,0.000,0.000,0.000,0.000,0.000,0.000,0.000,21.0
22:16:54.328,6436274,0.000,0.000,0.000,0.000,0.000,0.000,0.000,0.000,0.000,21.0
22:16:54.381,6436328,0.000,0.000,0.000,0.000,0.000,0.000,0.000,0.000,0.000,21.0
22:16:54.434,6436382,0.000,0.000,0.000,0.000,0.000,0.000,0.000,0.000,0.000,21.0
22:16:54.485,6436436,0.000,0.000,0.000,0.000,0.000,0.000,0.000,0.000,0.000,21.0
22:16:54.539,6436490,0.000,0.000,0.000,0.000,0.000,0.000,0.000,0.000,0.000,21.0
22:16:54.591,6436544,0.000,0.000,0.000,0.000,0.000,0.000,0.000,0.000,0.000,21.0
22:16:54.644,6436598,0.000,0.000,0.000,0.000,0.000,0.000,0.000,0.000,0.000,21.0
22:16:54.696,6436652,0.000,0.000,0.000,0.000,0.000,0.000,0.000,0.000,0.000,21.0
22:16:54.801,6436706,0.000,0.000,0.000,0.000,0.000,0.000,0.000,0.000,0.000,21.0
22:16:54.853,6436760,0.000,0.000,0.000,0.000,0.000,0.000,0.000,0.000,0.000,21.0
22:16:54.905,6436814,0.000,0.000,0.000,0.000,0.000,0.000,0.000,0.000,0.000,21.0
22:16:54.958,6436868,0.000,0.000,0.000,0.000,0.000,0.000,0.000,0.000,0.000,21.0
22:16:55.011,6436922,0.000,0.000,0.000,0.000,0.000,0.000,0.000,0.000,0.000,21.0
22:16:55.063,6436976,0.000,0.000,0.000,0.000,0.000,0.000,0.000,0.000,0.000,21.0
22:16:55.116,6437030,0.000,0.000,0.000,0.000,0.000,0.000,0.000,0.000,0.000,21.0
22:16:55.168,6437084,0.000,0.000,0.000,0.000,0.000,0.000,0.000,0.000,0.000,21.0
22:16:55.220,6437138,0.000,0.000,0.000,0.000,0.000,0.000,0.000,0.000,0.000,21.0
22:16:55.273,6437192,0.000,0.000,0.000,0.000,0.000,0.000,0.000,0.000,0.000,21.0
22:16:55.325,6437246,0.000,0.000,0.000,0.000,0.000,0.000,0.000,0.000,0.000,21.0
22:16:55.378,6437300,0.000,0.000,0.000,0.000,0.000,0.000,0.000,0.000,0.000,21.0
22:16:55.431,6437354,0.000,0.000,0.000,0.000,0.000,0.000,0.000,0.000,0.000,21.0
22:16:55.483,6437408,0.000,0.000,0.000,0.000,0.000,0.000,0.000,0.000,0.000,21.0
22:16:55.535,6437462,0.000,0.000,0.000,0.000,0.000,0.000,0.000,0.000,0.000,21.0
22:16:55.588,6437516,0.000,0.000,0.000,0.000,0.000,0.000,0.000,0.000,0.000,21.0
22:16:55.641,6437570,0.000,0.000,0.000,0.000,0.000,0.000,0.000,0.000,0.000,21.0
22:16:55.694,6437624,0.000,0.000,0.000,0.000,0.000,0.000,0.000,0.000,0.000,21.0
22:16:55.746,6437678,0.000,0.000,0.000,0.000,0.000,0.000,0.000,0.000,0.000,21.0
22:16:55.798,6437732,0.000,0.000,0.000,0.000,0.000,0.000,0.000,0.000,0.000,21.0
22:16:55.850,6437786,0.000,0.000,0.000,0.000,0.000,0.000,0.000,0.000,0.000,21.0
22:16:55.903,6437840,0.000,0.000,0.000,0.000,0.000,0.000,0.000,0.000,0.000,21.0
22:16:55.956,6437894,0.000,0.000,0.000,0.000,0.000,0.000,0.000,0.000,0.000,21.0
22:16:56.061,6437948,0.000,0.000,0.000,0.000,0.000,0.000,0.000,0.000,0.000,21.0
22:16:56.062,6438002,0.000,0.000,0.000,0.000,0.000,0.000,0.000,0.000,0.000,21.0
22:16:56.113,6438056,0.000,0.000,0.000,0.000,0.000,0.000,0.000,0.000,0.000,21.0
22:16:56.166,6438110,0.000,0.000,0.000,0.000,0.000,0.000,0.000,0.000,0.000,21.0
22:16:56.217,6438164,0.000,0.000,0.000,0.000,0.000,0.000,0.000,0.000,0.000,21.0
22:16:56.270,6438218,0.000,0.000,0.000,0.000,0.000,0.000,0.000,0.000,0.000,21.0
22:16:56.323,6438272,0.000,0.000,0.000,0.000,0.000,0.000,0.000,0.000,0.000,21.0
22:16:56.376,6438326,0.000,0.000,0.000,0.000,0.000,0.000,0.000,0.000,0.000,21.0
22:16:56.429,6438380,0.000,0.000,0.000,0.000,0.000,0.000,0.000,0.000,0.000,21.0
22:16:56.480,6438434,0.000,0.000,0.000,0.000,0.000,0.000,0.000,0.000,0.000,21.0
22:16:56.534,6438488,0.000,0.000,0.000,0.000,0.000,0.000,0.000,0.000,0.000,21.0
22:16:56.587,6438542,0.000,0.000,0.000,0.000,0.000,0.000,0.000,0.000,0.000,21.0
22:16:56.691,6438596,0.000,0.000,0.000,0.000,0.000,0.000,0.000,0.000,0.000,21.0
22:16:56.796,6438650,0.000,0.000,0.000,0.000,0.000,0.000,0.000,0.000,0.000,21.0
22:16:56.797,6438704,0.000,0.000,0.000,0.000,0.000,0.000,0.000,0.000,0.000,21.0
22:16:56.848,6438758,0.000,0.000,0.000,0.000,0.000,0.000,0.000,0.000,0.000,21.0
22:16:56.901,6438812,0.000,0.000,0.000,0.000,0.000,0.000,0.000,0.000,0.000,21.0
22:16:56.954,6438866,0.000,0.000,0.000,0.000,0.000,0.000,0.000,0.000,0.000,21.0
22:16:57.006,6438920,0.000,0.000,0.000,0.000,0.000,0.000,0.000,0.000,0.000,21.0
22:16:57.059,6438974,0.000,0.000,0.000,0.000,0.000,0.000,0.000,0.000,0.000,21.0
22:16:57.111,6439028,0.000,0.000,0.000,0.000,0.000,0.000,0.000,0.000,0.000,21.0
22:16:57.163,6439082,0.000,0.000,0.000,0.000,0.000,0.000,0.000,0.000,0.000,21.0
22:16:57.216,6439136,0.000,0.000,0.000,0.000,0.000,0.000,0.000,0.000,0.000,21.0
22:16:57.268,6439190,0.000,0.000,0.000,0.000,0.000,0.000,0.000,0.000,0.000,21.0
22:16:57.320,6439244,0.000,0.000,0.000,0.000,0.000,0.000,0.000,0.000,0.000,21.0
22:16:57.374,6439298,0.000,0.000,0.000,0.000,0.000,0.000,0.000,0.000,0.000,21.0
22:16:57.426,6439352,0.000,0.000,0.000,0.000,0.000,0.000,0.000,0.000,0.000,21.0
22:16:57.477,6439406,0.000,0.000,0.000,0.000,0.000,0.000,0.000,0.000,0.000,21.0
22:16:57.531,6439460,0.000,0.000,0.000,0.000,0.000,0.000,0.000,0.000,0.000,21.0
22:16:57.584,6439514,0.000,0.000,0.000,0.000,0.000,0.000,0.000,0.000,0.000,21.0
22:16:57.635,6439568,0.000,0.000,0.000,0.000,0.000,0.000,0.000,0.000,0.000,21.0
22:16:57.688,6439622,0.000,0.000,0.000,0.000,0.000,0.000,0.000,0.000,0.000,21.0
22:16:57.741,6439676,0.000,0.000,0.000,0.000,0.000,0.000,0.000,0.000,0.000,21.0
22:16:57.794,6439730,0.000,0.000,0.000,0.000,0.000,0.000,0.000,0.000,0.000,21.0
22:16:57.845,6439784,0.000,0.000,0.000,0.000,0.000,0.000,0.000,0.000,0.000,21.0
22:16:57.899,6439838,0.000,0.000,0.000,0.000,0.000,0.000,0.000,0.000,0.000,21.0
22:16:57.951,6439892,0.000,0.000,0.000,0.000,0.000,0.000,0.000,0.000,0.000,21.0
22:16:58.004,6439946,0.000,0.000,0.000,0.000,0.000,0.000,0.000,0.000,0.000,21.0
22:16:58.055,6440000,0.000,0.000,0.000,0.000,0.000,0.000,0.000,0.000,0.000,21.0
22:16:58.108,6440054,0.000,0.000,0.000,0.000,0.000,0.000,0.000,0.000,0.000,21.0
22:16:58.161,6440108,0.000,0.000,0.000,0.000,0.000,0.000,0.000,0.000,0.000,21.0
22:16:58.264,6440162,0.000,0.000,0.000,0.000,0.000,0.000,0.000,0.000,0.000,21.0
22:16:58.266,6440216,0.000,0.000,0.000,0.000,0.000,0.000,0.000,0.000,0.000,21.0
22:16:58.318,6440270,0.000,0.000,0.000,0.000,0.000,0.000,0.000,0.000,0.000,21.0
22:16:58.371,6440324,0.000,0.000,0.000,0.000,0.000,0.000,0.000,0.000,0.000,21.0
22:16:58.423,6440378,0.000,0.000,0.000,0.000,0.000,0.000,0.000,0.000,0.000,21.0
22:16:58.475,6440432,0.000,0.000,0.000,0.000,0.000,0.000,0.000,0.000,0.000,21.0
22:16:58.582,6440486,0.000,0.000,0.000,0.000,0.000,0.000,0.000,0.000,0.000,21.0
22:16:58.634,6440540,0.000,0.000,0.000,0.000,0.000,0.000,0.000,0.000,0.000,21.0
22:16:58.686,6440594,0.000,0.000,0.000,0.000,0.000,0.000,0.000,0.000,0.000,21.0
22:16:58.739,6440648,0.000,0.000,0.000,0.000,0.000,0.000,0.000,0.000,0.000,21.0
22:16:58.791,6440702,0.000,0.000,0.000,0.000,0.000,0.000,0.000,0.000,0.000,21.0
22:16:58.844,6440756,0.000,0.000,0.000,0.000,0.000,0.000,0.000,0.000,0.000,21.0
22:16:58.896,6440810,0.000,0.000,0.000,0.000,0.000,0.000,0.000,0.000,0.000,21.0
22:16:58.948,6440864,0.000,0.000,0.000,0.000,0.000,0.000,0.000,0.000,0.000,21.0
22:16:59.001,6440918,0.000,0.000,0.000,0.000,0.000,0.000,0.000,0.000,0.000,21.0
22:16:59.054,6440972,0.000,0.000,0.000,0.000,0.000,0.000,0.000,0.000,0.000,21.0
22:16:59.105,6441026,0.000,0.000,0.000,0.000,0.000,0.000,0.000,0.000,0.000,21.0
22:16:59.159,6441080,0.000,0.000,0.000,0.000,0.000,0.000,0.000,0.000,0.000,21.0
22:16:59.211,6441134,0.000,0.000,0.000,0.000,0.000,0.000,0.000,0.000,0.000,21.0
22:16:59.264,6441188,0.000,0.000,0.000,0.000,0.000,0.000,0.000,0.000,0.000,21.0
22:16:59.315,6441242,0.000,0.000,0.000,0.000,0.000,0.000,0.000,0.000,0.000,21.0
22:16:59.368,6441296,0.000,0.000,0.000,0.000,0.000,0.000,0.000,0.000,0.000,21.0
22:16:59.422,6441350,0.000,0.000,0.000,0.000,0.000,0.000,0.000,0.000,0.000,21.0
22:16:59.473,6441404,0.000,0.000,0.000,0.000,0.000,0.000,0.000,0.000,0.000,21.0
22:16:59.525,6441458,0.000,0.000,0.000,0.000,0.000,0.000,0.000,0.000,0.000,21.0
22:16:59.577,6441512,0.000,0.000,0.000,0.000,0.000,0.000,0.000,0.000,0.000,21.0
22:16:59.630,6441566,0.000,0.000,0.000,0.000,0.000,0.000,0.000,0.000,0.000,21.0
22:16:59.683,6441620,0.000,0.000,0.000,0.000,0.000,0.000,0.000,0.000,0.000,21.0
22:16:59.736,6441674,0.000,0.000,0.000,0.000,0.000,0.000,0.000,0.000,0.000,21.0
22:16:59.789,6441728,0.000,0.000,0.000,0.000,0.000,0.000,0.000,0.000,0.000,21.0
22:16:59.841,6441782,0.000,0.000,0.000,0.000,0.000,0.000,0.000,0.000,0.000,21.0
22:16:59.893,6441836,0.000,0.000,0.000,0.000,0.000,0.000,0.000,0.000,0.000,21.0
22:16:59.946,6441890,0.000,0.000,0.000,0.000,0.000,0.000,0.000,0.000,0.000,21.0
22:16:59.999,6441944,0.000,0.000,0.000,0.000,0.000,0.000,0.000,0.000,0.000,21.0
22:17:00.050,6441998,0.000,0.000,0.000,0.000,0.000,0.000,0.000,0.000,0.000,21.0
22:17:00.102,6442052,0.000,0.000,0.000,0.000,0.000,0.000,0.000,0.000,0.000,21.0
22:17:00.155,6442106,0.000,0.000,0.000,0.000,0.000,0.000,0.000,0.000,0.000,21.0
22:17:00.208,6442160,0.000,0.000,0.000,0.000,0.000,0.000,0.000,0.000,0.000,21.0
22:17:00.260,6442214,0.000,0.000,0.000,0.000,0.000,0.000,0.000,0.000,0.000,21.0
22:17:00.314,6442268,0.000,0.000,0.000,0.000,0.000,0.000,0.000,0.000,0.000,21.0
22:17:00.365,6442322,0.000,0.000,0.000,0.000,0.000,0.000,0.000,0.000,0.000,21.0
22:17:00.470,6442376,0.000,0.000,0.000,0.000,0.000,0.000,0.000,0.000,0.000,21.0
22:17:00.523,6442430,0.000,0.000,0.000,0.000,0.000,0.000,0.000,0.000,0.000,21.0
22:17:00.576,6442484,0.000,0.000,0.000,0.000,0.000,0.000,0.000,0.000,0.000,21.0
22:17:00.628,6442538,0.000,0.000,0.000,0.000,0.000,0.000,0.000,0.000,0.000,21.0
22:17:00.681,6442592,0.000,0.000,0.000,0.000,0.000,0.000,0.000,0.000,0.000,21.0
22:17:00.733,6442646,0.000,0.000,0.000,0.000,0.000,0.000,0.000,0.000,0.000,21.0
22:17:00.786,6442700,0.000,0.000,0.000,0.000,0.000,0.000,0.000,0.000,0.000,21.0
22:17:00.839,6442754,0.000,0.000,0.000,0.000,0.000,0.000,0.000,0.000,0.000,21.0
22:17:00.891,6442808,0.000,0.000,0.000,0.000,0.000,0.000,0.000,0.000,0.000,21.0
22:17:00.944,6442862,0.000,0.000,0.000,0.000,0.000,0.000,0.000,0.000,0.000,21.0
22:17:00.996,6442916,0.000,0.000,0.000,0.000,0.000,0.000,0.000,0.000,0.000,21.0
22:17:01.049,6442970,0.000,0.000,0.000,0.000,0.000,0.000,0.000,0.000,0.000,21.0
22:17:01.101,6443024,0.000,0.000,0.000,0.000,0.000,0.000,0.000,0.000,0.000,21.0
22:17:01.154,6443078,0.000,0.000,0.000,0.000,0.000,0.000,0.000,0.000,0.000,21.0
22:17:01.206,6443132,0.000,0.000,0.000,0.000,0.000,0.000,0.000,0.000,0.000,21.0
22:17:01.258,6443186,0.000,0.000,0.000,0.000,0.000,0.000,0.000,0.000,0.000,21.0
22:17:01.312,6443240,0.000,0.000,0.000,0.000,0.000,0.000,0.000,0.000,0.000,21.0
22:17:01.362,6443294,0.000,0.000,0.000,0.000,0.000,0.000,0.000,0.000,0.000,21.0
22:17:01.415,6443348,0.000,0.000,0.000,0.000,0.000,0.000,0.000,0.000,0.000,21.0
22:17:01.468,6443402,0.000,0.000,0.000,0.000,0.000,0.000,0.000,0.000,0.000,21.0
22:17:01.521,6443456,0.000,0.000,0.000,0.000,0.000,0.000,0.000,0.000,0.000,21.0
22:17:01.574,6443510,0.000,0.000,0.000,0.000,0.000,0.000,0.000,0.000,0.000,21.0
22:17:01.626,6443564,0.000,0.000,0.000,0.000,0.000,0.000,0.000,0.000,0.000,21.0
22:17:01.679,6443618,0.000,0.000,0.000,0.000,0.000,0.000,0.000,0.000,0.000,21.0
22:17:01.732,6443672,0.000,0.000,0.000,0.000,0.000,0.000,0.000,0.000,0.000,21.0
22:17:01.784,6443726,0.000,0.000,0.000,0.000,0.000,0.000,0.000,0.000,0.000,21.0
22:17:01.835,6443780,0.000,0.000,0.000,0.000,0.000,0.000,0.000,0.000,0.000,21.0
22:17:01.888,6443834,0.000,0.000,0.000,0.000,0.000,0.000,0.000,0.000,0.000,21.0
22:17:01.941,6443888,0.000,0.000,0.000,0.000,0.000,0.000,0.000,0.000,0.000,21.0
22:17:01.994,6443942,0.000,0.000,0.000,0.000,0.000,0.000,0.000,0.000,0.000,21.0
22:17:02.046,6443996,0.000,0.000,0.000,0.000,0.000,0.000,0.000,0.000,0.000,21.0
22:17:02.099,6444050,0.000,0.000,0.000,0.000,0.000,0.000,0.000,0.000,0.000,21.0
22:17:02.151,6444104,0.000,0.000,0.000,0.000,0.000,0.000,0.000,0.000,0.000,21.0
22:17:02.204,6444158,0.000,0.000,0.000,0.000,0.000,0.000,0.000,0.000,0.000,21.0
22:17:02.255,6444212,0.000,0.000,0.000,0.000,0.000,0.000,0.000,0.000,0.000,21.0
22:17:02.361,6444266,0.000,0.000,0.000,0.000,0.000,0.000,0.000,0.000,0.000,21.0
22:17:02.412,6444320,0.000,0.000,0.000,0.000,0.000,0.000,0.000,0.000,0.000,21.0
22:17:02.518,6444374,0.000,0.000,0.000,0.000,0.000,0.000,0.000,0.000,0.000,21.0
22:17:02.519,6444428,0.000,0.000,0.000,0.000,0.000,0.000,0.000,0.000,0.000,21.0
22:17:02.572,6444482,0.000,0.000,0.000,0.000,0.000,0.000,0.000,0.000,0.000,21.0
22:17:02.624,6444536,0.000,0.000,0.000,0.000,0.000,0.000,0.000,0.000,0.000,21.0
22:17:02.676,6444590,0.000,0.000,0.000,0.000,0.000,0.000,0.000,0.000,0.000,21.0
22:17:02.729,6444644,0.000,0.000,0.000,0.000,0.000,0.000,0.000,0.000,0.000,21.0
22:17:02.781,6444698,0.000,0.000,0.000,0.000,0.000,0.000,0.000,0.000,0.000,21.0
22:17:02.833,6444752,0.000,0.000,0.000,0.000,0.000,0.000,0.000,0.000,0.000,21.0
22:17:02.886,6444806,0.000,0.000,0.000,0.000,0.000,0.000,0.000,0.000,0.000,21.0
22:17:02.939,6444860,0.000,0.000,0.000,0.000,0.000,0.000,0.000,0.000,0.000,21.0
22:17:02.991,6444914,0.000,0.000,0.000,0.000,0.000,0.000,0.000,0.000,0.000,21.0
22:17:03.044,6444968,0.000,0.000,0.000,0.000,0.000,0.000,0.000,0.000,0.000,21.0
22:17:03.096,6445022,0.000,0.000,0.000,0.000,0.000,0.000,0.000,0.000,0.000,21.0
22:17:03.148,6445076,0.000,0.000,0.000,0.000,0.000,0.000,0.000,0.000,0.000,21.0
22:17:03.201,6445130,0.000,0.000,0.000,0.000,0.000,0.000,0.000,0.000,0.000,21.0
22:17:03.254,6445184,0.000,0.000,0.000,0.000,0.000,0.000,0.000,0.000,0.000,21.0
22:17:03.306,6445238,0.000,0.000,0.000,0.000,0.000,0.000,0.000,0.000,0.000,21.0
22:17:03.358,6445292,0.000,0.000,0.000,0.000,0.000,0.000,0.000,0.000,0.000,21.0
22:17:03.411,6445346,0.000,0.000,0.000,0.000,0.000,0.000,0.000,0.000,0.000,21.0
22:17:03.463,6445400,0.000,0.000,0.000,0.000,0.000,0.000,0.000,0.000,0.000,21.0
22:17:03.515,6445454,0.000,0.000,0.000,0.000,0.000,0.000,0.000,0.000,0.000,21.0
22:17:03.568,6445508,0.000,0.000,0.000,0.000,0.000,0.000,0.000,0.000,0.000,21.0
22:17:03.620,6445562,0.000,0.000,0.000,0.000,0.000,0.000,0.000,0.000,0.000,21.0
22:17:03.674,6445616,0.000,0.000,0.000,0.000,0.000,0.000,0.000,0.000,0.000,21.0
22:17:03.726,6445670,0.000,0.000,0.000,0.000,0.000,0.000,0.000,0.000,0.000,21.0
22:17:03.779,6445724,0.000,0.000,0.000,0.000,0.000,0.000,0.000,0.000,0.000,21.0
22:17:03.830,6445778,0.000,0.000,0.000,0.000,0.000,0.000,0.000,0.000,0.000,21.0
22:17:03.883,6445832,0.000,0.000,0.000,0.000,0.000,0.000,0.000,0.000,0.000,21.0
22:17:03.936,6445886,0.000,0.000,0.000,0.000,0.000,0.000,0.000,0.000,0.000,21.0
22:17:03.991,6445940,0.000,0.000,0.000,0.000,0.000,0.000,0.000,0.000,0.000,21.0
22:17:04.040,6445994,0.000,0.000,0.000,0.000,0.000,0.000,0.000,0.000,0.000,21.0
22:17:04.093,6446048,0.000,0.000,0.000,0.000,0.000,0.000,0.000,0.000,0.000,21.0
22:17:04.145,6446102,0.000,0.000,0.000,0.000,0.000,0.000,0.000,0.000,0.000,21.0
22:17:04.251,6446156,0.000,0.000,0.000,0.000,0.000,0.000,0.000,0.000,0.000,21.0
22:17:04.304,6446210,0.000,0.000,0.000,0.000,0.000,0.000,0.000,0.000,0.000,21.0
22:17:04.355,6446264,0.000,0.000,0.000,0.000,0.000,0.000,0.000,0.000,0.000,21.0
22:17:04.408,6446318,0.000,0.000,0.000,0.000,0.000,0.000,0.000,0.000,0.000,21.0
22:17:04.460,6446372,0.000,0.000,0.000,0.000,0.000,0.000,0.000,0.000,0.000,21.0
22:17:04.513,6446426,0.000,0.000,0.000,0.000,0.000,0.000,0.000,0.000,0.000,21.0
22:17:04.565,6446480,0.000,0.000,0.000,0.000,0.000,0.000,0.000,0.000,0.000,21.0
22:17:04.619,6446534,0.000,0.000,0.000,0.000,0.000,0.000,0.000,0.000,0.000,21.0
22:17:04.670,6446588,0.000,0.000,0.000,0.000,0.000,0.000,0.000,0.000,0.000,21.0
22:17:04.723,6446642,0.000,0.000,0.000,0.000,0.000,0.000,0.000,0.000,0.000,21.0
22:17:04.776,6446696,0.000,0.000,0.000,0.000,0.000,0.000,0.000,0.000,0.000,21.0
22:17:04.829,6446750,0.000,0.000,0.000,0.000,0.000,0.000,0.000,0.000,0.000,21.0
22:17:04.880,6446804,0.000,0.000,0.000,0.000,0.000,0.000,0.000,0.000,0.000,21.0
22:17:04.934,6446858,0.000,0.000,0.000,0.000,0.000,0.000,0.000,0.000,0.000,21.0
22:17:04.986,6446912,0.000,0.000,0.000,0.000,0.000,0.000,0.000,0.000,0.000,21.0
22:17:05.039,6446966,0.000,0.000,0.000,0.000,0.000,0.000,0.000,0.000,0.000,21.0
22:17:05.091,6447020,0.000,0.000,0.000,0.000,0.000,0.000,0.000,0.000,0.000,21.0
22:17:05.143,6447074,0.000,0.000,0.000,0.000,0.000,0.000,0.000,0.000,0.000,21.0
22:17:05.195,6447128,0.000,0.000,0.000,0.000,0.000,0.000,0.000,0.000,0.000,21.0
22:17:05.249,6447182,0.000,0.000,0.000,0.000,0.000,0.000,0.000,0.000,0.000,21.0
22:17:05.301,6447236,0.000,0.000,0.000,0.000,0.000,0.000,0.000,0.000,0.000,21.0
22:17:05.354,6447290,0.000,0.000,0.000,0.000,0.000,0.000,0.000,0.000,0.000,21.0
22:17:05.405,6447344,0.000,0.000,0.000,0.000,0.000,0.000,0.000,0.000,0.000,21.0
22:17:05.457,6447398,0.000,0.000,0.000,0.000,0.000,0.000,0.000,0.000,0.000,21.0
22:17:05.510,6447452,0.000,0.000,0.000,0.000,0.000,0.000,0.000,0.000,0.000,21.0
22:17:05.562,6447506,0.000,0.000,0.000,0.000,0.000,0.000,0.000,0.000,0.000,21.0
22:17:05.616,6447560,0.000,0.000,0.000,0.000,0.000,0.000,0.000,0.000,0.000,21.0
22:17:05.668,6447614,0.000,0.000,0.000,0.000,0.000,0.000,0.000,0.000,0.000,21.0
22:17:05.721,6447668,0.000,0.000,0.000,0.000,0.000,0.000,0.000,0.000,0.000,21.0
22:17:05.773,6447722,0.000,0.000,0.000,0.000,0.000,0.000,0.000,0.000,0.000,21.0
22:17:05.826,6447776,0.000,0.000,0.000,0.000,0.000,0.000,0.000,0.000,0.000,21.0
22:17:05.878,6447830,0.000,0.000,0.000,0.000,0.000,0.000,0.000,0.000,0.000,21.0
22:17:05.930,6447884,0.000,0.000,0.000,0.000,0.000,0.000,0.000,0.000,0.000,21.0
22:17:05.983,6447938,0.000,0.000,0.000,0.000,0.000,0.000,0.000,0.000,0.000,21.0
22:17:06.036,6447992,0.000,0.000,0.000,0.000,0.000,0.000,0.000,0.000,0.000,21.0
22:17:06.141,6448046,0.000,0.000,0.000,0.000,0.000,0.000,0.000,0.000,0.000,21.0
22:17:06.193,6448100,0.000,0.000,0.000,0.000,0.000,0.000,0.000,0.000,0.000,21.0
22:17:06.245,6448154,0.000,0.000,0.000,0.000,0.000,0.000,0.000,0.000,0.000,21.0
22:17:06.299,6448208,0.000,0.000,0.000,0.000,0.000,0.000,0.000,0.000,0.000,21.0
22:17:06.351,6448262,0.000,0.000,0.000,0.000,0.000,0.000,0.000,0.000,0.000,21.0
22:17:06.403,6448316,0.000,0.000,0.000,0.000,0.000,0.000,0.000,0.000,0.000,21.0
22:17:06.455,6448370,0.000,0.000,0.000,0.000,0.000,0.000,0.000,0.000,0.000,21.0
22:17:06.508,6448424,0.000,0.000,0.000,0.000,0.000,0.000,0.000,0.000,0.000,21.0
22:17:06.560,6448478,0.000,0.000,0.000,0.000,0.000,0.000,0.000,0.000,0.000,21.0
22:17:06.613,6448532,0.000,0.000,0.000,0.000,0.000,0.000,0.000,0.000,0.000,21.0
22:17:06.666,6448586,0.000,0.000,0.000,0.000,0.000,0.000,0.000,0.000,0.000,21.0
22:17:06.719,6448640,0.000,0.000,0.000,0.000,0.000,0.000,0.000,0.000,0.000,21.0
22:17:06.771,6448694,0.000,0.000,0.000,0.000,0.000,0.000,0.000,0.000,0.000,21.0
22:17:06.823,6448748,0.000,0.000,0.000,0.000,0.000,0.000,0.000,0.000,0.000,21.0
22:17:06.875,6448802,0.000,0.000,0.000,0.000,0.000,0.000,0.000,0.000,0.000,21.0
22:17:06.927,6448856,0.000,0.000,0.000,0.000,0.000,0.000,0.000,0.000,0.000,21.0
22:17:07.033,6448910,0.000,0.000,0.000,0.000,0.000,0.000,0.000,0.000,0.000,21.0
22:17:07.035,6448964,0.000,0.000,0.000,0.000,0.000,0.000,0.000,0.000,0.000,21.0
22:17:07.086,6449018,0.000,0.000,0.000,0.000,0.000,0.000,0.000,0.000,0.000,21.0
22:17:07.191,6449072,0.000,0.000,0.000,0.000,0.000,0.000,0.000,0.000,0.000,21.0
22:17:07.192,6449126,0.000,0.000,0.000,0.000,0.000,0.000,0.000,0.000,0.000,21.0
22:17:07.295,6449180,0.000,0.000,0.000,0.000,0.000,0.000,0.000,0.000,0.000,21.0
22:17:07.297,6449234,0.000,0.000,0.000,0.000,0.000,0.000,0.000,0.000,0.000,21.0
