timestamp,elapsed_ms,accel_x_ms2,accel_y_ms2,accel_z_ms2,gyro_x_rads,gyro_y_rads,gyro_z_rads,mag_x_uT,mag_y_uT,mag_z_uT,temp_c
13:50:44.355,178186,-2.437,-9.459,0.079,-0.207,-2.640,0.536,-7.650,-37.500,18.900,35.5
13:50:44.414,178240,-2.804,-8.310,-0.139,-0.309,-2.521,0.240,-4.950,-34.950,18.600,35.7
13:50:44.475,178295,-2.428,-9.069,0.517,-0.510,-2.015,0.010,-4.950,-34.950,18.600,35.5
13:50:44.520,178350,-0.424,-9.448,0.948,-0.650,-1.597,-0.185,-3.450,-36.450,17.850,35.7
13:50:44.580,178405,-1.556,-9.685,0.788,-0.703,-1.145,-0.249,-3.450,-36.450,17.850,35.5
13:50:44.632,178460,-1.338,-10.417,0.136,-0.503,-1.387,-0.219,-4.950,-36.450,13.500,35.4
13:50:44.685,178515,-1.614,-9.536,-1.429,-0.352,-1.001,-0.208,-4.950,-36.450,13.500,35.4
13:50:44.746,178570,-1.413,-9.395,-1.228,-0.337,-0.816,-0.231,-5.400,-34.950,13.050,35.5
13:50:44.797,178625,-1.015,-9.400,-0.567,-0.438,-0.044,-0.184,-5.400,-34.950,13.050,35.6
13:50:44.850,178680,-0.613,-9.436,-0.718,-0.382,0.124,-0.105,-6.000,-33.600,12.150,35.7
13:50:44.911,178735,-0.996,-9.665,-1.568,-0.285,0.249,-0.111,-6.000,-33.600,12.150,35.6
13:50:44.963,178790,-1.609,-9.706,-1.635,-0.111,0.469,0.018,-6.000,-33.600,12.150,35.8
13:50:45.014,178845,-0.704,-9.859,-0.539,-0.132,0.277,-0.035,-6.600,-35.250,7.650,35.8
13:50:45.075,178900,-1.776,-11.698,-0.084,-0.092,0.125,0.277,-6.600,-35.250,7.650,35.4
13:50:45.128,178955,-4.003,-15.230,-0.910,-0.011,-0.516,0.606,-5.550,-35.100,10.650,35.7
13:50:45.181,179010,-4.391,-14.995,-0.929,0.114,-0.400,0.725,-5.550,-35.100,10.650,35.8
13:50:45.239,179065,-3.440,-12.627,-0.661,0.083,-0.099,0.510,-2.100,-33.600,10.050,35.4
13:50:45.292,179120,-2.270,-10.108,-0.886,-0.149,0.227,0.035,-2.100,-33.600,10.050,35.8
13:50:45.344,179175,-3.397,-9.108,-0.460,-0.221,-0.228,-0.357,0.300,-33.900,8.400,35.8
13:50:45.404,179230,-0.555,-7.671,-1.257,-0.612,0.010,-0.446,0.300,-33.900,8.400,35.6
13:50:45.457,179285,-2.265,-8.164,-0.974,-0.852,-0.202,-0.555,-1.500,-32.700,7.200,35.5
13:50:45.511,179340,-1.135,-8.519,-1.188,-0.927,-0.124,-0.634,-3.450,-32.400,2.850,35.3
13:50:45.571,179395,-0.352,-8.078,-2.114,-1.116,0.103,-0.889,-3.450,-32.400,2.850,35.8
13:50:45.624,179450,-0.424,-7.417,-2.411,-1.126,-0.087,-0.999,-3.450,-32.400,2.850,35.7
13:50:45.676,179505,-1.487,-8.449,-1.829,-0.915,0.004,-1.103,-3.450,-32.400,2.850,35.7
13:50:45.737,179560,-0.196,-8.267,-3.689,-0.830,0.330,-1.206,-3.450,-32.400,2.850,35.4
13:50:45.788,179615,1.001,-7.796,-3.156,-0.783,0.356,-1.181,-3.450,-32.400,2.850,35.8
13:50:45.892,179670,2.061,-6.390,-4.997,-0.649,0.187,-0.489,-15.750,-25.050,-7.800,35.5
13:50:45.945,179725,1.592,-6.297,-5.562,-0.332,0.436,0.601,-15.750,-25.050,-7.800,35.5
13:50:45.997,179780,1.750,-6.438,-5.543,-0.178,0.207,1.298,-15.750,-24.300,-10.050,35.7
13:50:46.048,179835,0.831,-6.481,-6.208,-0.282,0.410,1.724,-11.400,-24.600,-9.600,35.8
13:50:46.102,179890,-0.362,-7.800,-5.191,-0.092,0.672,1.632,-11.400,-24.600,-9.600,35.6
13:50:46.206,179945,-0.960,-7.393,-5.605,-0.116,1.032,1.427,-6.600,-25.500,-11.250,35.9
13:50:46.208,180000,-1.053,-7.460,-5.653,-0.008,1.135,1.233,-6.600,-25.500,-11.250,35.5
13:50:46.260,180055,-1.889,-7.566,-5.610,0.086,1.349,1.001,-8.250,-25.350,-12.600,35.2
13:50:46.311,180110,-1.144,-7.525,-5.315,0.239,1.419,0.801,-8.250,-25.350,-12.600,35.5
13:50:46.415,180165,-1.506,-8.150,-5.478,0.274,1.283,0.569,-6.900,-26.700,-10.200,35.7
13:50:46.417,180220,-1.556,-9.369,-5.399,-0.027,0.982,0.465,-6.900,-26.700,-10.200,35.7
13:50:46.468,180275,-1.346,-9.601,-5.844,-0.031,0.652,0.295,-6.900,-26.700,-10.200,35.8
13:50:46.521,180330,-0.867,-9.771,-4.817,0.293,0.464,0.363,-6.900,-26.700,-10.200,35.4
13:50:46.627,180385,-1.358,-9.534,-4.671,0.514,0.276,0.404,-6.900,-26.700,-10.200,35.5
13:50:46.628,180440,-1.231,-8.792,-4.743,0.574,-0.234,0.418,-8.250,-30.000,-3.450,35.5
13:50:46.731,180495,-1.413,-8.581,-4.695,0.373,-0.354,0.388,-8.250,-30.000,-3.450,35.4
13:50:46.732,180550,-1.010,-8.315,-4.135,0.244,-0.671,0.222,-7.050,-33.000,-3.750,35.4
13:50:46.836,180605,-0.838,-8.152,-4.243,0.191,-0.689,0.274,-7.050,-33.000,-3.750,35.8
13:50:46.836,180661,-0.919,-9.529,-3.261,0.396,-0.781,0.225,-6.300,-33.000,-0.900,35.3
13:50:46.888,180715,-2.344,-9.567,-2.727,0.518,-0.879,0.380,-6.300,-33.000,-0.900,35.8
13:50:46.942,180770,-2.811,-10.242,-2.660,0.422,-1.265,0.131,-1.650,-34.800,0.450,35.5
13:50:47.048,180825,-7.053,-13.240,-1.939,0.230,-1.061,0.288,-1.650,-34.800,0.450,35.4
13:50:47.100,180880,-8.222,-13.568,-1.968,-0.124,-1.439,0.374,0.300,-34.650,5.100,35.4
13:50:47.151,180935,-7.384,-12.079,-2.052,-0.302,-1.680,0.287,2.250,-35.700,7.950,35.4
13:50:47.203,180990,-6.139,-10.949,-0.563,-0.396,-1.567,-0.100,2.250,-35.700,7.950,35.8
13:50:47.256,181045,-3.881,-9.608,-1.566,-0.513,-1.430,-0.316,2.250,-35.700,7.950,35.8
13:50:47.309,181100,-3.955,-8.873,-0.742,-0.461,-0.930,-0.760,2.250,-35.700,7.950,36.0
13:50:47.361,181155,-2.878,-7.803,-2.014,-0.840,-0.339,-0.940,2.100,-30.450,4.800,35.8
13:50:47.414,181210,-2.133,-7.456,-1.437,-1.025,-0.436,-0.908,2.100,-30.450,4.800,35.4
13:50:47.465,181265,-1.542,-7.551,-2.437,-1.185,-0.366,-0.842,0.450,-31.500,1.950,35.3
13:50:47.518,181320,-1.949,-8.370,-2.856,-1.266,-0.127,-0.942,0.450,-31.500,1.950,35.8
13:50:47.571,181375,-1.190,-8.411,-3.570,-1.526,-0.191,-1.082,-3.450,-29.100,-4.350,35.9
13:50:47.625,181430,-0.898,-7.309,-3.840,-1.522,-0.207,-1.136,-3.450,-29.100,-4.350,35.4
13:50:47.677,181485,-0.328,-7.108,-4.573,-1.068,0.183,-1.365,-7.650,-26.700,-7.650,35.5
13:50:47.782,181540,-0.259,-6.663,-5.863,-1.171,0.040,-1.478,-11.850,-22.500,-12.600,35.6
13:50:47.784,181595,-0.783,-5.559,-6.958,-1.389,0.016,-1.332,-11.850,-22.500,-12.600,35.8
13:50:47.835,181650,0.405,-5.581,-6.038,-0.584,0.411,-0.812,-13.200,-17.550,-16.350,35.7
13:50:47.886,181705,0.814,-4.733,-6.934,0.174,-0.028,0.638,-13.200,-17.550,-16.350,36.0
13:50:47.939,181760,0.256,-5.933,-7.800,0.455,-0.115,1.344,-13.200,-17.550,-16.350,35.8
13:50:47.992,181815,1.398,-6.543,-8.033,0.663,-0.120,1.250,-13.200,-17.550,-16.350,35.8
13:50:48.045,181870,0.498,-8.169,-6.649,0.755,0.278,1.090,-13.200,-17.550,-16.350,35.6
13:50:48.096,181925,-0.754,-8.310,-7.321,0.514,0.305,1.148,-13.200,-17.550,-16.350,35.8
13:50:48.202,181980,-0.206,-8.677,-6.144,0.507,0.695,0.862,-7.950,-22.500,-10.350,35.9
13:50:48.255,182035,-1.243,-8.724,-5.947,0.588,0.866,0.677,-6.300,-24.600,-11.400,35.3
13:50:48.307,182090,-1.015,-8.444,-5.490,0.631,0.608,0.766,-6.300,-24.600,-11.400,35.6
13:50:48.360,182145,-1.511,-8.875,-3.893,0.803,0.395,0.681,-6.600,-27.750,-9.450,35.9
13:50:48.411,182200,-2.327,-8.626,-3.632,0.605,0.270,0.636,-6.600,-27.750,-9.450,35.5
13:50:48.463,182255,-2.025,-8.514,-3.594,0.376,-0.006,0.589,-5.700,-29.850,-6.450,35.8
13:50:48.516,182310,-2.749,-8.904,-3.366,0.197,0.122,0.492,-5.700,-29.850,-6.450,35.8
13:50:48.569,182365,-2.045,-8.626,-3.378,0.186,-0.076,0.386,-4.050,-31.200,-4.200,36.0
13:50:48.621,182420,-2.143,-8.401,-3.237,0.408,-0.231,0.359,-4.050,-31.200,-4.200,35.4
13:50:48.673,182475,-2.025,-8.803,-3.024,0.579,-0.731,0.346,-1.650,-30.450,-2.700,35.6
13:50:48.727,182530,-3.077,-10.082,-1.784,0.756,-1.030,0.158,-1.650,-30.450,-2.700,35.5
13:50:48.780,182585,-3.517,-10.350,-1.475,0.586,-0.990,0.214,-1.650,-30.450,-2.700,35.8
13:50:48.832,182640,-3.122,-9.941,-0.965,0.340,-0.780,0.147,-1.650,-30.450,-2.700,35.6
13:50:48.885,182695,-4.149,-10.156,-0.955,0.192,-0.706,0.063,-1.650,-30.450,-2.700,35.7
13:50:48.938,182750,-4.626,-10.743,-0.747,0.097,-0.521,0.013,3.300,-34.050,7.050,35.8
13:50:49.042,182805,-7.163,-12.651,0.321,0.307,-0.755,-0.074,3.300,-34.050,7.050,35.5
13:50:49.043,182860,-6.948,-12.914,-0.103,0.041,-0.746,-0.012,1.050,-34.650,8.700,35.4
13:50:49.145,182915,-6.524,-11.782,-0.160,-0.247,-0.818,0.047,1.050,-34.650,8.700,35.9
13:50:49.147,182970,-3.723,-11.097,0.057,-0.948,-0.050,-0.239,5.250,-33.600,10.650,35.5
13:50:49.200,183025,-3.048,-10.101,-0.407,-0.714,0.141,-0.453,5.250,-33.600,10.650,35.8
13:50:49.252,183080,-2.916,-9.148,-1.568,-0.721,-0.036,-0.645,3.600,-31.500,6.750,35.4
13:50:49.356,183135,-1.669,-8.255,-2.820,-0.744,0.464,-0.881,3.000,-32.700,2.550,35.8
13:50:49.410,183190,-1.472,-8.521,-2.591,-0.600,0.515,-0.937,3.000,-32.700,2.550,35.5
13:50:49.462,183245,-0.646,-7.980,-3.393,-0.725,0.367,-0.944,-2.700,-31.350,-1.050,35.4
13:50:49.513,183300,-0.333,-7.286,-2.835,-0.823,0.462,-1.125,-2.700,-31.350,-1.050,36.0
13:50:49.566,183355,-0.180,-7.032,-3.663,-0.781,0.438,-1.295,-2.700,-31.350,-1.050,35.9
13:50:49.619,183410,0.565,-7.918,-3.862,-0.785,0.493,-1.437,-2.700,-31.350,-1.050,35.9
13:50:49.672,183465,0.986,-6.536,-4.963,-1.341,0.073,-1.982,-2.700,-31.350,-1.050,35.5
13:50:49.725,183520,3.282,-5.942,-3.529,-0.492,0.647,-0.875,-2.700,-31.350,-1.050,35.9
13:50:49.777,183575,0.354,-4.475,-4.906,0.293,0.027,1.131,-19.500,-25.050,-9.600,35.4
13:50:49.829,183630,1.767,-6.378,-4.939,0.446,-0.107,1.362,-19.500,-25.050,-9.600,35.5
13:50:49.883,183685,0.690,-7.563,-3.615,0.600,-0.009,1.190,-15.450,-25.950,-8.400,35.8
13:50:49.933,183740,0.778,-7.882,-4.523,0.543,0.038,1.225,-11.250,-28.500,-5.100,35.5
13:50:49.987,183795,0.970,-8.662,-3.417,0.796,0.199,1.140,-11.250,-28.500,-5.100,35.8
13:50:50.040,183850,-0.357,-8.186,-3.967,0.960,0.386,1.253,-7.500,-30.450,-2.700,35.5
13:50:50.093,183905,-0.484,-9.263,-3.752,0.860,0.298,1.308,-7.500,-30.450,-2.700,35.8
13:50:50.143,183960,-2.263,-10.206,-2.473,0.553,0.145,1.245,-6.300,-32.250,1.500,35.9
13:50:50.197,184015,-2.512,-10.178,-1.856,0.358,0.133,0.895,-6.300,-32.250,1.500,35.8
13:50:50.248,184070,-2.890,-10.281,-2.349,0.342,0.148,0.579,-2.400,-33.000,3.750,35.8
13:50:50.301,184125,-3.591,-10.307,-2.160,0.379,0.047,0.434,-2.400,-33.000,3.750,35.8
13:50:50.355,184180,-3.455,-9.740,-1.719,0.421,-0.212,0.224,-2.400,-33.000,3.750,35.7
13:50:50.407,184235,-3.613,-10.297,-1.056,0.539,-0.219,0.082,-2.400,-33.000,3.750,35.8
13:50:50.458,184290,-3.668,-9.723,-0.733,0.395,-0.410,0.005,-2.400,-33.000,3.750,36.0
13:50:50.563,184345,-3.373,-9.189,-0.314,0.204,-0.299,-0.124,0.150,-34.350,11.400,35.8
13:50:50.616,184400,-3.129,-9.594,-0.019,0.042,-0.137,-0.073,0.150,-34.350,11.400,35.8
13:50:50.670,184455,-3.651,-10.036,-0.057,-0.113,-0.135,-0.020,1.050,-34.950,10.950,35.9
13:50:50.722,184510,-5.320,-12.143,0.242,-0.028,-0.199,0.167,1.050,-34.950,10.950,35.9
13:50:50.775,184565,-6.754,-13.695,0.634,0.026,-0.592,0.449,-0.300,-33.900,12.300,35.6
13:50:50.827,184620,-6.950,-13.008,1.027,-0.107,-0.666,0.446,-0.300,-33.900,12.300,35.5
13:50:50.880,184675,-6.124,-11.492,0.804,-0.434,-0.486,0.148,3.750,-34.200,13.500,35.8
13:50:50.931,184730,-4.463,-10.568,0.223,-0.677,-0.639,-0.025,4.200,-33.900,12.000,35.8
13:50:50.983,184785,-3.438,-9.948,0.079,-0.645,-0.435,-0.366,4.200,-33.900,12.000,35.5
13:50:51.038,184840,-2.028,-9.009,-0.462,-0.636,-0.040,-0.671,3.750,-33.450,10.500,35.8
13:50:51.090,184895,-1.425,-7.906,-0.977,-0.688,0.051,-0.841,3.750,-33.450,10.500,35.7
13:50:51.141,184950,-2.131,-7.673,-1.633,-0.782,0.412,-1.055,3.750,-33.450,10.500,35.5
13:50:51.195,185005,-0.457,-7.724,-2.184,-0.863,0.209,-1.037,3.750,-33.450,10.500,36.0
13:50:51.247,185060,-0.124,-7.896,-1.657,-0.752,0.229,-1.210,3.750,-33.450,10.500,35.9
13:50:51.300,185115,-0.898,-7.853,-2.346,-0.580,0.373,-1.256,3.750,-33.450,10.500,36.0
13:50:51.405,185170,0.373,-8.356,-2.488,-0.366,0.163,-1.371,-11.550,-31.350,-0.600,35.5
13:50:51.406,185225,1.135,-8.193,-2.954,-0.581,0.135,-1.648,-11.550,-31.350,-0.600,35.6
13:50:51.458,185280,4.817,-6.598,-2.607,-0.649,0.324,-1.404,-15.450,-31.650,-2.100,35.5
13:50:51.508,185335,-0.187,-5.318,-3.024,0.365,0.590,0.351,-21.750,-28.800,-2.100,35.6
13:50:51.613,185390,1.501,-7.005,-3.299,0.115,0.254,1.236,-21.750,-28.800,-2.100,35.8
13:50:51.615,185445,1.571,-7.216,-2.942,0.110,-0.119,1.182,-16.200,-30.300,-0.300,35.8
13:50:51.720,185500,0.651,-7.606,-2.988,-0.094,-0.085,1.185,-16.200,-30.300,-0.300,35.9
13:50:51.772,185555,0.742,-7.001,-3.850,-0.105,-0.123,1.236,-10.950,-32.550,-0.900,35.5
13:50:51.823,185610,1.099,-8.780,-2.507,0.133,0.012,1.138,-10.950,-32.550,-0.900,35.7
13:50:51.876,185665,-1.137,-9.345,-3.194,-0.136,0.184,0.994,-8.250,-33.000,-0.150,35.5
13:50:51.930,185720,-1.350,-9.651,-3.048,-0.057,0.274,0.768,-8.250,-33.000,-0.150,35.8
13:50:51.983,185775,-2.863,-10.642,-2.988,0.023,0.083,0.328,-8.250,-33.000,-0.150,36.0
13:50:52.088,185830,-2.691,-11.150,-2.713,0.007,0.030,0.177,-8.250,-33.000,-0.150,35.8
13:50:52.089,185885,-3.201,-10.410,-3.462,-0.274,-0.010,0.021,-8.250,-33.000,-0.150,36.0
13:50:52.138,185940,-2.274,-10.422,-3.292,-0.195,0.153,-0.223,-5.400,-32.100,-1.050,35.7
13:50:52.191,185995,-1.554,-10.446,-3.230,-0.238,-0.025,-0.391,-5.400,-32.100,-1.050,35.7
13:50:52.243,186050,-1.183,-10.748,-3.603,-0.122,-0.017,-0.250,-4.800,-33.000,-1.200,35.9
13:50:52.297,186105,-1.279,-10.851,-3.587,0.101,-0.118,-0.137,-4.800,-33.000,-1.200,36.0
13:50:52.350,186160,-2.318,-11.516,-3.462,0.144,0.039,0.061,-7.350,-34.200,-0.300,36.0
13:50:52.403,186215,-2.744,-12.419,-3.292,0.255,-0.323,0.350,-7.350,-34.200,-0.300,35.9
13:50:52.455,186270,-4.398,-12.414,-1.839,0.447,-0.675,0.659,-6.150,-33.450,1.350,35.9
13:50:52.506,186325,-4.568,-10.870,-1.573,0.403,-0.594,0.576,-6.150,-33.450,1.350,35.8
13:50:52.559,186380,-2.626,-10.156,-0.340,0.564,-0.087,0.400,-0.750,-35.700,3.600,35.7
13:50:52.611,186435,-3.115,-8.961,-1.331,0.464,-0.244,0.242,-0.300,-33.450,4.650,35.5
13:50:52.663,186490,-2.327,-9.840,-1.717,0.539,-0.288,0.149,-0.300,-33.450,4.650,35.5
13:50:52.717,186545,-3.534,-11.320,-0.967,0.445,0.004,0.509,-0.300,-33.450,4.650,35.7
13:50:52.770,186600,-3.314,-10.999,-0.960,0.382,-0.183,0.402,-0.300,-33.450,4.650,36.0
13:50:52.873,186655,-2.856,-11.308,-0.620,0.398,0.082,0.198,-0.300,-33.450,4.650,35.8
13:50:52.928,186710,-2.619,-10.266,-1.259,0.037,0.171,0.056,-0.300,-33.450,4.650,36.0
13:50:52.978,186765,-2.368,-9.062,-0.769,-0.057,0.212,-0.142,3.450,-33.150,10.950,35.8
13:50:53.032,186820,-2.670,-8.533,-0.673,-0.509,0.378,-0.170,3.450,-33.150,10.950,35.8
13:50:53.085,186875,-1.980,-8.401,-1.630,-0.918,0.313,-0.497,2.100,-32.250,10.350,36.0
13:50:53.136,186930,-2.030,-8.784,-1.262,-0.830,0.139,-0.731,1.050,-31.350,5.850,35.8
13:50:53.188,186985,-0.912,-8.449,-2.411,-0.742,0.482,-1.250,1.050,-31.350,5.850,36.0
13:50:53.241,187040,-1.013,-8.219,-3.165,-0.689,0.296,-1.421,-4.800,-32.250,1.950,35.5
13:50:53.399,187095,0.414,-8.061,-3.067,-0.759,0.328,-1.492,-4.800,-32.250,1.950,36.0
13:50:53.400,187150,0.316,-5.765,-3.950,-0.995,0.410,-1.435,-10.650,-30.750,-0.150,35.8
13:50:53.402,187205,0.800,-5.375,-2.887,-0.386,0.213,-0.519,-10.650,-30.750,-0.150,36.0
13:50:53.452,187260,0.493,-6.227,-3.603,-0.095,-0.155,0.335,-14.100,-28.650,-2.700,35.8
13:50:53.503,187315,0.694,-6.840,-4.508,-0.109,-0.071,0.661,-14.100,-28.650,-2.700,35.8
13:50:53.558,187370,-0.278,-7.666,-3.555,0.047,-0.532,1.067,-14.100,-28.650,-2.700,35.4
13:50:53.608,187425,-1.695,-8.724,-4.063,-0.097,-0.546,0.958,-14.100,-28.650,-2.700,35.8
13:50:53.661,187480,-1.171,-8.748,-3.776,-0.113,0.033,0.861,-14.100,-28.650,-2.700,35.9
13:50:53.714,187535,-2.018,-9.421,-3.778,-0.103,-0.418,0.566,-4.650,-31.350,-3.600,35.5
13:50:53.768,187590,-1.772,-8.976,-3.871,-0.234,0.081,0.598,-4.650,-31.350,-3.600,35.9
13:50:53.820,187645,-2.887,-9.254,-4.199,-0.224,0.068,0.366,-3.000,-29.850,-2.550,35.9
13:50:53.873,187700,-1.935,-9.943,-3.225,0.102,-0.143,0.285,-3.000,-29.850,-2.550,35.8
13:50:53.925,187755,-3.326,-9.455,-3.405,0.025,-0.272,0.109,-0.900,-31.200,-4.500,35.9
13:50:54.028,187810,-3.129,-9.979,-3.431,0.047,0.018,0.077,-0.900,-31.200,-4.500,36.0
13:50:54.083,187865,-3.235,-9.847,-3.637,0.020,-0.129,0.119,-0.150,-31.800,-2.250,35.9
13:50:54.135,187920,-3.364,-9.115,-3.922,0.046,0.154,-0.050,-0.150,-31.800,-2.250,35.8
13:50:54.186,187975,-1.676,-8.478,-3.414,0.124,0.402,-0.063,-1.800,-34.200,-2.850,35.8
13:50:54.238,188030,-3.225,-7.898,-3.220,-0.054,0.322,0.061,-2.700,-33.900,-1.350,35.5
13:50:54.343,188085,-2.255,-8.815,-3.962,-0.291,0.250,0.226,-2.700,-33.900,-1.350,35.8
13:50:54.345,188140,-2.523,-9.594,-3.706,-0.010,0.070,0.161,-2.700,-33.900,-1.350,35.8
13:50:54.398,188195,-2.816,-10.125,-3.953,0.174,-0.119,0.177,-2.700,-33.900,-1.350,35.5
13:50:54.450,188250,-4.099,-11.823,-3.534,0.436,-0.286,0.037,-0.450,-37.350,-0.900,35.8
13:50:54.503,188305,-4.779,-12.560,-2.976,0.528,-0.806,0.163,-0.450,-37.350,-0.900,35.4
13:50:54.553,188360,-6.378,-13.858,-1.686,0.637,-0.763,0.212,0.900,-36.600,1.200,35.8
13:50:54.607,188415,-5.490,-13.573,-2.071,0.490,-0.866,0.213,0.900,-36.600,1.200,35.7
13:50:54.658,188470,-3.689,-12.388,-1.614,0.468,-0.388,-0.064,2.250,-37.500,6.450,36.0
13:50:54.711,188525,-3.311,-9.656,-2.119,0.233,-0.274,-0.396,2.250,-37.500,6.450,35.9
13:50:54.765,188580,-2.579,-8.945,-1.183,0.139,-0.056,-0.629,0.900,-37.650,8.850,35.7
13:50:54.818,188635,-1.745,-8.928,-1.501,-0.257,0.132,-0.701,0.150,-36.600,7.350,35.9
13:50:54.868,188690,-1.389,-9.074,-1.355,-0.304,0.072,-0.765,0.150,-36.600,7.350,35.5
13:50:54.923,188745,-1.827,-8.246,-1.733,-0.396,0.301,-0.895,-3.000,-36.750,6.450,35.3
13:50:55.026,188800,-1.302,-8.399,-1.365,-0.385,0.343,-1.037,-3.000,-36.750,6.450,35.9
13:50:55.028,188855,-0.213,-7.518,-2.195,-0.750,0.173,-1.011,-3.000,-36.750,6.450,35.9
13:50:55.080,188910,0.716,-5.725,-1.425,-0.434,0.032,-0.674,-3.000,-36.750,6.450,35.9
13:50:55.183,188965,-0.177,-5.013,-1.494,0.301,0.073,0.503,-3.000,-36.750,6.450,35.8
13:50:55.237,189020,0.414,-4.858,-2.425,0.730,-0.395,1.453,-3.000,-36.750,6.450,35.9
13:50:55.288,189075,-2.689,-8.104,-0.424,0.838,-0.845,1.683,-7.950,-34.050,1.950,36.0
13:50:55.342,189130,-1.738,-7.487,-0.747,0.824,-0.106,1.651,-1.050,-36.750,6.450,35.5
13:50:55.395,189185,-3.785,-8.435,-0.436,0.562,0.066,1.564,-1.050,-36.750,6.450,35.6
13:50:55.446,189240,-4.051,-9.833,0.199,0.386,0.241,1.157,6.600,-35.250,9.000,35.8
13:50:55.498,189295,-6.855,-9.680,0.129,0.268,0.169,0.843,6.600,-35.250,9.000,35.9
13:50:55.551,189350,-5.349,-9.510,-0.773,-0.116,0.142,0.366,10.650,-33.600,11.850,35.8
13:50:55.604,189405,-5.157,-9.218,-1.264,-0.197,0.149,0.155,10.650,-33.600,11.850,35.8
13:50:55.658,189460,-4.168,-9.598,-0.965,-0.199,-0.192,0.026,9.900,-33.000,10.650,36.0
13:50:55.708,189515,-5.528,-10.139,-1.470,-0.219,-0.097,-0.273,9.900,-33.000,10.650,35.5
13:50:55.761,189570,-4.348,-9.665,-0.421,-0.156,-0.253,-0.532,10.650,-34.350,12.150,35.8
13:50:55.813,189625,-4.424,-9.079,-0.462,-0.188,-0.085,-0.598,10.650,-34.350,12.150,36.0
13:50:55.866,189680,-3.412,-8.533,-0.476,-0.126,-0.424,-0.672,10.650,-34.350,12.150,35.8
13:50:55.920,189735,-4.068,-9.783,-0.124,-0.226,-0.656,-0.860,10.650,-34.350,12.150,35.5
13:50:56.024,189790,-3.735,-11.025,-0.192,-0.328,-0.780,-0.636,10.650,-34.350,12.150,35.9
13:50:56.026,189845,-4.518,-12.096,-0.050,-0.421,-0.526,-0.336,2.700,-36.450,11.700,36.0
13:50:56.077,189900,-5.519,-13.384,-0.034,-0.397,-0.628,0.063,2.700,-36.450,11.700,35.5
13:50:56.130,189955,-6.936,-13.798,0.208,-0.288,-0.878,0.386,2.850,-37.950,10.650,36.0
13:50:56.181,190010,-5.557,-12.742,0.201,-0.451,-0.816,0.292,2.850,-37.950,10.650,36.0
13:50:56.234,190065,-4.990,-11.684,-0.153,-0.699,-0.778,0.189,3.600,-34.800,8.100,35.8
13:50:56.338,190120,-3.891,-10.326,-0.510,-0.870,-0.447,-0.100,3.600,-34.800,8.100,35.8
13:50:56.392,190175,-2.998,-8.770,-1.609,-1.047,-0.502,-0.409,5.550,-31.800,8.850,35.9
13:50:56.445,190230,-2.399,-7.982,-2.205,-1.115,0.066,-0.542,7.500,-32.550,2.250,35.9
13:50:56.496,190285,-1.420,-7.501,-3.089,-0.947,0.206,-0.700,7.500,-32.550,2.250,35.8
13:50:56.548,190340,-1.580,-7.855,-3.292,-0.433,0.264,-0.824,3.000,-29.100,-1.350,35.8
13:50:56.601,190395,-1.652,-7.954,-3.182,-0.190,0.371,-0.972,3.000,-29.100,-1.350,35.8
13:50:56.655,190450,-2.737,-7.228,-4.152,-0.269,0.246,-0.962,3.000,-29.100,-1.350,35.9
13:50:56.705,190505,-1.061,-8.449,-2.389,0.002,0.881,-1.306,3.000,-29.100,-1.350,35.8
13:50:56.758,190560,-0.740,-5.215,-4.925,-0.778,0.814,-1.481,3.000,-29.100,-1.350,35.8
13:50:56.812,190615,-0.323,-4.063,-1.800,0.677,1.342,-0.123,3.000,-29.100,-1.350,35.9
13:50:56.863,190670,0.826,-5.279,-4.240,0.533,0.276,1.286,-12.450,-30.900,-4.650,35.8
13:50:56.916,190725,-0.402,-6.785,-4.017,0.627,0.515,1.418,-8.850,-32.100,-2.100,35.7
13:50:57.020,190780,-0.390,-7.858,-3.962,0.462,0.100,1.407,-8.850,-32.100,-2.100,35.8
13:50:57.022,190835,-0.711,-8.155,-3.203,0.959,0.024,1.557,-2.700,-34.650,1.350,35.9
13:50:57.075,190890,-0.725,-7.695,-1.437,0.844,0.418,1.515,-2.700,-34.650,1.350,36.0
13:50:57.127,190945,-2.806,-7.654,-1.602,0.870,0.578,1.580,4.050,-35.100,5.250,35.5
13:50:57.178,191000,-3.610,-8.952,-0.146,0.773,0.751,1.286,4.050,-35.100,5.250,35.9
13:50:57.233,191055,-3.965,-9.428,-0.524,0.452,0.677,1.108,7.050,-35.850,6.750,35.8
13:50:57.285,191110,-6.503,-9.720,-0.493,0.484,0.484,1.027,7.050,-35.850,6.750,35.8
13:50:57.338,191165,-5.121,-9.548,0.769,0.665,0.450,0.462,12.600,-35.550,8.550,36.0
13:50:57.390,191220,-7.147,-8.724,0.010,0.640,0.261,0.484,12.600,-35.550,8.550,36.0
13:50:57.495,191275,-7.489,-8.993,0.407,0.582,0.157,0.145,13.950,-34.650,13.500,35.9
13:50:57.548,191330,-7.563,-9.340,0.979,0.759,-0.111,-0.140,13.950,-34.650,13.500,35.6
13:50:57.598,191385,-6.728,-8.090,0.728,0.753,0.035,-0.789,13.950,-34.650,13.500,36.0
13:50:57.653,191440,-5.262,-8.622,0.247,0.337,-0.083,-0.520,14.250,-36.450,20.400,35.8
13:50:57.703,191495,-5.578,-9.091,0.960,0.102,-0.174,-0.335,14.250,-36.450,20.400,35.8
13:50:57.756,191550,-4.719,-10.218,1.743,0.082,-0.169,-0.271,12.600,-37.950,24.300,36.0
13:50:57.808,191605,-7.178,-11.289,2.449,-0.121,-0.766,-0.170,12.600,-37.950,24.300,35.8
13:50:57.861,191661,-7.865,-13.348,4.128,-0.131,-0.431,-0.255,11.250,-40.350,24.000,36.0
13:50:57.913,191715,-6.531,-12.617,2.689,-0.351,-0.806,0.017,11.250,-40.350,24.000,36.0
13:50:57.967,191770,-6.160,-12.586,2.404,-0.258,-0.705,-0.193,9.000,-40.500,24.900,35.8
13:50:58.020,191825,-4.492,-10.312,1.721,-0.252,-0.900,-0.458,6.900,-38.550,22.950,35.9
13:50:58.073,191880,-4.015,-9.452,1.786,-0.272,-0.744,-0.830,6.900,-38.550,22.950,35.5
13:50:58.125,191935,-2.404,-9.388,2.143,-0.402,-0.586,-1.095,2.850,-39.150,22.800,35.9
13:50:58.228,191990,-1.573,-8.186,1.530,-0.486,-0.414,-1.178,2.850,-39.150,22.800,36.0
13:50:58.229,192045,-0.383,-7.875,1.791,-0.781,0.139,-1.226,-2.250,-39.300,21.150,36.0
13:50:58.281,192100,0.596,-6.979,1.132,-0.703,-0.207,-1.038,-2.250,-39.300,21.150,35.8
13:50:58.335,192155,-1.674,-8.545,1.041,-0.949,0.397,-1.124,-2.250,-39.300,21.150,36.1
13:50:58.386,192210,0.651,-6.505,-0.950,-1.621,0.290,-1.414,-2.250,-39.300,21.150,36.0
13:50:58.439,192265,1.896,-7.424,0.606,-1.214,0.046,-1.217,-2.250,-39.300,21.150,35.5
13:50:58.493,192320,1.336,-6.558,-0.500,-0.295,0.168,0.417,-2.250,-39.300,21.150,36.0
13:50:58.545,192375,1.276,-5.928,-3.017,-0.015,-0.350,1.224,-18.000,-37.650,6.300,35.8
13:50:58.648,192430,-0.062,-7.250,-1.700,0.160,-0.234,1.270,-9.900,-38.400,7.050,36.0
13:50:58.702,192485,-1.336,-9.577,-0.472,0.145,0.326,1.219,-9.900,-38.400,7.050,35.8
13:50:58.753,192540,-2.576,-7.915,-2.588,-0.052,0.410,0.982,-7.500,-39.450,8.850,35.9
13:50:58.806,192595,-2.646,-9.088,-1.781,0.061,0.569,0.887,-7.500,-39.450,8.850,36.0
13:50:58.912,192650,-1.968,-9.804,-1.511,-0.013,0.161,0.868,-0.900,-40.200,6.300,35.9
13:50:58.913,192705,-2.231,-11.078,-1.188,0.396,0.154,0.345,-0.900,-40.200,6.300,35.9
13:50:58.965,192760,-4.633,-10.412,-2.006,0.356,0.032,0.182,0.000,-41.850,9.750,36.1
13:50:59.018,192815,-2.229,-10.965,-1.580,0.291,0.238,0.103,0.000,-41.850,9.750,36.0
13:50:59.068,192870,-3.560,-10.546,-0.721,0.383,-0.092,0.116,1.500,-40.350,11.700,36.0
13:50:59.122,192925,-3.424,-10.149,-0.697,0.570,0.013,0.108,1.500,-40.350,11.700,35.8
13:50:59.173,192980,-3.306,-10.472,-0.215,0.578,-0.145,0.089,1.500,-40.350,11.700,35.9
13:50:59.227,193035,-3.237,-10.803,0.759,0.723,-0.289,0.126,1.500,-40.350,11.700,35.5
13:50:59.280,193090,-2.995,-10.008,1.061,0.849,-0.234,0.162,1.500,-40.350,11.700,35.9
13:50:59.331,193145,-2.816,-10.180,1.733,0.952,-0.347,0.274,1.500,-43.950,23.700,36.0
13:50:59.384,193200,-4.482,-10.233,3.213,0.810,0.098,0.437,1.500,-43.950,23.700,35.8
13:50:59.438,193255,-6.182,-10.556,3.711,0.076,0.102,0.562,4.950,-41.850,30.300,35.9
13:50:59.490,193310,-7.161,-11.179,3.551,-0.287,0.005,0.259,4.950,-41.850,30.300,36.2
13:50:59.543,193365,-6.428,-12.402,2.746,-0.358,-0.116,0.033,5.250,-42.000,28.650,36.0
13:50:59.593,193420,-5.681,-10.951,2.279,-0.342,-0.323,0.001,5.250,-42.000,28.650,36.0
13:50:59.646,193475,-5.083,-9.773,1.738,-0.665,-0.458,-0.201,6.750,-42.000,27.150,35.9
13:50:59.700,193530,-4.563,-10.312,2.267,-0.989,-0.628,-0.323,6.150,-41.100,23.400,36.0
13:50:59.803,193585,-3.960,-9.785,1.214,-0.895,-0.873,-0.744,6.150,-41.100,23.400,36.0
13:50:59.856,193640,-2.854,-9.179,1.001,-0.920,-0.726,-1.174,2.100,-42.000,20.250,36.0
13:50:59.910,193695,-1.784,-7.274,-0.450,-1.042,-0.461,-1.271,2.100,-42.000,20.250,35.9
13:50:59.963,193750,-1.451,-8.162,-0.364,-0.866,0.142,-1.400,-1.800,-40.650,15.300,35.9
13:51:00.015,193805,1.111,-6.242,-1.369,-0.859,0.117,-1.564,-1.800,-40.650,15.300,35.9
13:51:00.066,193860,-0.491,-7.226,-1.741,-0.729,-0.136,-1.580,-1.800,-40.650,15.300,35.8
13:51:00.119,193915,2.528,-7.889,-0.680,-0.751,-0.279,-1.685,-1.800,-40.650,15.300,36.0
13:51:00.172,193970,4.994,-6.555,-0.441,-0.434,0.798,-0.832,-1.800,-40.650,15.300,36.0
13:51:00.275,194025,1.207,-5.586,-1.647,0.152,0.034,0.601,-22.500,-38.250,5.400,35.8
13:51:00.276,194080,1.231,-6.287,-1.839,0.296,-0.067,1.253,-22.500,-38.250,5.400,35.8
13:51:00.383,194135,-0.369,-7.506,-1.374,0.321,-0.227,1.265,-16.650,-40.050,5.400,35.8
13:51:00.384,194190,-0.077,-9.064,-1.015,0.468,0.083,1.001,-16.650,-40.050,5.400,36.1
13:51:00.435,194245,0.141,-9.926,-1.051,0.628,0.066,0.616,-9.300,-42.150,6.900,35.8
13:51:00.487,194300,-1.085,-11.056,-0.163,0.765,-0.246,0.658,-9.300,-42.150,6.900,36.0
13:51:00.540,194355,0.292,-10.712,-0.883,0.612,0.302,0.444,-8.700,-44.100,14.400,35.9
13:51:00.593,194410,-1.051,-10.525,-0.038,0.585,0.079,0.594,-8.700,-44.100,14.400,35.8
13:51:00.643,194465,-0.409,-10.633,0.802,0.659,0.312,0.539,-4.950,-43.650,15.600,36.1
13:51:00.697,194520,-1.841,-10.628,1.561,0.618,-0.011,0.630,-4.950,-43.650,15.600,36.0
13:51:00.748,194575,-1.808,-10.192,1.379,0.417,0.150,0.765,-3.000,-44.250,21.150,36.4
13:51:00.800,194630,-3.172,-10.417,1.750,0.448,-0.124,0.736,-3.000,-44.250,21.150,35.8
13:51:00.853,194685,-3.405,-9.828,1.441,0.271,0.184,0.733,-3.000,-44.250,21.150,36.0
13:51:00.960,194740,-3.826,-9.728,1.863,0.282,0.190,0.689,-3.000,-44.250,21.150,36.0
13:51:01.065,194795,-3.804,-9.105,2.203,0.351,0.415,0.529,-3.000,-44.250,21.150,36.0
13:51:01.067,194850,-4.456,-9.618,2.612,0.375,0.467,0.370,4.950,-41.850,27.750,35.9
13:51:01.118,194905,-7.597,-10.558,3.010,0.241,0.407,0.439,4.950,-41.850,27.750,36.1
13:51:01.170,194960,-8.650,-10.925,2.502,-0.384,0.346,0.293,8.850,-42.900,30.300,36.0
13:51:01.223,195015,-8.444,-11.875,2.547,-0.649,0.290,0.070,8.850,-42.900,30.300,36.0
13:51:01.273,195070,-6.352,-11.727,1.858,-0.595,0.095,-0.114,10.050,-39.600,25.950,36.0
13:51:01.327,195125,-5.631,-10.252,1.161,-0.408,0.390,-0.282,11.550,-40.350,22.650,36.0
13:51:01.380,195180,-4.748,-10.101,1.484,-0.535,-0.471,-0.587,11.550,-40.350,22.650,35.9
13:51:01.433,195235,-3.452,-9.833,1.204,-0.543,0.365,-0.665,8.700,-40.200,18.450,36.0
13:51:01.485,195290,-2.557,-9.692,1.405,-0.551,-0.772,-1.083,8.700,-40.200,18.450,35.9
13:51:01.538,195345,-2.014,-8.629,0.895,-0.691,-0.207,-1.168,3.600,-40.950,14.700,36.0
13:51:01.590,195400,-1.032,-7.570,-0.206,-1.075,0.220,-1.409,3.600,-40.950,14.700,36.0
13:51:01.641,195455,-1.800,-8.545,0.761,-0.800,0.684,-1.548,-2.250,-40.650,10.500,36.1
13:51:01.695,195510,1.879,-6.974,-0.330,-0.966,-0.074,-1.605,-2.250,-40.650,10.500,36.0
13:51:01.746,195565,1.063,-6.182,-1.937,-0.878,-0.210,-1.650,-2.250,-40.650,10.500,35.9
13:51:01.799,195620,1.693,-7.494,-0.338,-0.075,0.501,-0.377,-2.250,-40.650,10.500,36.0
13:51:01.851,195675,-0.587,-5.804,-2.128,0.046,0.266,1.123,-2.250,-40.650,10.500,36.0
13:51:01.903,195730,0.340,-5.425,-2.600,0.112,-0.520,1.579,-11.850,-38.400,3.000,36.1
13:51:01.958,195785,-3.074,-6.409,-2.634,-0.021,-1.160,1.551,-11.850,-38.400,3.000,35.5
13:51:02.010,195840,-2.440,-7.855,-1.853,-0.392,-0.503,1.502,-3.750,-39.300,2.100,35.9
13:51:02.115,195895,-4.499,-9.079,-1.980,-0.288,-0.300,0.838,-3.750,-39.300,2.100,36.0
13:51:02.167,195950,-2.454,-10.417,-2.224,0.174,-0.356,0.508,0.750,-38.550,2.850,36.0
13:51:02.220,196005,-3.814,-9.814,-3.053,0.282,-0.270,0.434,0.750,-38.550,2.850,36.0
13:51:02.271,196060,-2.902,-10.396,-2.526,0.495,0.284,-0.053,3.750,-38.850,4.350,36.3
13:51:02.325,196115,-2.533,-9.996,-2.373,0.544,0.186,0.320,3.750,-38.850,4.350,36.0
13:51:02.378,196170,-3.242,-10.532,-1.425,0.585,0.336,0.371,4.200,-41.100,7.200,36.0
13:51:02.430,196225,-3.946,-9.900,-1.128,0.509,0.044,0.456,5.550,-40.500,10.050,36.0
13:51:02.483,196280,-3.974,-9.649,-0.874,0.360,0.066,0.527,5.550,-40.500,10.050,35.8
13:51:02.535,196335,-4.017,-9.505,-0.330,0.233,0.169,0.384,7.500,-39.750,13.650,35.8
13:51:02.588,196390,-4.685,-9.357,-0.141,0.228,0.157,0.413,7.500,-39.750,13.650,35.9
13:51:02.638,196445,-4.776,-9.373,-0.067,0.290,0.174,0.242,7.500,-39.750,13.650,36.0
13:51:02.692,196500,-4.939,-9.093,0.038,0.323,-0.033,0.168,7.500,-39.750,13.650,35.9
13:51:02.745,196555,-5.179,-9.036,0.045,0.381,0.148,0.120,9.900,-41.550,15.150,35.9
13:51:02.850,196610,-6.527,-10.235,0.594,0.268,0.203,0.177,9.900,-41.550,15.150,35.9
13:51:02.852,196665,-8.930,-12.412,1.037,-0.019,0.039,0.237,10.500,-40.650,18.900,36.0
13:51:02.901,196720,-8.629,-11.741,0.462,-0.287,-0.198,0.084,10.950,-42.000,17.250,36.1
13:51:02.953,196775,-7.645,-11.394,-0.079,-0.454,-0.191,-0.003,10.950,-42.000,17.250,36.0
13:51:03.007,196830,-6.692,-10.726,0.208,-0.362,0.054,-0.363,11.250,-39.300,16.350,36.0
13:51:03.060,196885,-4.920,-9.601,0.455,-0.403,-0.184,-0.738,11.250,-39.300,16.350,36.0
13:51:03.113,196940,-4.846,-8.717,0.007,-0.356,-0.157,-0.932,9.600,-38.850,15.600,36.2
13:51:03.165,196995,-2.844,-8.167,-0.539,-0.491,-0.369,-1.191,9.600,-38.850,15.600,35.8
13:51:03.268,197050,-2.583,-8.119,-0.146,-0.464,0.907,-1.330,3.450,-41.400,12.750,35.9
13:51:03.321,197105,-2.356,-7.547,-1.267,-0.497,0.397,-1.518,3.450,-41.400,12.750,36.0
13:51:03.375,197160,-0.838,-7.262,-1.286,-0.474,0.365,-1.753,-4.200,-39.600,8.400,36.1
13:51:03.426,197215,-1.271,-8.001,-0.443,-0.286,0.161,-1.885,-4.200,-39.600,8.400,36.0
13:51:03.478,197270,2.385,-6.644,-2.124,-0.609,0.240,-1.956,-4.200,-39.600,8.400,36.1
13:51:03.531,197325,1.980,-6.673,-0.421,0.148,0.881,-0.966,-4.200,-39.600,8.400,36.0
13:51:03.584,197380,0.041,-5.334,-2.033,0.225,0.052,0.843,-4.200,-39.600,8.400,35.8
13:51:03.638,197435,2.945,-5.341,-1.623,0.414,0.532,1.366,-17.850,-38.250,7.950,36.0
13:51:03.688,197490,-0.204,-6.053,-2.322,0.352,-0.621,1.585,-17.850,-38.250,7.950,36.0
13:51:03.743,197545,-0.488,-10.580,-0.491,0.290,-0.452,1.322,-9.900,-38.400,8.100,36.2
13:51:03.793,197600,-1.999,-10.575,-0.785,0.130,-0.813,1.164,-9.900,-38.400,8.100,36.0
13:51:03.847,197655,-2.219,-9.776,-1.188,0.252,-0.252,0.877,-5.250,-42.300,9.300,36.0
13:51:03.900,197710,-0.958,-9.962,-0.828,0.418,-0.335,0.819,-5.250,-42.300,9.300,36.2
13:51:03.951,197765,-2.344,-10.396,0.213,0.441,-0.191,0.673,-0.900,-42.300,13.950,35.9
13:51:04.057,197820,-3.603,-10.640,-0.467,0.074,-0.030,0.558,1.650,-41.550,16.950,36.1
13:51:04.059,197875,-3.373,-11.080,-0.721,-0.072,0.170,0.520,1.650,-41.550,16.950,36.0
13:51:04.110,197930,-4.022,-10.961,-0.172,0.074,0.126,0.532,4.050,-42.300,17.250,36.0
13:51:04.163,197985,-3.773,-10.314,-0.153,0.399,-0.003,0.475,4.050,-42.300,17.250,36.0
13:51:04.213,198040,-4.824,-9.665,0.148,0.577,-0.164,0.424,7.350,-41.400,19.650,36.0
13:51:04.266,198095,-5.205,-10.084,0.579,0.695,0.073,0.510,7.350,-41.400,19.650,36.2
13:51:04.318,198150,-7.927,-10.281,1.597,0.420,0.214,0.549,7.350,-41.400,19.650,36.1
13:51:04.425,198205,-8.557,-10.944,1.709,-0.275,-0.024,0.288,7.350,-41.400,19.650,36.0
13:51:04.478,198260,-8.353,-12.313,2.069,-0.265,-0.045,0.038,7.350,-41.400,19.650,36.0
13:51:04.530,198315,-6.955,-11.787,0.792,-0.153,-0.030,0.088,7.350,-41.400,19.650,36.1
13:51:04.583,198370,-6.144,-10.700,0.711,-0.133,-0.079,-0.038,12.150,-40.200,22.050,36.3
13:51:04.635,198425,-6.737,-10.482,2.126,-0.032,-0.174,-0.466,11.850,-38.700,21.750,35.6
13:51:04.686,198480,-3.754,-9.060,1.336,-0.317,-0.130,-0.771,11.850,-38.700,21.750,36.0
13:51:04.738,198535,-5.045,-8.514,1.556,-0.333,-0.044,-1.033,7.950,-39.750,18.750,35.8
13:51:04.791,198590,-3.476,-7.001,0.129,-0.616,0.066,-1.322,7.950,-39.750,18.750,35.9
13:51:04.844,198645,-2.176,-7.015,-0.347,-0.904,0.764,-1.556,0.900,-38.700,16.500,36.2
13:51:04.898,198700,-1.942,-7.295,-0.486,-1.041,1.010,-1.644,0.900,-38.700,16.500,36.0
13:51:04.948,198755,-1.094,-7.705,-0.127,-0.986,-0.406,-2.125,-5.400,-37.800,9.450,36.0
13:51:05.001,198810,0.338,-5.693,-1.693,-1.271,-0.001,-2.175,-5.400,-37.800,9.450,36.0
13:51:05.053,198865,0.869,-5.143,-1.255,-0.741,-0.539,-0.712,-15.300,-37.350,5.550,36.3
13:51:05.108,198920,1.207,-5.169,-2.385,-0.695,-0.600,0.969,-15.300,-37.350,5.550,35.8
13:51:05.160,198975,0.563,-6.194,-2.433,-0.555,-1.243,1.599,-15.300,-37.350,5.550,36.0
13:51:05.211,199030,-0.448,-6.158,-4.815,-0.323,-1.302,1.395,-15.300,-37.350,5.550,36.0
13:51:05.315,199085,-2.598,-9.404,-2.895,0.233,-0.168,1.094,-15.300,-37.350,5.550,36.1
13:51:05.317,199140,-3.244,-9.093,-3.201,0.265,-0.583,0.918,-0.750,-37.050,-1.050,36.1
13:51:05.370,199195,-2.325,-8.784,-3.627,0.697,-0.084,0.618,-0.750,-37.050,-1.050,36.0
13:51:05.423,199250,-2.749,-9.488,-3.328,0.855,-0.072,0.557,2.250,-38.550,0.600,36.0
13:51:05.475,199305,-3.419,-10.527,-1.963,0.907,0.427,0.436,2.250,-38.550,0.600,35.7
13:51:05.580,199360,-4.197,-11.090,-1.674,0.576,-0.094,0.415,4.200,-41.400,5.850,36.0
13:51:05.631,199415,-5.332,-10.884,-0.850,0.472,0.228,0.440,4.200,-41.400,5.850,36.0
13:51:05.684,199470,-4.709,-10.233,-0.362,0.254,0.226,0.076,7.050,-41.250,10.650,36.0
13:51:05.736,199525,-4.159,-10.185,-0.673,0.138,-0.046,0.088,7.950,-42.000,12.150,36.2
13:51:05.788,199580,-3.689,-10.242,-0.160,0.221,0.054,0.133,7.950,-42.000,12.150,36.0
13:51:05.841,199635,-3.802,-10.156,-0.156,0.195,0.046,0.241,9.900,-43.050,12.900,36.0
13:51:05.895,199690,-7.697,-11.686,0.117,0.100,0.310,0.413,9.900,-43.050,12.900,36.3
13:51:05.948,199745,-11.121,-11.827,-0.575,-0.293,-0.323,0.150,11.400,-42.750,15.450,35.9
13:51:05.998,199800,-8.380,-11.930,-0.867,-0.455,-0.586,-0.280,11.400,-42.750,15.450,36.0
13:51:06.051,199855,-6.055,-11.428,-0.692,-0.313,-0.351,-0.613,11.400,-42.750,15.450,36.0
13:51:06.105,199910,-4.460,-9.708,-1.669,-0.330,-0.408,-0.803,11.400,-42.750,15.450,36.1
13:51:06.158,199965,-3.814,-9.141,-0.998,-0.623,0.150,-1.059,11.400,-42.750,15.450,36.0
13:51:06.210,200020,-3.069,-9.550,-0.330,-0.792,-0.112,-1.319,0.450,-39.750,8.550,36.0
13:51:06.263,200075,-1.645,-9.335,-0.785,-0.974,-0.064,-1.455,0.450,-39.750,8.550,36.1
13:51:06.313,200130,0.000,-7.922,-1.360,-0.868,0.266,-1.702,-4.800,-38.700,3.450,35.6
13:51:06.367,200185,0.235,-6.910,-2.399,-0.737,0.375,-1.969,-4.800,-38.700,3.450,36.0
13:51:06.420,200240,0.230,-5.667,-2.751,-0.769,-0.224,-2.155,-12.900,-36.900,1.500,36.0
13:51:06.473,200295,3.112,-5.128,-2.342,-0.914,-0.549,-2.277,-12.900,-36.900,1.500,36.2
13:51:06.525,200350,3.630,-5.851,-1.915,0.024,0.595,-1.022,-24.300,-33.000,-4.500,35.9
13:51:06.577,200405,2.389,-4.384,-4.125,0.487,0.229,1.278,-24.300,-33.000,-4.500,36.1
13:51:06.630,200460,2.811,-5.619,-4.463,0.442,-0.513,2.211,-24.300,-33.300,-1.200,36.1
13:51:06.785,200515,-0.247,-10.001,-2.629,0.789,-0.749,1.698,-24.300,-33.300,-1.200,36.0
13:51:06.787,200570,-1.269,-11.636,-1.458,1.174,-0.443,1.053,-13.500,-37.800,0.000,36.1
13:51:06.838,200625,-0.412,-10.065,-2.205,1.089,-0.241,0.611,-7.950,-40.950,6.000,36.0
13:51:06.893,200680,-2.167,-10.554,-1.970,0.838,0.010,0.708,-7.950,-40.950,6.000,36.2
13:51:06.945,200735,-1.300,-10.762,-1.528,0.649,-0.204,0.896,-7.950,-40.950,6.000,36.0
13:51:06.998,200790,-1.839,-10.520,-0.268,0.240,0.035,0.944,-7.950,-40.950,6.000,36.1
13:51:07.048,200845,-1.978,-9.969,0.120,0.027,-0.234,0.746,-7.950,-40.950,6.000,36.0
13:51:07.101,200900,-2.157,-9.953,0.481,0.031,-0.164,0.697,-7.950,-40.950,6.000,36.0
13:51:07.155,200955,-2.765,-9.622,0.881,0.301,-0.469,0.512,-0.300,-41.100,13.500,35.9
13:51:07.208,201010,-3.364,-9.914,1.204,0.540,-0.604,0.406,-0.300,-41.100,13.500,36.1
13:51:07.259,201065,-3.086,-9.601,1.058,0.402,-0.691,0.291,4.200,-39.600,14.550,36.3
13:51:07.311,201120,-3.431,-9.555,1.963,0.310,-0.662,0.113,4.800,-40.950,19.500,36.1
13:51:07.364,201175,-2.648,-9.673,1.487,0.054,-0.337,0.275,4.800,-40.950,19.500,36.0
13:51:07.418,201230,-3.984,-9.680,1.391,-0.041,-0.176,0.398,5.700,-38.850,18.900,36.3
13:51:07.470,201285,-4.381,-8.938,0.567,-0.187,0.042,0.276,5.700,-38.850,18.900,35.8
13:51:07.521,201340,-4.539,-9.359,0.637,-0.095,0.153,-0.048,8.100,-40.050,19.650,35.6
13:51:07.576,201395,-5.605,-10.467,1.743,-0.099,0.696,-0.273,8.100,-40.050,19.650,36.0
13:51:07.628,201450,-9.529,-11.198,1.623,0.012,0.010,0.054,3.300,-39.150,18.750,36.1
13:51:07.680,201505,-9.084,-12.596,1.958,-0.960,0.492,0.247,3.300,-39.150,18.750,36.0
13:51:07.731,201560,-6.816,-12.218,0.522,-1.494,0.324,0.278,6.000,-38.700,15.150,36.1
13:51:07.835,201615,-4.934,-11.047,-0.481,-1.418,0.201,-0.200,6.000,-38.700,15.150,36.3
13:51:07.890,201670,-3.893,-10.439,-1.307,-1.060,-0.049,-0.748,6.000,-38.700,15.150,36.1
13:51:07.943,201725,-2.756,-9.340,-1.681,-0.650,0.044,-1.189,6.000,-38.700,15.150,35.8
13:51:07.996,201780,-2.229,-8.241,-2.064,-0.694,0.196,-1.533,6.000,-38.700,15.150,36.0
13:51:08.046,201835,-0.232,-7.027,-2.377,-0.761,0.323,-1.591,0.300,-33.450,-1.350,36.0
13:51:08.098,201890,-0.127,-5.988,-3.819,-0.865,0.087,-1.542,0.300,-33.450,-1.350,36.2
13:51:08.151,201945,1.144,-6.057,-3.127,-0.804,-0.135,-1.796,-8.550,-32.400,-1.350,36.0
13:51:08.203,202000,4.298,-5.047,-1.954,-0.503,0.900,-1.526,-8.550,-32.400,-1.350,36.3
13:51:08.258,202055,0.663,-3.711,-3.280,-0.157,-0.193,-0.157,-13.350,-29.400,-6.000,36.0
13:51:08.310,202110,1.719,-4.939,-3.917,-0.018,-0.099,1.363,-13.350,-29.400,-6.000,36.0
13:51:08.362,202165,0.773,-6.270,-3.689,-0.068,-0.191,1.678,-12.600,-29.700,-5.550,36.1
13:51:08.416,202220,-0.158,-6.450,-5.001,0.171,-0.172,1.567,-5.700,-32.100,-6.900,35.7
13:51:08.468,202275,-1.087,-9.426,-3.637,0.802,-0.246,1.197,-5.700,-32.100,-6.900,36.0
13:51:08.520,202330,-2.306,-8.792,-3.622,0.763,-0.073,0.911,-0.750,-32.100,-3.900,36.0
13:51:08.573,202385,-2.863,-9.251,-3.163,0.777,0.070,0.619,-0.750,-32.100,-3.900,36.2
13:51:08.623,202440,-3.223,-10.436,-2.950,0.434,0.128,0.619,2.700,-36.000,-0.300,36.0
13:51:08.676,202495,-3.797,-10.285,-2.897,0.167,0.057,0.481,2.700,-36.000,-0.300,36.0
13:51:08.728,202550,-2.729,-10.175,-2.093,0.282,0.375,0.160,2.700,-36.000,-0.300,36.3
13:51:08.783,202605,-2.942,-9.780,-1.403,0.369,0.415,-0.017,2.700,-36.000,-0.300,36.0
13:51:08.833,202661,-3.134,-9.505,-1.721,0.405,0.374,-0.169,2.700,-36.000,-0.300,36.0
13:51:08.886,202715,-2.993,-10.025,-1.872,0.180,-0.023,-0.057,1.650,-36.600,6.300,36.1
13:51:08.938,202770,-3.666,-10.317,-2.035,0.001,0.095,-0.155,1.650,-36.600,6.300,36.0
13:51:09.043,202825,-4.532,-10.563,-2.042,-0.051,0.143,-0.156,1.350,-38.400,7.050,36.0
13:51:09.096,202880,-4.793,-11.416,-2.466,-0.195,0.060,0.037,1.350,-38.400,7.050,35.8
13:51:09.148,202935,-6.749,-13.475,-1.753,-0.158,-0.293,0.572,1.500,-40.050,6.450,36.3
13:51:09.201,202990,-7.348,-13.326,-2.181,-0.242,-1.031,0.837,1.500,-40.050,6.450,36.0
13:51:09.253,203045,-6.258,-12.361,-1.923,-0.309,-0.867,0.633,4.350,-36.900,5.550,36.2
13:51:09.308,203100,-5.174,-11.205,-1.549,-0.366,-0.461,0.320,4.350,-36.900,5.550,36.1
13:51:09.358,203155,-3.977,-10.283,-0.881,-0.218,-0.705,-0.171,8.100,-34.650,5.850,36.2
13:51:09.412,203210,-3.120,-9.828,-1.298,-0.306,-0.571,-0.555,8.100,-34.650,5.850,36.1
13:51:09.466,203265,-1.822,-7.805,-1.494,-0.408,-0.333,-1.049,9.450,-33.000,4.500,35.9
13:51:09.518,203320,-2.418,-7.324,-2.342,-0.729,0.502,-1.093,4.350,-32.550,3.000,35.9
13:51:09.570,203375,-0.215,-7.240,-1.796,-0.411,0.784,-1.393,4.350,-32.550,3.000,35.9
13:51:09.623,203430,-0.117,-7.063,-2.169,-0.465,0.480,-1.398,-2.250,-32.100,1.350,36.1
13:51:09.676,203485,-0.982,-7.776,-2.215,-0.481,0.489,-1.777,-2.250,-32.100,1.350,36.1
13:51:09.726,203540,0.694,-6.093,-3.366,-1.013,0.385,-2.040,-2.250,-32.100,1.350,36.1
13:51:09.779,203595,-1.197,-4.748,-1.942,-0.074,0.977,-0.829,-2.250,-32.100,1.350,36.1
13:51:09.833,203650,1.920,-3.804,-3.187,0.169,0.010,1.203,-2.250,-32.100,1.350,36.0
13:51:09.883,203705,1.465,-6.323,-2.926,0.293,0.101,1.739,-2.250,-32.100,1.350,36.0
13:51:09.937,203760,-0.378,-7.508,-3.199,0.021,-0.280,1.587,-10.650,-31.200,-0.450,36.4
13:51:09.991,203815,-0.685,-8.521,-3.646,0.057,-0.545,1.570,-4.800,-34.050,-2.700,36.3
13:51:10.040,203870,-1.463,-9.850,-2.533,0.390,-0.053,1.152,-4.800,-34.050,-2.700,35.8
13:51:10.093,203925,-3.338,-10.197,-2.931,0.289,-0.464,0.943,0.150,-32.550,-0.450,36.1
13:51:10.201,203980,-3.864,-9.730,-2.746,0.240,0.027,0.618,0.150,-32.550,-0.450,36.2
13:51:10.253,204035,-2.761,-10.599,-2.349,0.132,-0.027,0.382,2.850,-33.000,0.900,35.9
13:51:10.303,204090,-4.424,-10.144,-2.607,-0.082,0.101,0.341,2.850,-33.000,0.900,36.0
13:51:10.356,204145,-3.639,-10.127,-2.720,-0.122,-0.022,0.149,3.750,-33.450,2.100,36.0
13:51:10.409,204200,-3.469,-9.867,-2.002,0.061,0.059,-0.118,3.750,-33.450,2.100,36.1
13:51:10.516,204255,-4.135,-9.737,-2.174,-0.176,-0.289,-0.157,3.750,-35.250,2.850,36.3
13:51:10.518,204310,-3.551,-9.713,-2.059,-0.175,-0.213,-0.376,3.750,-35.250,2.850,36.3
13:51:10.568,204365,-3.543,-10.173,-1.669,-0.037,0.119,-0.610,4.200,-36.750,2.100,36.3
13:51:10.619,204420,-3.888,-10.980,-2.411,0.036,0.230,-0.648,4.200,-36.750,2.100,36.0
13:51:10.672,204475,-4.590,-12.912,-3.141,-0.082,-0.284,-0.329,4.200,-36.750,2.100,35.9
13:51:10.724,204530,-5.550,-14.415,-2.464,0.105,-0.452,0.093,4.200,-36.750,2.100,36.0
13:51:10.776,204585,-5.629,-13.743,-2.224,0.158,-0.628,0.124,4.200,-36.750,2.100,36.1
13:51:10.829,204640,-3.721,-12.273,-1.844,0.244,-0.347,-0.063,0.300,-37.500,3.900,36.0
13:51:10.880,204695,-2.595,-10.274,-1.987,0.022,-0.204,-0.376,0.300,-37.500,3.900,36.0
13:51:10.934,204750,-1.671,-8.456,-2.011,-0.124,0.236,-0.686,1.350,-35.550,5.550,36.3
13:51:10.987,204805,-0.448,-8.521,-1.494,-0.311,0.597,-0.973,1.350,-35.550,5.550,36.1
13:51:11.039,204860,-0.970,-9.529,-1.875,-0.366,0.492,-1.055,-3.450,-35.700,4.350,35.9
13:51:11.092,204915,-0.012,-8.320,-2.258,-0.699,0.721,-1.318,-9.300,-33.900,1.800,36.3
13:51:11.143,204970,0.383,-7.544,-2.289,-0.784,0.609,-1.561,-9.300,-33.900,1.800,36.0
13:51:11.196,205025,0.828,-6.076,-3.273,-0.918,-0.359,-1.864,-15.150,-31.350,-0.300,36.0
13:51:11.250,205080,3.089,-4.013,-2.322,-0.529,-0.410,-1.609,-15.150,-31.350,-0.300,36.3
13:51:11.354,205135,1.832,-4.647,-2.076,0.500,0.651,0.051,-20.550,-30.900,-4.350,36.1
13:51:11.406,205190,1.726,-4.997,-3.469,0.306,0.033,1.181,-20.550,-30.900,-4.350,36.3
13:51:11.459,205245,2.394,-6.867,-3.021,0.343,-0.266,1.542,-16.650,-31.650,-0.600,36.0
13:51:11.512,205300,0.924,-8.744,-2.660,0.276,-0.514,1.455,-16.650,-31.650,-0.600,36.1
13:51:11.564,205355,-0.266,-8.839,-3.314,0.162,-0.459,1.361,-16.650,-31.650,-0.600,36.3
13:51:11.615,205410,-0.101,-9.845,-2.413,0.429,-0.156,0.997,-16.650,-31.650,-0.600,36.1
13:51:11.668,205465,-2.049,-9.759,-2.593,0.196,-0.187,0.915,-16.650,-31.650,-0.600,36.2
13:51:11.722,205520,-2.011,-10.106,-2.768,0.179,0.020,0.640,-2.700,-36.450,4.350,36.1
13:51:11.773,205575,-2.373,-10.877,-2.356,0.102,0.237,0.372,-2.700,-36.450,4.350,36.3
13:51:11.826,205630,-3.215,-10.678,-2.574,-0.032,-0.014,0.126,-2.700,-36.450,3.600,35.9
13:51:11.878,205685,-2.215,-10.647,-2.251,0.059,-0.019,-0.188,-2.700,-36.450,3.600,36.1
13:51:11.931,205740,-2.413,-10.149,-2.272,0.054,0.018,-0.399,-1.650,-36.600,4.200,36.2
13:51:11.984,205795,-1.882,-10.274,-2.203,0.052,0.022,-0.352,-1.650,-36.600,4.200,36.3
13:51:12.037,205850,-1.568,-10.367,-2.344,0.049,0.212,-0.383,-4.050,-36.900,5.550,36.3
13:51:12.089,205905,-1.092,-10.204,-2.397,0.003,-0.047,-0.353,-4.050,-36.900,5.550,36.2
13:51:12.140,205960,-1.844,-11.423,-2.095,-0.030,0.219,-0.144,-6.300,-39.750,6.000,36.2
13:51:12.193,206015,-3.019,-13.611,-1.956,-0.083,-0.258,0.284,-5.400,-38.850,7.650,36.4
13:51:12.246,206070,-3.603,-14.222,-2.150,-0.127,-0.307,0.537,-5.400,-38.850,7.650,36.0
13:51:12.299,206125,-2.830,-13.204,-2.059,0.070,-0.395,0.528,-3.000,-38.550,5.100,36.1
13:51:12.353,206180,-2.071,-11.624,-2.277,0.123,-0.445,0.404,-3.000,-38.550,5.100,36.1
13:51:12.404,206235,-1.551,-10.774,-1.836,0.083,-0.318,0.143,-3.000,-38.550,5.100,35.9
13:51:12.509,206290,-1.255,-9.677,-1.903,-0.117,-0.149,-0.076,-3.000,-38.550,5.100,36.1
13:51:12.562,206345,-2.009,-9.632,-2.176,-0.221,0.084,-0.203,-0.300,-36.450,5.850,36.0
13:51:12.614,206400,-0.881,-9.215,-2.468,-0.608,0.110,-0.415,-0.300,-36.450,5.850,36.0
13:51:12.667,206455,-0.498,-8.475,-2.286,-0.729,0.422,-0.628,-2.100,-34.050,3.450,36.0
13:51:12.719,206510,0.000,-8.119,-2.114,-0.788,0.595,-0.765,-2.100,-34.050,3.450,36.1
13:51:12.771,206565,0.546,-7.216,-1.717,-0.652,0.657,-1.087,-5.400,-33.900,0.000,36.2
13:51:12.824,206620,-0.417,-6.653,-2.339,-0.656,0.545,-1.166,-10.950,-31.800,-4.800,36.1
13:51:12.877,206675,0.350,-5.555,-3.292,-1.036,0.376,-1.330,-10.950,-31.800,-4.800,36.3
13:51:12.928,206730,-0.024,-5.619,-2.456,-0.135,-0.046,-0.243,-16.200,-30.600,-6.450,36.3
13:51:12.981,206785,-0.802,-5.612,-3.388,0.250,-0.092,1.086,-16.200,-30.600,-6.450,36.0
13:51:13.034,206840,1.468,-6.273,-3.862,0.438,-0.209,1.235,-14.850,-30.750,-6.750,36.0
13:51:13.087,206895,-0.043,-7.887,-4.017,0.400,-0.196,1.221,-14.850,-30.750,-6.750,36.0
13:51:13.190,206950,-0.378,-8.361,-4.085,0.127,-0.351,1.333,-7.350,-32.700,-3.900,36.2
13:51:13.191,207005,-0.838,-8.863,-4.187,0.072,-0.077,1.262,-7.350,-32.700,-3.900,36.3
13:51:13.243,207060,-1.360,-9.402,-3.632,0.209,-0.282,1.110,-2.850,-33.000,-3.750,36.1
13:51:13.297,207115,-3.251,-9.495,-3.505,0.157,0.142,0.924,-2.850,-33.000,-3.750,36.3
13:51:13.349,207170,-3.457,-10.329,-3.656,0.150,-0.058,0.691,-2.850,-33.000,-3.750,36.1
13:51:13.400,207225,-3.618,-10.127,-3.134,0.188,0.100,0.503,3.600,-33.600,-0.900,36.0
13:51:13.453,207280,-4.185,-9.421,-2.832,0.290,0.317,0.107,3.600,-33.600,-0.900,36.3
13:51:13.507,207335,-3.757,-9.522,-3.326,0.166,0.125,0.174,1.800,-34.950,0.300,36.0
13:51:13.559,207390,-3.383,-9.622,-3.017,0.179,-0.017,0.160,1.800,-34.950,0.300,36.3
13:51:13.664,207445,-4.590,-9.629,-2.528,0.138,0.301,0.332,3.600,-36.150,2.700,36.0
13:51:13.768,207500,-4.137,-9.649,-2.667,0.079,-0.074,0.255,3.600,-36.150,2.700,36.2
13:51:13.770,207555,-5.753,-10.712,-2.361,0.051,-0.158,0.248,6.750,-36.900,3.450,36.3
13:51:13.821,207610,-7.597,-13.163,-1.635,0.154,-0.465,0.200,6.750,-36.900,3.450,36.0
13:51:13.874,207665,-7.276,-13.223,-1.889,0.127,-0.840,0.286,6.300,-35.100,4.800,36.4
13:51:13.926,207720,-6.486,-11.890,-1.712,0.028,-0.713,0.088,8.700,-33.600,5.550,36.3
13:51:13.978,207775,-4.568,-10.645,-1.578,-0.213,-0.568,-0.222,8.700,-33.600,5.550,36.2
13:51:14.032,207830,-3.919,-9.388,-1.719,-0.304,-0.288,-0.414,8.250,-34.050,6.300,36.1
13:51:14.084,207885,-4.106,-8.813,-1.551,-0.371,-0.355,-0.857,8.250,-34.050,6.300,36.3
13:51:14.137,207940,-2.763,-7.728,-1.970,-0.511,-0.057,-0.989,6.150,-32.700,3.900,36.3
13:51:14.189,207995,-2.078,-6.893,-2.430,-0.504,-0.086,-1.068,6.150,-32.700,3.900,36.0
13:51:14.293,208050,-1.899,-6.361,-2.665,-0.478,-0.097,-1.150,6.150,-32.700,3.900,36.0
13:51:14.295,208105,-1.901,-7.831,-2.274,-0.740,-0.107,-1.043,6.150,-32.700,3.900,36.3
13:51:14.347,208160,-0.771,-8.519,-2.119,-0.791,-0.267,-0.834,6.150,-32.700,3.900,36.4
13:51:14.399,208215,-0.321,-7.640,-2.823,-0.845,0.128,-1.290,-6.000,-31.500,-1.200,36.1
13:51:14.452,208270,-0.618,-6.687,-3.371,-1.050,0.204,-1.443,-6.000,-31.500,-1.200,36.1
13:51:14.504,208325,0.630,-7.049,-2.562,-0.538,0.512,-0.667,-10.800,-27.750,-6.450,36.3
13:51:14.557,208380,0.785,-5.875,-4.379,0.023,0.209,0.532,-10.800,-27.750,-6.450,36.0
13:51:14.609,208435,-0.333,-6.598,-4.080,0.577,0.515,1.048,-10.500,-29.100,-7.200,36.0
13:51:14.661,208490,-0.263,-6.215,-4.927,0.386,-0.386,1.399,-10.500,-29.100,-7.200,36.1
13:51:14.714,208545,0.237,-7.702,-4.398,0.555,-0.411,1.063,-7.950,-30.000,-4.800,36.0
13:51:14.818,208600,-1.279,-8.399,-3.903,0.963,0.153,1.028,-7.950,-30.000,-4.800,36.3
13:51:14.871,208655,-1.192,-9.249,-3.302,0.940,0.347,0.846,-3.750,-32.400,-2.550,36.0
13:51:14.924,208710,-0.888,-9.850,-2.157,0.984,0.283,0.767,-0.450,-35.100,3.000,36.5
13:51:14.976,208765,-4.046,-9.560,-2.406,0.450,-0.147,1.034,-0.450,-35.100,3.000,36.1
13:51:15.029,208820,-3.519,-10.094,-2.191,0.184,0.312,0.742,2.250,-34.200,5.100,36.0
13:51:15.082,208875,-3.658,-9.445,-1.822,0.178,0.141,0.560,2.250,-34.200,5.100,36.4
13:51:15.134,208930,-4.140,-10.580,-1.312,0.480,0.191,0.228,2.250,-34.200,5.100,36.2
13:51:15.187,208985,-4.140,-10.099,-1.077,0.584,-0.049,-0.099,2.250,-34.200,5.100,36.0
13:51:15.238,209040,-4.101,-9.831,-1.063,0.409,-0.041,-0.122,5.400,-35.250,9.750,36.3
13:51:15.290,209095,-4.204,-9.938,-0.948,0.284,-0.072,0.034,5.400,-35.250,9.750,36.3
13:51:15.343,209150,-4.233,-10.242,-0.187,0.382,-0.056,-0.022,4.650,-36.750,11.250,36.3
13:51:15.397,209205,-4.805,-10.408,0.352,0.456,0.011,-0.082,4.650,-36.750,11.250,36.1
13:51:15.449,209260,-4.774,-10.178,0.524,0.390,-0.175,-0.194,5.550,-38.700,13.650,36.2
13:51:15.502,209315,-7.666,-12.488,1.788,0.180,-0.504,-0.064,5.550,-39.150,16.950,36.3
13:51:15.553,209370,-5.935,-13.855,1.015,-0.216,-0.687,0.283,5.550,-39.150,16.950,36.0
13:51:15.607,209425,-6.457,-13.297,0.864,-0.296,-0.291,0.469,6.750,-39.750,15.450,36.0
13:51:15.659,209480,-2.782,-12.591,0.249,-0.481,0.347,0.598,6.750,-39.750,15.450,36.3
13:51:15.711,209535,-3.491,-10.968,1.494,-0.209,-0.184,0.209,8.550,-36.750,15.300,35.9
13:51:15.764,209590,-3.393,-9.682,0.151,-0.084,-0.383,-0.429,8.550,-36.750,15.300,36.0
13:51:15.815,209645,-2.119,-8.995,-0.180,-0.011,-0.262,-0.883,7.500,-34.800,13.650,36.2
13:51:15.868,209700,-1.607,-8.310,-0.110,-0.363,0.033,-1.191,7.500,-34.800,13.650,36.1
13:51:15.973,209755,-0.649,-7.207,-0.532,-0.819,0.760,-1.148,7.500,-34.800,13.650,36.3
13:51:16.026,209810,-1.944,-7.807,0.472,-1.099,0.466,-0.917,7.500,-34.800,13.650,36.3
13:51:16.079,209865,-1.669,-6.831,-1.085,-1.642,0.302,-1.198,7.500,-34.800,13.650,36.3
13:51:16.132,209920,-1.389,-7.128,-0.917,-1.758,0.058,-1.749,-8.550,-32.100,2.100,36.1
13:51:16.184,209975,1.362,-6.189,-0.943,-0.999,0.521,-1.483,-8.550,-32.100,2.100,36.0
13:51:16.237,210030,-1.513,-5.432,-3.227,0.169,0.415,0.330,-12.750,-31.350,-2.850,36.1
13:51:16.288,210085,-0.800,-5.011,-4.800,0.099,-0.312,1.510,-12.750,-31.350,-2.850,36.1
13:51:16.341,210140,0.431,-5.914,-3.292,0.528,-0.166,1.471,-11.400,-32.550,-0.150,36.3
13:51:16.394,210195,-1.889,-8.394,-2.792,0.466,-0.626,1.326,-11.400,-32.550,-0.150,36.1
13:51:16.447,210250,-1.216,-8.380,-2.950,0.571,-0.023,1.347,-3.450,-33.900,1.050,36.1
13:51:16.499,210305,-2.332,-9.347,-2.933,0.510,-0.066,0.959,-3.450,-33.900,1.050,36.3
13:51:16.552,210360,-3.828,-8.581,-2.799,0.517,0.178,0.962,0.900,-34.350,3.750,36.1
13:51:16.604,210415,-3.958,-9.292,-3.017,0.315,0.207,0.710,3.600,-34.350,5.250,36.4
13:51:16.657,210470,-3.972,-10.192,-2.179,0.404,0.469,0.349,3.600,-34.350,5.250,36.1
13:51:16.708,210525,-5.155,-10.432,-2.533,0.384,0.608,0.242,5.400,-36.000,7.950,36.4
13:51:16.761,210580,-4.492,-10.496,-2.569,0.316,0.355,0.337,5.400,-36.000,7.950,36.3
13:51:16.814,210635,-5.198,-10.558,-2.595,0.143,0.370,0.612,5.400,-36.000,7.950,36.1
13:51:16.866,210690,-5.442,-10.752,-2.219,0.023,0.141,0.830,5.400,-36.000,7.950,36.4
13:51:16.972,210745,-5.897,-9.627,-1.132,0.382,-0.176,0.696,5.400,-36.000,7.950,36.1
13:51:16.973,210800,-5.863,-8.703,-0.668,0.523,-0.496,0.500,5.400,-36.000,7.950,36.3
13:51:17.023,210855,-5.294,-8.633,0.891,0.748,-0.390,0.234,16.200,-37.800,14.550,36.1
13:51:17.129,210910,-8.344,-10.673,2.449,0.583,-0.501,0.070,17.250,-38.700,17.250,36.3
13:51:17.182,210965,-9.201,-12.014,2.464,0.105,-0.612,-0.027,17.250,-38.700,17.250,36.4
13:51:17.234,211020,-7.618,-11.179,1.719,-0.113,-0.491,0.015,16.500,-39.150,19.500,36.0
13:51:17.286,211075,-6.527,-10.192,1.501,-0.209,-0.396,-0.339,16.500,-39.150,19.500,36.3
13:51:17.338,211130,-5.179,-9.625,0.622,-0.448,-0.413,-0.693,13.950,-38.250,21.150,36.3
13:51:17.391,211185,-4.784,-9.840,1.130,-0.335,-0.278,-0.935,13.950,-38.250,21.150,36.1
13:51:17.444,211240,-3.603,-9.172,0.632,-0.349,-0.644,-1.148,10.800,-37.500,18.150,36.1
13:51:17.497,211295,-3.924,-8.677,0.575,-0.426,-0.388,-1.156,10.800,-37.500,18.150,36.0
13:51:17.549,211350,-2.535,-8.428,1.408,-0.386,-0.228,-1.245,3.600,-38.400,17.700,36.3
13:51:17.601,211405,-4.041,-9.251,1.255,-0.689,0.265,-1.118,3.600,-38.400,17.700,36.4
13:51:17.654,211460,-0.089,-8.255,-0.498,-0.990,0.111,-1.369,-1.500,-38.250,14.250,36.3
13:51:17.707,211515,0.101,-6.953,-2.188,-1.070,0.313,-1.711,-1.500,-38.250,14.250,36.1
13:51:17.759,211570,-0.541,-7.104,-2.468,-0.937,0.422,-1.828,-1.500,-38.250,14.250,36.0
13:51:17.812,211625,1.530,-6.682,-2.495,-1.283,0.207,-1.556,-1.500,-38.250,14.250,36.1
13:51:17.863,211680,0.417,-5.969,-2.406,-0.313,-0.365,0.196,-1.500,-38.250,14.250,36.3
13:51:17.917,211735,1.585,-6.060,-2.624,0.474,-0.188,1.218,-17.850,-35.250,1.800,36.1
13:51:17.969,211790,0.053,-6.007,-3.361,0.820,-0.194,1.509,-17.850,-35.250,1.800,36.1
13:51:18.020,211845,-1.305,-7.944,-1.669,0.848,-0.305,1.597,-10.500,-37.050,6.150,36.3
13:51:18.073,211900,-1.360,-9.354,-1.087,1.012,-0.085,1.108,-10.500,-37.050,6.150,36.1
13:51:18.126,211955,-1.444,-9.292,-1.176,0.820,-0.371,0.993,-1.350,-39.450,10.050,36.0
13:51:18.179,212010,-3.084,-9.354,0.105,0.661,-0.494,1.234,2.400,-39.450,14.700,36.5
13:51:18.284,212065,-3.833,-10.364,0.974,0.196,0.390,1.103,2.400,-39.450,14.700,36.3
13:51:18.335,212120,-4.611,-10.271,0.924,0.274,0.236,0.799,6.600,-40.350,17.550,36.4
13:51:18.388,212175,-3.685,-10.082,-0.022,0.169,0.332,0.745,6.600,-40.350,17.550,36.1
13:51:18.442,212230,-4.149,-10.975,0.405,0.339,0.033,0.595,8.250,-40.950,16.200,36.3
13:51:18.493,212285,-4.657,-10.319,0.644,0.408,-0.065,0.513,8.250,-40.950,16.200,36.1
13:51:18.546,212340,-5.677,-9.148,0.515,0.084,0.119,0.307,11.850,-40.200,19.500,36.4
13:51:18.599,212395,-5.466,-9.855,1.173,-0.180,0.312,0.328,11.850,-40.200,19.500,36.3
13:51:18.651,212450,-6.462,-9.749,0.934,-0.454,0.193,0.347,11.850,-40.200,19.500,36.5
13:51:18.703,212505,-8.375,-12.787,1.815,-0.026,0.305,0.273,11.850,-40.200,19.500,36.3
13:51:18.755,212560,-9.024,-12.864,1.140,0.015,-0.118,0.072,11.850,-40.200,19.500,36.5
13:51:18.809,212615,-8.792,-11.921,1.238,-0.061,-0.793,-0.124,16.650,-39.300,20.700,36.3
13:51:18.862,212670,-6.871,-10.195,0.826,-0.201,-0.705,-0.350,16.650,-39.300,20.700,36.3
13:51:18.913,212725,-5.885,-9.294,0.874,-0.389,-0.383,-0.601,15.150,-37.500,20.400,36.0
13:51:18.967,212780,-4.034,-8.684,1.044,-0.522,-0.356,-0.903,15.150,-37.500,20.400,36.2
13:51:19.019,212835,-3.577,-9.383,1.518,-0.425,-0.617,-1.025,10.050,-38.250,18.150,36.2
13:51:19.071,212890,-4.175,-8.435,0.232,-0.722,-0.335,-1.225,10.050,-38.250,18.150,36.3
13:51:19.124,212945,-2.119,-7.271,-1.276,-0.843,0.255,-1.436,3.600,-39.150,15.150,36.2
13:51:19.177,213000,-3.639,-10.345,1.408,-0.284,0.550,-1.524,3.600,-39.150,15.150,36.5
13:51:19.229,213055,1.058,-4.302,-2.892,-1.573,0.853,-2.116,-3.300,-37.950,12.150,36.3
13:51:19.282,213110,0.697,-6.357,-1.607,-0.537,1.135,-1.809,-16.200,-37.050,6.450,36.0
13:51:19.334,213165,-1.173,-4.779,-2.253,-0.124,-0.474,0.700,-16.200,-37.050,6.450,36.4
13:51:19.438,213220,1.262,-4.393,-2.693,0.679,-0.298,1.694,-14.550,-36.900,5.550,36.4
13:51:19.492,213275,-1.209,-5.497,-1.551,1.016,-0.809,1.812,-14.550,-36.900,5.550,36.3
13:51:19.544,213330,-2.483,-8.171,-0.043,1.187,-0.197,1.422,-14.550,-36.900,5.550,36.3
13:51:19.597,213385,-3.366,-9.191,0.371,0.990,0.045,0.835,-14.550,-36.900,5.550,36.3
13:51:19.649,213440,-3.809,-9.685,0.467,0.628,-0.034,0.746,-14.550,-36.900,5.550,36.5
13:51:19.702,213495,-4.944,-8.935,0.000,0.408,0.412,0.616,-14.550,-36.900,5.550,36.3
13:51:19.754,213550,-3.431,-10.223,1.341,0.420,0.183,0.459,-14.550,-36.900,5.550,36.3
13:51:19.807,213605,-3.764,-10.226,0.646,0.251,-0.070,0.551,-33.000,-36.900,5.550,36.3
13:51:19.909,213661,-3.601,-11.253,1.695,0.222,0.086,0.381,5.400,-40.650,22.200,36.3
13:51:19.911,213715,-4.879,-10.891,1.695,0.226,-0.044,0.248,9.600,-40.050,24.750,36.5
13:51:19.963,213770,-4.602,-10.324,2.344,0.320,-0.326,0.278,9.600,-40.050,24.750,36.3
13:51:20.017,213825,-4.187,-8.921,2.143,0.295,-0.254,0.196,11.400,-40.500,27.150,36.3
13:51:20.119,213880,-3.728,-9.390,2.682,0.434,-0.023,0.100,11.400,-40.500,27.150,36.0
13:51:20.121,213935,-4.621,-9.560,2.923,0.555,-0.092,0.180,10.500,-41.400,29.250,36.2
13:51:20.225,213990,-10.968,-11.495,5.265,0.234,-0.012,0.268,10.500,-41.400,29.250,36.1
13:51:20.227,214045,-9.134,-12.218,3.915,-0.552,0.066,-0.038,12.750,-40.050,31.800,36.3
13:51:20.331,214100,-7.460,-13.321,2.662,-0.624,0.271,0.318,12.750,-40.050,31.800,36.3
13:51:20.333,214155,-5.693,-12.186,3.285,-0.365,0.104,-0.153,14.550,-39.450,28.650,36.4
13:51:20.383,214210,-6.483,-9.641,2.248,-0.559,-0.968,-0.289,13.500,-38.850,25.950,36.5
13:51:20.436,214265,-4.226,-8.212,2.188,-0.773,-0.629,-0.692,13.500,-38.850,25.950,36.0
13:51:20.488,214320,-2.756,-8.425,1.999,-1.328,-0.411,-1.062,13.500,-38.850,25.950,36.3
13:51:20.594,214375,-3.802,-9.019,1.810,-1.260,-0.160,-0.947,13.500,-38.850,25.950,36.3
13:51:20.646,214430,-0.833,-7.518,0.321,-1.134,-0.538,-1.457,13.500,-38.850,25.950,36.5
13:51:20.699,214485,-2.861,-7.903,-0.060,-0.986,-0.018,-1.794,13.500,-38.850,25.950,36.5
13:51:20.752,214540,-2.002,-7.764,1.554,-0.859,0.565,-1.937,-2.700,-40.650,10.950,36.2
13:51:20.804,214595,0.891,-5.516,-0.965,-1.505,0.379,-2.036,-2.700,-40.650,10.950,36.5
13:51:20.857,214650,-0.704,-6.632,-0.115,0.220,-0.146,-0.207,-14.100,-37.950,5.250,36.3
13:51:20.908,214705,-0.385,-5.057,-2.164,0.414,-0.031,1.279,-14.100,-37.650,5.550,36.0
13:51:20.961,214760,-0.553,-4.736,-1.334,1.027,-0.402,1.896,-14.100,-37.650,5.550,36.5
13:51:21.014,214815,-1.403,-8.135,0.122,0.989,-0.452,1.624,-6.600,-40.350,7.950,36.5
13:51:21.067,214870,-2.588,-8.358,-0.457,0.675,0.747,1.342,-6.600,-40.350,7.950,36.4
13:51:21.118,214925,-3.594,-10.099,-0.108,0.823,0.293,0.740,1.800,-39.600,14.250,36.1
13:51:21.172,214980,-4.314,-10.872,0.759,0.835,0.541,0.581,1.800,-39.600,14.250,36.4
13:51:21.224,215035,-4.815,-10.113,0.271,0.785,0.536,-0.041,4.800,-40.950,19.500,36.3
13:51:21.277,215090,-2.413,-11.377,0.682,0.776,0.389,0.112,4.800,-40.950,19.500,36.1
13:51:21.329,215145,-5.059,-11.432,2.277,0.779,0.209,0.258,5.250,-42.300,24.600,36.3
13:51:21.382,215200,-4.140,-10.350,2.330,0.556,0.038,0.335,5.250,-42.300,24.600,36.3
13:51:21.485,215255,-3.766,-9.577,2.454,0.410,-0.120,0.366,5.250,-42.300,24.600,36.5
13:51:21.487,215310,-3.737,-9.155,3.498,0.259,-0.351,0.202,5.250,-42.300,24.600,36.4
13:51:21.539,215365,-4.365,-8.926,2.974,0.113,-0.313,0.163,5.250,-42.300,24.600,36.3
13:51:21.591,215420,-5.030,-9.558,3.479,0.014,-0.179,0.164,9.600,-40.050,33.900,36.3
13:51:21.643,215475,-6.919,-10.525,4.745,-0.278,-0.038,0.075,9.600,-40.050,33.900,36.2
13:51:21.749,215530,-7.506,-12.435,4.183,-0.680,-0.033,-0.056,9.000,-42.300,32.700,36.4
13:51:21.802,215585,-6.972,-12.084,3.555,-0.911,-0.063,-0.091,9.000,-42.300,32.700,36.3
13:51:21.854,215640,-6.091,-10.953,2.497,-1.259,-0.149,-0.110,9.450,-40.200,28.650,36.4
13:51:21.906,215695,-4.659,-9.591,2.097,-1.794,-0.315,-0.258,9.450,-40.200,28.650,36.3
13:51:21.958,215750,-4.647,-8.356,0.706,-2.229,-0.460,-0.572,10.650,-41.550,21.750,36.3
13:51:22.012,215805,-3.259,-8.859,0.613,-2.339,-0.672,-0.799,7.950,-42.000,10.050,36.6
13:51:22.064,215860,-2.004,-7.752,0.034,-2.182,-0.636,-1.041,7.950,-42.000,10.050,36.3
13:51:22.116,215915,-2.981,-6.790,-1.776,-1.967,-1.011,-1.327,2.400,-36.150,1.200,36.1
13:51:22.169,215970,-1.834,-6.974,-3.024,-1.389,-0.980,-1.157,2.400,-36.150,1.200,36.7
13:51:22.222,216025,-1.207,-8.430,-3.141,-1.024,-0.577,-1.354,-2.100,-34.800,-4.800,36.3
13:51:22.274,216080,1.204,-7.803,-4.362,-1.063,-0.036,-1.652,-2.100,-34.800,-4.800,36.1
13:51:22.327,216135,-1.401,-5.425,-6.567,-0.577,0.216,-0.612,-2.100,-34.800,-4.800,36.1
13:51:22.379,216190,1.049,-5.351,-6.254,0.232,0.189,0.684,-2.100,-34.800,-4.800,36.5
13:51:22.431,216245,-0.261,-6.256,-6.862,0.553,0.804,0.941,-2.100,-34.800,-4.800,36.1
13:51:22.483,216300,-2.131,-6.740,-5.672,0.629,0.388,1.154,-2.100,-34.800,-4.800,36.4
13:51:22.537,216355,-2.332,-7.185,-4.228,0.777,0.238,0.948,-4.800,-35.100,-6.750,36.4
13:51:22.588,216410,-1.891,-8.830,-3.718,0.791,0.094,0.594,-1.050,-37.050,-4.650,36.4
13:51:22.641,216465,-2.368,-9.115,-2.837,0.897,0.586,0.374,-1.050,-37.050,-4.650,36.1
13:51:22.694,216520,-1.183,-9.227,-3.287,0.759,0.472,0.327,0.750,-38.550,0.600,36.3
13:51:22.747,216575,-2.112,-9.519,-2.497,0.622,0.417,0.293,0.750,-38.550,0.600,36.3
13:51:22.798,216630,-1.733,-9.685,-2.641,0.252,0.375,0.302,-0.450,-42.750,3.750,36.1
13:51:22.904,216685,-2.138,-10.429,-2.061,0.074,0.410,0.299,-0.450,-42.750,3.750,36.0
13:51:22.956,216740,-1.930,-10.829,-2.370,-0.013,0.111,0.139,1.050,-42.900,3.600,36.3
13:51:23.009,216795,-3.199,-11.176,-2.303,0.049,-0.171,0.217,1.050,-42.900,3.600,36.3
13:51:23.062,216850,-2.828,-10.975,-2.361,0.415,0.003,0.175,3.750,-43.950,4.350,36.6
13:51:23.113,216905,-2.775,-11.231,-1.489,1.025,-0.650,0.299,3.300,-44.100,6.000,36.4
13:51:23.166,216960,-2.720,-11.471,-0.402,1.571,-1.300,0.416,3.300,-44.100,6.000,36.5
13:51:23.219,217015,-3.158,-8.923,-0.302,1.397,-0.840,0.568,3.300,-44.100,6.000,36.3
13:51:23.270,217070,-3.299,-7.872,0.098,0.852,-0.044,0.920,3.300,-44.100,6.000,36.1
13:51:23.323,217125,-6.112,-9.424,2.342,0.177,0.071,0.997,3.300,-44.100,6.000,36.0
13:51:23.376,217180,-5.535,-10.183,2.207,-0.269,-0.194,0.427,3.300,-44.100,6.000,36.4
13:51:23.429,217235,-6.792,-11.313,0.967,-0.387,-0.105,0.473,12.900,-40.950,21.750,36.4
13:51:23.480,217290,-6.352,-11.119,1.805,-0.281,0.009,-0.007,12.900,-40.950,21.750,36.3
13:51:23.533,217345,-5.502,-11.236,2.064,-0.241,-0.204,-0.285,13.500,-41.400,20.100,36.4
13:51:23.587,217400,-4.638,-9.752,0.898,-0.368,-0.232,-0.486,13.500,-41.400,20.100,36.5
13:51:23.638,217455,-3.654,-9.845,1.286,-0.672,0.489,-0.484,12.150,-39.450,19.500,36.0
13:51:23.691,217510,-2.703,-8.952,0.263,-0.698,-0.263,-0.872,9.000,-40.500,13.950,36.4
13:51:23.743,217565,-2.732,-9.910,0.397,-0.190,-0.022,-1.491,9.000,-40.500,13.950,36.3
13:51:23.797,217620,-1.336,-7.649,-0.362,-0.220,0.118,-1.721,3.000,-40.650,12.750,36.4
13:51:23.849,217675,-1.800,-5.854,-1.008,-0.232,1.104,-1.694,3.000,-40.650,12.750,36.5
13:51:23.901,217730,-1.379,-4.005,-2.121,-0.321,0.556,-1.204,-6.900,-40.350,11.700,36.4
13:51:23.953,217785,-0.589,-6.747,-1.932,-1.455,0.590,-2.370,-6.900,-40.350,11.700,36.3
13:51:24.059,217840,1.542,-6.649,-0.215,-0.310,-0.025,-0.952,-16.200,-37.800,8.700,36.3
13:51:24.110,217895,1.556,-6.098,-0.584,0.479,-0.148,0.844,-16.200,-37.800,8.700,36.3
13:51:24.216,217950,1.810,-6.285,-1.240,1.077,0.421,1.146,-16.200,-37.800,8.700,36.3
13:51:24.218,218005,-0.067,-7.183,-1.463,0.815,-0.647,1.373,-13.500,-40.350,11.700,36.5
13:51:24.268,218060,0.893,-8.744,0.022,0.891,-0.731,1.081,-13.500,-40.350,11.700,36.4
13:51:24.320,218115,-2.157,-11.181,1.681,0.973,0.124,0.582,-5.550,-43.050,16.500,36.3
13:51:24.373,218170,-0.757,-9.766,0.472,0.518,-0.091,0.655,-5.550,-43.050,16.500,36.1
13:51:24.425,218225,-2.866,-10.240,1.322,0.278,0.363,0.390,-4.650,-44.250,21.150,36.1
13:51:24.478,218280,0.144,-10.606,2.150,-0.059,0.179,0.275,-4.650,-44.250,21.150,36.3
13:51:24.531,218335,-0.697,-11.006,1.968,0.056,0.082,0.181,-4.200,-42.450,24.450,36.4
13:51:24.583,218390,-1.166,-10.740,1.578,0.204,0.002,0.147,-4.200,-42.450,24.450,36.1
13:51:24.636,218445,-1.154,-10.920,2.239,0.187,-0.267,0.238,-1.800,-45.000,25.500,36.4
13:51:24.688,218500,-1.353,-10.154,1.487,0.054,-0.455,0.324,-1.800,-45.000,25.500,36.5
13:51:24.741,218555,-1.551,-11.135,2.569,-0.095,0.011,0.618,-1.050,-45.750,27.300,36.5
13:51:24.794,218610,-2.394,-10.946,2.461,0.021,0.108,0.633,0.150,-44.850,27.150,36.3
13:51:24.847,218665,-2.813,-10.288,2.284,0.229,0.262,0.564,0.150,-44.850,27.150,36.5
13:51:24.898,218720,-4.640,-10.657,2.251,0.218,0.022,0.492,5.400,-45.000,26.550,36.3
13:51:24.951,218775,-8.626,-13.305,3.012,0.054,0.030,0.528,5.400,-45.000,26.550,36.3
13:51:25.003,218830,-7.422,-12.665,3.613,-0.199,0.270,0.254,5.400,-45.000,26.550,36.3
13:51:25.057,218885,-5.229,-12.014,3.278,-0.343,0.230,0.165,5.400,-45.000,26.550,36.5
13:51:25.109,218940,-4.389,-10.592,1.571,-0.575,-0.071,0.035,5.400,-45.000,26.550,36.3
13:51:25.214,218995,-4.089,-10.010,1.302,-0.838,0.099,-0.367,5.400,-45.000,26.550,36.3
13:51:25.265,219050,-3.091,-9.582,0.991,-0.982,0.016,-0.508,8.250,-40.950,22.800,36.1
13:51:25.318,219105,-2.160,-7.989,-0.093,-0.979,0.320,-0.880,5.250,-42.300,16.200,36.4
13:51:25.372,219160,-2.181,-8.267,-0.551,-0.997,0.212,-1.216,5.250,-42.300,16.200,36.3
13:51:25.424,219215,-1.113,-6.802,-1.391,-1.103,0.334,-1.284,-0.150,-41.550,8.550,36.3
13:51:25.477,219270,-2.176,-8.830,0.871,-1.030,0.602,-1.264,-0.150,-41.550,8.550,36.3
13:51:25.528,219325,0.876,-7.022,-1.417,-1.179,-0.825,-1.838,-7.650,-39.600,3.600,36.4
13:51:25.581,219380,1.267,-5.097,-3.000,-0.843,-0.393,-1.763,-7.650,-39.600,3.600,36.4
13:51:25.633,219435,-1.750,-5.375,-3.261,0.504,0.347,-0.158,-17.700,-36.150,0.150,36.1
13:51:25.687,219490,0.721,-5.775,-2.421,0.855,-0.161,1.396,-17.700,-36.150,0.150,36.2
13:51:25.739,219545,0.113,-6.148,-1.887,1.145,-0.220,1.448,-13.950,-37.050,3.900,36.5
13:51:25.791,219600,-1.336,-7.750,-1.053,0.885,-1.260,1.391,-13.950,-37.050,3.900,36.3
13:51:25.844,219655,-0.309,-8.454,-0.364,0.767,0.238,1.297,-6.750,-40.200,9.300,36.3
13:51:25.897,219710,-2.126,-8.995,0.034,0.488,-0.517,1.286,-6.750,-40.200,9.300,36.3
13:51:25.949,219765,-2.844,-9.754,-0.558,0.289,0.190,1.342,-6.750,-40.200,9.300,36.4
13:51:26.053,219820,-4.709,-9.584,-0.529,0.009,0.163,1.312,-6.750,-40.200,9.300,36.2
13:51:26.055,219875,-5.243,-10.235,-0.522,0.037,0.442,0.963,-6.750,-40.200,9.300,36.4
13:51:26.107,219930,-5.021,-10.882,0.773,0.261,0.147,0.857,11.400,-39.150,16.500,36.5
13:51:26.158,219985,-4.673,-9.742,-0.369,0.369,0.093,0.740,11.400,-39.150,16.500,36.4
13:51:26.211,220040,-5.863,-9.383,0.239,0.531,-0.085,0.630,13.800,-37.350,18.000,36.2
13:51:26.264,220095,-6.790,-8.978,0.457,0.436,-0.027,0.608,13.800,-37.350,18.000,36.6
13:51:26.369,220150,-6.639,-9.076,0.802,0.464,0.210,0.602,18.150,-38.850,20.700,36.2
13:51:26.422,220205,-6.895,-8.722,1.616,0.591,0.282,0.605,19.800,-37.800,23.400,36.3
13:51:26.474,220260,-10.467,-7.367,1.997,0.211,0.124,-0.088,19.800,-37.800,23.400,36.7
13:51:26.527,220315,-7.585,-7.975,2.093,-0.144,0.193,-0.398,21.150,-37.950,23.850,36.6
13:51:26.578,220370,-7.623,-10.048,2.284,-0.434,0.255,-0.222,21.150,-37.950,23.850,36.4
13:51:26.631,220425,-9.567,-10.736,2.303,-0.208,0.182,-0.130,20.100,-37.800,21.900,36.5
13:51:26.683,220480,-8.061,-10.913,1.152,-0.067,0.011,-0.259,20.100,-37.800,21.900,36.5
13:51:26.737,220535,-7.451,-10.355,0.991,-0.106,-0.345,-0.308,19.800,-38.850,20.700,36.1
13:51:26.789,220590,-6.005,-9.486,0.735,-0.348,-0.205,-0.499,19.800,-38.850,20.700,36.2
13:51:26.842,220645,-5.531,-9.371,0.467,-0.287,-0.177,-0.805,17.850,-35.700,20.400,36.5
13:51:26.894,220700,-4.956,-9.091,0.759,-0.324,-0.116,-1.002,17.850,-35.700,20.400,36.3
13:51:26.946,220755,-3.565,-7.602,-0.160,-0.354,-0.215,-1.397,17.850,-35.700,20.400,36.4
13:51:26.998,220810,-3.448,-7.597,-0.139,-0.594,0.227,-1.385,17.850,-35.700,20.400,36.5
13:51:27.051,220865,-2.140,-7.123,-0.010,-0.667,0.737,-1.398,17.850,-35.700,20.400,36.5
13:51:27.104,220920,-1.616,-7.855,-0.043,-0.599,0.309,-1.515,1.350,-38.700,9.300,36.2
13:51:27.206,220975,-1.389,-6.807,-1.267,-1.055,0.342,-1.671,1.350,-38.700,9.300,36.1
13:51:27.262,221030,-1.460,-5.914,-1.753,-0.847,0.325,-1.345,-7.050,-38.400,6.300,36.3
13:51:27.263,221085,-0.955,-5.897,-0.819,0.327,-0.005,0.012,-7.050,-38.400,6.300,36.3
13:51:27.313,221140,-1.300,-5.495,-1.144,0.474,-0.316,1.419,-13.800,-36.600,4.200,36.3
13:51:27.366,221195,-1.832,-5.033,-2.200,0.716,-0.979,1.326,-13.800,-36.600,4.200,36.6
13:51:27.419,221250,-3.211,-8.356,-0.527,0.654,-0.545,1.138,-4.350,-38.400,6.750,36.5
13:51:27.524,221305,-1.654,-8.938,-0.304,0.254,-0.034,0.713,-0.300,-39.600,10.200,36.6
13:51:27.577,221360,-4.056,-8.581,-1.295,0.071,-0.329,0.750,-0.300,-39.600,10.200,36.2
13:51:27.628,221415,-3.821,-9.586,-1.302,-0.069,0.048,0.355,2.100,-40.200,12.600,36.0
13:51:27.681,221470,-3.024,-11.741,-0.287,-0.063,0.103,0.006,2.100,-40.200,12.600,36.5
13:51:27.734,221525,-4.278,-11.832,-0.757,-0.129,0.016,-0.191,3.750,-40.350,14.250,36.3
13:51:27.786,221580,-3.661,-11.325,-0.893,-0.207,0.117,0.037,3.750,-40.350,14.250,36.3
13:51:27.838,221635,-3.311,-10.867,-0.654,-0.277,-0.264,0.029,3.750,-40.350,14.250,36.5
13:51:27.891,221690,-2.947,-10.661,-0.124,-0.130,-0.265,0.020,3.750,-40.350,14.250,36.5
13:51:27.944,221745,-2.873,-10.427,0.022,-0.043,-0.504,0.074,3.750,-40.350,14.250,36.3
13:51:27.995,221800,-2.593,-9.969,-0.359,-0.005,-0.415,0.067,6.600,-45.450,14.550,36.3
13:51:28.049,221855,-2.981,-10.127,0.067,0.075,-0.193,0.388,6.600,-45.450,14.550,36.3
13:51:28.102,221910,-2.974,-9.670,0.472,0.228,-0.252,0.368,8.100,-45.450,15.300,36.5
13:51:28.154,221965,-5.626,-10.563,1.267,0.226,-0.318,0.314,8.100,-45.450,15.300,36.5
13:51:28.206,222020,-7.800,-12.316,1.022,-0.138,-0.119,0.346,8.550,-44.250,16.800,36.3
13:51:28.259,222075,-8.080,-13.348,0.917,-0.144,0.042,0.229,8.550,-44.250,16.800,36.5
13:51:28.311,222130,-6.318,-12.567,0.781,0.089,0.031,0.043,10.500,-43.650,16.050,36.2
13:51:28.363,222185,-5.291,-10.922,0.409,0.077,-0.185,-0.200,10.500,-43.650,16.050,36.3
13:51:28.417,222240,-4.817,-10.106,0.249,-0.112,0.164,-0.447,10.200,-40.950,16.200,36.5
13:51:28.469,222295,-3.132,-9.481,0.661,-0.329,-0.066,-0.747,10.200,-40.950,16.200,36.5
13:51:28.522,222350,-2.392,-7.884,-0.146,-0.349,-0.092,-0.943,6.150,-40.650,15.300,36.5
13:51:28.574,222405,-2.626,-8.497,0.055,-0.412,0.191,-1.287,4.050,-40.500,12.600,36.4
13:51:28.678,222460,-1.963,-8.456,0.673,-0.637,0.436,-1.344,4.050,-40.500,12.600,36.7
13:51:28.730,222515,-0.570,-6.934,-1.015,-0.674,0.168,-1.490,-4.650,-40.050,10.950,36.5
13:51:28.783,222570,0.117,-7.848,-1.257,-0.338,0.501,-1.719,-4.650,-40.050,10.950,36.1
13:51:28.835,222625,0.737,-6.728,-1.561,-0.860,0.600,-1.974,-4.650,-40.050,10.950,36.3
13:51:28.889,222680,1.118,-6.062,-1.319,-0.413,0.925,-1.191,-4.650,-40.050,10.950,36.4
13:51:28.942,222735,0.713,-6.029,-2.375,0.034,0.061,0.347,-20.700,-35.850,4.800,36.5
13:51:28.994,222790,1.528,-6.584,-1.973,0.481,0.027,1.337,-20.700,-35.850,4.800,36.5
13:51:29.046,222845,1.111,-8.133,-1.851,0.395,-0.392,1.430,-17.850,-37.500,6.900,36.5
13:51:29.099,222900,-0.553,-9.450,-1.226,0.432,-0.412,1.312,-9.900,-39.750,6.000,36.4
13:51:29.152,222955,-1.532,-10.254,-0.208,0.406,-0.309,1.371,-9.900,-39.750,6.000,36.3
13:51:29.255,223010,-1.899,-9.261,-0.388,0.578,-0.304,1.067,-4.800,-42.000,10.350,36.5
13:51:29.256,223065,-2.856,-9.404,0.213,0.488,-0.433,0.940,-4.800,-42.000,10.350,36.6
13:51:29.309,223120,-2.588,-9.641,1.199,0.079,-0.381,0.679,-0.150,-40.200,13.950,36.5
13:51:29.362,223175,-2.804,-9.754,0.725,-0.318,-0.318,0.228,-0.150,-40.200,13.950,36.1
13:51:29.414,223230,-2.653,-11.001,0.639,-0.401,0.135,-0.097,3.450,-40.650,13.500,36.4
13:51:29.467,223285,-2.923,-11.408,-0.606,-0.427,-0.001,-0.098,3.450,-40.650,13.500,36.4
13:51:29.519,223340,-2.502,-11.207,-0.929,-0.426,-0.140,-0.181,2.250,-40.350,12.750,36.3
13:51:29.572,223395,-2.559,-11.013,-0.673,-0.308,-0.122,-0.063,2.250,-40.350,12.750,36.5
13:51:29.624,223450,-1.774,-9.895,-0.704,-0.171,-0.185,-0.100,2.250,-39.600,10.500,36.4
13:51:29.676,223505,-1.599,-9.625,-0.965,-0.299,-0.142,-0.078,2.250,-39.600,10.500,36.5
13:51:29.728,223560,-2.069,-9.661,-0.795,-0.400,0.063,0.025,2.250,-39.600,10.500,36.5
13:51:29.834,223615,-2.942,-10.439,-1.609,-0.547,0.105,0.172,2.250,-39.600,10.500,36.3
13:51:29.887,223670,-3.103,-10.202,-2.037,-0.471,-0.226,0.220,2.250,-39.600,10.500,36.5
13:51:29.938,223725,-2.969,-10.252,-1.927,-0.312,-0.232,-0.031,0.450,-38.700,6.300,36.4
13:51:29.992,223780,-3.677,-10.985,-2.334,0.042,-0.256,0.012,0.450,-38.700,6.300,36.4
13:51:30.043,223835,-3.917,-11.329,-2.385,0.204,-0.289,0.072,3.300,-39.150,6.300,36.5
13:51:30.096,223890,-4.875,-12.179,-1.640,0.286,-0.785,0.289,3.300,-39.150,6.300,36.5
13:51:30.149,223945,-6.012,-12.847,-0.450,0.342,-1.127,0.442,1.350,-37.650,6.750,36.5
13:51:30.201,224000,-5.459,-12.342,0.294,0.230,-1.014,0.385,6.000,-37.950,11.100,36.4
13:51:30.253,224055,-3.955,-11.164,0.486,0.104,-0.778,0.211,6.000,-37.950,11.100,36.9
13:51:30.307,224110,-2.772,-10.532,0.122,-0.063,-0.593,-0.185,8.100,-35.250,11.700,36.4
13:51:30.359,224165,-3.266,-9.606,-0.517,-0.240,-0.386,-0.354,8.100,-35.250,11.700,36.3
13:51:30.412,224220,-2.808,-9.479,-0.589,-0.286,-0.260,-0.632,6.600,-35.250,10.200,36.6
13:51:30.464,224275,-1.405,-8.985,-0.742,-0.621,0.111,-0.862,6.600,-35.250,10.200,36.4
13:51:30.517,224330,-2.114,-8.102,-0.704,-0.955,0.897,-0.936,4.200,-32.700,10.950,36.5
13:51:30.622,224385,-1.484,-7.913,-1.006,-0.788,0.536,-1.096,4.200,-32.700,10.950,36.4
13:51:30.623,224440,-0.453,-6.646,-3.089,-1.237,0.617,-1.470,4.200,-32.700,10.950,36.5
13:51:30.673,224495,-0.184,-5.171,-2.758,-0.984,0.573,-1.716,4.200,-32.700,10.950,36.3
13:51:30.726,224550,-0.936,-4.635,-2.911,-0.313,0.872,-0.568,4.200,-32.700,10.950,36.3
13:51:30.832,224605,-0.031,-5.619,-3.096,0.445,-0.076,1.137,-10.200,-31.500,0.150,36.5
13:51:30.833,224661,-0.115,-7.695,-2.495,0.878,-0.041,1.322,-10.200,-31.500,0.150,36.4
13:51:30.883,224715,-1.628,-8.054,-4.180,0.422,-0.713,1.416,-2.850,-33.000,1.950,36.3
13:51:30.988,224770,0.290,-9.663,-1.599,0.572,0.106,1.329,-2.850,-33.000,1.950,36.5
13:51:31.041,224825,-2.447,-9.043,-1.211,0.714,0.213,1.263,2.100,-32.250,5.250,36.4
13:51:31.094,224880,-3.259,-8.437,-1.889,0.545,0.084,1.027,2.100,-32.250,5.250,36.5
13:51:31.147,224935,-3.905,-7.954,-1.334,0.132,0.003,1.030,6.000,-31.800,7.050,36.2
13:51:31.199,224990,-4.511,-8.930,-1.003,-0.041,0.315,0.745,6.000,-31.800,7.050,36.3
13:51:31.251,225045,-4.068,-9.158,-0.792,-0.005,0.114,0.440,8.700,-31.500,7.800,36.5
13:51:31.303,225100,-4.618,-9.361,-0.682,0.092,0.141,0.102,11.400,-31.800,7.800,36.4
13:51:31.357,225155,-5.334,-9.261,-0.824,-0.146,0.005,-0.100,11.400,-31.800,7.800,36.5
13:51:31.408,225210,-5.239,-10.204,-1.171,-0.371,0.019,-0.225,9.600,-33.150,7.650,36.3
13:51:31.461,225265,-4.396,-9.936,-1.422,-0.384,-0.034,-0.238,9.600,-33.150,7.650,36.4
13:51:31.514,225320,-4.216,-9.878,-1.528,-0.325,-0.271,-0.441,9.600,-33.150,7.650,36.4
13:51:31.567,225375,-4.037,-10.192,-1.092,-0.063,-0.294,-0.531,9.600,-33.150,7.650,36.5
13:51:31.619,225430,-3.867,-10.482,-1.085,0.087,-0.441,-0.489,9.600,-33.150,7.650,36.6
13:51:31.672,225485,-3.934,-10.760,-1.092,0.107,-0.407,-0.358,9.600,-33.150,7.650,36.3
13:51:31.723,225540,-4.791,-12.974,-0.124,0.282,-0.328,0.092,4.050,-35.850,7.800,36.5
13:51:31.776,225595,-6.893,-14.815,0.534,0.705,-0.648,0.454,4.050,-35.850,7.800,36.5
13:51:31.829,225650,-5.136,-12.814,0.395,0.554,-0.486,0.397,5.400,-35.250,10.500,36.6
13:51:31.880,225705,-5.215,-11.303,0.072,0.348,-0.420,0.385,8.250,-34.050,13.650,36.3
13:51:31.933,225760,-3.891,-10.623,-0.048,0.334,-0.093,-0.012,8.250,-34.050,13.650,36.5
13:51:31.987,225815,-3.934,-9.907,0.266,0.260,0.046,-0.159,10.500,-32.700,15.300,36.5
13:51:32.039,225870,-2.887,-8.550,0.888,0.155,0.212,-0.681,10.500,-32.700,15.300,36.3
13:51:32.143,225925,-2.313,-7.065,0.651,-0.298,0.287,-0.972,7.050,-33.000,15.150,36.3
13:51:32.196,225980,-2.253,-6.687,-0.249,-0.597,0.509,-0.930,7.050,-33.000,15.150,36.3
13:51:32.248,226035,-3.038,-8.686,0.273,-0.631,0.781,-1.021,2.250,-35.250,12.000,36.3
13:51:32.301,226090,-1.030,-7.673,-0.862,-0.994,0.419,-0.995,2.250,-35.250,12.000,36.3
13:51:32.353,226145,0.089,-7.192,-1.290,-1.219,0.451,-1.099,-0.300,-36.000,10.200,36.5
13:51:32.406,226200,0.007,-5.610,-2.205,-0.862,0.246,-0.969,-6.000,-34.050,4.500,36.6
13:51:32.459,226255,0.314,-6.912,-1.001,-0.318,0.301,-0.345,-6.000,-34.050,4.500,36.6
13:51:32.512,226310,0.079,-5.868,-2.459,-0.126,-0.101,0.633,-6.000,-34.050,4.500,36.5
13:51:32.615,226365,0.479,-6.881,-2.210,0.352,-0.439,1.061,-6.000,-34.050,4.500,36.7
13:51:32.617,226420,-1.681,-8.226,-1.614,0.582,-0.257,1.187,-6.000,-34.050,4.500,36.3
13:51:32.669,226475,-1.968,-8.270,-1.537,0.493,-0.259,1.094,-6.000,-34.050,4.500,36.1
13:51:32.720,226530,-2.629,-8.672,-1.465,0.234,0.051,0.860,1.500,-34.650,6.450,36.2
13:51:32.773,226585,-3.055,-9.519,-1.286,0.100,0.197,0.746,1.500,-34.650,6.450,36.3
13:51:32.826,226640,-3.491,-9.938,-1.125,-0.094,0.354,0.488,4.200,-34.650,5.100,36.7
13:51:32.879,226695,-3.847,-9.867,-1.358,-0.194,0.581,0.325,4.200,-34.650,5.100,36.5
13:51:32.931,226750,-3.227,-10.058,-1.891,-0.236,0.698,0.206,6.000,-33.300,6.000,36.4
13:51:33.036,226805,-3.926,-10.357,-2.073,-0.212,0.373,0.149,4.200,-33.150,4.650,36.7
13:51:33.037,226860,-3.692,-10.353,-1.937,-0.230,0.362,-0.088,4.200,-33.150,4.650,36.3
13:51:33.088,226915,-4.250,-10.154,-2.411,-0.244,0.375,-0.057,5.400,-34.650,2.850,36.0
13:51:33.142,226970,-3.524,-9.972,-1.949,-0.161,0.333,-0.067,5.400,-34.650,2.850,36.6
13:51:33.194,227025,-3.160,-9.366,-2.274,-0.088,0.083,-0.217,4.800,-34.800,2.250,36.5
13:51:33.298,227080,-3.821,-9.318,-2.308,-0.097,-0.136,-0.298,4.800,-34.800,2.250,36.5
13:51:33.350,227135,-3.551,-10.163,-2.425,-0.115,-0.460,-0.254,3.300,-34.800,6.300,36.5
13:51:33.403,227190,-3.582,-11.143,-2.514,-0.014,-0.500,-0.087,3.300,-34.800,6.300,36.5
13:51:33.455,227245,-6.182,-13.685,-2.143,0.528,-0.798,-0.021,3.300,-34.800,6.300,36.3
13:51:33.509,227300,-7.705,-14.332,-1.595,0.755,-1.167,0.082,3.300,-34.800,6.300,36.3
13:51:33.561,227355,-5.040,-12.965,-1.310,0.610,-0.679,0.048,3.300,-34.800,6.300,36.4
13:51:33.665,227410,-2.464,-11.308,-0.706,0.579,-0.307,-0.043,3.300,-34.800,6.300,36.6
13:51:33.667,227465,-2.143,-9.395,-0.735,0.277,-0.245,-0.064,3.300,-34.800,6.300,36.6
13:51:33.719,227520,-2.382,-8.667,-0.141,0.007,0.024,-0.316,3.750,-34.200,12.300,36.3
13:51:33.770,227575,-2.418,-8.076,-0.022,-0.284,0.211,-0.489,3.750,-34.200,12.300,36.3
13:51:33.823,227630,-2.605,-7.946,-0.096,-0.476,0.432,-0.641,3.450,-35.250,12.000,36.5
13:51:33.877,227685,-1.736,-7.590,-0.512,-0.828,0.768,-0.903,3.450,-35.250,12.000,36.3
13:51:33.928,227740,-2.717,-8.145,0.089,-0.357,-0.139,-1.033,1.500,-33.900,8.400,36.5
13:51:33.981,227795,-0.754,-8.550,-1.039,-0.431,0.323,-1.366,-4.350,-34.050,7.350,36.5
13:51:34.034,227850,-0.642,-8.782,-1.985,-0.422,0.183,-1.328,-4.350,-34.050,7.350,36.5
13:51:34.085,227905,-0.055,-7.784,-2.358,-0.788,0.192,-1.311,-10.800,-33.150,3.900,36.5
13:51:34.138,227960,0.948,-7.053,-3.484,-1.086,-0.213,-0.819,-10.800,-33.150,3.900,36.7
13:51:34.190,228015,1.925,-6.359,-2.483,-0.052,0.318,0.044,-13.950,-31.350,1.350,36.5
13:51:34.243,228070,1.652,-6.541,-3.031,0.490,-0.334,1.337,-13.950,-31.350,1.350,36.3
13:51:34.347,228125,0.931,-7.245,-2.928,0.748,-0.497,1.442,-9.600,-32.400,1.800,36.3
13:51:34.400,228180,-2.033,-9.199,-1.379,0.673,-0.836,1.325,-9.600,-32.400,1.800,36.5
13:51:34.454,228235,-1.020,-9.134,-1.666,0.450,-0.313,1.193,-9.600,-32.400,1.800,36.7
13:51:34.506,228290,-2.397,-8.935,-1.295,0.304,-0.016,1.055,-9.600,-32.400,1.800,36.6
13:51:34.559,228345,-2.574,-9.584,-0.721,0.387,-0.100,0.960,-9.600,-32.400,1.800,36.6
13:51:34.612,228400,-3.328,-9.481,-0.721,0.209,0.067,0.861,3.750,-32.700,10.200,36.5
13:51:34.664,228455,-4.061,-9.515,-0.373,0.168,0.102,0.641,3.750,-32.700,10.200,36.2
13:51:34.717,228510,-4.413,-10.171,-0.175,0.088,0.086,0.431,7.350,-34.200,8.400,36.6
13:51:34.768,228565,-4.623,-10.247,-0.120,0.220,-0.116,0.324,7.350,-34.200,8.400,36.5
13:51:34.820,228620,-4.527,-10.068,0.266,0.079,0.129,-0.049,7.650,-34.200,10.950,36.5
13:51:34.873,228675,-4.683,-9.529,-0.141,-0.182,0.070,-0.078,7.650,-34.200,10.950,36.4
13:51:34.925,228730,-4.271,-9.512,-0.517,-0.381,0.070,-0.122,7.500,-34.050,11.100,36.7
13:51:34.978,228785,-4.257,-9.814,-1.039,-0.501,-0.097,0.021,7.500,-34.050,11.100,36.5
13:51:35.032,228840,-4.020,-10.197,-1.008,-0.411,-0.008,-0.084,5.700,-35.700,9.000,36.5
13:51:35.136,228895,-5.684,-12.277,-0.812,-0.098,-0.117,0.190,7.050,-34.050,8.550,36.6
13:51:35.137,228950,-7.408,-14.267,-0.692,0.246,-0.516,0.440,7.050,-34.050,8.550,36.5
13:51:35.189,229005,-6.495,-12.210,0.069,0.587,-0.414,0.314,9.300,-34.650,9.000,36.3
13:51:35.241,229060,-5.662,-10.568,0.443,0.257,-0.143,0.176,9.300,-34.650,9.000,36.7
13:51:35.294,229115,-4.889,-9.603,-0.232,0.067,-0.148,-0.075,9.600,-32.700,12.300,36.5
13:51:35.345,229170,-2.981,-9.263,-0.405,-0.461,0.130,-0.201,9.600,-32.700,12.300,36.5
13:51:35.398,229225,-4.934,-9.158,-0.081,-0.717,0.096,-0.309,9.600,-32.700,12.300,36.3
13:51:35.451,229280,-3.455,-9.002,-0.821,-0.976,0.614,-0.432,9.600,-32.700,12.300,36.4
13:51:35.503,229335,-3.211,-8.614,-1.705,-1.108,0.314,-0.753,9.600,-32.700,12.300,36.6
13:51:35.609,229390,-1.645,-8.693,-1.279,-0.779,0.524,-1.057,9.600,-32.700,12.300,36.6
13:51:35.662,229445,-1.590,-7.403,-2.377,-0.630,0.693,-1.148,5.700,-31.350,2.550,36.6
13:51:35.766,229500,-1.834,-7.877,-1.611,-0.293,1.192,-1.174,-1.050,-29.550,-0.300,36.6
13:51:35.768,229555,-1.094,-6.965,-3.124,-0.313,1.174,-1.161,-1.050,-29.550,-0.300,36.6
13:51:35.818,229610,-0.395,-5.756,-4.085,-0.565,0.766,-1.203,-9.000,-30.750,-3.000,36.6
13:51:35.871,229665,-1.097,-5.174,-3.349,0.152,0.551,-0.260,-9.000,-30.750,-3.000,36.4
13:51:35.924,229720,-0.373,-5.744,-4.044,0.198,-0.106,1.011,-10.500,-29.100,-2.550,36.3
13:51:35.977,229775,-0.986,-6.881,-3.843,0.318,-0.441,1.277,-10.500,-29.100,-2.550,36.7
13:51:36.028,229830,-2.061,-7.434,-3.383,0.424,0.031,1.079,-6.150,-31.350,-1.050,36.7
13:51:36.082,229885,-2.418,-8.303,-3.831,0.142,-0.445,1.087,-6.150,-31.350,-1.050,36.5
13:51:36.133,229940,-1.425,-9.146,-2.737,0.266,-0.501,0.886,-0.900,-31.800,0.150,36.5
13:51:36.187,229995,-2.385,-9.550,-2.078,0.189,-0.461,0.758,2.100,-31.500,1.200,36.7
13:51:36.238,230050,-3.709,-9.634,-2.538,0.122,-0.340,0.608,2.100,-31.500,1.200,36.7
13:51:36.291,230105,-3.098,-9.416,-2.545,-0.032,0.016,0.318,2.100,-31.500,1.200,36.6
13:51:36.344,230160,-3.826,-9.821,-2.758,-0.249,0.127,0.366,2.100,-31.500,1.200,36.5
13:51:36.397,230215,-3.979,-10.044,-2.693,-0.169,0.071,0.215,2.100,-31.500,1.200,36.4
13:51:36.449,230270,-3.836,-9.833,-2.212,-0.189,0.182,0.147,2.100,-31.500,1.200,36.6
13:51:36.502,230325,-4.137,-9.661,-2.660,-0.246,0.326,0.176,6.900,-33.150,0.300,36.5
13:51:36.554,230380,-4.958,-9.955,-3.005,-0.181,0.135,0.290,6.900,-33.150,0.300,36.5
13:51:36.607,230435,-5.404,-9.766,-2.610,0.211,0.388,0.090,7.650,-32.100,1.350,36.0
13:51:36.659,230490,-6.479,-10.659,-3.328,0.088,-0.168,-0.019,7.650,-32.100,1.350,36.5
13:51:36.764,230545,-9.658,-14.538,-2.375,0.369,-0.324,0.557,6.600,-33.150,1.350,36.6
13:51:36.816,230600,-8.511,-13.139,-1.635,0.415,-0.789,0.635,8.250,-33.600,4.800,36.5
13:51:36.868,230655,-6.725,-10.642,-2.102,0.171,-0.809,0.419,8.250,-33.600,4.800,36.7
13:51:36.921,230710,-6.024,-9.766,-1.583,0.071,-0.864,0.029,12.600,-30.450,5.250,36.6
13:51:36.974,230765,-5.114,-9.675,-1.523,0.054,-0.752,-0.356,12.600,-30.450,5.250,36.5
13:51:37.027,230820,-3.067,-8.811,-1.257,0.347,-0.141,-0.862,13.200,-30.300,7.650,36.2
13:51:37.079,230875,-5.006,-7.963,-0.089,0.312,0.110,-1.232,13.200,-30.300,7.650,36.5
13:51:37.131,230930,-2.964,-6.256,-1.149,-0.358,-0.142,-1.232,8.550,-33.150,9.450,36.5
13:51:37.184,230985,-3.191,-8.171,-0.716,-0.797,0.283,-1.221,8.550,-33.150,9.450,36.3
13:51:37.237,231040,-1.226,-8.679,-1.125,-1.387,0.863,-1.155,2.250,-32.100,5.100,36.6
13:51:37.289,231095,-0.788,-7.958,-1.496,-0.962,0.511,-1.273,2.250,-32.100,5.100,36.5
13:51:37.341,231150,-0.634,-7.604,-2.485,-0.686,0.535,-1.384,2.250,-32.100,5.100,36.6
13:51:37.394,231205,-1.760,-8.521,-2.686,-0.368,0.740,-1.652,2.250,-32.100,5.100,36.5
13:51:37.447,231260,0.953,-5.969,-2.907,-0.500,1.152,-1.469,2.250,-32.100,5.100,36.6
13:51:37.498,231315,-1.120,-5.042,-4.211,0.074,0.359,0.279,-17.850,-29.550,-4.650,36.5
13:51:37.551,231370,0.625,-5.648,-3.864,0.413,0.113,1.627,-17.850,-29.550,-4.650,36.6
13:51:37.656,231425,-0.156,-7.300,-3.103,0.524,-0.506,1.495,-13.200,-30.900,-1.350,36.5
13:51:37.658,231480,-1.429,-9.050,-2.404,0.188,-0.748,1.278,-13.200,-30.900,-1.350,36.7
13:51:37.709,231535,-0.982,-8.744,-2.863,0.173,-0.292,1.064,-7.350,-31.350,-0.600,36.5
13:51:37.762,231590,-1.597,-9.187,-2.866,0.183,-0.730,1.002,-7.350,-31.350,-0.600,36.3
13:51:37.813,231645,-1.927,-9.835,-2.734,0.299,-0.765,0.958,-1.050,-33.150,2.100,36.3
13:51:37.918,231700,-3.309,-9.129,-2.588,0.262,-0.554,0.746,2.850,-31.800,3.450,36.4
13:51:37.971,231755,-3.419,-8.899,-2.959,0.224,-0.415,0.522,2.850,-31.800,3.450,36.6
13:51:38.024,231810,-3.766,-9.902,-2.643,0.404,-0.394,0.214,4.800,-33.600,5.550,36.5
13:51:38.077,231865,-3.567,-9.579,-1.915,0.383,-0.508,-0.059,4.800,-33.600,5.550,36.5
13:51:38.128,231920,-3.994,-10.618,-1.252,0.201,-0.312,-0.172,6.750,-34.800,9.300,36.4
13:51:38.181,231975,-3.440,-10.427,-1.070,-0.091,-0.312,0.014,6.750,-34.800,9.300,36.3
13:51:38.234,232030,-3.986,-10.341,-0.970,-0.333,-0.267,0.083,6.900,-35.250,8.700,36.3
13:51:38.287,232085,-3.680,-10.520,-0.697,-0.540,-0.270,0.063,6.900,-35.250,8.700,36.5
13:51:38.338,232140,-5.605,-12.246,-0.728,-0.410,-0.196,0.215,6.900,-35.250,8.700,36.5
13:51:38.391,232195,-5.971,-14.152,0.936,0.298,-0.132,0.134,6.900,-35.250,8.700,36.7
13:51:38.444,232250,-6.687,-14.432,0.893,0.567,-0.359,0.188,6.900,-35.250,8.700,36.8
13:51:38.497,232305,-5.859,-12.996,-0.034,0.520,-0.338,0.289,10.050,-36.750,11.700,36.9
13:51:38.549,232360,-4.621,-11.439,0.402,0.245,-0.191,-0.059,10.050,-36.750,11.700,36.3
13:51:38.602,232415,-3.747,-9.828,0.204,0.018,0.050,-0.371,8.100,-34.200,12.750,36.1
13:51:38.654,232470,-2.545,-9.263,-0.522,-0.434,0.314,-0.600,8.100,-34.200,12.750,36.6
13:51:38.705,232525,-2.057,-7.973,-0.929,-0.722,0.376,-0.722,7.500,-35.550,9.600,36.6
13:51:38.758,232580,-3.476,-7.927,-0.917,-0.763,0.620,-0.989,7.500,-35.550,9.600,36.8
13:51:38.810,232635,-1.166,-7.518,-1.935,-0.904,0.501,-1.005,3.300,-34.350,6.000,36.7
13:51:38.864,232690,-2.270,-8.071,-1.958,-0.840,0.929,-1.059,3.300,-34.350,6.000,36.5
13:51:38.916,232745,-1.101,-6.273,-2.131,-1.187,0.606,-1.205,-1.350,-33.600,2.250,36.7
13:51:38.968,232800,-2.531,-6.148,-2.224,-0.966,0.114,-0.845,-6.150,-30.900,-2.550,36.4
13:51:39.073,232855,1.595,-5.933,-2.835,-0.334,0.312,-0.621,-6.150,-30.900,-2.550,36.6
13:51:39.126,232910,-1.204,-6.390,-3.407,0.098,0.634,0.067,-10.500,-30.900,-4.650,36.5
13:51:39.179,232965,-0.208,-5.760,-3.821,0.288,-0.171,1.086,-10.500,-30.900,-4.650,36.4
13:51:39.232,233020,-1.271,-7.599,-3.323,0.541,-0.449,1.390,-10.500,-30.900,-4.650,36.7
13:51:39.283,233075,-1.686,-8.712,-3.005,0.742,-0.563,1.067,-10.500,-30.900,-4.650,36.6
13:51:39.336,233130,-2.866,-9.361,-2.624,0.602,-0.220,0.876,-10.500,-30.900,-4.650,36.6
13:51:39.389,233185,-1.923,-9.187,-1.834,0.588,0.070,0.511,-10.500,-30.900,-4.650,36.3
13:51:39.442,233240,-3.433,-9.141,-2.552,0.380,0.119,0.644,0.900,-35.100,3.450,36.6
13:51:39.494,233295,-2.306,-9.321,-2.497,0.624,0.415,0.633,1.800,-36.450,5.850,36.6
13:51:39.547,233350,-2.945,-9.694,-2.210,0.470,0.337,0.695,1.800,-36.450,5.850,36.7
13:51:39.599,233405,-4.468,-9.752,-1.465,0.321,0.525,0.780,4.950,-36.450,7.950,36.5
13:51:39.652,233460,-6.053,-11.353,-0.611,0.187,0.162,0.858,4.950,-36.450,7.950,36.6
13:51:39.704,233515,-6.440,-11.937,-0.594,0.032,-0.127,0.695,9.300,-35.700,9.750,36.4
13:51:39.757,233570,-7.570,-13.625,0.611,0.220,-0.471,0.304,9.300,-35.700,9.750,36.3
13:51:39.809,233625,-6.831,-12.603,0.400,0.186,-0.190,-0.158,10.500,-33.450,10.950,36.3
13:51:39.861,233680,-5.430,-11.902,0.472,0.230,-0.181,-0.333,10.500,-33.450,10.950,36.8
13:51:39.913,233735,-4.918,-10.458,-0.385,-0.050,-0.070,-0.609,9.600,-35.250,12.300,36.5
13:51:39.966,233790,-3.982,-9.934,-0.014,-0.436,-0.072,-0.844,9.600,-35.250,12.300,36.7
13:51:40.019,233845,-2.933,-8.866,-0.824,-0.859,0.069,-0.969,7.050,-36.900,11.400,36.6
13:51:40.072,233900,-2.243,-8.131,-1.034,-1.058,0.490,-1.191,3.300,-36.600,7.350,36.7
13:51:40.123,233955,-1.618,-7.427,-1.204,-1.001,0.194,-1.345,3.300,-36.600,7.350,36.5
13:51:40.229,234010,-1.331,-7.575,-1.199,-0.760,0.242,-1.291,3.300,-36.600,7.350,36.6
13:51:40.282,234065,-2.308,-8.480,-1.271,-0.819,0.196,-1.529,3.300,-36.600,7.350,36.5
13:51:40.334,234120,0.692,-5.272,-4.542,-1.970,-0.250,-2.100,3.300,-36.600,7.350,36.5
13:51:40.387,234175,1.101,-7.728,-2.315,-0.768,0.250,-1.456,3.300,-36.600,7.350,36.5
13:51:40.439,234230,-0.273,-6.773,-3.960,0.015,-0.160,0.671,-18.000,-30.000,-7.050,36.6
13:51:40.491,234285,0.251,-6.354,-4.903,0.269,-0.473,1.665,-18.000,-30.000,-7.050,36.6
13:51:40.543,234340,-0.996,-7.022,-4.573,0.369,-0.186,1.314,-12.750,-30.300,-6.900,36.5
13:51:40.596,234395,-1.156,-8.550,-4.913,0.182,-0.914,1.259,-6.900,-32.100,-4.350,36.4
13:51:40.649,234450,-2.251,-9.074,-3.440,0.364,-0.153,1.156,-6.900,-32.100,-4.350,36.7
13:51:40.702,234505,-1.441,-8.744,-3.852,0.541,-0.183,0.910,-1.800,-33.450,-3.150,36.6
13:51:40.805,234560,-1.422,-9.273,-3.472,0.920,0.115,0.760,-1.800,-33.450,-3.150,36.7
13:51:40.857,234615,-2.981,-8.861,-2.794,1.028,-0.027,0.608,1.650,-35.100,1.200,36.5
13:51:40.859,234670,-3.120,-9.764,-2.720,1.035,0.069,0.402,1.650,-35.100,1.200,36.7
13:51:40.911,234725,-3.361,-9.443,-2.150,0.914,0.282,0.487,4.050,-36.600,5.250,36.5
13:51:40.963,234780,-4.137,-9.795,-0.960,0.938,0.128,0.355,4.050,-36.600,5.250,36.3
13:51:41.016,234835,-4.408,-10.300,-0.692,0.713,0.080,0.320,6.000,-38.700,11.850,36.7
13:51:41.069,234890,-4.451,-9.783,-0.400,0.567,0.008,0.339,6.000,-38.700,11.850,36.5
13:51:41.172,234945,-3.778,-9.771,0.390,0.580,-0.028,0.341,6.000,-38.700,11.850,36.9
13:51:41.227,235000,-4.286,-9.529,1.087,0.580,-0.174,0.316,6.000,-38.700,11.850,36.8
13:51:41.228,235055,-5.069,-9.124,0.929,0.513,-0.249,0.247,6.000,-38.700,11.850,36.6
13:51:41.278,235110,-4.980,-9.299,1.788,0.531,-0.109,0.088,10.200,-39.750,21.750,36.5
13:51:41.383,235165,-5.531,-9.210,1.990,0.370,-0.033,-0.030,10.200,-39.750,21.750,36.4
13:51:41.436,235220,-7.094,-10.846,2.442,-0.097,-0.121,-0.054,9.300,-40.350,24.750,36.7
13:51:41.489,235275,-8.021,-12.452,2.701,-0.272,-0.173,0.099,9.300,-40.350,24.750,36.6
13:51:41.542,235330,-6.668,-12.534,2.394,-0.186,-0.197,0.134,9.000,-39.750,24.300,36.5
13:51:41.645,235385,-5.890,-11.581,1.992,-0.098,-0.141,-0.012,9.000,-39.750,24.300,36.3
13:51:41.647,235440,-4.963,-10.460,1.906,-0.338,-0.012,-0.300,10.650,-39.450,23.100,36.6
13:51:41.698,235495,-3.706,-9.847,1.726,-0.584,0.161,-0.588,9.900,-40.500,20.250,36.7
13:51:41.751,235550,-3.816,-9.759,1.918,-0.598,-0.009,-0.787,9.900,-40.500,20.250,36.6
13:51:41.804,235605,-3.026,-9.488,1.250,-0.614,0.144,-0.924,3.450,-39.300,15.600,36.6
13:51:41.855,235661,-1.726,-8.346,-0.048,-0.720,0.329,-1.034,3.450,-39.300,15.600,36.5
13:51:41.908,235715,-1.652,-8.157,-0.558,-0.728,0.473,-1.174,-1.800,-39.600,12.000,36.6
13:51:41.960,235770,-2.296,-7.848,-0.773,-0.907,0.768,-1.457,-1.800,-39.600,12.000,36.5
13:51:42.013,235825,-0.941,-5.727,-2.045,-1.304,0.698,-1.767,-9.450,-38.400,7.350,36.4
13:51:42.067,235880,-0.661,-5.665,-1.963,-0.983,-0.030,-1.444,-9.450,-38.400,7.350,36.5
13:51:42.119,235935,-0.242,-6.627,-1.240,-0.240,-0.191,-0.094,-9.450,-38.400,7.350,36.1
13:51:42.170,235990,-0.038,-5.784,-3.153,0.209,-0.129,1.183,-9.450,-38.400,7.350,36.5
13:51:42.223,236045,-1.085,-6.934,-2.253,0.463,-0.508,1.535,-9.450,-38.400,7.350,36.7
13:51:42.275,236100,-1.846,-8.071,-3.026,0.598,-0.936,1.385,-5.550,-39.150,3.000,36.7
13:51:42.328,236155,-2.447,-9.072,-1.678,0.733,-0.427,0.920,-5.550,-39.150,3.000,36.6
13:51:42.380,236210,-3.187,-9.282,-0.496,0.631,-0.285,0.546,-0.750,-38.850,7.650,36.6
13:51:42.433,236265,-3.057,-9.543,-0.024,0.565,-0.373,0.399,-0.750,-38.850,7.650,36.5
13:51:42.539,236320,-0.977,-8.320,-0.814,0.404,-0.103,0.130,0.750,-40.350,10.500,36.2
13:51:42.592,236375,-3.007,-9.598,-0.603,0.434,0.141,-0.017,0.750,-40.350,10.500,36.5
13:51:42.696,236430,-2.076,-10.427,-0.484,0.178,-0.140,0.165,1.650,-41.250,14.400,36.7
13:51:42.698,236485,-2.763,-11.140,-0.625,0.055,0.089,0.298,1.650,-41.250,14.400,36.5
13:51:42.749,236540,-3.488,-11.547,0.079,0.188,-0.198,0.334,-0.450,-42.000,17.700,36.6
13:51:42.802,236595,-3.503,-10.841,0.151,0.244,-0.350,0.213,4.650,-42.900,19.350,36.5
13:51:42.854,236650,-3.694,-10.513,0.611,0.220,-0.187,0.265,4.650,-42.900,19.350,36.8
13:51:42.905,236705,-3.524,-10.214,1.944,0.314,0.073,0.430,5.400,-43.200,22.650,36.3
13:51:42.959,236760,-3.692,-10.642,2.306,0.442,0.159,0.332,5.400,-43.200,22.650,36.8
13:51:43.010,236815,-6.476,-11.406,2.114,0.507,-0.074,0.359,8.850,-43.200,22.950,36.6
13:51:43.063,236870,-8.665,-12.007,1.776,0.090,-0.184,0.452,8.850,-43.200,22.950,36.5
13:51:43.117,236925,-8.420,-12.311,2.411,-0.264,-0.292,0.286,8.850,-43.200,22.950,36.7
13:51:43.168,236980,-6.448,-12.098,2.164,-0.303,-0.369,0.209,8.850,-43.200,22.950,36.4
13:51:43.221,237035,-5.389,-10.745,1.745,-0.320,-0.274,-0.010,8.850,-43.200,22.950,36.6
13:51:43.273,237090,-4.717,-10.132,2.095,-0.313,-0.350,-0.473,11.550,-39.300,23.700,36.1
13:51:43.326,237145,-3.551,-8.784,1.295,-0.557,-0.238,-0.830,11.550,-39.300,23.700,36.4
13:51:43.378,237200,-1.872,-8.095,1.118,-0.722,-0.553,-0.980,6.600,-40.050,20.100,36.6
13:51:43.431,237255,-2.796,-8.401,0.594,-0.742,0.148,-1.275,6.600,-40.050,20.100,36.7
13:51:43.484,237310,-1.927,-6.926,-0.450,-0.916,0.128,-1.474,0.900,-39.450,13.950,36.4
13:51:43.537,237365,-2.277,-7.566,-0.108,-0.945,0.579,-1.629,0.900,-39.450,13.950,36.6
13:51:43.589,237420,-1.434,-5.866,-1.628,-1.147,0.402,-1.717,-7.650,-39.600,10.200,36.7
13:51:43.693,237475,0.754,-5.499,-1.460,-1.322,0.655,-1.758,-7.650,-39.600,10.200,36.5
13:51:43.745,237530,-2.837,-5.499,-1.240,-0.153,0.589,-0.374,-17.100,-38.250,4.650,36.4
13:51:43.798,237585,1.027,-5.914,-2.483,0.083,-0.394,1.302,-17.100,-38.250,4.650,36.6
13:51:43.851,237640,-0.151,-6.761,-2.959,0.160,-0.238,1.322,-15.450,-37.050,3.600,36.6
13:51:43.903,237695,-2.191,-8.600,-1.872,0.262,-0.284,1.336,-8.700,-37.350,5.550,36.5
13:51:43.956,237750,-1.678,-9.093,-1.863,0.382,-0.511,1.029,-8.700,-37.350,5.550,36.7
13:51:44.008,237805,-2.143,-9.572,-1.319,0.525,-0.136,0.652,-3.000,-39.600,6.150,36.7
13:51:44.060,237860,-2.629,-8.914,-2.167,0.240,-0.260,0.685,-3.000,-39.600,6.150,36.6
13:51:44.114,237915,-2.411,-9.816,-1.566,0.263,-0.001,0.314,-3.000,-39.600,6.150,36.6
13:51:44.166,237970,-1.863,-10.910,-0.946,0.194,0.147,0.074,-3.000,-39.600,6.150,36.4
13:51:44.218,238025,-2.650,-11.552,-1.310,0.249,-0.119,-0.106,-3.000,-39.600,6.150,36.5
13:51:44.271,238080,-1.882,-11.691,-0.781,0.373,-0.188,-0.150,-3.000,-39.600,6.150,36.8
13:51:44.324,238135,-2.444,-11.238,0.029,0.454,-0.168,-0.162,-0.150,-43.050,14.700,36.7
13:51:44.377,238190,-2.100,-10.681,0.579,0.622,-0.102,-0.102,-0.450,-43.800,17.700,36.7
13:51:44.429,238245,-2.004,-10.048,0.723,0.574,0.005,-0.242,-0.450,-43.800,17.700,36.7
13:51:44.482,238300,-2.488,-10.985,1.283,0.582,-0.081,-0.148,-2.850,-44.100,20.550,36.6
13:51:44.534,238355,-2.720,-11.040,1.204,0.254,0.152,0.124,-2.850,-44.100,20.550,36.5
13:51:44.587,238410,-5.219,-12.510,1.544,0.000,0.132,0.400,-2.400,-45.150,24.300,36.6
13:51:44.639,238465,-5.768,-14.463,1.750,-0.291,0.092,0.455,-2.400,-45.150,24.300,36.6
13:51:44.692,238520,-5.432,-13.707,1.654,-0.323,-0.173,0.460,0.900,-44.100,23.550,36.5
13:51:44.743,238575,-4.288,-12.605,1.662,-0.311,-0.198,0.270,0.900,-44.100,23.550,36.7
13:51:44.849,238630,-2.775,-11.317,0.867,-0.397,-0.369,0.001,3.450,-42.900,21.150,36.7
13:51:44.902,238685,-2.523,-9.685,0.266,-0.442,-0.250,-0.270,3.450,-42.900,21.150,36.5
13:51:44.953,238740,-1.913,-9.661,0.611,-0.496,-0.278,-0.489,2.400,-41.250,16.950,36.7
13:51:45.007,238795,-1.087,-9.007,0.618,-0.715,-0.323,-0.590,0.750,-40.350,14.550,36.7
13:51:45.110,238850,-0.895,-7.525,-0.579,-1.341,-0.505,-0.578,0.750,-40.350,14.550,36.6
13:51:45.112,238905,-1.528,-7.202,-0.663,-1.130,-0.341,-0.739,0.750,-40.350,14.550,36.7
13:51:45.215,238960,-1.662,-7.345,-0.850,-0.923,-0.184,-1.075,0.750,-40.350,14.550,36.6
13:51:45.217,239015,-0.151,-5.739,-1.556,-1.175,0.749,-1.393,0.750,-40.350,14.550,36.6
13:51:45.269,239070,-1.774,-4.946,-2.593,-0.888,-0.306,-0.670,0.750,-40.350,14.550,36.3
13:51:45.321,239125,-0.316,-5.842,-2.899,-0.066,0.050,0.604,-13.800,-34.350,-0.450,36.7
13:51:45.374,239180,-0.081,-5.471,-3.886,0.464,-0.630,1.420,-13.800,-34.350,-0.450,36.8
13:51:45.426,239235,-1.334,-7.223,-2.614,0.776,-0.412,1.586,-9.450,-36.150,-1.950,36.9
13:51:45.478,239290,-3.122,-8.622,-1.901,1.001,-0.082,1.342,-1.650,-37.650,2.700,36.5
13:51:45.532,239345,-2.552,-8.636,-1.343,0.894,0.079,0.878,-1.650,-37.650,2.700,36.6
13:51:45.584,239400,-3.771,-8.475,-1.164,0.891,0.291,0.839,3.000,-38.550,7.650,36.6
13:51:45.637,239455,-3.014,-8.911,-0.524,0.822,0.426,0.711,3.000,-38.550,7.650,36.4
13:51:45.689,239510,-3.654,-9.131,0.196,0.539,0.057,0.895,5.550,-39.750,11.400,36.5
13:51:45.742,239565,-4.111,-9.091,-0.857,0.164,0.506,0.582,5.550,-39.750,11.400,36.7
13:51:45.794,239620,-5.349,-11.858,0.421,0.301,0.308,0.380,7.500,-39.750,16.200,36.7
13:51:45.847,239675,-5.169,-10.930,-0.251,0.269,0.331,0.229,7.500,-39.750,16.200,36.7
13:51:45.898,239730,-5.399,-10.511,-0.419,0.441,0.168,0.321,9.600,-39.300,16.800,36.6
13:51:46.004,239785,-5.054,-10.144,-0.005,0.667,-0.100,0.329,9.600,-39.300,16.800,36.7
13:51:46.057,239840,-4.671,-9.440,0.050,0.697,-0.088,0.220,11.850,-40.950,21.750,36.5
13:51:46.108,239895,-7.204,-9.910,1.652,0.732,-0.115,0.394,11.550,-38.850,24.000,36.3
13:51:46.161,239950,-10.295,-10.949,3.175,0.364,-0.225,0.199,11.550,-38.850,24.000,36.8
13:51:46.265,240005,-8.612,-10.781,3.115,-0.131,-0.272,-0.142,11.550,-38.850,24.000,36.6
13:51:46.267,240060,-7.740,-11.600,3.026,-0.307,-0.287,-0.115,11.550,-38.850,24.000,36.6
13:51:46.371,240115,-6.256,-10.975,2.437,-0.090,-0.200,-0.197,11.550,-38.850,24.000,36.5
13:51:46.372,240170,-5.839,-9.850,2.047,-0.127,-0.454,-0.405,11.550,-38.850,24.000,36.5
13:51:46.424,240225,-4.872,-8.890,1.702,-0.371,-0.376,-0.672,12.900,-37.950,24.900,36.7
13:51:46.476,240280,-4.247,-8.341,1.554,-0.601,-0.358,-0.777,12.900,-37.950,24.900,36.5
13:51:46.581,240335,-3.148,-8.169,0.852,-0.634,0.257,-0.873,8.550,-39.300,22.950,36.3
13:51:46.583,240390,-3.017,-9.187,1.894,-0.361,0.126,-1.026,3.450,-38.550,18.900,36.9
13:51:46.685,240445,-2.919,-8.890,1.135,-0.345,-0.041,-1.268,3.450,-38.550,18.900,36.7
13:51:46.687,240500,-2.289,-7.317,-0.362,-0.699,0.030,-1.311,-2.400,-40.950,18.000,36.7
13:51:46.738,240555,-2.342,-7.264,-0.323,-1.102,0.052,-1.389,-2.400,-40.950,18.000,36.7
13:51:46.792,240610,0.453,-6.352,-1.348,-1.882,0.076,-1.352,-10.650,-39.150,13.650,36.5
13:51:46.844,240665,1.812,-6.108,0.132,-0.844,-0.004,-0.698,-10.650,-39.150,13.650,36.5
13:51:46.897,240720,0.790,-5.188,-1.008,0.274,0.232,0.715,-12.600,-39.750,4.800,36.7
13:51:46.949,240775,-0.215,-5.598,-1.911,0.669,-0.191,1.346,-12.600,-39.750,4.800,36.6
13:51:47.001,240830,-2.263,-7.518,-1.264,0.770,-0.490,1.336,-7.950,-41.250,7.050,36.7
13:51:47.104,240885,-2.569,-8.674,-0.579,0.747,0.032,1.104,-7.950,-41.250,7.050,36.6
13:51:47.158,240940,-3.905,-9.349,-0.263,0.612,0.351,0.666,-2.100,-40.950,11.100,36.4
13:51:47.211,240995,-3.045,-9.768,0.187,0.500,0.081,0.845,-2.100,-40.950,11.100,36.9
13:51:47.263,241050,-3.531,-10.163,0.256,0.510,0.212,0.246,-2.100,-40.950,11.100,36.5
13:51:47.316,241105,-2.600,-10.587,0.438,0.641,0.173,0.210,-2.100,-40.950,11.100,36.7
13:51:47.368,241160,-3.213,-11.633,1.602,0.902,0.014,0.148,-2.100,-40.950,11.100,36.7
13:51:47.421,241215,-3.405,-10.333,1.487,0.904,-0.503,0.206,-2.100,-40.950,11.100,36.6
13:51:47.473,241270,-4.460,-9.910,2.322,0.456,-0.394,0.432,-2.100,-40.950,11.100,36.7
13:51:47.526,241325,-4.149,-9.711,3.000,-0.020,-0.192,0.432,5.550,-39.750,31.950,36.7
13:51:47.579,241380,-3.484,-9.206,2.969,0.114,-0.236,0.389,5.550,-39.750,31.950,36.6
13:51:47.632,241435,-2.847,-8.583,2.756,0.356,-0.215,0.366,7.050,-41.250,31.950,36.6
13:51:47.684,241490,-3.926,-9.026,3.637,0.420,-0.499,0.465,7.500,-39.750,33.450,36.5
13:51:47.736,241545,-7.242,-10.113,4.664,0.201,-0.110,0.514,7.500,-39.750,33.450,36.7
13:51:47.893,241600,-8.382,-11.602,6.211,-0.230,-0.066,0.329,9.600,-38.250,36.150,36.8
13:51:47.946,241655,-6.900,-11.054,4.903,-0.423,0.046,0.098,9.600,-38.250,36.150,36.7
13:51:47.947,241710,-5.715,-10.807,3.996,-0.332,0.130,0.188,9.600,-38.250,33.600,36.5
13:51:47.950,241765,-5.535,-9.412,3.225,-0.402,0.280,0.066,9.600,-38.250,33.600,36.7
13:51:48.049,241820,-5.605,-9.227,3.163,-0.576,0.359,-0.098,12.150,-38.400,32.250,36.6
13:51:48.051,241875,-4.281,-8.698,2.643,-0.687,0.298,-0.432,12.150,-38.400,32.250,36.7
13:51:48.103,241930,-4.302,-8.404,2.169,-0.593,0.257,-0.669,12.000,-37.800,26.250,36.7
13:51:48.156,241985,-4.762,-7.432,1.760,-0.700,-0.039,-0.875,8.250,-38.400,23.100,36.7
13:51:48.208,242040,-3.582,-7.611,0.551,-0.863,-0.171,-1.093,8.250,-38.400,23.100,36.5
13:51:48.313,242095,-2.772,-8.107,0.773,-0.781,0.182,-1.216,8.250,-38.400,23.100,36.5
13:51:48.367,242150,-3.464,-7.690,-0.108,-1.061,0.243,-1.356,8.250,-38.400,23.100,36.8
13:51:48.419,242205,-1.307,-8.466,-0.115,-1.241,0.593,-1.662,8.250,-38.400,23.100,36.7
13:51:48.523,242260,-0.290,-6.287,-0.634,-1.209,0.211,-1.553,8.250,-38.400,23.100,36.6
13:51:48.525,242315,0.098,-5.626,-1.075,-0.461,-0.164,-0.293,8.250,-38.400,23.100,36.7
13:51:48.577,242370,-0.213,-5.631,-1.743,0.147,-0.502,1.014,8.250,-38.400,23.100,36.5
13:51:48.628,242425,0.460,-5.971,-2.286,0.431,-0.208,1.176,-9.600,-38.550,7.950,36.7
13:51:48.681,242480,-1.858,-7.745,-2.035,0.577,-0.296,1.144,-9.600,-38.550,7.950,36.5
13:51:48.734,242535,-1.793,-8.308,-1.171,0.620,0.301,1.009,-4.200,-40.650,7.650,36.6
13:51:48.787,242590,-4.626,-9.577,-0.376,0.483,0.507,0.951,2.100,-42.750,11.400,36.3
13:51:48.839,242645,-4.221,-10.020,-1.065,0.211,0.200,0.828,2.100,-42.750,11.400,36.7
13:51:48.892,242700,-5.069,-10.439,-0.699,0.105,0.508,0.689,6.000,-40.500,11.850,36.7
13:51:48.944,242755,-4.245,-10.530,-0.527,0.132,0.454,0.432,6.000,-40.500,11.850,36.6
13:51:48.996,242810,-4.307,-10.477,-0.522,0.346,0.235,0.386,8.550,-39.600,14.550,36.6
13:51:49.048,242865,-3.867,-9.828,-0.371,0.549,-0.123,0.435,8.550,-39.600,14.550,36.7
13:51:49.102,242920,-4.518,-9.946,0.168,0.595,-0.287,0.511,10.650,-40.950,17.700,36.6
13:51:49.153,242975,-4.638,-9.608,0.615,0.629,-0.244,0.544,10.650,-40.950,17.700,36.9
13:51:49.206,243030,-5.109,-8.969,0.965,0.475,-0.137,0.805,12.150,-39.150,22.350,36.4
13:51:49.258,243085,-5.583,-8.282,1.453,0.422,-0.173,0.746,14.700,-37.050,26.250,36.8
13:51:49.310,243140,-6.127,-7.887,1.465,0.398,0.006,0.793,14.700,-37.050,26.250,36.7
13:51:49.364,243195,-6.658,-7.805,1.990,0.448,0.112,0.672,14.700,-37.050,26.250,36.8
13:51:49.469,243250,-10.953,-8.447,2.133,0.115,0.124,0.228,14.700,-37.050,26.250,36.5
13:51:49.521,243305,-9.816,-9.328,2.667,-0.301,0.281,-0.312,14.700,-37.050,26.250,36.8
13:51:49.625,243360,-8.411,-10.125,2.962,-0.373,0.015,-0.304,14.700,-37.050,26.250,36.7
13:51:49.627,243415,-7.700,-9.562,2.119,-0.377,-0.055,-0.417,18.600,-37.500,25.950,36.5
13:51:49.679,243470,-8.382,-9.756,2.387,-0.322,-0.142,-0.678,18.600,-37.500,25.950,36.7
13:51:49.732,243525,-5.713,-8.344,1.245,-0.513,-0.367,-0.942,17.100,-35.250,24.450,36.8
13:51:49.784,243580,-4.757,-7.547,0.280,-0.523,-0.434,-0.995,17.100,-35.250,24.450,36.8
13:51:49.837,243635,-3.812,-8.873,1.020,-0.596,-0.031,-1.043,9.900,-39.150,22.050,36.6
13:51:49.889,243690,-3.452,-7.848,0.122,-0.557,-0.179,-1.053,6.150,-40.050,18.900,36.6
13:51:49.942,243745,-3.364,-8.569,0.711,-0.730,0.273,-1.285,6.150,-40.050,18.900,36.6
13:51:50.046,243800,-2.555,-8.083,0.108,-0.907,0.856,-1.524,0.000,-38.550,14.850,36.5
13:51:50.098,243855,-0.378,-6.862,-1.528,-0.930,0.920,-1.856,0.000,-38.550,14.850,36.7
13:51:50.150,243910,-0.134,-6.704,-0.982,-1.265,1.058,-1.938,-8.850,-40.650,9.750,36.7
13:51:50.152,243965,0.510,-5.547,-1.295,-0.670,0.286,-1.138,-8.850,-40.650,9.750,36.6
13:51:50.203,244020,1.109,-5.842,-1.776,0.065,0.510,0.594,-17.100,-38.550,4.350,36.7
13:51:50.255,244075,0.917,-5.705,-3.093,0.192,0.026,1.381,-17.100,-38.550,4.350,36.7
13:51:50.308,244130,-0.326,-6.891,-2.547,0.275,-0.183,1.568,-12.750,-39.300,5.850,36.7
13:51:50.360,244185,-1.350,-9.148,-1.348,0.402,0.103,1.348,-5.250,-41.550,6.750,36.5
13:51:50.414,244240,-2.859,-8.590,-1.774,0.363,-0.117,1.000,-5.250,-41.550,6.750,36.8
13:51:50.467,244295,-2.883,-9.230,-1.324,0.348,-0.157,0.800,-5.250,-41.550,6.750,36.7
13:51:50.519,244350,-2.928,-9.682,-1.559,0.098,0.102,0.789,-5.250,-41.550,6.750,36.7
13:51:50.624,244405,-3.773,-10.666,-1.109,0.205,0.083,0.464,-5.250,-41.550,6.750,36.6
13:51:50.677,244460,-3.302,-10.819,-0.869,0.216,-0.111,0.531,-5.250,-41.550,6.750,36.7
13:51:50.728,244515,-4.403,-9.876,-0.843,0.299,0.030,0.608,6.000,-41.550,13.950,36.6
13:51:50.781,244570,-4.116,-10.288,-0.520,0.252,-0.205,0.796,6.000,-41.550,13.950,36.6
13:51:50.834,244625,-5.001,-10.271,-0.012,0.222,-0.230,0.842,8.550,-44.250,17.550,36.6
13:51:50.887,244680,-6.017,-9.505,0.024,0.210,-0.292,0.946,8.550,-44.250,17.550,36.6
13:51:50.939,244735,-6.847,-9.060,0.857,0.281,-0.139,1.156,15.150,-40.050,19.650,36.7
13:51:50.992,244790,-11.377,-9.608,1.511,-0.056,0.106,0.864,18.600,-38.250,21.900,36.7
13:51:51.043,244845,-8.171,-11.147,0.232,-0.387,-0.993,-0.105,18.600,-38.250,21.900,36.6
13:51:51.149,244900,-8.490,-10.841,0.622,-0.108,-0.744,-0.215,19.200,-37.350,22.350,36.5
13:51:51.151,244955,-7.532,-10.036,0.124,-0.070,-0.473,-0.067,19.200,-37.350,22.350,36.5
13:51:51.200,245010,-6.804,-9.579,0.603,-0.159,0.071,-0.155,18.750,-35.100,23.100,36.6
13:51:51.253,245065,-6.357,-8.902,1.130,-0.150,0.042,-0.543,18.750,-35.100,23.100,36.6
13:51:51.306,245120,-5.377,-8.147,0.723,-0.454,0.100,-0.804,15.750,-36.600,18.750,36.7
13:51:51.358,245175,-4.561,-7.640,0.690,-0.760,0.228,-0.904,15.750,-36.600,18.750,36.5
13:51:51.412,245230,-2.842,-6.558,-0.510,-1.051,0.071,-1.166,12.750,-38.850,16.350,36.9
13:51:51.464,245285,-2.722,-6.512,-0.498,-0.980,0.553,-1.166,6.750,-39.150,10.050,36.8
13:51:51.517,245340,-3.297,-7.642,-0.180,-0.271,0.431,-1.373,6.750,-39.150,10.050,36.8
13:51:51.568,245395,-2.923,-7.994,-0.991,-0.195,0.309,-1.383,6.750,-39.150,10.050,36.9
13:51:51.621,245450,-2.035,-8.054,-1.903,-0.183,0.650,-1.753,6.750,-39.150,10.050,36.8
13:51:51.673,245505,-0.670,-7.072,-1.403,-0.573,0.902,-2.067,6.750,-39.150,10.050,36.7
13:51:51.779,245560,-1.372,-6.859,-1.391,-0.525,0.440,-1.363,6.750,-39.150,10.050,36.7
13:51:51.832,245615,2.425,-5.947,-2.018,-0.068,0.859,-0.078,-17.100,-37.500,4.350,36.7
13:51:51.886,245670,1.896,-5.849,-2.962,0.178,0.233,1.251,-17.100,-37.500,4.350,36.8
13:51:51.936,245725,1.875,-6.735,-3.187,0.196,0.280,1.491,-15.750,-37.350,5.550,36.7
13:51:51.989,245780,-0.733,-8.131,-2.713,0.155,-0.285,1.709,-15.750,-37.350,5.550,36.6
13:51:52.042,245835,-0.527,-8.837,-2.397,0.288,0.359,1.280,-8.850,-38.850,5.100,36.8
13:51:52.093,245890,-2.866,-9.110,-3.048,0.224,0.124,1.323,-1.800,-40.050,6.450,36.6
13:51:52.146,245945,-2.684,-9.720,-2.157,0.306,0.206,1.021,-1.800,-40.050,6.450,36.9
13:51:52.199,246000,-3.687,-10.846,-1.360,0.271,0.030,0.599,1.650,-40.500,10.350,36.9
13:51:52.251,246055,-4.324,-10.508,-1.642,0.241,-0.211,0.576,1.650,-40.500,10.350,36.9
13:51:52.303,246110,-4.326,-10.767,-1.463,0.473,-0.234,0.565,6.000,-41.550,12.600,36.8
13:51:52.355,246165,-4.685,-9.859,-1.185,0.596,-0.650,0.621,6.000,-41.550,12.600,36.5
13:51:52.408,246220,-4.896,-9.347,-0.139,0.554,-0.681,0.463,8.550,-41.850,16.800,36.4
13:51:52.462,246275,-5.550,-8.902,0.517,0.170,-0.624,0.299,8.550,-41.850,16.800,36.7
13:51:52.514,246330,-6.165,-8.483,0.330,-0.424,-0.651,0.185,10.800,-38.850,21.900,36.6
13:51:52.565,246385,-5.057,-9.031,0.340,-0.722,-0.621,0.004,10.200,-42.000,22.050,36.6
13:51:52.618,246440,-6.838,-10.566,0.472,-0.475,-0.618,0.000,10.200,-42.000,22.050,36.7
13:51:52.672,246495,-9.165,-12.967,1.405,-0.001,-0.538,-0.087,10.200,-42.000,22.050,36.6
13:51:52.724,246550,-8.207,-11.796,0.943,-0.118,-0.847,-0.160,10.200,-42.000,22.050,36.6
13:51:52.776,246605,-6.967,-11.229,0.496,-0.340,-0.629,-0.081,10.200,-42.000,22.050,36.9
13:51:52.829,246661,-5.727,-10.867,0.527,-0.492,-0.454,-0.057,10.200,-42.000,22.050,36.7
13:51:52.933,246715,-4.688,-9.682,0.462,-0.677,-0.227,-0.298,10.200,-42.000,22.050,36.7
13:51:52.986,246770,-4.101,-9.407,0.599,-0.763,-0.092,-0.524,10.200,-42.000,22.050,36.7
13:51:53.039,246825,-3.591,-8.578,0.405,-0.752,0.165,-0.764,8.550,-40.050,14.550,36.7
13:51:53.091,246880,-3.496,-8.449,0.577,-0.688,0.193,-1.139,8.550,-40.050,14.550,36.6
13:51:53.144,246935,-2.789,-6.912,-0.792,-0.864,0.706,-1.325,6.000,-39.750,10.650,36.6
13:51:53.197,246990,-1.990,-7.568,-0.752,-0.776,0.802,-1.741,-1.050,-40.650,5.850,36.6
13:51:53.248,247045,-2.016,-7.537,-1.870,-0.553,0.315,-1.699,-1.050,-40.650,5.850,36.7
13:51:53.301,247100,-0.453,-9.076,-2.523,-0.446,0.241,-1.908,-10.500,-37.800,3.600,36.9
13:51:53.353,247155,1.082,-7.326,-3.651,-0.329,0.448,-2.188,-10.500,-37.800,3.600,36.8
13:51:53.405,247210,2.770,-6.239,-3.002,0.149,0.708,-1.232,-21.000,-36.000,1.350,36.6
13:51:53.458,247265,1.975,-5.880,-3.524,0.251,-0.063,0.892,-21.000,-36.000,1.350,36.6
13:51:53.512,247320,2.442,-6.539,-2.294,0.310,-0.011,1.684,-21.150,-35.850,5.250,36.6
13:51:53.563,247375,-0.045,-7.101,-1.551,0.406,-0.312,1.934,-21.150,-35.850,5.250,36.5
13:51:53.615,247430,-0.826,-7.987,-1.446,0.407,-0.703,1.717,-12.900,-37.650,6.300,36.7
13:51:53.669,247485,-1.288,-9.261,-1.044,0.747,-0.470,1.378,-3.750,-41.400,5.400,36.8
13:51:53.720,247540,-1.654,-10.202,-0.613,0.843,-0.259,1.264,-3.750,-41.400,5.400,36.6
13:51:53.773,247595,-2.514,-9.950,-0.606,1.035,-0.122,1.010,0.450,-43.350,12.600,36.8
13:51:53.825,247650,-3.730,-10.343,-0.417,0.894,-0.425,1.049,0.450,-43.350,12.600,36.7
13:51:53.879,247705,-4.525,-10.295,0.754,0.665,-0.073,0.926,0.450,-43.350,12.600,36.7
13:51:53.932,247760,-4.005,-10.441,1.887,0.397,-0.212,0.948,0.450,-43.350,12.600,36.7
13:51:53.984,247815,-5.248,-9.459,2.028,0.287,-0.023,1.059,0.450,-43.350,12.600,36.7
13:51:54.141,247870,-5.262,-8.882,1.688,0.274,0.109,1.122,0.450,-43.350,12.600,36.6
13:51:54.143,247925,-6.491,-8.701,1.863,0.409,0.168,1.145,14.550,-39.150,25.650,36.8
13:51:54.194,247980,-7.635,-8.301,2.085,0.446,0.513,0.991,14.550,-39.150,25.650,36.6
13:51:54.247,248035,-10.455,-7.717,2.322,0.127,0.364,0.627,21.450,-36.900,26.100,36.6
13:51:54.298,248090,-10.348,-9.290,2.564,-0.191,-0.330,0.025,20.700,-34.800,27.150,36.8
13:51:54.351,248145,-9.857,-9.694,2.054,-0.306,-0.219,-0.084,20.700,-34.800,27.150,36.8
13:51:54.403,248200,-8.466,-9.294,1.556,-0.267,0.022,0.074,21.300,-37.050,25.950,36.7
13:51:54.456,248255,-8.045,-9.050,2.227,-0.231,0.151,-0.143,21.300,-37.050,25.950,36.7
13:51:54.509,248310,-7.769,-7.882,1.664,-0.427,-0.159,-0.463,20.550,-33.450,24.000,36.7
13:51:54.561,248365,-7.345,-7.468,1.549,-0.529,0.003,-0.921,20.550,-33.450,24.000,36.7
13:51:54.614,248420,-5.602,-7.745,1.314,-0.630,-0.061,-1.240,16.050,-36.600,21.750,36.7
13:51:54.667,248475,-5.375,-7.879,0.323,-0.692,-0.172,-1.361,16.050,-36.600,21.750,36.8
13:51:54.719,248530,-4.633,-8.217,0.783,-0.686,0.165,-1.556,11.850,-37.650,18.000,36.5
13:51:54.772,248585,-3.510,-7.618,0.074,-0.775,0.213,-1.581,6.750,-38.400,13.950,37.0
13:51:54.824,248640,-3.761,-8.519,-0.053,-0.858,0.128,-1.658,6.750,-38.400,13.950,36.7
13:51:54.877,248695,-0.366,-6.084,-0.977,-0.744,0.477,-1.496,-1.800,-39.600,7.950,36.8
13:51:54.929,248750,-2.792,-7.159,-1.657,-0.492,0.445,-1.261,-1.800,-39.600,7.950,36.7
13:51:54.981,248805,1.070,-5.899,-1.700,-0.529,0.001,-0.194,-1.800,-39.600,7.950,36.8
13:51:55.034,248860,-1.128,-5.667,-2.471,-0.068,0.021,0.850,-1.800,-39.600,7.950,36.7
13:51:55.087,248915,-0.869,-6.833,-2.035,0.458,-0.304,1.522,-1.800,-39.600,7.950,36.4
13:51:55.138,248970,-3.421,-6.519,-2.693,0.685,-0.738,1.499,-1.800,-39.600,7.950,36.7
13:51:55.244,249025,-3.364,-8.921,-0.553,0.787,-0.022,1.628,-0.300,-39.600,7.650,36.7
13:51:55.295,249080,-4.501,-8.492,-1.164,0.612,-0.040,1.049,-0.300,-39.600,7.650,36.8
13:51:55.348,249135,-4.324,-8.473,-0.649,0.526,0.059,0.857,6.900,-40.650,12.300,36.9
13:51:55.401,249190,-4.757,-8.906,0.357,0.596,0.186,0.717,11.400,-37.650,17.250,36.7
13:51:55.453,249245,-5.523,-9.507,0.285,0.537,-0.112,0.520,11.400,-37.650,17.250,36.7
13:51:55.506,249300,-6.488,-10.173,1.144,0.394,0.078,0.263,14.700,-39.600,20.700,36.7
13:51:55.559,249355,-5.909,-9.278,0.936,0.171,0.174,0.365,14.700,-39.600,20.700,36.7
13:51:55.612,249410,-5.866,-9.050,1.183,0.266,0.024,0.549,17.100,-38.550,23.400,36.7
13:51:55.716,249465,-6.251,-9.124,1.120,0.650,0.048,0.671,17.100,-38.550,23.400,36.7
13:51:55.717,249520,-8.598,-8.849,1.446,0.458,0.624,0.546,19.200,-38.700,27.600,36.8
13:51:55.769,249575,-10.752,-8.576,2.150,-0.014,0.478,-0.067,19.200,-38.700,27.600,36.6
13:51:55.820,249630,-10.123,-10.336,1.654,-0.610,0.112,-0.507,21.750,-37.500,26.550,36.7
13:51:55.873,249685,-8.921,-10.587,0.898,-0.626,0.120,-0.330,19.050,-38.250,24.750,36.5
13:51:55.925,249740,-8.346,-10.618,0.206,-0.718,0.163,-0.186,19.050,-38.250,24.750,36.7
13:51:55.978,249795,-7.810,-9.553,-0.153,-0.637,0.421,-0.650,19.050,-38.250,24.750,37.0
13:51:56.031,249850,-8.358,-9.474,0.599,-0.576,-0.289,-1.013,19.050,-38.250,24.750,36.8
13:51:56.084,249905,-4.144,-8.801,-0.230,-0.713,-0.588,-1.644,19.050,-38.250,24.750,36.8
13:51:56.137,249960,-3.907,-8.128,-0.362,-0.622,-0.549,-1.925,19.050,-38.250,24.750,36.8
13:51:56.188,250015,-3.598,-7.968,-0.989,-0.814,-0.557,-1.843,19.050,-38.250,24.750,36.9
13:51:56.241,250070,-2.933,-8.408,-1.784,-1.280,-0.089,-1.768,19.050,-38.250,24.750,36.5
13:51:56.293,250125,-0.357,-7.429,-2.950,-1.425,-0.188,-1.943,-2.100,-40.200,8.550,36.6
13:51:56.398,250180,0.821,-5.727,-2.619,-1.275,-0.282,-1.941,-11.400,-37.950,0.450,36.6
13:51:56.452,250235,2.456,-5.476,-1.415,-0.485,0.187,-1.467,-11.400,-37.950,0.450,36.7
13:51:56.503,250290,1.398,-4.666,-2.169,0.542,0.408,0.206,-18.150,-35.250,-0.600,36.7
13:51:56.608,250345,0.876,-4.319,-4.017,0.609,0.066,1.659,-18.150,-35.250,-0.600,36.8
13:51:56.609,250400,-1.140,-6.354,-1.573,0.682,-0.072,1.787,-13.500,-36.450,1.050,36.7
13:51:56.661,250455,-0.678,-7.199,-2.291,0.642,-0.049,1.612,-13.500,-36.450,1.050,36.8
13:51:56.714,250510,-3.254,-8.830,-1.456,0.773,0.328,1.270,-3.450,-40.350,4.650,36.5
13:51:56.766,250565,-2.780,-9.208,-1.396,0.406,-0.003,0.956,-3.450,-40.350,4.650,36.7
13:51:56.819,250620,-4.506,-10.211,-1.803,-0.137,0.116,0.973,0.750,-41.100,10.500,36.8
13:51:56.872,250675,-2.993,-10.807,-1.286,-0.262,0.377,0.924,0.750,-41.100,10.500,36.6
13:51:56.976,250730,-4.207,-10.786,-1.302,-0.233,0.508,0.302,6.000,-40.200,10.050,36.9
13:51:56.978,250785,-3.591,-10.223,-2.260,-0.141,-0.012,0.183,7.950,-42.000,9.300,36.7
13:51:57.029,250840,-4.791,-10.697,-2.380,-0.068,0.154,0.202,7.950,-42.000,9.300,36.7
13:51:57.082,250895,-4.626,-10.156,-2.076,-0.045,-0.120,0.057,7.950,-42.000,9.300,36.6
13:51:57.134,250950,-4.889,-9.752,-2.598,-0.150,-0.009,0.147,7.950,-42.000,9.300,36.8
13:51:57.186,251005,-4.968,-10.135,-1.992,-0.419,0.379,0.418,7.950,-42.000,9.300,36.9
13:51:57.239,251060,-8.159,-11.712,-1.774,-0.560,0.488,0.194,7.950,-42.000,9.300,36.7
13:51:57.292,251115,-6.876,-12.191,-2.909,-0.511,-0.315,-0.352,9.600,-42.450,8.400,36.7
13:51:57.343,251170,-6.414,-11.588,-3.254,-0.157,-0.244,-0.387,9.600,-42.450,8.400,36.9
13:51:57.396,251225,-4.997,-11.054,-3.206,-0.304,-0.241,-0.445,8.550,-41.100,6.900,36.8
13:51:57.448,251280,-4.487,-10.410,-2.990,-0.350,-0.332,-0.707,6.300,-40.200,5.250,36.7
13:51:57.553,251335,-4.025,-9.826,-2.629,-0.497,-0.417,-0.962,6.300,-40.200,5.250,36.7
13:51:57.605,251390,-2.907,-8.942,-3.508,-0.800,-0.431,-1.064,1.650,-38.700,2.250,36.8
13:51:57.658,251445,-1.719,-7.784,-2.811,-0.755,-0.517,-1.478,1.650,-38.700,2.250,36.6
13:51:57.711,251500,-1.089,-7.817,-3.230,-0.780,-0.559,-1.589,-2.250,-37.050,-2.550,36.7
13:51:57.764,251555,-0.441,-6.203,-3.156,-0.816,-0.346,-1.816,-2.250,-37.050,-2.550,36.7
13:51:57.817,251610,-0.769,-5.535,-2.488,-0.676,-0.360,-2.044,-7.950,-34.050,-6.000,36.8
13:51:57.869,251665,1.994,-4.836,-2.871,-0.889,-0.508,-1.510,-7.950,-34.050,-6.000,36.6
13:51:57.922,251720,0.469,-5.045,-4.180,-0.215,0.290,-0.388,-15.300,-31.200,-8.100,36.8
13:51:57.974,251775,1.305,-5.059,-5.076,0.717,0.740,1.035,-15.300,-31.200,-8.100,36.7
13:51:58.026,251830,0.778,-5.964,-4.942,1.121,0.310,1.623,-16.500,-30.450,-8.850,36.9
13:51:58.079,251885,0.814,-6.347,-5.162,1.170,0.047,1.654,-10.950,-34.800,-4.500,36.7
13:51:58.132,251940,-1.013,-8.674,-3.373,1.097,-0.031,1.518,-10.950,-34.800,-4.500,37.0
13:51:58.183,251995,-1.709,-9.646,-2.662,0.987,0.188,1.212,-10.950,-34.800,-4.500,36.8
13:51:58.236,252050,-2.516,-10.625,-1.159,0.992,0.041,0.878,-10.950,-34.800,-4.500,36.7
13:51:58.288,252105,-3.321,-9.129,-2.363,0.679,0.390,0.778,-10.950,-34.800,-4.500,36.4
13:51:58.342,252160,-3.299,-10.470,-1.317,0.692,0.403,0.555,-10.950,-34.800,-4.500,36.7
13:51:58.393,252215,-3.184,-10.997,-0.836,0.654,0.069,0.189,-10.950,-34.800,-4.500,36.6
13:51:58.445,252270,-2.808,-10.776,-0.261,0.709,-0.251,0.062,-10.950,-34.800,-4.500,36.8
13:51:58.499,252325,-3.417,-10.817,-0.043,0.654,-0.525,0.111,2.250,-44.700,15.600,36.6
13:51:58.552,252380,-4.116,-10.072,-0.405,0.509,-0.317,0.183,1.800,-44.700,20.100,36.7
13:51:58.603,252435,-4.168,-10.678,0.215,0.345,-0.351,0.415,1.800,-44.700,20.100,36.6
13:51:58.708,252490,-6.876,-11.722,1.310,0.212,-0.216,0.718,4.650,-43.950,22.200,36.5
13:51:58.762,252545,-8.440,-12.969,0.903,-0.104,-0.661,0.657,4.650,-43.950,22.200,36.8
13:51:58.814,252600,-7.568,-12.610,1.240,-0.281,-0.667,0.491,7.500,-43.050,23.550,36.7
13:51:58.865,252655,-6.677,-11.741,1.295,-0.448,-0.893,0.166,7.500,-43.050,23.550,36.7
13:51:58.918,252710,-5.016,-10.379,0.709,-0.610,-0.994,-0.027,8.850,-42.900,21.450,36.7
13:51:58.972,252765,-4.037,-8.911,0.788,-0.866,-0.793,-0.397,8.850,-42.900,21.450,36.8
13:51:59.024,252820,-2.875,-8.435,1.022,-0.930,-0.666,-0.667,9.450,-42.000,20.250,36.5
13:51:59.077,252875,-2.591,-8.830,0.491,-1.090,-1.059,-0.763,9.450,-42.000,20.250,36.7
13:51:59.129,252930,-2.006,-7.357,-0.572,-1.171,-1.200,-0.796,5.550,-39.150,13.950,36.9
13:51:59.233,252985,-0.591,-6.891,-1.379,-1.504,-0.726,-0.851,3.300,-39.750,10.050,36.8
13:51:59.235,253040,-1.650,-7.970,-0.371,-1.143,-0.507,-1.130,3.300,-39.750,10.050,36.9
13:51:59.287,253095,-1.075,-7.185,-2.404,-1.468,-0.229,-1.792,-0.450,-38.400,3.450,37.1
13:51:59.338,253150,0.622,-6.108,-2.184,-1.165,0.435,-2.153,-0.450,-38.400,3.450,36.8
13:51:59.390,253205,1.144,-5.770,-2.009,-0.471,0.420,-1.087,-0.450,-38.400,3.450,36.8
13:51:59.443,253260,-0.405,-5.983,-2.547,0.564,0.286,0.922,-0.450,-38.400,3.450,36.6
13:51:59.496,253315,1.796,-5.059,-2.334,1.154,0.368,1.692,-0.450,-38.400,3.450,36.7
13:51:59.549,253370,-1.858,-6.522,-1.970,1.082,-0.753,1.640,-0.450,-38.400,3.450,36.7
13:51:59.600,253425,-1.647,-9.117,-1.068,1.051,0.386,1.558,-2.850,-37.650,2.250,36.8
13:51:59.653,253480,-1.686,-8.339,-0.950,0.734,0.958,1.424,2.400,-39.150,8.550,36.7
13:51:59.705,253535,-4.070,-8.466,-0.024,0.733,0.488,1.476,2.400,-39.150,8.550,36.8
13:51:59.758,253590,-3.261,-9.349,-0.572,0.268,0.413,1.386,9.450,-38.400,13.650,36.7
13:51:59.864,253645,-5.648,-10.185,-1.073,0.042,0.697,0.818,9.450,-38.400,13.650,36.8
13:51:59.917,253700,-5.308,-10.072,-1.403,0.104,0.806,0.536,13.350,-39.150,12.900,36.7
13:51:59.969,253755,-5.619,-10.676,-1.037,0.385,0.447,0.439,13.350,-39.150,12.900,36.7
13:52:00.020,253810,-4.863,-10.309,-0.982,0.681,0.477,0.300,16.500,-39.450,14.700,36.8
13:52:00.073,253865,-5.325,-9.711,-0.716,0.704,0.462,0.392,16.500,-39.450,14.700,36.7
13:52:00.126,253920,-7.585,-9.603,-0.486,0.668,1.006,0.387,18.150,-39.600,16.350,36.9
13:52:00.178,253975,-10.927,-11.229,0.740,0.332,1.021,0.584,18.150,-39.600,16.350,36.9
13:52:00.231,254030,-12.048,-10.010,-0.922,-0.407,-0.494,0.312,19.950,-38.400,16.950,36.5
13:52:00.284,254085,-6.287,-11.691,0.330,-0.404,-1.061,-0.131,18.150,-38.850,18.150,36.7
13:52:00.337,254140,-7.465,-10.487,-1.211,-0.172,-0.907,-0.099,18.150,-38.850,18.150,36.5
13:52:00.389,254195,-7.204,-10.132,-0.340,-0.064,-0.634,-0.235,18.750,-36.900,16.500,36.7
13:52:00.440,254250,-5.571,-9.682,0.795,0.036,-0.372,-0.567,18.750,-36.900,16.500,36.8
13:52:00.544,254305,-4.544,-9.172,0.862,-0.116,-0.532,-0.708,18.750,-36.900,16.500,36.7
13:52:00.546,254360,-3.709,-7.987,0.577,-0.084,-0.607,-1.058,18.750,-36.900,16.500,36.9
13:52:00.599,254415,-4.274,-8.744,1.307,0.107,-0.260,-1.318,18.750,-36.900,16.500,36.5
13:52:00.650,254470,-3.108,-7.547,0.747,-0.090,-0.130,-1.516,18.750,-36.900,16.500,36.7
13:52:00.704,254525,-4.393,-9.033,1.475,-0.263,0.511,-1.910,18.750,-36.900,16.500,36.7
13:52:00.757,254580,-0.984,-5.306,-0.800,-1.310,0.299,-1.968,-4.200,-40.050,13.500,37.0
13:52:00.809,254635,-1.702,-6.627,0.067,-0.392,1.613,-1.600,-4.200,-40.050,13.500,36.8
13:52:00.862,254690,-0.879,-4.717,-0.685,-0.275,0.145,-0.515,-14.550,-39.150,9.300,36.9
13:52:00.914,254745,-0.467,-5.289,-0.503,0.406,0.207,1.051,-14.550,-39.150,9.300,36.9
13:52:01.019,254800,1.279,-5.428,-0.668,0.780,-0.284,1.696,-9.900,-40.950,10.650,36.8
13:52:01.072,254855,-2.693,-6.479,-0.443,0.559,-1.030,1.702,-9.900,-40.950,10.650,36.6
13:52:01.124,254910,-2.284,-8.193,1.120,0.623,0.088,1.679,-0.450,-39.750,15.900,36.6
13:52:01.177,254965,-3.383,-8.641,0.498,0.370,0.289,1.407,-0.450,-39.750,15.900,36.7
13:52:01.228,255020,-4.415,-9.340,0.759,0.449,0.191,1.168,7.950,-41.250,17.700,36.7
13:52:01.281,255075,-6.000,-10.142,1.724,0.374,0.463,0.850,7.950,-41.250,17.700,36.9
13:52:01.333,255130,-5.657,-9.445,0.539,0.157,0.312,0.656,11.400,-39.450,22.050,36.8
13:52:01.387,255185,-6.096,-9.414,0.790,0.116,0.585,0.391,15.450,-38.550,22.200,36.6
13:52:01.438,255240,-5.847,-9.033,0.419,0.027,0.366,0.408,15.450,-38.550,22.200,36.5
13:52:01.490,255295,-6.589,-8.976,0.718,0.109,0.529,0.252,18.000,-36.900,23.100,36.7
13:52:01.543,255350,-7.604,-9.546,0.812,0.117,0.441,0.143,18.000,-36.900,23.100,36.8
13:52:01.597,255405,-9.220,-10.216,0.656,-0.068,0.521,0.217,18.750,-37.350,23.100,36.6
13:52:01.649,255460,-9.699,-10.865,1.281,-0.302,0.216,0.178,18.750,-37.350,23.100,36.9
13:52:01.701,255515,-8.583,-10.542,0.807,-0.368,0.251,0.068,18.750,-37.350,23.100,36.8
13:52:01.805,255570,-9.002,-10.566,0.618,-0.319,0.167,0.008,18.750,-37.350,23.100,36.9
13:52:01.807,255625,-9.050,-9.814,0.620,-0.368,-0.428,-0.067,18.750,-37.350,23.100,36.8
13:52:01.859,255680,-7.901,-9.955,0.606,-0.495,-0.780,-0.527,19.350,-36.000,17.550,36.7
13:52:01.912,255735,-6.689,-8.715,-0.050,-0.679,-0.762,-0.920,19.350,-36.000,17.550,36.9
13:52:01.964,255790,-4.496,-8.614,-0.986,-0.729,-0.415,-1.100,14.700,-38.550,16.350,36.7
13:52:02.017,255845,-3.261,-8.384,-1.597,-0.405,-0.038,-1.155,14.700,-38.550,16.350,36.9
13:52:02.069,255900,-3.038,-9.041,0.821,-0.231,0.107,-1.748,7.050,-39.450,11.850,36.8
13:52:02.174,255955,-2.370,-6.555,-0.280,-0.622,-0.225,-2.119,7.050,-39.450,11.850,36.9
13:52:02.225,256010,-0.639,-3.859,-1.468,-1.147,-0.089,-2.221,-1.800,-39.600,8.700,36.6
13:52:02.278,256065,-0.814,-4.331,-0.539,-0.844,0.350,-1.645,-1.800,-39.600,8.700,36.7
13:52:02.332,256120,-0.848,-4.949,-1.018,0.103,0.397,-0.238,-10.950,-38.700,1.950,36.7
13:52:02.436,256175,-0.697,-4.896,-1.446,0.513,0.001,0.856,-10.950,-38.700,1.950,36.7
13:52:02.437,256230,-1.671,-5.310,-2.169,0.526,-0.974,1.520,-11.400,-37.350,4.200,36.9
13:52:02.488,256285,-1.575,-7.329,-0.120,0.905,0.019,1.576,-2.400,-40.200,6.750,36.7
13:52:02.541,256340,-1.796,-8.071,-0.840,0.485,-0.071,1.316,-2.400,-40.200,6.750,37.0
13:52:02.593,256395,-2.598,-9.232,-0.603,0.331,0.348,1.156,3.300,-39.450,11.850,36.9
13:52:02.647,256450,-4.575,-9.120,-1.812,-0.256,0.495,1.117,3.300,-39.450,11.850,36.8
13:52:02.699,256505,-4.987,-10.094,-1.877,-0.279,0.769,1.268,7.650,-37.050,12.750,36.7
13:52:02.751,256560,-5.373,-10.441,-1.501,-0.357,0.947,0.760,7.650,-37.050,12.750,36.7
13:52:02.803,256615,-5.792,-10.087,-2.282,-0.220,0.535,0.402,7.650,-37.050,12.750,36.7
13:52:02.856,256670,-5.344,-10.163,-2.863,-0.050,0.538,0.125,7.650,-37.050,12.750,36.6
13:52:02.961,256725,-5.806,-10.178,-2.600,0.070,0.431,-0.003,7.650,-37.050,12.750,36.9
13:52:02.963,256780,-6.953,-10.707,-3.065,0.124,0.346,0.170,7.650,-37.050,12.750,36.6
13:52:03.014,256835,-9.486,-12.493,-2.349,0.290,-0.118,0.458,7.650,-37.050,12.750,36.9
13:52:03.066,256890,-9.893,-12.299,-1.590,-0.031,-0.128,0.257,17.400,-40.050,13.050,36.8
13:52:03.118,256945,-8.679,-10.783,-1.726,-0.335,-1.269,0.034,17.400,-40.050,13.050,36.9
13:52:03.172,257000,-7.841,-11.334,-1.271,-0.024,-1.085,-0.193,18.600,-39.300,12.750,36.8
13:52:03.224,257055,-6.984,-10.195,-1.362,-0.055,-1.282,-0.519,18.600,-39.300,12.750,36.8
13:52:03.328,257110,-6.642,-9.440,-0.084,-0.129,-0.991,-1.119,15.750,-37.950,14.700,36.8
13:52:03.382,257165,-4.202,-7.568,-0.543,-0.270,-0.748,-1.625,15.750,-37.950,14.700,36.5
13:52:03.434,257220,-4.654,-8.068,0.608,0.049,-0.191,-1.841,9.450,-37.950,14.400,36.6
13:52:03.487,257275,-3.349,-8.847,0.972,0.098,-0.383,-2.087,9.450,-37.950,14.400,36.9
13:52:03.538,257330,-0.419,-6.005,-1.848,-1.248,-0.012,-2.240,-1.500,-39.300,13.500,36.7
13:52:03.590,257385,1.551,-5.868,-1.492,-1.263,0.934,-2.243,-12.600,-37.350,10.050,36.7
13:52:03.643,257440,0.663,-5.253,-0.946,-0.831,-0.191,-1.627,-12.600,-37.350,10.050,36.9
13:52:03.697,257495,0.955,-4.494,-1.475,-0.127,0.637,0.158,-19.350,-36.450,5.400,36.9
13:52:03.748,257550,1.228,-4.934,-1.403,0.391,-0.271,1.470,-19.350,-36.450,5.400,36.6
13:52:03.801,257605,0.223,-5.160,-1.697,0.344,-0.278,1.841,-13.950,-38.250,7.200,36.8
13:52:03.853,257661,-0.043,-7.195,-0.848,0.527,-0.394,1.620,-13.950,-38.250,7.200,37.0
13:52:03.905,257715,-2.157,-8.720,-0.802,0.515,0.008,1.047,-4.350,-40.500,7.800,36.7
13:52:03.958,257770,-2.732,-9.986,-0.208,0.469,-0.264,1.005,-4.350,-40.500,7.800,36.8
13:52:04.012,257825,-3.091,-10.558,-0.069,0.221,-0.072,0.704,-4.350,-40.500,7.800,36.8
13:52:04.064,257880,-3.218,-10.508,-1.721,-0.366,0.207,0.535,-4.350,-40.500,7.800,36.9
13:52:04.116,257935,-3.886,-11.303,-1.264,-0.427,0.306,0.596,-4.350,-40.500,7.800,36.8
13:52:04.169,257990,-4.420,-11.322,-1.041,-0.260,0.459,0.489,4.200,-40.050,14.250,36.9
13:52:04.222,258045,-4.310,-10.563,-2.088,0.007,0.179,0.380,4.200,-40.050,14.250,36.9
13:52:04.273,258100,-4.353,-10.364,-1.322,0.099,0.340,0.663,7.350,-41.850,12.750,36.7
13:52:04.326,258155,-5.023,-10.125,-1.511,-0.056,-0.025,0.739,7.350,-41.850,12.750,36.8
13:52:04.378,258210,-7.575,-11.861,-0.453,0.240,0.157,0.686,10.950,-42.000,13.650,36.8
13:52:04.484,258265,-9.397,-12.356,-0.297,0.280,-0.280,0.422,10.950,-42.000,13.650,36.9
13:52:04.537,258320,-9.900,-12.127,-0.448,0.149,-0.623,0.226,14.250,-41.400,14.850,37.0
13:52:04.588,258375,-7.460,-10.982,-0.747,-0.032,-0.738,0.145,13.950,-38.250,16.800,36.6
13:52:04.641,258430,-6.278,-10.621,0.165,-0.025,-0.103,-0.197,13.950,-38.250,16.800,36.8
13:52:04.693,258485,-4.503,-9.330,0.371,-0.135,-0.391,-0.677,13.950,-37.050,13.800,36.8
13:52:04.745,258540,-4.324,-7.977,-0.048,-0.163,-0.212,-1.025,13.950,-37.050,13.800,36.7
13:52:04.798,258595,-5.370,-9.249,1.250,0.105,0.392,-1.644,9.000,-37.950,14.400,37.1
13:52:04.852,258650,-2.904,-7.032,-0.285,-0.452,0.615,-1.675,9.000,-37.950,14.400,36.9
13:52:04.904,258705,-1.776,-5.265,-2.023,-0.648,0.822,-1.659,-1.050,-39.300,11.700,36.8
13:52:04.957,258760,-1.683,-6.328,-1.496,-1.136,1.216,-1.570,-1.050,-39.300,11.700,36.8
13:52:05.008,258815,-0.654,-5.413,-1.994,-1.284,-0.029,-1.434,-9.600,-37.800,6.450,36.7
13:52:05.061,258870,1.451,-6.050,-0.819,-0.519,-0.032,-0.731,-9.600,-37.800,6.450,36.9
13:52:05.114,258925,-0.467,-4.932,-2.516,0.245,0.297,0.603,-15.300,-37.350,1.500,37.0
13:52:05.166,258980,-0.613,-5.794,-2.617,0.410,-0.387,1.351,-15.300,-37.350,1.500,36.8
13:52:05.218,259035,-1.324,-7.262,-2.689,0.399,-0.660,1.489,-15.300,-37.350,1.500,36.9
13:52:05.270,259090,-1.197,-8.981,-0.754,0.772,-0.616,1.192,-15.300,-37.350,1.500,36.9
13:52:05.323,259145,-3.215,-8.842,-1.053,0.603,-0.242,0.728,-15.300,-37.350,1.500,36.9
13:52:05.376,259200,-2.832,-9.936,-1.853,0.586,-0.129,0.389,1.350,-38.400,9.300,36.9
13:52:05.429,259255,-3.802,-11.700,-0.515,0.311,-0.165,0.511,1.350,-38.400,9.300,36.9
13:52:05.482,259310,-3.481,-10.965,-1.336,0.031,0.198,0.602,2.400,-39.750,12.600,36.8
13:52:05.534,259365,-3.740,-11.167,-0.268,0.110,0.549,0.541,2.400,-39.750,12.600,36.8
13:52:05.638,259420,-3.915,-10.678,-0.567,0.179,0.422,0.400,3.600,-40.950,15.900,36.9
13:52:05.690,259475,-4.472,-9.742,-0.900,0.293,0.232,0.363,6.900,-41.100,16.800,36.8
13:52:05.743,259530,-4.769,-10.077,-1.044,0.120,0.384,0.674,6.900,-41.100,16.800,36.9
13:52:05.796,259585,-7.551,-10.594,-0.091,0.077,0.488,0.677,10.200,-40.950,16.950,36.9
13:52:05.849,259640,-8.485,-11.708,0.053,-0.228,0.317,0.574,10.200,-40.950,16.950,36.8
13:52:05.902,259695,-9.445,-12.009,0.206,-0.378,-0.323,0.146,14.550,-40.200,17.250,36.9
13:52:05.954,259750,-8.425,-11.684,-0.591,-0.345,-0.702,-0.111,14.550,-40.200,17.250,36.8
13:52:06.007,259805,-6.859,-10.989,-0.196,-0.152,-0.783,-0.363,13.800,-39.450,16.500,36.8
13:52:06.059,259860,-5.856,-10.099,0.093,-0.384,-0.824,-0.581,13.800,-39.450,16.500,36.9
13:52:06.112,259915,-4.781,-9.244,-0.225,-0.490,-0.583,-0.871,12.600,-39.150,15.900,36.8
13:52:06.164,259970,-3.278,-8.361,-1.075,-0.573,-0.461,-1.204,12.600,-39.150,15.900,36.7
13:52:06.217,260025,-3.400,-8.988,0.278,-0.238,0.065,-1.653,4.350,-39.450,12.600,36.8
13:52:06.268,260080,-1.630,-7.827,-0.601,-0.596,-0.476,-1.764,-1.500,-40.050,10.950,36.8
13:52:06.320,260135,-1.322,-6.931,-1.164,-1.019,0.008,-1.823,-1.500,-40.050,10.950,36.8
13:52:06.426,260190,-1.070,-6.184,-0.649,-1.214,0.059,-1.730,-1.500,-40.050,10.950,36.9
13:52:06.427,260245,1.367,-4.527,-1.726,-1.136,-0.548,-1.225,-1.500,-40.050,10.950,37.1
13:52:06.478,260300,-0.939,-4.853,-2.040,-0.035,0.040,0.060,-1.500,-40.050,10.950,36.7
13:52:06.532,260355,0.620,-4.899,-2.942,0.388,-0.459,1.373,-1.500,-40.050,10.950,36.6
13:52:06.584,260410,-0.974,-6.979,-1.604,0.629,-0.857,1.538,-12.450,-36.450,2.100,36.9
13:52:06.637,260465,-0.982,-6.850,-2.425,0.755,-0.914,1.217,-12.450,-36.450,2.100,36.8
13:52:06.689,260520,-2.507,-7.930,-2.241,0.806,-0.398,1.106,-2.850,-37.950,6.300,36.6
13:52:06.793,260575,-2.184,-9.287,-0.807,0.716,-0.092,0.824,1.050,-40.350,11.250,36.9
13:52:06.847,260630,-3.615,-10.381,-0.613,0.519,-0.194,0.842,1.050,-40.350,11.250,37.0
13:52:06.899,260685,-3.970,-10.580,-0.958,0.322,-0.013,0.762,5.700,-39.600,15.300,36.9
13:52:06.952,260740,-3.479,-10.841,-0.867,0.272,-0.206,0.977,5.700,-39.600,15.300,36.7
13:52:07.004,260795,-4.307,-10.903,0.266,0.382,-0.194,0.741,9.900,-39.150,17.700,36.8
13:52:07.057,260850,-5.116,-10.295,0.491,0.327,-0.125,0.487,9.900,-39.150,17.700,36.9
13:52:07.109,260905,-5.634,-10.324,1.008,0.401,-0.080,0.528,11.850,-40.500,18.000,36.9
13:52:07.161,260960,-6.062,-10.513,1.834,0.468,0.399,0.510,11.850,-40.500,18.000,36.7
13:52:07.214,261015,-6.088,-10.151,1.575,0.619,0.466,0.637,14.550,-39.750,22.050,36.8
13:52:07.266,261070,-10.161,-10.161,2.270,0.404,0.158,0.601,14.550,-39.750,22.050,36.9
13:52:07.318,261125,-11.619,-10.925,2.033,-0.063,-0.218,0.216,17.250,-38.400,23.100,36.8
13:52:07.372,261180,-8.839,-11.432,2.497,0.023,-0.389,-0.215,19.200,-37.950,24.600,37.1
13:52:07.424,261235,-7.621,-10.472,1.882,0.148,-0.755,-0.512,19.200,-37.950,24.600,36.9
13:52:07.477,261290,-6.407,-10.017,2.119,0.062,-0.642,-0.835,19.200,-37.950,24.600,36.7
13:52:07.529,261345,-3.436,-8.018,1.302,-0.412,0.195,-1.278,19.200,-37.950,24.600,36.8
13:52:07.582,261400,-4.240,-9.737,3.608,-0.378,0.464,-1.664,19.200,-37.950,24.600,37.0
13:52:07.633,261455,-0.577,-7.046,0.373,-0.769,0.162,-1.512,19.200,-37.950,24.600,36.8
13:52:07.685,261510,-6.057,-8.959,1.784,-0.925,0.406,-1.617,19.200,-37.950,24.600,36.7
13:52:07.739,261565,-0.354,-6.012,-0.974,-1.186,0.053,-1.574,19.200,-37.950,24.600,36.8
13:52:07.790,261620,-0.747,-6.002,-0.812,-1.351,0.791,-1.516,-3.000,-38.250,12.750,36.8
13:52:07.843,261675,1.664,-4.791,-0.702,-0.996,0.191,-1.085,-12.900,-38.700,7.050,36.9
13:52:07.948,261730,-0.069,-4.171,-1.252,0.138,-0.084,0.492,-12.900,-38.700,7.050,36.8
13:52:08.002,261785,-0.532,-4.966,-1.884,0.357,-0.665,1.529,-10.200,-37.650,5.550,37.1
13:52:08.106,261840,-0.453,-6.847,-1.702,0.539,-1.276,1.673,-10.200,-37.650,5.550,36.8
13:52:08.107,261895,-2.689,-7.985,-1.729,0.301,-0.310,1.496,-2.100,-39.150,8.100,36.6
13:52:08.159,261950,-3.158,-9.182,-0.034,0.431,-0.007,1.191,-2.100,-39.150,8.100,37.1
13:52:08.210,262005,-4.413,-9.859,0.424,0.263,-0.400,0.983,4.950,-39.600,10.500,36.8
13:52:08.263,262060,-4.523,-10.036,-0.589,0.196,-0.102,0.826,4.950,-39.600,10.500,36.8
13:52:08.316,262115,-4.137,-10.398,-0.543,0.235,0.353,0.436,8.700,-38.700,13.950,36.8
13:52:08.368,262170,-4.913,-10.762,-0.299,0.289,0.488,0.382,8.700,-38.700,13.950,37.0
13:52:08.420,262225,-5.107,-10.154,-0.546,0.225,0.378,0.492,11.550,-38.250,16.800,37.0
13:52:08.473,262280,-5.643,-10.087,-0.673,0.277,0.541,0.469,14.100,-39.150,18.000,36.9
13:52:08.526,262335,-6.457,-9.737,-0.663,0.306,0.221,0.565,14.100,-39.150,18.000,36.7
13:52:08.579,262390,-6.926,-9.404,-0.225,0.412,0.276,0.499,14.850,-38.700,18.750,36.7
13:52:08.630,262445,-6.857,-8.947,0.180,0.413,0.181,0.583,14.850,-38.700,18.750,36.9
13:52:08.683,262500,-8.133,-9.759,1.338,0.474,0.083,0.551,14.850,-38.700,18.750,37.1
13:52:08.736,262555,-10.250,-9.823,1.381,0.181,-0.351,0.335,14.850,-38.700,18.750,36.7
13:52:08.789,262610,-9.555,-10.934,1.745,0.050,-0.133,0.323,14.850,-38.700,18.750,36.8
13:52:08.840,262665,-8.495,-9.981,1.571,-0.060,-0.090,0.251,14.850,-38.700,18.750,36.7
13:52:08.893,262720,-7.618,-9.055,1.693,-0.017,-0.073,-0.155,14.850,-38.700,18.750,36.7
13:52:08.947,262775,-6.469,-7.793,0.891,-0.298,-0.250,-0.641,18.750,-33.000,21.300,36.9
13:52:08.999,262830,-6.704,-9.572,1.942,0.041,-0.079,-1.033,18.750,-33.000,21.300,36.9
13:52:09.103,262885,-6.246,-8.844,1.465,0.024,-0.011,-1.498,14.550,-35.850,19.500,36.7
13:52:09.155,262940,-3.349,-6.002,0.117,-0.374,0.098,-1.815,14.550,-35.850,19.500,37.0
13:52:09.209,262995,-3.711,-7.506,1.341,-0.347,1.054,-1.779,5.700,-37.800,18.150,36.9
13:52:09.262,263050,-1.475,-6.036,-0.326,-0.482,0.674,-1.498,5.700,-37.800,18.150,36.7
13:52:09.313,263105,0.529,-4.827,-1.690,-1.180,1.264,-1.650,-2.100,-37.650,14.700,36.8
13:52:09.365,263160,-2.646,-6.749,-1.393,-0.735,-0.054,-0.844,-2.100,-37.650,14.700,36.9
13:52:09.419,263215,-0.599,-4.851,-1.255,0.023,-0.337,0.542,-10.650,-38.400,7.800,36.9
13:52:09.472,263270,-1.968,-5.528,-1.578,0.133,-0.376,1.145,-10.650,-38.400,7.800,36.9
13:52:09.524,263325,-2.102,-7.190,0.333,0.660,-0.837,1.511,-7.050,-39.450,10.050,36.9
13:52:09.577,263380,-1.901,-5.935,-0.934,0.628,-0.669,1.613,0.450,-38.400,11.400,37.0
13:52:09.629,263435,-5.375,-8.298,0.230,0.364,-0.360,1.279,0.450,-38.400,11.400,37.0
13:52:09.680,263490,-5.710,-8.679,-0.105,0.077,-0.384,0.903,9.000,-39.150,16.200,36.7
13:52:09.733,263545,-5.899,-8.636,-0.474,0.017,0.002,0.784,9.000,-39.150,16.200,37.0
13:52:09.787,263600,-6.136,-9.380,0.026,-0.045,0.036,0.389,14.100,-38.700,19.500,36.8
13:52:09.838,263655,-5.981,-9.943,-0.069,-0.064,0.066,0.358,14.100,-38.700,19.500,36.7
13:52:09.891,263710,-6.323,-9.606,0.029,-0.049,0.092,0.153,14.100,-38.700,19.500,36.8
13:52:09.944,263765,-5.777,-10.010,-0.019,-0.041,0.024,0.062,14.100,-38.700,19.500,36.9
13:52:09.997,263820,-6.100,-9.759,0.378,0.209,0.212,0.007,14.100,-38.700,19.500,36.8
13:52:10.048,263875,-6.553,-9.421,0.352,0.317,0.174,-0.072,16.050,-38.700,21.000,36.7
13:52:10.101,263930,-6.967,-9.764,0.608,0.279,0.222,0.015,16.050,-38.700,21.000,37.0
13:52:10.153,263985,-8.162,-10.386,1.053,0.113,0.289,0.122,15.450,-38.250,22.200,36.9
13:52:10.258,264040,-9.323,-11.030,1.549,-0.082,0.139,0.083,15.450,-38.250,22.200,36.9
13:52:10.312,264095,-8.289,-11.341,1.331,-0.009,-0.021,0.177,17.100,-38.550,20.700,36.8
13:52:10.364,264150,-8.222,-11.190,1.867,0.079,0.031,-0.002,17.100,-38.550,20.700,37.0
13:52:10.417,264205,-8.878,-10.106,1.144,-0.156,-0.512,-0.336,16.500,-37.650,21.750,36.8
13:52:10.469,264260,-6.306,-8.432,1.350,-0.430,-0.337,-1.037,16.500,-37.650,21.750,36.5
13:52:10.521,264315,-4.817,-8.059,1.111,-0.362,0.097,-1.441,13.200,-36.750,19.650,36.7
13:52:10.574,264370,-4.640,-8.554,1.171,-0.109,-0.059,-1.655,13.200,-36.750,19.650,36.7
13:52:10.627,264425,-2.435,-6.481,-1.077,-0.708,0.148,-1.807,6.150,-37.050,18.600,36.8
13:52:10.678,264480,-1.719,-6.682,-1.274,-0.841,1.132,-1.863,-3.300,-38.400,12.600,36.8
13:52:10.731,264535,2.394,-5.193,-0.630,-1.046,0.180,-1.725,-3.300,-38.400,12.600,36.8
13:52:10.783,264590,-0.117,-4.966,-0.927,-0.731,0.555,-0.914,-13.200,-38.850,7.650,36.8
13:52:10.837,264645,1.630,-4.863,-1.233,-0.176,-0.081,0.279,-13.200,-38.850,7.650,36.9
13:52:10.888,264700,-0.235,-5.313,-1.748,0.051,0.048,1.148,-11.400,-38.700,6.000,36.9
13:52:10.942,264755,-0.718,-6.845,-1.499,0.101,-0.413,1.231,-11.400,-38.700,6.000,36.8
13:52:10.994,264810,-1.487,-7.570,-1.683,0.096,-0.309,1.124,-3.750,-38.250,7.950,37.0
13:52:11.047,264865,-1.860,-8.097,-1.113,-0.015,-0.199,1.001,-3.750,-38.250,7.950,36.7
13:52:11.099,264920,-5.145,-10.005,-1.022,-0.171,-0.198,1.157,-3.750,-38.250,7.950,36.9
13:52:11.151,264975,-3.898,-10.511,-2.552,-0.160,-0.133,0.873,-3.750,-38.250,7.950,36.9
13:52:11.204,265030,-4.915,-11.195,-1.836,0.169,0.133,0.683,-3.750,-38.250,7.950,36.8
13:52:11.256,265085,-5.047,-10.348,-2.423,0.175,-0.098,0.377,9.450,-39.450,9.600,36.6
13:52:11.308,265140,-5.358,-10.127,-2.184,0.269,-0.022,0.355,9.450,-39.450,9.600,36.9
13:52:11.413,265195,-6.074,-9.754,-1.753,0.254,-0.138,0.302,10.050,-41.100,12.000,37.0
13:52:11.467,265250,-5.756,-9.227,-1.633,0.192,0.078,0.239,10.050,-41.100,12.000,36.8
13:52:11.519,265305,-6.041,-9.242,-1.159,0.134,0.104,0.144,13.200,-40.650,12.750,36.9
13:52:11.572,265360,-6.929,-10.355,-1.092,0.051,0.008,0.370,13.200,-40.650,12.750,36.7
13:52:11.624,265415,-9.864,-12.227,-0.261,0.119,-0.666,0.203,13.200,-43.200,13.800,36.6
13:52:11.677,265470,-9.979,-12.649,0.189,0.156,-0.628,0.217,13.200,-43.200,13.800,36.7
13:52:11.728,265525,-9.136,-11.550,-0.340,0.037,-1.104,0.254,14.850,-40.500,18.000,36.9
13:52:11.781,265580,-6.369,-10.690,0.443,0.030,-0.853,-0.071,17.250,-39.150,18.000,37.0
13:52:11.834,265635,-5.883,-9.222,0.199,-0.106,-0.665,-0.321,17.250,-39.150,18.000,37.1
13:52:11.886,265690,-4.192,-8.430,0.718,0.007,0.045,-0.761,14.550,-36.600,18.450,36.7
13:52:11.939,265745,-5.303,-7.834,0.426,0.251,0.362,-1.240,14.550,-36.600,18.450,37.2
13:52:11.991,265800,-3.891,-8.459,0.721,0.185,0.022,-1.375,8.850,-39.300,15.600,36.9
13:52:12.044,265855,-2.758,-7.422,0.376,-0.285,0.037,-1.538,8.850,-39.300,15.600,36.8
13:52:12.097,265910,-2.330,-7.772,0.728,-0.759,0.319,-1.709,-0.150,-40.500,17.700,37.0
13:52:12.149,265965,-0.290,-4.755,-1.140,-1.150,0.358,-1.540,-0.150,-40.500,17.700,36.8
13:52:12.201,266020,0.716,-5.861,0.577,-0.532,1.172,-1.044,-0.150,-40.500,17.700,37.0
13:52:12.254,266075,-1.262,-4.700,-0.797,-0.170,-0.101,0.311,-0.150,-40.500,17.700,37.0
13:52:12.307,266130,-0.651,-5.550,-0.697,0.169,-0.571,1.310,-0.150,-40.500,17.700,36.9
13:52:12.358,266185,-1.415,-6.407,-1.391,0.326,-0.719,1.499,-0.150,-40.500,17.700,37.0
13:52:12.411,266240,-2.935,-8.497,-0.148,0.097,-0.236,1.225,-0.150,-40.500,17.700,36.7
13:52:12.464,266295,-3.431,-8.305,-0.747,-0.116,-0.072,1.050,1.800,-40.050,12.000,36.9
13:52:12.569,266350,-4.571,-8.969,-0.558,-0.056,0.074,0.981,1.800,-40.050,12.000,37.0
13:52:12.673,266405,-4.183,-9.546,-1.030,0.051,0.070,0.530,6.750,-40.200,12.150,36.9
13:52:12.674,266460,-4.719,-10.228,-0.893,-0.023,0.069,0.370,6.750,-40.200,12.150,37.0
13:52:12.726,266515,-4.460,-10.429,-0.994,0.041,0.158,0.194,9.900,-40.950,11.850,37.0
13:52:12.778,266570,-4.472,-10.175,-1.118,-0.083,-0.096,0.362,9.900,-40.950,11.850,36.6
13:52:12.883,266625,-4.927,-10.142,-1.152,-0.005,0.016,0.338,10.800,-39.300,14.250,36.8
13:52:12.885,266680,-5.428,-9.974,-1.092,0.107,0.194,0.277,11.400,-41.250,16.200,36.8
13:52:12.936,266735,-5.380,-9.850,-0.867,0.227,-0.036,0.536,11.400,-41.250,16.200,36.9
13:52:12.989,266790,-5.672,-9.210,-0.532,0.442,0.101,0.693,15.750,-41.250,17.700,36.9
13:52:13.042,266845,-7.379,-8.930,0.352,0.395,0.448,0.633,15.750,-41.250,17.700,36.8
13:52:13.094,266900,-11.655,-10.386,0.563,0.129,0.500,0.434,19.500,-40.200,16.950,36.8
13:52:13.199,266955,-8.717,-11.571,-0.283,-0.322,-0.893,0.162,19.500,-40.200,16.950,36.9
13:52:13.201,267010,-8.382,-11.052,0.196,-0.003,-0.256,0.090,20.400,-39.750,17.700,36.5
13:52:13.252,267065,-8.645,-10.336,0.579,0.003,0.010,0.021,20.400,-39.750,17.700,36.9
13:52:13.303,267120,-7.144,-9.843,1.168,-0.009,-0.175,-0.420,19.500,-37.350,18.450,36.9
13:52:13.356,267175,-5.863,-7.942,0.735,-0.276,-0.501,-0.901,19.500,-37.350,18.450,36.9
13:52:13.409,267230,-4.190,-8.040,0.723,-0.295,-0.163,-1.245,19.500,-37.350,18.450,37.0
13:52:13.462,267285,-3.127,-7.676,-0.632,-0.560,0.110,-1.134,19.500,-37.350,18.450,37.0
13:52:13.514,267340,-3.424,-6.780,-0.553,-0.654,0.575,-1.207,19.500,-37.350,18.450,37.1
13:52:13.567,267395,-4.357,-7.573,-0.572,-0.690,0.382,-1.544,5.250,-38.400,9.600,36.8
13:52:13.619,267450,-2.116,-7.736,-1.061,-0.603,0.243,-1.774,5.250,-38.400,9.600,36.8
13:52:13.723,267505,1.518,-5.248,-1.240,-0.836,0.845,-2.132,-4.050,-37.650,8.850,36.8
13:52:13.775,267560,-2.476,-6.098,-1.204,0.121,0.821,-1.001,-4.050,-37.650,8.850,36.7
13:52:13.828,267615,-0.072,-4.793,-2.224,0.083,0.140,0.708,-13.800,-36.900,4.800,36.9
13:52:13.881,267670,0.208,-5.363,-1.669,0.208,-0.115,1.319,-11.850,-37.350,5.550,36.9
13:52:13.985,267725,-1.935,-6.436,-2.567,0.175,-0.703,1.477,-11.850,-37.350,5.550,36.9
13:52:13.987,267780,-2.933,-8.315,-1.772,0.217,-0.296,1.443,-2.250,-38.850,7.950,36.8
13:52:14.039,267835,-2.014,-8.928,-1.125,0.232,-0.152,0.990,-2.250,-38.850,7.950,36.8
13:52:14.092,267890,-4.001,-9.474,-0.436,0.188,0.114,0.968,3.750,-40.050,10.500,37.0
13:52:14.144,267945,-4.331,-9.347,-1.824,-0.120,-0.327,0.713,3.750,-40.050,10.500,36.9
13:52:14.197,268000,-4.269,-10.525,-1.580,-0.137,0.262,0.504,7.350,-39.300,12.300,36.8
13:52:14.248,268055,-4.551,-10.369,-1.884,-0.299,0.059,0.432,7.350,-39.300,12.300,36.9
13:52:14.301,268110,-4.482,-10.585,-1.626,-0.079,0.086,0.188,10.050,-39.300,11.250,36.8
13:52:14.353,268165,-5.205,-9.962,-2.006,0.013,0.149,0.205,10.050,-39.300,11.250,36.7
13:52:14.459,268220,-5.217,-10.503,-2.155,0.114,-0.133,0.331,11.550,-39.300,12.000,36.7
13:52:14.461,268275,-7.120,-10.556,-1.410,0.127,0.003,0.544,13.350,-40.500,13.200,37.1
13:52:14.512,268330,-9.584,-11.406,-0.493,0.146,-0.074,0.290,13.350,-40.500,13.200,36.9
13:52:14.564,268385,-9.910,-11.607,-0.613,-0.127,-0.357,0.003,13.350,-40.500,13.200,37.1
13:52:14.616,268440,-8.387,-11.571,-1.003,-0.221,-0.392,-0.126,13.350,-40.500,13.200,37.0
13:52:14.669,268495,-6.048,-10.760,-0.886,-0.196,-0.163,-0.209,13.350,-40.500,13.200,36.8
13:52:14.722,268550,-5.344,-10.027,-0.919,-0.183,-0.157,-0.353,13.350,-40.500,13.200,36.8
13:52:14.773,268605,-5.514,-9.946,-0.608,-0.160,-0.043,-0.599,13.350,-40.500,13.200,36.5
13:52:14.878,268661,-3.563,-8.811,-0.208,-0.059,0.087,-0.975,13.350,-40.500,13.200,36.9
13:52:14.930,268715,-2.959,-8.183,-0.438,-0.298,0.226,-1.017,8.850,-38.550,10.500,36.9
13:52:14.983,268770,-3.883,-7.867,-1.456,-0.500,0.087,-1.078,4.650,-37.050,7.950,37.0
13:52:15.036,268825,-2.555,-8.274,-0.809,-0.407,0.009,-1.561,4.650,-37.050,7.950,36.8
13:52:15.089,268880,-1.942,-6.364,-2.655,-0.564,0.435,-1.724,-4.200,-37.050,5.850,37.0
13:52:15.142,268935,-0.649,-5.837,-1.267,-0.470,0.655,-1.539,-4.200,-37.050,5.850,37.0
13:52:15.194,268990,-1.283,-5.294,-2.294,-0.293,-0.092,-0.717,-11.550,-36.750,2.850,36.8
13:52:15.247,269045,0.077,-5.437,-2.749,-0.056,0.228,0.497,-11.550,-36.750,2.850,37.0
13:52:15.299,269100,-0.630,-5.950,-2.777,0.232,-0.608,1.369,-13.200,-38.850,4.350,36.9
13:52:15.351,269155,-1.305,-6.110,-3.158,0.384,-0.962,1.662,-13.200,-38.850,4.350,36.7
13:52:15.403,269210,-1.350,-7.518,-2.143,0.837,-0.329,1.416,-3.600,-36.900,1.950,36.8
13:52:15.455,269265,-3.464,-7.939,-1.295,0.615,-0.576,1.011,-3.600,-36.900,1.950,36.8
13:52:15.508,269320,-4.592,-9.711,-0.941,0.417,-0.234,0.732,2.850,-39.450,8.100,37.0
13:52:15.562,269375,-5.095,-10.345,-1.046,0.285,-0.046,0.436,7.050,-38.400,14.400,36.9
13:52:15.614,269430,-4.743,-11.035,-0.666,0.200,-0.044,0.473,7.050,-38.400,14.400,37.0
13:52:15.667,269485,-5.148,-10.388,-0.548,0.167,-0.087,0.413,8.250,-39.150,16.200,37.0
13:52:15.718,269540,-4.848,-9.828,-0.493,0.294,0.188,0.037,8.250,-39.150,16.200,37.0
13:52:15.823,269595,-5.100,-10.233,-0.491,0.193,-0.073,-0.003,8.250,-39.150,16.200,37.1
13:52:15.825,269650,-4.839,-10.127,-0.354,0.196,-0.043,0.125,8.250,-39.150,16.200,36.8
13:52:15.876,269705,-5.052,-9.668,-0.127,0.184,-0.185,0.296,8.250,-39.150,16.200,37.1
13:52:15.928,269760,-6.364,-10.693,0.725,0.187,-0.091,0.375,8.250,-39.150,16.200,36.9
13:52:16.034,269815,-8.418,-11.451,1.762,0.254,-0.192,0.320,11.400,-41.250,21.000,36.8
13:52:16.087,269870,-8.947,-11.349,1.429,0.016,-0.396,0.297,12.450,-39.600,23.400,37.1
13:52:16.139,269925,-7.389,-11.174,1.015,-0.127,-0.352,0.261,12.450,-39.600,23.400,36.9
13:52:16.192,269980,-6.316,-10.877,1.408,-0.099,-0.133,0.201,13.200,-38.250,21.900,36.8
13:52:16.243,270035,-6.223,-9.574,1.123,-0.192,-0.151,-0.017,13.200,-38.250,21.900,37.2
13:52:16.296,270090,-4.705,-9.067,1.437,-0.176,0.240,-0.325,14.550,-36.600,19.500,36.9
13:52:16.349,270145,-4.870,-8.179,0.527,-0.265,0.250,-0.615,14.550,-36.600,19.500,36.8
13:52:16.401,270200,-3.948,-8.665,0.510,-0.441,0.318,-0.713,11.550,-36.000,17.100,36.7
13:52:16.453,270255,-4.757,-7.300,-0.299,-0.496,0.415,-1.104,11.550,-36.000,17.100,37.0
13:52:16.506,270310,-3.948,-8.509,0.024,-0.492,0.590,-1.616,6.750,-39.150,13.950,36.9
13:52:16.559,270365,-3.704,-7.939,-1.154,-0.679,0.839,-2.206,6.750,-39.150,13.950,37.2
13:52:16.612,270420,2.172,-5.890,-0.120,-0.705,1.259,-2.388,-1.800,-39.300,10.200,37.0
13:52:16.664,270475,-3.716,-4.484,-2.500,-0.393,0.681,-1.252,-14.700,-37.500,7.200,37.0
13:52:16.715,270530,1.231,-4.999,-1.724,0.265,0.105,0.434,-14.700,-37.500,7.200,36.7
13:52:16.769,270585,-0.352,-4.872,-2.476,0.131,-0.428,1.393,-13.500,-37.800,6.900,36.8
13:52:16.820,270640,-1.214,-5.799,-2.840,0.101,-1.169,1.811,-13.500,-37.800,6.900,36.8
13:52:16.873,270695,-2.399,-8.040,-0.941,0.658,-0.364,1.608,-4.650,-39.600,8.400,37.1
13:52:16.926,270750,-3.548,-8.124,-0.821,0.530,-0.150,1.452,-4.650,-39.600,8.400,36.9
13:52:16.978,270805,-4.757,-9.414,-0.328,0.338,-0.222,1.086,-4.650,-39.600,8.400,37.1
13:52:17.032,270860,-4.954,-9.110,-0.637,0.296,-0.231,0.725,-4.650,-39.600,8.400,37.1
13:52:17.084,270915,-6.072,-9.799,-0.572,-0.239,-0.166,0.647,-4.650,-39.600,8.400,37.0
13:52:17.189,270970,-4.831,-9.802,-0.582,-0.379,0.136,0.281,-4.650,-39.600,8.400,36.7
13:52:17.241,271025,-5.559,-10.216,-0.543,-0.306,0.071,0.360,-4.650,-39.600,8.400,37.0
13:52:17.294,271080,-5.040,-10.455,-0.867,0.030,0.017,0.180,13.500,-37.500,15.300,36.9
13:52:17.347,271135,-5.720,-9.960,-1.080,0.239,-0.141,0.265,13.500,-37.500,15.300,36.9
13:52:17.399,271190,-6.048,-9.510,-0.596,0.326,0.039,0.320,15.300,-39.150,17.700,36.9
13:52:17.450,271245,-6.426,-9.167,-0.543,0.269,0.057,0.394,15.300,-39.150,17.700,37.1
13:52:17.504,271300,-9.175,-10.084,0.508,0.108,0.263,0.569,18.450,-38.700,19.800,37.0
13:52:17.556,271355,-10.688,-10.372,0.455,-0.110,0.156,0.319,18.450,-38.700,19.800,36.7
13:52:17.609,271410,-8.969,-10.582,0.089,-0.221,-0.353,0.143,19.800,-38.550,20.700,36.9
13:52:17.660,271465,-8.279,-10.681,0.045,-0.003,0.061,0.246,19.800,-38.550,20.700,37.0
13:52:17.714,271520,-8.037,-9.620,-0.072,-0.083,-0.098,-0.044,20.550,-36.450,17.850,37.0
13:52:17.765,271575,-7.714,-9.069,0.651,-0.048,-0.349,-0.543,20.700,-34.800,18.450,37.0
13:52:17.818,271630,-6.565,-7.920,0.081,-0.311,-0.399,-1.091,20.700,-34.800,18.450,37.1
13:52:17.870,271685,-3.685,-7.496,0.294,-0.199,-0.097,-1.423,15.450,-36.000,14.850,36.9
13:52:17.923,271740,-5.430,-8.102,0.747,0.172,0.021,-1.493,15.450,-36.000,14.850,36.7
13:52:17.977,271795,-4.118,-8.296,-0.086,-0.332,0.029,-1.657,6.150,-38.550,15.600,37.2
13:52:18.029,271850,-3.634,-8.435,-0.548,-0.531,0.724,-1.762,6.150,-38.550,15.600,37.0
13:52:18.080,271905,-1.161,-7.135,-1.065,-0.687,0.661,-1.744,-2.400,-39.450,13.650,36.9
13:52:18.133,271960,0.163,-5.650,-1.867,-0.742,0.471,-1.550,-2.400,-39.450,13.650,36.9
13:52:18.187,272015,-2.442,-6.627,-1.781,-0.652,-0.435,-1.296,-2.400,-39.450,13.650,36.9
13:52:18.239,272070,0.723,-5.681,-1.281,-0.554,0.011,-0.477,-2.400,-39.450,13.650,37.1
13:52:18.396,272125,-1.762,-5.763,-1.939,0.228,-0.356,0.942,-2.400,-39.450,13.650,36.7
13:52:18.397,272180,0.934,-6.536,-1.614,0.492,-0.580,1.386,-13.200,-39.600,6.900,37.2
13:52:18.449,272235,-1.803,-7.463,-2.006,0.182,-0.986,1.369,-13.200,-39.600,6.900,36.9
13:52:18.501,272290,-1.307,-8.428,-1.465,0.201,-0.351,1.181,-4.650,-40.650,9.750,36.9
13:52:18.554,272345,-2.538,-9.349,-1.283,-0.026,-0.402,1.049,-4.650,-40.650,9.750,36.9
13:52:18.607,272400,-3.869,-10.156,-1.690,-0.127,-0.269,0.762,1.800,-40.650,7.650,36.9
13:52:18.659,272455,-3.934,-10.870,-0.783,-0.443,-0.239,0.523,1.800,-40.650,7.650,37.0
13:52:18.712,272510,-3.843,-10.348,-1.348,-0.514,0.123,0.490,4.950,-38.850,9.000,36.8
13:52:18.763,272565,-3.826,-11.021,-1.743,-0.279,0.103,0.440,4.950,-38.850,9.000,36.8
13:52:18.816,272620,-5.116,-10.544,-2.579,0.014,-0.260,0.377,7.950,-39.750,8.100,36.8
13:52:18.868,272675,-5.344,-10.408,-1.958,0.053,-0.193,0.313,9.450,-39.450,8.550,37.0
13:52:18.920,272730,-5.526,-9.687,-1.666,-0.115,-0.193,0.431,9.450,-39.450,8.550,36.9
13:52:18.973,272785,-5.325,-9.108,-1.951,-0.213,-0.309,0.546,10.950,-39.150,11.850,37.0
13:52:19.026,272840,-5.289,-9.668,-1.659,-0.158,-0.280,0.695,10.950,-39.150,11.850,37.0
13:52:19.079,272895,-7.061,-10.293,-1.252,0.147,-0.360,0.996,14.850,-38.400,10.650,36.9
13:52:19.132,272950,-12.096,-9.412,-0.862,0.004,0.240,0.470,14.850,-38.400,10.650,36.7
13:52:19.184,273005,-8.260,-9.201,-1.204,-0.343,1.029,0.204,19.200,-34.800,10.050,37.0
13:52:19.237,273060,-8.104,-10.202,-0.570,-0.385,0.836,-0.283,19.200,-34.800,10.050,36.8
13:52:19.289,273115,-7.872,-8.753,-1.458,-0.362,0.275,-0.523,16.650,-34.200,6.150,37.0
13:52:19.340,273170,-6.503,-8.717,-1.990,-0.510,-0.444,-0.748,16.650,-34.200,6.150,37.0
13:52:19.393,273225,-5.485,-8.341,-2.018,-0.394,-0.356,-0.972,16.650,-34.200,6.150,37.0
13:52:19.498,273280,-5.284,-7.992,-1.798,-0.297,-0.391,-1.170,16.650,-34.200,6.150,36.7
13:52:19.552,273335,-4.058,-7.951,-2.464,-0.248,-0.642,-1.313,16.650,-34.200,6.150,37.0
13:52:19.604,273390,-3.144,-7.719,-2.504,-0.369,-0.392,-1.204,16.650,-34.200,6.150,36.9
13:52:19.657,273445,-2.828,-8.152,-3.129,-0.323,-0.479,-1.262,16.650,-34.200,6.150,36.9
13:52:19.709,273500,-3.833,-9.342,-3.565,-0.264,-0.037,-1.338,1.350,-33.000,2.250,36.9
13:52:19.761,273555,-1.298,-7.764,-3.033,-0.504,0.191,-1.824,1.350,-33.000,2.250,37.0
13:52:19.813,273610,1.954,-5.025,-4.056,-0.952,0.626,-1.489,-4.650,-31.650,-0.300,36.8
13:52:19.866,273665,-0.172,-3.017,-4.798,-0.566,1.105,-0.695,-4.650,-31.650,-0.300,37.1
13:52:19.918,273720,2.492,-2.940,-4.736,-0.003,-0.176,0.805,-13.350,-31.500,-3.450,36.9
13:52:19.971,273775,1.008,-5.966,-5.085,0.063,-0.201,1.315,-7.950,-29.700,-4.800,37.1
13:52:20.023,273830,-1.525,-7.527,-4.702,-0.058,-0.207,1.419,-7.950,-29.700,-4.800,36.8
13:52:20.076,273885,-1.075,-8.617,-4.350,-0.053,-0.134,1.294,-2.850,-31.500,-4.800,37.1
13:52:20.129,273940,-2.981,-8.940,-4.671,-0.273,-0.010,1.039,-2.850,-31.500,-4.800,37.0
13:52:20.182,273995,-3.045,-9.002,-4.638,-0.276,0.070,0.948,3.000,-29.850,-3.900,37.2
13:52:20.233,274050,-3.148,-9.764,-4.231,-0.154,0.070,0.826,3.000,-29.850,-3.900,36.8
13:52:20.337,274105,-3.797,-9.143,-5.104,-0.019,-0.215,0.771,5.250,-30.450,-6.000,36.7
13:52:20.390,274160,-4.348,-9.124,-4.228,0.046,-0.156,0.980,5.250,-30.450,-6.000,36.8
13:52:20.392,274215,-5.083,-7.949,-4.137,-0.109,0.011,1.119,7.950,-29.700,-4.500,36.9
13:52:20.444,274270,-5.966,-7.503,-3.967,-0.186,0.060,1.037,12.450,-28.500,-5.400,37.0
13:52:20.496,274325,-8.061,-7.587,-4.075,-0.030,0.099,0.713,12.450,-28.500,-5.400,37.0
13:52:20.601,274380,-10.147,-7.659,-4.164,-0.068,-0.042,0.151,13.500,-27.000,-4.650,37.0
13:52:20.603,274435,-8.969,-7.970,-4.025,-0.187,-0.423,-0.313,13.500,-27.000,-4.650,37.1
13:52:20.705,274490,-9.589,-8.717,-4.702,-0.214,-0.581,-0.494,13.500,-27.000,-4.650,37.0
13:52:20.758,274545,-7.863,-8.820,-4.010,-0.047,-0.642,-0.521,13.500,-27.000,-4.650,36.9
13:52:20.810,274600,-6.914,-8.645,-4.032,-0.042,-0.530,-0.458,13.500,-27.000,-4.650,36.9
13:52:20.914,274655,-6.481,-8.437,-3.704,-0.084,-0.373,-0.611,13.500,-27.000,-4.650,37.1
13:52:20.916,274710,-5.104,-8.018,-3.388,-0.261,-0.416,-0.859,12.450,-27.000,-2.550,36.9
13:52:20.968,274765,-4.736,-7.568,-3.905,-0.164,-0.282,-1.111,12.450,-27.000,-2.550,37.1
13:52:21.021,274820,-4.247,-9.155,-3.141,-0.046,0.099,-1.290,10.800,-28.050,-2.100,37.1
13:52:21.074,274875,-3.728,-7.966,-3.752,-0.129,-0.072,-1.560,4.950,-28.800,-4.350,36.8
13:52:21.126,274930,-2.215,-6.555,-4.606,-0.455,0.096,-1.733,4.950,-28.800,-4.350,36.9
13:52:21.178,274985,0.371,-4.820,-3.500,-0.677,1.482,-1.587,-0.900,-29.400,-4.800,36.8
13:52:21.230,275040,-0.237,-3.428,-2.804,-0.425,0.314,-1.073,-0.900,-29.400,-4.800,37.2
13:52:21.284,275095,1.700,-4.168,-4.470,-0.314,-0.199,0.002,-6.600,-29.100,-6.900,36.9
13:52:21.337,275150,1.312,-6.917,-4.822,-0.042,-0.390,0.513,-6.600,-29.100,-6.900,37.0
13:52:21.389,275205,0.163,-7.640,-5.246,0.081,-0.106,0.649,-3.600,-29.400,-6.300,37.0
13:52:21.442,275260,-1.283,-7.693,-5.801,0.052,-0.133,0.768,-3.600,-29.400,-6.300,36.7
13:52:21.493,275315,-1.257,-8.401,-5.291,0.102,-0.007,0.703,-2.850,-30.450,-7.350,36.8
13:52:21.546,275370,-1.839,-8.413,-5.351,0.115,0.058,0.690,-0.150,-27.900,-6.300,37.0
13:52:21.599,275425,-2.138,-8.554,-4.585,0.177,0.258,0.615,-0.150,-27.900,-6.300,37.0
13:52:21.651,275480,-2.490,-8.590,-4.137,0.171,0.091,0.516,0.750,-29.850,-4.350,36.8
13:52:21.704,275535,-2.729,-8.126,-4.458,-0.026,-0.207,0.584,0.750,-29.850,-4.350,37.1
13:52:21.808,275590,-2.543,-9.115,-4.111,0.214,-0.204,0.524,3.300,-30.750,-4.800,37.0
13:52:21.861,275645,-3.898,-9.134,-3.785,0.369,-0.164,0.382,3.300,-30.750,-4.800,36.7
13:52:21.913,275700,-4.231,-9.354,-4.082,0.469,-0.030,0.383,3.300,-30.750,-4.800,36.9
13:52:21.965,275755,-4.848,-9.529,-3.735,0.523,-0.167,0.292,3.300,-30.750,-4.800,37.0
13:52:22.071,275810,-4.590,-9.194,-3.785,0.311,-0.018,0.505,3.300,-30.750,-4.800,37.0
13:52:22.072,275865,-5.713,-8.976,-3.338,0.268,0.215,0.514,3.300,-30.750,-4.800,36.9
13:52:22.124,275920,-5.768,-8.588,-3.282,0.147,-0.138,0.135,9.600,-34.200,1.050,37.0
13:52:22.177,275975,-6.199,-8.286,-2.813,0.010,0.203,-0.047,8.700,-34.800,0.900,37.0
13:52:22.228,276030,-7.523,-12.038,-2.181,-0.085,-0.101,0.128,8.700,-34.800,0.900,36.7
13:52:22.281,276085,-7.539,-13.005,-2.887,0.131,-0.735,0.492,9.300,-33.150,2.550,36.9
13:52:22.386,276140,-6.993,-11.602,-2.361,0.208,-0.441,0.409,9.300,-33.150,2.550,37.1
13:52:22.387,276195,-5.696,-10.609,-2.301,0.166,-0.483,0.121,12.450,-32.700,4.650,37.0
13:52:22.490,276250,-5.112,-9.910,-2.440,0.148,-0.345,-0.153,12.450,-32.700,4.650,37.0
13:52:22.492,276305,-4.228,-9.268,-1.798,0.090,-0.070,-0.682,10.800,-33.150,2.850,36.9
13:52:22.543,276360,-3.175,-7.585,-2.049,-0.208,0.072,-1.050,10.800,-33.150,2.850,36.9
13:52:22.596,276415,-2.919,-7.575,-2.595,-0.507,0.130,-1.011,10.050,-33.150,2.850,37.0
13:52:22.649,276470,-3.649,-7.082,-2.234,-0.424,0.628,-1.258,4.200,-32.400,2.100,36.9
13:52:22.702,276525,-4.499,-9.759,-0.843,-0.119,0.723,-1.727,4.200,-32.400,2.100,37.1
13:52:22.754,276580,0.534,-6.936,-3.970,-0.796,0.335,-2.219,-2.250,-33.450,-0.300,36.9
13:52:22.806,276635,2.641,-2.696,-3.445,-0.853,1.569,-2.613,-2.250,-33.450,-0.300,37.1
13:52:22.858,276690,-3.541,-4.355,-1.630,0.498,0.959,-0.359,-17.250,-30.000,-4.200,37.0
13:52:22.963,276745,0.136,-4.719,-3.591,0.422,0.071,1.529,-17.250,-30.000,-4.200,37.0
13:52:23.016,276800,1.463,-4.046,-4.769,0.395,-0.512,1.675,-14.700,-32.100,1.050,36.8
13:52:23.069,276855,-2.971,-7.963,-2.298,0.467,-0.147,1.891,-14.700,-32.100,1.050,36.8
13:52:23.122,276910,-0.326,-8.578,-2.490,0.543,-0.181,1.502,-14.700,-32.100,1.050,37.0
13:52:23.174,276965,-3.400,-8.808,-2.411,0.661,0.148,1.407,-14.700,-32.100,1.050,37.0
13:52:23.226,277020,-2.820,-8.995,-2.875,0.785,-0.131,1.205,-14.700,-32.100,1.050,37.0
13:52:23.278,277075,-3.977,-9.759,-2.126,0.842,-0.167,1.131,-14.700,-32.100,1.050,36.9
13:52:23.331,277130,-5.952,-11.847,-0.615,0.671,-0.086,0.980,-14.700,-32.100,1.050,36.9
13:52:23.384,277185,-5.677,-10.448,-0.405,0.419,-0.282,0.862,12.600,-36.900,14.400,37.2
13:52:23.435,277240,-6.230,-9.787,0.730,0.271,-0.212,0.743,12.600,-36.900,14.400,36.8
13:52:23.488,277295,-6.187,-9.045,0.974,0.164,-0.141,0.541,15.450,-34.650,18.150,37.0
13:52:23.540,277350,-6.314,-8.586,0.433,0.202,-0.061,0.469,15.450,-34.650,18.150,36.9
13:52:23.594,277405,-6.297,-8.600,0.587,0.343,0.091,0.370,18.150,-35.250,18.600,37.0
13:52:23.647,277460,-6.072,-7.989,0.290,0.302,0.116,0.167,18.150,-35.250,18.600,36.9
13:52:23.699,277515,-7.800,-8.475,0.529,0.109,0.211,0.108,19.800,-36.750,20.100,36.9
13:52:23.752,277570,-7.855,-8.928,0.582,-0.030,0.286,0.079,19.500,-36.600,19.500,37.0
13:52:23.804,277625,-7.961,-8.777,0.421,-0.143,0.257,0.244,19.500,-36.600,19.500,36.9
13:52:23.855,277680,-8.325,-10.281,0.824,-0.135,0.079,0.203,19.950,-37.350,19.800,36.8
13:52:23.908,277735,-8.873,-10.748,0.613,-0.062,0.135,0.262,19.950,-37.350,19.800,37.1
13:52:23.960,277790,-8.909,-9.917,0.287,0.009,-0.034,0.165,23.400,-34.050,18.450,37.1
13:52:24.013,277845,-8.521,-9.268,0.709,-0.010,-0.233,-0.183,23.400,-34.050,18.450,36.9
13:52:24.119,277900,-7.321,-9.258,0.879,-0.112,-0.427,-0.604,20.400,-32.550,19.500,37.0
13:52:24.171,277955,-7.561,-8.978,0.287,-0.421,-0.337,-0.871,20.400,-32.550,19.500,36.8
13:52:24.224,278010,-4.355,-8.152,0.153,-0.548,-0.200,-1.083,17.100,-35.700,18.150,36.7
13:52:24.275,278065,-3.960,-8.231,-0.081,-0.395,0.295,-1.216,11.250,-35.700,15.600,36.9
13:52:24.329,278120,-3.438,-6.886,-0.900,-0.459,0.598,-1.787,11.250,-35.700,15.600,37.0
13:52:24.381,278175,-3.438,-6.668,-1.286,-0.325,1.074,-2.055,11.250,-35.700,15.600,37.1
13:52:24.434,278230,-2.749,-5.677,-0.567,-0.296,0.788,-2.139,11.250,-35.700,15.600,37.1
13:52:24.486,278285,-0.735,-5.327,-1.130,-0.597,0.536,-1.968,11.250,-35.700,15.600,37.0
13:52:24.538,278340,-1.168,-6.067,-0.869,0.045,0.257,-0.298,11.250,-35.700,15.600,37.0
13:52:24.591,278395,0.539,-4.590,-2.090,0.337,0.556,1.159,-14.100,-39.450,7.350,36.8
13:52:24.644,278450,-0.752,-5.169,-1.470,0.124,-0.237,1.738,-14.100,-39.450,7.350,36.8
13:52:24.697,278505,-2.840,-6.881,-1.793,-0.152,-0.395,1.895,-7.500,-37.950,8.850,36.9
13:52:24.748,278560,-2.638,-8.167,-1.453,0.033,0.062,1.669,-7.500,-37.950,8.850,37.1
13:52:24.801,278615,-4.245,-9.110,-0.757,0.092,0.141,1.357,2.400,-40.200,8.100,37.0
13:52:24.854,278670,-5.823,-9.685,-0.577,0.237,0.078,1.002,9.300,-37.050,10.950,37.1
13:52:24.906,278725,-5.078,-9.565,-1.437,-0.015,-0.121,0.503,9.300,-37.050,10.950,36.9
13:52:24.958,278780,-5.610,-9.991,-0.778,-0.104,0.148,0.496,11.550,-37.800,10.950,37.2
13:52:25.011,278835,-6.227,-9.905,-1.243,-0.084,-0.179,0.340,11.550,-37.800,10.950,37.0
13:52:25.063,278890,-5.981,-10.010,-0.931,0.388,-0.262,-0.104,15.750,-36.600,14.400,37.1
13:52:25.169,278945,-6.105,-9.187,-1.434,0.428,-0.381,-0.171,15.750,-36.600,14.400,37.1
13:52:25.171,279000,-5.564,-8.997,-1.192,0.397,-0.040,0.009,15.450,-39.300,18.900,36.9
13:52:25.273,279055,-5.490,-9.677,-0.247,0.279,-0.499,0.015,15.450,-39.300,18.900,37.0
13:52:25.326,279110,-6.433,-10.405,0.120,0.048,-0.268,0.246,15.300,-40.950,21.300,37.2
13:52:25.379,279165,-9.498,-11.744,1.027,-0.062,-0.343,0.334,17.100,-39.600,21.900,36.8
13:52:25.432,279220,-9.438,-11.921,1.784,-0.171,-0.419,0.361,17.100,-39.600,21.900,36.7
13:52:25.484,279275,-8.250,-11.049,1.063,-0.037,-0.332,0.359,18.150,-39.300,22.950,37.0
13:52:25.537,279330,-7.331,-10.046,1.255,-0.045,-0.351,0.076,18.150,-39.300,22.950,37.0
13:52:25.588,279385,-5.909,-9.345,1.305,-0.186,-0.449,-0.232,18.150,-39.300,22.950,37.0
13:52:25.642,279440,-6.120,-8.868,0.824,-0.265,-0.284,-0.459,18.150,-39.300,22.950,37.3
13:52:25.694,279495,-5.241,-8.085,0.874,-0.283,-0.046,-1.013,18.150,-39.300,22.950,36.8
13:52:25.747,279550,-5.600,-8.296,1.489,-0.366,-0.002,-1.253,18.150,-39.300,22.950,37.1
13:52:25.799,279605,-2.828,-7.724,0.666,-0.604,0.325,-1.485,18.150,-39.300,22.950,36.7
13:52:25.851,279661,-3.613,-7.396,0.678,-0.464,0.649,-1.805,18.150,-39.300,22.950,37.2
13:52:25.903,279715,-2.682,-7.920,-0.067,-0.689,0.532,-2.004,1.050,-38.250,15.300,36.9
13:52:25.955,279770,-0.682,-5.679,-1.760,-0.855,0.361,-2.116,-8.100,-38.850,11.700,37.2
13:52:26.059,279825,0.338,-5.339,-1.190,-0.566,0.568,-1.465,-8.100,-38.850,11.700,37.3
13:52:26.060,279880,0.105,-4.391,-1.463,0.033,0.384,0.100,-14.250,-37.050,7.950,37.2
13:52:26.113,279935,0.034,-4.515,-2.557,0.124,-0.230,1.541,-14.250,-37.050,7.950,37.1
13:52:26.166,279990,-0.275,-6.409,-2.045,-0.027,-0.616,1.693,-10.500,-38.550,9.450,37.1
13:52:26.219,280045,-2.219,-8.145,-1.369,0.055,-0.086,1.802,-10.500,-38.550,9.450,37.1
13:52:26.271,280100,-1.429,-9.189,-0.742,0.186,-0.169,1.503,0.300,-38.850,9.450,37.2
13:52:26.324,280155,-4.894,-9.752,-0.127,0.388,0.147,1.182,0.300,-38.850,9.450,37.1
13:52:26.429,280210,-4.192,-9.438,-1.147,0.250,0.088,0.719,6.750,-39.150,12.150,37.0
13:52:26.481,280265,-5.969,-9.708,-1.161,0.188,0.149,0.618,9.600,-38.250,14.250,37.1
13:52:26.534,280320,-5.643,-9.740,-0.972,0.105,0.076,0.513,9.600,-38.250,14.250,37.1
13:52:26.585,280375,-6.036,-10.137,-0.826,-0.010,0.095,0.174,13.200,-38.250,15.600,36.9
13:52:26.638,280430,-5.871,-10.135,-0.874,-0.208,-0.001,-0.064,13.200,-38.250,15.600,36.9
13:52:26.692,280485,-5.480,-9.898,-1.008,-0.191,0.243,-0.132,13.950,-39.300,16.800,37.1
13:52:26.744,280540,-5.282,-9.859,-1.362,-0.151,-0.016,0.114,13.950,-39.300,16.800,37.1
13:52:26.796,280595,-5.296,-10.166,-0.907,0.045,-0.157,0.295,14.100,-41.250,15.450,37.0
13:52:26.848,280650,-6.357,-10.070,-0.962,0.097,-0.167,0.337,14.100,-41.250,15.450,36.9
13:52:26.901,280705,-8.092,-10.736,-0.383,0.081,-0.282,0.252,14.100,-41.250,15.450,37.1
13:52:26.954,280760,-9.081,-10.829,-0.448,-0.091,-0.494,0.095,14.100,-41.250,15.450,36.9
13:52:27.006,280815,-8.365,-11.423,-0.532,-0.070,-0.472,0.046,14.100,-41.250,15.450,36.9
13:52:27.059,280870,-6.675,-10.391,0.103,-0.100,-0.473,-0.052,14.100,-41.250,15.450,36.9
13:52:27.110,280925,-6.421,-9.843,0.326,-0.131,-0.250,-0.394,14.100,-41.250,15.450,37.0
13:52:27.163,280980,-5.318,-9.457,0.218,-0.310,-0.081,-0.640,14.550,-36.900,16.500,37.0
13:52:27.217,281035,-4.659,-8.902,0.005,-0.422,0.093,-0.874,14.550,-36.900,16.500,37.1
13:52:27.269,281090,-3.472,-8.052,-0.165,-0.476,0.228,-1.255,9.900,-37.350,12.900,37.0
13:52:27.321,281145,-2.840,-7.867,-0.584,-0.647,0.412,-1.310,9.900,-37.350,12.900,36.8
13:52:27.425,281200,-2.689,-6.730,-1.537,-0.657,0.648,-1.484,4.050,-38.400,9.600,36.7
13:52:27.427,281255,-1.611,-6.958,-1.887,-0.579,0.467,-1.740,4.050,-38.400,9.600,37.0
13:52:27.479,281310,-0.024,-6.203,-1.599,-0.216,0.315,-1.790,-5.400,-39.600,3.900,37.0
13:52:27.635,281365,-0.168,-4.906,-2.571,-0.028,0.696,-0.812,-14.550,-38.400,4.800,37.1
13:52:27.637,281420,-0.381,-5.104,-2.602,0.121,-0.225,0.860,-14.550,-38.400,4.800,37.0
13:52:27.741,281475,0.192,-5.770,-2.243,0.262,-0.227,1.446,-10.500,-38.850,4.650,37.1
13:52:27.743,281530,-1.891,-7.233,-2.322,0.343,-0.516,1.583,-10.500,-38.850,4.650,37.0
13:52:27.794,281585,-2.409,-7.970,-2.251,0.383,-0.482,1.659,-1.500,-39.300,8.700,36.8
13:52:27.846,281640,-3.474,-8.657,-1.439,0.432,-0.078,1.302,-1.500,-39.300,8.700,37.1
13:52:27.899,281695,-5.274,-9.543,-1.587,0.395,-0.286,1.133,5.250,-40.200,11.100,37.0
13:52:27.951,281750,-5.033,-9.306,-0.900,0.140,0.011,0.701,5.250,-40.200,11.100,37.0
13:52:28.003,281805,-4.695,-9.452,-0.558,0.003,0.123,0.609,10.950,-38.400,13.200,37.0
13:52:28.056,281860,-5.478,-9.100,-0.912,-0.077,0.074,0.596,10.950,-38.400,13.200,37.0
13:52:28.107,281915,-5.713,-9.685,-1.204,-0.028,0.215,0.599,13.350,-37.650,14.700,37.0
13:52:28.160,281970,-6.000,-9.457,-1.264,0.055,0.155,0.529,13.350,-37.650,14.700,37.0
13:52:28.213,282025,-6.096,-8.732,-1.195,-0.088,-0.142,0.535,13.350,-37.650,14.700,37.0
13:52:28.266,282080,-6.519,-8.660,-0.680,-0.020,0.132,0.482,13.350,-37.650,14.700,37.2
13:52:28.318,282135,-6.697,-8.023,-0.543,-0.023,0.172,0.393,13.350,-37.650,14.700,37.0
13:52:28.371,282190,-7.123,-8.514,-0.996,-0.033,0.006,0.449,13.350,-37.650,14.700,37.0
13:52:28.424,282245,-8.674,-9.266,-0.414,0.121,0.064,0.488,13.350,-37.650,14.700,37.1
13:52:28.477,282300,-9.565,-8.928,-0.414,0.086,-0.051,0.424,23.250,-36.000,13.800,37.0
13:52:28.529,282355,-10.640,-9.730,-0.852,0.068,-0.140,0.212,23.250,-36.000,13.800,36.7
13:52:28.633,282410,-9.352,-9.613,-0.134,0.204,-0.298,0.029,24.900,-33.450,16.800,36.8
13:52:28.635,282465,-9.531,-9.172,-0.445,0.230,-0.442,-0.210,24.900,-34.200,19.350,37.1
13:52:28.739,282520,-7.209,-8.222,0.053,0.135,-0.462,-0.625,24.900,-34.200,19.350,37.1
13:52:28.791,282575,-7.262,-7.752,-0.050,-0.013,-0.089,-0.848,21.000,-34.650,20.100,37.0
13:52:28.844,282630,-4.539,-7.654,0.560,-0.094,-0.114,-1.156,21.000,-34.650,20.100,37.1
13:52:28.897,282685,-4.815,-7.578,0.400,-0.275,0.153,-1.154,14.250,-37.050,17.100,37.3
13:52:28.948,282740,-4.334,-7.470,-0.311,-0.206,0.396,-1.134,14.250,-37.050,17.100,37.1
13:52:29.000,282795,-3.587,-7.542,-1.032,-0.268,0.277,-1.174,8.700,-36.150,15.900,36.9
13:52:29.053,282850,-4.796,-8.452,-1.396,-0.274,0.772,-1.114,8.700,-36.150,15.900,37.0
13:52:29.105,282905,-5.179,-8.380,-1.729,-0.554,0.416,-1.663,1.800,-39.300,13.050,37.0
13:52:29.159,282960,0.263,-6.041,-0.747,-0.910,-0.304,-1.928,1.800,-39.300,13.050,37.2
13:52:29.212,283015,-0.084,-4.477,-1.305,-0.264,0.766,-0.628,-6.600,-40.050,7.650,37.0
13:52:29.264,283070,0.237,-4.827,-2.258,0.408,-0.027,0.895,-10.050,-39.600,6.900,37.1
13:52:29.317,283125,0.740,-4.937,-1.355,0.543,-0.543,1.570,-10.050,-39.600,6.900,36.8
13:52:29.369,283180,-4.544,-7.623,-1.427,0.510,-1.111,1.700,-4.350,-37.350,8.850,36.9
13:52:29.420,283235,-2.337,-7.266,-1.525,0.428,-0.688,1.594,-4.350,-37.350,8.850,37.2
13:52:29.474,283290,-5.217,-7.633,-1.259,0.465,-0.307,1.397,7.050,-39.450,14.700,37.2
13:52:29.526,283345,-6.946,-10.075,1.393,0.506,-0.083,1.135,7.050,-39.450,14.700,37.1
13:52:29.579,283400,-6.189,-8.665,0.184,-0.130,-0.178,0.698,7.050,-39.450,14.700,37.0
13:52:29.630,283455,-7.803,-9.311,-0.275,-0.274,-0.141,0.293,7.050,-39.450,14.700,37.1
13:52:29.683,283510,-6.495,-10.168,0.247,-0.136,-0.171,-0.079,7.050,-39.450,14.700,36.8
13:52:29.737,283565,-7.230,-10.398,0.642,0.194,-0.251,-0.153,7.050,-39.450,14.700,37.0
13:52:29.789,283620,-6.395,-9.175,0.881,0.155,-0.495,-0.341,7.050,-39.450,14.700,37.2
13:52:29.893,283675,-5.373,-8.741,1.379,0.010,-0.437,-0.352,16.050,-38.700,24.300,37.2
13:52:29.946,283730,-4.575,-8.758,1.487,0.001,-0.419,-0.284,16.050,-38.700,24.300,37.3
13:52:29.998,283785,-6.132,-9.491,1.525,-0.102,-0.419,-0.119,13.800,-39.150,25.650,37.2
13:52:30.051,283840,-7.760,-11.399,2.131,-0.092,-0.461,-0.113,13.800,-39.150,25.650,37.0
13:52:30.104,283895,-7.027,-11.794,1.985,-0.107,-0.520,-0.031,14.550,-40.200,25.650,37.1
13:52:30.156,283950,-7.223,-11.406,1.930,0.016,-0.180,0.122,14.550,-40.200,25.650,36.8
13:52:30.208,284005,-5.799,-10.930,2.025,-0.040,-0.062,0.151,13.500,-39.600,26.250,37.0
13:52:30.261,284060,-5.947,-9.687,1.207,-0.421,0.035,0.172,13.500,-39.600,26.250,37.0
13:52:30.314,284115,-6.053,-9.938,2.061,-0.483,0.317,-0.001,14.700,-36.750,24.450,37.0
13:52:30.366,284170,-6.321,-9.723,1.748,-0.302,0.370,-0.496,12.450,-37.500,20.400,37.2
13:52:30.418,284225,-4.432,-8.985,0.484,-0.763,0.346,-0.926,12.450,-37.500,20.400,37.3
13:52:30.472,284280,-3.706,-7.642,-0.438,-0.743,0.522,-1.139,8.850,-38.850,17.550,37.2
13:52:30.524,284335,-2.935,-7.671,-0.074,-0.509,0.563,-1.405,8.850,-38.850,17.550,37.1
13:52:30.577,284390,-1.681,-6.112,-1.539,-0.507,0.663,-1.358,1.500,-38.550,11.700,37.1
13:52:30.629,284445,-2.452,-8.564,-0.218,0.011,1.398,-1.659,1.500,-38.550,11.700,37.2
13:52:30.680,284500,-0.438,-6.352,-1.279,-0.532,0.802,-1.277,-6.900,-39.600,8.700,37.0
13:52:30.734,284555,-1.030,-5.389,-1.559,-0.366,0.177,-0.075,-6.900,-39.600,8.700,36.9
13:52:30.787,284610,-0.364,-5.076,-2.461,0.093,-0.057,1.017,-12.450,-38.850,7.950,37.2
13:52:30.839,284665,-1.255,-6.548,-1.178,0.292,-0.335,1.496,-6.000,-39.750,8.100,37.2
13:52:30.892,284720,-1.255,-7.618,-1.791,0.480,-0.529,1.529,-6.000,-39.750,8.100,37.0
13:52:30.995,284775,-3.706,-8.435,-1.281,0.467,0.003,1.317,-6.000,-39.750,8.100,37.0
13:52:30.996,284830,-3.223,-8.241,-0.903,0.469,0.133,1.158,-6.000,-39.750,8.100,36.9
13:52:31.102,284885,-5.318,-8.717,-0.338,0.745,0.626,0.941,-6.000,-39.750,8.100,37.1
13:52:31.204,284940,-6.404,-10.223,0.057,0.454,-0.078,0.446,-6.000,-39.750,8.100,37.2
13:52:31.206,284995,-6.088,-10.204,-0.172,0.142,0.117,0.184,-6.000,-39.750,8.100,36.9
13:52:31.258,285050,-4.939,-10.144,-0.433,-0.218,0.364,0.200,-6.000,-39.750,8.100,36.9
13:52:31.312,285105,-5.827,-10.530,-0.330,-0.110,0.466,0.173,12.600,-39.750,19.800,36.9
13:52:31.364,285160,-5.411,-9.318,-0.620,0.116,0.167,0.116,12.600,-39.750,19.800,37.2
13:52:31.417,285215,-4.951,-8.921,-0.359,0.116,-0.178,0.247,14.850,-39.750,18.450,36.9
13:52:31.469,285270,-5.449,-8.964,-0.362,0.172,-0.101,0.420,15.750,-39.750,18.750,36.9
13:52:31.522,285325,-6.263,-9.570,-0.364,0.157,-0.107,0.564,15.750,-39.750,18.750,37.2
13:52:31.574,285380,-9.213,-9.926,-0.242,-0.003,0.096,0.691,19.200,-38.700,21.750,37.1
13:52:31.626,285435,-11.708,-10.388,-0.022,-0.319,-0.086,0.478,19.200,-38.700,21.750,37.2
13:52:31.678,285490,-9.280,-10.489,-0.354,-0.373,-0.374,0.133,20.100,-37.500,22.650,36.9
13:52:31.731,285545,-8.238,-10.266,0.156,-0.264,-0.429,0.066,20.100,-37.500,22.650,37.0
13:52:31.784,285600,-8.346,-8.827,0.259,-0.133,-0.311,-0.406,21.750,-34.950,21.150,37.2
13:52:31.837,285655,-6.596,-8.514,0.759,-0.232,-0.422,-0.884,21.750,-34.950,21.150,37.0
13:52:31.889,285710,-6.443,-8.770,1.228,-0.207,-0.205,-1.391,16.800,-35.550,19.500,36.9
13:52:31.942,285765,-3.879,-8.262,0.790,-0.377,-0.397,-1.722,11.400,-37.650,19.050,37.0
13:52:31.994,285820,-2.004,-6.555,-1.063,-0.452,-0.363,-1.671,11.400,-37.650,19.050,37.1
13:52:32.045,285875,-4.635,-9.756,0.898,-0.280,0.251,-1.985,1.500,-39.300,14.850,36.9
13:52:32.098,285930,-0.994,-6.855,-1.118,-0.840,0.497,-1.892,1.500,-39.300,14.850,37.0
13:52:32.203,285985,-0.754,-5.004,-1.616,-0.706,0.918,-1.674,-8.100,-40.050,12.000,37.1
13:52:32.255,286040,-0.915,-4.671,-1.697,-0.807,-0.308,-0.847,-8.100,-40.050,12.000,37.1
13:52:32.307,286095,0.826,-5.152,-1.192,-0.276,-0.127,0.062,-13.500,-38.250,8.400,36.8
13:52:32.360,286150,-0.740,-5.849,-1.848,0.152,-0.204,1.104,-13.500,-38.250,8.400,37.0
13:52:32.414,286205,-0.615,-6.321,-2.339,0.148,-0.690,1.605,-13.500,-38.250,8.400,37.1
13:52:32.466,286260,-1.087,-7.623,-2.274,0.257,-0.540,1.580,-13.500,-38.250,8.400,37.1
13:52:32.518,286315,-1.863,-8.952,-1.111,0.424,-0.064,1.546,-13.500,-38.250,8.400,36.9
13:52:32.572,286370,-4.003,-10.168,-0.486,0.394,-0.134,1.124,-13.500,-38.250,8.400,36.9
13:52:32.675,286425,-4.049,-10.836,-0.900,0.351,-0.061,1.060,-13.500,-38.250,8.400,37.2
13:52:32.676,286480,-4.250,-10.036,-1.231,0.176,0.038,1.086,9.300,-39.300,14.250,37.0
13:52:32.728,286535,-5.684,-10.120,-0.747,0.269,0.237,1.159,9.300,-39.300,14.250,37.0
13:52:32.782,286590,-6.084,-9.189,-0.931,0.338,0.103,1.061,16.650,-36.450,18.150,37.1
13:52:32.885,286645,-7.391,-8.660,-0.141,0.459,0.079,0.914,16.650,-36.450,18.150,37.1
13:52:32.887,286700,-8.267,-8.152,-0.124,0.244,0.182,0.770,20.400,-34.800,18.750,36.9
13:52:32.939,286755,-7.934,-8.574,-0.235,0.111,-0.052,0.849,20.400,-34.800,18.750,36.9
13:52:32.991,286810,-7.290,-7.113,-0.275,0.071,0.010,0.781,23.700,-33.150,20.700,37.0
13:52:33.043,286865,-7.436,-6.524,0.189,0.075,0.102,0.760,27.900,-29.100,21.450,37.0
13:52:33.095,286920,-10.187,-6.902,0.761,0.017,0.074,0.379,27.900,-29.100,21.450,37.0
13:52:33.149,286975,-11.492,-7.456,0.630,-0.069,-0.266,-0.194,29.550,-30.300,21.900,37.1
13:52:33.201,287030,-10.503,-8.526,0.208,-0.033,-0.401,-0.293,29.550,-30.300,21.900,37.2
13:52:33.253,287085,-10.649,-8.147,0.211,-0.117,-0.347,-0.321,27.900,-29.550,21.900,37.2
13:52:33.358,287140,-12.014,-8.435,1.202,-0.417,-0.690,-1.212,27.900,-29.550,21.900,37.0
13:52:33.411,287195,-7.884,-6.891,0.996,-0.848,-0.458,-1.558,23.700,-32.400,22.950,36.9
13:52:33.464,287250,-5.993,-7.796,1.168,-0.797,-0.226,-1.533,23.700,-32.400,22.950,37.0
13:52:33.516,287305,-5.291,-8.191,-0.091,-0.627,-0.126,-1.541,15.450,-34.650,18.600,37.1
13:52:33.568,287360,-4.865,-8.952,-0.204,-0.728,-0.122,-1.809,15.450,-34.650,18.600,37.1
13:52:33.622,287415,-2.042,-7.341,-0.857,-0.991,0.329,-1.947,10.050,-37.500,14.850,37.0
13:52:33.674,287470,-3.014,-7.614,0.199,-0.435,0.436,-2.178,-2.250,-38.550,10.950,36.9
13:52:33.727,287525,-0.824,-6.876,-0.857,-0.886,0.362,-2.443,-2.250,-38.550,10.950,37.2
13:52:33.830,287580,0.639,-4.396,-1.714,-1.043,0.043,-2.238,-2.250,-38.550,10.950,37.0
13:52:33.832,287635,1.386,-6.019,-1.623,-0.550,-0.104,-0.773,-2.250,-38.550,10.950,37.1
13:52:33.884,287690,-0.498,-5.660,-2.591,-0.028,0.208,0.873,-2.250,-38.550,10.950,37.2
13:52:33.936,287745,0.467,-5.657,-2.294,0.031,-0.122,1.617,-2.250,-38.550,10.950,36.9
13:52:33.988,287800,-0.448,-5.693,-3.175,0.157,-0.871,1.532,-2.250,-38.550,10.950,37.1
13:52:34.040,287855,-1.618,-8.868,-2.394,0.082,-0.933,1.524,-2.250,-38.550,10.950,37.0
13:52:34.094,287910,-1.753,-9.404,-3.110,0.100,-0.578,0.836,-3.600,-38.700,5.550,36.9
13:52:34.146,287965,-2.526,-10.022,-2.576,0.229,-0.047,0.722,2.400,-38.400,6.300,37.1
13:52:34.198,288020,-3.816,-10.218,-2.842,0.285,0.002,0.619,2.400,-38.400,6.300,37.1
13:52:34.251,288075,-3.268,-11.068,-2.935,0.415,0.060,0.470,4.800,-38.400,9.300,37.1
13:52:34.303,288130,-4.171,-10.494,-1.719,0.584,-0.118,0.304,4.800,-38.400,9.300,37.1
13:52:34.356,288185,-5.114,-10.760,-1.164,0.548,-0.174,0.198,6.750,-39.150,11.100,37.1
13:52:34.409,288240,-4.508,-9.759,-1.432,0.149,0.089,0.218,6.750,-39.150,11.100,36.9
13:52:34.514,288295,-4.446,-9.742,-0.881,-0.111,0.318,0.254,9.000,-41.550,14.700,36.9
13:52:34.567,288350,-5.174,-9.708,-1.006,-0.274,0.304,0.189,9.000,-41.550,14.700,37.0
13:52:34.619,288405,-4.820,-9.967,-0.742,-0.337,0.301,0.061,8.550,-42.450,14.550,37.1
13:52:34.671,288460,-5.059,-10.439,-1.013,-0.300,0.148,0.045,9.900,-41.550,13.200,37.1
13:52:34.723,288515,-5.909,-12.064,-1.453,-0.052,-0.006,0.313,9.900,-41.550,13.200,37.1
13:52:34.776,288570,-8.203,-12.299,-1.784,0.236,-0.496,0.418,12.150,-41.550,12.150,37.2
13:52:34.829,288625,-7.582,-11.552,-1.216,0.112,-0.187,0.118,12.150,-41.550,12.150,36.9
13:52:34.882,288680,-5.667,-10.750,-1.413,-0.052,-0.048,0.021,12.600,-40.950,13.200,36.9
13:52:34.987,288735,-5.614,-9.663,-1.192,-0.182,0.014,-0.272,12.600,-40.950,13.200,37.3
13:52:34.988,288790,-4.855,-9.536,-1.183,-0.306,0.093,-0.680,10.050,-39.600,11.700,37.1
13:52:35.038,288845,-3.345,-9.287,-1.171,-0.226,0.230,-0.837,10.050,-39.600,11.700,37.0
13:52:35.091,288900,-3.050,-9.687,-0.362,0.075,0.118,-1.272,6.000,-38.700,8.850,37.2
13:52:35.144,288955,-1.906,-7.276,-1.671,-0.301,-0.039,-1.424,6.000,-38.700,8.850,37.1
13:52:35.196,289010,-1.927,-7.726,-0.462,-0.043,0.535,-1.495,6.000,-38.700,8.850,37.3
13:52:35.248,289065,-0.417,-7.578,-1.369,-0.446,-0.205,-1.656,6.000,-38.700,8.850,36.9
13:52:35.302,289120,-0.208,-5.229,-2.528,-0.746,0.047,-1.763,6.000,-38.700,8.850,37.2
13:52:35.353,289175,-0.227,-5.188,-2.291,-0.438,-0.145,-0.526,-14.850,-36.150,5.250,37.0
13:52:35.405,289230,0.366,-5.399,-3.278,-0.225,-0.296,0.521,-14.850,-36.150,5.250,37.0
13:52:35.511,289285,-0.189,-5.856,-3.014,0.216,-0.298,1.278,-14.850,-36.150,5.550,37.1
13:52:35.513,289340,-1.065,-6.934,-2.820,0.130,-0.868,1.505,-14.850,-36.150,5.550,37.3
13:52:35.564,289395,-1.063,-7.250,-2.796,0.362,-0.719,1.528,-7.350,-37.800,3.150,37.0
13:52:35.669,289450,-1.614,-8.179,-1.827,0.452,-0.635,1.555,-7.350,-37.800,3.150,36.9
13:52:35.720,289505,-2.253,-9.074,-1.626,0.709,-0.462,1.054,1.050,-37.800,7.200,37.2
13:52:35.773,289560,-4.458,-10.544,-1.111,0.743,-0.212,0.677,6.300,-40.500,13.200,37.2
13:52:35.825,289615,-4.776,-11.310,-1.087,0.618,-0.358,0.587,6.300,-40.500,13.200,37.0
13:52:35.878,289670,-5.296,-10.731,-0.254,0.398,0.177,0.408,10.200,-39.150,17.250,37.2
13:52:35.984,289725,-5.162,-10.269,0.383,0.301,0.213,0.453,10.200,-39.150,17.250,37.0
13:52:35.985,289780,-5.705,-9.807,0.180,0.215,0.050,0.191,11.550,-40.050,18.150,37.2
13:52:36.036,289835,-5.693,-9.584,0.584,0.080,0.192,0.027,11.550,-40.050,18.150,37.1
13:52:36.088,289890,-5.339,-9.199,0.749,-0.063,0.166,-0.146,10.950,-39.750,19.050,37.2
13:52:36.141,289945,-5.344,-9.560,0.251,-0.103,0.081,-0.232,10.950,-39.750,19.050,37.1
13:52:36.194,290000,-5.581,-10.556,-0.055,0.001,-0.218,-0.123,12.150,-41.250,20.250,37.2
13:52:36.245,290055,-8.313,-12.579,-0.038,0.039,-0.312,0.184,12.150,-41.250,20.250,37.0
13:52:36.298,290110,-7.544,-12.775,0.385,-0.030,-0.276,0.156,12.000,-41.100,19.350,37.2
13:52:36.350,290165,-6.431,-11.957,0.431,-0.123,-0.277,0.289,13.800,-40.500,21.300,37.1
13:52:36.403,290220,-5.485,-10.772,0.481,-0.289,-0.098,0.159,13.800,-40.500,21.300,36.9
13:52:36.456,290275,-4.925,-9.670,0.340,-0.476,-0.151,-0.263,13.800,-40.500,21.300,37.1
13:52:36.509,290330,-4.427,-8.765,-0.512,-0.555,-0.138,-0.471,13.800,-40.500,21.300,37.0
13:52:36.562,290385,-3.917,-9.249,-0.304,-0.414,-0.119,-0.829,13.800,-40.500,21.300,37.2
13:52:36.614,290440,-3.476,-8.760,-0.196,-0.527,-0.127,-1.033,13.800,-40.500,21.300,37.2
13:52:36.667,290495,-3.840,-8.243,-0.515,-0.849,-0.176,-1.218,13.800,-40.500,21.300,37.0
13:52:36.719,290550,-2.222,-6.742,-0.235,-0.754,0.350,-1.431,13.800,-40.500,21.300,37.2
13:52:36.824,290605,-2.217,-6.596,-0.879,-0.377,-0.265,-1.440,-1.050,-36.000,7.200,37.0
13:52:36.875,290661,-0.103,-5.476,-2.605,-1.075,-0.210,-1.517,-7.350,-36.450,5.100,37.1
13:52:36.928,290716,-0.366,-6.297,-1.906,-0.366,-0.069,-0.865,-7.350,-36.450,5.100,37.1
13:52:36.981,290771,-0.833,-5.519,-2.248,0.365,-0.092,0.625,-10.950,-35.850,3.750,37.1
13:52:37.034,290826,-1.039,-4.805,-2.863,0.604,-0.522,1.448,-10.950,-35.850,3.750,37.1
13:52:37.087,290881,-1.841,-5.583,-2.354,0.853,-0.807,1.581,-4.200,-37.800,5.400,37.1
13:52:37.138,290936,-2.923,-5.143,-2.078,0.494,-0.869,1.895,-4.200,-37.800,5.400,37.2
13:52:37.192,290991,-2.947,-6.991,-0.958,0.503,-0.191,1.653,4.950,-37.800,9.750,36.9
13:52:37.244,291046,-4.784,-9.316,-0.259,0.430,0.286,0.998,4.950,-37.800,9.750,36.9
13:52:37.296,291101,-5.990,-11.044,-0.031,0.127,0.196,0.503,12.000,-37.050,13.050,37.1
13:52:37.349,291156,-6.632,-10.839,-0.838,-0.072,0.392,0.350,12.000,-37.050,13.050,37.1
13:52:37.400,291211,-6.780,-11.528,-0.599,-0.007,0.434,0.267,15.300,-38.700,14.700,37.1
13:52:37.453,291266,-6.565,-11.291,-0.340,-0.102,0.359,0.172,16.650,-38.850,15.300,37.1
13:52:37.506,291321,-6.424,-10.199,-0.160,0.068,0.213,-0.018,16.650,-38.850,15.300,37.1
13:52:37.559,291376,-6.297,-10.156,0.362,0.391,0.142,-0.205,17.400,-39.300,14.850,37.1
13:52:37.611,291431,-6.208,-9.943,0.460,0.655,0.002,-0.370,17.400,-39.300,14.850,37.0
13:52:37.664,291486,-7.908,-10.989,0.455,0.379,0.026,-0.066,14.250,-40.050,17.550,37.3
13:52:37.717,291541,-6.979,-11.341,-0.297,-0.203,-0.138,0.134,14.250,-40.050,17.550,37.1
13:52:37.768,291596,-7.278,-11.305,0.089,-0.344,-0.038,0.251,15.300,-39.150,19.500,37.2
13:52:37.821,291651,-6.493,-11.080,-0.215,-0.179,0.132,0.122,15.300,-39.150,19.500,37.0
13:52:37.874,291706,-5.655,-10.546,-0.045,-0.036,0.017,-0.156,15.300,-39.150,19.500,37.2
13:52:37.979,291761,-5.492,-9.742,0.488,-0.049,-0.080,-0.443,15.300,-39.150,19.500,37.3
13:52:38.083,291816,-4.583,-8.073,-0.620,-0.568,-0.019,-0.660,15.300,-39.150,19.500,37.0
13:52:38.084,291871,-3.352,-7.496,-0.783,-0.975,-0.042,-0.549,15.300,-39.150,19.500,37.3
13:52:38.135,291926,-4.417,-8.813,-0.421,-1.130,-0.148,-0.776,15.300,-39.150,19.500,37.0
13:52:38.188,291981,-3.565,-7.010,-2.509,-1.550,-0.365,-1.081,7.650,-36.450,6.450,37.2
13:52:38.242,292036,-3.582,-8.315,-1.480,-0.840,0.530,-1.740,7.650,-36.450,6.450,37.3
13:52:38.293,292091,-1.312,-5.796,-3.352,-0.613,0.652,-1.807,-0.750,-36.450,1.350,37.3
13:52:38.346,292146,2.394,-5.792,-0.362,-0.450,1.212,-1.548,-0.750,-36.450,1.350,37.1
13:52:38.399,292201,-2.365,-4.539,-2.061,0.189,0.531,0.075,-10.200,-35.550,-2.250,37.1
13:52:38.450,292256,-0.086,-4.355,-3.663,0.555,-0.282,1.334,-10.200,-35.550,-2.250,37.0
13:52:38.503,292311,-0.836,-5.349,-3.543,0.573,-0.570,1.614,-9.900,-36.150,-0.450,37.1
13:52:38.555,292366,-2.950,-6.953,-2.689,0.566,0.168,1.784,-0.750,-37.500,1.050,37.0
13:52:38.608,292421,-3.093,-8.102,-2.693,0.501,0.163,1.292,-0.750,-37.500,1.050,37.3
13:52:38.661,292476,-3.675,-8.420,-2.533,0.404,0.759,1.358,6.300,-36.150,4.800,37.1
13:52:38.714,292531,-4.642,-8.298,-2.878,0.030,0.974,1.334,6.300,-36.150,4.800,37.2
13:52:38.765,292586,-5.212,-9.534,-3.426,-0.265,0.838,1.070,15.150,-34.650,7.650,37.0
13:52:38.818,292641,-6.282,-9.766,-3.261,-0.373,0.553,0.729,15.150,-34.650,7.650,37.3
13:52:38.870,292696,-5.562,-9.120,-3.867,-0.226,0.367,0.464,17.250,-34.350,5.250,37.2
13:52:38.923,292751,-5.954,-8.851,-4.089,-0.020,0.175,0.445,17.250,-34.350,5.250,36.8
13:52:38.975,292806,-6.673,-8.712,-3.381,0.160,0.029,0.463,21.000,-36.000,5.850,37.1
13:52:39.029,292861,-7.353,-8.741,-3.211,0.191,-0.270,0.372,22.050,-34.200,7.950,37.2
13:52:39.237,292916,-8.756,-8.808,-3.285,0.417,-0.282,0.237,22.050,-34.200,7.950,37.2
13:52:39.239,292971,-7.800,-8.918,-3.079,0.447,-0.877,-0.252,23.700,-36.450,7.650,36.9
13:52:39.241,293026,-9.112,-10.312,-2.119,0.349,-0.753,-0.104,23.700,-36.450,7.650,36.9
13:52:39.290,293081,-7.309,-9.306,-1.951,0.166,-0.940,-0.073,23.700,-36.450,7.650,37.2
13:52:39.343,293136,-8.643,-9.840,-0.888,0.021,-1.173,-0.187,23.700,-36.450,7.650,37.3
13:52:39.396,293191,-7.664,-9.428,-0.237,0.118,-1.056,-0.387,23.700,-36.450,7.650,37.0
13:52:39.447,293246,-7.427,-9.759,0.280,0.186,-0.851,-0.736,23.700,-36.450,7.650,37.2
13:52:39.500,293301,-7.180,-8.363,0.045,0.157,-1.184,-1.228,23.700,-36.450,7.650,36.9
13:52:39.553,293356,-3.915,-8.265,0.601,-0.524,-0.976,-1.559,23.700,-36.450,7.650,36.9
13:52:39.607,293411,-3.639,-9.306,0.555,-0.376,-0.763,-1.619,11.850,-38.700,18.000,36.9
13:52:39.659,293466,-3.352,-10.532,0.520,-0.349,-0.308,-1.928,3.750,-39.300,15.300,37.2
13:52:39.712,293521,-2.756,-8.945,-0.196,-0.830,0.856,-1.876,3.750,-39.300,15.300,37.2
13:52:39.763,293576,1.056,-6.661,-1.159,-0.673,0.403,-2.031,-5.700,-39.600,12.750,37.1
13:52:39.816,293631,1.030,-6.261,-0.804,-1.235,0.354,-1.881,-5.700,-39.600,12.750,37.2
13:52:39.869,293686,1.226,-5.763,-0.582,-1.064,0.100,-1.692,-14.550,-38.400,7.800,37.2
13:52:39.922,293741,-0.958,-6.017,-1.183,-0.220,0.265,-0.139,-14.550,-38.400,7.800,37.2
13:52:39.974,293796,0.551,-6.088,-1.803,0.298,0.201,1.034,-20.550,-38.250,6.150,37.0
13:52:40.027,293851,0.390,-6.598,-1.484,0.527,0.263,1.621,-20.550,-38.250,6.150,37.3
13:52:40.079,293906,-0.567,-6.788,-1.506,0.477,-0.224,1.738,-12.450,-38.250,6.150,37.1
13:52:40.130,293961,-0.618,-9.088,-0.419,0.504,-0.110,1.567,-3.000,-38.250,10.200,37.2
13:52:40.184,294016,-1.367,-9.110,-1.135,0.506,-0.693,1.254,-3.000,-38.250,10.200,37.0
13:52:40.288,294071,-2.349,-10.542,-0.618,0.697,0.021,1.155,0.000,-39.600,14.850,37.1
13:52:40.341,294126,-2.931,-10.728,-0.249,0.646,0.017,0.848,0.000,-39.600,14.850,37.1
13:52:40.394,294181,-5.049,-10.494,0.304,0.474,0.066,0.917,4.650,-40.650,20.100,37.0
13:52:40.446,294236,-5.476,-10.872,0.742,0.254,0.203,0.711,4.650,-40.650,20.100,37.2
13:52:40.498,294291,-5.796,-10.127,0.266,0.005,0.047,0.558,8.850,-40.050,22.950,37.5
13:52:40.551,294346,-5.090,-9.517,0.120,0.041,0.220,0.394,8.850,-40.050,22.950,37.2
13:52:40.604,294401,-5.315,-9.395,0.376,0.172,-0.071,0.295,10.800,-39.600,22.200,37.2
13:52:40.657,294456,-5.514,-9.388,0.503,0.104,-0.018,0.348,10.800,-39.600,22.200,37.1
13:52:40.708,294511,-6.014,-8.904,0.848,-0.054,0.037,0.301,10.800,-39.600,22.200,37.1
13:52:40.760,294566,-5.772,-9.184,1.243,-0.100,0.234,0.192,10.800,-39.600,22.200,37.0
13:52:40.865,294621,-7.367,-10.281,1.999,0.125,0.174,0.006,10.800,-39.600,22.200,37.0
13:52:40.867,294676,-8.408,-11.078,1.894,0.056,-0.317,-0.042,10.800,-39.600,22.200,37.0
13:52:40.918,294731,-7.513,-11.286,1.805,-0.072,-0.191,0.052,10.800,-39.600,22.200,37.3
13:52:40.970,294786,-6.792,-11.116,1.901,-0.040,-0.099,0.067,15.150,-38.850,24.450,37.1
13:52:41.024,294841,-6.685,-10.472,1.283,-0.332,-0.034,0.226,15.150,-38.850,24.450,37.2
13:52:41.077,294896,-5.392,-10.163,1.034,-0.180,-0.171,0.095,16.650,-38.250,23.400,37.2
13:52:41.128,294951,-5.722,-9.701,0.998,-0.183,-0.159,-0.277,16.650,-38.250,23.400,37.0
13:52:41.181,295006,-4.211,-8.715,1.267,-0.225,-0.051,-0.784,14.700,-37.500,20.700,37.1
13:52:41.234,295061,-4.738,-8.358,1.381,-0.263,-0.093,-1.025,9.600,-37.500,20.100,36.9
13:52:41.286,295116,-3.551,-7.053,0.309,-0.607,0.062,-1.219,9.600,-37.500,20.100,37.1
13:52:41.338,295171,-3.816,-7.870,0.469,-0.788,0.715,-1.652,5.400,-37.800,16.350,37.2
13:52:41.444,295226,-2.966,-5.918,-1.240,-1.340,0.580,-1.909,5.400,-37.800,16.350,37.2
13:52:41.495,295281,1.348,-5.066,-0.251,-1.182,0.916,-1.914,-6.000,-37.950,9.300,37.2
13:52:41.548,295336,-1.597,-5.085,-0.864,-0.161,0.374,-0.667,-6.000,-37.950,9.300,36.9
13:52:41.601,295391,0.407,-4.755,-1.377,0.133,-0.402,0.812,-14.250,-37.050,6.900,37.1
13:52:41.654,295446,-1.211,-5.509,-2.614,0.345,-0.616,1.358,-14.250,-37.050,6.900,37.2
13:52:41.706,295501,-1.714,-8.068,-1.736,0.341,-0.841,1.489,-7.500,-37.650,8.550,37.1
13:52:41.759,295556,-2.049,-7.944,-2.274,0.230,-0.467,1.171,-7.500,-37.650,8.550,37.1
13:52:41.810,295611,-4.132,-9.562,-0.204,0.232,-0.339,0.984,0.750,-38.850,10.200,37.2
13:52:41.863,295666,-3.819,-9.225,-0.275,0.139,-0.574,0.723,5.550,-37.950,12.900,37.1
13:52:41.917,295721,-5.478,-9.843,-1.360,0.000,-0.194,0.407,5.550,-37.950,12.900,37.0
13:52:41.969,295776,-5.023,-10.499,-0.972,-0.170,-0.184,0.222,8.700,-40.500,15.150,37.1
13:52:42.021,295831,-5.073,-10.657,-0.654,0.072,0.002,0.194,8.700,-40.500,15.150,37.3
13:52:42.073,295886,-5.748,-10.604,-0.464,-0.016,-0.385,0.065,8.700,-40.500,15.150,37.3
13:52:42.126,295941,-5.617,-10.288,-0.498,0.005,0.071,-0.064,8.700,-40.500,15.150,37.1
13:52:42.179,295996,-4.566,-10.139,-0.017,0.003,-0.024,-0.194,8.700,-40.500,15.150,37.2
13:52:42.231,296051,-4.793,-9.400,-0.034,-0.112,0.163,-0.261,8.700,-40.500,15.150,37.1
13:52:42.284,296106,-4.530,-9.771,-0.220,-0.217,0.152,-0.265,8.700,-40.500,15.150,37.0
13:52:42.335,296161,-6.172,-12.361,0.342,-0.117,0.056,0.035,7.500,-43.350,17.250,37.0
13:52:42.388,296216,-7.333,-13.388,-0.275,0.112,-0.292,0.275,7.500,-43.350,17.250,37.2
13:52:42.442,296271,-8.143,-12.998,-0.045,0.149,-0.226,0.385,9.450,-42.300,18.000,37.2
13:52:42.494,296326,-5.571,-11.631,0.290,0.062,-0.234,0.181,9.450,-42.300,18.000,37.1
13:52:42.598,296381,-4.990,-10.764,0.417,0.099,-0.185,-0.007,11.250,-40.650,18.900,37.2
13:52:42.651,296436,-4.817,-10.118,0.414,0.026,-0.173,-0.336,11.250,-40.650,18.900,37.3
13:52:42.704,296491,-3.263,-9.079,-0.034,-0.196,-0.228,-0.556,10.050,-37.800,18.600,36.9
13:52:42.756,296546,-3.534,-8.744,-0.239,-0.268,-0.030,-0.884,10.050,-37.800,18.600,37.2
13:52:42.808,296601,-2.523,-7.669,-1.226,-0.346,0.428,-1.084,5.400,-38.850,15.600,37.1
13:52:42.861,296656,-1.958,-7.535,-1.197,-0.670,0.306,-1.019,5.400,-38.850,15.600,37.2
13:52:42.914,296711,-2.550,-9.031,-0.345,-0.980,0.134,-1.259,0.300,-40.050,11.700,37.2
13:52:42.966,296766,-0.350,-6.196,-1.535,-1.215,0.467,-1.392,-8.100,-37.500,5.850,37.3
13:52:43.071,296821,-0.510,-5.298,-0.599,-0.565,0.206,-1.061,-8.100,-37.500,5.850,37.3
13:52:43.073,296876,-0.362,-5.088,-1.111,0.207,0.258,-0.082,-13.200,-37.800,5.100,37.2
13:52:43.123,296931,-1.626,-5.219,-1.781,0.420,-0.265,1.265,-13.200,-37.800,5.100,37.2
13:52:43.176,296986,-1.070,-5.413,-2.354,0.734,-1.643,1.603,-9.450,-39.150,4.800,37.2
13:52:43.228,297041,-2.495,-7.966,-0.539,0.897,-0.377,1.340,-9.450,-39.150,4.800,37.2
13:52:43.281,297096,-4.702,-8.025,-0.702,0.672,-0.145,1.209,1.050,-38.850,10.950,37.1
13:52:43.333,297151,-3.328,-8.564,-0.536,0.328,-0.324,1.069,1.050,-38.850,10.950,37.2
13:52:43.386,297206,-5.071,-9.306,-0.182,0.164,0.013,0.928,7.050,-38.400,14.700,37.3
13:52:43.438,297261,-5.459,-9.833,-0.163,-0.100,0.180,0.630,10.650,-37.950,17.250,37.2
13:52:43.492,297316,-5.078,-9.498,-0.891,-0.191,-0.053,0.481,10.650,-37.950,17.250,37.0
13:52:43.544,297371,-6.273,-10.374,-0.340,-0.245,0.300,0.331,10.650,-37.950,17.250,37.1
13:52:43.647,297426,-5.612,-10.305,-0.764,-0.038,0.159,0.238,10.650,-37.950,17.250,37.3
13:52:43.701,297481,-5.897,-9.934,-0.663,0.224,0.220,0.170,10.650,-37.950,17.250,37.4
13:52:43.702,297536,-5.974,-9.675,-0.496,0.284,0.134,0.242,10.650,-37.950,17.250,37.4
13:52:43.805,297591,-6.017,-9.122,-0.340,0.208,0.066,0.177,10.650,-37.950,17.250,37.2
13:52:43.858,297646,-6.256,-8.988,0.242,0.156,0.182,0.168,10.650,-37.950,17.250,37.2
13:52:43.911,297701,-8.047,-9.888,0.778,0.088,0.218,0.056,17.850,-38.850,18.900,37.0
13:52:43.964,297756,-12.665,-11.320,0.330,-0.336,-0.541,0.169,17.100,-38.550,19.350,37.1
13:52:44.016,297811,-8.502,-11.085,0.699,-0.344,-0.245,-0.072,17.100,-38.550,19.350,37.1
13:52:44.068,297866,-7.863,-10.764,-0.182,-0.211,-0.218,-0.148,16.500,-38.400,19.500,37.3
13:52:44.122,297921,-6.371,-10.736,0.275,0.087,-0.336,-0.436,16.500,-38.400,19.500,37.2
13:52:44.227,297976,-5.356,-9.792,0.117,0.000,-0.355,-0.493,14.250,-37.050,17.550,37.3
13:52:44.228,298031,-5.397,-8.648,0.479,-0.062,-0.470,-0.937,14.250,-37.050,17.550,37.2
13:52:44.279,298086,-4.223,-8.502,0.263,-0.352,-0.177,-1.314,10.800,-38.550,16.050,37.0
13:52:44.382,298141,-4.276,-8.430,0.069,-0.639,-0.193,-1.355,10.800,-38.550,16.050,37.1
13:52:44.384,298196,-3.440,-8.696,-0.350,-1.216,0.319,-1.630,4.200,-38.850,13.800,37.1
13:52:44.436,298251,-1.877,-7.779,-1.343,-1.381,0.449,-1.471,4.200,-38.850,13.800,37.0
13:52:44.488,298306,0.694,-6.306,-1.851,-1.246,-0.007,-1.897,-3.450,-37.050,9.000,37.0
13:52:44.541,298361,1.599,-5.665,-1.982,-0.824,0.445,-1.771,-10.500,-36.450,1.050,37.1
13:52:44.645,298416,0.639,-6.328,-0.184,0.451,0.888,-0.633,-10.500,-36.450,1.050,37.2
13:52:44.647,298471,-1.353,-5.765,-2.229,0.495,0.616,0.845,-16.200,-35.700,2.850,37.1
13:52:44.698,298526,-0.678,-5.636,-1.824,0.543,-0.076,1.396,-16.200,-35.700,2.850,37.0
13:52:44.751,298581,-0.826,-6.182,-2.028,0.450,-0.066,1.341,-9.000,-38.400,6.000,37.4
13:52:44.804,298636,-1.714,-7.563,-1.595,0.290,-0.408,1.385,-9.000,-38.400,6.000,37.4
13:52:44.908,298691,-2.461,-8.464,-1.336,0.136,-0.398,1.335,-2.400,-40.200,8.550,37.1
13:52:44.962,298746,-2.306,-9.663,-1.192,0.098,-0.134,0.889,-2.400,-40.200,8.550,37.2
13:52:45.065,298801,-3.239,-10.360,-1.915,-0.104,0.009,0.845,-2.400,-40.200,8.550,37.2
13:52:45.067,298856,-3.251,-11.349,-1.750,0.034,-0.069,0.548,-2.400,-40.200,8.550,37.1
13:52:45.118,298911,-3.984,-11.059,-2.116,0.115,0.043,0.581,-2.400,-40.200,8.550,37.1
13:52:45.170,298966,-4.326,-10.489,-1.415,0.332,-0.156,0.435,-2.400,-40.200,8.550,37.1
13:52:45.224,299021,-4.970,-10.307,-1.120,0.369,0.069,0.513,-2.400,-40.200,8.550,37.3
13:52:45.275,299076,-5.112,-9.857,-1.073,0.386,0.551,0.600,10.650,-40.950,16.950,37.3
13:52:45.380,299131,-5.650,-9.692,-0.728,0.280,0.236,0.871,10.650,-40.950,16.950,37.2
13:52:45.382,299186,-6.002,-9.464,-0.388,0.265,0.209,0.867,14.100,-39.150,17.250,37.2
13:52:45.434,299241,-8.447,-9.457,0.254,0.222,0.117,0.607,14.100,-39.150,17.250,37.0
13:52:45.486,299296,-9.644,-10.051,0.215,0.050,-0.518,0.120,17.850,-38.250,19.350,36.9
13:52:45.538,299351,-8.993,-11.138,0.764,0.080,-0.198,-0.198,17.850,-38.250,19.350,37.1
13:52:45.592,299406,-8.219,-10.463,0.484,-0.064,-0.024,0.028,18.150,-39.600,19.350,37.1
13:52:45.642,299461,-7.685,-10.281,0.634,-0.169,-0.341,-0.128,16.800,-37.350,20.250,37.2
13:52:45.695,299516,-6.206,-9.783,0.577,-0.310,-0.214,-0.484,16.800,-37.350,20.250,37.3
13:52:45.749,299571,-6.431,-10.573,0.256,-0.273,-0.189,-0.736,15.150,-36.450,16.350,37.0
13:52:45.801,299626,-2.674,-8.461,-0.503,-0.234,0.647,-0.953,15.150,-36.450,16.350,37.3
13:52:45.854,299681,-3.946,-7.659,-0.740,-0.255,0.815,-1.301,10.800,-36.000,13.500,37.1
13:52:45.906,299736,-1.221,-6.273,-1.884,-0.600,0.592,-1.502,10.800,-36.000,13.500,37.3
13:52:45.959,299791,-3.560,-5.504,-2.176,-0.694,0.807,-1.896,2.100,-38.700,10.050,37.2
13:52:46.064,299846,-1.566,-5.705,-1.300,-0.677,0.403,-1.938,2.100,-38.700,10.050,37.1
13:52:46.117,299901,0.134,-5.183,-0.965,-0.394,0.244,-1.612,-8.100,-37.050,5.850,36.9
13:52:46.168,299956,1.109,-5.528,-1.381,0.426,0.489,-0.128,-15.150,-38.850,5.400,37.0
13:52:46.221,300011,-0.591,-4.860,-2.619,0.346,-0.025,0.991,-15.150,-38.850,5.400,37.3
13:52:46.274,300066,-2.193,-6.091,-2.006,0.298,-0.931,1.559,-9.300,-37.800,7.200,36.8
13:52:46.326,300121,-2.320,-7.752,-1.523,0.293,-0.904,1.604,-9.300,-37.800,7.200,37.0
13:52:46.429,300176,-3.527,-7.865,-1.750,0.376,-0.446,1.201,-0.150,-37.350,8.850,37.4
13:52:46.431,300231,-3.012,-8.294,-1.039,0.325,-0.658,0.825,-0.150,-37.350,8.850,37.3
13:52:46.483,300286,-5.253,-9.105,-0.563,0.374,0.063,0.185,-0.150,-37.350,8.850,37.1
13:52:46.536,300341,-3.383,-10.623,-0.146,0.199,-0.444,-0.025,-0.150,-37.350,8.850,37.4
13:52:46.589,300396,-4.005,-11.483,-0.991,-0.081,-0.371,-0.039,-0.150,-37.350,8.850,37.2
13:52:46.642,300451,-3.821,-11.420,-1.252,-0.311,-0.052,-0.145,-0.150,-37.350,8.850,37.0
13:52:46.693,300506,-3.704,-10.843,-0.848,-0.309,-0.087,-0.094,-0.150,-37.350,8.850,37.1
13:52:46.745,300561,-3.687,-10.549,-1.147,-0.179,-0.025,-0.063,4.200,-40.350,17.100,37.3
13:52:46.798,300616,-3.405,-10.889,-0.464,0.170,-0.155,-0.029,4.200,-40.350,17.100,37.3
13:52:46.903,300671,-4.187,-11.155,-0.383,0.301,-0.385,0.080,4.200,-43.200,18.600,37.1
13:52:46.905,300726,-6.735,-12.282,-0.450,0.360,-0.656,0.306,4.200,-43.200,18.600,37.3
13:52:47.008,300781,-7.731,-13.410,1.070,0.162,-0.464,0.356,4.050,-44.100,21.000,37.3
13:52:47.010,300836,-6.809,-12.457,0.860,-0.133,-0.657,0.398,4.050,-44.100,21.000,37.0
13:52:47.061,300891,-6.187,-11.935,0.603,-0.165,-0.673,0.171,7.650,-42.900,21.150,37.2
13:52:47.113,300946,-4.712,-10.901,0.493,-0.088,-0.511,-0.027,7.650,-42.900,21.150,37.3
13:52:47.219,301001,-4.341,-9.780,1.135,-0.157,-0.479,-0.336,7.500,-40.200,19.800,37.2
13:52:47.271,301056,-3.105,-9.371,0.481,-0.528,-0.144,-0.511,6.900,-40.050,18.150,37.2
13:52:47.324,301111,-3.069,-7.898,-0.520,-0.382,-0.212,-0.637,6.900,-40.050,18.150,37.1
13:52:47.376,301166,-3.464,-8.095,0.055,-0.434,0.099,-1.140,2.850,-38.700,14.700,37.0
13:52:47.428,301221,-2.380,-8.569,-0.409,-1.175,0.582,-1.208,2.850,-38.700,14.700,37.1
13:52:47.481,301276,-0.153,-6.488,-1.302,-1.237,0.941,-1.823,-2.400,-39.150,9.600,37.0
13:52:47.534,301331,-0.194,-5.593,-1.013,-0.936,0.784,-1.892,-2.400,-39.150,9.600,37.2
13:52:47.586,301386,0.673,-5.586,-0.268,-0.276,0.477,-1.063,-13.800,-37.350,4.800,37.4
13:52:47.639,301441,-1.439,-5.531,-1.317,0.251,0.895,0.196,-13.800,-37.350,4.800,37.3
13:52:47.690,301496,-1.271,-5.009,-2.164,0.544,-0.201,1.535,-14.850,-39.150,4.500,37.1
13:52:47.743,301551,-0.637,-5.646,-2.512,0.415,-0.523,1.653,-14.850,-39.150,4.500,37.3
13:52:47.796,301606,-2.320,-8.610,-0.991,0.455,-0.248,1.516,-7.500,-38.700,7.350,37.1
13:52:47.899,301662,-2.691,-8.792,-0.625,0.223,-0.034,1.037,-0.150,-39.750,9.300,37.1
13:52:47.900,301716,-2.440,-8.229,-1.492,0.089,0.186,0.710,-0.150,-39.750,9.300,37.3
13:52:47.954,301771,-3.879,-9.979,-0.852,0.293,-0.049,0.487,-0.150,-39.750,9.300,37.2
13:52:48.058,301826,-3.833,-11.303,-0.352,0.169,-0.151,0.396,-0.150,-39.750,9.300,37.3
13:52:48.060,301881,-3.311,-10.915,-0.910,0.054,0.022,0.218,-0.150,-39.750,9.300,37.2
13:52:48.110,301936,-3.469,-10.685,-0.527,0.068,-0.141,0.276,-0.150,-39.750,9.300,37.2
13:52:48.163,301991,-3.661,-10.221,-0.821,0.135,-0.173,0.270,-0.150,-39.750,9.300,37.3
13:52:48.216,302046,-4.815,-10.221,0.079,0.361,-0.055,0.038,-0.150,-39.750,9.300,37.1
13:52:48.269,302101,-4.166,-9.816,0.158,0.240,-0.479,-0.203,7.950,-42.750,17.700,37.2
13:52:48.373,302156,-4.372,-9.735,-0.007,0.109,-0.280,-0.221,6.300,-42.300,20.550,37.2
13:52:48.426,302211,-3.950,-10.068,0.204,0.016,-0.350,-0.148,6.300,-42.300,20.550,37.2
13:52:48.479,302266,-5.124,-11.825,0.651,-0.072,-0.420,-0.066,4.650,-43.650,21.450,37.2
13:52:48.532,302321,-6.785,-14.030,1.286,0.056,-0.332,0.122,4.650,-43.650,21.450,37.1
13:52:48.585,302376,-6.766,-13.161,0.996,0.021,-0.242,0.244,4.950,-43.950,21.150,37.4
13:52:48.636,302431,-5.662,-12.273,1.233,0.018,-0.162,0.182,4.950,-43.950,21.150,37.3
13:52:48.689,302486,-4.966,-10.839,1.547,-0.159,-0.277,-0.072,6.000,-42.000,22.800,37.2
13:52:48.740,302541,-4.235,-10.477,1.075,-0.342,-0.022,-0.234,6.000,-42.000,22.800,37.2
13:52:48.793,302596,-4.032,-10.436,1.156,-0.458,-0.232,-0.619,5.550,-40.950,20.550,37.3
13:52:48.846,302651,-3.043,-8.325,-0.393,-0.784,-0.030,-0.799,5.550,-40.950,20.550,37.2
13:52:48.899,302706,-2.349,-8.121,0.172,-0.621,0.219,-1.158,4.950,-41.400,17.550,37.4
13:52:48.950,302761,-1.384,-6.493,-0.122,-0.571,0.306,-1.350,-2.850,-40.200,13.650,37.2
13:52:49.004,302816,0.713,-7.053,0.247,-0.205,0.345,-1.632,-2.850,-40.200,13.650,37.1
13:52:49.055,302871,-0.625,-6.747,-0.757,-0.387,-0.184,-1.496,-9.900,-39.450,10.650,37.1
13:52:49.108,302926,1.678,-5.878,-0.534,-0.279,0.003,-1.057,-9.900,-39.450,10.650,37.3
13:52:49.161,302981,-1.049,-5.495,-1.568,0.338,0.147,0.154,-15.450,-37.500,10.500,37.4
13:52:49.212,303036,1.393,-5.986,-0.943,0.768,-0.201,1.111,-15.450,-37.500,10.500,37.2
13:52:49.266,303091,-0.330,-7.422,-0.381,0.837,-0.032,1.220,-11.550,-38.250,12.000,37.2
13:52:49.319,303146,-0.979,-7.719,-0.397,0.540,-0.959,1.225,-11.550,-38.250,12.000,37.3
13:52:49.370,303201,-0.876,-8.545,0.158,0.425,-0.491,1.232,-6.000,-42.750,16.200,37.1
13:52:49.422,303256,-2.919,-10.762,1.858,0.707,-0.372,0.808,-6.000,-42.750,16.200,37.1
13:52:49.529,303311,-3.050,-10.606,0.958,0.127,-0.315,0.586,-6.000,-42.750,16.200,37.4
13:52:49.582,303366,-2.698,-10.183,1.003,-0.022,-0.074,0.487,-6.000,-42.750,16.200,37.2
13:52:49.634,303421,-2.418,-10.175,2.011,-0.043,-0.082,0.280,-6.000,-42.750,16.200,37.3
13:52:49.686,303476,-2.088,-10.362,2.392,-0.111,-0.027,0.090,-6.000,-42.750,16.200,37.1
13:52:49.738,303531,-3.417,-9.871,1.444,-0.221,-0.242,0.035,-6.000,-42.750,16.200,37.3
13:52:49.790,303586,-2.964,-10.841,1.669,-0.033,0.126,-0.115,-6.000,-42.750,16.200,37.3
13:52:49.843,303641,-3.235,-10.566,1.721,-0.060,0.177,-0.213,-6.000,-42.750,16.200,37.2
13:52:49.896,303696,-3.476,-11.598,1.628,-0.193,0.222,-0.182,0.450,-42.300,26.100,37.3
13:52:49.948,303751,-6.531,-13.803,1.820,-0.044,0.126,-0.054,0.450,-42.300,26.100,37.3
13:52:50.001,303806,-6.337,-15.043,1.415,-0.200,0.040,0.353,-0.300,-43.200,25.500,37.2
13:52:50.054,303861,-5.835,-13.470,2.028,-0.203,0.172,0.426,2.850,-43.350,22.050,37.1
13:52:50.106,303916,-5.001,-11.851,1.999,-0.242,0.535,0.097,2.850,-43.350,22.050,37.2
13:52:50.158,303971,-3.141,-10.190,0.986,-0.613,0.169,-0.122,2.850,-42.000,21.300,37.0
13:52:50.211,304026,-2.241,-9.768,0.675,-0.776,0.913,-0.156,2.850,-42.000,21.300,37.2
13:52:50.264,304081,-2.030,-8.377,-0.833,-0.953,0.398,-0.609,1.800,-41.100,14.850,37.3
13:52:50.317,304136,-0.110,-7.575,-0.412,-1.167,0.683,-0.808,1.800,-41.100,14.850,37.3
13:52:50.368,304191,-2.057,-6.127,-1.906,-1.304,1.011,-1.015,-1.650,-39.750,7.800,37.4
13:52:50.420,304246,0.709,-7.709,-1.381,-1.317,0.511,-1.100,-1.650,-39.750,7.800,37.2
13:52:50.473,304301,1.099,-6.012,-1.676,-0.652,0.408,-1.244,-7.650,-38.250,1.050,37.2
13:52:50.526,304356,0.318,-5.016,-1.942,0.281,0.283,-0.289,-13.350,-36.600,-0.900,37.4
13:52:50.579,304411,-0.225,-4.990,-2.854,0.555,0.275,0.742,-13.350,-36.600,-0.900,37.0
13:52:50.684,304466,-0.979,-5.914,-2.737,0.621,-0.195,1.510,-9.450,-39.150,2.700,37.2
13:52:50.736,304521,-1.937,-6.914,-2.224,0.791,-0.276,1.480,-9.450,-39.150,2.700,37.2
13:52:50.787,304576,-3.869,-7.724,-1.674,0.869,0.630,1.219,-2.850,-39.150,5.550,37.3
13:52:50.840,304631,-3.632,-9.859,-0.457,0.578,-0.184,0.821,-2.850,-39.150,5.550,37.2
13:52:50.893,304686,-4.899,-9.737,-1.975,0.578,-0.026,0.537,2.400,-39.750,9.300,37.4
13:52:50.945,304741,-2.957,-10.874,-1.161,0.411,-0.306,0.073,2.400,-39.750,9.300,37.2
13:52:50.998,304796,-4.307,-10.870,-0.690,0.214,-0.011,0.064,1.650,-41.550,13.650,37.1
13:52:51.051,304851,-2.128,-10.446,-0.187,0.280,0.013,-0.166,1.650,-41.550,13.650,37.1
13:52:51.156,304906,-2.892,-10.664,0.120,0.407,0.271,-0.154,2.700,-42.150,17.850,37.3
13:52:51.157,304961,-2.725,-10.846,0.306,0.447,-0.204,-0.111,2.700,-42.150,17.850,37.2
13:52:51.208,305016,-3.778,-10.733,-0.354,0.344,-0.144,0.091,2.700,-42.150,17.850,37.2
13:52:51.261,305071,-3.986,-11.265,0.036,0.169,-0.503,0.183,2.700,-42.150,17.850,37.3
13:52:51.314,305126,-6.986,-12.938,0.737,0.112,-0.358,0.476,2.700,-42.150,17.850,37.2
13:52:51.367,305181,-5.926,-13.254,1.166,0.011,-0.240,0.444,2.700,-42.150,17.850,37.3
13:52:51.418,305236,-6.354,-12.969,1.393,-0.163,-0.462,0.574,2.700,-42.150,17.850,37.4
13:52:51.470,305291,-6.165,-11.739,1.259,-0.276,-0.379,0.543,4.950,-40.650,24.000,37.2
13:52:51.524,305346,-4.436,-10.235,1.219,-0.409,-0.327,0.153,4.950,-40.650,24.000,37.2
13:52:51.576,305401,-4.161,-9.637,1.092,-0.423,-0.018,-0.099,6.300,-38.400,21.000,37.2
13:52:51.627,305456,-4.470,-9.510,0.790,-0.470,0.055,-0.264,7.650,-39.300,18.600,37.3
13:52:51.680,305511,-3.316,-9.239,0.421,-0.392,0.392,-0.616,7.650,-39.300,18.600,37.4
13:52:51.734,305566,-2.636,-7.489,-0.553,-0.600,0.157,-1.126,2.850,-39.150,14.400,37.0
13:52:51.838,305621,-3.733,-7.649,-1.082,-0.604,0.295,-1.317,2.850,-39.150,14.400,37.0
13:52:51.890,305676,-1.551,-7.041,-1.190,-0.669,0.194,-1.599,-3.600,-39.750,12.150,37.2
13:52:51.943,305731,-2.095,-7.089,-0.524,-0.746,-0.027,-1.973,-3.600,-39.750,12.150,37.3
13:52:51.996,305786,0.086,-5.490,-1.427,-0.714,0.383,-1.183,-12.900,-38.400,7.050,37.4
13:52:52.049,305841,-0.603,-5.995,-0.577,0.141,0.025,0.210,-12.900,-38.400,7.050,37.1
13:52:52.100,305896,0.680,-5.634,-0.886,0.487,0.620,1.423,-16.200,-38.550,4.350,37.3
13:52:52.153,305951,-1.250,-5.468,-1.422,0.395,-0.544,1.810,-16.200,-38.550,4.350,37.0
13:52:52.205,306006,-0.749,-5.847,-1.982,0.542,-0.708,1.582,-7.350,-38.550,7.200,36.9
13:52:52.258,306061,-2.296,-5.203,-2.128,0.620,0.550,1.550,2.250,-40.050,10.200,37.3
13:52:52.311,306116,-4.633,-9.914,0.941,0.861,-0.213,1.221,2.250,-40.050,10.200,37.2
13:52:52.364,306171,-5.437,-11.080,0.517,0.244,-0.330,0.617,7.350,-40.350,16.050,37.1
13:52:52.415,306226,-5.423,-10.760,-1.030,-0.045,-0.197,0.289,7.350,-40.350,16.050,37.1
13:52:52.468,306281,-4.611,-10.364,-0.591,0.127,0.184,0.167,8.250,-39.450,16.950,37.3
13:52:52.521,306336,-5.557,-10.475,-0.148,0.208,0.001,-0.130,8.250,-39.450,16.950,37.3
13:52:52.574,306391,-5.231,-9.902,-0.067,0.034,0.167,-0.227,8.250,-39.450,16.950,37.0
13:52:52.625,306446,-4.985,-11.514,0.314,-0.121,0.178,-0.174,8.250,-39.450,16.950,37.5
13:52:52.678,306501,-8.370,-13.403,-0.098,-0.078,0.011,0.182,8.250,-39.450,16.950,37.3
13:52:52.730,306556,-7.997,-14.296,1.185,0.032,-0.230,0.329,8.250,-39.450,16.950,37.2
13:52:52.783,306611,-7.884,-12.950,0.912,0.050,-0.460,0.412,8.250,-39.450,16.950,37.3
13:52:52.835,306666,-6.546,-11.147,0.946,-0.183,-0.607,0.094,11.250,-41.100,22.200,37.2
13:52:52.888,306721,-5.303,-10.331,0.946,-0.314,-0.375,-0.200,11.250,-41.100,22.200,37.1
13:52:52.993,306776,-4.927,-9.776,0.469,-0.358,-0.528,-0.408,10.800,-39.300,20.100,37.1
13:52:53.046,306831,-3.697,-8.952,0.508,-0.343,-0.417,-0.928,10.800,-39.300,20.100,37.3
13:52:53.099,306886,-3.203,-7.302,0.017,-0.600,-0.510,-1.177,6.750,-39.150,18.000,37.2
13:52:53.151,306941,-3.924,-5.962,-0.737,-0.791,-1.074,-1.401,6.750,-39.150,18.000,37.0
13:52:53.204,306996,-3.965,-8.234,0.831,-0.474,-0.745,-1.657,0.900,-38.400,15.450,37.2
13:52:53.256,307051,0.618,-6.148,-1.094,-1.442,-0.205,-1.978,0.900,-38.400,15.450,37.4
13:52:53.309,307106,0.812,-6.567,0.022,-0.865,0.391,-1.747,-5.550,-39.750,11.850,37.4
13:52:53.362,307161,0.256,-5.339,-0.520,-0.046,0.679,-0.446,-17.100,-37.500,7.950,37.1
13:52:53.414,307216,-1.477,-5.926,-0.972,0.549,-0.325,0.778,-17.100,-37.500,7.950,37.3
13:52:53.466,307271,0.845,-6.548,-1.427,0.908,-0.354,1.099,-9.900,-39.750,10.650,37.3
13:52:53.519,307326,-0.630,-7.740,-0.934,0.846,-0.844,0.989,-9.900,-39.750,10.650,37.2
13:52:53.570,307381,-0.579,-7.894,-0.266,0.961,-0.940,1.259,-6.600,-40.350,13.500,37.2
13:52:53.623,307436,-2.926,-9.606,2.260,1.211,-0.800,1.086,-6.600,-40.350,13.500,37.4
13:52:53.676,307491,-2.509,-8.317,0.230,0.885,-0.408,0.862,-0.150,-40.200,21.300,37.2
13:52:53.728,307546,-4.343,-11.284,2.907,0.549,0.150,0.400,-0.150,-40.200,21.300,37.1
13:52:53.781,307601,-2.780,-9.431,1.958,0.018,0.060,0.484,5.550,-39.450,26.400,37.3
13:52:53.834,307656,-5.021,-10.039,2.782,-0.201,0.295,0.382,3.450,-40.650,27.300,37.3
13:52:53.885,307711,-2.761,-10.096,2.514,-0.468,0.186,0.210,3.450,-40.650,27.300,37.2
13:52:53.938,307766,-3.982,-10.755,2.018,-0.482,0.472,-0.008,4.350,-40.500,26.400,37.3
13:52:53.990,307821,-3.369,-11.078,1.695,-0.272,0.512,-0.085,4.350,-40.500,26.400,37.5
13:52:54.043,307876,-3.539,-10.834,1.329,-0.126,0.500,0.104,5.400,-42.450,24.450,37.3
13:52:54.149,307931,-5.148,-11.631,1.717,0.108,0.258,0.346,5.400,-42.450,24.450,37.2
13:52:54.201,307986,-7.104,-12.864,1.985,0.350,-0.108,0.525,5.400,-42.450,24.450,37.4
13:52:54.304,308041,-7.475,-13.491,2.667,0.264,0.028,0.680,5.400,-42.450,24.450,37.1
13:52:54.306,308096,-6.416,-11.875,2.030,0.195,0.056,0.684,5.400,-42.450,24.450,37.2
13:52:54.359,308151,-6.361,-11.023,2.064,0.037,0.251,0.332,5.400,-42.450,24.450,37.2
13:52:54.411,308206,-5.248,-9.242,2.296,-0.165,0.186,0.009,5.400,-42.450,24.450,37.2
13:52:54.464,308261,-5.861,-7.800,1.750,-0.223,0.135,-0.745,11.550,-37.500,23.400,37.2
13:52:54.515,308316,-3.460,-7.618,1.575,-0.467,-0.304,-1.135,11.550,-37.500,23.400,37.0
13:52:54.569,308371,-4.312,-9.404,2.354,-0.583,0.354,-1.376,7.950,-39.750,20.550,37.2
13:52:54.620,308426,-1.518,-8.145,0.026,-0.841,0.181,-1.210,7.950,-39.750,20.550,37.3
13:52:54.673,308481,-2.466,-8.255,0.065,-0.864,0.960,-1.540,0.300,-40.050,14.850,37.4
13:52:54.726,308536,-0.749,-5.947,-1.152,-1.299,0.875,-1.549,0.300,-40.050,14.850,37.3
13:52:54.779,308591,-0.678,-5.744,-0.091,-0.839,0.601,-1.368,-6.900,-40.350,9.000,37.2
13:52:54.832,308646,-1.427,-5.078,-0.460,-0.171,0.169,-0.130,-6.900,-40.350,9.000,37.2
13:52:54.884,308701,-0.031,-5.176,-1.185,0.219,-0.025,0.837,-12.900,-38.400,6.000,37.1
13:52:54.936,308756,-1.154,-5.859,-1.595,0.535,-0.139,1.238,-8.850,-38.850,9.450,37.2
13:52:54.988,308811,-1.590,-7.274,-1.401,0.763,-0.473,1.382,-8.850,-38.850,9.450,37.2
13:52:55.041,308866,-2.643,-9.187,-0.831,0.667,-0.264,1.031,-2.400,-40.200,13.200,37.2
13:52:55.094,308921,-3.053,-9.464,-0.745,0.428,0.095,1.105,-2.400,-40.200,13.200,37.0
13:52:55.145,308976,-3.007,-9.481,-0.534,0.294,-0.110,0.881,3.300,-39.150,14.700,37.2
13:52:55.198,309031,-4.147,-9.845,-0.124,0.183,-0.197,0.730,3.300,-39.150,14.700,37.4
13:52:55.303,309086,-4.501,-10.187,-0.024,0.165,-0.041,0.386,7.650,-39.300,19.650,37.5
13:52:55.355,309141,-4.645,-11.179,0.699,0.592,0.148,0.250,7.650,-39.300,19.650,37.0
13:52:55.408,309196,-4.647,-10.652,-0.077,0.547,0.261,0.238,8.250,-39.150,23.550,37.2
13:52:55.513,309251,-6.467,-9.864,0.419,0.626,-0.157,0.323,8.250,-39.150,23.550,37.3
13:52:55.566,309306,-6.172,-9.064,1.365,0.346,0.061,0.079,9.000,-39.450,25.650,37.3
13:52:55.567,309361,-5.576,-8.619,2.543,0.068,-0.024,-0.107,9.600,-38.550,28.800,37.3
13:52:55.619,309416,-5.545,-9.598,2.107,-0.315,-0.079,0.042,9.600,-38.550,28.800,37.0
13:52:55.671,309471,-7.475,-12.270,3.292,0.150,-0.215,0.129,9.600,-38.550,28.800,37.1
13:52:55.724,309526,-6.792,-12.622,3.026,0.095,-0.147,0.248,9.600,-38.550,28.800,37.1
13:52:55.775,309581,-6.998,-11.475,2.595,-0.115,0.059,0.421,9.600,-38.550,28.800,37.2
13:52:55.828,309636,-7.183,-10.197,2.346,-0.442,-0.177,0.181,9.600,-38.550,28.800,37.3
13:52:55.880,309691,-5.447,-9.816,2.835,-0.516,0.100,-0.121,9.600,-38.550,28.800,37.2
13:52:55.932,309746,-5.567,-8.564,1.549,-0.664,-0.184,-0.420,9.600,-38.550,28.800,37.3
13:52:55.985,309801,-4.482,-9.225,1.456,-0.355,0.119,-0.861,9.600,-38.550,28.800,37.1
13:52:56.091,309856,-4.932,-8.339,1.176,-0.185,0.273,-1.099,7.050,-39.150,19.500,37.2
13:52:56.093,309911,-3.622,-7.628,0.536,-0.490,0.613,-1.400,7.050,-39.150,19.500,37.2
13:52:56.144,309966,-3.122,-6.108,-0.905,-1.096,0.583,-1.903,0.000,-39.300,17.550,37.3
13:52:56.196,310021,-1.176,-6.668,-0.318,-1.341,0.730,-2.193,0.000,-39.300,17.550,37.4
13:52:56.248,310076,0.632,-5.672,-0.857,-1.113,1.189,-1.538,-9.450,-40.200,11.400,37.4
13:52:56.300,310131,-1.013,-5.636,-0.836,-0.302,-0.140,-0.352,-9.450,-40.200,11.400,37.3
13:52:56.353,310186,0.275,-5.758,-0.754,0.472,0.112,0.920,-17.100,-38.850,6.900,37.6
13:52:56.459,310241,-0.429,-4.961,-2.037,0.468,-0.089,1.595,-17.100,-38.850,6.900,37.2
13:52:56.510,310296,-2.339,-7.068,-1.573,0.445,-0.810,1.528,-7.950,-38.400,9.300,37.2
13:52:56.563,310351,-2.109,-9.347,-0.041,0.570,-0.280,1.231,-7.950,-38.400,9.300,37.5
13:52:56.616,310406,-3.682,-9.986,0.187,0.430,-0.318,0.966,0.900,-39.450,12.600,37.5
13:52:56.669,310461,-3.563,-9.400,-0.390,0.117,-0.566,0.691,4.650,-40.050,14.550,37.2
13:52:56.721,310516,-5.655,-9.562,-1.061,-0.153,-0.465,0.631,4.650,-40.050,14.550,37.2
13:52:56.773,310571,-3.330,-10.036,-0.778,-0.353,-0.010,0.294,6.600,-41.400,18.150,37.3
13:52:56.826,310626,-4.975,-10.630,-0.215,-0.070,0.115,0.224,6.600,-41.400,18.150,37.1
13:52:56.879,310681,-4.199,-10.637,-0.692,-0.145,-0.231,-0.066,6.600,-40.050,18.150,37.3
13:52:56.931,310736,-5.179,-9.735,-0.493,-0.129,0.064,-0.239,6.600,-40.050,18.150,37.3
13:52:56.983,310791,-4.312,-9.488,-0.199,-0.293,0.030,-0.154,6.750,-41.250,17.250,37.3
13:52:57.036,310846,-3.780,-9.977,-0.117,-0.183,0.021,-0.110,6.750,-41.250,17.250,37.2
13:52:57.089,310901,-5.277,-10.606,-0.450,-0.121,-0.159,0.026,6.600,-41.850,17.850,37.2
13:52:57.141,310956,-6.608,-13.082,-0.139,0.026,-0.183,-0.079,6.150,-45.000,18.150,37.4
13:52:57.193,311011,-7.496,-13.247,-0.266,-0.172,-0.062,0.290,6.150,-45.000,18.150,37.6
13:52:57.246,311066,-6.732,-12.402,-0.417,-0.346,-0.127,0.363,6.150,-42.450,17.100,37.2
13:52:57.299,311121,-5.995,-11.071,-0.675,-0.316,-0.012,0.145,6.150,-42.450,17.100,37.2
13:52:57.351,311176,-4.702,-10.362,-0.115,-0.118,0.220,-0.294,6.150,-42.450,17.100,37.5
13:52:57.404,311231,-4.410,-9.048,-0.443,-0.154,0.033,-0.604,6.150,-42.450,17.100,37.3
13:52:57.457,311286,-3.115,-8.205,-0.271,-0.277,0.542,-0.912,6.150,-42.450,17.100,37.3
13:52:57.508,311341,-4.408,-7.652,-1.341,-0.997,1.350,-0.964,6.150,-42.450,17.100,37.2
13:52:57.614,311396,-3.007,-7.695,-2.564,-1.473,0.079,-1.246,6.150,-42.450,17.100,37.5
13:52:57.666,311451,-3.179,-9.898,-1.949,-0.953,-0.047,-1.622,6.150,-42.450,17.100,37.2
13:52:57.719,311506,0.661,-7.977,-2.768,-0.601,0.150,-1.725,6.150,-42.450,17.100,37.3
13:52:57.771,311561,1.942,-5.928,-1.559,0.386,0.743,-1.617,-15.150,-36.750,-0.300,37.3
13:52:57.824,311616,0.093,-4.547,-2.787,0.853,1.484,0.149,-15.150,-36.750,-0.300,37.2
13:52:57.876,311671,-0.608,-4.571,-2.911,0.545,0.273,1.273,-16.500,-36.600,4.200,37.5
13:52:57.929,311726,-0.819,-5.617,-2.684,0.567,-0.426,1.489,-16.500,-36.600,4.200,37.4
13:52:57.980,311781,-1.978,-7.898,-1.966,0.326,-0.994,1.417,-9.600,-37.800,7.200,37.2
13:52:58.033,311836,-3.893,-9.768,-1.322,0.512,-0.443,0.877,-9.600,-37.800,7.200,37.3
13:52:58.086,311891,-2.303,-9.072,-0.441,0.293,-0.242,0.265,-1.650,-38.400,9.300,37.3
13:52:58.139,311946,-4.063,-10.048,-0.622,0.712,0.263,-0.127,-1.650,-38.400,9.300,37.3
13:52:58.244,312001,-1.346,-10.053,-1.080,0.766,0.003,-0.026,-1.650,-40.200,11.850,37.4
13:52:58.246,312056,-1.994,-11.061,-1.049,0.700,-0.019,-0.056,-2.850,-42.750,16.950,37.2
13:52:58.295,312111,-2.308,-10.424,-0.824,0.378,-0.232,0.091,-2.850,-42.750,16.950,37.4
13:52:58.349,312166,-1.741,-10.738,0.529,0.286,-0.292,0.083,-3.450,-42.150,21.450,37.3
13:52:58.401,312221,-2.011,-10.690,0.721,0.212,-0.508,0.178,-3.450,-42.150,21.450,37.4
13:52:58.454,312276,-2.363,-10.738,1.061,0.318,-0.505,0.139,-1.050,-45.000,23.400,37.3
13:52:58.506,312331,-3.057,-10.317,1.341,0.343,-0.555,0.054,-1.050,-45.000,23.400,37.3
13:52:58.558,312386,-3.081,-10.307,2.028,0.298,-0.384,-0.020,-1.650,-44.100,25.650,37.2
13:52:58.611,312441,-2.416,-11.109,3.160,0.468,-0.164,-0.142,-1.650,-44.100,25.650,37.3
13:52:58.664,312496,-3.235,-11.246,2.167,0.265,-0.153,0.333,-2.100,-45.600,29.400,37.3
13:52:58.769,312551,-6.397,-13.441,2.507,0.039,-0.424,0.839,-2.100,-43.350,31.500,37.2
13:52:58.820,312606,-6.438,-13.695,2.679,-0.052,-0.137,0.910,-2.100,-43.350,31.500,37.5
13:52:58.873,312662,-5.279,-12.869,3.175,-0.094,-0.109,0.703,3.450,-41.100,29.850,37.2
13:52:58.925,312716,-4.235,-10.927,3.567,-0.206,-0.107,0.263,3.450,-41.100,29.850,37.1
13:52:58.978,312771,-3.807,-9.550,2.540,-0.135,-0.041,-0.005,3.450,-41.100,29.850,37.3
13:52:59.030,312826,-3.670,-8.583,1.707,-0.241,-0.360,-0.398,3.450,-41.100,29.850,37.5
13:52:59.083,312881,-2.365,-8.521,1.808,-0.582,0.112,-0.888,3.450,-41.100,29.850,37.2
13:52:59.135,312936,0.120,-8.279,1.731,-1.126,1.002,-1.184,3.450,-41.100,29.850,37.4
13:52:59.189,312991,-3.529,-8.018,0.347,-1.035,0.622,-1.090,3.450,-41.100,29.850,37.4
13:52:59.240,313046,-3.433,-8.353,-1.015,-1.315,0.275,-1.027,3.450,-41.100,29.850,37.1
13:52:59.293,313101,-1.604,-8.957,-0.242,-1.110,0.364,-1.265,-7.950,-39.150,14.700,37.2
13:52:59.346,313156,-0.232,-7.223,-1.652,-0.898,-0.486,-1.680,-12.150,-38.700,10.050,37.3
13:52:59.399,313211,-1.784,-7.111,-0.622,-0.563,0.058,-1.355,-12.150,-38.700,10.050,37.2
13:52:59.451,313266,0.706,-5.614,-0.354,0.361,0.030,0.049,-17.250,-37.950,6.750,37.4
13:52:59.504,313321,-1.937,-5.109,-1.046,0.245,-0.030,1.248,-17.250,-37.950,6.750,37.4
13:52:59.555,313376,-0.939,-5.777,-1.652,0.369,-0.493,1.582,-10.950,-37.650,6.750,37.4
13:52:59.608,313431,-0.797,-7.661,-0.733,0.418,-0.797,1.488,-10.950,-37.650,6.750,37.2
13:52:59.661,313486,-1.132,-8.131,-1.410,0.357,-0.654,1.450,-4.800,-39.450,9.600,37.2
13:52:59.714,313541,-2.586,-9.874,-1.164,0.434,-0.616,1.376,-4.800,-39.450,9.600,37.4
13:52:59.765,313596,-3.457,-11.013,-0.091,0.251,-0.547,1.249,2.400,-39.450,12.600,37.3
13:52:59.818,313651,-4.185,-10.448,0.014,0.274,0.056,0.735,9.300,-39.600,16.800,37.2
13:52:59.924,313706,-4.920,-10.111,-0.239,0.208,-0.535,0.604,9.300,-39.600,16.800,37.3
13:52:59.976,313761,-5.248,-10.290,0.239,0.487,-0.166,0.327,10.050,-40.650,18.600,37.4
13:53:00.028,313816,-4.791,-9.728,0.498,0.441,-0.092,0.363,10.050,-40.650,18.600,37.1
13:53:00.081,313871,-5.028,-9.031,0.931,0.567,0.116,0.355,12.450,-40.350,22.200,37.2
13:53:00.134,313926,-4.927,-8.952,1.120,0.477,0.157,0.526,12.450,-40.350,22.200,37.3
13:53:00.185,313981,-6.074,-8.820,1.094,0.391,0.365,0.549,14.100,-37.950,25.350,37.4
13:53:00.291,314036,-6.663,-8.878,1.307,0.327,0.565,0.536,14.100,-37.950,25.350,37.4
13:53:00.292,314091,-10.432,-10.587,1.559,0.173,0.255,0.672,16.200,-37.050,26.250,37.3
13:53:00.344,314146,-9.766,-11.320,2.224,0.207,0.201,0.441,16.200,-37.050,26.250,37.2
13:53:00.395,314201,-8.380,-10.558,2.071,0.283,0.417,0.403,20.550,-36.000,26.250,37.1
13:53:00.448,314256,-9.464,-9.285,2.409,0.047,-0.027,0.050,21.900,-34.050,26.400,37.2
13:53:00.502,314311,-7.288,-8.037,2.365,-0.285,0.040,-0.474,21.900,-34.050,26.400,37.4
13:53:00.553,314366,-5.140,-7.726,2.251,-0.440,0.207,-0.902,18.750,-35.100,23.100,37.4
13:53:00.605,314421,-6.371,-8.516,1.001,-0.196,0.191,-1.127,18.750,-35.100,23.100,37.5
13:53:00.659,314476,-4.918,-8.813,-0.060,-0.450,0.200,-1.442,18.750,-35.100,23.100,37.3
13:53:00.712,314531,-4.276,-8.236,-0.766,-0.331,-0.446,-1.573,18.750,-35.100,23.100,37.3
13:53:00.764,314586,-4.118,-8.294,-0.450,-0.009,0.810,-2.046,18.750,-35.100,23.100,37.3
13:53:00.816,314641,-1.559,-5.030,0.120,-0.252,0.773,-2.389,18.750,-35.100,23.100,36.9
13:53:00.869,314696,2.270,-3.512,0.467,-0.636,0.915,-1.461,18.750,-35.100,23.100,37.3
13:53:00.921,314751,-5.734,-5.863,0.488,0.143,0.244,-0.048,18.750,-35.100,23.100,37.2
13:53:00.975,314806,-0.788,-4.350,0.294,0.251,-1.172,1.185,18.750,-35.100,23.100,37.4
13:53:01.077,314861,-2.555,-7.065,1.003,0.645,-1.034,1.570,-6.000,-40.950,16.500,37.2
13:53:01.130,314916,-0.809,-7.760,0.218,0.321,-0.948,1.607,-6.000,-40.950,16.500,37.2
13:53:01.184,314971,-2.466,-7.520,0.340,0.224,-0.808,1.179,1.650,-39.750,19.800,37.3
13:53:01.236,315026,-6.361,-9.512,2.775,0.090,-0.186,0.824,1.650,-39.750,19.800,37.2
13:53:01.289,315081,-3.208,-8.274,0.749,-0.371,-0.273,0.685,5.550,-38.700,22.050,37.6
13:53:01.340,315136,-4.994,-9.210,1.336,-0.365,-0.126,0.342,5.550,-38.700,22.050,37.4
13:53:01.393,315191,-3.462,-9.639,1.070,-0.651,0.165,0.192,10.050,-37.800,22.200,37.3
13:53:01.446,315246,-5.131,-10.499,-0.781,-0.705,-0.040,0.004,10.050,-37.800,22.200,37.3
13:53:01.498,315301,-6.165,-10.819,-1.185,-0.312,-0.496,0.187,8.550,-37.500,20.100,37.4
13:53:01.603,315356,-5.265,-10.309,-0.273,-0.234,0.045,-0.063,9.000,-39.450,22.050,37.5
13:53:01.605,315411,-5.552,-9.318,0.057,-0.138,0.148,-0.328,9.000,-39.450,22.050,37.1
13:53:01.656,315466,-4.513,-10.020,-0.041,-0.124,0.027,-0.268,10.050,-40.650,20.700,37.3
13:53:01.709,315521,-7.537,-13.549,1.008,-0.005,-0.068,-0.200,10.050,-40.650,20.700,37.6
13:53:01.761,315576,-6.610,-14.293,0.800,0.042,-0.827,0.306,8.100,-41.100,21.900,37.3
13:53:01.815,315631,-7.683,-12.100,1.434,0.091,-0.342,0.434,8.100,-41.100,21.900,37.2
13:53:01.867,315686,-6.472,-10.688,1.192,-0.256,-0.396,0.312,9.000,-39.150,22.350,37.3
13:53:01.918,315741,-6.546,-10.613,1.305,-0.514,-0.228,0.004,9.000,-39.150,22.350,37.3
13:53:01.971,315796,-4.274,-9.455,1.477,-0.487,-0.001,-0.426,12.150,-37.950,19.500,37.1
13:53:02.024,315851,-4.152,-7.915,0.500,-0.502,0.305,-0.743,8.100,-40.350,18.600,37.3
13:53:02.075,315906,-3.249,-7.796,0.816,-0.571,0.233,-1.264,8.100,-40.350,18.600,37.6
13:53:02.128,315961,-3.749,-7.298,-0.448,-0.726,0.405,-1.314,3.750,-38.850,13.050,37.3
13:53:02.234,316016,-2.655,-8.351,-0.323,-0.749,0.482,-1.425,3.750,-38.850,13.050,37.4
13:53:02.285,316071,-3.170,-7.927,-1.530,-0.914,0.542,-1.673,-3.450,-40.050,7.950,37.4
13:53:02.339,316126,1.420,-6.876,-1.202,-0.952,1.038,-1.978,-3.450,-40.050,7.950,37.6
13:53:02.391,316181,-0.534,-4.566,-2.811,-0.591,0.522,-1.226,-3.450,-40.050,7.950,37.2
13:53:02.443,316236,-0.110,-4.994,-2.057,0.265,-0.082,0.110,-3.450,-40.050,7.950,37.2
13:53:02.496,316291,0.991,-4.492,-2.507,0.715,0.442,1.333,-3.450,-40.050,7.950,37.6
13:53:02.549,316346,0.520,-6.381,-1.827,0.738,-0.247,1.666,-3.450,-40.050,7.950,37.1
13:53:02.600,316401,-0.962,-7.896,-1.448,0.659,-0.627,1.410,-3.450,-40.050,7.950,37.1
13:53:02.653,316456,-1.695,-9.790,-0.230,0.758,-0.576,1.075,-0.300,-39.600,11.700,37.4
13:53:02.707,316511,-3.979,-10.271,-0.450,0.443,-0.533,0.852,-0.300,-39.600,11.700,37.4
13:53:02.759,316566,-3.050,-10.673,-0.144,0.120,-0.065,0.592,1.800,-41.100,16.050,37.1
13:53:02.811,316621,-3.175,-10.865,0.302,0.270,0.205,0.500,1.800,-41.100,16.050,37.2
13:53:02.864,316676,-3.943,-10.676,0.062,0.052,-0.052,0.436,3.450,-41.100,17.100,37.3
13:53:02.915,316731,-3.462,-10.130,0.124,-0.006,0.079,0.364,3.450,-41.100,17.100,37.4
13:53:02.968,316786,-4.211,-10.070,-0.031,-0.072,0.099,0.341,5.400,-42.450,19.350,37.4
13:53:03.021,316841,-4.779,-10.398,-0.124,-0.082,-0.176,0.294,5.400,-42.450,19.350,37.6
13:53:03.073,316896,-4.463,-10.439,0.103,-0.092,-0.039,0.342,6.750,-43.050,18.000,37.2
13:53:03.125,316951,-5.353,-10.740,0.493,0.055,0.153,0.480,9.450,-42.300,19.800,37.2
13:53:03.178,317006,-7.281,-11.820,1.638,0.185,0.153,0.415,9.450,-42.300,19.800,37.2
13:53:03.231,317061,-8.401,-12.275,1.046,-0.023,0.042,0.229,12.450,-41.400,19.650,37.4
13:53:03.284,317116,-9.084,-11.880,1.228,-0.052,-0.267,-0.041,12.450,-41.400,19.650,37.3
13:53:03.388,317171,-7.298,-11.298,1.008,-0.271,-0.180,-0.342,12.600,-39.750,19.050,37.2
13:53:03.441,317226,-5.715,-10.398,0.579,-0.574,0.252,-0.438,12.600,-39.750,19.050,37.4
13:53:03.494,317281,-3.223,-9.591,-0.086,-0.616,0.095,-0.837,10.950,-40.200,16.500,37.4
13:53:03.546,317336,-2.600,-9.230,-1.025,-0.468,0.193,-0.892,10.950,-40.200,16.500,37.4
13:53:03.598,317391,-1.774,-9.155,-0.424,-0.208,0.202,-1.098,4.350,-40.200,11.400,37.1
13:53:03.650,317446,-1.058,-8.918,-1.379,-0.146,0.206,-1.221,4.350,-40.200,11.400,37.3
13:53:03.704,317501,-1.693,-7.685,-1.281,-0.221,0.363,-1.562,0.450,-40.500,11.850,37.4
13:53:03.756,317556,-1.018,-6.732,-0.797,-0.450,0.612,-1.719,-6.750,-39.150,8.550,37.3
13:53:03.809,317611,-0.661,-4.664,-1.494,-0.726,0.883,-1.199,-6.750,-39.150,8.550,37.4
13:53:03.913,317666,-0.522,-5.030,-0.326,-0.112,0.053,-0.292,-14.700,-39.300,5.400,37.4
13:53:03.914,317721,-0.797,-5.380,-1.006,0.193,0.045,0.770,-14.700,-39.300,5.400,37.3
13:53:03.966,317776,-0.165,-6.110,-1.298,0.309,-0.310,1.313,-14.700,-39.300,5.400,37.2
13:53:04.019,317831,-1.896,-7.654,-1.142,0.474,-0.357,1.278,-14.700,-39.300,5.400,37.4
13:53:04.070,317886,-1.894,-8.310,-0.699,0.616,-0.644,1.041,-14.700,-39.300,5.400,37.4
13:53:04.123,317941,-2.150,-9.239,0.309,0.686,-0.275,0.828,-14.700,-39.300,5.400,37.2
13:53:04.175,317996,-0.517,-10.108,0.093,0.545,-0.251,0.094,-14.700,-39.300,5.400,37.3
13:53:04.228,318051,-4.271,-11.360,0.019,0.281,-0.197,0.135,-14.700,-39.300,5.400,37.4
13:53:04.281,318106,-1.674,-10.424,-0.965,-0.351,-0.058,0.380,-14.700,-39.300,5.400,37.3
13:53:04.334,318161,-2.816,-10.815,-0.730,-0.692,0.411,0.316,0.450,-42.000,18.750,37.1
13:53:04.385,318216,-3.026,-11.226,-0.833,-0.523,0.530,0.232,0.450,-42.000,18.750,37.3
13:53:04.439,318271,-3.383,-11.047,-1.082,-0.264,0.335,0.119,2.250,-43.200,17.550,37.4
13:53:04.543,318326,-3.182,-11.313,-1.137,0.037,0.090,0.093,2.250,-43.200,17.550,37.3
13:53:04.595,318381,-3.792,-11.497,-0.754,0.343,0.144,0.288,4.350,-43.800,15.450,37.2
13:53:04.649,318436,-4.159,-11.669,-0.733,0.442,-0.184,0.631,4.350,-43.800,15.450,37.4
13:53:04.700,318491,-7.396,-13.001,-0.139,0.286,-0.034,0.921,4.050,-44.100,17.250,37.3
13:53:04.753,318546,-6.421,-11.933,-0.213,-0.104,-0.142,0.764,4.050,-44.100,17.250,37.0
13:53:04.805,318601,-8.291,-12.093,-0.124,-0.444,-0.105,0.776,8.550,-43.650,22.650,37.4
13:53:04.859,318656,-6.668,-11.686,0.302,-0.410,0.128,0.428,12.600,-39.450,18.000,37.2
13:53:04.911,318711,-6.048,-9.740,0.153,-0.360,-0.147,-0.062,12.600,-39.450,18.000,37.4
13:53:04.963,318766,-5.564,-9.038,-0.065,-0.435,-0.061,-0.662,11.400,-39.150,15.150,37.3
13:53:05.016,318821,-5.265,-9.033,-0.424,-0.588,0.174,-1.030,11.400,-39.150,15.150,37.3
13:53:05.069,318876,-2.586,-7.810,-1.185,-0.730,-0.102,-1.390,8.550,-38.550,9.750,37.4
13:53:05.120,318931,-0.273,-7.420,-1.216,-0.598,0.474,-1.391,8.550,-38.550,9.750,37.2
13:53:05.173,318986,-3.354,-8.638,0.124,-0.215,0.885,-1.769,0.000,-38.250,6.150,37.3
13:53:05.225,319041,1.310,-7.130,-1.425,-0.264,-0.002,-1.856,0.000,-38.250,6.150,37.3
13:53:05.277,319096,1.563,-4.978,-0.548,0.165,1.170,-1.188,-9.000,-39.150,4.200,37.4
13:53:05.330,319151,-2.837,-3.800,-2.749,0.409,0.537,0.108,-14.100,-38.700,6.300,37.1
13:53:05.383,319206,0.479,-5.183,-1.791,0.240,-0.666,1.618,-14.100,-38.700,6.300,37.3
13:53:05.436,319261,-1.116,-5.454,-2.480,0.376,-0.790,1.911,-8.250,-38.400,7.350,37.6
13:53:05.489,319316,-3.146,-8.315,-0.462,0.711,-0.420,1.825,-8.250,-38.400,7.350,37.0
13:53:05.541,319371,-3.950,-9.048,-1.013,0.729,0.025,1.428,4.200,-39.600,12.300,37.3
13:53:05.594,319426,-5.784,-9.606,-0.290,0.683,0.076,0.967,4.200,-39.600,12.300,37.4
13:53:05.699,319481,-5.488,-9.280,-0.692,0.672,-0.173,0.797,8.550,-38.250,15.300,37.7
13:53:05.750,319536,-4.954,-9.737,0.591,0.617,0.198,0.522,8.550,-38.250,15.300,37.3
13:53:05.803,319591,-4.707,-9.412,0.294,0.436,0.061,0.564,10.950,-37.650,20.250,37.3
13:53:05.856,319646,-6.440,-9.907,1.132,0.278,0.240,0.541,10.950,-37.650,20.250,37.3
13:53:05.908,319701,-5.770,-9.400,0.685,0.109,0.062,0.543,10.950,-37.650,20.250,37.6
13:53:05.960,319756,-6.175,-8.456,0.426,0.001,0.026,0.527,10.950,-37.650,20.250,37.2
13:53:06.013,319811,-5.605,-8.425,0.582,0.038,0.020,0.471,10.950,-37.650,20.250,37.3
13:53:06.066,319866,-6.191,-8.337,1.137,0.224,-0.095,0.420,10.950,-37.650,20.250,37.6
13:53:06.169,319921,-7.489,-8.576,0.840,0.148,-0.063,0.573,10.950,-37.650,20.250,37.5
13:53:06.170,319976,-9.663,-9.045,1.906,-0.065,-0.013,0.335,10.950,-37.650,20.250,37.2
13:53:06.223,320031,-10.381,-9.160,1.563,-0.391,-0.020,0.020,10.950,-37.650,20.250,37.5
13:53:06.276,320086,-9.459,-9.613,1.844,-0.313,-0.075,-0.130,20.100,-35.250,25.500,37.3
13:53:06.329,320141,-7.362,-9.948,1.836,-0.044,-0.154,-0.232,20.100,-35.250,25.500,37.2
13:53:06.381,320196,-10.372,-9.199,1.434,-0.175,-0.455,-0.208,23.400,-34.050,27.600,37.3
13:53:06.484,320251,-7.089,-8.243,1.492,-0.328,-0.354,-0.625,20.100,-35.250,24.750,37.3
13:53:06.486,320306,-5.677,-8.329,1.331,-0.493,-0.296,-0.682,20.100,-35.250,24.750,37.6
13:53:06.539,320361,-4.896,-7.453,0.089,-0.610,0.104,-0.832,16.200,-35.250,21.450,37.6
13:53:06.591,320416,-6.586,-8.720,0.577,-0.150,0.076,-1.136,16.200,-35.250,21.450,37.4
13:53:06.643,320471,-4.350,-7.439,-0.589,-0.460,0.358,-1.344,10.500,-38.250,19.350,37.6
13:53:06.696,320526,-3.294,-6.926,-0.340,-0.353,0.651,-1.404,10.500,-38.250,19.350,37.3
13:53:06.800,320581,-3.089,-9.021,0.369,-0.212,0.585,-1.400,2.400,-37.650,15.150,37.3
13:53:06.854,320636,-4.422,-9.450,-0.670,-0.370,0.565,-1.924,2.400,-37.650,15.150,37.6
13:53:06.906,320691,0.603,-6.146,-1.243,-1.081,-0.036,-2.039,-4.950,-40.050,13.800,37.2
13:53:07.011,320746,-2.512,-6.699,-0.919,-0.312,0.804,-0.723,-4.950,-40.050,13.800,37.3
13:53:07.012,320801,1.578,-5.804,-0.316,0.223,-0.046,0.326,-14.250,-38.550,9.450,37.5
13:53:07.064,320856,-0.378,-6.007,-1.523,0.188,0.094,1.196,-12.450,-40.050,10.200,37.5
13:53:07.116,320911,-2.516,-7.815,-1.456,0.134,-0.644,1.315,-12.450,-40.050,10.200,37.4
13:53:07.168,320966,-1.815,-8.832,-2.105,-0.089,-0.768,1.185,-4.650,-40.050,11.250,37.4
13:53:07.220,321021,-3.948,-9.522,-0.558,0.013,0.345,0.750,-4.650,-40.050,11.250,37.3
13:53:07.273,321076,-4.041,-9.086,-1.073,-0.154,-0.138,0.734,1.050,-38.850,10.950,37.4
13:53:07.325,321131,-2.705,-7.736,-1.080,-0.179,-0.253,0.778,1.050,-38.850,10.950,37.3
13:53:07.379,321186,-4.209,-7.726,-1.856,-0.273,-0.329,0.751,6.150,-37.050,11.700,37.3
13:53:07.431,321241,-2.909,-9.656,-0.189,0.045,-0.084,0.236,6.150,-37.050,11.700,37.4
13:53:07.483,321296,-4.199,-9.495,-0.950,0.087,-0.113,0.225,8.850,-39.600,13.800,37.3
13:53:07.536,321351,-4.207,-9.005,-0.948,0.128,-0.171,0.361,9.000,-38.700,13.950,37.3
13:53:07.640,321406,-3.886,-8.373,-1.492,-0.099,-0.013,0.282,9.000,-38.700,13.950,37.5
13:53:07.641,321461,-5.274,-10.556,-0.749,0.156,0.334,0.227,9.000,-38.700,13.950,37.6
13:53:07.745,321516,-5.729,-10.690,-0.690,0.373,-0.207,0.137,9.000,-38.700,13.950,37.6
13:53:07.746,321571,-5.899,-9.740,-1.214,0.226,-0.613,0.156,9.000,-38.700,13.950,37.4
13:53:07.799,321626,-5.224,-9.160,-1.008,-0.003,-0.269,0.391,9.000,-38.700,13.950,37.4
13:53:07.851,321681,-5.763,-9.263,-0.079,0.156,0.060,0.397,9.000,-38.700,13.950,37.3
13:53:07.904,321736,-9.242,-10.226,0.548,0.142,-0.022,0.423,9.000,-38.700,13.950,37.3
13:53:08.009,321791,-9.577,-10.743,0.333,-0.140,-0.242,0.180,9.000,-38.700,13.950,37.3
13:53:08.060,321846,-8.593,-10.827,0.005,-0.373,-0.035,0.092,9.000,-38.700,13.950,37.4
13:53:08.114,321901,-7.769,-10.477,-0.309,-0.245,-0.207,-0.009,16.800,-37.350,20.550,37.4
13:53:08.166,321956,-6.881,-10.590,0.034,0.098,-0.213,-0.082,15.150,-38.550,18.900,37.6
13:53:08.219,322011,-5.387,-10.190,-0.184,0.111,-0.621,-0.334,15.150,-38.550,18.900,37.4
13:53:08.270,322066,-5.686,-8.727,0.285,-0.166,-0.721,-0.661,16.050,-38.400,19.800,37.5
13:53:08.323,322121,-5.404,-8.583,1.185,-0.402,-0.698,-0.900,16.050,-38.400,19.800,37.2
13:53:08.376,322176,-4.058,-8.289,0.639,-0.615,-0.510,-1.222,12.000,-38.850,18.900,37.4
13:53:08.479,322231,-3.338,-7.415,0.225,-0.646,0.148,-1.607,12.000,-38.850,18.900,37.3
13:53:08.481,322286,-2.363,-7.250,-0.199,-0.488,0.391,-1.666,2.850,-38.400,15.450,37.2
13:53:08.534,322341,-1.796,-8.487,0.397,-0.454,0.622,-1.851,2.850,-38.400,15.450,37.3
13:53:08.586,322396,0.294,-6.984,-0.560,-0.631,0.136,-1.902,-5.700,-38.550,10.950,37.4
13:53:08.638,322451,2.253,-6.060,-1.707,-0.898,0.398,-1.865,-15.750,-37.350,8.100,37.4
13:53:08.743,322506,-3.768,-6.970,-0.713,-0.274,1.175,-0.531,-15.750,-37.350,8.100,37.2
13:53:08.745,322561,1.688,-4.468,-1.425,0.441,-0.296,1.050,-17.400,-36.450,7.950,37.3
13:53:08.796,322616,-0.335,-5.219,-1.875,0.425,-0.215,1.666,-17.400,-36.450,7.950,37.4
13:53:08.849,322671,-1.724,-7.590,-1.195,0.410,-0.488,1.616,-9.600,-39.600,10.200,37.4
13:53:08.902,322726,-1.475,-9.199,-0.982,0.199,-0.570,1.456,-9.600,-39.600,10.200,37.4
13:53:08.953,322781,-2.346,-10.147,-0.555,0.263,-0.416,1.024,-2.700,-37.800,13.050,37.6
13:53:09.006,322836,-2.933,-9.924,-0.591,0.219,-0.580,1.086,-2.700,-37.800,13.050,37.6
13:53:09.058,322891,-3.405,-10.690,-0.644,0.063,-0.751,0.951,3.300,-41.250,15.450,37.3
13:53:09.162,322946,-3.833,-8.899,-1.750,0.233,0.856,1.169,3.300,-41.250,15.450,37.3
13:53:09.215,323001,-3.869,-10.455,0.905,0.268,0.944,1.427,6.150,-40.650,17.850,37.4
13:53:09.268,323056,-5.425,-10.034,1.271,0.242,-0.146,1.099,12.000,-40.650,17.850,37.2
13:53:09.320,323111,-6.433,-9.002,0.139,0.207,-0.130,0.811,12.000,-40.650,17.850,37.4
13:53:09.374,323166,-7.281,-8.286,-0.163,0.037,0.075,0.592,18.600,-37.800,21.450,37.4
13:53:09.426,323221,-9.131,-9.572,0.479,-0.026,0.289,0.437,18.600,-37.800,21.450,37.7
13:53:09.477,323276,-11.720,-10.724,-0.457,0.002,-0.405,-0.122,21.300,-37.500,20.700,37.2
13:53:09.583,323331,-10.305,-11.384,0.783,-0.253,-0.857,-0.354,21.300,-37.500,20.700,37.2
13:53:09.585,323386,-10.020,-10.894,0.790,-0.354,-0.980,-0.460,21.300,-37.500,20.700,37.2
13:53:09.636,323441,-7.415,-10.080,1.089,-0.497,-1.081,-0.759,21.300,-37.500,20.700,37.3
13:53:09.688,323496,-5.978,-9.052,1.185,-0.630,-0.941,-0.998,21.300,-37.500,20.700,37.4
13:53:09.741,323551,-4.432,-9.196,1.422,-0.576,-0.577,-1.039,21.300,-37.500,20.700,37.4
13:53:09.794,323606,-1.894,-8.274,0.113,-0.516,-0.041,-1.030,21.300,-37.500,20.700,37.4
13:53:09.845,323662,-4.992,-8.401,0.175,-0.443,-0.189,-1.149,6.300,-40.500,17.700,37.3
13:53:09.951,323716,-1.867,-8.018,-0.156,-0.552,-0.221,-1.140,6.300,-40.500,17.700,37.3
13:53:09.952,323771,-0.584,-6.936,-1.709,-1.175,0.305,-0.828,-0.150,-40.200,14.400,37.5
13:53:10.004,323826,-5.413,-11.428,1.051,-1.164,-0.343,-0.697,-0.150,-40.200,14.400,37.6
13:53:10.055,323881,-1.889,-8.353,-0.280,-1.093,-0.755,-1.363,-2.250,-40.650,7.650,37.6
13:53:10.108,323936,1.602,-7.944,-0.632,-1.218,-0.143,-1.528,-2.250,-40.650,7.650,37.4
13:53:10.161,323991,-0.326,-5.883,-1.068,-0.286,-0.154,-0.854,-7.500,-38.700,4.200,37.3
13:53:10.213,324046,0.642,-5.203,-2.014,0.539,-0.086,0.235,-7.500,-38.700,4.200,37.2
13:53:10.318,324101,0.503,-5.346,-1.805,1.208,-0.290,0.891,-10.950,-38.700,2.700,37.4
13:53:10.371,324156,-0.984,-6.625,-1.302,1.256,-1.035,1.012,-6.600,-40.350,7.950,37.3
13:53:10.424,324211,-1.034,-8.452,0.117,1.418,-1.233,0.851,-6.600,-40.350,7.950,37.4
13:53:10.477,324266,-3.321,-9.716,1.604,1.014,-0.363,0.608,-2.250,-40.650,16.050,37.3
13:53:10.582,324321,-2.236,-9.790,-0.146,0.532,-0.595,0.416,-2.250,-40.650,16.050,37.4
13:53:10.583,324376,-3.321,-10.350,0.536,0.423,-0.343,0.329,0.750,-41.100,23.400,37.2
13:53:10.634,324431,-4.736,-11.305,2.174,0.362,-0.217,0.297,0.750,-41.100,23.400,37.3
13:53:10.685,324486,-2.425,-10.963,1.437,-0.253,0.204,-0.028,1.800,-43.200,26.250,37.2
13:53:10.738,324541,-2.523,-11.030,2.387,-0.129,0.131,0.037,1.800,-43.200,26.250,37.6
13:53:10.791,324596,-1.626,-10.415,2.004,-0.010,0.017,0.163,0.000,-42.150,24.450,37.3
13:53:10.844,324651,-1.966,-10.250,1.666,0.089,-0.104,0.135,0.150,-43.050,26.400,37.7
13:53:10.896,324706,-2.902,-10.987,2.140,0.236,-0.111,0.204,0.150,-43.050,26.400,37.3
13:53:10.949,324761,-4.793,-11.969,3.395,0.384,0.016,0.448,2.700,-42.900,26.250,37.3
13:53:11.001,324816,-5.636,-12.069,3.091,-0.038,-0.468,0.602,2.700,-42.900,26.250,37.3
13:53:11.056,324871,-7.262,-12.313,3.929,-0.420,-0.243,0.419,4.650,-43.200,28.500,37.3
13:53:11.106,324926,-5.435,-11.784,2.751,-0.545,0.022,0.270,4.650,-43.200,28.500,37.3
13:53:11.159,324981,-3.584,-10.441,1.808,-0.566,0.072,-0.072,5.250,-41.250,24.900,37.4
13:53:11.210,325036,-3.256,-9.694,1.506,-0.574,0.237,-0.163,5.250,-41.250,24.900,37.4
13:53:11.264,325091,-4.147,-9.929,1.434,-0.674,0.412,-0.308,5.250,-41.250,24.900,37.2
13:53:11.315,325146,-2.298,-10.398,0.103,-0.885,0.503,-0.400,5.250,-41.250,24.900,37.4
13:53:11.368,325201,-2.461,-9.603,-0.156,-0.618,0.015,-0.769,5.250,-41.250,24.900,37.6
13:53:11.473,325256,-3.584,-9.273,0.108,-0.335,0.076,-1.124,5.250,-41.250,24.900,37.2
13:53:11.525,325311,-1.137,-6.938,-1.111,-0.826,0.065,-1.320,5.250,-41.250,24.900,37.3
13:53:11.579,325366,-1.870,-5.545,-2.212,-0.989,0.171,-1.748,5.250,-41.250,24.900,37.4
13:53:11.631,325421,2.988,-5.174,-0.318,-0.611,1.096,-1.591,5.250,-41.250,24.900,37.6
13:53:11.684,325476,-3.220,-5.449,-0.678,0.103,0.979,-0.371,-14.700,-39.300,2.850,37.6
13:53:11.841,325531,0.977,-5.284,-0.079,0.655,-0.100,1.221,-14.700,-39.300,2.850,37.5
13:53:11.843,325586,-0.357,-5.674,-1.053,1.010,-0.289,1.690,-11.850,-39.150,7.800,37.4
13:53:11.844,325641,-1.164,-6.891,-1.317,1.240,-1.127,1.516,-11.850,-39.150,7.800,36.9
13:53:11.945,325696,-3.524,-9.201,0.450,1.184,-0.344,1.242,-4.800,-40.950,12.150,37.2
13:53:11.946,325751,-3.352,-9.390,1.159,0.834,0.190,1.086,1.050,-40.650,19.350,37.6
13:53:11.999,325806,-4.003,-9.419,2.006,0.901,-0.121,0.799,1.050,-40.650,19.350,37.4
13:53:12.051,325861,-3.273,-9.543,2.186,0.456,-0.099,0.857,4.800,-40.200,24.300,37.5
13:53:12.104,325916,-5.772,-9.692,2.705,0.590,0.316,0.542,4.800,-40.200,24.300,37.6
13:53:12.206,325971,-3.761,-9.687,2.861,0.265,0.624,0.587,8.250,-38.400,28.950,37.6
13:53:12.259,326026,-4.985,-9.594,2.804,-0.033,0.661,0.451,8.250,-38.400,28.950,37.4
13:53:12.261,326081,-5.856,-9.476,2.442,-0.056,0.649,0.522,10.800,-40.050,27.750,37.5
13:53:12.314,326136,-6.788,-9.890,1.822,-0.132,0.680,0.373,10.800,-40.050,27.750,37.3
13:53:12.366,326191,-8.885,-9.929,1.657,-0.070,0.391,0.096,12.150,-37.650,27.600,37.5
13:53:12.419,326246,-9.452,-11.212,2.198,-0.160,-0.192,-0.162,12.150,-37.650,27.600,37.4
13:53:12.471,326301,-8.265,-11.480,1.827,-0.167,-0.297,-0.021,12.600,-36.600,26.850,37.2
13:53:12.524,326356,-7.432,-11.076,1.676,-0.234,-0.025,0.076,12.450,-38.850,26.550,37.4
13:53:12.679,326411,-6.424,-9.914,2.387,-0.386,-0.159,0.103,12.450,-38.850,26.550,37.3
13:53:12.681,326466,-5.590,-8.729,2.229,-0.607,-0.367,-0.088,14.250,-38.550,24.750,37.3
13:53:12.732,326521,-5.442,-8.114,1.362,-0.898,-0.412,-0.378,14.250,-38.550,24.750,37.6
13:53:12.785,326576,-4.096,-9.431,2.169,-0.920,-0.448,-0.641,14.250,-36.750,20.700,37.4
13:53:12.838,326631,-6.187,-9.620,1.537,-0.848,-0.574,-1.271,14.250,-36.750,20.700,37.4
13:53:12.891,326686,-3.464,-7.501,-0.548,-0.976,-1.402,-1.427,11.250,-37.800,16.350,37.3
13:53:12.944,326741,-2.076,-8.545,0.172,-0.993,-0.440,-1.681,11.250,-37.800,16.350,37.5
13:53:12.997,326796,-3.498,-9.258,0.943,-0.271,-0.112,-1.707,11.250,-37.800,16.350,37.2
13:53:13.100,326851,2.854,-4.058,-2.179,-1.374,-0.512,-2.317,11.250,-37.800,16.350,37.3
13:53:13.102,326906,-0.819,-5.320,-2.413,-1.322,0.832,-2.077,11.250,-37.800,16.350,37.3
13:53:13.153,326961,1.963,-6.043,-0.215,-0.144,-0.514,-0.289,11.250,-37.800,16.350,37.6
13:53:13.205,327016,2.538,-4.982,-1.492,0.648,-0.184,1.068,11.250,-37.800,16.350,37.5
13:53:13.258,327071,-1.223,-6.139,-1.765,0.905,-0.711,1.670,11.250,-37.800,16.350,37.6
13:53:13.311,327126,-0.747,-6.481,-2.011,0.799,-1.099,1.443,11.250,-37.800,16.350,37.6
13:53:13.414,327181,-1.405,-8.538,-0.984,1.009,-0.297,1.148,-2.850,-40.950,8.850,37.4
13:53:13.416,327236,-2.468,-9.503,0.345,0.643,-0.064,1.014,-2.850,-40.950,8.850,37.3
13:53:13.468,327291,-3.165,-10.400,0.682,0.428,-0.060,0.946,1.050,-40.650,13.500,37.5
13:53:13.521,327346,-4.223,-10.022,0.316,0.169,0.098,0.758,4.200,-40.650,17.550,37.3
13:53:13.572,327401,-3.955,-10.599,1.092,0.207,0.084,0.506,4.200,-40.650,17.550,37.4
13:53:13.625,327456,-4.662,-10.214,0.402,-0.010,-0.050,0.346,5.400,-40.350,19.350,37.4
13:53:13.678,327511,-3.824,-10.772,1.223,0.234,0.188,0.290,5.400,-40.350,19.350,37.4
13:53:13.783,327566,-3.572,-10.235,1.987,0.371,0.212,0.214,7.500,-40.950,19.800,37.4
13:53:13.836,327621,-4.037,-9.989,1.571,0.431,0.174,0.171,7.500,-40.950,19.800,37.3
13:53:13.994,327676,-4.642,-10.578,1.494,0.714,0.337,0.621,10.050,-41.850,22.950,37.6
13:53:13.995,327731,-5.950,-9.653,2.081,0.846,0.485,0.811,10.050,-41.850,22.950,37.6
13:53:13.997,327786,-9.855,-10.671,2.389,0.338,0.260,0.477,14.250,-40.050,25.500,37.4
13:53:14.047,327841,-11.222,-10.786,2.605,-0.746,-0.970,0.174,14.250,-40.050,25.500,37.5
13:53:14.098,327896,-8.408,-10.795,3.565,-0.616,-0.381,-0.172,16.200,-39.300,26.550,37.4
13:53:14.150,327951,-6.203,-9.845,2.832,-0.770,0.210,-0.395,15.750,-39.450,23.850,37.4
13:53:14.204,328006,-4.764,-9.706,2.418,-0.906,0.170,-0.500,15.750,-39.450,23.850,37.3
13:53:14.256,328061,-3.608,-9.206,1.164,-1.146,0.062,-0.588,12.750,-38.250,18.600,37.5
13:53:14.309,328116,-4.762,-9.254,1.156,-1.031,0.356,-0.611,12.750,-38.250,18.600,37.5
13:53:14.360,328171,-4.602,-8.756,-0.223,-1.013,-0.475,-0.791,9.300,-38.250,10.500,37.5
13:53:14.413,328226,-2.076,-7.863,-1.183,-1.288,0.210,-0.963,9.300,-38.250,10.500,37.6
13:53:14.465,328281,-3.481,-8.095,-0.996,-1.011,0.632,-1.233,7.050,-38.400,5.550,37.4
13:53:14.519,328336,-5.212,-9.153,-1.645,-0.855,0.515,-1.692,7.050,-38.400,5.550,37.3
13:53:14.570,328391,3.031,-6.172,-0.845,-1.128,-0.247,-2.506,-0.900,-36.900,-0.450,37.0
13:53:14.624,328446,2.258,-3.555,-1.281,-0.107,1.090,-1.111,-0.900,-36.900,-0.450,37.6
13:53:14.727,328501,-0.187,-4.566,-3.189,0.146,-0.189,0.456,-0.900,-36.900,-0.450,37.6
13:53:14.729,328556,-1.975,-4.870,-3.249,0.241,-0.604,1.248,-0.900,-36.900,-0.450,37.3
13:53:14.780,328611,0.038,-6.270,-2.468,0.869,-0.331,1.053,-0.900,-36.900,-0.450,37.4
13:53:14.834,328666,-1.884,-8.535,-1.544,0.570,-0.111,0.868,-0.900,-36.900,-0.450,37.6
13:53:14.938,328721,-2.617,-8.179,-2.066,0.661,-0.297,0.645,-0.900,-36.900,-0.450,37.6
13:53:14.990,328776,-2.284,-9.943,-2.236,0.202,-0.047,0.172,-0.900,-36.900,-0.450,37.3
13:53:15.044,328831,-2.861,-10.985,-2.102,0.132,0.349,0.215,-0.900,-36.900,-0.450,37.2
13:53:15.096,328886,-3.168,-12.182,-2.023,0.008,0.075,0.122,-0.900,-42.750,6.000,37.4
13:53:15.149,328941,-2.320,-11.557,-1.405,0.188,0.152,-0.160,-0.900,-42.750,6.000,37.5
13:53:15.200,328996,-2.239,-10.817,-0.613,0.489,0.097,-0.315,0.150,-43.800,6.750,37.2
13:53:15.252,329051,-0.989,-10.511,0.333,0.612,0.035,-0.328,-2.850,-44.100,11.100,37.3
13:53:15.305,329106,-0.326,-13.269,1.355,1.106,0.110,-0.452,-2.850,-44.100,11.100,37.8
13:53:15.359,329161,-1.346,-10.295,-1.487,0.464,-0.485,-0.107,-3.450,-46.500,16.350,37.2
13:53:15.411,329216,-5.713,-14.461,-0.826,0.155,-0.382,0.711,-3.450,-46.500,16.350,37.4
13:53:15.463,329271,-6.297,-14.866,0.160,-0.548,0.089,0.802,-1.650,-47.700,18.000,37.6
13:53:15.516,329326,-5.320,-14.825,1.140,-0.169,0.055,0.592,-1.650,-47.700,18.000,37.4
13:53:15.569,329381,-4.202,-12.641,0.673,-0.095,-0.127,0.157,0.450,-44.550,16.200,37.2
13:53:15.621,329436,-3.673,-11.286,0.108,-0.196,-0.516,-0.092,0.450,-44.550,16.200,37.1
13:53:15.673,329491,-1.329,-8.938,-0.524,-0.647,-0.276,-0.422,3.300,-41.550,11.850,37.7
13:53:15.725,329546,-1.781,-8.701,-0.632,-0.801,-0.307,-0.744,1.350,-43.050,10.050,37.2
13:53:15.830,329601,-0.728,-8.121,-0.699,-0.846,0.037,-0.962,1.350,-43.050,10.050,37.2
13:53:15.831,329656,-1.779,-7.609,-1.733,-0.621,-0.273,-1.193,-4.350,-40.500,7.050,37.4
13:53:15.883,329711,-0.261,-8.499,-1.279,-0.745,0.221,-1.388,-4.350,-40.500,7.050,37.6
13:53:15.989,329766,1.142,-5.375,-1.872,-1.175,0.121,-1.827,-9.600,-38.250,3.600,37.4
13:53:15.990,329821,0.261,-5.250,-1.401,-0.464,0.404,-1.279,-9.600,-38.250,3.600,37.6
13:53:16.094,329876,-1.030,-5.310,-0.347,0.477,0.350,0.451,-17.400,-37.050,-1.050,37.6
13:53:16.146,329931,1.202,-5.258,-1.314,0.662,-0.357,1.609,-17.400,-37.050,-1.050,37.4
13:53:16.199,329986,0.283,-7.254,-0.433,0.985,-0.205,1.604,-13.350,-38.400,0.900,37.2
13:53:16.250,330041,-0.299,-7.446,-1.709,0.776,-0.258,1.298,-13.350,-38.400,0.900,37.5
13:53:16.303,330096,-1.942,-9.436,-0.323,0.653,-0.003,1.086,-4.650,-41.400,6.900,37.4
13:53:16.356,330151,-1.583,-9.467,-0.931,0.372,0.422,1.145,-4.650,-41.400,6.900,37.7
13:53:16.409,330206,-2.478,-10.161,-0.690,0.532,0.568,0.695,-4.650,-41.400,6.900,37.6
13:53:16.460,330261,-3.915,-11.490,-0.654,0.191,0.434,0.887,-4.650,-41.400,6.900,37.6
13:53:16.565,330316,-3.682,-11.621,-0.354,0.212,0.597,0.485,-4.650,-41.400,6.900,37.6
13:53:16.567,330371,-4.003,-10.448,-0.335,0.084,0.450,0.595,-4.650,-41.400,6.900,37.3
13:53:16.670,330426,-3.134,-9.965,0.093,0.085,0.263,0.676,-4.650,-41.400,6.900,37.4
13:53:16.672,330481,-3.680,-10.092,0.048,0.339,0.334,0.508,8.700,-42.300,16.950,37.4
13:53:16.774,330536,-4.724,-10.384,0.194,0.572,0.000,0.932,8.700,-42.300,16.950,37.5
13:53:16.776,330591,-6.086,-9.103,0.429,0.804,0.605,1.215,11.400,-41.250,18.000,37.2
13:53:16.829,330646,-11.832,-9.541,1.614,0.410,0.963,0.901,14.250,-40.050,21.150,37.4
13:53:16.880,330701,-9.639,-10.341,1.183,-0.180,-0.078,0.080,14.250,-40.050,21.150,37.4
13:53:16.934,330756,-10.554,-11.131,0.479,-0.354,-0.553,0.164,16.200,-40.650,19.350,37.2
13:53:16.986,330811,-8.545,-11.250,0.074,-0.120,0.064,0.435,16.200,-40.650,19.350,37.6
13:53:17.091,330866,-8.600,-11.119,1.156,-0.194,-0.145,0.256,18.600,-38.850,19.350,37.4
13:53:17.092,330921,-7.111,-10.166,1.192,-0.103,-0.368,-0.390,18.600,-38.850,19.350,37.6
13:53:17.144,330976,-6.019,-9.242,0.982,-0.119,-0.456,-0.895,17.400,-35.700,18.900,37.4
13:53:17.248,331031,-5.351,-9.007,0.752,-0.199,-0.321,-1.072,17.400,-35.700,18.900,37.5
13:53:17.301,331086,-4.396,-8.492,0.333,-0.435,-0.229,-1.361,13.200,-37.500,17.100,37.2
13:53:17.354,331141,-3.855,-8.092,-0.041,-0.704,-0.104,-1.609,13.200,-37.500,17.100,37.1
13:53:17.406,331196,-2.148,-6.002,-0.934,-0.897,0.439,-1.834,6.600,-38.850,14.850,37.2
13:53:17.459,331251,-3.002,-7.791,1.173,-0.543,0.544,-2.002,-2.250,-37.500,9.450,37.4
13:53:17.510,331306,0.721,-3.117,-2.105,-1.522,-0.265,-2.282,-2.250,-37.500,9.450,37.5
13:53:17.563,331361,-0.450,-5.875,-0.393,-0.341,0.453,-1.139,-14.250,-37.800,5.400,37.4
13:53:17.616,331416,-0.206,-6.191,-0.108,0.340,-0.298,0.210,-14.250,-37.800,5.400,37.6
13:53:17.669,331471,-1.039,-5.646,-0.876,0.627,0.364,1.398,-15.750,-36.900,4.200,37.4
13:53:17.720,331526,-0.634,-5.023,-1.494,0.663,-0.997,1.760,-15.750,-36.900,4.200,37.3
13:53:17.774,331581,-1.149,-7.755,-0.587,0.668,-0.917,1.486,-5.550,-39.150,8.100,37.4
13:53:17.825,331636,-3.158,-9.309,-0.175,0.377,-0.460,1.255,-5.550,-39.150,8.100,37.4
13:53:17.879,331691,-3.326,-9.337,-1.013,0.026,-0.288,0.998,1.050,-40.650,11.700,37.5
13:53:17.931,331746,-3.268,-10.353,-0.939,-0.088,0.077,0.806,1.050,-40.650,11.700,37.3
13:53:17.984,331801,-4.556,-11.174,-0.376,-0.234,0.350,0.707,1.050,-40.650,11.700,37.6
13:53:18.036,331856,-4.326,-11.633,-0.189,0.052,0.149,0.359,1.050,-40.650,11.700,37.6
13:53:18.088,331911,-4.338,-10.738,-0.618,0.295,0.296,0.382,1.050,-40.650,11.700,37.4
13:53:18.141,331966,-4.207,-10.075,-0.350,0.436,0.272,0.480,1.050,-40.650,11.700,37.3
13:53:18.245,332021,-5.088,-10.113,0.084,0.358,0.391,0.561,1.050,-40.650,11.700,37.5
13:53:18.247,332076,-5.974,-9.254,0.268,0.203,0.398,0.645,12.600,-40.200,17.700,37.6
13:53:18.351,332131,-6.433,-8.777,0.546,0.071,0.537,0.675,12.600,-40.200,17.700,37.3
13:53:18.352,332186,-6.445,-8.882,0.476,-0.039,0.363,0.576,14.850,-40.950,15.900,37.3
13:53:18.456,332241,-10.039,-11.430,0.460,0.058,0.138,0.535,14.850,-40.950,15.900,37.4
13:53:18.560,332296,-11.863,-11.882,0.256,0.011,-0.185,0.614,18.000,-39.150,16.200,37.4
13:53:18.561,332351,-9.076,-10.767,0.283,0.037,-0.424,0.305,19.950,-37.350,18.000,37.4
13:53:18.665,332406,-8.157,-9.651,0.670,0.158,-0.545,0.013,19.950,-37.350,18.000,37.4
13:53:18.666,332461,-7.822,-8.911,0.934,0.133,-0.487,-0.663,19.050,-34.650,19.350,37.3
13:53:18.717,332516,-6.244,-8.305,1.094,0.050,-0.462,-0.970,19.050,-34.650,19.350,37.7
13:53:18.771,332571,-5.327,-8.911,1.539,0.063,-0.356,-1.160,15.150,-36.450,20.100,37.4
13:53:18.823,332626,-3.534,-6.981,0.096,-0.293,-0.118,-1.407,15.150,-36.450,20.100,37.6
13:53:18.876,332681,-3.864,-7.144,0.122,-0.161,0.276,-1.607,9.450,-38.400,18.000,37.3
13:53:18.929,332736,-2.049,-8.064,1.178,0.163,0.660,-1.669,9.450,-38.400,18.000,37.1
13:53:18.981,332791,-1.334,-6.771,0.611,-0.155,1.107,-1.806,1.350,-40.200,18.000,37.4
13:53:19.034,332846,-1.997,-6.996,-0.122,-0.348,0.810,-1.545,-7.650,-39.600,15.600,37.6
13:53:19.086,332901,0.510,-6.713,-0.591,-0.623,0.141,-1.088,-7.650,-39.600,15.600,37.4
13:53:19.138,332956,-0.879,-5.966,0.065,-0.374,0.443,-0.083,-13.500,-40.650,13.800,37.6
13:53:19.191,333011,0.201,-6.206,0.251,0.086,-0.235,1.237,-13.500,-40.650,13.800,37.6
13:53:19.244,333066,0.357,-6.555,0.127,0.286,-0.004,1.591,-8.250,-39.450,11.100,37.4
13:53:19.348,333121,-2.840,-8.361,0.625,0.225,-0.241,1.666,-8.250,-39.450,11.100,37.3
13:53:19.350,333176,-2.749,-8.236,-0.455,-0.028,-0.123,1.604,3.000,-39.600,13.500,37.4
13:53:19.401,333231,-5.442,-9.143,0.749,-0.092,0.108,1.208,3.000,-39.600,13.500,37.3
13:53:19.454,333286,-5.267,-9.972,-0.151,-0.168,-0.447,1.163,7.950,-38.400,14.700,37.6
13:53:19.558,333341,-5.562,-9.433,0.124,0.106,-0.132,1.021,7.950,-38.400,14.700,37.6
13:53:19.610,333396,-6.527,-9.170,0.766,0.235,-0.242,0.567,7.950,-38.400,14.700,37.3
13:53:19.664,333451,-5.447,-8.325,0.474,0.335,-0.139,0.430,7.950,-38.400,14.700,37.4
13:53:19.715,333506,-6.522,-8.344,0.548,0.158,-0.258,0.365,7.950,-38.400,14.700,37.3
13:53:19.768,333561,-7.044,-8.590,1.465,-0.157,-0.134,0.363,7.950,-38.400,14.700,37.4
13:53:19.820,333616,-6.541,-8.619,1.243,-0.399,0.097,0.306,7.950,-38.400,14.700,37.6
13:53:19.873,333671,-6.474,-8.897,1.001,-0.180,0.302,0.228,7.950,-38.400,14.700,37.5
13:53:19.926,333726,-7.173,-8.835,0.283,0.030,0.147,0.369,7.950,-38.400,14.700,37.6
13:53:19.979,333781,-9.131,-9.225,0.711,0.029,0.213,0.426,21.150,-36.600,21.750,37.4
13:53:20.031,333836,-11.289,-10.676,1.358,-0.136,0.076,0.340,21.150,-36.600,21.750,37.3
13:53:20.084,333891,-10.506,-10.436,1.073,-0.051,-0.135,-0.006,21.900,-36.150,21.000,37.3
13:53:20.136,333946,-9.507,-9.934,0.486,0.058,-0.437,-0.353,22.350,-35.550,21.000,37.3
13:53:20.189,334001,-8.238,-9.033,0.646,0.135,-0.339,-0.816,22.350,-35.550,21.000,37.5
13:53:20.240,334056,-5.971,-8.583,1.271,-0.298,-0.313,-1.024,19.500,-34.350,21.000,37.2
13:53:20.293,334111,-4.803,-8.169,1.164,-0.552,-0.102,-1.150,19.500,-34.350,21.000,37.5
13:53:20.345,334166,-4.276,-7.767,0.685,-0.554,0.025,-1.579,13.950,-37.050,19.650,37.6
13:53:20.399,334221,-4.008,-8.135,-0.326,-0.632,0.124,-1.762,13.950,-37.050,19.650,37.6
13:53:20.451,334276,-2.437,-8.157,0.687,-0.301,0.151,-1.977,6.000,-39.750,12.900,37.4
13:53:20.504,334331,-2.128,-7.592,0.958,-0.331,-0.028,-2.353,6.000,-39.750,12.900,37.2
13:53:20.555,334386,1.997,-4.298,-0.716,-0.859,-0.404,-2.530,-5.400,-40.650,12.300,37.4
13:53:20.607,334441,-1.707,-5.689,-0.409,-0.523,0.431,-1.871,-5.400,-40.650,12.300,37.5
13:53:20.714,334496,1.460,-5.435,-0.184,-0.060,-0.147,-0.636,-17.100,-39.300,7.950,37.4
13:53:20.765,334551,-0.496,-6.258,-0.905,0.010,-0.695,0.865,-19.050,-38.250,8.400,37.6
13:53:20.818,334606,0.721,-6.819,-0.831,-0.033,-0.640,1.325,-19.050,-38.250,8.400,37.4
13:53:20.870,334662,-0.625,-7.238,-1.243,-0.191,-0.767,1.441,-10.200,-38.700,7.800,37.2
13:53:20.974,334716,0.012,-7.587,-1.626,-0.289,-1.436,1.223,-10.200,-38.700,7.800,37.4
13:53:20.977,334771,-1.302,-9.857,-1.259,-0.049,-0.925,1.138,-4.800,-40.200,7.800,37.4
13:53:21.081,334826,-0.886,-10.475,-1.597,0.099,-0.671,0.767,-4.800,-40.200,7.800,37.5
13:53:21.082,334881,-2.418,-10.980,-1.841,0.307,-0.572,0.586,-0.900,-41.250,7.800,37.3
13:53:21.185,334936,-3.091,-11.009,-1.793,0.158,-0.520,0.654,-0.900,-41.250,7.800,37.3
13:53:21.186,334991,-3.323,-10.420,-1.233,0.171,-0.106,0.640,3.750,-41.850,12.300,37.6
13:53:21.291,335046,-2.971,-10.309,-0.259,0.357,-0.280,0.491,3.750,-41.850,12.300,37.3
13:53:21.293,335101,-4.451,-10.403,-0.172,0.345,-0.171,0.411,3.750,-41.850,12.300,37.2
13:53:21.343,335156,-4.281,-10.441,0.383,0.265,0.069,0.373,3.750,-41.850,12.300,37.4
13:53:21.395,335211,-4.903,-10.525,1.041,0.301,-0.038,0.438,3.750,-41.850,12.300,37.6
13:53:21.448,335266,-4.982,-11.284,1.111,0.341,-0.059,0.338,3.750,-41.850,12.300,37.4
13:53:21.501,335321,-7.717,-12.368,1.776,0.281,-0.079,0.270,3.750,-41.850,12.300,37.6
13:53:21.554,335376,-8.851,-12.775,1.516,0.110,-0.177,0.273,9.450,-42.300,20.550,37.6
13:53:21.605,335431,-6.740,-12.455,1.776,0.247,-0.160,0.137,9.450,-42.300,20.550,37.7
13:53:21.658,335486,-6.045,-11.265,2.215,0.261,-0.141,-0.090,11.850,-40.200,21.000,37.3
13:53:21.711,335541,-5.368,-10.482,1.793,-0.055,0.027,-0.337,11.850,-40.200,21.000,37.6
13:53:21.763,335596,-5.856,-9.275,0.725,-0.420,0.019,-0.557,11.850,-39.150,21.000,37.4
13:53:21.868,335651,-1.513,-8.600,0.292,-0.381,-0.048,-0.944,7.050,-38.700,18.450,37.4
13:53:21.921,335706,-5.782,-10.932,2.916,0.028,0.383,-1.374,7.050,-38.700,18.450,37.5
13:53:21.974,335761,-2.631,-7.506,1.451,-0.631,1.024,-1.797,2.100,-38.700,17.700,37.4
13:53:22.026,335816,-1.458,-5.320,0.022,-0.794,0.524,-1.863,2.100,-38.700,17.700,37.6
13:53:22.079,335871,0.893,-3.994,-0.745,-1.624,0.679,-1.773,-5.700,-39.600,11.700,37.6
13:53:22.131,335926,-1.144,-6.012,-0.153,-0.960,0.967,-0.950,-5.700,-39.600,11.700,37.4
13:53:22.184,335981,-1.911,-5.684,-0.153,-0.244,0.440,0.183,-13.950,-38.250,6.150,37.6
13:53:22.235,336036,-0.223,-5.552,-0.831,0.462,0.483,1.346,-13.950,-38.250,6.150,37.4
13:53:22.288,336091,-0.124,-5.808,-1.580,0.417,-0.205,1.851,-11.250,-38.850,6.450,37.5
13:53:22.340,336146,-1.465,-7.774,-0.555,0.367,-0.345,1.498,-1.350,-39.150,8.550,37.4
13:53:22.393,336201,-2.672,-8.720,-1.027,0.346,-0.189,1.255,-1.350,-39.150,8.550,37.5
13:53:22.446,336256,-3.148,-10.216,-0.242,0.287,-0.164,0.940,2.850,-37.950,11.400,37.3
13:53:22.499,336311,-3.287,-9.979,-0.821,0.079,0.029,0.682,2.850,-37.950,11.400,37.5
13:53:22.551,336366,-5.049,-10.092,-1.420,-0.025,0.066,0.526,6.150,-39.600,13.050,37.4
13:53:22.604,336421,-4.329,-10.664,-1.353,-0.055,-0.102,0.485,6.150,-39.600,13.050,37.6
13:53:22.655,336476,-4.702,-10.544,-0.383,0.085,0.040,0.071,8.100,-39.300,15.300,37.7
13:53:22.708,336531,-4.925,-9.570,-0.527,0.132,0.042,-0.114,8.100,-39.300,15.300,37.4
13:53:22.762,336586,-4.164,-10.017,-0.599,0.109,0.157,-0.227,7.950,-40.200,16.200,37.6
13:53:22.813,336641,-4.231,-10.159,-0.316,0.115,0.079,-0.387,7.950,-40.200,16.200,37.4
13:53:22.865,336696,-4.635,-11.296,0.117,0.168,0.122,-0.161,6.000,-41.250,17.700,37.3
13:53:22.918,336751,-6.697,-13.501,0.529,0.327,-0.112,0.330,6.000,-41.250,17.700,37.4
13:53:23.024,336806,-7.841,-13.625,0.840,0.342,-0.158,0.490,6.000,-41.250,17.700,37.5
13:53:23.076,336861,-7.271,-12.280,1.113,0.174,-0.354,0.561,6.000,-41.250,17.700,37.5
13:53:23.129,336916,-6.522,-11.382,1.437,0.099,-0.288,0.456,6.000,-41.250,17.700,37.5
13:53:23.181,336971,-5.375,-10.360,1.671,0.014,-0.224,0.006,6.000,-41.250,17.700,37.6
13:53:23.237,337026,-4.077,-9.098,1.152,-0.126,-0.198,-0.346,6.000,-41.250,17.700,37.4
13:53:23.286,337081,-4.221,-9.096,0.855,-0.379,-0.179,-0.541,6.000,-41.250,17.700,37.4
13:53:23.339,337136,-2.389,-8.025,0.115,-0.766,-0.275,-0.663,6.000,-41.250,17.700,37.4
13:53:23.390,337191,-3.390,-8.595,1.458,-0.655,0.424,-1.006,7.500,-38.700,18.450,37.7
13:53:23.444,337246,-2.210,-7.245,0.206,-0.603,0.185,-1.321,1.350,-38.700,13.200,37.5
13:53:23.496,337301,-2.203,-6.493,-0.733,-0.762,0.436,-1.419,1.350,-38.700,13.200,37.4
13:53:23.549,337356,-2.085,-7.204,-0.469,-0.718,0.350,-1.443,-5.250,-38.400,9.300,37.5
13:53:23.601,337411,-0.168,-6.316,-1.233,-1.196,-0.315,-1.353,-5.250,-38.400,9.300,37.9
13:53:23.652,337466,-0.206,-6.105,-0.702,-0.482,0.286,-0.462,-11.850,-38.400,5.250,37.6
13:53:23.705,337521,-0.543,-5.119,-1.298,0.323,-0.373,0.662,-11.850,-38.400,5.250,37.6
13:53:23.758,337576,-0.244,-6.256,-1.422,0.503,-0.242,1.427,-10.650,-39.150,4.200,37.8
13:53:23.810,337631,-2.057,-6.460,-2.689,0.555,-1.119,1.315,-10.650,-39.150,4.200,37.4
13:53:23.863,337686,-2.588,-9.074,-0.790,0.748,-0.399,1.071,-2.850,-39.150,5.550,37.6
13:53:23.915,337741,-4.094,-9.850,0.972,0.649,-0.080,0.615,-2.850,-39.150,5.550,37.7
13:53:23.967,337796,-4.290,-10.003,0.369,0.242,-0.374,0.519,2.400,-39.450,10.650,37.5
13:53:24.021,337851,-3.910,-10.470,0.735,0.124,-0.218,0.296,4.650,-41.100,16.050,37.6
13:53:24.073,337906,-2.174,-10.264,-1.243,-0.330,0.253,-0.074,4.650,-41.100,16.050,37.6
13:53:24.178,337961,-4.472,-10.441,-0.560,-0.053,0.099,-0.041,4.200,-39.300,19.350,37.4
13:53:24.231,338016,-3.270,-11.420,0.057,-0.162,0.188,0.117,4.200,-39.300,19.350,37.7
13:53:24.283,338071,-3.943,-10.764,-0.227,-0.078,0.284,0.156,4.800,-41.550,16.500,37.4
13:53:24.336,338126,-4.005,-10.283,-0.402,0.001,0.145,0.026,4.800,-41.550,16.500,37.7
13:53:24.388,338181,-4.154,-9.888,-0.551,-0.040,0.119,-0.090,3.000,-42.900,16.350,37.6
13:53:24.441,338236,-4.650,-10.760,-0.603,-0.027,-0.059,0.133,3.000,-42.900,16.350,37.4
13:53:24.494,338291,-5.765,-12.134,0.117,0.178,0.010,0.305,3.300,-43.050,15.450,37.4
13:53:24.546,338346,-8.277,-13.360,0.079,0.049,-0.394,0.407,5.250,-41.550,17.700,37.4
13:53:24.599,338401,-7.396,-12.775,0.242,-0.092,-0.501,0.312,5.250,-41.550,17.700,37.6
13:53:24.651,338456,-5.169,-11.878,0.800,0.065,-0.220,0.116,7.050,-41.550,18.000,37.8
13:53:24.703,338511,-4.312,-10.901,0.275,0.080,-0.110,0.031,7.050,-41.550,18.000,37.6
13:53:24.755,338566,-3.802,-9.957,0.565,0.051,0.269,-0.332,6.150,-40.650,17.550,37.6
13:53:24.809,338621,-4.108,-8.729,-0.431,-0.435,0.082,-0.478,6.150,-40.650,17.550,37.3
13:53:24.861,338676,-2.863,-8.535,-0.215,-0.609,0.590,-0.701,5.400,-38.850,14.550,37.8
13:53:24.912,338731,-1.834,-8.262,-0.271,-0.804,0.396,-0.752,5.400,-38.850,14.550,37.6
13:53:24.966,338786,-2.543,-7.432,-1.202,-0.958,0.647,-0.985,5.400,-38.850,14.550,37.4
13:53:25.019,338841,-2.186,-8.200,-0.713,-0.624,0.718,-1.405,5.400,-38.850,14.550,37.3
13:53:25.070,338896,-0.898,-6.591,-0.792,-0.541,0.217,-1.787,5.400,-38.850,14.550,37.5
13:53:25.123,338951,0.783,-6.579,-0.496,-0.375,0.904,-1.431,5.400,-38.850,14.550,37.5
13:53:25.177,339006,-1.166,-5.895,-1.221,0.210,0.735,-0.034,5.400,-38.850,14.550,37.6
13:53:25.228,339061,-0.828,-5.409,-2.217,0.499,0.312,1.037,5.400,-38.850,14.550,37.3
13:53:25.334,339116,-0.184,-5.375,-1.913,0.417,-0.339,1.604,5.400,-38.850,14.550,37.6
13:53:25.385,339171,-2.282,-7.137,-1.642,0.269,-0.666,1.646,5.400,-38.850,14.550,37.6
13:53:25.438,339226,-1.932,-8.578,-1.068,0.185,-0.271,1.166,5.400,-38.850,14.550,37.9
13:53:25.491,339281,-3.237,-8.825,-0.668,0.143,-0.111,1.204,2.100,-39.150,5.550,37.6
13:53:25.544,339336,-4.563,-9.570,-0.838,0.153,-0.156,0.982,2.100,-39.150,5.550,37.6
13:53:25.596,339391,-2.847,-10.214,-0.627,0.339,-0.029,0.251,4.050,-38.400,11.400,37.3
13:53:25.649,339446,-4.630,-9.527,-1.537,0.210,-0.127,0.326,6.150,-39.600,12.000,37.3
13:53:25.700,339501,-4.745,-10.712,-1.085,0.255,-0.197,0.309,6.150,-39.600,12.000,37.6
13:53:25.752,339556,-4.372,-9.936,-1.123,0.161,-0.314,0.096,8.700,-41.250,14.400,37.3
13:53:25.806,339611,-4.499,-9.878,-0.958,0.058,-0.236,0.121,8.700,-41.250,14.400,37.6
13:53:25.859,339666,-4.640,-10.178,-0.496,-0.022,-0.004,0.198,8.700,-41.550,16.950,37.6
13:53:25.911,339721,-4.925,-10.092,-0.079,0.008,-0.337,0.192,8.700,-41.550,16.950,37.7
13:53:25.964,339776,-5.181,-9.742,-0.237,0.051,0.093,0.139,8.550,-42.900,17.850,37.4
13:53:26.016,339831,-7.017,-11.346,0.742,0.162,-0.092,0.230,8.550,-42.900,17.850,37.3
13:53:26.069,339886,-8.612,-12.989,0.716,0.216,-0.285,0.458,8.700,-41.550,19.500,37.6
13:53:26.121,339941,-8.547,-11.885,1.305,0.192,-0.411,0.242,8.700,-41.550,19.500,37.6
13:53:26.174,339996,-7.022,-11.162,0.895,0.035,-0.497,0.242,10.800,-42.150,22.650,37.5
13:53:26.226,340051,-7.604,-10.956,1.120,0.066,-0.559,0.133,12.600,-38.400,22.350,37.6
13:53:26.279,340106,-5.842,-9.943,1.180,0.045,-0.325,-0.418,12.600,-38.400,22.350,37.6
13:53:26.331,340161,-4.013,-7.812,1.317,-0.150,-0.354,-0.742,12.600,-37.950,21.300,37.6
13:53:26.384,340216,-4.331,-7.822,1.355,-0.327,-0.231,-1.112,12.600,-37.950,21.300,37.3
13:53:26.488,340271,-2.440,-7.077,0.709,-0.653,-0.511,-1.221,8.550,-37.800,20.400,37.6
13:53:26.541,340326,-3.522,-9.141,1.362,-0.520,0.288,-1.455,8.550,-37.800,20.400,37.7
13:53:26.594,340381,-1.719,-8.447,-0.625,-0.660,0.266,-1.463,1.350,-40.950,16.200,37.3
13:53:26.699,340436,0.508,-7.278,-0.711,-0.780,0.432,-1.899,1.350,-40.950,16.200,37.6
13:53:26.701,340491,-1.202,-5.847,-0.450,-0.800,0.214,-1.535,-8.250,-39.150,13.200,37.7
13:53:26.750,340546,0.220,-5.559,0.053,-0.307,-0.100,-0.643,-14.250,-39.600,8.700,37.4
13:53:26.803,340601,-0.587,-5.863,-0.086,0.323,0.100,0.472,-14.250,-39.600,8.700,37.3
13:53:26.856,340656,0.101,-5.856,-0.749,0.376,-0.465,1.250,-10.950,-39.750,10.050,37.4
13:53:26.909,340711,-0.582,-6.900,-0.611,0.363,-0.516,1.340,-10.950,-39.750,10.050,37.6
13:53:26.960,340766,-1.240,-7.661,-0.615,0.404,-0.866,1.458,-4.800,-40.500,12.900,37.7
13:53:27.014,340821,-2.842,-9.706,0.778,0.262,-0.338,1.231,-4.800,-40.500,12.900,37.6
13:53:27.066,340876,-2.286,-8.717,-0.766,-0.063,-0.366,0.921,-4.800,-40.500,12.900,37.6
13:53:27.119,340931,-4.918,-9.907,0.127,-0.044,0.089,0.747,-4.800,-40.500,12.900,37.6
13:53:27.171,340986,-2.957,-10.633,0.579,0.038,-0.032,0.472,-4.800,-40.500,12.900,37.4
13:53:27.224,341041,-4.764,-10.633,0.357,0.217,0.071,0.136,-4.800,-40.500,12.900,37.6
13:53:27.275,341096,-4.355,-10.716,0.362,0.192,-0.093,0.122,-4.800,-40.500,12.900,37.7
13:53:27.328,341151,-4.386,-10.149,1.314,0.168,-0.075,0.097,-4.800,-40.500,12.900,37.4
13:53:27.381,341206,-3.800,-9.759,0.936,0.041,-0.093,0.015,-4.800,-40.500,12.900,37.6
13:53:27.433,341261,-3.675,-9.845,0.970,0.112,-0.081,0.061,-4.800,-40.500,12.900,37.8
13:53:27.486,341316,-3.512,-10.056,1.204,0.201,-0.088,0.108,-4.800,-40.500,12.900,37.7
13:53:27.539,341371,-4.527,-10.120,1.427,0.283,0.075,0.225,6.900,-42.150,23.400,37.6
13:53:27.644,341426,-4.520,-9.929,1.587,0.273,0.180,0.273,6.900,-42.150,23.400,37.7
13:53:27.696,341481,-4.922,-9.517,1.769,0.368,0.176,0.279,6.600,-40.650,23.700,37.7
13:53:27.747,341536,-8.167,-11.044,2.559,0.354,0.310,0.281,6.600,-40.650,23.700,37.5
13:53:27.800,341591,-9.127,-12.246,1.360,-0.250,-0.247,0.717,8.550,-40.650,26.550,37.5
13:53:27.853,341646,-7.678,-11.626,2.476,-0.292,0.132,0.515,12.450,-40.650,25.200,37.6
13:53:27.906,341701,-7.542,-11.056,3.338,-0.169,-0.130,0.064,12.450,-40.650,25.200,37.6
13:53:27.958,341756,-4.599,-9.158,1.935,-0.420,-0.096,-0.411,13.950,-38.550,24.000,37.4
13:53:28.011,341811,-6.065,-8.916,2.014,-0.447,-0.105,-0.663,13.950,-38.550,24.000,37.5
13:53:28.064,341866,-3.711,-8.164,1.413,-0.614,-0.036,-0.960,10.500,-39.600,21.900,37.5
13:53:28.116,341921,-3.606,-9.565,1.283,-0.558,-0.027,-1.313,10.500,-39.600,21.900,37.7
13:53:28.168,341976,-2.691,-9.665,1.046,-0.414,0.132,-1.589,4.800,-39.750,15.150,37.6
13:53:28.221,342031,-2.294,-8.066,0.249,-0.618,-0.091,-1.619,4.800,-39.750,15.150,37.4
13:53:28.273,342086,-1.958,-8.497,0.816,-0.625,0.436,-1.760,-2.400,-40.200,13.650,37.4
13:53:28.326,342141,-0.393,-8.049,1.518,-0.709,0.405,-1.921,-2.400,-40.200,13.650,37.3
13:53:28.379,342196,0.919,-5.193,-1.753,-1.014,0.047,-1.804,-9.300,-39.300,10.200,37.4
13:53:28.431,342251,0.651,-5.974,-0.500,-0.150,0.508,-0.967,-18.150,-38.550,7.200,37.6
13:53:28.484,342306,-1.729,-5.531,-1.487,0.213,-0.006,0.815,-18.150,-38.550,7.200,37.5
13:53:28.536,342361,2.272,-6.256,-0.146,0.527,-0.269,1.434,-17.100,-37.800,9.750,37.6
13:53:28.589,342416,-0.326,-7.108,-0.400,0.482,0.034,1.350,-17.100,-37.800,9.750,37.5
13:53:28.641,342471,0.431,-8.382,-0.153,0.482,-0.564,1.330,-9.600,-40.350,12.000,37.6
13:53:28.694,342526,-2.045,-10.185,-0.479,0.367,0.033,1.308,-9.600,-40.350,12.000,37.6
13:53:28.798,342581,-0.113,-10.400,-0.903,0.470,-0.102,0.891,-2.400,-40.200,13.950,37.3
13:53:28.850,342636,-2.246,-10.930,-0.400,0.488,0.334,0.966,-2.400,-40.200,13.950,37.9
13:53:28.904,342691,-3.136,-11.243,0.505,0.335,-0.018,1.010,0.300,-41.100,16.800,37.6
13:53:28.955,342746,-4.085,-11.186,0.907,0.481,0.080,0.666,4.350,-40.950,20.250,37.7
13:53:29.008,342801,-4.183,-11.138,2.095,0.602,-0.200,0.499,4.350,-40.950,20.250,37.3
13:53:29.061,342856,-4.161,-9.972,1.391,0.498,-0.169,0.448,6.300,-40.200,23.550,37.7
13:53:29.114,342911,-4.417,-9.876,2.444,0.385,-0.185,0.491,6.300,-40.200,23.550,37.5
13:53:29.165,342966,-4.120,-8.650,1.800,0.151,0.030,0.473,9.300,-40.650,27.300,37.3
13:53:29.218,343021,-4.401,-8.294,2.641,0.044,0.259,0.412,9.300,-40.650,27.300,37.6
13:53:29.271,343076,-5.883,-8.119,2.373,-0.163,0.346,0.341,9.450,-40.500,27.900,37.4
13:53:29.324,343131,-6.879,-9.349,2.643,-0.329,0.370,-0.090,9.450,-40.500,27.900,37.4
13:53:29.376,343186,-9.167,-11.916,2.133,-0.497,-0.007,-0.113,9.450,-40.500,27.900,37.7
13:53:29.480,343241,-7.901,-12.550,2.083,-0.246,0.079,-0.107,9.450,-40.500,27.900,37.5
13:53:29.482,343296,-7.518,-12.182,2.397,-0.109,-0.260,-0.068,9.450,-40.500,27.900,37.6
13:53:29.534,343351,-5.488,-10.772,1.674,-0.184,-0.417,-0.286,9.450,-40.500,27.900,37.4
13:53:29.587,343406,-5.861,-10.702,1.642,-0.231,-0.330,-0.271,9.450,-40.500,27.900,37.4
13:53:29.639,343461,-4.192,-9.706,2.260,-0.175,0.086,-0.661,9.450,-40.500,27.900,37.8
13:53:29.691,343516,-1.798,-8.954,0.196,-0.442,0.921,-0.877,9.450,-40.500,27.900,37.7
13:53:29.744,343571,-3.706,-8.267,0.294,-0.814,0.767,-0.834,6.150,-40.350,18.150,37.7
13:53:29.795,343626,-2.660,-8.404,2.162,-1.100,-0.092,-0.968,6.150,-40.350,18.150,37.6
13:53:29.848,343681,-0.151,-7.348,-0.570,-1.356,-0.080,-1.256,1.350,-40.200,13.950,37.4
13:53:29.953,343736,-3.594,-7.717,-0.522,-1.104,0.504,-1.556,1.350,-40.200,13.950,37.4
13:53:30.006,343791,-0.594,-6.124,-1.635,-0.886,-0.102,-1.877,-4.950,-40.350,6.150,37.6
13:53:30.059,343846,1.274,-6.989,-0.168,-0.577,1.007,-2.079,-14.250,-38.850,1.050,37.6
13:53:30.111,343901,-2.332,-6.287,-0.577,0.428,0.760,-0.306,-14.250,-38.850,1.050,37.6
13:53:30.164,343956,0.103,-5.183,-1.769,0.309,-0.068,1.243,-18.600,-38.550,3.600,37.7
13:53:30.215,344011,0.074,-5.265,-1.647,0.460,-0.507,1.674,-18.600,-38.550,3.600,37.3
13:53:30.269,344066,-0.414,-7.434,-1.820,0.343,-0.639,1.309,-8.700,-38.400,5.550,37.7
13:53:30.321,344121,-1.437,-9.232,-1.475,0.286,-0.359,1.232,-8.700,-38.400,5.550,37.2
13:53:30.374,344176,-1.618,-9.826,-1.939,0.101,-0.405,0.963,-4.050,-40.500,9.600,37.5
13:53:30.426,344231,-2.612,-10.281,-1.516,0.131,-0.075,0.651,-4.050,-40.500,9.600,37.6
13:53:30.478,344286,-3.802,-10.673,-1.784,0.102,-0.362,0.612,0.900,-39.150,11.100,37.3
13:53:30.530,344341,-3.773,-11.310,-0.929,0.367,-0.136,0.344,0.900,-39.150,11.100,37.8
13:53:30.584,344396,-3.081,-11.092,-0.704,0.171,-0.114,0.224,3.000,-40.050,14.250,37.4
13:53:30.636,344451,-4.120,-10.274,-0.359,0.017,0.192,0.268,6.000,-42.300,15.900,37.6
13:53:30.689,344506,-3.259,-10.118,0.567,0.026,-0.021,0.215,6.000,-42.300,15.900,37.6
13:53:30.740,344561,-3.321,-10.242,0.000,0.159,-0.062,0.110,3.300,-43.800,15.900,37.4
13:53:30.794,344616,-3.280,-10.649,0.886,0.507,0.061,0.139,3.300,-43.800,15.900,37.6
13:53:30.845,344671,-3.464,-10.920,1.235,0.731,0.238,0.224,4.950,-43.650,18.900,37.7
13:53:30.898,344726,-6.622,-12.107,1.776,0.747,-0.058,0.449,4.950,-43.650,18.900,37.5
13:53:30.951,344781,-8.203,-12.084,1.537,0.443,-0.071,0.622,5.550,-43.050,22.800,37.6
13:53:31.003,344836,-8.554,-11.760,1.640,0.028,-0.144,0.365,5.550,-43.050,22.800,37.6
13:53:31.109,344891,-7.372,-12.062,1.556,-0.075,0.110,0.232,8.100,-41.400,25.500,37.6
13:53:31.161,344946,-5.289,-10.384,1.075,-0.122,0.085,0.035,8.100,-41.400,25.500,37.4
13:53:31.214,345001,-5.121,-9.591,0.927,-0.237,-0.038,-0.270,8.100,-41.400,25.500,37.7
13:53:31.266,345056,-3.730,-8.894,0.979,-0.435,0.207,-0.558,8.100,-41.400,25.500,37.7
13:53:31.318,345111,-3.318,-8.260,0.316,-0.557,-0.099,-0.764,8.100,-41.400,25.500,37.7
13:53:31.371,345166,-3.038,-7.788,-0.096,-0.449,0.266,-0.977,8.100,-41.400,25.500,37.6
13:53:31.424,345221,-2.095,-7.939,0.014,-0.618,0.259,-0.962,8.100,-41.400,25.500,37.5
13:53:31.475,345276,-2.586,-7.932,0.007,-0.614,0.259,-1.163,8.100,-41.400,25.500,37.5
13:53:31.528,345331,-1.839,-7.180,-0.702,-0.634,0.156,-1.360,8.100,-41.400,25.500,37.3
13:53:31.581,345386,-3.323,-10.839,1.480,-0.461,0.229,-1.385,8.100,-41.400,25.500,37.7
13:53:31.634,345441,1.949,-5.895,-1.686,-1.218,-0.157,-1.882,25.200,-41.400,25.500,37.7
13:53:31.686,345496,2.155,-6.500,-1.377,-1.093,1.591,-1.421,-13.200,-38.850,6.150,37.6
13:53:31.739,345551,-4.027,-5.488,-0.752,-0.380,-0.416,0.159,-19.950,-36.150,4.500,37.4
13:53:31.791,345606,2.442,-5.452,-1.568,0.107,0.266,1.263,-19.950,-36.150,4.500,37.6
13:53:31.842,345662,0.306,-6.098,-2.025,0.402,-0.458,1.848,-12.000,-35.250,5.400,37.8
13:53:31.895,345716,-0.182,-7.219,-2.085,0.466,-0.516,1.615,-12.000,-35.250,5.400,37.3
13:53:31.948,345771,-1.683,-8.566,-1.966,0.436,-0.532,1.418,-3.450,-38.850,6.150,37.6
13:53:32.001,345826,-2.109,-9.527,-1.425,0.544,-0.152,0.977,-3.450,-38.850,6.150,37.6
13:53:32.054,345881,-3.685,-9.981,-0.919,0.488,-0.034,0.484,1.650,-39.450,10.350,37.6
13:53:32.106,345936,-3.795,-9.416,-0.606,0.371,-0.306,0.463,1.650,-39.450,10.350,37.7
13:53:32.210,345991,-3.622,-9.819,-1.008,-0.026,0.065,0.208,4.650,-41.100,14.850,37.7
13:53:32.211,346046,-3.620,-10.927,-0.769,-0.167,0.155,-0.031,2.400,-40.950,15.150,37.8
13:53:32.316,346101,-4.231,-11.645,-0.505,-0.158,0.304,-0.317,2.400,-40.950,15.150,37.4
13:53:32.367,346156,-4.587,-11.535,-0.407,-0.123,-0.084,-0.495,3.450,-42.900,16.350,37.6
13:53:32.420,346211,-4.381,-11.655,-0.486,0.003,-0.053,-0.356,3.450,-42.900,16.350,37.7
13:53:32.473,346266,-3.790,-11.909,0.639,0.403,-0.218,-0.304,0.450,-44.850,16.500,37.6
13:53:32.525,346321,-3.481,-12.433,0.215,0.484,-0.323,-0.233,0.450,-44.850,16.500,37.6
13:53:32.578,346376,-6.146,-14.257,0.493,0.313,-0.200,0.387,-1.500,-45.000,20.700,37.4
13:53:32.631,346431,-4.798,-13.367,0.208,0.100,-0.546,0.600,-1.500,-45.000,20.700,37.6
13:53:32.684,346486,-5.332,-12.574,1.010,0.237,-0.230,0.399,1.650,-44.550,20.550,37.3
13:53:32.736,346541,-3.625,-10.903,0.591,0.119,-0.259,0.132,1.650,-44.550,20.550,37.6
13:53:32.789,346596,-4.460,-10.427,1.338,-0.192,-0.121,-0.209,4.800,-42.000,23.550,37.7
13:53:32.840,346651,-2.990,-9.261,0.426,-0.605,-0.061,-0.484,4.350,-40.500,19.050,37.6
13:53:32.893,346706,-1.654,-8.456,-0.431,-0.755,0.150,-0.775,4.350,-40.500,19.050,37.6
13:53:32.945,346761,-2.787,-8.969,0.563,-0.568,-0.156,-1.008,0.900,-40.500,15.150,37.7
13:53:33.049,346816,-0.632,-8.519,0.237,-0.409,-0.002,-1.271,0.900,-40.500,15.150,37.8
13:53:33.051,346871,-1.156,-7.477,-1.058,-0.506,-0.092,-1.235,-4.200,-40.650,11.700,37.7
13:53:33.104,346926,-0.881,-7.717,-0.400,-0.477,-0.007,-1.469,-4.200,-40.650,11.700,37.4
13:53:33.156,346981,0.412,-6.584,-0.393,-0.723,0.382,-1.484,-11.850,-39.450,10.050,37.6
13:53:33.259,347036,-0.833,-6.335,-0.788,-0.831,0.637,-0.607,-11.850,-39.450,10.050,37.6
13:53:33.262,347091,0.335,-4.879,-1.566,-0.312,1.013,0.511,-17.400,-38.850,6.450,37.7
13:53:33.314,347146,2.157,-5.610,0.515,0.177,-0.489,1.632,-14.100,-39.150,5.550,37.8
13:53:33.419,347201,0.172,-6.859,-1.082,0.262,-0.304,1.910,-14.100,-39.150,5.550,37.6
13:53:33.471,347256,-1.195,-8.674,-1.765,0.548,-0.511,1.736,-4.650,-40.050,7.200,37.4
13:53:33.523,347311,-1.647,-9.663,-1.451,0.544,-0.427,1.584,-4.650,-40.050,7.200,37.5
13:53:33.575,347366,-4.614,-9.507,-0.548,0.662,0.083,1.051,-4.650,-40.050,7.200,37.6
13:53:33.629,347421,-3.934,-10.235,-0.194,0.427,-0.207,0.817,-4.650,-40.050,7.200,37.6
13:53:33.681,347476,-4.769,-9.589,-1.147,0.091,0.185,0.608,-4.650,-40.050,7.200,37.6
13:53:33.734,347531,-6.036,-10.053,-0.601,0.158,0.204,0.386,-4.650,-40.050,7.200,37.6
13:53:33.786,347586,-5.782,-10.774,-0.163,-0.053,0.195,0.040,-4.650,-40.050,7.200,37.6
13:53:33.839,347641,-5.023,-10.568,-0.733,-0.066,0.174,0.010,-4.650,-40.050,7.200,37.7
13:53:33.890,347696,-4.951,-11.674,-0.120,0.150,0.084,-0.021,-4.650,-40.050,7.200,37.5
13:53:33.943,347751,-4.542,-9.936,-0.390,0.283,-0.293,0.163,-4.650,-40.050,7.200,37.7
13:53:33.995,347806,-6.383,-9.867,3.010,0.249,0.332,0.373,-4.650,-40.050,7.200,37.6
13:53:34.048,347861,-8.320,-11.478,2.069,0.368,0.165,0.217,7.350,-43.200,22.650,37.6
13:53:34.101,347916,-9.266,-12.445,1.223,-0.094,-0.270,0.298,7.350,-43.200,22.650,37.7
13:53:34.154,347971,-7.386,-12.179,1.607,-0.163,-0.601,0.176,12.150,-42.000,23.550,37.7
13:53:34.205,348026,-5.851,-11.128,1.223,-0.226,-0.545,0.068,12.150,-42.000,23.550,37.8
13:53:34.258,348081,-4.429,-9.989,0.654,-0.411,-0.804,-0.129,11.550,-39.300,20.400,37.2
13:53:34.311,348136,-5.916,-10.159,0.972,-0.215,-0.481,-0.419,11.550,-39.300,20.400,37.5
13:53:34.364,348191,-4.609,-9.067,0.948,-0.318,-0.376,-0.949,10.950,-40.200,21.000,37.5
13:53:34.416,348246,-4.307,-10.262,1.949,-0.471,0.333,-1.284,6.000,-39.150,16.950,37.6
13:53:34.520,348301,-1.044,-7.140,-0.737,-0.680,0.044,-1.484,6.000,-39.150,16.950,37.6
13:53:34.522,348356,-1.317,-7.568,0.060,-0.886,1.136,-1.486,-2.100,-42.000,12.150,37.6
13:53:34.625,348411,0.215,-6.591,-0.041,-0.818,0.705,-1.366,-2.100,-42.000,12.150,37.7
13:53:34.679,348466,0.278,-6.565,-0.237,-0.774,0.563,-1.698,-8.700,-38.400,8.850,37.3
13:53:34.731,348521,-0.721,-5.701,-0.965,-0.551,0.551,-1.103,-8.700,-38.400,8.850,37.6
13:53:34.784,348576,-1.772,-5.349,-0.893,0.024,0.831,0.319,-15.450,-37.500,5.400,37.4
13:53:34.836,348631,-0.002,-5.138,-1.563,0.303,0.033,1.530,-15.450,-37.500,5.400,37.6
13:53:34.889,348686,-0.907,-6.778,-0.771,0.296,-0.288,1.808,-12.150,-39.150,7.350,37.6
13:53:34.940,348741,-2.116,-8.600,-0.989,0.294,-1.014,1.755,-3.300,-39.750,7.350,37.5
13:53:35.045,348796,-3.117,-9.565,-1.346,0.430,0.019,1.137,-3.300,-39.750,7.350,37.8
13:53:35.047,348851,-3.960,-9.256,-1.243,0.156,-0.280,0.629,2.850,-39.450,10.650,37.5
13:53:35.098,348906,-5.737,-9.170,-1.041,0.090,-0.275,0.430,2.850,-39.450,10.650,37.6
13:53:35.151,348961,-3.668,-10.393,-0.294,0.470,-0.394,0.015,4.350,-40.200,14.700,37.7
13:53:35.204,349016,-4.099,-10.611,0.151,0.471,-0.366,-0.516,4.350,-40.200,14.700,37.7
13:53:35.255,349071,-3.649,-10.285,0.292,0.424,-0.439,-0.747,2.400,-42.000,19.800,37.7
13:53:35.307,349126,-2.626,-10.278,-0.043,0.201,-0.292,-0.715,2.400,-42.000,19.800,37.7
13:53:35.361,349181,-2.425,-10.714,0.194,-0.035,-0.366,-0.511,-2.400,-43.050,22.350,37.6
13:53:35.414,349236,-1.472,-10.728,0.565,-0.102,-0.474,-0.470,-2.400,-43.050,22.350,37.3
13:53:35.466,349291,-1.463,-10.764,0.814,-0.032,-0.325,-0.361,-5.250,-43.050,24.300,37.4
13:53:35.518,349346,-1.319,-11.042,1.032,0.082,-0.329,-0.193,-6.300,-45.600,23.100,37.7
13:53:35.571,349401,-1.590,-12.898,0.668,0.120,-0.503,0.064,-6.300,-45.600,23.100,37.6
13:53:35.624,349456,-4.164,-15.658,1.305,0.383,-0.391,0.784,-5.700,-45.450,24.750,37.3
13:53:35.729,349511,-4.453,-13.994,1.884,0.302,-0.472,0.864,-5.700,-45.450,24.750,37.6
13:53:35.781,349566,-5.763,-12.373,2.698,0.050,-0.552,0.747,-5.700,-45.450,24.750,37.7
13:53:35.834,349621,-2.940,-9.926,2.248,-0.478,-0.126,0.209,-5.700,-45.450,24.750,37.6
13:53:35.885,349676,-3.062,-9.661,1.556,-0.779,-0.143,0.119,-5.700,-45.450,24.750,37.3
13:53:35.938,349731,-1.477,-10.523,1.188,-0.880,-0.065,-0.163,-5.700,-45.450,24.750,37.6
13:53:35.990,349786,-1.097,-9.697,0.785,-0.860,0.676,-0.444,-5.700,-45.450,24.750,37.6
13:53:36.042,349841,-2.286,-8.981,0.180,-0.910,0.259,-0.659,-5.700,-45.450,24.750,37.6
13:53:36.096,349896,-1.384,-8.207,-0.318,-1.096,0.400,-1.078,-5.700,-45.450,24.750,37.5
13:53:36.149,349951,-1.420,-8.483,-1.413,-0.575,0.454,-1.536,-5.700,-38.850,7.950,37.4
13:53:36.201,350006,-0.311,-8.066,1.678,-0.290,0.581,-1.989,-5.700,-38.850,7.950,37.6
13:53:36.254,350061,1.427,-4.762,-3.342,-0.939,0.738,-1.757,-15.150,-38.550,6.450,37.6
13:53:36.306,350116,-1.398,-5.375,-1.358,0.126,0.358,-0.044,-15.150,-38.550,6.450,37.6
13:53:36.359,350171,0.962,-5.131,-1.219,0.346,-0.180,1.557,-19.950,-37.650,5.550,37.9
13:53:36.411,350226,0.611,-6.160,-1.951,0.420,-0.685,1.736,-19.950,-37.650,5.550,37.5
13:53:36.464,350281,-1.168,-8.298,-0.311,0.681,-0.541,1.561,-10.950,-39.150,6.000,37.6
13:53:36.516,350336,-2.246,-8.751,-1.037,0.508,-0.453,1.353,-10.950,-39.150,6.000,37.5
13:53:36.568,350391,-1.252,-9.172,-0.457,0.643,-0.215,0.996,-4.200,-41.400,10.950,37.7
13:53:36.620,350446,-4.271,-9.210,-0.579,0.507,-0.021,0.949,0.450,-40.500,13.200,37.6
13:53:36.674,350501,-1.891,-10.479,-0.517,0.762,0.619,0.532,0.450,-40.500,13.200,37.7
13:53:36.778,350556,-5.895,-10.250,0.682,0.645,-0.054,0.488,4.350,-41.550,17.700,37.4
13:53:36.780,350611,-4.099,-10.482,0.438,0.174,0.069,0.127,4.350,-41.550,17.700,37.7
13:53:36.884,350666,-3.922,-9.996,0.725,-0.204,0.054,0.076,5.700,-41.850,21.150,37.6
13:53:36.936,350721,-3.388,-10.558,1.331,-0.260,0.305,-0.118,5.700,-41.850,21.150,37.7
13:53:36.987,350776,-3.247,-11.648,0.953,-0.116,0.097,-0.048,5.700,-42.900,21.900,37.7
13:53:37.040,350831,-6.469,-13.381,1.702,0.252,0.158,0.286,5.700,-42.900,21.900,37.4
13:53:37.093,350886,-7.827,-13.439,1.968,0.388,-0.079,0.451,6.150,-42.900,22.200,37.6
13:53:37.146,350941,-8.097,-12.505,2.330,0.102,-0.148,0.410,7.650,-41.100,24.450,37.5
13:53:37.199,350996,-5.353,-11.914,1.824,-0.199,-0.495,0.390,7.650,-41.100,24.450,37.4
13:53:37.250,351051,-4.683,-10.453,1.087,-0.412,-0.288,0.339,10.800,-41.100,23.700,37.4
13:53:37.303,351106,-4.254,-9.993,1.288,-0.415,-0.095,0.098,10.800,-41.100,23.700,37.9
13:53:37.355,351161,-3.206,-10.242,0.879,-0.337,-0.317,-0.286,10.950,-40.500,20.250,37.7
13:53:37.460,351216,-4.353,-8.662,0.371,-0.512,-0.267,-0.497,10.950,-40.500,20.250,37.7
13:53:37.461,351271,-2.217,-7.604,0.438,-0.614,0.068,-0.836,8.700,-39.150,18.450,37.8
13:53:37.514,351326,-2.758,-7.520,-0.426,-1.043,0.226,-0.687,8.700,-39.150,18.450,37.6
13:53:37.565,351381,-2.847,-7.566,-0.268,-0.956,-0.056,-0.717,4.650,-37.800,13.800,37.6
13:53:37.618,351436,-4.934,-10.343,0.247,-0.655,0.144,-1.246,4.650,-37.800,13.800,37.6
13:53:37.670,351491,-0.986,-6.433,-1.990,-1.196,-0.135,-1.626,4.650,-37.800,13.800,37.8
13:53:37.723,351546,-0.704,-5.830,0.345,-0.640,0.816,-1.227,4.650,-37.800,13.800,37.6
13:53:37.776,351601,-1.887,-4.087,-1.164,0.285,-0.047,0.264,4.650,-37.800,13.800,37.4
13:53:37.829,351656,-0.189,-5.162,-0.965,0.777,-0.636,1.072,4.650,-37.800,13.800,37.6
13:53:37.881,351711,-3.041,-7.309,-0.745,1.142,-0.734,1.322,4.650,-37.800,13.800,37.7
13:53:37.934,351766,-3.251,-7.908,-0.594,1.007,-0.605,1.349,4.650,-37.800,13.800,37.9
13:53:38.038,351821,-4.769,-8.485,0.141,0.904,0.026,1.057,4.650,-37.800,13.800,37.6
13:53:38.090,351876,-3.692,-8.559,0.038,0.739,-0.169,0.966,4.650,-37.800,13.800,37.6
13:53:38.196,351931,-6.773,-9.553,1.595,0.628,0.227,0.448,4.650,-37.800,13.800,37.6
13:53:38.197,351986,-3.278,-9.512,0.661,0.395,0.206,0.145,9.450,-37.350,20.550,37.3
13:53:38.247,352041,-5.543,-9.694,1.432,0.319,0.364,0.017,9.600,-39.600,25.200,37.5
13:53:38.300,352096,-4.858,-10.111,1.520,0.104,0.218,0.251,9.600,-39.600,25.200,37.6
13:53:38.353,352151,-4.527,-10.281,1.990,-0.117,0.141,0.055,9.300,-40.350,27.750,37.7
13:53:38.406,352206,-5.076,-10.195,1.554,-0.193,0.318,-0.109,9.300,-40.350,27.750,37.5
13:53:38.459,352261,-4.755,-10.223,1.468,-0.064,0.030,-0.193,8.550,-39.300,25.200,37.7
13:53:38.511,352316,-4.075,-10.216,1.362,-0.056,-0.066,0.050,8.550,-39.300,25.200,37.6
13:53:38.564,352371,-5.006,-10.568,1.669,-0.031,-0.009,0.469,9.300,-42.150,24.450,37.6
13:53:38.615,352426,-8.717,-11.724,3.215,0.111,0.188,0.646,9.300,-42.150,24.450,37.4
13:53:38.668,352481,-9.687,-12.043,2.064,-0.127,-0.115,0.583,11.850,-41.250,25.350,37.7
13:53:38.720,352536,-9.290,-12.189,2.703,-0.066,-0.263,0.402,11.850,-41.250,25.350,37.7
13:53:38.773,352591,-7.058,-10.202,1.954,-0.198,-0.667,0.006,16.050,-40.200,25.350,37.4
13:53:38.826,352646,-5.760,-9.282,1.951,-0.362,-0.219,-0.318,15.150,-38.250,24.750,37.6
13:53:38.879,352701,-5.380,-8.741,0.737,-0.690,-0.243,-0.506,15.150,-38.250,24.750,37.7
13:53:38.931,352756,-4.702,-10.156,0.771,-0.685,-0.153,-0.812,13.350,-36.900,21.300,37.7
13:53:38.983,352811,-4.219,-9.033,0.838,-0.671,-0.134,-1.120,13.350,-36.900,21.300,37.4
13:53:39.035,352866,-2.610,-7.202,0.694,-0.904,-0.075,-1.148,7.350,-38.250,16.350,37.9
13:53:39.140,352921,-2.820,-7.810,0.886,-0.699,0.528,-1.288,7.350,-38.250,16.350,37.6
13:53:39.142,352976,-2.612,-7.436,-0.357,-0.893,0.259,-1.736,2.700,-39.300,12.300,37.7
13:53:39.245,353031,0.575,-4.693,-1.709,-1.301,0.296,-2.068,2.700,-39.300,12.300,37.7
13:53:39.299,353086,-0.800,-6.519,0.658,-0.426,0.958,-1.264,-6.300,-39.450,5.550,37.8
13:53:39.350,353141,-1.262,-5.851,-0.512,-0.163,-0.220,0.004,-14.700,-38.550,3.900,37.9
13:53:39.403,353196,0.354,-5.119,-0.658,0.641,0.297,1.194,-14.700,-38.550,3.900,37.6
13:53:39.456,353251,-1.374,-4.611,-1.398,0.858,-0.695,1.621,-9.300,-38.850,6.150,37.7
13:53:39.509,353306,-2.172,-8.801,1.015,1.186,-0.448,1.421,-9.300,-38.850,6.150,37.8
13:53:39.561,353361,-1.903,-7.360,-0.419,0.776,0.019,0.834,0.300,-38.850,13.050,37.9
13:53:39.613,353416,-5.447,-7.202,0.388,0.649,-0.477,1.123,0.300,-38.850,13.050,37.8
13:53:39.666,353471,-1.130,-9.450,1.097,0.106,0.011,0.101,3.450,-39.600,17.550,37.6
13:53:39.719,353526,-4.506,-10.827,0.443,-0.356,0.276,0.086,3.450,-39.600,17.550,37.7
13:53:39.770,353581,-3.055,-11.533,0.065,-0.541,0.578,0.319,3.450,-39.600,17.550,37.8
13:53:39.823,353636,-2.964,-11.811,-0.007,-0.723,0.661,0.270,3.450,-39.600,17.550,37.6
13:53:39.876,353691,-3.333,-12.016,-0.816,-0.601,0.580,0.142,3.450,-39.600,17.550,37.7
13:53:39.929,353746,-4.360,-12.198,-0.347,-0.130,0.513,0.259,3.450,-39.600,17.550,37.7
13:53:40.033,353801,-4.525,-11.018,-0.417,0.114,0.349,0.390,3.450,-39.600,17.550,37.6
13:53:40.034,353856,-5.545,-10.901,-1.312,0.014,-0.007,0.490,3.450,-39.600,17.550,37.6
13:53:40.085,353911,-11.222,-14.430,-1.173,0.031,-0.265,0.791,3.450,-39.600,17.550,37.8
13:53:40.138,353966,-9.754,-12.907,-0.699,-0.129,-0.279,0.547,9.600,-41.100,15.300,37.4
13:53:40.190,354021,-7.415,-11.411,-0.644,0.009,-0.222,0.111,9.600,-41.100,15.300,37.8
13:53:40.244,354076,-5.787,-10.173,-1.087,-0.046,-0.013,-0.080,13.800,-38.700,15.900,37.6
13:53:40.347,354131,-5.823,-10.312,-0.505,-0.132,0.280,-0.385,13.800,-38.700,15.900,37.6
13:53:40.400,354186,-3.486,-8.619,0.218,-0.181,0.512,-0.883,10.800,-38.850,12.750,37.6
13:53:40.454,354241,-3.582,-6.687,-1.089,-0.346,0.377,-0.993,8.100,-38.250,9.450,37.5
13:53:40.505,354296,-3.100,-6.539,-1.410,-0.589,0.152,-1.347,8.100,-38.250,9.450,37.6
13:53:40.610,354351,-2.215,-7.769,-0.488,-0.520,0.914,-1.530,2.100,-39.150,6.750,37.4
13:53:40.612,354406,-1.389,-8.349,-1.149,-0.389,0.421,-1.709,2.100,-39.150,6.750,37.6
13:53:40.663,354461,0.077,-7.034,-0.723,-0.317,0.701,-2.049,-8.550,-38.550,1.350,37.8
13:53:40.715,354516,1.686,-5.547,-0.484,0.044,1.222,-1.483,-8.550,-38.550,1.350,37.8
13:53:40.768,354571,-1.226,-4.784,-1.915,0.172,0.272,0.390,-19.950,-36.900,3.750,37.7
13:53:40.821,354626,0.261,-4.444,-2.014,0.435,0.254,1.679,-19.950,-36.900,3.750,37.7
13:53:40.874,354681,-0.711,-5.464,-2.157,0.200,-0.824,1.875,-13.200,-37.500,6.150,37.9
13:53:40.926,354736,-1.085,-7.499,-2.234,0.279,-0.861,1.752,-13.200,-37.500,6.150,37.3
13:53:40.978,354791,-1.899,-8.669,-1.346,0.511,-0.532,1.291,-3.600,-38.400,8.850,37.8
13:53:41.031,354846,-4.302,-10.173,-0.029,0.450,-0.276,0.951,2.400,-37.650,11.400,37.8
13:53:41.083,354901,-2.507,-9.122,-1.446,0.230,-0.505,0.537,2.400,-37.650,11.400,37.6
13:53:41.135,354956,-5.227,-11.313,-0.326,0.439,-0.389,0.316,6.000,-38.400,15.150,37.6
13:53:41.188,355011,-4.322,-11.667,-0.393,0.427,-0.516,0.422,6.000,-38.400,15.150,37.7
13:53:41.241,355066,-4.492,-9.955,-1.025,0.466,-0.198,0.417,8.100,-38.850,19.650,37.7
13:53:41.294,355121,-3.831,-9.641,0.237,0.501,-0.057,0.687,8.100,-38.850,19.650,37.7
13:53:41.346,355176,-4.415,-8.720,1.259,0.487,0.061,0.740,10.650,-40.200,23.100,37.3
13:53:41.399,355231,-4.022,-8.507,2.138,0.342,0.019,0.517,10.650,-40.200,23.100,37.6
13:53:41.504,355286,-7.128,-9.574,2.255,0.086,0.137,0.468,13.500,-38.850,25.950,37.4
13:53:41.556,355341,-10.288,-12.210,2.492,-0.139,0.077,0.512,14.250,-40.050,24.750,37.7
13:53:41.608,355396,-10.156,-12.134,1.221,-0.100,-0.470,0.245,14.250,-40.050,24.750,37.7
13:53:41.660,355451,-9.467,-11.626,2.028,0.161,-0.384,0.200,18.600,-38.250,26.550,37.7
13:53:41.714,355506,-7.951,-10.546,2.186,0.224,-0.269,0.099,18.600,-38.250,26.550,37.6
13:53:41.765,355561,-6.560,-8.818,2.033,-0.120,-0.346,-0.245,17.250,-37.350,27.150,37.7
13:53:41.819,355616,-6.146,-8.294,2.193,-0.367,0.257,-0.633,17.250,-37.350,27.150,37.7
13:53:41.871,355671,-3.840,-7.908,1.161,-0.642,0.427,-0.887,12.900,-36.900,23.850,37.8
13:53:41.924,355726,-5.306,-8.490,1.506,-0.777,0.596,-1.091,12.900,-36.900,23.850,37.8
13:53:41.975,355781,-2.890,-8.222,0.826,-0.443,0.883,-1.179,11.250,-37.500,19.350,37.7
13:53:42.028,355836,-2.081,-6.474,-0.412,-0.555,0.645,-1.456,11.250,-37.500,19.350,37.6
13:53:42.081,355891,-2.241,-6.182,-0.464,-0.473,0.856,-1.389,11.250,-37.500,19.350,37.7
13:53:42.132,355946,-3.524,-7.547,-0.500,-0.252,0.771,-1.158,11.250,-37.500,19.350,37.6
13:53:42.185,356001,-0.287,-7.137,-0.625,-0.502,0.244,-1.503,11.250,-37.500,19.350,37.7
13:53:42.239,356056,2.198,-6.258,-0.077,-0.440,1.529,-0.718,11.250,-37.500,19.350,37.6
13:53:42.290,356111,-0.893,-4.379,-0.929,-0.107,0.237,0.707,11.250,-37.500,19.350,37.7
13:53:42.343,356166,-0.654,-6.287,-1.183,0.146,-0.284,1.506,11.250,-37.500,19.350,37.7
13:53:42.395,356221,-1.604,-7.717,-1.171,0.399,-0.485,1.414,11.250,-37.500,19.350,37.6
13:53:42.449,356276,-2.626,-8.890,-1.185,0.096,-0.422,1.185,-2.400,-39.750,10.650,37.6
13:53:42.501,356331,-4.973,-9.685,-0.666,0.002,-0.251,0.721,-2.400,-39.750,10.650,37.3
13:53:42.554,356386,-4.439,-9.081,-1.980,-0.236,-0.657,0.548,4.350,-38.700,13.650,37.6
13:53:42.658,356441,-2.863,-10.013,-0.757,-0.017,-0.329,0.353,6.000,-40.500,14.400,37.7
13:53:42.660,356496,-5.495,-9.570,-1.310,-0.089,-0.578,0.297,6.000,-40.500,14.400,37.6
13:53:42.763,356551,-3.421,-9.886,-1.702,-0.242,-0.539,0.025,7.950,-38.700,16.500,37.8
13:53:42.816,356606,-3.979,-9.720,-1.650,-0.274,-0.374,0.209,7.950,-38.700,16.500,37.8
13:53:42.867,356662,-3.754,-9.656,-1.018,-0.167,-0.509,0.418,9.000,-40.950,16.200,37.6
13:53:42.920,356716,-4.029,-9.469,-0.711,-0.099,-0.597,0.357,9.000,-40.950,16.200,37.6
13:53:42.973,356771,-5.827,-9.744,-1.137,-0.144,-0.326,0.597,10.200,-40.950,16.500,37.6
13:53:43.025,356826,-5.722,-11.277,-0.769,-0.102,0.151,0.660,10.200,-40.950,16.500,37.6
13:53:43.078,356881,-9.864,-11.523,-0.292,0.140,0.768,0.981,12.750,-42.150,16.350,37.9
13:53:43.130,356936,-10.561,-10.862,-0.304,0.008,0.189,0.681,12.750,-42.150,16.350,37.7
13:53:43.182,356991,-9.598,-11.198,0.520,-0.110,-0.214,0.442,18.750,-40.200,16.950,37.7
13:53:43.235,357046,-7.982,-9.910,-0.426,-0.027,-0.621,0.121,20.100,-37.800,16.350,37.7
13:53:43.288,357101,-7.257,-9.093,-0.247,0.055,-0.226,-0.139,20.100,-37.800,16.350,37.4
13:53:43.341,357156,-6.196,-8.114,-0.467,-0.096,0.064,-0.335,19.800,-36.000,17.550,37.8
13:53:43.394,357211,-5.490,-8.375,-0.017,-0.230,0.498,-0.698,19.800,-36.000,17.550,37.7
13:53:43.446,357266,-4.571,-7.343,0.354,-0.448,-0.212,-1.285,15.750,-35.550,13.650,37.6
13:53:43.499,357321,-4.290,-7.075,-0.991,-0.922,-0.436,-1.184,15.750,-35.550,13.650,37.7
13:53:43.551,357376,-4.429,-8.722,-2.095,-0.797,0.006,-1.188,8.700,-35.850,10.650,37.3
13:53:43.604,357431,-1.772,-9.340,-2.081,-0.607,0.040,-1.094,8.700,-35.850,10.650,37.8
13:53:43.655,357486,-2.734,-7.934,-1.918,-0.823,0.097,-1.180,2.700,-35.250,5.850,37.7
13:53:43.708,357541,-4.441,-7.570,-2.909,-0.755,0.046,-1.232,-2.100,-36.150,2.700,37.4
13:53:43.812,357596,-0.941,-7.228,-1.367,-0.403,-0.311,-1.660,-2.100,-36.150,2.700,37.7
13:53:43.865,357651,-0.488,-7.010,0.091,-0.014,-0.145,-1.323,-9.300,-36.000,-1.800,37.6
13:53:43.918,357706,-0.491,-5.401,-1.125,0.214,0.307,0.001,-9.300,-36.000,-1.800,37.8
13:53:43.971,357761,-0.299,-5.145,-2.095,0.810,0.023,0.827,-10.650,-36.900,0.900,37.8
13:53:44.024,357816,-1.597,-5.765,-1.999,0.697,-0.619,1.219,-10.650,-36.900,0.900,37.6
13:53:44.076,357871,-2.480,-7.278,-1.810,0.645,-0.724,1.338,-3.000,-39.300,5.100,37.7
13:53:44.129,357926,-3.074,-8.428,-1.448,0.352,0.043,1.105,-3.000,-39.300,5.100,37.7
13:53:44.180,357981,-3.170,-9.184,-0.335,0.451,0.128,0.692,4.200,-39.300,9.000,37.6
13:53:44.234,358036,-2.248,-8.373,-0.532,0.121,0.043,0.893,4.200,-39.300,9.000,37.6
13:53:44.286,358091,-3.237,-9.907,-1.573,0.169,0.351,0.684,5.550,-41.250,9.600,37.6
13:53:44.339,358146,-4.831,-10.827,-1.769,0.187,0.366,0.578,9.000,-39.750,15.450,37.6
