timestamp,elapsed_ms,accel_x_ms2,accel_y_ms2,accel_z_ms2,gyro_x_rads,gyro_y_rads,gyro_z_rads,mag_x_uT,mag_y_uT,mag_z_uT,temp_c
15:02:40.594,34986,-0.690,-9.740,0.113,0.081,-0.200,-0.192,-17.400,-30.600,14.550,32.8
15:02:40.646,35041,0.283,-10.247,1.271,0.226,-0.222,-0.184,-17.400,-30.600,14.550,32.8
15:02:40.706,35096,-0.196,-9.572,1.338,0.310,-0.204,-0.200,-17.400,-30.600,14.550,32.7
15:02:40.757,35151,0.187,-9.634,1.836,0.303,-0.301,0.082,-17.400,-30.600,14.550,32.8
15:02:40.810,35206,-0.062,-9.529,1.549,0.210,-0.017,0.264,-18.150,-30.600,16.350,32.8
15:02:40.870,35261,0.077,-9.761,1.482,0.170,0.044,0.339,-18.150,-30.600,16.350,32.6
15:02:40.924,35316,-0.407,-10.228,1.523,-0.018,-0.143,0.267,-18.000,-30.750,18.000,32.8
15:02:40.976,35371,-0.625,-9.998,1.980,-0.146,0.037,0.119,-15.450,-30.300,17.850,32.8
15:02:41.036,35426,-0.503,-9.550,1.065,-0.253,-0.041,0.125,-15.450,-30.300,17.850,32.8
15:02:41.087,35481,-0.644,-9.697,1.492,-0.182,0.071,0.096,-15.900,-29.850,16.350,32.8
15:02:41.141,35536,-0.520,-9.759,0.845,-0.099,0.278,0.109,-15.900,-29.850,16.350,32.6
15:02:41.201,35591,-1.274,-10.197,1.125,-0.061,0.326,0.130,-16.050,-31.800,16.200,32.7
15:02:41.252,35646,-1.199,-9.761,1.092,-0.088,0.284,0.035,-16.050,-31.800,16.200,32.6
15:02:41.305,35701,-1.183,-9.656,1.092,-0.126,0.210,-0.060,-13.800,-30.450,16.500,33.1
15:02:41.365,35756,-0.769,-9.517,0.704,-0.104,0.231,-0.115,-13.800,-30.450,16.500,32.8
15:02:41.418,35811,-0.728,-10.262,0.991,-0.079,0.145,-0.113,-13.800,-30.450,16.500,32.8
15:02:41.470,35866,-0.773,-10.568,1.032,-0.041,0.131,-0.167,-16.050,-31.800,15.450,33.0
15:02:41.530,35921,-1.087,-10.312,1.544,0.030,0.095,-0.194,-16.050,-31.800,15.450,33.0
15:02:41.582,35976,-1.087,-9.816,2.164,0.081,0.038,-0.262,-16.650,-30.900,15.600,32.8
15:02:41.635,36031,-0.929,-9.100,1.736,0.056,-0.129,-0.173,-16.650,-30.900,15.600,32.6
15:02:41.696,36086,-0.812,-9.280,1.168,-0.056,-0.144,-0.118,-18.750,-31.200,16.500,32.8
15:02:41.747,36141,-0.227,-10.345,0.989,-0.169,-0.208,-0.171,-18.750,-31.200,16.500,32.9
15:02:41.806,36196,-0.053,-10.218,0.910,-0.195,-0.083,-0.239,-18.750,-31.200,16.500,32.8
15:02:41.860,36251,0.347,-9.799,1.252,-0.089,-0.134,-0.306,-18.750,-31.200,16.500,32.8
15:02:41.913,36306,-0.247,-9.601,1.355,0.095,-0.014,-0.250,-21.750,-30.600,16.800,32.6
15:02:41.966,36361,-0.110,-10.099,1.120,0.058,-0.081,-0.069,-22.950,-29.850,17.100,32.8
15:02:42.025,36416,0.232,-10.707,1.501,0.030,0.005,-0.234,-22.950,-29.850,17.100,32.6
15:02:42.076,36471,0.546,-10.063,1.226,-0.037,-0.218,-0.460,-20.100,-29.550,16.050,32.9
15:02:42.129,36526,0.649,-9.572,1.583,0.021,-0.173,-0.430,-20.100,-29.550,16.050,32.9
15:02:42.235,36581,1.346,-9.349,1.439,0.004,-0.224,-0.256,-20.100,-29.550,16.050,32.8
15:02:42.287,36636,1.844,-10.077,1.578,-0.046,-0.210,-0.094,-20.100,-29.550,16.050,32.8
15:02:42.339,36691,1.733,-10.482,1.571,-0.123,-0.187,-0.006,-23.400,-28.950,16.950,32.8
15:02:42.392,36746,1.293,-10.161,1.559,-0.084,0.005,0.037,-23.400,-28.950,16.950,32.8
15:02:42.444,36801,0.831,-9.354,1.331,-0.105,-0.107,0.223,-22.500,-29.550,15.600,32.6
15:02:42.497,36856,0.041,-8.739,1.444,-0.049,-0.441,0.371,-22.500,-29.550,15.600,33.0
15:02:42.550,36911,-0.560,-8.981,1.259,-0.232,-0.392,0.224,-22.950,-30.600,15.300,33.0
15:02:42.602,36966,1.269,-12.280,1.307,-0.507,-0.347,-0.292,-22.950,-30.600,15.300,32.9
15:02:42.655,37021,1.152,-14.736,1.714,-0.606,-0.793,-0.750,-22.950,-30.600,15.300,32.6
15:02:42.707,37076,1.396,-13.518,0.816,-0.500,-0.975,-0.960,-21.750,-30.900,10.950,32.9
15:02:42.760,37131,1.305,-11.530,0.563,-0.419,-0.875,-0.948,-21.750,-30.900,10.950,33.1
15:02:42.811,37186,2.023,-10.230,-0.065,-0.250,-0.578,-0.444,-24.000,-30.300,6.900,32.6
15:02:42.863,37241,2.116,-9.725,-0.493,-0.200,-0.418,-0.093,-24.000,-30.300,6.900,32.8
15:02:42.919,37296,2.107,-10.041,-1.022,-0.119,-0.184,0.123,-23.850,-28.650,5.250,32.7
15:02:42.970,37351,2.143,-9.867,-1.257,-0.092,0.027,0.350,-23.850,-28.650,5.250,33.0
15:02:43.022,37406,1.214,-9.486,-1.429,-0.218,0.089,0.395,-23.850,-28.650,5.250,33.0
15:02:43.076,37461,1.571,-8.973,-0.587,-0.213,0.330,0.530,-20.700,-31.500,4.200,32.8
15:02:43.126,37516,1.223,-8.114,-0.713,-0.257,0.482,0.729,-20.700,-31.500,4.200,32.6
15:02:43.179,37571,1.453,-8.234,-0.426,-0.137,0.378,0.810,-18.000,-30.000,3.450,32.6
15:02:43.231,37626,0.704,-8.440,-0.460,-0.010,0.473,0.886,-18.000,-30.000,3.450,32.6
15:02:43.284,37681,1.331,-8.914,-0.448,-0.095,0.249,0.750,-13.350,-32.250,2.700,33.2
15:02:43.389,37736,0.682,-8.890,-0.883,0.030,0.306,0.477,-13.350,-32.250,2.700,32.6
15:02:43.441,37791,0.220,-10.209,-0.704,0.023,0.070,0.540,-13.350,-32.250,2.700,32.8
15:02:43.495,37846,-0.014,-10.036,-0.364,-0.014,-0.075,0.833,-13.350,-32.250,2.700,33.1
15:02:43.546,37901,-0.895,-7.606,-0.699,-0.337,-1.205,0.968,-9.900,-31.200,1.500,32.8
15:02:43.599,37956,0.733,-7.412,-0.560,-0.317,0.003,0.023,-4.350,-30.450,3.000,32.8
15:02:43.652,38011,1.156,-7.293,-0.582,0.536,0.933,-1.339,-4.350,-30.450,3.000,32.5
15:02:43.705,38066,1.808,-7.870,-0.067,0.978,0.316,-1.619,-10.200,-32.250,3.450,32.7
15:02:43.757,38121,-0.742,-6.845,0.759,1.350,0.113,-1.649,-10.200,-32.250,3.450,32.8
15:02:43.809,38176,-1.243,-3.903,-1.863,0.908,0.094,-1.331,-10.200,-32.250,3.450,33.0
15:02:43.862,38231,2.401,-8.126,2.081,0.604,-0.036,-1.278,-10.200,-32.250,3.450,32.9
15:02:43.915,38286,1.860,-8.164,1.441,0.365,-0.414,-0.973,-24.300,-32.250,13.650,32.8
15:02:43.967,38341,4.156,-9.704,2.011,0.375,-0.336,-0.578,-24.300,-32.250,13.650,32.8
15:02:44.018,38396,3.812,-9.625,2.002,0.119,-0.906,-0.401,-28.350,-30.300,14.850,32.8
15:02:44.071,38451,4.245,-10.630,1.927,0.081,-0.376,-0.034,-28.350,-30.300,14.850,32.8
15:02:44.125,38506,4.005,-9.737,1.013,-0.100,-0.680,0.050,-28.200,-28.200,14.700,32.8
15:02:44.176,38561,4.183,-10.609,2.310,-0.159,-0.491,0.279,-29.100,-29.100,13.800,32.8
15:02:44.229,38616,3.567,-10.508,1.542,-0.307,-0.270,0.425,-29.100,-29.100,13.800,32.8
15:02:44.281,38671,3.900,-10.367,1.520,-0.327,0.040,0.608,-27.150,-28.800,13.050,32.9
15:02:44.334,38726,3.587,-10.386,1.013,-0.182,0.096,0.669,-27.150,-28.800,13.050,33.0
15:02:44.386,38781,2.564,-10.554,0.965,-0.158,0.280,0.730,-26.700,-29.100,12.000,32.6
15:02:44.439,38836,1.772,-10.350,0.941,-0.043,0.382,0.526,-26.700,-29.100,12.000,33.2
15:02:44.545,38891,1.609,-10.202,0.891,-0.149,0.408,0.375,-26.700,-29.100,12.000,32.9
15:02:44.598,38946,1.762,-10.264,1.216,-0.191,0.439,0.238,-26.700,-29.100,12.000,32.6
15:02:44.650,39001,1.650,-10.084,0.790,-0.285,0.352,0.223,-23.850,-28.950,12.150,33.0
15:02:44.703,39056,1.379,-10.202,0.790,-0.205,0.305,0.233,-22.650,-29.700,11.400,32.9
15:02:44.755,39111,1.183,-10.216,0.706,-0.202,0.350,0.257,-22.650,-29.700,11.400,32.9
15:02:44.807,39166,1.089,-10.307,0.572,-0.121,0.307,0.196,-23.250,-29.100,11.700,32.5
15:02:44.859,39221,0.950,-10.075,0.560,-0.080,0.177,0.139,-23.250,-29.100,11.700,32.9
15:02:44.912,39276,1.197,-10.242,0.764,-0.145,0.116,0.082,-23.250,-29.100,11.700,32.8
15:02:44.965,39331,1.132,-10.238,0.670,-0.153,0.062,0.011,-23.250,-29.100,11.700,33.0
15:02:45.018,39386,1.075,-10.149,0.713,-0.138,-0.032,0.014,-21.900,-30.450,12.600,32.8
15:02:45.068,39441,1.365,-10.070,0.622,-0.070,0.068,0.013,-21.900,-30.450,12.600,33.0
15:02:45.174,39496,0.979,-10.252,0.180,-0.024,-0.008,0.056,-21.750,-29.100,12.300,33.2
15:02:45.175,39551,0.867,-11.495,0.548,0.032,0.222,-0.314,-21.750,-29.100,12.300,32.6
15:02:45.226,39606,3.934,-15.644,1.022,0.060,-0.224,-0.890,-22.500,-29.550,13.500,33.0
15:02:45.279,39661,3.048,-14.981,2.176,0.342,-0.549,-1.243,-22.500,-29.550,13.500,32.9
15:02:45.333,39716,2.854,-11.394,1.156,-0.147,-0.812,-1.082,-22.500,-29.550,13.500,32.8
15:02:45.385,39771,2.313,-10.278,0.721,-0.240,-0.619,-0.702,-27.900,-26.700,11.700,32.9
15:02:45.436,39826,2.380,-9.615,0.716,-0.169,-0.624,-0.341,-27.900,-26.700,11.700,33.0
15:02:45.489,39881,2.274,-9.093,0.294,0.037,-0.245,-0.004,-27.600,-27.750,10.500,33.0
15:02:45.543,39936,3.333,-9.366,0.194,0.154,0.107,0.275,-27.600,-27.750,10.500,32.8
15:02:45.595,39991,2.444,-8.777,0.340,0.011,-0.147,0.662,-25.650,-29.100,9.450,33.0
15:02:45.700,40046,3.802,-9.182,1.439,0.015,0.234,0.778,-25.650,-29.100,9.450,33.0
15:02:45.752,40101,0.512,-8.552,0.110,-0.267,0.232,0.882,-25.650,-29.100,9.450,33.0
15:02:45.805,40156,2.911,-9.249,1.180,-0.374,0.221,0.902,-21.900,-31.800,8.850,32.8
15:02:45.856,40211,0.053,-7.345,-0.764,-0.240,0.800,0.856,-21.900,-31.800,8.850,33.0
15:02:45.909,40266,0.903,-8.308,-0.414,-0.329,0.145,0.946,-16.800,-33.000,6.300,32.9
15:02:45.961,40321,0.749,-9.268,0.024,-0.270,-0.026,0.981,-16.800,-33.000,6.300,32.7
15:02:46.015,40376,1.353,-8.437,-0.821,0.010,-0.376,1.241,-13.800,-33.000,4.800,32.8
15:02:46.068,40431,-1.322,-5.794,0.491,-0.851,-0.584,1.799,-13.800,-33.000,4.800,32.8
15:02:46.120,40486,-0.991,-6.139,-0.275,-0.508,-0.621,-0.283,-4.200,-30.900,3.600,32.8
15:02:46.172,40541,2.447,-6.661,0.275,0.108,-2.014,-1.753,-4.200,-30.900,3.600,33.1
15:02:46.223,40596,4.087,-10.111,0.541,0.397,-0.002,-1.191,-6.300,-30.000,3.750,32.9
15:02:46.277,40651,-3.725,-3.989,-2.909,1.175,1.294,-1.390,-11.400,-30.450,7.050,32.9
15:02:46.328,40706,-1.030,-5.691,-1.647,0.670,-0.655,-1.457,-11.400,-30.450,7.050,32.6
15:02:46.434,40761,2.167,-8.356,0.045,0.583,0.361,-1.261,-11.400,-30.450,7.050,32.8
15:02:46.436,40816,2.219,-10.855,2.552,-0.002,-0.482,-0.680,-11.400,-30.450,7.050,33.1
15:02:46.487,40871,3.785,-11.533,2.404,-0.036,-0.044,-0.323,-22.650,-31.200,11.850,32.8
15:02:46.539,40926,1.896,-11.775,1.358,-0.213,-0.209,-0.008,-22.650,-31.200,11.850,33.0
15:02:46.591,40981,2.935,-11.538,0.608,-0.127,-0.009,0.074,-24.600,-28.950,12.900,32.8
15:02:46.645,41036,4.118,-11.631,0.855,-0.219,0.197,0.268,-24.600,-28.950,12.900,32.8
15:02:46.698,41091,2.842,-11.109,0.575,-0.364,0.407,0.366,-23.850,-28.950,11.100,32.8
15:02:46.750,41146,3.017,-10.987,0.338,-0.418,0.121,0.387,-23.850,-28.950,11.100,32.8
15:02:46.853,41201,2.516,-11.059,0.903,-0.391,0.404,0.458,-23.850,-28.950,11.100,33.1
15:02:46.906,41256,3.103,-10.958,0.294,-0.332,0.317,0.610,-23.400,-28.950,11.100,32.7
15:02:46.959,41311,2.844,-10.920,0.946,-0.091,0.622,0.676,-23.400,-28.950,11.100,33.1
15:02:47.013,41366,1.970,-10.341,0.429,0.029,0.592,0.910,-21.450,-29.400,11.100,33.0
15:02:47.065,41421,0.656,-9.926,0.570,0.152,0.642,0.900,-21.450,-29.400,11.100,33.2
15:02:47.118,41476,0.316,-10.262,0.560,0.337,0.580,0.946,-19.500,-30.750,12.150,32.8
15:02:47.170,41531,-0.266,-10.199,1.116,0.680,0.767,0.928,-19.500,-30.750,12.150,32.8
15:02:47.222,41586,-0.888,-9.776,1.190,0.945,0.324,0.905,-19.500,-30.750,12.150,32.8
15:02:47.273,41641,-2.294,-9.479,1.973,0.994,0.314,0.734,-19.500,-30.750,12.150,32.8
15:02:47.326,41696,-2.658,-9.313,2.274,0.723,-0.036,0.538,-12.450,-30.900,17.100,32.8
15:02:47.380,41751,-2.966,-8.672,2.413,0.377,-0.048,0.243,-11.550,-31.350,21.150,33.0
15:02:47.432,41806,-3.701,-8.712,2.270,-0.235,-0.214,-0.079,-11.550,-31.350,21.150,32.8
15:02:47.484,41861,-2.354,-12.277,4.851,-0.613,-0.296,-0.479,-10.950,-30.000,20.250,32.8
15:02:47.536,41916,-2.986,-12.443,4.410,-0.958,-0.540,-1.290,-10.950,-30.000,20.250,32.7
15:02:47.588,41971,0.637,-14.064,3.867,-0.726,-0.579,-1.611,-10.950,-30.000,20.250,33.0
15:02:47.641,42026,1.274,-13.307,3.299,-0.519,-0.897,-1.564,-10.950,-30.000,20.250,33.1
15:02:47.695,42081,1.233,-11.521,1.662,-0.486,-0.646,-1.138,-22.350,-30.000,15.450,32.9
15:02:47.746,42136,1.853,-10.482,1.264,-0.663,-0.559,-0.726,-22.350,-30.000,15.450,32.9
15:02:47.800,42191,1.386,-10.147,1.065,-0.611,-0.553,-0.257,-22.950,-29.850,12.300,33.0
15:02:47.851,42246,0.536,-9.883,-0.146,-0.474,-0.346,0.010,-22.950,-29.850,12.300,32.8
15:02:47.903,42301,0.982,-9.012,1.556,-0.163,0.180,0.230,-22.500,-29.100,8.400,32.6
15:02:48.008,42356,-11.303,-4.978,-3.579,0.251,1.184,-0.058,-22.500,-29.100,8.400,32.8
15:02:48.061,42411,1.377,-7.544,0.134,-0.327,0.030,0.220,-22.500,-29.100,8.400,33.0
15:02:48.113,42466,4.535,-8.945,1.092,-0.169,0.768,0.125,-22.950,-30.900,10.500,33.0
15:02:48.166,42521,-0.752,-9.756,-0.431,-0.621,0.572,0.262,-22.950,-30.900,10.500,33.0
15:02:48.218,42576,2.241,-10.570,0.347,-0.655,0.530,0.409,-21.900,-30.000,8.850,32.9
15:02:48.271,42631,1.946,-8.598,-1.554,-0.703,0.188,0.286,-21.900,-30.000,8.850,33.2
15:02:48.323,42687,-0.165,-9.074,-1.030,-0.574,-0.017,0.745,-18.600,-30.600,6.450,32.7
15:02:48.376,42741,-0.500,-8.722,-0.764,-0.768,-0.920,1.083,-18.600,-30.600,6.450,33.0
15:02:48.428,42796,-0.232,-6.431,-1.738,-0.810,-1.013,0.907,-18.600,-30.600,6.450,32.9
15:02:48.532,42851,1.508,-6.177,-2.653,-0.348,-0.833,-0.025,-11.250,-28.800,0.600,33.1
15:02:48.534,42906,1.061,-6.139,-2.054,0.345,-0.634,-1.075,-11.250,-28.800,0.600,32.9
15:02:48.586,42961,0.414,-7.022,-0.972,0.416,-1.187,-1.437,-14.250,-29.550,0.600,33.0
15:02:48.638,43016,1.616,-7.707,-1.338,-0.053,-2.034,-1.640,-14.250,-29.550,0.600,33.0
15:02:48.691,43071,3.481,-8.921,-0.795,-0.286,-1.481,-1.155,-19.800,-30.600,2.550,32.8
15:02:48.743,43126,4.111,-10.427,-0.141,-0.143,-1.063,-0.815,-19.800,-30.600,2.550,33.0
15:02:48.796,43181,4.324,-10.384,-0.730,-0.011,-0.825,-0.847,-19.800,-30.600,2.550,33.0
15:02:48.848,43236,2.567,-10.228,-2.801,-0.033,-0.305,-0.661,-19.800,-30.600,2.550,33.0
15:02:48.901,43291,1.681,-10.218,-1.231,0.234,0.244,-0.483,-26.550,-29.400,1.500,33.2
15:02:48.953,43346,3.038,-9.124,-1.717,0.315,0.254,-0.539,-30.150,-28.650,2.250,32.8
15:02:49.006,43401,3.960,-10.120,-0.467,0.259,0.503,-0.351,-30.150,-28.650,2.250,32.8
15:02:49.060,43456,4.429,-9.440,-1.087,0.152,0.158,-0.413,-30.900,-28.650,5.550,32.6
15:02:49.165,43511,3.740,-8.827,-0.206,0.032,0.118,-0.401,-30.900,-28.650,5.550,32.8
15:02:49.218,43566,4.714,-8.950,-0.668,0.030,0.093,-0.323,-32.550,-28.050,5.850,33.0
15:02:49.268,43621,4.724,-9.407,0.239,-0.135,0.094,-0.246,-32.550,-28.050,5.850,33.1
15:02:49.321,43676,5.071,-9.134,-0.658,-0.163,0.125,-0.194,-32.850,-27.150,4.800,33.0
15:02:49.373,43731,4.439,-8.921,-0.259,-0.226,-0.052,-0.079,-32.850,-27.150,4.800,33.0
15:02:49.426,43786,5.138,-8.916,-0.618,-0.167,-0.023,0.141,-32.850,-26.400,6.000,33.0
15:02:49.478,43841,4.906,-9.120,-0.211,-0.219,-0.001,0.140,-32.850,-26.400,6.000,33.0
15:02:49.532,43896,4.961,-9.316,-0.520,-0.145,0.087,0.146,-32.250,-26.250,6.150,32.8
15:02:49.584,43951,4.235,-9.199,-0.354,-0.133,0.140,0.174,-33.000,-26.250,5.100,32.8
15:02:49.636,44006,4.223,-9.005,-0.632,-0.025,0.090,0.117,-33.000,-26.250,5.100,32.8
15:02:49.690,44061,4.508,-9.318,-0.589,-0.025,0.055,-0.001,-34.350,-26.850,7.050,33.0
15:02:49.741,44116,4.338,-9.517,-0.675,-0.091,0.017,-0.053,-34.350,-26.850,7.050,32.8
15:02:49.794,44171,4.341,-9.131,-0.857,-0.140,-0.200,-0.157,-33.450,-24.150,7.650,33.0
15:02:49.848,44226,4.492,-8.696,-0.953,-0.180,-0.306,-0.181,-33.450,-24.150,7.650,32.8
15:02:49.899,44281,4.465,-8.499,-1.183,-0.227,-0.434,-0.217,-34.200,-25.950,5.850,32.8
15:02:49.952,44336,4.350,-8.392,-1.358,-0.125,-0.219,-0.173,-34.200,-25.950,5.850,33.2
15:02:50.004,44391,4.889,-8.303,-1.281,-0.092,-0.109,-0.163,-34.800,-23.250,4.200,33.1
15:02:50.058,44446,5.128,-8.842,-1.255,0.006,0.030,-0.094,-33.750,-23.700,4.650,33.0
15:02:50.110,44501,4.831,-8.693,-1.183,0.057,0.014,-0.042,-33.750,-23.700,4.650,33.0
15:02:50.163,44556,5.454,-8.648,-1.420,-0.021,0.098,-0.047,-35.850,-22.500,4.800,33.0
15:02:50.214,44611,5.940,-10.094,-1.056,0.025,0.154,-0.045,-35.850,-22.500,4.800,33.1
15:02:50.318,44666,6.967,-11.574,-0.721,0.084,0.133,-0.102,-35.100,-24.000,4.800,32.7
15:02:50.371,44721,7.535,-11.530,-0.807,0.131,0.111,-0.118,-35.100,-24.000,4.800,32.9
15:02:50.424,44776,7.037,-10.546,-0.642,0.214,0.149,0.050,-35.100,-23.550,6.000,33.0
15:02:50.477,44831,5.981,-9.689,-0.362,0.338,-0.034,0.446,-35.100,-23.550,6.000,33.0
15:02:50.529,44886,4.875,-8.418,-0.443,0.328,-0.032,0.821,-34.950,-24.900,6.900,33.0
15:02:50.583,44941,3.735,-8.277,-0.050,0.256,-0.014,0.851,-31.500,-27.000,6.900,33.0
15:02:50.635,44996,3.141,-8.380,-0.031,0.193,0.085,0.854,-31.500,-27.000,6.900,33.0
15:02:50.688,45051,3.146,-8.109,-0.326,0.116,0.352,0.758,-28.350,-30.900,6.450,32.8
15:02:50.740,45106,2.282,-9.577,-0.292,-0.067,-0.109,0.593,-28.350,-30.900,6.450,32.8
15:02:50.793,45161,1.956,-9.986,-0.292,-0.209,0.056,0.596,-28.350,-30.900,6.450,33.2
15:02:50.845,45216,2.626,-9.713,0.414,-0.209,-0.051,0.516,-28.350,-30.900,6.450,32.8
15:02:50.896,45271,2.061,-8.950,-0.895,-0.306,0.129,0.528,-22.950,-32.400,6.150,32.8
15:02:50.949,45326,1.037,-9.488,0.048,-0.495,-0.368,0.665,-22.950,-32.400,6.150,33.2
15:02:51.001,45381,2.002,-9.689,-0.321,-0.417,-0.181,0.462,-19.800,-31.350,4.650,33.1
15:02:51.055,45436,0.642,-8.492,-0.840,-0.370,-0.510,0.501,-19.800,-31.350,4.650,32.8
15:02:51.106,45491,1.405,-10.180,-1.295,-0.443,-0.733,0.585,-15.300,-30.450,2.700,32.9
15:02:51.160,45546,1.097,-9.210,-1.851,-0.424,-0.449,0.582,-15.300,-30.450,2.700,33.1
15:02:51.213,45601,0.991,-9.505,-1.554,-0.626,-0.617,0.694,-15.300,-30.450,2.700,32.9
15:02:51.264,45656,0.639,-9.541,-2.066,-0.448,-0.230,0.722,-10.050,-30.300,0.600,32.8
15:02:51.368,45711,0.936,-10.008,-1.688,-0.238,0.146,1.079,-10.050,-30.300,0.600,33.0
15:02:51.369,45766,-0.577,-8.095,-2.533,-0.153,-0.147,1.240,-5.400,-31.350,-1.350,33.0
15:02:51.475,45821,0.496,-6.045,-3.519,-0.110,-0.033,0.052,-5.400,-31.350,-1.350,32.8
15:02:51.526,45876,-0.955,-6.862,-2.672,-0.044,0.526,-0.805,-1.800,-28.800,-1.800,32.9
15:02:51.580,45931,1.025,-7.044,-2.866,0.032,0.345,-1.515,-1.800,-28.800,-1.800,33.1
15:02:51.684,45986,0.057,-7.389,-2.325,0.209,0.774,-1.765,-1.800,-28.800,-1.800,33.2
15:02:51.686,46041,1.954,-9.270,-2.552,0.197,0.585,-1.629,-14.550,-30.750,0.900,33.0
15:02:51.789,46096,2.296,-9.127,-2.387,0.115,0.572,-1.489,-14.550,-30.750,0.900,33.0
15:02:51.790,46151,2.387,-9.481,-1.858,0.088,0.208,-1.345,-22.650,-30.000,1.200,33.1
15:02:51.843,46206,3.041,-9.941,-2.497,-0.168,-0.181,-1.099,-22.650,-30.000,1.200,33.0
15:02:51.893,46261,4.448,-9.742,-1.925,-0.455,-0.598,-1.102,-26.400,-28.500,0.000,32.9
15:02:51.946,46316,4.166,-9.570,-2.911,-0.265,-0.228,-0.858,-26.400,-28.500,0.000,33.0
15:02:51.999,46371,5.861,-9.479,-1.937,-0.113,-0.117,-0.703,-30.300,-26.700,-0.600,33.0
15:02:52.053,46426,4.882,-9.081,-1.932,0.003,-0.036,-0.573,-30.300,-26.700,-0.600,33.2
15:02:52.105,46481,4.930,-9.225,-2.758,0.281,0.014,-0.551,-32.400,-25.350,-3.000,33.0
15:02:52.157,46536,5.679,-9.201,-2.593,0.254,-0.020,-0.548,-32.400,-25.350,-3.000,33.2
15:02:52.210,46591,6.160,-9.067,-2.516,0.297,0.070,-0.412,-32.400,-22.050,0.450,33.1
15:02:52.315,46646,5.837,-8.607,-1.726,0.297,0.018,-0.376,-34.200,-22.350,1.350,32.8
15:02:52.365,46701,6.539,-8.121,-1.796,0.294,0.294,-0.279,-34.200,-22.350,1.350,33.1
15:02:52.367,46756,5.710,-7.640,-1.027,0.276,0.360,-0.120,-35.400,-22.350,3.900,33.0
15:02:52.471,46811,5.895,-7.070,-1.269,0.147,0.409,-0.097,-35.400,-22.350,3.900,33.0
15:02:52.473,46866,5.768,-6.891,-0.359,0.183,0.393,0.027,-37.050,-21.450,4.800,32.8
15:02:52.578,46921,6.682,-7.444,-0.352,0.125,0.388,0.087,-37.050,-21.450,4.800,33.0
15:02:52.580,46976,6.309,-7.477,-0.438,-0.007,0.179,0.159,-36.150,-23.100,6.150,32.9
15:02:52.681,47031,5.732,-7.903,-0.445,-0.119,0.181,0.187,-36.150,-23.100,6.150,32.8
15:02:52.734,47086,6.290,-8.282,-0.254,-0.157,0.182,0.198,-37.050,-21.450,6.750,33.2
15:02:52.788,47141,6.563,-8.210,-0.414,-0.255,0.002,0.207,-39.000,-22.500,8.850,33.0
15:02:52.840,47196,6.079,-8.736,-0.395,-0.198,-0.062,0.227,-39.000,-22.500,8.850,33.0
15:02:52.893,47251,6.005,-8.408,-0.584,-0.115,-0.023,0.280,-37.050,-21.000,7.050,32.8
15:02:52.944,47306,5.947,-8.358,-0.565,-0.073,-0.002,0.338,-37.050,-21.000,7.050,33.1
15:02:52.996,47361,5.236,-8.380,-0.455,-0.111,0.165,0.464,-37.800,-23.250,7.800,33.2
15:02:53.050,47416,5.126,-8.291,-0.747,-0.180,0.062,0.381,-37.800,-23.250,7.800,32.8
15:02:53.103,47471,4.796,-8.708,-0.541,-0.095,0.056,0.321,-33.900,-23.250,8.550,33.0
15:02:53.156,47526,5.040,-9.412,-0.409,-0.143,0.129,0.266,-33.900,-23.250,8.550,33.2
15:02:53.258,47581,6.910,-11.150,-0.273,0.063,0.092,0.054,-35.400,-23.400,6.450,33.0
15:02:53.260,47636,7.424,-12.479,0.493,0.167,0.041,-0.047,-34.200,-24.150,9.450,33.0
15:02:53.311,47691,7.156,-11.411,-0.010,0.035,-0.169,-0.175,-34.200,-24.150,9.450,33.0
15:02:53.363,47746,7.020,-11.052,0.347,0.015,-0.235,0.004,-33.900,-25.350,8.550,33.0
15:02:53.416,47801,5.739,-9.244,0.005,-0.004,-0.201,0.600,-33.900,-25.350,8.550,32.8
15:02:53.469,47856,4.870,-8.808,-0.323,-0.325,-0.338,1.062,-31.500,-26.250,5.400,33.2
15:02:53.521,47911,3.522,-8.514,-1.180,-0.265,-0.145,1.168,-31.500,-26.250,5.400,33.1
15:02:53.574,47966,2.531,-8.957,-0.283,-0.464,-0.219,1.318,-26.400,-27.300,4.650,33.0
15:02:53.628,48021,3.747,-8.399,0.824,-0.364,0.746,1.298,-26.400,-27.300,4.650,33.0
15:02:53.679,48076,1.848,-8.851,-0.115,-0.516,0.679,1.267,-22.500,-29.550,2.100,33.2
15:02:53.785,48131,1.140,-8.162,-1.269,-0.455,0.807,1.218,-22.500,-29.550,2.100,33.0
15:02:53.838,48186,-0.259,-8.025,-2.344,-0.212,1.275,0.871,-18.750,-29.700,1.500,32.9
15:02:53.890,48241,-0.101,-9.467,-2.416,-0.309,0.885,0.689,-15.900,-30.600,0.300,32.8
15:02:53.943,48296,-0.864,-9.309,-2.483,-0.137,0.911,0.356,-15.900,-30.600,0.300,33.1
15:02:53.994,48351,-0.876,-9.799,-2.756,-0.431,0.644,0.330,-15.900,-30.600,0.300,33.0
15:02:54.046,48406,-0.400,-10.025,-2.495,-0.548,0.274,0.357,-15.900,-30.600,0.300,33.1
15:02:54.099,48461,-0.445,-10.288,-1.283,-0.473,0.148,0.667,-14.550,-29.400,-3.000,33.1
15:02:54.153,48516,-0.345,-8.969,-2.631,-0.782,-0.330,1.163,-14.550,-29.400,-3.000,32.9
15:02:54.205,48571,-0.103,-7.925,-2.552,-0.578,-1.280,0.903,-12.000,-27.300,-6.450,33.0
15:02:54.256,48626,0.002,-7.501,-3.117,-0.146,-0.502,-0.326,-12.000,-27.300,-6.450,32.9
15:02:54.308,48681,0.153,-7.580,-2.653,0.160,-0.641,-1.181,-7.350,-25.950,-5.100,33.3
15:02:54.361,48736,-0.737,-8.823,-3.127,0.293,-0.749,-1.247,-7.350,-25.950,-5.100,33.0
15:02:54.416,48791,0.053,-10.111,-3.417,0.108,-0.713,-0.988,-7.350,-25.950,-5.100,33.1
15:02:54.468,48846,-0.053,-9.977,-3.754,-0.069,-0.713,-0.740,-13.200,-28.500,-3.600,32.9
15:02:54.520,48901,0.122,-8.971,-2.971,-0.046,-1.226,-0.771,-13.200,-28.500,-3.600,33.2
15:02:54.571,48956,1.618,-9.201,-2.447,0.061,-0.554,-0.905,-13.800,-28.200,-2.250,32.9
15:02:54.625,49011,1.001,-9.196,-2.217,0.031,-0.804,-0.940,-13.800,-28.200,-2.250,32.9
15:02:54.678,49066,2.365,-10.163,-2.054,-0.074,-0.335,-0.723,-16.500,-30.000,-2.250,32.8
15:02:54.782,49121,1.994,-10.542,-2.006,-0.119,-0.269,-0.676,-16.500,-30.000,-2.250,33.2
15:02:54.784,49176,1.760,-9.955,-2.600,0.076,0.439,-0.437,-16.500,-30.000,-2.250,33.0
15:02:54.836,49231,1.808,-8.382,-2.562,0.003,0.241,-0.525,-16.500,-30.000,-2.250,33.2
15:02:54.939,49286,2.231,-7.041,-1.925,0.069,0.239,-0.900,-22.350,-28.950,-1.500,32.9
15:02:54.991,49341,2.195,-6.816,-1.482,0.205,0.066,-1.064,-26.250,-27.900,-0.900,32.8
15:02:55.098,49396,4.822,-8.258,-1.755,0.376,0.499,-1.031,-26.250,-27.900,-0.900,32.9
15:02:55.099,49451,4.695,-8.274,-1.870,0.250,0.124,-1.088,-30.450,-27.150,1.950,33.0
15:02:55.150,49506,4.583,-7.448,-2.100,0.027,-0.150,-1.184,-30.450,-27.150,1.950,33.1
15:02:55.203,49561,5.334,-7.882,-1.836,-0.212,-0.010,-1.087,-30.450,-27.150,1.950,32.8
15:02:55.254,49616,5.909,-7.793,-1.324,-0.048,0.024,-0.905,-30.450,-27.150,1.950,33.1
15:02:55.306,49671,7.163,-7.824,-1.379,0.112,0.208,-0.721,-35.550,-21.450,2.250,33.0
15:02:55.360,49726,7.017,-8.274,-1.324,0.191,0.216,-0.485,-35.550,-21.450,2.250,33.1
15:02:55.413,49781,6.859,-7.860,-1.671,0.274,0.189,-0.291,-38.400,-20.550,3.600,32.8
15:02:55.466,49836,7.676,-8.033,-1.362,0.378,0.194,-0.134,-39.450,-19.200,4.800,33.0
15:02:55.516,49891,7.381,-7.645,-0.888,0.367,0.018,0.171,-39.450,-19.200,4.800,33.0
15:02:55.569,49946,7.664,-7.781,-0.690,0.262,0.194,0.338,-39.450,-19.200,4.800,33.0
15:02:55.623,50001,7.626,-7.341,-0.790,0.059,0.303,0.557,-39.450,-19.200,4.800,33.0
15:02:55.676,50056,7.362,-8.001,-0.002,0.198,0.512,0.998,-39.150,-20.100,7.650,33.0
15:02:55.726,50111,6.730,-8.253,0.764,0.182,0.935,1.505,-39.150,-20.100,7.650,33.2
15:02:55.780,50166,6.948,-8.375,0.189,0.121,1.134,1.891,-35.850,-24.600,10.350,32.8
15:02:55.833,50221,5.914,-9.594,2.274,-0.198,0.528,1.861,-35.850,-24.600,10.350,33.1
15:02:55.886,50276,-2.322,-5.224,-2.071,-0.425,1.723,2.154,-30.600,-27.750,12.000,32.9
15:02:55.938,50331,-1.381,-9.120,0.836,-0.840,-0.933,1.616,-30.600,-27.750,12.000,33.2
15:02:55.990,50386,1.856,-12.079,-0.632,-0.262,-2.012,0.718,-30.600,-27.750,12.000,33.1
15:02:56.095,50441,4.010,-11.545,0.864,0.290,0.056,1.177,-19.950,-28.200,8.100,33.1
15:02:56.148,50496,-5.885,-8.377,-0.778,0.942,0.456,1.022,-19.950,-28.200,8.100,33.1
15:02:56.200,50551,0.824,-10.523,1.815,0.627,0.845,0.735,-17.100,-32.100,10.950,32.8
15:02:56.251,50606,-1.879,-10.451,1.475,0.726,1.151,0.745,-17.100,-32.100,10.950,33.2
15:02:56.304,50661,-1.626,-9.448,0.627,0.581,1.055,0.345,-15.750,-32.550,12.900,33.0
15:02:56.358,50716,-2.974,-10.321,0.836,0.107,0.115,0.269,-15.750,-32.550,12.900,33.1
15:02:56.410,50771,-0.883,-10.748,2.835,0.492,0.055,0.221,-15.750,-32.550,12.900,33.2
15:02:56.463,50826,-2.306,-10.149,2.847,0.132,0.033,-0.127,-15.750,-32.550,12.900,33.0
15:02:56.513,50881,-1.176,-10.487,2.210,0.069,-0.258,-0.109,-12.450,-33.450,18.150,33.3
15:02:56.566,50936,-1.511,-9.790,2.071,-0.046,-0.489,-0.219,-15.450,-29.550,17.550,32.8
15:02:56.619,50991,-1.666,-9.912,1.858,-0.068,-0.449,-0.075,-15.450,-29.550,17.550,32.8
15:02:56.673,51046,-1.307,-9.493,2.421,-0.163,-0.480,-0.101,-12.900,-30.750,15.900,33.0
15:02:56.724,51101,-2.167,-8.906,2.540,-0.154,-0.337,-0.209,-12.900,-30.750,15.900,33.1
15:02:56.777,51156,-1.247,-8.590,1.573,0.046,-0.018,0.002,-12.900,-30.750,15.900,33.2
15:02:56.830,51211,-0.589,-9.979,2.811,0.111,-0.154,0.149,-12.900,-30.750,15.900,33.2
15:02:56.881,51266,-1.554,-12.194,3.235,-0.028,-0.011,-0.105,-14.850,-29.700,16.950,32.9
15:02:56.935,51321,-0.280,-14.530,2.907,-0.091,0.252,-0.814,-14.850,-29.700,16.950,32.8
15:02:56.988,51376,1.666,-14.035,2.883,0.116,-0.031,-1.342,-15.450,-31.350,16.800,33.0
15:02:57.039,51431,1.077,-11.911,3.905,0.187,-0.784,-0.945,-20.100,-31.350,16.350,33.1
15:02:57.091,51486,1.496,-9.871,2.885,-0.443,-0.512,-0.412,-20.100,-31.350,16.350,33.2
15:02:57.144,51541,1.144,-10.139,2.749,-0.635,-0.720,-0.193,-20.100,-31.350,16.350,33.2
15:02:57.251,51596,0.271,-9.261,1.942,-0.803,-0.378,0.018,-20.100,-31.350,16.350,33.2
15:02:57.303,51651,-0.417,-8.930,1.381,-0.726,0.036,0.151,-18.150,-30.600,12.300,33.1
15:02:57.356,51706,0.381,-8.605,0.345,-0.701,0.212,0.412,-18.150,-30.600,12.300,33.0
15:02:57.408,51761,1.135,-9.330,-0.165,-0.656,-0.447,0.570,-18.450,-32.250,9.600,33.0
15:02:57.461,51816,-0.694,-9.847,0.010,-0.685,-0.170,0.457,-18.450,-32.250,9.600,33.1
15:02:57.511,51871,-0.285,-9.177,-0.893,-0.732,0.275,0.474,-15.150,-30.900,7.650,33.2
15:02:57.564,51926,-0.543,-9.076,-1.319,-0.753,0.533,0.633,-15.150,-30.900,7.650,33.3
15:02:57.616,51981,0.215,-8.985,-1.484,-0.613,0.305,0.749,-15.150,-30.900,7.650,33.2
15:02:57.670,52036,-1.034,-8.550,-1.774,-0.443,0.211,0.871,-9.600,-29.100,2.100,33.2
15:02:57.722,52091,-0.153,-9.589,-1.216,-0.193,-0.344,1.097,-9.600,-29.100,2.100,33.2
15:02:57.775,52146,-1.879,-6.208,-1.427,-0.069,-0.412,1.456,-3.600,-28.950,-0.450,33.0
15:02:57.828,52201,0.654,-5.997,-1.417,0.354,-1.036,0.006,-3.600,-28.950,-0.450,33.0
15:02:57.878,52256,0.915,-5.009,-1.425,0.794,0.332,-1.834,-1.500,-29.100,-0.600,33.1
15:02:57.931,52311,-1.381,-5.406,-0.232,0.828,0.709,-2.147,-1.500,-29.100,-0.600,33.0
15:02:57.986,52366,-0.259,-8.894,-0.860,0.758,1.115,-1.495,-1.500,-29.100,-0.600,33.2
15:02:58.038,52421,1.712,-9.352,-1.171,0.053,-0.410,-1.001,-1.500,-29.100,-0.600,33.2
15:02:58.089,52476,2.765,-9.783,0.450,-0.099,-0.403,-0.649,-16.650,-30.900,8.700,33.0
15:02:58.141,52531,0.804,-10.274,0.517,-0.239,-0.188,-0.620,-19.350,-31.350,10.950,33.1
15:02:58.196,52586,0.886,-10.285,-0.409,-0.293,-0.379,-0.364,-19.350,-31.350,10.950,33.2
15:02:58.248,52641,2.514,-10.568,0.328,0.014,-0.498,-0.297,-21.450,-31.500,8.100,33.3
15:02:58.301,52696,1.456,-10.372,-0.405,-0.190,-0.611,-0.204,-21.450,-31.500,8.100,32.9
15:02:58.406,52751,2.387,-10.376,-0.373,-0.225,-0.147,-0.064,-21.450,-31.500,8.100,32.9
15:02:58.458,52806,2.016,-10.982,-0.261,-0.148,-0.070,-0.131,-21.450,-31.500,8.100,33.2
15:02:58.511,52861,1.863,-10.932,-0.180,-0.064,0.241,-0.076,-22.950,-29.850,7.200,33.2
15:02:58.562,52916,1.686,-10.886,0.175,0.107,0.327,-0.105,-22.950,-29.850,7.200,32.8
15:02:58.613,52971,2.938,-10.738,-0.012,0.150,0.440,-0.016,-25.650,-30.600,8.400,33.2
15:02:58.666,53026,2.169,-10.712,-0.101,0.260,0.474,0.159,-25.200,-29.550,8.400,33.4
15:02:58.721,53081,2.514,-11.363,1.243,0.451,0.303,0.123,-25.200,-29.550,8.400,33.3
15:02:58.773,53136,3.689,-10.757,0.778,0.715,1.157,0.395,-25.200,-29.550,8.400,33.1
15:02:58.826,53191,1.369,-9.565,0.742,0.850,0.644,0.619,-25.200,-29.550,8.400,33.2
15:02:58.878,53246,1.085,-9.373,1.221,0.329,0.798,0.203,-25.950,-30.900,15.300,33.2
15:02:58.928,53301,1.034,-9.244,1.484,-0.037,0.740,-0.020,-25.950,-30.900,15.300,32.8
15:02:58.981,53356,1.132,-9.471,1.944,-0.192,-0.083,-0.275,-25.350,-30.750,17.250,33.3
15:02:59.034,53411,1.575,-9.376,2.081,0.124,0.299,-0.190,-25.350,-30.750,17.250,33.2
15:02:59.087,53466,2.600,-9.610,1.882,0.248,-0.002,0.070,-26.400,-29.550,19.350,33.2
15:02:59.141,53521,2.749,-10.005,2.679,0.253,0.275,0.321,-26.400,-29.550,19.350,33.2
15:02:59.193,53576,1.796,-10.142,2.344,0.115,0.245,0.508,-26.400,-29.550,19.350,33.2
15:02:59.245,53631,1.302,-10.274,2.478,0.058,0.204,0.688,-22.650,-31.500,21.000,33.3
15:02:59.296,53687,-0.350,-14.246,5.045,0.015,0.063,0.256,-22.650,-31.500,21.000,33.1
15:02:59.349,53741,2.327,-15.134,5.143,-0.054,-0.292,-0.706,-23.250,-30.900,19.350,32.8
15:02:59.401,53796,2.339,-12.905,3.376,-0.047,-0.304,-0.831,-23.250,-30.900,19.350,33.2
15:02:59.455,53851,2.102,-10.824,2.622,-0.405,-0.885,-0.459,-23.850,-31.200,18.750,33.2
15:02:59.561,53906,0.259,-9.852,1.927,-0.757,-1.077,-0.136,-23.850,-31.200,18.750,33.2
15:02:59.611,53961,0.967,-9.366,1.180,-0.948,-0.768,-0.116,-23.850,-31.200,18.750,33.2
15:02:59.664,54016,2.516,-9.244,1.094,-0.909,-0.854,0.181,-23.850,-31.200,18.750,33.2
15:02:59.717,54071,-0.752,-8.097,-0.678,-0.778,-0.434,0.457,-21.300,-30.900,12.000,33.1
15:02:59.768,54126,1.065,-9.170,0.508,-0.742,-0.512,0.667,-19.800,-31.350,7.200,33.1
15:02:59.821,54181,0.378,-9.172,-0.972,-0.622,-0.032,0.793,-19.800,-31.350,7.200,33.2
15:02:59.875,54236,0.457,-9.333,-1.288,-0.376,-0.167,1.017,-16.800,-31.200,4.500,33.3
15:02:59.928,54291,-0.026,-8.835,-1.784,-0.190,-0.342,1.117,-16.800,-31.200,4.500,33.2
15:02:59.980,54346,0.225,-8.598,-1.221,-0.126,-0.155,1.125,-16.800,-31.200,4.500,33.2
15:03:00.031,54401,-0.091,-7.434,-1.676,-0.166,-0.626,1.338,-16.800,-31.200,4.500,33.2
15:03:00.138,54456,-1.841,-5.344,-0.974,-0.339,-0.836,1.206,-4.650,-29.100,0.600,33.2
15:03:00.140,54511,-0.311,-5.485,-2.320,0.156,-0.626,-0.059,-4.650,-29.100,0.600,33.0
15:03:00.191,54566,1.032,-4.384,-2.109,0.302,0.131,-1.292,-1.050,-28.500,0.300,33.4
15:03:00.243,54621,0.029,-6.876,-0.256,0.054,-0.323,-1.387,-5.400,-29.550,1.350,33.3
15:03:00.296,54676,-0.733,-9.436,1.259,-0.287,-0.352,-1.448,-5.400,-29.550,1.350,33.2
15:03:00.348,54731,-1.618,-10.245,0.402,-0.225,-0.290,-1.037,-9.900,-30.750,3.450,33.3
15:03:00.400,54786,-0.050,-10.013,-1.563,-0.083,-0.300,-0.725,-9.900,-30.750,3.450,33.1
15:03:00.453,54841,0.002,-11.009,-1.125,-0.044,0.141,-0.520,-13.950,-31.350,3.600,33.2
15:03:00.504,54896,0.505,-10.494,-1.865,-0.025,0.104,-0.373,-13.950,-31.350,3.600,33.0
15:03:00.558,54951,0.412,-10.652,-1.911,0.230,0.536,-0.365,-18.150,-29.550,3.900,33.4
15:03:00.608,55006,1.822,-11.961,-0.479,0.095,0.499,-0.305,-18.150,-29.550,3.900,33.0
15:03:00.715,55061,1.755,-12.088,-0.148,0.122,0.389,-0.043,-19.800,-28.050,5.100,33.3
15:03:00.768,55116,2.207,-10.724,-0.886,0.025,0.520,0.024,-19.800,-28.050,5.100,33.2
15:03:00.819,55171,1.458,-11.595,-0.417,0.024,0.399,0.182,-21.450,-28.650,7.050,33.2
15:03:00.871,55226,1.930,-10.685,-0.472,-0.066,0.458,0.066,-23.250,-28.800,7.650,33.3
15:03:00.924,55281,1.262,-10.491,-0.484,-0.082,0.286,0.205,-23.250,-28.800,7.650,33.0
15:03:00.979,55336,0.778,-10.381,0.060,-0.130,0.408,0.045,-23.100,-28.950,8.850,33.3
15:03:01.031,55391,1.391,-10.077,-0.436,-0.178,0.180,-0.015,-23.100,-28.950,8.850,33.2
15:03:01.084,55446,0.970,-10.312,0.010,-0.143,0.267,0.013,-22.950,-27.300,8.700,33.1
15:03:01.134,55501,1.659,-10.257,-0.105,-0.066,0.201,0.023,-22.950,-27.300,8.700,33.2
15:03:01.186,55556,1.618,-10.652,-0.105,-0.015,0.210,-0.076,-23.400,-26.850,10.050,33.4
15:03:01.241,55611,3.165,-11.952,-0.062,-0.179,0.020,-0.126,-23.400,-26.850,10.050,33.0
15:03:01.291,55666,3.323,-15.036,0.663,-0.004,-0.102,-0.387,-24.000,-27.750,9.000,33.0
15:03:01.344,55721,3.400,-14.437,0.702,0.199,-0.273,-0.889,-26.700,-27.750,10.200,33.4
15:03:01.398,55776,3.139,-12.926,0.582,0.189,-0.364,-0.764,-26.700,-27.750,10.200,33.2
15:03:01.450,55831,2.689,-11.885,0.275,0.081,-0.354,-0.552,-28.200,-28.200,9.600,33.2
15:03:01.503,55886,1.894,-10.314,0.395,-0.062,-0.306,-0.137,-28.200,-28.200,9.600,33.2
15:03:01.556,55941,2.076,-9.469,0.378,-0.183,-0.258,0.243,-27.900,-29.100,9.000,33.5
15:03:01.606,55996,1.760,-8.717,-0.472,-0.282,-0.178,0.564,-27.900,-29.100,9.000,33.2
15:03:01.658,56051,1.803,-8.377,-1.171,-0.406,-0.270,0.826,-27.900,-29.100,9.000,32.8
15:03:01.711,56106,2.016,-9.067,-0.493,-0.439,-0.172,1.051,-27.900,-29.100,9.000,33.2
15:03:01.766,56161,1.010,-8.296,-1.358,-0.406,-0.006,1.179,-19.200,-30.450,4.500,33.2
15:03:01.869,56216,0.022,-7.717,-1.951,-0.433,-0.115,1.356,-19.200,-30.450,4.500,33.4
15:03:01.921,56271,0.184,-7.621,-1.920,-0.283,0.087,1.263,-14.100,-29.400,1.200,33.2
15:03:01.975,56326,0.603,-8.195,-2.016,-0.230,-0.075,1.255,-8.700,-30.000,-0.450,33.5
15:03:02.028,56381,-0.163,-6.285,-2.389,-0.609,-0.036,1.115,-8.700,-30.000,-0.450,33.2
15:03:02.080,56436,-0.160,-5.722,-1.358,0.084,-0.348,-0.444,-8.700,-30.000,-0.450,33.0
15:03:02.131,56491,1.293,-3.522,-1.774,0.758,-0.262,-1.687,-8.700,-30.000,-0.450,33.2
15:03:02.185,56546,0.539,-6.237,-0.500,0.985,0.667,-1.882,-9.450,-28.650,-0.150,33.2
15:03:02.238,56601,1.046,-9.055,0.196,0.550,0.328,-1.475,-9.450,-28.650,-0.150,33.1
15:03:02.291,56656,0.314,-9.254,-0.261,-0.046,-0.302,-1.015,-18.000,-31.200,4.500,33.2
15:03:02.343,56711,1.915,-10.082,0.117,-0.057,-0.201,-0.998,-18.000,-31.200,4.500,33.2
15:03:02.394,56766,1.420,-9.914,-1.120,-0.322,-0.330,-0.561,-21.450,-31.200,7.350,33.2
15:03:02.447,56821,2.394,-11.284,-0.187,0.018,-0.346,-0.357,-21.450,-31.200,7.350,33.0
15:03:02.501,56876,2.945,-11.188,-0.637,-0.292,-0.206,-0.126,-21.450,-31.200,7.350,33.2
15:03:02.553,56931,2.583,-11.140,-1.192,-0.215,-0.406,0.216,-25.050,-30.450,4.500,33.3
15:03:02.606,56986,2.981,-11.617,-0.874,-0.107,-0.006,0.298,-25.050,-30.450,4.500,33.2
15:03:02.656,57041,2.485,-11.533,-1.743,-0.376,-0.069,0.392,-25.200,-27.750,5.400,33.2
15:03:02.709,57096,2.416,-11.308,-1.748,-0.254,0.065,0.227,-25.200,-27.750,5.400,33.1
15:03:02.762,57151,2.052,-10.807,-1.348,-0.082,-0.044,0.280,-25.200,-29.550,3.150,33.3
15:03:02.816,57206,1.978,-10.420,-1.623,-0.104,0.252,0.299,-25.200,-29.550,3.150,32.8
15:03:02.868,57261,1.484,-10.204,-1.238,0.015,0.096,0.266,-25.200,-29.550,3.150,33.0
15:03:02.919,57316,1.585,-10.216,-1.267,-0.009,0.302,0.179,-24.000,-29.550,4.350,33.3
15:03:03.026,57371,1.056,-10.183,-1.022,0.010,0.241,0.119,-24.000,-29.550,4.350,33.2
15:03:03.078,57426,1.800,-10.673,-0.982,-0.014,0.234,-0.046,-24.450,-27.300,5.850,33.3
15:03:03.129,57481,1.757,-11.301,-0.852,0.047,0.053,-0.241,-24.450,-27.300,5.850,33.6
15:03:03.182,57536,2.502,-12.057,-0.232,0.134,0.038,-0.504,-23.400,-28.200,6.000,33.3
15:03:03.234,57591,4.681,-13.858,-0.316,0.122,0.105,-0.729,-23.400,-28.200,6.000,33.2
15:03:03.287,57646,4.393,-13.005,-0.491,0.075,0.091,-0.808,-23.400,-28.200,6.000,33.0
15:03:03.341,57701,2.962,-11.495,-0.122,0.188,-0.075,-0.472,-23.400,-28.200,6.000,33.2
15:03:03.393,57756,2.844,-10.992,0.005,0.210,-0.067,-0.212,-28.350,-27.300,7.650,33.3
15:03:03.446,57811,2.150,-10.192,-0.120,0.157,-0.103,0.079,-28.350,-27.300,7.650,33.3
15:03:03.498,57866,3.014,-9.835,-0.766,-0.040,-0.349,0.314,-28.350,-28.800,6.450,33.2
15:03:03.551,57921,2.059,-9.280,-1.123,-0.166,-0.318,0.543,-26.400,-30.300,6.900,33.2
15:03:03.603,57976,1.776,-9.428,-0.184,-0.043,-0.228,0.703,-26.400,-30.300,6.900,33.4
15:03:03.654,58031,1.530,-8.346,-0.421,-0.136,-0.054,1.057,-26.400,-30.300,6.900,33.1
15:03:03.706,58086,1.350,-8.258,-1.089,-0.236,-0.022,1.310,-26.400,-30.300,6.900,33.4
15:03:03.759,58141,0.551,-7.812,-1.319,-0.364,-0.079,1.337,-17.850,-29.850,3.900,33.3
15:03:03.813,58196,0.804,-8.691,-1.123,-0.228,-0.293,1.423,-17.850,-29.850,3.900,33.2
15:03:03.864,58251,-1.142,-5.590,-2.059,-0.435,-0.732,1.539,-10.500,-31.650,0.600,33.3
15:03:03.917,58306,0.929,-5.502,-1.120,-0.804,-0.803,1.444,-10.500,-31.650,0.600,33.4
15:03:03.971,58361,-0.280,-5.277,0.014,0.331,0.198,-0.563,-2.400,-28.200,-0.450,33.2
15:03:04.023,58416,-0.120,-4.257,-1.810,0.603,0.633,-1.572,-2.400,-28.200,-0.450,33.1
15:03:04.074,58471,-0.673,-6.632,-0.352,0.701,0.630,-1.796,-2.400,-28.200,-0.450,33.2
15:03:04.179,58526,-1.571,-7.027,-1.348,0.488,0.429,-1.549,-12.000,-30.600,4.650,33.2
15:03:04.233,58581,-0.371,-9.840,0.089,0.178,0.045,-1.314,-12.000,-30.600,4.650,33.2
15:03:04.284,58636,1.980,-11.693,0.034,-0.296,-0.056,-0.771,-21.000,-29.550,7.650,33.2
15:03:04.338,58691,1.753,-10.795,-0.819,-0.324,-0.155,-0.306,-21.000,-29.550,7.650,33.2
15:03:04.391,58746,3.828,-10.575,-0.350,-0.436,-0.060,-0.108,-22.950,-29.100,6.450,33.1
15:03:04.443,58801,0.376,-11.183,-1.259,-0.287,-0.212,0.097,-22.950,-29.100,6.450,33.0
15:03:04.496,58856,2.418,-11.224,-0.587,-0.467,-0.250,0.152,-22.950,-29.100,6.450,33.2
15:03:04.548,58911,1.832,-10.549,-1.822,-0.186,-0.055,0.189,-22.950,-29.100,6.450,33.3
15:03:04.601,58966,1.666,-10.975,-1.295,-0.105,-0.051,0.199,-25.050,-29.700,5.550,33.2
15:03:04.651,59021,2.025,-10.800,-1.925,-0.261,0.147,0.317,-24.450,-28.050,3.900,33.2
15:03:04.703,59076,1.973,-11.059,-1.659,-0.145,-0.135,0.249,-24.450,-28.050,3.900,33.3
15:03:04.756,59131,1.437,-11.193,-1.434,-0.049,-0.016,0.245,-24.300,-27.600,3.750,33.4
15:03:04.810,59186,1.669,-10.554,-1.144,0.019,0.181,0.111,-24.300,-27.600,3.750,33.2
15:03:04.864,59241,0.721,-10.467,-1.190,-0.073,0.108,0.080,-24.300,-27.600,3.750,33.1
15:03:04.914,59296,1.614,-10.211,-1.372,-0.103,0.108,-0.022,-24.300,-27.600,3.750,33.1
15:03:04.968,59351,1.346,-10.214,-1.020,-0.006,-0.078,0.021,-23.400,-27.900,4.200,33.3
15:03:05.021,59406,1.312,-10.810,-1.049,-0.042,0.119,-0.000,-23.400,-27.900,4.200,33.3
15:03:05.073,59461,2.995,-14.028,-0.946,0.067,0.074,-0.265,-24.300,-28.650,6.000,33.2
15:03:05.126,59516,4.085,-15.304,-0.558,0.269,0.146,-1.052,-25.200,-28.800,5.850,33.4
15:03:05.176,59571,3.721,-12.972,-0.261,0.217,0.124,-0.912,-25.200,-28.800,5.850,33.0
15:03:05.229,59626,2.974,-11.988,-0.402,0.296,0.133,-0.580,-25.200,-28.800,5.850,33.4
15:03:05.333,59681,2.593,-10.532,-0.493,0.253,0.190,-0.212,-25.200,-28.800,5.850,33.4
15:03:05.386,59736,1.992,-9.764,-0.584,0.234,0.013,0.242,-27.750,-28.200,7.050,33.3
15:03:05.441,59791,1.832,-9.115,-0.649,0.090,-0.130,0.455,-27.750,-28.200,7.050,33.2
15:03:05.491,59846,2.143,-9.007,-0.711,0.034,-0.007,0.555,-24.000,-29.850,6.450,33.4
15:03:05.546,59901,1.599,-8.792,0.036,-0.228,0.145,0.753,-24.000,-29.850,6.450,33.2
15:03:05.596,59956,1.123,-8.305,-0.539,-0.447,0.081,0.940,-22.950,-30.900,7.650,33.4
15:03:05.649,60011,1.559,-8.059,-1.046,-0.408,0.298,0.992,-22.950,-30.900,7.650,33.3
15:03:05.753,60066,1.281,-8.973,-0.934,-0.464,0.461,1.032,-22.950,-30.900,7.650,33.2
15:03:05.754,60121,0.373,-8.222,-1.729,-0.629,0.191,1.176,-13.500,-29.850,2.100,33.4
15:03:05.808,60176,0.352,-8.495,-1.413,-0.279,0.071,1.375,-13.500,-29.850,2.100,33.4
15:03:05.861,60231,-2.825,-5.028,-0.589,-0.897,-1.318,1.647,-8.250,-28.950,-1.200,33.2
15:03:05.913,60286,1.128,-5.890,-3.419,-0.639,-2.139,-0.165,-8.250,-28.950,-1.200,33.2
15:03:05.966,60341,3.630,-6.491,-0.254,0.058,0.163,-1.183,0.150,-26.400,-2.700,33.2
15:03:06.018,60396,-0.960,-4.994,-2.351,0.445,0.485,-1.880,0.150,-26.400,-2.700,33.2
15:03:06.121,60451,-0.340,-7.582,-1.508,0.475,0.149,-1.666,-8.100,-29.100,0.000,33.3
15:03:06.123,60506,1.228,-9.026,-2.409,0.136,-0.075,-1.289,-8.100,-29.100,0.000,33.2
15:03:06.174,60561,1.164,-10.980,-1.161,0.193,-0.268,-0.717,-14.250,-29.850,2.550,33.2
15:03:06.227,60616,1.018,-10.910,-0.682,-0.027,-0.034,-0.464,-19.350,-29.550,3.600,33.4
15:03:06.281,60671,1.599,-10.175,-1.985,-0.190,0.041,-0.195,-19.350,-29.550,3.600,33.4
15:03:06.333,60726,0.864,-10.618,-1.973,-0.092,-0.272,-0.037,-21.000,-29.100,1.800,33.3
15:03:06.386,60781,1.511,-11.495,-1.642,-0.070,0.093,-0.106,-21.000,-29.100,1.800,33.3
15:03:06.491,60836,1.274,-10.870,-1.654,-0.022,0.211,0.127,-21.450,-28.950,3.000,33.3
15:03:06.543,60891,1.927,-10.872,-2.095,0.002,0.019,0.037,-21.450,-28.950,3.000,33.2
15:03:06.594,60946,1.827,-11.341,-1.156,-0.002,0.111,0.084,-21.450,-28.950,3.000,33.4
15:03:06.646,61001,2.416,-10.331,-1.841,-0.201,0.225,0.065,-21.450,-28.950,3.000,33.4
15:03:06.699,61056,1.669,-10.793,-1.262,-0.105,0.112,0.153,-25.050,-30.450,3.000,33.4
15:03:06.753,61111,1.630,-10.333,-1.298,-0.147,0.299,0.015,-25.050,-28.650,3.000,33.4
15:03:06.804,61166,1.305,-10.374,-1.489,-0.041,0.189,0.020,-25.050,-28.650,3.000,33.1
15:03:06.856,61221,1.281,-10.226,-1.154,0.083,0.324,-0.023,-24.000,-28.500,3.600,33.3
15:03:06.908,61276,2.567,-10.654,-0.589,0.143,0.247,-0.152,-24.000,-28.500,3.600,33.4
15:03:06.961,61331,0.788,-10.669,-0.960,0.249,0.230,-0.171,-24.000,-28.500,3.600,33.5
15:03:07.013,61386,2.227,-11.291,-0.584,0.328,0.550,-0.221,-24.000,-28.500,3.600,33.3
15:03:07.067,61441,3.886,-13.836,-0.950,0.165,-0.026,-0.310,-26.250,-27.900,6.000,33.3
15:03:07.119,61496,3.311,-14.260,0.970,0.439,0.016,-0.832,-26.250,-27.900,6.000,33.2
15:03:07.171,61551,3.867,-11.693,0.510,0.336,0.032,-0.618,-29.250,-29.400,7.050,33.1
15:03:07.223,61606,2.612,-10.417,0.182,0.146,0.008,-0.414,-29.250,-29.400,7.050,33.0
15:03:07.276,61661,3.893,-10.561,0.948,0.019,-0.043,-0.189,-29.850,-28.500,9.000,33.4
15:03:07.328,61716,2.916,-9.697,0.608,-0.184,-0.191,0.223,-29.850,-28.500,9.000,33.3
15:03:07.382,61771,2.658,-9.412,0.541,-0.157,-0.129,0.521,-29.850,-28.500,9.000,33.2
15:03:07.434,61826,2.114,-8.887,-0.271,-0.269,-0.047,0.703,-26.250,-29.700,8.100,33.2
15:03:07.539,61881,1.999,-8.772,-0.328,-0.280,-0.001,0.775,-26.250,-29.700,8.100,33.2
15:03:07.540,61936,1.985,-9.340,-0.026,-0.410,0.112,0.854,-23.700,-31.650,7.650,33.2
15:03:07.643,61991,1.089,-8.246,-0.776,-0.490,0.071,1.007,-23.700,-31.650,7.650,33.1
15:03:07.749,62046,1.178,-8.171,-1.101,-0.406,-0.091,1.141,-19.050,-31.350,2.550,33.4
15:03:07.750,62101,0.031,-7.501,-1.891,-0.299,-0.191,0.992,-19.050,-31.350,2.550,33.3
15:03:07.801,62156,0.965,-8.598,-1.851,-0.127,-0.481,1.006,-19.050,-31.350,2.550,33.4
15:03:07.853,62211,0.038,-7.743,-1.211,-0.131,-0.352,0.928,-8.250,-30.750,0.900,33.3
15:03:07.907,62266,-0.153,-6.567,-1.908,-0.548,-0.703,0.606,-8.250,-30.750,0.900,33.4
15:03:07.958,62321,0.263,-4.149,-1.908,-0.370,-0.736,-0.804,-6.750,-28.950,0.150,33.2
15:03:08.011,62376,4.061,-6.211,1.006,-0.122,-0.315,-1.275,-6.750,-28.950,0.150,33.2
15:03:08.065,62431,0.089,-6.831,0.218,0.447,0.302,-2.004,-10.200,-31.500,0.900,33.2
15:03:08.117,62486,-0.599,-7.535,-2.025,0.531,-0.035,-1.517,-10.200,-31.500,0.900,33.4
15:03:08.220,62541,2.416,-11.044,-0.637,0.533,-0.238,-1.212,-10.200,-31.500,0.900,33.2
15:03:08.221,62596,2.339,-11.260,-0.026,0.425,0.012,-0.636,-10.200,-31.500,0.900,33.3
15:03:08.274,62651,3.431,-10.925,-0.400,0.203,-0.022,-0.677,-24.000,-32.400,7.200,33.3
15:03:08.327,62706,3.768,-10.676,-0.215,0.094,-0.063,-0.244,-25.950,-30.900,8.700,33.4
15:03:08.379,62761,3.045,-10.989,-0.397,0.070,0.052,-0.021,-25.950,-30.900,8.700,33.2
15:03:08.432,62816,3.733,-11.337,-0.508,-0.001,0.006,0.080,-24.300,-30.750,9.600,33.2
15:03:08.484,62871,3.321,-11.320,0.613,0.112,0.089,0.247,-24.300,-30.750,9.600,33.4
15:03:08.537,62926,2.938,-9.706,-0.397,0.099,0.371,0.215,-26.400,-29.550,9.000,33.4
15:03:08.590,62981,3.740,-10.733,0.558,0.014,0.189,0.513,-26.400,-29.550,9.000,33.4
15:03:08.642,63036,2.212,-10.025,0.311,-0.064,0.275,0.550,-26.400,-29.550,9.000,33.2
15:03:08.693,63091,2.069,-10.075,0.139,-0.222,0.201,0.528,-26.400,-29.550,9.000,33.4
15:03:08.799,63146,0.955,-10.094,0.048,-0.282,0.329,0.305,-23.850,-30.450,7.800,33.2
15:03:08.850,63201,1.358,-9.821,-0.129,-0.316,0.221,0.168,-23.850,-30.450,7.800,33.4
15:03:08.904,63256,1.116,-10.199,0.328,-0.237,0.264,0.079,-25.950,-31.650,10.500,33.4
15:03:08.957,63311,1.676,-10.228,0.204,-0.203,0.062,0.039,-23.850,-30.750,12.150,33.6
15:03:09.008,63366,0.783,-11.708,0.615,0.077,-0.082,-0.083,-23.850,-30.750,12.150,33.4
15:03:09.062,63421,1.669,-13.312,1.221,0.298,-0.106,-0.525,-23.850,-30.750,12.150,33.4
15:03:09.114,63476,5.071,-14.076,1.056,0.286,0.118,-0.914,-23.850,-30.750,12.150,33.7
15:03:09.167,63531,4.779,-13.070,1.046,0.185,-0.264,-0.521,-27.150,-30.900,11.250,33.1
15:03:09.218,63586,3.460,-12.254,1.312,0.209,-0.019,-0.290,-27.150,-30.900,11.250,33.3
15:03:09.271,63641,2.184,-11.236,1.032,0.171,-0.103,0.006,-27.900,-30.900,12.300,33.4
15:03:09.325,63696,2.653,-9.692,0.012,-0.150,-0.453,0.148,-27.900,-30.900,12.300,33.4
15:03:09.429,63751,0.864,-8.911,1.216,-1.104,-1.800,0.302,-27.000,-30.750,11.850,33.2
15:03:09.430,63806,0.749,-7.786,-0.373,-0.395,-0.021,0.395,-27.000,-30.750,11.850,33.3
15:03:09.482,63861,2.133,-9.043,-0.771,-0.628,-0.409,0.850,-27.000,-30.750,11.850,33.5
15:03:09.535,63916,2.354,-8.885,-1.068,-0.304,0.284,1.092,-21.000,-32.400,4.350,33.0
15:03:09.587,63971,0.553,-7.970,-1.283,-0.522,0.294,1.346,-21.000,-32.400,4.350,33.4
15:03:09.640,64026,0.527,-8.473,-1.808,-0.385,0.559,1.294,-14.850,-31.800,2.250,33.4
15:03:09.743,64081,-0.915,-8.198,-1.149,-0.136,-0.014,1.360,-14.850,-31.800,2.250,33.5
15:03:09.744,64136,-2.794,-4.535,-1.425,-0.367,-0.958,1.292,-7.050,-31.800,0.450,33.4
15:03:09.797,64191,-1.774,-3.754,-0.268,-0.136,-1.184,0.049,-7.050,-31.800,0.450,33.3
15:03:09.850,64246,1.659,-3.132,-1.726,0.407,-0.841,-2.084,-7.050,-31.800,0.450,33.2
15:03:09.953,64301,3.833,-8.859,0.175,0.712,0.938,-1.709,-11.250,-30.300,2.100,33.2
15:03:10.007,64356,-1.851,-2.179,-3.694,1.386,1.654,-1.764,-11.250,-30.300,2.100,33.1
15:03:10.059,64411,4.027,-10.252,1.152,0.133,-0.227,-1.122,-19.500,-31.500,6.750,33.4
15:03:10.164,64466,1.760,-9.517,-0.199,-0.013,-0.029,-0.937,-19.500,-31.500,6.750,33.2
15:03:10.165,64521,3.807,-10.489,0.591,-0.063,-0.321,-0.707,-24.450,-30.900,6.900,33.3
15:03:10.215,64576,3.565,-10.427,-0.879,-0.109,0.034,-0.441,-24.450,-30.900,6.900,33.5
15:03:10.268,64631,3.148,-11.090,0.804,-0.304,-0.063,-0.340,-27.300,-30.450,8.100,33.4
15:03:10.322,64687,3.206,-10.965,-0.907,-0.359,-0.373,-0.034,-27.300,-30.450,8.100,33.3
15:03:10.374,64741,4.796,-11.277,-0.725,-0.253,-0.139,0.388,-27.300,-30.450,8.100,33.2
15:03:10.426,64796,3.472,-10.403,-1.288,-0.301,-0.212,0.491,-27.300,-30.450,8.100,33.2
15:03:10.480,64851,3.366,-10.807,-1.006,-0.255,0.016,0.468,-28.200,-30.000,5.550,33.2
15:03:10.583,64906,2.693,-10.187,-1.561,-0.173,0.123,0.434,-26.400,-29.100,4.650,33.5
15:03:10.585,64961,2.318,-10.767,-0.924,-0.271,0.023,0.404,-26.400,-29.100,4.650,33.4
15:03:10.637,65016,2.028,-10.362,-1.063,-0.145,0.304,0.161,-24.900,-29.100,5.100,33.2
15:03:10.690,65071,2.595,-10.637,-0.752,-0.006,0.199,0.004,-24.900,-29.100,5.100,33.5
15:03:10.741,65126,2.095,-11.126,-0.500,-0.085,0.050,0.006,-24.900,-29.100,5.100,33.2
15:03:10.794,65181,2.576,-12.543,-0.455,0.135,-0.043,-0.294,-24.900,-29.100,5.100,33.4
15:03:10.847,65236,5.124,-14.152,-0.807,0.154,0.200,-0.812,-25.350,-28.950,7.800,33.2
15:03:10.900,65291,5.265,-13.877,-0.151,0.342,0.120,-0.887,-25.350,-28.950,7.800,33.4
15:03:10.951,65346,5.148,-12.270,0.124,0.244,0.194,-0.578,-28.350,-29.850,6.900,33.6
15:03:11.003,65401,4.326,-10.975,0.340,0.137,0.206,-0.110,-30.300,-30.600,8.700,33.4
15:03:11.108,65456,3.189,-9.867,0.462,-0.054,0.067,0.328,-30.300,-30.600,8.700,33.4
15:03:11.213,65511,2.703,-9.103,0.144,-0.164,0.086,0.665,-30.300,-30.600,8.700,33.2
15:03:11.215,65566,1.841,-8.909,-0.304,-0.290,0.002,0.877,-30.300,-30.600,8.700,33.2
15:03:11.266,65621,1.104,-8.241,-0.587,-0.388,-0.037,0.984,-23.850,-31.200,6.750,33.4
15:03:11.319,65676,1.238,-8.236,-0.532,-0.420,0.126,1.039,-23.850,-31.200,6.750,33.6
15:03:11.424,65731,0.919,-8.528,-0.982,-0.434,0.137,1.164,-19.950,-29.700,5.550,33.3
15:03:11.425,65786,0.960,-8.926,-1.267,-0.265,0.574,1.331,-19.950,-29.700,5.550,33.7
15:03:11.528,65841,-0.086,-8.444,-1.240,0.138,0.384,1.291,-14.100,-31.500,3.750,33.2
15:03:11.530,65896,-1.070,-8.186,-1.044,-0.080,-0.204,1.546,-14.100,-31.500,3.750,33.2
15:03:11.634,65951,-1.875,-5.461,-1.719,-0.792,-0.431,1.659,-14.100,-31.500,3.750,33.3
15:03:11.635,66006,0.299,-6.996,0.050,-0.087,-0.127,0.421,-2.850,-30.000,0.150,33.4
15:03:11.687,66061,-1.784,-3.800,-0.723,0.674,0.084,-1.239,-2.850,-30.000,0.150,33.4
15:03:11.738,66116,1.920,-5.047,-1.788,0.866,0.851,-1.992,-8.850,-31.650,1.800,33.4
15:03:11.791,66171,-0.469,-7.247,-0.819,0.396,0.129,-1.671,-8.850,-31.650,1.800,33.4
15:03:11.845,66226,1.604,-9.967,0.745,0.276,0.215,-1.512,-15.150,-30.900,6.450,33.3
15:03:11.897,66281,-0.266,-9.483,0.213,-0.189,-0.660,-1.220,-15.150,-30.900,6.450,33.2
15:03:11.948,66336,1.784,-9.378,-0.912,-0.142,-0.451,-0.797,-15.150,-30.900,6.450,33.4
15:03:12.053,66391,2.828,-10.403,-1.132,-0.148,-0.618,-0.307,-15.150,-30.900,6.450,33.4
15:03:12.055,66446,1.542,-11.782,-0.618,-0.146,-0.673,-0.088,-24.450,-30.300,8.400,33.4
15:03:12.107,66501,3.812,-11.609,-0.611,-0.083,-0.220,-0.006,-27.600,-31.350,7.650,33.5
15:03:12.158,66556,2.847,-11.868,-0.946,-0.235,-0.418,-0.001,-27.600,-31.350,7.650,33.5
15:03:12.264,66611,3.005,-10.918,-0.776,-0.221,0.032,-0.042,-26.700,-29.850,6.900,33.2
15:03:12.316,66666,2.931,-11.066,-0.725,-0.107,0.152,0.316,-26.700,-29.850,6.900,33.2
15:03:12.369,66721,1.975,-10.302,-0.879,-0.074,0.257,0.295,-27.900,-29.100,5.850,33.4
15:03:12.422,66776,2.203,-10.460,-0.792,0.072,0.233,0.184,-27.900,-29.100,5.850,33.4
15:03:12.475,66831,1.638,-10.051,-0.821,-0.059,0.466,0.002,-27.900,-29.100,5.850,33.2
15:03:12.527,66886,1.944,-10.376,-0.603,-0.063,0.213,-0.031,-27.900,-29.100,5.850,33.6
15:03:12.579,66941,1.875,-10.214,-0.606,-0.111,0.358,-0.094,-26.550,-28.200,7.800,33.3
15:03:12.632,66996,2.277,-10.309,-0.304,0.125,-0.189,-0.271,-29.550,-29.100,6.900,33.3
15:03:12.684,67051,2.595,-9.979,0.208,0.171,0.020,-0.156,-29.550,-29.100,6.900,33.4
15:03:12.737,67106,3.634,-11.143,-0.654,-0.007,0.200,-0.213,-27.900,-29.550,9.750,33.2
15:03:12.788,67161,4.901,-12.213,-0.692,-0.444,-0.341,-0.451,-27.900,-29.550,9.750,33.4
15:03:12.842,67216,4.920,-14.176,-0.474,-0.114,-0.150,-0.627,-27.900,-29.550,9.750,33.6
15:03:12.895,67271,5.351,-13.075,0.721,0.144,0.022,-0.268,-27.900,-29.550,9.750,33.5
15:03:12.947,67326,4.896,-11.490,0.333,0.072,-0.161,0.074,-31.200,-28.650,8.100,33.4
15:03:12.998,67381,2.373,-9.881,-0.177,-0.035,-0.029,0.408,-31.200,-28.650,8.100,33.7
15:03:13.051,67436,2.358,-9.986,-0.242,-0.069,-0.025,0.500,-29.700,-30.450,6.300,33.4
15:03:13.105,67491,1.578,-10.116,-0.534,-0.148,-0.109,0.707,-29.700,-30.450,6.300,33.2
15:03:13.157,67546,2.303,-9.598,-0.182,-0.189,-0.034,0.782,-26.700,-29.850,6.150,33.4
15:03:13.210,67601,1.621,-9.225,-0.845,-0.419,0.022,1.023,-26.700,-29.850,6.150,33.4
15:03:13.262,67656,0.694,-8.179,-1.664,-0.421,0.105,1.193,-26.700,-29.850,6.150,33.5
15:03:13.314,67711,0.206,-8.121,-1.365,-0.411,0.109,1.358,-16.800,-31.800,3.000,33.7
15:03:13.418,67766,-0.460,-6.814,-2.562,-0.387,0.018,1.445,-16.800,-31.800,3.000,33.6
15:03:13.472,67821,-1.252,-6.302,-1.741,-0.070,-0.407,1.379,-10.200,-30.000,-0.450,33.4
15:03:13.525,67876,-1.463,-5.198,-1.374,-0.396,-0.762,1.127,-10.200,-30.000,-0.450,33.2
15:03:13.577,67931,0.565,-5.923,-1.322,0.211,-0.832,-0.475,-4.650,-28.050,0.600,33.5
15:03:13.630,67986,0.603,-4.638,-1.568,0.635,0.675,-1.749,-4.650,-28.050,0.600,33.5
15:03:13.682,68041,-0.871,-6.426,-0.725,0.894,1.035,-1.768,-5.400,-29.550,-0.600,33.2
15:03:13.735,68096,0.558,-8.353,-0.005,1.104,0.589,-1.418,-5.400,-29.550,-0.600,33.3
15:03:13.786,68151,-0.476,-8.138,-0.110,0.215,-0.295,-1.095,-5.400,-29.550,-0.600,33.4
15:03:13.839,68206,2.133,-9.967,-0.388,-0.169,-0.220,-1.141,-22.650,-33.000,8.550,33.7
15:03:13.892,68261,2.279,-11.018,-0.421,-0.272,-0.421,-0.709,-22.650,-33.000,8.550,33.3
15:03:13.943,68316,2.892,-10.872,-0.019,-0.101,-0.519,-0.096,-25.350,-32.550,8.550,33.5
15:03:13.995,68371,3.318,-10.795,-0.474,-0.133,-0.293,0.250,-25.350,-32.550,8.550,33.6
15:03:14.048,68426,2.337,-11.961,-0.362,0.051,-0.179,0.658,-28.200,-31.800,7.050,33.7
15:03:14.101,68481,2.160,-11.207,-0.515,0.113,0.267,0.668,-28.200,-31.800,7.050,33.4
15:03:14.154,68536,1.336,-11.526,-0.441,-0.104,0.191,0.514,-28.200,-31.800,7.050,33.8
15:03:14.207,68591,1.154,-10.985,-0.448,-0.102,0.400,0.314,-28.200,-31.800,7.050,33.4
15:03:14.258,68646,0.378,-11.387,0.065,-0.166,0.354,0.142,-24.450,-30.900,8.400,33.2
15:03:14.311,68701,1.046,-10.372,-0.766,-0.192,0.272,0.002,-23.400,-30.750,8.850,33.5
15:03:14.364,68756,0.711,-10.657,-0.316,-0.041,0.015,-0.138,-23.400,-30.750,8.850,33.4
15:03:14.417,68811,0.965,-10.420,-0.074,0.021,-0.014,-0.347,-25.350,-31.500,8.850,33.4
15:03:14.470,68866,1.314,-10.410,-0.060,0.061,-0.164,-0.479,-25.350,-31.500,8.850,33.6
15:03:14.574,68921,1.932,-10.084,-0.261,0.083,-0.145,-0.549,-25.350,-31.500,8.850,33.3
15:03:14.627,68976,3.280,-10.537,0.383,0.122,-0.058,-0.439,-25.350,-31.500,8.850,33.4
15:03:14.680,69031,3.560,-13.024,1.132,-0.142,-0.031,-0.301,-27.600,-30.900,9.750,33.4
15:03:14.732,69086,6.361,-14.760,1.144,0.168,0.298,-0.793,-27.600,-30.900,9.750,33.5
15:03:14.783,69141,5.490,-13.309,1.595,0.319,-0.189,-0.426,-29.850,-31.350,8.700,33.7
15:03:14.836,69196,3.859,-11.413,0.984,0.199,-0.165,-0.055,-31.650,-29.700,10.650,33.4
15:03:14.888,69251,2.430,-9.735,0.627,0.044,-0.081,0.342,-31.650,-29.700,10.650,33.4
15:03:14.940,69306,2.583,-9.562,0.261,0.149,0.053,0.620,-31.650,-29.700,10.650,33.5
15:03:14.993,69361,2.952,-10.163,1.202,0.100,-0.210,0.992,-31.650,-29.700,10.650,33.3
15:03:15.046,69416,1.061,-9.529,0.510,-0.174,0.444,0.775,-25.200,-33.450,10.950,33.3
15:03:15.098,69471,1.046,-8.315,-0.079,-0.450,-0.024,0.761,-25.200,-33.450,10.950,33.4
15:03:15.151,69526,0.517,-8.080,-0.534,-0.590,-0.173,0.767,-20.550,-32.400,9.450,33.7
15:03:15.204,69581,-0.175,-8.289,-0.151,-0.485,-0.356,0.802,-20.550,-32.400,9.450,33.6
15:03:15.257,69636,-0.201,-8.605,-1.003,-0.268,-0.256,0.715,-14.850,-33.300,6.750,33.6
15:03:15.308,69691,-0.970,-8.090,-0.730,0.247,-0.378,0.751,-11.850,-33.300,6.000,33.6
15:03:15.361,69746,-0.929,-9.179,0.539,0.403,-0.718,0.701,-11.850,-33.300,6.000,33.5
15:03:15.415,69801,-1.058,-8.205,0.029,-0.099,-0.946,0.721,-11.850,-33.300,6.000,33.2
15:03:15.467,69856,-0.211,-4.695,0.024,-0.388,-0.796,0.629,-11.850,-33.300,6.000,33.2
15:03:15.520,69911,-0.654,-2.325,-0.644,-0.354,-2.230,-0.888,-4.350,-33.300,4.800,33.5
15:03:15.572,69966,3.924,-5.602,-1.731,-0.774,-2.893,-1.906,-4.350,-33.300,4.800,33.4
15:03:15.625,70021,3.366,-9.443,2.286,-0.084,1.092,-1.118,-4.950,-29.850,4.650,33.5
15:03:15.729,70076,-2.009,-9.720,-1.018,0.029,0.318,-1.233,-4.950,-29.850,4.650,33.5
15:03:15.782,70131,3.541,-10.250,-0.797,-0.482,-0.549,-0.659,-14.100,-33.300,5.250,33.4
15:03:15.833,70186,-0.347,-10.082,-1.353,-0.216,0.266,-0.559,-14.100,-33.300,5.250,33.1
15:03:15.887,70241,1.070,-11.025,-0.400,-0.384,-0.201,-0.314,-14.100,-33.300,5.250,33.2
15:03:15.940,70296,1.956,-10.439,-1.128,-0.140,0.102,-0.146,-19.350,-30.300,5.400,33.4
15:03:15.992,70351,1.556,-10.776,-1.180,0.024,0.039,0.006,-19.350,-30.300,5.400,33.5
15:03:16.043,70406,2.404,-11.688,-0.383,0.037,0.263,0.029,-22.050,-29.550,3.150,33.3
15:03:16.096,70461,2.777,-11.198,-0.682,0.047,0.263,0.173,-22.050,-29.550,3.150,33.5
15:03:16.149,70516,1.836,-11.068,0.168,0.177,0.072,0.431,-21.300,-29.850,6.450,33.4
15:03:16.202,70571,1.906,-10.465,-0.201,0.025,0.161,0.543,-21.300,-29.850,6.450,33.6
15:03:16.305,70626,1.575,-10.616,-0.065,0.040,0.072,0.570,-21.300,-29.850,6.450,33.2
15:03:16.307,70681,0.934,-10.532,-0.491,-0.155,0.244,0.456,-21.300,-29.850,6.450,33.7
15:03:16.463,70736,0.737,-10.511,-0.582,-0.217,0.072,0.311,-19.500,-29.400,6.750,33.7
15:03:16.465,70791,0.323,-10.056,-0.500,-0.407,0.289,0.081,-18.150,-28.800,6.150,33.5
15:03:16.467,70846,0.706,-10.388,-0.421,-0.411,0.037,-0.002,-18.150,-28.800,6.150,33.4
15:03:16.517,70901,0.850,-10.144,-0.517,-0.374,0.291,-0.058,-18.150,-28.800,5.100,33.4
15:03:16.569,70956,0.670,-11.097,-0.534,-0.233,0.159,0.017,-18.150,-28.800,5.100,33.4
15:03:16.621,71011,2.849,-13.901,-0.441,0.084,0.502,-0.288,-21.150,-27.900,3.000,33.3
15:03:16.674,71066,4.602,-15.644,0.366,0.215,0.641,-0.573,-21.150,-27.900,3.000,33.4
15:03:16.727,71121,2.866,-13.724,-0.383,0.104,0.692,-0.586,-21.300,-28.800,5.400,33.6
15:03:16.830,71176,1.609,-12.416,-0.160,0.054,0.432,-0.302,-21.300,-28.800,5.400,33.7
15:03:16.883,71231,0.129,-10.611,-1.075,0.006,0.248,-0.011,-23.250,-28.500,6.150,33.7
15:03:16.937,71286,0.402,-9.876,-0.481,-0.051,0.112,0.152,-23.250,-28.500,6.150,33.7
15:03:16.989,71341,0.709,-9.093,-0.572,-0.172,0.075,0.234,-21.000,-28.050,5.400,33.4
15:03:17.042,71396,1.319,-9.371,-0.409,-0.212,-0.037,0.425,-19.800,-29.100,6.450,33.2
15:03:17.093,71451,0.232,-8.411,-0.304,-0.221,-0.105,0.838,-19.800,-29.100,6.450,33.4
15:03:17.146,71506,1.226,-7.889,-0.962,-0.488,0.086,0.839,-19.800,-29.100,6.450,33.6
15:03:17.199,71561,0.443,-8.119,-1.077,-0.617,0.108,0.902,-19.800,-29.100,6.450,33.4
15:03:17.251,71616,0.103,-8.626,-1.070,-0.496,0.108,0.904,-12.450,-29.550,0.600,33.4
15:03:17.303,71671,0.915,-10.779,-1.142,-0.325,0.039,1.219,-12.450,-29.550,0.600,33.6
15:03:17.356,71726,-2.133,-4.650,-1.863,-1.324,-0.709,2.115,-8.700,-28.950,-1.200,33.7
15:03:17.408,71781,0.812,-6.122,-0.189,0.183,0.069,-0.024,-8.700,-28.950,-1.200,33.4
15:03:17.461,71836,-1.302,-3.910,-0.769,0.628,-0.312,-1.699,-2.700,-25.500,-1.800,33.5
15:03:17.515,71891,0.010,-3.816,-1.803,0.440,0.846,-2.326,-2.700,-25.500,-1.800,33.4
15:03:17.567,71946,1.324,-8.121,-0.479,0.560,1.376,-1.871,-2.700,-25.500,-1.800,33.5
15:03:17.620,72001,-1.628,-7.558,-1.528,0.254,-0.137,-1.235,-18.750,-28.950,3.750,33.4
15:03:17.672,72056,3.730,-10.333,-0.488,0.259,-0.291,-1.160,-18.750,-28.950,3.750,33.4
15:03:17.725,72111,2.205,-9.869,-1.051,-0.304,-0.503,-0.492,-24.600,-27.900,4.800,33.5
15:03:17.828,72166,1.741,-10.673,-1.975,-0.238,-0.526,-0.505,-24.600,-27.900,4.800,33.7
15:03:17.830,72221,2.966,-11.114,-1.504,-0.356,-0.453,-0.108,-25.800,-28.200,4.500,33.6
15:03:17.882,72276,3.031,-11.425,-2.083,-0.479,-0.590,0.001,-25.800,-28.200,4.500,33.5
15:03:17.934,72331,2.983,-11.281,-1.671,-0.292,-0.397,-0.027,-25.800,-28.200,4.500,33.5
15:03:18.039,72386,2.265,-10.886,-1.937,-0.278,-0.127,0.091,-25.050,-27.900,1.950,33.6
15:03:18.092,72441,3.697,-10.968,-1.980,-0.136,-0.074,0.161,-25.050,-27.900,1.950,33.7
15:03:18.143,72496,2.966,-10.664,-2.286,-0.231,0.097,0.314,-27.000,-27.900,1.200,33.6
15:03:18.196,72551,3.139,-10.573,-2.509,-0.088,0.175,0.282,-27.000,-27.900,1.200,33.2
15:03:18.250,72606,2.260,-10.568,-2.270,0.042,0.069,0.179,-27.000,-26.850,2.250,33.2
15:03:18.301,72661,2.188,-10.048,-1.784,0.098,0.195,0.133,-27.000,-26.850,2.250,33.7
15:03:18.353,72716,2.662,-10.087,-1.255,0.095,0.030,0.220,-27.000,-26.850,2.250,33.6
15:03:18.407,72771,2.152,-10.130,-1.190,-0.089,0.189,0.347,-27.000,-26.850,2.250,33.5
15:03:18.460,72826,2.330,-11.590,-1.690,-0.218,0.303,0.165,-25.200,-28.050,2.100,33.5
15:03:18.512,72881,4.187,-14.114,-2.006,0.017,0.145,-0.388,-25.200,-28.050,2.100,33.7
15:03:18.565,72936,3.788,-13.961,-1.645,0.414,0.204,-0.609,-27.000,-27.600,2.700,33.2
15:03:18.617,72991,3.919,-12.354,-1.166,0.486,0.151,-0.343,-28.500,-29.400,4.200,33.2
15:03:18.669,73046,2.849,-11.250,-0.651,0.413,0.098,-0.127,-28.500,-29.400,4.200,33.6
15:03:18.721,73101,1.958,-10.436,-0.613,0.111,0.106,0.071,-26.700,-28.500,4.350,33.4
15:03:18.774,73156,0.919,-10.195,-0.836,-0.053,-0.051,0.279,-26.700,-28.500,4.350,33.4
15:03:18.827,73211,0.857,-9.227,-1.228,-0.083,0.174,0.379,-26.700,-28.500,4.350,33.4
15:03:18.878,73266,1.116,-8.789,-1.245,-0.302,0.005,0.624,-26.700,-28.500,4.350,33.7
15:03:18.932,73321,1.317,-8.267,-0.680,-0.233,-0.010,0.660,-22.050,-30.900,3.600,33.8
15:03:18.983,73376,0.716,-8.313,-1.089,-0.293,0.202,0.661,-22.050,-30.900,3.600,33.4
15:03:19.036,73431,0.919,-8.468,-1.920,-0.388,0.049,0.865,-19.050,-30.900,2.850,33.7
15:03:19.090,73486,1.034,-8.155,-1.736,-0.294,0.394,0.874,-16.200,-30.600,2.100,33.6
15:03:19.193,73541,0.091,-8.023,-2.090,0.060,0.730,0.722,-16.200,-30.600,2.100,33.6
15:03:19.246,73596,-0.955,-8.492,-1.736,0.414,0.628,0.391,-16.200,-30.600,2.100,33.6
15:03:19.299,73651,-1.800,-7.530,-0.649,-0.023,-0.623,1.213,-16.200,-30.600,2.100,33.7
15:03:19.351,73706,-0.620,-6.179,-0.910,-0.205,-0.692,0.971,-8.700,-30.000,-0.450,33.6
15:03:19.404,73761,-1.355,-5.279,-1.104,0.160,-0.610,-0.463,-8.700,-30.000,-0.450,33.4
15:03:19.457,73816,0.781,-3.998,-0.326,0.430,-1.506,-1.997,-5.550,-28.650,-1.200,33.7
15:03:19.509,73871,4.594,-5.789,-2.897,-0.031,-0.634,-1.773,-5.550,-28.650,-1.200,33.4
15:03:19.561,73926,-2.222,-5.741,-0.888,0.687,1.104,-1.661,-13.350,-29.400,2.250,33.7
15:03:19.614,73981,0.036,-8.490,-0.565,0.245,-0.020,-1.169,-13.350,-29.400,2.250,33.7
15:03:19.667,74036,3.814,-10.271,0.520,-0.406,-0.552,-0.737,-13.350,-29.400,2.250,33.7
15:03:19.720,74091,2.938,-10.843,0.103,-0.275,-0.448,-0.450,-25.650,-30.300,6.900,33.4
15:03:19.772,74146,2.205,-10.597,-0.862,-0.356,-0.522,-0.089,-25.650,-30.300,6.900,33.4
15:03:19.825,74201,2.109,-11.066,-1.525,-0.373,-0.609,-0.030,-26.250,-29.700,3.750,33.6
15:03:19.876,74256,2.761,-12.045,-0.939,-0.367,-0.436,0.050,-26.250,-29.700,3.750,33.4
15:03:19.929,74311,2.444,-11.016,-1.724,-0.425,-0.400,0.215,-25.050,-27.600,3.450,33.6
15:03:19.982,74366,3.136,-11.684,-2.246,-0.429,-0.315,0.297,-25.050,-27.600,3.450,33.6
15:03:20.034,74421,3.029,-11.174,-1.973,-0.484,-0.226,0.422,-27.150,-28.050,1.050,33.7
15:03:20.087,74476,2.825,-12.471,-2.832,-0.221,0.369,0.307,-27.150,-28.050,1.050,33.5
15:03:20.191,74531,2.327,-10.709,-2.265,-0.196,0.218,0.302,-25.350,-28.200,1.500,33.4
15:03:20.193,74586,2.124,-10.925,-2.138,0.098,0.354,0.330,-25.950,-27.300,0.300,33.6
15:03:20.245,74641,2.411,-10.479,-2.286,0.350,0.443,0.293,-25.950,-27.300,0.300,33.6
15:03:20.399,74696,1.523,-10.621,-1.451,0.395,0.613,0.269,-24.450,-29.850,2.550,33.4
15:03:20.401,74751,1.504,-10.250,-1.259,0.433,0.492,0.112,-24.450,-29.850,2.550,33.6
15:03:20.453,74806,1.386,-9.752,-0.443,0.441,0.638,0.172,-25.200,-30.300,3.600,33.4
15:03:20.506,74861,1.358,-9.534,-0.397,0.314,0.304,0.234,-25.200,-30.300,3.600,33.4
15:03:20.559,74916,1.097,-9.325,-0.103,0.108,0.436,0.297,-25.200,-30.300,3.600,33.2
15:03:20.612,74971,0.407,-9.637,0.113,-0.059,0.223,0.237,-25.200,-30.300,3.600,33.4
15:03:20.664,75026,1.420,-10.712,0.012,-0.128,0.224,0.009,-25.950,-29.850,7.650,33.6
15:03:20.717,75081,1.310,-11.162,0.199,-0.205,0.143,-0.214,-25.350,-28.650,7.350,33.7
15:03:20.769,75136,1.798,-11.937,0.136,-0.117,0.059,-0.335,-25.350,-28.650,7.350,33.4
15:03:20.822,75191,2.162,-12.888,-0.232,0.154,-0.198,-0.367,-25.050,-28.950,6.300,33.7
15:03:20.874,75246,3.575,-12.850,0.007,0.376,-0.228,-0.405,-25.050,-28.950,6.300,33.7
15:03:20.926,75301,2.646,-12.265,-0.160,0.259,-0.405,-0.293,-25.050,-28.950,6.300,33.4
15:03:20.979,75356,1.623,-11.183,0.026,0.178,-0.357,-0.089,-25.050,-28.950,6.300,33.5
15:03:21.032,75411,1.678,-10.803,0.333,-0.002,-0.439,0.133,-25.950,-30.600,7.950,33.7
15:03:21.083,75466,0.845,-9.448,-0.261,-0.239,-0.260,0.422,-25.950,-30.600,7.950,33.6
15:03:21.136,75521,0.330,-9.160,-0.148,-0.355,-0.306,0.562,-23.700,-31.650,7.950,33.7
15:03:21.240,75576,0.294,-8.837,-0.706,-0.446,-0.354,0.581,-23.700,-31.650,7.950,33.6
15:03:21.242,75631,0.254,-8.823,-0.764,-0.301,-0.278,0.800,-19.950,-31.200,3.750,33.6
15:03:21.294,75687,0.721,-9.096,-1.152,-0.410,-0.055,0.860,-16.500,-30.450,4.500,33.5
15:03:21.345,75741,0.045,-8.894,-1.839,-0.558,0.280,0.933,-16.500,-30.450,4.500,33.4
15:03:21.451,75796,0.254,-9.115,-2.533,-0.594,0.485,1.151,-16.500,-30.450,4.500,33.5
15:03:21.453,75851,-0.599,-8.179,-3.000,-0.338,0.229,1.684,-16.500,-30.450,4.500,33.6
15:03:21.557,75906,-3.563,-5.071,-1.765,-0.343,-0.402,1.843,-4.800,-27.600,-1.950,33.6
15:03:21.661,75961,-0.287,-5.045,-0.103,0.479,-0.779,-0.211,-4.800,-27.600,-1.950,33.5
15:03:21.662,76016,0.290,-4.140,-2.478,0.605,0.346,-1.488,-1.050,-25.200,-0.300,33.7
15:03:21.715,76071,-1.542,-4.851,-1.779,0.761,1.234,-1.931,-1.050,-25.200,-0.300,33.9
15:03:21.767,76126,-1.607,-7.465,-0.354,0.694,0.688,-1.686,-7.950,-30.000,1.200,33.4
15:03:21.820,76181,-0.929,-7.875,-0.342,0.774,0.053,-1.508,-7.950,-30.000,1.200,33.7
15:03:21.872,76236,2.133,-9.821,-0.565,0.328,-0.036,-1.114,-7.950,-30.000,1.200,33.4
15:03:21.974,76291,2.313,-11.514,1.188,0.133,-0.392,-0.590,-24.450,-31.350,7.650,33.7
15:03:21.976,76346,2.483,-11.181,0.692,-0.439,-0.306,-0.302,-24.450,-31.350,7.650,33.6
15:03:22.028,76401,3.093,-11.224,-0.177,-0.752,-0.607,-0.048,-24.900,-31.350,7.950,33.4
15:03:22.081,76456,1.410,-12.220,-0.405,-0.797,-0.520,0.075,-24.900,-31.350,7.950,33.5
15:03:22.134,76511,2.808,-11.899,-1.204,-0.690,-0.419,0.019,-24.900,-29.550,6.900,33.3
15:03:22.238,76566,2.557,-11.870,-1.300,-0.407,-0.591,0.058,-24.900,-29.550,6.900,33.7
15:03:22.240,76621,1.377,-10.853,-1.451,-0.225,-0.179,0.214,-25.800,-27.900,3.750,33.7
15:03:22.292,76676,2.289,-10.697,-1.937,-0.312,-0.418,0.179,-25.800,-27.900,3.750,33.7
15:03:22.394,76731,1.276,-10.503,-1.360,-0.283,-0.380,0.173,-24.600,-28.200,1.950,33.4
15:03:22.397,76786,1.872,-9.914,-2.373,-0.565,-0.412,0.248,-24.000,-27.750,0.600,33.7
15:03:22.449,76841,2.140,-10.649,-2.914,-0.490,-0.142,0.261,-24.000,-27.750,0.600,33.7
15:03:22.502,76896,1.453,-10.700,-2.907,-0.442,0.049,0.072,-23.100,-27.150,-1.200,33.4
15:03:22.554,76951,1.714,-11.885,-3.778,-0.061,0.331,0.066,-23.100,-27.150,-1.200,33.6
15:03:22.659,77006,2.382,-14.193,-3.989,0.455,0.070,-0.308,-23.250,-26.700,-2.850,33.5
15:03:22.712,77061,3.134,-14.528,-3.146,0.966,0.133,-0.966,-23.250,-26.700,-2.850,33.4
15:03:22.765,77116,2.203,-11.952,-1.398,0.698,0.182,-0.845,-23.250,-26.700,-2.850,33.7
15:03:22.817,77171,2.516,-10.197,-1.137,0.421,0.223,-0.671,-23.250,-26.700,-2.850,33.5
15:03:22.870,77226,1.887,-9.759,-0.965,0.179,-0.009,-0.130,-25.650,-28.500,3.900,33.7
15:03:22.921,77281,1.250,-8.993,-1.109,0.090,-0.126,0.196,-25.050,-28.200,3.450,33.5
15:03:22.974,77336,2.093,-9.158,-1.561,-0.070,-0.303,0.326,-25.050,-28.200,3.450,33.4
15:03:23.027,77391,1.288,-8.837,-0.982,-0.172,-0.259,0.446,-22.350,-30.450,2.250,33.6
15:03:23.079,77446,1.135,-8.681,-1.180,-0.202,-0.189,0.623,-22.350,-30.450,2.250,33.7
15:03:23.132,77501,1.580,-8.818,-0.917,-0.137,-0.104,0.962,-22.350,-30.450,2.250,33.8
15:03:23.184,77556,1.377,-8.272,-1.384,-0.181,-0.086,1.133,-22.350,-30.450,2.250,33.7
15:03:23.236,77611,1.027,-8.430,-1.846,-0.166,0.112,1.122,-16.200,-32.400,0.600,33.7
15:03:23.289,77666,0.769,-9.005,-1.468,0.011,0.226,1.176,-16.200,-32.400,0.600,33.3
15:03:23.342,77721,-2.066,-5.250,-1.583,0.136,0.178,1.403,-12.000,-31.350,0.600,33.6
15:03:23.394,77776,-0.627,-4.551,-0.905,0.278,-0.929,0.704,-3.750,-29.850,-0.600,33.7
15:03:23.499,77831,-0.800,-3.338,-2.385,0.725,0.096,-1.332,-3.750,-29.850,-0.600,33.7
15:03:23.501,77886,1.453,-6.165,-0.455,0.822,0.221,-1.721,-7.350,-30.900,1.800,33.6
15:03:23.552,77941,0.405,-6.598,0.031,1.223,0.639,-1.695,-7.350,-30.900,1.800,33.7
15:03:23.604,77996,1.784,-8.787,0.912,0.701,0.133,-1.217,-7.350,-30.900,1.800,33.7
15:03:23.656,78051,2.361,-10.496,1.465,0.055,0.083,-0.946,-7.350,-30.900,1.800,33.4
15:03:23.709,78106,3.084,-10.690,0.117,-0.270,-0.064,-0.779,-23.400,-33.000,10.050,33.5
15:03:23.815,78161,2.049,-11.523,1.020,-0.011,-0.157,-0.298,-23.400,-33.000,10.050,33.7
15:03:23.867,78216,2.813,-11.736,1.872,-0.155,0.142,-0.051,-25.050,-31.500,11.850,33.8
15:03:23.918,78271,2.770,-10.872,0.543,-0.015,0.122,0.071,-25.050,-31.500,11.850,33.8
15:03:23.971,78326,1.980,-11.739,1.073,-0.389,0.293,0.288,-25.950,-31.650,12.300,33.7
15:03:24.025,78381,2.782,-11.368,0.840,-0.314,0.239,0.251,-25.950,-31.650,12.300,33.7
15:03:24.077,78436,1.547,-11.576,0.778,-0.201,0.060,0.399,-25.950,-31.650,12.300,33.7
15:03:24.129,78491,2.691,-10.994,0.615,0.028,0.297,0.219,-26.400,-29.100,10.200,33.5
15:03:24.181,78546,2.421,-10.738,0.692,0.054,0.153,0.201,-26.400,-29.100,10.200,33.9
15:03:24.233,78601,1.781,-10.757,1.075,0.129,0.343,0.185,-25.200,-32.100,11.700,33.7
15:03:24.286,78656,2.093,-10.197,1.341,0.133,0.191,0.152,-25.200,-32.100,11.700,33.7
15:03:24.338,78711,0.740,-10.063,1.623,-0.026,0.182,0.117,-24.600,-31.500,12.600,33.6
15:03:24.392,78766,0.828,-10.568,0.273,-0.471,-0.172,0.174,-24.600,-31.500,12.600,33.7
15:03:24.443,78821,2.823,-12.797,1.638,-0.342,-0.226,-0.133,-24.600,-31.500,12.600,33.7
15:03:24.496,78876,3.373,-15.304,1.185,0.052,-0.024,-0.643,-25.950,-30.600,10.200,33.4
15:03:24.550,78931,4.755,-14.008,1.022,0.414,-0.091,-0.800,-25.950,-30.600,10.200,33.8
15:03:24.602,78986,3.302,-12.079,1.437,0.152,-0.217,-0.540,-26.550,-30.000,11.100,33.7
15:03:24.655,79041,2.251,-11.009,1.317,0.045,-0.218,-0.051,-26.550,-30.000,11.100,33.7
15:03:24.707,79096,0.627,-9.924,0.326,-0.126,-0.959,0.059,-28.200,-33.000,10.650,33.7
15:03:24.759,79151,1.963,-9.919,1.025,-0.238,-0.137,0.207,-28.200,-33.000,10.650,33.7
15:03:24.812,79206,0.261,-7.355,-0.620,-0.698,-0.539,0.433,-25.200,-32.400,11.700,33.8
15:03:24.865,79261,0.479,-8.112,0.005,-0.806,-0.483,0.694,-25.200,-32.400,11.700,33.3
15:03:24.968,79316,0.943,-8.049,0.515,-0.348,-0.469,0.789,-25.200,-32.400,11.700,33.7
15:03:25.023,79371,0.031,-7.645,-1.372,-0.116,-0.201,1.070,-25.200,-32.400,11.700,33.7
15:03:25.074,79426,0.115,-8.983,-0.637,0.160,-0.287,1.261,-15.900,-30.900,5.100,33.7
15:03:25.127,79481,1.125,-9.134,-0.575,-0.076,0.045,1.252,-11.550,-32.700,4.350,33.7
15:03:25.180,79536,-1.504,-6.625,-0.871,0.078,-0.143,1.366,-11.550,-32.700,4.350,33.7
15:03:25.232,79591,-2.605,-5.037,1.013,-0.891,-2.695,1.266,-4.950,-33.900,3.150,33.6
15:03:25.336,79646,0.632,-6.711,-2.258,0.086,-2.658,-1.112,-4.950,-33.900,3.150,33.3
15:03:25.338,79701,1.822,-5.930,-2.820,0.203,-0.496,-1.638,-4.950,-33.900,3.150,33.6
15:03:25.390,79756,-0.208,-2.502,-1.403,0.280,1.005,-2.148,-4.950,-33.900,3.150,33.5
15:03:25.441,79811,1.638,-10.774,0.678,-0.231,1.197,-1.583,-10.050,-31.350,5.400,33.6
15:03:25.494,79866,-0.072,-8.344,-0.675,-0.447,-0.187,-1.395,-10.050,-31.350,5.400,33.5
15:03:25.547,79921,4.420,-9.972,-0.450,-0.337,-0.273,-1.260,-19.800,-32.100,5.400,33.7
15:03:25.598,79976,2.394,-10.585,-0.357,-0.195,-0.088,-0.935,-25.350,-31.500,4.200,33.7
15:03:25.651,80031,4.482,-10.441,-0.045,0.025,0.503,-0.616,-25.350,-31.500,4.200,33.6
15:03:25.704,80086,2.150,-9.285,-0.862,0.076,0.840,-0.279,-26.250,-30.000,5.550,33.5
15:03:25.757,80141,4.472,-10.398,0.388,0.086,0.296,0.153,-26.250,-30.000,5.550,33.8
15:03:25.810,80196,3.814,-10.087,-0.113,-0.088,0.484,0.427,-29.250,-28.650,6.750,33.7
15:03:25.862,80251,4.369,-10.415,-1.506,-0.373,0.418,0.395,-29.250,-28.650,6.750,33.7
15:03:25.914,80306,2.933,-10.824,-0.603,-0.487,0.026,0.568,-28.650,-27.750,5.400,33.6
15:03:25.966,80361,4.264,-11.284,-0.362,-0.337,0.009,0.465,-28.650,-27.750,5.400,33.7
15:03:26.019,80416,3.385,-10.709,-0.678,-0.422,-0.127,0.774,-25.350,-28.950,5.550,33.4
15:03:26.125,80471,2.373,-10.044,-0.874,-0.454,-0.110,0.799,-24.000,-28.500,2.550,33.5
15:03:26.177,80526,1.683,-10.671,-0.991,-0.326,0.036,0.743,-24.000,-28.500,2.550,33.8
15:03:26.228,80581,1.046,-9.771,-2.045,-0.270,-0.010,0.678,-24.000,-28.500,2.550,33.8
15:03:26.281,80636,0.460,-10.321,-0.484,-0.230,-0.415,0.496,-24.000,-28.500,2.550,33.7
15:03:26.333,80691,0.560,-10.247,-1.166,-0.226,-0.397,0.315,-19.500,-27.600,1.950,33.7
15:03:26.386,80746,-0.117,-10.230,-1.204,-0.029,0.196,0.248,-19.500,-27.600,1.950,33.7
15:03:26.438,80801,0.050,-10.886,-1.630,-0.087,-0.151,-0.016,-19.200,-27.900,0.900,33.4
15:03:26.490,80856,0.381,-12.275,-1.120,-0.002,0.047,-0.358,-19.200,-27.900,0.900,33.6
15:03:26.543,80911,4.113,-16.154,-2.069,0.104,-0.112,-0.837,-20.400,-28.200,1.500,33.7
15:03:26.595,80966,3.220,-15.131,-1.252,0.289,-0.129,-1.203,-20.400,-28.200,1.500,33.7
15:03:26.648,81021,2.593,-12.009,-1.089,0.208,-0.215,-1.000,-20.400,-28.200,1.500,33.7
15:03:26.701,81076,1.750,-10.841,-1.413,-0.011,-0.027,-0.588,-22.950,-28.500,3.150,33.7
15:03:26.754,81131,1.109,-10.393,-1.171,-0.009,-0.400,-0.232,-22.950,-28.500,3.150,33.8
15:03:26.807,81186,1.460,-9.357,-1.094,-0.011,-0.416,-0.019,-24.300,-29.700,1.200,33.4
15:03:26.860,81241,1.508,-8.904,-1.537,0.105,-0.338,0.218,-24.300,-29.700,1.200,33.3
15:03:26.911,81296,1.853,-9.143,-1.245,0.086,-0.267,0.588,-20.700,-28.650,3.000,33.9
15:03:26.964,81351,0.982,-8.552,-0.939,0.278,-0.329,0.945,-20.700,-28.650,3.000,33.7
15:03:27.016,81406,0.869,-6.876,-1.367,0.050,-0.159,1.002,-16.200,-29.850,3.150,33.6
15:03:27.069,81461,1.262,-8.437,-1.652,-0.079,0.056,0.961,-16.200,-29.850,3.150,33.6
15:03:27.122,81516,0.565,-10.185,-0.421,-0.021,-0.563,1.239,-16.200,-29.850,3.150,33.7
15:03:27.173,81571,-0.508,-6.115,-0.816,0.122,-1.466,1.685,-6.000,-31.200,2.250,33.9
15:03:27.278,81626,0.785,-4.120,-1.164,-0.147,-0.931,1.185,-6.000,-31.200,2.250,33.6
15:03:27.330,81681,1.216,-3.524,-1.590,0.302,0.230,-1.138,0.450,-28.950,3.000,33.6
15:03:27.383,81736,1.468,-4.630,-1.267,0.410,0.694,-1.920,0.450,-28.950,3.000,33.6
15:03:27.437,81791,0.120,-8.272,0.831,0.521,0.652,-1.986,-8.250,-32.250,5.250,33.6
15:03:27.488,81846,2.705,-10.336,0.809,0.216,0.132,-1.713,-8.250,-32.250,5.250,33.5
15:03:27.542,81901,2.538,-9.431,-0.742,-0.014,-0.033,-1.215,-8.250,-32.250,5.250,33.6
15:03:27.594,81956,1.693,-9.874,-0.029,-0.075,-0.109,-0.937,-8.250,-32.250,5.250,33.8
15:03:27.647,82011,3.931,-10.080,-0.467,-0.389,-0.373,-0.485,-23.700,-30.600,6.900,33.5
15:03:27.700,82066,3.876,-10.915,-0.031,-0.051,-0.517,-0.072,-23.700,-30.600,6.900,33.7
15:03:27.751,82121,4.683,-11.353,0.139,-0.356,-0.121,0.139,-25.050,-30.000,6.000,33.6
15:03:27.803,82176,3.048,-9.835,-0.939,-0.436,-0.669,0.106,-25.350,-30.000,4.800,33.7
15:03:27.857,82231,3.378,-10.245,-1.125,-0.632,-0.679,0.475,-25.350,-30.000,4.800,33.7
15:03:27.910,82286,3.448,-10.683,-1.049,-0.336,-0.215,0.537,-23.100,-28.950,1.500,33.9
15:03:27.960,82341,2.533,-10.975,-2.179,-0.391,0.212,0.503,-23.100,-28.950,1.500,33.7
15:03:28.014,82396,2.794,-11.021,-2.059,-0.189,-0.138,0.252,-21.150,-28.950,0.900,33.4
15:03:28.067,82451,2.514,-10.546,-1.875,-0.082,0.249,0.139,-21.150,-28.950,0.900,33.7
15:03:28.120,82506,2.425,-10.532,-1.535,-0.004,0.298,0.091,-21.150,-27.600,0.900,33.7
15:03:28.172,82561,2.966,-10.374,-1.417,0.014,0.554,0.041,-21.150,-27.600,0.900,33.5
15:03:28.224,82616,2.684,-10.046,-1.025,0.123,0.371,0.136,-22.650,-28.650,-0.150,33.7
15:03:28.276,82671,2.725,-10.048,-0.541,0.098,0.363,0.205,-23.400,-28.200,1.500,33.8
15:03:28.329,82726,2.636,-10.800,-1.159,0.008,0.633,0.131,-23.400,-28.200,1.500,33.7
15:03:28.433,82781,4.432,-14.641,-1.786,-0.036,0.505,-0.462,-23.400,-28.200,1.500,33.4
15:03:28.486,82836,4.640,-15.012,-1.235,0.053,0.404,-0.944,-23.400,-28.200,1.500,33.5
15:03:28.539,82891,4.559,-11.966,-0.663,-0.134,0.189,-0.698,-25.650,-28.800,3.600,33.6
15:03:28.592,82946,3.292,-9.955,-0.429,-0.322,0.061,-0.091,-25.650,-28.800,3.600,33.7
15:03:28.645,83001,2.765,-9.450,-0.309,-0.373,-0.064,0.279,-26.550,-27.900,2.700,33.7
15:03:28.696,83056,2.421,-9.309,-1.372,-0.423,0.053,0.446,-26.550,-27.900,2.700,33.7
15:03:28.748,83111,2.753,-10.092,-0.785,-0.391,-0.085,0.669,-24.450,-29.850,1.800,33.8
15:03:28.802,83166,2.322,-9.457,-1.135,-0.384,0.102,0.922,-24.450,-29.850,1.800,33.6
15:03:28.854,83221,1.559,-8.602,-1.245,-0.229,0.047,1.127,-24.450,-29.850,1.800,33.4
15:03:28.907,83276,1.041,-7.274,-1.961,-0.024,0.296,1.460,-15.750,-30.000,-0.150,33.7
15:03:28.958,83331,0.943,-6.773,-1.686,0.066,0.058,1.465,-15.750,-30.000,-0.150,33.9
15:03:29.011,83386,1.355,-8.971,-1.827,0.057,-0.074,1.690,-10.650,-29.700,0.900,33.7
15:03:29.065,83441,-1.360,-6.098,-1.669,-0.364,-1.388,2.122,-10.650,-29.700,0.900,33.7
15:03:29.117,83496,1.061,-5.662,-1.753,-0.041,-0.264,0.555,0.450,-27.900,-2.250,33.9
15:03:29.168,83551,-0.242,-4.477,-2.461,0.288,0.534,-1.171,0.450,-27.900,-2.250,33.6
15:03:29.221,83606,-0.682,-3.874,-1.815,0.722,0.594,-1.957,-1.050,-27.300,-1.350,33.5
15:03:29.274,83661,-1.243,-4.851,-1.137,0.600,0.423,-1.978,-1.050,-27.300,-1.350,33.7
15:03:29.327,83716,0.309,-8.519,-1.010,0.443,0.334,-1.622,-1.050,-27.300,-1.350,33.7
15:03:29.378,83771,3.357,-10.367,0.661,0.185,0.202,-1.242,-19.800,-33.450,3.150,33.8
15:03:29.431,83826,1.776,-10.348,-1.094,-0.232,0.153,-0.709,-19.800,-33.450,3.150,33.7
15:03:29.484,83881,2.193,-10.953,-1.463,-0.146,-0.100,-0.176,-22.950,-32.700,3.150,33.7
15:03:29.590,83936,2.200,-11.782,-1.044,-0.283,-0.218,0.094,-22.950,-32.700,3.150,33.6
15:03:29.642,83991,2.021,-11.605,-1.645,-0.224,0.005,0.312,-23.250,-29.550,4.650,33.5
15:03:29.747,84046,2.143,-11.401,-1.719,-0.090,0.112,0.576,-23.250,-29.550,4.650,33.7
15:03:29.748,84101,2.224,-11.507,-1.391,0.039,0.083,0.549,-23.250,-29.550,4.650,33.8
15:03:29.800,84156,1.499,-11.183,-1.010,0.115,0.294,0.563,-23.250,-29.550,4.650,33.7
15:03:29.852,84211,1.240,-11.013,-0.848,0.038,0.345,0.432,-22.350,-29.700,2.250,33.7
15:03:29.905,84266,0.783,-10.987,-0.862,-0.097,0.475,0.341,-21.450,-28.950,3.450,33.9
15:03:29.957,84321,0.725,-11.052,-0.838,-0.055,0.459,0.184,-21.450,-28.950,3.450,33.8
15:03:30.008,84376,0.505,-10.479,-0.661,-0.018,0.267,0.066,-20.400,-29.700,6.000,33.7
15:03:30.062,84431,0.522,-10.149,-0.838,-0.035,0.051,0.010,-20.400,-29.700,6.000,33.7
15:03:30.114,84486,0.644,-10.420,-0.558,0.038,-0.444,0.066,-21.000,-29.550,6.150,33.7
15:03:30.166,84541,-0.414,-11.157,0.522,0.001,-1.003,0.027,-21.000,-29.550,6.150,33.7
15:03:30.219,84596,0.699,-11.550,0.845,0.193,0.055,0.097,-18.150,-30.600,3.900,33.7
15:03:30.272,84651,2.478,-15.069,0.048,0.101,0.442,-0.788,-18.150,-30.600,3.900,33.7
15:03:30.324,84706,3.194,-15.591,-0.017,0.142,-0.326,-1.227,-22.350,-29.700,6.000,33.6
15:03:30.377,84761,2.136,-12.395,-0.045,-0.061,-0.582,-1.170,-22.350,-29.700,6.000,33.6
15:03:30.428,84816,2.423,-10.719,0.345,-0.291,-0.633,-0.775,-25.800,-28.200,7.050,33.6
15:03:30.481,84871,1.958,-10.252,-0.309,-0.257,-0.467,-0.476,-25.200,-30.300,5.100,33.7
15:03:30.533,84926,2.423,-9.929,-0.481,-0.090,-0.499,-0.067,-25.200,-30.300,5.100,33.9
15:03:30.692,84981,2.061,-9.206,-0.706,-0.228,-0.388,0.391,-25.200,-30.300,5.100,33.7
15:03:30.693,85036,1.434,-8.531,-1.616,-0.321,-0.440,0.537,-25.200,-30.300,5.100,33.7
15:03:30.696,85091,0.534,-8.485,-0.972,-0.185,-0.209,0.722,-22.350,-30.450,1.950,33.8
15:03:30.796,85146,1.595,-8.083,-1.056,-0.146,-0.130,0.963,-22.350,-30.450,1.950,33.4
15:03:30.849,85201,1.240,-7.973,-1.633,-0.211,0.125,1.035,-17.400,-30.900,1.800,33.7
15:03:30.902,85256,1.501,-8.260,-1.518,-0.326,0.032,1.184,-17.400,-30.900,1.800,33.8
15:03:31.004,85311,1.415,-9.668,-1.585,-0.418,0.052,1.317,-11.400,-32.250,-1.200,33.7
15:03:31.006,85366,-2.270,-4.978,-2.440,-0.523,-0.754,1.693,-11.400,-32.250,-1.200,33.6
15:03:31.059,85421,0.570,-5.162,-2.004,-0.488,-1.253,1.000,-11.400,-32.250,-1.200,33.7
15:03:31.163,85476,-0.115,-4.223,-2.229,0.326,0.309,-1.245,0.000,-25.950,-1.800,33.8
15:03:31.165,85531,-1.125,-4.539,-2.433,0.585,0.764,-1.938,0.000,-25.950,-1.800,33.8
15:03:31.217,85586,1.305,-7.441,-1.523,0.300,0.228,-1.901,-8.700,-28.650,0.450,33.5
15:03:31.321,85641,-0.139,-8.437,-1.233,0.092,-0.277,-1.635,-8.700,-28.650,0.450,33.7
15:03:31.323,85696,2.464,-9.290,-2.325,-0.460,-0.539,-1.260,-16.200,-33.150,0.600,33.7
15:03:31.373,85751,3.043,-10.448,-2.318,-0.455,-0.718,-0.815,-16.200,-33.150,0.600,33.7
15:03:31.426,85806,3.821,-11.626,-1.923,-0.532,-0.730,-0.577,-23.250,-29.850,-1.050,33.6
15:03:31.531,85861,2.830,-9.792,-3.553,-0.456,-0.606,-0.236,-23.250,-29.850,-1.050,33.6
15:03:31.533,85916,3.223,-10.467,-3.539,-0.222,-0.548,-0.186,-23.250,-29.850,-1.050,33.7
15:03:31.584,85971,3.163,-10.252,-3.797,-0.377,-0.321,-0.090,-23.400,-25.800,-5.250,33.7
15:03:31.637,86026,3.436,-10.999,-3.620,-0.151,-0.209,0.018,-23.400,-25.800,-5.250,33.6
15:03:31.740,86081,2.777,-9.946,-3.962,-0.089,-0.024,0.195,-23.700,-26.250,-5.400,33.8
15:03:31.742,86136,3.333,-10.570,-3.440,0.096,0.093,0.184,-23.700,-26.250,-5.400,33.7
15:03:31.794,86191,2.804,-10.147,-3.359,0.052,0.440,0.333,-24.000,-25.950,-3.600,33.8
15:03:31.951,86246,2.349,-10.003,-2.976,-0.040,0.371,0.142,-24.000,-25.950,-3.600,33.7
15:03:31.953,86301,2.342,-10.111,-3.077,-0.050,0.425,0.061,-24.450,-25.200,-3.150,33.7
15:03:32.004,86356,2.885,-10.317,-2.830,-0.011,0.439,-0.156,-24.450,-25.200,-3.150,33.7
15:03:32.056,86411,3.371,-9.807,-2.763,0.038,0.646,-0.074,-24.450,-25.200,-3.150,33.7
15:03:32.110,86466,3.816,-10.017,-2.377,0.001,0.559,-0.148,-27.600,-26.250,-3.900,33.7
15:03:32.162,86521,3.757,-10.312,-2.322,-0.016,0.613,-0.076,-27.600,-26.250,-3.900,33.8
15:03:32.215,86576,3.943,-9.826,-2.107,-0.082,0.545,-0.150,-27.150,-25.500,0.300,33.9
15:03:32.267,86631,3.658,-9.503,-2.435,-0.237,0.238,-0.279,-27.150,-25.500,0.300,33.6
15:03:32.319,86687,3.232,-9.304,-2.308,-0.357,0.121,-0.323,-30.150,-26.400,-0.900,33.7
15:03:32.371,86741,4.334,-9.594,-2.559,-0.335,-0.047,-0.472,-30.150,-26.400,-0.900,33.4
15:03:32.424,86796,4.609,-11.179,-2.859,-0.084,-0.205,-0.364,-30.150,-26.400,-0.900,33.7
15:03:32.476,86851,6.414,-11.861,-3.038,-0.046,0.034,-0.246,-30.150,-26.400,-0.900,33.7
15:03:32.528,86906,6.285,-11.935,-3.213,0.004,-0.070,0.021,-33.000,-23.700,-3.600,33.7
15:03:32.582,86961,5.025,-10.731,-3.065,0.177,0.090,0.391,-31.050,-25.950,-3.600,33.9
15:03:32.634,87016,4.140,-9.771,-2.485,0.269,0.174,0.791,-31.050,-25.950,-3.600,33.7
15:03:32.687,87071,2.131,-7.891,-2.236,0.165,0.269,1.047,-27.300,-28.650,-0.900,33.7
15:03:32.738,87126,0.867,-6.833,-2.330,0.090,0.413,1.054,-27.300,-28.650,-0.900,33.7
15:03:32.791,87181,1.480,-7.324,-0.220,0.283,0.726,1.041,-27.300,-28.650,-0.900,33.7
15:03:32.843,87236,0.520,-7.915,-1.659,-0.031,0.209,0.903,-27.300,-28.650,-0.900,33.7
15:03:32.896,87291,0.127,-9.024,-0.795,-0.111,-0.140,0.673,-19.950,-30.450,-1.200,33.7
15:03:32.949,87346,0.613,-8.981,-1.417,-0.015,0.437,0.501,-19.950,-30.450,-1.200,33.6
15:03:33.053,87401,0.493,-9.718,-1.657,-0.309,-0.419,0.843,-19.800,-32.100,-0.300,33.8
15:03:33.107,87456,0.268,-8.588,-1.286,-0.249,-0.351,1.005,-19.800,-32.100,-0.300,33.9
15:03:33.158,87511,0.115,-8.265,-1.506,-0.200,-0.484,1.200,-14.850,-31.500,-1.200,33.6
15:03:33.263,87566,0.579,-6.127,-3.757,-0.404,-0.612,1.343,-9.450,-31.200,-1.500,33.7
15:03:33.265,87621,0.706,-5.827,-2.670,-0.382,-1.290,0.060,-9.450,-31.200,-1.500,33.9
15:03:33.317,87676,0.464,-5.485,-2.586,-0.388,-0.282,-1.665,-9.450,-31.200,-1.500,33.9
15:03:33.370,87731,-0.357,-6.012,-2.030,-0.376,-0.277,-2.146,-9.450,-31.200,-1.500,33.7
15:03:33.422,87786,0.405,-7.906,-3.294,-0.319,-0.313,-1.950,-13.950,-30.600,-3.150,33.7
15:03:33.474,87841,2.361,-9.864,-2.523,-0.577,-0.766,-1.527,-13.950,-30.600,-3.150,33.7
15:03:33.526,87896,3.160,-9.064,-2.777,-0.426,-0.449,-1.269,-19.500,-30.000,-4.500,33.5
15:03:33.579,87951,2.895,-9.366,-2.298,-0.314,-0.360,-1.178,-19.500,-30.000,-4.500,33.6
15:03:33.632,88006,3.242,-9.471,-3.680,-0.048,0.025,-0.711,-23.700,-28.800,-6.900,33.7
15:03:33.685,88061,2.746,-9.646,-3.376,-0.010,-0.030,-0.555,-25.800,-27.900,-6.300,33.9
15:03:33.737,88116,4.484,-9.383,-3.780,-0.084,0.118,-0.553,-25.800,-27.900,-6.300,33.7
15:03:33.788,88171,4.326,-8.808,-3.019,-0.074,0.097,-0.398,-25.800,-27.900,-6.300,33.9
15:03:33.842,88226,4.963,-9.297,-3.345,0.059,0.363,-0.199,-25.800,-27.900,-6.300,33.9
15:03:33.893,88281,5.004,-9.131,-3.038,-0.043,0.040,-0.154,-30.300,-25.950,-5.100,33.8
15:03:33.947,88336,4.082,-8.847,-3.852,-0.135,0.034,-0.136,-30.300,-25.950,-5.100,33.6
15:03:34.000,88391,4.539,-8.892,-3.895,-0.083,-0.103,-0.321,-30.150,-25.050,-4.500,33.7
15:03:34.051,88446,4.506,-7.851,-3.443,-0.018,-0.324,-0.302,-30.150,-25.050,-4.500,33.7
15:03:34.105,88501,4.458,-7.336,-3.673,0.117,-0.223,-0.211,-33.000,-23.400,-6.150,33.7
15:03:34.208,88556,4.673,-7.578,-3.582,0.126,-0.086,-0.087,-33.000,-23.400,-6.150,33.8
15:03:34.261,88611,4.800,-7.848,-3.716,0.108,-0.217,0.033,-33.000,-23.400,-6.150,33.9
15:03:34.313,88666,4.606,-8.004,-3.709,0.234,-0.124,0.125,-33.150,-23.550,-6.000,33.7
15:03:34.366,88721,5.114,-8.234,-3.960,0.027,-0.145,0.191,-33.150,-23.550,-6.000,33.8
15:03:34.418,88776,4.738,-8.586,-3.668,-0.068,-0.091,0.273,-32.250,-24.450,-6.150,33.7
15:03:34.472,88831,4.549,-8.600,-3.804,-0.198,0.051,0.375,-32.250,-24.450,-6.150,33.9
15:03:34.523,88886,4.087,-8.971,-3.364,-0.070,0.236,0.415,-31.500,-24.150,-5.400,33.9
15:03:34.576,88941,4.398,-9.392,-3.469,0.207,0.528,0.352,-31.500,-24.150,-5.400,33.9
15:03:34.630,88996,4.700,-9.072,-3.335,0.280,0.507,0.315,-31.200,-23.550,-5.250,33.9
15:03:34.682,89051,4.506,-9.033,-2.796,0.299,0.246,0.137,-31.200,-23.550,-5.250,33.7
15:03:34.735,89106,4.070,-9.582,-2.555,0.263,0.252,0.011,-31.200,-23.550,-5.250,33.7
15:03:34.785,89161,4.073,-9.136,-2.236,0.180,0.127,-0.085,-32.550,-26.250,-3.150,33.9
15:03:34.839,89216,4.389,-9.148,-2.160,0.042,-0.127,-0.128,-32.550,-26.250,-3.150,33.8
15:03:34.891,89271,4.642,-9.287,-2.198,-0.004,-0.124,-0.103,-32.250,-25.500,-2.100,34.1
15:03:34.944,89326,4.841,-9.618,-2.227,-0.057,-0.277,0.028,-32.250,-25.500,-2.100,33.7
15:03:34.997,89381,5.720,-9.869,-2.677,-0.010,-0.272,0.181,-32.400,-25.050,-2.250,33.9
15:03:35.099,89436,6.263,-11.528,-2.648,0.030,-0.471,0.440,-32.400,-25.050,-2.250,33.9
15:03:35.153,89491,5.009,-12.215,-2.909,-0.118,-0.222,0.514,-32.400,-25.050,-2.250,33.4
15:03:35.154,89546,3.771,-10.999,-2.622,-0.195,-0.123,0.545,-32.400,-25.050,-2.250,33.7
15:03:35.207,89601,3.292,-9.658,-3.074,-0.014,0.253,0.817,-27.150,-27.750,-2.550,33.7
15:03:35.258,89656,2.344,-9.831,-2.241,-0.230,0.540,0.784,-24.000,-27.750,-2.100,33.5
15:03:35.365,89711,1.267,-8.198,-3.800,0.103,1.410,0.855,-24.000,-27.750,-2.100,33.9
15:03:35.417,89766,1.839,-9.771,0.534,0.661,1.952,1.004,-22.500,-30.300,-2.100,33.8
15:03:35.470,89821,2.794,-8.569,0.634,0.701,2.208,0.852,-22.500,-30.300,-2.100,33.6
15:03:35.522,89876,-0.091,-10.702,-1.389,-0.055,-0.781,0.398,-21.150,-30.750,-0.900,33.7
15:03:35.573,89931,2.579,-8.823,-0.644,-0.096,1.311,0.262,-21.150,-30.750,-0.900,33.7
15:03:35.626,89986,-0.287,-7.812,-3.235,-0.563,0.167,0.366,-21.150,-30.750,-0.900,33.7
15:03:35.679,90041,1.884,-10.444,-0.464,-0.455,0.146,0.448,-21.150,-30.750,-0.900,33.9
15:03:35.732,90096,1.963,-9.749,-0.795,-0.256,0.196,0.925,-18.150,-29.100,-2.850,33.8
15:03:35.784,90151,0.136,-8.428,-2.425,-0.137,-0.159,1.040,-18.150,-29.100,-2.850,33.4
15:03:35.836,90206,0.323,-8.535,-1.144,0.003,-0.450,1.259,-14.700,-30.300,-3.150,33.7
15:03:35.890,90261,0.697,-7.171,-1.978,-0.294,-0.520,1.049,-7.650,-29.100,-1.800,33.6
15:03:35.941,90316,-0.342,-6.335,-2.863,-0.617,-0.800,0.062,-7.650,-29.100,-1.800,33.9
15:03:35.995,90371,1.247,-7.956,-2.600,-0.270,-0.452,-0.945,-5.700,-28.500,-3.900,33.9
15:03:36.047,90426,0.302,-7.695,-3.053,-0.123,-0.337,-1.266,-5.700,-28.500,-3.900,33.7
15:03:36.099,90481,0.187,-8.341,-3.098,-0.002,-0.131,-1.237,-5.700,-28.500,-3.900,34.0
15:03:36.152,90536,0.527,-9.222,-3.227,0.112,-0.117,-1.348,-5.700,-28.500,-3.900,33.9
15:03:36.204,90591,-0.424,-7.539,-2.868,-0.038,-0.022,-1.179,-15.450,-29.550,-5.100,33.8
15:03:36.257,90646,0.230,-7.937,-3.077,-0.042,-0.119,-1.202,-15.450,-29.550,-5.100,33.7
15:03:36.310,90701,0.682,-9.536,-2.435,0.242,-0.347,-0.946,-19.350,-28.800,-3.600,33.6
15:03:36.362,90756,3.019,-9.639,-2.818,0.162,-0.365,-0.950,-23.250,-28.500,-3.600,33.9
15:03:36.413,90811,3.160,-10.532,-3.084,0.054,-0.371,-0.578,-23.250,-28.500,-3.600,33.7
15:03:36.520,90866,3.668,-10.760,-2.286,0.236,-0.295,-0.406,-23.250,-28.500,-3.600,33.7
15:03:36.571,90921,4.228,-10.793,-1.903,0.131,-0.340,-0.438,-23.250,-28.500,-3.600,33.7
15:03:36.623,90976,4.954,-9.919,-3.007,-0.026,-0.236,-0.286,-28.500,-30.000,-1.950,34.0
15:03:36.676,91031,3.108,-9.500,-2.674,-0.303,-0.177,-0.356,-28.500,-30.000,-1.950,33.7
15:03:36.730,91086,2.837,-8.792,-2.806,-0.143,-0.264,-0.317,-28.500,-28.650,-2.700,33.6
15:03:36.782,91141,3.443,-8.526,-3.151,-0.091,-0.204,-0.381,-28.500,-28.650,-2.700,34.0
15:03:36.835,91196,4.633,-8.389,-2.650,-0.193,-0.121,-0.396,-28.950,-28.200,-4.500,33.7
15:03:36.887,91251,4.906,-8.162,-3.419,-0.345,-0.242,-0.560,-31.200,-28.950,-4.500,33.7
15:03:36.938,91306,4.190,-7.645,-2.801,-0.338,0.020,-0.547,-31.200,-28.950,-4.500,33.7
15:03:36.991,91361,4.769,-7.271,-3.031,-0.281,0.212,-0.514,-31.200,-28.950,-4.500,33.7
15:03:37.043,91416,5.578,-8.145,-2.375,0.045,0.297,-0.496,-31.200,-28.950,-4.500,33.8
15:03:37.096,91471,5.454,-7.592,-2.818,0.160,0.427,-0.390,-37.050,-24.000,-4.500,33.8
15:03:37.149,91526,5.406,-6.802,-2.902,0.012,0.364,-0.435,-37.050,-24.000,-4.500,33.9
15:03:37.202,91581,5.444,-6.656,-2.267,-0.131,0.226,-0.318,-37.500,-23.550,-3.000,33.9
15:03:37.255,91636,5.334,-6.766,-2.646,-0.118,0.113,-0.099,-37.500,-23.550,-3.000,33.9
15:03:37.306,91691,6.196,-7.949,-2.105,0.108,0.288,0.184,-37.500,-23.550,-1.950,33.9
15:03:37.359,91746,6.517,-8.179,-2.605,-0.018,-0.018,0.315,-37.500,-23.550,-1.950,33.9
15:03:37.412,91801,6.845,-9.182,-3.701,-0.142,-0.178,0.325,-37.500,-23.550,-1.950,33.7
15:03:37.464,91856,6.481,-9.644,-3.290,-0.284,-0.107,0.415,-37.650,-24.150,-2.850,33.7
15:03:37.516,91911,7.130,-9.869,-3.417,-0.076,0.158,0.424,-37.650,-24.150,-2.850,33.9
15:03:37.568,91966,7.427,-10.405,-2.753,-0.013,0.300,0.258,-37.050,-24.300,-3.750,33.9
15:03:37.673,92021,6.141,-10.271,-2.705,-0.023,0.329,0.112,-37.050,-24.300,-3.750,33.9
15:03:37.727,92076,6.613,-10.123,-2.799,0.032,0.313,0.002,-36.900,-25.200,-1.800,33.8
15:03:37.780,92131,5.772,-9.419,-1.805,0.139,0.181,0.321,-36.900,-25.200,-1.800,33.9
15:03:37.832,92186,4.997,-8.930,-2.033,0.003,0.315,0.397,-37.500,-26.100,-2.700,33.8
15:03:37.936,92241,5.119,-8.899,-1.982,-0.023,0.199,0.406,-37.500,-26.100,-2.700,33.7
15:03:37.937,92296,4.563,-8.969,-1.772,0.029,0.161,0.584,-37.500,-26.100,-2.700,33.8
15:03:37.990,92351,4.999,-9.033,-1.506,0.042,0.242,0.785,-30.600,-28.500,0.300,33.8
15:03:38.042,92406,3.735,-8.198,-1.513,-0.052,0.246,1.035,-30.600,-28.500,0.300,33.9
15:03:38.093,92461,3.172,-7.999,-1.956,-0.118,0.242,0.965,-27.750,-29.400,1.200,33.7
15:03:38.146,92516,2.693,-8.667,-1.561,-0.082,0.232,0.953,-27.750,-29.400,1.200,33.7
15:03:38.200,92571,2.291,-8.545,-1.784,-0.029,0.365,0.978,-24.600,-30.000,-0.450,33.9
15:03:38.251,92626,1.966,-8.966,-1.879,-0.095,0.349,0.948,-24.600,-30.000,-0.450,33.6
15:03:38.303,92681,1.899,-9.175,-1.753,-0.128,0.300,1.118,-20.550,-30.300,1.350,33.8
15:03:38.357,92736,1.714,-8.940,-2.002,0.047,0.284,1.188,-20.550,-30.300,1.350,33.9
15:03:38.409,92791,0.620,-9.263,-1.927,0.057,0.021,1.311,-20.550,-30.300,1.350,33.9
15:03:38.462,92846,0.141,-8.988,-1.798,0.029,0.000,1.405,-20.550,-30.300,1.350,33.7
15:03:38.513,92901,-1.027,-7.863,-1.999,-0.031,-0.238,1.591,-10.050,-30.600,-0.600,33.8
15:03:38.566,92956,-0.749,-7.130,-0.632,0.436,-0.188,0.683,-4.350,-29.700,0.450,33.8
15:03:38.618,93011,-0.706,-6.579,-1.671,0.221,0.072,-0.439,-4.350,-29.700,0.450,33.8
15:03:38.671,93066,-0.211,-5.796,-0.622,0.112,0.036,-1.506,-4.800,-29.700,-0.150,33.7
15:03:38.724,93121,-0.395,-5.674,-1.252,0.338,0.022,-1.835,-4.800,-29.700,-0.150,34.1
15:03:38.829,93176,-0.611,-7.717,-0.117,0.037,-0.232,-1.713,-4.800,-29.700,-0.150,33.9
15:03:38.881,93231,0.505,-8.940,-1.331,-0.408,-0.620,-1.362,-4.800,-29.700,-0.150,33.9
15:03:38.935,93286,1.618,-9.371,-1.860,-0.195,-0.669,-1.233,-20.400,-31.500,1.950,33.8
15:03:38.986,93341,2.854,-10.736,-1.542,-0.480,-0.831,-0.929,-20.400,-31.500,1.950,33.7
15:03:39.039,93396,3.117,-10.242,-2.698,-0.624,-0.934,-0.563,-24.900,-29.850,-1.050,33.8
15:03:39.092,93451,2.705,-10.467,-2.799,-0.462,-0.456,-0.329,-27.150,-28.500,-2.100,33.7
15:03:39.143,93506,3.244,-10.824,-2.641,-0.389,-0.093,0.011,-27.150,-28.500,-2.100,33.9
15:03:39.196,93561,2.461,-10.903,-3.393,-0.229,-0.176,0.058,-28.500,-27.150,-2.700,33.7
15:03:39.248,93616,2.887,-10.997,-2.772,0.007,0.153,0.156,-28.500,-27.150,-2.700,33.7
15:03:39.302,93671,3.311,-10.247,-3.879,-0.180,0.353,0.232,-28.500,-27.150,-2.700,33.7
15:03:39.355,93726,3.280,-10.518,-2.940,-0.048,0.305,0.066,-28.500,-27.150,-2.700,34.0
15:03:39.406,93781,2.880,-9.754,-2.868,-0.076,0.550,0.194,-28.350,-27.300,-2.850,33.7
15:03:39.460,93836,3.005,-9.828,-2.413,0.070,0.474,0.252,-28.350,-27.300,-2.850,33.6
15:03:39.512,93891,2.811,-9.629,-1.889,0.155,0.571,0.387,-27.750,-26.400,-1.500,33.8
15:03:39.564,93946,2.629,-9.591,-2.054,0.164,0.569,0.452,-29.550,-27.000,0.300,34.0
15:03:39.617,94001,2.619,-9.924,-1.891,0.107,0.568,0.354,-29.550,-27.000,0.300,33.9
15:03:39.668,94056,2.308,-10.247,-1.681,0.167,0.455,0.321,-29.850,-28.050,2.100,33.9
15:03:39.775,94111,2.284,-10.233,-1.686,0.226,0.519,0.276,-29.850,-28.050,2.100,34.1
15:03:39.776,94166,2.121,-10.147,-1.525,0.295,0.372,0.184,-29.850,-28.050,2.100,33.4
15:03:39.827,94221,2.071,-9.910,-1.188,0.401,0.351,0.241,-29.850,-28.050,2.100,33.8
15:03:39.880,94276,2.248,-9.088,-1.149,0.307,0.220,0.307,-28.500,-28.950,4.800,33.8
15:03:39.983,94331,1.829,-9.632,-0.646,0.201,0.415,0.421,-28.500,-28.950,4.800,34.0
15:03:40.036,94386,1.130,-10.120,0.091,0.312,0.320,0.245,-27.900,-28.800,8.400,33.9
15:03:40.089,94441,0.838,-10.080,0.433,0.307,0.180,0.222,-27.900,-28.800,8.400,33.9
15:03:40.141,94496,1.221,-10.764,0.840,0.240,0.136,0.073,-25.800,-30.000,10.050,33.7
15:03:40.194,94551,0.725,-10.515,0.493,-0.039,-0.241,-0.125,-25.800,-30.000,10.050,33.7
15:03:40.247,94606,1.235,-11.248,0.809,-0.311,-0.414,-0.467,-25.800,-30.000,10.050,33.6
15:03:40.300,94661,3.029,-12.127,0.299,-0.587,-1.003,-0.788,-27.150,-28.800,8.700,33.9
15:03:40.352,94716,3.223,-12.725,-0.108,-0.287,-0.971,-0.718,-27.150,-28.800,8.700,33.9
15:03:40.405,94771,3.778,-12.227,-0.919,-0.236,-1.194,-0.570,-26.700,-29.100,4.650,33.8
15:03:40.457,94826,3.316,-12.198,-1.578,-0.207,-0.968,-0.296,-26.700,-29.100,4.650,33.8
15:03:40.509,94881,2.619,-11.284,-1.796,-0.205,-0.833,0.001,-27.600,-28.800,1.350,33.9
15:03:40.562,94936,1.841,-9.673,-2.157,-0.324,-0.634,0.171,-27.600,-28.800,1.350,33.8
15:03:40.615,94991,1.274,-9.263,-1.920,-0.271,-0.323,0.447,-25.050,-28.950,0.900,33.7
15:03:40.666,95046,1.372,-8.744,-2.255,-0.286,-0.026,0.593,-25.050,-28.950,0.900,33.8
15:03:40.719,95101,0.472,-8.653,-1.753,-0.075,0.124,0.702,-25.050,-28.950,0.900,33.7
15:03:40.772,95156,0.457,-7.989,-1.810,0.066,0.358,0.810,-19.950,-28.950,-0.450,33.8
15:03:40.825,95211,0.919,-7.898,-1.635,0.244,0.666,0.893,-19.950,-28.950,-0.450,33.8
15:03:40.877,95266,0.409,-8.590,-1.147,0.281,0.472,0.986,-14.250,-29.850,0.000,34.1
15:03:40.928,95321,0.462,-8.284,-2.004,0.102,0.354,1.191,-14.250,-29.850,0.000,33.9
15:03:40.982,95376,0.769,-10.616,-1.741,0.165,0.079,1.502,-12.450,-29.850,-0.300,33.9
15:03:41.033,95431,0.821,-6.323,-1.592,-0.012,-1.476,1.587,-12.450,-29.850,-0.300,33.8
15:03:41.139,95486,0.663,-4.784,-1.614,0.002,-0.811,0.610,-4.200,-29.850,-0.300,33.8
15:03:41.191,95541,1.111,-4.714,-1.262,0.353,-0.302,-1.468,-4.200,-29.850,-0.300,33.7
15:03:41.243,95596,0.836,-6.050,-0.201,0.467,0.482,-1.842,-4.200,-29.850,-0.300,33.9
15:03:41.296,95651,-1.896,-5.796,-1.851,0.304,0.859,-1.811,-9.600,-31.650,2.850,33.8
15:03:41.349,95706,-0.168,-7.764,-1.293,0.068,0.212,-1.442,-9.600,-31.650,2.850,33.8
15:03:41.402,95761,0.321,-10.070,-0.383,0.051,-0.154,-1.212,-15.300,-31.800,3.750,33.7
15:03:41.453,95816,1.935,-10.982,-0.026,-0.331,-1.012,-0.791,-15.300,-31.800,3.750,33.7
15:03:41.506,95871,1.688,-11.181,0.093,-0.088,-0.950,-0.479,-20.100,-30.900,6.150,34.1
15:03:41.559,95926,2.128,-11.439,-0.275,-0.514,-0.238,-0.102,-20.100,-30.900,6.150,33.9
15:03:41.612,95981,2.373,-10.858,-2.365,-0.464,-0.458,-0.102,-20.100,-30.900,6.150,33.9
15:03:41.663,96036,1.159,-11.432,-1.642,-0.248,-0.270,-0.035,-20.100,-30.900,6.150,33.8
15:03:41.715,96091,3.158,-10.104,-1.997,-0.275,-0.822,-0.089,-22.650,-28.200,1.500,33.9
15:03:41.768,96146,3.098,-11.179,-1.528,-0.137,-0.140,-0.017,-23.850,-27.150,0.450,33.7
15:03:41.822,96201,3.318,-11.190,-1.767,-0.148,-0.239,-0.085,-23.850,-27.150,0.450,33.7
15:03:41.875,96256,3.225,-10.420,-2.066,-0.017,-0.107,-0.083,-24.450,-28.050,0.000,34.0
15:03:41.927,96311,3.871,-10.422,-1.393,0.200,0.145,-0.188,-24.450,-28.050,0.000,33.8
15:03:41.979,96366,3.230,-10.101,-0.989,0.449,0.210,-0.060,-24.900,-27.750,2.100,34.0
15:03:42.031,96421,3.486,-9.558,-1.109,0.440,0.085,0.028,-24.900,-27.750,2.100,34.0
15:03:42.084,96476,3.270,-9.728,-1.061,0.422,0.112,0.265,-24.900,-27.750,2.100,33.9
15:03:42.137,96531,2.871,-9.814,-0.388,0.265,0.350,0.388,-24.900,-27.750,2.100,33.7
15:03:42.188,96586,2.354,-9.764,-0.553,0.154,0.188,0.403,-21.300,-29.550,4.650,33.9
15:03:42.294,96641,2.583,-9.519,-0.943,0.134,-0.156,0.294,-23.400,-29.400,3.000,33.7
15:03:42.347,96696,1.156,-11.219,0.546,0.305,0.567,0.328,-23.400,-29.400,3.000,33.9
15:03:42.399,96751,2.751,-10.345,-1.226,0.006,0.030,0.097,-21.000,-30.900,5.850,34.2
15:03:42.452,96806,4.235,-12.850,-0.227,-0.299,-0.015,-0.051,-21.000,-30.900,5.850,33.9
15:03:42.504,96861,4.190,-13.692,0.093,-0.375,0.302,-0.478,-22.500,-30.600,5.400,33.9
15:03:42.557,96916,3.709,-13.075,-0.151,-0.452,0.227,-0.596,-22.500,-30.600,5.400,34.1
15:03:42.609,96971,3.687,-12.462,-0.316,-0.382,0.088,-0.645,-22.500,-30.600,5.400,33.7
15:03:42.660,97026,2.634,-11.011,-0.625,-0.375,0.009,-0.457,-22.500,-30.600,5.400,33.9
15:03:42.765,97081,1.705,-9.491,-0.462,-0.396,-0.001,-0.082,-24.600,-29.700,4.800,33.9
15:03:42.767,97136,2.325,-8.413,-0.702,-0.486,0.066,0.204,-24.600,-29.700,4.800,34.0
15:03:42.819,97191,2.267,-8.842,-0.802,-0.363,0.293,0.406,-25.350,-30.000,1.950,33.9
15:03:42.872,97246,1.178,-8.729,-1.010,-0.383,0.186,0.527,-22.500,-30.300,2.550,33.8
15:03:42.925,97301,1.566,-9.043,-1.188,-0.246,0.419,0.629,-22.500,-30.300,2.550,33.7
15:03:42.977,97356,1.623,-8.308,-1.652,-0.137,0.563,0.708,-22.050,-29.550,3.150,33.7
15:03:43.030,97411,1.635,-8.452,-1.844,-0.058,0.534,0.717,-22.050,-29.550,3.150,33.9
15:03:43.082,97466,1.915,-9.067,-1.379,-0.051,0.781,0.709,-22.050,-29.550,3.150,33.9
15:03:43.134,97521,1.872,-9.402,-0.876,-0.002,0.547,0.949,-22.050,-29.550,3.150,34.0
15:03:43.186,97576,1.738,-9.273,-1.616,-0.157,0.464,1.140,-19.350,-30.900,1.050,33.7
15:03:43.238,97631,1.070,-11.138,-0.692,0.305,0.230,1.581,-19.350,-30.900,1.050,33.9
15:03:43.291,97687,-2.059,-5.590,-1.530,0.028,-0.723,2.248,-11.400,-32.550,1.500,33.9
15:03:43.343,97741,1.346,-6.883,-0.994,-0.436,-1.837,1.061,-2.250,-28.500,1.050,33.7
15:03:43.448,97796,1.681,-6.096,-1.602,-0.146,-0.129,-0.732,-2.250,-28.500,1.050,33.8
15:03:43.502,97851,-0.441,-4.815,-1.678,0.278,-0.108,-1.684,-2.250,-28.500,1.050,33.9
15:03:43.555,97906,-0.778,-6.668,-0.180,0.226,0.336,-1.692,-2.250,-28.500,1.050,34.1
15:03:43.607,97961,-2.519,-7.575,-0.048,0.001,-0.366,-1.595,-10.800,-31.650,1.350,34.0
15:03:43.660,98016,0.852,-10.178,0.113,-0.041,-0.335,-0.994,-10.800,-31.650,1.350,34.1
15:03:43.711,98071,0.584,-11.643,-1.077,-0.090,-0.244,-0.770,-17.850,-32.400,2.550,34.0
15:03:43.763,98126,2.423,-10.647,-1.010,-0.147,-0.028,-0.417,-17.850,-32.400,2.550,33.7
15:03:43.816,98181,2.588,-11.138,-1.022,-0.041,0.042,-0.035,-21.750,-32.100,3.150,34.2
15:03:43.869,98236,1.508,-10.906,-0.821,0.185,-0.073,0.262,-21.750,-32.100,3.150,34.2
15:03:43.922,98291,1.738,-11.097,-0.855,0.161,0.013,0.616,-22.650,-30.450,3.750,33.8
15:03:43.974,98346,0.251,-11.777,-0.852,0.144,-0.245,0.753,-22.650,-30.450,3.750,33.9
15:03:44.026,98401,0.402,-11.190,-0.402,-0.013,-0.164,0.675,-22.650,-30.450,3.750,33.7
15:03:44.078,98456,-0.625,-10.700,-1.046,-0.216,-0.726,0.580,-17.250,-31.500,4.800,34.1
15:03:44.131,98511,-0.237,-11.365,-0.244,-0.170,-0.636,0.439,-17.250,-31.500,4.800,33.7
15:03:44.183,98566,-0.972,-11.092,-0.728,-0.196,-0.950,0.300,-15.900,-30.900,3.900,33.9
15:03:44.235,98621,-0.113,-11.653,-1.276,-0.140,-0.721,0.127,-15.900,-30.900,3.900,34.1
15:03:44.288,98676,0.060,-11.246,-1.520,-0.119,-0.711,-0.173,-13.200,-29.850,1.800,33.9
15:03:44.342,98731,-0.019,-11.408,-0.558,0.127,-0.676,-0.263,-13.200,-29.850,1.800,33.9
15:03:44.393,98786,-0.108,-10.654,-0.881,0.096,-0.536,-0.403,-14.100,-31.800,1.950,33.9
15:03:44.446,98841,0.692,-11.054,-0.517,0.111,-0.400,-0.371,-14.100,-31.800,1.950,34.1
15:03:44.499,98896,0.730,-11.466,-1.154,-0.433,0.309,-0.461,-14.100,-31.800,1.950,33.7
15:03:44.604,98951,1.465,-12.057,-1.128,-0.537,-0.176,-0.786,-14.100,-30.450,1.200,33.7
15:03:44.657,99006,1.104,-12.546,-1.190,-0.309,0.010,-0.767,-14.100,-30.450,1.200,33.9
15:03:44.708,99061,1.762,-11.722,-2.289,-0.362,0.163,-0.662,-15.900,-31.350,0.300,34.0
15:03:44.761,99116,1.259,-11.293,-1.530,-0.494,0.207,-0.609,-15.900,-31.350,0.300,33.9
15:03:44.813,99171,1.346,-10.664,-1.295,-0.436,0.537,-0.405,-17.700,-29.400,0.900,33.8
15:03:44.866,99226,1.334,-10.415,-1.690,-0.302,0.908,-0.166,-17.700,-29.400,0.900,34.1
15:03:44.920,99281,2.069,-9.266,-2.049,-0.228,0.907,0.014,-17.700,-29.400,0.900,33.7
15:03:44.972,99336,1.429,-9.218,-1.899,-0.100,1.011,0.285,-21.750,-29.850,0.600,33.7
15:03:45.025,99391,1.925,-8.938,-1.671,-0.079,1.005,0.535,-21.750,-29.850,0.600,33.9
15:03:45.076,99446,1.226,-8.092,-1.745,-0.046,0.604,0.774,-21.300,-30.600,2.100,33.9
15:03:45.128,99501,1.939,-8.377,-1.561,0.076,0.861,0.993,-21.300,-30.600,2.100,33.7
15:03:45.181,99556,1.274,-7.975,-1.578,-0.030,0.869,0.944,-17.850,-32.100,2.100,34.0
15:03:45.233,99611,2.710,-9.033,-0.998,0.281,0.800,1.118,-17.850,-32.100,2.100,34.1
15:03:45.287,99666,0.474,-8.820,-0.589,0.141,0.315,1.669,-13.350,-33.300,1.200,33.9
15:03:45.339,99721,-0.558,-4.858,-1.010,-0.057,-0.921,1.599,-13.350,-33.300,1.200,33.7
15:03:45.392,99776,1.571,-5.576,-1.372,0.191,-0.180,-0.572,-13.350,-33.300,1.200,34.1
15:03:45.445,99831,1.571,-5.710,-0.402,0.498,-0.470,-1.539,-13.350,-33.300,1.200,34.1
15:03:45.497,99886,2.557,-6.507,-0.084,0.562,0.390,-1.848,-6.900,-30.300,3.150,34.2
15:03:45.549,99941,-1.736,-6.354,-1.659,0.496,0.190,-1.803,-16.500,-33.600,6.300,33.8
15:03:45.601,99996,3.452,-8.878,-0.017,-0.050,-0.875,-1.448,-16.500,-33.600,6.300,33.7
15:03:45.653,100051,3.634,-10.523,0.273,-0.006,-0.901,-0.930,-23.250,-31.650,6.900,34.1
15:03:45.758,100106,2.413,-10.218,-0.081,-0.241,-0.171,-0.394,-23.250,-31.650,6.900,33.7
15:03:45.811,100161,3.024,-9.910,-1.077,-0.174,-0.130,0.118,-26.250,-31.500,6.000,33.8
15:03:45.865,100216,2.725,-11.748,0.304,-0.471,-0.539,0.336,-26.250,-31.500,6.000,34.1
15:03:45.917,100271,3.440,-11.028,-0.757,-0.412,-0.228,0.703,-26.250,-31.500,6.000,34.0
15:03:45.970,100326,1.935,-12.115,-1.202,-0.294,-0.576,1.102,-26.250,-31.500,6.000,34.1
15:03:46.022,100381,1.360,-11.109,-1.056,-0.231,-0.513,1.098,-23.100,-28.950,5.250,33.9
15:03:46.073,100436,0.505,-11.040,-0.977,0.099,-0.984,1.190,-18.000,-29.400,3.000,33.8
15:03:46.126,100491,0.728,-11.308,-0.565,0.004,-1.063,1.102,-18.000,-29.400,3.000,33.7
15:03:46.179,100546,-0.165,-11.468,-1.106,-0.083,-0.276,0.797,-13.200,-28.500,3.150,34.2
15:03:46.231,100601,-0.591,-11.028,-1.690,-0.256,-0.663,0.657,-13.200,-28.500,3.150,33.9
15:03:46.283,100656,-1.561,-10.910,-0.929,-0.190,-0.477,0.279,-10.200,-30.000,1.950,33.9
15:03:46.336,100711,-2.037,-10.376,-0.943,-0.109,-0.321,0.012,-10.200,-30.000,1.950,34.1
15:03:46.389,100766,-1.142,-10.475,-1.401,-0.201,-0.370,-0.211,-10.200,-30.000,1.950,34.0
15:03:46.442,100821,-0.711,-10.209,-1.688,-0.149,-0.054,-0.321,-10.200,-30.000,1.950,33.9
15:03:46.494,100876,-0.737,-10.139,-1.250,0.012,0.244,-0.262,-9.900,-30.000,1.500,34.0
15:03:46.547,100931,0.053,-9.965,-1.312,0.136,0.306,-0.244,-9.900,-30.000,1.500,33.7
15:03:46.599,100986,0.062,-9.991,-1.207,0.175,0.468,-0.184,-10.950,-30.450,3.450,34.2
15:03:46.651,101041,-0.187,-10.374,-0.905,0.137,0.388,-0.190,-11.400,-30.450,4.200,34.0
15:03:46.704,101096,0.017,-10.970,-1.326,-0.019,0.371,-0.313,-11.400,-30.450,4.200,33.8
15:03:46.756,101151,-0.055,-11.195,-1.915,-0.066,0.395,-0.472,-14.550,-29.400,1.500,34.2
15:03:46.810,101206,0.180,-10.374,-1.604,0.013,0.095,-0.663,-14.550,-29.400,1.500,34.0
15:03:46.913,101261,0.060,-10.369,-0.833,0.099,0.247,-0.635,-14.550,-29.400,1.500,33.8
15:03:46.966,101316,1.554,-10.721,-1.027,0.149,0.257,-0.725,-14.550,-29.400,1.500,33.7
15:03:47.020,101371,2.093,-11.858,-0.594,0.017,0.838,-0.676,-19.200,-29.700,6.000,34.2
15:03:47.070,101426,2.136,-12.091,-0.474,-0.123,0.556,-0.827,-19.200,-29.700,6.000,34.0
15:03:47.123,101481,0.625,-11.617,-0.493,-0.314,0.053,-0.582,-21.750,-32.100,3.600,33.9
15:03:47.175,101536,1.899,-11.023,-0.697,-0.337,-0.060,-0.506,-25.050,-31.200,4.500,33.9
15:03:47.228,101591,2.138,-9.905,-0.982,-0.584,-0.041,-0.277,-25.050,-31.200,4.500,33.9
15:03:47.281,101646,1.946,-9.493,-0.819,-0.539,-0.134,-0.071,-25.050,-31.200,4.500,33.9
15:03:47.335,101701,2.638,-9.416,-0.898,-0.377,0.132,0.221,-25.050,-31.200,4.500,33.7
15:03:47.386,101756,3.263,-9.301,-1.178,-0.219,0.241,0.676,-26.550,-30.000,1.500,33.9
15:03:47.438,101811,3.062,-8.401,-1.211,-0.205,0.883,1.112,-26.550,-30.000,1.500,33.9
15:03:47.492,101866,2.294,-7.992,-2.021,-0.157,0.644,1.333,-21.300,-30.900,0.000,34.0
15:03:47.545,101921,0.764,-8.021,-1.329,-0.075,0.435,1.563,-21.300,-30.900,0.000,34.2
15:03:47.597,101976,1.784,-8.464,-2.306,0.168,-0.480,1.763,-16.200,-31.650,-1.050,34.1
15:03:47.650,102031,-0.199,-6.651,0.917,-0.226,-1.625,1.882,-7.950,-31.800,0.900,33.8
15:03:47.701,102086,0.860,-5.004,-0.637,-0.127,-0.757,0.574,-7.950,-31.800,0.900,33.7
15:03:47.753,102141,0.199,-4.566,-2.217,0.110,0.143,-1.282,-7.950,-31.800,0.900,33.9
15:03:47.807,102196,-1.010,-5.126,-0.019,0.280,-0.139,-1.982,-7.950,-31.800,0.900,34.0
15:03:47.859,102251,-0.201,-5.538,-0.393,0.292,0.102,-2.042,-10.200,-30.000,0.900,33.8
15:03:47.910,102306,-0.175,-7.290,-1.458,0.177,-0.254,-1.648,-10.200,-30.000,0.900,34.0
15:03:47.963,102361,1.551,-9.251,-1.049,0.080,-0.496,-1.331,-19.200,-33.000,3.750,34.1
15:03:48.069,102416,3.376,-10.252,-1.415,-0.178,-0.939,-0.742,-19.200,-33.000,3.750,34.3
15:03:48.122,102471,2.653,-10.815,-1.310,0.020,-0.900,-0.308,-23.250,-30.900,2.550,33.8
15:03:48.174,102526,2.818,-11.734,-1.741,0.196,-0.635,0.129,-23.250,-30.900,2.550,34.2
15:03:48.226,102581,2.698,-10.434,-2.452,0.007,-0.541,0.489,-24.450,-30.300,2.100,33.9
15:03:48.278,102636,2.351,-11.447,-1.954,-0.082,-0.563,0.587,-24.450,-30.300,2.100,33.9
15:03:48.332,102691,1.966,-10.934,-2.136,-0.293,-0.116,0.502,-24.450,-30.300,2.100,33.9
15:03:48.383,102746,1.626,-11.545,-1.456,-0.244,-0.094,0.440,-21.450,-29.700,0.150,33.7
15:03:48.437,102801,1.231,-11.344,-1.798,-0.146,0.184,0.385,-21.450,-29.700,0.150,33.9
15:03:48.540,102856,1.949,-10.973,-2.215,-0.105,0.026,0.015,-20.400,-29.400,0.900,33.9
15:03:48.542,102911,1.235,-10.609,-1.848,-0.051,0.097,-0.085,-20.400,-29.400,0.900,34.2
15:03:48.595,102966,2.212,-10.609,-1.784,-0.121,0.214,-0.205,-19.950,-28.950,0.150,34.0
15:03:48.647,103021,1.903,-10.475,-1.805,-0.222,-0.091,-0.367,-19.950,-28.950,0.150,34.1
15:03:48.700,103076,2.227,-10.058,-1.863,-0.167,-0.015,-0.343,-19.950,-28.950,0.150,33.9
15:03:48.750,103131,2.636,-9.665,-1.671,-0.113,0.086,-0.303,-23.850,-28.950,0.150,33.9
15:03:48.803,103186,2.703,-9.603,-1.915,-0.047,-0.021,-0.246,-23.850,-28.950,0.150,34.1
15:03:48.856,103241,3.024,-9.385,-1.987,-0.152,0.126,-0.208,-26.550,-30.450,-0.450,33.7
15:03:48.908,103296,2.581,-9.325,-1.681,-0.058,0.071,-0.089,-26.550,-30.450,-0.450,34.0
15:03:48.961,103351,2.729,-9.318,-1.743,0.070,0.140,-0.098,-25.950,-29.550,2.100,34.0
15:03:49.015,103406,2.828,-9.948,-1.336,-0.076,0.167,-0.109,-25.950,-29.550,2.100,34.1
15:03:49.067,103461,3.941,-11.392,-2.322,-0.334,0.158,-0.376,-26.550,-28.200,0.150,33.9
15:03:49.120,103516,4.659,-11.564,-2.780,-0.252,-0.014,-0.551,-26.550,-28.200,0.150,34.2
15:03:49.223,103571,5.308,-11.897,-2.933,-0.297,-0.270,-0.792,-26.550,-28.200,0.150,34.0
15:03:49.276,103626,5.677,-12.170,-3.175,-0.544,-0.248,-0.916,-26.550,-28.200,0.150,33.9
15:03:49.329,103681,4.671,-11.760,-1.480,-0.240,-0.526,-0.744,-30.150,-27.150,-0.150,33.9
15:03:49.382,103736,4.946,-9.290,-1.702,-0.228,-0.295,0.074,-30.300,-26.700,-2.550,34.1
15:03:49.433,103791,2.105,-8.456,-2.195,-0.263,0.521,0.582,-30.300,-26.700,-2.550,33.9
15:03:49.487,103846,3.254,-8.545,-2.729,0.067,0.454,0.850,-28.200,-28.950,-1.950,34.0
15:03:49.538,103901,2.933,-8.346,-2.025,0.250,0.511,1.069,-28.200,-28.950,-1.950,34.2
15:03:49.591,103956,2.322,-7.798,-2.028,0.319,0.754,1.358,-24.300,-27.600,-1.200,34.0
15:03:49.645,104011,1.748,-7.621,-1.772,0.199,0.844,1.553,-24.300,-27.600,-1.200,33.8
15:03:49.697,104066,2.014,-7.630,-1.812,0.060,0.537,1.701,-24.300,-27.600,-1.200,33.9
15:03:49.748,104121,1.571,-8.056,-1.975,0.039,0.295,1.798,-24.300,-27.600,-1.200,34.1
15:03:49.853,104176,0.220,-9.117,-1.793,-0.130,-0.875,2.034,-12.900,-31.800,0.450,34.0
15:03:49.855,104231,-1.580,-4.846,-2.150,-0.266,-0.689,2.227,-4.650,-29.100,-0.300,34.1
15:03:49.906,104286,0.342,-6.223,-1.362,-0.286,-1.262,0.479,-4.650,-29.100,-0.300,34.0
15:03:49.958,104341,-0.551,-5.497,-1.755,-0.223,0.117,-1.178,1.050,-26.700,-0.300,34.2
15:03:50.011,104396,-1.214,-5.914,-1.990,-0.142,0.643,-1.934,1.050,-26.700,-0.300,33.7
15:03:50.063,104451,-1.137,-7.389,-2.028,-0.318,-0.105,-2.036,-7.050,-28.950,-0.450,33.9
15:03:50.115,104506,0.907,-8.871,-2.109,-0.179,-0.532,-1.780,-7.050,-28.950,-0.450,34.0
15:03:50.168,104561,2.279,-9.440,-3.400,-0.237,-0.206,-1.257,-7.050,-28.950,-0.450,34.1
15:03:50.220,104616,2.789,-10.882,-2.097,-0.285,-0.314,-0.965,-7.050,-28.950,-0.450,34.1
15:03:50.273,104671,3.311,-9.416,-2.614,-0.225,-0.135,-0.462,-20.550,-29.100,-0.600,34.2
15:03:50.379,104726,1.901,-9.713,-2.605,0.295,-0.269,-0.131,-21.000,-29.850,-2.550,34.2
15:03:50.432,104781,2.586,-10.506,-3.012,0.165,0.110,-0.042,-21.000,-29.850,-2.550,33.9
15:03:50.485,104836,2.025,-10.185,-3.072,-0.086,-0.185,-0.053,-23.250,-27.750,-1.350,33.7
15:03:50.537,104891,1.930,-10.961,-2.873,-0.179,-0.139,0.009,-23.250,-27.750,-1.350,34.1
15:03:50.590,104946,2.217,-10.764,-2.406,-0.020,0.153,0.207,-23.250,-27.750,-1.350,34.1
15:03:50.642,105001,3.170,-10.906,-2.406,-0.006,-0.041,0.130,-23.250,-27.750,-1.350,34.1
15:03:50.693,105056,2.851,-10.683,-2.193,-0.017,0.200,0.252,-25.650,-28.050,-1.050,34.1
15:03:50.798,105111,2.969,-10.472,-1.930,-0.279,0.163,0.249,-25.650,-28.050,-1.050,33.9
15:03:50.800,105166,2.801,-9.756,-1.865,-0.328,0.272,0.296,-25.050,-28.200,-1.200,34.1
15:03:50.850,105221,2.327,-10.374,-1.889,-0.213,0.186,0.579,-25.050,-28.200,-1.200,33.8
15:03:50.903,105276,2.042,-10.209,-2.535,-0.170,0.194,0.461,-24.300,-28.200,-0.900,34.1
15:03:50.955,105331,1.908,-10.312,-2.880,-0.149,0.186,0.341,-24.000,-28.800,0.000,34.2
15:03:51.008,105386,1.776,-10.451,-2.842,-0.038,0.209,0.263,-24.000,-28.800,0.000,34.2
15:03:51.060,105441,1.669,-10.427,-2.744,0.118,0.384,0.285,-24.000,-28.800,0.000,34.1
15:03:51.113,105496,1.360,-10.187,-2.670,0.307,0.630,0.279,-24.000,-28.800,0.000,34.2
15:03:51.165,105551,1.192,-9.840,-2.143,0.477,0.501,0.233,-24.300,-28.650,-0.450,33.9
15:03:51.218,105606,1.223,-9.780,-1.709,0.571,0.376,0.305,-24.300,-28.650,-0.450,33.8
15:03:51.270,105661,0.711,-9.852,-1.231,0.549,0.479,0.297,-23.700,-29.550,1.800,34.1
15:03:51.323,105716,0.792,-9.720,-2.016,0.171,0.391,0.244,-23.700,-29.550,1.800,34.2
15:03:51.375,105771,1.221,-10.874,-2.128,-0.356,-0.161,-0.122,-21.900,-30.450,4.200,33.9
15:03:51.428,105826,0.840,-11.236,-1.353,-0.368,-0.260,-0.282,-22.350,-29.700,3.000,34.1
15:03:51.534,105881,0.702,-12.491,-1.437,-0.293,-0.470,-0.389,-22.350,-29.700,3.000,33.9
15:03:51.587,105936,1.834,-12.330,-1.954,-0.377,-0.215,-0.466,-22.350,-29.700,3.000,34.1
15:03:51.639,105991,1.350,-11.473,-2.471,-0.553,-0.496,-0.162,-22.350,-29.700,3.000,33.9
15:03:51.692,106046,1.614,-10.599,-1.604,-0.338,-0.098,-0.001,-23.100,-30.000,-0.450,34.0
15:03:51.743,106101,1.444,-9.960,-1.769,-0.366,-0.053,0.245,-23.100,-30.000,-0.450,34.2
15:03:51.796,106156,0.407,-9.546,-1.978,-0.395,0.226,0.442,-22.500,-28.500,-1.050,33.9
15:03:51.848,106211,0.503,-8.885,-2.136,-0.227,0.458,0.614,-22.500,-28.500,-1.050,33.9
15:03:51.900,106266,-0.223,-8.059,-2.191,-0.044,0.583,0.730,-19.350,-29.850,-2.550,34.1
15:03:51.953,106321,0.187,-8.337,-2.380,0.079,0.574,0.757,-19.350,-29.850,-2.550,34.2
15:03:52.006,106376,0.031,-8.353,-2.610,0.054,0.624,0.771,-19.350,-29.850,-2.550,33.9
15:03:52.058,106431,0.153,-8.097,-2.931,-0.251,0.470,0.681,-14.850,-28.950,-2.250,33.7
15:03:52.111,106486,-0.235,-9.072,-3.043,-0.342,0.302,0.719,-14.850,-28.950,-2.250,34.2
15:03:52.164,106541,-0.148,-9.953,-2.073,-0.210,0.241,1.238,-12.450,-28.800,-3.150,34.1
15:03:52.217,106596,-2.796,-5.909,-2.969,-0.591,-0.848,1.616,-12.450,-28.800,-3.150,33.9
15:03:52.268,106651,3.151,-6.476,-3.168,-0.212,-1.167,0.474,-4.350,-25.050,-5.550,34.1
15:03:52.320,106706,-2.691,-5.827,-2.988,-0.094,-0.032,-0.686,-4.350,-25.050,-5.550,34.2
15:03:52.374,106761,-1.073,-7.166,-2.782,-0.007,-0.821,-1.111,-6.000,-26.100,-6.300,33.9
15:03:52.427,106816,-1.156,-6.989,-3.433,-0.033,-0.511,-1.385,-6.000,-26.100,-6.300,33.9
15:03:52.480,106871,-1.293,-7.367,-3.608,-0.009,-0.398,-1.261,-6.000,-26.100,-6.300,33.9
15:03:52.585,106926,-0.721,-7.903,-4.001,-0.021,-0.414,-1.320,-12.600,-28.200,-5.550,34.2
15:03:52.586,106981,-0.302,-9.263,-3.548,-0.109,-0.616,-1.263,-12.600,-28.200,-5.550,33.9
15:03:52.689,107036,1.358,-9.967,-3.735,-0.271,-0.689,-0.998,-18.150,-27.750,-3.600,33.9
15:03:52.741,107091,0.759,-10.089,-3.704,0.034,-0.672,-0.704,-18.150,-27.750,-3.600,33.8
15:03:52.793,107146,0.929,-9.632,-2.978,0.228,-0.605,-0.330,-19.800,-28.500,-3.150,33.7
15:03:52.845,107201,1.439,-9.400,-3.089,0.382,-0.108,-0.127,-19.800,-28.500,-3.150,33.9
15:03:52.898,107256,1.140,-10.412,-3.311,0.199,-0.023,0.086,-19.800,-28.800,-3.900,34.2
15:03:52.952,107311,1.322,-10.214,-2.354,0.239,0.014,0.003,-19.800,-28.800,-3.900,34.2
15:03:53.003,107366,0.429,-10.099,-2.921,0.021,0.593,0.086,-19.800,-28.800,-3.900,34.3
15:03:53.108,107421,0.589,-11.023,-2.818,-0.181,0.352,-0.055,-22.650,-28.950,-3.900,33.9
15:03:53.110,107476,1.652,-10.992,-2.591,-0.143,0.459,-0.222,-22.650,-28.950,-1.950,34.2
15:03:53.162,107531,1.659,-11.205,-2.219,0.007,0.566,-0.292,-25.950,-30.600,-2.100,34.0
15:03:53.214,107586,3.814,-10.566,-2.531,0.019,0.537,-0.387,-25.950,-30.600,-2.100,33.9
15:03:53.265,107641,3.254,-10.599,-1.951,0.039,0.478,-0.427,-29.550,-28.800,0.600,34.0
15:03:53.318,107696,3.364,-10.264,-2.207,0.096,0.525,-0.419,-29.550,-28.800,0.600,34.2
15:03:53.372,107751,3.184,-10.372,-1.530,0.237,0.459,-0.469,-31.500,-27.000,1.350,34.1
15:03:53.425,107806,3.467,-10.367,-1.135,0.277,0.403,-0.414,-31.500,-27.000,1.350,34.2
15:03:53.477,107861,4.032,-9.644,-1.932,-0.062,-0.012,-0.632,-31.500,-27.000,1.350,34.1
15:03:53.528,107916,4.432,-10.051,-1.425,-0.116,-0.059,-0.655,-31.500,-27.000,1.350,34.1
15:03:53.581,107971,4.875,-9.685,-1.853,-0.201,-0.396,-0.511,-34.200,-26.250,3.600,33.8
15:03:53.634,108026,5.198,-9.730,-2.121,-0.241,-0.379,-0.282,-34.200,-27.750,0.000,34.2
15:03:53.687,108081,4.609,-9.883,-1.827,-0.204,-0.430,-0.185,-34.200,-27.750,0.000,34.1
15:03:53.740,108136,5.121,-9.649,-1.999,-0.266,-0.565,-0.143,-33.450,-26.250,0.300,34.1
15:03:53.843,108191,3.979,-9.134,-2.346,-0.220,-0.429,0.065,-33.450,-26.250,0.300,34.2
15:03:53.897,108246,4.587,-9.306,-3.297,-0.063,-0.255,0.074,-33.750,-26.250,-1.800,34.1
15:03:53.950,108301,4.298,-9.455,-2.638,-0.243,-0.222,0.067,-33.750,-26.250,-1.800,34.1
15:03:54.002,108356,3.857,-8.574,-2.756,-0.204,-0.046,0.344,-33.750,-26.250,-1.800,33.9
15:03:54.053,108411,3.539,-8.301,-2.365,-0.149,0.015,0.545,-33.750,-26.250,-1.800,34.3
15:03:54.107,108466,3.766,-8.241,-2.547,0.126,0.039,0.642,-29.100,-27.300,-3.600,34.1
15:03:54.160,108521,3.292,-8.485,-2.356,0.160,0.075,0.807,-26.700,-29.100,-2.550,34.2
15:03:54.212,108576,2.684,-8.751,-1.958,0.165,0.328,0.918,-26.700,-29.100,-2.550,34.2
15:03:54.263,108631,1.990,-8.811,-2.842,0.132,0.296,1.021,-23.250,-29.100,-1.050,33.9
15:03:54.316,108687,1.580,-9.045,-2.325,0.055,0.377,0.977,-23.250,-29.100,-1.050,34.2
15:03:54.368,108741,1.099,-9.424,-2.411,0.039,0.248,1.120,-23.250,-29.100,-1.050,33.9
15:03:54.421,108796,1.386,-9.718,-2.387,0.090,0.074,1.228,-23.250,-29.100,-1.050,33.9
15:03:54.474,108851,0.690,-8.830,-2.641,-0.051,-0.345,1.396,-13.350,-29.700,-0.900,34.2
15:03:54.527,108906,-1.231,-5.679,-2.873,-0.323,-0.676,0.842,-13.350,-29.700,-0.900,33.9
15:03:54.579,108961,0.639,-5.356,-2.782,0.049,-0.838,-0.536,-8.550,-28.500,-3.900,34.3
15:03:54.632,109016,-1.264,-4.752,-2.804,0.354,0.341,-1.397,-8.550,-28.500,-3.900,34.1
15:03:54.685,109071,0.275,-7.408,-2.581,-0.174,-0.553,-1.872,-10.800,-29.550,-1.050,34.2
15:03:54.737,109126,2.095,-9.407,-2.023,-0.041,0.035,-1.602,-18.600,-30.300,-0.600,33.9
15:03:54.789,109181,3.273,-9.476,-2.440,-0.645,-1.112,-1.668,-18.600,-30.300,-0.600,33.9
15:03:54.841,109236,1.834,-8.832,-3.249,-0.883,-0.687,-1.454,-18.600,-30.300,-0.600,34.1
15:03:54.893,109291,4.788,-9.536,-4.130,-0.630,-0.957,-1.296,-18.600,-30.300,-0.600,34.1
15:03:54.999,109346,4.302,-10.137,-3.426,-0.150,-0.402,-0.941,-29.250,-28.200,-6.300,33.9
15:03:55.052,109401,4.963,-9.069,-4.001,0.078,0.343,-0.633,-29.250,-28.200,-6.300,34.1
15:03:55.103,109456,3.891,-8.449,-3.280,0.345,0.506,-0.438,-30.300,-25.500,-4.650,33.9
15:03:55.156,109511,5.126,-8.531,-3.433,0.202,0.452,-0.297,-30.300,-25.500,-4.650,33.7
15:03:55.210,109566,5.243,-8.461,-2.928,0.138,0.530,-0.118,-31.800,-25.500,-2.550,34.0
15:03:55.261,109621,5.234,-8.751,-2.574,0.034,0.647,0.088,-34.200,-23.400,-1.800,34.4
15:03:55.313,109676,5.418,-9.017,-2.682,-0.009,0.448,0.265,-34.200,-23.400,-1.800,34.2
15:03:55.367,109731,5.514,-9.498,-2.610,0.102,0.362,0.206,-34.200,-23.400,-1.800,33.9
15:03:55.420,109786,5.703,-9.524,-2.318,-0.056,0.280,0.121,-34.200,-23.400,-1.800,34.1
15:03:55.472,109841,5.883,-9.960,-1.729,-0.131,0.253,0.149,-35.550,-26.400,0.900,34.4
15:03:55.525,109896,5.069,-8.976,-2.114,-0.306,0.181,0.061,-35.550,-26.400,0.900,33.9
15:03:55.577,109951,4.108,-8.037,-1.784,-0.228,0.082,0.071,-33.750,-25.950,0.300,33.7
15:03:55.630,110006,4.329,-7.817,-2.066,-0.196,0.136,0.003,-33.750,-25.950,0.300,34.1
15:03:55.682,110061,4.719,-7.807,-1.812,-0.220,0.090,0.074,-35.100,-25.050,-0.450,33.9
15:03:55.733,110116,4.410,-7.884,-2.303,-0.210,0.034,0.174,-35.100,-25.050,-0.450,34.1
15:03:55.786,110171,3.900,-7.831,-2.823,-0.212,-0.066,-0.130,-35.100,-24.000,-0.900,34.2
15:03:55.838,110226,4.238,-8.595,-2.279,-0.168,-0.197,-0.244,-35.100,-24.000,-0.900,34.3
15:03:55.891,110281,5.437,-8.801,-2.528,-0.292,-0.403,-0.314,-35.100,-24.000,-0.900,34.0
15:03:55.944,110336,5.045,-9.050,-2.940,-0.223,-0.230,-0.324,-35.850,-22.800,-3.000,33.9
15:03:55.997,110391,5.957,-8.246,-3.424,-0.238,-0.244,-0.433,-35.850,-22.800,-3.000,34.2
15:03:56.048,110446,5.559,-8.672,-2.686,0.156,-0.026,-0.220,-37.050,-21.750,-4.500,34.3
15:03:56.153,110501,5.602,-7.489,-3.019,0.255,0.143,0.035,-37.050,-21.750,-4.500,34.2
15:03:56.206,110556,5.399,-7.748,-3.062,0.052,0.235,0.041,-37.800,-22.050,-2.250,33.9
15:03:56.310,110611,5.339,-8.078,-2.571,0.017,0.187,0.054,-37.800,-22.050,-2.250,34.3
15:03:56.312,110666,5.492,-7.932,-2.389,0.033,0.171,0.085,-38.400,-22.350,0.000,34.1
15:03:56.363,110721,5.641,-7.961,-2.500,0.024,0.149,0.239,-38.400,-22.350,0.000,34.0
15:03:56.468,110776,5.564,-8.009,-2.198,0.143,0.205,0.359,-38.400,-22.350,0.000,34.4
15:03:56.470,110831,4.683,-7.946,-1.968,0.177,0.128,0.455,-38.250,-23.550,1.500,34.4
15:03:56.522,110886,4.192,-7.755,-1.942,0.010,0.223,0.364,-38.250,-23.550,1.500,34.1
15:03:56.575,110941,4.185,-8.203,-1.650,-0.124,0.138,0.226,-36.300,-24.300,2.700,34.1
15:03:56.625,110996,4.738,-8.739,-1.999,-0.160,0.185,0.130,-36.300,-24.300,2.700,33.9
15:03:56.678,111051,5.066,-9.134,-1.982,-0.119,0.094,0.046,-37.050,-25.800,2.700,34.1
15:03:56.732,111106,5.001,-8.902,-2.272,-0.006,0.256,0.103,-37.050,-25.800,2.700,33.9
15:03:56.785,111161,4.542,-8.720,-2.033,0.070,0.179,0.052,-37.050,-25.800,2.700,34.2
15:03:56.835,111216,4.690,-8.708,-1.595,0.079,0.195,0.025,-36.450,-23.400,3.900,34.3
15:03:56.888,111271,4.573,-8.581,-1.779,0.066,0.217,0.079,-36.450,-23.400,3.900,34.2
15:03:56.942,111326,4.532,-8.468,-1.434,-0.040,0.154,0.015,-35.700,-25.500,2.100,34.1
15:03:56.995,111381,4.599,-8.562,-1.575,-0.105,-0.035,0.020,-35.700,-25.500,2.100,34.1
15:03:57.047,111436,4.602,-8.947,-1.566,-0.133,-0.077,-0.004,-37.500,-23.550,3.450,34.1
15:03:57.099,111491,5.447,-9.299,-1.738,-0.154,-0.171,-0.053,-37.500,-23.550,3.450,33.9
15:03:57.150,111546,6.630,-10.872,-1.765,-0.134,-0.092,0.021,-36.300,-23.550,3.000,33.9
15:03:57.256,111601,6.541,-10.537,-2.224,-0.195,0.185,-0.094,-36.300,-23.550,3.000,34.4
15:03:57.258,111656,5.588,-10.293,-2.014,-0.174,-0.261,0.112,-36.300,-23.550,3.000,34.4
15:03:57.361,111711,5.270,-9.886,-1.726,-0.254,-0.094,0.132,-36.300,-23.550,3.000,34.2
15:03:57.414,111766,4.501,-9.388,-1.946,-0.220,-0.098,0.323,-37.050,-26.100,1.200,34.1
15:03:57.466,111821,4.396,-9.335,-1.918,-0.190,-0.088,0.286,-35.550,-25.800,-0.450,34.3
15:03:57.519,111876,3.881,-8.906,-2.313,-0.190,0.225,0.362,-35.550,-25.800,-0.450,34.1
15:03:57.572,111931,3.196,-8.361,-2.593,0.062,0.356,0.444,-34.800,-27.150,-1.500,33.8
15:03:57.624,111986,3.160,-9.045,-2.406,0.084,0.444,0.554,-34.800,-27.150,-1.500,34.1
15:03:57.677,112041,2.763,-8.961,-1.987,0.178,0.450,0.545,-32.550,-28.800,-0.300,34.0
15:03:57.729,112096,2.959,-8.059,-1.638,0.389,0.463,0.673,-32.550,-28.800,-0.300,34.1
15:03:57.782,112151,3.129,-7.537,-0.943,0.450,0.019,0.752,-32.550,-28.800,-0.300,34.0
15:03:57.835,112206,2.073,-7.061,-1.331,0.335,0.126,0.580,-32.550,-28.800,-0.300,34.2
15:03:57.886,112261,1.279,-8.449,-0.558,0.595,-0.439,0.554,-29.100,-31.350,4.650,34.0
15:03:57.939,112316,2.332,-9.342,-1.381,0.681,-0.497,0.349,-25.200,-32.700,6.450,34.1
15:03:57.992,112371,1.920,-9.735,-0.579,0.451,-0.658,0.087,-25.200,-32.700,6.450,34.1
15:03:58.044,112426,1.453,-10.175,-0.397,0.117,-0.537,0.064,-24.300,-34.350,6.750,34.1
15:03:58.097,112481,1.779,-10.159,0.436,0.020,-0.649,-0.111,-24.300,-34.350,6.750,34.1
15:03:58.150,112536,2.014,-10.135,1.010,-0.035,-0.462,-0.395,-24.600,-34.350,7.800,34.1
15:03:58.200,112591,4.065,-6.862,4.283,0.961,1.345,-0.665,-24.600,-34.350,7.800,34.1
15:03:58.254,112646,-5.059,-7.752,0.041,-0.824,-2.654,-0.966,-24.600,-34.350,7.800,34.1
15:03:58.306,112701,2.667,-12.124,0.996,-0.241,-0.179,-0.729,-24.600,-34.350,7.800,34.0
15:03:58.359,112756,3.926,-11.135,-0.632,-0.710,-0.597,-0.350,-27.300,-32.550,7.350,34.1
15:03:58.463,112811,3.378,-9.756,0.680,-0.731,-0.523,0.001,-27.300,-32.550,7.350,34.2
15:03:58.515,112866,4.116,-5.100,-3.203,-0.498,0.075,-0.175,-25.200,-31.650,3.900,34.3
15:03:58.568,112921,2.851,-9.172,-0.867,-0.542,-0.858,0.074,-26.400,-30.900,0.600,34.2
15:03:58.622,112976,3.682,-10.020,-1.647,-0.444,0.038,0.281,-26.400,-30.900,0.600,34.2
15:03:58.676,113031,3.172,-9.244,-2.069,-0.555,-0.362,0.632,-24.000,-32.100,1.350,34.2
15:03:58.725,113086,4.053,-9.424,-1.963,-0.383,0.205,0.511,-24.000,-32.100,1.350,33.9
15:03:58.778,113141,2.533,-8.830,-2.684,-0.299,0.328,0.921,-24.000,-32.100,1.350,34.4
15:03:58.830,113196,2.416,-9.060,-2.543,-0.228,0.170,1.100,-24.000,-32.100,1.350,34.2
15:03:58.936,113251,2.011,-8.598,-1.923,-0.180,0.244,1.253,-19.500,-31.500,-1.200,34.3
15:03:58.937,113306,1.027,-7.020,-2.298,-0.311,-0.284,1.328,-19.500,-31.500,-1.200,34.2
15:03:58.988,113361,3.419,-7.678,-3.045,-0.152,0.010,0.032,-14.700,-29.850,-2.550,34.3
15:03:59.041,113416,1.832,-7.539,-2.830,0.098,0.736,-1.266,-15.150,-30.300,-1.800,34.4
15:03:59.093,113471,2.014,-8.918,-2.626,0.181,0.115,-1.292,-15.150,-30.300,-1.800,33.9
15:03:59.147,113526,2.231,-8.930,-2.387,0.027,-0.182,-1.207,-20.700,-31.500,0.450,34.2
15:03:59.199,113581,3.529,-10.046,-2.184,0.207,0.263,-0.986,-20.700,-31.500,0.450,34.2
15:03:59.250,113636,2.988,-9.948,-2.543,0.280,-0.061,-0.761,-20.700,-31.500,0.450,34.1
15:03:59.303,113691,2.887,-7.700,-2.497,0.244,-0.321,-0.670,-20.700,-31.500,0.450,34.2
15:03:59.356,113746,5.140,-8.856,-2.753,0.099,-0.278,-0.723,-29.250,-31.500,1.200,34.2
15:03:59.410,113801,3.984,-8.310,-1.377,0.300,-0.185,-0.594,-29.250,-31.500,1.200,34.1
15:03:59.462,113856,5.224,-8.061,-1.987,0.228,-0.187,-0.602,-30.300,-33.150,1.350,33.8
15:03:59.513,113911,4.180,-7.288,-0.939,0.372,0.100,-0.508,-33.600,-30.750,1.950,34.2
15:03:59.620,113966,4.853,-7.556,-1.417,0.310,0.079,-0.532,-33.600,-30.750,1.950,34.1
15:03:59.672,114021,4.681,-8.638,-0.706,0.434,0.130,-0.388,-34.500,-30.900,4.350,34.3
15:03:59.724,114076,5.564,-8.329,-0.381,0.414,0.374,-0.071,-34.500,-30.900,4.350,34.4
15:03:59.777,114131,4.882,-7.369,-0.656,0.369,0.342,-0.044,-34.500,-30.900,4.350,34.2
15:03:59.829,114186,5.258,-8.820,-0.007,0.342,0.270,0.030,-34.500,-30.900,4.350,34.1
15:03:59.881,114241,4.779,-9.031,0.637,0.272,0.452,0.106,-37.050,-27.600,8.550,33.7
15:03:59.934,114296,5.703,-9.158,0.649,0.240,0.478,0.080,-37.050,-27.600,8.550,34.0
15:03:59.987,114351,5.052,-9.347,1.310,0.073,0.727,0.264,-36.150,-29.100,11.250,34.2
15:04:00.038,114406,4.954,-8.787,1.120,-0.106,0.426,0.176,-36.150,-29.100,11.250,34.4
15:04:00.090,114461,4.985,-8.940,1.358,-0.183,0.437,0.251,-36.750,-28.200,14.400,34.1
15:04:00.144,114516,4.606,-8.892,1.300,-0.255,0.464,0.221,-34.200,-28.500,14.250,34.1
15:04:00.196,114571,4.647,-9.388,1.664,-0.215,0.371,0.284,-34.200,-28.500,14.250,34.3
15:04:00.248,114626,4.697,-9.419,1.709,-0.161,0.495,0.391,-34.200,-28.500,14.250,34.2
15:04:00.300,114681,4.053,-9.677,1.769,-0.077,0.315,0.343,-34.200,-28.500,14.250,34.1
15:04:00.353,114736,3.697,-9.419,1.453,-0.128,0.222,0.236,-34.200,-29.100,14.850,34.2
15:04:00.406,114791,3.361,-9.222,1.111,-0.137,0.047,0.058,-34.200,-29.100,14.850,34.2
15:04:00.459,114846,3.311,-9.194,1.446,-0.052,0.037,0.014,-35.400,-29.550,16.350,34.2
15:04:00.512,114901,4.001,-9.483,1.027,-0.123,-0.178,-0.039,-35.400,-29.550,16.350,34.3
15:04:00.563,114956,5.562,-11.157,1.561,-0.193,-0.113,-0.177,-34.200,-30.600,14.850,34.2
15:04:00.617,115011,7.602,-13.103,2.602,-0.092,0.025,-0.160,-34.950,-27.300,13.050,33.9
15:04:00.669,115066,6.381,-12.692,2.236,0.014,-0.104,-0.159,-34.950,-27.300,13.050,34.1
15:04:00.775,115121,5.236,-11.037,2.002,0.104,-0.316,0.030,-34.950,-27.300,13.050,34.4
15:04:00.827,115176,4.472,-10.815,2.193,-0.102,-0.369,0.196,-34.950,-27.300,13.050,34.4
15:04:00.878,115231,3.261,-8.657,0.740,-0.312,-0.106,0.362,-33.600,-28.950,13.200,34.1
15:04:00.931,115286,4.503,-9.536,0.883,-0.584,-0.521,0.641,-33.600,-28.950,13.200,34.1
15:04:00.983,115341,2.978,-9.131,0.438,-0.595,-0.462,0.765,-30.900,-31.200,10.050,34.3
15:04:01.036,115396,2.069,-8.277,-0.711,-0.530,-0.509,0.840,-30.900,-31.200,10.050,34.3
15:04:01.088,115451,2.478,-8.899,-0.273,-0.539,-0.508,0.868,-25.800,-30.450,8.100,33.9
15:04:01.142,115506,1.944,-9.318,-0.697,-0.483,-0.068,0.913,-25.800,-30.450,8.100,34.2
15:04:01.196,115561,0.800,-9.675,-0.407,-0.365,-0.127,1.119,-22.950,-33.900,4.350,34.2
15:04:01.247,115616,1.056,-8.509,-1.324,-0.400,0.039,1.387,-22.950,-33.900,4.350,34.2
15:04:01.298,115671,0.697,-7.400,-2.239,-0.371,-0.213,1.244,-22.950,-33.900,4.350,34.3
15:04:01.351,115726,0.479,-9.100,-1.587,-0.284,-0.203,1.098,-11.550,-32.400,0.300,34.3
15:04:01.403,115781,-0.905,-8.033,-2.078,-0.262,-0.703,1.048,-11.550,-32.400,0.300,33.9
15:04:01.457,115836,-1.422,-6.565,-1.858,-0.844,-1.121,1.168,-6.000,-31.500,-0.900,34.1
15:04:01.510,115891,3.792,-6.891,-2.957,-0.811,-2.349,-0.416,-6.000,-31.500,-0.900,34.3
15:04:01.561,115946,0.048,-5.847,-1.729,-0.236,0.593,-1.313,-2.250,-28.050,-2.850,34.2
15:04:01.613,116001,-2.504,-6.472,-0.721,0.041,0.313,-2.074,-2.250,-28.050,-2.850,34.2
15:04:01.667,116056,-0.436,-6.826,-2.978,0.400,-0.148,-2.082,-8.550,-28.500,-1.350,34.3
15:04:01.720,116111,2.674,-10.027,-2.600,0.653,0.075,-1.322,-8.550,-28.500,-1.350,34.4
15:04:01.772,116166,4.738,-12.615,-0.383,0.824,-0.144,-0.836,-8.550,-28.500,-1.350,34.4
15:04:01.824,116221,3.620,-9.675,-2.188,0.327,0.757,-0.372,-21.000,-33.900,3.600,34.0
15:04:01.981,116276,2.804,-10.156,-1.822,0.452,0.595,-0.158,-21.000,-33.900,3.600,34.1
15:04:01.982,116331,2.078,-9.998,-0.943,0.748,1.120,0.189,-22.050,-31.350,5.850,34.3
15:04:02.033,116386,1.453,-10.171,-0.678,0.714,0.846,0.256,-22.050,-31.350,5.850,34.2
15:04:02.087,116441,2.883,-10.235,0.565,0.746,1.148,0.180,-23.250,-32.700,10.200,34.1
15:04:02.140,116496,2.169,-10.683,1.544,0.349,0.939,0.344,-23.250,-32.700,10.200,34.2
15:04:02.192,116551,-0.644,-8.918,0.436,-0.666,-0.058,0.353,-23.850,-31.800,14.400,34.1
15:04:02.243,116606,-3.165,-8.114,-3.294,-1.410,-3.159,-0.435,-23.850,-31.800,14.400,33.9
15:04:02.296,116661,13.549,-16.503,5.040,-1.033,0.909,0.240,-23.850,-31.800,14.400,33.9
15:04:02.348,116716,-1.626,-10.489,-0.998,-0.656,0.868,0.389,-24.600,-31.200,6.300,34.3
15:04:02.401,116771,4.003,-11.279,-0.172,-0.407,0.326,0.481,-24.600,-31.200,6.300,34.4
15:04:02.454,116826,3.232,-10.769,-0.912,-0.126,0.917,0.750,-25.050,-30.000,4.800,34.4
15:04:02.507,116881,1.214,-10.415,-0.816,0.005,0.611,0.794,-25.050,-30.000,4.800,34.2
15:04:02.559,116936,-0.431,-10.161,-0.515,0.141,0.826,0.568,-22.950,-29.100,6.150,34.1
15:04:02.611,116991,-0.405,-10.348,-0.704,0.229,0.831,0.308,-22.950,-29.100,6.150,33.8
15:04:02.665,117046,-0.843,-10.132,-0.405,0.306,0.730,0.150,-21.750,-29.550,9.000,33.9
15:04:02.717,117101,-0.235,-10.379,-0.429,0.216,0.475,-0.143,-21.750,-29.550,9.000,34.2
15:04:02.769,117156,-0.012,-10.506,-0.127,0.226,0.274,-0.420,-21.750,-29.550,9.000,34.3
15:04:02.822,117211,0.972,-11.420,0.630,0.113,0.164,-0.536,-22.950,-29.850,12.300,34.0
15:04:02.873,117266,3.019,-15.653,2.231,0.244,-0.183,-0.760,-22.950,-29.850,12.300,34.2
15:04:02.925,117321,3.625,-14.360,1.267,0.163,-0.198,-1.119,-25.950,-28.500,10.950,34.2
15:04:02.978,117376,2.452,-12.196,0.967,0.056,-0.335,-0.938,-25.950,-28.500,10.950,34.0
15:04:03.083,117431,2.169,-11.023,0.654,0.089,-0.485,-0.648,-30.450,-30.000,12.600,34.0
15:04:03.137,117486,2.801,-10.477,0.821,0.143,-0.403,-0.140,-30.450,-30.000,12.600,34.3
15:04:03.189,117541,2.732,-9.024,-0.460,0.045,-0.362,0.248,-30.900,-29.400,11.100,34.1
15:04:03.240,117596,1.317,-8.777,-0.036,-0.102,-0.354,0.407,-30.900,-29.400,11.100,34.3
15:04:03.293,117651,1.669,-9.254,-0.081,-0.230,-0.580,0.463,-30.900,-29.400,11.100,34.2
15:04:03.345,117706,1.700,-9.096,0.536,-0.173,-0.193,0.597,-24.450,-30.300,7.950,34.1
15:04:03.398,117761,1.824,-8.959,0.199,-0.244,-0.087,0.829,-24.450,-30.300,7.950,33.9
15:04:03.452,117816,1.116,-8.104,-0.263,-0.420,0.017,0.980,-22.050,-32.100,7.650,34.2
15:04:03.505,117871,1.638,-7.934,-0.311,-0.587,-0.163,1.133,-22.050,-32.100,7.650,34.4
15:04:03.557,117926,0.860,-8.061,-0.424,-0.512,-0.160,1.193,-16.050,-31.200,5.250,34.1
15:04:03.608,117981,1.302,-8.954,-0.706,-0.204,-0.279,1.333,-16.050,-31.200,5.250,34.1
15:04:03.661,118036,-3.424,-5.363,0.283,-0.333,-1.182,1.768,-10.050,-32.100,3.150,34.2
15:04:03.717,118091,4.609,-6.400,-1.618,0.116,-0.613,-0.462,-10.050,-32.100,3.150,34.2
15:04:03.767,118146,-0.453,-4.420,-1.030,0.357,0.386,-1.785,-10.050,-32.100,3.150,34.3
15:04:03.818,118201,-0.338,-4.750,-1.243,0.747,0.354,-1.935,-10.050,-32.100,3.150,34.1
15:04:03.870,118256,-0.311,-7.195,0.108,0.974,0.081,-1.739,-12.750,-33.450,3.600,34.2
15:04:03.923,118311,2.330,-9.491,0.742,0.491,0.374,-1.325,-20.400,-32.250,8.100,34.1
15:04:03.975,118366,2.670,-10.195,0.510,-0.206,-0.509,-0.938,-20.400,-32.250,8.100,34.4
15:04:04.028,118421,1.829,-10.618,0.350,-0.401,-0.233,-0.760,-25.950,-32.700,8.700,34.3
15:04:04.080,118476,1.645,-10.882,-0.067,-0.362,-0.344,-0.547,-25.950,-32.700,8.700,34.4
15:04:04.133,118531,3.419,-10.520,0.136,-0.386,-0.541,-0.175,-27.900,-29.850,8.400,34.2
15:04:04.240,118586,3.735,-10.391,-0.141,-0.207,-0.076,-0.167,-27.900,-29.850,8.400,34.1
15:04:04.292,118641,3.227,-10.482,-0.397,-0.607,-0.222,-0.049,-27.900,-29.850,8.400,34.3
15:04:04.344,118696,3.349,-10.688,-1.032,-0.508,0.199,0.082,-27.900,-29.850,8.400,34.0
15:04:04.396,118751,3.704,-11.121,-0.881,-0.447,0.104,0.101,-31.650,-30.750,4.500,34.1
15:04:04.448,118806,3.761,-10.697,-1.094,-0.242,0.325,0.382,-30.900,-29.700,5.550,34.3
15:04:04.502,118861,2.957,-10.503,-0.943,-0.085,0.387,0.504,-30.900,-29.700,5.550,34.3
15:04:04.554,118916,2.437,-10.192,-0.939,-0.009,0.395,0.507,-30.450,-30.000,6.750,34.4
15:04:04.607,118971,2.186,-10.137,-0.690,-0.006,0.343,0.394,-30.450,-30.000,6.750,34.1
15:04:04.658,119026,1.975,-9.919,-0.500,0.044,0.285,0.365,-27.600,-29.100,6.450,34.4
15:04:04.712,119081,1.939,-9.845,-0.776,-0.037,0.213,0.324,-27.600,-29.100,6.450,34.4
15:04:04.763,119136,1.863,-9.878,-0.675,-0.075,0.079,0.289,-27.600,-29.100,6.450,34.3
15:04:04.816,119191,2.049,-10.113,-0.745,-0.034,-0.096,0.279,-27.600,-29.100,6.450,34.1
15:04:04.869,119246,2.172,-11.990,-0.766,0.116,0.025,0.274,-27.300,-30.450,7.800,34.1
15:04:04.921,119301,4.779,-16.479,-0.261,0.098,-0.103,-0.351,-27.300,-30.450,7.800,34.3
15:04:04.974,119356,3.666,-14.851,0.754,0.291,-0.224,-0.989,-26.550,-29.400,8.550,33.9
15:04:05.027,119411,2.897,-11.377,0.524,0.060,-0.295,-0.835,-30.300,-28.800,9.000,34.1
15:04:05.079,119466,2.095,-10.568,-0.065,-0.103,-0.208,-0.466,-30.300,-28.800,9.000,34.3
15:04:05.132,119521,1.872,-9.340,-0.493,-0.030,-0.267,-0.062,-29.550,-31.350,7.650,34.4
15:04:05.184,119576,2.162,-9.577,-0.230,0.015,-0.455,0.145,-29.550,-31.350,7.650,34.2
15:04:05.236,119631,1.618,-9.167,-0.034,0.060,-0.278,0.242,-29.550,-31.350,7.650,34.2
15:04:05.288,119687,2.545,-9.457,-0.589,-0.101,-0.392,0.483,-29.550,-31.350,7.650,34.4
15:04:05.393,119741,2.116,-8.339,-0.390,-0.284,-0.114,0.639,-25.800,-32.250,5.250,33.9
15:04:05.446,119796,1.982,-8.497,-0.148,-0.412,-0.060,0.735,-25.800,-32.250,5.250,33.9
15:04:05.499,119851,1.714,-8.854,-0.122,-0.546,0.305,0.968,-22.500,-33.150,2.850,34.1
15:04:05.552,119906,1.154,-8.112,-1.446,-0.461,-0.305,1.137,-16.500,-33.000,-0.150,34.2
15:04:05.604,119961,0.666,-8.384,-1.844,-0.231,0.107,1.214,-16.500,-33.000,-0.150,34.4
15:04:05.656,120016,0.321,-8.978,-1.765,-0.047,-0.308,1.433,-11.400,-30.450,-0.150,34.5
15:04:05.709,120071,-0.077,-8.593,-0.462,0.125,-0.644,1.408,-11.400,-30.450,-0.150,34.3
15:04:05.762,120126,-0.967,-6.093,-1.037,-0.032,-1.256,0.513,-11.400,-30.450,-0.150,33.9
15:04:05.814,120181,0.328,-4.331,-1.310,0.174,-0.440,-1.030,-11.400,-30.450,-0.150,33.9
15:04:05.867,120236,0.603,-4.254,-1.231,0.419,0.096,-2.138,-4.950,-29.550,1.050,34.2
15:04:05.918,120291,-0.127,-6.091,-1.427,0.515,0.263,-2.033,-4.950,-29.550,1.050,34.2
15:04:05.970,120346,1.937,-10.381,0.527,0.636,0.080,-1.656,-15.150,-30.900,3.150,34.1
15:04:06.023,120401,3.285,-11.370,0.757,-0.035,0.013,-1.079,-20.550,-31.650,5.100,34.2
15:04:06.076,120456,2.478,-10.230,-0.218,-0.286,0.026,-0.603,-20.550,-31.650,5.100,34.1
15:04:06.129,120511,3.785,-10.161,-1.188,-0.403,0.146,-0.375,-24.900,-30.900,6.150,34.5
15:04:06.182,120566,2.512,-11.279,-0.678,-0.494,-0.186,-0.060,-24.900,-30.900,6.150,34.1
15:04:06.287,120621,2.461,-11.023,-0.972,-0.523,0.056,0.296,-24.900,-30.900,6.150,34.3
15:04:06.288,120676,2.200,-11.140,-1.427,-0.385,0.112,0.465,-24.900,-30.900,6.150,34.2
15:04:06.339,120731,2.619,-11.633,-1.269,-0.396,0.011,0.409,-24.450,-28.800,6.900,34.3
15:04:06.391,120786,2.682,-11.222,-0.924,-0.209,0.239,0.410,-24.450,-28.800,6.900,34.1
15:04:06.443,120841,2.248,-10.958,-0.558,-0.034,0.118,0.518,-25.800,-28.200,5.250,34.4
15:04:06.550,120896,2.025,-10.628,-0.852,0.022,0.289,0.499,-25.800,-28.200,5.250,34.5
15:04:06.602,120951,2.023,-10.384,-1.559,-0.079,0.245,0.305,-24.450,-26.700,5.100,34.2
15:04:06.654,121006,1.058,-10.233,-1.039,0.025,0.007,0.183,-23.250,-28.500,6.150,34.4
15:04:06.707,121061,1.415,-10.008,-0.529,0.039,0.030,0.195,-23.250,-28.500,6.150,34.5
15:04:06.759,121116,0.649,-10.278,-0.247,0.159,-0.107,0.301,-23.250,-28.500,6.150,34.3
15:04:06.812,121171,1.743,-10.048,-0.749,0.199,-0.074,0.343,-23.250,-28.500,6.150,34.3
15:04:06.864,121226,1.195,-12.016,-0.943,0.139,-0.094,0.214,-24.000,-28.800,5.400,34.2
15:04:06.917,121281,2.593,-14.375,-1.472,-0.162,0.286,-0.323,-24.000,-28.800,5.400,34.3
15:04:06.968,121336,2.128,-15.024,-0.189,0.212,0.167,-0.847,-23.100,-29.700,6.000,34.1
15:04:07.022,121391,2.619,-13.661,-0.041,0.304,-0.100,-0.887,-23.100,-29.700,6.000,34.4
15:04:07.074,121446,1.437,-11.511,0.146,0.157,-0.212,-0.700,-24.300,-29.700,7.050,34.4
15:04:07.126,121501,1.298,-10.376,-0.096,-0.043,-0.294,-0.352,-24.450,-30.600,6.900,34.3
15:04:07.178,121556,1.571,-9.469,-0.314,-0.081,-0.187,-0.131,-24.450,-30.600,6.900,34.1
15:04:07.232,121611,1.848,-9.471,-0.594,-0.040,-0.213,0.076,-24.450,-30.600,6.900,34.3
15:04:07.283,121666,1.408,-9.306,-0.019,-0.080,-0.354,0.242,-24.450,-30.600,6.900,34.3
15:04:07.336,121721,1.628,-8.540,0.055,-0.126,-0.278,0.475,-23.400,-29.700,4.800,34.1
15:04:07.390,121776,1.642,-7.669,-1.013,-0.101,-0.199,0.780,-23.400,-29.700,4.800,34.3
15:04:07.441,121831,1.738,-7.343,-1.032,-0.073,-0.083,0.847,-21.900,-31.800,5.550,34.4
15:04:07.546,121886,1.506,-8.169,-0.644,-0.177,0.035,0.972,-21.900,-31.800,5.550,34.4
15:04:07.548,121941,2.227,-8.926,-0.247,-0.127,-0.015,1.115,-17.400,-31.650,4.650,34.4
15:04:07.599,121996,-0.706,-7.329,-1.456,-0.404,-1.645,1.278,-17.400,-31.650,4.650,34.3
15:04:07.705,122051,-2.418,-5.657,0.929,-0.874,-0.324,1.383,-10.650,-31.200,1.500,34.2
15:04:07.757,122106,0.338,-5.219,0.725,-0.042,-0.791,-0.841,-10.650,-31.200,1.500,34.1
15:04:07.808,122161,1.590,-4.178,-1.489,0.497,0.539,-1.551,-10.650,-31.200,1.500,34.2
15:04:07.862,122216,-1.927,-5.746,-2.473,0.814,1.166,-2.046,-10.950,-31.800,2.250,34.5
15:04:07.914,122271,0.697,-10.125,-0.024,0.384,0.295,-1.455,-10.950,-31.800,2.250,34.5
15:04:07.965,122326,2.904,-10.688,0.168,0.084,0.111,-0.918,-19.050,-32.700,4.350,34.4
15:04:08.019,122381,2.124,-10.211,0.096,0.041,-0.058,-0.479,-19.050,-32.700,4.350,34.3
15:04:08.072,122436,1.575,-9.146,-0.912,-0.037,0.237,-0.515,-22.650,-29.400,7.350,34.2
15:04:08.124,122491,2.471,-10.285,-0.369,-0.103,-0.006,-0.183,-22.650,-29.400,7.350,34.1
15:04:08.177,122546,3.347,-10.487,-0.278,-0.297,0.236,-0.154,-24.000,-32.400,6.450,33.9
15:04:08.229,122601,2.693,-10.956,0.081,0.011,0.340,0.130,-24.000,-32.400,6.450,34.3
15:04:08.281,122656,2.452,-10.350,-1.276,-0.396,0.401,0.279,-24.000,-32.400,6.450,34.3
15:04:08.333,122711,3.120,-10.733,-0.764,-0.284,-0.036,0.262,-27.150,-30.300,7.200,34.4
15:04:08.387,122766,3.486,-10.858,-0.151,-0.222,0.228,0.356,-27.150,-30.300,7.200,34.3
15:04:08.439,122821,2.377,-10.757,-0.709,-0.319,0.393,0.449,-26.400,-29.550,8.700,34.4
15:04:08.490,122876,2.327,-10.388,-0.704,-0.320,0.325,0.387,-26.400,-29.550,8.700,34.1
15:04:08.543,122931,1.343,-10.350,-0.479,-0.115,0.351,0.341,-26.250,-29.400,6.750,34.4
15:04:08.596,122986,1.966,-10.161,-0.417,-0.005,0.178,0.316,-26.250,-29.400,6.750,34.3
15:04:08.649,123041,1.422,-10.068,-0.441,0.101,-0.111,0.351,-27.300,-29.700,7.800,34.1
15:04:08.702,123096,0.910,-10.982,-0.055,0.140,-0.402,0.366,-27.300,-29.700,7.800,34.3
15:04:08.753,123151,1.810,-12.910,-0.766,0.149,-0.654,0.047,-27.300,-29.700,7.800,34.3
15:04:08.859,123206,2.602,-15.000,-0.632,0.048,0.216,-0.996,-24.600,-30.750,7.350,34.4
15:04:08.912,123261,2.502,-15.227,0.352,0.284,0.067,-1.760,-24.600,-30.750,7.350,34.3
15:04:08.963,123316,3.725,-11.279,0.476,0.254,-0.262,-1.375,-29.250,-27.900,7.050,34.2
15:04:09.016,123371,3.572,-9.948,-0.172,0.086,-0.616,-0.639,-29.250,-27.900,7.050,34.3
15:04:09.069,123426,2.646,-9.515,0.819,0.164,-0.435,-0.093,-31.800,-28.800,7.950,34.5
15:04:09.122,123481,3.120,-9.239,-0.685,-0.023,-0.036,0.111,-31.800,-28.800,7.950,34.3
15:04:09.175,123536,3.048,-10.082,-0.244,0.016,-0.209,0.290,-29.250,-29.400,6.750,34.2
15:04:09.227,123591,3.191,-9.567,0.177,0.203,-0.192,0.729,-29.250,-29.400,6.750,34.4
15:04:09.278,123646,2.428,-8.052,-0.029,0.134,-0.365,1.095,-29.250,-29.400,6.750,34.4
15:04:09.330,123701,2.444,-8.442,0.122,0.108,-0.309,1.291,-22.500,-31.350,5.850,34.1
15:04:09.384,123756,1.626,-8.480,-0.127,-0.104,-0.090,1.571,-22.500,-31.350,5.850,34.4
15:04:09.437,123811,0.802,-7.300,-0.218,-0.338,-0.465,1.656,-14.550,-34.050,4.200,34.4
15:04:09.488,123866,0.737,-7.815,-0.254,-0.465,0.056,1.356,-14.550,-34.050,4.200,34.3
15:04:09.541,123921,-0.024,-9.009,-1.164,-0.318,-0.659,1.478,-9.300,-32.100,2.850,34.3
15:04:09.594,123976,-2.703,-6.541,-0.041,-0.203,-0.068,1.559,-9.300,-32.100,2.850,34.3
15:04:09.647,124031,-0.874,-7.228,0.031,0.036,-0.460,-0.001,-0.450,-30.000,0.900,34.3
15:04:09.751,124086,-0.560,-4.757,-1.257,0.396,0.532,-1.678,-0.450,-30.000,0.900,34.2
15:04:09.753,124141,1.362,-6.460,-1.396,0.634,0.297,-2.090,-0.450,-30.000,0.900,34.4
15:04:09.804,124196,-1.101,-6.440,-2.425,0.686,0.219,-2.204,-12.600,-32.250,7.050,34.3
15:04:09.857,124251,0.175,-8.574,0.366,0.520,0.765,-1.904,-12.600,-32.250,7.050,34.4
15:04:09.908,124306,2.708,-9.704,1.611,-0.077,0.195,-1.306,-24.300,-34.350,9.600,34.3
15:04:10.013,124361,3.505,-9.728,0.424,-0.010,0.324,-1.220,-24.300,-34.350,9.600,34.4
15:04:10.067,124416,3.800,-10.568,1.221,-0.013,-0.112,-0.794,-29.700,-33.600,9.300,34.4
15:04:10.119,124471,4.235,-9.708,0.706,-0.242,0.216,-0.520,-29.700,-33.600,9.300,34.2
15:04:10.172,124526,3.292,-10.288,0.534,-0.201,-0.032,-0.197,-30.600,-29.100,9.750,34.4
15:04:10.224,124581,5.143,-10.791,0.788,-0.037,0.174,0.077,-30.600,-29.100,9.750,34.3
15:04:10.329,124636,4.743,-11.195,0.263,-0.159,0.039,0.223,-30.600,-29.100,9.750,34.4
15:04:10.382,124691,4.599,-10.851,0.476,-0.276,-0.132,0.263,-30.600,-29.100,9.750,34.2
15:04:10.383,124746,4.942,-10.613,0.709,-0.295,-0.185,0.168,-32.850,-27.900,10.050,34.3
15:04:10.434,124801,4.492,-9.847,0.239,-0.344,-0.193,0.441,-31.800,-28.050,9.450,34.2
15:04:10.486,124856,4.436,-9.965,0.565,-0.289,0.094,0.529,-31.800,-28.050,9.450,34.3
15:04:10.538,124911,3.658,-9.280,-0.146,-0.283,-0.071,0.592,-31.200,-29.700,7.050,33.9
15:04:10.590,124966,2.375,-10.245,0.302,-0.271,-0.053,0.921,-31.200,-29.700,7.050,34.6
15:04:10.644,125021,2.713,-10.422,0.206,-0.099,0.108,0.734,-26.250,-28.650,8.100,34.4
15:04:10.697,125076,0.503,-11.255,0.335,-0.021,0.132,0.499,-26.250,-28.650,8.100,34.2
15:04:10.749,125131,2.286,-12.129,-0.864,0.045,0.495,-0.051,-26.250,-28.650,8.100,34.5
15:04:10.801,125186,3.790,-12.282,-1.338,0.029,0.137,-0.614,-26.250,-28.650,8.100,34.4
15:04:10.854,125241,4.324,-12.977,0.124,0.027,-0.007,-0.867,-26.250,-29.700,7.050,34.0
15:04:10.907,125296,5.241,-12.462,0.132,-0.017,-0.124,-0.745,-27.900,-32.400,6.900,34.2
15:04:10.959,125351,3.677,-10.149,0.129,-0.210,-0.043,-0.137,-27.900,-32.400,6.900,34.2
15:04:11.011,125406,3.270,-10.063,0.280,-0.377,-0.315,0.111,-27.900,-30.600,6.450,34.5
15:04:11.063,125461,2.880,-10.800,-0.567,-0.397,-0.220,0.177,-27.900,-30.600,6.450,34.5
15:04:11.168,125516,2.540,-9.936,-0.759,-0.292,0.180,0.418,-27.900,-30.600,4.350,34.4
15:04:11.221,125571,2.533,-9.093,-0.922,-0.140,0.082,0.871,-27.900,-30.600,4.350,34.4
15:04:11.273,125626,1.604,-8.495,-0.728,0.009,0.200,1.051,-27.900,-30.600,4.350,33.9
15:04:11.327,125681,1.089,-8.147,-0.814,0.055,-0.009,1.135,-27.900,-30.600,4.350,34.2
15:04:11.379,125736,0.644,-8.317,-0.658,-0.087,0.165,1.209,-18.600,-32.100,4.650,34.4
15:04:11.432,125791,0.405,-7.372,-1.963,-0.073,0.628,1.115,-14.550,-32.550,4.500,34.2
15:04:11.484,125846,1.475,-9.673,-0.656,0.644,1.469,1.314,-14.550,-32.550,4.500,34.4
15:04:11.535,125901,-3.318,-9.929,0.249,1.338,0.285,1.108,-11.250,-35.250,6.150,34.4
15:04:11.588,125956,-2.461,-5.650,1.650,0.689,-1.863,0.855,-11.250,-35.250,6.150,34.4
15:04:11.641,126011,-4.899,-1.599,-1.729,0.444,-1.231,-0.328,-5.400,-33.150,10.200,34.5
15:04:11.694,126066,3.158,-5.969,3.503,-0.138,-4.695,-2.609,-5.400,-33.150,10.200,34.3
15:04:11.747,126121,7.168,-11.626,-1.075,0.626,2.369,-1.313,-5.400,-33.150,10.200,34.4
15:04:11.798,126176,-11.298,-5.717,-0.038,0.363,0.429,-1.561,-5.400,-33.150,10.200,34.4
15:04:11.851,126231,5.854,-11.255,5.344,-0.176,-0.080,-1.576,-18.150,-34.200,14.850,34.4
15:04:11.904,126286,0.529,-8.985,1.044,-0.356,0.436,-1.351,-18.150,-34.200,14.850,34.3
15:04:11.956,126341,5.191,-11.308,2.799,-0.286,0.018,-0.981,-24.600,-33.000,13.650,34.4
15:04:12.008,126396,4.101,-9.519,0.984,-0.497,-0.521,-0.667,-31.200,-29.700,12.900,34.3
15:04:12.061,126451,4.750,-9.316,0.845,-0.648,-0.213,-0.462,-31.200,-29.700,12.900,34.1
15:04:12.114,126506,5.080,-10.116,0.874,-0.644,0.071,-0.266,-32.550,-26.250,12.750,34.4
15:04:12.167,126561,5.964,-10.719,1.144,-0.783,-0.162,0.041,-32.550,-26.250,12.750,34.3
15:04:12.219,126616,3.828,-9.831,0.297,-0.836,0.068,0.371,-32.400,-28.650,8.850,34.3
15:04:12.324,126671,3.560,-10.123,0.012,-0.707,-0.007,0.628,-32.400,-28.650,8.850,34.3
15:04:12.377,126726,3.484,-10.005,-0.163,-0.516,0.155,0.665,-32.400,-28.650,8.850,34.3
15:04:12.429,126781,3.412,-10.123,-0.438,-0.451,0.128,0.758,-32.400,-28.650,8.850,34.6
15:04:12.482,126836,3.196,-10.156,-0.560,-0.292,0.038,0.722,-30.900,-28.950,6.750,34.0
15:04:12.533,126891,2.526,-9.969,-0.565,-0.199,-0.097,0.744,-29.250,-28.950,6.000,34.3
15:04:12.586,126946,1.635,-9.919,-0.527,-0.111,-0.100,0.860,-29.250,-28.950,6.000,34.3
15:04:12.638,127001,1.233,-10.709,-0.414,-0.172,-0.038,0.815,-25.350,-29.700,4.800,34.3
15:04:12.692,127056,1.209,-11.557,-1.334,-0.153,-0.200,0.475,-25.350,-29.700,4.800,34.4
15:04:12.744,127111,1.379,-13.376,-1.607,-0.027,0.191,0.059,-22.350,-28.650,4.500,34.4
15:04:12.797,127166,4.446,-16.652,-2.377,0.105,0.220,-0.901,-22.350,-28.650,4.500,34.5
15:04:12.849,127221,3.321,-14.552,-0.055,0.580,-0.192,-1.211,-22.350,-28.650,4.500,34.1
15:04:12.902,127276,2.243,-11.006,0.208,0.513,-0.218,-0.896,-22.350,-28.650,4.500,34.0
15:04:12.954,127331,1.815,-10.508,0.251,0.239,-0.429,-0.573,-27.300,-30.450,8.100,34.3
15:04:13.007,127386,1.870,-9.910,0.026,-0.150,-0.234,-0.420,-27.300,-30.450,8.100,34.3
15:04:13.058,127441,1.547,-8.765,-0.577,-0.222,-0.455,-0.044,-29.700,-28.650,6.000,34.2
15:04:13.112,127496,1.793,-8.887,0.211,-0.066,-0.417,0.285,-25.350,-29.400,6.000,34.4
15:04:13.165,127551,2.064,-8.145,-0.814,0.014,-0.107,0.688,-25.350,-29.400,6.000,34.2
15:04:13.217,127606,1.990,-7.922,-0.713,-0.085,-0.451,1.221,-24.300,-31.200,3.450,34.2
15:04:13.268,127661,1.374,-6.651,-1.920,-0.100,-0.097,1.274,-24.300,-31.200,3.450,34.3
15:04:13.321,127716,0.041,-7.458,-1.611,-0.087,-0.594,1.360,-24.300,-31.200,3.450,34.4
15:04:13.375,127771,2.126,-8.447,-2.442,-0.248,-1.940,1.582,-24.300,-31.200,3.450,34.4
15:04:13.479,127826,0.730,-9.029,0.079,0.107,-0.926,1.818,-9.000,-33.300,1.200,34.4
15:04:13.531,127881,-2.828,-4.654,-0.625,-0.398,-0.330,2.074,-9.000,-33.300,1.200,34.2
15:04:13.583,127936,-0.778,-5.423,-1.434,0.058,-0.580,-0.282,0.450,-29.400,1.200,34.5
15:04:13.636,127991,-0.019,-4.970,-0.900,0.348,0.702,-2.065,0.300,-29.550,2.850,34.1
15:04:13.689,128046,-0.213,-6.074,-0.740,0.593,1.147,-2.324,0.300,-29.550,2.850,33.9
15:04:13.742,128101,-1.899,-8.140,-0.223,0.466,0.576,-1.818,-11.550,-31.650,4.650,34.6
15:04:13.795,128156,-0.256,-10.297,1.372,-0.005,-0.289,-1.232,-11.550,-31.650,4.650,34.4
15:04:13.847,128211,1.796,-9.929,0.062,-0.026,0.120,-0.974,-19.950,-33.300,5.250,34.4
15:04:13.898,128266,2.914,-10.451,-0.074,-0.246,-0.001,-0.385,-19.950,-33.300,5.250,34.6
15:04:13.951,128321,3.766,-10.721,0.340,-0.417,-0.229,0.083,-19.950,-33.300,5.250,34.4
15:04:14.003,128376,2.780,-10.118,-0.977,-0.527,0.272,0.425,-19.950,-33.300,5.250,34.3
15:04:14.055,128431,1.923,-11.267,-0.577,-0.296,0.127,0.601,-23.850,-31.200,7.350,34.3
15:04:14.110,128486,0.994,-11.375,-0.520,-0.405,0.105,0.868,-23.850,-31.200,7.350,34.3
15:04:14.162,128541,0.675,-10.623,-0.754,-0.328,0.434,0.730,-22.950,-29.850,5.100,34.2
15:04:14.214,128596,-0.431,-10.891,-1.176,-0.157,0.017,0.640,-20.700,-31.200,4.200,34.4
15:04:14.266,128651,0.134,-10.745,-0.673,-0.117,0.106,0.377,-20.700,-31.200,4.200,34.5
15:04:14.319,128706,-0.175,-10.977,-0.649,-0.028,0.068,0.198,-18.600,-30.600,4.650,34.4
15:04:14.372,128761,0.189,-10.865,-0.702,0.109,0.138,0.090,-18.600,-30.600,4.650,34.5
15:04:14.425,128816,0.761,-10.829,-0.541,-0.039,-0.005,-0.196,-18.600,-30.600,4.650,34.1
15:04:14.476,128871,0.002,-10.216,-0.419,-0.007,-0.173,-0.148,-18.600,-30.600,4.650,34.6
15:04:14.528,128926,0.409,-10.556,-0.187,0.137,-0.201,-0.058,-20.400,-28.200,6.000,34.5
15:04:14.633,128981,1.484,-11.578,-1.123,0.018,-0.018,-0.142,-20.400,-28.200,6.000,34.3
15:04:14.686,129036,2.875,-13.556,-2.770,-0.354,0.581,-0.669,-20.700,-30.750,4.500,34.4
15:04:14.739,129091,3.613,-15.184,-0.958,0.099,0.140,-1.427,-24.000,-28.800,5.100,34.3
15:04:14.792,129146,3.761,-12.285,-0.740,0.263,-0.331,-1.157,-24.000,-28.800,5.100,34.4
15:04:14.845,129201,3.031,-11.164,-0.196,0.083,-0.093,-0.632,-28.350,-30.300,5.400,34.3
15:04:14.897,129256,2.768,-10.508,-0.601,-0.312,-0.008,-0.530,-28.350,-30.300,5.400,34.4
15:04:14.948,129311,1.915,-10.238,-0.290,-0.346,-0.149,-0.212,-28.350,-30.300,5.400,34.5
15:04:15.000,129366,2.152,-9.266,-0.646,-0.030,0.007,0.191,-28.350,-30.300,5.400,34.5
15:04:15.053,129421,2.409,-9.503,-1.070,0.122,-0.141,0.245,-28.350,-30.900,3.600,34.5
15:04:15.105,129476,1.834,-9.110,-1.219,0.082,-0.093,0.577,-28.350,-30.900,3.600,34.4
15:04:15.158,129531,2.569,-9.519,-0.924,0.024,-0.476,0.776,-24.900,-30.900,2.100,34.6
15:04:15.211,129586,2.057,-8.447,-1.271,-0.111,0.086,1.165,-20.100,-30.300,3.150,34.4
15:04:15.264,129641,1.544,-7.482,-1.006,-0.375,-0.155,1.365,-20.100,-30.300,3.150,34.3
15:04:15.317,129696,1.408,-8.033,-1.664,-0.253,-0.284,1.322,-14.100,-31.500,0.150,34.4
15:04:15.421,129751,0.515,-9.100,-0.819,0.024,-0.756,1.709,-14.100,-31.500,0.150,34.3
15:04:15.422,129806,-0.687,-4.822,-0.716,0.028,-1.599,1.061,-14.100,-31.500,0.150,34.6
15:04:15.474,129861,2.071,-5.155,-1.137,0.359,-1.071,-0.594,-14.100,-31.500,0.150,34.5
15:04:15.527,129916,0.165,-3.388,-0.905,0.768,0.276,-2.030,-3.450,-30.600,2.550,34.4
15:04:15.578,129971,-0.268,-4.788,-0.723,0.895,1.221,-2.358,-3.450,-30.600,2.550,34.2
15:04:15.632,130026,2.394,-6.225,-1.561,0.440,0.491,-2.020,-12.600,-35.100,5.550,34.3
15:04:15.683,130081,4.037,-10.127,1.319,-0.053,-0.342,-1.610,-12.600,-35.100,5.550,34.3
15:04:15.789,130136,4.714,-10.211,0.464,-0.195,-0.042,-1.053,-22.650,-31.200,7.800,34.4
15:04:15.842,130191,6.258,-11.413,0.615,-0.211,-0.493,-0.487,-28.350,-31.350,8.400,34.3
15:04:15.894,130246,3.946,-11.277,-0.187,-0.171,-0.348,-0.216,-28.350,-31.350,8.400,34.5
15:04:15.945,130301,4.254,-11.712,0.757,0.102,-0.192,0.067,-28.350,-31.350,8.400,34.4
15:04:15.999,130356,4.657,-11.375,-0.055,-0.156,0.013,0.159,-28.350,-31.350,8.400,34.1
15:04:16.050,130411,4.530,-11.009,0.450,-0.215,-0.079,0.196,-28.350,-31.350,8.400,34.3
15:04:16.104,130466,3.907,-10.329,0.019,-0.239,0.068,0.168,-28.350,-31.350,8.400,34.2
15:04:16.156,130521,2.907,-10.166,-0.048,-0.257,0.106,0.138,-31.500,-31.350,6.150,34.4
15:04:16.209,130576,3.797,-10.276,-0.031,-0.289,0.140,-0.050,-31.500,-31.350,6.150,34.4
15:04:16.260,130631,4.398,-10.089,-0.271,-0.135,-0.146,-0.133,-29.550,-30.300,7.650,34.4
15:04:16.314,130687,4.719,-9.989,0.709,-0.119,-0.176,0.282,-30.150,-31.200,6.000,34.2
15:04:16.366,130741,4.920,-10.585,0.249,-0.219,0.113,0.229,-30.150,-31.200,6.000,34.5
15:04:16.418,130796,3.488,-9.857,-2.691,-0.126,0.172,0.018,-30.300,-28.800,5.100,34.2
15:04:16.471,130851,7.944,-14.272,-0.414,-0.092,-0.316,-0.365,-30.300,-28.800,5.100,34.5
15:04:16.525,130906,4.939,-12.349,0.479,-0.052,-0.145,-0.610,-30.300,-28.800,5.100,34.4
15:04:16.576,130961,4.939,-11.126,0.232,-0.171,-0.303,-0.486,-30.300,-28.800,5.100,34.4
15:04:16.628,131016,3.460,-10.005,0.036,-0.130,-0.086,-0.055,-31.500,-27.750,5.850,34.3
15:04:16.680,131071,3.436,-10.046,0.275,0.009,-0.309,0.096,-31.500,-27.750,5.850,34.3
15:04:16.733,131126,3.948,-9.481,0.268,0.005,0.024,0.155,-29.850,-29.550,5.850,34.6
15:04:16.787,131181,4.647,-9.783,-0.608,-0.233,0.263,0.483,-29.850,-29.550,5.850,34.1
15:04:16.840,131236,2.801,-9.886,-0.256,-0.343,-0.009,0.912,-28.950,-31.800,4.200,34.4
15:04:16.944,131291,2.564,-8.353,-0.807,-0.349,0.031,1.065,-25.200,-30.600,5.100,34.4
15:04:16.997,131346,2.246,-8.255,-1.688,-0.365,-0.216,1.011,-25.200,-30.600,5.100,34.2
15:04:17.048,131401,2.356,-9.656,-0.565,-0.459,-0.493,1.168,-25.200,-30.600,5.100,34.3
15:04:17.101,131456,0.036,-9.254,-0.323,-0.509,0.255,1.556,-25.200,-30.600,5.100,34.4
15:04:17.154,131511,0.326,-7.922,-2.286,-0.462,-0.078,1.592,-12.750,-32.100,0.000,34.6
15:04:17.207,131566,-1.781,-6.440,-1.753,-0.077,-0.678,1.753,-12.750,-32.100,0.000,34.3
15:04:17.259,131621,-0.613,-6.134,-0.371,-0.026,-1.592,0.509,-5.250,-30.000,-0.450,34.6
15:04:17.312,131676,1.267,-4.678,-2.512,0.098,-0.121,-1.024,-5.250,-30.000,-0.450,34.3
15:04:17.364,131731,0.814,-4.221,-2.164,0.571,0.414,-2.163,-1.650,-30.000,-0.900,34.3
15:04:17.469,131786,2.239,-7.017,0.886,0.673,1.105,-2.162,-12.600,-30.450,2.250,34.4
15:04:17.470,131841,-0.599,-6.883,-2.191,0.140,-0.269,-1.572,-12.600,-30.450,2.250,34.4
15:04:17.522,131896,2.279,-8.684,-0.548,-0.145,-0.178,-1.183,-12.600,-30.450,2.250,34.4
15:04:17.573,131951,3.788,-9.345,-1.602,-0.217,0.197,-0.874,-12.600,-30.450,2.250,34.4
15:04:17.627,132006,4.269,-10.839,-0.998,-0.112,-0.086,-0.341,-27.150,-30.300,4.650,34.3
15:04:17.679,132061,3.254,-9.706,-1.044,-0.095,0.111,-0.041,-27.150,-30.300,4.650,34.7
15:04:17.731,132116,3.972,-10.860,-0.019,0.084,-0.087,0.475,-27.300,-29.700,4.800,34.5
15:04:17.783,132171,3.675,-10.781,-0.792,-0.134,0.149,0.595,-27.300,-29.700,4.800,34.6
15:04:17.837,132226,2.564,-10.693,-1.539,-0.320,0.131,0.600,-27.000,-29.700,4.500,34.4
15:04:17.888,132281,3.079,-11.578,-0.704,-0.185,0.102,0.673,-27.000,-29.700,4.500,34.6
15:04:17.941,132336,2.552,-10.719,-1.403,-0.211,0.213,0.981,-24.900,-29.550,5.850,34.3
15:04:17.993,132391,2.021,-10.752,-0.991,0.071,0.330,1.035,-23.850,-30.000,4.500,34.5
15:04:18.098,132446,1.077,-10.865,-0.924,0.001,0.351,0.830,-23.850,-30.000,4.500,34.3
15:04:18.151,132501,0.421,-11.037,-1.118,-0.184,0.135,0.715,-23.850,-30.000,4.500,34.4
15:04:18.204,132556,0.532,-10.240,-0.943,-0.329,-0.132,0.480,-23.850,-30.000,4.500,34.4
15:04:18.256,132611,-0.244,-10.511,-0.306,-0.445,-0.149,0.420,-19.350,-29.100,3.150,34.5
15:04:18.308,132666,0.165,-11.480,-0.275,-0.564,-0.114,0.169,-19.350,-29.100,3.150,34.6
15:04:18.361,132721,-0.187,-13.226,-2.078,-0.177,0.729,-0.451,-18.450,-30.750,3.000,34.5
15:04:18.414,132776,2.227,-15.407,-2.277,0.442,0.620,-1.096,-18.450,-30.750,3.000,34.1
15:04:18.467,132831,4.082,-13.870,-0.448,0.710,0.529,-1.256,-21.450,-28.200,4.500,34.5
15:04:18.519,132886,1.829,-11.404,-0.007,0.392,0.137,-0.895,-25.350,-29.700,5.250,34.5
15:04:18.572,132941,1.458,-10.376,0.515,0.047,0.017,-0.569,-25.350,-29.700,5.250,34.4
15:04:18.623,132996,1.482,-9.574,-0.122,-0.227,-0.030,-0.260,-25.350,-29.700,5.250,34.3
15:04:18.677,133051,1.709,-10.374,-0.294,-0.177,-0.221,-0.161,-25.350,-29.700,5.250,34.3
15:04:18.728,133106,1.894,-10.266,-0.388,0.139,-0.355,0.115,-25.800,-30.000,5.250,34.4
15:04:18.782,133161,3.002,-9.663,-0.508,0.170,0.023,0.564,-25.800,-30.000,5.250,34.4
15:04:18.834,133216,2.241,-8.715,-0.297,-0.083,0.312,0.898,-24.600,-30.000,5.250,34.4
15:04:18.887,133271,2.535,-8.262,-0.522,-0.744,0.296,1.009,-24.600,-30.000,5.250,34.6
15:04:18.939,133326,-0.453,-7.609,-1.264,-0.989,0.270,1.264,-21.150,-32.250,4.500,34.4
15:04:18.992,133381,1.152,-7.374,-2.368,-0.519,-0.159,1.459,-14.250,-31.650,0.600,34.1
15:04:19.043,133436,-0.232,-8.921,-1.769,-0.370,-0.565,1.611,-14.250,-31.650,0.600,34.5
15:04:19.096,133491,-2.983,-7.151,0.383,-0.098,-0.981,1.621,-14.250,-31.650,0.600,34.2
15:04:19.148,133546,-0.062,-6.127,-3.031,-0.686,-1.247,0.710,-14.250,-31.650,0.600,34.4
15:04:19.254,133601,0.136,-4.994,-2.263,0.130,-0.233,-1.142,-1.800,-27.000,-2.100,34.2
15:04:19.305,133656,-1.286,-4.956,-1.468,0.442,0.274,-2.101,-1.800,-27.000,-2.100,34.4
15:04:19.358,133711,-0.826,-4.786,-2.035,0.488,0.234,-2.127,-8.250,-30.750,-0.150,34.6
15:04:19.411,133766,2.198,-9.577,0.045,0.036,-0.653,-1.705,-8.250,-30.750,-0.150,34.5
15:04:19.464,133821,-0.005,-8.097,-0.151,0.402,-0.561,-1.207,-16.500,-30.750,1.500,34.7
15:04:19.516,133876,2.320,-10.046,-0.618,-0.320,-0.257,-0.260,-16.500,-30.750,1.500,34.4
15:04:19.621,133931,2.648,-11.224,-0.905,-0.396,-0.234,0.306,-21.900,-32.550,2.250,34.2
15:04:19.622,133986,0.651,-11.210,-2.552,-0.758,-0.607,0.507,-21.900,-32.550,2.250,34.6
15:04:19.674,134041,-0.302,-11.803,-3.065,-0.264,-0.016,0.608,-21.900,-32.550,2.250,34.4
15:04:19.727,134096,-0.151,-12.481,-2.476,-0.082,0.122,0.333,-18.750,-28.950,0.450,34.4
15:04:19.830,134151,0.663,-11.289,-2.782,0.047,0.528,0.268,-18.750,-28.950,0.450,34.3
15:04:19.832,134206,1.302,-12.526,-1.879,0.144,0.220,0.012,-19.500,-30.000,1.950,34.4
15:04:19.936,134261,1.556,-11.480,-2.186,0.059,0.383,-0.167,-19.500,-30.000,1.950,34.5
15:04:19.938,134316,2.140,-10.994,-1.863,-0.145,-0.128,-0.332,-22.050,-29.850,2.550,34.4
15:04:19.989,134371,1.896,-10.032,-1.410,-0.242,0.121,-0.199,-22.050,-29.850,2.550,34.6
15:04:20.041,134426,2.526,-10.511,-1.697,-0.370,-0.123,-0.011,-24.300,-29.400,0.450,34.4
15:04:20.094,134481,2.885,-12.819,-2.667,-0.317,0.331,0.104,-24.300,-28.200,1.500,34.5
15:04:20.146,134536,3.747,-15.586,-2.818,0.233,0.405,-0.606,-24.300,-28.200,1.500,34.4
15:04:20.303,134591,3.677,-13.039,-1.343,0.468,0.322,-0.868,-24.300,-28.200,1.500,34.5
15:04:20.357,134646,2.820,-11.763,-0.649,0.193,0.332,-0.675,-24.300,-28.200,1.500,34.4
15:04:20.358,134701,2.497,-11.028,-0.819,0.001,0.379,-0.446,-27.750,-28.200,1.200,34.3
15:04:20.360,134756,1.676,-10.839,-1.719,0.123,0.186,-0.060,-27.750,-28.200,1.200,34.7
15:04:20.462,134811,2.404,-10.862,-0.886,0.671,-0.090,0.026,-28.500,-28.650,1.950,34.4
15:04:20.566,134866,1.566,-9.546,-1.190,0.254,0.439,0.301,-28.500,-28.650,1.950,34.5
15:04:20.568,134921,2.049,-8.650,-1.437,-0.010,-0.123,0.574,-24.450,-30.900,3.600,34.5
15:04:20.619,134976,1.784,-7.937,-0.644,-0.077,0.001,0.702,-24.450,-30.900,3.600,34.5
15:04:20.672,135031,0.148,-6.110,-1.745,-0.276,-0.197,0.925,-23.850,-31.800,5.250,34.3
15:04:20.776,135086,2.358,-7.750,-0.611,0.057,0.112,0.656,-23.850,-31.800,5.250,34.1
15:04:20.777,135141,1.743,-10.846,-1.025,0.073,0.195,0.863,-23.850,-31.800,5.250,34.2
15:04:20.881,135196,0.764,-9.143,-0.661,-0.442,-0.378,1.068,-15.750,-34.350,3.750,34.5
15:04:20.933,135251,1.745,-9.002,-1.180,-0.200,0.408,0.890,-15.750,-34.350,3.750,34.6
15:04:20.934,135306,-0.673,-9.165,-0.713,-0.209,-0.123,1.328,-10.500,-33.450,1.050,34.3
15:04:20.987,135361,0.084,-5.552,-1.247,-0.325,0.427,1.008,-10.500,-33.450,1.050,34.5
15:04:21.039,135416,-2.952,-4.547,-0.742,0.208,-0.545,-0.604,-4.800,-30.000,1.200,34.6
15:04:21.092,135471,2.131,-3.922,0.144,0.290,-2.590,-1.844,-4.800,-30.000,1.200,34.3
15:04:21.143,135526,0.855,-8.775,-2.195,0.401,-0.221,-1.559,-7.050,-29.700,1.950,34.2
15:04:21.197,135581,-6.531,-7.726,-1.369,0.715,-0.699,-1.931,-7.050,-29.700,1.950,34.6
15:04:21.300,135636,1.566,-9.402,0.378,0.008,-0.219,-1.508,-7.050,-29.700,1.950,34.4
15:04:21.302,135691,2.296,-11.013,0.227,-0.027,0.147,-0.973,-7.050,-29.700,1.950,34.6
15:04:21.353,135746,3.656,-10.266,-0.280,-0.192,-0.219,-0.651,-7.050,-29.700,1.950,34.3
15:04:21.407,135801,3.881,-10.908,-0.783,-0.412,-0.412,-0.225,-26.250,-30.450,6.750,34.4
15:04:21.511,135856,2.990,-11.011,-0.330,-0.060,-0.407,0.023,-26.250,-30.450,6.750,34.4
15:04:21.513,135911,3.038,-9.768,-1.393,-0.169,-0.137,0.263,-27.750,-30.450,4.500,34.3
15:04:21.617,135966,3.021,-11.609,-0.431,0.066,-0.065,0.397,-27.750,-30.450,4.500,34.6
15:04:21.668,136021,3.062,-11.937,-0.658,0.094,0.014,0.346,-27.300,-28.200,4.800,34.5
15:04:21.721,136076,2.856,-10.566,-1.137,0.041,0.143,0.265,-26.250,-30.450,5.550,34.5
15:04:21.824,136131,2.459,-10.515,-0.443,0.035,0.173,0.212,-26.250,-30.450,5.550,34.3
15:04:21.826,136186,2.365,-10.216,-0.151,0.051,0.187,0.114,-26.250,-30.450,5.550,34.5
15:04:21.878,136241,1.920,-9.895,-0.127,0.006,0.290,0.046,-26.250,-30.450,5.550,34.3
15:04:21.932,136296,2.045,-10.173,0.108,0.013,0.318,-0.114,-26.250,-30.000,8.100,34.4
15:04:21.984,136351,2.772,-10.599,0.955,0.047,0.369,0.053,-26.250,-30.000,8.100,34.3
15:04:22.037,136406,3.302,-10.927,0.845,0.422,0.106,0.391,-25.800,-30.450,9.300,34.4
15:04:22.089,136461,2.198,-10.051,0.618,0.365,0.191,0.526,-25.800,-30.450,9.300,34.5
15:04:22.140,136516,2.887,-12.048,0.611,-0.050,0.350,0.163,-22.950,-30.600,9.000,34.6
15:04:22.193,136571,4.099,-14.727,0.702,-0.278,0.038,-0.605,-22.950,-30.600,9.000,34.5
15:04:22.247,136626,4.525,-13.882,1.013,0.005,-0.065,-0.818,-25.800,-30.450,8.550,34.7
15:04:22.299,136681,3.476,-11.564,0.551,0.145,-0.081,-0.537,-25.800,-30.450,8.550,34.4
15:04:22.352,136736,2.763,-10.642,0.467,0.092,-0.019,-0.327,-25.800,-30.450,8.550,34.4
15:04:22.404,136791,2.155,-10.391,0.675,-0.099,0.058,-0.179,-28.950,-30.450,9.600,34.6
15:04:22.457,136846,2.495,-9.807,0.464,-0.241,-0.358,0.210,-28.950,-30.450,9.600,34.6
15:04:22.509,136901,2.602,-9.067,0.819,-0.241,-0.263,0.407,-27.300,-31.200,8.550,34.3
15:04:22.562,136956,1.583,-8.739,0.496,-0.344,-0.211,0.594,-27.300,-31.200,8.550,34.5
15:04:22.614,137011,1.719,-8.825,0.117,-0.450,-0.242,0.669,-24.450,-31.350,6.900,34.6
15:04:22.719,137066,2.555,-9.139,-0.393,-0.540,0.012,0.793,-24.450,-31.350,6.900,34.2
15:04:22.770,137121,1.856,-9.297,-1.202,-0.764,0.064,1.014,-20.400,-33.300,6.750,34.4
15:04:22.824,137176,0.797,-8.495,-1.049,-0.807,-0.104,1.055,-20.400,-33.300,6.750,34.4
15:04:22.876,137231,0.587,-8.423,-1.516,-0.477,-0.159,1.157,-20.400,-33.300,6.750,34.4
15:04:22.928,137286,0.414,-9.155,-1.355,-0.021,-0.156,1.481,-20.400,-33.300,6.750,34.5
15:04:22.982,137341,-1.841,-5.648,-1.235,-0.775,-1.472,1.998,-20.400,-33.300,6.750,34.4
15:04:23.034,137396,1.113,-5.574,-1.319,-0.300,-1.098,0.117,-0.900,-28.650,-0.450,34.5
15:04:23.087,137451,0.551,-3.402,-1.171,0.420,0.234,-1.833,-0.900,-28.650,-0.450,34.4
15:04:23.138,137506,0.630,-5.004,-0.836,0.410,1.043,-2.429,-4.350,-28.200,-1.500,34.4
15:04:23.191,137561,-0.105,-7.360,-0.287,0.523,0.314,-2.292,-4.350,-28.200,-1.500,34.5
15:04:23.243,137616,2.562,-11.720,-0.213,0.052,-0.069,-1.442,-18.000,-31.500,1.500,34.5
15:04:23.296,137671,3.735,-11.856,-0.656,-0.771,-0.448,-0.934,-18.000,-31.500,1.500,34.3
15:04:23.348,137726,1.628,-9.170,-3.184,-1.207,0.116,-0.548,-22.350,-31.500,1.200,34.5
15:04:23.401,137781,3.012,-9.797,-2.758,-0.239,-0.115,-0.464,-22.350,-31.500,1.200,34.4
15:04:23.505,137836,3.232,-9.783,-3.096,-0.056,-0.003,-0.014,-22.350,-31.500,1.200,34.3
15:04:23.507,137891,2.643,-9.266,-3.091,-0.111,-0.102,0.074,-25.200,-28.050,0.300,34.2
15:04:23.559,137946,2.722,-9.629,-3.668,0.121,0.166,-0.038,-25.200,-28.050,0.300,34.5
15:04:23.612,138001,3.840,-11.131,-1.961,0.100,-0.253,0.080,-27.900,-27.750,-1.350,34.5
15:04:23.663,138056,3.366,-10.329,-2.804,-0.104,-0.378,0.438,-27.900,-27.750,-1.350,34.4
15:04:23.716,138111,3.067,-9.857,-2.119,-0.109,-0.277,0.532,-26.250,-26.400,-0.150,34.6
15:04:23.770,138166,2.811,-10.391,-3.045,-0.466,-0.211,0.610,-26.250,-26.400,-0.150,34.4
15:04:23.874,138221,1.911,-10.496,-2.495,0.134,0.325,0.496,-25.800,-26.850,-2.250,34.6
15:04:23.925,138276,2.023,-10.228,-2.749,0.159,0.392,0.661,-25.800,-26.850,-2.250,34.4
15:04:23.979,138331,1.508,-10.762,-2.109,0.163,0.444,0.649,-25.800,-26.850,-2.250,34.4
15:04:24.032,138386,1.602,-10.518,-1.702,0.160,0.128,0.421,-22.500,-27.750,1.350,34.4
15:04:24.084,138441,1.065,-10.494,-1.221,0.020,0.341,0.303,-22.500,-27.750,1.350,34.5
15:04:24.136,138496,1.049,-11.552,-2.066,-0.161,0.276,0.279,-22.500,-28.500,1.800,34.5
15:04:24.188,138551,2.823,-13.010,-2.236,-0.063,0.241,-0.039,-22.500,-28.500,1.800,34.5
15:04:24.241,138606,3.266,-15.660,-2.351,0.362,0.112,-0.568,-22.650,-28.650,-1.200,34.4
15:04:24.294,138661,2.914,-13.479,-2.047,0.387,0.409,-0.685,-22.650,-28.650,-1.200,34.4
15:04:24.346,138716,1.824,-11.909,-1.662,0.214,0.173,-0.596,-22.650,-29.400,2.250,34.7
15:04:24.398,138771,1.489,-11.210,-0.687,0.146,0.128,-0.339,-22.650,-29.400,2.250,34.6
15:04:24.452,138826,1.875,-10.424,-1.032,-0.016,0.138,-0.211,-22.650,-29.400,2.250,34.2
15:04:24.503,138881,0.998,-9.766,-0.898,0.122,0.189,0.186,-26.250,-30.450,4.800,34.4
15:04:24.556,138936,1.520,-8.610,-1.077,-0.232,-0.019,0.554,-26.250,-30.450,4.800,34.5
15:04:24.608,138991,1.099,-8.521,-0.950,-0.236,-0.025,0.717,-21.900,-31.500,2.700,34.5
15:04:24.661,139046,0.816,-7.652,-1.176,-0.385,-0.051,0.853,-21.900,-31.500,2.700,34.1
15:04:24.714,139101,1.240,-7.822,-1.372,-0.499,0.256,1.107,-19.200,-33.300,1.200,34.6
15:04:24.767,139156,1.097,-8.181,-1.197,-0.559,0.141,1.417,-19.200,-33.300,1.200,34.4
15:04:24.819,139211,0.670,-8.643,-0.936,-0.522,-0.108,1.930,-14.550,-31.800,-1.500,34.5
15:04:24.871,139266,-2.689,-4.269,-2.164,-0.902,-1.628,1.972,-14.550,-31.800,-1.500,34.5
15:04:24.923,139321,1.276,-5.375,-1.563,-0.211,-0.614,-0.278,-14.550,-31.800,-1.500,34.4
15:04:25.029,139376,-0.723,-3.970,-1.420,0.227,0.075,-1.834,-14.550,-31.800,-1.500,34.5
15:04:25.082,139431,1.662,-6.076,-1.554,0.363,0.789,-2.033,-14.550,-31.800,-1.500,34.3
15:04:25.134,139486,-2.076,-6.124,-3.110,0.330,0.428,-2.258,-11.550,-30.900,0.300,34.5
15:04:25.186,139541,1.255,-9.172,-1.757,-0.210,-0.658,-1.778,-11.550,-30.900,0.300,34.6
15:04:25.238,139596,3.237,-9.996,-1.475,-0.077,-0.448,-1.192,-22.050,-30.300,0.000,34.4
15:04:25.291,139651,3.364,-10.927,-2.033,-0.168,-0.455,-0.800,-22.050,-30.300,0.000,34.5
15:04:25.343,139706,3.642,-10.786,-2.263,-0.181,-0.489,-0.138,-27.000,-30.000,-0.900,34.4
15:04:25.397,139761,1.302,-10.985,-2.114,-0.035,-0.716,0.114,-27.000,-30.000,-0.900,34.6
15:04:25.501,139816,2.761,-10.338,-2.753,0.079,-0.166,0.323,-28.200,-27.900,-1.200,34.3
15:04:25.503,139871,2.138,-10.398,-2.547,-0.278,-0.223,0.543,-28.200,-27.900,-1.200,34.7
15:04:25.555,139926,2.035,-10.405,-3.038,-0.468,-0.438,0.482,-28.200,-27.900,-1.200,34.6
15:04:25.607,139981,1.657,-10.822,-3.637,-0.464,-0.035,0.511,-23.400,-26.850,-2.700,34.4
15:04:25.659,140036,1.614,-11.119,-3.711,-0.190,-0.318,0.290,-23.400,-26.850,-2.700,34.6
15:04:25.711,140091,2.409,-10.786,-3.484,-0.072,-0.399,0.421,-22.500,-26.700,-3.600,34.4
15:04:25.764,140146,2.042,-11.291,-2.212,-0.069,-0.254,0.411,-22.500,-26.700,-3.600,34.4
15:04:25.817,140201,1.975,-10.441,-3.158,-0.132,-0.095,0.394,-21.900,-26.850,-3.000,34.3
15:04:25.869,140256,0.493,-9.922,-1.784,-0.111,-0.010,0.428,-21.900,-26.850,-3.000,34.7
15:04:25.921,140311,0.709,-10.262,-3.486,-0.328,0.117,0.318,-19.200,-26.100,-3.450,34.6
15:04:25.973,140366,2.198,-16.103,-5.813,0.062,0.976,-0.371,-19.200,-26.100,-3.450,34.7
15:04:26.026,140421,1.489,-15.021,-5.001,0.699,0.661,-1.065,-19.200,-26.100,-3.450,34.7
15:04:26.079,140476,2.473,-12.673,-3.481,0.961,0.760,-1.033,-24.000,-27.000,-1.350,34.6
15:04:26.183,140531,2.586,-11.047,-2.188,0.584,0.571,-0.817,-24.000,-27.000,-1.350,34.5
15:04:26.236,140586,1.753,-9.610,-1.891,0.249,0.462,-0.308,-27.000,-28.650,1.500,34.2
15:04:26.288,140641,2.028,-9.208,-0.733,0.007,-0.082,0.151,-27.000,-28.650,1.500,34.4
15:04:26.341,140696,1.437,-9.297,-1.142,-0.078,0.186,0.279,-25.350,-29.700,1.950,34.5
15:04:26.394,140751,1.599,-8.966,-2.514,-0.081,0.182,0.323,-25.350,-29.700,1.950,34.4
15:04:26.447,140806,1.353,-9.057,-1.475,-0.201,-0.002,0.696,-23.700,-30.900,2.850,34.5
15:04:26.499,140861,1.695,-8.504,-1.365,-0.246,0.266,0.869,-23.700,-30.900,2.850,34.3
15:04:26.551,140916,1.156,-7.688,-1.472,-0.377,0.375,0.968,-21.000,-30.300,2.100,34.6
15:04:26.605,140971,1.075,-7.927,-1.642,-0.323,0.342,1.051,-21.000,-30.300,2.100,34.4
15:04:26.657,141026,1.652,-9.392,-1.271,-0.140,0.252,1.275,-21.000,-30.300,2.100,33.9
15:04:26.708,141081,0.000,-8.296,-0.613,0.162,0.051,1.716,-12.000,-30.600,-1.050,34.6
15:04:26.761,141136,-6.069,-3.871,-2.234,-0.734,-2.844,2.099,-12.000,-30.600,-1.050,34.6
15:04:26.814,141191,2.105,-6.316,-1.714,-0.004,-1.408,-1.206,-1.050,-27.300,-1.800,34.5
15:04:26.867,141246,1.547,-6.989,-3.531,0.178,-0.284,-1.751,-1.050,-27.300,-1.800,34.5
15:04:26.918,141301,0.570,-5.504,-1.451,0.531,2.115,-1.789,-7.050,-27.900,-0.150,34.6
15:04:26.970,141356,-2.023,-4.906,-2.610,0.242,0.060,-2.215,-7.050,-27.900,-0.150,34.7
15:04:27.023,141411,0.692,-9.098,-0.900,0.096,-0.704,-1.560,-17.850,-30.900,1.050,34.3
15:04:27.077,141466,3.958,-10.439,-0.747,-0.360,-0.372,-1.225,-17.850,-30.900,1.050,34.5
15:04:27.129,141521,2.904,-10.130,-1.547,-0.211,-0.399,-1.109,-17.850,-30.900,1.050,34.5
15:04:27.180,141576,4.413,-10.776,-1.705,-0.208,0.149,-0.632,-28.500,-30.450,1.950,34.4
15:04:27.233,141631,4.118,-9.792,-2.500,-0.053,0.260,-0.294,-28.500,-30.450,1.950,34.5
15:04:27.338,141687,4.283,-10.403,-1.544,-0.116,-0.234,0.034,-28.500,-27.600,-0.150,34.6
15:04:27.391,141741,4.044,-10.388,-1.678,-0.014,-0.156,0.344,-28.500,-27.600,-0.150,34.6
15:04:27.443,141796,3.936,-10.362,-2.243,-0.133,-0.213,0.431,-28.200,-26.100,1.500,34.3
15:04:27.495,141851,3.412,-10.420,-1.822,-0.180,-0.116,0.547,-28.200,-26.100,1.500,34.5
15:04:27.599,141906,3.342,-10.446,-1.786,-0.336,-0.166,0.644,-27.750,-27.150,1.200,34.6
15:04:27.601,141961,2.014,-10.197,-1.738,-0.340,-0.034,0.729,-27.750,-27.150,1.200,34.6
15:04:27.653,142016,2.255,-9.527,-2.571,-0.206,-0.054,0.750,-27.750,-27.150,1.200,34.4
15:04:27.705,142071,1.487,-10.080,-2.794,-0.173,-0.221,0.650,-23.250,-27.000,0.000,34.6
15:04:27.758,142126,1.398,-10.913,-2.816,-0.150,-0.245,0.393,-23.250,-27.000,0.000,34.5
15:04:27.810,142181,2.282,-12.701,-3.915,-0.096,0.306,-0.061,-22.950,-27.000,0.300,34.3
15:04:27.863,142236,4.764,-14.681,-3.426,0.147,0.493,-0.783,-22.950,-27.000,0.300,34.5
15:04:27.915,142291,3.833,-13.154,-2.808,0.263,0.521,-0.896,-26.550,-29.700,0.450,34.6
15:04:27.968,142346,3.632,-12.277,-1.530,0.166,0.380,-0.663,-26.550,-29.700,0.450,34.4
15:04:28.020,142401,2.705,-10.906,-1.927,0.175,0.248,-0.363,-28.950,-29.400,-0.150,34.5
15:04:28.073,142456,2.428,-10.376,-2.121,0.130,0.234,-0.133,-28.950,-29.400,-0.150,34.5
15:04:28.126,142511,3.247,-10.884,-2.433,0.229,0.263,-0.070,-28.950,-29.400,-0.150,34.6
15:04:28.179,142566,2.088,-10.077,-2.679,0.227,0.220,0.220,-28.950,-29.400,-0.150,34.4
15:04:28.230,142621,1.796,-8.808,-1.109,0.515,0.431,0.424,-28.950,-29.400,-0.150,34.6
15:04:28.283,142676,2.717,-8.497,-0.503,0.414,0.386,0.580,-25.800,-32.550,4.200,34.3
15:04:28.337,142731,2.919,-8.617,0.153,0.253,0.353,1.203,-25.800,-32.550,4.200,34.5
15:04:28.389,142786,2.840,-8.677,0.359,0.026,0.467,1.483,-21.450,-35.550,6.300,34.6
15:04:28.494,142841,1.630,-8.471,-1.288,-0.394,-0.089,1.831,-21.450,-35.550,6.300,34.5
15:04:28.545,142896,-0.563,-5.447,-0.354,-0.528,0.015,1.588,-14.850,-33.300,3.750,34.7
15:04:28.599,142951,-0.266,-4.420,-0.905,-0.239,0.032,0.441,-14.850,-33.300,3.750,34.4
15:04:28.652,143006,0.244,-5.294,-0.479,0.177,0.300,-0.517,-8.250,-31.200,1.500,34.4
15:04:28.704,143061,-0.680,-5.705,-1.985,0.330,0.721,-1.262,-8.250,-31.200,1.500,34.5
15:04:28.860,143116,0.601,-8.339,0.031,0.299,0.000,-1.620,-8.250,-31.200,1.500,34.5
15:04:28.862,143171,0.721,-7.731,-1.061,0.411,0.246,-1.493,-20.100,-34.200,7.200,34.6
15:04:28.864,143226,1.666,-8.930,-0.192,0.207,0.351,-1.133,-20.100,-34.200,7.200,34.5
15:04:28.914,143281,2.035,-9.548,-0.496,-0.069,-0.009,-0.767,-26.250,-33.000,7.050,34.6
15:04:28.967,143336,3.606,-10.151,-1.290,-0.264,-0.080,-0.555,-26.250,-33.000,7.050,34.2
15:04:29.018,143391,4.341,-11.624,-1.245,-0.495,-0.447,-0.492,-30.150,-31.200,8.850,34.3
15:04:29.070,143446,3.804,-10.884,-1.307,-0.426,-0.001,-0.364,-30.150,-31.200,8.850,34.6
15:04:29.176,143501,2.904,-10.005,-0.539,-0.369,-0.878,-0.386,-31.650,-30.000,6.300,34.8
15:04:29.178,143556,3.400,-9.553,-0.912,-0.474,0.090,0.135,-31.650,-30.000,6.300,34.4
15:04:29.228,143611,3.912,-10.209,-1.731,-0.443,-0.215,0.176,-31.650,-30.000,6.300,34.7
15:04:29.280,143666,3.555,-10.860,-1.733,-0.220,0.026,0.226,-30.900,-27.600,4.200,34.4
15:04:29.333,143721,3.864,-9.761,-1.532,-0.099,0.029,0.259,-30.900,-27.600,4.200,34.4
15:04:29.385,143776,2.636,-9.285,-0.165,0.232,-0.225,0.455,-29.700,-27.600,2.700,34.6
15:04:29.438,143831,2.124,-9.256,-0.369,0.402,-0.495,0.603,-29.700,-27.600,2.700,34.5
15:04:29.490,143886,1.669,-9.776,-1.082,0.160,-0.416,0.585,-28.950,-29.700,4.200,34.6
15:04:29.543,143941,3.426,-11.564,-2.217,-0.226,-0.082,0.177,-28.950,-29.700,4.200,34.7
15:04:29.649,143996,4.645,-13.738,-2.421,-0.316,-0.073,-0.300,-27.000,-28.200,3.750,34.5
15:04:29.702,144051,4.719,-13.953,-1.168,0.040,-0.496,-0.836,-27.000,-28.200,3.750,34.6
15:04:29.753,144106,5.157,-12.368,-0.804,0.021,-0.399,-0.713,-30.150,-30.000,1.950,34.6
15:04:29.806,144161,4.654,-11.205,-0.840,-0.343,-0.362,-0.080,-30.150,-30.000,1.950,34.5
15:04:29.859,144216,3.632,-11.229,-1.568,-0.160,-0.310,0.190,-30.150,-30.000,1.950,34.6
15:04:29.912,144271,2.279,-10.721,-2.614,0.014,-0.072,0.513,-29.250,-27.900,1.500,34.6
15:04:30.017,144326,3.249,-9.562,-1.848,0.188,0.100,0.677,-29.250,-27.900,1.500,34.6
15:04:30.018,144381,2.272,-8.638,-1.482,0.106,0.461,0.907,-25.050,-31.500,-0.900,34.5
15:04:30.068,144436,1.013,-6.603,-0.970,0.002,0.521,1.152,-25.050,-31.500,-0.900,34.7
15:04:30.121,144491,0.836,-6.960,-1.523,-0.003,0.237,1.359,-20.700,-30.750,0.900,34.3
15:04:30.174,144546,-0.129,-8.056,-1.056,0.077,-0.058,1.241,-20.700,-30.750,0.900,34.5
15:04:30.225,144601,-1.844,-6.620,-2.116,-0.398,-0.420,1.125,-14.100,-30.000,0.150,34.6
15:04:30.278,144656,-1.551,-5.478,-2.054,-0.734,-1.028,0.744,-14.100,-30.000,0.150,34.7
15:04:30.331,144711,-0.213,-4.784,-3.237,-0.199,0.056,-0.330,-14.100,-30.000,0.150,34.6
15:04:30.384,144766,-1.336,-6.081,-3.634,0.216,0.739,-1.161,-10.950,-28.950,-1.200,34.6
15:04:30.437,144821,-0.484,-9.055,-2.914,0.150,0.437,-1.431,-10.950,-28.950,-1.200,34.7
15:04:30.489,144876,0.527,-9.110,-2.768,0.487,0.475,-1.567,-17.850,-29.550,-0.600,34.6
15:04:30.542,144931,1.853,-8.940,-1.508,0.484,0.168,-1.247,-17.850,-29.550,-0.600,34.6
15:04:30.594,144986,3.294,-8.452,-1.587,0.319,0.144,-1.023,-26.250,-29.400,3.750,34.5
15:04:30.646,145041,3.752,-9.998,-0.503,-0.048,-0.050,-0.735,-26.250,-29.400,3.750,34.7
15:04:30.698,145096,3.749,-9.680,-0.871,0.000,-0.013,-0.387,-28.650,-29.850,4.350,34.6
15:04:30.804,145151,3.572,-9.335,-1.032,-0.198,-0.395,-0.292,-28.650,-29.850,4.350,34.7
15:04:30.857,145206,4.228,-9.031,-0.630,0.067,-0.212,-0.101,-28.650,-29.850,4.350,34.5
15:04:30.909,145261,4.731,-9.974,-0.646,0.072,-0.208,0.254,-28.650,-29.850,4.350,34.6
15:04:30.962,145316,3.783,-10.915,-0.821,-0.133,-0.218,0.919,-28.650,-29.850,4.350,34.6
15:04:31.015,145371,3.043,-10.858,-1.556,-0.448,-0.073,0.724,-30.150,-28.950,3.450,34.7
15:04:31.067,145426,2.272,-10.063,-1.578,-0.245,-0.400,0.834,-30.150,-28.950,3.450,34.7
15:04:31.118,145481,1.458,-8.808,-1.353,0.035,-1.052,0.927,-24.600,-27.600,1.500,34.3
15:04:31.171,145536,0.129,-10.348,-1.523,0.268,-0.325,1.284,-24.600,-27.600,1.500,34.7
15:04:31.223,145591,0.790,-12.524,-3.321,-0.200,-0.703,0.842,-23.100,-27.900,3.000,34.4
15:04:31.276,145646,4.700,-16.199,-2.602,-0.077,-0.381,-0.299,-23.100,-27.900,3.000,34.3
15:04:31.329,145701,2.370,-14.310,-1.638,-0.066,0.198,-1.265,-22.050,-32.100,3.900,34.4
15:04:31.380,145756,1.496,-12.433,-1.544,-0.061,0.146,-1.313,-22.050,-32.100,3.900,34.5
15:04:31.434,145811,4.204,-11.961,-1.353,-0.085,-0.337,-0.778,-22.050,-32.100,3.900,34.6
15:04:31.487,145866,2.277,-11.758,-1.796,0.112,0.274,-0.219,-27.000,-32.550,2.700,34.7
15:04:31.539,145921,2.033,-10.647,-1.616,0.142,0.126,0.211,-27.000,-32.550,2.700,34.6
15:04:31.592,145976,1.480,-9.052,-1.853,0.021,0.355,0.342,-26.400,-32.100,5.400,34.5
15:04:31.644,146031,1.935,-9.124,-0.843,-0.006,0.426,0.557,-26.400,-32.100,5.400,34.7
15:04:31.697,146086,0.029,-8.179,-1.039,-0.293,0.080,0.765,-22.650,-31.800,2.700,34.3
15:04:31.749,146141,1.159,-7.879,-2.085,-0.489,0.551,0.804,-22.650,-31.800,2.700,34.4
15:04:31.801,146196,0.905,-9.766,-1.693,-0.277,0.645,0.996,-18.000,-31.500,1.500,34.4
15:04:31.854,146251,-0.759,-8.521,-2.069,-0.395,0.039,1.373,-18.000,-31.500,1.500,34.6
15:04:31.959,146306,0.972,-8.921,-1.456,-0.192,-0.410,1.459,-18.000,-31.500,1.500,34.6
15:04:32.010,146361,-3.603,-4.609,-1.717,-0.548,-1.697,2.221,-18.000,-31.500,1.500,34.6
15:04:32.063,146416,-4.460,-4.970,-0.690,-0.660,-3.908,0.440,-18.000,-31.500,1.500,34.6
15:04:32.115,146471,1.575,-5.715,-5.794,-0.039,-0.819,-0.983,2.250,-26.700,-1.350,34.6
15:04:32.168,146526,0.388,-6.318,-1.135,0.176,1.108,-1.441,2.250,-26.700,-1.350,34.3
15:04:32.221,146581,-2.083,-6.440,-2.354,0.041,0.939,-1.636,-4.050,-29.700,-1.200,34.5
15:04:32.273,146636,-1.860,-6.153,-0.742,0.092,0.305,-1.559,-4.050,-29.700,-1.200,34.7
15:04:32.326,146691,-0.129,-9.141,-0.950,-0.054,-0.019,-1.325,-11.850,-31.200,-0.450,34.7
15:04:32.379,146746,1.022,-9.608,-2.744,-0.126,0.509,-0.944,-11.850,-31.200,-0.450,34.6
15:04:32.432,146801,1.755,-10.542,-1.410,-0.332,-0.187,-0.648,-17.400,-30.900,0.600,34.7
15:04:32.484,146856,1.595,-9.826,-1.851,-0.313,0.385,-0.537,-17.400,-30.900,0.600,34.7
15:04:32.537,146911,0.189,-9.905,-1.798,-0.188,0.030,-0.282,-17.400,-30.900,0.600,34.5
15:04:32.588,146966,2.887,-10.745,-3.029,-0.215,-0.284,0.021,-23.100,-28.200,1.950,34.4
15:04:32.641,147021,2.382,-12.172,-1.908,-0.264,0.070,0.100,-23.100,-28.200,1.950,34.7
15:04:32.694,147076,2.291,-10.781,-2.739,-0.589,0.115,0.074,-25.350,-27.900,1.950,34.6
15:04:32.747,147131,1.796,-11.341,-1.561,-0.362,-0.091,-0.023,-25.350,-27.900,1.950,34.6
15:04:32.798,147186,0.998,-9.376,-2.813,-0.337,0.264,0.121,-27.150,-27.000,0.000,34.5
15:04:32.851,147241,1.451,-10.477,-2.291,-0.167,0.189,0.102,-27.150,-27.000,0.000,34.6
15:04:32.904,147296,1.494,-10.618,-2.739,0.136,0.198,0.083,-24.600,-26.400,-1.950,34.3
15:04:32.957,147351,1.949,-10.640,-1.693,0.305,-0.515,-0.038,-24.600,-26.400,-1.950,34.5
15:04:33.009,147406,3.096,-9.579,-2.602,-0.116,-0.707,0.336,-24.600,-26.400,-1.950,34.5
15:04:33.114,147461,3.436,-10.058,-2.270,-0.071,-0.532,0.381,-26.400,-28.500,-1.050,34.4
15:04:33.166,147516,3.280,-11.511,-4.058,-0.298,0.038,0.507,-26.400,-28.500,-1.050,34.6
15:04:33.271,147571,3.491,-13.609,-4.355,-0.006,0.815,-0.277,-25.200,-28.050,-1.050,34.6
15:04:33.272,147626,3.053,-13.350,-3.510,0.251,0.840,-0.762,-25.200,-28.050,-1.050,34.6
15:04:33.323,147681,4.817,-13.309,-1.310,0.358,0.525,-0.860,-27.750,-28.650,0.150,34.4
15:04:33.377,147736,2.672,-11.538,-1.492,0.018,0.239,-0.278,-27.750,-28.650,0.150,34.7
15:04:33.480,147791,2.423,-10.920,-0.960,-0.010,0.311,-0.047,-29.550,-29.100,0.600,34.5
15:04:33.482,147846,1.772,-10.444,-2.514,-0.083,0.507,0.068,-29.550,-29.100,0.600,34.5
15:04:33.534,147901,1.666,-9.392,-1.405,0.375,0.566,0.267,-30.450,-28.650,0.900,34.6
15:04:33.587,147956,0.809,-8.600,-1.975,-0.105,0.481,0.680,-30.450,-28.650,0.900,34.8
15:04:33.639,148011,1.132,-7.927,-1.901,-0.044,0.286,0.660,-30.450,-28.650,0.900,34.5
15:04:33.692,148066,1.267,-7.858,-1.654,-0.289,0.405,0.721,-27.000,-30.750,2.250,34.4
15:04:33.743,148121,1.154,-8.384,-1.429,-0.133,0.298,0.836,-27.000,-30.750,2.250,34.7
15:04:33.796,148176,1.788,-9.076,-1.559,-0.177,0.515,0.890,-20.550,-31.650,2.100,34.6
15:04:33.849,148231,0.687,-7.937,-2.229,-0.187,-0.011,1.262,-20.550,-31.650,2.100,34.5
15:04:33.902,148286,0.421,-8.475,-1.549,0.110,-0.577,1.254,-15.150,-31.350,0.000,34.4
15:04:33.954,148341,-2.200,-4.369,-0.486,-0.539,-1.229,1.683,-15.150,-31.350,0.000,34.6
15:04:34.007,148396,-2.701,-5.255,-1.733,-0.796,-2.227,1.033,-6.750,-28.650,-0.900,34.7
15:04:34.059,148451,0.002,-4.700,-3.184,-0.217,-1.668,-1.988,-6.750,-28.650,-0.900,34.5
15:04:34.111,148506,3.589,-6.251,-2.887,0.039,-0.697,-2.340,-6.750,-28.650,-0.900,34.5
15:04:34.268,148561,-0.804,-0.453,-1.044,0.671,3.271,-2.000,-9.900,-29.700,-1.500,34.6
15:04:34.270,148616,3.472,-12.198,-0.766,0.102,-0.101,-1.509,-9.900,-29.700,-1.500,34.6
15:04:34.273,148671,2.006,-9.977,-1.709,-0.103,-0.862,-1.002,-20.100,-31.350,2.850,34.6
15:04:34.374,148726,1.791,-10.166,-1.618,0.093,-0.251,-0.851,-20.100,-31.350,2.850,34.7
15:04:34.426,148781,3.179,-11.076,-0.728,0.121,-0.015,-0.385,-25.350,-30.450,2.700,34.7
15:04:34.479,148836,3.747,-9.613,0.091,0.696,0.063,-0.063,-25.350,-30.450,2.700,34.3
15:04:34.530,148891,2.382,-10.197,0.086,0.824,0.500,0.563,-27.900,-31.650,4.350,34.6
15:04:34.584,148946,1.551,-11.176,-0.675,0.240,0.227,1.133,-27.900,-31.650,4.350,34.8
15:04:34.637,149001,1.216,-12.893,-0.661,0.076,-0.043,0.989,-24.300,-32.250,6.000,34.6
15:04:34.689,149056,1.166,-12.139,-1.480,-0.162,-0.134,0.564,-24.300,-32.250,6.000,34.8
15:04:34.742,149111,-0.263,-11.186,-0.725,-0.354,0.477,0.066,-24.300,-32.250,6.000,34.6
15:04:34.845,149166,1.156,-10.693,-1.053,-0.332,0.202,-0.144,-21.750,-30.900,5.850,34.6
15:04:34.847,149221,1.053,-10.647,-0.845,-0.215,0.405,-0.050,-21.750,-30.900,5.850,34.4
15:04:34.899,149276,1.458,-10.341,-0.441,-0.052,0.187,-0.183,-23.850,-31.200,6.000,34.3
15:04:34.952,149331,1.286,-10.420,-0.101,-0.067,0.223,-0.053,-23.850,-31.200,6.000,34.5
15:04:35.056,149386,0.807,-10.183,-0.201,-0.148,0.041,0.134,-25.950,-30.600,7.950,34.7
15:04:35.057,149441,1.530,-10.211,-0.725,-0.372,-0.143,0.201,-25.950,-30.600,7.950,34.5
15:04:35.109,149496,1.391,-13.704,-1.389,-0.289,0.159,-0.112,-23.850,-29.700,7.050,34.5
15:04:35.162,149551,3.625,-16.733,-0.175,0.508,-0.098,-0.889,-23.850,-29.700,7.050,34.7
15:04:35.265,149606,3.170,-14.052,0.572,0.528,0.279,-1.214,-23.850,-29.700,7.050,34.6
15:04:35.267,149661,3.840,-11.703,1.221,0.589,0.196,-0.757,-29.550,-30.300,8.400,34.6
15:04:35.318,149716,1.626,-9.124,0.357,0.300,-0.080,-0.122,-29.550,-30.300,8.400,34.7
15:04:35.424,149771,1.903,-10.051,1.590,0.186,-0.248,0.111,-27.750,-31.200,10.050,34.6
15:04:35.477,149826,1.535,-8.404,0.311,0.086,-0.412,0.614,-27.750,-31.200,10.050,34.5
15:04:35.529,149881,2.911,-8.274,-1.180,0.100,0.148,0.685,-25.800,-32.550,8.550,34.5
15:04:35.582,149936,2.648,-8.305,-0.074,-0.151,0.019,0.473,-25.800,-32.550,8.550,34.6
15:04:35.634,149991,0.637,-8.631,-1.226,-0.448,0.147,0.536,-22.500,-33.900,8.400,34.6
15:04:35.687,150046,1.405,-8.569,-0.381,-0.621,0.397,0.629,-22.500,-33.900,8.400,34.5
15:04:35.739,150101,1.010,-8.102,-0.742,-0.609,0.605,0.432,-20.400,-33.600,8.550,34.6
15:04:35.792,150156,0.991,-8.803,-0.692,-0.474,0.353,0.484,-20.400,-33.600,8.550,34.6
15:04:35.895,150211,2.052,-12.311,-0.900,0.123,0.335,0.984,-20.400,-33.600,8.550,34.7
15:04:35.897,150266,-3.654,-4.863,1.381,-1.195,0.026,2.959,-13.500,-36.450,3.150,34.6
15:04:35.949,150321,-5.631,-3.115,-0.577,-1.472,-4.367,2.018,-13.500,-36.450,3.150,34.6
15:04:36.002,150376,3.673,-7.831,-0.826,-0.700,-3.556,-0.760,3.300,-27.150,1.950,34.5
15:04:36.054,150431,3.417,-4.547,-3.452,0.355,-0.013,-1.397,3.300,-27.150,1.950,34.5
15:04:36.107,150486,2.954,-0.565,-1.271,0.545,1.897,-2.542,1.350,-28.200,2.250,34.7
15:04:36.159,150541,3.033,-9.064,-1.281,0.380,1.146,-2.195,1.350,-28.200,2.250,34.6
15:04:36.212,150596,-3.175,-4.922,-2.385,0.414,0.330,-1.651,-10.650,-31.800,3.750,34.6
15:04:36.263,150651,2.988,-12.598,2.100,0.021,0.090,-0.861,-10.650,-31.800,3.750,34.8
15:04:36.315,150706,4.695,-12.560,-0.287,-0.380,-0.436,-0.650,-10.650,-31.800,3.750,34.6
15:04:36.368,150761,2.512,-10.542,-1.992,-0.701,-0.430,-0.131,-10.650,-31.800,3.750,34.7
15:04:36.420,150816,2.828,-9.438,-0.927,-0.538,0.224,0.022,-10.650,-31.800,3.750,34.4
15:04:36.474,150871,1.721,-11.339,-0.632,-0.385,0.357,-0.048,-24.300,-30.450,3.000,34.5
15:04:36.527,150926,1.518,-10.590,-1.439,-0.253,-0.088,0.248,-24.300,-30.450,3.000,34.5
15:04:36.632,150981,2.624,-10.503,-0.982,-0.065,0.469,0.386,-28.200,-30.750,1.500,34.5
15:04:36.736,151036,2.083,-10.582,-1.425,-0.249,0.368,0.521,-28.200,-30.750,1.500,34.6
15:04:36.738,151091,2.574,-10.779,-1.587,-0.124,0.584,0.613,-26.400,-30.600,2.100,34.5
15:04:36.789,151146,2.557,-9.038,-2.921,-0.314,0.492,0.650,-26.400,-30.600,2.100,34.7
15:04:36.841,151201,1.607,-10.594,-1.863,-0.188,-0.038,0.394,-24.900,-28.800,2.850,34.6
15:04:36.893,151256,-0.002,-10.748,-1.099,-0.188,0.004,0.341,-24.900,-28.800,2.850,34.5
15:04:36.947,151311,0.220,-10.506,-1.398,-0.096,0.216,0.246,-24.900,-28.800,2.850,34.5
15:04:36.999,151366,0.642,-10.894,-1.705,-0.150,-0.077,-0.125,-21.750,-28.500,0.600,34.6
15:04:37.052,151421,1.532,-12.474,-1.889,0.018,0.424,-0.278,-21.750,-28.500,0.600,34.7
15:04:37.155,151476,3.819,-15.299,-1.587,0.370,0.030,-0.815,-24.000,-28.800,1.350,34.7
15:04:37.157,151531,3.270,-13.683,-1.669,0.392,0.546,-1.032,-24.000,-28.800,1.350,34.8
15:04:37.260,151586,2.488,-12.184,-1.120,0.239,0.010,-0.794,-26.550,-28.950,3.450,34.6
15:04:37.262,151641,2.330,-10.549,-1.008,0.141,0.126,-0.641,-26.550,-28.950,3.450,34.6
15:04:37.313,151696,2.131,-9.464,-1.166,-0.158,-0.163,-0.364,-27.300,-28.650,3.450,34.5
15:04:37.366,151751,2.128,-9.179,-0.800,-0.187,-0.125,-0.191,-27.300,-28.650,3.450,34.6
15:04:37.470,151806,2.119,-8.734,-1.358,-0.188,-0.261,0.006,-28.950,-30.750,3.000,34.7
15:04:37.472,151861,3.158,-8.633,-1.166,-0.156,0.120,0.354,-28.950,-30.750,3.000,34.6
15:04:37.524,151916,3.543,-9.773,-0.294,-0.050,0.090,0.623,-28.950,-30.750,3.000,34.6
15:04:37.577,151971,1.717,-8.509,-1.156,-0.333,-0.118,1.045,-27.150,-32.400,1.800,34.7
15:04:37.629,152026,2.617,-8.464,-1.389,-0.630,0.176,1.131,-27.150,-32.400,1.800,34.4
15:04:37.734,152081,1.216,-6.895,-1.841,-0.960,0.426,1.250,-19.200,-31.200,0.450,34.7
15:04:37.787,152136,1.587,-7.547,-2.485,-0.474,0.655,1.097,-19.200,-31.200,0.450,34.6
15:04:37.839,152191,-0.816,-9.658,-1.709,-0.110,0.216,1.290,-16.500,-30.750,-0.900,34.5
15:04:37.943,152246,-1.523,-5.315,-1.204,-0.415,-0.779,1.610,-16.500,-30.750,-0.900,34.5
15:04:37.945,152301,2.866,-4.717,-1.204,0.395,-0.632,-1.022,-8.850,-28.500,-2.850,34.5
15:04:37.995,152356,0.357,-4.489,-1.393,1.013,0.907,-2.566,-8.850,-28.500,-2.850,34.8
15:04:38.049,152411,0.599,-7.688,-0.488,0.823,0.883,-2.424,-8.850,-28.500,-2.850,34.6
15:04:38.102,152466,1.058,-8.600,-0.881,0.323,-0.059,-1.656,-25.200,-31.650,1.800,34.8
15:04:38.154,152521,2.588,-8.550,-0.831,0.156,-0.456,-1.305,-25.200,-31.650,1.800,34.8
15:04:38.207,152576,4.432,-9.033,-0.776,-0.212,-0.437,-1.093,-31.500,-30.900,1.800,34.6
15:04:38.260,152631,3.539,-10.283,-0.541,0.249,-0.128,-1.120,-31.500,-30.900,1.800,34.5
15:04:38.311,152687,6.201,-9.371,-0.900,0.035,-0.490,-0.642,-37.500,-29.700,1.500,34.6
15:04:38.363,152741,5.461,-8.322,-0.915,-0.070,-0.198,-0.271,-37.500,-29.700,1.500,34.8
15:04:38.416,152796,5.816,-8.724,-1.346,-0.057,-0.385,0.135,-39.600,-28.050,2.100,34.4
15:04:38.469,152851,5.021,-9.129,-1.839,0.092,-0.177,0.375,-37.650,-28.800,0.600,34.7
15:04:38.520,152906,4.894,-10.065,-1.178,0.137,-0.243,0.663,-37.650,-28.800,0.600,34.8
15:04:38.573,152961,4.429,-10.364,-1.288,0.081,0.059,0.830,-37.650,-28.800,0.600,34.7
15:04:38.627,153016,3.055,-9.682,-0.927,0.138,0.232,0.689,-37.650,-28.800,0.600,34.6
15:04:38.679,153071,3.378,-9.912,-1.341,-0.040,0.306,0.521,-32.850,-28.950,3.750,34.6
15:04:38.732,153126,3.096,-10.314,-0.788,-0.134,0.238,0.419,-32.850,-28.950,3.750,34.7
15:04:38.784,153181,2.763,-10.386,-0.675,-0.066,0.234,0.344,-32.550,-29.100,3.900,34.5
15:04:38.888,153236,2.631,-10.326,-0.402,-0.067,0.023,0.316,-32.550,-29.100,3.900,34.6
15:04:38.942,153291,2.792,-10.530,-0.407,-0.001,0.125,0.071,-32.550,-28.500,6.150,34.7
15:04:38.994,153346,4.829,-12.725,-0.251,-0.219,0.063,-0.078,-32.550,-28.500,6.150,34.6
15:04:39.047,153401,5.459,-15.368,-0.139,-0.159,0.167,-0.390,-32.850,-29.700,5.550,34.6
15:04:39.099,153456,5.856,-13.759,0.294,0.213,0.070,-0.396,-32.850,-29.700,5.550,34.4
15:04:39.152,153511,4.640,-12.163,0.362,0.259,0.164,0.007,-32.850,-29.700,5.550,35.0
15:04:39.204,153566,3.278,-10.211,-0.050,0.026,0.240,0.333,-33.600,-30.750,6.000,34.4
15:04:39.255,153621,2.354,-10.901,0.041,-0.152,-0.030,0.264,-33.600,-30.750,6.000,34.4
15:04:39.308,153676,0.328,-9.622,-0.148,-0.270,0.025,0.464,-28.650,-29.850,5.850,34.6
15:04:39.360,153731,1.247,-8.444,-0.728,-0.311,0.012,0.639,-28.650,-29.850,5.850,34.8
15:04:39.414,153786,1.211,-8.265,-0.551,-0.314,0.119,0.845,-27.150,-31.350,5.400,34.9
15:04:39.466,153841,1.671,-8.863,-1.111,-0.477,-0.012,1.027,-27.150,-31.350,5.400,34.6
15:04:39.569,153896,1.676,-8.528,-1.190,-0.241,0.316,0.813,-21.000,-33.900,3.600,34.7
15:04:39.571,153951,0.795,-8.377,-1.860,-0.503,0.494,0.869,-18.000,-33.600,1.200,34.4
15:04:39.624,154006,0.694,-7.633,-2.105,-0.453,0.508,1.055,-18.000,-33.600,1.200,34.3
15:04:39.677,154061,1.044,-9.301,-1.324,-0.377,-0.157,1.436,-18.000,-33.600,1.200,34.7
15:04:39.729,154116,-1.140,-0.316,0.134,-1.031,-0.928,2.248,-18.000,-33.600,1.200,34.7
15:04:39.782,154171,-1.628,-5.351,1.935,-0.545,-1.826,1.337,-5.700,-30.900,-3.600,34.4
15:04:39.837,154226,5.385,-7.034,-2.435,-0.441,-2.708,-1.140,-5.700,-30.900,-3.600,34.6
15:04:39.885,154281,4.669,-7.187,-1.817,-0.033,0.477,-1.888,0.450,-26.100,-2.250,34.6
15:04:39.938,154336,-4.238,-0.529,-2.346,0.165,1.008,-2.199,0.450,-26.100,-2.250,34.9
15:04:40.044,154391,1.765,-9.620,-0.376,-0.037,1.193,-1.491,-10.800,-28.500,-0.300,34.5
15:04:40.097,154446,0.699,-10.120,-3.117,-0.244,-0.199,-1.038,-10.800,-28.500,-0.300,34.7
15:04:40.150,154501,0.333,-10.317,-2.837,-0.056,-0.048,-0.778,-19.500,-28.950,-0.450,34.7
15:04:40.202,154556,0.424,-10.554,-3.100,0.114,0.036,-0.751,-20.550,-29.100,-0.600,35.0
15:04:40.253,154611,2.222,-11.406,-2.267,0.266,0.111,-0.447,-20.550,-29.100,-0.600,34.7
15:04:40.306,154666,3.134,-11.511,-1.674,0.352,0.255,-0.214,-20.550,-29.100,-0.600,34.8
15:04:40.358,154721,2.169,-10.803,-1.666,0.365,0.226,-0.104,-20.550,-29.100,-0.600,34.7
15:04:40.412,154776,1.923,-10.451,-1.049,0.119,0.258,-0.095,-25.650,-28.800,2.100,34.5
15:04:40.463,154831,2.164,-9.634,-1.834,-0.612,0.391,-0.317,-25.650,-28.800,2.100,34.8
15:04:40.517,154886,2.828,-10.183,-1.314,-0.552,-0.220,-0.176,-27.750,-27.900,3.000,34.6
15:04:40.569,154941,2.899,-10.257,-1.144,-0.268,-0.270,0.104,-27.750,-27.900,3.000,34.8
15:04:40.622,154996,3.189,-10.341,-1.120,0.078,-0.161,0.269,-28.500,-27.600,1.200,34.5
15:04:40.674,155051,2.638,-10.106,-1.575,0.013,0.066,0.276,-29.700,-26.850,-0.150,34.6
15:04:40.727,155106,2.150,-10.094,-1.439,-0.128,0.189,0.305,-29.700,-26.850,-0.150,34.8
15:04:40.831,155161,2.629,-10.432,-1.501,-0.133,-0.228,0.190,-29.700,-26.850,-0.150,34.4
15:04:40.833,155216,3.215,-13.458,-1.551,0.107,0.058,0.161,-29.700,-26.850,-0.150,34.5
15:04:40.884,155271,4.681,-16.309,-0.335,0.907,-0.320,-0.276,-28.650,-27.000,-0.300,34.6
15:04:40.936,155326,4.640,-14.310,-1.144,0.563,-0.086,-1.013,-28.650,-27.000,-0.300,34.7
15:04:41.041,155381,3.120,-11.588,-1.188,0.249,-0.234,-0.969,-28.950,-27.600,1.500,34.8
15:04:41.042,155436,3.165,-9.881,-0.838,0.133,-0.123,-0.525,-28.950,-27.600,1.500,34.9
15:04:41.094,155491,2.689,-10.173,-0.654,0.162,-0.211,-0.260,-31.950,-28.950,1.500,34.8
15:04:41.251,155546,2.942,-10.005,-0.632,0.012,-0.106,0.020,-31.950,-28.950,1.500,34.4
15:04:41.253,155601,2.909,-9.041,-1.140,-0.374,-0.265,0.192,-30.450,-28.950,2.700,34.8
15:04:41.304,155656,2.308,-7.913,-0.855,-0.653,-0.245,0.557,-29.100,-29.100,0.300,34.7
15:04:41.355,155711,1.590,-8.100,-0.644,-0.541,-0.023,0.723,-29.100,-29.100,0.300,34.6
15:04:41.460,155766,2.234,-7.831,-1.168,-0.543,-0.036,0.853,-29.100,-29.100,0.300,34.8
15:04:41.462,155821,2.164,-8.396,-1.525,-0.384,0.118,0.950,-29.100,-29.100,0.300,34.7
15:04:41.514,155876,2.033,-8.677,-1.925,-0.354,-0.012,1.280,-20.550,-30.300,-0.300,34.6
15:04:41.567,155931,2.315,-9.615,-3.280,-0.221,-0.951,1.834,-20.550,-30.300,-0.300,34.4
15:04:41.670,155986,-1.377,-4.168,0.869,-0.609,-3.094,2.372,-12.750,-30.300,-3.150,34.5
15:04:41.672,156041,3.091,-4.087,-2.602,-0.339,-2.495,0.930,-12.750,-30.300,-3.150,34.7
15:04:41.775,156096,-0.479,-2.844,-2.907,0.038,0.352,-2.133,1.050,-26.700,-2.850,34.7
15:04:41.777,156151,-1.585,-5.095,-2.370,0.546,1.803,-2.154,-6.900,-28.500,-1.350,34.6
15:04:41.881,156206,-2.598,-7.417,-3.577,0.498,1.009,-2.491,-6.900,-28.500,-1.350,34.7
15:04:41.882,156261,-0.350,-8.135,-3.745,0.525,0.079,-1.708,-17.400,-30.900,-0.600,34.9
15:04:41.933,156316,3.223,-9.843,-2.435,0.657,-0.455,-1.063,-17.400,-30.900,-0.600,34.6
15:04:41.986,156371,5.758,-11.174,-2.164,0.475,0.082,-0.417,-17.400,-30.900,-0.600,34.4
15:04:42.039,156426,4.156,-10.683,-0.622,0.240,-0.401,-0.114,-17.400,-30.900,-0.600,34.7
15:04:42.092,156481,3.371,-11.315,0.405,0.182,0.475,0.056,-25.800,-31.800,3.750,34.7
15:04:42.196,156536,2.440,-10.783,0.575,0.116,0.469,-0.018,-25.800,-31.800,3.750,34.9
15:04:42.198,156591,2.703,-10.252,0.266,-0.104,0.027,-0.022,-27.300,-31.500,4.500,34.8
15:04:42.299,156646,3.500,-11.356,0.967,-0.252,0.005,0.092,-27.600,-29.550,5.100,34.6
15:04:42.301,156701,2.820,-10.654,-0.534,-0.246,0.366,0.179,-27.600,-29.550,5.100,34.4
15:04:42.406,156756,2.310,-9.874,-0.024,0.238,-0.001,-0.231,-27.600,-29.550,3.600,34.4
15:04:42.459,156811,3.402,-10.116,-0.144,-0.015,0.045,-0.094,-27.600,-29.550,3.600,34.7
15:04:42.512,156866,2.808,-9.675,0.256,-0.123,0.140,-0.117,-27.600,-29.550,3.600,34.8
15:04:42.564,156921,3.227,-9.486,0.256,-0.205,0.235,-0.187,-27.600,-29.550,3.600,34.8
15:04:42.617,156976,2.993,-9.330,0.244,-0.338,-0.082,-0.117,-32.850,-30.450,3.750,34.8
15:04:42.669,157031,3.263,-9.807,-0.065,-0.333,-0.265,0.053,-32.850,-30.450,3.750,34.7
15:04:42.722,157086,3.488,-10.599,-0.328,-0.269,-0.125,0.090,-31.200,-27.900,3.000,34.8
15:04:42.774,157141,4.865,-11.904,-1.618,-0.172,0.011,-0.091,-31.200,-27.900,3.000,34.4
15:04:42.827,157196,5.183,-13.027,-1.437,-0.083,0.191,-0.640,-31.950,-28.200,1.950,34.7
15:04:42.879,157251,6.728,-13.094,-0.843,0.177,0.262,-0.765,-34.950,-28.500,3.150,34.6
15:04:42.931,157306,5.559,-11.463,-0.213,0.176,0.265,-0.443,-34.950,-28.500,3.150,34.8
15:04:42.984,157361,5.164,-10.288,-0.091,0.129,0.274,-0.100,-36.150,-26.700,3.900,34.6
15:04:43.037,157416,3.452,-9.562,-0.144,-0.124,0.066,0.215,-36.150,-26.700,3.900,34.7
15:04:43.090,157471,3.541,-9.225,0.163,-0.083,-0.112,0.301,-36.150,-26.700,3.900,34.7
15:04:43.142,157526,3.668,-9.033,-0.757,-0.113,0.398,0.212,-36.150,-26.700,3.900,34.6
15:04:43.194,157581,2.938,-9.292,-0.998,-0.309,-0.014,0.394,-30.300,-27.300,4.350,34.6
15:04:43.246,157636,2.332,-8.851,-0.220,-0.257,-0.048,0.470,-30.300,-27.300,4.350,34.6
15:04:43.299,157691,3.881,-8.823,-0.366,-0.411,-0.048,0.744,-29.100,-29.850,3.600,34.6
15:04:43.352,157746,2.167,-8.449,-0.706,-0.444,0.287,0.962,-24.600,-31.200,3.000,34.8
15:04:43.405,157801,1.846,-7.958,-1.839,-0.487,0.065,0.922,-24.600,-31.200,3.000,34.6
15:04:43.508,157856,1.848,-8.835,-0.800,-0.442,0.266,0.921,-21.000,-30.900,0.300,34.9
15:04:43.562,157911,4.250,-7.506,-2.337,0.242,2.008,0.439,-21.000,-30.900,0.300,34.6
15:04:43.614,157966,-1.353,-7.855,-1.827,0.088,0.455,0.588,-21.000,-30.900,0.300,34.7
15:04:43.667,158021,1.554,-10.942,0.441,0.310,-0.319,0.916,-21.000,-30.900,0.300,34.8
15:04:43.719,158076,1.223,-8.712,1.125,-0.388,-1.160,2.033,-15.750,-33.300,3.000,34.6
15:04:43.772,158131,-1.537,-5.306,-0.960,-0.982,-1.513,1.557,-15.750,-33.300,3.000,34.6
15:04:43.823,158186,7.216,-7.458,-1.798,-0.395,-1.606,-0.191,-9.000,-30.000,-0.150,34.6
15:04:43.877,158241,3.158,-5.562,-3.675,0.150,0.075,-1.184,-9.000,-30.000,-0.150,34.9
15:04:43.928,158296,-1.204,-3.244,-1.499,0.550,2.039,-1.979,-6.300,-28.950,1.200,34.7
15:04:43.981,158351,-2.160,-5.509,-2.531,-0.374,0.119,-1.852,-18.600,-30.600,1.350,34.7
15:04:44.034,158406,4.499,-10.317,-0.994,-0.605,-0.406,-1.504,-18.600,-30.600,1.350,34.7
15:04:44.087,158461,3.575,-10.240,-2.538,-0.535,-0.493,-1.017,-25.650,-30.600,0.300,34.7
15:04:44.139,158516,2.916,-10.590,-1.319,-0.311,-0.942,-0.353,-25.650,-30.600,0.300,34.8
15:04:44.192,158571,4.061,-10.906,0.077,-0.097,-0.024,-0.017,-25.650,-30.600,0.300,34.7
15:04:44.244,158626,1.712,-9.898,-2.322,-0.350,-0.228,0.847,-25.650,-30.600,0.300,34.8
15:04:44.297,158681,1.760,-10.396,-2.990,-0.123,0.070,0.650,-25.800,-27.150,-1.500,34.5
15:04:44.349,158736,1.281,-10.271,-3.859,0.029,-0.017,0.760,-25.800,-27.150,-1.500,34.6
15:04:44.402,158791,1.310,-10.762,-4.142,-0.051,0.314,0.497,-24.600,-26.100,-1.950,34.8
15:04:44.453,158846,1.487,-10.788,-3.680,-0.019,0.340,0.203,-24.900,-27.000,-1.350,34.7
15:04:44.505,158901,1.753,-11.009,-2.789,0.093,0.381,0.170,-24.900,-27.000,-1.350,34.6
15:04:44.559,158956,1.901,-10.702,-2.528,0.080,0.218,0.111,-26.400,-27.750,-2.100,34.9
15:04:44.664,159011,1.539,-10.127,-1.776,0.152,0.159,-0.023,-26.400,-27.750,-2.100,34.8
15:04:44.717,159066,1.513,-9.711,-2.105,-0.046,-0.054,0.175,-26.400,-27.750,-2.100,34.7
15:04:44.769,159121,0.857,-10.288,-1.190,0.137,0.190,0.159,-26.400,-27.750,-2.100,34.7
15:04:44.822,159176,2.193,-11.260,-2.500,-0.138,0.086,0.088,-27.000,-28.200,1.200,34.8
15:04:44.873,159231,4.676,-15.543,-2.964,0.071,0.243,-0.665,-27.000,-28.200,1.200,34.6
15:04:44.926,159286,3.701,-15.134,-1.930,0.450,0.295,-1.039,-25.950,-26.700,0.300,34.8
15:04:44.979,159341,3.335,-12.433,-1.099,0.509,0.092,-0.884,-31.050,-27.750,2.850,34.6
15:04:45.032,159396,2.583,-10.427,-0.594,0.276,0.268,-0.644,-31.050,-27.750,2.850,34.7
15:04:45.084,159451,2.729,-10.465,-0.093,0.240,0.162,-0.226,-31.650,-29.400,3.450,34.6
15:04:45.137,159506,1.590,-9.713,-1.015,0.060,-0.082,-0.017,-31.650,-29.400,3.450,34.4
15:04:45.189,159561,1.834,-9.017,0.017,0.184,-0.240,0.238,-28.650,-28.050,4.350,34.6
15:04:45.240,159616,1.930,-7.875,-1.434,-0.015,-0.010,0.332,-28.650,-28.050,4.350,34.8
15:04:45.293,159671,3.089,-8.212,-1.961,-0.166,0.190,0.515,-28.650,-28.050,4.350,34.9
15:04:45.347,159726,2.313,-8.459,-1.815,-0.523,0.264,0.693,-28.650,-28.050,4.350,34.7
15:04:45.399,159781,2.179,-8.145,-1.087,-0.427,0.286,0.634,-24.900,-31.350,1.800,34.8
15:04:45.451,159836,2.588,-9.546,-0.323,-0.277,0.418,1.041,-24.900,-31.350,1.800,34.8
15:04:45.556,159891,1.319,-7.803,-1.355,-0.335,-0.010,1.441,-22.650,-30.450,0.900,34.7
15:04:45.558,159946,1.602,-8.681,-0.723,-0.315,0.090,1.288,-18.150,-31.650,0.000,34.8
15:04:45.609,160001,-0.043,-9.905,-1.499,0.086,-0.112,1.078,-18.150,-31.650,0.000,34.6
15:04:45.660,160056,-1.398,-6.273,-3.742,0.057,0.288,1.677,-13.950,-32.100,-0.300,34.8
15:04:45.714,160111,-2.248,-7.219,0.661,0.006,-1.380,1.431,-13.950,-32.100,-0.300,34.8
15:04:45.819,160166,0.144,-3.409,-1.223,0.622,-1.027,-1.272,-6.300,-30.450,0.450,34.7
15:04:45.871,160221,4.187,-4.987,-0.800,1.004,0.159,-1.901,-6.300,-30.450,0.450,35.0
15:04:45.924,160276,1.671,-6.601,-2.873,0.710,1.268,-1.575,-6.300,-30.450,0.450,34.5
15:04:45.975,160331,0.321,-10.630,0.725,0.314,0.153,-1.671,-6.300,-30.450,0.450,34.6
15:04:46.029,160386,1.097,-10.628,0.508,-0.128,0.438,-1.509,-19.200,-32.250,7.350,34.6
15:04:46.082,160441,5.464,-11.957,0.804,-0.469,0.487,-1.233,-28.350,-30.900,7.650,34.7
15:04:46.134,160496,2.093,-10.659,0.034,-0.610,0.596,-0.767,-28.350,-30.900,7.650,34.4
15:04:46.187,160551,2.729,-10.187,-0.354,-0.422,0.181,-0.377,-35.100,-30.000,8.850,34.8
15:04:46.239,160606,4.082,-11.179,0.414,-0.028,0.363,-0.067,-35.100,-30.000,8.850,34.9
15:04:46.290,160661,3.474,-10.673,0.551,0.089,0.207,0.243,-35.400,-27.300,9.750,34.6
15:04:46.344,160716,4.020,-10.314,0.675,0.007,-0.053,0.381,-35.400,-27.300,9.750,34.8
15:04:46.396,160771,3.007,-10.290,0.256,0.073,0.407,0.242,-35.400,-27.300,9.750,34.8
15:04:46.449,160826,3.146,-10.199,0.419,-0.296,0.114,0.372,-35.400,-27.300,9.750,34.7
15:04:46.500,160881,2.938,-9.641,-0.333,-0.462,0.188,0.192,-35.550,-27.150,12.600,34.5
15:04:46.553,160936,1.810,-10.173,-0.098,-0.713,-0.173,0.135,-35.550,-27.150,12.600,34.8
15:04:46.607,160991,2.231,-10.130,-0.383,-0.584,-0.383,-0.027,-33.150,-26.850,11.400,34.7
15:04:46.660,161046,2.227,-9.936,-0.845,-0.497,-0.845,-0.101,-33.750,-26.250,7.950,34.5
15:04:46.712,161101,2.875,-10.343,-0.484,-0.300,-0.731,0.119,-33.750,-26.250,7.950,34.6
15:04:46.764,161156,3.498,-9.653,-1.441,-0.311,-0.837,0.220,-33.900,-27.900,5.550,34.7
15:04:46.817,161211,3.804,-10.554,-2.466,-0.673,-0.213,0.249,-33.900,-27.900,5.550,34.7
15:04:46.869,161266,4.185,-14.442,-3.172,-0.346,-0.249,-0.265,-31.500,-26.700,3.150,34.8
15:04:46.973,161321,4.456,-16.173,-1.908,0.282,-0.758,-0.648,-31.500,-26.700,3.150,34.8
15:04:47.026,161376,3.589,-12.816,-1.492,0.130,-0.530,-0.798,-31.500,-26.700,3.150,34.8
15:04:47.079,161431,3.144,-10.736,-0.929,-0.193,-0.332,-0.411,-31.500,-26.700,3.150,34.5
15:04:47.132,161486,2.942,-9.081,-1.968,-0.319,-0.552,0.011,-36.900,-27.000,-0.600,34.6
15:04:47.184,161541,1.750,-8.662,-2.186,-0.264,-0.227,0.542,-34.800,-27.600,-0.150,35.0
15:04:47.235,161596,2.926,-8.938,-1.554,0.167,-0.180,0.648,-34.800,-27.600,-0.150,34.8
15:04:47.288,161651,0.508,-8.511,-2.689,0.265,0.014,0.670,-28.500,-27.600,-1.500,34.8
15:04:47.340,161706,0.950,-8.698,-2.744,0.147,-0.060,0.604,-28.500,-27.600,-1.500,34.7
15:04:47.394,161761,0.778,-9.000,-1.767,0.327,-0.072,0.586,-25.650,-28.800,0.300,34.8
15:04:47.447,161816,0.045,-8.588,-2.105,-0.083,-0.131,0.691,-25.650,-28.800,0.300,34.8
15:04:47.498,161871,0.986,-8.859,-2.701,-0.163,0.055,0.594,-21.150,-29.400,-1.200,34.5
15:04:47.550,161926,0.991,-7.827,-3.242,-0.398,-0.119,0.777,-21.150,-29.400,-1.200,34.7
15:04:47.604,161981,2.231,-9.835,-2.799,-0.105,0.056,0.943,-21.150,-29.400,-1.200,34.8
15:04:47.657,162036,-1.856,-8.013,-2.576,-0.665,-1.175,1.526,-21.150,-29.400,-1.200,34.8
15:04:47.708,162091,0.383,-5.638,1.434,0.226,-0.149,1.440,-10.500,-28.800,-2.550,34.7
15:04:47.760,162146,-0.153,-4.932,1.250,0.385,-1.168,-0.607,-4.800,-28.200,-4.200,34.8
15:04:47.813,162201,-4.269,-1.824,-1.894,0.152,-4.272,-2.982,-4.800,-28.200,-4.200,34.5
15:04:47.865,162256,12.254,-10.479,-4.503,0.168,-0.701,-1.712,-7.650,-28.500,-0.300,34.5
15:04:47.918,162311,0.642,-2.916,1.863,1.357,4.199,-1.232,-7.650,-28.500,-0.300,34.9
15:04:47.971,162366,3.838,-8.442,-0.960,-0.157,-1.158,-1.038,-19.050,-33.450,2.100,34.8
15:04:48.023,162421,6.211,-11.054,0.215,0.006,-0.429,-0.586,-19.050,-33.450,2.100,34.6
15:04:48.077,162476,1.082,-12.167,0.239,-0.109,0.357,-0.108,-19.050,-33.450,2.100,34.8
15:04:48.182,162531,1.030,-9.723,-2.502,-0.755,-0.665,0.330,-19.050,-33.450,2.100,34.8
15:04:48.234,162586,3.591,-11.873,-1.559,-0.304,-0.222,0.630,-19.050,-33.450,2.100,34.8
15:04:48.287,162641,-0.479,-12.129,-1.109,0.353,0.531,0.399,-22.950,-27.750,0.600,34.7
15:04:48.338,162696,0.965,-12.299,-1.130,0.294,0.421,0.567,-22.950,-27.750,0.600,34.7
15:04:48.391,162751,1.269,-11.274,-1.561,0.087,0.715,0.349,-21.300,-29.550,2.100,34.7
15:04:48.444,162806,-0.637,-11.171,-0.759,-0.038,0.303,0.236,-21.300,-29.550,2.100,34.8
15:04:48.496,162861,0.939,-11.238,-0.824,0.020,0.410,0.064,-21.000,-28.050,2.550,34.8
15:04:48.548,162916,0.283,-10.781,-0.821,0.147,0.122,-0.104,-21.000,-28.050,2.550,35.0
15:04:48.601,162971,0.424,-10.183,-0.836,-0.062,0.223,-0.129,-21.900,-28.650,3.750,34.6
15:04:48.654,163026,1.982,-10.511,-0.175,-0.166,0.039,-0.222,-21.900,-28.650,3.750,34.7
15:04:48.707,163081,1.094,-10.036,0.057,-0.256,0.208,-0.129,-21.900,-28.650,3.750,34.7
15:04:48.759,163136,1.621,-10.317,0.345,-0.371,0.122,0.032,-21.900,-28.650,3.750,34.7
15:04:48.812,163191,1.587,-10.970,-0.862,-0.314,0.183,0.215,-21.900,-28.650,3.750,35.0
15:04:48.864,163246,1.319,-14.049,-0.541,0.086,0.021,-0.157,-25.800,-28.200,4.200,34.8
15:04:48.917,163301,3.476,-14.435,-0.891,0.259,0.110,-0.848,-25.800,-28.200,4.200,34.8
15:04:48.969,163356,2.509,-13.405,0.022,0.050,-0.606,-1.049,-27.750,-28.650,5.250,35.1
15:04:49.021,163411,2.617,-11.202,-0.378,-0.167,-0.066,-0.971,-27.750,-28.650,5.250,34.7
15:04:49.074,163466,3.883,-10.127,-0.936,-0.222,-0.779,-0.630,-30.900,-27.600,1.500,34.7
15:04:49.126,163521,1.678,-9.570,-0.412,-0.054,-0.324,-0.377,-30.900,-27.600,1.500,34.8
15:04:49.179,163576,2.559,-9.797,-0.658,0.063,-0.316,-0.104,-31.050,-28.800,1.050,34.8
15:04:49.232,163631,2.217,-8.727,-1.051,0.056,-0.108,0.118,-31.050,-28.800,1.050,34.8
15:04:49.335,163687,3.285,-8.902,-1.053,0.004,-0.204,0.309,-31.050,-28.800,1.050,34.7
15:04:49.388,163741,2.476,-8.468,-0.613,-0.236,0.105,0.464,-27.150,-29.850,1.350,34.8
15:04:49.442,163796,2.023,-7.743,-1.738,-0.459,0.050,0.559,-27.150,-29.850,1.350,34.6
15:04:49.493,163851,2.138,-7.989,-1.616,-0.459,0.227,0.548,-26.250,-28.650,-0.150,34.6
15:04:49.545,163906,2.377,-9.347,-1.176,-0.339,0.178,0.685,-26.250,-28.650,-0.150,34.9
15:04:49.598,163961,2.653,-9.785,-0.539,-0.305,0.243,0.858,-23.400,-29.400,-1.500,34.7
15:04:49.651,164016,1.781,-8.502,-2.088,-0.167,0.122,1.031,-23.400,-29.400,-1.500,34.6
15:04:49.704,164071,1.099,-9.220,-2.045,-0.282,-0.025,0.931,-19.500,-30.000,-2.250,34.8
15:04:49.757,164126,0.436,-9.364,-1.937,-0.181,0.145,0.999,-19.500,-30.000,-2.250,34.7
15:04:49.809,164181,-1.267,-6.014,-2.849,-0.100,0.258,1.203,-12.150,-30.750,-3.000,34.7
15:04:49.862,164236,-0.290,-5.571,-2.315,-0.448,-0.582,0.876,-12.150,-30.750,-3.000,34.5
15:04:49.914,164291,2.557,-5.576,-1.302,0.218,0.468,-1.149,-12.150,-30.750,-3.000,34.8
15:04:49.967,164346,-0.194,-4.654,-2.140,0.783,0.793,-2.253,-12.600,-28.950,-1.950,34.8
15:04:50.018,164401,2.428,-9.342,0.247,0.679,-0.090,-2.053,-12.600,-28.950,-1.950,34.9
15:04:50.071,164456,2.416,-8.212,-1.204,0.507,-0.047,-1.744,-21.300,-31.350,1.050,34.8
15:04:50.124,164511,3.067,-7.499,-1.997,-0.246,-0.138,-1.398,-21.300,-31.350,1.050,34.8
15:04:50.176,164566,4.140,-10.602,0.558,-0.499,0.083,-1.022,-31.200,-29.700,0.900,34.9
15:04:50.228,164621,3.656,-9.764,-2.016,-0.713,0.192,-0.754,-31.200,-29.700,0.900,34.7
15:04:50.332,164676,6.838,-10.096,-2.478,-0.250,-0.319,-0.131,-31.950,-26.400,0.150,34.7
15:04:50.334,164731,6.263,-10.381,-2.308,-0.251,-0.172,0.351,-31.950,-26.400,0.150,34.8
15:04:50.386,164786,5.631,-9.560,-3.361,-0.556,-0.113,0.606,-33.150,-25.050,-0.450,34.8
15:04:50.492,164841,3.926,-10.017,-3.069,-0.560,-0.566,0.724,-33.150,-25.050,-0.450,34.7
15:04:50.543,164896,3.541,-9.522,-2.856,-0.161,-0.137,0.687,-33.150,-25.050,-0.450,34.8
15:04:50.595,164951,1.793,-9.718,-2.662,0.082,-0.348,0.748,-29.700,-24.000,-1.950,34.6
15:04:50.648,165006,2.217,-9.749,-3.038,0.051,0.050,0.480,-29.700,-24.000,-1.950,34.6
15:04:50.701,165061,2.746,-10.233,-2.964,0.143,-0.161,0.280,-29.250,-24.300,-3.000,35.0
15:04:50.754,165116,2.421,-10.123,-2.428,0.151,-0.266,0.362,-29.250,-24.300,-3.000,34.9
15:04:50.807,165171,1.609,-9.926,-2.500,-0.170,-0.337,0.376,-27.900,-24.150,-0.300,34.9
15:04:50.859,165226,2.236,-9.876,-2.799,-0.233,-0.333,0.310,-27.900,-24.150,-0.300,34.8
15:04:50.912,165281,1.372,-10.008,-3.548,-0.420,-0.973,0.306,-26.700,-24.900,-1.050,34.8
15:04:50.964,165336,2.126,-10.147,-2.950,-0.376,-0.506,0.297,-24.600,-24.000,-4.500,34.7
15:04:51.016,165391,2.263,-11.861,-3.017,-0.003,0.031,0.085,-24.600,-24.000,-4.500,34.6
15:04:51.068,165446,2.358,-14.760,-3.017,0.730,0.210,-0.416,-24.600,-24.000,-4.500,35.0
15:04:51.121,165501,2.531,-13.874,-3.625,1.171,0.329,-0.581,-24.600,-24.000,-4.500,34.6
15:04:51.174,165556,2.265,-12.050,-2.198,0.641,0.181,-0.896,-24.600,-26.850,-0.900,34.7
15:04:51.225,165611,3.012,-11.372,-1.302,0.408,0.172,-0.718,-24.600,-26.850,-0.900,34.7
15:04:51.279,165666,2.093,-10.348,-1.353,0.405,0.305,-0.265,-28.350,-28.050,1.050,34.9
15:04:51.330,165721,2.622,-9.052,-1.283,0.092,0.227,-0.107,-28.350,-28.050,1.050,35.0
15:04:51.383,165776,1.856,-8.468,-0.764,0.037,0.347,0.239,-27.900,-29.100,2.100,34.5
15:04:51.437,165831,2.784,-9.390,-0.970,-0.059,0.164,0.404,-27.900,-29.100,2.100,34.8
15:04:51.541,165886,2.559,-9.934,-0.388,0.083,0.019,0.643,-26.550,-30.450,2.250,34.6
15:04:51.542,165941,0.797,-8.792,-1.444,-0.511,-1.618,0.948,-24.000,-32.100,0.600,34.7
15:04:51.645,165996,2.926,-8.176,-0.946,-0.415,0.187,1.271,-24.000,-32.100,0.600,34.7
15:04:51.698,166051,0.704,-8.080,-2.749,-0.531,0.794,0.962,-24.000,-32.100,0.600,34.8
15:04:51.752,166106,-2.219,-8.066,-1.369,-0.524,0.579,1.154,-24.000,-32.100,0.600,34.9
15:04:51.805,166161,-0.223,-8.109,-2.495,-0.373,-0.130,0.925,-12.000,-28.500,-3.150,34.6
15:04:51.857,166216,-0.883,-9.979,-1.252,0.318,-0.211,1.081,-12.000,-28.500,-3.150,34.6
15:04:51.909,166271,-4.185,-5.478,-1.650,-0.548,-1.899,2.137,-9.300,-30.300,-3.600,34.7
15:04:51.961,166326,0.187,-6.404,-2.543,-0.496,-3.256,0.921,-9.300,-30.300,-3.600,34.9
15:04:52.014,166381,1.927,-5.581,-3.239,-0.487,-0.463,-1.110,2.700,-27.300,-2.100,34.8
15:04:52.065,166436,0.871,-5.160,-1.420,-0.008,0.971,-1.791,0.750,-28.050,-1.800,35.1
15:04:52.119,166491,-2.114,-5.495,-1.372,0.286,1.139,-2.109,0.750,-28.050,-1.800,34.9
15:04:52.170,166546,-0.682,-7.501,-1.037,0.319,0.501,-1.910,-11.250,-30.900,0.300,34.6
15:04:52.223,166601,2.550,-10.338,-1.465,0.313,0.014,-1.564,-11.250,-30.900,0.300,34.5
15:04:52.275,166656,2.382,-9.960,-1.173,0.204,-0.204,-0.862,-11.250,-30.900,0.300,34.8
15:04:52.328,166711,1.231,-9.730,-0.711,0.325,-0.155,-0.472,-11.250,-30.900,0.300,35.0
15:04:52.382,166766,1.453,-10.254,-1.384,-0.120,0.123,-0.046,-22.050,-30.300,1.050,34.8
15:04:52.434,166821,3.007,-11.416,-1.721,-0.082,-0.018,0.248,-22.050,-30.300,1.050,34.8
15:04:52.486,166876,2.552,-11.926,-1.080,-0.065,0.089,0.681,-24.450,-28.500,1.350,34.8
15:04:52.538,166931,1.690,-11.590,-1.712,-0.146,-0.235,0.724,-21.450,-28.650,1.200,34.5
15:04:52.591,166986,0.546,-11.107,-1.736,-0.026,0.439,0.582,-21.450,-28.650,1.200,34.6
15:04:52.643,167041,0.900,-11.368,-1.329,0.017,0.296,0.254,-21.150,-28.950,1.200,34.9
15:04:52.696,167096,0.848,-10.546,-1.587,0.048,0.395,0.180,-21.150,-28.950,1.200,34.7
15:04:52.800,167151,1.235,-10.393,-1.202,0.024,0.340,0.089,-22.350,-28.200,3.450,34.8
15:04:52.853,167206,1.369,-10.700,-0.788,0.060,0.303,-0.039,-22.350,-28.200,3.450,34.7
15:04:52.907,167261,1.238,-10.709,-0.481,0.045,-0.044,0.006,-22.350,-28.200,3.450,34.8
15:04:52.960,167316,1.683,-11.162,0.113,0.150,-0.180,-0.102,-22.350,-28.200,3.450,34.8
15:04:53.012,167371,2.899,-12.469,0.089,0.155,0.237,-0.118,-23.250,-29.100,2.850,34.5
15:04:53.063,167426,3.833,-14.954,-0.189,0.419,0.497,-0.298,-23.250,-29.100,2.850,34.9
15:04:53.116,167481,2.835,-13.460,0.022,0.456,0.269,-0.566,-24.000,-30.900,6.450,34.7
15:04:53.221,167536,2.588,-11.933,1.657,0.332,-0.178,-0.496,-27.300,-31.500,7.050,34.7
15:04:53.223,167591,2.330,-11.001,1.396,0.130,-0.002,-0.262,-27.300,-31.500,7.050,34.7
15:04:53.274,167646,3.033,-10.168,-1.130,-0.199,-0.171,0.148,-25.350,-32.250,8.550,34.8
15:04:53.326,167701,0.522,-11.260,1.204,0.089,-0.695,0.253,-25.350,-32.250,8.550,34.8
15:04:53.378,167756,0.314,-8.849,0.182,-0.420,0.072,0.141,-23.850,-31.200,6.750,34.8
15:04:53.432,167811,0.907,-8.586,0.831,-0.673,0.236,0.317,-23.850,-31.200,6.750,35.1
15:04:53.484,167866,1.733,-8.380,0.314,-0.596,0.200,0.424,-23.850,-31.200,6.750,34.9
15:04:53.535,167921,1.135,-8.662,-0.043,-0.748,0.241,0.526,-23.850,-31.200,6.750,34.7
15:04:53.588,167976,1.219,-9.251,-0.508,-0.534,0.495,0.696,-19.500,-31.800,3.450,34.8
15:04:53.641,168031,0.694,-9.601,-0.678,-0.495,0.363,0.785,-16.800,-31.500,1.500,34.8
15:04:53.693,168086,0.745,-8.303,-1.408,-0.641,0.140,0.892,-16.800,-31.500,1.500,34.9
15:04:53.745,168141,-0.081,-9.613,-1.520,-0.480,-0.004,0.852,-14.100,-30.750,-1.200,34.6
15:04:53.799,168196,-1.168,-6.718,-2.363,-0.468,-0.707,1.634,-14.100,-30.750,-1.200,34.9
15:04:53.852,168251,-0.170,-5.495,-1.106,-0.539,-1.407,1.433,-5.250,-29.700,-3.450,34.8
15:04:53.957,168306,1.997,-4.082,-1.867,0.392,0.790,-1.228,-5.250,-29.700,-3.450,34.8
15:04:54.009,168361,0.737,-5.564,-1.039,0.591,0.677,-2.478,-7.050,-29.400,-2.250,34.8
15:04:54.061,168416,-1.939,-5.356,-2.643,0.835,1.072,-2.074,-7.050,-29.400,-2.250,34.7
15:04:54.113,168471,3.709,-10.044,-0.543,0.402,0.052,-1.409,-7.050,-29.400,-2.250,34.8
15:04:54.167,168526,1.281,-8.212,-1.697,0.071,-0.048,-0.889,-7.050,-29.400,-2.250,34.8
15:04:54.219,168581,3.553,-8.502,-2.816,0.088,-0.438,-0.618,-24.300,-30.000,1.200,34.7
15:04:54.271,168636,3.330,-10.082,-2.078,-0.161,-0.056,-0.034,-25.350,-29.700,2.700,34.9
15:04:54.325,168691,-0.792,-13.149,0.630,0.083,0.035,0.291,-25.350,-29.700,2.700,34.8
15:04:54.376,168746,4.391,-12.026,-1.398,-0.351,0.525,0.186,-28.950,-28.650,3.450,34.7
15:04:54.429,168801,1.252,-11.502,-1.319,-0.371,-0.170,0.443,-28.950,-28.650,3.450,34.8
15:04:54.482,168856,2.428,-11.504,-0.120,-0.120,-0.209,0.482,-26.550,-28.650,3.000,34.8
15:04:54.533,168911,2.500,-10.568,-1.216,-0.355,0.382,0.355,-26.550,-28.650,3.000,34.6
15:04:54.586,168966,1.820,-10.683,-1.348,-0.201,-0.229,0.543,-26.700,-27.300,4.650,34.8
15:04:54.639,169021,1.120,-10.072,-1.195,-0.073,-0.261,0.463,-26.700,-27.300,4.650,34.8
15:04:54.690,169076,0.757,-10.616,-1.087,-0.141,-0.372,0.350,-26.700,-27.300,4.650,34.8
15:04:54.744,169131,0.594,-10.807,-1.695,-0.315,-0.160,0.045,-24.900,-28.800,2.850,34.7
15:04:54.797,169186,1.379,-12.036,-1.951,-0.251,0.105,-0.202,-24.900,-28.800,2.850,34.9
15:04:54.849,169241,2.746,-14.648,-3.002,-0.071,-0.043,-0.503,-25.350,-28.650,2.700,34.7
15:04:54.901,169296,4.094,-14.624,-0.654,0.438,0.069,-1.137,-25.350,-28.650,2.700,34.4
15:04:54.954,169351,2.619,-11.729,-0.702,0.165,0.220,-0.910,-27.300,-27.900,1.950,34.8
15:04:55.007,169406,3.378,-11.401,-0.670,0.157,0.107,-0.811,-27.300,-27.900,1.950,34.8
15:04:55.111,169461,1.561,-9.845,-1.250,0.083,0.088,-0.296,-30.600,-28.800,3.150,34.8
15:04:55.217,169516,1.860,-9.644,-0.249,0.317,-0.274,0.024,-30.600,-28.800,3.150,34.8
15:04:55.218,169571,2.780,-9.380,-0.991,0.132,0.033,0.350,-30.600,-28.800,3.150,34.8
15:04:55.268,169626,2.282,-9.519,-0.812,-0.390,-0.319,0.369,-30.600,-28.800,3.150,34.7
15:04:55.322,169681,1.891,-9.838,-0.692,-0.415,0.189,0.456,-30.600,-28.800,3.150,34.7
15:04:55.374,169736,1.779,-8.715,-1.405,-0.999,-0.010,0.756,-24.450,-31.650,0.600,34.6
15:04:55.427,169791,1.786,-8.550,-2.126,-0.350,-0.343,1.091,-24.450,-31.650,0.600,35.0
15:04:55.479,169846,2.042,-8.236,-1.796,-0.553,0.024,1.162,-21.150,-28.950,-1.200,35.0
15:04:55.532,169901,0.848,-7.903,-2.550,-0.640,-0.172,1.333,-21.150,-28.950,-1.200,34.9
15:04:55.583,169956,1.063,-8.729,-3.347,-0.492,0.079,1.532,-15.450,-30.600,-3.600,34.7
15:04:55.635,170011,-3.053,-4.429,-3.112,-0.535,-1.936,1.856,-15.450,-30.600,-3.600,35.0
15:04:55.739,170066,2.375,-5.643,-0.857,-0.111,-2.302,0.508,-5.700,-27.300,-5.850,34.7
15:04:55.741,170121,-1.374,-2.586,-2.892,0.581,0.896,-2.087,-5.700,-27.300,-5.850,34.8
15:04:55.793,170176,2.636,-4.752,-1.484,0.961,0.720,-2.620,-5.700,-27.300,-5.850,34.8
15:04:55.847,170231,-1.305,-6.268,-2.605,0.982,1.150,-1.996,-17.850,-31.650,-1.350,34.7
15:04:55.899,170286,2.545,-10.309,0.476,0.505,-0.621,-1.197,-17.850,-31.650,-1.350,34.8
15:04:55.952,170341,2.770,-9.184,-1.161,0.398,-0.392,-0.420,-23.250,-29.550,2.850,34.7
15:04:56.004,170396,2.073,-10.448,-1.626,0.010,-0.510,-0.140,-23.250,-29.550,2.850,35.0
15:04:56.056,170451,2.576,-12.455,-0.527,-0.151,-0.173,0.043,-25.050,-31.500,3.000,34.8
15:04:56.108,170506,1.865,-12.752,-0.965,-0.540,0.211,0.202,-25.050,-31.500,3.000,34.8
15:04:56.162,170561,2.037,-12.385,-1.741,-0.605,-0.306,0.103,-27.300,-29.400,1.500,34.9
15:04:56.267,170616,2.241,-11.258,-1.003,-0.305,0.029,0.166,-27.300,-29.400,1.500,35.0
15:04:56.319,170671,2.365,-11.195,-0.694,-0.533,-0.231,0.373,-26.250,-27.150,-0.150,34.8
15:04:56.371,170726,1.319,-10.750,-1.365,-0.107,-0.034,0.478,-26.250,-27.150,-0.150,34.8
15:04:56.424,170781,1.070,-10.099,-2.332,-0.225,-0.127,0.574,-26.250,-27.150,-0.150,34.9
15:04:56.476,170836,1.252,-10.501,-2.148,-0.217,-0.557,0.474,-24.300,-28.650,-1.200,34.9
15:04:56.529,170891,1.111,-10.795,-0.812,-0.300,0.038,0.589,-24.300,-28.650,-1.200,34.7
15:04:56.582,170946,1.018,-10.841,-2.732,-0.276,-0.152,0.530,-20.700,-28.200,0.450,35.0
15:04:56.633,171001,0.010,-10.616,-1.245,-0.226,-0.798,0.598,-20.700,-28.200,0.450,35.0
15:04:56.687,171056,-1.508,-11.202,-2.866,0.070,-0.311,0.200,-16.800,-26.850,-2.250,34.9
15:04:56.738,171111,-0.206,-15.435,-2.468,0.645,0.025,0.385,-16.800,-26.850,-2.250,35.0
15:04:56.790,171166,1.786,-14.147,-1.748,1.177,0.010,-0.939,-16.500,-29.400,-1.200,34.7
15:04:56.843,171221,0.599,-12.385,-2.277,0.372,0.203,-0.963,-16.500,-29.400,-1.200,34.8
15:04:56.896,171276,2.114,-10.733,-1.437,-0.180,0.082,-0.865,-18.750,-31.200,1.500,34.7
15:04:56.948,171331,1.068,-9.986,-1.700,-0.548,0.003,-0.437,-18.750,-31.200,1.500,34.7
15:04:57.002,171386,0.364,-10.116,-0.982,-0.112,0.139,-0.033,-18.750,-31.200,1.500,34.8
15:04:57.054,171441,0.740,-8.550,-2.184,-0.249,0.202,0.066,-20.400,-31.800,1.200,34.9
15:04:57.105,171496,0.345,-10.829,-1.834,-0.230,0.082,0.398,-20.400,-31.800,1.200,34.8
15:04:57.158,171551,0.690,-9.273,-2.148,-0.110,0.135,0.423,-19.350,-31.650,-1.050,34.9
15:04:57.212,171606,-0.536,-9.898,-1.269,-0.030,0.566,0.307,-19.350,-31.650,-1.050,34.7
15:04:57.263,171661,-0.057,-8.969,-2.559,-0.210,0.626,0.323,-18.600,-30.900,-0.600,34.4
15:04:57.315,171716,0.055,-8.961,-2.320,-0.296,0.729,0.324,-18.600,-30.900,-0.600,34.7
15:04:57.421,171771,0.326,-8.461,-2.049,-0.430,0.577,0.432,-16.050,-29.700,-1.950,34.8
15:04:57.474,171826,-0.347,-8.140,-1.867,-0.020,0.749,0.667,-16.050,-29.700,-1.950,34.8
15:04:57.527,171881,1.343,-7.712,-0.848,-0.181,0.574,0.683,-16.050,-29.700,-1.950,35.1
15:04:57.578,171936,-5.751,-3.218,-0.084,-0.551,-1.399,1.170,-16.050,-29.700,-1.950,35.0
15:04:57.631,171991,3.718,-5.100,-4.867,-0.698,-5.621,-0.930,-16.050,-29.700,-1.950,34.8
15:04:57.684,172046,9.807,-7.089,1.365,0.184,-0.345,-1.111,-4.200,-26.700,-0.600,34.6
15:04:57.736,172101,-6.081,-5.255,-2.926,0.830,2.168,-2.483,-4.200,-26.700,-0.600,34.6
15:04:57.788,172156,1.032,-8.952,-1.331,0.318,0.157,-1.521,-15.450,-30.900,-3.600,35.1
15:04:57.840,172211,2.361,-10.716,-1.286,0.689,-0.024,-1.070,-15.450,-30.900,-3.600,34.9
15:04:57.894,172266,2.646,-11.114,-1.944,0.794,-0.152,-0.459,-19.050,-30.600,-1.350,34.7
15:04:57.947,172321,3.376,-10.575,-1.233,0.576,-0.146,-0.022,-19.050,-30.600,-1.350,34.8
15:04:58.000,172376,0.757,-10.159,0.220,0.446,0.129,0.250,-22.650,-31.800,3.000,34.7
15:04:58.052,172431,1.120,-9.910,-0.941,0.082,0.011,0.446,-22.650,-31.800,3.000,34.8
15:04:58.103,172486,0.697,-12.579,0.855,0.278,0.212,0.518,-22.650,-31.800,3.000,34.7
15:04:58.156,172541,1.635,-12.534,0.577,0.154,0.269,0.550,-22.650,-31.800,3.000,34.9
15:04:58.208,172596,0.697,-12.129,0.536,0.133,0.025,0.547,-22.650,-31.800,3.000,35.0
15:04:58.260,172651,1.563,-11.236,0.582,0.056,-0.003,0.433,-21.000,-29.850,7.200,35.1
15:04:58.313,172706,2.093,-10.843,0.642,-0.096,0.086,0.319,-21.000,-29.850,7.200,34.8
15:04:58.367,172761,-0.599,-10.139,0.436,-0.491,-0.142,0.260,-21.900,-31.500,6.300,35.0
15:04:58.419,172816,1.551,-10.491,0.809,-0.415,-0.032,0.200,-21.900,-31.500,6.300,34.8
15:04:58.472,172871,0.184,-8.815,-0.204,-0.353,-0.656,0.498,-21.150,-29.700,6.300,34.7
15:04:58.577,172926,-0.809,-9.215,2.459,-0.014,-0.488,0.851,-17.700,-29.700,4.200,34.9
15:04:58.628,172981,-0.204,-12.040,0.419,0.059,-0.210,0.872,-17.700,-29.700,4.200,34.9
15:04:58.681,173036,0.587,-15.792,-1.803,-0.089,-0.079,-0.190,-17.700,-29.700,4.200,35.0
15:04:58.734,173091,1.439,-15.972,-0.819,-0.214,0.100,-1.129,-17.700,-29.700,4.200,34.7
15:04:58.787,173146,-0.522,-13.903,0.390,-0.139,0.493,-1.145,-17.700,-29.700,4.200,34.8
15:04:58.838,173201,2.136,-11.954,0.089,0.218,0.402,-1.104,-17.700,-29.700,4.200,34.8
15:04:58.891,173256,1.180,-10.805,0.048,-0.126,0.087,-0.679,-22.350,-31.800,3.750,34.7
15:04:58.944,173311,0.804,-9.701,-0.697,-0.486,-0.064,-0.365,-22.350,-31.800,3.750,34.8
15:04:58.995,173366,0.299,-10.278,0.220,-0.431,0.200,-0.391,-21.450,-28.650,4.500,35.0
15:04:59.048,173421,0.412,-9.790,-1.051,-0.284,0.390,-0.107,-21.450,-28.650,4.500,34.9
15:04:59.100,173476,0.905,-8.878,-1.030,-0.416,0.438,0.231,-21.150,-29.400,1.950,34.9
15:04:59.154,173531,1.271,-8.531,-1.137,-0.392,0.284,0.286,-21.750,-30.300,1.050,34.9
15:04:59.205,173586,1.832,-9.565,-0.606,-0.320,0.471,0.454,-21.750,-30.300,1.050,34.8
15:04:59.259,173641,1.202,-9.742,-0.718,-0.225,0.285,0.797,-20.100,-30.900,-0.600,34.5
15:04:59.312,173696,-0.311,-8.543,-1.697,-0.446,0.129,1.004,-20.100,-30.900,-0.600,34.7
15:04:59.364,173751,1.214,-7.647,-1.753,-0.424,0.021,0.843,-20.100,-30.900,-0.600,34.9
15:04:59.417,173806,1.379,-8.610,-1.221,-0.209,0.476,0.610,-20.100,-30.900,-0.600,34.9
15:04:59.470,173861,1.899,-10.139,-1.018,-0.277,-0.250,0.879,-13.800,-30.450,-1.950,34.8
15:04:59.522,173916,1.413,-10.159,0.285,-0.359,-0.317,1.220,-13.800,-30.450,-1.950,34.7
15:04:59.573,173971,-2.662,-4.913,-2.919,-0.660,-1.571,1.205,-10.950,-30.450,-1.500,34.8
15:04:59.626,174026,2.150,-3.831,-1.223,0.614,-0.597,-1.424,-2.250,-28.050,-3.600,34.6
15:04:59.731,174081,0.955,-3.685,-1.614,0.707,0.519,-2.811,-2.250,-28.050,-3.600,34.7
15:04:59.783,174136,-0.299,-6.895,-1.020,0.980,0.808,-2.398,-14.700,-32.400,1.050,34.7
15:04:59.836,174191,1.520,-11.013,-0.773,0.528,-0.402,-1.316,-14.700,-32.400,1.050,34.8
15:04:59.888,174246,3.560,-10.666,-0.369,0.508,-0.529,-0.926,-25.200,-32.100,3.150,34.8
15:04:59.941,174301,4.367,-10.214,-0.543,0.596,-0.187,-0.522,-25.200,-32.100,3.150,34.8
15:04:59.994,174356,3.713,-11.236,-0.136,0.137,-0.404,0.035,-25.200,-32.100,3.150,34.8
15:05:00.098,174411,2.823,-11.241,-0.788,-0.007,-0.089,0.288,-25.200,-32.100,3.150,34.7
15:05:00.100,174466,2.061,-12.019,-0.012,-0.131,-0.609,0.119,-28.500,-33.000,4.500,34.6
15:05:00.150,174521,2.425,-11.248,0.553,0.316,0.333,0.122,-28.950,-31.200,4.800,34.8
15:05:00.203,174576,1.817,-10.094,0.055,0.026,-0.026,0.339,-28.950,-31.200,4.800,34.8
15:05:00.256,174631,2.813,-10.575,0.785,0.064,0.206,0.363,-27.900,-30.900,4.350,34.7
15:05:00.309,174687,2.093,-9.957,0.886,-0.229,0.045,0.519,-27.900,-30.900,4.350,34.8
15:05:00.360,174741,1.211,-9.445,0.168,-0.456,0.280,0.447,-27.300,-31.200,5.550,34.8
15:05:00.413,174796,1.884,-10.077,-0.129,-0.504,0.308,0.311,-27.300,-31.200,5.550,34.8
15:05:00.466,174851,1.130,-10.554,-0.395,-0.474,-0.166,0.345,-27.300,-32.250,6.000,34.8
15:05:00.519,174906,1.664,-11.085,0.110,-0.193,0.111,0.315,-27.300,-32.250,6.000,35.1
15:05:00.572,174961,1.748,-10.563,-0.757,-0.338,-0.254,0.293,-27.300,-32.250,6.000,34.9
15:05:00.624,175016,1.822,-10.762,-0.754,-0.305,-0.105,0.199,-27.300,-32.250,6.000,34.8
15:05:00.676,175071,1.262,-10.080,-1.135,-0.405,-0.590,0.283,-26.250,-30.000,0.150,34.8
15:05:00.729,175126,0.639,-10.657,-0.857,-0.581,-0.120,0.110,-22.050,-30.600,0.000,35.0
15:05:00.782,175181,0.414,-10.080,-2.375,-0.604,0.110,-0.086,-22.050,-30.600,0.000,34.8
15:05:00.885,175236,-0.350,-11.365,-1.827,-0.225,0.163,-0.304,-23.250,-28.500,-0.300,34.5
15:05:00.938,175291,2.418,-13.290,-2.229,0.218,0.113,-0.761,-23.250,-28.500,-0.300,35.0
15:05:00.992,175346,2.224,-13.771,-0.888,0.282,0.516,-1.178,-24.600,-28.200,0.900,34.8
15:05:01.044,175401,4.673,-11.329,-1.168,0.214,0.156,-0.951,-24.600,-28.200,0.900,34.8
15:05:01.097,175456,3.199,-11.231,0.273,-0.105,-0.166,-0.435,-27.600,-29.100,0.300,34.9
15:05:01.148,175511,0.438,-9.598,-0.625,0.189,0.278,-0.402,-27.600,-29.100,0.300,34.8
15:05:01.201,175566,2.861,-12.766,-1.470,-0.309,-0.046,-0.355,-27.600,-29.100,0.300,35.0
15:05:01.253,175621,1.714,-9.706,-1.293,0.323,0.424,-0.268,-29.250,-29.700,4.200,34.5
15:05:01.306,175676,4.051,-10.013,-0.412,-0.039,-0.065,0.370,-29.250,-29.700,4.200,35.0
15:05:01.359,175731,2.253,-9.074,-0.558,-0.010,0.655,0.444,-27.600,-29.550,2.850,34.8
15:05:01.412,175786,2.344,-8.574,-0.855,-0.213,0.457,0.766,-27.600,-29.550,2.850,34.7
15:05:01.464,175841,1.707,-8.622,-1.015,-0.215,0.398,0.912,-25.050,-33.000,4.200,34.8
15:05:01.517,175896,1.300,-8.305,-0.965,-0.365,0.513,0.961,-25.050,-33.000,4.200,35.0
15:05:01.569,175951,1.492,-9.055,-0.989,-0.354,0.477,0.894,-19.350,-33.900,3.600,34.8
15:05:01.622,176006,-1.346,-7.003,-1.142,-0.438,-0.200,0.956,-19.350,-33.900,3.600,34.7
15:05:01.726,176061,1.662,-8.619,-0.455,0.015,-0.148,0.708,-19.350,-33.900,3.600,34.9
15:05:01.728,176116,1.161,-9.735,0.225,0.063,-0.330,0.648,-19.350,-33.900,3.600,35.0
15:05:01.779,176171,1.549,-11.162,-0.541,-0.288,-0.079,0.714,-19.350,-33.900,3.600,34.9
15:05:01.831,176226,-2.581,-7.606,-1.532,-0.971,-0.617,1.518,-7.950,-30.000,0.450,34.9
15:05:01.884,176281,-2.006,-7.386,-0.072,-0.738,-2.318,0.596,-7.950,-30.000,0.450,34.8
15:05:01.936,176336,0.546,-7.793,-1.669,-0.109,-2.886,-0.496,0.300,-27.750,-1.350,34.8
15:05:02.042,176391,0.453,-4.243,-4.638,-0.681,-0.813,-1.514,0.300,-27.750,-1.350,34.7
15:05:02.094,176446,1.089,-6.433,-1.310,-0.547,0.901,-1.864,-2.700,-27.300,-1.350,34.7
15:05:02.146,176501,-2.160,-7.580,-0.278,-0.223,1.310,-1.875,-2.700,-27.300,-1.350,34.8
15:05:02.198,176556,0.223,-9.170,-1.908,0.111,0.048,-1.589,-12.900,-30.450,-1.950,35.1
15:05:02.252,176611,2.102,-9.258,-1.695,0.487,-0.601,-1.109,-12.900,-30.450,-1.950,35.1
15:05:02.304,176666,2.016,-8.315,-1.738,0.597,-0.585,-0.765,-12.900,-30.450,-1.950,34.9
15:05:02.357,176721,1.369,-8.665,-2.284,0.653,-0.143,-0.550,-12.900,-30.450,-1.950,34.7
15:05:02.409,176776,3.273,-11.760,-0.718,0.434,-0.394,-0.459,-12.900,-30.450,-1.950,34.8
15:05:02.462,176831,2.844,-11.100,-1.118,0.033,0.044,-0.163,-24.450,-29.850,3.600,34.7
15:05:02.514,176886,3.067,-11.289,-1.753,-0.048,-0.018,0.137,-24.450,-29.850,3.600,34.7
15:05:02.567,176941,2.437,-11.617,-0.618,0.104,0.072,0.438,-24.600,-32.250,1.200,34.8
15:05:02.619,176996,3.709,-10.812,-0.484,0.113,0.146,0.460,-24.600,-32.250,1.200,35.0
15:05:02.671,177051,2.844,-10.949,-0.326,0.023,0.289,0.767,-25.950,-29.850,1.800,34.7
15:05:02.724,177106,2.088,-10.487,-0.639,-0.090,0.365,0.862,-25.950,-29.850,1.800,34.9
15:05:02.777,177161,1.448,-9.912,-0.886,-0.062,0.367,0.665,-22.950,-31.650,3.150,34.8
15:05:02.828,177216,0.864,-10.319,-0.680,-0.067,0.153,0.528,-22.950,-31.650,3.150,34.7
15:05:02.881,177271,0.965,-10.872,-1.156,-0.038,0.347,0.337,-22.950,-31.650,3.150,34.8
15:05:02.934,177326,0.402,-11.389,-1.068,0.078,0.444,-0.114,-19.800,-30.600,5.400,34.9
15:05:02.985,177381,1.156,-11.056,-1.456,-0.008,0.232,-0.429,-19.800,-30.600,5.400,35.0
15:05:03.038,177436,1.104,-10.274,-1.453,0.018,-0.442,-0.698,-22.950,-30.300,4.350,34.8
15:05:03.091,177491,2.052,-10.549,0.644,-0.113,-0.290,-0.664,-22.950,-30.300,4.350,34.9
15:05:03.196,177546,1.776,-8.988,0.266,-0.169,0.064,-0.488,-25.350,-28.950,4.200,34.7
15:05:03.248,177601,1.894,-9.431,-0.029,-0.157,-0.147,-0.418,-25.350,-28.950,4.200,34.7
15:05:03.301,177656,4.197,-11.255,0.943,0.079,0.277,-0.237,-27.300,-30.000,4.200,35.1
15:05:03.353,177711,3.915,-13.194,0.433,-0.054,-0.135,-0.510,-27.300,-30.000,4.200,34.9
15:05:03.406,177766,5.423,-13.582,-0.285,-0.031,0.467,-0.673,-28.650,-30.600,4.650,34.8
15:05:03.459,177821,5.188,-12.325,-0.151,-0.106,0.161,-0.473,-28.650,-30.600,4.650,35.0
15:05:03.512,177876,4.190,-10.666,0.050,-0.232,0.460,0.029,-28.650,-30.600,4.650,34.9
15:05:03.564,177931,2.234,-9.814,-0.630,-0.441,0.230,0.252,-29.550,-29.550,3.900,34.8
15:05:03.617,177986,3.261,-10.412,-0.575,-0.090,0.149,0.289,-29.550,-29.550,3.900,34.7
15:05:03.669,178041,2.765,-9.115,-1.633,-0.368,0.087,0.572,-29.100,-31.350,1.800,35.0
15:05:03.721,178096,1.788,-8.595,-0.606,-0.457,0.080,0.777,-29.100,-31.350,1.800,34.8
15:05:03.774,178151,1.654,-7.882,-1.372,-0.587,0.488,0.681,-25.350,-30.000,4.200,34.8
15:05:03.826,178206,1.319,-8.748,-1.472,-0.596,0.612,0.750,-25.350,-30.000,4.200,34.8
15:05:03.878,178261,1.671,-8.507,-2.167,-0.684,0.522,1.058,-21.750,-30.300,-1.050,34.8
15:05:03.932,178316,1.003,-8.219,-1.944,-0.529,0.449,1.287,-20.100,-30.900,-1.800,34.8
15:05:03.983,178371,0.139,-7.906,-1.925,-0.263,0.461,1.184,-20.100,-30.900,-1.800,34.8
15:05:04.036,178426,1.223,-9.984,-2.286,-0.009,-0.100,1.535,-20.100,-30.900,-1.800,35.0
15:05:04.089,178481,-3.302,-4.683,-2.260,-0.679,-0.776,2.302,-20.100,-30.900,-1.800,35.0
15:05:04.143,178536,1.010,-6.158,0.105,0.157,-1.393,0.580,-4.350,-27.900,-4.800,34.9
15:05:04.193,178591,-0.668,-2.607,-2.124,1.030,-0.239,-1.969,-4.350,-27.900,-4.800,34.9
15:05:04.246,178646,0.280,-4.482,-1.073,0.825,1.384,-2.393,-5.700,-30.600,-2.550,34.9
15:05:04.350,178701,-1.346,-7.982,-1.470,0.847,0.767,-2.183,-5.700,-30.600,-2.550,34.9
15:05:04.403,178756,0.603,-9.601,-1.073,0.500,0.371,-1.672,-19.050,-32.700,3.600,34.7
15:05:04.457,178811,4.925,-10.704,0.620,-0.137,-0.655,-0.826,-19.050,-32.700,3.600,34.9
15:05:04.509,178866,1.427,-8.461,-1.753,0.232,-0.126,-0.696,-25.050,-32.250,4.500,34.8
15:05:04.561,178921,3.450,-10.812,0.237,0.290,0.039,-0.424,-30.150,-30.750,3.750,34.8
15:05:04.613,178976,1.958,-8.906,-0.218,-0.319,-0.100,0.129,-30.150,-30.750,3.750,34.8
15:05:04.667,179031,0.979,-10.168,-1.087,-0.202,0.219,0.511,-30.150,-30.750,3.750,34.8
15:05:04.718,179086,3.067,-13.278,0.455,-0.116,0.292,0.599,-30.150,-30.750,3.750,34.8
15:05:04.771,179141,2.382,-13.297,-0.316,-0.002,0.154,0.287,-29.550,-29.850,5.850,34.7
15:05:04.824,179196,2.650,-12.170,-0.960,-0.073,-0.106,0.228,-29.550,-29.850,5.850,35.1
15:05:04.876,179251,2.576,-11.562,-0.165,-0.111,-0.336,0.071,-29.100,-29.850,5.850,34.8
15:05:04.929,179306,2.231,-10.415,-0.283,0.012,-0.161,-0.121,-29.100,-29.850,5.850,35.0
15:05:04.982,179361,3.153,-9.996,0.101,-0.127,-0.329,-0.148,-30.600,-31.650,7.200,34.9
15:05:05.034,179416,2.112,-10.264,0.275,-0.176,0.010,-0.036,-28.350,-31.350,7.200,34.8
15:05:05.087,179471,2.722,-9.349,-0.984,-0.157,-0.515,0.141,-28.350,-31.350,7.200,35.0
15:05:05.139,179526,1.879,-10.017,-0.081,-0.264,-0.859,0.350,-29.100,-29.850,5.100,34.6
15:05:05.192,179581,2.045,-10.314,-1.152,-0.275,-0.438,0.318,-29.100,-29.850,5.100,34.7
15:05:05.243,179636,2.291,-11.655,-1.520,-0.107,0.407,0.240,-29.100,-29.850,5.100,34.8
15:05:05.297,179691,2.555,-11.691,-2.502,-0.011,0.655,-0.196,-29.100,-29.850,5.100,35.0
15:05:05.349,179746,4.075,-13.238,-1.896,0.153,0.255,-0.724,-25.950,-30.300,2.100,35.1
15:05:05.401,179801,2.818,-13.678,-0.038,0.420,0.151,-0.757,-25.950,-30.300,2.100,34.8
15:05:05.507,179856,3.658,-12.038,0.067,0.357,0.212,-0.634,-29.700,-30.750,4.500,34.9
15:05:05.559,179911,3.529,-10.479,-0.034,0.210,0.498,-0.359,-29.700,-30.750,4.500,34.7
15:05:05.611,179966,3.086,-10.135,0.077,0.037,0.403,-0.114,-31.650,-31.200,4.200,34.6
15:05:05.664,180021,2.579,-9.555,-0.022,0.064,0.167,0.115,-35.550,-31.200,7.050,34.9
15:05:05.715,180076,3.079,-9.589,0.792,-0.005,0.536,0.419,-35.550,-31.200,7.050,35.0
15:05:05.768,180131,2.916,-9.625,-0.393,-0.148,0.263,0.432,-31.050,-32.400,5.400,35.1
15:05:05.822,180186,2.205,-9.239,-0.414,-0.442,0.515,0.649,-31.050,-32.400,5.400,34.9
15:05:05.874,180241,2.040,-8.672,-0.345,-0.655,0.273,0.817,-31.050,-32.400,5.400,34.8
15:05:05.926,180296,1.982,-9.311,0.891,-0.630,1.150,1.016,-31.050,-32.400,5.400,34.9
15:05:05.979,180351,1.817,-8.993,-1.125,-0.342,1.401,1.136,-22.050,-32.100,5.850,34.7
15:05:06.032,180406,-0.177,-8.432,-0.673,-0.570,0.060,0.951,-22.050,-32.100,5.850,35.0
15:05:06.083,180461,0.204,-8.832,-0.599,-0.203,-0.395,0.883,-19.500,-33.300,3.450,35.0
15:05:06.136,180516,-1.468,-6.613,1.659,-0.321,-0.476,1.062,-16.050,-33.300,1.500,34.6
15:05:06.189,180571,-2.995,-4.503,0.663,-0.906,-2.500,1.604,-16.050,-33.300,1.500,35.0
15:05:06.241,180626,3.002,-4.082,-1.228,0.063,-3.799,-1.150,-4.200,-29.100,-0.600,35.1
15:05:06.344,180681,6.440,-7.106,-2.935,0.703,-0.121,-1.603,-4.200,-29.100,-0.600,35.0
15:05:06.347,180736,0.603,-6.486,-2.476,0.963,1.669,-1.614,-4.200,-29.100,-0.600,34.8
15:05:06.398,180791,-0.860,-11.619,-0.931,0.326,0.307,-1.228,-4.200,-29.100,-0.600,34.9
15:05:06.451,180846,0.905,-11.557,0.898,-0.012,-0.500,-0.741,-4.200,-29.100,-0.600,35.0
15:05:06.504,180901,-0.548,-10.858,-1.681,-0.116,0.066,-0.519,-4.200,-29.100,-0.600,35.0
15:05:06.556,180956,0.359,-11.420,0.974,-0.022,0.078,-0.352,-21.750,-30.900,6.900,35.1
15:05:06.662,181011,0.599,-11.478,-0.091,0.198,0.052,0.120,-21.750,-30.900,6.900,35.0
15:05:06.714,181066,-0.371,-11.387,-0.395,0.212,0.038,0.340,-25.200,-30.600,5.400,34.8
15:05:06.766,181121,3.108,-12.799,0.113,-0.250,-0.356,0.176,-24.600,-30.450,6.750,34.6
15:05:06.819,181176,1.235,-12.237,0.438,-0.313,-0.027,-0.037,-24.600,-30.450,6.750,34.8
15:05:06.871,181231,1.944,-11.631,0.249,-0.346,-0.005,-0.083,-24.600,-30.750,4.500,35.0
15:05:06.924,181286,1.877,-11.164,-0.189,-0.360,-0.219,-0.076,-24.600,-30.750,4.500,35.0
15:05:06.977,181341,1.008,-10.427,-0.376,-0.290,-0.578,-0.085,-24.600,-30.750,4.500,35.0
15:05:07.029,181396,2.191,-9.833,-0.642,-0.391,-0.741,-0.070,-24.600,-30.750,4.500,34.9
15:05:07.080,181451,2.471,-10.211,-0.323,-0.411,-0.540,-0.035,-24.600,-30.750,4.500,35.1
15:05:07.133,181506,1.288,-10.202,-0.745,-0.378,0.182,0.011,-24.600,-30.750,4.500,34.9
15:05:07.186,181561,2.679,-10.613,-1.295,-0.088,0.110,0.074,-23.250,-28.050,2.100,35.1
15:05:07.238,181616,1.516,-10.396,-1.616,-0.018,-0.392,0.150,-24.600,-27.600,1.500,34.9
15:05:07.290,181671,1.590,-10.697,-0.706,0.057,-0.202,0.000,-24.600,-27.600,1.500,35.1
15:05:07.344,181726,1.707,-11.382,-1.125,0.012,0.191,-0.311,-23.250,-28.800,2.850,34.9
15:05:07.397,181781,5.021,-15.177,-1.290,0.283,-0.163,-0.638,-23.250,-28.800,2.850,35.0
15:05:07.449,181836,2.052,-13.865,-0.321,0.573,0.204,-0.999,-26.700,-28.050,4.350,35.0
15:05:07.502,181891,3.354,-10.513,-0.393,0.163,0.183,-0.806,-26.700,-28.050,4.350,34.7
15:05:07.554,181946,2.488,-9.776,-0.110,0.144,-0.058,-0.522,-26.700,-28.050,4.350,34.8
15:05:07.606,182001,2.248,-9.380,-0.366,0.087,-0.101,-0.246,-26.700,-28.050,4.350,34.8
15:05:07.659,182056,2.993,-10.032,0.223,-0.084,-0.197,-0.099,-26.700,-28.050,4.350,35.1
15:05:07.712,182111,4.350,-10.034,-0.611,-0.258,-0.337,-0.062,-29.550,-29.850,2.550,35.0
15:05:07.817,182166,1.183,-8.392,-0.395,-0.779,-1.046,0.295,-29.550,-29.850,2.550,34.9
15:05:07.869,182221,3.100,-8.602,-0.350,-0.281,0.284,0.710,-25.050,-30.000,-0.450,34.9
15:05:07.973,182276,2.727,-8.739,-1.111,-0.409,0.011,0.651,-25.050,-30.000,-0.450,34.6
15:05:07.975,182331,1.281,-8.629,-1.281,-0.269,0.154,0.866,-21.450,-32.550,0.450,34.7
15:05:08.027,182386,1.329,-7.635,-1.611,-0.305,0.095,0.958,-21.450,-32.550,0.450,35.0
15:05:08.079,182441,1.575,-8.365,-2.157,-0.204,-0.040,0.911,-18.150,-32.400,-1.350,35.0
15:05:08.131,182496,-1.697,-8.559,-5.260,-0.346,-3.000,1.311,-18.150,-32.400,-1.350,35.0
15:05:08.183,182551,-2.093,-9.105,2.150,0.519,-2.045,1.056,-18.150,-32.400,-1.350,35.0
15:05:08.235,182606,-0.354,-6.132,-1.523,0.468,0.044,0.331,-18.150,-32.400,-1.350,35.0
15:05:08.289,182661,2.425,-7.015,-0.014,-0.195,0.556,-0.284,-18.150,-32.400,-1.350,34.9
15:05:08.342,182716,-0.385,-4.283,-0.431,0.665,1.422,-1.665,-5.250,-31.200,0.450,35.0
15:05:08.394,182771,0.165,-5.435,-0.905,0.972,0.645,-2.221,-5.250,-31.200,0.450,34.8
15:05:08.447,182826,0.994,-6.711,-2.069,0.883,-0.474,-1.586,-16.800,-36.900,2.700,35.0
15:05:08.499,182881,2.289,-8.502,1.123,0.222,-3.678,-1.344,-16.800,-36.900,2.700,34.8
15:05:08.551,182936,2.514,-8.543,1.173,1.693,0.110,-0.726,-20.700,-33.000,4.800,34.8
15:05:08.603,182991,3.728,-9.364,0.208,0.125,-0.677,-0.318,-20.700,-33.000,4.800,34.9
15:05:08.657,183046,4.741,-12.649,2.816,-0.924,-0.015,-0.267,-22.950,-34.200,8.700,35.3
15:05:08.709,183101,2.780,-10.199,-0.845,-0.343,-0.141,-0.124,-22.950,-34.200,8.700,34.8
15:05:08.760,183156,3.072,-11.602,0.251,-0.789,-0.787,0.608,-26.400,-35.250,7.200,35.1
15:05:08.813,183211,3.074,-11.262,-0.060,-0.136,0.154,0.336,-26.400,-35.250,7.200,34.8
15:05:08.867,183266,2.243,-11.741,-0.148,-0.128,0.167,0.276,-26.400,-35.250,7.200,35.0
15:05:08.971,183321,3.883,-11.131,-0.634,0.055,0.400,0.047,-25.950,-30.900,3.900,35.0
15:05:09.024,183376,3.879,-11.032,-0.733,-0.027,0.043,-0.044,-25.950,-30.900,3.900,35.0
15:05:09.076,183431,4.345,-10.776,-0.529,0.003,-0.451,0.015,-27.150,-32.700,6.450,35.0
15:05:09.179,183486,2.040,-10.738,0.776,-0.074,-0.070,0.365,-27.150,-32.700,6.450,34.8
15:05:09.181,183541,2.071,-10.578,0.613,0.270,-0.619,0.463,-25.350,-31.500,4.500,34.9
15:05:09.233,183596,1.185,-10.154,0.148,0.407,-0.956,0.186,-25.350,-31.500,4.500,35.0
15:05:09.286,183651,4.005,-10.836,-0.338,0.147,0.847,-0.577,-21.000,-29.850,5.850,35.0
15:05:09.339,183706,4.434,-10.084,-0.572,-0.507,0.164,-0.806,-21.000,-29.850,5.850,34.9
15:05:09.391,183761,5.557,-12.206,0.299,-0.709,0.476,-0.691,-25.200,-32.700,6.450,35.1
15:05:09.444,183816,4.798,-11.538,1.049,-0.446,0.092,-0.437,-25.200,-32.700,6.450,34.8
15:05:09.497,183871,4.015,-10.460,0.393,-0.147,0.301,-0.137,-25.200,-32.700,6.450,34.8
15:05:09.549,183926,4.037,-10.264,0.292,-0.036,0.506,0.084,-31.950,-32.250,3.750,35.0
15:05:09.600,183981,3.196,-10.453,0.067,-0.021,0.271,0.194,-31.950,-32.250,3.750,35.0
15:05:09.654,184036,4.099,-10.712,-0.017,-0.164,0.569,0.330,-30.450,-31.500,5.250,35.0
15:05:09.707,184091,4.767,-10.757,0.757,-0.349,0.764,0.390,-30.450,-31.500,5.250,34.9
15:05:09.758,184146,1.956,-8.104,-0.479,-0.802,0.449,0.699,-28.500,-33.000,6.000,35.1
15:05:09.863,184201,2.868,-9.591,0.654,-0.826,0.606,0.736,-28.500,-33.000,6.000,35.1
15:05:09.865,184256,1.006,-8.540,-0.797,-0.572,0.695,0.642,-22.650,-33.000,3.000,34.9
15:05:09.917,184311,1.626,-8.416,-0.886,-0.578,0.466,0.900,-20.400,-33.000,2.700,34.9
15:05:09.968,184366,2.023,-8.085,-1.362,-0.618,0.695,0.916,-20.400,-33.000,2.700,35.0
15:05:10.021,184421,1.556,-7.848,-1.709,-0.536,0.495,0.968,-20.400,-33.000,2.700,34.8
15:05:10.127,184476,2.057,-10.932,0.352,-0.952,0.487,1.223,-20.400,-33.000,2.700,34.7
15:05:10.178,184531,0.907,-8.377,-1.736,-0.621,0.330,1.593,-12.450,-30.300,-2.550,35.0
15:05:10.231,184586,-1.305,-5.751,-1.923,-0.150,-0.670,1.434,-12.450,-30.300,-2.550,35.0
15:05:10.283,184641,1.786,-4.872,-2.107,0.610,-1.431,-0.670,-7.950,-29.700,-1.950,34.7
15:05:10.336,184696,-0.338,-1.935,-1.755,1.044,-0.192,-2.443,-7.950,-29.700,-1.950,34.7
15:05:10.389,184751,1.075,-6.179,-0.692,0.939,0.727,-1.704,-9.900,-30.000,-0.900,34.8
15:05:10.442,184806,3.117,-10.625,-0.934,1.079,-0.197,-1.087,-9.900,-30.000,-0.900,35.1
15:05:10.493,184861,2.555,-10.525,0.271,0.680,0.046,-0.314,-20.400,-34.050,4.500,34.9
15:05:10.547,184916,1.726,-9.340,-0.280,0.310,-0.234,-0.152,-23.850,-33.600,7.050,35.0
15:05:10.599,184971,0.431,-10.432,1.343,0.571,-0.046,-0.052,-23.850,-33.600,7.050,34.9
15:05:10.652,185026,0.970,-11.703,2.181,0.370,-0.226,0.441,-23.850,-33.600,7.050,34.8
15:05:10.703,185081,1.640,-12.067,1.652,0.159,-0.261,0.622,-23.850,-33.600,7.050,34.8
15:05:10.756,185136,1.891,-12.158,0.611,-0.250,-1.122,0.577,-23.400,-34.800,10.650,35.1
15:05:10.808,185191,1.441,-11.957,0.900,-0.252,-0.312,0.267,-23.400,-34.800,10.650,35.0
15:05:10.914,185246,1.329,-11.550,0.354,-0.179,-0.035,0.199,-22.050,-33.450,8.400,35.1
15:05:10.915,185301,1.439,-11.107,0.769,0.038,0.133,0.060,-22.050,-33.450,8.400,34.9
15:05:11.017,185356,1.003,-10.542,1.551,-0.044,-0.396,0.204,-24.900,-34.200,8.400,35.1
15:05:11.019,185411,1.568,-10.678,1.815,-0.145,0.228,0.224,-23.700,-31.650,6.450,34.8
15:05:11.072,185466,0.900,-11.301,0.826,-0.404,0.158,0.274,-23.700,-31.650,6.450,34.8
15:05:11.226,185521,1.008,-12.986,0.668,-0.298,0.153,-0.145,-21.900,-31.500,8.550,35.0
15:05:11.229,185576,0.974,-14.753,2.502,-0.254,0.154,-0.914,-21.900,-31.500,8.550,35.1
15:05:11.230,185631,2.409,-14.449,1.516,-0.123,0.157,-1.336,-21.900,-31.500,8.550,35.1
15:05:11.333,185687,1.829,-12.105,1.156,0.177,0.174,-1.217,-21.900,-31.500,8.550,34.9
15:05:11.386,185741,3.795,-10.822,0.941,-0.311,-0.250,-0.592,-30.150,-31.500,7.800,35.1
15:05:11.438,185796,2.816,-9.380,0.955,-0.478,0.143,-0.416,-30.150,-31.500,7.800,34.8
15:05:11.490,185851,2.966,-9.955,0.522,-0.484,-0.050,0.090,-27.600,-32.700,6.150,35.0
15:05:11.543,185906,2.476,-10.051,0.034,-0.225,0.309,0.293,-27.000,-30.750,6.000,35.2
15:05:11.595,185961,2.392,-9.404,-0.520,-0.496,0.547,0.247,-27.000,-30.750,6.000,35.1
15:05:11.648,186016,2.361,-9.266,-0.529,-0.648,0.345,0.270,-23.700,-32.400,5.400,35.0
15:05:11.700,186071,1.551,-8.633,-0.081,-0.649,0.498,0.695,-23.700,-32.400,5.400,35.0
15:05:11.753,186126,1.475,-9.196,-0.014,-0.539,0.694,0.764,-23.700,-32.400,3.600,34.9
15:05:11.806,186181,1.889,-9.005,-0.287,-0.448,0.542,1.006,-23.700,-32.400,3.600,34.9
15:05:11.859,186236,1.097,-10.166,0.812,-0.398,0.857,1.055,-23.700,-32.400,3.600,34.9
15:05:11.910,186291,1.511,-10.329,-1.147,-0.269,0.065,1.905,-23.700,-32.400,3.600,35.0
15:05:11.963,186346,-8.356,-0.891,0.532,-1.217,-2.752,3.633,-12.000,-32.100,0.600,35.1
15:05:12.015,186401,5.540,-9.359,-3.582,-0.829,-5.011,0.162,-12.000,-32.100,0.600,34.8
15:05:12.068,186456,2.576,-4.927,-5.011,0.015,-1.699,-1.601,4.350,-26.400,-0.150,34.8
15:05:12.120,186511,2.863,-4.858,-1.396,0.963,2.263,-2.439,2.100,-28.200,1.500,34.8
15:05:12.173,186566,-3.608,-4.010,-0.462,0.806,1.620,-2.494,2.100,-28.200,1.500,35.1
15:05:12.276,186621,4.372,-10.930,0.321,0.855,0.883,-1.337,-11.250,-32.100,4.350,34.8
15:05:12.279,186676,0.330,-10.250,-0.045,0.248,0.217,-0.799,-11.250,-32.100,4.350,35.1
15:05:12.332,186731,1.669,-8.964,0.498,-0.282,-0.262,-0.485,-19.500,-32.250,6.750,34.9
15:05:12.436,186786,2.765,-12.088,1.233,-0.816,-0.715,0.073,-19.500,-32.250,6.750,34.9
15:05:12.489,186841,1.168,-12.819,-0.754,-0.765,-0.391,0.372,-19.500,-32.250,6.750,35.3
15:05:12.646,186896,3.931,-15.000,-0.271,-0.721,-0.475,0.410,-19.500,-32.250,6.750,35.0
15:05:12.647,186951,1.721,-12.304,-2.696,-0.865,0.081,0.425,-20.400,-30.000,1.200,35.1
15:05:12.650,187006,1.176,-10.772,-2.272,-0.707,0.027,0.347,-19.800,-27.000,-0.300,35.0
15:05:12.698,187061,0.261,-9.653,-3.081,-0.246,0.100,0.488,-19.800,-27.000,-0.300,34.8
15:05:12.751,187116,-0.467,-9.797,-0.790,-0.046,0.009,0.304,-17.250,-25.800,-1.500,34.9
15:05:12.803,187171,-0.117,-9.079,-1.942,0.181,0.455,-0.024,-17.250,-25.800,-1.500,34.8
15:05:12.856,187226,-0.903,-9.756,-1.156,0.219,0.645,-0.041,-19.950,-27.900,-0.150,34.8
15:05:12.908,187281,0.206,-9.215,-2.907,-0.084,0.803,-0.145,-19.950,-27.900,-0.150,35.0
15:05:12.962,187336,2.523,-10.609,-1.666,-0.258,0.203,-0.175,-21.900,-27.900,2.250,35.0
15:05:13.066,187391,2.658,-10.372,-1.681,-0.550,0.212,0.308,-21.900,-27.900,2.250,34.7
15:05:13.067,187446,2.512,-9.380,-1.714,-0.596,-0.528,0.665,-21.900,-27.900,2.250,34.9
15:05:13.118,187501,0.675,-10.343,-2.351,-0.808,-1.560,1.274,-21.900,-27.900,2.250,35.0
15:05:13.170,187556,1.726,-12.637,-1.140,-0.141,-0.314,1.600,-20.400,-26.400,-1.500,35.2
15:05:13.223,187611,-2.756,-9.934,-1.238,-0.047,-0.218,1.381,-14.250,-26.250,-2.850,34.9
15:05:13.275,187666,-2.411,-11.832,-1.226,0.394,0.606,1.019,-14.250,-26.250,-2.850,34.8
15:05:13.328,187721,-4.116,-9.531,-1.432,0.649,0.070,0.484,-9.000,-25.350,0.450,35.0
15:05:13.380,187776,-2.945,-10.046,-1.927,0.769,0.382,0.130,-9.000,-25.350,0.450,35.0
15:05:13.433,187831,-3.189,-10.144,-1.726,0.552,0.153,-0.072,-9.600,-26.700,2.100,34.8
15:05:13.537,187886,-2.804,-10.123,-1.544,0.369,0.117,-0.214,-9.600,-26.700,2.100,35.0
15:05:13.592,187941,-1.602,-10.084,-1.027,0.130,0.106,-0.215,-11.550,-27.750,2.850,34.8
15:05:13.643,187996,-2.059,-9.689,-0.941,-0.070,0.071,-0.199,-11.550,-27.750,2.850,34.9
15:05:13.697,188051,-1.592,-9.778,-1.008,-0.284,-0.051,0.002,-11.550,-27.750,2.850,34.9
15:05:13.749,188106,-2.284,-9.534,-1.480,-0.428,-0.100,0.117,-11.250,-27.750,2.550,35.0
15:05:13.801,188161,-2.150,-9.608,-1.932,-0.467,-0.135,0.131,-11.250,-27.750,2.550,34.9
15:05:13.853,188216,-2.962,-9.167,-2.377,-0.495,-0.649,0.092,-11.250,-28.050,2.550,34.9
15:05:13.905,188271,-2.684,-9.579,-1.951,-0.311,-0.421,-0.102,-11.250,-28.050,2.550,34.9
15:05:13.959,188326,-2.150,-9.519,-2.200,-0.315,-0.180,-0.135,-9.000,-26.400,0.450,34.9
15:05:14.012,188381,-2.401,-9.878,-1.899,-0.174,0.074,-0.134,-9.000,-26.400,0.450,35.1
15:05:14.063,188436,-2.251,-9.629,-2.356,-0.118,0.068,-0.336,-9.450,-25.350,-0.450,34.9
15:05:14.115,188491,-2.294,-9.773,-1.999,0.104,0.133,-0.402,-9.450,-25.350,-0.450,35.1
15:05:14.168,188546,-1.903,-9.675,-1.923,0.085,-0.079,-0.432,-10.800,-27.300,0.000,35.0
15:05:14.272,188601,-1.477,-9.725,-1.932,0.107,-0.080,-0.538,-10.800,-27.300,0.000,34.9
15:05:14.274,188656,-0.733,-9.831,-2.061,-0.059,-0.270,-0.482,-10.800,-27.300,0.000,35.0
15:05:14.325,188711,-0.218,-10.894,-2.179,-0.213,0.272,-0.401,-14.700,-28.500,-0.300,35.0
15:05:14.378,188766,0.175,-11.583,-3.194,-0.407,0.325,-0.590,-14.700,-28.500,-0.300,35.2
15:05:14.483,188821,2.229,-10.211,-1.891,-0.191,0.366,-0.629,-18.150,-28.500,-1.800,34.8
15:05:14.485,188876,0.194,-11.353,-1.951,0.288,-0.109,-0.737,-18.150,-28.500,-1.800,35.1
15:05:14.537,188931,0.876,-11.370,-1.089,0.327,-0.007,-0.755,-20.550,-28.500,-1.050,35.1
15:05:14.589,188986,2.021,-11.325,-1.293,0.282,0.224,-0.552,-20.550,-28.500,-1.050,34.8
15:05:14.641,189041,0.749,-10.618,-1.231,0.180,0.339,-0.380,-21.750,-30.600,1.350,34.8
15:05:14.747,189096,0.608,-10.252,-1.362,0.244,0.504,-0.265,-21.750,-30.600,1.350,35.0
15:05:14.799,189151,0.488,-11.159,-1.348,0.243,0.421,-0.183,-21.300,-30.300,1.050,35.0
15:05:14.850,189206,0.472,-10.436,-1.686,0.407,0.480,-0.244,-21.300,-30.300,1.050,35.1
15:05:14.904,189261,1.760,-8.837,-1.472,0.208,0.365,0.014,-21.300,-30.300,1.050,35.1
15:05:14.957,189316,1.140,-9.014,0.019,0.066,0.246,0.290,-21.150,-32.250,3.750,34.8
15:05:15.009,189371,1.441,-9.960,-0.857,-0.160,-0.498,0.333,-21.150,-32.250,3.750,34.9
15:05:15.060,189426,0.345,-7.389,-2.219,-0.388,0.132,0.403,-18.450,-34.050,3.750,34.9
15:05:15.113,189481,3.232,-9.974,1.413,-0.457,0.244,0.611,-18.450,-34.050,3.750,35.1
15:05:15.166,189536,3.124,-10.053,-0.304,-0.115,0.220,0.946,-15.900,-32.700,1.800,34.9
15:05:15.219,189591,0.802,-6.586,1.834,-0.164,0.010,1.191,-15.900,-32.700,1.800,35.1
15:05:15.270,189646,-3.632,-3.766,0.654,-0.670,-2.218,1.414,-11.400,-31.500,2.250,35.1
15:05:15.323,189701,3.749,-3.677,-2.260,-0.094,-3.419,-1.504,-3.600,-30.750,1.500,35.1
15:05:15.375,189756,6.215,-7.506,-0.962,0.422,-0.422,-1.567,-3.600,-30.750,1.500,35.1
15:05:15.428,189811,4.187,-10.070,-0.704,0.793,2.299,-0.997,-3.600,-30.750,1.500,34.8
15:05:15.534,189866,-14.356,-0.508,-3.333,1.086,1.870,-1.144,-3.600,-30.750,1.500,34.9
15:05:15.535,189921,6.582,-11.894,1.398,0.531,0.169,-0.873,-3.600,-30.750,1.500,35.0
15:05:15.639,189976,-1.437,-9.364,0.529,0.678,0.791,-0.639,-3.600,-30.750,1.500,34.9
15:05:15.640,190031,2.995,-10.853,1.709,0.178,-0.754,-0.633,-23.700,-32.100,11.700,35.1
15:05:15.691,190086,1.705,-10.889,1.518,0.137,0.397,-0.449,-23.700,-32.100,11.700,35.2
15:05:15.744,190141,3.886,-11.296,3.371,-0.088,0.019,-0.483,-27.150,-30.300,13.800,34.8
15:05:15.797,190196,2.988,-9.483,1.602,-0.198,-0.098,-0.401,-27.150,-30.300,13.800,34.9
15:05:15.901,190251,5.004,-10.743,3.036,-0.408,-0.269,-0.149,-29.850,-28.050,13.800,35.1
15:05:15.954,190306,4.080,-10.127,2.035,-0.306,0.109,0.050,-30.900,-28.650,12.600,35.1
15:05:16.005,190361,4.985,-10.477,2.138,-0.605,-0.208,-0.070,-30.900,-28.650,12.600,35.1
15:05:16.058,190416,4.882,-10.329,1.422,-0.434,-0.054,0.019,-32.250,-27.750,10.500,34.9
15:05:16.111,190471,3.723,-9.541,0.895,-0.316,-0.227,0.295,-32.250,-27.750,10.500,35.0
15:05:16.164,190526,3.572,-9.352,1.113,-0.350,0.320,0.341,-32.250,-27.750,10.500,34.8
15:05:16.217,190581,2.859,-9.946,-0.306,-0.266,0.079,0.463,-32.250,-27.750,10.500,34.8
15:05:16.268,190636,2.346,-9.179,0.414,-0.292,-0.134,0.445,-28.950,-26.850,8.550,35.2
15:05:16.372,190691,2.828,-9.445,0.390,-0.407,-0.546,0.515,-28.950,-26.850,8.550,35.0
15:05:16.374,190746,2.349,-10.683,0.007,-0.504,-0.744,0.428,-27.750,-28.200,7.350,35.0
15:05:16.426,190801,2.090,-12.409,-1.245,-0.486,0.265,0.155,-26.250,-30.000,6.000,35.1
15:05:16.479,190856,3.970,-15.431,-1.532,0.060,0.592,-0.365,-26.250,-30.000,6.000,35.0
15:05:16.532,190911,5.066,-14.866,0.158,0.524,-0.345,-0.804,-27.150,-27.300,5.100,35.0
15:05:16.584,190966,3.905,-12.220,1.128,0.591,-0.311,-0.985,-27.150,-27.300,5.100,34.8
15:05:16.636,191021,3.311,-9.728,1.128,0.333,0.182,-0.619,-30.600,-28.050,6.900,35.0
15:05:16.689,191076,2.574,-9.359,0.644,0.263,0.233,-0.411,-30.600,-28.050,6.900,35.0
15:05:16.742,191131,3.215,-10.460,0.967,0.294,0.387,-0.166,-30.600,-28.050,6.900,35.0
15:05:16.794,191186,3.867,-10.573,0.038,0.421,-0.258,0.336,-30.600,-28.050,6.900,35.1
15:05:16.846,191241,3.110,-8.483,0.074,0.273,0.037,0.612,-30.450,-29.400,10.650,34.8
15:05:16.898,191296,4.666,-8.344,1.508,-0.032,0.213,0.943,-30.450,-29.400,10.650,35.1
15:05:16.951,191351,3.668,-9.299,3.385,-0.445,0.536,1.216,-25.800,-30.450,11.100,34.8
15:05:17.057,191406,1.508,-5.607,-0.927,-0.679,-0.250,1.407,-21.150,-32.250,9.300,35.1
15:05:17.109,191461,3.304,-9.170,0.292,-0.476,-0.746,1.626,-21.150,-32.250,9.300,35.0
15:05:17.162,191516,1.999,-9.675,-0.737,-0.199,-1.200,1.870,-13.350,-34.800,6.750,35.0
15:05:17.266,191571,-3.879,-4.817,4.460,0.094,0.115,1.562,-13.350,-34.800,6.750,35.0
15:05:17.319,191626,1.958,-2.935,-0.220,0.941,-2.407,-1.267,-3.000,-32.700,7.650,35.0
15:05:17.321,191681,10.994,-7.037,1.523,0.822,0.046,-1.315,-3.000,-32.700,7.650,35.0
15:05:17.370,191736,3.062,-9.744,-1.492,1.140,1.543,-1.154,-3.000,-32.700,7.650,34.8
15:05:17.423,191791,-5.780,-2.514,-0.584,0.487,0.687,-1.401,-3.000,-32.700,7.650,35.1
15:05:17.477,191846,7.075,-12.981,3.716,0.037,-0.037,-1.446,-16.050,-34.350,15.450,35.1
15:05:17.529,191901,-3.426,-8.626,1.829,-0.469,-0.809,-1.210,-23.700,-29.550,17.850,35.1
15:05:17.633,191956,7.623,-11.602,4.496,0.336,0.369,-0.384,-23.700,-29.550,17.850,35.2
15:05:17.635,192011,0.713,-9.536,2.251,0.006,0.077,-0.111,-27.300,-31.200,17.250,35.0
15:05:17.737,192066,5.878,-9.931,4.209,-0.288,0.227,0.025,-27.300,-31.200,17.250,35.1
15:05:17.739,192121,2.653,-10.068,2.777,-0.972,-0.145,-0.011,-30.900,-29.700,16.950,34.7
15:05:17.792,192176,3.644,-11.021,2.045,-1.136,-0.325,0.268,-30.900,-29.700,16.950,34.8
15:05:17.844,192231,3.996,-11.100,1.659,-1.265,0.134,0.302,-28.350,-28.050,13.050,35.1
15:05:17.896,192286,2.720,-11.578,-0.108,-1.191,0.188,0.155,-28.350,-28.050,13.050,35.1
15:05:17.949,192341,4.973,-11.456,0.328,-0.896,-0.053,0.198,-28.350,-28.050,13.050,35.0
15:05:18.001,192396,3.261,-9.907,-0.656,-0.794,-0.076,0.315,-28.350,-28.050,13.050,35.1
15:05:18.054,192451,2.715,-9.694,-1.671,-0.754,0.004,0.582,-28.350,-27.000,5.400,35.1
15:05:18.107,192506,2.574,-9.625,-1.563,-0.811,-0.209,0.784,-26.250,-28.200,2.250,35.0
15:05:18.211,192561,1.678,-10.051,-1.417,-0.759,-0.047,0.810,-26.250,-28.200,2.250,34.9
15:05:18.263,192616,1.463,-10.523,-1.362,-0.608,-0.276,0.852,-23.400,-25.350,0.450,34.8
15:05:18.317,192671,0.237,-9.804,-1.860,-0.342,-0.029,0.748,-23.400,-25.350,0.450,34.8
15:05:18.368,192726,-0.151,-9.993,-1.709,-0.374,-0.352,0.682,-19.950,-25.050,-1.200,35.1
15:05:18.420,192781,-0.170,-10.010,-2.729,-0.213,0.211,0.700,-19.950,-25.050,-1.200,35.0
15:05:18.473,192836,-0.819,-10.058,-2.895,-0.250,-0.002,0.498,-16.650,-25.500,-2.850,35.1
15:05:18.527,192891,-2.380,-10.762,-2.571,-0.042,0.086,0.021,-16.650,-25.500,-2.850,34.8
15:05:18.579,192946,-0.306,-10.190,-2.942,-0.293,0.013,0.093,-16.650,-25.500,-2.850,34.9
15:05:18.632,193001,-0.024,-10.633,-2.351,-0.129,0.183,0.097,-16.650,-25.500,-2.850,35.0
15:05:18.684,193056,-0.510,-11.365,-3.903,-0.074,0.135,-0.168,-16.650,-25.500,-2.850,35.1
15:05:18.737,193111,0.172,-14.181,-2.526,0.126,0.615,-0.621,-17.400,-26.700,-0.600,35.1
15:05:18.789,193166,1.264,-13.453,-4.008,0.562,0.614,-1.189,-17.400,-26.700,-0.600,35.0
15:05:18.842,193221,0.977,-11.703,-1.942,0.661,0.125,-0.919,-21.450,-26.400,0.150,34.9
15:05:18.893,193276,1.872,-9.708,-1.961,0.387,0.393,-0.759,-21.450,-26.400,0.150,34.8
15:05:18.947,193331,1.700,-9.783,-0.591,0.088,0.065,-0.345,-24.300,-26.850,1.950,35.0
15:05:18.998,193386,1.113,-10.312,-1.595,0.080,0.455,-0.275,-24.300,-26.850,1.950,35.1
15:05:19.051,193441,1.149,-10.156,-0.946,0.235,0.392,-0.329,-25.350,-27.900,1.500,35.1
15:05:19.104,193496,1.190,-9.637,-1.147,0.047,0.244,0.058,-25.350,-27.900,1.500,35.0
15:05:19.156,193551,1.985,-9.452,-0.694,0.061,0.297,0.004,-25.350,-27.900,1.500,35.1
15:05:19.209,193606,2.152,-9.285,-0.723,-0.030,0.208,0.085,-25.350,-27.900,1.500,35.1
15:05:19.314,193661,1.030,-8.531,-1.573,-0.147,0.310,0.457,-25.350,-27.900,1.500,35.1
15:05:19.316,193716,0.773,-9.024,-1.307,-0.346,0.286,0.665,-23.400,-31.500,3.450,35.0
15:05:19.418,193771,1.437,-7.915,-2.626,-0.253,-0.025,0.607,-23.400,-31.500,3.450,35.2
15:05:19.471,193826,0.419,-9.115,-1.317,-0.192,-0.031,0.460,-20.550,-30.900,2.850,35.0
15:05:19.524,193881,0.438,-9.481,-1.525,-0.088,0.299,0.273,-20.550,-30.900,2.850,35.0
15:05:19.576,193936,1.003,-9.431,-1.379,-0.177,0.114,0.345,-19.200,-31.800,2.250,35.0
15:05:19.628,193991,1.192,-9.850,-1.544,-0.002,0.116,0.430,-19.200,-31.800,2.250,35.0
15:05:19.681,194046,1.080,-10.281,-1.166,0.081,-0.477,0.441,-16.500,-31.800,-0.150,35.3
15:05:19.734,194101,-2.708,-5.772,-0.227,-0.496,-1.694,1.140,-16.500,-31.800,-0.150,34.8
15:05:19.787,194156,-1.528,-4.228,-2.310,-0.745,-0.787,0.500,-16.500,-31.800,-0.150,35.1
15:05:19.839,194211,1.118,-3.498,-0.948,0.126,-0.363,-2.215,-16.500,-31.800,-0.150,35.0
15:05:19.890,194266,4.566,-6.689,-1.286,0.340,-0.216,-2.174,-16.500,-31.800,-0.150,35.0
15:05:19.943,194321,-0.077,-8.957,1.853,0.110,1.527,-1.689,-15.150,-28.050,-1.350,34.8
15:05:19.997,194376,2.442,-10.127,-0.594,0.306,-0.866,-1.919,-15.150,-28.050,-1.350,35.0
15:05:20.048,194431,4.841,-7.515,-3.582,0.228,-0.635,-1.630,-27.300,-29.400,1.500,35.2
15:05:20.100,194486,3.172,-10.805,0.069,0.218,-0.218,-1.281,-27.300,-29.400,1.500,34.8
15:05:20.153,194541,3.278,-9.979,-1.575,-0.387,-0.497,-0.913,-32.550,-28.050,2.550,34.9
15:05:20.205,194596,6.282,-9.685,-1.460,-0.386,-0.578,-0.329,-37.650,-25.500,-0.600,35.1
15:05:20.258,194651,6.208,-9.275,-2.330,-0.674,-0.833,-0.284,-37.650,-25.500,-0.600,35.2
15:05:20.310,194706,6.165,-9.637,-2.126,-0.601,0.074,0.086,-38.400,-24.150,-1.350,35.0
15:05:20.364,194761,5.590,-9.036,-3.742,-0.407,-0.129,0.143,-38.400,-24.150,-1.350,35.1
15:05:20.415,194816,5.119,-9.591,-2.162,0.081,0.019,0.397,-38.400,-24.150,-1.350,35.1
15:05:20.522,194871,4.985,-9.215,-3.421,-0.128,0.265,0.484,-38.400,-24.150,-1.350,35.1
15:05:20.574,194926,4.590,-9.764,-2.978,0.008,-0.060,0.265,-36.750,-21.750,-2.250,35.4
15:05:20.626,194981,4.456,-9.771,-1.997,0.093,0.448,0.127,-36.750,-21.750,-2.250,35.1
15:05:20.679,195036,5.198,-9.579,-2.397,0.219,0.124,-0.020,-36.150,-23.100,-0.600,35.1
15:05:20.732,195091,4.305,-8.811,-1.377,0.200,0.406,0.427,-36.150,-23.100,-0.600,35.1
15:05:20.784,195146,5.025,-8.653,-1.774,0.075,0.245,0.500,-37.050,-21.450,1.200,35.3
15:05:20.836,195201,2.756,-8.705,-1.578,-0.206,0.035,0.673,-34.200,-22.650,1.800,35.1
15:05:20.889,195256,4.468,-8.792,-1.829,-0.175,-0.033,0.559,-34.200,-22.650,1.800,35.0
15:05:20.942,195311,3.244,-9.773,-1.520,-0.256,0.119,0.625,-32.850,-25.050,3.000,34.9
15:05:20.994,195366,4.264,-11.617,-2.164,-0.281,0.019,0.254,-32.850,-25.050,3.000,35.1
15:05:21.046,195421,5.145,-13.616,-1.709,0.147,0.317,-0.300,-32.850,-25.050,3.000,35.1
15:05:21.152,195476,4.233,-12.316,-2.095,0.306,0.063,-0.289,-32.850,-25.050,3.000,35.0
15:05:21.153,195531,4.654,-11.147,-1.460,0.496,0.335,-0.225,-33.750,-26.250,4.350,35.1
15:05:21.204,195586,2.521,-10.063,-1.269,0.460,-0.025,0.305,-33.750,-26.250,4.350,35.0
15:05:21.255,195641,3.038,-10.001,-1.207,0.280,0.050,0.107,-30.900,-26.400,4.800,34.9
15:05:21.308,195696,2.727,-9.821,-1.207,0.140,-0.097,-0.058,-30.600,-27.750,4.650,34.8
15:05:21.361,195751,1.954,-9.876,-1.207,-0.054,-0.279,0.374,-30.600,-27.750,4.650,35.1
15:05:21.413,195806,2.543,-9.287,-1.022,0.100,-0.011,0.374,-29.100,-29.850,5.850,34.8
15:05:21.466,195861,2.942,-8.660,-0.886,-0.056,-0.108,0.428,-29.100,-29.850,5.850,35.1
15:05:21.518,195916,2.413,-8.590,-1.360,-0.409,-0.177,0.688,-27.900,-30.300,4.350,35.1
15:05:21.571,195971,2.172,-9.007,-1.137,-0.304,-0.162,0.670,-27.900,-30.300,4.350,35.0
15:05:21.677,196026,1.429,-7.870,-0.529,-0.379,0.097,0.701,-27.900,-30.300,4.350,34.9
15:05:21.729,196081,0.855,-7.142,-1.786,-0.293,0.029,0.811,-27.900,-30.300,4.350,34.7
15:05:21.782,196136,1.662,-8.392,-1.602,0.157,0.350,0.607,-20.550,-30.900,0.300,35.1
15:05:21.834,196191,1.556,-11.344,-0.972,0.173,-0.357,1.046,-20.550,-30.900,0.300,35.0
15:05:21.887,196246,-1.487,-6.050,-1.434,-0.885,-0.863,2.123,-16.800,-32.550,-0.450,35.2
15:05:21.938,196301,-0.867,-6.778,-2.610,-0.626,-1.155,0.707,-7.650,-29.550,-2.100,35.0
15:05:21.991,196356,3.680,-5.787,-0.261,0.334,-0.287,-1.515,-7.650,-29.550,-2.100,35.1
15:05:22.043,196411,0.055,-4.142,-1.085,0.296,-1.532,-2.221,-9.600,-28.500,0.000,35.1
15:05:22.097,196466,1.949,-5.011,-0.457,0.541,1.404,-2.051,-9.600,-28.500,0.000,34.8
15:05:22.149,196521,2.162,-6.960,-1.867,0.609,1.696,-1.868,-19.800,-29.850,1.800,35.3
15:05:22.202,196576,3.438,-10.077,-0.292,-0.637,-0.564,-0.797,-19.800,-29.850,1.800,35.2
15:05:22.253,196631,4.855,-8.435,-4.298,-0.844,0.113,-0.695,-27.300,-29.400,1.950,35.1
15:05:22.305,196687,3.433,-10.242,-0.778,-0.701,0.527,-0.499,-27.300,-29.400,1.950,35.0
15:05:22.358,196741,1.690,-10.745,-1.516,-0.207,0.280,-0.100,-27.300,-29.400,1.950,35.2
15:05:22.412,196796,2.713,-11.234,-1.080,-0.250,-0.350,0.428,-31.950,-28.650,1.950,35.1
15:05:22.462,196851,3.081,-11.578,-1.925,0.269,0.204,0.818,-31.950,-28.650,1.950,34.7
15:05:22.515,196906,4.559,-12.067,-2.188,0.002,0.280,0.649,-32.250,-27.300,2.100,35.2
15:05:22.619,196961,3.151,-11.135,-2.073,-0.253,0.567,0.470,-32.250,-27.300,2.100,35.3
15:05:22.621,197016,2.215,-11.188,-2.421,-0.312,0.039,0.350,-29.100,-28.050,4.650,35.0
15:05:22.674,197071,1.092,-10.379,-1.195,-0.229,0.212,0.006,-29.100,-28.050,4.650,35.1
15:05:22.727,197126,2.025,-9.831,-1.968,-0.327,0.124,-0.119,-31.050,-25.200,3.900,35.1
15:05:22.830,197181,1.709,-9.618,-1.839,-0.107,0.280,-0.144,-31.050,-25.200,3.900,35.1
15:05:22.883,197236,2.851,-9.395,-2.234,-0.122,-0.018,-0.013,-30.900,-25.800,4.200,34.9
15:05:22.936,197291,3.986,-9.309,-2.871,-0.268,-0.852,0.240,-30.900,-25.800,4.200,35.1
15:05:22.989,197346,1.446,-9.658,-0.333,0.000,-0.160,0.329,-30.900,-25.800,4.200,35.1
15:05:23.040,197401,2.160,-10.520,-2.255,-0.071,0.500,0.283,-28.500,-25.350,3.000,35.3
15:05:23.093,197456,3.407,-13.333,-2.107,-0.009,0.166,-0.190,-28.500,-25.350,3.000,35.1
15:05:23.147,197511,3.203,-12.957,-2.804,0.469,0.452,-0.338,-28.350,-25.950,3.600,35.0
15:05:23.199,197566,3.120,-12.084,-1.659,0.651,0.127,-0.389,-28.350,-25.950,3.600,35.0
15:05:23.251,197621,2.399,-11.270,-1.269,0.584,-0.034,-0.458,-30.450,-26.100,5.550,35.0
15:05:23.303,197676,2.519,-10.709,-0.316,0.466,0.097,-0.365,-30.450,-26.100,5.550,34.9
15:05:23.355,197731,1.867,-9.747,-0.879,0.476,-0.039,-0.116,-30.600,-28.050,6.150,35.1
15:05:23.408,197786,2.646,-10.388,-1.286,0.264,-0.111,-0.038,-30.600,-28.050,6.150,35.1
15:05:23.461,197841,4.834,-6.701,0.438,-0.203,-0.327,0.193,-31.800,-29.850,7.200,35.1
15:05:23.513,197896,2.471,-9.443,-1.025,-0.063,-0.268,0.181,-31.800,-29.850,7.200,35.2
15:05:23.566,197951,2.720,-9.388,-1.190,-0.216,-0.369,0.230,-31.800,-29.850,7.200,35.1
15:05:23.620,198006,2.114,-9.057,-0.888,-0.365,-0.194,0.572,-28.950,-31.800,5.250,34.9
15:05:23.672,198061,2.155,-8.217,-0.953,-0.426,-0.191,0.806,-28.950,-31.800,5.250,34.9
15:05:23.724,198116,2.322,-9.031,-1.858,-0.375,0.081,0.788,-25.350,-31.500,3.000,35.1
15:05:23.777,198171,2.203,-10.851,-1.470,-0.184,0.307,0.946,-25.350,-31.500,3.000,35.1
15:05:23.829,198226,1.314,-11.401,-0.321,-0.383,0.130,2.105,-20.400,-33.000,1.500,35.0
15:05:23.881,198281,-5.576,4.130,1.791,-1.433,-2.091,3.681,-20.400,-33.000,1.500,34.9
15:05:23.985,198336,9.483,-7.017,-2.789,-1.100,-5.080,0.599,-7.950,-28.950,-1.950,34.9
15:05:24.038,198391,-1.638,-6.649,-5.329,-0.286,-2.202,-1.604,2.250,-25.950,0.300,34.9
15:05:24.092,198446,5.080,-5.926,-3.472,0.216,0.611,-1.982,2.250,-25.950,0.300,34.7
15:05:24.144,198501,-0.713,-5.629,-2.253,0.625,2.659,-2.123,2.250,-25.950,0.300,35.1
15:05:24.197,198556,-0.438,-8.490,-0.306,0.646,0.595,-1.573,2.250,-25.950,0.300,35.3
15:05:24.248,198611,1.192,-8.586,0.199,1.025,-0.163,-0.760,-16.200,-30.900,3.900,35.1
15:05:24.302,198666,0.898,-9.467,-0.527,0.989,-0.008,-0.133,-16.200,-30.900,3.900,35.0
15:05:24.354,198721,2.655,-11.155,0.184,0.544,0.139,-0.161,-20.400,-31.800,5.550,35.1
15:05:24.407,198776,3.165,-11.435,1.293,-0.145,0.331,-0.054,-20.400,-31.800,5.550,35.1
15:05:24.458,198831,2.011,-11.234,0.395,-0.667,-0.322,0.513,-22.350,-32.550,8.850,34.9
15:05:24.511,198886,1.228,-12.024,0.393,-0.667,0.371,0.568,-22.350,-32.550,8.850,35.1
15:05:24.563,198941,0.725,-12.673,-0.627,-0.207,-0.063,0.503,-19.800,-29.550,8.400,35.1
15:05:24.616,198996,-0.268,-12.110,0.275,0.427,0.123,0.559,-20.400,-30.750,7.050,35.2
15:05:24.722,199051,0.675,-11.499,0.338,0.490,-0.221,0.427,-20.400,-30.750,7.050,35.1
15:05:24.723,199106,0.919,-10.436,0.570,0.440,0.080,-0.059,-20.400,-30.750,7.050,35.4
15:05:24.774,199161,1.113,-10.137,0.230,-0.033,0.240,-0.161,-20.400,-30.750,7.050,35.1
15:05:24.826,199216,1.717,-10.470,1.556,-0.095,-0.047,-0.276,-21.000,-32.100,8.700,34.8
15:05:24.879,199271,0.608,-9.481,0.974,-0.419,0.003,-0.155,-21.000,-32.100,8.700,35.1
15:05:24.930,199326,1.887,-11.411,1.085,-0.421,-0.062,-0.102,-20.700,-31.500,8.550,35.1
15:05:24.983,199381,3.074,-14.538,0.690,-0.095,0.257,-0.705,-20.700,-31.500,8.550,35.1
15:05:25.036,199436,3.747,-14.803,0.579,-0.029,-0.010,-0.815,-23.850,-32.550,7.800,35.1
15:05:25.141,199491,1.745,-12.582,0.986,0.045,0.067,-0.561,-25.050,-30.000,6.000,35.1
15:05:25.194,199546,2.583,-11.258,0.563,0.000,0.070,-0.340,-25.050,-30.000,6.000,35.3
15:05:25.246,199601,1.240,-11.356,0.733,-0.092,0.241,-0.290,-24.600,-31.200,8.100,35.0
15:05:25.298,199656,1.568,-9.689,0.962,-0.289,0.343,-0.249,-24.600,-31.200,8.100,35.0
15:05:25.352,199711,1.480,-8.854,-0.077,-0.586,0.104,-0.009,-24.600,-31.200,8.100,35.3
15:05:25.404,199766,1.946,-8.990,0.175,-0.670,0.052,0.090,-24.600,-31.200,8.100,35.0
15:05:25.457,199821,2.236,-8.911,-0.311,-0.515,0.413,0.431,-24.600,-31.200,8.100,35.1
15:05:25.508,199876,2.320,-8.526,-1.425,-0.489,0.117,0.708,-24.600,-31.200,8.100,35.1
15:05:25.560,199931,1.695,-7.815,-1.470,-0.549,0.528,0.946,-22.350,-30.450,5.550,35.3
15:05:25.613,199986,1.238,-8.033,-0.876,-0.585,0.578,0.733,-22.350,-30.450,5.550,34.8
15:05:25.666,200041,0.972,-8.727,-0.948,-0.357,0.756,0.590,-19.500,-31.500,3.750,35.1
15:05:25.719,200096,0.608,-8.413,-1.712,-0.276,0.099,0.557,-16.800,-30.750,1.950,35.3
15:05:25.772,200151,0.484,-9.294,-0.867,-0.536,-0.350,1.182,-16.800,-30.750,1.950,35.3
15:05:25.824,200206,-0.373,-6.223,-0.168,-1.108,-0.386,1.509,-11.400,-29.700,-1.200,35.2
15:05:25.877,200261,-0.965,-4.745,-0.134,-0.448,-0.140,0.806,-11.400,-29.700,-1.200,35.2
15:05:25.929,200316,-1.367,-4.137,0.484,0.266,-1.186,-1.481,-11.400,-29.700,-1.200,34.9
15:05:25.982,200371,2.691,-5.387,-3.151,1.121,0.005,-2.412,-11.400,-29.700,-1.200,35.1
15:05:26.033,200426,4.281,-9.483,-1.896,0.656,-0.060,-1.850,-11.400,-29.700,-1.200,35.0
15:05:26.087,200481,-2.212,-11.538,-0.840,0.714,-0.212,-1.283,-11.400,-29.700,-1.200,35.3
15:05:26.139,200536,2.234,-9.227,-0.196,0.627,-0.175,-0.912,-24.300,-31.200,3.750,35.0
15:05:26.192,200591,2.612,-9.498,-0.328,0.438,-0.363,-0.218,-27.150,-29.850,5.850,35.1
15:05:26.297,200646,2.940,-11.571,0.328,0.006,-0.062,0.085,-27.150,-29.850,5.850,35.1
15:05:26.348,200701,3.292,-11.088,-0.694,-0.369,-0.195,0.029,-28.350,-28.800,7.200,35.1
15:05:26.401,200756,2.516,-11.660,-0.328,-0.541,-0.368,-0.284,-28.350,-28.800,7.200,34.8
15:05:26.505,200811,2.583,-10.886,-0.225,-0.644,-0.311,-0.600,-28.650,-26.250,5.850,35.0
15:05:26.507,200866,3.814,-11.787,-0.903,-1.026,-0.349,-0.283,-28.650,-26.250,5.850,35.2
15:05:26.558,200921,4.432,-11.564,-0.989,-0.644,-0.225,-0.245,-30.300,-24.900,2.100,34.9
15:05:26.610,200976,4.453,-10.077,-2.200,-0.247,-0.316,0.021,-30.300,-24.900,2.100,35.1
15:05:26.663,201031,4.714,-10.214,-2.025,-0.175,-0.289,0.248,-30.300,-24.900,2.100,35.1
15:05:26.717,201086,4.434,-9.723,-2.504,-0.269,-0.108,0.224,-30.600,-23.400,1.350,35.1
15:05:26.821,201141,4.293,-10.053,-2.634,-0.315,0.200,0.280,-30.600,-23.400,1.350,35.2
15:05:26.822,201196,3.187,-9.440,-2.351,-0.395,-0.102,0.256,-29.700,-23.250,-2.250,35.1
15:05:26.874,201251,2.653,-9.627,-1.851,-0.404,0.261,0.499,-29.700,-23.250,-2.250,35.4
15:05:26.927,201306,3.622,-10.879,-2.974,-0.124,0.382,0.369,-29.250,-24.300,-1.950,35.1
15:05:26.978,201361,3.929,-14.174,-3.306,0.219,0.570,0.086,-29.250,-24.300,-1.950,35.1
15:05:27.031,201416,4.685,-13.470,-2.713,0.605,0.421,-0.952,-29.850,-24.450,0.000,34.8
15:05:27.137,201471,4.618,-10.877,-1.841,0.396,0.415,-0.816,-29.850,-24.450,0.000,35.0
15:05:27.138,201526,3.689,-10.379,-0.792,0.217,0.833,-0.278,-32.400,-25.800,1.950,35.2
15:05:27.189,201581,2.993,-9.553,-0.785,0.146,0.277,-0.130,-32.400,-25.800,1.950,34.8
15:05:27.241,201636,2.626,-9.258,-0.582,0.104,0.279,0.202,-32.400,-25.800,1.950,35.1
15:05:27.293,201691,3.237,-9.922,-0.539,0.222,-0.037,0.219,-33.150,-27.600,4.800,35.1
15:05:27.346,201746,2.954,-8.799,-1.355,0.317,0.011,0.301,-33.150,-27.600,4.800,35.3
15:05:27.450,201801,2.512,-8.066,-0.891,-0.257,-0.307,0.760,-30.450,-30.000,4.200,35.1
15:05:27.504,201856,2.497,-8.121,-1.188,-0.195,-0.035,0.732,-30.450,-30.000,4.200,35.2
15:05:27.608,201911,1.626,-8.708,-0.905,-0.239,0.218,0.723,-28.350,-29.850,1.800,35.2
15:05:27.610,201966,1.822,-8.863,-0.826,-0.263,0.064,0.725,-28.350,-29.850,1.800,34.8
15:05:27.660,202021,1.384,-9.711,-0.860,-0.355,0.246,0.725,-24.600,-31.500,2.700,35.1
15:05:27.713,202076,1.032,-10.084,-1.267,-0.182,0.090,0.847,-24.600,-31.500,2.700,35.1
15:05:27.766,202131,0.790,-8.167,-2.172,-0.345,-0.112,1.206,-20.100,-29.850,0.600,35.0
15:05:27.819,202186,0.728,-8.538,-1.360,-0.049,0.036,1.024,-20.100,-29.850,0.600,35.0
15:05:27.872,202241,-1.460,-7.882,-1.604,-0.250,-0.854,1.177,-20.100,-29.850,0.600,35.1
15:05:27.924,202296,-0.919,-7.472,-1.104,-0.103,-0.239,1.113,-10.500,-31.350,-1.050,35.3
15:05:27.975,202351,-0.819,-8.183,-1.662,-0.365,-0.817,0.743,-10.500,-31.350,-1.050,35.0
15:05:28.080,202406,0.503,-6.376,-1.561,0.362,0.372,-0.943,-6.000,-28.950,-2.700,35.3
15:05:28.082,202461,-0.091,-4.259,-0.713,0.928,-0.285,-2.310,-6.000,-28.950,-2.700,35.0
15:05:28.133,202516,2.466,-6.481,-1.274,0.874,0.601,-2.087,-12.900,-29.700,1.500,35.1
15:05:28.187,202571,0.328,-6.414,0.723,0.632,-0.022,-2.041,-12.900,-29.700,1.500,35.1
15:05:28.239,202626,1.642,-5.679,-0.632,0.450,0.792,-1.840,-24.000,-30.900,5.850,35.0
15:05:28.343,202681,3.541,-8.135,-0.041,-0.386,-0.287,-0.582,-24.000,-30.900,5.850,35.0
15:05:28.345,202736,3.196,-10.772,-0.369,-0.171,0.028,-0.253,-31.500,-30.900,6.450,34.8
15:05:28.397,202791,2.911,-10.685,-0.991,-0.855,0.267,0.160,-31.500,-30.900,6.450,35.0
15:05:28.449,202846,4.702,-12.256,-1.178,-1.020,0.116,0.316,-31.500,-30.900,6.450,35.1
15:05:28.502,202901,2.610,-13.463,-2.210,-0.763,-0.095,0.265,-31.500,-30.900,6.450,35.1
15:05:28.607,202956,2.109,-12.984,-0.622,-0.244,0.062,0.351,-31.500,-30.900,6.450,35.2
15:05:28.659,203011,3.405,-12.012,-0.888,-0.136,0.040,0.159,-32.250,-27.000,5.400,35.1
15:05:28.710,203066,3.002,-11.059,-1.039,0.123,-0.103,-0.040,-32.250,-27.000,5.400,35.3
15:05:28.763,203121,3.563,-10.554,-0.790,0.354,-0.713,0.097,-32.850,-25.800,5.250,34.9
15:05:28.816,203176,2.974,-9.804,-0.795,0.297,-0.925,0.261,-32.850,-25.800,5.250,34.8
15:05:28.869,203231,3.266,-9.050,-1.300,-0.132,-0.915,0.400,-30.300,-25.950,4.650,35.1
15:05:28.922,203286,2.658,-9.122,-2.282,-0.499,-0.723,0.306,-28.500,-26.400,3.450,35.1
15:05:28.974,203341,3.187,-11.734,-1.271,-0.459,0.683,0.196,-28.500,-26.400,3.450,35.2
15:05:29.025,203396,4.963,-15.313,-2.016,-0.007,0.656,-0.545,-28.500,-26.400,3.450,35.3
15:05:29.078,203451,4.372,-14.133,-1.271,0.558,0.288,-0.844,-28.500,-26.400,3.450,35.2
15:05:29.131,203506,4.645,-11.734,-0.453,0.741,0.095,-0.809,-28.500,-26.400,3.450,35.1
15:05:29.184,203561,3.757,-9.457,-1.264,0.388,0.097,-0.147,-28.500,-26.400,3.450,35.1
15:05:29.235,203616,3.508,-10.025,-0.249,0.532,-0.073,-0.144,-31.050,-27.300,6.900,35.1
15:05:29.288,203671,2.564,-9.644,0.304,0.404,-0.306,-0.292,-31.050,-27.300,6.900,35.0
15:05:29.341,203726,4.247,-9.541,-1.329,0.167,0.325,-0.104,-30.900,-28.200,7.350,35.1
15:05:29.394,203781,2.861,-9.608,0.227,-0.046,-0.101,0.282,-30.900,-28.200,7.350,35.1
15:05:29.447,203836,4.216,-9.462,0.163,-0.222,-0.175,0.777,-31.500,-29.850,5.400,35.3
15:05:29.499,203891,2.121,-7.372,-0.917,-0.533,-0.119,1.102,-28.350,-29.550,6.900,35.2
15:05:29.550,203946,1.506,-8.650,-0.275,-0.735,-0.378,0.975,-28.350,-29.550,6.900,35.0
15:05:29.603,204001,1.784,-9.426,-1.192,-0.556,-0.140,0.778,-23.700,-31.350,3.600,35.5
15:05:29.656,204056,0.778,-8.485,-1.657,-0.546,-0.177,0.877,-23.700,-31.350,3.600,35.2
15:05:29.760,204111,1.796,-8.701,-1.822,-0.493,-0.191,0.791,-23.700,-31.350,3.600,35.1
15:05:29.813,204166,-0.242,-8.780,-2.265,-0.404,0.204,0.750,-23.700,-31.350,3.600,35.3
15:05:29.866,204221,1.281,-9.541,-2.404,-0.296,-0.061,1.087,-16.200,-30.900,-1.350,35.3
15:05:29.919,204276,0.675,-9.577,-0.965,-0.179,-0.345,1.395,-16.200,-30.900,-1.350,35.1
15:05:30.023,204331,-2.279,-5.428,-2.318,-0.148,-1.087,1.798,-11.550,-32.100,-3.150,34.8
15:05:30.025,204386,-2.904,-6.613,-0.850,-0.082,-2.848,-0.267,-2.250,-28.500,-2.550,35.1
15:05:30.076,204441,2.849,-3.838,-1.891,0.709,-1.916,-2.241,-2.250,-28.500,-2.550,35.2
15:05:30.129,204496,1.499,-4.645,-2.813,0.544,0.266,-2.014,-7.950,-29.400,0.900,35.3
15:05:30.180,204551,1.597,-8.684,-0.637,0.305,0.603,-1.921,-7.950,-29.400,0.900,35.1
15:05:30.234,204606,0.735,-9.318,0.254,-0.049,0.140,-1.492,-19.800,-31.350,2.850,35.1
15:05:30.287,204661,1.231,-8.882,-1.080,-0.330,-0.240,-1.309,-19.800,-31.350,2.850,35.3
15:05:30.339,204716,2.258,-10.870,-0.194,-0.251,-0.405,-0.879,-19.800,-31.350,2.850,34.8
15:05:30.390,204771,4.882,-13.850,-1.257,0.279,-0.641,-0.071,-19.800,-31.350,2.850,35.0
15:05:30.443,204826,3.594,-12.749,1.267,0.876,-0.369,0.301,-29.550,-30.300,2.850,35.1
15:05:30.497,204881,3.024,-10.532,-1.709,0.086,0.042,0.109,-28.950,-28.650,3.750,35.2
15:05:30.549,204936,2.947,-10.070,-0.103,-0.025,0.199,-0.280,-28.950,-28.650,3.750,35.1
15:05:30.601,204991,4.027,-10.652,0.273,-0.179,0.154,-0.283,-30.900,-29.400,4.200,35.1
15:05:30.756,205046,3.833,-10.250,-0.072,-0.212,0.278,-0.317,-30.900,-29.400,4.200,35.2
15:05:30.810,205101,4.417,-10.242,-0.500,0.130,0.094,-0.014,-33.450,-27.750,3.900,35.0
15:05:30.812,205156,4.748,-10.800,-0.591,0.077,0.153,0.521,-33.450,-27.750,3.900,35.1
15:05:30.814,205211,3.476,-10.405,-0.639,-0.097,-0.141,0.688,-30.450,-28.200,6.000,35.0
15:05:30.916,205266,2.693,-10.013,-1.185,-0.550,-0.639,0.824,-30.450,-28.200,6.000,35.1
15:05:31.021,205321,2.193,-11.135,0.151,-0.684,-0.338,0.529,-30.450,-28.200,6.000,35.1
15:05:31.022,205376,2.002,-10.192,-0.941,-0.441,0.915,0.610,-30.450,-28.200,6.000,35.1
15:05:31.126,205431,0.239,-10.329,-0.045,-0.400,1.034,0.418,-30.450,-28.200,6.000,35.2
15:05:31.127,205486,1.757,-10.190,-1.568,-0.249,0.469,0.222,-23.400,-28.200,3.000,34.8
15:05:31.179,205541,0.522,-9.766,-1.623,-0.029,0.291,0.035,-23.400,-28.200,3.000,35.1
15:05:31.231,205596,0.730,-9.735,-0.649,0.085,0.059,-0.007,-22.950,-28.050,5.850,35.3
15:05:31.335,205651,1.664,-9.110,-0.503,-0.014,-0.268,-0.169,-22.950,-28.050,5.850,35.1
15:05:31.337,205706,1.841,-9.055,-0.922,-0.208,-0.155,0.182,-23.250,-28.500,4.350,35.3
15:05:31.389,205761,0.625,-11.193,-1.231,-0.311,0.470,0.259,-23.250,-28.500,4.350,35.1
15:05:31.442,205816,2.933,-14.315,-3.510,-0.212,0.620,-0.397,-22.050,-27.750,1.350,35.0
15:05:31.494,205871,3.519,-13.992,-1.585,0.295,0.690,-1.083,-22.050,-27.750,1.350,35.0
15:05:31.547,205926,2.274,-12.948,-0.335,0.305,-0.148,-1.055,-25.650,-28.500,2.550,35.0
15:05:31.598,205981,3.270,-9.862,-0.852,-0.127,0.403,-0.839,-25.650,-28.500,2.550,35.0
15:05:31.651,206036,3.103,-9.017,-1.312,-0.353,0.110,-0.232,-25.650,-28.500,2.550,35.2
15:05:31.704,206091,2.224,-9.153,-0.625,-0.225,0.020,0.036,-30.600,-28.050,2.850,35.4
15:05:31.756,206146,2.109,-8.770,-1.573,-0.372,-0.024,-0.017,-30.600,-28.050,2.850,35.1
15:05:31.860,206201,0.601,-9.230,-1.322,-0.287,0.008,0.050,-31.800,-28.500,4.350,35.1
15:05:31.862,206256,3.634,-9.732,-1.176,-0.194,-0.114,0.193,-31.800,-28.500,4.350,35.1
15:05:31.914,206311,3.905,-9.155,-0.591,-0.158,0.572,0.464,-31.950,-30.750,0.900,35.1
15:05:31.967,206366,4.250,-8.983,-1.101,-0.167,0.605,0.561,-31.950,-30.750,0.900,35.3
15:05:32.071,206421,0.378,-8.308,-1.484,-0.108,1.055,0.998,-30.300,-29.550,1.050,35.1
15:05:32.123,206476,2.940,-9.620,-1.635,0.050,0.895,0.938,-30.300,-29.550,1.050,35.3
15:05:32.177,206531,1.369,-9.481,-1.982,0.561,0.498,0.979,-26.250,-30.450,2.700,35.3
15:05:32.228,206586,0.065,-9.093,-1.140,1.020,0.096,0.783,-26.250,-30.450,2.700,35.3
15:05:32.281,206641,1.573,-8.626,-1.022,0.521,-0.363,0.520,-26.250,-30.450,2.700,35.3
15:05:32.334,206696,1.401,-9.756,0.072,0.451,-0.068,0.081,-21.150,-33.600,7.350,35.1
15:05:32.386,206751,0.857,-10.939,0.970,-0.098,0.026,0.591,-21.150,-33.600,7.350,35.1
15:05:32.439,206806,0.555,-9.929,-0.460,-0.903,-1.393,1.847,-18.450,-33.600,6.300,35.3
15:05:32.492,206861,-2.459,-4.506,2.186,-0.831,-0.089,2.150,-18.450,-33.600,6.300,35.1
15:05:32.544,206916,-2.361,-7.336,-0.994,-0.164,-2.595,-0.230,-8.100,-33.150,4.350,35.1
15:05:32.596,206971,1.293,-9.208,-1.659,0.701,-2.911,-2.215,-8.100,-33.150,4.350,35.3
15:05:32.648,207026,7.963,-6.179,0.306,0.617,-0.213,-1.694,-5.400,-29.550,3.600,35.1
15:05:32.702,207081,0.682,-5.760,2.689,1.522,1.847,-2.065,-14.100,-34.350,9.300,34.9
15:05:32.754,207136,2.497,-5.890,-1.269,0.315,-1.176,-1.832,-14.100,-34.350,9.300,35.3
15:05:32.805,207191,0.986,-6.833,0.745,0.764,0.164,-1.596,-24.300,-34.050,12.900,35.2
15:05:32.909,207246,3.512,-10.053,2.832,-0.089,-0.722,-0.815,-24.300,-34.050,12.900,35.3
15:05:32.911,207301,3.759,-10.084,1.858,-0.180,0.016,-0.433,-24.300,-34.050,12.900,35.3
15:05:32.964,207356,5.131,-11.222,2.574,-0.175,-0.328,-0.083,-24.300,-34.050,12.900,35.1
15:05:33.016,207411,4.202,-10.611,1.434,-0.331,-0.037,0.256,-30.300,-28.800,14.850,35.2
15:05:33.120,207466,3.709,-11.329,1.358,-0.326,-0.490,0.158,-30.300,-28.800,14.850,35.0
15:05:33.122,207521,2.564,-11.028,0.690,-0.095,-0.121,-0.236,-28.650,-27.750,12.750,35.2
15:05:33.226,207576,4.322,-11.741,2.246,0.289,-0.031,-0.254,-28.650,-27.750,12.750,35.1
15:05:33.279,207631,5.794,-10.254,2.315,0.354,-0.026,-0.171,-32.250,-28.800,13.500,35.2
15:05:33.330,207687,5.502,-9.737,2.825,0.137,-0.036,0.040,-33.000,-28.050,14.850,35.1
15:05:33.383,207741,4.726,-8.971,2.157,-0.215,-0.079,0.261,-33.000,-28.050,14.850,34.9
15:05:33.436,207796,3.716,-8.851,1.329,-0.564,-0.467,0.245,-30.900,-26.400,12.900,35.1
15:05:33.489,207851,0.347,-8.760,1.034,-0.369,0.863,0.256,-30.900,-26.400,12.900,34.8
15:05:33.541,207906,5.215,-11.329,1.571,-0.106,0.026,0.247,-30.900,-26.400,12.900,35.3
15:05:33.594,207961,2.897,-8.617,0.280,0.132,-0.316,0.071,-30.900,-26.400,12.900,35.1
15:05:33.645,208016,3.855,-9.541,2.787,-0.134,0.104,0.077,-30.900,-26.400,12.900,35.4
15:05:33.699,208071,3.426,-9.033,2.128,-0.259,0.040,0.029,-30.900,-26.400,12.900,35.1
15:05:33.752,208126,3.189,-8.906,1.595,-0.301,0.255,0.023,-28.650,-27.300,11.700,35.1
15:05:33.855,208181,3.649,-9.598,1.554,-0.144,0.335,0.007,-30.300,-28.050,12.000,35.1
15:05:33.857,208236,3.333,-9.960,1.640,0.109,0.422,-0.079,-30.300,-28.050,12.000,34.8
15:05:33.908,208291,2.938,-9.038,1.930,0.041,-0.523,-0.074,-29.100,-28.800,11.250,35.1
15:05:33.962,208346,3.486,-7.867,1.312,0.237,-0.499,0.117,-29.100,-28.800,11.250,35.1
15:05:34.014,208401,3.287,-8.468,2.037,0.114,-0.177,0.067,-29.100,-29.850,12.300,35.4
15:05:34.066,208456,2.203,-9.515,1.300,-0.172,-0.503,0.037,-29.100,-29.850,12.300,35.0
15:05:34.118,208511,3.721,-8.959,1.302,0.034,-0.220,0.111,-28.500,-27.150,11.850,35.1
15:05:34.171,208566,2.813,-9.510,2.411,-0.092,-0.159,0.119,-28.500,-27.150,11.850,35.1
15:05:34.224,208621,2.782,-9.301,1.997,-0.099,0.084,0.056,-28.500,-27.150,11.850,35.1
15:05:34.276,208676,2.717,-9.402,1.729,-0.027,0.313,0.109,-28.500,-27.150,11.850,35.0
15:05:34.382,208731,3.055,-9.325,1.812,0.149,0.248,0.112,-28.650,-28.800,12.000,35.1
15:05:34.484,208786,2.923,-9.390,2.021,0.004,0.181,0.158,-28.950,-27.600,12.150,35.1
15:05:34.486,208841,3.242,-9.213,1.729,-0.028,0.388,0.128,-28.950,-27.600,12.150,35.4
15:05:34.539,208896,2.626,-9.249,2.140,-0.213,0.444,0.112,-28.950,-28.650,13.200,35.4
15:05:34.592,208951,2.830,-9.409,2.016,-0.316,0.525,0.088,-28.950,-28.650,13.200,35.5
15:05:34.643,209006,2.411,-10.503,1.058,-0.302,0.532,0.036,-28.950,-29.400,14.400,35.3
15:05:34.696,209061,4.274,-12.062,1.671,-0.439,0.938,-0.205,-28.950,-29.400,14.400,35.0
15:05:34.749,209116,2.770,-12.115,2.286,-0.459,0.430,-0.493,-27.750,-27.900,13.950,35.2
15:05:34.802,209171,4.075,-10.930,1.772,-0.251,0.691,-0.597,-27.750,-27.900,13.950,35.3
15:05:34.853,209226,4.226,-10.779,2.200,-0.253,0.294,-0.288,-27.750,-27.900,13.950,35.3
15:05:34.905,209281,2.873,-9.914,2.179,-0.345,0.319,-0.086,-27.750,-27.900,13.950,35.2
15:05:34.959,209336,3.060,-9.716,0.467,-0.420,0.192,-0.006,-27.750,-27.900,13.950,35.1
15:05:35.012,209391,2.054,-9.531,0.840,-0.492,-0.194,-0.172,-31.650,-28.650,12.900,35.0
15:05:35.064,209446,2.064,-10.530,1.755,-0.531,-0.144,-0.100,-31.650,-28.650,12.900,35.1
15:05:35.116,209501,2.634,-10.106,1.542,-0.446,-0.188,0.170,-29.550,-27.300,9.000,35.1
15:05:35.168,209556,1.856,-9.325,0.199,-0.172,0.436,0.551,-29.550,-27.300,9.000,35.1
15:05:35.221,209611,3.261,-8.650,-0.381,-0.625,-0.071,0.543,-29.850,-28.050,5.850,35.0
15:05:35.274,209666,2.753,-7.942,-0.371,-0.601,-0.131,0.466,-29.850,-28.050,5.850,35.0
15:05:35.325,209721,2.734,-9.143,0.393,-0.468,0.027,0.622,-27.150,-29.850,3.600,35.3
15:05:35.378,209776,2.512,-8.526,0.390,-0.491,0.154,0.781,-25.200,-28.500,2.850,35.1
15:05:35.432,209831,1.092,-6.998,-0.970,-0.635,0.250,0.553,-25.200,-28.500,2.850,35.0
15:05:35.537,209886,2.066,-9.282,-1.164,-0.657,0.230,0.352,-25.200,-28.500,2.850,35.1
15:05:35.589,209941,1.161,-11.461,-1.317,-0.301,0.287,0.752,-25.200,-28.500,2.850,35.4
15:05:35.640,209996,0.654,-9.297,-1.592,-0.417,-2.319,1.704,-19.350,-29.550,-1.800,35.2
15:05:35.693,210051,-2.866,-4.384,0.912,-0.014,-1.648,1.001,-19.350,-29.550,-1.800,35.2
15:05:35.746,210106,3.929,-3.431,-0.699,0.750,-0.536,-1.181,-9.600,-29.850,-0.600,35.0
15:05:35.799,210161,0.510,-2.935,-0.496,1.070,1.311,-2.319,-9.600,-29.850,-0.600,35.1
15:05:35.852,210216,-1.798,-3.728,-2.641,0.843,-0.056,-1.928,-15.150,-31.350,4.350,34.9
15:05:35.903,210271,-0.038,-9.536,1.080,0.246,-1.657,-1.049,-15.150,-31.350,4.350,35.2
15:05:35.956,210326,3.891,-10.420,0.127,0.597,-0.423,-1.086,-23.400,-28.950,6.750,35.3
15:05:36.060,210381,5.116,-11.004,0.769,0.205,-0.905,-0.438,-27.900,-27.300,7.200,35.2
15:05:36.062,210436,3.958,-11.566,0.227,0.094,-0.318,0.082,-27.900,-27.300,7.200,35.1
15:05:36.113,210491,2.600,-10.613,-0.338,-0.025,-0.482,0.254,-27.900,-27.300,7.200,35.2
15:05:36.165,210546,3.225,-10.939,0.812,0.048,0.021,0.236,-27.900,-27.300,7.200,35.1
15:05:36.219,210601,3.002,-11.566,-0.103,-0.163,-0.120,0.467,-28.950,-28.650,6.000,35.1
15:05:36.270,210656,3.893,-12.100,-0.065,-0.082,-0.332,0.290,-28.950,-28.650,6.000,34.9
15:05:36.323,210711,2.241,-11.454,-0.187,0.005,-0.031,0.248,-27.750,-28.950,7.050,35.1
15:05:36.377,210766,3.627,-11.107,-0.457,0.037,-0.334,-0.014,-27.750,-28.950,7.050,35.1
15:05:36.428,210821,2.729,-10.769,-0.474,-0.161,-0.693,-0.161,-29.250,-28.200,6.300,35.1
15:05:36.481,210876,3.668,-10.348,-0.170,-0.130,-0.094,-0.182,-27.900,-29.550,5.100,35.2
15:05:36.586,210931,2.131,-9.182,-0.596,-0.408,-0.958,-0.109,-27.900,-29.550,5.100,35.3
15:05:36.587,210986,2.787,-9.438,0.838,-0.274,-0.067,0.218,-28.500,-28.200,4.500,34.9
15:05:36.690,211041,1.973,-9.064,-0.124,-0.448,-0.519,0.231,-28.500,-28.200,4.500,34.8
15:05:36.795,211096,2.516,-10.202,-1.286,-0.215,-0.089,0.246,-28.500,-28.200,4.500,35.2
15:05:36.797,211151,2.825,-11.159,-1.630,-0.032,0.009,0.113,-28.500,-28.200,4.500,35.3
15:05:36.849,211206,4.901,-13.453,-1.391,0.153,0.207,-0.352,-28.500,-28.200,4.500,35.3
15:05:36.900,211261,5.502,-13.829,-1.015,0.189,0.410,-0.975,-28.500,-28.200,4.500,35.1
15:05:36.953,211316,6.184,-11.763,-1.288,-0.017,0.491,-0.765,-29.550,-30.600,3.600,35.2
15:05:37.006,211371,3.831,-10.633,0.333,-0.047,0.286,-0.408,-29.550,-30.600,3.600,34.9
15:05:37.059,211426,3.926,-10.163,0.314,-0.035,0.264,0.049,-32.250,-30.600,4.350,34.9
15:05:37.112,211481,2.354,-9.175,0.958,-0.044,0.278,0.114,-31.800,-30.600,5.100,35.2
15:05:37.214,211536,2.437,-8.535,-1.006,0.120,0.399,0.175,-31.800,-30.600,5.100,35.2
15:05:37.217,211591,2.768,-10.324,0.426,0.464,0.724,-0.009,-29.850,-30.900,7.650,35.2
15:05:37.268,211646,1.161,-8.602,-0.852,0.714,1.059,0.075,-29.850,-30.900,7.650,35.4
15:05:37.320,211701,3.385,-8.701,0.512,0.067,0.007,0.182,-30.900,-32.550,10.050,35.4
15:05:37.373,211756,4.403,-9.400,1.788,0.155,0.239,0.267,-30.900,-32.550,10.050,35.1
15:05:37.425,211811,2.095,-9.043,1.171,-0.523,0.181,0.581,-30.900,-32.550,10.050,34.9
15:05:37.479,211866,3.156,-9.165,2.057,-0.899,-0.095,0.599,-30.900,-32.550,10.050,35.2
15:05:37.583,211921,2.856,-8.684,0.958,-0.861,0.235,0.586,-26.400,-32.100,10.200,35.1
15:05:37.585,211976,0.800,-8.552,0.172,-1.009,-0.173,0.646,-24.600,-32.550,5.550,35.0
15:05:37.636,212031,1.669,-8.284,-1.228,-0.807,-0.020,0.757,-24.600,-32.550,5.550,35.2
15:05:37.688,212086,1.393,-10.302,0.431,-0.763,-0.078,0.454,-21.000,-30.900,1.800,35.1
15:05:37.742,212141,1.583,-10.408,-0.809,-0.424,0.519,0.528,-21.000,-30.900,1.800,35.3
15:05:37.846,212196,0.117,-8.114,-2.270,-0.582,0.031,0.953,-18.450,-32.550,0.450,35.0
15:05:37.899,212251,0.259,-9.787,-1.870,-0.188,0.153,0.895,-18.450,-32.550,0.450,35.3
15:05:37.950,212306,-0.096,-10.348,-1.815,-0.225,-0.500,0.822,-13.200,-31.350,0.600,35.1
15:05:38.003,212361,-1.097,-9.328,-1.647,-0.420,-0.093,1.512,-13.200,-31.350,0.600,35.3
15:05:38.057,212416,-0.953,-9.067,-2.392,-0.779,-0.819,1.435,-13.200,-31.350,0.600,35.0
15:05:38.109,212471,-1.616,-8.887,-2.473,0.050,0.377,0.254,-13.200,-31.350,0.600,35.1
15:05:38.161,212526,-2.375,-8.662,-2.507,0.123,-0.011,-0.307,-3.300,-28.650,-3.000,35.2
15:05:38.213,212581,-2.397,-9.294,-2.559,0.086,0.059,-0.231,-4.650,-29.850,-3.150,35.0
15:05:38.267,212636,-1.367,-9.292,-2.732,-0.056,0.071,-0.239,-4.650,-29.850,-3.150,35.3
15:05:38.318,212691,-1.669,-9.536,-1.882,-0.062,0.091,-0.324,-4.050,-28.650,-3.450,35.4
15:05:38.370,212746,-0.723,-8.507,-1.721,0.406,0.208,-0.816,-4.050,-28.650,-3.450,35.1
15:05:38.424,212801,4.233,-9.819,-0.431,1.151,0.136,-1.718,-9.450,-29.700,-3.000,35.1
15:05:38.477,212856,1.049,-9.239,1.010,2.005,0.515,-2.010,-9.450,-29.700,-3.000,35.3
15:05:38.528,212911,1.099,-6.098,-1.226,1.466,0.107,-1.139,-17.850,-34.650,3.900,35.3
15:05:38.581,212966,-0.496,-9.323,0.232,0.577,0.227,-1.070,-17.850,-34.650,3.900,35.1
15:05:38.634,213021,3.824,-9.498,0.974,0.274,0.035,-1.330,-17.850,-34.650,3.900,35.1
15:05:38.685,213076,7.223,-10.120,2.246,-0.177,-0.613,-1.192,-28.500,-30.450,13.950,35.2
15:05:38.738,213131,3.187,-7.077,-0.783,0.093,0.641,-1.559,-28.500,-30.450,13.950,35.1
15:05:38.791,213186,5.057,-10.841,2.095,-1.007,-0.552,-0.931,-35.400,-29.100,11.700,35.3
15:05:38.844,213241,5.452,-11.131,2.205,-0.208,0.288,-0.644,-35.400,-29.100,11.700,35.3
15:05:38.897,213296,4.879,-10.570,1.350,-0.504,-0.966,-0.408,-40.200,-26.100,11.100,35.5
15:05:39.000,213351,5.928,-9.613,1.073,-0.446,-0.012,-0.427,-40.200,-26.100,11.100,35.1
15:05:39.053,213406,5.942,-9.711,0.498,-0.457,-0.058,-0.423,-40.950,-22.800,10.350,35.0
15:05:39.107,213461,5.808,-9.287,0.460,-0.259,-0.025,-0.013,-40.950,-22.800,10.350,35.1
15:05:39.159,213516,5.863,-8.562,-0.534,-0.101,-0.097,0.256,-42.300,-21.600,9.750,35.1
15:05:39.211,213571,5.909,-8.569,-0.266,0.009,-0.167,0.148,-42.300,-21.600,9.750,35.1
15:05:39.263,213626,6.266,-9.287,0.235,-0.193,-0.335,0.110,-42.300,-21.600,9.750,35.1
15:05:39.315,213681,7.369,-8.449,-1.590,-0.349,-0.957,0.099,-42.300,-21.600,9.750,35.3
15:05:39.368,213736,4.922,-9.922,1.276,-0.000,0.329,0.022,-42.300,-21.600,9.750,35.1
15:05:39.420,213791,6.548,-9.232,-0.584,0.004,0.004,0.259,-40.350,-22.350,7.650,35.1
15:05:39.473,213846,2.962,-8.983,0.369,0.183,0.052,0.351,-40.350,-22.350,7.650,35.1
15:05:39.527,213901,5.373,-8.995,-0.129,0.148,0.089,0.212,-40.350,-24.900,7.200,35.2
15:05:39.578,213956,5.406,-8.818,0.788,-0.039,0.178,0.013,-40.350,-24.900,7.200,35.4
15:05:39.631,214011,4.769,-8.595,0.299,-0.128,-0.073,-0.083,-38.850,-23.100,8.700,35.3
15:05:39.683,214066,4.537,-8.356,0.251,0.064,-0.190,0.120,-38.850,-23.100,8.700,35.3
15:05:39.736,214121,5.428,-8.619,0.036,-0.016,-0.324,0.232,-40.350,-24.150,7.950,35.3
15:05:39.789,214176,5.816,-11.016,0.512,-0.035,-0.306,0.046,-38.100,-25.200,6.900,35.0
15:05:39.841,214231,8.241,-14.559,1.353,0.694,-0.374,-0.454,-38.100,-25.200,6.900,35.1
15:05:39.894,214286,7.125,-10.855,0.639,0.592,-0.058,-0.148,-38.100,-25.200,6.900,35.2
15:05:39.946,214341,5.136,-8.777,0.297,0.375,-0.062,-0.061,-38.100,-25.200,6.900,35.3
15:05:39.998,214396,4.266,-8.502,-0.146,0.295,-0.298,0.104,-37.800,-25.350,8.100,35.3
15:05:40.051,214451,2.861,-8.035,0.536,0.085,-0.564,0.275,-37.800,-25.350,8.100,35.3
15:05:40.157,214506,6.086,-8.650,0.278,0.147,-0.013,0.200,-36.900,-25.950,9.750,35.1
15:05:40.209,214561,5.073,-9.098,0.613,-0.230,0.112,0.331,-36.900,-25.950,9.750,35.0
15:05:40.262,214616,6.464,-9.385,1.932,-0.452,0.617,0.334,-37.500,-28.200,8.100,35.1
15:05:40.313,214671,1.714,-6.594,-0.012,-0.640,0.561,0.775,-35.400,-30.900,9.000,35.1
15:05:40.365,214726,3.642,-8.016,-0.271,-0.425,0.519,0.661,-35.400,-30.900,9.000,35.3
15:05:40.419,214781,3.428,-8.246,-0.857,-0.148,0.487,0.582,-33.900,-30.000,6.750,35.5
15:05:40.471,214836,3.369,-8.918,-0.500,-0.341,0.282,1.031,-33.900,-30.000,6.750,35.2
15:05:40.524,214891,3.081,-9.062,0.385,-0.580,-0.207,0.878,-33.900,-30.000,6.750,35.4
