timestamp,elapsed_ms,accel_x_ms2,accel_y_ms2,accel_z_ms2,gyro_x_rads,gyro_y_rads,gyro_z_rads,mag_x_uT,mag_y_uT,mag_z_uT,temp_c
19:23:46.509,430274,-0.697,-8.114,13.108,-0.162,-0.691,0.240,-3.900,-15.600,7.800,30.9
19:23:46.555,430328,0.239,-5.832,12.335,-0.381,-0.065,0.099,-10.500,-13.650,8.100,31.1
19:23:46.614,430382,1.671,-7.475,13.719,-0.702,0.242,-0.152,-10.500,-13.650,8.100,31.0
19:23:46.675,430436,2.562,-5.624,10.815,-0.759,1.073,-0.225,-12.600,-15.000,6.450,30.7
19:23:46.721,430490,1.889,-4.700,8.753,-1.011,1.579,-0.232,-12.600,-15.000,6.450,30.7
19:23:46.780,430544,1.274,-4.616,7.465,-1.259,1.737,-0.158,-13.200,-19.500,8.550,31.0
19:23:46.825,430598,1.618,-5.193,8.528,-0.678,1.681,-0.042,-13.200,-19.500,8.550,31.1
19:23:46.900,430652,2.112,-5.073,7.044,-0.423,1.530,0.143,-8.550,-23.100,11.250,31.2
19:23:46.944,430706,0.335,-5.480,7.173,-0.253,1.240,0.209,-8.550,-23.100,11.250,31.0
19:23:46.989,430760,-0.165,-5.811,5.282,0.944,0.931,0.170,-8.550,-23.100,11.250,31.1
19:23:47.050,430814,-1.144,-6.029,6.998,1.555,0.849,0.266,1.950,-22.950,15.900,31.3
19:23:47.095,430868,-1.760,-2.753,6.706,0.996,0.890,0.070,1.950,-22.950,15.900,30.9
19:23:47.156,430922,-2.447,-6.115,7.796,-0.233,0.807,-0.129,5.700,-21.750,21.000,30.8
19:23:47.216,430976,-2.919,-4.846,8.320,0.345,0.755,-0.431,5.700,-21.750,21.000,30.8
19:23:47.260,431030,-1.999,-7.592,8.380,-0.367,0.498,-0.614,8.850,-21.900,20.400,31.1
19:23:47.319,431084,-1.288,-8.593,9.610,0.159,-0.263,-0.718,8.850,-21.900,20.400,31.1
19:23:47.364,431138,0.728,-7.254,9.026,-0.044,-0.331,-0.737,8.550,-22.800,19.350,31.2
19:23:47.425,431192,0.206,-6.553,7.709,0.013,-0.244,-0.475,8.550,-22.800,19.350,30.9
19:23:47.484,431246,-0.165,-4.793,7.008,-0.540,-0.171,-0.387,6.000,-24.450,20.250,31.0
19:23:47.530,431300,-0.984,-5.363,6.139,-0.289,-0.086,-0.542,6.000,-24.450,20.250,30.9
19:23:47.589,431354,-1.228,-5.107,6.618,-0.390,-0.032,-0.674,6.000,-27.150,17.700,30.9
19:23:47.636,431408,-0.895,-6.318,6.385,-0.369,-0.291,-0.666,6.000,-27.150,17.700,30.7
19:23:47.694,431462,-0.943,-5.471,6.364,0.183,-0.408,-0.766,6.000,-29.100,16.500,30.9
19:23:47.754,431516,0.136,-7.491,6.852,-0.314,-0.685,-0.666,6.000,-29.100,16.500,31.1
19:23:47.799,431570,-0.022,-6.050,5.890,0.540,-0.443,-0.594,6.000,-29.100,16.500,31.2
19:23:47.860,431624,-0.026,-5.947,6.333,-0.525,-0.448,-0.475,4.350,-30.150,12.300,31.1
19:23:47.904,431678,-0.742,-8.229,5.382,-0.605,-0.264,-0.523,4.350,-30.150,12.300,30.9
19:23:47.965,431732,-0.575,-7.606,6.424,0.059,-0.166,-0.432,3.300,-27.750,8.700,31.0
19:23:48.025,431786,-0.302,-7.527,6.117,0.279,-0.179,-0.410,3.300,-27.750,8.700,30.9
19:23:48.084,431840,6.780,-3.857,7.760,-0.036,-0.631,-0.836,3.300,-22.800,7.200,31.2
19:23:48.144,431894,5.916,-5.622,7.345,0.139,-0.720,-1.048,3.300,-22.800,7.200,30.7
19:23:48.206,431948,7.800,-5.801,7.484,-0.323,-0.657,-0.625,1.200,-19.050,8.100,30.8
19:23:48.264,432002,5.741,-5.267,6.831,0.031,-0.305,-0.395,1.200,-19.050,8.100,31.0
19:23:48.324,432056,6.658,-5.710,6.752,-0.164,-0.131,-0.379,1.200,-19.050,8.100,31.1
19:23:48.384,432110,5.332,-4.223,6.038,-0.221,-0.106,-0.357,-9.000,-18.300,8.100,30.9
19:23:48.444,432164,6.172,-5.035,4.896,-1.090,-0.477,-0.501,-9.000,-18.300,8.100,31.1
19:23:48.445,432218,7.257,-6.625,4.791,-0.642,-0.423,-0.575,-16.200,-27.150,8.850,31.2
19:23:48.505,432272,7.424,-6.201,5.109,0.783,-0.070,-0.422,-16.200,-27.150,8.850,31.2
19:23:48.565,432326,7.925,-5.004,7.238,0.863,0.586,-0.327,-13.500,-44.550,12.600,30.9
19:23:48.626,432380,6.579,-5.957,6.041,1.166,0.702,-0.217,-13.500,-44.550,12.600,30.8
19:23:48.685,432434,6.167,-7.997,5.260,1.956,0.593,0.103,-1.350,-54.000,16.050,31.1
19:23:48.744,432488,5.215,-4.022,7.142,1.002,0.431,-0.123,-1.350,-54.000,16.050,30.9
19:23:48.805,432542,5.358,-1.520,10.025,0.798,-0.137,-0.265,7.500,-46.500,17.700,31.1
19:23:48.865,432596,4.922,-2.981,11.598,0.358,0.114,-0.477,7.500,-46.500,17.700,31.1
19:23:48.924,432650,7.216,-0.096,-0.261,-0.647,1.035,-0.534,14.250,-46.500,23.550,31.0
19:23:48.986,432704,6.184,-5.533,10.441,-0.462,0.129,-0.330,16.500,-46.200,37.050,31.2
19:23:48.987,432758,5.916,-6.716,11.641,-0.137,0.890,-0.066,16.500,-46.200,37.050,30.9
19:23:49.044,432812,5.337,-4.709,9.464,0.197,1.451,0.042,16.500,-46.200,37.050,30.7
19:23:49.105,432866,2.514,-2.806,11.497,-0.204,1.567,0.254,16.500,-46.200,37.050,30.9
19:23:49.164,432920,3.187,-1.144,9.991,0.860,1.895,0.445,13.350,-40.500,39.750,31.0
19:23:49.225,432974,3.608,-2.916,9.728,0.390,1.786,0.206,13.350,-40.500,39.750,31.2
19:23:49.284,433028,0.922,-2.856,8.205,0.268,1.707,0.016,15.450,-16.350,31.950,30.8
19:23:49.344,433082,0.522,-3.326,9.230,-0.116,1.579,0.022,15.450,-16.350,31.950,31.1
19:23:49.405,433136,-0.699,-2.732,8.588,-0.008,1.543,0.058,18.000,-5.850,25.650,30.7
19:23:49.464,433190,-0.338,-2.579,8.447,-0.441,1.707,0.216,18.000,-5.850,25.650,30.9
19:23:49.525,433244,-2.330,-4.020,9.546,-0.300,1.974,0.309,22.350,-5.700,21.450,31.3
19:23:49.526,433298,-4.389,-3.352,9.644,-0.597,2.043,0.574,28.650,-8.400,20.100,30.7
19:23:49.584,433352,-3.254,-3.043,8.856,-0.928,2.015,0.820,28.650,-8.400,20.100,30.9
19:23:49.645,433406,-5.013,-3.110,7.506,-1.054,2.183,0.646,35.400,-5.700,14.250,31.0
19:23:49.705,433460,-5.866,-3.445,6.244,-1.314,2.313,0.535,35.400,-5.700,14.250,31.1
19:23:49.766,433514,-7.250,-2.938,4.872,-1.444,2.362,0.548,41.250,-5.700,6.450,31.1
19:23:49.826,433568,-8.413,-2.945,1.992,-2.120,1.983,0.725,41.250,-5.700,6.450,31.0
19:23:49.886,433622,-6.292,-5.619,1.587,-2.333,1.746,0.831,41.250,-5.700,6.450,30.9
19:23:49.945,433676,-9.957,-3.625,1.025,-2.437,1.264,0.899,41.250,-5.700,6.450,31.1
19:23:50.004,433730,-8.748,-3.536,-1.937,-1.430,1.119,0.840,47.250,-1.800,-14.550,31.1
19:23:50.064,433784,-8.796,-3.062,-2.516,-1.657,1.091,0.949,47.250,-1.800,-14.550,30.7
19:23:50.065,433838,-9.670,-1.288,-2.093,-1.350,0.717,1.076,48.300,0.000,-23.700,30.9
19:23:50.126,433892,-9.512,-0.788,-3.230,-0.103,0.760,0.990,48.300,0.000,-23.700,30.9
19:23:50.186,433946,-7.898,-4.022,-2.423,0.116,0.229,1.232,48.000,4.200,-28.050,31.2
19:23:50.245,434000,-8.995,0.960,-4.092,0.734,0.024,1.158,48.900,4.050,-27.150,30.9
19:23:50.304,434054,-8.760,0.390,-4.683,0.194,-0.072,1.173,48.900,4.050,-27.150,31.0
19:23:50.364,434108,-9.237,1.568,-5.461,0.903,0.511,1.008,48.900,4.050,-27.150,30.9
19:23:50.425,434162,-9.680,2.392,-3.421,0.756,0.760,0.672,48.900,4.050,-27.150,31.1
19:23:50.484,434216,-8.277,0.067,-2.811,-0.189,0.485,0.742,49.050,3.000,-24.450,30.9
19:23:50.545,434270,-8.892,3.704,-4.391,0.238,-0.106,0.418,49.050,3.000,-24.450,30.6
19:23:50.606,434324,-7.582,0.948,-3.206,0.551,-0.172,0.478,48.000,3.000,-24.000,30.8
19:23:50.607,434378,-6.886,0.484,-2.880,1.371,-0.168,0.245,48.000,3.000,-24.000,31.1
19:23:50.664,434432,-7.870,0.381,-1.848,1.589,-0.021,0.282,51.900,8.250,-24.600,30.9
19:23:50.724,434486,-8.892,3.206,-2.813,0.715,0.376,0.205,51.900,8.250,-24.600,30.7
19:23:50.785,434540,-13.870,3.915,-5.974,0.470,0.191,0.350,51.600,9.000,-24.900,31.1
19:23:50.846,434594,-15.543,4.401,-6.634,0.557,0.030,0.807,51.900,7.500,-24.600,30.9
19:23:50.904,434648,-13.750,4.240,-5.447,0.288,-0.181,0.637,51.900,7.500,-24.600,30.9
19:23:50.964,434702,-11.073,2.083,-3.979,0.008,-0.287,0.130,50.400,7.050,-21.750,31.2
19:23:51.024,434756,-9.668,0.297,-2.945,-0.084,-0.194,-0.080,50.400,7.050,-21.750,30.7
19:23:51.084,434810,-8.701,-0.148,-2.847,0.055,-0.252,-0.577,50.100,6.300,-21.300,31.2
19:23:51.144,434864,-7.020,0.034,-3.127,0.135,-0.106,-0.807,50.100,6.300,-21.300,31.0
19:23:51.145,434918,-6.498,-1.226,-2.751,0.058,-0.329,-1.166,50.100,6.300,-21.300,31.1
19:23:51.204,434972,-7.197,-1.628,-1.937,0.283,-0.448,-1.190,50.100,6.300,-21.300,31.1
19:23:51.265,435026,-6.598,-2.564,-1.551,0.565,-0.608,-1.156,48.150,-2.400,-17.250,30.9
19:23:51.326,435080,-6.742,0.055,-3.314,0.377,-0.416,-1.443,48.150,-2.400,-17.250,31.0
19:23:51.386,435134,-6.938,-1.372,-3.397,0.552,-0.211,-1.189,46.200,-7.200,-16.800,31.1
19:23:51.444,435188,-8.861,0.019,-2.155,0.659,-0.607,-1.504,43.950,-13.800,-13.500,30.9
19:23:51.504,435242,-5.983,-3.821,-3.232,1.291,-0.787,-2.113,43.950,-13.800,-13.500,30.9
19:23:51.565,435296,-7.039,-3.160,-1.346,0.998,-0.021,-0.711,37.800,-19.050,-11.850,31.2
19:23:51.625,435350,-7.214,-1.834,-3.050,-0.081,0.620,0.516,37.800,-19.050,-11.850,31.0
19:23:51.686,435404,-8.878,-5.025,-2.605,0.053,0.760,0.068,37.800,-19.050,-11.850,30.9
19:23:51.687,435458,-9.122,-5.157,-2.404,-0.151,0.222,-0.280,37.800,-19.050,-11.850,31.1
19:23:51.744,435512,-8.006,-3.182,-2.710,1.095,0.106,-0.151,38.550,-19.050,-11.400,31.1
19:23:51.804,435566,-8.217,-1.559,-3.589,0.017,0.240,0.227,38.550,-19.050,-11.400,31.0
19:23:51.865,435620,-7.166,-4.353,-1.827,0.181,0.566,0.653,37.050,-19.500,-12.150,30.9
19:23:51.924,435674,-7.010,-5.550,-0.989,0.771,0.717,1.029,37.050,-19.500,-12.150,30.7
19:23:51.986,435728,-6.713,-2.770,-2.835,-0.233,0.732,1.100,37.050,-19.500,-12.150,30.9
19:23:52.046,435782,-7.661,-4.326,-1.030,0.139,0.774,1.193,43.950,-14.550,-14.550,30.9
19:23:52.105,435836,-7.276,-2.377,-3.814,-0.244,0.627,1.268,43.950,-14.550,-14.550,31.1
19:23:52.164,435890,-7.630,-2.437,-3.874,0.580,0.733,1.196,44.400,-10.950,-17.700,30.9
19:23:52.226,435944,-9.598,0.323,-2.392,-0.350,0.805,1.151,44.400,-10.950,-17.700,31.1
19:23:52.227,435998,-9.424,1.334,-4.053,0.149,0.713,0.987,46.200,-7.200,-18.600,31.0
19:23:52.285,436052,-9.340,0.012,-3.740,-0.067,0.480,0.820,46.200,-7.200,-18.600,31.1
19:23:52.346,436106,-10.570,1.628,-5.095,0.207,0.426,0.463,46.950,-2.250,-22.200,31.1
19:23:52.406,436160,-10.829,1.887,-5.492,-0.234,0.563,0.240,46.950,-2.250,-22.200,30.7
19:23:52.466,436214,-11.437,1.961,-5.389,-0.318,0.180,0.258,46.950,-2.250,-22.200,30.9
19:23:52.526,436268,-9.740,-0.122,-5.100,-0.137,-0.108,0.247,46.950,-2.250,-22.200,31.0
19:23:52.585,436322,-9.574,0.778,-5.097,-0.163,-0.048,0.253,45.750,3.000,-24.000,31.0
19:23:52.644,436376,-9.081,1.271,-4.908,-0.158,-0.065,0.178,45.750,3.000,-24.000,30.9
19:23:52.705,436430,-9.199,1.556,-3.931,-0.118,-0.222,0.003,46.350,4.350,-24.300,30.9
19:23:52.765,436484,-8.466,3.177,-4.525,-0.194,-0.232,-0.289,46.350,4.350,-24.300,30.9
19:23:52.767,436538,-8.832,2.976,-4.132,-0.294,-0.161,-0.487,46.350,4.350,-24.300,30.9
19:23:52.826,436592,-9.787,2.212,-3.797,-0.460,-0.051,-0.536,49.800,3.750,-19.650,31.0
19:23:52.885,436646,-9.898,1.520,-4.190,-0.366,-0.223,-0.449,49.800,3.750,-19.650,30.7
19:23:52.946,436700,-9.103,0.429,-4.724,-0.287,-0.307,-0.325,48.600,2.400,-21.300,30.8
19:23:53.006,436754,-8.971,1.123,-5.114,0.024,-0.237,-0.037,48.600,2.400,-21.300,31.1
19:23:53.064,436808,-9.290,1.255,-4.695,0.055,0.028,-0.118,49.650,3.600,-19.050,30.9
19:23:53.124,436862,-10.918,1.803,-6.261,-0.458,0.238,-0.236,49.650,3.600,-19.050,31.1
19:23:53.186,436916,-13.661,1.822,-7.432,-0.721,0.014,-0.010,49.800,0.750,-18.900,31.1
19:23:53.246,436970,-12.866,1.736,-6.843,-0.618,-0.058,0.241,49.800,0.750,-18.900,30.9
19:23:53.304,437024,-11.724,2.212,-5.911,-0.738,-0.133,0.169,47.850,1.650,-16.950,30.9
19:23:53.305,437078,-10.206,1.532,-4.111,-0.474,-0.249,-0.078,48.000,1.500,-17.850,31.1
19:23:53.366,437132,-8.636,0.642,-2.734,-0.040,-0.415,-0.530,48.000,1.500,-17.850,31.0
19:23:53.424,437186,-8.030,0.304,-2.720,-0.111,-0.378,-0.881,48.600,-0.900,-15.900,30.9
19:23:53.484,437240,-6.807,-0.814,-2.349,0.146,-0.295,-1.077,48.600,-0.900,-15.900,30.9
19:23:53.546,437294,-6.936,0.364,-3.333,0.079,-0.286,-1.252,48.600,-0.900,-15.900,31.1
19:23:53.606,437348,-8.904,-0.192,-2.519,0.270,-0.529,-1.301,48.600,-0.900,-15.900,31.1
19:23:53.666,437402,-8.384,-0.455,-2.607,0.229,-0.524,-1.090,42.600,-14.400,-13.650,30.9
19:23:53.724,437456,-8.509,-0.139,-2.037,0.393,-0.561,-0.875,42.600,-14.400,-13.650,31.1
19:23:53.844,437510,-7.867,-4.616,-1.788,0.674,-0.767,-1.005,40.350,-16.800,-11.100,31.1
19:23:53.845,437564,-9.148,-0.153,-3.996,1.359,-0.628,-1.079,40.350,-16.800,-11.100,31.0
19:23:53.846,437618,-8.442,-2.148,-1.161,0.334,-0.686,-0.744,38.700,-20.100,-5.850,30.7
19:23:53.905,437672,-8.531,-1.958,-2.964,-0.580,-0.361,-0.678,35.400,-23.100,-3.600,31.0
19:23:53.965,437726,-7.264,-4.020,-0.630,-0.201,0.029,-0.361,35.400,-23.100,-3.600,31.1
19:23:54.026,437780,-7.714,-3.606,0.287,-0.283,0.207,-0.049,35.400,-23.100,-3.600,31.0
19:23:54.084,437834,-9.002,-3.642,-2.172,0.215,0.058,-0.204,35.400,-23.100,-3.600,31.0
19:23:54.146,437888,-8.770,-5.447,-1.937,-0.248,0.082,-0.347,32.850,-26.850,-2.250,31.0
19:23:54.206,437942,-8.133,-4.913,-2.780,-0.005,0.052,-0.389,32.850,-26.850,-2.250,31.1
19:23:54.264,437996,-7.853,-5.430,-1.865,-0.224,0.102,-0.111,31.950,-29.250,-3.600,31.1
19:23:54.326,438050,-8.538,-4.781,-2.061,0.062,0.125,0.106,31.950,-29.250,-3.600,31.0
19:23:54.384,438104,-8.282,-4.630,-1.961,0.107,0.123,0.106,31.950,-29.250,-3.600,30.8
19:23:54.385,438158,-6.864,-5.021,-1.712,-0.165,0.350,0.415,31.950,-29.250,-3.600,31.2
19:23:54.446,438212,-4.855,-3.773,-1.642,-0.729,0.845,1.049,34.350,-27.600,-3.750,31.3
19:23:54.504,438266,-4.573,-4.731,-1.429,0.061,0.971,1.390,37.050,-26.100,-8.100,31.1
19:23:54.565,438320,-6.220,-1.683,-3.917,-0.996,1.245,1.295,37.050,-26.100,-8.100,31.0
19:23:54.624,438374,-9.048,-3.424,-1.645,-0.580,1.134,1.067,40.950,-21.900,-13.800,31.1
19:23:54.684,438428,-9.776,-1.312,-3.766,-0.477,1.189,0.947,40.950,-21.900,-13.800,30.9
19:23:54.746,438482,-9.359,0.876,-6.630,-0.166,0.910,0.533,44.100,-19.050,-18.450,31.0
19:23:54.806,438536,-9.019,-1.963,-3.974,-0.051,0.463,0.461,44.100,-19.050,-18.450,30.9
19:23:54.866,438590,-9.395,-0.084,-6.515,-0.387,0.550,0.277,44.100,-19.050,-18.450,30.9
19:23:54.925,438644,-8.990,1.027,-7.365,0.478,0.138,0.056,44.100,-19.050,-18.450,30.9
19:23:54.927,438698,-8.109,-1.496,-5.847,-0.255,0.137,0.112,47.100,-15.150,-22.800,31.0
19:23:54.986,438752,-8.574,-0.462,-6.096,0.180,-0.220,0.082,47.100,-15.150,-22.800,31.1
19:23:55.044,438806,-8.320,-1.369,-6.196,-0.110,-0.202,0.097,45.450,-14.250,-21.900,31.0
19:23:55.105,438860,-8.052,1.123,-6.723,-0.249,-0.299,0.001,45.450,-14.250,-21.900,30.8
19:23:55.165,438914,-8.617,0.251,-6.766,-0.235,-0.109,-0.168,45.450,-14.250,-21.900,30.9
19:23:55.224,438968,-9.026,0.812,-5.777,-0.232,-0.005,-0.153,48.600,-9.750,-18.750,31.0
19:23:55.286,439022,-8.933,-0.005,-6.144,-0.535,-0.136,-0.134,48.600,-9.750,-18.750,30.8
19:23:55.346,439076,-8.528,0.881,-5.272,-0.150,-0.081,0.043,47.700,-9.150,-20.100,30.9
19:23:55.464,439130,-8.351,0.283,-5.681,-0.208,-0.133,0.160,47.700,-9.150,-20.100,31.1
19:23:55.465,439184,-8.519,0.555,-5.997,-0.179,-0.244,0.111,47.850,-7.500,-18.750,31.1
19:23:55.466,439238,-8.511,0.781,-5.499,-0.249,-0.344,-0.005,47.850,-7.500,-18.750,31.1
19:23:55.524,439292,-7.949,-0.007,-4.695,-0.140,-0.700,-0.240,47.400,-7.500,-17.700,31.0
19:23:55.584,439346,-9.783,0.989,-5.983,-0.260,-0.307,-0.007,47.400,-7.500,-17.700,30.9
19:23:55.646,439400,-12.222,0.524,-7.398,-0.200,-0.038,0.053,47.400,-7.500,-17.700,30.9
19:23:55.704,439454,-13.793,2.148,-7.580,-0.406,0.067,0.477,47.400,-7.500,-17.700,31.3
19:23:55.766,439508,-12.230,1.607,-5.729,0.003,-0.145,0.563,46.650,-9.750,-18.450,30.9
19:23:55.824,439562,-10.242,1.329,-4.724,0.013,-0.044,0.398,48.150,-11.700,-18.450,30.8
19:23:55.886,439616,-10.884,0.543,-4.980,-0.255,-0.002,0.337,48.150,-11.700,-18.450,31.1
19:23:55.944,439670,-10.891,0.299,-4.077,0.043,-0.333,0.030,48.150,-11.700,-18.450,31.0
19:23:56.004,439724,-9.290,-0.297,-3.922,-0.110,-0.545,-0.345,48.150,-11.700,-18.450,30.8
19:23:56.005,439778,-7.336,-0.412,-4.405,0.431,-0.667,-0.735,47.250,-11.850,-17.550,31.0
19:23:56.066,439832,-7.269,-0.108,-3.397,0.294,-0.597,-1.101,47.250,-11.850,-17.550,31.0
19:23:56.126,439886,-7.063,-1.197,-1.578,0.162,-0.619,-1.092,46.500,-15.750,-14.850,31.1
19:23:56.184,439940,-7.518,-1.427,-2.579,-0.056,-0.758,-1.310,46.500,-15.750,-14.850,31.1
19:23:56.244,439994,-7.015,-4.489,-1.446,0.582,-1.073,-1.305,41.550,-21.750,-13.200,30.9
19:23:56.306,440048,-7.025,-1.322,-3.706,1.008,-1.038,-1.185,41.550,-21.750,-13.200,30.7
19:23:56.366,440102,-6.505,-3.764,-0.357,0.724,-1.061,-1.073,38.250,-27.000,-8.400,30.9
19:23:56.424,440156,-7.140,-0.350,-0.615,-0.086,-1.110,-0.880,38.250,-27.000,-8.400,31.1
19:23:56.486,440210,-7.396,-3.560,-0.007,0.361,-0.501,-0.693,38.250,-27.000,-8.400,30.8
19:23:56.544,440264,-8.492,-1.690,-0.769,-0.217,0.004,-0.185,34.200,-28.200,1.350,30.7
19:23:56.545,440318,-9.206,-4.341,0.582,-0.289,-0.062,-0.283,34.200,-28.200,1.350,30.9
19:23:56.604,440372,-9.220,-4.791,0.345,-0.121,-0.228,-0.316,32.700,-30.150,-0.600,31.1
19:23:56.666,440426,-8.669,-4.563,0.115,-0.176,-0.013,-0.091,32.700,-30.150,-0.600,31.1
19:23:56.724,440480,-8.894,-4.262,0.860,-0.249,0.108,0.009,32.700,-30.150,-0.600,30.8
19:23:56.786,440534,-8.497,-4.547,-0.110,-0.078,0.231,0.160,32.700,-30.150,-0.600,31.1
19:23:56.845,440588,-8.650,-4.743,-0.555,-0.174,0.197,0.183,31.650,-29.250,-1.050,30.9
19:23:56.904,440642,-8.418,-3.615,0.919,0.020,0.499,0.406,31.650,-29.250,-1.050,31.1
19:23:56.966,440696,-7.034,-3.005,-1.257,0.078,0.930,0.739,33.150,-30.150,-1.800,31.0
19:23:57.024,440750,-5.725,-3.460,-0.984,-0.378,1.174,1.020,35.550,-29.100,-4.500,31.0
19:23:57.086,440804,-7.219,0.491,-2.559,-0.367,1.474,1.017,35.550,-29.100,-4.500,31.1
19:23:57.087,440858,-8.315,-3.038,-2.083,-0.449,1.299,0.953,40.050,-27.150,-10.650,31.1
19:23:57.146,440912,-8.011,-2.557,-3.486,0.369,1.000,1.061,40.050,-27.150,-10.650,30.7
19:23:57.206,440966,-10.180,-1.389,-3.134,-0.391,1.047,0.914,40.050,-27.150,-10.650,30.8
19:23:57.266,441020,-8.897,-1.341,-4.800,0.602,0.577,0.693,40.050,-27.150,-10.650,30.9
19:23:57.324,441074,-9.603,-0.984,-4.932,0.450,0.578,0.643,43.500,-19.650,-16.050,31.0
19:23:57.386,441128,-8.514,-1.951,-5.092,0.412,0.420,0.415,43.500,-19.650,-16.050,31.1
19:23:57.446,441182,-8.370,0.673,-5.557,1.054,0.458,0.301,44.850,-17.550,-18.000,31.0
19:23:57.506,441236,-8.243,-0.575,-6.158,0.285,0.203,0.260,44.850,-17.550,-18.000,31.1
19:23:57.564,441290,-8.880,-2.140,-5.641,0.484,0.212,0.254,44.850,-17.550,-18.000,31.0
19:23:57.626,441344,-9.527,-1.415,-6.479,0.431,-0.052,0.096,45.450,-14.250,-16.800,30.9
19:23:57.686,441398,-10.123,-0.769,-4.322,0.505,-0.216,0.203,45.450,-14.250,-16.800,30.7
19:23:57.687,441452,-9.455,-1.563,-5.490,0.503,-0.131,0.320,46.350,-12.900,-15.150,30.8
19:23:57.744,441506,-9.438,-1.659,-5.011,0.054,-0.133,0.418,46.350,-12.900,-15.150,31.1
19:23:57.806,441560,-8.916,-0.651,-5.037,-0.078,-0.284,0.357,45.600,-13.200,-14.400,31.1
19:23:57.866,441614,-8.487,-0.747,-5.011,0.215,-0.317,0.364,45.600,-13.200,-14.400,31.1
19:23:57.924,441668,-8.894,-1.008,-4.345,0.131,-0.210,0.299,48.750,-11.100,-13.050,30.9
19:23:57.986,441722,-9.900,-0.692,-4.973,0.249,-0.086,0.243,48.750,-11.100,-13.050,31.1
19:23:58.044,441776,-12.333,0.330,-5.511,0.834,-0.236,0.680,48.750,-11.100,-13.050,31.0
19:23:58.106,441830,-14.116,0.666,-6.993,0.098,-0.589,1.121,48.750,-11.100,-13.050,30.8
19:23:58.166,441884,-14.559,0.376,-6.211,-0.603,-0.392,1.314,46.950,-6.450,-11.700,30.9
19:23:58.166,441938,-13.132,1.214,-5.435,0.118,-0.395,1.401,46.950,-6.450,-11.700,30.9
19:23:58.226,441992,-11.811,0.239,-3.852,0.763,-0.532,1.277,47.100,-4.800,-11.100,30.7
19:23:58.286,442046,-10.762,0.888,-2.907,0.878,-0.675,0.897,47.100,-4.800,-11.100,30.9
19:23:58.346,442100,-9.536,0.843,-2.447,1.167,-0.733,0.264,47.100,-4.800,-11.100,30.9
19:23:58.406,442154,-8.413,1.329,-2.696,1.095,-0.607,-0.125,48.600,3.150,-6.000,30.9
19:23:58.466,442208,-7.037,2.049,-1.901,1.483,-0.326,-0.585,48.600,3.150,-6.000,31.2
19:23:58.526,442262,-6.507,-0.175,-1.456,1.580,-0.281,-0.831,48.000,1.050,-5.400,31.0
19:23:58.586,442316,-6.833,0.132,-2.555,1.419,-0.246,-0.693,48.000,1.050,-5.400,31.2
19:23:58.644,442370,-8.461,0.290,-2.569,1.743,-0.367,-0.711,47.850,0.900,-3.450,30.7
19:23:58.706,442424,-8.396,-2.540,-2.109,1.919,-0.354,-0.515,47.850,0.900,-3.450,30.9
19:23:58.706,442478,-9.091,-2.406,-2.354,1.948,-0.138,-0.437,49.350,0.450,-3.000,30.9
19:23:58.764,442532,-8.667,-2.751,-2.739,1.699,-0.486,-0.878,49.350,0.450,-3.000,31.1
19:23:58.826,442586,-8.332,-1.135,-3.795,0.639,-0.522,-1.568,50.100,1.650,-1.200,31.1
19:23:58.886,442640,-6.790,-4.417,-1.437,2.379,-0.048,-0.708,48.150,-4.050,-0.450,31.0
19:23:58.944,442694,-7.590,-1.037,-3.780,1.114,0.822,0.987,48.150,-4.050,-0.450,31.0
19:23:59.006,442748,-6.788,-4.144,-0.012,0.749,1.218,1.358,48.300,0.000,-3.150,30.9
19:23:59.064,442802,-10.570,-1.798,-2.100,-0.425,0.719,0.716,48.300,0.000,-3.150,30.9
19:23:59.126,442856,-11.463,-3.395,-2.397,0.965,0.231,0.065,48.300,0.000,-3.150,31.0
19:23:59.186,442910,-9.256,-1.575,-3.242,1.106,0.218,0.083,48.300,0.000,-3.150,31.0
19:23:59.244,442964,-8.971,-2.557,-1.935,0.782,0.280,0.261,48.900,4.800,-11.400,31.1
19:23:59.245,443018,-8.882,-3.098,-1.583,0.674,0.083,0.315,48.900,4.800,-11.400,30.9
19:23:59.306,443072,-9.407,-2.181,-1.899,0.610,0.193,0.244,51.300,5.400,-12.300,31.1
19:23:59.364,443126,-9.222,-1.822,-1.314,0.867,0.123,0.119,51.300,5.400,-12.300,30.9
19:23:59.426,443180,-8.701,-1.573,-1.006,0.988,0.124,0.148,51.300,5.400,-12.300,30.9
19:23:59.485,443234,-8.418,-1.298,-1.997,0.481,0.242,0.340,50.250,6.450,-15.600,30.9
19:23:59.546,443288,-8.698,-3.237,-2.136,0.501,0.293,0.503,50.250,6.450,-15.600,31.1
19:23:59.606,443342,-7.887,-2.047,-1.956,1.310,0.165,0.953,50.400,10.500,-19.050,30.7
19:23:59.666,443396,-7.441,-0.426,-2.289,0.495,0.638,1.152,50.400,10.500,-19.050,30.7
19:23:59.724,443450,-6.373,-3.270,-2.605,0.292,0.934,1.306,49.500,13.800,-24.000,31.1
19:23:59.784,443504,-7.889,-0.565,-0.718,0.246,0.725,1.111,49.500,13.800,-24.000,31.1
19:23:59.785,443558,-8.911,2.121,-5.021,-0.648,0.964,0.825,48.750,16.500,-28.050,31.1
19:23:59.844,443612,-9.196,-0.802,-4.101,0.105,0.807,0.535,48.750,16.500,-28.050,30.7
19:23:59.906,443666,-9.007,-2.377,-5.272,-0.557,0.628,0.362,48.750,16.500,-28.050,31.2
19:23:59.966,443720,-8.595,0.462,-5.784,1.013,0.604,0.076,48.750,16.500,-28.050,31.1
19:24:00.024,443774,-9.395,-0.874,-5.069,0.289,0.289,-0.047,43.500,20.400,-39.000,30.8
19:24:00.086,443828,-9.064,0.555,-6.076,0.044,0.245,-0.235,41.550,17.100,-42.150,30.9
19:24:00.146,443882,-9.481,-0.759,-5.526,-0.476,-0.129,-0.253,41.550,17.100,-42.150,31.0
19:24:00.204,443936,-9.347,-0.651,-6.237,-0.222,-0.145,-0.225,41.550,17.100,-42.150,31.1
19:24:00.266,443990,-9.922,0.172,-5.341,-0.233,-0.013,-0.257,41.550,17.100,-42.150,31.0
19:24:00.326,444044,-9.409,-0.290,-5.600,-0.262,-0.023,-0.386,44.850,17.550,-41.100,30.8
19:24:00.384,444098,-9.222,-1.240,-4.561,-0.623,-0.092,-0.578,44.850,17.550,-41.100,31.1
19:24:00.446,444152,-9.139,-0.022,-4.436,-0.369,-0.130,-0.569,42.750,15.450,-40.950,31.1
19:24:00.447,444206,-8.995,-0.893,-2.684,-0.435,-0.146,-0.285,42.750,15.450,-40.950,30.9
19:24:00.504,444260,-9.345,0.371,-3.843,-0.510,-0.234,-0.470,45.000,14.250,-42.000,30.7
19:24:00.566,444314,-9.213,0.156,-4.178,-0.598,-0.227,-0.368,45.000,14.250,-42.000,30.7
19:24:00.626,444368,-10.740,1.724,-6.491,-0.258,-0.200,-0.999,44.700,15.000,-38.700,31.0
19:24:00.686,444422,-16.374,0.591,-7.793,-0.537,-0.018,-0.065,44.700,15.000,-38.700,30.9
19:24:00.805,444476,-14.799,1.872,-8.250,0.144,-0.100,0.734,44.700,15.000,-38.700,31.3
19:24:00.805,444530,-12.601,2.564,-6.452,0.363,-0.048,0.957,44.850,19.050,-43.650,31.0
19:24:00.864,444584,-10.994,1.705,-5.332,-0.125,-0.069,0.533,44.850,19.050,-43.650,31.0
19:24:00.865,444638,-9.646,-0.199,-4.839,-0.235,-0.046,0.095,43.950,23.850,-42.750,31.1
19:24:00.924,444692,-9.629,0.345,-3.893,-0.121,-0.329,-0.112,43.950,23.850,-42.750,30.9
19:24:00.984,444746,-8.686,-1.709,-3.242,0.349,-0.433,-0.290,43.950,23.850,-42.750,30.7
19:24:01.046,444800,-7.738,0.182,-2.875,0.412,-0.604,-0.501,43.950,23.850,-42.750,30.8
19:24:01.106,444854,-6.737,0.110,-2.442,0.938,-0.740,-0.625,47.850,23.700,-38.100,30.9
19:24:01.166,444908,-6.280,-1.968,-2.660,0.683,-0.727,-0.590,47.850,23.700,-38.100,30.9
19:24:01.226,444962,-6.637,-2.641,-2.423,0.315,-0.456,-0.586,50.400,17.550,-31.950,30.9
19:24:01.286,445016,-8.222,-4.015,-2.665,0.610,-0.747,-0.791,50.400,17.550,-31.950,30.6
19:24:01.344,445070,-9.807,-1.915,-1.786,1.268,-0.717,-0.932,52.050,14.250,-31.050,30.9
19:24:01.406,445124,-8.076,-3.266,-2.741,0.537,-0.874,-1.384,53.550,5.700,-26.550,30.9
19:24:01.408,445178,-6.673,-1.602,-2.382,1.061,-1.182,-1.431,53.550,5.700,-26.550,31.1
19:24:01.464,445232,-6.706,-1.197,1.607,1.784,0.099,0.070,53.550,5.700,-26.550,30.9
19:24:01.525,445286,-6.093,-4.865,-0.170,-1.162,0.850,0.883,53.550,5.700,-26.550,30.8
19:24:01.584,445340,-8.226,-4.381,-1.176,-0.412,1.332,0.810,55.200,4.350,-25.650,31.0
19:24:01.644,445394,-10.319,-4.070,-1.923,-0.657,0.937,0.537,55.200,4.350,-25.650,30.9
19:24:01.706,445448,-12.337,-4.281,-2.389,-0.445,-0.124,-0.130,54.750,9.600,-32.850,31.1
19:24:01.766,445502,-10.463,-3.211,-3.464,-0.033,-0.592,-0.552,54.750,9.600,-32.850,31.2
19:24:01.826,445556,-8.452,-4.029,-3.259,0.052,-0.518,-0.612,54.750,9.600,-32.850,30.7
19:24:01.886,445610,-7.578,-4.774,-0.077,-0.172,-0.318,-0.103,54.750,9.600,-32.850,30.9
19:24:01.944,445664,-8.981,-1.204,-2.090,-0.046,-0.059,0.284,55.500,4.500,-27.000,31.0
19:24:01.945,445718,-8.282,-3.929,-0.852,-0.924,-0.021,0.116,54.900,7.800,-27.900,30.9
19:24:02.006,445772,-8.315,-3.833,-0.646,-1.203,0.015,0.039,54.900,7.800,-27.900,30.9
19:24:02.067,445826,-9.380,-3.120,-2.741,-0.591,0.108,-0.043,55.500,8.400,-29.550,30.9
19:24:02.126,445880,-10.123,-3.862,-2.389,-0.859,0.063,-0.030,55.500,8.400,-29.550,31.1
19:24:02.186,445934,-8.420,-3.443,-2.512,-0.765,-0.104,0.078,54.150,9.450,-30.150,30.9
19:24:02.244,445988,-7.159,-2.258,-2.636,-1.128,0.029,0.388,54.150,9.450,-30.150,30.9
19:24:02.306,446042,-5.983,-1.633,-3.139,-1.106,0.283,0.836,55.500,13.050,-27.300,30.9
19:24:02.364,446096,-5.804,-3.972,-0.867,-0.797,-0.026,1.124,55.500,13.050,-27.300,31.1
19:24:02.426,446150,-5.811,-0.644,-3.469,0.402,-0.052,1.125,54.450,17.850,-27.600,31.1
19:24:02.486,446204,-7.235,-2.045,-2.325,0.050,0.233,1.019,54.450,17.850,-27.600,30.8
19:24:02.486,446258,-9.799,4.463,-1.379,0.238,0.865,0.436,53.550,21.900,-28.500,30.7
19:24:02.546,446312,-8.906,-1.832,-1.755,-0.453,0.945,0.264,53.550,21.900,-28.500,30.9
19:24:02.606,446366,-12.914,4.161,-5.358,-1.045,0.733,-0.239,53.550,21.900,-28.500,30.9
19:24:02.666,446420,-7.379,-4.896,-3.440,-1.121,0.470,-0.003,50.550,27.450,-36.150,30.9
19:24:02.726,446474,-10.384,3.565,-5.021,-0.924,0.132,0.052,50.550,27.450,-36.150,31.1
19:24:02.786,446528,-9.163,1.144,-3.539,-0.699,0.159,-0.032,49.500,28.950,-39.750,30.9
19:24:02.846,446582,-10.281,5.945,-5.442,-0.236,0.207,-0.306,49.500,28.950,-39.750,30.8
19:24:02.904,446636,-9.682,0.781,-4.238,0.029,0.310,-0.296,49.500,28.950,-39.750,31.1
19:24:03.026,446690,-10.195,0.606,-4.286,-0.595,0.205,-0.240,49.500,28.950,-39.750,30.6
19:24:03.028,446744,-9.881,1.844,-4.764,-0.393,0.131,-0.270,48.000,25.500,-40.500,30.9
19:24:03.028,446798,-9.462,-1.441,-4.697,-0.731,0.096,-0.160,48.000,25.500,-40.500,31.0
19:24:03.084,446852,-9.419,2.291,-4.372,-0.572,0.149,-0.076,48.150,26.850,-39.600,30.9
19:24:03.144,446906,-8.799,2.512,-5.198,-0.288,0.175,-0.150,48.150,27.900,-39.600,30.9
19:24:03.204,446960,-8.789,0.769,-4.259,-0.586,0.225,0.073,48.150,27.900,-39.600,31.0
19:24:03.266,447014,-8.308,0.069,-3.972,-0.266,0.048,0.112,47.100,26.100,-38.550,30.9
19:24:03.324,447068,-8.588,3.517,-4.712,-0.559,0.020,0.167,47.100,26.100,-38.550,31.1
19:24:03.386,447122,-8.880,1.415,-4.077,-0.186,-0.073,0.140,47.850,28.800,-39.600,30.9
19:24:03.444,447176,-8.856,1.585,-3.998,-0.145,-0.171,0.145,47.850,28.800,-39.600,30.7
19:24:03.504,447230,-8.356,1.537,-4.132,-0.144,-0.286,0.118,46.950,28.200,-40.500,30.9
19:24:03.564,447284,-8.011,1.109,-3.302,0.042,-0.348,0.099,46.950,28.200,-40.500,30.9
19:24:03.565,447338,-8.437,3.156,-4.666,0.410,-0.104,-0.180,47.850,30.600,-38.550,30.9
19:24:03.624,447392,-12.289,0.388,-5.339,-0.335,0.146,-0.021,47.850,30.600,-38.550,30.8
19:24:03.686,447446,-15.103,4.226,-6.776,-0.219,0.176,0.550,47.850,30.600,-38.550,31.1
19:24:03.746,447500,-13.903,3.610,-6.486,-0.103,-0.148,0.774,47.850,30.600,-38.550,30.7
19:24:03.866,447554,-12.165,2.787,-4.875,-0.061,-0.212,0.744,45.450,33.150,-41.250,30.9
19:24:03.866,447608,-9.744,2.267,-3.946,0.041,-0.270,0.224,42.900,34.950,-38.850,30.9
19:24:03.924,447662,-9.079,2.430,-3.898,-0.255,-0.413,-0.360,42.900,34.950,-38.850,30.7
19:24:03.986,447716,-8.313,2.775,-3.134,0.324,-0.248,-0.901,45.450,33.900,-36.150,30.9
19:24:04.046,447770,-7.980,1.063,-2.040,0.218,-0.206,-1.137,45.450,33.900,-36.150,31.1
19:24:04.106,447824,-7.111,1.015,-2.749,0.238,-0.465,-1.224,47.100,30.300,-33.450,30.9
19:24:04.164,447878,-5.787,-0.215,-4.183,0.568,-0.406,-1.391,47.100,30.300,-33.450,31.1
19:24:04.165,447932,-6.646,-1.168,-2.710,0.375,-0.453,-1.048,47.100,30.300,-33.450,30.9
19:24:04.224,447986,-7.415,-2.121,-2.179,0.693,-0.573,-1.165,47.100,30.300,-33.450,31.1
19:24:04.286,448040,-8.078,2.315,-0.481,1.394,-0.610,-1.122,53.250,15.750,-27.300,31.0
19:24:04.346,448094,-7.142,-3.321,-2.923,0.503,-0.715,-1.111,53.250,15.750,-27.300,30.9
19:24:04.406,448148,-8.981,-0.512,-2.198,0.612,-0.368,-0.937,53.700,9.450,-23.100,30.8
19:24:04.464,448202,-9.100,-2.272,-1.331,0.622,-0.334,-0.601,53.700,9.450,-23.100,31.1
19:24:04.524,448256,-9.062,-2.679,-2.203,0.231,-0.116,-0.323,53.700,9.450,-23.100,30.8
19:24:04.586,448310,-8.243,-5.037,-1.221,0.333,0.105,-0.265,54.000,0.750,-19.350,31.0
19:24:04.646,448364,-8.550,-2.871,-0.582,-0.444,0.240,0.051,54.000,0.750,-19.350,30.9
19:24:04.647,448418,-8.940,-3.689,-1.592,0.043,0.155,0.071,53.100,0.150,-19.500,30.7
19:24:04.704,448472,-9.450,-3.948,-2.784,-0.090,0.048,-0.016,53.100,0.150,-19.500,30.9
19:24:04.766,448526,-9.579,-3.467,-1.645,-0.244,0.124,0.144,53.400,0.150,-20.550,30.9
19:24:04.826,448580,-8.933,-3.445,-1.607,0.086,-0.008,-0.002,53.400,0.150,-20.550,30.7
19:24:04.886,448634,-8.464,-3.857,-2.327,-0.215,0.135,0.119,53.400,1.350,-20.550,30.5
19:24:04.946,448688,-8.808,-3.179,-2.174,-0.054,0.047,0.159,53.400,1.350,-20.550,31.1
19:24:05.006,448742,-8.456,-3.187,-2.411,0.072,0.226,0.402,53.400,1.350,-20.550,31.0
19:24:05.066,448796,-7.013,-2.229,-2.301,-0.125,0.480,0.945,54.300,4.500,-22.950,31.1
19:24:05.126,448850,-7.207,-0.323,-2.629,0.316,0.655,1.646,54.300,4.500,-22.950,30.9
19:24:05.184,448904,-8.741,-1.460,-0.740,-0.612,0.523,1.549,52.050,13.050,-25.950,31.0
19:24:05.185,448958,-8.109,-1.681,-2.296,-0.025,0.354,1.255,52.050,13.050,-25.950,31.0
19:24:05.244,449012,-8.825,3.326,-3.778,-0.520,0.667,1.191,52.050,13.050,-25.950,30.9
19:24:05.306,449066,-8.325,-2.368,-4.089,0.119,0.553,1.071,52.050,13.050,-25.950,30.5
19:24:05.364,449120,-11.016,0.548,-2.811,-0.174,0.128,0.978,48.150,26.100,-31.950,30.9
19:24:05.426,449174,-10.058,3.239,-4.494,0.572,0.129,0.675,48.150,26.100,-31.950,31.0
19:24:05.486,449228,-9.069,0.397,-4.307,-0.203,0.072,0.648,48.150,29.850,-34.800,31.0
19:24:05.544,449282,-9.019,1.975,-4.001,0.100,-0.026,0.524,48.150,29.850,-34.800,30.8
19:24:05.606,449336,-8.950,0.608,-4.436,0.068,-0.068,0.339,45.450,35.550,-38.250,30.7
19:24:05.664,449390,-8.957,4.889,-3.972,-0.011,0.114,0.059,45.150,35.250,-38.550,31.0
19:24:05.724,449444,-8.729,1.611,-3.795,-0.021,0.192,-0.156,45.150,35.250,-38.550,31.1
19:24:05.725,449498,-9.301,2.610,-4.180,-0.237,0.313,-0.373,43.500,36.600,-38.700,31.1
19:24:05.786,449552,-8.945,2.593,-3.790,0.119,0.233,-0.513,43.500,36.600,-38.700,30.7
19:24:05.846,449606,-8.902,1.386,-4.025,-0.301,0.126,-0.564,46.200,34.800,-38.700,31.2
19:24:05.906,449660,-9.491,1.360,-4.132,0.045,0.256,-0.482,46.200,34.800,-38.700,31.0
19:24:05.966,449714,-9.749,0.584,-4.334,-0.321,0.097,-0.404,46.950,31.200,-39.750,30.9
19:24:06.026,449768,-9.993,1.384,-4.841,-0.337,0.062,-0.299,46.950,31.200,-39.750,31.0
19:24:06.086,449822,-9.646,1.856,-4.247,-0.164,0.052,-0.287,46.950,31.200,-39.750,30.9
19:24:06.146,449876,-9.254,1.180,-3.723,-0.044,-0.027,-0.263,46.950,31.200,-39.750,30.9
19:24:06.204,449930,-8.576,1.532,-4.082,-0.160,0.007,-0.262,46.950,27.750,-40.200,30.9
19:24:06.266,449984,-8.622,1.018,-4.123,0.062,0.112,-0.181,46.950,27.750,-40.200,30.7
19:24:06.268,450038,-8.633,0.599,-4.017,-0.019,0.090,-0.030,47.250,25.500,-40.500,30.7
19:24:06.326,450092,-8.516,1.010,-4.393,0.097,0.189,0.093,47.250,25.500,-40.500,30.9
19:24:06.386,450146,-8.890,0.632,-4.369,-0.134,0.048,0.060,47.250,25.500,-40.500,31.0
19:24:06.446,450200,-10.218,2.964,-5.619,-0.090,-0.033,0.210,48.300,27.750,-42.000,30.8
19:24:06.506,450254,-11.885,3.773,-5.562,0.217,-0.048,0.167,48.300,27.750,-42.000,30.8
19:24:06.566,450308,-13.539,4.046,-6.565,-0.173,-0.095,0.379,46.650,27.600,-42.900,30.9
19:24:06.626,450362,-13.393,2.710,-5.387,0.190,-0.125,0.762,46.650,27.600,-42.900,31.0
19:24:06.686,450416,-11.454,1.607,-5.413,-0.188,-0.149,0.689,46.950,30.450,-41.250,30.9
19:24:06.746,450470,-10.470,2.722,-4.496,-0.078,-0.370,0.268,46.950,30.450,-41.250,30.6
19:24:06.806,450524,-8.923,1.676,-3.958,0.117,-0.504,-0.156,43.650,34.500,-40.350,30.7
19:24:06.806,450578,-8.224,2.227,-3.079,0.165,-0.289,-0.570,43.650,34.500,-40.350,30.9
19:24:06.866,450632,-7.120,0.457,-3.285,0.023,-0.080,-0.833,43.650,34.500,-40.350,31.0
19:24:06.926,450686,-6.929,-0.721,-3.115,-0.114,0.067,-0.912,49.650,29.850,-34.050,30.9
19:24:06.986,450740,-7.489,1.128,-2.708,0.686,-0.185,-1.179,49.650,29.850,-34.050,30.9
19:24:07.046,450794,-7.523,-1.130,-2.579,0.631,-0.506,-0.900,50.550,24.300,-32.400,30.7
19:24:07.106,450848,-6.826,-1.013,-3.706,0.393,-0.608,-0.722,50.550,24.300,-32.400,30.9
19:24:07.166,450902,-7.049,-2.078,-2.583,0.477,-0.573,-0.593,50.550,24.300,-32.400,31.0
19:24:07.224,450956,-7.125,-3.041,-2.531,0.604,-0.453,-0.723,50.550,24.300,-32.400,30.7
19:24:07.286,451010,-8.152,-2.052,-2.471,0.059,-0.374,-0.897,53.100,15.600,-25.650,30.6
19:24:07.346,451064,-6.208,-4.221,-3.673,-0.254,-0.580,-1.272,53.100,15.600,-25.650,31.1
19:24:07.348,451118,-7.393,-3.062,-1.870,-0.231,-0.706,-0.962,54.750,9.600,-23.400,30.9
19:24:07.406,451172,-8.217,-2.983,-1.051,0.978,-0.014,-0.066,54.750,9.600,-23.400,30.9
19:24:07.464,451226,-8.830,-1.554,-2.756,-0.747,0.305,0.291,56.400,4.350,-19.050,30.8
19:24:07.526,451280,-9.172,-1.788,-1.604,-0.442,0.400,0.257,54.900,6.300,-20.550,31.0
19:24:07.586,451334,-9.189,-2.502,-2.504,-0.062,0.373,0.363,54.900,6.300,-20.550,31.1
19:24:07.645,451388,-9.299,-3.680,-1.664,-0.435,0.315,0.184,54.900,6.300,-20.550,30.9
19:24:07.704,451442,-9.215,-2.873,-3.213,-0.347,0.206,0.125,54.900,6.300,-20.550,30.8
19:24:07.766,451496,-9.052,-3.093,-3.012,-0.398,0.167,0.288,54.450,10.950,-27.150,30.7
19:24:07.826,451550,-9.199,-1.942,-2.614,-0.533,0.182,0.375,54.450,10.950,-27.150,30.9
19:24:07.886,451604,-9.117,-1.884,-3.670,-0.119,0.188,0.296,54.450,11.700,-27.150,30.9
19:24:07.888,451658,-9.637,-3.278,-2.191,-0.183,0.169,0.381,54.450,11.700,-27.150,31.0
19:24:07.946,451712,-8.914,-1.863,-3.615,-0.234,0.177,0.412,54.450,11.700,-27.150,31.0
19:24:08.006,451766,-9.570,-0.599,-3.345,-0.088,0.103,0.394,54.450,11.700,-27.150,31.1
19:24:08.066,451820,-9.752,-1.484,-3.759,-0.092,0.078,0.350,54.000,16.200,-28.800,30.9
19:24:08.126,451874,-10.341,0.184,-4.025,0.056,0.076,0.248,54.000,18.900,-29.850,31.2
19:24:08.184,451928,-8.669,-1.396,-3.886,0.024,-0.083,0.025,54.000,18.900,-29.850,30.8
19:24:08.246,451982,-6.807,-0.711,-2.693,-0.178,0.064,0.363,54.150,17.850,-27.900,30.9
19:24:08.306,452036,-6.088,-1.027,-3.534,-0.399,0.252,0.747,54.150,17.850,-27.900,31.1
19:24:08.366,452090,-6.009,-0.984,-1.946,0.150,0.185,1.217,53.550,21.600,-30.300,31.1
19:24:08.426,452144,-7.697,2.459,-3.553,-0.414,0.281,1.130,53.550,21.600,-30.300,30.9
19:24:08.426,452198,-8.547,0.405,-2.907,-0.046,0.265,0.930,53.550,21.600,-30.300,31.1
19:24:08.486,452252,-8.595,1.353,-4.726,-0.244,0.166,0.694,53.550,21.600,-30.300,31.2
19:24:08.546,452306,-8.993,2.729,-3.814,0.033,0.156,0.158,49.050,31.200,-34.350,31.2
19:24:08.606,452360,-7.836,0.795,-5.260,0.044,0.233,0.141,49.050,31.200,-34.350,31.0
19:24:08.665,452414,-9.069,1.350,-3.876,-0.097,0.436,0.137,47.850,33.450,-35.550,30.9
19:24:08.846,452468,-8.499,1.618,-4.762,-0.111,0.184,0.153,47.850,33.450,-35.550,30.9
19:24:08.847,452522,-9.014,0.998,-3.725,0.264,-0.128,0.170,47.850,33.450,-35.550,30.9
19:24:08.850,452576,-8.866,2.490,-4.798,0.168,-0.249,0.114,46.350,34.200,-38.850,30.7
19:24:08.906,452630,-8.485,2.495,-4.752,0.163,-0.036,0.017,46.350,34.200,-38.850,31.0
19:24:09.024,452684,-9.574,1.623,-4.238,-0.235,-0.063,-0.071,46.650,36.450,-39.600,30.9
19:24:09.086,452738,-9.424,3.285,-4.247,-0.057,-0.082,-0.205,46.650,36.450,-39.600,31.1
19:24:09.088,452792,-9.371,2.222,-4.032,0.080,-0.166,-0.454,45.900,34.200,-39.300,31.1
19:24:09.088,452846,-9.163,2.298,-4.080,-0.148,-0.115,-0.471,45.900,34.200,-39.300,30.9
19:24:09.146,452900,-8.938,2.136,-4.520,-0.116,-0.094,-0.500,47.400,33.450,-38.850,30.8
19:24:09.205,452954,-9.675,0.615,-3.055,0.130,0.006,-0.505,47.400,33.450,-38.850,30.9
19:24:09.266,453008,-9.697,1.286,-3.620,-0.077,-0.113,-0.331,47.400,33.450,-38.850,30.9
19:24:09.326,453062,-9.943,0.335,-3.582,-0.161,-0.412,-0.364,47.400,33.450,-38.850,31.1
19:24:09.384,453116,-9.687,0.860,-3.761,-0.118,-0.329,-0.229,49.350,28.800,-37.350,31.0
19:24:09.444,453170,-10.041,0.433,-3.522,0.001,-0.228,-0.032,50.550,25.500,-35.100,30.9
19:24:09.504,453224,-9.723,0.436,-2.784,0.158,-0.209,0.163,50.550,25.500,-35.100,31.1
19:24:09.505,453278,-9.227,0.400,-3.086,0.143,-0.157,0.192,51.150,24.900,-33.750,30.9
19:24:09.566,453332,-10.848,0.795,-3.021,0.122,-0.003,0.306,51.150,24.900,-33.750,30.7
19:24:09.624,453386,-15.531,3.395,-6.175,-0.298,0.167,-0.143,50.100,26.400,-34.500,30.7
19:24:09.684,453440,-16.278,4.551,-5.856,-0.413,0.176,0.340,50.100,26.400,-34.500,30.9
19:24:09.744,453494,-14.571,2.873,-4.788,-0.430,-0.017,0.561,49.350,29.100,-35.250,31.1
19:24:09.806,453548,-12.268,0.472,-3.237,-0.141,-0.462,0.505,49.350,29.100,-35.250,31.1
19:24:09.866,453602,-9.924,1.391,-3.519,-0.085,-0.558,0.163,47.700,31.200,-32.100,31.0
19:24:09.924,453656,-8.423,0.649,-2.701,0.062,-0.403,-0.246,47.700,31.200,-32.100,31.0
19:24:09.986,453710,-7.487,-0.795,-2.327,0.068,-0.148,-0.751,48.150,31.800,-29.400,30.9
19:24:10.046,453764,-7.508,0.065,-1.391,0.124,0.029,-0.994,48.150,31.800,-29.400,30.9
19:24:10.049,453818,-6.843,-0.182,-1.762,-0.100,-0.033,-1.066,48.150,31.800,-29.400,30.7
19:24:10.104,453872,-6.979,-0.429,-1.621,0.424,-0.312,-0.983,50.850,23.250,-26.850,30.9
19:24:10.164,453926,-8.435,-0.321,-1.290,0.470,-0.305,-0.887,50.850,23.250,-26.850,31.0
19:24:10.226,453980,-8.813,-0.505,-2.784,0.482,-0.513,-1.131,53.550,18.900,-24.450,31.0
19:24:10.286,454034,-9.134,-1.834,-1.767,0.679,-0.646,-1.247,53.550,18.900,-24.450,30.8
19:24:10.346,454088,-7.578,-2.593,-1.379,0.881,-0.824,-1.514,52.800,11.100,-20.400,31.0
19:24:10.404,454142,-5.564,-2.993,-0.716,0.371,-0.861,-1.382,52.800,11.100,-20.400,31.1
19:24:10.466,454196,-7.168,-1.559,-2.119,0.112,-0.023,0.031,53.400,2.850,-14.400,30.9
19:24:10.524,454250,-8.138,-5.205,0.074,-0.311,0.475,0.178,53.400,2.850,-14.400,31.1
19:24:10.584,454304,-9.421,-3.302,-0.668,0.351,0.366,0.045,53.400,2.850,-14.400,30.8
19:24:10.585,454358,-9.443,-3.136,-1.638,0.358,0.222,0.176,53.250,3.450,-16.350,30.8
19:24:10.644,454412,-9.603,-4.362,-1.621,0.096,0.154,-0.067,53.250,3.450,-16.350,31.1
19:24:10.704,454466,-9.376,-2.801,-1.214,-0.056,-0.001,-0.155,53.700,3.150,-16.950,30.9
19:24:10.764,454520,-9.529,-2.959,-1.882,0.151,-0.103,-0.172,53.700,3.150,-16.950,30.9
19:24:10.824,454574,-8.681,-3.031,-0.874,0.032,-0.008,-0.186,53.700,3.150,-16.950,30.9
19:24:10.886,454628,-8.823,-3.400,-1.484,-0.071,0.116,-0.112,53.700,3.150,-16.950,30.9
19:24:10.946,454682,-8.674,-4.106,-0.524,0.136,0.191,0.000,53.550,0.300,-16.050,30.9
19:24:11.006,454736,-8.655,-3.290,-0.960,0.275,0.273,0.172,53.550,0.300,-16.050,30.8
19:24:11.066,454790,-8.339,-2.959,-2.495,-0.156,0.585,0.701,53.100,-0.150,-18.000,30.7
19:24:11.126,454844,-6.577,-2.780,-1.118,-0.146,0.869,1.408,53.100,-0.150,-18.000,30.7
19:24:11.128,454898,-6.455,-0.108,-3.024,-0.734,0.879,1.551,54.450,7.500,-21.000,30.9
19:24:11.186,454952,-7.566,-3.666,-1.690,-0.265,0.774,1.599,54.450,7.500,-21.000,30.9
19:24:11.246,455006,-7.906,-2.073,-3.584,-0.803,0.637,1.310,53.100,16.800,-26.850,30.9
19:24:11.306,455060,-9.732,-0.776,-3.227,-0.252,0.556,0.894,53.100,16.800,-26.850,30.7
19:24:11.364,455114,-8.892,0.321,-4.525,-0.596,0.439,0.572,53.100,16.800,-26.850,30.9
19:24:11.424,455168,-7.697,1.290,-4.712,-0.073,0.543,0.436,51.750,28.200,-34.650,31.2
19:24:11.484,455222,-8.823,-0.433,-3.704,-0.258,0.405,0.450,51.750,28.200,-34.650,30.8
19:24:11.546,455276,-9.244,2.717,-4.820,-0.447,0.314,0.293,49.350,31.800,-37.350,30.8
19:24:11.664,455330,-9.984,-0.077,-4.829,-0.256,0.198,0.090,49.350,31.800,-37.350,31.1
19:24:11.665,455384,-9.922,1.793,-4.446,-0.341,-0.052,-0.070,47.400,32.250,-38.550,31.1
19:24:11.666,455438,-9.606,1.022,-3.421,-0.050,-0.118,-0.175,47.400,32.250,-38.550,31.1
19:24:11.724,455492,-8.928,1.602,-4.381,-0.285,-0.040,-0.089,48.150,32.250,-38.850,30.8
19:24:11.784,455546,-9.536,0.924,-4.427,-0.208,-0.001,-0.041,48.150,32.250,-38.850,30.7
19:24:11.846,455600,-10.240,1.190,-4.178,-0.337,0.006,0.018,48.150,32.250,-38.850,30.9
19:24:11.906,455654,-9.802,1.269,-4.477,-0.274,0.054,0.062,47.250,32.850,-38.700,30.9
19:24:11.966,455708,-8.835,1.408,-4.185,-0.198,-0.006,0.016,47.250,32.850,-38.700,30.7
19:24:12.026,455762,-9.376,0.919,-3.912,-0.170,0.043,0.016,48.900,31.500,-37.800,30.6
19:24:12.086,455816,-8.964,2.464,-4.075,-0.150,-0.005,-0.043,48.900,31.500,-37.800,31.0
19:24:12.146,455870,-8.957,1.791,-3.814,0.079,-0.025,0.058,48.900,31.500,-37.800,30.9
19:24:12.206,455924,-8.741,1.243,-3.704,-0.122,-0.050,0.106,48.900,31.500,-37.800,30.9
19:24:12.208,455978,-8.650,1.516,-3.591,0.116,-0.052,0.102,46.950,32.400,-38.250,30.9
19:24:12.266,456032,-9.155,2.516,-4.326,0.118,-0.035,0.061,46.950,32.400,-38.250,30.8
19:24:12.326,456086,-11.976,3.177,-5.145,0.228,-0.105,0.149,47.100,30.600,-37.800,31.1
19:24:12.386,456140,-13.776,5.746,-5.871,0.077,-0.197,0.390,47.100,30.600,-37.800,31.1
19:24:12.446,456194,-14.042,5.234,-5.186,-0.068,-0.416,0.794,46.200,32.850,-37.950,30.8
19:24:12.504,456248,-10.843,2.837,-4.434,-0.035,-0.528,0.561,44.850,36.450,-35.250,30.7
19:24:12.566,456302,-9.170,3.239,-3.685,0.203,-0.391,0.267,44.850,36.450,-35.250,30.9
19:24:12.626,456356,-9.242,1.556,-3.053,0.280,-0.454,-0.066,44.850,36.450,-35.250,31.0
19:24:12.685,456410,-8.995,2.155,-3.069,0.355,-0.370,-0.293,44.850,36.450,-35.250,30.9
19:24:12.745,456464,-8.246,1.247,-2.804,0.300,-0.312,-0.414,44.700,37.050,-32.850,31.1
19:24:12.746,456518,-7.946,1.554,-2.361,0.490,-0.298,-0.690,44.700,37.050,-32.850,30.9
19:24:12.804,456572,-7.626,0.807,-1.815,0.532,-0.325,-0.724,45.900,34.200,-30.150,30.9
19:24:12.865,456626,-8.090,2.040,-2.813,0.225,-0.545,-0.997,45.900,34.200,-30.150,31.2
19:24:12.925,456680,-7.870,0.141,-3.134,0.217,-0.440,-1.044,48.150,29.550,-28.650,30.7
19:24:12.985,456734,-7.678,-0.486,-2.291,0.339,-0.304,-1.118,48.150,29.550,-28.650,30.7
19:24:13.045,456788,-6.790,-1.669,-1.659,-0.062,-0.595,-1.138,50.850,25.650,-25.350,30.8
19:24:13.105,456842,-8.004,0.874,-1.697,0.354,-0.578,-0.786,52.350,18.750,-23.100,30.9
19:24:13.165,456896,-8.384,-0.840,-1.846,0.361,-0.325,-0.912,52.350,18.750,-23.100,30.7
19:24:13.225,456950,-9.287,-0.199,-2.473,0.266,-0.186,-0.649,54.000,15.750,-21.150,30.9
19:24:13.345,457004,-8.226,-3.000,-1.432,0.140,-0.617,-0.873,54.000,15.750,-21.150,30.9
19:24:13.346,457058,-8.744,-0.567,-1.130,0.101,-0.199,-0.378,54.750,10.800,-18.150,31.0
19:24:13.347,457112,-8.780,-2.126,-1.264,-0.169,0.146,0.084,54.750,10.800,-18.150,31.0
19:24:13.405,457166,-9.213,-3.177,-1.410,-0.127,0.180,0.011,54.750,10.800,-18.150,30.7
19:24:13.465,457220,-9.984,-1.592,-1.985,-0.064,0.088,-0.022,54.750,10.800,-18.150,30.7
19:24:13.525,457274,-9.948,-4.357,-1.056,-0.098,-0.021,-0.142,54.900,6.300,-19.050,31.0
19:24:13.585,457328,-9.651,-1.786,-0.857,-0.096,-0.035,-0.062,54.900,6.300,-19.050,31.1
19:24:13.645,457382,-8.856,-3.369,-1.192,-0.012,-0.026,-0.128,54.300,7.200,-17.850,31.0
19:24:13.705,457436,-9.148,-3.270,-1.757,0.085,0.242,-0.046,53.550,6.450,-19.350,30.9
19:24:13.765,457490,-9.321,-3.359,-0.512,-0.024,0.093,-0.027,53.550,6.450,-19.350,30.7
19:24:13.825,457544,-9.069,-2.693,-1.982,-0.212,0.214,0.064,55.200,7.050,-19.500,30.9
19:24:13.826,457598,-8.720,-3.369,-1.573,0.076,0.247,0.206,55.200,7.050,-19.500,30.9
19:24:13.885,457652,-7.819,-1.322,-1.657,-0.106,0.564,0.878,53.550,8.850,-21.150,30.6
19:24:13.944,457706,-7.049,-0.263,-2.234,-0.155,0.764,1.757,53.550,8.850,-21.150,30.7
19:24:14.005,457760,-6.634,-4.053,-1.365,-0.969,0.367,1.909,52.650,17.100,-24.600,31.1
19:24:14.065,457814,-7.444,-1.089,-3.500,-0.226,0.494,1.679,52.650,17.100,-24.600,30.7
19:24:14.125,457868,-6.632,-0.493,-2.267,0.010,0.600,1.630,50.550,24.750,-28.050,30.9
19:24:14.185,457922,-6.330,-0.840,-4.051,-1.057,0.570,1.728,50.550,24.750,-28.050,31.1
19:24:14.245,457976,-12.639,11.037,-2.370,-0.127,0.829,0.853,50.550,24.750,-28.050,30.9
19:24:14.305,458030,-8.191,3.091,-5.401,0.269,0.482,0.807,50.550,24.750,-28.050,31.0
19:24:14.365,458084,-8.736,3.488,-5.162,-0.409,0.397,0.691,44.700,39.000,-35.100,31.0
19:24:14.366,458138,-9.074,5.274,-5.758,0.463,0.276,0.354,42.450,43.200,-39.000,30.7
19:24:14.425,458192,-8.789,3.931,-5.080,0.205,-0.139,-0.092,42.450,43.200,-39.000,30.9
19:24:14.484,458246,-8.959,2.066,-5.289,0.189,-0.079,-0.276,42.450,42.450,-41.550,30.9
19:24:14.544,458300,-9.445,4.034,-4.061,0.330,0.090,-0.654,42.450,42.450,-41.550,30.9
19:24:14.604,458354,-9.325,4.314,-5.425,0.241,0.093,-0.761,43.500,41.250,-42.000,31.1
19:24:14.664,458408,-10.044,2.325,-5.521,-0.572,-0.290,-0.961,43.500,41.250,-42.000,31.1
19:24:14.724,458462,-10.195,1.202,-3.546,-0.508,-0.385,-0.889,44.700,38.250,-42.000,30.9
19:24:14.784,458516,-9.464,1.911,-3.572,-0.074,-0.119,-0.837,44.700,38.250,-42.000,30.9
19:24:14.844,458570,-9.285,0.096,-3.005,-0.337,0.010,-0.639,48.600,31.800,-37.800,30.7
19:24:14.964,458624,-8.818,0.536,-3.110,-0.271,0.100,-0.347,48.600,31.800,-37.800,30.7
19:24:15.084,458678,-8.904,-1.381,-2.830,-0.157,-0.109,-0.212,50.850,27.900,-34.800,31.0
19:24:15.085,458732,-9.388,0.206,-3.302,-0.248,-0.149,0.104,50.850,27.900,-34.800,31.1
19:24:15.086,458786,-9.641,1.458,-3.742,0.070,-0.213,0.256,50.850,27.900,-34.800,30.9
19:24:15.087,458840,-9.017,1.341,-3.527,0.065,-0.341,0.102,50.850,28.800,-34.500,30.8
19:24:15.144,458894,-9.503,1.362,-3.546,0.264,-0.333,-0.063,50.850,28.800,-34.500,30.9
19:24:15.204,458948,-11.981,2.650,-3.790,0.200,-0.152,-0.168,49.350,27.900,-34.500,30.8
19:24:15.264,459002,-14.923,4.298,-4.863,0.116,-0.318,0.166,49.350,27.900,-34.500,30.9
19:24:15.324,459056,-15.067,4.073,-4.556,-0.086,-0.063,0.694,49.350,27.900,-34.500,30.7
19:24:15.384,459110,-12.845,2.064,-2.818,0.021,-0.096,0.771,49.350,27.900,-34.500,30.9
19:24:15.445,459164,-11.064,2.164,-2.349,0.418,-0.205,0.511,49.050,31.950,-32.400,30.9
19:24:15.446,459218,-9.663,-0.306,-2.361,0.285,-0.164,0.110,49.050,31.950,-32.400,30.7
19:24:15.505,459272,-9.012,0.464,-1.944,0.307,-0.089,-0.196,47.100,33.450,-31.500,30.7
19:24:15.624,459326,-8.260,2.274,-2.073,0.622,-0.059,-0.492,49.350,33.750,-30.150,31.0
19:24:15.625,459380,-7.640,-1.319,-1.743,0.084,-0.049,-0.528,49.350,33.750,-30.150,30.9
19:24:15.685,459434,-8.241,2.296,-3.134,0.101,-0.328,-0.618,51.300,29.250,-31.800,31.1
19:24:15.745,459488,-9.950,1.815,-2.595,0.825,-0.346,-0.877,51.300,29.250,-31.800,31.0
19:24:15.864,459542,-8.126,0.206,-2.916,0.415,-0.344,-0.850,51.300,29.250,-31.800,30.7
19:24:15.864,459596,-7.884,-0.678,-2.033,0.247,-0.252,-0.972,51.300,29.250,-31.800,30.8
19:24:15.924,459650,-7.511,-1.501,-1.611,0.071,-0.297,-1.023,52.350,20.250,-23.550,30.8
19:24:15.984,459704,-7.661,-1.166,-0.680,-0.125,-0.379,-1.009,52.350,20.250,-23.550,30.9
19:24:15.984,459758,-7.975,0.026,-1.489,0.168,-0.453,-1.000,53.400,15.900,-24.600,31.2
19:24:16.044,459812,-7.609,-1.774,-2.066,0.059,-0.076,-0.612,53.400,15.900,-24.600,30.9
19:24:16.105,459866,-8.705,-1.379,-2.212,0.107,0.100,-0.610,54.150,10.200,-21.300,30.8
19:24:16.164,459920,-9.874,-2.454,-1.755,0.283,-0.294,-0.978,54.750,9.150,-21.900,31.0
19:24:16.225,459974,-9.143,-2.926,0.101,-0.008,-0.499,-1.079,54.750,9.150,-21.900,30.9
19:24:16.284,460028,-8.629,-2.519,-1.659,0.266,-0.024,-0.287,53.250,3.000,-17.850,30.7
19:24:16.344,460082,-8.471,-3.687,-1.559,-0.621,0.114,-0.144,53.250,3.000,-17.850,30.7
19:24:16.405,460136,-9.357,-2.607,-2.073,-0.306,0.090,-0.261,52.050,0.750,-18.150,30.9
19:24:16.464,460190,-8.813,-3.476,-2.641,-0.098,0.058,-0.113,52.050,0.750,-18.150,31.1
19:24:16.525,460244,-8.985,-4.357,-2.823,-0.206,0.073,-0.094,53.700,0.900,-20.250,31.0
19:24:16.526,460298,-8.660,-4.290,-1.274,-0.210,0.015,0.001,53.700,0.900,-20.250,30.9
19:24:16.584,460352,-8.531,-3.309,-2.756,0.232,0.060,0.218,53.700,0.900,-20.250,31.0
19:24:16.645,460406,-8.631,-4.101,-1.774,-0.287,0.153,0.249,53.700,0.900,-20.250,30.9
19:24:16.705,460460,-8.210,-4.427,-0.989,0.551,0.288,0.675,52.800,1.050,-21.900,30.9
19:24:16.764,460514,-7.063,-2.085,-2.950,-0.566,0.580,1.336,52.800,1.050,-21.900,30.9
19:24:16.884,460568,-7.867,-3.821,-0.553,-0.047,0.485,1.030,53.400,4.800,-22.800,30.7
19:24:16.884,460622,-9.325,-0.555,-4.269,-0.966,0.283,0.752,53.400,4.800,-22.800,30.9
19:24:16.945,460676,-8.250,-2.023,-3.237,0.153,0.278,0.481,53.400,4.800,-22.800,31.1
19:24:17.005,460730,-8.272,0.134,-2.770,-0.317,0.509,0.574,54.000,16.200,-27.300,31.0
19:24:17.065,460784,-7.592,-2.655,-2.868,0.190,0.628,0.692,54.000,16.200,-27.300,30.9
19:24:17.066,460838,-9.103,-1.097,-3.450,-0.253,0.301,0.734,53.700,19.800,-33.000,30.8
19:24:17.124,460892,-9.953,-0.742,-4.269,-0.655,0.390,0.521,53.700,19.800,-33.000,30.9
19:24:17.244,460946,-10.604,0.048,-2.854,-0.113,0.254,0.287,50.550,23.550,-36.450,31.1
19:24:17.245,461000,-8.957,0.632,-4.736,0.108,0.135,0.145,50.550,23.550,-36.450,30.9
19:24:17.304,461054,-8.823,-1.051,-3.824,0.099,0.125,0.135,51.600,24.900,-36.600,30.8
19:24:17.364,461108,-9.275,0.285,-4.094,-0.219,0.143,0.105,51.600,24.900,-36.600,31.1
19:24:17.424,461162,-10.369,-0.012,-4.219,-0.396,-0.148,0.221,51.600,24.900,-36.600,30.8
19:24:17.485,461216,-10.065,0.575,-4.822,-0.006,-0.251,0.283,50.250,26.550,-37.650,31.1
19:24:17.545,461270,-10.511,1.068,-3.867,0.116,-0.325,0.292,50.250,26.550,-37.650,30.9
19:24:17.605,461324,-9.342,1.089,-3.558,-0.034,-0.130,0.305,49.650,26.400,-37.050,30.9
19:24:17.606,461378,-9.668,0.776,-3.500,-0.095,-0.113,0.297,49.650,26.400,-37.050,31.1
19:24:17.665,461432,-9.641,-0.132,-3.139,-0.048,-0.243,0.108,49.650,28.350,-37.050,30.9
19:24:17.724,461486,-9.450,1.255,-3.663,-0.055,-0.310,-0.091,49.650,28.350,-37.050,30.9
19:24:17.785,461540,-9.067,0.737,-3.642,0.224,-0.197,-0.196,50.400,28.350,-35.250,30.9
19:24:17.845,461594,-9.459,0.555,-3.000,-0.003,-0.075,-0.314,50.400,28.350,-35.250,30.9
19:24:17.904,461648,-9.500,0.290,-2.830,0.116,-0.057,-0.446,50.850,26.400,-33.750,31.1
19:24:17.964,461702,-9.862,0.692,-3.129,0.013,-0.114,-0.438,50.850,26.400,-33.750,30.8
19:24:18.025,461756,-9.476,-0.366,-2.887,0.154,-0.015,-0.323,51.000,24.750,-34.350,31.0
19:24:18.085,461810,-9.723,-0.400,-2.722,-0.086,0.012,-0.131,51.150,21.750,-34.050,30.9
19:24:18.144,461864,-9.706,-0.215,-2.861,-0.314,-0.054,-0.042,51.150,21.750,-34.050,31.0
19:24:18.144,461918,-9.857,-0.146,-2.983,-0.266,-0.137,-0.025,51.150,21.750,-34.050,30.7
19:24:18.205,461972,-9.740,-0.062,-2.931,-0.191,-0.067,0.061,51.150,21.750,-34.050,30.8
19:24:18.265,462026,-9.503,-0.342,-2.737,-0.196,-0.014,0.052,51.000,21.600,-32.100,30.9
19:24:18.325,462080,-9.768,0.314,-2.682,-0.088,0.006,0.115,51.000,21.600,-32.100,31.0
19:24:18.385,462134,-13.922,0.536,-2.739,-0.189,-0.119,-0.185,52.350,22.500,-31.950,30.9
19:24:18.444,462188,-14.887,1.839,-4.530,-0.246,-0.405,0.283,52.350,22.500,-31.950,30.9
19:24:18.504,462242,-14.147,1.858,-4.104,-0.295,-0.174,0.736,51.750,23.100,-30.600,30.9
19:24:18.564,462296,-12.467,1.353,-2.195,-0.361,-0.111,0.805,51.750,23.100,-30.600,30.9
19:24:18.625,462350,-11.179,1.247,-2.030,-0.135,-0.307,0.501,48.750,28.200,-29.850,30.9
19:24:18.685,462404,-9.874,1.800,-2.210,0.045,-0.180,0.075,48.900,29.550,-25.650,30.7
19:24:18.686,462458,-9.036,-0.124,-1.762,0.144,-0.084,-0.190,48.900,29.550,-25.650,30.8
19:24:18.745,462512,-8.866,1.731,-1.597,-0.188,-0.099,-0.279,49.050,28.950,-26.250,31.1
19:24:18.805,462566,-8.028,0.515,-1.755,0.321,-0.159,-0.559,49.050,28.950,-26.250,30.9
19:24:18.865,462620,-7.300,0.189,-1.748,0.168,-0.273,-0.653,48.900,26.850,-24.300,30.9
19:24:18.925,462674,-8.059,2.409,-1.403,0.224,-0.161,-0.893,48.900,26.850,-24.300,30.9
19:24:18.985,462728,-8.191,-0.012,-1.346,0.523,-0.031,-0.821,48.900,26.850,-24.300,30.9
19:24:19.045,462782,-9.361,-0.740,-1.523,-0.003,-0.109,-0.783,48.900,26.850,-24.300,31.1
19:24:19.105,462836,-9.677,-2.349,-0.979,0.441,-0.394,-1.010,52.350,19.800,-22.350,31.1
19:24:19.165,462890,-8.566,-0.481,-1.889,0.218,-0.606,-1.127,52.350,19.800,-22.350,30.7
19:24:19.225,462944,-7.389,-1.013,-1.695,1.068,-0.665,-1.139,52.500,15.000,-20.100,30.7
19:24:19.226,462998,-7.472,-2.040,-0.857,0.569,-0.636,-0.726,52.500,15.000,-20.100,30.9
19:24:19.285,463052,-7.321,-1.844,-1.326,-0.172,-0.178,-0.273,52.500,15.000,-20.100,31.0
19:24:19.345,463106,-8.921,-2.437,-0.230,-0.044,0.090,-0.264,52.350,7.500,-14.700,30.9
19:24:19.405,463160,-8.799,-3.931,0.108,0.153,0.252,-0.261,52.350,7.500,-14.700,30.9
19:24:19.465,463214,-9.043,-2.811,-0.663,0.161,0.394,-0.036,53.250,4.950,-15.300,31.1
19:24:19.525,463268,-9.268,-4.039,-1.077,0.338,0.252,-0.125,53.250,4.950,-15.300,30.9
19:24:19.585,463322,-9.172,-4.152,-1.413,0.136,0.042,-0.244,52.050,4.200,-16.800,30.9
19:24:19.645,463376,-8.952,-3.603,-1.319,0.183,-0.131,-0.383,52.050,4.200,-16.800,30.7
19:24:19.704,463430,-9.060,-3.361,-1.149,0.182,-0.139,-0.282,52.650,1.350,-16.950,30.7
19:24:19.765,463484,-9.055,-3.041,-0.048,-0.222,0.246,-0.133,52.650,1.350,-16.950,31.0
19:24:19.766,463538,-8.880,-3.620,-1.173,-0.335,0.319,0.060,52.650,1.350,-16.950,30.9
19:24:19.825,463592,-9.668,-3.407,-2.100,-0.485,0.490,0.126,52.650,1.350,-16.950,30.9
19:24:19.884,463646,-9.316,-4.228,-1.092,-0.363,0.377,0.179,54.150,0.900,-18.000,30.9
19:24:19.944,463700,-8.885,-3.543,-2.282,-0.411,0.264,0.112,53.700,3.150,-20.250,31.0
19:24:20.004,463754,-8.990,-3.172,-2.119,-0.413,0.283,0.295,53.700,3.150,-20.250,30.9
19:24:20.065,463808,-8.382,-3.661,-2.116,-0.149,0.387,0.540,53.700,3.150,-20.250,31.1
19:24:20.124,463862,-8.317,-1.923,-2.392,0.202,0.420,0.966,53.700,3.150,-20.250,30.7
19:24:20.244,463916,-8.772,-2.409,-1.367,0.053,0.341,0.743,53.700,7.800,-24.600,30.9
19:24:20.244,463970,-7.992,-0.096,-4.051,0.572,0.468,0.857,53.700,7.800,-24.600,30.9
19:24:20.303,464024,-8.308,-0.311,-2.488,-0.337,0.542,1.083,54.450,11.400,-27.150,30.9
19:24:20.304,464078,-8.377,-2.164,-3.867,-0.242,0.399,1.022,54.450,11.400,-27.150,30.9
19:24:20.364,464132,-9.287,-0.553,-3.524,0.373,0.075,0.798,53.700,18.750,-30.450,30.9
19:24:20.424,464186,-8.449,1.111,-4.022,-0.344,0.320,0.774,53.700,18.750,-30.450,30.9
19:24:20.485,464240,-8.562,0.187,-3.292,0.063,0.481,0.859,51.600,23.250,-32.250,30.9
19:24:20.545,464294,-9.038,1.185,-3.673,-0.454,0.336,0.676,51.600,23.250,-32.250,31.0
19:24:20.605,464348,-9.088,0.716,-3.311,0.143,0.204,0.569,51.600,23.250,-32.250,30.9
19:24:20.665,464402,-9.380,1.056,-4.219,-0.135,0.142,0.397,48.900,33.450,-37.800,30.8
19:24:20.725,464456,-7.731,1.396,-4.501,-0.157,0.268,0.469,48.900,33.450,-37.800,30.8
19:24:20.785,464510,-7.992,3.189,-4.453,-0.187,0.542,0.415,47.400,34.200,-38.100,30.9
19:24:20.845,464564,-9.433,3.297,-4.080,-0.196,0.412,0.159,47.400,34.200,-38.100,30.8
19:24:20.846,464618,-9.797,3.333,-4.946,-0.528,0.206,0.142,47.400,34.200,-38.100,30.9
19:24:20.904,464672,-8.942,1.587,-4.640,-0.428,0.011,0.063,47.400,34.200,-38.100,31.1
19:24:20.964,464726,-9.081,1.772,-4.393,-0.208,-0.030,0.026,46.500,37.800,-38.700,30.9
19:24:21.024,464780,-8.557,3.172,-4.587,-0.170,-0.044,-0.072,46.500,37.800,-38.700,30.5
19:24:21.084,464834,-8.976,2.076,-4.568,-0.162,0.041,-0.232,46.350,36.150,-38.100,30.7
19:24:21.144,464888,-8.705,2.902,-4.501,-0.147,-0.008,-0.366,47.100,34.500,-38.550,30.7
19:24:21.204,464942,-8.916,1.652,-3.900,-0.095,0.019,-0.446,47.100,34.500,-38.550,31.1
19:24:21.263,464996,-8.741,1.846,-4.171,-0.068,0.075,-0.332,48.300,33.150,-38.250,30.9
19:24:21.324,465050,-9.479,1.317,-4.101,-0.159,-0.091,-0.374,48.300,33.150,-38.250,30.9
19:24:21.383,465104,-9.325,1.968,-4.468,0.107,-0.189,-0.296,48.300,33.150,-38.250,30.9
19:24:21.384,465158,-9.134,1.448,-4.288,-0.012,-0.308,-0.251,48.300,33.150,-38.250,30.9
19:24:21.444,465212,-9.134,0.879,-3.505,-0.187,-0.378,-0.248,47.700,29.700,-37.200,30.9
19:24:21.504,465266,-9.263,1.492,-3.826,-0.289,-0.450,-0.166,47.700,29.700,-37.200,30.6
19:24:21.564,465320,-8.978,0.649,-3.622,-0.071,-0.362,-0.051,49.650,28.800,-36.000,30.7
19:24:21.624,465374,-8.904,1.434,-3.503,0.116,-0.222,-0.041,49.650,28.800,-36.000,30.7
19:24:21.683,465428,-9.000,1.188,-3.421,0.049,-0.283,0.042,49.650,28.800,-36.000,31.2
19:24:21.744,465482,-9.397,1.322,-3.524,0.020,-0.301,0.027,50.250,28.500,-34.650,30.8
19:24:21.804,465536,-9.436,1.118,-2.942,0.118,-0.386,0.008,50.250,28.500,-34.650,30.7
19:24:21.863,465590,-9.428,1.001,-2.945,0.151,-0.370,0.016,50.250,29.250,-32.100,31.0
19:24:21.924,465644,-10.965,1.159,-2.622,0.259,-0.289,0.283,50.250,29.250,-32.100,30.9
19:24:21.984,465698,-14.475,3.287,-4.774,-0.050,-0.227,0.527,49.350,28.800,-33.450,30.8
19:24:21.984,465752,-13.245,4.345,-3.426,-0.083,-0.171,0.784,49.350,28.800,-33.450,30.7
19:24:22.044,465806,-12.704,3.170,-3.481,-0.007,-0.079,0.819,47.850,33.000,-30.750,30.7
19:24:22.104,465860,-11.329,3.213,-2.686,0.097,-0.120,0.702,47.850,33.000,-30.750,31.0
19:24:22.165,465914,-10.879,4.508,-2.957,0.265,-0.150,0.219,47.850,33.000,-30.750,30.9
19:24:22.224,465968,-9.685,3.321,-2.358,0.296,-0.234,-0.256,47.850,33.000,-30.750,30.7
19:24:22.285,466022,-8.248,2.361,-2.160,0.238,-0.258,-0.592,45.750,36.300,-28.050,30.7
19:24:22.345,466076,-8.262,2.263,-2.033,0.548,-0.237,-0.889,45.750,36.300,-28.050,31.0
19:24:22.404,466130,-8.056,1.094,-1.369,0.625,-0.347,-1.224,47.250,32.850,-25.950,30.9
19:24:22.464,466184,-7.175,0.534,-1.834,0.531,-0.188,-1.046,47.250,32.850,-25.950,30.9
19:24:22.464,466238,-6.723,1.980,-2.188,-0.213,-0.057,-1.076,47.250,32.850,-25.950,30.7
19:24:22.524,466292,-7.944,-1.211,-1.331,0.188,0.053,-1.188,51.900,25.650,-25.350,30.8
19:24:22.584,466346,-8.052,-1.166,-1.875,-0.322,-0.187,-1.002,51.900,25.650,-25.350,30.8
19:24:22.644,466400,-9.361,0.395,-1.721,0.167,-0.314,-0.974,52.500,20.100,-24.000,30.8
19:24:22.705,466454,-8.282,-2.998,-1.954,0.210,-0.477,-0.944,52.500,20.100,-24.000,30.7
19:24:22.764,466508,-8.006,-1.803,-1.693,0.007,-0.319,-0.944,51.900,12.450,-21.300,30.9
19:24:22.824,466562,-7.918,-1.511,-1.109,0.277,-0.152,-0.850,51.900,12.450,-21.300,30.9
19:24:22.885,466616,-8.787,-1.381,-1.034,0.436,-0.034,-0.427,52.500,7.650,-18.150,30.9
19:24:22.943,466670,-9.175,-3.948,-1.223,-0.711,-0.119,-0.427,52.500,7.650,-18.150,30.9
19:24:23.005,466724,-8.904,-4.776,0.019,-0.182,-0.065,-0.409,52.500,7.650,-18.150,30.5
19:24:23.005,466778,-9.263,-3.747,-1.686,0.258,-0.135,-0.115,52.800,2.250,-14.850,30.8
19:24:23.065,466832,-9.189,-3.512,-1.836,0.058,-0.058,-0.100,52.800,2.250,-14.850,31.0
19:24:23.124,466886,-9.105,-3.826,-0.500,0.132,-0.060,-0.183,54.300,2.700,-17.550,30.7
19:24:23.185,466940,-8.710,-3.572,-1.202,0.003,0.064,-0.154,54.300,2.700,-17.550,31.0
19:24:23.245,466994,-9.105,-3.515,-0.402,-0.286,0.026,-0.086,52.650,1.650,-16.950,30.9
19:24:23.305,467048,-9.498,-2.583,-2.229,-0.058,0.133,0.016,52.650,1.650,-16.950,30.9
19:24:23.364,467102,-8.861,-4.348,-0.745,-0.340,0.213,0.101,53.400,0.450,-16.500,30.9
19:24:23.425,467156,-9.096,-4.257,-0.996,-0.173,0.162,0.034,53.400,0.450,-16.500,30.7
19:24:23.485,467210,-9.110,-3.919,-1.815,-0.248,0.027,-0.039,53.400,0.450,-16.500,30.9
19:24:23.544,467264,-9.057,-4.640,-1.089,-0.001,0.055,-0.003,53.400,0.450,-16.500,31.0
19:24:23.545,467318,-9.069,-4.039,-1.796,-0.091,0.099,0.092,52.650,1.650,-19.500,30.8
19:24:23.605,467372,-8.969,-3.634,-1.441,-0.001,0.069,0.124,53.550,1.800,-19.350,30.7
19:24:23.665,467426,-8.193,-3.546,-2.073,0.042,0.165,0.299,53.550,1.800,-19.350,30.9
19:24:23.725,467480,-8.277,-3.378,-2.823,0.257,0.435,0.910,53.550,1.800,-19.350,30.8
19:24:23.785,467534,-6.613,-2.593,-1.501,0.143,0.420,1.574,53.550,1.800,-19.350,31.1
19:24:23.845,467588,-8.428,2.871,-3.527,-0.632,0.461,1.509,53.550,10.350,-22.950,30.9
19:24:23.905,467642,-8.617,-3.694,-1.638,-0.037,0.157,1.212,53.550,10.350,-22.950,30.7
19:24:23.964,467696,-6.742,-1.915,-2.365,0.332,0.640,1.305,52.650,18.300,-26.850,30.7
19:24:24.025,467750,-7.350,-1.477,-2.851,0.405,0.630,1.123,52.650,18.300,-26.850,30.9
19:24:24.085,467804,-9.143,2.959,-3.203,-0.219,0.507,0.751,53.100,23.250,-29.400,30.7
19:24:24.145,467858,-9.115,-0.412,-3.656,0.291,0.270,0.590,53.100,23.250,-29.400,30.8
19:24:24.146,467912,-9.383,0.455,-4.029,-0.044,0.209,0.417,49.500,30.900,-34.650,30.9
19:24:24.205,467966,-9.668,2.284,-4.642,0.648,0.116,0.155,49.500,30.900,-34.650,31.1
19:24:24.264,468020,-10.080,-0.891,-3.737,-0.373,0.204,0.034,49.500,30.900,-34.650,30.9
19:24:24.324,468074,-9.246,1.312,-3.349,-0.398,0.243,-0.033,46.950,32.850,-39.000,31.1
19:24:24.384,468128,-9.012,-0.108,-3.606,-0.566,0.256,-0.163,46.950,32.850,-39.000,30.7
19:24:24.445,468182,-8.969,1.130,-3.148,-0.338,0.404,-0.179,48.300,33.150,-38.700,30.9
19:24:24.565,468236,-9.747,1.714,-3.941,-0.274,0.295,-0.117,48.300,33.150,-38.700,30.9
19:24:24.566,468290,-9.199,0.172,-4.302,-0.177,0.182,-0.014,49.800,29.250,-37.200,30.9
19:24:24.625,468344,-9.005,1.386,-4.056,-0.161,0.190,-0.003,49.800,29.250,-37.200,31.0
19:24:24.626,468398,-9.419,1.044,-4.413,-0.311,0.254,0.003,47.400,30.300,-39.900,30.7
19:24:24.684,468452,-9.802,1.642,-4.820,-0.524,0.121,-0.007,47.400,30.300,-39.900,31.0
19:24:24.745,468506,-9.376,0.924,-4.697,-0.459,0.011,-0.102,48.300,32.850,-40.200,30.7
19:24:24.805,468560,-9.012,1.358,-4.424,-0.298,0.110,-0.043,48.300,32.850,-40.200,31.0
19:24:24.865,468614,-9.155,1.968,-4.396,-0.150,0.110,-0.029,48.900,31.500,-39.600,30.7
19:24:24.925,468668,-8.894,1.410,-4.501,-0.248,-0.030,0.028,49.050,31.200,-39.450,30.7
19:24:24.985,468722,-8.770,1.736,-4.539,-0.051,-0.019,0.034,49.050,31.200,-39.450,30.9
19:24:25.045,468776,-8.712,1.877,-4.539,0.000,-0.014,0.013,49.050,31.200,-39.450,31.2
19:24:25.105,468830,-8.617,1.992,-4.542,0.175,-0.148,-0.050,49.050,31.200,-39.450,31.1
19:24:25.163,468884,-8.473,1.319,-4.310,0.258,-0.249,-0.166,48.600,30.300,-38.850,30.9
19:24:25.164,468938,-8.358,1.147,-4.015,0.181,-0.226,-0.209,48.600,30.300,-38.850,30.7
19:24:25.224,468992,-8.842,1.602,-4.453,0.147,-0.133,-0.195,48.600,28.800,-38.550,30.7
19:24:25.285,469046,-9.177,1.398,-4.063,0.118,-0.015,-0.355,48.600,28.800,-38.550,31.1
19:24:25.345,469100,-10.930,2.107,-4.355,0.107,0.103,-0.255,49.350,27.900,-39.600,30.7
19:24:25.404,469154,-14.078,2.255,-5.545,-0.070,-0.180,0.016,49.350,27.900,-39.600,30.9
19:24:25.464,469208,-14.406,2.169,-5.361,-0.140,-0.651,0.874,51.900,27.900,-39.600,31.1
19:24:25.524,469262,-12.282,2.981,-4.719,-0.159,-0.473,1.074,46.950,29.700,-38.250,31.1
19:24:25.584,469316,-11.128,2.109,-3.840,-0.122,-0.328,0.940,46.950,29.700,-38.250,30.8
19:24:25.645,469370,-10.544,1.305,-2.746,-0.090,-0.415,0.669,45.600,34.950,-33.450,30.9
19:24:25.705,469424,-9.361,1.810,-2.890,-0.055,-0.495,0.318,45.600,34.950,-33.450,30.7
19:24:25.706,469478,-8.191,0.783,-2.435,0.392,-0.390,-0.100,44.850,37.200,-30.450,30.7
19:24:25.765,469532,-7.621,0.797,-2.368,0.193,-0.327,-0.266,44.850,37.200,-30.450,30.7
19:24:25.825,469586,-7.918,1.858,-2.363,0.074,-0.128,-0.545,44.850,37.200,-30.450,30.7
19:24:25.885,469640,-8.389,2.380,-3.335,0.143,-0.234,-0.873,44.850,37.200,-30.450,30.7
19:24:25.945,469694,-7.745,0.505,-1.398,0.421,-0.283,-1.039,46.650,33.450,-27.900,30.8
19:24:26.005,469748,-7.884,3.740,-0.848,0.552,-0.171,-1.040,46.650,33.450,-27.900,30.9
19:24:26.065,469802,-8.315,-0.433,-2.476,0.279,-0.235,-1.086,49.500,29.250,-26.550,30.7
19:24:26.125,469856,-9.663,0.871,-1.401,1.015,-0.231,-1.284,51.600,24.150,-25.350,31.0
19:24:26.185,469910,-7.743,-1.844,-2.358,0.172,-0.467,-1.230,51.600,24.150,-25.350,30.9
19:24:26.244,469964,-7.587,-3.852,-1.611,-0.438,-0.461,-1.409,54.750,18.150,-23.700,31.1
19:24:26.244,470018,-7.573,-2.095,-1.168,1.269,-0.612,-1.459,54.750,18.150,-23.700,30.9
19:24:26.305,470072,-7.525,-3.036,-1.314,-0.212,-0.316,-0.715,54.750,18.150,-23.700,30.5
19:24:26.364,470126,-8.835,-1.877,-2.004,0.406,0.214,-0.114,54.750,18.150,-23.700,30.9
19:24:26.425,470180,-9.194,-2.327,-1.808,-0.338,0.135,0.101,54.450,5.550,-18.450,31.1
19:24:26.485,470234,-9.548,-3.730,-1.848,-0.164,0.072,-0.115,54.450,5.550,-18.450,31.1
19:24:26.545,470288,-10.072,-2.095,-1.944,0.287,0.064,-0.039,51.900,5.850,-19.800,31.0
19:24:26.605,470342,-9.151,-3.278,-0.749,-0.200,-0.036,-0.031,51.900,5.850,-19.800,31.0
19:24:26.665,470396,-9.134,-2.229,-2.018,-0.318,0.000,0.026,51.900,5.850,-19.800,30.7
19:24:26.724,470450,-9.055,-3.419,-1.542,-0.417,0.033,0.033,53.700,5.550,-19.500,30.9
19:24:26.785,470504,-9.345,-3.297,-1.446,-0.114,0.060,0.121,53.700,5.550,-19.500,30.7
19:24:26.786,470558,-9.440,-2.361,-2.380,-0.016,-0.026,-0.054,54.900,6.750,-20.250,30.6
19:24:26.845,470612,-9.357,-2.938,-1.358,0.002,-0.117,-0.065,54.900,6.750,-20.250,30.9
19:24:26.904,470666,-8.957,-3.417,-1.518,-0.378,-0.167,-0.177,54.150,5.100,-19.050,31.0
19:24:26.965,470720,-9.203,-2.207,-1.800,-0.126,-0.085,-0.122,54.150,5.100,-19.050,31.1
19:24:27.025,470774,-9.287,-2.964,-1.089,-0.095,-0.004,-0.041,53.550,4.950,-17.850,30.8
19:24:27.085,470828,-9.081,-3.826,-1.774,0.230,0.062,-0.076,53.550,4.950,-17.850,31.0
19:24:27.145,470882,-8.978,-2.322,-1.923,-0.052,0.124,0.206,53.550,4.950,-17.850,30.9
19:24:27.205,470936,-8.475,-2.495,-1.982,0.065,0.215,0.516,53.550,4.950,-17.850,31.1
19:24:27.324,470990,-7.647,-1.149,-1.839,-0.242,0.398,1.305,54.750,4.950,-18.900,30.7
19:24:27.324,471044,-7.712,-0.441,-2.049,-0.031,0.340,1.494,54.750,4.950,-18.900,30.7
19:24:27.326,471098,-8.411,-2.428,-1.525,0.038,0.046,1.206,54.150,12.150,-22.050,30.9
19:24:27.385,471152,-6.639,0.970,-3.500,0.140,0.302,1.340,54.150,12.150,-22.050,30.8
19:24:27.445,471206,-7.578,-1.386,-1.472,-0.339,0.317,1.206,54.150,12.150,-22.050,30.9
19:24:27.504,471260,-8.662,2.045,-3.129,0.000,0.472,1.009,51.750,25.500,-27.750,31.0
19:24:27.565,471314,-9.943,0.833,-2.796,0.108,0.485,0.628,51.750,25.500,-27.750,31.1
19:24:27.625,471368,-9.890,-0.359,-3.443,-0.079,0.341,0.301,47.850,33.750,-32.250,30.8
19:24:27.685,471422,-9.392,0.745,-3.158,0.205,0.385,0.220,47.850,33.750,-32.250,31.1
19:24:27.745,471476,-9.627,3.510,-3.366,-0.148,0.569,0.184,48.000,34.350,-33.600,30.9
19:24:27.804,471530,-8.636,1.075,-3.280,0.227,0.576,0.159,48.000,34.350,-33.600,30.7
19:24:27.865,471584,-9.957,0.615,-3.519,-0.219,0.449,0.008,47.250,35.850,-36.150,31.0
19:24:27.866,471638,-9.361,1.513,-4.499,-0.127,0.416,-0.207,47.250,35.850,-36.150,31.0
19:24:27.925,471692,-8.818,1.034,-3.874,-0.056,0.329,-0.231,47.250,35.850,-36.150,30.9
19:24:27.984,471746,-9.222,2.296,-4.647,-0.079,0.297,-0.204,46.650,34.950,-39.600,30.9
19:24:28.044,471800,-9.503,1.410,-4.606,-0.123,0.125,-0.173,46.650,34.950,-39.600,30.9
19:24:28.105,471854,-9.330,1.401,-4.958,-0.160,0.052,-0.035,46.350,33.750,-40.350,30.7
19:24:28.164,471908,-9.036,1.571,-4.705,0.009,-0.117,-0.018,46.350,33.750,-40.350,31.0
19:24:28.225,471962,-9.278,1.915,-4.336,-0.027,-0.106,0.039,46.350,33.750,-40.350,30.6
19:24:28.284,472016,-9.100,1.674,-5.016,-0.042,-0.105,-0.120,46.350,33.750,-40.350,30.7
19:24:28.345,472070,-9.309,1.279,-4.784,0.010,0.128,-0.056,47.700,31.950,-40.500,30.9
19:24:28.404,472124,-9.091,1.707,-4.389,0.043,0.067,-0.023,47.700,31.950,-40.500,30.9
19:24:28.405,472178,-8.487,1.458,-4.391,0.146,0.049,-0.005,48.300,33.150,-40.200,30.8
19:24:28.464,472232,-8.636,1.307,-4.492,0.135,-0.040,0.059,48.300,33.150,-40.200,31.1
19:24:28.524,472286,-8.461,2.155,-4.525,0.102,-0.092,0.035,45.900,34.200,-41.400,31.0
19:24:28.584,472340,-8.389,1.518,-4.305,0.065,-0.208,-0.044,48.150,31.050,-42.150,30.7
19:24:28.705,472394,-8.428,1.705,-4.293,0.141,-0.330,-0.191,48.150,31.050,-42.150,30.9
19:24:28.706,472448,-8.466,1.700,-4.422,0.198,-0.302,-0.305,48.150,31.050,-42.150,30.5
19:24:28.765,472502,-9.596,1.132,-4.448,0.054,-0.221,-0.314,48.150,31.050,-42.150,30.9
19:24:28.825,472556,-11.636,1.717,-4.537,0.065,-0.236,-0.282,49.800,30.150,-39.450,31.1
19:24:28.884,472610,-14.530,5.018,-6.546,-0.363,-0.384,0.245,49.800,30.150,-39.450,31.0
19:24:28.945,472664,-15.921,2.691,-5.710,0.054,-0.116,0.733,50.400,29.850,-39.900,30.9
19:24:28.945,472718,-12.646,1.190,-4.197,-0.281,0.006,0.717,50.400,29.850,-39.900,31.2
19:24:29.005,472772,-10.412,2.358,-3.759,-0.383,-0.109,0.381,47.100,34.500,-38.100,30.9
19:24:29.065,472826,-9.369,1.295,-4.140,-0.058,-0.250,-0.024,47.100,34.500,-38.100,31.0
19:24:29.125,472880,-9.414,1.298,-2.509,-0.373,-0.149,-0.267,46.500,35.100,-35.400,31.0
19:24:29.184,472934,-8.440,0.012,-2.653,-0.214,-0.400,-0.681,46.500,35.100,-35.400,30.7
19:24:29.245,472988,-7.618,2.136,-1.949,0.021,-0.361,-0.962,46.500,35.100,-35.400,30.8
19:24:29.304,473042,-6.103,-0.618,-1.669,-0.045,-0.569,-1.077,50.100,29.100,-28.950,30.9
19:24:29.364,473096,-5.830,0.596,-2.749,-0.266,-0.373,-1.114,50.100,29.100,-28.950,30.9
19:24:29.424,473150,-7.173,0.761,-2.270,-0.049,-0.321,-1.014,51.600,23.250,-25.650,30.9
19:24:29.485,473204,-8.880,-0.189,-1.482,-0.279,-0.290,-0.802,51.600,23.250,-25.650,31.2
19:24:29.486,473258,-8.468,-1.073,-1.178,0.497,-0.298,-0.770,51.600,23.250,-25.650,31.1
19:24:29.545,473312,-8.236,-3.761,-2.239,0.009,-0.235,-0.860,51.600,23.250,-25.650,30.7
19:24:29.604,473366,-7.151,1.147,-3.323,0.032,-0.098,-1.590,53.550,15.450,-21.450,30.9
19:24:29.666,473420,-8.145,-1.669,0.467,1.126,-0.148,-1.378,53.550,15.450,-21.450,30.7
19:24:29.725,473474,-7.982,-1.815,-2.840,0.291,0.206,-0.163,54.150,5.850,-19.500,31.1
19:24:29.784,473528,-9.196,-3.208,-3.232,-0.701,0.377,0.097,53.400,2.400,-19.800,30.7
19:24:29.845,473582,-9.622,-3.919,-1.262,0.167,0.112,-0.172,53.400,2.400,-19.800,30.9
19:24:29.905,473636,-9.225,-2.251,-2.962,0.105,0.110,0.040,54.300,1.800,-20.700,30.9
19:24:29.964,473690,-9.024,-3.287,-2.303,-0.084,0.136,0.027,54.300,1.800,-20.700,31.1
19:24:30.025,473744,-8.993,-3.136,-1.609,-0.044,0.111,0.078,54.300,1.800,-20.700,30.9
19:24:30.026,473798,-9.055,-3.340,-2.543,-0.092,0.147,-0.083,54.300,1.800,-20.700,31.0
19:24:30.084,473852,-9.005,-2.928,-2.241,-0.025,0.140,-0.034,54.300,4.500,-22.200,30.7
19:24:30.144,473906,-8.914,-3.385,-2.270,0.007,0.132,-0.095,54.300,4.500,-22.200,30.6
19:24:30.205,473960,-8.739,-3.338,-2.662,-0.023,0.176,-0.106,53.250,2.250,-23.400,30.9
19:24:30.265,474014,-8.957,-3.285,-2.758,0.084,0.159,-0.144,53.250,2.250,-23.400,30.7
19:24:30.325,474068,-8.868,-3.469,-3.223,-0.073,0.128,-0.199,53.250,2.250,-23.400,31.1
19:24:30.385,474122,-9.136,-3.587,-2.684,0.021,0.063,-0.277,53.250,2.250,-23.400,30.9
19:24:30.445,474176,-9.088,-3.211,-2.983,-0.091,-0.058,-0.308,52.800,3.000,-25.200,30.9
19:24:30.505,474230,-8.811,-4.108,-3.409,-0.138,-0.194,-0.254,54.300,0.750,-23.700,30.9
19:24:30.565,474284,-8.260,-3.955,-2.885,-0.068,-0.196,-0.296,54.300,0.750,-23.700,30.9
19:24:30.566,474338,-8.028,-4.238,-2.885,-0.237,-0.107,-0.146,54.000,-0.750,-24.000,30.7
19:24:30.625,474392,-7.966,-4.274,-2.658,0.126,-0.076,0.057,54.000,-0.750,-24.000,30.7
19:24:30.684,474446,-8.590,-3.912,-2.840,-0.175,-0.019,0.142,54.000,-2.250,-21.900,31.0
19:24:30.744,474500,-8.147,-3.974,-2.289,0.300,0.073,0.462,54.000,-2.250,-21.900,30.9
19:24:30.804,474554,-7.994,-2.480,-2.954,0.055,0.247,1.113,54.000,-2.250,-21.900,30.9
19:24:30.865,474608,-6.546,-2.504,-1.997,0.001,0.338,1.767,54.000,-2.250,-21.900,30.8
19:24:30.925,474662,-7.786,-0.381,-2.365,-0.379,0.341,1.721,54.450,7.800,-25.350,30.9
19:24:30.985,474716,-8.825,-2.998,-2.148,0.161,0.023,1.175,54.450,7.800,-25.350,30.7
19:24:31.044,474770,-9.357,0.821,-4.101,-0.389,0.279,1.023,54.900,17.100,-27.900,31.1
19:24:31.104,474824,-9.510,0.656,-2.698,0.314,0.335,0.729,52.800,21.600,-30.600,30.9
19:24:31.105,474878,-7.982,0.014,-3.771,0.402,0.271,0.736,52.800,21.600,-30.600,30.7
19:24:31.165,474932,-8.784,0.745,-3.479,0.154,0.207,0.655,51.150,26.400,-31.500,30.9
19:24:31.225,474986,-8.770,2.028,-3.924,0.132,0.286,0.523,51.150,26.400,-31.500,31.0
19:24:31.285,475040,-9.098,-0.163,-3.613,0.164,0.175,0.479,51.150,26.400,-31.500,30.7
19:24:31.344,475094,-9.064,0.366,-3.598,-0.305,0.179,0.326,51.150,26.400,-31.500,31.0
19:24:31.405,475148,-9.167,1.492,-4.197,0.137,0.134,0.280,48.300,32.850,-36.150,30.9
19:24:31.525,475202,-9.641,1.755,-3.603,-0.103,-0.108,0.038,48.300,32.850,-36.150,31.0
19:24:31.525,475256,-9.328,0.876,-3.421,-0.099,0.087,-0.095,49.350,32.550,-38.850,30.8
19:24:31.585,475310,-8.559,0.855,-3.869,-0.142,0.310,-0.011,49.350,32.550,-38.850,30.5
19:24:31.644,475364,-9.316,0.417,-3.895,-0.308,0.349,-0.124,49.350,32.550,-38.850,30.9
19:24:31.644,475418,-10.384,0.919,-4.369,-0.553,0.086,-0.173,48.750,32.850,-37.950,30.8
19:24:31.705,475472,-9.764,1.484,-4.154,-0.251,-0.011,-0.145,48.750,32.850,-37.950,30.9
19:24:31.764,475526,-9.124,1.618,-3.924,-0.023,-0.023,-0.074,49.050,31.200,-37.950,30.8
19:24:31.825,475580,-9.426,1.575,-3.934,0.034,-0.104,-0.136,49.050,31.200,-37.950,31.1
19:24:31.884,475634,-9.534,1.824,-4.092,-0.431,-0.119,-0.181,48.150,30.600,-38.100,30.8
19:24:31.945,475688,-9.345,1.216,-4.707,-0.175,0.041,-0.212,48.150,30.600,-38.100,31.1
19:24:32.005,475742,-9.299,1.310,-4.288,-0.137,0.013,-0.210,50.100,29.550,-38.100,31.0
19:24:32.065,475796,-8.978,0.860,-3.711,0.100,-0.084,-0.132,50.100,29.550,-38.100,30.7
19:24:32.123,475850,-8.638,0.836,-3.802,-0.144,-0.226,-0.041,49.050,29.250,-36.450,31.0
19:24:32.185,475904,-8.892,1.183,-4.032,-0.171,-0.184,-0.014,49.050,29.250,-36.450,31.1
19:24:32.186,475958,-9.084,0.883,-3.670,-0.062,-0.101,0.007,49.050,28.200,-36.450,31.0
19:24:32.245,476012,-9.244,1.159,-3.493,0.075,0.002,0.089,48.900,28.800,-36.600,30.7
19:24:32.305,476066,-8.938,0.725,-3.737,0.105,0.010,0.136,48.900,28.800,-36.600,30.9
19:24:32.365,476120,-9.234,1.709,-3.642,-0.028,-0.012,0.054,48.900,28.800,-36.600,30.9
19:24:32.425,476174,-9.347,1.595,-3.946,-0.030,-0.030,-0.049,48.900,28.800,-36.600,31.1
19:24:32.484,476228,-9.043,1.865,-3.759,0.105,-0.034,-0.174,49.050,28.950,-36.150,30.9
19:24:32.545,476282,-8.727,0.745,-3.414,0.351,-0.183,-0.299,49.050,28.950,-36.150,30.7
19:24:32.603,476336,-9.639,-0.012,-2.921,0.353,-0.452,-0.255,50.250,27.450,-34.650,31.1
19:24:32.665,476390,-11.765,2.952,-5.509,0.082,-0.032,0.149,50.250,27.450,-34.650,31.0
19:24:32.725,476444,-15.416,1.944,-4.961,-0.283,-0.137,0.802,50.850,25.200,-35.550,31.1
19:24:32.726,476498,-15.457,3.788,-4.956,-0.310,-0.402,1.337,50.850,25.200,-35.550,30.9
19:24:32.784,476552,-12.474,3.996,-3.895,-0.352,-0.472,1.053,47.850,32.550,-34.050,30.9
19:24:32.845,476606,-10.760,3.328,-2.016,-0.131,-0.434,0.320,47.850,32.550,-34.050,30.9
19:24:32.905,476660,-8.789,2.342,-2.102,0.308,-0.245,-0.242,44.400,37.950,-31.200,30.9
19:24:32.964,476714,-7.937,1.618,-1.549,0.204,-0.078,-0.655,45.150,36.900,-26.400,30.7
19:24:33.024,476768,-7.918,3.764,-2.198,0.410,-0.025,-1.087,45.150,36.900,-26.400,30.8
19:24:33.085,476822,-6.706,0.127,-1.355,0.470,-0.084,-1.092,48.000,31.650,-27.750,30.8
19:24:33.145,476876,-6.759,0.663,-2.186,0.410,-0.128,-1.151,48.000,31.650,-27.750,30.8
19:24:33.205,476930,-6.692,-0.728,-1.393,0.432,-0.096,-1.217,48.000,31.650,-27.750,30.9
19:24:33.265,476984,-6.979,-0.639,-1.822,0.113,0.129,-1.148,48.000,31.650,-27.750,30.9
19:24:33.266,477038,-8.322,-0.239,-1.434,-0.026,-0.018,-1.547,52.350,19.800,-24.900,31.1
19:24:33.324,477092,-7.661,-2.093,-2.691,0.406,0.002,-1.450,52.350,19.800,-24.900,31.2
19:24:33.385,477146,-6.864,-0.302,-3.328,-0.487,-0.013,-1.325,55.200,11.700,-24.900,30.9
19:24:33.444,477200,-8.054,-1.664,-2.868,0.285,-0.090,-1.299,55.200,11.700,-24.900,30.7
19:24:33.505,477254,-8.028,-3.831,-2.768,-0.358,-0.056,-1.098,54.000,5.700,-24.450,30.6
19:24:33.564,477308,-7.879,-3.115,-2.569,-0.410,0.092,-0.465,54.150,-0.900,-23.100,30.9
19:24:33.624,477362,-8.851,-3.517,-3.761,-0.723,0.130,-0.092,54.150,-0.900,-23.100,31.0
19:24:33.685,477416,-8.509,-3.603,-2.708,-0.789,0.055,0.005,53.700,-1.650,-24.600,30.9
19:24:33.745,477470,-8.643,-3.680,-3.093,-0.935,0.034,0.031,53.700,-1.650,-24.600,30.9
19:24:33.805,477524,-8.157,-4.319,-2.820,-0.820,0.072,-0.080,52.050,-1.050,-24.750,31.0
19:24:33.864,477578,-8.339,-3.302,-3.486,-0.376,0.082,-0.119,52.050,-1.050,-24.750,30.8
19:24:33.865,477632,-8.894,-3.270,-2.947,-0.594,0.182,0.157,53.100,0.150,-26.400,30.9
19:24:33.924,477686,-7.968,-2.928,-4.293,-0.580,0.242,0.060,53.100,0.150,-26.400,30.7
19:24:33.985,477740,-8.464,-3.529,-3.771,-0.367,0.196,0.110,53.100,0.150,-26.400,30.8
19:24:34.045,477794,-8.404,-3.268,-4.415,-0.207,0.206,0.104,53.100,0.150,-26.400,30.9
19:24:34.105,477848,-8.847,-2.875,-4.585,-0.400,0.124,0.219,53.700,1.350,-30.150,30.9
19:24:34.165,477902,-7.887,-3.199,-4.187,-0.215,0.086,0.254,53.400,2.100,-29.700,30.8
19:24:34.225,477956,-9.000,-2.239,-4.393,-0.343,0.147,0.383,53.400,2.100,-29.700,30.9
19:24:34.285,478010,-8.645,-2.658,-4.369,0.030,0.005,0.584,53.400,2.100,-29.700,30.7
19:24:34.344,478064,-9.103,-2.923,-4.087,0.138,0.000,0.442,53.400,2.100,-29.700,31.1
19:24:34.345,478118,-8.811,-2.270,-4.168,0.166,-0.016,0.224,53.100,5.850,-32.700,31.1
19:24:34.405,478172,-8.425,-2.014,-4.393,0.045,0.005,0.054,53.100,5.850,-32.700,30.7
19:24:34.465,478226,-8.878,-2.095,-3.903,0.211,0.113,0.225,54.300,8.100,-29.550,30.9
19:24:34.525,478280,-9.515,-1.767,-5.155,0.238,0.128,0.173,54.300,8.100,-29.550,30.9
19:24:34.585,478334,-9.060,-1.779,-4.147,0.586,0.083,-0.227,53.400,9.750,-32.250,30.9
19:24:34.645,478388,-7.793,-1.824,-5.490,0.142,0.282,-0.167,53.400,9.750,-32.250,31.0
19:24:34.704,478442,-7.695,-1.566,-4.932,0.311,0.167,-0.072,54.450,7.050,-33.000,30.7
19:24:34.764,478496,-8.229,-1.803,-4.980,0.022,0.206,0.043,54.450,7.050,-33.000,31.2
19:24:34.824,478550,-7.154,-2.172,-5.255,0.488,0.100,0.143,54.450,7.050,-33.000,31.1
19:24:34.885,478604,-7.238,-1.827,-4.700,0.542,0.006,0.631,54.300,8.850,-35.400,30.9
19:24:34.886,478658,-6.103,-2.557,-4.058,0.418,-0.050,1.293,54.300,8.850,-35.400,30.7
19:24:34.945,478712,-6.591,0.654,-5.337,0.005,0.028,1.779,54.900,13.650,-36.300,31.0
19:24:35.005,478766,-7.144,-1.214,-7.408,0.864,-0.155,1.596,54.900,13.650,-36.300,30.9
19:24:35.065,478820,-8.186,1.020,-3.369,0.390,0.165,1.424,54.900,13.650,-36.300,30.9
19:24:35.125,478874,-8.753,2.365,-4.571,0.292,0.184,1.085,54.900,13.650,-36.300,30.9
19:24:35.184,478928,-8.906,-0.757,-4.384,0.532,-0.103,0.457,49.050,29.250,-40.500,30.9
19:24:35.244,478982,-8.890,2.612,-4.513,0.347,-0.120,0.277,49.050,29.250,-40.500,31.1
19:24:35.304,479036,-7.772,0.831,-5.409,1.262,0.279,0.250,49.050,31.950,-41.550,31.0
19:24:35.364,479090,-8.693,0.326,-4.573,0.483,0.088,0.219,49.050,31.950,-41.550,30.7
19:24:35.424,479144,-8.859,1.494,-5.531,0.442,0.002,0.143,49.350,31.050,-42.450,30.6
19:24:35.425,479198,-9.735,-0.139,-5.104,0.223,0.032,0.067,48.150,30.600,-44.400,31.1
19:24:35.485,479252,-8.554,0.163,-4.932,0.168,0.021,0.162,48.150,30.600,-44.400,30.8
19:24:35.544,479306,-9.050,-0.697,-4.999,-0.058,0.244,0.071,48.150,30.600,-44.400,30.9
19:24:35.605,479360,-9.316,1.470,-4.729,0.116,0.176,0.108,48.150,30.600,-44.400,30.7
19:24:35.725,479414,-9.062,0.302,-5.143,-0.209,-0.127,0.174,48.300,28.500,-44.850,30.7
19:24:35.726,479468,-9.131,1.267,-5.164,-0.362,-0.214,0.080,48.300,28.500,-44.850,30.9
19:24:35.785,479522,-9.313,1.630,-4.913,-0.273,-0.391,-0.039,46.950,31.650,-45.600,30.9
19:24:35.845,479576,-8.772,1.290,-4.956,-0.078,-0.318,-0.110,46.950,31.650,-45.600,31.0
19:24:35.905,479630,-8.849,2.277,-4.381,-0.436,-0.310,-0.181,46.950,31.650,-45.600,30.7
19:24:35.965,479684,-8.950,1.365,-4.527,-0.475,-0.044,-0.257,46.950,31.650,-45.600,30.7
19:24:35.966,479738,-8.720,1.279,-4.199,-0.483,0.084,-0.218,48.150,26.400,-40.350,30.9
19:24:36.025,479792,-8.633,0.998,-4.183,-0.303,0.010,-0.103,48.900,26.850,-39.300,30.9
19:24:36.085,479846,-8.789,1.231,-4.254,-0.315,-0.011,-0.033,48.900,26.850,-39.300,30.7
19:24:36.145,479900,-8.923,1.417,-3.900,-0.523,-0.277,0.064,49.500,25.500,-40.200,30.9
19:24:36.205,479954,-8.502,0.182,-4.472,-0.501,-0.108,-0.091,49.500,25.500,-40.200,30.9
19:24:36.325,480008,-8.954,1.472,-3.749,-0.057,0.085,-0.230,49.050,26.250,-37.950,30.9
19:24:36.325,480062,-8.373,0.804,-4.355,0.039,0.020,-0.355,49.050,26.250,-37.950,30.5
19:24:36.385,480116,-8.373,0.591,-4.195,0.250,0.078,-0.393,49.050,24.300,-39.000,30.7
19:24:36.445,480170,-8.902,0.311,-4.073,-0.022,-0.010,-0.358,49.050,24.300,-39.000,31.1
19:24:36.505,480224,-9.536,0.680,-4.202,0.082,-0.011,-0.314,51.600,22.950,-38.850,31.0
19:24:36.506,480278,-12.795,0.910,-5.614,-0.291,-0.075,-0.106,51.600,22.950,-38.850,31.0
19:24:36.563,480332,-15.435,3.677,-7.025,-0.715,-0.141,0.568,50.850,22.200,-39.300,31.0
19:24:36.625,480386,-14.087,2.909,-5.583,-0.069,0.083,0.983,50.850,22.200,-39.300,30.9
19:24:36.684,480440,-11.358,1.341,-4.441,-0.182,-0.061,0.984,50.850,22.200,-39.300,31.1
19:24:36.744,480494,-8.794,1.417,-4.166,0.022,-0.163,0.700,46.350,31.800,-38.550,31.1
19:24:36.805,480548,-8.437,2.212,-4.094,0.006,-0.219,0.179,46.350,31.800,-38.550,30.5
19:24:36.865,480602,-8.363,1.779,-3.680,-0.014,-0.382,-0.223,46.950,35.850,-38.250,30.7
19:24:36.924,480656,-8.614,1.911,-3.172,-0.050,-0.457,-0.562,46.950,35.850,-38.250,31.1
19:24:36.984,480710,-7.525,-0.503,-2.928,0.044,-0.791,-0.808,48.300,33.150,-35.100,30.9
19:24:37.045,480764,-7.219,2.037,-3.290,0.226,-0.625,-0.789,48.300,33.150,-35.100,30.8
19:24:37.046,480818,-7.645,1.374,-2.765,0.237,-0.551,-0.910,50.550,27.750,-30.300,30.9
19:24:37.105,480872,-8.815,1.013,-2.662,0.451,-0.438,-0.899,50.550,27.750,-30.300,30.7
19:24:37.164,480926,-9.062,0.541,-1.523,0.433,-0.671,-0.950,50.550,27.750,-30.300,30.7
19:24:37.225,480980,-7.640,-0.704,-1.652,1.080,-0.598,-0.940,52.050,19.650,-24.000,31.0
19:24:37.285,481034,-8.375,0.316,-2.133,0.107,-0.487,-0.779,52.050,19.650,-24.000,30.8
19:24:37.344,481088,-8.229,-0.718,-1.413,0.426,-0.337,-1.007,54.150,13.650,-20.250,30.9
19:24:37.405,481142,-8.538,-1.384,-1.894,0.096,-0.273,-0.800,54.150,13.650,-20.250,30.8
19:24:37.465,481196,-8.243,-2.114,-0.776,0.329,-0.314,-0.803,54.150,13.650,-20.250,30.8
19:24:37.525,481250,-8.387,-3.254,-0.785,0.695,-0.329,-0.545,54.150,13.650,-20.250,30.9
19:24:37.584,481304,-8.229,-2.507,-0.517,0.189,0.052,0.163,52.350,3.600,-16.500,31.1
19:24:37.585,481358,-7.867,-2.964,-1.089,0.208,0.243,0.312,52.350,3.600,-16.500,31.0
19:24:37.645,481412,-9.574,-3.381,-0.924,-0.161,0.414,0.335,53.250,7.200,-15.300,31.0
19:24:37.704,481466,-9.400,-2.622,-1.755,0.030,0.512,0.339,53.250,7.200,-15.300,30.9
19:24:37.765,481520,-9.764,-2.545,-1.647,-0.139,0.254,0.303,53.550,7.650,-17.550,30.7
19:24:37.825,481574,-8.739,-2.265,-1.030,-0.398,0.299,0.150,53.250,9.600,-20.400,30.9
19:24:37.885,481628,-9.134,-2.808,-2.239,-0.203,0.275,0.024,53.250,9.600,-20.400,31.0
19:24:37.945,481682,-9.438,-3.182,-0.505,-0.482,0.028,-0.067,53.250,9.600,-20.400,30.9
19:24:38.005,481736,-10.266,-2.088,-3.249,-0.261,0.028,-0.212,53.250,9.600,-20.400,30.9
19:24:38.064,481790,-10.092,-1.523,-1.125,-0.101,-0.034,-0.268,54.000,8.400,-21.150,30.7
19:24:38.185,481844,-8.588,-2.421,-1.872,-0.569,-0.056,0.047,54.000,8.400,-21.150,30.9
19:24:38.186,481898,-8.990,-1.863,-2.818,-0.558,0.283,0.220,52.650,6.300,-19.800,31.1
19:24:38.187,481952,-8.892,-3.864,-1.918,-0.471,0.079,0.014,52.650,6.300,-19.800,30.6
19:24:38.244,482006,-9.091,-2.567,-2.332,-0.366,0.171,0.224,52.650,6.300,-19.800,30.7
19:24:38.305,482060,-8.349,-2.495,-2.540,0.310,0.212,0.563,52.650,6.300,-19.800,30.8
19:24:38.365,482114,-8.466,-0.970,-2.538,0.544,0.411,1.070,53.100,9.750,-22.350,31.0
19:24:38.424,482168,-7.458,0.773,-1.405,0.811,0.515,1.298,53.100,9.750,-22.350,30.8
19:24:38.484,482222,-8.176,-1.528,-3.383,0.593,0.311,0.997,53.700,16.800,-26.100,30.9
19:24:38.545,482276,-8.990,-0.673,-3.541,0.059,0.398,0.748,51.750,21.900,-28.800,31.0
19:24:38.604,482330,-9.014,1.669,-2.574,-0.450,0.397,0.339,51.750,21.900,-28.800,31.1
19:24:38.664,482384,-7.116,-1.499,-4.374,0.737,0.447,0.753,51.750,25.800,-31.350,30.6
19:24:38.665,482438,-8.169,1.252,-3.881,0.100,0.150,0.725,51.750,25.800,-31.350,30.9
19:24:38.723,482492,-9.819,3.479,-4.221,0.162,0.226,0.610,50.400,27.900,-34.050,30.7
19:24:38.784,482546,-8.880,1.422,-4.319,0.281,0.074,0.331,50.400,27.900,-34.050,31.1
19:24:38.845,482600,-9.060,1.877,-3.994,-0.082,0.113,0.198,48.600,29.850,-36.600,31.1
19:24:38.904,482654,-8.748,0.457,-5.088,-0.095,0.280,0.080,48.600,29.850,-36.600,30.7
19:24:38.965,482708,-9.620,1.099,-4.456,-0.503,0.288,-0.067,47.400,32.550,-37.050,30.9
19:24:39.025,482762,-9.850,1.985,-4.513,-0.223,0.056,-0.113,47.400,32.550,-37.050,30.8
19:24:39.084,482816,-10.022,1.092,-4.403,-0.495,-0.107,-0.247,47.400,32.550,-37.050,30.9
19:24:39.145,482870,-9.146,0.371,-4.312,-0.386,-0.216,-0.188,47.700,31.950,-37.950,31.1
19:24:39.205,482924,-9.565,0.960,-4.520,-0.228,-0.151,-0.139,47.700,31.950,-37.950,30.7
19:24:39.206,482978,-8.569,0.852,-3.582,0.087,-0.114,-0.066,48.000,31.950,-36.450,30.9
19:24:39.265,483032,-9.002,1.413,-4.401,0.090,-0.117,-0.126,48.000,31.950,-36.450,30.9
19:24:39.325,483086,-8.911,1.271,-3.948,-0.029,-0.228,-0.123,50.250,29.700,-34.350,31.0
19:24:39.384,483140,-9.347,0.962,-3.666,-0.199,-0.161,-0.251,50.250,29.700,-34.350,30.7
19:24:39.504,483194,-9.543,1.075,-4.300,-0.288,-0.153,-0.393,49.800,29.700,-36.150,30.9
19:24:39.504,483248,-9.692,0.852,-3.730,-0.137,-0.026,-0.356,49.800,29.700,-36.150,31.0
19:24:39.565,483302,-9.629,0.271,-3.531,0.021,-0.008,-0.333,50.550,27.750,-35.400,31.2
19:24:39.625,483356,-9.675,0.766,-3.567,-0.008,-0.099,-0.289,50.550,27.750,-35.400,31.0
19:24:39.685,483410,-9.629,-0.172,-3.333,-0.215,-0.151,-0.241,51.750,25.500,-35.100,30.8
19:24:39.745,483464,-9.582,0.373,-3.203,-0.121,-0.207,-0.177,51.600,24.450,-34.800,30.5
19:24:39.746,483518,-9.337,-0.579,-3.366,-0.195,-0.288,-0.250,51.600,24.450,-34.800,30.9
19:24:39.805,483572,-9.728,0.950,-3.282,-0.111,-0.140,-0.109,51.600,24.450,-34.800,30.9
19:24:39.864,483626,-9.723,0.302,-2.966,-0.148,-0.136,-0.132,51.600,24.450,-34.800,30.9
19:24:39.925,483680,-9.601,0.318,-2.691,-0.141,-0.107,-0.179,52.650,21.000,-33.000,30.9
19:24:39.984,483734,-9.201,0.199,-2.931,-0.102,-0.016,-0.294,52.650,21.000,-33.000,30.7
19:24:40.044,483788,-8.851,0.017,-2.875,-0.019,0.182,-0.348,52.800,23.100,-32.400,31.1
19:24:40.104,483842,-9.199,-0.421,-2.887,-0.122,0.080,-0.419,52.800,23.100,-32.400,31.1
19:24:40.165,483896,-9.340,-0.373,-2.844,-0.149,0.018,-0.366,52.800,23.100,-32.400,30.7
19:24:40.224,483950,-9.838,-0.340,-3.146,-0.056,-0.050,-0.353,52.800,23.100,-32.400,30.7
19:24:40.283,484004,-9.730,-0.630,-2.978,-0.085,-0.075,-0.183,53.100,17.850,-31.950,30.7
19:24:40.284,484058,-9.840,-0.919,-2.897,-0.003,-0.079,-0.086,51.750,17.400,-31.800,31.0
19:24:40.344,484112,-9.730,-1.120,-2.686,-0.006,-0.091,-0.052,51.750,17.400,-31.800,30.8
19:24:40.465,484166,-9.498,-0.905,-2.746,-0.014,0.032,0.029,54.150,15.900,-30.150,30.9
19:24:40.466,484220,-9.232,-1.013,-2.737,-0.080,-0.031,-0.013,54.150,15.900,-30.150,30.9
19:24:40.524,484274,-8.751,-0.706,-2.349,0.006,0.020,-0.057,52.650,17.100,-30.450,31.0
19:24:40.583,484328,-9.431,-1.226,-2.665,-0.138,-0.060,-0.209,52.650,17.100,-30.450,31.0
19:24:40.644,484382,-15.057,1.025,-4.456,-0.434,0.046,0.311,52.650,17.100,-30.450,30.7
19:24:40.703,484436,-16.400,1.118,-4.676,0.373,-0.175,1.016,52.650,17.100,-30.450,30.9
19:24:40.764,484490,-13.448,0.651,-4.161,-0.104,-0.082,1.308,53.100,17.550,-30.450,31.2
19:24:40.824,484544,-11.289,0.816,-2.705,-0.035,-0.016,0.968,53.100,17.550,-30.450,31.1
19:24:40.824,484598,-9.835,0.560,-2.751,0.052,-0.070,0.469,51.750,25.800,-30.600,30.7
19:24:40.883,484652,-9.517,1.288,-2.624,0.330,-0.068,0.108,51.750,25.800,-30.600,31.0
19:24:40.945,484706,-9.167,1.525,-2.631,0.095,0.020,-0.165,51.750,25.800,-30.600,30.9
19:24:41.003,484760,-8.459,-0.010,-1.841,0.315,0.196,-0.474,50.100,27.150,-30.150,30.9
19:24:41.063,484814,-8.033,-0.991,-1.808,0.166,0.092,-0.718,50.100,27.150,-30.150,30.9
19:24:41.124,484868,-7.558,0.551,-1.858,0.241,0.085,-0.918,47.850,24.150,-28.650,30.7
19:24:41.183,484922,-8.351,-1.271,-1.369,-0.057,-0.130,-0.999,47.850,24.150,-28.650,30.8
19:24:41.244,484976,-8.756,-1.197,-1.769,0.097,-0.078,-0.775,52.350,21.000,-26.400,30.9
19:24:41.304,485030,-8.504,-0.541,-3.144,-0.268,-0.253,-0.803,52.350,21.000,-26.400,30.9
19:24:41.364,485084,-8.066,-1.338,-1.937,0.404,-0.378,-0.788,53.700,14.850,-25.650,30.8
19:24:41.364,485138,-7.398,-3.026,-3.230,0.034,-0.177,-0.739,53.700,14.850,-25.650,31.1
19:24:41.424,485192,-7.321,-0.790,-1.013,0.446,0.032,-0.611,54.450,11.700,-23.550,31.1
19:24:41.484,485246,-7.896,-4.214,-0.857,0.829,-0.024,-0.546,54.450,11.700,-23.550,30.9
19:24:41.544,485300,-8.571,-1.358,-3.761,0.118,-0.085,-0.242,54.900,5.550,-21.300,30.7
19:24:41.603,485354,-8.380,-2.392,-4.041,-0.804,0.163,0.202,54.150,3.150,-22.050,30.7
19:24:41.664,485408,-8.861,-1.566,-2.842,-0.017,0.074,0.403,54.150,3.150,-22.050,30.9
19:24:41.724,485462,-9.376,-1.690,-2.626,-0.083,0.013,0.233,54.150,3.150,-22.050,30.9
19:24:41.784,485516,-9.311,-2.207,-3.424,0.111,0.004,0.097,54.150,3.150,-22.050,31.0
19:24:41.845,485570,-9.091,-1.377,-2.471,0.456,-0.022,0.050,54.750,6.450,-21.450,31.1
19:24:41.905,485624,-8.902,-2.772,-2.009,0.238,-0.007,0.046,54.750,6.450,-21.450,30.9
19:24:41.906,485678,-9.136,-1.573,-2.397,-0.056,0.023,-0.046,54.900,7.800,-22.050,31.0
19:24:41.965,485732,-9.148,-1.908,-2.643,0.217,0.039,-0.038,54.900,7.800,-22.050,31.0
19:24:42.025,485786,-9.347,-2.859,-2.042,-0.105,0.100,0.035,54.900,7.800,-22.050,30.7
19:24:42.085,485840,-9.349,-2.569,-2.562,-0.189,0.048,-0.003,54.900,7.800,-22.050,30.7
19:24:42.145,485894,-9.723,-2.385,-3.230,-0.032,-0.013,0.010,54.150,8.250,-22.350,31.1
19:24:42.205,485948,-9.100,-2.897,-2.976,-0.090,-0.099,0.149,53.700,8.700,-22.350,30.9
19:24:42.265,486002,-9.043,-2.078,-2.794,0.011,-0.030,0.463,53.700,8.700,-22.350,31.0
19:24:42.325,486056,-8.966,-2.564,-2.504,-0.234,-0.122,0.521,54.450,9.750,-22.800,31.0
19:24:42.385,486110,-9.474,-3.299,-2.318,0.042,-0.232,0.354,54.450,9.750,-22.800,30.9
19:24:42.445,486164,-8.815,-1.259,-2.492,-0.106,-0.170,0.362,54.150,11.700,-22.050,30.7
19:24:42.446,486218,-7.286,-1.226,-1.958,-0.192,-0.028,0.731,54.150,11.700,-22.050,30.9
19:24:42.504,486272,-6.955,0.970,-1.417,0.185,0.298,1.187,54.150,11.700,-22.050,30.6
19:24:42.565,486326,-7.736,0.474,-1.604,-0.300,0.246,1.144,54.150,11.700,-22.050,30.5
19:24:42.625,486380,-8.820,0.192,-2.116,0.272,-0.037,0.838,51.900,22.950,-24.300,30.8
19:24:42.684,486434,-8.904,1.846,-1.413,-0.021,0.120,0.534,51.900,22.950,-24.300,31.0
19:24:42.745,486488,-8.770,0.527,-3.598,0.314,0.047,0.305,50.250,26.550,-26.250,30.9
19:24:42.804,486542,-10.197,-0.395,-3.208,-0.320,0.239,0.057,50.250,26.550,-26.250,30.8
19:24:42.865,486596,-9.972,2.421,-2.109,0.075,0.282,0.146,50.250,26.550,-26.250,30.8
19:24:42.925,486650,-9.100,-0.069,-3.158,0.133,0.454,0.179,49.650,28.350,-30.450,31.1
19:24:43.045,486704,-9.457,0.654,-2.523,0.035,0.312,0.097,49.650,28.350,-30.450,30.9
19:24:43.046,486758,-9.881,1.614,-2.914,0.108,0.185,-0.112,51.000,30.450,-33.900,30.7
19:24:43.047,486812,-10.046,1.109,-3.627,0.019,0.030,-0.205,51.000,30.450,-33.900,30.5
19:24:43.105,486866,-9.761,1.049,-3.402,0.070,-0.091,-0.266,51.000,30.450,-33.900,31.1
19:24:43.165,486920,-9.768,0.115,-3.575,-0.076,0.076,-0.127,51.000,30.450,-33.900,30.8
19:24:43.224,486974,-10.305,-0.223,-3.419,-0.333,0.005,-0.238,51.150,28.350,-32.700,30.8
19:24:43.284,487028,-10.240,0.840,-3.553,-0.441,-0.087,-0.151,51.150,28.350,-32.700,30.7
19:24:43.345,487082,-9.572,0.201,-3.280,-0.360,-0.084,-0.173,51.000,28.200,-32.100,30.9
19:24:43.405,487136,-9.383,0.278,-3.266,-0.106,-0.099,-0.155,51.000,28.200,-32.100,31.0
19:24:43.465,487190,-9.038,0.156,-3.132,-0.120,-0.082,-0.114,51.300,25.500,-32.100,30.9
19:24:43.525,487244,-9.603,0.414,-3.029,-0.200,-0.059,-0.112,51.300,26.550,-32.100,30.6
19:24:43.526,487298,-9.969,0.541,-2.986,-0.363,-0.104,-0.068,51.300,26.550,-32.100,30.9
19:24:43.585,487352,-9.814,0.268,-2.698,-0.339,-0.075,-0.054,51.300,26.550,-32.100,30.9
19:24:43.643,487406,-9.665,0.843,-2.851,-0.351,0.146,0.051,51.300,26.550,-32.100,30.9
19:24:43.705,487460,-9.864,0.831,-2.782,-0.208,0.225,0.072,50.400,25.200,-30.750,31.1
19:24:43.764,487514,-9.682,0.761,-2.878,-0.069,0.242,0.152,50.400,25.200,-30.750,30.9
19:24:43.824,487568,-9.433,1.381,-3.055,0.094,0.279,0.199,51.900,25.650,-32.700,30.7
19:24:43.885,487622,-9.067,0.867,-3.225,0.045,0.163,0.183,51.900,25.650,-32.700,30.8
19:24:43.944,487676,-8.660,1.240,-3.479,0.059,0.159,0.135,51.900,25.650,-32.700,30.9
19:24:44.004,487730,-8.741,1.314,-3.699,0.130,0.122,0.052,51.900,25.650,-32.700,30.7
19:24:44.065,487784,-9.191,1.595,-3.591,0.168,0.040,0.034,51.150,27.600,-33.450,31.1
19:24:44.066,487838,-8.978,1.609,-3.797,0.201,-0.085,-0.064,49.650,26.850,-36.300,30.9
19:24:44.125,487892,-9.131,1.209,-3.759,0.150,-0.078,-0.066,49.650,26.850,-36.300,30.7
19:24:44.184,487946,-9.505,1.551,-3.788,0.180,-0.055,-0.010,49.500,26.550,-35.100,30.9
19:24:44.245,488000,-9.328,3.105,-4.022,0.175,-0.142,-0.098,49.500,26.550,-35.100,30.9
19:24:44.305,488054,-9.029,1.999,-3.491,0.231,-0.156,-0.243,51.750,25.800,-35.100,31.0
19:24:44.364,488108,-9.603,1.492,-2.897,0.152,-0.155,-0.289,51.750,25.800,-35.100,30.9
19:24:44.424,488162,-12.572,0.989,-4.032,0.185,-0.190,-0.134,51.750,25.800,-35.100,30.8
19:24:44.484,488216,-14.602,2.296,-4.848,-0.320,-0.279,0.460,51.750,25.800,-35.100,30.8
19:24:44.545,488270,-13.051,1.844,-3.960,-0.047,-0.065,0.833,51.150,24.150,-34.050,30.9
19:24:44.605,488324,-11.047,1.214,-2.459,-0.086,0.010,0.810,51.150,24.150,-34.050,31.0
19:24:44.606,488378,-9.890,1.944,-2.828,0.228,-0.054,0.530,50.400,29.850,-31.950,30.9
19:24:44.664,488432,-10.238,1.630,-3.120,0.300,-0.037,0.392,50.400,29.850,-31.950,30.9
19:24:44.725,488486,-9.608,1.822,-3.060,0.291,-0.005,0.174,50.400,29.850,-31.950,30.9
19:24:44.785,488540,-9.527,1.034,-2.586,0.423,-0.064,-0.173,48.600,34.500,-31.500,31.0
19:24:44.844,488594,-8.394,1.106,-3.237,0.101,-0.161,-0.466,48.600,34.500,-31.500,31.1
19:24:44.905,488648,-7.661,1.700,-3.060,0.265,-0.497,-0.706,48.600,31.500,-31.500,30.7
19:24:44.965,488702,-8.368,0.790,-2.677,0.340,-0.479,-0.938,48.600,31.500,-31.500,30.7
19:24:45.024,488756,-6.922,-1.492,-2.811,0.041,-0.351,-1.049,49.050,28.950,-28.500,30.8
19:24:45.085,488810,-7.089,-0.345,-2.555,0.135,-0.332,-1.127,49.050,28.950,-28.500,31.0
19:24:45.145,488864,-7.446,0.148,-2.466,0.361,-0.487,-1.401,52.500,23.550,-27.300,31.1
19:24:45.145,488918,-8.969,2.713,-0.120,0.528,-0.582,-1.590,52.500,23.550,-27.300,30.9
19:24:45.205,488972,-7.980,-1.688,-1.305,-0.419,-0.836,-1.782,52.650,14.400,-23.850,31.0
19:24:45.265,489026,-7.132,-1.513,-1.642,1.574,-0.337,-1.633,54.150,5.100,-20.250,30.9
19:24:45.324,489080,-7.966,-0.517,-1.341,0.416,0.037,-0.563,54.150,5.100,-20.250,30.9
19:24:45.383,489134,-8.799,-5.543,-0.484,-0.332,0.219,0.015,54.300,2.700,-17.550,30.7
19:24:45.444,489188,-9.266,-4.286,-1.633,0.006,0.118,-0.189,54.300,2.700,-17.550,30.7
19:24:45.503,489242,-8.878,-4.326,-1.039,0.023,0.096,-0.047,54.300,2.700,-17.550,31.1
19:24:45.564,489296,-9.196,-3.998,-2.049,-0.161,0.201,0.051,54.300,2.700,-17.550,30.8
19:24:45.624,489350,-8.914,-4.503,-1.034,0.273,0.116,-0.091,52.500,0.300,-18.900,30.9
19:24:45.684,489404,-9.407,-3.929,-1.580,0.051,0.019,0.004,52.500,0.300,-18.900,30.9
19:24:45.685,489458,-8.780,-4.197,-1.444,0.159,-0.046,-0.108,54.150,1.350,-18.000,30.7
19:24:45.744,489512,-8.990,-3.598,-0.876,0.086,-0.009,-0.047,54.150,1.350,-18.000,30.8
19:24:45.805,489566,-8.808,-4.571,-1.712,-0.229,-0.091,-0.033,53.100,-0.150,-19.500,30.9
19:24:45.864,489620,-8.358,-4.453,-0.778,-0.034,0.019,0.109,53.100,-0.150,-19.500,30.8
19:24:45.925,489674,-8.722,-4.278,-1.506,-0.269,0.060,0.146,53.400,1.350,-18.450,30.7
19:24:46.045,489728,-8.885,-4.329,-1.147,-0.273,0.069,0.030,53.400,1.350,-18.450,31.0
19:24:46.046,489782,-9.072,-4.590,-1.274,-0.161,-0.038,0.065,53.400,1.350,-18.450,30.9
19:24:46.105,489836,-8.602,-3.773,-1.963,-0.298,0.075,0.161,53.100,0.900,-18.750,30.9
19:24:46.165,489890,-8.418,-4.010,-1.207,-0.123,0.145,0.448,53.100,0.900,-18.750,30.9
19:24:46.224,489944,-7.633,-3.213,-1.798,-0.058,0.262,0.795,52.050,4.200,-20.700,31.0
19:24:46.224,489998,-6.948,-1.262,-1.980,-0.366,0.637,1.397,52.050,4.200,-20.700,31.1
19:24:46.285,490052,-7.922,-2.667,-1.250,-0.495,0.471,1.575,53.700,9.000,-24.300,31.1
19:24:46.343,490106,-8.878,1.030,-3.505,-0.037,0.402,1.168,53.700,9.000,-24.300,30.7
19:24:46.405,490160,-9.488,-0.187,-2.519,-0.439,0.389,0.984,52.650,15.150,-25.650,31.0
19:24:46.465,490214,-8.076,0.778,-3.876,0.068,0.303,0.988,52.650,15.150,-25.650,30.8
19:24:46.523,490268,-8.301,-0.618,-3.376,-0.143,0.287,0.942,52.650,15.150,-25.650,30.9
19:24:46.584,490322,-9.232,1.226,-3.505,-0.015,0.360,0.942,51.000,27.000,-32.100,31.0
19:24:46.645,490376,-9.701,-1.087,-4.005,-0.260,0.241,0.669,51.000,27.000,-32.100,30.9
19:24:46.705,490430,-10.010,1.817,-3.105,0.008,0.086,0.540,51.150,31.800,-33.000,30.9
19:24:46.764,490484,-8.938,0.455,-3.651,-0.044,0.187,0.490,51.150,31.800,-33.000,31.2
19:24:46.765,490538,-9.160,0.462,-3.129,0.201,0.316,0.495,51.150,31.800,-33.000,30.7
19:24:46.825,490592,-9.048,3.314,-3.194,-0.018,0.331,0.384,51.150,31.800,-33.000,30.9
19:24:46.883,490646,-9.024,2.126,-3.737,0.074,0.236,0.323,47.250,36.300,-37.650,30.9
19:24:46.945,490700,-9.641,2.559,-4.283,-0.331,-0.010,0.071,47.250,36.300,-37.650,30.9
19:24:47.005,490754,-9.177,3.177,-4.154,-0.209,-0.012,-0.054,45.900,37.650,-38.100,31.1
19:24:47.065,490808,-8.813,3.369,-3.998,-0.264,-0.019,-0.193,45.900,37.650,-38.100,31.1
19:24:47.124,490862,-8.899,2.653,-3.675,-0.075,-0.065,-0.266,46.200,36.600,-38.250,30.9
19:24:47.184,490916,-8.799,2.152,-3.548,-0.397,-0.079,-0.242,46.650,36.900,-38.550,30.9
19:24:47.244,490970,-9.120,1.563,-3.385,-0.332,-0.166,-0.163,46.650,36.900,-38.550,31.1
19:24:47.305,491024,-9.122,1.475,-3.745,-0.255,-0.211,-0.087,46.650,36.900,-38.550,30.7
19:24:47.306,491078,-9.165,2.579,-3.926,0.082,-0.122,-0.085,46.650,36.900,-38.550,30.8
19:24:47.365,491132,-9.421,2.279,-3.548,0.218,-0.092,-0.117,47.400,33.000,-34.500,30.9
19:24:47.424,491186,-9.246,1.765,-3.598,0.244,-0.138,-0.089,47.400,33.000,-34.500,31.1
19:24:47.485,491240,-9.287,2.727,-3.244,0.182,-0.044,-0.078,49.350,32.550,-34.050,30.9
19:24:47.545,491294,-9.419,1.499,-2.909,0.040,-0.075,-0.119,49.350,32.550,-34.050,30.9
19:24:47.605,491348,-8.993,2.538,-3.093,-0.153,-0.040,-0.198,47.250,32.850,-34.350,31.0
19:24:47.665,491402,-8.823,2.021,-3.227,0.103,0.014,-0.327,47.250,32.850,-34.350,30.9
19:24:47.725,491456,-8.950,1.257,-3.397,-0.075,0.002,-0.254,48.300,31.650,-33.600,30.8
19:24:47.784,491510,-9.127,1.429,-3.187,-0.039,-0.080,-0.249,48.300,31.650,-33.600,30.7
19:24:47.845,491564,-9.206,1.314,-3.541,0.102,-0.117,-0.176,48.300,31.650,-33.600,30.9
19:24:47.846,491618,-9.392,1.413,-3.263,0.060,-0.185,-0.157,50.400,29.550,-34.050,30.9
19:24:47.903,491672,-9.347,1.448,-3.419,0.044,-0.189,-0.154,50.400,29.550,-34.050,31.1
19:24:47.965,491726,-9.175,1.097,-3.220,0.070,-0.109,-0.205,50.100,28.800,-33.450,31.0
19:24:48.024,491780,-9.088,1.401,-3.239,0.048,-0.078,-0.213,50.100,28.800,-33.450,30.7
19:24:48.085,491834,-9.313,0.948,-2.950,0.124,-0.030,-0.199,51.750,28.500,-33.900,30.9
19:24:48.145,491888,-9.761,0.654,-2.887,0.075,-0.124,-0.125,51.750,28.500,-33.900,30.9
19:24:48.205,491942,-9.668,0.637,-2.581,-0.016,-0.099,0.027,51.600,26.400,-32.250,31.0
19:24:48.325,491996,-9.957,1.240,-2.816,0.004,-0.112,-0.010,51.600,26.400,-32.250,30.9
19:24:48.326,492050,-10.101,1.398,-2.799,0.106,-0.106,-0.143,51.600,26.400,-32.250,30.7
19:24:48.384,492104,-12.816,2.461,-3.031,0.137,-0.070,-0.204,51.150,25.200,-33.000,30.9
19:24:48.384,492158,-14.715,0.752,-3.745,-0.183,-0.177,0.353,51.150,25.200,-33.000,31.1
19:24:48.445,492212,-13.171,2.248,-3.168,0.003,0.066,0.848,51.300,28.200,-30.600,30.9
19:24:48.505,492266,-11.564,1.528,-2.679,-0.018,0.248,0.822,51.300,28.200,-30.600,30.9
19:24:48.565,492320,-11.090,1.707,-2.428,0.032,0.063,0.704,51.300,28.200,-30.600,31.1
19:24:48.625,492374,-10.324,1.410,-3.134,0.079,0.043,0.597,51.300,28.200,-30.600,30.9
19:24:48.685,492428,-9.402,1.877,-2.049,0.339,-0.124,0.280,47.850,35.700,-31.950,30.9
19:24:48.745,492482,-9.297,4.760,-2.856,0.001,-0.075,-0.383,47.850,35.700,-31.950,30.7
19:24:48.805,492536,-9.153,1.082,-2.878,0.396,-0.064,-0.722,47.250,37.050,-31.800,30.7
19:24:48.865,492590,-7.877,1.937,-2.255,0.046,-0.124,-0.928,47.250,37.050,-31.800,30.9
19:24:48.923,492644,-8.238,-0.271,-1.856,0.557,-0.242,-1.193,50.100,33.450,-29.700,31.1
19:24:48.924,492698,-7.628,0.290,-2.617,0.315,-0.176,-1.345,50.100,33.450,-29.700,31.0
19:24:48.985,492752,-7.520,1.535,-2.794,0.655,-0.190,-1.320,49.800,27.000,-29.850,31.0
19:24:49.044,492806,-7.858,-1.128,-2.349,-0.369,-0.388,-1.106,49.800,27.000,-29.850,30.9
19:24:49.105,492860,-8.365,-0.898,-0.192,0.262,-0.515,-1.217,49.800,27.000,-29.850,31.1
19:24:49.165,492914,-7.623,-2.131,-2.545,-0.105,-0.464,-1.111,53.250,13.500,-25.950,31.0
19:24:49.224,492968,-7.891,-0.991,-1.252,0.296,-0.258,-0.980,53.250,13.500,-25.950,30.9
19:24:49.285,493022,-7.594,-2.725,-1.686,0.129,-0.261,-0.693,54.000,7.200,-21.900,30.6
19:24:49.345,493076,-8.504,-1.173,-1.281,-0.165,0.100,-0.088,54.000,7.200,-21.900,30.9
19:24:49.404,493130,-9.098,-3.931,-2.217,-0.634,0.201,0.110,54.000,7.200,-21.900,30.9
19:24:49.464,493184,-9.378,-3.330,-1.798,-0.357,0.183,0.051,54.000,7.200,-21.900,30.9
19:24:49.465,493238,-9.560,-4.207,-2.133,-0.220,-0.023,-0.087,53.250,4.500,-22.650,30.9
19:24:49.525,493292,-9.184,-2.756,-2.133,-0.025,-0.054,-0.203,53.250,4.500,-22.650,30.9
19:24:49.585,493346,-8.507,-3.857,-1.894,0.224,-0.159,-0.308,53.550,4.200,-21.450,30.9
19:24:49.644,493400,-9.172,-1.719,-2.540,0.204,-0.000,-0.060,54.300,4.200,-20.100,30.8
19:24:49.705,493454,-8.990,-3.723,-1.743,-0.304,0.027,0.017,54.300,4.200,-20.100,30.7
19:24:49.765,493508,-9.330,-2.167,-2.229,0.125,-0.010,-0.145,54.750,2.250,-21.450,31.0
19:24:49.825,493562,-8.830,-3.414,-1.820,-0.152,0.069,-0.034,54.750,2.250,-21.450,30.9
19:24:49.885,493616,-8.384,-2.358,-2.109,0.092,0.230,0.190,54.000,3.450,-20.700,30.9
19:24:49.945,493670,-7.889,-2.689,-2.387,0.251,0.365,0.745,54.000,3.450,-20.700,30.7
19:24:50.003,493724,-7.484,-2.179,-2.626,0.056,0.399,1.217,54.450,4.800,-22.800,30.9
19:24:50.004,493778,-8.930,-0.318,-2.241,-0.387,0.356,1.142,54.450,4.800,-22.800,30.9
19:24:50.064,493832,-9.840,-1.681,-2.423,0.136,0.117,0.676,54.750,13.800,-26.250,31.1
19:24:50.125,493886,-8.954,-0.606,-3.048,-0.137,0.159,0.600,54.750,13.800,-26.250,30.8
19:24:50.185,493940,-8.334,-0.254,-2.947,-0.068,0.160,0.557,54.750,13.800,-26.250,30.7
19:24:50.244,493994,-9.359,0.558,-2.751,0.177,0.160,0.485,53.700,18.300,-27.900,30.9
19:24:50.303,494048,-8.301,-0.646,-2.253,0.323,0.068,0.584,53.700,18.300,-27.900,31.0
19:24:50.364,494102,-8.959,0.000,-3.620,-0.128,0.231,0.524,52.350,20.550,-30.450,30.9
19:24:50.423,494156,-9.850,1.001,-3.666,0.163,0.327,0.370,52.350,20.550,-30.450,30.9
19:24:50.485,494210,-10.029,-0.860,-3.498,-0.128,0.255,0.236,52.350,20.550,-30.450,31.1
19:24:50.545,494264,-9.744,0.096,-2.904,0.026,0.221,0.050,52.350,20.550,-30.450,30.9
19:24:50.604,494318,-9.294,-0.373,-3.630,0.084,0.234,0.107,51.600,26.400,-34.500,30.8
19:24:50.605,494372,-9.352,0.749,-3.953,0.037,0.173,0.164,51.600,26.400,-34.500,30.7
19:24:50.665,494426,-9.845,0.850,-3.857,-0.218,0.004,0.106,51.000,27.000,-36.150,30.7
19:24:50.725,494480,-9.728,0.924,-3.886,-0.191,-0.110,0.147,51.000,27.000,-36.150,30.9
19:24:50.784,494534,-9.562,0.060,-3.596,-0.064,-0.125,0.092,50.100,27.600,-36.300,30.9
19:24:50.845,494588,-9.031,0.539,-3.900,-0.049,-0.076,0.130,51.000,28.500,-34.350,31.0
19:24:50.904,494642,-9.120,0.735,-3.677,0.048,-0.050,0.195,51.000,28.500,-34.350,31.1
19:24:50.964,494696,-9.471,0.905,-3.819,-0.050,-0.068,0.210,51.000,28.500,-34.350,30.9
19:24:51.024,494750,-9.591,1.444,-3.797,-0.372,-0.186,0.208,51.000,28.500,-34.350,30.9
19:24:51.084,494804,-9.776,0.704,-3.630,-0.179,-0.201,0.050,51.300,29.700,-33.900,30.9
19:24:51.085,494858,-9.426,0.948,-3.503,-0.011,-0.119,-0.079,51.300,29.700,-33.900,30.5
19:24:51.144,494912,-9.227,0.816,-3.280,0.010,-0.064,-0.037,50.850,29.550,-34.050,30.5
19:24:51.203,494966,-8.969,0.967,-3.172,-0.135,-0.068,0.076,50.850,29.550,-34.050,30.9
19:24:51.265,495020,-9.160,0.469,-2.931,-0.166,-0.071,0.120,50.850,29.550,-34.050,30.9
19:24:51.325,495074,-9.395,1.487,-2.928,-0.255,0.033,0.101,50.850,29.550,-34.050,30.7
19:24:51.384,495128,-9.452,1.171,-3.122,-0.152,0.136,-0.008,50.400,30.300,-32.700,31.0
19:24:51.444,495182,-9.234,1.456,-3.124,-0.108,0.126,-0.106,50.400,30.300,-32.700,30.9
19:24:51.505,495236,-9.371,0.761,-3.067,-0.172,-0.040,-0.180,51.750,29.250,-32.850,31.2
19:24:51.565,495290,-9.306,1.238,-2.720,-0.233,-0.097,-0.174,51.150,29.550,-33.000,31.0
19:24:51.625,495344,-9.361,0.117,-2.885,-0.031,-0.123,-0.124,51.150,29.550,-33.000,30.9
19:24:51.625,495398,-9.507,1.039,-2.895,-0.084,-0.175,-0.053,51.600,27.600,-31.500,30.9
19:24:51.683,495452,-9.438,1.080,-2.926,0.061,-0.094,-0.030,51.600,27.600,-31.500,31.0
19:24:51.745,495506,-9.352,1.142,-2.926,0.105,-0.002,-0.053,51.600,27.600,-31.500,30.9
19:24:51.865,495560,-9.163,0.929,-2.672,0.095,0.066,-0.051,51.600,27.600,-31.500,31.1
19:24:51.866,495614,-9.160,0.747,-2.777,0.084,0.050,-0.064,51.150,28.350,-33.000,31.0
19:24:51.924,495668,-9.256,0.704,-2.895,0.121,0.005,-0.066,51.150,28.350,-33.000,31.1
19:24:51.985,495722,-10.599,1.130,-3.285,0.107,-0.050,0.053,51.600,26.100,-34.050,30.7
19:24:52.044,495776,-12.665,1.714,-3.338,0.105,-0.192,-0.148,51.600,26.100,-34.050,30.8
19:24:52.165,495830,-13.645,3.397,-4.482,0.100,-0.103,0.137,51.600,26.100,-34.050,30.9
19:24:52.166,495884,-12.840,2.863,-4.226,-0.027,-0.027,0.436,51.900,27.150,-34.800,31.1
19:24:52.167,495938,-11.914,1.812,-3.397,0.029,0.056,0.553,51.900,27.150,-34.800,30.7
19:24:52.225,495992,-10.913,0.658,-2.667,0.059,-0.080,0.337,50.250,30.150,-31.800,30.9
19:24:52.285,496046,-10.087,0.773,-2.612,0.222,-0.238,0.153,50.250,30.150,-31.800,31.1
19:24:52.344,496100,-10.015,1.166,-2.409,0.352,-0.215,0.001,48.600,30.600,-31.500,30.9
19:24:52.404,496154,-9.251,1.702,-2.751,0.276,-0.215,-0.185,48.600,30.600,-31.500,30.7
19:24:52.464,496208,-9.103,-0.622,-1.803,0.317,-0.112,-0.306,49.650,31.050,-28.950,30.9
19:24:52.525,496262,-8.734,1.317,-1.590,0.175,-0.064,-0.600,49.650,31.050,-28.950,30.9
19:24:52.585,496316,-7.630,-0.306,-2.339,0.184,-0.107,-0.714,49.650,31.050,-28.950,30.7
19:24:52.645,496370,-6.596,-1.001,-2.473,0.059,-0.167,-0.619,49.650,31.050,-28.950,31.1
19:24:52.705,496424,-7.750,2.069,-1.120,0.491,-0.146,-0.585,52.650,25.200,-27.150,31.0
19:24:52.706,496478,-9.060,-0.606,-2.126,0.113,-0.159,-0.570,51.900,23.250,-25.650,30.9
19:24:52.765,496532,-10.039,-1.908,-1.302,0.037,0.066,-0.702,51.900,23.250,-25.650,30.9
19:24:52.825,496586,-9.234,-0.335,-2.899,-0.550,-0.062,-1.181,51.900,23.250,-25.650,30.9
19:24:52.885,496640,-8.408,-1.276,-1.441,-0.075,-0.213,-1.472,51.900,23.250,-25.650,31.0
19:24:52.945,496694,-7.214,-2.033,-2.210,0.539,-0.243,-1.385,54.300,9.600,-23.400,31.1
19:24:53.005,496748,-7.707,-1.018,-1.425,0.116,-0.003,-0.602,54.300,9.600,-23.400,30.9
19:24:53.063,496802,-8.289,-2.459,-3.230,-0.002,0.198,0.018,54.300,4.200,-20.700,30.9
19:24:53.123,496856,-9.725,-2.569,-3.117,-0.699,0.211,0.020,54.300,4.200,-20.700,31.1
19:24:53.185,496910,-9.589,-3.740,-1.882,-0.364,-0.010,-0.160,55.050,5.700,-24.000,30.9
19:24:53.244,496964,-8.947,-2.780,-3.089,-0.218,0.052,-0.109,55.050,5.700,-24.000,30.9
19:24:53.304,497018,-9.024,-2.217,-2.964,-0.151,0.057,0.114,55.200,5.100,-23.100,30.9
19:24:53.305,497072,-8.976,-2.854,-3.168,-0.246,0.039,0.049,52.800,3.000,-22.200,31.0
19:24:53.365,497126,-9.172,-2.971,-2.823,-0.020,-0.038,0.008,52.800,3.000,-22.200,31.0
19:24:53.424,497180,-8.988,-3.093,-2.358,-0.099,0.003,0.166,54.450,4.350,-22.800,30.9
19:24:53.484,497234,-8.897,-2.121,-2.758,-0.062,-0.024,0.175,54.450,4.350,-22.800,30.7
19:24:53.545,497288,-9.191,-2.710,-2.488,-0.082,0.029,0.163,54.150,6.750,-23.100,30.7
19:24:53.605,497342,-9.328,-2.435,-2.593,-0.145,0.083,0.163,54.150,6.750,-23.100,30.9
19:24:53.665,497396,-8.552,-3.440,-2.397,0.012,0.032,0.085,54.150,6.750,-23.100,31.0
19:24:53.725,497450,-8.674,-2.148,-2.624,-0.051,0.112,0.137,54.150,6.750,-23.100,31.0
19:24:53.785,497504,-8.495,-2.239,-1.894,0.285,0.064,0.557,54.300,7.200,-24.450,31.0
19:24:53.786,497558,-7.977,-1.293,-3.153,0.135,0.177,0.948,54.300,7.200,-24.450,30.9
19:24:53.845,497612,-8.294,-0.831,-2.701,0.009,0.161,0.962,53.250,12.750,-25.200,31.1
19:24:53.905,497666,-10.139,0.886,-2.339,0.390,0.197,0.521,55.050,12.750,-25.200,30.9
19:24:53.964,497720,-9.347,-0.740,-4.214,0.185,0.156,0.369,55.050,15.750,-27.000,30.7
19:24:54.024,497774,-8.775,0.285,-3.424,-0.043,0.422,0.479,53.550,17.400,-29.550,30.8
19:24:54.083,497828,-8.226,-1.032,-2.629,0.186,0.302,0.535,53.550,17.400,-29.550,31.2
19:24:54.145,497882,-7.717,-1.585,-3.428,-0.008,0.265,0.706,53.550,17.400,-29.550,31.1
19:24:54.205,497936,-8.325,0.388,-2.859,0.257,0.388,0.814,53.550,17.400,-29.550,31.1
19:24:54.265,497990,-8.593,-0.390,-3.596,0.128,0.205,0.768,51.300,25.500,-33.600,30.9
19:24:54.324,498044,-9.464,-0.350,-4.482,-0.172,0.155,0.480,51.300,25.500,-33.600,31.1
19:24:54.324,498098,-9.172,0.354,-4.286,0.197,0.068,0.263,50.250,30.150,-37.200,30.9
19:24:54.385,498152,-8.619,0.828,-4.326,0.197,0.126,0.247,50.250,30.150,-37.200,31.0
19:24:54.445,498206,-8.657,0.259,-4.211,0.172,0.120,0.314,50.250,30.150,-37.200,30.7
19:24:54.505,498260,-9.203,0.728,-3.924,0.034,-0.020,0.223,50.250,30.150,-37.200,30.8
19:24:54.565,498314,-9.471,1.987,-4.271,-0.087,-0.067,0.129,50.100,32.250,-38.100,31.1
19:24:54.625,498368,-9.807,1.001,-4.168,0.000,-0.012,-0.010,46.950,32.400,-39.450,30.9
19:24:54.685,498422,-9.230,0.824,-4.053,-0.004,-0.001,0.043,46.950,32.400,-39.450,30.7
19:24:54.745,498476,-9.543,0.603,-4.154,-0.176,-0.018,0.001,48.750,31.950,-37.950,30.7
19:24:54.805,498530,-9.744,1.939,-4.082,-0.061,-0.256,-0.041,48.750,31.950,-37.950,30.7
19:24:54.865,498584,-9.531,1.032,-4.003,-0.201,-0.262,-0.132,48.600,30.600,-37.350,31.1
19:24:54.866,498638,-9.807,1.930,-4.087,-0.142,-0.234,-0.093,48.600,30.600,-37.350,31.1
19:24:54.925,498692,-9.266,0.907,-3.445,-0.277,-0.193,-0.046,48.600,30.600,-37.350,30.7
19:24:54.983,498746,-9.337,1.671,-3.225,-0.221,0.017,0.004,48.600,30.600,-37.350,30.9
19:24:55.044,498800,-8.935,0.560,-3.170,-0.278,0.058,-0.089,49.350,31.800,-36.000,30.9
19:24:55.105,498854,-9.081,1.542,-3.247,-0.346,0.129,-0.146,49.350,31.800,-36.000,30.9
19:24:55.164,498908,-9.230,1.295,-3.397,-0.283,0.151,-0.193,48.000,31.200,-37.650,30.9
19:24:55.225,498962,-9.124,1.211,-3.668,-0.205,0.151,-0.165,48.000,31.200,-37.650,30.9
19:24:55.285,499016,-9.067,1.587,-3.771,-0.128,0.144,-0.169,48.000,31.200,-37.650,30.9
19:24:55.345,499070,-9.131,1.468,-3.615,-0.111,0.058,-0.142,49.050,29.250,-35.700,31.1
19:24:55.404,499124,-8.990,1.257,-3.572,-0.135,-0.017,-0.147,49.050,29.250,-35.700,30.7
19:24:55.405,499178,-9.033,1.286,-3.668,-0.023,-0.043,-0.101,51.150,28.350,-35.250,30.9
19:24:55.465,499232,-9.131,0.804,-3.668,0.021,-0.024,-0.079,51.150,28.350,-35.250,30.9
19:24:55.525,499286,-9.340,1.298,-3.828,0.013,-0.030,-0.133,51.900,29.100,-37.350,30.9
19:24:55.584,499340,-9.203,0.984,-3.701,0.004,-0.074,-0.167,51.900,29.100,-37.350,30.9
19:24:55.645,499394,-9.139,1.173,-3.685,0.014,-0.079,-0.181,48.300,26.250,-34.650,31.2
19:24:55.705,499448,-9.110,0.740,-3.445,0.018,-0.120,-0.137,48.300,26.250,-34.650,31.0
19:24:55.763,499502,-9.160,0.802,-3.476,0.002,-0.107,-0.109,48.300,26.250,-34.650,30.9
19:24:55.825,499556,-9.627,1.027,-3.457,-0.007,-0.166,-0.061,50.550,26.250,-34.650,30.9
19:24:55.885,499610,-11.217,0.864,-3.428,0.058,-0.140,0.025,50.550,26.250,-34.650,30.9
19:24:55.944,499664,-13.417,2.705,-4.781,-0.147,-0.106,0.305,52.650,27.900,-34.050,30.7
19:24:55.945,499718,-13.795,2.610,-5.308,-0.338,-0.018,0.608,52.650,27.900,-34.050,31.1
19:24:56.005,499772,-12.376,1.743,-3.632,-0.133,-0.016,0.768,49.800,29.700,-33.600,31.0
19:24:56.065,499826,-10.568,1.008,-2.871,-0.042,-0.173,0.512,49.800,29.700,-33.600,31.1
19:24:56.123,499880,-10.621,3.567,-3.010,0.092,-0.133,0.106,47.250,32.400,-33.150,31.0
19:24:56.183,499934,-10.422,1.137,-2.370,0.175,-0.096,-0.155,47.250,32.400,-33.150,30.9
19:24:56.303,499988,-7.618,0.706,-2.725,-0.137,0.045,-0.406,49.050,31.950,-31.800,31.0
19:24:56.304,500042,-8.521,0.721,-1.822,0.205,-0.011,-0.788,49.050,31.950,-31.800,30.9
19:24:56.365,500096,-8.322,-1.458,-1.937,0.188,-0.355,-0.754,49.050,29.700,-30.600,30.7
19:24:56.424,500150,-8.037,1.836,-2.792,0.070,-0.238,-0.782,52.650,26.850,-28.950,30.7
19:24:56.483,500204,-8.547,-0.577,-2.559,0.690,-0.292,-0.998,52.650,26.850,-28.950,31.1
19:24:56.484,500258,-8.112,-1.140,-2.004,-0.239,-0.279,-0.885,52.650,26.850,-28.950,31.1
19:24:56.545,500312,-7.951,-0.788,-2.751,0.056,-0.160,-0.894,52.650,26.850,-28.950,30.9
19:24:56.605,500366,-8.689,-0.067,-2.318,0.120,-0.404,-1.131,52.350,18.300,-25.350,30.9
19:24:56.665,500420,-7.329,-0.634,-2.473,0.897,-0.377,-0.843,52.350,18.300,-25.350,31.0
19:24:56.724,500474,-7.764,0.376,-2.682,0.387,-0.148,-0.256,54.150,12.900,-22.350,30.9
19:24:56.785,500528,-7.999,-2.648,-3.146,0.797,-0.294,-0.345,54.150,12.900,-22.350,31.1
19:24:56.845,500582,-8.696,-2.571,-2.354,0.360,-0.285,-0.692,53.550,9.600,-19.650,30.7
19:24:56.905,500636,-9.153,-2.574,0.067,0.133,-0.103,-0.403,53.550,9.600,-19.650,30.9
19:24:56.965,500690,-9.249,-0.843,-2.595,-0.182,0.331,0.366,53.550,6.450,-18.150,30.9
19:24:57.025,500744,-8.837,-3.100,-0.893,-0.929,0.310,0.016,53.550,6.450,-18.150,30.9
19:24:57.026,500798,-10.092,-3.033,-1.547,-0.160,0.074,0.020,53.550,6.450,-18.150,30.8
19:24:57.085,500852,-9.864,-1.848,-2.545,0.400,0.010,0.033,54.000,6.150,-22.200,31.0
19:24:57.145,500906,-8.947,-2.705,-2.559,0.658,-0.020,0.003,54.000,6.150,-22.200,30.8
19:24:57.203,500960,-9.550,-1.944,-1.403,0.375,-0.062,0.025,54.150,6.300,-20.550,31.1
19:24:57.265,501014,-8.935,-1.717,-2.114,0.283,-0.058,-0.128,54.150,6.300,-20.550,30.9
19:24:57.325,501068,-9.222,-1.609,-2.188,0.175,0.036,-0.058,54.150,6.300,-20.550,30.9
19:24:57.385,501122,-9.222,-3.359,-1.743,0.087,0.055,-0.052,54.150,6.300,-20.550,30.7
19:24:57.444,501176,-9.127,-3.225,-1.618,0.104,0.086,-0.017,53.100,6.750,-21.300,30.8
19:24:57.505,501230,-8.964,-2.677,-1.760,0.013,0.143,0.114,53.100,6.750,-21.300,30.9
19:24:57.565,501284,-8.780,-2.567,-2.236,-0.169,0.164,0.411,54.150,7.050,-21.000,30.9
19:24:57.565,501338,-8.068,-2.598,-1.731,0.035,0.299,0.983,54.150,7.050,-21.000,31.1
19:24:57.623,501392,-8.365,-1.726,-1.894,-0.356,0.152,1.016,53.100,10.200,-23.100,30.9
19:24:57.685,501446,-9.282,0.867,-1.762,0.128,0.213,0.875,54.450,14.850,-24.300,31.0
19:24:57.745,501500,-8.770,-1.283,-2.471,-0.357,0.238,0.632,54.450,14.850,-24.300,31.1
19:24:57.805,501554,-9.187,-4.132,-2.610,-0.600,0.083,0.254,54.450,14.850,-24.300,31.1
19:24:57.865,501608,-9.091,0.960,-2.327,0.114,0.124,0.451,54.450,14.850,-24.300,31.0
19:24:57.925,501662,-7.020,-1.714,-2.155,-0.165,0.152,0.569,52.500,19.200,-25.200,30.9
19:24:57.985,501716,-8.174,1.602,-2.830,-0.224,0.387,0.772,52.500,19.200,-25.200,31.0
19:24:58.045,501770,-8.734,-0.132,-2.157,-0.162,0.401,0.628,52.800,25.050,-28.050,31.1
19:24:58.105,501824,-9.402,1.250,-3.139,-0.230,0.592,0.457,52.800,25.050,-28.050,31.0
19:24:58.105,501878,-9.376,0.615,-3.421,-0.098,0.436,0.257,52.800,25.050,-28.050,30.9
19:24:58.165,501932,-9.613,0.766,-3.235,-0.269,0.414,0.256,52.800,25.050,-28.050,31.0
19:24:58.224,501986,-10.044,-0.050,-3.596,-0.113,0.230,0.172,48.750,31.200,-34.650,30.9
19:24:58.285,502040,-9.850,0.486,-3.385,-0.098,0.095,0.082,49.800,31.200,-35.100,30.8
19:24:58.345,502094,-9.251,1.501,-3.821,-0.136,0.120,0.149,49.800,31.200,-35.100,31.0
19:24:58.404,502148,-9.199,1.506,-3.225,-0.077,0.096,0.017,49.350,30.300,-35.550,30.9
19:24:58.465,502202,-9.483,1.736,-4.113,-0.099,-0.072,-0.005,49.350,30.300,-35.550,31.1
19:24:58.523,502256,-9.632,1.372,-4.243,0.105,-0.212,-0.037,47.700,32.400,-36.150,31.1
19:24:58.583,502310,-9.577,1.080,-3.840,-0.027,-0.201,-0.061,47.700,32.400,-36.150,30.9
19:24:58.643,502364,-9.574,0.939,-4.099,-0.123,0.016,-0.017,47.700,32.400,-36.150,31.2
19:24:58.644,502418,-9.560,1.662,-3.428,-0.167,0.161,0.001,47.700,32.400,-36.150,30.9
19:24:58.705,502472,-9.359,1.314,-3.474,-0.158,0.127,0.040,49.500,32.400,-35.100,30.6
19:24:58.765,502526,-8.938,1.652,-4.053,-0.210,0.071,0.006,49.500,32.400,-35.100,30.7
19:24:58.825,502580,-9.084,2.421,-3.824,-0.187,0.137,-0.070,49.350,32.550,-36.000,30.9
19:24:58.885,502634,-9.100,1.911,-3.852,-0.170,0.199,-0.180,49.350,32.550,-36.000,31.0
19:24:58.945,502688,-9.088,1.604,-3.780,-0.192,0.158,-0.258,49.350,32.550,-36.000,30.7
19:24:59.004,502742,-9.199,1.753,-3.828,-0.175,0.152,-0.253,50.550,30.450,-37.200,31.1
19:24:59.064,502796,-9.347,1.238,-3.996,-0.166,0.087,-0.237,50.550,30.450,-37.200,31.0
19:24:59.123,502850,-9.148,1.310,-3.809,-0.230,-0.011,-0.175,49.650,31.050,-36.300,30.9
19:24:59.183,502904,-8.945,1.020,-3.919,-0.319,-0.069,-0.201,49.650,31.050,-36.300,30.8
19:24:59.184,502958,-8.950,0.812,-3.749,-0.262,-0.108,-0.207,50.400,28.800,-37.350,30.7
19:24:59.244,503012,-9.048,1.080,-3.570,-0.183,-0.157,-0.202,50.400,28.800,-37.350,30.8
19:24:59.303,503066,-9.136,1.128,-3.417,-0.084,-0.191,-0.283,51.150,27.600,-36.600,31.0
19:24:59.364,503120,-9.096,1.267,-3.385,-0.028,-0.197,-0.341,51.150,27.600,-36.600,30.9
19:24:59.425,503174,-8.851,0.807,-3.661,0.098,-0.170,-0.433,51.150,27.600,-36.600,30.9
19:24:59.484,503228,-8.923,0.819,-3.165,0.083,-0.067,-0.499,51.150,27.600,-36.600,30.8
19:24:59.544,503282,-8.981,0.220,-3.139,0.038,-0.030,-0.561,52.350,24.450,-35.550,30.9
19:24:59.605,503336,-8.985,-0.196,-3.189,0.091,-0.099,-0.685,52.500,21.600,-33.600,30.9
19:24:59.664,503390,-9.941,-0.656,-3.191,0.159,-0.182,-0.717,52.500,21.600,-33.600,30.7
19:24:59.725,503444,-12.723,-1.319,-3.328,0.169,-0.158,-0.550,53.550,16.500,-33.150,30.6
19:24:59.726,503498,-15.706,0.359,-5.198,-0.224,0.048,0.048,53.550,16.500,-33.150,30.7
19:24:59.783,503552,-14.849,-0.079,-4.140,-0.181,0.083,0.846,53.400,15.600,-32.700,31.0
19:24:59.843,503606,-12.517,-0.967,-3.134,-0.328,0.142,1.070,53.400,15.600,-32.700,31.0
19:24:59.903,503660,-10.625,0.400,-3.244,-0.352,0.115,0.923,53.400,15.600,-32.700,30.9
19:24:59.963,503714,-9.838,-0.836,-2.571,-0.150,-0.027,0.539,53.400,15.600,-32.700,30.9
19:25:00.023,503768,-8.882,-0.180,-3.055,0.208,-0.083,0.349,51.150,27.150,-31.950,31.0
19:25:00.083,503822,-8.681,0.043,-2.421,0.257,-0.002,0.072,51.150,27.150,-31.950,30.9
19:25:00.143,503876,-7.932,0.522,-3.567,0.030,0.216,-0.063,50.100,28.800,-31.200,31.0
19:25:00.205,503930,-8.533,0.941,-3.134,0.022,0.076,-0.554,50.100,28.800,-31.200,30.7
19:25:00.265,503984,-8.138,0.189,-2.521,0.035,-0.094,-0.725,50.100,28.800,-31.200,30.7
19:25:00.266,504038,-7.549,0.824,-3.084,0.338,-0.358,-0.857,52.500,23.850,-30.600,30.9
19:25:00.324,504092,-7.216,0.541,-3.515,0.172,-0.258,-0.847,52.500,23.850,-30.600,31.1
19:25:00.384,504146,-7.834,-0.661,-3.242,0.205,-0.273,-0.813,52.500,19.200,-28.500,30.7
19:25:00.445,504200,-7.898,-1.006,-3.285,0.440,-0.297,-1.001,52.500,19.200,-28.500,30.9
19:25:00.504,504254,-7.360,-1.853,-3.067,0.430,-0.320,-1.074,54.450,14.100,-26.400,31.1
19:25:00.563,504308,-7.549,0.136,-2.495,0.895,-0.292,-1.078,54.450,14.100,-26.400,31.1
19:25:00.623,504362,-7.274,-1.702,-2.861,0.861,-0.499,-0.909,54.750,7.650,-25.950,31.1
19:25:00.685,504416,-8.595,-0.558,-3.634,0.294,-0.060,-0.278,54.750,7.650,-25.950,30.7
19:25:00.745,504470,-8.792,-4.250,-1.796,-0.328,0.067,-0.009,54.750,7.650,-25.950,30.9
19:25:00.804,504524,-9.117,-3.335,-2.600,0.232,-0.019,-0.351,53.700,2.100,-22.800,31.0
19:25:00.805,504578,-8.878,-3.881,-2.004,0.135,-0.014,-0.283,53.700,2.100,-22.800,30.9
19:25:00.863,504632,-8.511,-4.259,-2.823,0.013,0.023,-0.321,53.700,0.150,-19.800,30.9
19:25:00.923,504686,-8.667,-3.543,-2.555,-0.191,0.014,-0.244,53.700,0.150,-19.800,30.9
19:25:00.985,504740,-8.550,-3.946,-2.239,0.311,0.050,-0.114,53.550,-0.300,-21.150,30.9
19:25:01.044,504794,-8.811,-4.532,-2.078,0.309,0.019,-0.031,53.550,-0.300,-21.150,31.0
19:25:01.105,504848,-8.564,-4.484,-2.126,-0.023,-0.003,0.030,54.450,-2.400,-20.550,31.0
19:25:01.165,504902,-8.588,-3.757,-1.994,0.186,0.037,0.060,54.450,-2.400,-20.550,30.9
19:25:01.224,504956,-8.751,-3.711,-2.545,0.115,0.074,0.251,54.900,-0.150,-20.550,30.9
19:25:01.284,505010,-8.475,-2.986,-2.490,-0.049,0.100,0.415,54.900,-0.150,-20.550,31.0
19:25:01.343,505064,-7.470,-2.205,-2.624,0.138,0.321,1.048,54.000,-1.800,-23.700,31.1
19:25:01.344,505118,-7.379,-2.162,-1.961,-0.398,0.336,1.280,54.300,7.650,-24.450,30.8
19:25:01.405,505172,-7.829,-2.069,-1.839,0.003,0.288,1.089,54.300,7.650,-24.450,30.9
19:25:01.465,505226,-8.260,-1.896,-2.349,-0.755,0.287,1.105,54.300,7.650,-24.450,30.9
19:25:01.525,505280,-8.693,-1.290,-3.055,-0.270,0.269,0.891,54.300,7.650,-24.450,30.9
19:25:01.583,505334,-8.799,-1.793,-2.325,-0.021,0.145,0.922,54.900,18.300,-28.650,30.7
19:25:01.643,505388,-8.705,-0.608,-3.050,0.140,0.173,0.927,54.900,18.300,-28.650,30.7
19:25:01.703,505442,-9.804,0.713,-2.878,-0.039,0.351,0.680,54.000,22.800,-31.050,31.2
19:25:01.764,505496,-9.328,-0.785,-3.134,-0.080,0.345,0.613,54.000,22.800,-31.050,31.1
19:25:01.825,505550,-9.299,0.721,-3.924,-0.060,0.372,0.478,54.000,25.800,-32.400,31.1
19:25:01.885,505604,-9.278,0.144,-3.970,-0.020,0.414,0.390,54.000,25.800,-32.400,30.9
19:25:01.885,505658,-9.706,1.784,-4.032,-0.098,0.355,0.245,50.850,28.800,-35.250,31.0
19:25:01.944,505712,-9.340,0.723,-4.269,-0.001,0.196,0.133,50.850,28.800,-35.250,30.9
19:25:02.005,505766,-9.297,1.267,-4.393,-0.040,0.065,-0.012,50.850,28.800,-35.250,31.1
19:25:02.064,505820,-9.143,0.709,-4.211,0.072,-0.017,-0.073,49.650,29.850,-38.100,30.9
19:25:02.123,505874,-9.014,1.290,-4.195,-0.042,0.001,-0.102,49.650,29.850,-38.100,30.7
19:25:02.185,505928,-9.378,-0.086,-4.494,-0.019,0.055,-0.148,49.800,29.700,-38.250,30.9
19:25:02.245,505982,-9.615,1.034,-4.556,-0.165,-0.028,-0.075,49.800,29.700,-38.250,31.1
19:25:02.305,506036,-9.493,1.039,-4.369,-0.206,-0.064,-0.030,49.800,29.700,-38.250,30.9
19:25:02.363,506090,-9.304,0.476,-3.843,-0.122,-0.060,0.023,49.800,29.700,-38.250,30.9
19:25:02.425,506144,-9.304,1.319,-3.493,-0.024,-0.055,0.014,50.850,30.600,-36.600,30.9
19:25:02.425,506198,-8.971,1.252,-3.900,-0.080,0.042,0.054,50.850,30.600,-36.600,31.2
19:25:02.485,506252,-8.679,0.994,-3.797,0.039,0.181,0.034,51.300,29.250,-37.650,31.1
19:25:02.545,506306,-8.478,0.666,-3.359,-0.078,0.195,-0.042,51.300,29.250,-37.650,30.7
19:25:02.605,506360,-8.502,1.140,-4.271,0.114,0.128,-0.126,50.850,30.300,-38.850,30.7
19:25:02.663,506414,-8.519,0.754,-3.996,0.062,0.097,-0.200,50.400,28.350,-38.100,30.9
19:25:02.725,506468,-8.930,0.661,-4.343,-0.003,0.034,-0.342,50.400,28.350,-38.100,30.9
19:25:02.785,506522,-9.474,1.111,-4.350,0.005,-0.056,-0.362,50.400,28.350,-38.100,31.0
19:25:02.845,506576,-9.572,0.752,-4.434,-0.101,-0.266,-0.286,50.400,28.350,-38.100,31.1
19:25:02.905,506630,-9.503,0.079,-4.240,-0.107,-0.360,-0.210,50.850,27.150,-37.800,30.9
19:25:02.965,506684,-9.419,-0.072,-4.053,-0.162,-0.359,-0.219,50.850,27.150,-37.800,30.7
19:25:02.966,506738,-9.364,0.000,-3.591,-0.277,-0.358,-0.148,51.750,24.750,-36.450,30.9
19:25:03.025,506792,-9.222,0.464,-3.371,0.000,-0.306,-0.116,51.750,24.750,-36.450,30.9
19:25:03.085,506846,-9.127,0.304,-3.328,-0.128,-0.200,-0.135,52.800,22.350,-35.100,30.7
19:25:03.145,506900,-9.232,0.419,-3.036,-0.082,-0.055,-0.172,52.800,22.350,-35.100,30.8
19:25:03.205,506954,-9.110,0.699,-2.919,0.077,-0.030,-0.256,52.650,22.950,-33.750,31.1
19:25:03.265,507008,-9.261,-0.898,-2.502,-0.112,-0.200,-0.371,52.650,22.950,-33.750,31.1
19:25:03.323,507062,-9.419,0.587,-3.089,-0.114,-0.147,-0.289,52.650,22.950,-33.750,31.1
19:25:03.383,507116,-11.032,-0.589,-2.995,0.020,0.020,-0.240,53.400,18.750,-31.950,31.0
19:25:03.445,507170,-14.523,-0.041,-3.893,-0.013,0.257,0.104,53.400,18.750,-31.950,31.0
19:25:03.505,507224,-15.048,0.702,-4.223,-0.307,0.362,0.759,53.250,21.150,-33.900,30.9
19:25:03.506,507278,-13.290,1.226,-3.608,-0.149,0.048,1.335,53.250,21.150,-33.900,30.9
19:25:03.565,507332,-10.637,0.826,-3.328,-0.174,0.006,1.201,49.800,26.550,-36.150,30.8
19:25:03.624,507386,-8.866,-0.543,-2.777,-0.188,0.036,0.566,49.800,26.550,-36.150,31.1
19:25:03.685,507440,-8.859,1.140,-3.376,-0.164,0.208,0.257,48.150,29.550,-35.250,30.8
19:25:03.745,507494,-9.024,2.330,-3.831,0.273,0.189,-0.109,48.150,29.550,-35.250,31.2
19:25:03.805,507548,-8.961,0.692,-3.405,0.007,-0.030,-0.403,48.150,29.550,-35.250,31.0
19:25:03.865,507602,-7.503,0.642,-3.014,0.191,-0.161,-0.543,48.600,31.800,-32.700,31.1
19:25:03.925,507656,-7.944,2.121,-3.395,0.553,-0.090,-0.822,48.600,31.800,-32.700,31.1
19:25:03.985,507710,-8.377,0.237,-2.737,0.278,-0.294,-0.902,48.900,27.600,-31.950,31.0
19:25:04.045,507764,-8.744,-0.022,-1.863,0.328,-0.608,-1.078,48.900,27.600,-31.950,30.6
19:25:04.045,507818,-8.200,0.067,-3.460,0.276,-0.633,-0.958,48.900,27.600,-31.950,31.0
19:25:04.105,507872,-7.463,-0.383,-1.444,0.099,-0.889,-0.811,48.900,27.600,-31.950,31.1
19:25:04.165,507926,-6.902,-0.383,-2.442,0.248,-0.678,-0.592,53.100,15.900,-25.650,31.1
19:25:04.223,507980,-7.714,-1.568,-1.604,-0.038,-0.454,-0.704,53.100,15.900,-25.650,30.8
19:25:04.284,508034,-8.887,-0.709,-0.984,0.407,-0.272,-0.787,53.700,13.200,-18.750,30.9
19:25:04.345,508088,-7.678,-2.784,-1.214,1.089,-0.359,-0.991,53.700,13.200,-18.750,30.9
19:25:04.404,508142,-8.993,0.622,-1.137,0.422,0.202,-0.036,52.500,7.650,-18.150,31.0
19:25:04.465,508196,-9.402,-3.366,-1.530,0.157,0.351,0.360,51.600,6.750,-19.050,31.0
19:25:04.585,508250,-10.527,-2.461,-1.506,-0.189,0.164,-0.114,51.600,6.750,-19.050,30.7
19:25:04.586,508304,-9.529,-1.640,-1.563,0.335,0.052,-0.080,51.600,6.750,-19.050,31.1
19:25:04.587,508358,-9.146,-1.585,-1.686,0.074,0.090,0.092,51.600,6.750,-19.050,31.1
19:25:04.644,508412,-9.337,-2.859,-1.362,-0.005,0.103,0.031,53.250,8.100,-20.100,31.3
19:25:04.704,508466,-8.976,-2.808,-2.248,-0.210,0.050,-0.024,53.250,8.100,-20.100,31.0
19:25:04.763,508520,-9.723,-2.626,-1.022,0.055,-0.036,-0.050,53.100,7.050,-19.050,31.0
19:25:04.825,508574,-9.088,-3.318,-1.583,0.041,-0.056,-0.104,53.100,7.050,-19.050,30.8
19:25:04.883,508628,-9.570,-2.624,-1.386,-0.015,-0.020,-0.190,53.100,7.050,-19.050,30.9
19:25:04.943,508682,-9.316,-2.277,-2.126,0.145,0.056,-0.212,53.100,7.050,-19.050,30.8
19:25:05.005,508736,-9.234,-2.737,-1.379,-0.184,0.068,-0.054,53.700,7.500,-19.050,30.9
19:25:05.064,508790,-9.041,-2.619,-1.815,-0.114,0.088,-0.027,53.700,7.500,-19.050,30.9
19:25:05.123,508844,-9.256,-3.201,-1.736,-0.167,0.049,-0.123,52.800,6.150,-19.350,31.1
19:25:05.124,508898,-9.249,-3.077,-1.525,-0.127,0.045,-0.124,53.550,5.400,-20.400,31.0
19:25:05.185,508952,-9.091,-2.768,-1.894,-0.179,0.036,-0.062,53.550,5.400,-20.400,31.1
19:25:05.245,509006,-8.775,-2.617,-1.683,0.191,0.159,0.345,54.300,4.500,-20.100,30.9
19:25:05.305,509060,-8.511,-2.210,-1.700,-0.198,0.213,0.592,54.300,4.500,-20.100,31.1
19:25:05.364,509114,-8.471,-2.212,-1.362,-0.054,0.245,0.774,54.300,4.500,-20.100,31.0
19:25:05.425,509168,-7.784,-1.590,-1.994,-0.628,0.188,0.907,54.300,4.500,-20.100,30.7
19:25:05.483,509222,-7.719,-0.388,-2.569,-0.585,0.333,1.269,54.750,13.800,-22.650,30.5
19:25:05.544,509276,-7.851,-1.820,-1.446,-0.183,0.260,1.360,54.750,13.800,-22.650,30.9
19:25:05.604,509330,-9.074,-0.469,-2.717,0.031,0.106,1.134,51.900,19.800,-25.350,31.1
19:25:05.665,509384,-9.505,1.463,-2.591,0.531,0.117,0.856,51.900,19.800,-25.350,30.9
19:25:05.665,509438,-8.442,-0.266,-3.673,0.124,0.208,0.634,50.250,26.250,-26.550,30.9
19:25:05.723,509492,-9.517,2.033,-3.105,0.307,0.345,0.422,51.150,30.300,-30.750,30.9
19:25:05.783,509546,-9.402,1.566,-3.115,0.182,0.440,0.327,51.150,30.300,-30.750,31.1
19:25:05.843,509600,-10.230,1.786,-3.024,0.191,0.383,0.205,51.150,30.300,-30.750,30.8
19:25:05.903,509654,-10.455,2.488,-3.634,0.296,0.234,-0.067,51.150,30.300,-30.750,30.6
19:25:05.964,509708,-9.515,0.745,-3.340,0.311,0.132,-0.226,49.050,33.150,-36.900,30.7
19:25:06.023,509762,-9.110,0.546,-3.450,0.283,0.115,-0.054,49.050,33.150,-36.900,31.2
19:25:06.084,509816,-9.280,0.788,-3.443,0.103,0.039,0.065,48.900,31.050,-36.600,30.9
19:25:06.143,509870,-9.821,1.228,-3.740,0.064,-0.023,0.128,48.900,31.050,-36.600,30.7
19:25:06.205,509924,-10.501,1.551,-3.850,0.034,-0.213,-0.031,48.600,33.450,-38.850,30.9
19:25:06.206,509978,-10.065,1.903,-3.845,-0.107,-0.249,0.022,48.600,33.450,-38.850,30.9
19:25:06.264,510032,-9.725,1.697,-3.874,-0.100,-0.188,-0.059,49.650,31.800,-37.800,31.0
19:25:06.324,510086,-9.364,0.781,-3.256,-0.196,-0.123,-0.043,49.350,30.600,-34.500,30.9
19:25:06.385,510140,-9.436,1.985,-3.400,-0.110,-0.139,-0.155,49.350,30.600,-34.500,30.7
19:25:06.444,510194,-9.234,0.232,-2.933,-0.195,-0.070,-0.076,48.300,30.450,-32.850,31.1
19:25:06.504,510248,-9.206,1.082,-3.079,-0.112,0.074,0.025,48.300,30.450,-32.850,30.7
19:25:06.565,510302,-9.495,1.073,-2.763,-0.095,0.139,0.047,49.500,28.950,-34.350,30.9
19:25:06.623,510356,-9.292,1.355,-3.175,-0.210,0.213,0.096,49.500,28.950,-34.350,31.1
19:25:06.683,510410,-9.414,1.211,-3.297,-0.145,0.173,0.055,49.500,28.950,-34.350,30.8
19:25:06.745,510464,-9.340,1.099,-3.093,-0.191,0.095,0.041,49.500,28.950,-34.350,31.1
19:25:06.746,510518,-9.129,1.748,-3.306,-0.189,0.095,-0.015,49.350,31.050,-35.550,31.0
19:25:06.805,510572,-8.856,1.360,-3.390,-0.261,0.124,-0.001,49.350,31.050,-35.550,31.1
19:25:06.865,510626,-8.751,1.511,-3.366,-0.154,0.137,-0.070,49.650,32.250,-36.300,30.9
19:25:06.925,510680,-8.863,1.827,-3.359,-0.145,0.094,-0.075,48.900,29.550,-36.300,30.9
19:25:06.985,510734,-9.029,1.233,-3.357,-0.136,0.032,-0.025,48.900,29.550,-36.300,30.9
19:25:07.045,510788,-9.486,1.911,-3.938,-0.066,-0.030,-0.027,49.500,30.900,-36.900,30.9
19:25:07.105,510842,-9.579,2.638,-3.979,0.011,-0.143,-0.114,49.500,30.900,-36.900,30.9
19:25:07.165,510896,-9.287,1.887,-3.742,-0.041,-0.174,-0.229,49.500,30.900,-36.900,31.1
19:25:07.223,510950,-9.017,1.755,-3.417,-0.059,-0.196,-0.314,49.500,30.900,-36.900,31.0
19:25:07.285,511004,-8.971,1.255,-3.069,-0.110,-0.303,-0.377,50.850,28.350,-33.450,30.9
19:25:07.286,511058,-8.985,0.946,-3.014,-0.070,-0.289,-0.392,50.850,28.350,-33.450,31.0
19:25:07.345,511112,-9.153,0.826,-2.808,0.083,-0.280,-0.380,51.150,25.650,-31.500,30.8
19:25:07.405,511166,-9.345,0.515,-2.693,0.071,-0.289,-0.474,51.150,25.650,-31.500,31.0
19:25:07.464,511220,-9.527,0.136,-2.452,0.017,-0.182,-0.407,51.150,25.650,-31.500,31.0
19:25:07.523,511274,-9.811,0.476,-2.586,0.052,-0.017,-0.294,51.150,25.650,-31.500,30.8
19:25:07.585,511328,-12.048,1.252,-3.136,0.009,-0.086,-0.270,51.750,19.650,-31.350,31.1
19:25:07.645,511382,-16.503,0.400,-3.024,-0.297,-0.426,0.300,53.700,19.800,-30.750,31.0
19:25:07.703,511436,-14.028,0.903,-3.187,-0.003,-0.158,0.925,53.700,19.800,-30.750,31.1
19:25:07.765,511490,-12.143,0.953,-2.579,-0.039,0.041,1.081,50.850,25.200,-28.200,31.1
19:25:07.825,511544,-11.471,1.255,-2.332,-0.298,0.027,0.830,50.850,25.200,-28.200,30.5
19:25:07.885,511598,-10.400,1.772,-2.464,0.155,-0.082,0.374,48.900,29.100,-28.200,30.7
19:25:07.885,511652,-8.942,2.485,-2.025,0.350,-0.056,-0.177,48.900,29.100,-28.200,30.9
19:25:07.943,511706,-8.389,0.979,-1.707,0.344,0.107,-0.418,48.900,29.100,-28.200,30.9
19:25:08.003,511760,-8.392,0.555,-1.999,0.400,0.067,-0.694,48.900,29.100,-28.200,31.1
19:25:08.065,511814,-7.937,-0.232,-1.949,0.200,-0.230,-0.823,48.600,30.300,-28.950,30.8
19:25:08.125,511868,-6.972,-0.026,-2.365,0.581,-0.207,-1.001,48.600,30.300,-28.950,31.0
19:25:08.184,511922,-7.934,1.360,-3.172,-0.038,0.236,-0.920,51.750,24.750,-26.250,30.7
19:25:08.245,511976,-8.856,-1.518,-1.410,-0.354,0.139,-0.998,53.550,18.900,-25.950,31.1
19:25:08.305,512030,-8.009,-0.917,-2.037,0.103,-0.292,-0.622,53.550,18.900,-25.950,30.7
19:25:08.365,512084,-7.412,-1.544,-3.024,-0.106,-0.329,-0.423,53.700,16.800,-24.300,30.7
19:25:08.366,512138,-8.033,-0.421,-2.394,-0.120,-0.173,-0.345,53.700,16.800,-24.300,30.9
19:25:08.425,512192,-8.356,-2.174,-1.776,-0.369,-0.139,-0.442,53.700,16.800,-24.300,30.9
19:25:08.484,512246,-8.095,-1.982,-1.049,0.031,-0.111,-0.556,53.700,16.800,-24.300,31.1
19:25:08.543,512300,-8.753,-1.190,-1.925,-0.040,-0.014,-0.858,55.800,11.100,-22.200,31.0
19:25:08.604,512354,-8.171,-2.820,-2.258,-0.332,-0.022,-1.143,55.800,11.100,-22.200,30.9
19:25:08.665,512408,-9.483,0.682,-2.923,-0.043,0.307,-0.342,54.000,4.950,-20.400,31.1
19:25:08.723,512462,-8.258,-3.206,-2.995,0.209,0.240,0.114,54.000,4.950,-20.400,31.1
19:25:08.785,512516,-9.682,-2.612,-3.203,0.007,0.294,0.172,53.700,4.050,-20.550,30.7
19:25:08.845,512570,-9.153,-3.093,-2.442,-0.062,0.107,-0.067,54.450,5.850,-23.850,30.8
19:25:08.905,512624,-9.117,-3.196,-2.813,0.153,0.063,-0.124,54.450,5.850,-23.850,30.9
19:25:08.906,512678,-8.875,-3.163,-3.033,-0.126,0.092,-0.018,54.450,5.850,-23.850,30.9
19:25:08.965,512732,-8.851,-3.481,-2.260,-0.286,0.083,0.040,54.450,5.850,-23.850,31.0
19:25:09.025,512786,-8.813,-2.614,-3.697,-0.148,0.071,-0.008,53.100,4.350,-23.850,30.9
19:25:09.085,512840,-8.712,-3.297,-3.426,0.053,0.025,0.058,53.100,4.350,-23.850,30.8
19:25:09.145,512894,-8.717,-3.203,-3.112,0.089,-0.005,0.297,55.500,5.400,-24.000,31.1
19:25:09.204,512948,-8.353,-2.447,-2.823,0.272,-0.000,0.506,55.500,5.400,-24.000,31.1
19:25:09.263,513002,-8.420,-2.559,-2.883,0.065,0.025,0.812,53.250,6.150,-25.950,30.8
19:25:09.323,513056,-8.205,-0.414,-2.904,0.155,0.036,0.956,53.250,6.150,-25.950,30.7
19:25:09.384,513110,-8.806,-1.518,-1.992,-0.192,0.086,1.135,53.550,11.100,-26.250,31.2
19:25:09.445,513164,-8.887,0.417,-3.172,0.313,0.127,0.954,53.550,11.100,-26.250,31.2
19:25:09.445,513218,-8.748,-0.323,-2.090,0.084,0.112,0.857,53.550,11.100,-26.250,31.0
19:25:09.505,513272,-7.944,-0.192,-3.522,0.048,0.165,0.749,53.100,21.000,-28.200,30.9
19:25:09.564,513326,-9.287,1.056,-2.916,0.231,0.209,0.697,53.100,21.000,-28.200,30.8
19:25:09.625,513380,-8.715,-1.420,-3.069,0.354,0.148,0.602,54.000,24.750,-29.550,30.8
19:25:09.684,513434,-9.301,1.946,-3.273,0.309,0.218,0.454,54.000,24.750,-29.550,31.0
19:25:09.744,513488,-9.215,0.184,-3.804,0.434,0.269,0.272,54.000,24.750,-29.550,30.8
19:25:09.805,513542,-9.052,0.658,-3.237,0.227,0.167,0.251,54.000,24.750,-29.550,31.1
19:25:09.865,513596,-8.825,0.400,-3.845,0.202,0.111,0.174,51.000,30.150,-33.600,30.9
19:25:09.925,513650,-9.730,2.064,-3.888,0.241,-0.009,0.064,51.000,30.150,-33.600,31.0
19:25:09.985,513704,-9.244,0.900,-4.065,0.152,-0.041,-0.057,50.250,30.150,-35.400,31.1
19:25:09.985,513758,-8.724,1.010,-3.795,-0.140,-0.031,-0.173,50.550,28.500,-36.900,31.0
19:25:10.045,513812,-8.923,0.292,-3.460,-0.055,-0.009,-0.095,50.550,28.500,-36.900,31.1
19:25:10.105,513866,-9.898,-0.464,-3.194,-0.226,-0.053,-0.187,50.400,28.800,-34.800,31.1
19:25:10.165,513920,-9.749,0.769,-3.639,-0.070,-0.117,-0.257,50.400,28.800,-34.800,30.7
19:25:10.225,513974,-9.349,0.208,-3.572,-0.069,-0.193,-0.312,50.400,28.800,-34.800,30.9
19:25:10.284,514028,-9.687,0.345,-3.100,-0.085,-0.136,-0.255,50.400,28.800,-34.800,31.0
19:25:10.344,514082,-9.900,0.244,-3.151,-0.142,-0.139,-0.274,52.050,25.800,-35.100,31.1
19:25:10.405,514136,-10.264,-0.160,-2.959,-0.067,-0.227,-0.241,52.050,25.800,-35.100,31.0
19:25:10.525,514190,-9.922,-0.127,-3.268,-0.071,-0.185,-0.168,51.300,23.850,-33.150,30.9
19:25:10.526,514244,-9.668,-0.417,-2.995,-0.086,-0.127,-0.116,51.300,23.850,-33.150,30.9
19:25:10.527,514298,-9.498,-0.383,-2.933,-0.231,0.039,-0.037,51.300,23.850,-33.150,30.9
19:25:10.585,514352,-9.584,0.651,-3.160,-0.142,0.010,-0.081,51.300,23.850,-33.150,31.1
19:25:10.645,514406,-9.151,0.036,-2.373,-0.250,0.142,-0.058,52.800,23.550,-33.900,30.9
19:25:10.705,514460,-8.796,-0.093,-3.163,0.084,0.298,-0.040,51.150,22.200,-33.750,30.9
19:25:10.765,514514,-9.488,1.058,-3.512,-0.131,0.301,0.164,51.150,22.200,-33.750,31.2
19:25:10.825,514568,-9.811,-0.002,-3.637,0.026,0.286,0.203,52.800,25.800,-36.900,31.0
19:25:10.885,514622,-9.464,0.836,-3.582,-0.231,0.167,0.231,52.800,25.800,-36.900,31.1
19:25:10.945,514676,-9.242,0.570,-3.972,-0.135,0.129,0.263,49.650,27.900,-38.100,31.1
19:25:11.005,514730,-9.230,0.529,-3.328,0.109,0.207,0.199,49.650,27.900,-38.100,31.0
19:25:11.065,514784,-9.191,0.323,-3.663,-0.229,0.029,0.118,49.650,27.900,-38.100,31.1
19:25:11.065,514838,-8.966,0.685,-3.917,-0.276,-0.017,0.074,49.650,27.900,-38.100,30.9
19:25:11.125,514892,-8.935,-0.364,-3.364,-0.038,0.038,0.031,51.750,27.000,-36.150,30.7
19:25:11.183,514946,-9.361,1.077,-3.551,-0.135,0.048,0.179,51.750,27.000,-36.150,30.5
19:25:11.243,515000,-9.014,0.651,-3.895,0.033,0.032,0.286,51.150,26.400,-35.250,31.0
19:25:11.305,515054,-8.926,1.365,-3.721,0.095,-0.018,0.305,51.150,26.400,-35.250,31.2
19:25:11.363,515108,-8.964,2.148,-3.733,0.127,-0.034,0.284,51.150,26.400,-35.250,30.9
19:25:11.424,515162,-8.715,1.664,-3.498,0.091,-0.125,0.193,48.900,28.350,-37.800,30.9
19:25:11.485,515216,-8.282,1.776,-3.251,0.037,-0.147,-0.008,48.900,28.350,-37.800,30.9
19:25:11.545,515270,-9.208,2.255,-3.134,0.075,-0.140,-0.262,49.500,28.950,-35.700,30.8
19:25:11.603,515324,-13.154,2.449,-4.829,0.120,-0.099,-0.276,49.500,28.950,-35.700,31.1
19:25:11.604,515378,-15.411,3.314,-5.279,-0.024,-0.086,0.083,50.100,26.850,-36.300,30.7
19:25:11.663,515432,-13.731,3.934,-5.069,0.032,-0.030,0.473,50.100,26.850,-36.300,30.7
19:25:11.724,515486,-11.499,2.761,-3.476,-0.025,0.094,0.458,50.850,31.050,-35.250,31.1
19:25:11.785,515540,-10.216,1.587,-2.983,-0.094,0.128,0.274,50.850,31.050,-35.250,31.0
19:25:11.845,515594,-10.558,1.760,-3.424,-0.123,0.124,0.017,50.850,31.050,-35.250,30.7
19:25:11.905,515648,-9.457,0.340,-3.428,0.114,-0.035,-0.318,49.500,31.650,-36.150,31.0
19:25:11.965,515702,-8.066,1.197,-2.741,0.018,-0.031,-0.586,49.500,31.650,-36.150,30.9
19:25:12.024,515756,-7.542,2.387,-4.484,0.076,-0.056,-0.840,48.900,29.850,-35.550,31.0
19:25:12.085,515810,-7.535,-0.644,-3.661,0.153,-0.285,-0.953,48.900,29.850,-35.550,31.2
19:25:12.143,515864,-7.159,-1.051,-2.655,-0.100,-0.362,-0.917,48.900,29.850,-35.550,30.6
19:25:12.145,515918,-6.419,-0.215,-3.510,0.261,-0.418,-0.881,48.900,29.850,-35.550,30.7
19:25:12.204,515972,-6.546,-0.606,-3.179,-0.095,-0.194,-0.658,54.000,20.400,-31.050,31.1
19:25:12.264,516026,-7.266,-1.628,-2.782,-0.126,-0.327,-0.535,54.000,20.400,-31.050,31.2
19:25:12.323,516080,-8.265,-1.520,-3.187,-0.427,-0.390,-0.614,53.550,17.400,-28.500,31.0
19:25:12.385,516134,-8.926,-0.917,-2.828,-0.260,-0.492,-0.729,53.550,17.400,-28.500,31.1
19:25:12.445,516188,-8.475,-2.109,-2.485,-0.171,-0.418,-0.712,54.900,15.150,-26.100,31.1
19:25:12.503,516242,-8.222,-1.061,-2.679,0.238,-0.340,-1.021,53.250,9.600,-23.400,31.1
19:25:12.565,516296,-7.338,-3.364,-0.962,1.170,-0.354,-1.166,53.250,9.600,-23.400,31.0
19:25:12.625,516350,-8.610,-0.294,-2.662,0.921,0.060,-0.238,53.250,9.600,-23.400,30.7
19:25:12.684,516404,-9.100,-3.048,-1.422,0.103,0.285,0.359,53.250,9.600,-23.400,30.9
19:25:12.685,516458,-9.505,-3.852,-2.468,-0.341,0.094,0.052,54.750,2.250,-20.700,30.9
19:25:12.743,516512,-9.256,-3.146,-2.071,-0.100,0.029,-0.069,54.750,2.250,-20.700,30.9
19:25:12.803,516566,-9.218,-2.662,-2.552,0.115,0.044,0.022,54.300,2.700,-21.450,31.1
19:25:12.865,516620,-9.117,-3.141,-2.516,-0.211,0.011,0.152,54.300,2.700,-21.450,31.1
19:25:12.925,516674,-9.299,-3.438,-2.291,0.001,0.030,0.225,53.100,5.100,-22.350,31.2
19:25:12.985,516728,-8.969,-3.273,-1.532,0.007,-0.022,0.169,53.100,5.100,-22.350,31.2
19:25:13.044,516782,-9.131,-2.849,-2.591,-0.170,-0.062,0.135,53.100,5.550,-21.000,31.1
19:25:13.105,516836,-9.337,-2.758,-2.030,-0.066,0.088,0.234,53.100,5.550,-21.000,30.8
19:25:13.165,516890,-9.210,-3.041,-2.351,-0.114,0.027,-0.062,53.100,5.550,-21.000,31.0
19:25:13.225,516944,-9.182,-2.380,-2.461,0.061,0.012,0.011,55.200,6.750,-22.800,31.0
19:25:13.226,516998,-9.029,-2.863,-2.124,-0.200,-0.029,-0.036,55.200,6.750,-22.800,31.0
19:25:13.285,517052,-9.416,-2.035,-2.263,-0.076,0.006,-0.006,54.900,7.500,-21.300,30.8
19:25:13.344,517106,-9.199,-2.368,-2.514,0.046,-0.043,-0.099,54.900,7.500,-21.300,30.9
19:25:13.405,517160,-9.366,-2.502,-1.975,-0.181,0.011,-0.063,54.900,7.500,-21.300,31.0
19:25:13.465,517214,-9.029,-2.777,-2.267,-0.062,0.014,-0.009,54.900,7.500,-21.300,31.1
19:25:13.524,517268,-8.801,-2.600,-2.322,-0.030,0.080,0.066,54.450,6.300,-22.350,30.7
19:25:13.583,517322,-8.162,-2.325,-1.968,0.224,0.121,0.428,54.450,6.300,-22.350,30.8
19:25:13.645,517376,-8.183,-1.369,-2.200,0.418,0.275,1.309,55.200,7.500,-22.800,30.9
19:25:13.705,517430,-7.432,-1.262,-2.653,-0.442,0.245,1.577,55.200,7.500,-22.800,30.9
19:25:13.764,517484,-9.081,-1.946,-2.607,-0.195,0.233,1.377,53.700,15.150,-24.600,31.1
19:25:13.765,517538,-8.545,0.543,-3.141,-0.260,0.216,1.095,53.100,22.500,-26.400,31.1
19:25:13.825,517592,-8.499,0.661,-2.614,-0.025,0.244,0.707,53.100,22.500,-26.400,30.9
19:25:13.885,517646,-8.897,0.627,-2.820,0.035,0.254,0.576,53.100,22.500,-26.400,31.1
19:25:13.945,517700,-9.088,-0.335,-3.352,0.019,0.155,0.491,53.100,22.500,-26.400,31.1
19:25:14.005,517754,-9.792,3.778,-3.651,0.269,0.068,0.398,49.650,30.300,-31.200,30.6
19:25:14.065,517808,-9.359,1.245,-2.792,0.282,0.202,0.380,49.650,30.300,-31.200,30.7
19:25:14.124,517862,-9.397,3.029,-2.557,0.220,0.317,0.281,47.400,32.250,-32.700,30.9
19:25:14.185,517916,-9.898,0.797,-3.043,-0.276,0.163,0.002,47.400,32.250,-32.700,30.7
19:25:14.245,517970,-9.752,2.931,-4.111,0.047,0.015,-0.192,47.400,32.250,-32.700,30.8
19:25:14.305,518024,-8.959,0.821,-3.369,0.330,0.062,-0.158,47.400,32.250,-32.700,31.0
19:25:14.305,518078,-8.662,1.140,-4.001,0.498,0.231,-0.056,47.400,33.750,-35.250,31.1
19:25:14.364,518132,-9.050,1.736,-3.974,0.270,0.145,-0.128,48.600,31.800,-38.100,30.9
19:25:14.423,518186,-9.421,1.700,-4.527,0.095,0.030,-0.282,48.600,31.800,-38.100,30.9
19:25:14.484,518240,-9.574,1.571,-4.614,-0.009,0.017,-0.290,50.100,30.300,-38.550,30.7
19:25:14.545,518294,-9.268,0.843,-4.396,-0.029,-0.017,-0.226,50.100,30.300,-38.550,30.7
19:25:14.605,518348,-9.639,0.848,-4.154,-0.205,0.009,-0.135,50.400,30.300,-38.850,30.9
19:25:14.665,518402,-9.110,0.165,-4.310,-0.326,-0.012,-0.075,50.400,30.300,-38.850,31.2
19:25:14.725,518456,-9.294,1.731,-4.113,-0.167,0.011,-0.018,50.400,30.300,-38.850,30.9
19:25:14.784,518510,-9.041,1.288,-4.417,-0.014,0.036,-0.082,50.400,30.300,-38.850,30.9
19:25:14.905,518564,-9.067,1.528,-3.819,0.222,0.060,-0.172,49.650,26.400,-37.350,31.1
19:25:14.905,518618,-9.033,1.616,-4.063,-0.021,-0.100,-0.275,49.650,26.400,-37.350,30.9
19:25:14.907,518672,-8.780,0.716,-3.857,-0.341,-0.211,-0.341,50.250,26.550,-37.650,31.1
19:25:14.965,518726,-8.509,0.373,-3.510,-0.091,-0.050,-0.305,50.250,26.550,-37.650,30.9
19:25:15.025,518780,-8.926,0.218,-3.646,-0.256,-0.029,-0.253,50.250,26.550,-37.650,30.7
19:25:15.085,518834,-9.036,-0.211,-3.752,-0.084,0.023,-0.141,53.400,24.900,-37.050,30.9
19:25:15.145,518888,-9.438,0.445,-3.522,0.022,-0.075,-0.077,53.400,24.900,-37.050,31.1
19:25:15.205,518942,-9.445,0.441,-3.709,0.064,-0.101,-0.017,51.750,22.800,-36.150,31.0
19:25:15.265,518996,-9.524,0.043,-3.766,0.088,-0.136,0.014,51.750,22.800,-36.150,31.1
19:25:15.325,519050,-9.603,0.101,-3.393,-0.041,-0.187,0.111,52.650,22.500,-36.000,31.0
19:25:15.385,519104,-9.596,0.321,-3.498,-0.127,-0.202,0.141,52.650,22.500,-36.000,31.1
19:25:15.386,519158,-9.467,0.407,-3.491,-0.102,-0.266,0.118,51.150,25.200,-35.250,31.1
19:25:15.505,519212,-9.546,0.467,-3.261,-0.030,-0.196,0.035,51.150,25.200,-35.250,30.9
19:25:15.506,519266,-9.376,0.611,-2.952,0.038,-0.267,-0.042,51.150,25.200,-35.250,31.1
19:25:15.565,519320,-8.988,0.548,-2.772,0.081,-0.260,-0.132,51.150,25.200,-35.250,30.9
19:25:15.625,519374,-8.727,-0.045,-2.617,0.117,-0.282,-0.281,53.250,22.800,-32.400,31.1
19:25:15.683,519428,-8.662,-0.010,-2.576,0.191,-0.238,-0.413,52.350,21.450,-31.950,30.9
19:25:15.743,519482,-10.051,-0.417,-2.452,0.300,0.111,-0.318,52.350,21.450,-31.950,30.9
19:25:15.803,519536,-14.818,0.414,-4.001,-0.047,0.268,-0.246,53.400,19.500,-31.950,31.0
19:25:15.863,519590,-16.987,0.235,-5.021,-0.323,0.051,0.705,53.400,19.500,-31.950,31.1
19:25:15.924,519644,-13.594,1.556,-4.025,0.048,0.227,1.177,51.600,22.500,-34.500,31.1
19:25:15.926,519698,-11.231,2.023,-2.964,-0.098,0.262,0.994,51.600,22.500,-34.500,30.8
19:25:15.983,519752,-10.499,1.274,-2.665,-0.066,0.172,0.512,48.900,27.600,-33.750,31.1
19:25:16.044,519806,-9.728,0.168,-2.394,0.082,0.012,0.148,48.900,27.600,-33.750,31.1
19:25:16.105,519860,-8.787,0.800,-2.215,0.148,0.033,-0.244,49.650,29.550,-34.050,30.9
19:25:16.165,519914,-8.799,1.410,-2.174,0.112,0.049,-0.432,49.650,29.550,-34.050,31.2
19:25:16.223,519968,-8.617,1.803,-2.835,0.062,-0.046,-0.634,49.350,29.550,-30.750,30.7
19:25:16.284,520022,-7.599,-0.620,-1.987,0.403,-0.195,-0.736,49.350,29.550,-30.750,30.9
19:25:16.344,520076,-6.620,-0.261,-2.346,0.300,-0.199,-0.508,49.350,29.550,-30.750,31.2
19:25:16.405,520130,-6.766,0.824,-2.842,0.166,-0.102,-0.260,51.600,23.700,-29.700,30.9
19:25:16.465,520184,-8.076,0.062,-3.249,0.227,-0.145,-0.424,51.600,23.700,-29.700,30.6
19:25:16.466,520238,-8.947,0.299,-3.189,0.245,-0.183,-0.543,52.050,23.550,-29.550,31.1
19:25:16.525,520292,-9.644,-1.901,-2.397,-0.065,-0.067,-0.571,52.050,23.550,-29.550,31.1
19:25:16.584,520346,-8.045,-2.981,-2.411,-0.209,-0.422,-0.875,52.350,20.550,-28.950,31.2
19:25:16.645,520400,-7.657,-1.604,-3.208,0.118,-0.292,-0.722,52.350,20.550,-28.950,30.9
19:25:16.705,520454,-7.587,-1.099,-1.154,0.618,-0.106,-0.426,54.900,14.400,-27.600,30.9
19:25:16.765,520508,-8.452,-1.286,-2.459,0.333,-0.095,-0.253,54.900,14.400,-27.600,31.0
19:25:16.823,520562,-9.285,-1.501,-2.325,0.178,-0.216,-0.708,52.650,11.700,-24.600,31.1
19:25:16.885,520616,-8.234,-3.855,-1.841,1.107,-0.337,-0.868,53.550,6.900,-22.950,30.8
19:25:16.945,520670,-9.191,0.369,-2.215,0.456,0.197,-0.127,53.550,6.900,-22.950,30.9
19:25:17.005,520724,-9.182,-4.254,-1.307,-0.027,0.386,0.446,53.250,6.150,-22.950,30.9
19:25:17.065,520778,-10.003,-4.707,-2.184,0.060,0.047,-0.064,53.250,6.150,-22.950,31.1
19:25:17.066,520832,-9.380,-2.605,-2.423,-0.092,0.013,-0.147,53.250,6.150,-22.950,31.1
19:25:17.125,520886,-9.136,-2.729,-2.502,-0.148,0.065,0.024,53.250,6.150,-22.950,30.9
19:25:17.245,520940,-9.416,-3.326,-2.255,-0.118,-0.007,-0.013,54.750,6.150,-25.200,31.1
19:25:17.246,520994,-9.067,-3.017,-2.571,-0.048,-0.057,-0.085,54.750,6.150,-25.200,31.2
19:25:17.364,521048,-8.997,-3.397,-1.705,-0.369,-0.019,0.100,54.450,7.500,-24.900,31.2
19:25:17.365,521102,-8.961,-3.067,-2.229,-0.140,-0.027,-0.018,54.450,7.500,-24.900,30.9
19:25:17.425,521156,-9.436,-2.978,-2.394,-0.256,-0.001,-0.007,54.450,7.500,-24.900,30.6
19:25:17.484,521210,-8.827,-2.780,-1.769,-0.224,0.029,-0.020,54.900,7.050,-24.600,31.1
19:25:17.545,521264,-8.961,-2.672,-2.294,-0.084,0.035,0.029,54.900,7.050,-24.600,31.0
19:25:17.546,521318,-9.333,-2.629,-2.447,-0.323,0.006,-0.033,54.300,7.200,-25.950,31.1
19:25:17.605,521372,-9.199,-2.373,-2.399,-0.347,0.091,0.137,54.300,7.200,-25.950,31.1
19:25:17.665,521426,-8.377,-3.543,-2.512,-0.249,0.191,0.376,52.800,8.100,-25.950,31.0
19:25:17.723,521480,-7.987,-1.176,-2.286,0.257,0.308,0.759,52.800,8.100,-25.950,31.0
19:25:17.785,521534,-7.197,-2.009,-3.278,-0.383,0.393,1.463,53.250,10.800,-27.300,31.1
19:25:17.844,521588,-8.875,-0.010,-2.595,-0.229,0.437,1.364,53.250,10.800,-27.300,30.7
19:25:17.905,521642,-8.519,-0.687,-3.318,-0.118,0.320,1.181,53.250,10.800,-27.300,30.7
19:25:17.965,521696,-9.187,-1.319,-3.491,-0.813,0.399,0.904,53.250,10.800,-27.300,31.1
19:25:18.025,521750,-7.719,-0.134,-3.654,-0.021,0.513,0.843,51.600,24.900,-33.450,31.1
19:25:18.085,521804,-9.629,2.428,-3.680,-0.425,0.371,0.628,49.500,30.450,-35.700,31.0
19:25:18.085,521858,-8.023,0.919,-3.996,0.546,0.200,0.505,49.500,30.450,-35.700,30.9
19:25:18.144,521912,-8.993,1.171,-4.690,0.411,0.045,0.375,49.500,30.450,-35.700,31.1
19:25:18.205,521966,-8.037,1.992,-4.824,0.353,-0.104,0.184,49.500,30.450,-35.700,30.9
19:25:18.265,522020,-8.475,0.919,-4.748,0.354,0.026,0.136,47.100,33.000,-38.550,31.1
19:25:18.325,522074,-8.337,0.711,-4.633,0.107,0.152,0.110,47.100,33.000,-38.550,30.9
19:25:18.383,522128,-9.124,1.343,-4.389,0.109,0.194,0.098,47.700,32.400,-41.550,30.8
19:25:18.443,522182,-9.019,0.314,-4.573,-0.028,-0.027,0.046,47.700,32.400,-41.550,31.1
19:25:18.505,522236,-8.590,2.133,-4.415,-0.019,0.038,-0.024,46.650,34.200,-40.650,31.1
19:25:18.565,522290,-8.753,1.288,-4.384,0.050,-0.046,-0.078,46.650,34.200,-40.650,30.9
19:25:18.625,522344,-8.265,1.336,-3.962,0.101,-0.102,-0.107,47.400,33.450,-39.300,30.9
19:25:18.626,522398,-8.284,1.681,-4.331,0.074,-0.100,-0.155,47.400,33.450,-39.300,30.9
19:25:18.685,522452,-9.376,0.850,-4.240,-0.182,-0.023,-0.303,47.400,33.450,-39.300,30.9
19:25:18.745,522506,-9.342,1.353,-4.798,-0.211,0.023,-0.367,48.000,30.450,-39.000,30.8
19:25:18.805,522560,-8.916,0.745,-4.456,-0.182,0.048,-0.343,48.000,30.450,-39.000,30.8
19:25:18.864,522614,-8.830,1.104,-4.068,-0.321,-0.009,-0.262,48.150,29.100,-40.650,31.1
19:25:18.923,522668,-8.842,-0.156,-3.766,-0.281,-0.058,-0.116,48.150,29.100,-40.650,31.0
19:25:18.985,522722,-9.024,2.157,-4.583,-0.262,-0.051,-0.074,48.150,29.100,-40.650,31.1
19:25:19.044,522776,-8.957,1.250,-4.453,-0.250,0.058,-0.125,48.150,29.100,-40.650,30.8
19:25:19.105,522830,-9.254,0.627,-3.950,-0.272,0.197,-0.197,47.850,30.300,-40.350,31.1
19:25:19.165,522884,-9.361,1.032,-4.123,-0.268,0.012,-0.165,47.850,30.300,-40.350,31.1
19:25:19.165,522938,-9.275,1.051,-4.173,-0.318,-0.087,-0.145,48.150,29.100,-39.300,31.0
19:25:19.223,522992,-9.120,1.137,-4.350,-0.174,0.022,-0.230,48.150,29.100,-39.300,30.8
19:25:19.285,523046,-9.177,1.092,-4.575,-0.267,0.071,-0.255,50.850,27.150,-38.550,30.7
19:25:19.403,523100,-9.440,1.097,-4.180,-0.138,-0.014,-0.183,49.500,26.250,-39.750,31.1
19:25:19.404,523154,-9.060,0.804,-4.441,-0.175,-0.013,-0.143,49.500,26.250,-39.750,30.9
19:25:19.463,523208,-8.921,0.996,-4.341,-0.126,0.035,-0.135,49.500,26.250,-39.750,30.9
19:25:19.525,523262,-9.108,0.955,-4.125,-0.075,0.121,-0.117,49.500,26.250,-39.750,30.9
19:25:19.584,523316,-9.057,0.769,-4.073,-0.126,0.109,-0.106,49.350,25.200,-38.100,31.0
19:25:19.643,523370,-8.851,1.075,-4.178,0.006,0.180,-0.090,49.350,25.200,-38.100,31.1
19:25:19.703,523424,-8.806,0.831,-4.080,-0.050,0.063,-0.065,50.850,25.200,-39.600,31.2
19:25:19.704,523478,-8.605,0.687,-3.421,0.016,-0.050,0.052,50.850,25.200,-39.600,30.7
19:25:19.764,523532,-8.844,-0.022,-3.500,-0.015,-0.283,0.130,50.850,25.200,-39.600,30.7
19:25:19.825,523586,-11.681,2.624,-5.212,0.159,-0.162,-0.214,50.850,25.200,-39.600,31.2
19:25:19.884,523640,-15.823,1.887,-6.199,-0.145,-0.311,0.077,49.500,24.300,-37.650,30.9
19:25:19.943,523694,-15.122,1.856,-5.775,-0.066,-0.330,0.670,49.500,26.250,-36.150,31.1
19:25:20.005,523748,-11.724,1.422,-4.329,-0.173,-0.136,0.749,49.500,26.250,-36.150,31.0
19:25:20.063,523802,-8.835,2.073,-3.383,0.196,-0.118,0.335,48.600,29.850,-36.000,31.0
19:25:20.123,523856,-7.908,0.254,-2.835,0.026,0.041,-0.134,48.600,29.850,-36.000,30.9
19:25:20.184,523910,-7.877,1.080,-2.945,0.049,0.112,-0.369,47.250,30.150,-35.700,31.1
19:25:20.245,523964,-8.456,0.405,-3.546,-0.057,-0.066,-0.466,47.250,30.150,-35.700,30.7
19:25:20.246,524018,-8.102,0.984,-4.326,0.498,-0.145,-0.552,50.550,29.250,-33.600,30.9
19:25:20.303,524072,-7.719,0.012,-3.203,0.311,-0.331,-0.588,50.550,29.250,-33.600,31.1
19:25:20.365,524126,-7.630,-0.845,-3.716,0.456,-0.335,-0.476,51.600,27.150,-32.250,31.2
19:25:20.424,524180,-7.997,-0.445,-3.546,0.530,-0.329,-0.485,51.600,27.150,-32.250,31.0
19:25:20.485,524234,-8.384,-1.018,-2.818,0.242,-0.220,-0.553,52.350,22.500,-31.200,30.9
19:25:20.545,524288,-8.875,-1.053,-2.593,0.349,-0.505,-0.552,52.350,22.500,-31.200,31.1
19:25:20.665,524342,-7.786,-1.116,-2.729,0.115,-0.415,-0.486,52.350,22.500,-31.200,30.9
19:25:20.666,524396,-8.435,-0.857,-2.342,0.224,-0.376,-0.643,53.400,15.150,-25.350,31.1
19:25:20.725,524450,-7.977,-2.138,-2.322,0.564,-0.483,-0.541,53.400,15.150,-25.350,30.9
19:25:20.785,524504,-8.183,-1.887,-1.956,-0.044,-0.147,-0.103,53.250,13.500,-23.700,30.9
19:25:20.785,524558,-9.902,-0.187,-1.626,0.528,-0.342,-0.414,53.250,13.500,-23.700,30.8
19:25:20.845,524612,-7.760,-6.237,-1.745,0.536,-0.746,-1.738,53.250,13.500,-23.700,30.7
19:25:20.903,524666,-8.808,-0.747,-2.792,1.676,0.161,-0.707,53.250,13.500,-23.700,31.1
19:25:20.964,524720,-7.398,-1.441,-1.537,-0.662,0.353,0.598,54.150,4.350,-19.050,30.9
19:25:21.024,524774,-9.907,-2.789,-2.286,0.202,0.197,0.135,54.150,4.350,-19.050,30.9
19:25:21.083,524828,-10.139,-2.150,-1.930,-0.079,0.026,-0.063,53.400,5.550,-20.550,31.2
19:25:21.145,524882,-9.067,-1.537,-1.640,0.343,0.099,-0.024,53.400,5.550,-20.550,31.2
19:25:21.204,524936,-9.043,-2.931,-1.800,-0.198,0.027,-0.123,52.350,7.800,-21.300,30.9
19:25:21.264,524990,-9.462,-3.934,-1.384,0.054,0.025,-0.092,54.450,5.850,-22.350,31.1
19:25:21.323,525044,-9.038,-2.701,-2.212,-0.232,0.002,-0.056,54.450,5.850,-22.350,30.9
19:25:21.324,525098,-9.074,-3.847,-1.549,0.286,-0.013,0.021,54.450,5.850,-22.350,31.0
19:25:21.385,525152,-9.287,-3.472,-1.420,0.150,-0.037,0.012,54.450,5.850,-22.350,31.1
19:25:21.445,525206,-9.347,-3.110,-1.386,0.100,-0.073,-0.035,54.000,7.200,-21.900,31.1
19:25:21.505,525260,-9.057,-2.954,-1.930,-0.121,-0.010,-0.079,54.000,7.200,-21.900,30.9
19:25:21.565,525314,-9.280,-3.165,-1.451,-0.108,-0.021,-0.079,53.250,5.400,-21.900,30.9
19:25:21.625,525368,-9.419,-3.275,-1.492,-0.064,-0.064,-0.127,53.250,5.400,-21.900,31.1
19:25:21.685,525422,-9.194,-3.215,-1.688,0.107,-0.025,-0.133,53.400,6.300,-22.050,30.6
19:25:21.744,525476,-8.959,-3.237,-1.362,-0.160,0.059,0.016,53.400,6.300,-22.050,31.1
19:25:21.805,525530,-8.428,-4.322,-1.803,0.274,0.102,0.166,53.700,4.050,-22.350,31.0
19:25:21.864,525584,-7.999,-2.179,-1.815,0.420,0.294,1.035,54.300,6.150,-22.650,31.1
19:25:21.864,525638,-7.475,-0.467,-2.966,-0.172,0.410,1.708,54.300,6.150,-22.650,30.9
19:25:21.923,525692,-8.993,-0.194,-1.829,-0.968,0.244,1.327,52.800,15.750,-26.250,31.1
19:25:21.985,525746,-9.627,-1.463,-1.870,0.636,0.080,0.768,52.800,15.750,-26.250,30.8
19:25:22.044,525800,-9.445,0.900,-2.459,-0.197,0.186,0.820,53.550,21.150,-26.250,31.1
19:25:22.105,525854,-9.060,-0.321,-3.153,-0.257,0.179,0.412,53.550,21.150,-26.250,31.0
19:25:22.165,525908,-9.318,1.721,-2.385,0.129,0.386,0.416,53.550,21.150,-26.250,31.0
19:25:22.225,525962,-8.684,-2.363,-2.535,-0.085,0.307,0.439,53.550,21.150,-26.250,30.9
19:25:22.285,526016,-10.063,3.376,-2.885,0.316,0.333,0.227,50.400,26.100,-30.750,30.7
19:25:22.345,526070,-9.019,-0.543,-2.990,0.286,0.236,0.103,50.400,26.100,-30.750,31.1
19:25:22.405,526124,-9.278,0.117,-3.278,0.381,0.488,0.177,52.050,28.200,-32.850,31.0
19:25:22.406,526178,-9.402,0.304,-3.201,0.312,0.459,0.274,49.800,27.750,-35.700,30.9
19:25:22.465,526232,-10.034,0.311,-3.012,-0.055,0.253,0.377,49.800,27.750,-35.700,31.1
19:25:22.525,526286,-9.799,0.309,-3.280,-0.268,0.143,0.186,47.850,31.050,-38.850,31.0
19:25:22.585,526340,-9.342,0.421,-4.003,-0.057,0.253,0.205,47.850,31.050,-38.850,30.9
19:25:22.643,526394,-8.839,-0.141,-3.438,-0.071,0.237,0.245,48.600,31.500,-38.850,30.6
19:25:22.705,526448,-9.486,0.632,-3.642,0.138,0.119,0.286,48.600,31.500,-38.850,30.9
19:25:22.765,526502,-9.732,1.245,-4.161,0.014,-0.219,0.181,47.700,31.650,-40.500,30.9
19:25:22.823,526556,-9.096,2.011,-4.465,-0.018,-0.206,0.099,47.700,31.650,-40.500,31.1
19:25:22.883,526610,-8.997,1.616,-4.288,-0.087,-0.038,-0.067,49.050,32.400,-38.250,30.9
19:25:22.943,526664,-9.227,1.733,-4.149,0.079,-0.015,-0.115,49.050,32.400,-38.250,31.1
19:25:22.944,526718,-9.436,1.156,-4.317,-0.099,-0.104,-0.118,49.050,32.400,-38.250,30.9
19:25:23.004,526772,-10.029,1.188,-3.900,-0.047,-0.074,-0.067,46.650,31.050,-39.300,31.1
19:25:23.064,526826,-9.294,1.257,-3.706,-0.181,-0.014,-0.159,46.650,31.050,-39.300,30.9
19:25:23.124,526880,-9.069,1.202,-3.630,-0.106,0.009,-0.224,49.500,30.150,-38.700,30.7
19:25:23.185,526934,-9.088,1.724,-3.639,-0.091,0.020,-0.160,49.500,30.150,-38.700,31.2
19:25:23.245,526988,-9.084,1.336,-3.606,-0.123,-0.042,-0.174,49.800,31.950,-38.250,31.0
19:25:23.305,527042,-9.218,1.475,-3.632,-0.194,-0.030,-0.121,49.800,31.950,-38.250,31.1
19:25:23.365,527096,-9.222,1.037,-3.594,-0.306,-0.102,-0.187,51.300,30.450,-37.200,31.1
19:25:23.425,527150,-8.976,0.941,-3.491,-0.262,-0.003,-0.164,51.300,30.450,-37.200,31.0
19:25:23.485,527204,-9.261,0.998,-3.594,-0.166,0.018,-0.209,51.300,30.450,-37.200,31.0
19:25:23.486,527258,-9.048,1.372,-3.630,-0.173,-0.002,-0.308,51.300,30.450,-37.200,31.1
19:25:23.544,527312,-9.172,0.757,-3.606,-0.168,-0.065,-0.379,50.550,27.450,-36.450,30.8
19:25:23.605,527366,-9.026,0.816,-3.575,-0.139,-0.063,-0.313,50.550,27.450,-36.450,30.9
19:25:23.665,527420,-9.246,0.031,-3.534,-0.178,-0.092,-0.202,52.050,25.500,-37.200,31.1
19:25:23.725,527474,-9.275,0.299,-3.610,-0.181,-0.089,-0.124,52.050,25.500,-37.200,31.1
19:25:23.785,527528,-9.553,0.412,-3.577,-0.201,-0.042,-0.031,52.050,25.500,-37.200,30.9
19:25:23.845,527582,-9.685,0.747,-3.268,-0.133,-0.029,-0.001,51.750,25.050,-35.700,30.7
19:25:23.905,527636,-9.479,0.735,-3.402,-0.088,0.010,-0.005,51.750,25.050,-35.700,31.1
19:25:23.965,527690,-9.232,0.383,-3.218,-0.123,0.028,-0.023,52.800,24.300,-34.650,31.1
19:25:24.023,527744,-9.196,0.575,-3.199,-0.114,0.015,0.019,52.800,24.300,-34.650,30.9
19:25:24.024,527798,-9.148,0.603,-3.232,-0.062,-0.001,0.012,51.750,24.300,-35.700,30.9
19:25:24.085,527852,-9.309,0.955,-3.587,0.033,-0.044,0.025,51.750,24.300,-35.700,30.7
19:25:24.145,527906,-9.450,1.355,-3.656,0.013,-0.053,-0.050,50.850,24.900,-35.550,31.0
19:25:24.205,527960,-9.373,1.211,-3.594,-0.018,-0.072,-0.164,50.850,24.900,-35.550,31.0
19:25:24.265,528014,-9.306,0.752,-3.201,-0.038,-0.061,-0.245,50.850,24.900,-35.550,30.9
19:25:24.323,528068,-9.246,0.261,-3.096,-0.025,-0.048,-0.268,51.750,23.100,-35.100,31.0
19:25:24.385,528122,-9.163,0.555,-3.062,0.018,0.014,-0.166,51.750,23.100,-35.100,30.9
19:25:24.444,528176,-8.961,0.156,-2.837,0.057,0.028,-0.127,52.500,21.600,-34.650,31.2
19:25:24.505,528230,-9.110,0.086,-2.851,0.030,0.102,-0.094,52.500,21.600,-34.650,30.8
19:25:24.565,528284,-10.149,-0.024,-3.608,0.074,0.219,-0.189,52.500,21.600,-34.650,30.9
19:25:24.566,528338,-12.507,0.268,-3.845,0.108,0.146,-0.065,52.500,21.600,-34.650,31.0
19:25:24.625,528392,-14.676,0.472,-4.841,-0.071,-0.058,0.388,52.500,21.600,-35.100,30.9
19:25:24.685,528446,-13.657,1.726,-4.590,0.007,0.095,0.945,52.500,21.600,-35.100,31.1
19:25:24.745,528500,-10.580,1.010,-3.038,-0.074,0.159,0.853,51.750,26.250,-36.150,31.1
19:25:24.805,528554,-9.433,0.886,-2.983,0.013,0.083,0.385,51.750,26.250,-36.150,30.9
19:25:24.865,528608,-8.732,0.500,-2.701,0.084,0.033,0.038,49.800,29.700,-35.700,31.1
19:25:24.924,528662,-9.304,0.747,-3.282,0.067,0.001,-0.022,49.500,30.150,-35.400,31.0
19:25:24.985,528716,-8.724,-0.002,-3.096,0.241,-0.108,-0.144,49.500,30.150,-35.400,30.7
19:25:25.043,528770,-8.648,0.891,-3.323,0.201,0.025,-0.289,49.500,30.150,-35.400,30.9
19:25:25.105,528824,-8.023,-0.517,-2.883,0.231,0.027,-0.497,49.500,30.150,-35.400,30.9
19:25:25.106,528878,-8.715,0.828,-3.218,0.264,-0.055,-0.447,50.850,27.900,-33.000,31.2
19:25:25.165,528932,-8.832,1.822,-4.032,0.284,-0.160,-0.607,50.850,27.900,-33.000,31.2
19:25:25.225,528986,-8.461,-0.704,-3.680,0.115,-0.301,-0.742,50.400,26.850,-34.500,31.1
19:25:25.285,529040,-7.882,0.294,-3.752,0.123,-0.255,-0.637,50.400,26.850,-34.500,30.9
19:25:25.345,529094,-7.204,-1.638,-2.854,0.321,-0.240,-0.557,50.400,26.850,-34.500,31.1
19:25:25.404,529148,-8.861,-0.038,-2.315,0.240,-0.115,-0.555,50.400,26.850,-34.500,30.9
19:25:25.463,529202,-8.430,0.194,-3.428,0.045,-0.410,-0.727,53.400,18.300,-29.700,30.7
19:25:25.525,529256,-8.868,-1.927,-1.525,-0.337,-0.137,-0.669,53.250,16.500,-28.500,30.9
19:25:25.585,529310,-7.898,-0.579,-3.440,-0.100,-0.283,-0.935,53.250,16.500,-28.500,31.1
19:25:25.644,529364,-7.609,-4.657,-0.400,-0.125,-0.226,-1.215,56.250,11.550,-27.000,30.9
19:25:25.645,529418,-7.511,-2.126,-2.229,1.205,-0.056,-0.733,56.250,11.550,-27.000,30.9
19:25:25.705,529472,-8.784,-0.857,-2.820,-0.001,0.434,0.610,53.400,4.800,-25.350,31.1
19:25:25.765,529526,-9.112,-3.685,-2.796,-0.144,0.264,0.318,53.400,4.800,-25.350,31.1
19:25:25.825,529580,-9.895,-3.127,-2.710,0.002,0.027,-0.043,53.400,4.800,-25.350,30.9
19:25:25.885,529634,-9.325,-1.623,-3.699,-0.033,0.098,0.206,53.400,4.800,-25.350,31.1
19:25:25.945,529688,-8.950,-3.014,-2.392,0.106,-0.072,-0.043,54.300,10.050,-25.950,30.9
19:25:26.005,529742,-9.201,-2.935,-2.703,0.085,0.013,0.064,54.300,10.050,-25.950,30.8
19:25:26.064,529796,-9.091,-2.562,-2.686,0.021,0.012,-0.085,54.750,8.400,-27.300,31.1
19:25:26.125,529850,-9.038,-2.519,-2.823,0.192,-0.049,-0.179,54.750,8.400,-27.300,31.0
19:25:26.185,529904,-8.928,-2.322,-2.859,-0.052,-0.047,-0.172,54.750,8.400,-27.300,31.0
19:25:26.186,529958,-9.249,-2.957,-2.064,-0.049,-0.078,-0.175,53.550,8.100,-27.300,31.1
19:25:26.244,530012,-9.187,-2.751,-3.136,-0.029,-0.128,-0.216,53.550,8.100,-27.300,31.0
19:25:26.303,530066,-9.675,-2.954,-2.662,-0.190,-0.074,-0.095,54.150,8.700,-26.400,31.1
19:25:26.365,530120,-9.629,-3.230,-2.521,-0.036,-0.092,-0.058,54.150,8.700,-26.400,30.9
19:25:26.425,530174,-8.825,-2.796,-2.698,-0.090,-0.040,-0.038,54.450,7.050,-26.400,30.7
19:25:26.483,530228,-8.693,-2.895,-2.497,-0.093,-0.069,-0.062,54.450,7.050,-26.400,30.5
19:25:26.545,530282,-8.710,-2.854,-2.693,-0.138,-0.069,-0.100,54.900,5.850,-25.350,31.1
19:25:26.605,530336,-8.820,-3.112,-1.920,-0.064,-0.033,-0.075,54.900,5.850,-25.350,30.9
19:25:26.663,530390,-8.950,-2.954,-2.413,-0.031,-0.069,-0.077,54.900,5.850,-25.350,31.1
19:25:26.724,530444,-9.503,-3.840,-1.848,0.062,-0.006,0.067,54.900,5.850,-25.350,30.9
19:25:26.725,530498,-9.160,-2.480,-2.794,0.045,0.046,0.062,54.150,5.100,-25.350,31.1
19:25:26.783,530552,-9.282,-3.007,-2.339,-0.059,0.030,-0.047,53.700,4.350,-25.650,31.1
19:25:26.845,530606,-8.911,-3.081,-2.648,0.124,-0.015,0.017,53.700,4.350,-25.650,31.1
19:25:26.905,530660,-8.799,-2.983,-2.964,0.098,0.041,0.046,53.700,4.350,-25.650,30.9
19:25:26.963,530714,-8.521,-3.299,-2.478,0.394,0.181,0.360,53.700,4.350,-25.650,30.9
19:25:27.025,530768,-7.688,-1.465,-2.820,0.250,0.264,0.972,54.000,8.400,-26.250,30.9
19:25:27.085,530822,-6.622,-1.116,-2.413,-0.511,0.341,1.494,54.000,8.400,-26.250,31.2
19:25:27.143,530876,-7.618,-0.905,-1.671,0.033,0.246,1.119,53.550,15.750,-28.500,31.1
19:25:27.205,530930,-8.413,-1.494,-3.062,0.122,0.305,0.973,53.550,15.750,-28.500,31.1
19:25:27.264,530984,-10.036,0.148,-3.146,-0.015,0.172,0.617,53.100,19.800,-31.200,30.9
19:25:27.265,531038,-8.918,-0.512,-3.570,0.242,0.233,0.512,53.100,19.800,-31.200,30.9
19:25:27.325,531092,-8.947,-0.905,-3.587,0.151,0.319,0.538,52.050,25.050,-32.400,31.2
19:25:27.384,531146,-9.503,0.809,-3.448,0.215,0.392,0.418,52.050,25.050,-32.400,30.9
19:25:27.445,531200,-9.979,0.326,-3.663,0.326,0.071,0.374,52.050,25.050,-32.400,31.1
19:25:27.504,531254,-9.493,-0.077,-3.780,0.116,-0.026,0.301,51.750,30.150,-37.200,31.1
19:25:27.565,531308,-8.899,0.230,-3.603,0.298,0.046,0.222,51.750,30.150,-37.200,30.9
19:25:27.624,531362,-9.294,0.606,-3.515,0.257,0.038,0.174,52.500,29.700,-37.650,30.9
19:25:27.685,531416,-9.663,1.132,-3.910,0.286,0.036,0.069,52.500,29.700,-37.650,31.0
19:25:27.745,531470,-9.857,0.481,-3.754,0.155,-0.060,0.033,52.500,29.700,-37.650,31.0
19:25:27.805,531524,-9.323,0.484,-3.802,0.138,-0.096,0.086,52.500,29.700,-37.650,31.2
19:25:27.805,531578,-9.203,0.369,-3.651,0.069,-0.033,0.214,51.150,30.300,-38.550,30.9
19:25:27.865,531632,-9.735,0.886,-3.321,0.175,0.019,0.137,51.150,30.300,-38.550,30.9
19:25:27.923,531686,-9.981,0.874,-3.584,-0.055,0.105,0.017,49.650,29.550,-38.100,30.9
19:25:27.985,531740,-9.510,1.123,-3.213,-0.057,0.098,-0.044,50.100,30.300,-39.600,30.9
19:25:28.044,531794,-9.120,0.991,-3.687,-0.019,0.178,-0.067,50.100,30.300,-39.600,31.1
19:25:28.105,531848,-9.529,0.857,-3.541,0.075,0.224,0.017,49.800,28.950,-40.500,30.9
19:25:28.163,531902,-9.603,-0.323,-3.673,-0.106,0.118,0.029,49.800,28.950,-40.500,31.1
19:25:28.224,531956,-9.926,0.814,-3.862,-0.164,-0.007,-0.120,49.800,28.950,-40.500,31.0
19:25:28.285,532010,-9.436,0.285,-4.209,-0.190,0.031,-0.107,49.800,28.950,-40.500,30.9
19:25:28.343,532064,-9.366,0.812,-3.836,-0.139,0.026,-0.045,49.050,29.700,-40.950,30.9
19:25:28.344,532118,-9.110,0.225,-3.469,-0.018,-0.080,-0.095,49.050,29.700,-40.950,30.8
19:25:28.404,532172,-8.940,0.625,-3.711,-0.139,-0.124,-0.154,49.500,27.750,-39.750,31.2
19:25:28.464,532226,-9.237,0.599,-3.745,-0.008,-0.163,-0.117,49.500,27.750,-39.750,31.0
19:25:28.524,532280,-8.777,0.340,-3.768,-0.011,-0.088,-0.137,49.500,27.750,-39.750,31.1
19:25:28.583,532334,-8.638,0.496,-3.903,-0.006,0.056,-0.187,51.150,24.900,-38.850,30.7
19:25:28.645,532388,-8.772,0.012,-3.926,0.003,0.210,-0.085,51.150,24.900,-38.850,31.0
19:25:28.765,532442,-9.261,0.532,-4.231,0.080,0.079,-0.223,50.550,25.500,-39.750,31.0
19:25:28.825,532496,-9.697,0.802,-5.013,-0.008,0.072,-0.276,50.550,25.500,-39.750,31.1
19:25:28.825,532550,-9.910,1.185,-4.894,-0.022,0.006,-0.192,51.000,25.050,-39.750,30.9
19:25:28.826,532604,-9.895,0.534,-4.547,-0.117,-0.147,-0.024,51.000,25.050,-39.750,30.8
19:25:28.885,532658,-9.261,0.747,-4.017,-0.168,-0.354,0.112,51.600,24.450,-39.600,30.9
19:25:28.945,532712,-8.574,0.792,-3.570,-0.096,-0.379,0.137,51.600,24.450,-39.600,31.1
19:25:29.003,532766,-8.533,0.342,-3.273,-0.039,-0.216,-0.010,51.600,24.450,-39.600,31.1
19:25:29.064,532820,-8.875,0.409,-3.287,-0.016,-0.039,-0.203,51.600,24.450,-39.600,30.9
19:25:29.123,532874,-9.215,0.821,-3.804,-0.008,0.123,-0.187,51.750,25.500,-37.200,30.9
19:25:29.183,532928,-9.215,0.551,-3.938,-0.046,0.267,-0.110,51.750,25.500,-37.200,31.1
19:25:29.243,532982,-9.134,0.158,-3.857,0.058,0.250,0.001,52.650,22.500,-38.850,30.9
19:25:29.305,533036,-8.945,0.476,-3.802,0.011,0.001,-0.004,52.650,22.500,-38.850,30.7
19:25:29.365,533090,-8.868,0.510,-3.910,0.058,-0.160,-0.096,52.650,22.500,-38.850,30.9
19:25:29.423,533144,-8.626,-0.139,-3.661,-0.071,-0.159,-0.118,51.150,22.500,-38.550,31.1
19:25:29.424,533198,-8.765,-0.168,-3.266,-0.111,-0.045,-0.018,51.150,22.500,-38.550,31.1
19:25:29.485,533252,-10.367,0.946,-3.290,-0.015,0.019,-0.192,51.000,22.350,-37.650,31.0
19:25:29.545,533306,-15.632,0.996,-4.831,0.057,-0.051,0.302,51.000,22.350,-37.650,31.1
19:25:29.603,533360,-14.844,1.848,-5.471,-0.021,0.497,0.712,51.750,21.900,-39.750,31.0
19:25:29.665,533414,-12.165,1.501,-3.864,-0.143,0.601,0.943,51.750,21.900,-39.750,31.2
19:25:29.724,533468,-9.967,0.512,-3.598,-0.289,0.319,0.726,48.600,26.100,-42.450,31.1
19:25:29.785,533522,-9.117,0.426,-3.352,-0.213,-0.041,0.256,48.600,26.100,-42.450,30.8
19:25:29.844,533576,-8.193,0.876,-4.367,0.276,-0.183,-0.099,48.600,26.100,-42.450,30.9
19:25:29.905,533630,-7.736,0.160,-3.761,0.056,-0.143,-0.208,48.000,30.450,-39.450,30.9
19:25:29.965,533684,-8.080,-0.570,-3.364,-0.157,0.039,-0.172,48.000,30.450,-39.450,30.9
19:25:29.966,533738,-8.444,0.237,-4.427,0.008,-0.371,-0.482,49.050,31.200,-37.650,31.1
19:25:30.023,533792,-8.179,-0.304,-3.460,0.080,-0.444,-0.381,49.050,31.200,-37.650,31.2
19:25:30.084,533846,-8.131,0.273,-3.194,0.033,-0.422,-0.517,50.100,29.850,-37.050,31.2
19:25:30.145,533900,-8.485,0.294,-2.828,0.301,-0.314,-0.480,50.100,29.850,-37.050,30.9
19:25:30.205,533954,-8.344,-1.903,-2.698,0.108,-0.424,-0.570,51.600,26.850,-33.750,31.1
19:25:30.265,534008,-9.093,0.833,-3.900,0.186,-0.361,-0.679,51.600,26.850,-33.750,31.0
19:25:30.325,534062,-8.519,-2.672,-2.708,0.627,-0.649,-0.859,51.000,22.800,-31.050,31.2
19:25:30.385,534116,-7.520,-1.226,-2.021,0.441,-0.683,-0.479,51.000,22.800,-31.050,31.2
19:25:30.443,534170,-8.092,-0.103,-1.829,0.373,-0.490,-0.721,52.800,19.200,-28.800,31.1
19:25:30.504,534224,-7.520,-4.822,-1.209,0.058,-0.800,-1.110,52.050,13.800,-24.000,31.0
19:25:30.505,534278,-7.717,-2.251,0.795,0.519,-0.375,-0.884,52.050,13.800,-24.000,30.9
19:25:30.565,534332,-8.222,0.527,-3.639,0.555,0.170,0.078,52.050,13.800,-24.000,31.1
19:25:30.625,534386,-8.875,-3.323,-0.204,-0.121,0.601,0.475,52.050,13.800,-24.000,31.1
19:25:30.684,534440,-10.458,-2.650,-2.078,0.157,0.142,0.028,53.700,11.400,-25.650,31.0
19:25:30.743,534494,-9.646,-2.318,-2.861,0.259,0.023,-0.146,53.700,11.400,-25.650,30.9
19:25:30.805,534548,-9.309,-2.006,-2.059,0.002,-0.002,-0.013,54.300,10.350,-25.950,31.1
19:25:30.865,534602,-9.170,-1.657,-2.562,0.046,-0.022,-0.054,54.300,10.350,-25.950,31.1
19:25:30.924,534656,-9.608,-2.940,-1.520,-0.026,-0.045,-0.011,53.550,11.850,-24.750,30.9
19:25:30.985,534710,-9.158,-2.622,-0.950,0.298,-0.075,0.002,53.550,11.850,-24.750,30.9
19:25:31.044,534764,-9.515,-2.112,-1.523,0.163,-0.116,-0.030,53.700,10.500,-23.550,31.1
19:25:31.045,534818,-9.450,-2.713,-1.425,-0.083,-0.065,-0.061,52.650,10.200,-23.850,30.9
19:25:31.105,534872,-9.491,-2.837,-1.391,0.005,-0.046,-0.218,52.650,10.200,-23.850,31.0
19:25:31.165,534926,-9.438,-3.177,-1.171,-0.175,-0.014,-0.156,54.150,9.000,-22.800,30.7
19:25:31.225,534980,-9.857,-2.660,-1.662,0.465,0.080,-0.065,54.150,9.000,-22.800,30.6
19:25:31.283,535034,-8.849,-3.596,-1.355,-0.450,0.085,0.123,54.750,8.100,-24.450,31.0
19:25:31.345,535088,-9.165,-3.098,-1.288,-0.032,0.029,0.111,54.750,8.100,-24.450,31.2
19:25:31.403,535142,-9.043,-2.277,-1.774,-0.348,-0.094,-0.006,54.750,8.100,-24.450,31.1
19:25:31.464,535196,-9.321,-2.217,-2.081,-0.289,-0.036,-0.007,54.750,8.100,-24.450,31.1
19:25:31.583,535250,-9.105,-2.725,-1.609,-0.143,0.071,0.145,54.300,10.350,-22.650,31.0
19:25:31.584,535304,-8.638,-2.952,-2.047,-0.121,0.107,0.199,54.300,10.350,-22.650,31.1
19:25:31.585,535358,-7.846,-2.128,-1.451,0.272,0.287,0.773,53.700,9.750,-24.900,31.1
19:25:31.645,535412,-6.560,-0.567,-2.808,-0.443,0.475,1.555,53.700,9.750,-24.900,30.9
19:25:31.765,535466,-8.645,-0.484,-2.107,-0.621,0.456,1.315,53.100,14.400,-26.100,30.9
19:25:31.765,535520,-9.522,0.093,-2.406,-0.169,0.227,0.990,52.350,22.500,-27.900,30.9
19:25:31.825,535574,-10.707,2.945,-3.335,0.122,0.307,0.680,52.350,22.500,-27.900,31.1
19:25:31.885,535628,-8.818,-0.120,-3.917,-0.184,0.369,0.493,52.350,22.500,-27.900,31.1
19:25:31.943,535682,-10.341,3.982,-2.476,-0.017,0.560,0.385,52.350,22.500,-27.900,31.1
19:25:32.005,535736,-8.803,-0.929,-3.206,0.145,0.231,0.353,51.000,30.900,-33.150,31.0
19:25:32.063,535790,-8.961,2.057,-3.608,0.044,0.200,0.284,51.000,30.900,-33.150,31.0
19:25:32.125,535844,-9.194,0.558,-3.280,-0.002,0.174,0.204,47.850,33.450,-35.250,31.1
19:25:32.126,535898,-8.950,2.239,-3.361,0.098,0.218,0.181,47.850,33.450,-35.250,30.9
19:25:32.185,535952,-8.892,1.130,-4.068,0.009,0.276,0.139,47.850,33.450,-35.250,31.0
19:25:32.245,536006,-9.878,0.931,-3.455,-0.048,0.167,-0.063,47.850,33.450,-35.250,31.1
19:25:32.303,536060,-9.560,1.137,-3.620,0.018,-0.011,-0.078,48.000,33.900,-39.000,30.9
19:25:32.365,536114,-9.357,0.874,-3.895,-0.064,0.122,-0.136,48.900,33.000,-39.300,31.0
19:25:32.423,536168,-9.031,1.176,-3.761,-0.152,0.187,-0.212,48.900,33.000,-39.300,30.9
19:25:32.483,536222,-8.923,0.045,-3.761,-0.215,0.257,-0.151,48.750,31.950,-39.000,31.1
19:25:32.545,536276,-9.163,1.839,-4.087,-0.137,0.230,-0.153,48.750,31.950,-39.000,31.0
19:25:32.605,536330,-9.469,1.053,-3.955,-0.203,0.011,-0.176,48.600,30.600,-39.900,31.1
19:25:32.665,536384,-9.206,0.745,-4.300,-0.240,-0.041,-0.107,48.600,30.600,-39.900,30.9
19:25:32.665,536438,-8.950,0.687,-4.221,-0.187,0.099,-0.082,48.600,30.600,-39.900,30.8
19:25:32.725,536492,-9.409,1.080,-4.357,-0.221,0.092,-0.062,48.600,30.600,-39.900,31.1
19:25:32.784,536546,-9.414,1.532,-4.137,-0.230,0.028,-0.119,47.400,29.100,-40.350,30.9
19:25:32.844,536600,-9.151,0.771,-4.424,-0.342,0.049,-0.128,47.400,29.100,-40.350,31.1
19:25:32.903,536654,-8.909,1.417,-4.161,-0.298,0.084,-0.143,49.500,29.250,-40.950,31.1
19:25:32.963,536708,-8.827,0.594,-4.092,-0.255,0.099,-0.196,49.500,29.250,-40.950,31.2
19:25:33.025,536762,-8.756,1.085,-4.046,-0.219,0.036,-0.197,49.500,29.250,-40.950,31.0
19:25:33.085,536816,-8.523,0.702,-4.116,-0.207,0.048,-0.234,48.600,27.150,-38.100,31.0
19:25:33.145,536870,-8.954,0.864,-4.070,-0.088,0.041,-0.178,48.600,27.150,-38.100,30.8
19:25:33.205,536924,-9.105,1.061,-4.559,-0.179,-0.007,-0.167,50.250,29.250,-39.000,30.9
19:25:33.206,536978,-9.352,1.228,-4.386,-0.081,-0.039,-0.165,50.250,29.250,-39.000,31.1
19:25:33.265,537032,-8.978,0.675,-4.085,-0.092,-0.054,-0.115,49.500,27.750,-39.450,31.0
19:25:33.324,537086,-8.815,0.534,-4.094,-0.079,-0.004,-0.118,49.500,27.750,-39.450,31.1
19:25:33.383,537140,-8.952,0.883,-4.039,-0.028,0.023,-0.135,49.500,25.500,-38.700,31.3
19:25:33.444,537194,-9.079,0.429,-4.092,-0.114,-0.054,-0.180,49.500,25.500,-38.700,31.1
19:25:33.505,537248,-8.890,0.733,-3.967,0.025,-0.025,-0.136,49.500,25.500,-38.700,31.1
19:25:33.564,537302,-8.808,0.476,-4.046,0.013,0.001,-0.102,52.500,25.500,-39.450,30.7
19:25:33.623,537356,-8.839,0.591,-4.137,0.054,-0.010,-0.128,52.500,25.500,-39.450,30.8
19:25:33.684,537410,-8.966,0.445,-4.099,-0.026,0.045,-0.124,51.000,23.850,-39.450,31.2
19:25:33.745,537464,-8.971,0.721,-4.020,0.085,-0.021,-0.096,51.000,23.850,-39.450,30.9
19:25:33.746,537518,-8.598,0.335,-3.675,0.070,-0.096,-0.100,51.000,23.850,-39.450,30.9
19:25:33.803,537572,-8.483,0.160,-3.812,0.107,-0.076,-0.118,51.000,23.850,-39.450,31.1
19:25:33.863,537626,-10.467,0.917,-4.992,0.329,0.045,-0.387,50.100,21.450,-39.900,30.9
19:25:33.925,537680,-14.140,2.533,-6.460,0.143,0.094,-0.264,50.100,21.450,-39.900,30.9
19:25:33.985,537734,-15.455,0.065,-6.881,0.160,0.014,0.492,52.350,21.000,-39.600,31.1
19:25:34.045,537788,-13.084,1.401,-5.444,0.359,-0.005,1.076,52.350,21.000,-39.600,30.7
19:25:34.105,537842,-10.353,1.348,-4.530,-0.045,-0.081,0.746,49.350,23.250,-40.350,30.8
19:25:34.165,537896,-8.950,1.547,-4.269,-0.221,-0.049,0.155,49.350,23.250,-40.350,31.3
19:25:34.225,537950,-9.261,0.273,-3.563,-0.003,-0.121,-0.057,49.500,26.550,-38.700,31.1
19:25:34.285,538004,-8.600,-0.919,-2.842,0.042,-0.213,-0.191,49.500,26.550,-38.700,31.1
19:25:34.285,538058,-8.001,-0.359,-2.911,0.496,-0.319,-0.298,49.500,26.550,-38.700,30.9
19:25:34.343,538112,-7.752,-0.967,-2.871,0.031,-0.347,-0.424,51.600,25.200,-36.600,31.0
19:25:34.404,538166,-8.533,-0.235,-3.474,0.242,-0.246,-0.407,51.600,25.200,-36.600,31.1
19:25:34.465,538220,-9.685,-0.941,-3.057,0.491,-0.442,-0.400,50.850,24.450,-34.800,31.1
19:25:34.523,538274,-8.179,-2.691,-3.536,-0.102,-0.899,-0.606,50.850,24.450,-34.800,30.9
19:25:34.584,538328,-7.724,-0.596,-3.225,0.126,-0.498,-0.603,50.850,24.450,-34.800,30.9
19:25:34.643,538382,-6.694,-1.238,-2.286,0.066,-0.418,-0.583,50.850,24.450,-34.800,31.1
19:25:34.705,538436,-7.618,-0.328,-2.653,0.107,-0.290,-0.472,54.150,17.100,-27.900,31.3
19:25:34.765,538490,-8.435,-1.741,-1.575,-0.029,-0.233,-0.478,54.150,17.100,-27.900,30.9
19:25:34.885,538544,-10.532,-1.856,-1.482,0.779,-0.428,-0.620,53.100,14.400,-24.600,30.9
19:25:34.886,538598,-8.897,-1.633,-3.354,-0.161,-0.582,-1.029,53.400,11.700,-22.800,31.1
19:25:34.886,538652,-8.171,-0.031,-1.623,0.241,-0.424,-0.873,53.400,11.700,-22.800,31.1
19:25:34.945,538706,-7.788,-2.634,0.158,0.742,-0.572,-0.903,53.700,4.800,-21.000,31.0
19:25:35.003,538760,-9.024,-0.050,-3.333,0.564,0.140,-0.009,53.700,4.800,-21.000,30.8
19:25:35.063,538814,-8.665,-4.791,0.917,-0.973,0.343,0.172,53.700,4.800,-21.000,30.7
19:25:35.124,538868,-9.452,-3.194,-1.844,0.200,0.093,-0.195,53.700,4.800,-21.000,31.1
19:25:35.185,538922,-9.495,-2.701,-1.008,-0.042,0.105,-0.159,53.100,3.150,-19.800,31.0
19:25:35.244,538976,-9.184,-2.780,-1.089,-0.306,0.093,0.075,53.100,3.150,-19.800,31.1
19:25:35.303,539030,-9.273,-4.094,-1.851,0.167,0.049,-0.021,54.000,2.250,-21.150,31.2
19:25:35.365,539084,-9.426,-3.639,-1.784,-0.003,0.076,-0.037,54.000,2.250,-21.150,30.9
19:25:35.366,539138,-9.060,-3.859,-1.135,-0.048,0.090,0.123,54.000,2.250,-21.150,31.3
19:25:35.423,539192,-9.076,-3.141,-1.353,-0.014,0.133,0.184,54.000,4.500,-21.900,31.0
19:25:35.485,539246,-9.175,-2.595,-2.251,-0.181,0.117,0.315,54.000,4.500,-21.900,30.7
19:25:35.544,539300,-9.323,-4.334,-2.071,-0.176,0.014,0.172,53.700,6.750,-22.800,31.1
19:25:35.605,539354,-9.359,-2.545,-1.417,-0.032,0.037,0.275,53.700,6.750,-22.800,31.1
19:25:35.665,539408,-9.273,-2.488,-1.784,0.035,0.051,0.271,53.250,7.650,-22.200,31.1
19:25:35.725,539462,-9.182,-2.107,-1.994,-0.207,0.013,0.032,53.250,7.650,-22.200,31.1
19:25:35.785,539516,-9.249,-3.081,-1.705,-0.436,-0.008,0.003,53.400,7.800,-23.550,31.1
19:25:35.845,539570,-9.378,-2.756,-1.451,-0.176,0.094,0.053,53.400,7.800,-23.550,31.1
19:25:35.905,539624,-9.218,-2.988,-1.832,-0.079,-0.010,0.043,53.400,7.800,-23.550,31.1
19:25:35.906,539678,-9.395,-1.623,-1.865,-0.169,0.043,0.052,53.400,7.800,-23.550,31.1
19:25:35.964,539732,-9.546,-2.602,-1.774,0.419,0.012,0.160,54.150,8.700,-24.300,30.9
19:25:36.024,539786,-9.091,-2.181,-2.638,-0.022,-0.013,0.028,53.100,10.200,-24.300,30.7
19:25:36.084,539840,-9.479,-2.105,-2.121,-0.054,-0.017,-0.035,53.100,10.200,-24.300,31.0
19:25:36.145,539894,-9.402,-1.650,-2.303,-0.003,-0.029,-0.067,53.100,10.200,-24.300,30.9
19:25:36.205,539948,-9.515,-2.351,-2.308,-0.072,0.027,-0.010,53.100,10.200,-24.300,31.1
19:25:36.263,540002,-9.203,-2.665,-2.006,0.047,-0.015,-0.035,53.550,9.600,-25.200,30.9
19:25:36.325,540056,-9.110,-2.219,-2.217,0.041,-0.018,-0.042,53.550,9.600,-25.200,31.1
19:25:36.385,540110,-9.110,-2.782,-2.143,0.153,0.035,0.089,53.700,9.750,-24.300,31.0
19:25:36.444,540164,-8.758,-2.349,-2.121,0.286,0.058,0.404,53.700,9.750,-24.300,31.1
19:25:36.445,540218,-7.910,-1.733,-1.123,0.521,0.174,0.994,53.250,11.100,-24.750,30.8
19:25:36.503,540272,-7.010,-2.083,-2.744,0.201,0.308,1.237,53.250,11.100,-24.750,31.1
19:25:36.563,540326,-9.337,-1.231,-1.104,-0.241,0.189,0.893,53.100,16.800,-24.900,31.1
19:25:36.624,540380,-9.048,-0.546,-2.749,0.282,0.243,0.687,53.100,16.800,-24.900,31.0
19:25:36.685,540434,-9.469,0.237,-2.770,-0.311,0.266,0.545,53.100,16.800,-24.900,31.1
19:25:36.745,540488,-8.260,0.019,-2.559,0.060,0.435,0.516,50.550,24.750,-31.050,31.2
19:25:36.805,540542,-9.155,-0.742,-2.358,-0.077,0.390,0.457,50.550,24.750,-31.050,31.1
19:25:36.865,540596,-8.904,0.493,-2.792,0.313,0.433,0.461,51.150,26.100,-33.000,31.1
19:25:36.924,540650,-8.746,-0.302,-3.249,0.142,0.360,0.420,51.150,26.100,-33.000,30.7
19:25:36.983,540704,-9.383,0.156,-2.928,0.381,0.188,0.368,51.150,26.100,-33.000,31.1
19:25:36.985,540758,-9.577,1.951,-3.553,0.338,0.237,0.419,51.150,26.100,-33.000,31.1
19:25:37.045,540812,-9.333,0.323,-3.373,0.374,0.018,0.290,47.700,31.200,-38.250,31.0
19:25:37.103,540866,-8.662,0.927,-4.113,0.241,0.126,0.329,47.700,31.200,-38.250,31.1
19:25:37.165,540920,-8.942,1.903,-4.029,0.139,0.300,0.250,49.500,32.400,-40.950,30.9
19:25:37.225,540974,-9.632,-0.079,-4.101,0.137,0.268,0.064,49.500,32.400,-40.950,31.1
19:25:37.283,541028,-9.524,1.353,-4.506,-0.013,0.226,0.025,46.950,31.950,-42.300,31.0
19:25:37.343,541082,-9.414,0.962,-4.125,-0.069,0.204,0.055,47.700,33.600,-43.800,31.2
19:25:37.405,541136,-8.648,1.820,-4.544,-0.102,0.153,-0.056,47.700,33.600,-43.800,30.9
19:25:37.464,541190,-8.832,0.637,-4.578,-0.360,0.136,-0.087,47.700,33.600,-43.800,30.8
19:25:37.585,541244,-8.665,1.599,-4.434,-0.411,-0.042,-0.108,47.700,33.600,-43.800,31.1
19:25:37.643,541298,-8.708,1.460,-4.441,-0.387,-0.207,-0.096,47.400,33.000,-42.900,31.1
19:25:37.645,541352,-9.019,1.513,-4.161,-0.387,-0.379,-0.090,47.400,33.000,-42.900,30.7
19:25:37.646,541406,-8.545,0.869,-4.063,-0.339,-0.343,-0.002,46.950,31.650,-40.950,30.9
19:25:37.705,541460,-9.084,2.167,-3.541,-0.030,-0.217,-0.062,46.950,31.650,-40.950,30.9
19:25:37.765,541514,-9.117,1.085,-4.085,-0.320,-0.047,-0.172,46.950,31.650,-40.950,31.1
19:25:37.825,541568,-9.629,1.238,-3.388,-0.420,0.069,-0.283,46.950,31.650,-40.950,31.2
19:25:37.884,541622,-9.143,1.539,-3.924,-0.416,0.148,-0.294,48.300,31.650,-37.200,30.9
19:25:37.945,541676,-9.345,1.233,-3.548,-0.260,0.059,-0.228,47.850,30.600,-37.350,31.0
19:25:38.005,541730,-9.222,1.417,-3.565,-0.224,0.049,-0.153,47.850,30.600,-37.350,31.2
19:25:38.063,541784,-9.170,1.520,-3.706,-0.255,0.066,-0.174,49.350,30.300,-38.100,30.9
19:25:38.065,541838,-9.335,1.365,-3.785,-0.304,0.111,-0.237,49.350,30.300,-38.100,30.9
19:25:38.125,541892,-9.184,1.480,-3.699,-0.276,0.091,-0.325,48.300,29.700,-37.950,30.9
19:25:38.185,541946,-9.270,1.173,-3.572,-0.325,0.094,-0.333,48.300,29.700,-37.950,31.3
19:25:38.245,542000,-9.141,0.965,-3.156,-0.204,0.058,-0.205,48.300,29.700,-37.950,31.0
19:25:38.305,542054,-9.419,0.625,-3.505,-0.234,0.020,-0.152,48.300,29.700,-37.950,31.1
19:25:38.364,542108,-9.426,0.948,-3.551,-0.309,0.098,-0.066,49.800,26.550,-37.200,30.7
19:25:38.424,542162,-9.304,0.833,-3.644,-0.124,0.157,-0.138,49.800,26.550,-37.200,31.0
19:25:38.545,542216,-9.139,1.286,-3.757,-0.131,0.226,-0.072,48.300,27.000,-36.900,31.1
19:25:38.545,542270,-9.096,1.183,-3.886,-0.061,0.249,-0.054,50.100,26.400,-38.100,31.0
19:25:38.547,542324,-9.199,1.334,-3.821,0.002,0.178,-0.051,50.100,26.400,-38.100,31.2
19:25:38.603,542378,-9.285,1.856,-3.950,0.000,-0.027,-0.167,49.350,25.200,-39.600,31.2
19:25:38.663,542432,-8.971,1.786,-3.996,0.007,-0.153,-0.261,49.350,25.200,-39.600,30.9
19:25:38.725,542486,-8.325,0.972,-3.531,0.130,-0.156,-0.228,49.350,25.200,-39.600,31.3
19:25:38.785,542540,-8.859,0.304,-3.608,0.187,0.095,0.048,49.350,25.200,-39.600,31.1
19:25:38.844,542594,-13.707,1.496,-5.485,-0.220,0.416,0.074,48.300,24.300,-39.000,30.7
19:25:38.905,542648,-14.846,1.446,-6.665,0.079,0.254,0.352,48.300,24.300,-39.000,31.1
19:25:38.965,542702,-12.639,1.958,-5.504,0.026,0.280,0.733,49.800,25.500,-41.250,31.2
19:25:39.025,542756,-10.147,1.535,-4.357,-0.016,0.104,0.831,49.800,25.500,-41.250,31.2
19:25:39.083,542810,-9.285,0.654,-4.183,0.158,0.028,0.709,46.500,29.700,-41.250,31.1
19:25:39.203,542864,-8.655,1.346,-3.977,0.272,-0.195,0.419,46.650,32.550,-41.100,30.9
19:25:39.205,542918,-8.009,2.301,-3.965,0.406,-0.201,0.052,46.650,32.550,-41.100,31.1
19:25:39.206,542972,-7.293,1.757,-4.092,0.123,-0.008,-0.305,46.650,32.550,-41.100,30.9
19:25:39.265,543026,-8.253,0.692,-3.352,0.197,0.095,-0.396,46.650,32.550,-41.100,31.1
19:25:39.323,543080,-8.341,0.488,-4.025,0.343,-0.323,-0.474,46.500,31.650,-39.450,30.9
19:25:39.385,543134,-8.023,0.515,-4.915,0.407,-0.543,-0.430,46.500,31.650,-39.450,31.1
19:25:39.445,543188,-6.268,0.469,-4.087,0.484,-0.659,-0.507,49.050,30.150,-37.650,30.9
19:25:39.505,543242,-8.327,0.060,-3.213,0.286,-0.364,-0.674,49.050,30.150,-37.650,31.2
19:25:39.563,543296,-9.043,-0.376,-3.014,0.444,-0.355,-0.912,50.550,25.800,-35.100,30.8
19:25:39.624,543350,-9.625,1.381,-2.938,0.684,-0.659,-1.133,50.550,25.800,-35.100,31.2
19:25:39.684,543404,-8.808,0.405,-2.157,0.584,-0.941,-1.189,51.300,22.350,-32.400,30.9
19:25:39.684,543458,-8.162,-2.840,-2.162,0.826,-1.035,-1.195,51.300,22.350,-32.400,31.1
19:25:39.745,543512,-6.304,-0.354,-2.516,0.862,-0.572,-0.885,51.300,22.350,-32.400,30.9
19:25:39.803,543566,-7.197,-1.192,-0.302,0.181,-0.058,-0.236,54.300,7.650,-23.700,31.0
19:25:39.865,543620,-8.401,-2.157,-1.372,-0.404,0.400,0.326,54.300,7.650,-23.700,31.1
19:25:39.923,543674,-9.883,-3.179,-2.442,-0.717,0.460,0.102,53.250,9.600,-25.950,31.1
19:25:39.983,543728,-10.372,-2.361,-1.384,0.207,0.358,0.112,53.250,9.600,-25.950,31.1
19:25:40.045,543782,-9.328,-4.159,-2.942,0.038,-0.010,-0.027,54.150,11.700,-26.850,31.0
19:25:40.103,543836,-9.737,-0.395,-3.587,0.300,0.062,-0.074,54.150,11.700,-26.850,31.3
19:25:40.165,543890,-8.923,-3.338,-2.442,0.119,-0.093,0.045,53.100,11.400,-26.850,31.1
19:25:40.225,543944,-8.988,-2.866,-2.555,-0.016,-0.130,0.032,53.100,11.400,-26.850,30.9
19:25:40.225,543998,-8.942,-2.605,-2.164,-0.107,-0.099,-0.063,53.100,11.400,-26.850,30.7
19:25:40.283,544052,-9.270,-2.270,-2.411,-0.176,-0.053,0.044,53.100,11.400,-26.850,30.9
19:25:40.345,544106,-9.199,-2.677,-2.016,0.044,-0.018,0.131,54.450,10.200,-27.600,30.9
19:25:40.403,544160,-9.955,-3.378,-1.865,-0.081,-0.024,0.121,54.300,10.800,-25.500,31.1
19:25:40.465,544214,-9.165,-2.322,-2.365,-0.186,0.097,0.034,54.300,10.800,-25.500,31.2
19:25:40.525,544268,-9.017,-2.629,-1.604,-0.244,0.025,-0.069,54.300,10.800,-25.500,31.2
19:25:40.583,544322,-8.890,-1.817,-2.643,-0.143,0.012,-0.081,54.300,10.800,-25.500,31.2
19:25:40.645,544376,-9.483,-2.478,-2.550,-0.092,-0.016,-0.103,52.800,11.100,-24.750,31.1
19:25:40.705,544430,-9.459,-2.737,-2.569,-0.192,0.018,-0.061,52.800,11.100,-24.750,31.1
19:25:40.765,544484,-9.436,-2.344,-1.982,-0.056,-0.049,-0.182,53.250,9.600,-26.550,30.7
19:25:40.765,544538,-8.827,-2.528,-2.291,-0.070,-0.067,-0.132,53.250,9.600,-26.550,30.8
19:25:40.825,544592,-9.002,-2.425,-2.071,0.031,-0.001,0.018,54.000,9.600,-27.300,31.1
19:25:40.885,544646,-9.380,-2.981,-2.236,-0.147,-0.036,-0.111,54.000,9.600,-27.300,31.0
19:25:40.943,544700,-9.376,-2.401,-2.200,-0.064,-0.017,-0.116,53.250,8.850,-27.300,31.0
19:25:41.005,544754,-9.543,-3.074,-1.954,0.050,-0.035,-0.128,53.250,8.850,-27.300,30.9
19:25:41.063,544808,-9.414,-2.533,-2.207,-0.136,-0.017,-0.081,53.250,8.850,-27.300,31.0
19:25:41.183,544862,-9.251,-2.339,-2.286,0.075,0.037,-0.040,53.550,8.850,-27.000,31.2
19:25:41.184,544916,-9.440,-3.218,-2.193,0.041,0.025,-0.018,53.550,8.850,-27.000,31.2
19:25:41.243,544970,-9.045,-2.758,-2.105,0.155,0.074,0.097,53.250,6.900,-25.950,31.0
19:25:41.304,545024,-7.034,-2.006,-2.612,0.505,0.249,0.753,53.250,6.900,-25.950,30.7
19:25:41.305,545078,-7.185,-1.240,-2.758,0.051,0.421,1.212,53.250,6.900,-25.950,30.9
19:25:41.365,545132,-8.296,1.211,-2.236,-0.049,0.570,1.148,53.250,6.900,-25.950,31.1
19:25:41.425,545186,-8.624,-0.321,-3.249,0.179,0.450,0.871,52.800,16.950,-31.800,31.2
19:25:41.485,545240,-8.868,-0.158,-2.940,-0.310,0.550,0.732,52.800,16.950,-31.800,31.1
19:25:41.543,545294,-8.914,1.125,-3.730,0.216,0.539,0.456,51.000,22.350,-33.600,31.1
19:25:41.603,545348,-9.491,-0.175,-3.790,0.085,0.295,0.267,51.150,27.600,-37.350,31.1
19:25:41.664,545402,-8.478,-0.278,-3.455,0.594,0.085,0.233,51.150,27.600,-37.350,31.0
19:25:41.725,545456,-8.215,-0.060,-4.190,0.240,0.350,0.291,50.250,27.000,-39.000,30.7
19:25:41.785,545510,-9.723,-0.512,-4.307,0.560,0.251,0.001,50.250,27.000,-39.000,31.3
19:25:41.845,545564,-10.587,-0.939,-3.438,0.155,0.117,-0.051,50.250,27.000,-39.000,30.9
19:25:41.845,545618,-9.112,-0.213,-4.705,0.152,0.183,-0.175,50.250,27.000,-39.000,31.1
19:25:41.905,545672,-9.222,-1.118,-3.965,0.329,0.270,-0.052,51.000,25.050,-41.550,30.9
19:25:41.965,545726,-9.728,-1.504,-4.226,0.107,0.223,0.157,51.000,25.050,-41.550,31.0
19:25:42.025,545780,-9.838,-1.037,-3.979,-0.118,-0.229,0.150,49.500,24.300,-44.550,30.9
19:25:42.085,545834,-9.340,0.165,-4.585,0.031,-0.099,0.244,49.500,24.300,-44.550,31.2
19:25:42.145,545888,-8.868,-0.206,-4.408,-0.004,-0.018,0.136,49.500,24.300,-44.550,31.3
19:25:42.205,545942,-9.076,0.589,-4.343,-0.091,0.153,0.040,48.300,27.750,-42.750,30.9
19:25:42.265,545996,-9.187,-0.139,-4.451,-0.397,-0.039,0.010,48.300,27.750,-42.750,31.1
19:25:42.323,546050,-9.345,0.467,-4.168,-0.128,-0.175,0.064,49.500,27.000,-43.050,31.0
19:25:42.383,546104,-8.677,0.570,-4.233,-0.180,-0.177,0.140,49.500,27.000,-43.050,31.2
19:25:42.384,546158,-8.832,0.263,-4.214,-0.133,-0.181,0.031,49.350,27.900,-42.150,30.9
19:25:42.445,546212,-9.017,0.251,-3.926,-0.130,-0.231,0.051,49.350,27.900,-42.150,31.2
19:25:42.503,546266,-8.981,0.797,-4.058,-0.115,-0.221,0.019,51.300,28.200,-41.250,31.2
19:25:42.565,546320,-8.921,0.385,-4.192,-0.148,-0.138,-0.059,51.300,28.200,-41.250,31.1
19:25:42.623,546374,-9.311,0.855,-3.757,-0.283,-0.021,-0.153,51.300,28.200,-41.250,30.7
19:25:42.684,546428,-9.258,0.268,-3.934,-0.246,-0.003,-0.187,51.300,28.200,-41.250,31.0
19:25:42.745,546482,-9.342,0.596,-3.515,-0.222,-0.017,-0.213,50.550,26.550,-39.750,30.9
19:25:42.804,546536,-9.301,0.038,-3.493,-0.187,0.038,-0.191,50.550,26.550,-39.750,31.0
19:25:42.863,546590,-9.304,0.814,-4.041,-0.143,0.040,-0.188,50.250,25.800,-39.750,31.0
19:25:42.925,546644,-9.615,0.144,-3.859,-0.333,-0.140,-0.169,50.250,25.800,-39.750,31.2
19:25:42.925,546698,-9.402,0.900,-4.142,-0.235,-0.131,-0.170,50.250,25.800,-39.750,30.9
19:25:42.985,546752,-9.426,0.579,-4.073,-0.293,-0.139,-0.267,50.850,24.150,-38.850,30.9
19:25:43.045,546806,-9.187,0.170,-3.651,-0.222,-0.103,-0.221,50.850,24.150,-38.850,31.2
19:25:43.105,546860,-8.985,-0.172,-3.328,-0.170,-0.144,-0.302,50.850,22.500,-37.350,30.9
19:25:43.164,546914,-8.985,-0.280,-3.108,-0.218,-0.076,-0.222,50.850,22.500,-37.350,31.0
19:25:43.225,546968,-9.230,-0.383,-3.132,-0.083,-0.028,-0.244,52.350,21.750,-37.050,31.0
19:25:43.285,547022,-9.201,-0.855,-3.239,-0.102,0.103,-0.196,52.350,21.750,-37.050,31.1
19:25:43.345,547076,-9.325,-0.512,-3.666,-0.052,0.105,-0.229,50.550,21.150,-36.900,31.1
19:25:43.404,547130,-9.536,0.390,-3.764,0.012,0.071,-0.134,50.550,21.150,-36.900,31.0
19:25:43.465,547184,-9.457,-0.153,-3.680,0.044,-0.004,-0.040,50.550,21.150,-36.900,31.2
19:25:43.525,547238,-9.287,-0.354,-3.400,-0.031,-0.050,0.002,51.150,18.750,-38.100,31.1
19:25:43.526,547292,-9.064,-0.338,-3.227,-0.015,-0.056,-0.012,51.150,18.750,-38.100,31.1
19:25:43.645,547346,-8.325,-0.654,-2.981,0.100,0.026,-0.028,52.500,18.900,-37.950,30.9
19:25:43.646,547400,-8.997,-1.903,-4.441,0.656,0.584,-0.487,52.500,18.900,-37.950,30.9
19:25:43.703,547454,-14.770,-0.821,-5.713,-0.506,0.381,-0.149,52.500,18.900,-37.950,31.0
19:25:43.763,547508,-14.643,-0.069,-6.424,0.088,0.111,0.588,52.500,18.900,-37.950,31.1
19:25:43.885,547562,-11.408,-0.436,-4.520,0.287,0.132,0.854,52.350,19.500,-38.850,31.3
19:25:43.885,547616,-9.948,0.927,-4.290,-0.212,0.412,0.682,52.350,19.500,-38.850,31.1
19:25:43.945,547670,-10.183,0.668,-4.456,0.117,0.309,0.308,49.650,23.250,-40.650,31.0
19:25:44.003,547724,-10.937,0.213,-4.283,-0.237,0.084,0.237,49.650,23.250,-40.650,31.0
19:25:44.005,547778,-9.093,-0.469,-4.338,0.159,-0.142,-0.027,49.650,29.100,-40.350,31.4
19:25:44.063,547832,-7.274,-0.237,-3.311,0.190,-0.353,-0.216,49.500,27.450,-39.450,30.7
19:25:44.123,547886,-7.113,-0.218,-2.765,0.548,-0.398,-0.333,49.500,27.450,-39.450,30.7
19:25:44.185,547940,-6.910,2.188,-3.160,-0.208,-0.343,-0.577,49.500,27.450,-39.450,31.0
19:25:44.243,547994,-6.697,-1.429,-3.304,0.003,-0.363,-0.789,49.500,27.450,-39.450,31.2
19:25:44.304,548048,-6.649,-0.347,-2.954,0.527,-0.301,-0.598,52.800,21.900,-35.400,31.0
19:25:44.365,548102,-8.210,-0.438,-2.600,0.210,-0.559,-0.485,52.800,21.900,-35.400,30.9
19:25:44.423,548156,-9.105,0.350,-4.123,0.588,-0.418,-0.841,54.000,20.400,-32.850,31.1
19:25:44.483,548210,-11.021,-2.260,-1.279,-0.128,-0.725,-1.392,54.000,20.400,-32.850,31.2
19:25:44.544,548264,-6.857,-3.187,-3.912,0.823,-1.333,-1.778,54.000,20.400,-32.850,30.9
19:25:44.544,548318,-6.752,-1.683,-1.662,1.855,-0.463,-0.540,54.000,20.400,-32.850,30.7
19:25:44.605,548372,-6.369,-0.472,-3.187,-0.276,-0.038,0.152,54.450,2.100,-21.000,30.7
19:25:44.663,548426,-9.203,-5.988,-2.057,-0.095,0.581,0.390,54.150,2.850,-23.850,31.1
19:25:44.723,548480,-9.199,-4.082,-1.592,-0.412,0.299,0.064,54.150,2.850,-23.850,31.0
19:25:44.784,548534,-9.448,-3.603,-2.128,0.160,0.039,-0.035,53.700,5.550,-25.350,31.2
19:25:44.845,548588,-9.239,-3.163,-3.306,0.186,0.049,-0.073,53.700,5.550,-25.350,31.1
19:25:44.905,548642,-8.631,-2.950,-1.879,-0.492,0.185,-0.054,54.300,4.950,-26.550,31.3
19:25:44.964,548696,-8.497,-4.128,-2.023,-0.094,0.062,0.116,54.300,4.950,-26.550,31.1
19:25:45.023,548750,-8.947,-3.045,-2.301,-0.258,0.003,0.068,54.300,4.950,-26.550,31.0
19:25:45.085,548804,-8.918,-3.910,-2.535,-0.164,0.005,0.284,54.300,4.950,-26.550,30.9
19:25:45.143,548858,-9.651,-3.630,-2.217,0.173,-0.140,0.256,54.450,6.750,-24.900,31.0
19:25:45.144,548912,-9.713,-4.010,-2.418,-0.261,-0.304,0.043,54.450,6.750,-24.900,31.2
19:25:45.205,548966,-9.285,-2.842,-2.583,-0.027,-0.103,0.189,54.750,7.650,-25.500,31.1
19:25:45.265,549020,-9.158,-3.239,-2.033,-0.160,-0.047,0.270,54.750,7.650,-25.500,31.3
19:25:45.325,549074,-8.657,-2.545,-1.930,0.022,0.127,0.389,54.750,7.650,-25.500,31.2
19:25:45.384,549128,-8.849,-2.133,-1.444,0.099,0.102,0.447,53.700,11.700,-27.600,30.9
19:25:45.445,549182,-9.184,-2.638,-2.162,0.069,-0.078,0.130,53.700,11.700,-27.600,31.1
19:25:45.505,549236,-9.778,-1.674,-2.512,-0.173,0.003,0.028,54.300,13.050,-26.550,30.9
19:25:45.564,549290,-9.615,-1.937,-2.449,0.118,-0.001,0.086,54.300,13.050,-26.550,30.9
19:25:45.625,549344,-9.498,-1.724,-2.545,0.013,-0.017,-0.033,54.150,12.450,-25.650,31.3
19:25:45.626,549398,-9.141,-2.478,-1.784,0.142,-0.064,-0.074,54.150,12.450,-25.650,31.2
19:25:45.684,549452,-8.538,-2.528,-2.306,0.175,-0.037,-0.063,54.450,12.450,-26.400,30.9
19:25:45.865,549506,-8.452,-2.397,-2.052,0.029,0.143,0.100,54.450,12.450,-26.400,30.9
19:25:45.865,549560,-8.748,-1.542,-2.133,0.050,0.267,0.333,54.450,12.450,-26.400,30.9
19:25:45.866,549614,-8.756,-2.054,-2.703,-0.247,0.102,0.438,54.450,12.450,-26.400,30.9
19:25:45.925,549668,-9.141,-0.077,-3.479,-0.260,0.199,0.657,54.150,12.450,-26.850,31.0
19:25:45.983,549722,-8.305,-1.240,-2.514,-0.090,0.227,0.800,53.250,17.700,-29.850,30.8
19:25:46.044,549776,-8.966,0.797,-2.416,-0.184,0.326,0.793,53.250,17.700,-29.850,31.0
19:25:46.105,549830,-7.772,-1.535,-3.184,-0.252,0.196,0.858,53.250,17.700,-29.850,31.1
19:25:46.165,549884,-9.373,0.862,-1.822,-0.124,0.381,0.715,53.250,17.700,-29.850,31.2
19:25:46.165,549938,-8.138,-0.453,-3.452,0.067,0.426,0.833,51.150,27.600,-32.700,31.1
19:25:46.223,549992,-9.756,1.013,-3.112,-0.787,0.355,0.519,51.150,27.600,-32.700,30.9
19:25:46.283,550046,-8.454,0.227,-3.388,0.187,0.366,0.523,50.400,29.850,-33.450,31.1
19:25:46.343,550100,-9.282,4.058,-3.812,-0.312,0.495,0.469,50.400,29.850,-33.450,31.1
19:25:46.405,550154,-8.842,1.283,-3.694,0.100,0.416,0.246,47.850,31.500,-37.350,31.1
19:25:46.465,550208,-9.517,1.341,-4.187,-0.154,0.400,0.289,47.850,31.500,-37.350,31.1
19:25:46.523,550262,-8.815,1.829,-4.573,0.107,0.276,0.190,47.250,34.800,-39.000,30.9
19:25:46.583,550316,-9.167,2.868,-4.233,-0.179,0.191,0.157,47.400,36.900,-41.850,30.9
19:25:46.644,550370,-8.839,2.140,-4.745,-0.178,0.132,0.116,47.400,36.900,-41.850,31.2
19:25:46.704,550424,-8.497,2.504,-4.638,-0.123,0.038,0.083,47.100,37.950,-41.100,30.8
19:25:46.705,550478,-9.285,3.132,-4.178,-0.079,-0.054,0.034,47.100,37.950,-41.100,31.3
19:25:46.764,550532,-8.373,1.889,-4.475,-0.144,-0.146,-0.007,44.250,37.500,-40.950,31.2
19:25:46.823,550586,-8.464,2.274,-4.336,-0.217,0.038,-0.095,44.250,37.500,-40.950,31.1
19:25:46.885,550640,-8.770,1.654,-4.396,-0.325,0.026,-0.151,44.250,37.500,-40.950,31.1
19:25:46.945,550694,-8.770,2.497,-3.986,-0.259,0.079,-0.254,44.250,37.500,-40.950,30.7
19:25:47.003,550748,-8.751,1.635,-4.080,-0.166,-0.039,-0.278,45.450,37.800,-39.750,30.9
19:25:47.063,550802,-8.705,2.167,-4.187,-0.137,-0.044,-0.256,45.450,37.800,-39.750,31.1
19:25:47.125,550856,-8.825,1.267,-4.116,-0.084,-0.035,-0.269,46.200,33.600,-38.250,30.9
19:25:47.183,550910,-8.997,1.853,-4.257,-0.124,-0.067,-0.225,45.600,33.450,-39.900,31.1
19:25:47.243,550964,-8.612,1.247,-4.135,-0.015,-0.173,-0.205,45.600,33.450,-39.900,31.1
19:25:47.245,551018,-8.574,1.654,-3.881,-0.043,-0.213,-0.190,48.000,32.400,-37.950,31.1
19:25:47.305,551072,-8.954,1.810,-3.776,-0.116,-0.301,-0.222,48.000,32.400,-37.950,31.2
19:25:47.363,551126,-9.012,1.492,-4.013,-0.083,-0.228,-0.216,48.000,32.850,-37.650,31.1
19:25:47.423,551180,-9.093,1.305,-3.723,-0.038,-0.142,-0.228,48.000,32.850,-37.650,31.1
19:25:47.485,551234,-9.316,1.516,-3.383,-0.137,-0.055,-0.290,49.350,31.050,-36.000,30.9
19:25:47.543,551288,-9.261,1.087,-3.639,0.002,-0.061,-0.366,49.350,31.050,-36.000,31.1
19:25:47.605,551342,-9.064,0.905,-3.302,-0.097,-0.039,-0.266,49.800,28.200,-36.450,30.9
19:25:47.665,551396,-9.318,0.821,-3.330,-0.061,-0.033,-0.167,49.800,28.200,-36.450,31.1
19:25:47.725,551450,-9.227,0.524,-3.227,0.045,-0.088,-0.140,49.800,28.200,-36.450,31.1
19:25:47.783,551504,-9.244,1.245,-3.510,0.043,-0.166,-0.178,49.800,28.200,-36.450,31.1
19:25:47.785,551558,-9.177,0.785,-3.060,0.094,-0.191,-0.065,51.000,26.550,-35.100,31.2
19:25:47.845,551612,-9.182,0.618,-2.832,0.056,-0.180,-0.028,51.150,26.400,-35.250,31.3
19:25:47.905,551666,-9.175,0.840,-3.139,0.123,-0.148,0.047,51.150,26.400,-35.250,30.7
19:25:47.964,551720,-9.912,0.953,-3.115,0.183,-0.179,0.029,51.150,26.400,-35.250,31.2
19:25:48.023,551774,-11.092,0.280,-3.450,0.177,-0.170,-0.103,51.150,26.400,-35.250,31.2
19:25:48.085,551828,-15.716,2.684,-4.887,-0.088,-0.276,-0.066,51.300,25.500,-33.150,31.2
19:25:48.145,551882,-16.384,2.562,-4.745,0.032,0.078,0.395,51.300,25.500,-33.150,31.1
19:25:48.205,551936,-12.632,2.780,-3.390,-0.017,0.414,0.879,51.150,26.850,-34.800,31.1
19:25:48.263,551990,-10.630,2.025,-2.792,0.021,0.337,0.524,51.150,26.850,-34.800,31.1
19:25:48.325,552044,-9.117,0.153,-2.368,0.019,0.060,0.073,48.600,30.600,-36.600,31.3
19:25:48.325,552098,-9.026,0.994,-2.107,0.268,-0.042,-0.107,48.600,30.600,-36.600,30.9
19:25:48.385,552152,-8.135,0.709,-2.564,0.298,-0.136,-0.102,48.750,31.650,-33.900,31.0
19:25:48.445,552206,-8.262,2.193,-2.710,0.566,-0.202,-0.285,48.750,31.650,-33.900,31.1
19:25:48.505,552260,-7.592,0.656,-2.373,0.226,-0.135,-0.098,48.750,31.650,-33.900,31.3
19:25:48.563,552314,-8.715,0.905,-2.255,-0.009,0.080,-0.138,50.250,30.900,-31.350,31.0
19:25:48.624,552368,-9.330,1.025,-3.244,0.199,-0.098,-0.373,50.250,30.900,-31.350,31.2
19:25:48.683,552422,-8.377,0.201,-3.256,0.011,-0.352,-0.561,49.800,29.700,-31.350,31.2
19:25:48.745,552476,-7.726,0.584,-2.239,0.308,-0.354,-0.561,49.800,29.700,-31.350,31.1
19:25:48.803,552530,-7.774,0.407,-2.265,0.222,-0.367,-0.566,49.800,29.700,-31.350,31.0
19:25:48.924,552584,-8.696,1.427,-2.088,-0.193,-0.469,-0.641,49.800,29.700,-31.350,30.9
19:25:48.925,552638,-8.854,0.565,-2.160,0.250,-0.462,-0.715,53.250,22.800,-27.300,31.0
19:25:48.927,552692,-8.088,-2.978,-1.602,-0.145,-0.499,-1.027,53.250,22.800,-27.300,30.9
19:25:48.985,552746,-7.999,-2.126,-1.405,0.404,-0.527,-1.120,52.350,17.550,-25.350,31.1
19:25:49.045,552800,-9.577,0.733,-1.446,1.183,-0.152,-0.685,53.250,11.550,-21.450,31.2
19:25:49.105,552854,-8.662,-4.336,-1.245,-0.318,0.066,-0.293,53.250,11.550,-21.450,31.1
19:25:49.165,552908,-9.993,-1.006,-2.780,-0.350,0.320,-0.139,52.650,9.000,-22.050,31.1
19:25:49.225,552962,-9.136,-2.761,-1.607,-0.066,0.339,0.358,52.650,9.000,-22.050,31.1
19:25:49.283,553016,-9.268,-2.478,-2.406,0.191,0.218,0.137,52.650,9.000,-22.050,31.1
19:25:49.345,553070,-10.008,-2.863,-2.416,-0.101,0.055,-0.041,52.650,9.000,-22.050,30.9
19:25:49.405,553124,-9.416,-3.112,-1.578,0.377,-0.051,0.095,54.300,10.800,-24.000,30.9
19:25:49.405,553178,-9.246,-1.293,-2.033,0.149,0.061,0.018,54.300,10.800,-24.000,31.3
19:25:49.464,553232,-9.562,-2.713,-1.736,-0.133,-0.035,0.013,55.200,10.500,-25.350,31.1
19:25:49.525,553286,-9.867,-1.889,-2.277,-0.018,0.056,-0.029,55.200,10.500,-25.350,31.1
19:25:49.584,553340,-9.668,-1.990,-2.322,-0.179,-0.014,0.032,55.200,10.500,-25.350,31.1
19:25:49.645,553394,-9.776,-2.468,-1.611,0.268,-0.067,-0.024,54.300,12.750,-24.750,30.9
19:25:49.703,553448,-9.524,-2.650,-1.846,0.128,-0.120,-0.064,54.300,12.750,-24.750,31.2
19:25:49.765,553502,-9.002,-2.966,-1.863,0.327,-0.141,-0.145,54.750,11.100,-24.000,31.2
19:25:49.823,553556,-9.301,-1.427,-2.014,0.322,-0.007,-0.074,54.750,11.100,-24.000,30.7
19:25:49.884,553610,-9.536,-3.309,-1.030,-0.217,0.044,0.052,53.100,9.000,-22.800,31.1
19:25:49.943,553664,-9.297,-2.835,-1.561,0.079,-0.008,-0.070,53.100,9.000,-22.800,31.2
19:25:49.945,553718,-9.498,-3.012,-1.425,-0.038,-0.027,-0.036,53.700,9.450,-23.100,30.9
19:25:50.063,553772,-9.084,-2.945,-1.769,-0.083,0.040,-0.042,53.700,9.450,-23.100,31.0
19:25:50.064,553826,-9.225,-2.806,-1.820,0.112,0.000,-0.049,52.050,9.150,-22.200,31.2
19:25:50.125,553880,-9.239,-2.756,-1.420,0.018,-0.019,-0.067,52.050,9.150,-22.200,31.2
19:25:50.185,553934,-9.412,-2.306,-1.918,-0.049,-0.017,-0.040,52.650,8.700,-23.100,31.3
19:25:50.244,553988,-9.486,-2.294,-1.757,-0.019,-0.030,-0.107,52.650,8.700,-23.100,31.1
19:25:50.303,554042,-9.510,-2.801,-1.460,0.029,-0.059,-0.074,52.500,10.350,-22.650,30.9
19:25:50.363,554096,-9.191,-2.761,-1.726,-0.031,-0.014,-0.073,52.500,10.350,-22.650,30.9
19:25:50.423,554150,-8.880,-2.198,-1.549,-0.017,0.036,0.035,52.500,10.350,-22.650,31.2
19:25:50.483,554204,-8.942,-2.492,-1.614,0.041,0.141,0.286,53.100,7.800,-23.100,31.2
19:25:50.484,554258,-8.124,-2.423,-1.949,-0.244,0.332,0.602,53.100,7.800,-23.100,30.9
19:25:50.545,554312,-8.078,-0.254,-1.714,-0.080,0.373,1.057,53.100,12.450,-26.100,31.1
19:25:50.605,554366,-8.018,-1.580,-2.368,-0.062,0.353,1.134,53.100,12.450,-26.100,30.9
19:25:50.665,554420,-9.301,0.029,-2.033,-0.214,0.495,0.863,52.800,18.150,-27.300,30.9
19:25:50.725,554474,-9.017,-3.646,-2.662,0.015,0.080,0.406,52.800,18.150,-27.300,31.1
19:25:50.785,554528,-8.679,1.437,-2.308,-0.041,0.394,0.483,52.800,21.600,-28.800,31.1
19:25:50.843,554582,-7.683,-3.864,-2.174,0.198,0.314,0.552,52.800,21.600,-28.800,31.1
19:25:50.903,554636,-9.371,1.944,-3.510,0.160,0.234,0.506,52.800,21.600,-28.800,31.1
19:25:50.963,554690,-8.528,-0.869,-2.782,0.186,0.390,0.501,50.550,25.800,-34.350,30.9
19:25:51.025,554744,-9.656,0.232,-3.531,0.024,0.547,0.295,50.550,25.800,-34.350,31.1
19:25:51.026,554798,-10.388,-0.134,-2.693,0.339,0.427,0.113,50.100,29.550,-38.550,31.3
19:25:51.084,554852,-9.574,0.608,-4.468,0.319,0.015,-0.038,50.100,29.550,-38.550,31.1
19:25:51.144,554906,-9.833,-0.232,-2.971,0.456,-0.092,0.082,50.100,29.550,-38.550,31.2
19:25:51.203,554960,-8.768,-0.014,-5.102,0.313,-0.168,0.221,50.100,29.550,-38.550,30.9
19:25:51.265,555014,-9.780,-0.706,-2.102,0.049,-0.129,0.258,49.050,29.250,-39.750,31.0
19:25:51.323,555068,-9.404,-0.764,-4.187,0.094,-0.089,0.258,49.050,29.250,-39.750,31.2
19:25:51.385,555122,-10.116,1.460,-3.661,0.434,-0.093,0.086,50.100,29.850,-40.350,31.2
19:25:51.444,555176,-9.258,0.239,-3.843,0.165,0.102,-0.049,50.100,29.850,-40.350,31.2
19:25:51.505,555230,-8.734,0.462,-2.789,0.263,0.207,-0.051,50.100,28.350,-39.300,31.2
19:25:51.565,555284,-8.686,-0.333,-3.168,0.240,-0.051,0.005,48.750,27.000,-41.250,31.2
19:25:51.565,555338,-9.091,0.512,-3.563,-0.093,-0.114,0.016,48.750,27.000,-41.250,31.2
19:25:51.625,555392,-9.366,0.443,-3.220,-0.052,-0.078,-0.068,50.400,27.150,-40.650,31.3
19:25:51.685,555446,-9.754,0.589,-3.543,-0.185,-0.029,-0.270,50.400,27.150,-40.650,30.9
19:25:51.803,555500,-10.077,0.184,-3.294,-0.090,-0.045,-0.318,49.800,26.550,-40.950,30.7
19:25:51.804,555554,-9.917,0.287,-3.761,-0.028,-0.048,-0.285,49.800,26.550,-40.950,31.1
19:25:51.864,555608,-9.838,-0.189,-3.007,0.022,0.024,-0.033,50.550,24.750,-40.200,31.1
19:25:51.924,555662,-9.768,0.517,-3.577,-0.200,0.056,0.097,50.550,24.750,-40.200,31.2
19:25:51.985,555716,-9.531,-0.132,-3.649,-0.300,0.052,0.135,50.550,24.750,-40.200,31.1
19:25:52.045,555770,-9.043,0.656,-3.500,-0.165,0.102,0.069,50.550,24.750,-40.200,31.2
19:25:52.104,555824,-9.050,0.290,-3.677,-0.404,0.157,-0.132,51.300,24.300,-39.450,31.1
19:25:52.105,555878,-9.043,0.658,-3.862,-0.272,0.068,-0.289,50.100,26.100,-38.850,31.1
19:25:52.164,555932,-9.086,0.022,-3.484,-0.087,-0.009,-0.291,50.100,26.100,-38.850,31.0
19:25:52.223,555986,-9.304,0.153,-4.001,-0.289,-0.151,-0.325,50.100,26.100,-38.850,31.1
19:25:52.285,556040,-9.424,0.117,-3.630,-0.327,-0.047,-0.159,50.100,26.100,-38.850,31.2
19:25:52.345,556094,-9.457,-0.757,-3.519,-0.478,-0.152,-0.108,51.900,23.250,-37.800,31.2
19:25:52.405,556148,-9.290,-0.426,-3.510,-0.365,-0.058,0.053,51.900,23.250,-37.800,31.2
19:25:52.465,556202,-9.009,0.335,-3.728,-0.302,0.025,0.081,52.050,22.800,-35.700,31.1
19:25:52.525,556256,-9.208,0.524,-3.230,-0.322,-0.004,0.039,52.050,22.800,-35.700,31.1
19:25:52.585,556310,-9.445,0.733,-3.654,-0.278,-0.029,-0.066,51.600,24.150,-38.550,31.1
19:25:52.643,556364,-9.251,0.376,-3.407,-0.379,0.004,-0.102,51.600,24.150,-38.550,31.2
19:25:52.644,556418,-9.242,0.113,-3.378,-0.179,-0.088,-0.035,51.900,23.700,-37.350,31.0
19:25:52.705,556472,-9.301,0.426,-3.203,-0.106,-0.176,0.074,51.900,23.700,-37.350,30.8
19:25:52.765,556526,-9.213,0.323,-3.445,-0.238,-0.042,0.033,51.900,23.700,-37.350,30.9
19:25:52.825,556580,-9.929,0.826,-3.393,-0.193,-0.023,-0.131,49.800,23.850,-36.150,31.1
19:25:52.883,556634,-9.598,0.620,-3.187,-0.110,-0.058,-0.152,49.800,23.850,-36.150,31.1
19:25:52.945,556688,-8.942,0.630,-2.899,0.018,-0.042,-0.095,51.750,23.850,-35.100,31.3
19:25:53.005,556742,-9.479,0.711,-2.933,0.136,0.009,-0.210,51.750,23.850,-35.100,30.9
19:25:53.063,556796,-14.090,-0.555,-2.780,0.183,-0.082,0.071,51.750,23.850,-35.100,30.9
19:25:53.124,556850,-14.885,2.107,-4.254,-0.044,-0.062,0.533,51.750,23.850,-35.100,31.1
19:25:53.185,556904,-12.591,1.240,-4.681,0.037,0.519,0.578,51.000,25.500,-34.350,31.1
19:25:53.185,556958,-11.085,1.180,-3.838,0.062,0.448,0.627,51.000,25.500,-34.350,31.2
19:25:53.245,557012,-10.314,1.484,-3.333,0.027,0.212,0.400,50.550,27.750,-36.150,30.8
19:25:53.304,557066,-9.459,1.171,-2.962,0.137,-0.114,0.136,50.550,27.750,-36.150,31.3
19:25:53.365,557120,-8.909,0.290,-3.515,0.093,-0.162,0.103,48.150,30.300,-36.600,31.1
19:25:53.424,557174,-8.868,0.941,-4.099,0.107,-0.127,-0.060,49.500,30.150,-36.450,31.0
19:25:53.485,557228,-9.064,0.678,-3.352,0.271,-0.252,-0.270,49.500,30.150,-36.450,31.1
19:25:53.545,557282,-8.095,-0.053,-2.938,0.036,-0.426,-0.273,51.150,31.800,-37.050,31.4
19:25:53.605,557336,-8.526,1.125,-2.866,0.212,-0.382,-0.463,51.150,31.800,-37.050,31.1
19:25:53.664,557390,-7.645,0.151,-2.583,0.035,-0.247,-0.482,48.750,29.700,-33.600,31.0
19:25:53.723,557444,-7.092,-0.637,-2.375,0.070,-0.092,-0.358,48.750,29.700,-33.600,30.9
19:25:53.724,557498,-7.702,0.280,-2.691,0.111,0.148,-0.570,50.550,26.550,-32.400,30.9
19:25:53.784,557552,-7.903,-0.029,-2.186,-0.041,0.072,-0.391,50.550,26.550,-32.400,30.9
19:25:53.843,557606,-9.143,0.838,-1.626,-0.529,-0.009,-0.234,50.550,26.550,-32.400,31.1
19:25:53.905,557660,-9.165,1.355,-2.413,0.011,-0.212,-0.208,50.550,26.550,-32.400,31.2
19:25:53.965,557714,-9.206,0.804,-3.091,-0.039,-0.246,-0.219,51.900,24.900,-31.500,31.0
19:25:54.025,557768,-8.803,-1.602,-3.591,-0.289,-0.432,-0.539,52.650,21.750,-28.650,31.2
19:25:54.085,557822,-8.080,0.180,-3.261,-0.123,-0.353,-0.459,52.650,21.750,-28.650,30.9
19:25:54.143,557876,-8.715,-0.505,-3.072,0.024,-0.248,-0.360,52.650,21.750,-28.650,30.9
19:25:54.205,557930,-9.392,-1.595,-2.576,-0.007,-0.344,-0.590,52.650,21.750,-28.650,31.1
19:25:54.265,557984,-9.175,-2.801,-1.437,0.382,-0.464,-0.829,53.250,15.750,-25.500,31.2
19:25:54.265,558038,-7.882,-2.607,-1.592,0.321,-0.487,-0.960,53.250,15.750,-25.500,31.0
19:25:54.325,558092,-8.691,0.057,-2.033,0.832,-0.140,-0.437,53.550,10.800,-21.900,31.0
19:25:54.385,558146,-8.698,-2.686,-3.122,-0.875,0.125,0.247,53.550,10.800,-21.900,31.1
19:25:54.443,558200,-9.965,-2.952,-1.731,-0.405,0.044,0.014,53.550,9.150,-21.150,31.1
19:25:54.505,558254,-10.197,-2.732,-1.413,0.079,-0.121,-0.148,53.550,9.150,-21.150,31.2
19:25:54.565,558308,-9.371,-2.253,-2.729,-0.071,0.063,0.127,54.300,10.050,-22.650,30.9
19:25:54.623,558362,-9.661,-2.126,-1.396,-0.165,0.035,0.097,54.300,10.050,-22.650,31.0
19:25:54.683,558416,-8.911,-2.665,-1.587,0.052,0.054,0.234,54.300,10.050,-22.650,31.1
19:25:54.805,558470,-9.266,-2.337,-1.276,-0.141,0.043,0.183,54.000,11.550,-23.400,30.9
19:25:54.805,558524,-9.697,-1.676,-2.093,-0.155,0.075,0.078,54.000,11.550,-23.400,31.0
19:25:54.806,558578,-9.455,-3.594,-1.674,-0.155,-0.042,0.010,54.000,13.050,-22.200,31.1
19:25:54.863,558632,-9.799,-1.322,-1.772,0.084,0.011,0.043,54.000,13.050,-22.200,31.2
19:25:54.923,558686,-9.536,-2.583,-1.475,0.130,-0.079,-0.068,54.000,13.050,-22.200,31.2
19:25:54.983,558740,-9.548,-2.095,-1.803,0.071,0.049,-0.056,54.000,13.050,-22.200,31.2
19:25:55.044,558794,-9.306,-2.207,-1.238,0.145,0.033,0.031,53.400,11.700,-22.350,30.8
19:25:55.105,558848,-9.131,-1.939,-2.023,0.218,0.066,-0.015,53.400,11.700,-22.350,30.7
19:25:55.165,558902,-8.964,-2.272,-1.434,0.231,0.017,-0.114,55.500,11.850,-23.400,31.2
19:25:55.225,558956,-9.479,-1.106,-2.172,0.026,0.062,-0.052,55.050,11.850,-24.000,31.1
19:25:55.285,559010,-10.185,-2.808,-2.382,0.066,-0.012,-0.223,55.050,11.850,-24.000,31.3
19:25:55.345,559064,-9.615,-3.093,-1.274,0.123,-0.108,-0.285,54.150,12.150,-24.900,30.9
19:25:55.345,559118,-8.859,-2.332,-2.172,0.064,-0.038,-0.105,54.150,12.150,-24.900,31.3
19:25:55.405,559172,-8.775,-3.541,-0.816,0.004,0.073,0.034,53.700,9.450,-23.550,31.2
19:25:55.464,559226,-8.394,-2.512,-2.124,0.381,0.131,0.117,53.700,9.450,-23.550,31.0
19:25:55.525,559280,-8.322,-0.795,-1.724,0.576,0.415,0.599,54.000,9.600,-23.400,30.9
19:25:55.585,559334,-7.137,-1.176,-2.198,0.142,0.581,1.556,54.000,9.600,-23.400,31.1
19:25:55.645,559388,-9.428,1.298,-2.428,-0.366,0.649,1.417,53.400,15.600,-26.400,31.2
19:25:55.705,559442,-8.317,-2.586,-3.139,-0.155,0.538,1.229,53.400,15.600,-26.400,31.1
19:25:55.764,559496,-9.105,-0.685,-2.583,-0.062,0.131,0.713,53.400,15.600,-26.400,31.2
19:25:55.824,559550,-8.188,0.333,-3.412,0.128,0.433,0.658,53.400,15.600,-26.400,31.1
19:25:55.883,559604,-8.698,-1.549,-3.141,-0.388,0.342,0.617,51.300,27.000,-32.400,31.1
19:25:55.884,559658,-8.746,1.087,-3.342,-0.070,0.550,0.599,48.150,31.050,-35.550,31.1
19:25:55.943,559712,-9.723,0.062,-3.697,0.057,0.141,0.501,48.150,31.050,-35.550,31.2
19:25:56.003,559766,-8.516,1.853,-3.436,0.287,0.135,0.532,47.850,34.200,-35.550,30.9
19:25:56.063,559820,-9.357,0.474,-3.567,0.095,0.149,0.457,47.850,34.200,-35.550,31.0
19:25:56.123,559874,-9.639,2.452,-3.438,0.284,0.235,0.373,46.500,35.850,-39.000,31.0
19:25:56.183,559928,-9.184,1.312,-4.436,-0.089,0.159,0.244,46.500,35.850,-39.000,30.9
19:25:56.245,559982,-8.492,1.338,-4.058,0.060,0.139,0.175,46.500,35.850,-39.000,31.1
19:25:56.305,560036,-8.339,2.907,-4.257,0.016,0.174,0.160,46.500,35.850,-39.000,30.9
19:25:56.365,560090,-8.689,1.453,-4.099,0.229,0.028,0.105,45.000,37.800,-40.500,31.3
19:25:56.423,560144,-9.270,2.346,-4.013,-0.024,-0.219,0.073,45.000,37.800,-40.500,31.1
19:25:56.424,560198,-8.763,1.726,-4.357,0.205,-0.331,-0.081,45.600,39.150,-41.850,31.0
19:25:56.484,560252,-8.619,1.415,-4.063,-0.052,-0.147,-0.092,45.600,39.150,-41.850,30.9
19:25:56.545,560306,-9.026,1.176,-3.792,0.090,-0.076,-0.120,45.600,39.150,-41.850,31.2
19:25:56.604,560360,-9.867,1.765,-3.677,-0.012,-0.104,-0.171,47.250,36.300,-39.000,31.1
19:25:56.663,560414,-9.380,1.939,-3.699,-0.032,-0.125,-0.287,47.250,36.300,-39.000,31.2
19:25:56.725,560468,-8.775,-0.101,-3.421,-0.343,-0.189,-0.275,47.100,34.200,-41.100,31.2
19:25:56.785,560522,-9.067,2.538,-3.926,0.027,-0.025,-0.232,47.100,34.200,-41.100,31.1
19:25:56.845,560576,-9.598,0.479,-3.752,-0.170,0.073,-0.215,46.950,32.850,-38.700,31.2
19:25:56.903,560630,-9.230,1.104,-3.704,-0.138,0.000,-0.244,46.950,32.850,-38.700,31.2
19:25:56.964,560684,-9.208,1.089,-3.457,-0.084,-0.020,-0.269,49.050,30.450,-39.000,30.9
19:25:57.025,560738,-9.203,1.377,-3.788,-0.179,-0.120,-0.291,49.050,30.450,-39.000,30.9
19:25:57.025,560792,-9.163,0.371,-3.464,-0.157,-0.224,-0.244,49.050,30.450,-39.000,31.1
19:25:57.083,560846,-9.258,1.341,-3.675,-0.157,-0.193,-0.230,50.850,27.600,-37.800,31.2
19:25:57.145,560900,-9.668,0.560,-3.333,-0.091,-0.191,-0.239,50.850,27.600,-37.800,31.2
19:25:57.203,560954,-9.826,1.369,-3.661,-0.107,-0.176,-0.274,50.550,28.950,-35.700,31.2
19:25:57.265,561008,-9.682,1.135,-3.335,-0.215,-0.084,-0.254,50.550,28.950,-35.700,31.2
19:25:57.325,561062,-9.412,0.783,-3.050,-0.244,-0.022,-0.256,50.400,26.850,-36.300,31.2
19:25:57.385,561116,-9.328,0.484,-2.883,-0.295,0.071,-0.228,50.400,26.850,-36.300,31.2
19:25:57.443,561170,-9.299,0.378,-2.670,-0.331,-0.042,-0.131,49.800,25.500,-37.200,30.7
19:25:57.504,561224,-9.117,-0.237,-2.693,-0.352,-0.171,0.016,49.800,25.500,-37.200,30.9
19:25:57.505,561278,-9.471,0.395,-2.885,-0.195,-0.227,0.104,49.800,25.500,-37.200,31.1
19:25:57.565,561332,-9.852,0.510,-2.765,-0.286,-0.241,0.199,49.800,25.500,-37.200,31.1
19:25:57.624,561386,-10.274,2.320,-4.118,-0.002,-0.191,0.155,51.000,26.550,-33.150,31.2
19:25:57.685,561440,-9.907,1.434,-2.689,-0.091,-0.125,-0.016,51.900,24.900,-33.750,31.1
19:25:57.745,561494,-9.596,1.132,-2.526,-0.061,-0.014,-0.135,51.900,24.900,-33.750,31.2
19:25:57.805,561548,-9.694,1.300,-2.313,0.029,0.022,-0.068,51.000,23.100,-31.350,31.2
19:25:57.863,561602,-9.230,0.577,-2.344,-0.134,0.017,-0.021,51.000,23.100,-31.350,31.1
19:25:57.923,561656,-9.141,0.840,-2.291,0.037,-0.047,0.002,50.850,25.200,-32.250,30.8
19:25:57.984,561710,-9.170,0.364,-2.105,0.147,0.009,0.100,50.850,25.200,-32.250,30.9
19:25:58.045,561764,-9.325,0.814,-1.935,0.106,0.157,0.171,50.850,25.200,-32.250,31.3
19:25:58.045,561818,-12.107,0.587,-3.338,0.020,0.200,0.115,50.850,25.200,-32.250,31.3
19:25:58.105,561872,-14.494,2.744,-5.578,0.097,0.357,0.095,50.400,24.900,-34.050,31.3
19:25:58.165,561926,-13.573,2.717,-5.358,-0.179,0.681,0.600,50.400,24.900,-34.050,31.1
19:25:58.223,561980,-12.218,2.758,-4.580,-0.292,0.751,0.804,49.650,29.100,-36.600,31.3
19:25:58.283,562034,-11.188,2.727,-3.998,-0.714,0.167,0.584,49.650,29.100,-36.600,31.1
19:25:58.345,562088,-9.098,1.563,-2.636,0.185,-0.316,0.383,47.400,32.250,-37.050,31.1
19:25:58.405,562142,-8.475,2.480,-4.104,-0.025,-0.249,-0.017,47.250,33.600,-37.650,30.8
19:25:58.465,562196,-7.362,0.625,-3.263,0.188,-0.084,-0.200,47.250,33.600,-37.650,30.7
19:25:58.523,562250,-8.308,0.120,-2.346,0.056,-0.142,-0.494,47.250,33.600,-37.650,31.2
19:25:58.583,562304,-7.848,-1.669,-2.796,-0.274,-0.192,-0.483,47.250,33.600,-37.650,31.1
19:25:58.584,562358,-8.739,1.913,-2.392,0.149,-0.114,-0.737,48.150,32.250,-33.750,31.2
19:25:58.643,562412,-8.157,0.766,-2.856,0.246,-0.237,-0.618,48.150,32.250,-33.750,31.2
19:25:58.703,562466,-7.834,1.630,-3.412,0.531,-0.070,-0.730,49.650,31.500,-33.000,31.1
19:25:58.765,562520,-7.848,-0.134,-2.612,0.013,-0.125,-0.510,49.650,31.500,-33.000,31.1
19:25:58.824,562574,-9.934,1.214,-2.224,0.017,-0.213,-0.416,49.650,31.500,-33.000,31.1
19:25:58.885,562628,-7.954,-3.244,-4.142,-0.607,-0.630,-0.720,49.650,31.500,-33.000,30.9
19:25:58.943,562682,-9.359,3.263,-3.280,1.043,-0.176,-0.653,51.150,24.450,-33.000,31.1
19:25:59.003,562736,-9.076,-0.917,-0.893,0.124,-0.248,-0.700,51.750,19.650,-27.750,31.2
19:25:59.063,562790,-10.230,0.029,-2.581,0.605,-0.471,-0.945,51.750,19.650,-27.750,31.1
19:25:59.123,562844,-7.843,-3.603,-1.511,1.169,-0.394,-1.183,53.400,14.100,-24.600,31.2
19:25:59.124,562898,-7.400,-0.474,-2.538,0.246,0.105,-0.051,53.400,14.100,-24.600,31.0
19:25:59.185,562952,-8.930,-0.333,-3.208,-1.052,0.369,0.450,53.250,10.350,-22.650,31.2
19:25:59.243,563006,-9.756,-5.526,-1.700,0.123,0.069,0.060,53.250,10.350,-22.650,31.2
19:25:59.303,563060,-9.493,-1.247,-2.239,-0.331,0.176,0.028,53.250,10.350,-22.650,31.2
19:25:59.363,563114,-9.175,-1.767,-2.823,0.202,0.183,0.176,53.250,10.350,-22.650,30.9
19:25:59.424,563168,-9.091,-4.099,-2.167,0.006,0.031,-0.039,53.100,14.100,-24.600,31.0
19:25:59.483,563222,-9.699,0.481,-3.373,-0.389,0.115,0.053,53.100,14.100,-24.600,31.3
19:25:59.545,563276,-9.366,-2.952,-2.334,0.383,0.026,-0.113,54.000,15.000,-27.300,31.3
19:25:59.604,563330,-9.644,-1.358,-2.119,-0.101,-0.044,-0.049,53.400,13.650,-27.150,31.1
19:25:59.665,563384,-9.316,-1.791,-3.038,0.070,-0.016,-0.108,53.400,13.650,-27.150,31.2
19:25:59.665,563438,-9.184,-1.848,-1.872,-0.196,-0.039,-0.146,52.650,13.200,-25.650,31.1
19:25:59.723,563492,-9.342,-1.508,-3.129,-0.080,-0.003,-0.090,52.650,13.200,-25.650,31.4
19:25:59.783,563546,-9.062,-2.241,-1.437,-0.379,0.005,-0.054,52.050,13.800,-26.550,31.2
19:25:59.844,563600,-9.448,-1.966,-3.376,0.063,-0.046,0.061,52.050,13.800,-26.550,30.8
19:25:59.905,563654,-9.804,-2.828,-2.310,-0.080,-0.074,0.103,53.700,12.450,-27.150,31.1
19:25:59.963,563708,-9.369,-2.186,-2.928,0.498,-0.045,-0.195,53.700,12.450,-27.150,31.1
19:26:00.023,563762,-9.610,-2.045,-2.100,0.096,-0.079,-0.263,53.550,13.500,-26.250,31.1
19:26:00.084,563816,-9.455,-1.669,-2.052,0.294,-0.136,-0.382,53.550,13.500,-26.250,31.2
19:26:00.143,563870,-9.280,-2.337,-2.490,0.173,-0.084,-0.519,53.550,13.500,-26.250,31.1
19:26:00.203,563924,-9.026,-3.522,-1.810,0.566,-0.111,-0.601,54.000,6.900,-24.750,31.1
19:26:00.204,563978,-9.096,-3.144,-2.531,0.787,-0.139,-0.392,54.000,6.900,-24.750,31.3
19:26:00.265,564032,-8.564,-3.247,-1.697,-0.334,0.044,0.157,54.300,4.200,-24.450,31.0
19:26:00.325,564086,-9.048,-3.079,-2.370,0.046,-0.002,0.004,54.300,4.200,-24.450,30.7
19:26:00.385,564140,-9.127,-2.904,-2.753,0.032,0.156,0.442,53.550,4.950,-24.750,31.1
19:26:00.443,564194,-8.643,-2.725,-1.259,0.237,0.342,1.052,53.550,4.950,-24.750,31.1
19:26:00.503,564248,-6.744,-0.931,-3.378,0.192,0.518,1.756,53.400,9.450,-27.600,31.1
19:26:00.565,564302,-8.090,0.034,-1.504,-0.840,0.558,1.879,53.400,9.450,-27.600,31.1
19:26:00.623,564356,-8.722,-1.468,-2.830,0.671,0.158,1.321,53.400,9.450,-27.600,31.2
19:26:00.683,564410,-10.779,3.072,-2.076,-0.167,0.363,1.101,53.400,9.450,-27.600,31.2
19:26:00.745,564464,-8.758,-1.432,-3.172,0.144,0.245,0.916,51.300,28.200,-34.350,31.2
19:26:00.746,564518,-10.360,4.013,-2.629,-0.331,0.256,0.605,46.650,32.550,-35.250,30.9
19:26:00.804,564572,-8.696,-2.150,-3.062,0.588,0.108,0.503,46.650,32.550,-35.250,30.9
19:26:00.865,564626,-8.839,4.793,-3.388,0.417,0.297,0.488,46.650,32.550,-35.250,31.1
19:26:00.923,564680,-7.460,-1.336,-3.974,0.273,0.099,0.419,46.650,32.550,-35.250,31.2
19:26:00.983,564734,-10.458,4.781,-1.882,0.786,0.374,0.263,46.350,36.150,-40.350,31.1
19:26:01.043,564788,-7.824,0.864,-4.518,0.345,0.398,0.112,46.350,36.150,-40.350,31.1
19:26:01.103,564842,-9.225,3.701,-4.247,0.532,0.414,0.037,45.900,37.650,-42.900,31.1
19:26:01.163,564896,-8.983,2.167,-4.580,0.100,0.334,0.036,45.900,37.650,-42.900,31.2
19:26:01.223,564950,-9.594,3.062,-4.226,0.235,0.180,-0.111,43.500,37.500,-44.100,31.3
19:26:01.284,565004,-8.973,1.480,-4.831,0.157,0.015,-0.062,43.500,37.500,-44.100,30.9
19:26:01.285,565058,-9.591,2.708,-4.432,-0.155,0.010,-0.075,44.850,36.150,-45.750,30.9
19:26:01.345,565112,-9.009,0.606,-4.527,-0.175,-0.044,-0.159,44.850,36.150,-45.750,31.4
19:26:01.403,565166,-9.323,2.320,-5.428,-0.477,-0.022,-0.135,44.850,36.150,-45.750,31.3
19:26:01.465,565220,-9.258,1.219,-4.207,-0.267,-0.109,-0.308,46.950,34.800,-43.800,31.1
19:26:01.525,565274,-9.330,0.879,-4.317,-0.255,-0.238,-0.348,46.950,34.800,-43.800,31.0
19:26:01.585,565328,-9.105,0.690,-4.283,-0.315,-0.273,-0.300,49.500,32.400,-41.250,31.2
19:26:01.645,565382,-9.234,0.603,-3.503,-0.193,-0.258,-0.407,49.500,32.400,-41.250,31.3
19:26:01.703,565436,-8.839,1.223,-3.989,-0.340,-0.330,-0.471,49.500,32.400,-41.250,31.2
19:26:01.763,565490,-9.682,0.778,-3.500,-0.318,-0.224,-0.502,49.500,32.400,-41.250,30.7
19:26:01.823,565544,-9.483,0.529,-3.601,-0.066,-0.211,-0.523,49.500,27.750,-40.500,31.1
19:26:01.824,565598,-9.467,0.388,-3.428,-0.250,-0.183,-0.378,49.500,27.750,-40.500,30.9
19:26:01.884,565652,-9.208,-0.153,-3.177,-0.383,-0.136,-0.223,49.350,26.100,-36.300,31.2
19:26:01.945,565706,-8.878,0.299,-3.278,-0.454,-0.158,-0.222,49.350,26.100,-36.300,31.1
19:26:02.003,565760,-9.749,0.577,-3.280,-0.353,-0.053,-0.142,52.050,24.750,-36.900,31.3
19:26:02.063,565814,-9.527,0.761,-3.402,-0.248,0.058,-0.156,51.600,24.150,-35.250,31.3
19:26:02.123,565868,-9.910,0.855,-3.369,-0.113,0.054,-0.120,51.600,24.150,-35.250,31.1
19:26:02.184,565922,-9.357,0.883,-3.594,-0.198,-0.155,-0.032,51.600,24.150,-35.250,31.2
19:26:02.245,565976,-9.222,1.410,-3.290,0.010,-0.210,0.057,51.600,24.150,-35.250,30.9
19:26:02.305,566030,-9.809,0.117,-2.686,0.004,-0.237,-0.001,51.000,23.550,-35.700,31.1
19:26:02.365,566084,-9.584,0.529,-2.998,0.042,-0.261,-0.166,51.000,23.550,-35.700,31.2
19:26:02.366,566138,-9.469,1.331,-3.187,0.171,-0.156,-0.310,52.650,23.250,-33.750,31.2
19:26:02.425,566192,-8.830,0.330,-2.169,0.230,-0.109,-0.342,52.650,23.250,-33.750,31.3
19:26:02.485,566246,-8.394,-0.283,-2.564,0.232,-0.062,-0.202,51.150,22.500,-33.450,31.1
19:26:02.544,566300,-9.136,-0.816,-2.330,0.288,0.079,-0.106,51.150,22.500,-33.450,31.1
19:26:02.605,566354,-10.590,-0.577,-2.289,0.384,0.254,0.062,51.750,20.100,-34.350,31.2
19:26:02.665,566408,-12.878,0.132,-4.295,0.202,0.071,-0.038,51.150,18.300,-33.450,31.1
19:26:02.725,566462,-15.756,2.083,-5.064,-0.546,0.097,0.194,51.150,18.300,-33.450,31.1
19:26:02.785,566516,-14.846,2.938,-5.212,-0.244,0.422,0.751,52.650,21.000,-36.600,31.1
19:26:02.845,566570,-12.287,-0.311,-3.510,-0.121,0.511,0.926,52.650,21.000,-36.600,31.1
19:26:02.905,566624,-11.514,1.472,-3.565,-0.406,0.498,0.788,49.650,27.900,-37.800,31.1
19:26:02.905,566678,-10.001,-0.177,-3.156,0.027,0.179,0.378,49.650,27.900,-37.800,31.3
19:26:02.965,566732,-8.600,-0.450,-3.021,-0.289,-0.229,0.009,49.650,27.900,-37.800,30.9
19:26:03.025,566786,-8.109,1.125,-3.349,0.247,-0.364,-0.244,49.650,27.900,-37.800,31.1
19:26:03.085,566840,-7.942,-1.348,-2.626,0.025,-0.224,-0.355,47.850,32.250,-34.800,31.2
19:26:03.145,566894,-8.236,0.512,-2.377,0.126,-0.050,-0.593,47.850,32.250,-34.800,30.9
19:26:03.204,566948,-7.171,-0.551,-2.485,0.018,-0.048,-0.527,48.600,29.550,-35.250,30.9
19:26:03.263,567002,-8.131,0.893,-2.315,0.348,-0.181,-0.585,50.400,28.800,-33.450,31.1
19:26:03.324,567056,-8.882,2.279,-2.471,-0.323,-0.527,-0.505,50.400,28.800,-33.450,31.2
19:26:03.383,567110,-7.429,-0.627,-2.634,-0.088,-0.355,-0.327,51.300,25.800,-31.350,31.1
19:26:03.443,567164,-8.602,1.460,-3.546,-0.204,-0.333,-0.118,51.300,25.800,-31.350,31.1
19:26:03.444,567218,-9.388,0.038,-2.677,0.256,-0.296,-0.285,51.300,25.800,-31.350,31.2
19:26:03.503,567272,-9.395,-1.235,-2.119,0.189,-0.326,-0.417,51.300,25.800,-31.350,31.2
19:26:03.565,567326,-9.682,-1.453,-1.607,0.360,-0.420,-0.735,52.800,20.850,-29.250,31.2
19:26:03.625,567380,-7.238,-3.541,-2.157,1.104,-0.798,-1.260,52.800,20.850,-29.250,31.1
19:26:03.685,567434,-6.709,-1.063,0.201,2.074,-0.585,-1.122,52.650,15.600,-24.900,30.9
19:26:03.743,567488,-8.885,1.822,-4.707,0.377,0.018,0.061,52.650,15.600,-24.900,30.9
19:26:03.804,567542,-9.117,-3.124,-1.609,-0.900,0.415,0.322,52.650,15.600,-24.900,31.3
19:26:03.864,567596,-10.108,-4.398,-0.838,-0.177,0.256,0.182,52.650,15.600,-24.900,30.9
19:26:03.923,567650,-10.125,-1.367,-1.865,0.451,0.037,0.061,52.650,12.900,-24.900,31.2
19:26:03.984,567704,-9.893,-2.521,-1.089,0.744,-0.083,0.155,53.550,15.450,-27.300,31.1
19:26:03.985,567758,-9.574,0.041,-2.768,-0.304,0.021,-0.016,53.550,15.450,-27.300,31.3
19:26:04.045,567812,-9.771,-1.398,-1.051,-0.057,0.030,-0.021,53.550,13.800,-27.000,31.1
19:26:04.103,567866,-9.069,-1.561,-1.192,-0.036,0.064,-0.058,53.550,13.800,-27.000,31.0
19:26:04.164,567920,-9.136,-1.518,-1.853,0.239,0.167,-0.018,53.250,14.550,-25.500,30.9
19:26:04.223,567974,-9.687,-2.435,-1.585,-0.255,0.116,0.007,53.250,14.550,-25.500,31.1
19:26:04.283,568028,-9.797,-2.660,-1.128,-0.108,-0.027,-0.056,53.250,14.550,-25.500,31.2
19:26:04.345,568082,-9.840,-1.221,-2.514,-0.077,-0.130,-0.164,53.250,14.550,-25.500,31.2
19:26:04.405,568136,-9.476,-2.430,-1.822,-0.162,-0.049,-0.183,54.000,11.850,-26.550,31.2
19:26:04.464,568190,-9.098,-2.150,-1.444,-0.124,-0.161,-0.180,54.000,11.850,-26.550,31.2
19:26:04.525,568244,-9.179,-2.413,-1.784,-0.212,-0.106,-0.059,53.100,13.200,-24.900,31.2
19:26:04.525,568298,-9.567,-2.243,-2.069,-0.254,-0.115,-0.092,53.700,11.700,-24.600,31.1
19:26:04.584,568352,-9.481,-2.186,-1.932,-0.530,-0.091,-0.075,53.700,11.700,-24.600,31.1
19:26:04.644,568406,-9.412,-3.278,-0.690,-0.402,-0.039,-0.097,53.700,10.950,-25.650,30.9
19:26:04.703,568460,-9.385,-2.392,-1.568,-0.337,-0.080,-0.132,53.700,10.950,-25.650,31.1
19:26:04.765,568514,-8.909,-3.225,-1.441,-0.319,0.057,-0.111,53.250,10.350,-21.900,31.2
19:26:04.823,568568,-8.588,-3.242,-1.690,-0.213,0.114,0.182,53.250,10.350,-21.900,31.0
19:26:04.883,568622,-7.628,-1.659,-2.155,0.477,0.462,0.848,53.700,10.500,-24.300,31.1
19:26:04.944,568676,-7.736,0.002,-2.629,-0.805,0.626,1.134,53.700,10.500,-24.300,31.2
19:26:05.003,568730,-7.558,-2.832,-0.409,-0.322,0.491,1.177,53.250,17.400,-27.300,31.2
19:26:05.065,568784,-8.346,-1.195,-3.364,-0.705,0.371,0.998,53.250,17.400,-27.300,31.2
19:26:05.065,568838,-9.876,1.786,-1.437,0.238,0.537,0.801,53.250,17.400,-27.300,30.9
19:26:05.123,568892,-8.578,-0.943,-3.445,-0.010,0.376,0.793,50.250,28.200,-32.850,31.2
19:26:05.184,568946,-9.486,1.532,-3.021,-0.096,0.292,0.560,50.250,28.200,-32.850,31.1
19:26:05.243,569000,-8.447,-0.474,-4.041,0.245,0.206,0.422,49.500,31.950,-35.700,31.1
19:26:05.303,569054,-9.175,2.229,-3.215,0.098,0.279,0.479,49.500,31.950,-35.700,31.3
19:26:05.363,569108,-8.502,0.819,-3.847,0.133,0.244,0.257,47.400,34.200,-37.350,31.1
19:26:05.424,569162,-9.787,3.836,-3.132,0.260,0.126,0.002,47.400,34.200,-37.350,31.1
19:26:05.485,569216,-8.650,0.680,-3.766,0.150,0.080,-0.123,48.000,35.100,-39.450,31.2
19:26:05.543,569270,-8.892,1.094,-3.768,0.186,0.143,-0.051,48.000,35.100,-39.450,31.3
19:26:05.605,569324,-9.469,0.797,-4.503,0.083,0.059,-0.145,47.100,34.200,-41.100,30.8
19:26:05.606,569378,-10.702,2.380,-4.413,-0.223,-0.234,-0.301,47.100,34.200,-41.100,31.2
19:26:05.663,569432,-10.228,1.120,-4.185,0.021,-0.366,-0.333,48.600,33.000,-40.350,31.2
19:26:05.724,569486,-10.218,0.218,-3.701,-0.094,-0.293,-0.217,49.650,30.600,-38.550,31.3
19:26:05.783,569540,-9.689,0.871,-3.776,-0.044,-0.316,-0.182,49.650,30.600,-38.550,31.2
19:26:05.844,569594,-9.436,0.601,-3.618,-0.203,-0.220,-0.196,49.650,30.600,-38.550,31.1
19:26:05.904,569648,-9.728,0.476,-3.309,-0.278,-0.107,-0.162,49.650,30.600,-38.550,31.1
19:26:05.964,569702,-9.519,0.855,-2.916,-0.180,-0.080,-0.100,51.150,27.900,-35.550,31.1
19:26:06.023,569756,-9.692,0.781,-3.062,-0.104,-0.153,-0.126,51.150,27.900,-35.550,31.0
19:26:06.083,569810,-9.740,0.299,-2.854,-0.108,-0.129,-0.161,50.250,25.800,-34.650,30.9
19:26:06.145,569864,-9.385,0.438,-2.892,-0.264,-0.088,-0.167,50.250,25.800,-34.650,31.1
19:26:06.145,569918,-9.440,0.599,-2.787,-0.347,0.018,-0.153,52.050,27.450,-36.150,31.2
19:26:06.203,569972,-9.282,0.330,-2.856,-0.302,0.175,-0.135,52.050,27.450,-36.150,31.3
19:26:06.263,570026,-9.708,0.560,-2.835,-0.404,0.253,-0.106,51.150,25.650,-34.800,31.1
19:26:06.325,570080,-9.632,0.587,-3.110,-0.325,0.194,-0.075,51.150,25.650,-34.800,31.2
19:26:06.383,570134,-9.608,0.867,-3.721,-0.494,0.112,0.035,51.150,25.650,-34.800,31.2
19:26:06.443,570188,-9.692,0.666,-3.543,-0.418,0.005,-0.026,48.750,26.550,-36.450,31.1
19:26:06.503,570242,-9.507,1.477,-3.759,-0.390,-0.095,-0.187,48.750,26.550,-36.450,31.0
19:26:06.563,570296,-9.306,1.516,-3.074,-0.398,-0.052,-0.315,50.100,24.900,-35.550,30.9
19:26:06.625,570350,-9.357,0.642,-3.536,-0.527,-0.035,-0.407,50.100,24.900,-35.550,31.1
19:26:06.684,570404,-9.349,1.015,-2.892,-0.365,0.020,-0.378,50.100,24.900,-35.550,31.2
19:26:06.685,570458,-9.201,-0.271,-2.684,-0.272,-0.014,-0.346,50.100,24.900,-35.550,31.2
19:26:06.743,570512,-9.225,0.579,-2.368,-0.217,0.064,-0.157,50.850,22.200,-35.250,31.2
19:26:06.805,570566,-9.038,0.376,-2.490,-0.023,0.129,0.048,50.850,22.200,-35.250,31.1
19:26:06.865,570620,-9.455,-0.096,-3.201,0.019,0.246,0.100,51.300,22.350,-36.450,31.2
19:26:06.925,570674,-12.488,1.456,-4.616,0.030,0.369,-0.040,51.300,22.350,-36.450,31.2
19:26:06.985,570728,-15.617,1.259,-5.504,0.029,0.445,0.325,51.150,21.750,-36.000,30.9
19:26:07.043,570782,-14.162,2.612,-5.459,0.258,0.502,0.719,49.650,22.950,-39.300,31.1
19:26:07.103,570836,-11.279,2.222,-4.429,-0.003,0.443,1.075,49.650,22.950,-39.300,30.9
19:26:07.164,570890,-9.790,1.671,-4.776,-0.338,0.142,0.962,49.650,22.950,-39.300,31.4
19:26:07.224,570944,-8.957,0.943,-3.436,0.027,-0.310,0.456,49.650,22.950,-39.300,31.1
19:26:07.225,570998,-7.173,0.996,-3.565,0.300,-0.185,0.103,46.200,33.900,-38.700,31.3
19:26:07.284,571052,-7.573,2.315,-3.117,0.236,-0.176,-0.156,46.200,33.900,-38.700,31.2
19:26:07.345,571106,-6.709,0.318,-3.620,0.157,-0.132,-0.456,46.500,33.150,-37.650,31.2
19:26:07.403,571160,-8.083,0.776,-2.409,0.175,-0.141,-0.487,46.500,33.150,-37.650,31.3
19:26:07.463,571214,-8.416,0.608,-2.840,0.222,-0.489,-0.599,47.700,33.150,-35.100,30.9
19:26:07.523,571268,-8.712,0.464,-3.316,0.217,-0.525,-0.393,47.700,33.150,-35.100,30.9
19:26:07.585,571322,-8.926,1.032,-2.617,0.003,-0.298,-0.544,49.350,29.850,-33.450,31.1
19:26:07.644,571376,-9.297,-0.718,-2.179,0.041,-0.306,-0.597,49.800,26.550,-30.600,31.1
19:26:07.704,571430,-8.234,-0.917,-2.557,0.090,-0.424,-0.575,49.800,26.550,-30.600,31.3
19:26:07.765,571484,-8.420,0.031,-2.349,0.222,-0.304,-0.413,52.500,25.500,-27.750,31.2
19:26:07.765,571538,-7.987,0.165,-2.954,0.098,-0.278,-0.378,52.500,25.500,-27.750,31.3
19:26:07.823,571592,-7.740,0.275,-2.717,0.400,-0.366,-0.335,51.750,21.150,-26.550,31.3
19:26:07.885,571646,-8.837,-0.757,-2.449,-0.085,-0.237,-0.216,51.750,21.150,-26.550,31.1
19:26:07.945,571700,-9.285,-0.141,-2.514,-0.193,-0.284,-0.609,51.750,21.150,-26.550,30.9
19:26:08.004,571754,-9.021,-0.821,-1.793,0.337,-0.298,-0.554,51.750,21.150,-26.550,30.9
19:26:08.064,571808,-8.756,-2.095,-1.748,0.145,-0.187,-0.447,53.100,16.350,-24.900,31.3
19:26:08.124,571862,-9.131,-0.845,-2.665,0.421,-0.210,-0.534,53.100,16.350,-24.900,31.2
19:26:08.185,571916,-9.311,-1.566,-1.290,0.798,-0.349,-0.893,53.250,13.500,-22.950,31.1
19:26:08.245,571970,-8.226,-4.044,0.936,0.945,-0.537,-1.078,54.150,8.700,-22.050,31.3
19:26:08.303,572024,-8.449,0.860,-3.867,0.946,0.169,-0.128,54.150,8.700,-22.050,31.0
19:26:08.304,572078,-9.304,-3.405,-1.695,-1.375,0.346,0.276,51.300,5.400,-19.350,31.1
19:26:08.365,572132,-10.985,-2.612,-0.455,0.019,0.242,0.065,51.300,5.400,-19.350,31.3
19:26:08.423,572186,-9.644,-2.662,-2.705,-0.183,-0.091,-0.121,52.350,6.300,-21.000,31.1
19:26:08.484,572240,-9.378,-2.349,-1.228,0.638,-0.147,-0.112,52.350,6.300,-21.000,31.4
19:26:08.545,572294,-9.498,-2.193,-0.974,0.186,-0.053,0.128,52.350,7.500,-21.000,31.4
19:26:08.605,572348,-9.311,-2.744,-1.458,-0.001,0.103,-0.098,52.350,7.500,-21.000,31.4
19:26:08.664,572402,-9.340,-2.945,-0.936,-0.213,0.116,-0.219,53.250,5.400,-21.150,31.1
19:26:08.725,572456,-9.033,-3.323,-1.925,0.023,0.133,-0.095,53.250,5.400,-21.150,31.0
19:26:08.785,572510,-9.246,-3.417,-1.168,-0.448,0.026,-0.163,53.250,5.400,-21.150,31.1
19:26:08.844,572564,-9.397,-3.273,-1.642,0.020,0.086,0.157,54.000,5.700,-21.450,31.3
19:26:08.845,572618,-9.160,-3.077,-1.817,-0.311,0.113,0.149,54.000,5.700,-21.450,30.8
19:26:08.904,572672,-9.438,-2.763,-1.621,-0.085,0.020,0.184,54.000,5.700,-22.200,30.9
19:26:08.964,572726,-9.141,-3.151,-2.081,-0.282,0.067,0.153,54.000,5.700,-22.200,31.4
19:26:09.023,572780,-9.275,-3.230,-1.417,-0.463,0.097,0.251,52.350,6.300,-24.300,31.1
19:26:09.085,572834,-9.210,-2.674,-1.757,-0.105,0.181,0.436,52.350,6.300,-24.300,31.1
19:26:09.144,572888,-8.449,-2.552,-2.215,-0.045,0.207,0.505,52.800,10.350,-23.400,31.3
19:26:09.205,572942,-8.124,-0.941,-1.753,-0.113,0.406,1.135,52.800,10.350,-23.400,31.3
19:26:09.265,572996,-8.013,0.622,-3.074,-0.367,0.484,1.398,52.800,10.350,-23.400,31.3
19:26:09.324,573050,-9.124,-1.358,-2.375,0.183,0.400,1.247,52.800,10.350,-23.400,31.4
19:26:09.443,573104,-9.201,-1.618,-2.832,0.610,0.278,0.886,51.750,21.900,-29.550,30.8
19:26:09.444,573158,-8.961,-0.168,-3.208,0.022,0.286,1.030,51.750,21.900,-29.550,30.9
19:26:09.445,573212,-10.127,4.697,-3.354,0.309,0.404,0.798,49.650,26.850,-29.400,31.3
19:26:09.503,573266,-8.564,2.109,-2.895,0.114,0.378,0.795,49.650,26.850,-29.400,31.3
19:26:09.565,573320,-8.588,0.280,-3.464,0.299,0.158,0.599,49.650,26.850,-29.400,31.2
19:26:09.623,573374,-9.821,4.338,-2.986,0.322,0.039,0.556,46.200,36.300,-36.450,31.0
19:26:09.685,573428,-8.155,1.731,-4.408,0.234,0.077,0.277,46.200,36.300,-36.450,31.3
19:26:09.744,573482,-7.736,2.102,-3.721,0.112,0.175,0.173,43.950,38.250,-37.200,31.2
19:26:09.803,573536,-8.739,2.310,-3.656,0.098,0.071,0.016,43.950,38.250,-37.200,31.0
19:26:09.865,573590,-8.978,2.761,-3.749,-0.109,0.164,-0.147,46.500,38.550,-40.200,30.7
19:26:09.925,573644,-8.303,1.709,-3.287,-0.034,0.055,-0.214,46.500,38.550,-40.200,30.9
19:26:09.984,573698,-8.444,2.239,-3.634,-0.186,0.001,-0.171,45.750,36.600,-41.250,31.2
19:26:09.985,573752,-9.163,0.326,-3.227,-0.201,-0.354,-0.140,45.750,36.600,-41.250,31.0
19:26:10.044,573806,-9.488,2.224,-3.333,-0.052,-0.297,-0.083,46.200,34.800,-37.650,31.2
19:26:10.163,573860,-10.204,2.155,-3.895,0.125,-0.331,-0.121,47.250,33.900,-35.700,31.1
19:26:10.164,573914,-9.512,1.513,-3.622,-0.118,-0.273,-0.101,47.250,33.900,-35.700,31.3
19:26:10.224,573968,-9.481,1.978,-3.661,0.060,-0.142,-0.171,49.050,32.850,-35.700,31.3
19:26:10.283,574022,-8.847,1.492,-3.484,-0.087,-0.027,-0.219,49.050,32.850,-35.700,31.1
19:26:10.344,574076,-9.048,1.288,-3.309,-0.151,0.072,-0.346,49.050,32.850,-35.700,30.9
19:26:10.404,574130,-8.938,1.279,-2.976,-0.198,0.155,-0.320,49.050,32.850,-35.700,30.9
19:26:10.465,574184,-9.100,2.684,-3.534,-0.071,0.144,-0.447,49.350,28.800,-35.550,31.1
19:26:10.465,574238,-10.111,1.118,-3.168,-0.077,-0.021,-0.547,49.350,28.800,-35.550,31.1
19:26:10.525,574292,-9.888,1.015,-3.400,-0.319,-0.027,-0.414,50.250,28.500,-33.900,31.1
19:26:10.583,574346,-9.785,0.134,-3.156,-0.157,-0.033,-0.327,50.250,28.500,-33.900,31.2
19:26:10.644,574400,-9.737,0.424,-3.239,-0.281,-0.043,-0.197,50.250,26.250,-34.350,31.2
19:26:10.705,574454,-9.632,0.627,-3.211,-0.164,-0.111,-0.142,50.850,26.850,-35.250,31.3
19:26:10.765,574508,-9.440,0.491,-3.340,-0.333,-0.076,-0.192,50.850,26.850,-35.250,31.1
19:26:10.824,574562,-9.304,0.737,-2.981,-0.267,-0.060,-0.310,51.750,24.750,-33.900,31.1
19:26:10.883,574616,-9.371,0.055,-2.914,-0.311,-0.099,-0.371,51.750,24.750,-33.900,31.1
19:26:10.945,574670,-9.627,-0.292,-2.983,-0.266,-0.101,-0.361,52.050,21.600,-33.150,31.2
19:26:11.004,574724,-9.488,-0.072,-3.108,-0.162,-0.085,-0.248,52.050,21.600,-33.150,31.3
19:26:11.005,574778,-9.457,-0.232,-2.890,-0.039,-0.003,-0.107,52.800,20.400,-32.400,31.3
19:26:11.065,574832,-9.816,-0.414,-2.720,-0.092,0.071,0.027,52.800,20.400,-32.400,31.2
19:26:11.125,574886,-9.835,-0.050,-3.038,-0.236,0.045,0.181,52.800,20.400,-32.400,31.2
19:26:11.183,574940,-9.584,-0.302,-2.907,-0.117,0.071,0.263,52.800,20.400,-32.400,31.1
19:26:11.244,574994,-9.378,0.247,-2.892,0.098,0.061,0.312,52.800,22.800,-33.150,31.3
19:26:11.305,575048,-9.493,-0.005,-2.792,0.254,0.029,0.296,52.350,23.700,-33.750,30.9
19:26:11.364,575102,-9.546,1.925,-3.060,0.752,0.054,0.232,52.350,23.700,-33.750,31.1
19:26:11.423,575156,-9.005,1.104,-3.455,0.346,-0.139,0.177,51.150,24.150,-33.750,31.2
19:26:11.483,575210,-8.787,0.891,-2.962,0.349,-0.091,-0.073,51.150,24.150,-33.750,31.2
19:26:11.543,575264,-9.287,0.761,-2.634,0.124,-0.007,-0.101,51.300,23.550,-34.650,31.2
19:26:11.544,575318,-14.947,2.042,-5.100,0.309,0.205,-0.029,51.300,23.550,-34.650,31.2
19:26:11.603,575372,-17.013,0.910,-4.700,0.118,-0.072,0.436,51.300,25.500,-36.150,31.1
19:26:11.663,575426,-13.963,1.590,-4.401,0.299,0.062,0.789,51.300,25.500,-36.150,31.3
19:26:11.723,575480,-10.934,1.674,-2.784,0.082,0.210,0.809,49.800,29.250,-35.700,31.1
19:26:11.784,575534,-9.057,1.058,-3.060,-0.145,0.262,0.555,49.800,29.250,-35.700,31.1
19:26:11.845,575588,-8.885,0.996,-2.081,0.065,-0.026,0.301,47.850,33.450,-36.300,31.2
19:26:11.905,575642,-8.114,0.330,-3.227,0.322,-0.199,0.099,47.850,33.450,-36.300,31.2
19:26:11.964,575696,-7.597,1.551,-3.158,0.172,-0.090,-0.024,47.850,33.450,-36.300,31.1
19:26:12.144,575750,-7.621,0.031,-2.195,0.157,0.014,-0.110,47.100,35.250,-32.250,31.3
19:26:12.145,575804,-7.829,1.884,-2.749,0.211,0.067,-0.219,47.100,35.250,-32.250,31.1
19:26:12.146,575858,-9.131,3.290,-3.081,0.583,0.126,-0.476,47.850,34.950,-34.500,31.2
19:26:12.146,575912,-8.447,2.322,-3.445,0.381,-0.100,-0.487,47.850,34.950,-34.500,31.1
19:26:12.205,575966,-8.708,1.664,-2.909,0.159,-0.099,-0.570,48.750,30.900,-36.450,31.1
19:26:12.265,576020,-8.566,-0.175,-3.907,0.064,-0.205,-0.528,48.750,30.900,-36.450,30.9
19:26:12.323,576074,-8.466,0.287,-2.844,0.452,-0.201,-0.492,50.250,30.450,-33.900,31.3
19:26:12.383,576128,-7.448,-0.953,-2.219,0.330,-0.176,-0.325,50.250,30.450,-33.900,31.1
19:26:12.445,576182,-8.899,-0.287,-1.384,0.649,-0.158,-0.351,50.250,30.450,-33.900,31.3
19:26:12.504,576236,-9.577,-0.393,-3.618,-0.394,-0.175,-0.457,50.250,30.450,-33.900,31.3
19:26:12.565,576290,-10.271,-0.177,-2.128,0.318,-0.192,-0.594,50.850,25.650,-31.200,31.0
19:26:12.625,576344,-9.759,-1.022,-2.126,0.067,-0.377,-0.558,52.350,21.750,-28.950,31.1
19:26:12.625,576398,-8.916,-1.094,-2.739,0.069,-0.460,-0.518,52.350,21.750,-28.950,31.3
19:26:12.683,576452,-8.825,-1.444,-2.021,0.188,-0.292,-0.443,52.350,21.750,-28.950,31.1
19:26:12.744,576506,-8.418,-0.927,-2.128,-0.350,-0.277,-0.335,52.350,21.750,-28.950,31.1
19:26:12.803,576560,-9.029,-2.279,-2.100,0.012,-0.307,-0.346,54.450,15.600,-25.650,31.1
19:26:12.864,576614,-9.651,0.510,-1.247,0.403,-0.199,-0.519,54.450,15.600,-25.650,31.3
19:26:12.924,576668,-8.176,-2.181,0.002,-0.050,-0.647,-1.431,53.700,10.500,-24.300,31.2
19:26:12.985,576722,-9.495,0.950,-4.717,-0.300,-0.197,-1.381,53.700,10.500,-24.300,31.4
19:26:13.045,576776,-9.890,-0.871,-1.439,-0.078,0.176,-0.301,54.150,2.100,-19.050,31.2
19:26:13.104,576830,-8.890,-4.448,-1.085,0.325,0.116,0.137,54.150,2.100,-19.050,31.0
19:26:13.163,576884,-9.591,-3.907,-3.227,0.426,-0.132,-0.205,54.000,2.250,-19.350,31.3
19:26:13.164,576938,-8.133,-2.186,0.716,0.036,-0.148,-0.266,54.000,2.250,-19.350,31.0
19:26:13.225,576992,-9.316,-2.835,-1.343,-0.099,-0.093,-0.167,54.000,2.250,-19.350,30.9
19:26:13.285,577046,-9.603,-5.236,-2.703,-0.307,0.077,-0.205,53.400,0.450,-22.050,31.3
19:26:13.344,577100,-8.712,-5.382,0.369,-0.251,-0.095,-0.043,53.400,0.450,-22.050,31.2
19:26:13.405,577154,-8.121,-4.597,-3.414,-0.233,0.045,0.141,54.150,-0.150,-19.500,31.1
19:26:13.463,577208,-9.170,-5.215,-0.996,-0.521,0.186,0.145,54.150,-0.150,-19.500,31.1
19:26:13.523,577262,-9.230,-4.604,-1.973,-0.063,0.118,0.137,54.150,-0.150,-19.500,31.3
19:26:13.583,577316,-9.029,-3.838,-3.053,-0.701,0.139,0.057,54.150,-0.150,-19.500,31.2
19:26:13.643,577370,-8.715,-4.120,-1.463,-0.215,0.048,-0.004,53.100,1.650,-22.050,31.3
19:26:13.703,577424,-8.267,-3.448,-1.956,-0.102,-0.022,0.327,53.100,1.650,-22.050,30.9
19:26:13.704,577478,-8.411,-2.658,-2.148,-0.622,0.155,0.419,52.800,2.700,-21.150,31.1
19:26:13.763,577532,-9.481,-2.698,-2.042,-0.574,0.179,0.269,54.450,5.850,-24.900,31.3
19:26:13.824,577586,-9.859,-3.045,-2.962,-0.739,0.122,0.186,54.450,5.850,-24.900,31.2
19:26:13.884,577640,-9.084,-1.537,-2.318,-0.340,0.047,0.177,53.700,8.250,-25.650,31.1
19:26:13.944,577694,-8.681,-3.553,-3.218,-0.447,-0.083,0.054,53.700,8.250,-25.650,31.3
19:26:14.003,577748,-9.500,-1.992,-2.964,-0.358,0.120,0.360,53.700,8.250,-25.650,31.3
19:26:14.063,577802,-9.689,-3.017,-2.672,-0.045,0.081,0.240,53.700,8.250,-25.650,31.2
19:26:14.123,577856,-9.646,-1.765,-3.105,0.175,0.057,-0.031,53.700,9.750,-26.850,31.4
19:26:14.185,577910,-9.084,-3.354,-2.308,0.189,-0.063,-0.224,53.700,9.750,-26.850,31.1
19:26:14.245,577964,-8.236,-2.504,-3.079,0.276,0.046,0.038,53.400,9.750,-25.650,31.2
19:26:14.245,578018,-7.875,-0.074,-2.555,0.425,0.158,0.782,53.400,9.750,-25.650,31.3
19:26:14.303,578072,-6.974,-0.029,-2.895,0.220,0.320,1.307,53.400,9.750,-25.650,31.2
19:26:14.363,578126,-7.568,-0.328,-2.885,0.449,0.434,1.421,53.400,9.750,-25.650,31.2
19:26:14.423,578180,-9.278,-2.875,-3.632,-0.038,-0.000,0.989,52.350,16.800,-29.400,31.2
19:26:14.483,578234,-9.943,2.514,-2.413,0.076,0.062,0.779,53.100,21.750,-31.950,31.1
19:26:14.545,578288,-7.501,-1.528,-3.352,0.501,0.021,0.738,53.100,21.750,-31.950,31.1
19:26:14.603,578342,-8.066,2.346,-3.476,0.157,0.270,0.823,51.750,26.550,-33.150,31.0
19:26:14.663,578396,-8.116,-0.010,-3.675,0.598,0.348,0.660,51.750,26.550,-33.150,30.9
19:26:14.723,578450,-9.503,0.194,-3.500,0.245,0.435,0.630,49.350,30.600,-36.000,31.3
19:26:14.785,578504,-9.397,1.520,-3.725,0.626,0.504,0.579,49.350,30.600,-36.000,31.3
19:26:14.785,578558,-9.570,2.069,-4.101,0.566,0.319,0.160,49.350,30.600,-36.000,31.2
19:26:14.845,578612,-9.349,1.147,-4.463,0.429,0.225,0.068,49.350,30.600,-36.000,31.2
19:26:14.964,578666,-8.514,0.891,-4.599,0.011,0.331,0.102,47.850,33.750,-42.450,31.3
19:26:14.965,578720,-9.182,0.783,-4.741,-0.133,0.219,0.206,47.850,33.750,-42.450,31.1
19:26:15.023,578774,-9.275,2.452,-4.846,-0.330,0.117,0.159,45.900,33.450,-43.650,31.2
19:26:15.085,578828,-8.854,1.477,-4.537,-0.403,0.066,0.012,47.250,33.150,-44.550,31.0
19:26:15.145,578882,-8.760,2.502,-4.171,-0.266,0.154,-0.232,47.250,33.150,-44.550,30.9
19:26:15.203,578936,-9.093,1.360,-4.187,-0.082,-0.060,-0.422,45.900,33.450,-43.950,31.3
19:26:15.265,578990,-8.722,1.152,-3.950,-0.299,-0.023,-0.600,45.900,33.450,-43.950,31.2
19:26:15.323,579044,-9.213,1.123,-3.931,-0.042,0.061,-0.692,45.900,33.450,-43.950,31.3
19:26:15.324,579098,-9.582,1.221,-4.147,-0.143,-0.039,-0.609,45.900,33.450,-43.950,31.1
19:26:15.385,579152,-9.876,1.140,-4.597,-0.269,-0.318,-0.564,48.900,28.800,-41.100,31.1
19:26:15.443,579206,-9.627,1.389,-4.391,-0.212,-0.226,-0.486,48.900,28.800,-41.100,31.3
19:26:15.505,579260,-8.777,0.443,-4.336,-0.013,-0.049,-0.526,49.650,26.100,-40.650,31.3
19:26:15.565,579314,-9.009,0.340,-4.542,0.053,0.242,-0.554,49.650,26.100,-40.650,31.1
19:26:15.623,579368,-9.309,0.704,-4.817,-0.045,0.248,-0.466,49.650,26.100,-40.650,31.1
19:26:15.684,579422,-9.129,-0.053,-4.683,0.052,0.212,-0.326,49.500,21.600,-41.550,31.1
19:26:15.745,579476,-9.187,0.517,-4.822,0.116,0.091,-0.271,49.500,21.600,-41.550,31.3
19:26:15.804,579530,-8.885,-0.175,-4.985,0.023,-0.002,-0.020,50.550,19.200,-43.800,31.2
19:26:15.863,579584,-9.304,-0.304,-5.598,0.337,0.080,0.064,50.550,19.200,-43.800,31.0
19:26:15.864,579638,-9.606,0.273,-5.528,0.228,0.278,0.306,50.550,20.850,-42.750,31.3
19:26:15.924,579692,-8.789,-0.450,-4.954,0.180,0.315,0.218,50.550,20.850,-42.750,31.1
19:26:15.984,579746,-7.853,-0.685,-4.190,-0.056,0.115,0.174,48.300,21.150,-43.800,31.2
19:26:16.043,579800,-7.223,-1.204,-4.166,-0.135,-0.134,0.028,48.300,21.150,-43.800,31.1
19:26:16.105,579854,-8.011,-1.214,-4.293,-0.092,-0.260,-0.266,48.300,21.150,-43.800,31.1
19:26:16.164,579908,-8.425,-0.883,-5.016,0.092,-0.019,-0.071,48.300,21.150,-43.800,31.3
19:26:16.225,579962,-10.142,-0.855,-5.145,0.089,-0.144,0.221,50.550,19.200,-42.300,31.1
19:26:16.285,580016,-9.768,0.072,-5.562,0.235,-0.273,0.358,48.600,21.000,-43.200,31.4
19:26:16.345,580070,-10.920,0.589,-6.079,-0.027,-0.418,0.216,48.600,21.000,-43.200,31.2
19:26:16.405,580124,-11.487,2.030,-5.844,0.102,-0.131,0.312,48.600,21.000,-43.200,31.2
19:26:16.405,580178,-13.688,0.903,-5.365,-0.327,-0.092,0.623,48.600,21.000,-43.200,31.3
19:26:16.463,580232,-12.294,0.752,-5.327,0.185,-0.360,0.683,48.600,26.850,-41.400,31.2
19:26:16.523,580286,-9.905,0.024,-4.348,-0.185,-0.221,0.550,48.600,26.850,-41.400,31.1
19:26:16.585,580340,-8.770,1.065,-3.797,0.275,-0.124,0.290,48.300,29.700,-40.500,30.9
19:26:16.643,580394,-8.135,-0.062,-3.565,-0.087,-0.098,-0.028,48.300,29.700,-40.500,31.4
19:26:16.705,580448,-8.037,0.292,-2.806,0.529,-0.344,-0.205,47.250,31.650,-39.000,31.2
19:26:16.765,580502,-7.046,-0.381,-2.662,0.467,-0.596,-0.308,47.250,31.650,-39.000,31.1
19:26:16.824,580556,-6.385,1.180,-3.261,0.275,-0.346,-0.297,49.350,27.900,-36.600,31.3
19:26:16.884,580610,-8.547,0.534,-2.624,0.099,-0.508,-0.426,49.350,27.900,-36.600,31.1
19:26:16.945,580664,-7.812,-0.721,-2.547,0.120,-0.551,-0.487,49.350,27.900,-36.600,31.3
19:26:17.005,580718,-9.029,1.176,-2.662,0.484,-0.467,-0.426,51.000,23.550,-31.350,31.4
19:26:17.005,580772,-7.503,-6.074,-2.531,-0.007,-0.633,-0.536,51.000,23.550,-31.350,31.2
19:26:17.065,580826,-8.399,0.297,-2.428,0.671,-0.411,-0.252,52.500,23.550,-29.250,31.2
19:26:17.124,580880,-8.030,-1.745,-1.683,0.475,-0.534,-0.191,52.500,23.550,-29.250,31.0
19:26:17.183,580934,-11.011,2.468,-1.824,0.060,-0.396,-0.521,52.500,23.550,-29.250,31.1
19:26:17.244,580988,-8.531,-2.993,-0.400,0.338,-1.076,-1.172,52.500,23.550,-29.250,31.2
19:26:17.305,581042,-7.154,-0.292,-0.007,-0.305,-0.818,-1.145,52.800,16.200,-22.650,31.3
19:26:17.363,581096,-8.289,1.733,-2.006,0.780,0.167,0.242,52.800,16.200,-22.650,31.3
19:26:17.423,581150,-8.485,-3.306,-0.539,-0.435,0.317,0.412,52.800,11.100,-18.600,31.6
19:26:17.483,581204,-10.487,-3.572,0.199,-0.161,0.229,0.135,52.800,11.100,-18.600,31.4
19:26:17.484,581258,-10.994,-2.310,-0.500,-0.159,-0.058,0.003,54.000,13.050,-21.450,31.1
19:26:17.543,581312,-9.436,-0.797,-2.035,-0.003,0.165,-0.006,51.900,13.650,-23.100,31.2
19:26:17.605,581366,-9.364,-2.088,-0.069,-0.658,0.035,0.140,51.900,13.650,-23.100,31.1
19:26:17.664,581420,-8.859,-1.595,-1.762,-0.244,0.231,0.103,51.900,13.650,-23.100,31.1
19:26:17.724,581474,-10.159,-0.757,-1.075,-0.517,0.330,-0.030,51.900,13.650,-23.100,31.3
19:26:17.845,581528,-10.142,-3.692,-0.752,-0.186,-0.172,0.001,52.650,14.850,-22.800,31.2
19:26:17.845,581582,-10.106,-2.569,-1.851,-0.070,-0.004,-0.162,52.650,14.850,-22.800,31.2
19:26:17.905,581636,-10.063,-1.736,-0.871,0.081,-0.077,-0.311,52.800,15.000,-22.650,31.4
19:26:17.965,581690,-9.222,-2.215,-1.178,0.398,-0.294,-0.615,52.800,15.000,-22.650,30.9
19:26:17.965,581744,-8.894,-1.049,-1.963,0.091,-0.031,-0.581,52.800,15.000,-22.650,31.0
19:26:18.023,581798,-8.540,-2.538,-1.805,0.326,0.183,-0.230,52.800,15.000,-22.650,31.2
19:26:18.085,581852,-9.306,-2.203,-1.544,-0.477,0.292,0.140,52.500,9.150,-20.100,31.1
19:26:18.143,581906,-9.843,-2.121,-0.958,-0.231,0.196,-0.029,52.050,10.350,-21.450,31.3
19:26:18.205,581960,-9.685,-2.772,-1.496,-0.367,0.039,-0.323,52.050,10.350,-21.450,31.1
19:26:18.265,582014,-9.203,-2.875,-1.762,-0.121,0.094,-0.250,53.250,8.100,-22.650,31.1
19:26:18.324,582068,-9.072,-2.598,-2.057,-0.007,0.086,0.003,53.250,8.100,-22.650,31.2
19:26:18.385,582122,-8.270,-2.066,-1.990,0.083,0.188,0.264,52.650,7.800,-23.550,31.1
19:26:18.443,582176,-7.482,0.239,-2.466,0.083,0.499,1.466,52.650,7.800,-23.550,31.1
19:26:18.503,582230,-7.398,-1.372,-2.777,-0.517,0.435,1.480,52.650,7.800,-23.550,31.0
19:26:18.565,582284,-8.689,-3.201,-2.705,-0.691,0.300,1.098,52.650,7.800,-23.550,31.2
19:26:18.565,582338,-9.100,3.177,-2.313,0.245,0.380,0.949,51.150,21.000,-28.200,31.1
19:26:18.624,582392,-8.657,-0.670,-4.240,-0.884,0.139,0.760,51.150,21.000,-28.200,30.9
19:26:18.685,582446,-8.763,1.362,-2.181,0.067,0.281,0.811,49.800,25.050,-31.050,31.2
19:26:18.743,582500,-8.708,-1.860,-2.698,-0.107,0.123,0.623,48.900,28.350,-31.200,31.1
19:26:18.803,582554,-10.053,2.320,-3.859,-0.220,0.246,0.464,48.900,28.350,-31.200,31.2
19:26:18.864,582608,-9.488,0.354,-2.787,0.070,0.373,0.395,48.900,31.500,-32.250,31.3
19:26:18.923,582662,-8.942,2.222,-3.014,-0.251,0.508,0.397,48.900,31.500,-32.250,31.0
19:26:18.984,582716,-9.519,1.566,-3.843,0.022,0.483,0.231,46.650,34.200,-34.800,30.8
19:26:19.045,582770,-8.780,1.887,-3.632,-0.096,0.300,0.327,46.650,34.200,-34.800,31.3
19:26:19.103,582824,-9.096,1.604,-4.338,-0.022,0.078,0.171,47.100,35.250,-37.050,31.1
19:26:19.104,582878,-9.704,2.397,-3.936,-0.033,-0.139,-0.061,47.100,35.250,-37.050,31.1
19:26:19.163,582932,-8.794,1.980,-4.796,0.224,-0.208,-0.118,45.750,34.350,-39.450,31.2
19:26:19.225,582986,-8.703,2.394,-4.056,0.099,-0.048,-0.115,45.750,34.350,-39.450,31.3
19:26:19.283,583040,-8.456,0.759,-4.424,-0.180,-0.069,-0.218,45.750,34.350,-39.450,31.3
19:26:19.344,583094,-9.148,2.435,-4.300,-0.195,-0.164,-0.340,46.650,31.500,-38.550,31.2
19:26:19.405,583148,-8.636,1.810,-3.687,-0.015,-0.040,-0.389,46.650,31.500,-38.550,30.8
19:26:19.465,583202,-9.230,1.168,-3.302,-0.009,0.014,-0.319,47.250,30.900,-36.900,31.0
19:26:19.523,583256,-9.017,1.015,-3.438,-0.087,-0.020,-0.304,47.250,30.900,-36.900,31.1
19:26:19.585,583310,-9.692,0.718,-3.682,-0.018,-0.026,-0.255,48.750,29.250,-35.700,31.3
19:26:19.586,583364,-9.591,0.970,-3.361,-0.199,-0.154,-0.076,48.750,29.250,-35.700,31.2
19:26:19.644,583418,-9.160,0.694,-4.053,-0.105,-0.085,-0.252,48.150,27.900,-36.600,31.3
19:26:19.705,583472,-9.357,1.058,-4.046,-0.059,0.099,-0.253,48.150,27.900,-36.600,31.0
19:26:19.763,583526,-9.491,0.836,-3.397,-0.173,0.003,-0.292,49.350,27.600,-36.300,31.4
19:26:19.824,583580,-9.134,1.439,-3.766,-0.015,-0.018,-0.249,49.350,27.600,-36.300,31.3
19:26:19.885,583634,-9.778,0.721,-3.572,-0.168,0.027,-0.237,51.150,26.400,-36.000,31.1
19:26:19.944,583688,-9.790,0.905,-3.764,-0.145,0.173,-0.134,51.150,26.400,-36.000,31.2
19:26:20.004,583742,-9.704,0.520,-3.644,-0.105,0.092,-0.169,50.100,25.650,-36.300,31.2
19:26:20.063,583796,-8.811,0.438,-3.661,-0.044,0.223,-0.103,50.100,25.650,-36.300,31.2
19:26:20.123,583850,-8.856,0.232,-3.503,-0.005,0.170,-0.137,50.100,25.650,-36.300,31.2
19:26:20.124,583904,-8.880,0.539,-3.725,-0.038,0.055,-0.156,51.900,24.900,-37.050,31.3
19:26:20.183,583958,-9.316,0.148,-3.891,0.108,-0.004,-0.231,51.900,24.900,-37.050,31.2
19:26:20.245,584012,-9.570,0.479,-4.317,0.026,-0.076,-0.153,50.400,23.700,-37.050,31.3
19:26:20.303,584066,-9.412,0.381,-4.264,0.077,-0.055,-0.070,50.400,23.700,-37.050,31.2
19:26:20.365,584120,-9.124,0.395,-3.752,0.048,-0.057,-0.139,50.400,21.750,-37.800,31.2
19:26:20.424,584174,-8.897,-0.038,-3.661,0.032,-0.117,-0.130,50.400,21.750,-37.800,31.3
19:26:20.484,584228,-8.825,-0.395,-3.510,0.059,-0.152,-0.139,50.100,21.750,-36.000,31.2
19:26:20.545,584282,-8.712,-0.168,-3.443,0.174,-0.100,-0.113,50.100,21.750,-36.000,31.2
19:26:20.605,584336,-8.605,-0.266,-3.306,0.165,-0.062,-0.050,50.100,21.750,-36.000,31.2
19:26:20.664,584390,-8.284,-0.168,-3.239,0.211,-0.020,0.031,52.800,20.850,-36.450,31.1
19:26:20.664,584444,-8.365,-0.469,-3.287,0.236,0.015,0.037,52.800,20.850,-36.450,31.1
19:26:20.783,584498,-9.749,-0.402,-3.517,0.228,0.011,-0.051,53.400,19.500,-36.300,31.3
19:26:20.784,584552,-13.877,-0.939,-5.241,0.370,0.004,0.039,53.400,19.500,-36.300,31.1
19:26:20.844,584606,-15.866,1.544,-6.821,0.198,-0.122,0.354,53.400,19.500,-36.300,31.1
19:26:20.903,584660,-13.963,0.543,-5.557,0.019,0.003,0.981,53.400,19.500,-36.300,31.3
19:26:20.965,584714,-10.312,1.240,-4.211,-0.108,0.232,1.222,51.600,21.000,-36.600,31.2
19:26:21.025,584768,-9.074,-0.290,-3.333,-0.240,0.256,0.677,51.600,21.000,-36.600,31.1
19:26:21.083,584822,-8.301,1.791,-2.883,0.051,-0.029,0.211,48.300,28.950,-37.950,31.2
19:26:21.144,584876,-8.827,0.261,-2.674,0.183,-0.283,0.220,48.300,28.950,-37.950,31.3
19:26:21.203,584930,-8.545,0.067,-3.304,0.147,-0.463,0.152,48.300,28.950,-37.950,31.3
19:26:21.204,584984,-7.827,1.836,-3.730,0.177,-0.377,0.042,48.300,30.150,-34.350,31.2
19:26:21.263,585038,-7.901,0.584,-2.806,0.436,-0.113,-0.318,48.300,30.150,-34.350,31.0
19:26:21.323,585092,-9.043,1.372,-2.327,-0.054,0.002,-0.583,47.850,29.550,-33.750,30.8
19:26:21.443,585146,-8.727,0.156,-2.878,0.294,-0.085,-0.663,47.850,29.550,-33.750,31.2
19:26:21.444,585200,-8.823,-1.149,-3.227,0.033,-0.249,-0.641,48.900,28.350,-33.000,31.2
19:26:21.503,585254,-8.751,2.081,-3.486,0.154,-0.241,-0.813,48.900,28.350,-33.000,31.3
19:26:21.563,585308,-9.268,0.855,-2.452,0.321,-0.296,-0.937,50.850,23.700,-30.750,31.3
19:26:21.624,585362,-7.159,-2.382,-2.176,0.078,-0.798,-0.818,50.850,23.700,-30.750,31.2
19:26:21.684,585416,-8.483,0.462,-1.437,0.549,-0.268,-0.479,50.850,23.700,-30.750,30.9
19:26:21.745,585470,-7.870,-0.891,-1.889,0.384,-0.230,-0.258,50.850,23.700,-30.750,31.3
19:26:21.803,585524,-9.440,-0.362,-2.028,-0.289,-0.008,-0.254,51.600,17.550,-24.900,31.0
19:26:21.804,585578,-10.254,-1.645,-1.999,-0.306,-0.200,-0.739,52.800,14.550,-27.750,31.1
19:26:21.865,585632,-8.981,-1.942,-1.877,-0.444,-0.781,-1.489,52.800,14.550,-27.750,31.4
19:26:21.923,585686,-7.834,-3.649,-2.808,1.034,-0.525,-1.164,52.800,14.550,-27.750,31.3
19:26:21.984,585740,-8.056,-1.109,-2.440,0.019,0.173,0.322,52.800,14.550,-27.750,31.2
19:26:22.045,585794,-8.641,-4.439,-2.294,-0.592,0.244,0.016,54.150,6.300,-21.000,31.2
19:26:22.104,585848,-9.855,-3.333,-0.965,-0.402,0.065,-0.059,54.150,6.300,-21.000,31.2
19:26:22.163,585902,-9.457,-2.787,-2.102,0.263,-0.199,-0.227,54.300,6.900,-22.200,31.4
19:26:22.285,585956,-9.328,-2.682,-1.870,-0.341,0.024,-0.023,54.300,6.900,-22.200,31.3
19:26:22.285,586010,-8.935,-2.986,-0.977,-0.079,0.078,-0.046,53.250,4.950,-22.200,31.0
19:26:22.286,586064,-8.866,-2.610,-1.662,-0.052,0.244,0.118,53.250,4.950,-22.200,31.1
19:26:22.403,586118,-9.311,-3.223,-2.052,-0.399,0.219,0.108,52.800,4.500,-23.400,31.3
19:26:22.404,586172,-9.510,-3.670,-1.937,-0.224,0.096,-0.010,52.800,4.500,-23.400,31.1
19:26:22.463,586226,-9.299,-4.539,-1.923,0.077,-0.018,-0.170,52.800,4.500,-23.400,31.4
19:26:22.523,586280,-9.527,-2.660,-2.835,0.185,0.096,-0.023,52.650,5.550,-23.100,31.2
19:26:22.584,586334,-9.148,-2.794,-1.638,-0.038,0.023,-0.090,52.650,5.550,-23.100,31.3
19:26:22.643,586388,-9.141,-2.895,-1.954,0.132,0.074,-0.118,54.000,5.700,-24.750,31.3
19:26:22.705,586442,-9.143,-3.405,-1.671,-0.065,0.024,-0.062,54.000,5.700,-24.750,31.2
19:26:22.763,586496,-9.182,-2.921,-2.224,-0.241,0.039,-0.022,54.000,5.700,-24.750,31.1
19:26:22.823,586550,-9.225,-3.457,-2.143,-0.509,-0.002,-0.045,54.000,5.700,-24.750,31.1
19:26:22.824,586604,-9.184,-3.251,-2.732,-0.230,-0.084,0.128,53.400,4.800,-24.600,31.2
19:26:22.885,586658,-9.179,-3.148,-3.136,-0.157,-0.037,-0.118,53.400,4.800,-24.600,31.3
19:26:22.945,586712,-8.643,-2.418,-2.358,-0.102,-0.012,-0.001,53.400,6.300,-24.900,31.4
19:26:23.004,586766,-8.554,-2.775,-2.598,-0.191,0.082,0.242,53.400,6.300,-24.900,31.1
19:26:23.065,586820,-8.373,-2.813,-2.234,0.142,0.136,0.332,53.400,8.250,-26.850,31.1
19:26:23.124,586874,-7.676,-2.619,-2.440,0.637,0.062,0.852,53.700,8.250,-26.400,31.4
19:26:23.184,586928,-8.176,-0.005,-2.670,1.008,0.105,1.112,53.700,8.250,-26.400,31.3
19:26:23.244,586982,-8.272,0.369,-2.660,-0.488,0.340,1.436,53.700,8.250,-26.400,31.1
19:26:23.304,587036,-9.428,-2.567,-2.030,0.218,0.327,0.847,53.700,8.250,-26.400,31.1
19:26:23.363,587090,-9.120,-1.197,-2.495,-0.081,0.305,0.836,52.800,20.400,-29.550,31.2
19:26:23.364,587144,-8.837,1.149,-3.302,0.573,0.418,0.814,52.800,20.400,-29.550,31.3
19:26:23.424,587198,-10.168,-0.091,-2.452,0.273,0.220,0.605,51.150,24.150,-31.200,31.3
19:26:23.483,587252,-8.856,0.778,-3.838,0.443,0.429,0.566,51.150,24.150,-31.200,31.3
19:26:23.545,587306,-9.062,0.144,-3.268,0.115,0.212,0.392,49.800,28.200,-36.150,31.3
19:26:23.605,587360,-9.278,0.594,-3.400,0.608,0.130,0.294,49.800,28.200,-36.150,31.4
19:26:23.663,587414,-9.431,0.464,-2.993,0.420,0.025,0.291,49.350,29.850,-39.300,31.1
19:26:23.723,587468,-9.043,1.700,-3.960,0.404,-0.187,0.116,48.750,29.700,-39.750,31.3
19:26:23.783,587522,-9.591,0.560,-4.152,0.101,-0.147,0.120,48.750,29.700,-39.750,31.5
19:26:23.843,587576,-9.529,0.893,-3.967,0.319,-0.111,0.014,48.000,29.250,-39.000,31.2
19:26:23.903,587630,-9.795,1.317,-4.106,-0.173,0.173,-0.059,48.000,29.250,-39.000,31.2
19:26:23.904,587684,-9.792,1.367,-4.092,-0.129,0.364,-0.032,51.000,29.700,-40.950,31.2
19:26:23.963,587738,-9.467,-0.508,-3.850,-0.160,0.121,-0.062,51.000,29.700,-40.950,31.2
19:26:24.023,587792,-9.586,0.543,-4.492,-0.147,0.024,0.021,51.000,29.700,-40.950,31.2
19:26:24.085,587846,-9.890,1.015,-4.116,-0.101,-0.206,-0.071,51.000,29.700,-40.950,31.4
19:26:24.143,587900,-9.938,0.558,-3.836,-0.008,-0.142,0.058,48.750,29.250,-39.000,31.0
19:26:24.204,587954,-9.263,1.180,-3.757,0.004,-0.105,0.116,48.750,29.250,-39.000,31.1
19:26:24.264,588008,-8.993,1.073,-3.021,-0.103,-0.048,0.158,48.750,28.500,-37.950,31.1
19:26:24.323,588062,-9.383,0.776,-3.139,-0.082,-0.158,0.116,49.050,28.500,-36.900,31.3
19:26:24.383,588116,-9.182,0.991,-3.110,0.051,-0.321,0.135,49.050,28.500,-36.900,31.5
19:26:24.444,588170,-9.304,1.082,-3.567,-0.179,-0.188,0.078,48.150,30.300,-38.550,31.4
19:26:24.445,588224,-9.711,1.820,-3.098,-0.029,-0.002,-0.077,48.150,30.300,-38.550,31.4
19:26:24.505,588278,-9.639,1.228,-2.962,0.085,0.059,-0.138,48.000,29.250,-37.650,31.4
19:26:24.565,588332,-9.522,0.529,-2.270,-0.011,0.050,-0.095,48.000,29.250,-37.650,31.1
19:26:24.625,588386,-9.653,1.448,-3.539,-0.139,0.019,0.054,47.100,27.900,-36.600,31.1
19:26:24.684,588440,-9.768,1.391,-3.318,-0.064,-0.009,0.076,47.100,27.900,-36.600,31.0
19:26:24.745,588494,-9.457,1.393,-3.105,0.014,-0.237,0.064,47.250,28.500,-37.950,31.5
19:26:24.804,588548,-9.100,1.427,-3.012,0.013,-0.306,0.019,47.250,28.500,-37.950,31.1
19:26:24.864,588602,-9.009,1.020,-2.856,-0.162,-0.222,-0.093,47.250,28.500,-37.950,31.2
19:26:24.925,588656,-9.577,1.702,-2.241,-0.131,-0.131,-0.135,49.050,27.000,-35.700,31.3
19:26:24.983,588710,-9.706,0.172,-3.201,-0.124,-0.152,-0.057,49.050,27.000,-35.700,31.2
19:26:24.984,588764,-9.972,2.425,-3.189,-0.119,0.004,-0.133,49.350,27.600,-36.000,31.2
19:26:25.043,588818,-9.201,1.379,-2.679,0.020,0.052,-0.266,49.350,27.600,-36.000,31.2
19:26:25.103,588872,-9.246,1.494,-2.346,-0.012,-0.022,-0.309,50.250,25.800,-34.650,31.0
19:26:25.163,588926,-9.009,-0.306,-2.138,0.001,-0.187,-0.459,50.250,25.800,-34.650,31.0
19:26:25.223,588980,-8.933,0.900,-2.406,-0.066,-0.081,-0.335,50.850,24.900,-33.750,31.3
19:26:25.283,589034,-10.410,0.922,-2.938,0.187,0.274,-0.491,50.850,24.900,-33.750,31.1
19:26:25.345,589088,-15.809,1.678,-4.865,-0.307,0.454,-0.019,50.850,24.900,-33.750,31.3
19:26:25.405,589142,-15.036,2.792,-5.600,-0.095,0.438,0.237,50.850,24.900,-33.750,31.3
19:26:25.524,589196,-11.856,1.267,-3.706,-0.104,0.469,0.328,49.500,23.550,-36.900,31.2
19:26:25.525,589250,-10.080,-0.065,-2.890,-0.338,0.217,0.427,49.500,23.550,-36.900,31.3
19:26:25.526,589304,-10.025,1.180,-3.409,-0.310,0.159,0.316,49.650,28.350,-38.850,31.3
19:26:25.583,589358,-8.863,1.085,-3.146,0.206,-0.195,0.045,49.650,28.350,-38.850,31.1
19:26:25.644,589412,-8.169,-1.472,-2.856,0.321,-0.269,-0.308,49.650,28.350,-38.850,31.2
19:26:25.705,589466,-8.279,1.913,-1.669,-0.018,0.022,-0.421,47.850,29.850,-36.600,31.2
19:26:25.765,589520,-8.006,0.419,-2.799,-0.287,0.147,-0.529,47.850,29.850,-36.600,31.1
19:26:25.824,589574,-8.724,0.536,-2.526,-0.429,-0.155,-0.699,48.600,28.350,-36.600,31.4
19:26:25.883,589628,-8.748,0.136,-2.820,-0.206,-0.351,-0.468,48.600,28.350,-36.600,31.3
19:26:25.944,589682,-7.697,0.692,-3.474,0.004,-0.153,-0.408,50.400,26.100,-32.250,31.3
19:26:26.003,589736,-7.817,-0.419,-2.164,-0.122,-0.304,-0.373,50.400,26.100,-32.250,31.2
19:26:26.063,589790,-9.481,-0.017,-1.697,-0.116,-0.256,-0.416,51.600,22.500,-30.750,31.3
19:26:26.065,589844,-8.638,-1.640,-2.406,-0.496,-0.424,-0.584,51.600,22.500,-30.750,31.1
19:26:26.184,589898,-8.301,0.156,-2.207,0.073,-0.268,-0.409,51.600,22.500,-30.750,31.3
19:26:26.185,589952,-9.122,0.074,-2.009,0.114,-0.225,-0.479,54.000,18.900,-27.750,31.4
19:26:26.245,590006,-10.020,1.628,-2.780,0.096,-0.193,-0.517,54.000,18.900,-27.750,31.2
19:26:26.304,590060,-9.146,-3.625,-1.595,-0.037,-0.514,-0.937,52.350,14.850,-26.100,31.3
19:26:26.363,590114,-7.870,-0.290,-3.421,0.705,-0.541,-1.788,52.350,14.850,-26.100,31.3
19:26:26.423,590168,-7.781,-3.182,0.453,2.425,-0.222,-0.933,52.350,14.850,-26.100,31.1
19:26:26.483,590222,-6.919,1.872,-3.263,-0.797,0.488,0.629,52.350,14.850,-26.100,31.2
19:26:26.544,590276,-9.388,-2.452,-3.807,-0.303,0.504,0.285,53.400,6.750,-22.050,30.9
19:26:26.605,590330,-10.348,-3.922,0.141,-1.020,0.064,-0.218,53.400,6.750,-22.050,31.0
19:26:26.605,590384,-9.206,-3.498,-2.085,0.683,0.040,0.027,54.900,6.750,-23.850,31.2
19:26:26.665,590438,-8.952,-2.203,-2.684,-0.226,0.126,-0.031,54.900,6.750,-23.850,31.2
19:26:26.725,590492,-8.763,-3.682,-0.824,-0.242,0.155,0.250,55.200,6.300,-24.600,31.1
19:26:26.784,590546,-9.148,-1.053,-2.614,0.097,0.113,-0.031,53.100,8.250,-22.800,31.2
19:26:26.903,590600,-9.230,-3.014,-1.980,0.103,0.183,-0.081,53.100,8.250,-22.800,31.2
19:26:26.963,590654,-9.673,-3.455,-2.064,-0.157,0.068,0.151,53.100,8.250,-22.800,31.1
19:26:26.964,590708,-9.043,-2.614,-3.402,-0.004,0.104,0.013,53.100,8.250,-22.800,31.4
19:26:27.023,590762,-9.352,-2.679,-2.744,-0.046,0.106,0.128,54.750,6.900,-25.950,31.0
19:26:27.085,590816,-9.175,-2.318,-2.686,-0.166,0.025,0.095,54.750,6.900,-25.950,31.2
19:26:27.143,590870,-9.041,-2.528,-2.100,0.234,-0.016,0.073,54.150,10.200,-25.650,31.3
19:26:27.144,590924,-9.005,-2.480,-2.351,-0.048,-0.008,0.002,54.150,10.200,-25.650,31.1
19:26:27.205,590978,-8.078,-3.895,-2.093,0.365,-0.060,-0.070,54.150,10.200,-25.650,31.2
19:26:27.323,591032,-8.037,-2.081,-1.951,0.312,0.125,0.478,54.150,10.200,-25.650,31.3
19:26:27.324,591086,-8.507,-0.690,-2.514,0.253,0.299,1.330,55.200,7.500,-25.350,31.3
19:26:27.383,591140,-11.849,2.722,-1.286,0.183,0.268,0.690,53.550,14.550,-28.800,31.2
19:26:27.444,591194,-8.703,-4.166,-2.567,0.179,-0.113,0.455,53.550,14.550,-28.800,31.2
19:26:27.503,591248,-8.128,1.597,-3.019,0.496,0.355,0.608,55.050,19.200,-28.800,31.1
19:26:27.563,591302,-8.033,-0.692,-1.358,-0.227,0.362,0.657,55.050,19.200,-28.800,30.9
19:26:27.625,591356,-7.887,-1.848,-2.365,0.633,0.495,0.701,52.800,23.550,-31.800,31.3
19:26:27.683,591410,-8.813,-0.385,-2.945,-0.094,0.461,0.743,52.800,23.550,-31.800,31.2
19:26:27.684,591464,-8.780,-0.402,-4.367,0.572,0.248,0.680,52.800,23.550,-31.800,31.1
19:26:27.744,591518,-9.218,-0.838,-2.957,0.552,0.416,0.486,52.800,23.550,-31.800,31.4
19:26:27.804,591572,-9.354,1.322,-3.376,0.487,0.522,0.442,49.500,30.150,-40.200,31.4
19:26:27.863,591626,-8.380,-0.402,-4.326,0.331,0.416,0.293,49.500,30.150,-40.200,31.3
19:26:27.923,591680,-10.156,1.159,-5.272,-0.292,0.337,0.007,47.850,33.450,-42.900,31.3
19:26:27.983,591734,-9.270,0.318,-4.219,-0.084,0.282,0.014,47.850,33.450,-42.900,31.0
19:26:28.043,591788,-8.854,0.026,-4.460,0.067,0.261,0.152,47.850,33.450,-42.900,31.1
19:26:28.104,591842,-9.175,0.338,-4.743,-0.484,0.053,0.131,48.900,30.300,-43.200,31.2
19:26:28.163,591896,-9.120,1.219,-5.011,-0.463,0.030,0.080,48.900,30.300,-43.200,31.4
19:26:28.224,591950,-9.261,1.721,-4.221,-0.432,0.030,0.142,46.650,31.800,-43.650,31.3
19:26:28.225,592004,-8.787,1.180,-4.587,-0.213,0.033,0.021,46.650,31.800,-43.650,31.2
19:26:28.283,592058,-8.617,-0.005,-5.171,-0.371,-0.065,-0.026,47.700,33.900,-44.850,31.3
19:26:28.344,592112,-9.467,1.604,-4.338,-0.353,-0.014,-0.083,47.700,33.900,-44.850,31.2
19:26:28.404,592166,-8.554,0.357,-4.673,-0.590,0.085,-0.184,47.850,34.950,-43.650,31.4
19:26:28.464,592220,-8.612,1.774,-3.618,-0.375,0.280,-0.159,47.850,34.950,-43.650,31.1
19:26:28.525,592274,-8.080,0.007,-4.243,-0.304,-0.009,-0.132,48.000,33.600,-41.550,31.2
19:26:28.584,592328,-8.698,1.963,-3.864,0.005,0.075,-0.010,48.000,33.600,-41.550,31.2
19:26:28.644,592382,-8.270,0.400,-4.152,0.109,0.103,-0.153,47.400,33.750,-44.400,31.4
19:26:28.705,592436,-8.313,0.919,-4.580,0.162,0.361,-0.088,47.700,32.850,-45.300,31.1
19:26:28.763,592490,-8.207,0.259,-5.207,0.101,0.349,-0.292,47.700,32.850,-45.300,31.2
19:26:28.764,592544,-8.363,1.578,-5.751,0.249,0.210,-0.437,47.700,32.850,-45.300,31.3
19:26:28.823,592598,-8.526,1.003,-5.727,0.292,0.337,-0.483,47.700,32.850,-45.300,31.3
19:26:28.885,592652,-9.306,0.644,-5.849,0.078,0.124,-0.257,46.950,28.200,-48.150,31.2
19:26:28.943,592706,-8.801,-0.192,-5.511,0.114,-0.574,-0.103,46.950,28.200,-48.150,31.0
19:26:29.003,592760,-8.128,0.369,-5.519,-0.127,-0.550,0.121,48.150,25.200,-46.500,31.4
19:26:29.063,592814,-9.098,0.587,-4.736,0.111,-0.126,0.322,48.150,25.200,-46.500,31.3
19:26:29.123,592868,-9.680,1.006,-4.436,-0.033,0.130,0.564,47.850,25.650,-45.150,31.2
19:26:29.183,592922,-8.394,0.280,-4.717,-0.009,0.119,0.398,47.850,25.650,-45.150,31.3
19:26:29.244,592976,-7.458,1.362,-5.155,-0.084,0.312,0.165,47.100,31.050,-46.950,31.1
19:26:29.303,593030,-7.968,0.895,-4.772,0.039,0.368,0.019,46.500,30.900,-48.150,31.4
19:26:29.304,593084,-8.590,1.125,-4.877,0.119,0.135,0.055,46.500,30.900,-48.150,31.3
19:26:29.364,593138,-8.911,1.743,-5.380,0.258,-0.029,0.097,47.250,29.250,-46.350,31.2
19:26:29.425,593192,-8.365,1.537,-5.531,0.191,-0.066,0.035,47.250,29.250,-46.350,31.1
19:26:29.484,593246,-8.557,1.075,-5.088,0.160,-0.125,-0.037,45.750,30.150,-48.600,31.2
19:26:29.543,593300,-8.296,0.950,-4.834,0.151,-0.200,-0.007,45.750,30.150,-48.600,31.2
19:26:29.605,593354,-7.848,0.603,-4.575,0.144,-0.325,-0.099,45.750,30.150,-48.600,31.4
19:26:29.665,593408,-7.542,0.239,-4.738,0.126,-0.167,0.024,45.750,30.150,-48.600,31.4
19:26:29.723,593462,-7.305,0.397,-4.480,0.200,0.072,0.057,49.050,29.250,-45.300,31.1
19:26:29.785,593516,-8.665,-0.508,-4.906,0.035,-0.104,-0.088,49.050,29.250,-45.300,31.1
19:26:29.844,593570,-10.870,1.956,-7.168,0.095,0.133,-0.286,48.600,29.550,-45.450,31.3
19:26:29.845,593624,-14.772,0.160,-8.554,0.047,0.007,-0.053,48.600,29.550,-45.450,31.1
19:26:29.905,593678,-15.002,2.354,-8.722,-0.095,-0.217,0.351,48.600,29.550,-45.450,31.0
19:26:29.963,593732,-10.819,0.749,-6.124,-0.399,-0.342,0.705,47.100,30.300,-45.450,31.1
19:26:30.023,593786,-9.131,1.882,-4.353,-0.210,-0.172,0.570,47.100,30.300,-45.450,31.3
19:26:30.085,593840,-7.568,0.517,-3.601,0.013,-0.304,-0.026,46.500,34.350,-43.050,31.4
19:26:30.144,593894,-7.494,1.348,-3.366,0.178,-0.157,-0.323,46.500,34.350,-43.050,31.3
19:26:30.205,593948,-7.338,-0.019,-2.705,0.081,-0.134,-0.488,47.100,33.750,-40.650,31.3
19:26:30.265,594002,-8.011,0.213,-2.739,0.315,-0.211,-0.521,47.100,33.750,-40.650,31.3
19:26:30.323,594056,-8.203,0.160,-3.658,-0.173,-0.295,-0.563,47.700,31.650,-40.950,31.2
19:26:30.383,594110,-8.042,-1.946,-2.375,0.389,-0.342,-0.489,47.700,31.650,-40.950,31.1
19:26:30.384,594164,-7.604,-1.980,-2.456,-0.160,-0.423,-0.340,47.700,31.650,-40.950,31.0
19:26:30.443,594218,-8.813,1.767,-3.591,0.074,-0.272,-0.578,47.700,31.650,-40.950,31.5
19:26:30.505,594272,-8.255,-2.612,-2.533,0.277,-0.479,-0.350,49.800,25.500,-37.200,31.1
19:26:30.565,594326,-8.734,-0.704,-2.456,0.307,-0.564,-0.527,50.550,22.800,-35.400,31.3
19:26:30.623,594380,-6.881,0.136,-2.928,0.884,-0.618,-0.558,50.550,22.800,-35.400,31.3
19:26:30.684,594434,-7.649,-0.953,-2.770,-0.360,-0.687,-0.740,50.550,22.800,-35.400,31.3
19:26:30.745,594488,-8.638,1.144,-1.391,0.860,-0.756,-0.981,50.550,22.800,-35.400,31.5
19:26:30.804,594542,-7.159,-4.044,-2.270,0.581,-0.877,-1.198,54.300,13.800,-27.300,31.2
19:26:30.864,594596,-9.412,0.146,-0.505,0.414,0.208,0.184,54.300,13.800,-27.300,31.0
19:26:30.983,594650,-7.985,-3.510,-1.736,-0.382,0.465,0.655,53.550,10.350,-24.450,31.1
19:26:30.984,594704,-10.681,-3.021,-0.472,-0.292,0.184,-0.085,53.550,10.350,-24.450,31.4
19:26:30.985,594758,-9.737,-1.307,-1.255,-0.185,-0.031,-0.024,54.150,12.150,-27.150,30.9
19:26:31.043,594812,-9.105,-0.697,-3.172,-0.052,0.184,-0.078,54.150,12.150,-27.150,31.3
19:26:31.105,594866,-9.222,-2.636,-1.235,-0.303,0.136,-0.003,53.250,13.050,-28.050,31.2
19:26:31.163,594920,-9.618,-2.174,-2.069,-0.067,-0.062,-0.138,53.250,13.050,-28.050,31.1
19:26:31.224,594974,-8.983,-3.074,-1.946,-0.025,-0.025,-0.138,53.250,13.050,-28.050,31.2
19:26:31.285,595028,-8.940,-2.713,-2.181,-0.055,0.128,0.039,53.700,10.950,-28.650,31.4
19:26:31.344,595082,-9.062,-2.373,-1.908,0.064,0.172,0.095,53.700,10.950,-28.650,31.1
19:26:31.403,595136,-8.842,-2.947,-2.095,-0.292,0.132,-0.030,54.300,12.750,-27.300,31.0
19:26:31.523,595190,-9.110,-2.449,-2.646,0.211,0.325,0.056,54.300,12.750,-27.300,31.3
19:26:31.524,595244,-9.538,-2.978,-2.394,0.186,0.054,-0.054,54.300,12.750,-27.300,31.4
19:26:31.525,595298,-9.163,-2.212,-2.952,-0.038,0.058,-0.177,54.300,12.750,-27.300,31.3
19:26:31.583,595352,-9.340,-2.612,-2.818,0.207,-0.030,-0.072,54.300,11.550,-30.300,31.2
19:26:31.644,595406,-8.131,-2.820,-2.552,0.474,0.067,0.027,54.300,11.550,-30.300,31.2
19:26:31.705,595460,-6.505,-1.856,-2.263,0.599,0.212,0.866,53.700,10.500,-29.700,31.3
19:26:31.765,595514,-5.567,0.213,-4.575,-0.292,0.680,1.372,52.650,13.200,-32.250,31.2
19:26:31.825,595568,-7.635,-6.823,-1.020,-1.193,0.463,1.248,52.650,13.200,-32.250,31.2
19:26:31.885,595622,-9.972,0.745,-3.558,-0.035,0.304,0.770,51.600,22.950,-36.600,31.3
19:26:31.943,595676,-7.896,-1.736,-3.328,0.100,0.220,0.725,51.600,22.950,-36.600,31.4
19:26:32.003,595730,-8.598,-0.709,-3.584,-0.511,0.325,0.523,49.500,26.550,-37.200,31.2
19:26:32.004,595784,-8.459,-1.434,-3.826,0.337,0.253,0.397,49.500,26.550,-37.200,31.1
19:26:32.064,595838,-9.400,1.123,-3.484,0.233,0.377,0.260,50.100,31.050,-40.350,31.5
19:26:32.124,595892,-8.780,-0.654,-3.926,0.300,0.277,0.122,50.100,31.050,-40.350,31.2
19:26:32.184,595946,-8.768,1.437,-4.472,0.431,0.582,0.019,48.750,32.400,-43.500,31.2
19:26:32.245,596000,-8.990,0.079,-4.187,-0.010,0.155,0.001,48.750,32.400,-43.500,31.3
19:26:32.305,596054,-8.801,1.494,-5.035,-0.021,0.180,0.005,48.750,32.400,-43.500,31.1
19:26:32.364,596108,-8.710,0.378,-4.293,0.300,-0.032,-0.034,48.150,31.500,-46.500,31.4
19:26:32.423,596162,-9.926,1.580,-4.401,-0.217,0.115,-0.216,48.150,31.500,-46.500,31.4
19:26:32.483,596216,-8.894,-0.271,-4.518,0.166,0.114,-0.333,49.650,30.600,-44.400,31.3
19:26:32.604,596270,-9.459,1.123,-4.575,-0.172,0.328,-0.342,49.650,30.600,-44.400,31.4
19:26:32.605,596324,-10.080,0.101,-5.179,-0.126,0.169,-0.185,49.650,30.600,-44.400,31.3
19:26:32.606,596378,-9.553,-0.060,-5.437,-0.185,-0.089,-0.105,49.650,30.600,-44.400,31.4
19:26:32.663,596432,-9.105,0.725,-5.614,-0.160,-0.088,-0.102,47.700,28.500,-46.350,31.1
19:26:32.725,596486,-8.327,-0.268,-5.001,0.089,-0.025,-0.146,47.700,28.500,-46.350,30.9
19:26:32.785,596540,-8.380,0.086,-5.241,0.015,-0.035,-0.047,47.850,27.900,-46.950,31.1
19:26:32.844,596594,-8.095,-0.855,-4.808,0.011,0.227,-0.061,47.850,27.900,-46.950,31.4
19:26:32.904,596648,-8.270,-0.493,-4.705,-0.005,0.355,-0.013,46.950,27.000,-46.350,31.4
19:26:32.965,596702,-8.739,-0.285,-5.303,-0.149,0.268,0.070,46.950,27.000,-46.350,31.2
19:26:33.023,596756,-9.239,-0.249,-5.203,-0.124,0.221,0.055,47.250,26.250,-47.400,31.3
19:26:33.083,596810,-8.480,-0.012,-5.784,-0.140,0.240,0.015,46.200,26.250,-47.850,31.3
19:26:33.084,596864,-8.420,-0.955,-5.452,-0.143,0.243,-0.099,46.200,26.250,-47.850,31.2
19:26:33.144,596918,-8.760,-0.718,-5.301,0.002,0.197,-0.080,45.450,26.250,-48.900,31.3
19:26:33.203,596972,-8.993,-0.646,-5.464,-0.130,0.091,0.044,45.450,26.250,-48.900,31.1
19:26:33.264,597026,-8.329,-0.256,-5.329,-0.198,-0.097,0.263,46.500,26.250,-49.650,31.2
19:26:33.323,597080,-8.339,0.627,-5.071,-0.141,-0.109,0.197,46.500,26.250,-49.650,31.3
19:26:33.383,597134,-8.480,0.620,-5.066,-0.047,-0.260,0.102,46.500,26.250,-49.650,31.2
19:26:33.445,597188,-7.738,0.022,-5.243,-0.160,-0.156,-0.007,46.500,26.250,-49.650,31.4
19:26:33.503,597242,-8.250,1.135,-5.437,-0.014,0.203,-0.050,45.750,27.750,-48.150,31.3
19:26:33.565,597296,-8.164,-0.053,-5.152,-0.093,0.167,-0.009,45.750,27.750,-48.150,31.2
19:26:33.623,597350,-7.772,0.395,-4.877,0.112,0.152,-0.082,44.850,27.150,-47.700,31.2
19:26:33.624,597404,-7.764,0.412,-5.502,0.162,0.209,-0.082,44.850,27.150,-47.700,31.3
19:26:33.684,597458,-8.023,1.202,-5.483,0.314,0.420,-0.032,44.850,27.150,-47.700,31.0
19:26:33.744,597512,-8.590,0.804,-5.993,0.327,0.414,0.016,44.100,25.650,-50.250,31.2
19:26:33.803,597566,-8.468,1.341,-6.163,0.236,0.165,0.261,44.100,25.650,-50.250,31.2
19:26:33.864,597620,-8.006,1.384,-6.215,0.227,-0.228,0.313,42.150,27.900,-53.100,31.3
19:26:33.924,597674,-7.635,1.267,-5.954,0.204,-0.116,0.283,42.150,27.900,-53.100,31.2
19:26:33.983,597728,-7.661,1.123,-5.701,0.100,-0.133,0.092,43.650,26.400,-51.600,31.0
19:26:34.045,597782,-7.879,1.274,-5.737,0.057,-0.112,0.071,43.650,26.400,-51.600,31.3
19:26:34.104,597836,-7.705,0.771,-5.691,-0.055,0.017,0.099,43.500,28.200,-51.150,31.4
19:26:34.163,597890,-8.253,1.113,-5.832,-0.098,0.017,0.192,43.500,28.200,-51.150,31.1
19:26:34.165,597944,-8.100,0.493,-5.966,-0.104,-0.086,0.289,43.500,28.200,-51.150,31.0
19:26:34.225,597998,-7.910,1.398,-5.885,0.023,-0.167,0.272,43.500,28.200,-50.700,31.2
19:26:34.284,598052,-7.446,1.283,-5.737,-0.026,-0.237,0.189,43.500,28.200,-50.700,31.4
19:26:34.344,598106,-7.274,1.214,-5.171,-0.023,-0.238,0.106,44.700,29.250,-51.150,31.3
19:26:34.403,598160,-7.053,0.682,-5.148,-0.035,-0.172,-0.004,44.700,29.250,-51.150,31.2
19:26:34.464,598214,-8.114,1.525,-6.158,-0.111,-0.109,-0.250,44.700,29.250,-51.150,31.2
19:26:34.524,598268,-11.243,1.324,-7.848,-0.629,0.027,-0.188,44.700,29.250,-51.150,31.3
19:26:34.584,598322,-13.350,2.116,-8.133,-0.099,-0.063,-0.245,44.250,27.450,-49.650,31.6
19:26:34.644,598376,-13.106,1.832,-8.092,-0.400,0.042,0.079,44.250,27.450,-49.650,31.0
19:26:34.705,598430,-11.588,1.884,-6.591,-0.438,-0.072,0.420,43.650,30.300,-48.000,31.2
19:26:34.706,598484,-10.290,2.205,-5.974,-0.634,-0.437,0.337,43.650,30.300,-48.000,31.3
19:26:34.765,598538,-7.403,0.642,-4.101,-0.202,-0.389,0.057,43.950,34.350,-46.350,31.2
19:26:34.824,598592,-6.493,0.826,-4.575,-0.366,-0.264,-0.311,44.100,34.200,-41.850,31.3
19:26:34.884,598646,-6.991,1.741,-3.804,-0.196,-0.060,-0.638,44.100,34.200,-41.850,31.3
19:26:35.005,598700,-8.248,1.712,-4.348,0.164,-0.152,-0.657,45.750,32.400,-44.100,31.2
19:26:35.005,598754,-7.776,0.883,-3.845,-0.180,-0.347,-0.514,45.750,32.400,-44.100,31.2
19:26:35.065,598808,-7.705,-0.206,-5.112,-0.030,-0.497,-0.560,47.850,31.500,-42.450,31.2
19:26:35.125,598862,-8.112,-0.625,-3.768,0.033,-0.558,-0.721,47.850,31.500,-42.450,31.1
19:26:35.183,598916,-8.971,0.965,-3.361,0.653,-0.579,-0.667,49.500,27.000,-38.700,31.3
19:26:35.243,598970,-8.394,-2.643,-2.813,0.990,-0.793,-1.077,49.500,27.000,-38.700,31.2
19:26:35.244,599024,-7.499,0.014,-4.726,0.126,-0.938,-1.240,49.500,27.000,-38.700,31.4
19:26:35.303,599078,-7.415,1.561,-2.562,0.550,-0.756,-1.122,49.500,27.000,-38.700,31.4
19:26:35.364,599132,-6.230,-1.087,-0.089,0.249,-0.840,-1.132,52.800,15.000,-29.850,31.2
19:26:35.424,599186,-7.487,-0.464,-4.278,1.654,-0.161,-0.899,52.800,15.000,-29.850,31.3
19:26:35.483,599240,-8.052,-2.476,-1.647,-0.315,0.380,0.243,54.000,7.200,-26.550,31.2
19:26:35.545,599294,-8.995,-2.629,-3.371,-0.067,0.515,0.109,54.000,7.200,-26.550,31.4
19:26:35.604,599348,-8.981,-3.254,-0.096,-0.896,0.307,-0.028,54.000,7.200,-26.550,31.1
19:26:35.664,599402,-8.499,-4.312,-3.941,0.188,0.179,0.068,51.750,8.850,-30.300,31.1
19:26:35.724,599456,-9.246,-3.558,-2.650,-0.294,0.340,0.340,51.750,8.850,-30.300,31.4
19:26:35.784,599510,-9.376,-4.884,-3.625,-0.010,-0.009,0.056,54.300,10.050,-31.350,31.3
19:26:35.785,599564,-8.866,-2.349,-2.344,0.011,0.102,0.107,54.300,10.050,-31.350,31.3
19:26:35.844,599618,-8.133,-2.840,-3.029,-0.207,-0.030,0.155,54.000,11.100,-31.800,31.4
19:26:35.905,599672,-9.024,-2.562,-2.813,-0.229,0.118,0.039,54.000,11.100,-31.800,31.2
19:26:35.965,599726,-9.541,-2.780,-2.909,-0.133,0.043,-0.035,52.500,10.050,-32.400,31.2
19:26:36.024,599780,-9.141,-2.753,-2.600,-0.028,0.145,0.005,52.500,10.050,-32.400,31.3
19:26:36.083,599834,-8.305,-3.402,-2.919,-0.183,0.080,0.109,54.300,13.050,-32.100,31.2
19:26:36.143,599888,-7.836,-2.155,-3.079,0.306,0.118,0.208,54.450,9.750,-31.200,31.1
19:26:36.204,599942,-8.619,-3.864,-2.986,0.053,0.141,0.135,54.450,9.750,-31.200,31.4
19:26:36.264,599996,-10.285,-1.618,-3.852,0.001,0.085,0.080,52.500,10.350,-32.850,31.3
19:26:36.324,600050,-9.677,-2.468,-4.025,0.339,-0.114,-0.027,52.500,10.350,-32.850,31.4
19:26:36.324,600104,-6.850,-3.048,-2.109,0.760,-0.033,0.544,52.500,10.350,-32.850,31.1
19:26:36.383,600158,-5.502,1.018,-4.259,-0.011,0.536,1.340,52.500,10.350,-32.850,31.3
19:26:36.445,600212,-6.469,-2.981,-2.342,-1.006,0.780,1.394,52.050,16.500,-34.650,31.3
19:26:36.503,600266,-9.153,0.211,-2.682,0.104,0.498,0.987,52.050,16.500,-34.650,31.3
19:26:36.564,600320,-8.993,-4.846,-4.360,0.230,0.147,0.672,51.150,26.400,-39.300,30.9
19:26:36.623,600374,-8.854,3.213,-4.219,0.160,0.416,0.449,51.150,26.400,-39.300,31.1
19:26:36.684,600428,-7.513,-2.478,-4.247,0.180,0.148,0.374,49.050,29.700,-40.950,31.4
19:26:36.743,600482,-8.981,0.254,-3.601,-0.309,0.396,0.278,48.300,31.950,-39.750,31.4
19:26:36.803,600536,-8.291,0.907,-5.040,-0.226,0.400,0.269,48.300,31.950,-39.750,31.1
19:26:36.864,600590,-9.553,0.208,-4.305,-0.339,0.198,0.105,47.700,33.150,-42.000,31.4
19:26:36.865,600644,-8.507,0.496,-4.911,-0.195,0.224,0.117,47.700,33.150,-42.000,31.1
19:26:36.924,600698,-8.971,0.797,-5.009,-0.316,0.285,0.094,47.700,33.150,-42.300,31.1
19:26:36.983,600752,-9.244,1.621,-4.738,-0.560,0.233,0.013,47.700,33.150,-42.300,31.3
19:26:37.045,600806,-8.916,0.194,-5.004,-0.506,0.347,0.088,46.500,34.350,-43.050,31.3
19:26:37.103,600860,-9.246,1.750,-4.999,-0.330,0.292,0.155,46.500,34.350,-43.050,31.2
19:26:37.163,600914,-9.426,-0.395,-5.157,-0.357,-0.047,0.030,46.500,34.350,-43.050,31.4
19:26:37.225,600968,-8.894,2.454,-5.918,-0.093,-0.133,-0.000,46.500,34.350,-43.050,31.2
19:26:37.283,601022,-8.191,1.839,-6.345,0.296,-0.139,-0.087,46.950,35.100,-42.300,31.1
19:26:37.343,601076,-8.052,1.542,-4.621,-0.043,-0.030,-0.172,45.750,35.550,-43.500,31.1
19:26:37.404,601130,-8.159,1.427,-5.473,-0.162,0.092,-0.268,45.750,35.550,-43.500,31.4
19:26:37.405,601184,-8.806,0.917,-4.673,-0.248,-0.100,-0.370,45.750,35.550,-43.500,31.4
19:26:37.465,601238,-8.461,1.329,-4.506,-0.265,-0.063,-0.390,45.750,35.550,-43.500,31.4
19:26:37.524,601292,-8.739,0.503,-4.439,-0.198,-0.006,-0.229,46.950,31.950,-43.500,31.1
19:26:37.584,601346,-8.504,1.178,-4.961,-0.155,0.118,-0.248,46.950,31.950,-43.500,31.1
19:26:37.644,601400,-8.485,1.104,-4.640,-0.045,0.257,-0.327,48.000,29.250,-42.750,31.4
19:26:37.705,601454,-8.698,1.331,-4.709,-0.079,0.162,-0.264,48.000,29.250,-42.750,31.3
19:26:37.765,601508,-8.377,1.654,-5.473,0.015,0.138,-0.234,46.350,30.300,-43.650,31.3
19:26:37.823,601562,-8.626,0.508,-4.745,-0.017,-0.009,-0.053,46.350,30.300,-43.650,31.3
19:26:37.883,601616,-8.449,0.816,-5.073,0.047,-0.033,0.043,46.950,27.450,-43.800,31.3
19:26:37.945,601670,-8.380,1.199,-5.207,0.282,-0.066,-0.053,46.950,27.450,-43.800,31.3
19:26:37.945,601724,-8.315,1.137,-5.382,0.338,0.060,-0.134,46.950,27.450,-43.800,31.4
19:26:38.005,601778,-8.406,0.836,-5.590,0.129,0.185,-0.185,47.850,27.150,-45.450,31.0
19:26:38.065,601832,-9.165,0.527,-5.397,0.141,-0.100,-0.276,47.850,27.150,-45.450,31.6
19:26:38.124,601886,-9.029,0.314,-5.447,0.249,-0.159,-0.166,47.850,24.450,-44.400,31.3
19:26:38.183,601940,-8.961,0.929,-5.629,0.017,0.078,-0.070,47.850,24.450,-44.400,31.1
19:26:38.244,601994,-9.139,0.970,-5.030,0.065,0.113,-0.089,47.850,24.450,-44.400,31.3
19:26:38.303,602048,-9.029,0.321,-4.621,-0.007,-0.120,0.049,47.850,24.450,-44.400,31.3
19:26:38.364,602102,-8.428,0.646,-4.736,0.014,-0.116,0.156,47.100,24.150,-44.400,31.2
19:26:38.424,602156,-8.341,0.658,-4.652,0.042,-0.009,0.234,47.100,24.150,-44.400,31.3
19:26:38.484,602210,-8.708,0.828,-4.566,0.120,-0.023,0.329,47.400,24.450,-44.700,31.0
19:26:38.485,602264,-8.540,0.733,-4.377,-0.014,-0.126,0.366,47.400,24.450,-44.700,31.2
19:26:38.545,602318,-8.315,1.853,-4.678,0.077,0.069,0.369,47.400,24.450,-44.700,31.1
19:26:38.603,602372,-8.492,1.547,-4.906,0.060,0.062,0.319,46.500,27.000,-44.850,31.4
19:26:38.664,602426,-8.744,1.300,-5.057,0.216,-0.027,0.248,46.500,27.000,-44.850,31.3
19:26:38.723,602480,-8.454,1.104,-4.982,0.263,-0.038,0.293,45.900,25.650,-44.400,31.2
19:26:38.783,602534,-8.011,2.138,-5.016,0.481,-0.007,0.191,45.900,25.650,-44.400,31.2
19:26:38.845,602588,-9.546,1.334,-5.811,0.018,-0.103,0.030,47.700,27.750,-46.050,31.5
19:26:38.905,602642,-13.386,2.959,-8.068,-0.055,0.099,0.423,47.700,27.750,-46.050,31.3
19:26:38.965,602696,-13.194,4.166,-8.001,-0.008,-0.299,0.505,45.750,29.700,-46.350,31.3
19:26:39.024,602750,-10.903,2.081,-5.818,-0.224,-0.239,0.406,45.750,29.700,-46.350,30.9
19:26:39.025,602804,-9.644,0.802,-4.482,0.033,-0.315,0.367,45.750,29.700,-46.350,31.3
19:26:39.083,602858,-8.940,2.169,-4.542,-0.302,-0.224,0.259,45.750,29.700,-46.350,31.6
19:26:39.143,602912,-8.358,0.962,-4.175,-0.073,-0.401,0.009,44.100,33.750,-41.850,31.4
19:26:39.204,602966,-8.559,1.209,-4.015,0.110,-0.413,-0.262,44.100,35.250,-39.600,31.3
19:26:39.264,603020,-6.701,0.946,-3.158,0.095,-0.322,-0.310,44.100,35.250,-39.600,31.3
19:26:39.323,603074,-6.582,1.173,-3.268,-0.063,-0.080,-0.382,44.100,35.250,-39.600,31.2
19:26:39.383,603128,-8.583,2.418,-3.529,0.132,-0.299,-0.634,44.100,35.250,-39.600,31.3
19:26:39.444,603182,-8.363,1.784,-3.464,-0.250,-0.375,-0.598,47.250,32.850,-37.650,31.1
19:26:39.503,603236,-7.877,1.697,-3.031,-0.092,-0.437,-0.633,47.250,32.850,-37.650,31.1
19:26:39.563,603290,-7.252,-1.061,-3.457,-0.257,-0.605,-0.583,50.100,27.600,-35.550,31.3
19:26:39.564,603344,-7.293,-1.154,-2.076,0.062,-0.668,-0.492,50.100,27.600,-35.550,31.3
19:26:39.623,603398,-7.800,-0.950,-2.983,0.274,-0.738,-0.859,51.000,25.800,-31.050,31.1
19:26:39.685,603452,-7.992,0.579,-3.208,0.465,-0.320,-0.769,51.000,25.800,-31.050,31.5
19:26:39.745,603506,-8.813,1.082,-1.745,0.207,-0.186,-0.612,50.250,23.100,-27.750,31.4
19:26:39.805,603560,-9.675,0.196,-2.418,0.343,-0.375,-0.772,53.100,19.500,-27.600,31.4
19:26:39.864,603614,-9.230,-1.140,-1.805,0.657,-0.547,-1.302,53.100,19.500,-27.600,31.3
19:26:39.924,603668,-8.296,-1.678,-0.055,1.418,-0.448,-0.938,54.000,11.850,-24.000,31.2
19:26:39.984,603722,-8.581,0.594,-3.203,0.456,0.166,0.205,54.000,11.850,-24.000,31.1
19:26:40.043,603776,-9.778,-2.871,-0.548,-0.455,0.345,0.319,52.800,10.050,-23.400,31.3
19:26:40.104,603830,-9.835,-3.151,-0.249,-0.158,0.128,0.168,52.800,10.050,-23.400,31.2
19:26:40.105,603884,-9.553,-2.083,-1.638,0.434,-0.042,-0.041,52.800,10.050,-23.400,31.4
19:26:40.163,603938,-8.973,-1.803,-2.409,-0.104,0.193,0.121,52.800,10.050,-23.400,31.4
19:26:40.223,603992,-9.445,-1.925,-1.338,0.004,0.235,0.174,52.050,12.300,-24.000,31.3
19:26:40.283,604046,-9.814,-3.393,-2.191,-0.186,0.138,0.116,52.050,12.300,-24.000,31.3
19:26:40.404,604100,-9.960,-2.437,-2.342,0.114,0.043,-0.066,52.650,13.650,-25.350,31.1
19:26:40.465,604154,-9.366,-3.148,-1.906,0.053,-0.124,-0.122,52.650,13.650,-25.350,30.9
19:26:40.465,604208,-9.431,-1.252,-1.523,-0.204,-0.056,-0.018,52.650,13.650,-25.350,31.3
19:26:40.524,604262,-9.321,-2.150,-1.829,0.058,-0.056,-0.103,52.050,14.250,-25.200,31.4
19:26:40.585,604316,-9.038,-2.083,-1.274,-0.102,0.032,-0.112,52.050,14.250,-25.200,31.3
19:26:40.645,604370,-8.899,-2.052,-1.058,-0.043,0.132,-0.114,54.150,10.950,-25.350,31.4
19:26:40.645,604424,-9.457,-2.512,-2.239,-0.187,-0.004,-0.262,54.150,10.950,-25.350,31.2
19:26:40.703,604478,-10.214,-4.058,-1.302,-0.206,0.007,-0.258,52.800,12.750,-26.550,31.3
19:26:40.765,604532,-9.321,-2.521,-2.337,-0.052,0.006,-0.099,52.800,12.750,-26.550,31.3
19:26:40.824,604586,-9.390,-1.334,-1.729,0.019,0.125,-0.004,54.750,10.800,-25.950,31.2
19:26:40.885,604640,-9.268,-3.630,-1.784,-0.103,-0.090,-0.046,54.750,10.800,-25.950,30.9
19:26:40.944,604694,-9.809,-1.305,-2.658,0.033,0.035,-0.171,54.750,10.800,-25.950,31.1
19:26:41.004,604748,-9.436,-2.648,-2.119,-0.098,0.017,-0.055,54.750,10.800,-25.950,31.3
19:26:41.064,604802,-7.477,-3.029,-1.738,0.449,0.157,0.372,54.900,11.700,-27.150,31.2
19:26:41.123,604856,-6.182,0.962,-2.318,0.681,0.554,1.380,54.150,12.450,-27.150,31.1
19:26:41.184,604910,-7.309,0.330,-2.100,-1.353,0.501,1.281,54.150,12.450,-27.150,31.3
19:26:41.185,604964,-8.691,-3.673,-2.624,-0.225,0.434,1.293,54.150,12.450,-27.150,31.3
19:26:41.244,605018,-10.482,4.130,-2.562,-0.172,0.412,1.023,54.150,12.450,-27.150,31.3
19:26:41.304,605072,-8.847,-1.935,-3.692,0.206,0.287,0.488,51.000,28.200,-32.400,31.1
19:26:41.364,605126,-9.163,1.511,-2.818,0.072,0.639,0.633,51.000,28.200,-32.400,31.3
19:26:41.424,605180,-9.278,0.364,-3.594,-0.277,0.584,0.294,49.800,31.650,-35.400,31.4
19:26:41.483,605234,-9.962,2.164,-3.898,0.085,0.290,0.137,49.800,31.650,-35.400,31.3
19:26:41.544,605288,-9.072,0.788,-4.906,0.402,0.438,0.204,49.350,33.000,-38.850,31.4
19:26:41.605,605342,-8.514,1.188,-3.699,0.286,0.379,0.153,49.350,33.000,-38.850,31.4
19:26:41.664,605396,-8.021,1.705,-4.946,-0.181,0.527,0.186,48.150,32.250,-39.600,31.3
19:26:41.724,605450,-9.498,0.958,-4.592,-0.185,0.288,0.107,48.150,32.250,-39.600,31.3
19:26:41.725,605504,-10.719,2.581,-4.496,-0.319,-0.032,-0.043,48.150,32.250,-39.600,31.2
19:26:41.784,605558,-9.282,2.588,-5.495,-0.088,-0.117,-0.220,47.100,34.200,-42.150,31.1
19:26:41.843,605612,-8.638,1.302,-4.338,-0.013,-0.048,-0.327,47.100,34.200,-42.150,31.1
19:26:41.905,605666,-8.502,1.030,-3.953,-0.377,-0.022,-0.345,47.850,31.050,-39.900,31.3
19:26:41.965,605720,-8.404,0.007,-3.991,-0.463,-0.062,-0.249,47.850,31.050,-39.900,31.2
19:26:42.024,605774,-9.069,1.015,-4.178,-0.501,0.060,-0.068,47.850,31.050,-39.900,31.3
19:26:42.085,605828,-8.837,1.305,-4.676,-0.290,0.040,-0.068,47.850,31.050,-39.900,31.3
19:26:42.145,605882,-8.590,1.149,-3.701,-0.165,0.057,-0.001,47.700,30.450,-39.450,31.2
19:26:42.204,605936,-8.871,1.875,-4.630,-0.145,0.098,0.048,47.700,30.450,-39.450,31.2
19:26:42.263,605990,-9.160,1.120,-4.700,-0.073,0.165,0.119,46.200,30.900,-39.450,31.4
19:26:42.324,606044,-9.459,1.839,-4.386,-0.471,-0.071,0.037,47.700,32.400,-40.200,31.2
19:26:42.325,606098,-9.139,1.990,-4.580,-0.206,0.056,0.100,47.700,32.400,-40.200,31.1
19:26:42.383,606152,-9.246,1.592,-4.003,-0.131,-0.022,0.225,46.650,33.450,-41.400,31.4
19:26:42.443,606206,-8.885,2.641,-4.233,-0.053,-0.122,0.242,46.650,33.450,-41.400,31.1
19:26:42.503,606260,-8.502,2.411,-4.015,0.030,-0.067,0.231,46.650,33.450,-41.400,31.4
19:26:42.565,606314,-7.977,2.320,-3.938,-0.001,0.059,0.109,46.650,33.450,-41.400,31.4
19:26:42.623,606368,-8.425,2.389,-4.120,0.008,0.091,0.000,46.500,35.550,-38.700,31.4
19:26:42.684,606422,-8.428,1.836,-4.075,-0.221,-0.113,-0.107,46.500,35.550,-38.700,31.4
19:26:42.743,606476,-8.526,1.614,-3.888,0.056,-0.213,-0.109,47.400,35.700,-41.850,31.4
19:26:42.805,606530,-8.294,1.559,-4.413,0.169,-0.107,-0.158,47.400,35.700,-41.850,31.1
19:26:42.806,606584,-8.645,2.047,-3.967,0.089,-0.016,-0.224,47.400,35.700,-41.850,31.1
19:26:42.864,606638,-8.547,1.683,-4.365,0.062,-0.111,-0.215,47.400,34.500,-40.350,31.4
19:26:42.925,606692,-8.691,1.365,-3.915,0.139,-0.224,-0.225,47.400,34.500,-40.350,31.3
19:26:42.984,606746,-8.605,1.542,-3.979,0.259,-0.029,-0.126,47.400,32.550,-37.800,31.6
19:26:43.044,606800,-8.389,1.841,-4.008,0.211,-0.033,-0.238,47.400,32.550,-37.800,31.4
19:26:43.104,606854,-8.219,1.398,-3.749,0.253,-0.001,-0.314,49.050,30.900,-41.550,31.4
19:26:43.163,606908,-9.098,0.079,-4.077,0.184,-0.087,-0.462,49.050,30.900,-41.550,31.3
19:26:43.224,606962,-15.498,0.998,-7.080,-0.252,0.062,-0.230,49.800,28.500,-42.000,31.1
19:26:43.343,607016,-15.514,2.873,-7.331,-0.022,-0.145,0.160,49.800,28.500,-42.000,31.1
19:26:43.344,607070,-12.735,1.781,-4.817,0.057,-0.009,0.539,49.800,28.500,-42.000,31.2
19:26:43.345,607124,-10.046,1.583,-3.527,0.078,0.049,0.847,49.800,28.500,-42.000,31.5
19:26:43.403,607178,-8.701,-1.539,-3.041,-0.536,-0.043,0.501,48.750,31.200,-39.450,31.3
19:26:43.464,607232,-7.966,1.262,-2.796,0.091,-0.199,0.090,48.750,31.200,-39.450,31.2
19:26:43.523,607286,-6.936,1.199,-3.247,0.106,-0.229,-0.153,47.400,33.450,-38.100,31.2
19:26:43.585,607340,-7.992,0.927,-2.825,-0.034,-0.018,-0.269,47.400,33.450,-38.100,31.3
19:26:43.644,607394,-8.045,1.899,-3.366,0.076,-0.055,-0.351,47.400,33.450,-38.100,31.2
19:26:43.704,607448,-8.351,-1.199,-3.345,0.055,-0.509,-0.391,49.650,34.200,-37.050,31.3
19:26:43.765,607502,-9.914,0.546,-2.339,0.124,-0.304,-0.390,49.650,34.200,-37.050,31.2
19:26:43.823,607556,-7.944,0.644,-3.764,-0.351,-0.224,-0.479,50.550,30.900,-34.350,31.4
19:26:43.883,607610,-8.756,2.377,-3.093,0.126,-0.198,-0.458,50.550,30.900,-34.350,31.4
19:26:43.884,607664,-7.781,-0.335,-2.978,0.005,-0.592,-0.467,49.350,29.550,-31.950,31.2
19:26:43.944,607718,-8.131,-2.421,-2.866,-0.260,-0.408,-0.455,49.350,29.550,-31.950,31.3
19:26:44.004,607772,-7.870,0.903,-2.428,-0.161,-0.423,-0.466,50.400,26.850,-30.750,31.3
19:26:44.063,607826,-7.740,-2.653,-3.261,-0.008,-0.570,-0.596,50.400,26.850,-30.750,31.5
19:26:44.124,607880,-9.431,1.602,-1.353,0.824,-0.538,-0.931,50.400,26.850,-30.750,31.2
19:26:44.183,607934,-7.678,-3.486,-2.222,0.720,-0.460,-1.118,53.700,17.100,-26.400,30.9
19:26:44.243,607988,-7.108,-2.574,-2.088,1.291,-0.429,-0.977,53.700,17.100,-26.400,31.2
19:26:44.305,608042,-8.009,1.707,-0.711,0.555,0.122,-0.135,53.550,10.800,-21.900,31.2
19:26:44.364,608096,-8.650,-4.592,-1.963,-0.125,0.434,0.354,53.550,10.800,-21.900,31.3
19:26:44.423,608150,-10.594,-2.686,-1.243,-0.071,0.403,0.163,53.550,10.800,-21.900,31.3
19:26:44.424,608204,-9.993,-2.873,-2.291,0.238,0.205,0.017,53.550,10.800,-21.900,31.3
19:26:44.483,608258,-8.868,-2.265,-2.308,0.103,0.346,0.151,54.750,13.800,-24.750,31.4
19:26:44.545,608312,-8.207,-1.216,-2.344,-0.023,0.200,0.082,54.750,13.800,-24.750,31.3
19:26:44.605,608366,-9.766,-1.109,-2.294,0.011,-0.035,-0.204,53.400,12.450,-27.600,31.4
19:26:44.664,608420,-9.081,-3.067,-3.685,0.612,0.026,0.037,53.400,12.450,-27.600,31.1
19:26:44.723,608474,-9.658,-2.081,-1.630,-0.027,0.118,0.289,54.750,12.750,-25.950,30.9
19:26:44.783,608528,-9.888,-2.828,-1.887,0.382,-0.009,0.033,54.000,15.450,-27.750,31.3
19:26:44.843,608582,-9.768,-2.184,-2.356,0.383,-0.103,-0.312,54.000,15.450,-27.750,31.1
19:26:44.903,608636,-9.500,-1.116,-1.386,-0.041,-0.134,-0.120,55.200,12.900,-27.600,31.2
19:26:44.965,608690,-9.239,-2.765,-1.786,0.548,-0.097,-0.127,55.200,12.900,-27.600,31.4
19:26:44.965,608744,-9.179,-2.105,-2.253,-0.442,-0.099,-0.219,53.400,12.900,-25.650,31.3
19:26:45.024,608798,-9.230,-2.306,-1.504,0.043,-0.094,-0.047,53.400,12.900,-25.650,31.4
19:26:45.084,608852,-9.531,-1.911,-1.434,-0.087,-0.061,-0.062,53.550,11.550,-24.750,31.3
19:26:45.143,608906,-9.251,-3.359,-2.025,-0.121,0.040,-0.078,53.550,11.550,-24.750,31.2
19:26:45.204,608960,-9.524,-3.587,-1.317,-0.034,-0.134,-0.236,53.550,11.550,-24.750,31.2
19:26:45.265,609014,-9.749,-2.428,-2.030,0.210,-0.018,-0.065,53.550,11.550,-24.750,31.1
19:26:45.323,609068,-9.852,-3.244,-1.228,-0.198,-0.295,-0.316,54.150,10.500,-23.550,31.3
19:26:45.383,609122,-8.686,-3.361,-1.030,0.338,-0.213,-0.241,53.700,8.250,-21.300,31.3
19:26:45.445,609176,-8.219,-2.320,-1.757,0.004,-0.247,-0.145,53.700,8.250,-21.300,31.4
19:26:45.504,609230,-7.635,-4.626,-0.962,0.222,0.150,0.196,52.500,7.200,-21.150,31.3
19:26:45.505,609284,-6.888,0.615,-1.152,0.383,0.902,1.434,52.500,7.200,-21.150,31.4
19:26:45.563,609338,-6.507,-1.903,-2.251,-0.936,1.049,1.776,54.750,11.550,-26.250,31.4
19:26:45.624,609392,-9.364,-2.021,0.029,-1.021,0.529,1.236,54.750,11.550,-26.250,31.1
19:26:45.684,609446,-8.832,-1.518,-3.551,-0.415,0.440,1.138,53.100,23.250,-30.450,31.3
19:26:45.744,609500,-9.124,-1.077,-2.212,0.252,0.435,0.836,53.100,23.250,-30.450,31.4
19:26:45.803,609554,-11.071,6.127,-3.431,-0.494,0.605,0.386,50.400,28.800,-33.750,31.2
19:26:45.865,609608,-10.695,1.326,-3.062,0.231,0.338,0.144,50.400,28.800,-33.750,31.2
19:26:45.923,609662,-8.557,0.895,-3.196,0.156,0.481,0.288,50.100,30.300,-36.000,31.2
19:26:45.984,609716,-8.882,0.955,-3.455,0.127,0.351,0.298,50.100,30.300,-36.000,31.4
19:26:46.045,609770,-9.352,1.520,-3.967,-0.325,0.246,0.294,50.100,30.300,-36.000,31.3
19:26:46.045,609824,-9.323,0.460,-4.286,-0.234,0.191,0.257,48.000,35.100,-39.000,31.3
19:26:46.104,609878,-9.203,1.118,-4.300,0.077,0.278,0.163,48.000,35.100,-39.000,31.2
19:26:46.163,609932,-8.600,1.425,-3.572,0.057,0.247,0.148,47.400,35.250,-41.100,31.2
19:26:46.223,609986,-9.091,1.223,-4.183,-0.106,0.000,0.114,47.400,35.250,-41.100,31.4
19:26:46.283,610040,-9.278,1.659,-4.858,-0.252,-0.039,-0.123,47.700,34.800,-41.550,31.3
19:26:46.344,610094,-9.210,1.448,-4.568,-0.040,0.037,-0.318,47.700,34.800,-41.550,31.3
19:26:46.404,610148,-8.516,1.041,-4.357,-0.003,0.175,-0.311,47.250,35.850,-40.200,31.4
19:26:46.463,610202,-9.189,1.113,-3.938,-0.107,0.065,-0.212,47.250,35.850,-40.200,31.4
