timestamp,elapsed_ms,accel_x_ms2,accel_y_ms2,accel_z_ms2,gyro_x_rads,gyro_y_rads,gyro_z_rads,mag_x_uT,mag_y_uT,mag_z_uT,temp_c
21:19:31.895,2689668,-8.825,1.015,-3.177,-2.829,-0.020,-0.986,40.500,16.500,-47.850,33.0
21:19:31.954,2689722,-8.361,0.532,-3.910,-2.347,-0.005,-0.961,40.500,16.500,-47.850,33.1
21:19:32.007,2689776,-8.107,-3.261,-1.951,-1.856,0.232,-0.542,40.800,25.200,-39.300,33.0
21:19:32.059,2689830,-7.456,-5.428,0.218,-0.095,0.257,-0.230,40.800,25.200,-39.300,32.9
21:19:32.113,2689884,-9.902,6.088,-7.666,1.847,0.091,0.705,42.750,25.050,-36.900,32.6
21:19:32.172,2689938,-10.276,11.032,-2.555,-2.583,0.421,-0.866,42.750,25.050,-36.900,33.0
21:19:32.224,2689992,-4.750,-2.014,-4.994,-5.270,0.180,-1.138,41.250,26.250,-37.950,33.2
21:19:32.277,2690046,-10.259,2.301,-2.100,-0.586,0.224,-0.848,41.250,26.250,-37.950,33.1
21:19:32.329,2690100,-9.014,2.411,-4.171,-2.022,0.597,-0.767,41.250,26.250,-37.950,33.2
21:19:32.391,2690154,-10.096,1.446,-3.424,-1.421,0.545,-0.889,42.750,28.500,-31.800,33.2
21:19:32.442,2690208,-7.695,3.141,-3.074,-1.803,0.542,-0.792,42.750,28.500,-31.800,33.2
21:19:32.495,2690262,-8.818,1.106,-2.715,-1.282,0.520,-0.614,42.600,27.600,-28.650,33.2
21:19:32.547,2690316,-10.204,3.187,-5.033,-1.174,0.332,-0.349,42.600,27.600,-28.650,32.9
21:19:32.599,2690370,-14.624,4.535,-5.375,-1.506,-0.207,-0.100,42.600,27.600,-28.650,33.0
21:19:32.653,2690424,-13.022,5.909,-5.243,-0.679,0.050,0.070,42.600,27.600,-28.650,33.1
21:19:32.714,2690478,-10.690,4.602,-4.281,-0.374,0.120,-0.243,44.400,29.100,-27.150,33.2
21:19:32.764,2690532,-8.703,3.191,-3.474,-0.593,0.396,-0.767,44.400,29.100,-27.150,33.0
21:19:32.817,2690586,-7.379,1.154,-2.643,-0.678,0.288,-1.074,46.200,27.450,-23.400,33.1
21:19:32.871,2690640,-7.954,2.528,-2.844,-0.432,0.119,-1.144,46.200,27.450,-23.400,33.2
21:19:32.924,2690694,-8.030,1.796,-3.519,-0.265,-0.143,-1.096,44.250,22.800,-23.400,32.9
21:19:32.982,2690748,-7.520,-0.172,-3.567,0.344,-0.180,-0.924,44.250,22.800,-23.400,33.2
21:19:33.040,2690802,-7.532,1.437,-3.168,0.132,-0.492,-0.739,44.250,22.800,-23.400,32.8
21:19:33.087,2690856,-7.111,-0.433,-4.075,0.745,-0.580,-0.647,48.750,15.000,-21.450,32.8
21:19:33.141,2690910,-7.379,-1.853,-3.651,0.709,-0.637,-0.491,48.750,15.000,-21.450,33.1
21:19:33.193,2690964,-7.827,-2.993,-3.548,-0.379,-0.874,-0.730,49.500,12.300,-18.900,33.1
21:19:33.253,2691018,-8.792,4.360,-3.160,2.260,-0.845,-0.398,49.500,12.300,-18.900,33.1
21:19:33.304,2691072,-8.473,-5.399,-1.712,-0.505,-0.695,-0.987,49.350,11.700,-13.650,32.9
21:19:33.430,2691126,-5.959,-3.002,-4.353,3.309,0.074,-0.004,49.350,11.700,-13.650,33.1
21:19:33.432,2691180,-4.480,14.911,-3.563,0.160,0.895,0.502,49.800,9.600,-13.050,33.2
21:19:33.483,2691234,-6.546,-15.536,-3.958,-1.665,0.831,1.996,49.800,9.600,-13.050,33.2
21:19:33.536,2691288,-6.349,5.255,-4.604,-2.232,1.204,2.155,51.300,15.450,-16.050,32.8
21:19:33.588,2691342,-8.171,0.702,-4.891,-1.503,0.777,1.961,51.300,15.450,-16.050,32.9
21:19:33.642,2691396,-6.572,2.971,-3.677,0.188,0.503,2.053,47.400,24.900,-20.250,33.2
21:19:33.693,2691450,-7.616,2.215,-3.335,-0.494,0.324,1.647,47.400,24.900,-20.250,33.2
21:19:33.747,2691504,-7.202,3.259,-3.426,0.479,0.039,1.426,47.400,24.900,-20.250,33.0
21:19:33.798,2691558,-7.769,4.154,-4.922,-0.174,0.136,0.979,39.000,37.050,-22.650,33.0
21:19:33.852,2691612,-8.495,3.249,-4.355,-0.382,0.232,0.965,39.000,37.050,-22.650,32.9
21:19:33.954,2691666,-8.861,7.257,-4.702,-0.796,0.466,0.200,35.550,39.600,-23.100,33.1
21:19:33.956,2691720,-8.849,5.878,-2.370,0.259,0.070,0.347,35.550,39.600,-23.100,33.1
21:19:34.010,2691774,-7.867,3.931,-3.910,-0.835,0.065,-0.141,35.550,40.350,-23.550,33.0
21:19:34.060,2691828,-8.013,7.810,-3.685,0.400,-0.158,-0.551,35.550,40.350,-23.550,33.0
21:19:34.115,2691882,-9.388,3.962,-3.455,-0.527,-0.208,-0.710,36.300,38.850,-22.800,33.0
21:19:34.166,2691936,-8.859,4.520,-2.832,0.026,-0.140,-0.933,36.300,38.850,-22.800,33.0
21:19:34.270,2691990,-8.631,5.279,-2.904,-0.232,-0.049,-0.994,39.000,37.050,-20.100,33.1
21:19:34.271,2692044,-8.569,3.675,-2.799,-0.052,-0.096,-1.082,40.500,33.900,-21.150,33.0
21:19:34.376,2692098,-9.448,2.993,-2.758,0.121,-0.064,-0.839,40.500,33.900,-21.150,33.0
21:19:34.428,2692152,-9.270,1.956,-2.868,0.130,-0.082,-0.648,40.500,33.900,-21.150,33.2
21:19:34.481,2692206,-9.701,2.464,-2.629,-0.233,-0.162,-0.484,40.500,33.900,-21.150,32.8
21:19:34.534,2692260,-9.321,2.928,-2.729,0.000,-0.092,-0.459,44.700,30.150,-19.650,33.1
21:19:34.586,2692314,-9.057,1.846,-3.048,-0.261,-0.079,-0.364,44.700,30.150,-19.650,33.0
21:19:34.638,2692368,-9.244,2.207,-2.607,-0.113,-0.084,-0.416,45.450,27.000,-20.700,33.2
21:19:34.692,2692422,-9.304,2.277,-2.713,-0.112,-0.069,-0.355,45.450,27.000,-20.700,33.2
21:19:34.745,2692476,-8.863,2.076,-3.359,-0.076,-0.143,-0.419,45.450,27.450,-18.900,33.2
21:19:34.796,2692530,-9.143,1.578,-2.344,0.076,-0.218,-0.354,45.450,27.450,-18.900,32.9
21:19:34.849,2692584,-10.135,2.382,-3.189,0.057,-0.277,-0.335,45.450,27.450,-18.900,33.0
21:19:34.901,2692638,-14.480,4.544,-3.998,-0.608,-0.305,-0.251,47.700,22.800,-19.350,33.0
21:19:34.954,2692692,-16.886,4.094,-4.283,-0.003,-0.297,0.248,47.700,22.800,-19.350,32.8
21:19:35.007,2692746,-14.351,5.064,-3.491,-0.131,-0.298,0.483,48.600,26.100,-17.700,32.7
21:19:35.059,2692800,-11.372,1.573,-2.375,-0.052,-0.081,0.348,48.600,26.100,-17.700,33.0
21:19:35.110,2692854,-9.167,3.179,-1.884,0.155,-0.090,-0.191,47.100,27.150,-16.200,33.0
21:19:35.164,2692908,-8.054,0.994,-1.197,0.556,-0.141,-0.493,47.100,27.150,-16.200,33.2
21:19:35.216,2692962,-8.483,1.894,-1.286,0.379,-0.140,-0.730,48.150,26.400,-14.400,32.9
21:19:35.268,2693016,-8.119,-1.791,-0.895,0.233,0.013,-0.755,48.150,26.400,-14.400,33.0
21:19:35.322,2693070,-8.267,2.253,-2.191,-0.002,0.192,-1.134,51.150,24.150,-13.200,33.1
21:19:35.375,2693124,-8.739,0.010,-0.709,0.330,0.049,-0.943,51.150,24.150,-13.200,33.0
21:19:35.427,2693178,-7.815,-2.535,-1.944,0.649,-0.113,-0.856,53.100,18.750,-14.700,32.8
21:19:35.480,2693232,-7.666,-1.298,-1.317,0.572,-0.274,-0.563,53.100,18.750,-14.700,32.9
21:19:35.531,2693286,-8.930,1.389,-2.591,0.791,-0.214,-0.626,53.100,18.750,-14.700,33.1
21:19:35.583,2693340,-9.347,-1.939,-1.381,0.603,-0.587,-1.459,55.500,12.750,-12.750,33.0
21:19:35.635,2693394,-6.218,-1.944,0.685,1.990,-0.056,-0.843,55.500,12.750,-12.750,33.0
21:19:35.690,2693448,-6.352,1.786,-3.366,0.091,1.166,1.322,55.200,10.950,-13.200,32.9
21:19:35.742,2693502,-7.140,1.492,-4.173,-0.758,1.462,1.713,55.200,10.950,-13.200,33.1
21:19:35.795,2693556,-10.238,-1.386,-3.606,-0.433,1.029,1.208,54.300,20.100,-20.400,33.0
21:19:35.847,2693610,-8.827,-1.209,-3.819,0.801,0.405,0.829,54.300,20.100,-20.400,32.9
21:19:35.900,2693664,-8.741,5.811,-3.634,-0.434,0.407,0.744,54.300,20.100,-20.400,32.8
21:19:35.952,2693718,-8.004,-0.690,-3.859,0.286,0.185,1.048,54.300,20.100,-20.400,32.8
21:19:36.005,2693772,-7.798,-2.037,-4.118,-0.185,0.594,0.944,53.100,29.550,-24.300,33.0
21:19:36.057,2693826,-8.085,2.308,-5.174,0.460,0.741,0.763,53.100,29.550,-24.300,33.2
21:19:36.108,2693880,-9.103,0.634,-4.590,-0.441,0.658,0.570,51.000,32.400,-28.050,33.1
21:19:36.215,2693934,-9.567,2.409,-4.858,-0.274,0.496,0.351,47.850,33.750,-31.200,33.0
21:19:36.216,2693988,-9.019,2.188,-4.628,0.197,0.319,0.452,47.850,33.750,-31.200,33.0
21:19:36.318,2694042,-7.484,0.259,-5.377,-0.011,0.260,0.497,45.900,36.450,-32.700,33.2
21:19:36.371,2694096,-7.836,1.702,-5.258,-0.206,0.259,0.176,45.900,36.450,-32.700,33.1
21:19:36.424,2694150,-8.298,1.477,-4.975,-0.305,0.245,0.134,45.000,36.600,-32.850,33.0
21:19:36.477,2694204,-8.183,5.468,-4.760,-0.161,0.261,-0.167,45.000,36.600,-32.850,32.8
21:19:36.528,2694258,-7.192,2.210,-4.640,-0.048,0.116,0.055,44.250,36.300,-35.400,33.1
21:19:36.582,2694312,-7.025,1.199,-5.179,-0.304,0.025,0.082,44.250,36.300,-35.400,33.1
21:19:36.633,2694366,-7.439,2.974,-5.746,0.144,0.036,0.072,44.250,36.300,-35.400,33.1
21:19:36.686,2694420,-7.099,2.011,-6.203,0.083,0.161,0.062,44.250,36.300,-35.400,33.1
21:19:36.739,2694474,-8.155,3.100,-5.260,-0.247,0.242,-0.008,44.100,38.400,-34.800,32.9
21:19:36.791,2694528,-7.053,3.347,-5.777,-0.285,0.211,-0.211,45.150,37.650,-37.050,33.1
21:19:36.844,2694582,-7.494,2.698,-6.179,0.330,0.153,-0.354,45.150,37.650,-37.050,33.1
21:19:36.896,2694636,-7.872,1.707,-6.378,-0.232,0.104,-0.329,44.850,36.450,-36.300,33.0
21:19:36.948,2694690,-7.934,2.832,-6.563,-0.178,0.089,-0.278,44.850,36.450,-36.300,32.8
21:19:37.001,2694744,-7.707,1.666,-6.412,-0.091,-0.033,-0.223,44.850,36.450,-36.300,33.1
21:19:37.054,2694798,-7.616,2.172,-5.375,0.245,-0.307,-0.210,44.850,36.450,-36.300,33.0
21:19:37.107,2694852,-7.202,1.939,-4.834,-0.561,-0.264,-0.306,45.900,34.200,-37.350,32.9
21:19:37.158,2694906,-8.025,2.069,-4.978,-0.324,-0.060,-0.292,45.900,34.200,-37.350,33.2
21:19:37.211,2694960,-9.096,2.181,-5.665,-0.581,0.014,-0.245,47.400,33.450,-36.300,33.0
21:19:37.264,2695014,-11.214,5.693,-6.689,0.229,0.047,-0.340,47.400,33.450,-36.300,33.1
21:19:37.316,2695068,-13.946,3.855,-8.511,-0.874,-0.011,0.130,47.250,31.950,-35.700,33.2
21:19:37.419,2695122,-12.625,7.195,-8.296,0.183,-0.010,0.359,47.250,31.950,-35.700,32.8
21:19:37.421,2695176,-9.962,4.154,-5.871,-0.115,-0.214,-0.043,47.250,31.950,-35.700,33.2
21:19:37.473,2695230,-8.739,2.844,-5.061,0.179,-0.244,-0.368,48.750,37.050,-34.350,32.9
21:19:37.526,2695284,-7.312,1.283,-4.709,-0.383,-0.384,-0.763,48.750,37.050,-34.350,33.2
21:19:37.580,2695338,-6.855,-0.242,-4.997,0.670,-0.196,-0.751,51.600,33.750,-32.250,33.2
21:19:37.631,2695392,-6.788,-0.500,-4.130,0.556,-0.076,-0.640,51.600,33.750,-32.250,33.2
21:19:37.683,2695446,-8.373,1.123,-4.223,-0.265,0.138,-0.626,54.750,30.150,-31.800,33.0
21:19:37.737,2695500,-8.765,-0.749,-5.710,-0.064,-0.005,-0.479,54.750,30.150,-31.800,33.1
21:19:37.790,2695554,-8.030,-0.472,-5.437,-0.038,-0.281,-0.461,54.750,30.150,-31.800,32.6
21:19:37.842,2695608,-6.670,-1.197,-3.598,0.257,-0.531,-0.340,54.750,30.150,-31.800,32.8
21:19:37.893,2695662,-5.564,-0.761,-3.500,0.234,-0.311,0.217,59.250,27.000,-31.800,33.2
21:19:37.997,2695716,-7.618,2.471,-4.475,-0.552,-0.178,-0.084,59.250,27.000,-31.800,33.0
21:19:37.999,2695770,-8.961,-0.912,-4.968,-0.456,-0.341,-0.222,57.900,26.100,-28.950,33.2
21:19:38.104,2695824,-9.843,1.726,-5.681,0.484,-0.529,-0.640,60.450,26.400,-26.400,33.2
21:19:38.106,2695878,-10.068,-3.498,-5.897,0.280,-1.469,-1.793,60.450,26.400,-26.400,33.1
21:19:38.208,2695932,-4.762,-9.512,-0.441,5.314,-1.392,-1.171,64.050,16.500,-20.400,33.1
21:19:38.262,2695986,-7.008,-1.377,-8.408,2.198,0.115,0.471,64.050,16.500,-20.400,33.1
21:19:38.313,2696040,-6.007,3.340,3.414,-1.779,1.403,1.159,64.200,14.100,-19.800,32.9
21:19:38.367,2696094,-4.384,-11.305,-2.969,-0.635,1.148,1.997,64.200,14.100,-19.800,32.8
21:19:38.420,2696148,-9.026,-3.517,-4.872,-0.660,0.599,1.479,60.600,23.550,-25.500,33.0
21:19:38.470,2696202,-8.894,-0.055,-5.253,-0.687,0.312,1.066,60.600,23.550,-25.500,33.1
21:19:38.523,2696256,-9.780,6.689,-2.837,0.483,0.123,0.759,60.600,23.550,-25.500,32.8
21:19:38.576,2696310,-6.850,1.750,-3.740,-0.167,0.109,0.943,60.600,23.550,-25.500,33.1
21:19:38.629,2696364,-8.243,0.781,-1.946,0.228,0.272,1.007,53.550,35.850,-28.050,33.0
21:19:38.681,2696418,-9.400,3.311,-3.038,-0.981,0.367,1.010,51.300,39.750,-30.300,32.8
21:19:38.733,2696472,-8.502,2.425,-4.111,-0.494,0.325,0.633,51.300,39.750,-30.300,33.2
21:19:38.786,2696526,-7.197,1.427,-4.166,-0.344,0.171,0.830,45.900,45.300,-28.950,33.1
21:19:38.840,2696580,-8.887,3.213,-3.141,-0.497,0.202,0.397,45.900,45.300,-28.950,33.0
21:19:38.890,2696634,-8.638,4.140,-4.073,-0.168,0.219,0.118,45.900,45.300,-28.950,33.1
21:19:38.943,2696688,-7.312,1.176,-3.689,-0.652,0.196,0.254,45.900,45.300,-28.950,33.0
21:19:38.997,2696742,-8.626,7.494,-2.840,-0.123,0.325,-0.070,43.350,47.250,-28.950,33.0
21:19:39.049,2696796,-8.720,4.061,-3.335,-0.095,0.219,-0.118,43.350,47.250,-28.950,33.1
21:19:39.102,2696850,-8.126,5.071,-4.515,-0.342,0.142,-0.293,43.500,44.850,-28.500,33.2
21:19:39.155,2696904,-8.071,4.020,-4.298,-0.056,-0.029,-0.417,43.500,44.850,-28.500,32.8
21:19:39.205,2696958,-8.909,3.558,-4.939,0.188,0.035,-0.361,45.000,44.850,-28.800,33.2
21:19:39.258,2697012,-9.409,3.306,-4.015,0.111,0.114,-0.479,45.150,42.300,-30.750,33.0
21:19:39.310,2697066,-8.547,2.636,-4.343,0.075,0.047,-0.603,45.150,42.300,-30.750,32.7
21:19:39.364,2697120,-8.535,3.460,-5.392,0.021,0.130,-0.650,46.350,39.900,-30.150,33.1
21:19:39.417,2697174,-9.129,2.552,-4.834,0.158,0.007,-0.546,46.350,39.900,-30.150,33.0
21:19:39.469,2697228,-8.768,3.567,-4.937,0.024,0.031,-0.353,48.750,37.050,-29.850,33.2
21:19:39.522,2697282,-9.096,2.765,-5.006,0.009,-0.159,-0.253,48.750,37.050,-29.850,33.0
21:19:39.575,2697336,-8.859,3.524,-4.547,-0.272,-0.099,-0.180,48.750,37.050,-29.850,33.0
21:19:39.627,2697390,-8.768,3.144,-3.869,-0.122,-0.129,-0.188,48.750,37.050,-29.850,33.2
21:19:39.678,2697444,-8.930,3.024,-3.687,-0.058,-0.085,-0.136,49.650,34.500,-28.950,33.1
21:19:39.783,2697498,-8.614,2.794,-3.567,-0.048,-0.075,-0.055,49.650,34.500,-28.950,32.9
21:19:39.785,2697552,-8.590,2.954,-3.436,0.003,0.046,-0.016,50.850,34.200,-28.950,32.8
21:19:39.836,2697606,-8.614,2.557,-4.140,0.173,0.146,0.005,50.850,34.200,-28.950,33.0
21:19:39.889,2697660,-8.748,1.523,-4.178,0.613,0.220,0.079,50.400,34.200,-30.450,33.0
21:19:39.994,2697714,-8.425,2.203,-4.855,0.405,0.110,0.014,50.400,34.200,-30.450,33.0
21:19:39.996,2697768,-8.131,2.416,-4.693,0.415,0.089,-0.018,50.400,34.200,-30.450,33.2
21:19:40.099,2697822,-8.169,2.294,-5.078,0.484,0.015,-0.167,52.350,32.250,-34.050,33.4
21:19:40.150,2697876,-8.897,2.370,-5.246,0.372,-0.056,-0.238,52.350,32.250,-34.050,32.8
21:19:40.203,2697930,-8.892,2.516,-4.398,0.385,-0.093,-0.131,51.150,31.800,-34.500,33.0
21:19:40.257,2697984,-8.430,1.946,-4.633,0.371,-0.174,-0.116,51.150,31.800,-34.500,32.7
21:19:40.308,2698038,-8.329,1.587,-4.288,0.317,-0.054,-0.163,52.350,30.600,-34.050,33.0
21:19:40.360,2698092,-8.638,1.410,-4.137,0.172,0.004,-0.288,52.350,30.600,-34.050,33.1
21:19:40.413,2698146,-8.607,0.706,-4.175,0.001,0.073,-0.330,52.350,30.600,-34.050,33.2
21:19:40.466,2698200,-8.571,0.986,-4.202,0.144,0.036,-0.325,52.350,30.600,-34.050,32.9
21:19:40.519,2698254,-8.368,0.601,-4.235,0.161,0.103,-0.293,53.100,28.350,-35.550,33.1
21:19:40.571,2698308,-8.624,0.630,-4.401,0.039,0.090,-0.286,53.400,26.400,-35.250,33.0
21:19:40.624,2698362,-8.511,0.144,-4.781,-0.030,0.100,-0.261,53.400,26.400,-35.250,33.1
21:19:40.675,2698416,-8.796,0.208,-4.705,-0.033,0.112,-0.236,53.400,26.400,-35.250,32.9
21:19:40.728,2698470,-8.837,0.225,-4.776,-0.019,0.051,-0.157,53.400,26.400,-35.250,32.8
21:19:40.781,2698524,-8.950,0.012,-4.700,-0.050,-0.037,-0.068,54.750,26.550,-35.700,33.3
21:19:40.887,2698578,-8.698,-0.338,-4.700,0.221,-0.061,0.016,54.750,26.550,-35.700,32.9
21:19:40.889,2698632,-8.856,0.230,-4.705,0.083,-0.128,0.061,53.550,25.050,-36.150,32.8
21:19:40.939,2698686,-8.607,0.160,-4.875,0.014,-0.058,0.003,53.550,25.050,-36.150,33.2
21:19:40.991,2698740,-8.708,0.644,-4.278,0.001,0.091,0.002,55.800,24.750,-35.700,33.0
21:19:41.044,2698794,-8.516,0.405,-4.729,0.034,0.052,-0.068,55.800,24.750,-35.700,33.2
21:19:41.096,2698848,-8.645,0.711,-4.796,-0.034,0.064,-0.032,55.800,24.750,-35.700,33.2
21:19:41.148,2698902,-8.531,0.275,-4.424,-0.107,-0.011,0.021,52.050,25.500,-36.150,33.0
21:19:41.200,2698956,-8.315,0.251,-4.724,-0.022,-0.015,-0.070,52.050,25.500,-36.150,32.8
21:19:41.253,2699010,-8.207,0.299,-4.657,-0.127,0.010,-0.048,55.800,25.050,-36.900,33.0
21:19:41.305,2699064,-8.521,0.103,-4.662,-0.035,0.023,-0.046,55.800,25.050,-36.900,33.0
21:19:41.358,2699118,-8.969,0.304,-4.784,-0.121,-0.065,0.113,54.750,22.350,-35.700,32.9
21:19:41.411,2699172,-8.243,0.029,-5.069,0.103,-0.074,0.061,54.750,22.350,-35.700,33.1
21:19:41.463,2699226,-7.918,0.646,-4.858,-0.104,0.076,0.030,54.750,22.350,-35.700,33.1
21:19:41.516,2699280,-8.665,0.455,-4.879,0.071,0.050,-0.090,54.750,22.350,-35.700,33.0
21:19:41.569,2699334,-9.103,0.864,-4.468,0.172,-0.124,0.051,54.000,25.050,-36.450,33.1
21:19:41.621,2699388,-8.657,0.838,-4.831,0.095,-0.191,0.015,54.000,25.050,-36.450,32.8
21:19:41.673,2699442,-8.662,0.558,-4.269,0.025,-0.170,-0.119,54.900,25.650,-36.300,32.5
21:19:41.727,2699496,-8.629,0.771,-4.683,-0.043,-0.015,-0.160,54.900,25.650,-36.300,33.2
21:19:41.778,2699550,-9.038,0.378,-4.161,-0.258,-0.038,-0.121,54.300,25.800,-35.100,33.2
21:19:41.885,2699604,-9.108,0.333,-4.140,-0.110,-0.241,-0.017,54.900,24.450,-34.500,33.1
21:19:41.886,2699658,-9.038,-0.007,-4.166,0.113,-0.338,0.084,54.900,24.450,-34.500,33.2
21:19:41.989,2699712,-8.736,-0.239,-3.998,-0.078,-0.301,0.150,55.500,23.550,-33.150,32.8
21:19:42.042,2699766,-8.849,-0.936,-3.651,0.338,-0.160,0.292,55.500,23.550,-33.150,33.1
21:19:42.095,2699820,-9.014,0.637,-3.347,-0.161,-0.059,0.446,53.700,26.400,-30.750,33.0
21:19:42.147,2699874,-10.104,1.401,-3.989,-0.528,-0.063,0.423,53.700,26.400,-30.750,32.8
21:19:42.199,2699928,-12.663,0.699,-5.382,-0.798,-0.027,0.683,53.700,26.400,-30.750,32.9
21:19:42.252,2699982,-13.625,4.798,-5.665,-0.687,-0.043,0.981,53.700,26.400,-30.750,33.1
21:19:42.303,2700036,-12.031,2.892,-5.004,0.157,0.016,0.857,52.050,32.400,-29.250,33.0
21:19:42.355,2700090,-9.993,3.778,-3.919,-0.106,0.012,0.396,52.050,32.400,-29.250,33.0
21:19:42.409,2700144,-8.638,3.041,-2.689,0.022,0.086,-0.249,51.000,38.250,-27.750,33.0
21:19:42.462,2700198,-7.788,3.043,-2.868,0.068,0.056,-0.707,51.900,37.950,-29.400,33.0
21:19:42.515,2700252,-8.282,3.536,-2.794,-0.194,0.052,-1.213,51.900,37.950,-29.400,32.9
21:19:42.567,2700306,-6.826,-0.572,-3.400,0.545,-0.087,-1.166,51.900,37.950,-29.400,32.8
21:19:42.618,2700360,-7.448,1.274,-2.698,0.207,-0.309,-1.190,51.900,37.950,-29.400,32.8
21:19:42.671,2700414,-7.707,0.857,-3.017,-0.068,-0.201,-1.185,59.250,27.750,-29.250,32.8
21:19:42.723,2700468,-7.661,-2.555,-3.974,-0.091,-0.357,-1.118,59.250,27.750,-29.250,33.2
21:19:42.776,2700522,-7.264,-1.137,-2.351,0.468,-0.435,-0.930,61.650,20.250,-25.650,33.0
21:19:42.830,2700576,-8.308,-0.383,-4.001,-0.454,-0.460,-0.974,61.650,20.250,-25.650,33.0
21:19:42.883,2700630,-9.110,-1.458,-3.148,1.114,-1.032,-1.339,62.850,16.200,-24.450,33.0
21:19:42.935,2700684,-6.642,-5.993,-1.511,0.815,-0.993,-1.362,62.850,16.200,-24.450,33.1
21:19:42.987,2700738,-5.978,-1.190,-1.487,1.038,0.197,0.431,62.850,16.200,-24.450,33.1
21:19:43.040,2700792,-5.270,-0.129,-3.163,-0.572,1.102,1.861,65.400,10.500,-18.750,32.9
21:19:43.092,2700846,-6.108,-5.576,-2.184,-0.665,1.031,2.081,65.400,10.500,-18.750,32.6
21:19:43.143,2700900,-7.673,-3.764,-6.366,-0.795,0.682,1.710,61.200,23.700,-24.600,32.9
21:19:43.195,2700954,-9.129,2.662,-3.256,0.464,0.670,1.555,61.200,23.700,-24.600,33.1
21:19:43.248,2701008,-6.926,-0.144,-3.357,0.023,0.555,1.523,58.200,32.250,-29.700,33.0
21:19:43.300,2701062,-8.284,-0.045,-4.776,0.035,0.282,1.302,58.200,32.250,-29.700,33.0
21:19:43.353,2701116,-9.215,2.557,-3.306,0.161,0.286,1.154,54.300,38.550,-30.600,32.8
21:19:43.406,2701170,-8.674,4.130,-4.966,0.226,0.237,0.738,54.300,38.550,-30.600,32.9
21:19:43.460,2701224,-8.710,3.958,-5.298,0.238,0.195,0.423,49.050,40.500,-33.900,33.0
21:19:43.512,2701278,-8.464,3.366,-4.635,0.937,0.281,0.317,49.050,40.500,-33.900,33.0
21:19:43.565,2701332,-9.043,2.112,-4.099,0.176,0.147,0.145,47.700,42.150,-37.650,32.7
21:19:43.616,2701386,-7.836,1.863,-6.134,-0.037,0.098,0.001,47.700,42.150,-37.650,32.9
21:19:43.668,2701440,-7.707,2.435,-5.686,0.002,-0.049,-0.226,47.700,42.150,-37.650,32.8
21:19:43.721,2701494,-8.155,2.919,-5.090,0.100,0.016,-0.241,46.500,37.800,-37.950,32.9
21:19:43.825,2701548,-7.690,2.866,-5.059,-0.167,0.054,-0.395,46.500,37.800,-37.950,33.1
21:19:43.878,2701602,-8.296,1.958,-4.221,0.010,0.027,-0.423,48.000,37.800,-37.950,33.0
21:19:43.931,2701656,-7.937,2.109,-5.509,-0.316,0.013,-0.529,48.000,37.800,-37.950,33.0
21:19:43.983,2701710,-8.605,1.645,-4.915,0.026,-0.047,-0.461,48.150,35.250,-38.850,33.0
21:19:44.035,2701764,-8.897,1.669,-5.033,-0.357,0.099,-0.406,48.150,35.250,-38.850,32.8
21:19:44.089,2701818,-9.187,2.121,-5.282,-0.502,0.101,-0.478,48.150,35.250,-38.850,32.8
21:19:44.142,2701872,-9.414,1.549,-5.301,-0.450,0.087,-0.316,48.150,35.250,-38.850,32.9
21:19:44.195,2701926,-9.328,2.116,-4.839,-0.444,0.103,-0.350,49.500,31.950,-35.700,32.8
21:19:44.246,2701980,-8.751,2.308,-5.186,-0.329,0.044,-0.275,49.500,31.950,-35.700,32.8
21:19:44.298,2702034,-8.337,1.729,-5.480,-0.161,0.007,-0.272,49.350,29.850,-35.550,33.0
21:19:44.351,2702088,-8.557,1.877,-5.128,-0.263,0.060,-0.249,51.750,30.450,-34.650,33.2
21:19:44.403,2702142,-8.248,1.317,-5.164,0.195,0.086,-0.307,51.750,30.450,-34.650,33.2
21:19:44.457,2702196,-8.444,1.130,-4.927,0.094,0.110,-0.320,51.750,30.450,-34.650,33.1
21:19:44.508,2702250,-8.329,1.058,-5.073,0.324,0.070,-0.294,51.750,30.450,-34.650,32.8
21:19:44.561,2702304,-8.526,1.164,-4.970,0.148,0.071,-0.244,51.600,27.150,-34.800,32.8
21:19:44.614,2702358,-8.217,0.436,-5.131,0.000,-0.050,-0.309,51.600,27.150,-34.800,33.0
21:19:44.666,2702412,-8.080,0.970,-5.289,-0.044,-0.042,-0.333,52.350,25.650,-36.300,33.2
21:19:44.720,2702466,-8.437,0.639,-5.179,-0.137,-0.088,-0.361,52.350,25.650,-36.300,32.8
21:19:44.770,2702520,-8.566,0.673,-4.793,-0.394,-0.078,-0.351,53.250,24.750,-36.900,32.9
21:19:44.824,2702574,-8.449,0.498,-5.045,-0.256,-0.118,-0.312,53.250,24.750,-36.900,32.9
21:19:44.876,2702628,-8.447,0.761,-4.530,-0.535,-0.092,-0.313,54.000,23.850,-34.650,33.1
21:19:44.928,2702682,-8.803,0.302,-4.609,-0.412,-0.101,-0.282,51.900,22.200,-33.450,33.2
21:19:44.981,2702736,-8.950,0.725,-4.549,-0.215,0.023,-0.232,51.900,22.200,-33.450,32.8
21:19:45.033,2702790,-9.031,0.800,-4.432,-0.246,-0.023,-0.258,54.000,21.900,-31.800,32.8
21:19:45.086,2702844,-8.681,-0.002,-4.987,0.054,-0.033,-0.193,54.000,21.900,-31.800,33.1
21:19:45.139,2702898,-9.309,0.927,-4.535,-0.189,-0.135,-0.091,54.000,21.900,-31.800,33.2
21:19:45.192,2702952,-9.357,0.627,-5.054,0.001,-0.214,0.016,54.000,21.900,-31.800,33.2
21:19:45.243,2703006,-10.410,1.094,-5.157,-0.055,-0.145,0.152,54.300,20.850,-31.050,33.4
21:19:45.296,2703060,-11.293,0.551,-5.344,-0.254,-0.212,0.395,54.300,20.850,-31.050,33.0
21:19:45.348,2703114,-10.738,1.429,-5.298,0.214,-0.245,0.598,54.300,22.350,-29.850,33.0
21:19:45.401,2703168,-10.060,1.389,-4.834,-0.274,-0.199,0.646,54.300,22.350,-29.850,33.2
21:19:45.453,2703222,-9.565,1.025,-4.046,0.296,-0.219,0.508,54.750,27.000,-29.250,32.8
21:19:45.506,2703276,-9.048,2.306,-4.161,0.205,-0.094,0.344,54.750,27.000,-29.250,32.8
21:19:45.560,2703330,-10.233,2.648,-4.164,0.408,-0.035,0.211,54.750,27.000,-29.250,33.0
21:19:45.611,2703384,-10.068,1.238,-4.532,0.177,0.038,0.119,55.500,33.150,-28.050,33.1
21:19:45.716,2703438,-10.420,2.174,-3.546,-0.145,0.054,-0.118,55.500,33.150,-28.050,32.9
21:19:45.768,2703492,-9.232,0.929,-3.601,0.563,-0.134,-0.345,55.950,32.550,-27.900,33.0
21:19:45.821,2703546,-8.236,-0.381,-2.816,0.483,-0.281,-0.423,55.950,32.550,-27.900,33.0
21:19:45.874,2703600,-7.738,-0.797,-4.099,0.287,-0.279,-0.819,58.050,28.950,-26.550,33.1
21:19:45.926,2703654,-8.674,0.431,-3.725,0.700,-0.182,-0.993,58.050,28.950,-26.550,33.1
21:19:45.979,2703708,-9.163,1.310,-3.587,0.782,-0.629,-1.126,59.250,25.050,-27.000,32.7
21:19:46.032,2703762,-6.740,-4.001,-3.072,1.880,-0.990,-0.768,59.250,25.050,-27.000,32.6
21:19:46.085,2703816,-7.135,-0.062,-3.215,1.444,-1.058,-0.910,62.550,20.100,-22.950,33.0
21:19:46.137,2703870,-7.377,2.770,-2.535,1.747,-1.014,-1.071,62.550,20.100,-22.950,33.1
21:19:46.190,2703924,-7.128,-4.628,-2.753,0.153,-0.333,-0.780,64.050,12.750,-19.350,33.1
21:19:46.293,2703978,-5.765,2.227,-3.883,0.331,0.976,1.216,64.050,12.750,-19.350,33.2
21:19:46.295,2704032,-6.246,-6.024,-2.160,-0.713,1.159,1.794,64.050,12.750,-19.350,33.1
21:19:46.346,2704086,-7.827,0.419,-3.024,-1.454,0.977,1.798,61.950,21.450,-26.100,33.0
21:19:46.398,2704140,-7.743,1.812,-4.436,-0.216,0.694,1.348,61.950,21.450,-26.100,33.2
21:19:46.450,2704194,-6.512,0.373,-4.549,0.574,0.838,1.530,59.400,31.050,-30.450,32.8
21:19:46.505,2704248,-7.989,1.590,-4.482,0.185,1.093,1.249,59.400,31.050,-30.450,33.0
21:19:46.609,2704302,-7.875,3.632,-5.641,0.375,0.963,0.799,54.150,35.700,-35.250,33.1
21:19:46.611,2704356,-6.630,0.737,-5.535,0.539,0.835,0.723,54.150,35.700,-35.250,33.1
21:19:46.661,2704410,-8.724,5.255,-5.210,-0.147,0.518,0.116,54.150,35.700,-35.250,33.0
21:19:46.714,2704464,-8.669,1.386,-5.760,-0.147,-0.005,0.299,54.150,35.700,-35.250,32.9
21:19:46.817,2704518,-8.468,4.221,-5.739,-0.167,0.031,-0.219,47.850,38.850,-41.850,33.0
21:19:46.819,2704572,-7.841,0.804,-7.020,-0.077,0.055,-0.310,46.350,38.400,-42.450,33.2
21:19:46.871,2704626,-7.999,1.717,-6.888,0.116,0.018,-0.494,46.350,38.400,-42.450,32.8
21:19:46.923,2704680,-8.090,1.197,-6.591,-0.317,-0.059,-0.478,48.000,34.800,-40.950,32.7
21:19:46.976,2704734,-8.176,2.557,-6.048,-0.206,0.026,-0.390,48.000,34.800,-40.950,33.0
21:19:47.030,2704788,-8.432,0.804,-5.806,-0.345,0.070,-0.445,50.250,34.350,-40.950,33.0
21:19:47.134,2704842,-8.284,3.931,-5.655,-0.331,0.003,-0.457,50.250,34.350,-40.950,33.1
21:19:47.136,2704896,-7.757,0.364,-6.141,-0.528,-0.025,-0.263,49.350,33.750,-39.300,32.9
21:19:47.188,2704950,-9.122,4.393,-4.154,0.076,-0.095,-0.314,49.350,33.750,-39.300,32.8
21:19:47.240,2705004,-8.243,1.319,-5.660,-0.638,-0.173,-0.193,49.050,31.200,-39.000,33.0
21:19:47.291,2705058,-8.147,1.317,-5.827,-0.289,-0.005,-0.266,49.050,31.200,-39.000,33.1
21:19:47.343,2705112,-8.294,2.497,-4.662,-0.261,-0.004,-0.296,49.050,31.200,-39.000,32.8
21:19:47.396,2705166,-7.357,1.037,-5.315,-0.355,0.026,-0.371,50.850,32.250,-36.600,32.8
21:19:47.450,2705220,-8.830,1.664,-2.725,0.525,0.122,-0.544,50.850,32.250,-36.600,33.0
21:19:47.501,2705274,-8.516,5.054,-7.829,-2.266,0.403,-0.759,53.250,28.200,-37.650,33.0
21:19:47.607,2705328,-15.771,1.776,-9.572,0.485,-0.066,-0.104,53.250,28.200,-37.650,33.0
21:19:47.660,2705382,-14.061,1.958,-7.594,0.157,-0.436,0.726,53.550,27.750,-37.650,32.8
21:19:47.711,2705436,-11.894,2.318,-6.768,0.129,-0.302,0.691,53.550,27.750,-37.650,32.8
21:19:47.765,2705490,-10.302,1.274,-4.453,-0.300,-0.476,0.332,53.550,27.750,-37.650,33.0
21:19:47.815,2705544,-7.568,0.615,-4.017,-0.321,-0.494,-0.264,53.550,27.750,-37.650,32.8
21:19:47.921,2705598,-6.244,0.639,-2.720,0.241,-0.264,-0.690,54.450,33.750,-30.750,32.8
21:19:47.922,2705652,-6.412,0.385,-3.790,-0.283,-0.051,-0.942,54.450,33.750,-30.750,32.8
21:19:47.973,2705706,-9.567,1.604,-4.324,0.070,-0.143,-1.004,56.700,30.300,-29.400,32.9
21:19:48.027,2705760,-8.765,-0.888,-3.476,0.193,-0.314,-0.824,56.700,30.300,-29.400,33.0
21:19:48.080,2705814,-7.657,-0.132,-4.214,0.279,-0.485,-0.813,58.500,25.500,-28.800,33.0
21:19:48.132,2705868,-5.993,-1.453,-2.691,-0.168,-0.598,-0.550,60.600,22.800,-25.200,32.8
21:19:48.185,2705922,-5.997,-0.795,-3.383,0.641,-0.476,-0.074,60.600,22.800,-25.200,32.8
21:19:48.237,2705976,-7.125,-0.620,-4.221,-0.904,-0.143,-0.080,62.400,22.950,-23.550,33.0
21:19:48.288,2706030,-9.098,-0.244,-4.456,0.575,-0.222,-0.384,62.400,22.950,-23.550,33.0
21:19:48.341,2706084,-9.574,2.021,-4.360,0.221,-0.424,-0.514,63.600,20.400,-22.200,32.8
21:19:48.394,2706138,-10.834,2.097,-2.105,0.711,-0.743,-1.350,63.600,20.400,-22.200,32.8
21:19:48.445,2706192,-8.181,-4.202,-1.240,1.966,-0.907,-1.566,63.600,20.400,-22.200,33.2
21:19:48.498,2706246,-6.627,0.057,-1.092,1.128,0.084,0.069,63.600,20.400,-22.200,32.8
21:19:48.551,2706300,-5.468,1.832,-2.224,-1.310,0.857,1.419,64.800,9.150,-17.850,33.0
21:19:48.604,2706354,-5.741,-3.460,-2.107,-1.105,0.935,2.136,64.800,9.150,-17.850,33.0
21:19:48.657,2706408,-8.914,1.786,-3.663,-0.199,0.648,1.734,62.850,17.700,-21.150,33.2
21:19:48.708,2706462,-7.896,2.672,-3.165,0.422,0.444,1.744,59.700,31.050,-23.550,33.2
21:19:48.761,2706516,-8.267,-0.486,-5.325,-1.011,0.386,1.767,59.700,31.050,-23.550,32.9
21:19:48.813,2706570,-9.163,4.345,-4.561,-0.751,0.359,1.181,59.700,31.050,-23.550,33.0
21:19:48.866,2706624,-8.423,3.405,-4.626,-0.245,0.258,0.892,59.700,31.050,-23.550,32.8
21:19:48.919,2706678,-8.868,4.997,-3.572,-0.298,0.126,0.660,51.600,39.900,-26.100,33.0
21:19:48.971,2706732,-9.096,5.351,-3.673,-0.038,-0.088,0.244,51.600,39.900,-26.100,33.0
21:19:49.024,2706786,-9.960,4.549,-4.199,-0.504,-0.023,0.066,50.100,43.050,-25.350,33.2
21:19:49.077,2706840,-9.270,5.380,-3.510,0.199,-0.023,-0.117,50.100,43.050,-25.350,33.0
21:19:49.129,2706894,-8.921,2.847,-3.134,-0.197,-0.101,0.025,50.100,43.050,-25.350,33.0
21:19:49.181,2706948,-8.504,3.680,-3.369,-0.412,-0.049,-0.055,50.100,43.050,-25.350,32.9
21:19:49.234,2707002,-8.377,4.353,-3.144,-0.098,0.018,-0.152,47.700,42.450,-22.950,32.9
21:19:49.286,2707056,-8.277,4.123,-2.490,-0.078,0.204,-0.345,49.650,41.850,-23.100,32.9
21:19:49.338,2707110,-9.167,4.630,-2.983,0.031,0.272,-0.386,49.650,41.850,-23.100,33.0
21:19:49.391,2707164,-8.464,3.021,-4.053,-0.081,0.272,-0.312,48.750,38.550,-24.000,33.0
21:19:49.496,2707218,-8.811,2.804,-3.491,0.109,0.157,-0.370,48.750,38.550,-24.000,33.0
21:19:49.549,2707272,-9.019,3.541,-3.934,-0.015,0.079,-0.326,48.750,38.550,-24.000,33.0
21:19:49.600,2707326,-8.988,2.832,-3.733,-0.008,-0.042,-0.331,48.750,38.550,-24.000,33.0
21:19:49.653,2707380,-8.899,3.172,-4.180,0.103,-0.106,-0.248,50.850,35.250,-26.400,33.1
21:19:49.706,2707434,-9.874,3.982,-4.123,0.250,-0.310,-0.264,50.850,35.250,-26.400,32.8
21:19:49.811,2707488,-14.042,4.130,-5.461,-0.027,-0.320,-0.055,52.500,34.350,-23.700,32.8
21:19:49.813,2707542,-14.387,5.243,-4.901,0.573,-0.412,0.392,52.500,34.350,-23.700,32.9
21:19:49.864,2707596,-11.921,3.522,-4.013,-0.055,-0.153,0.392,52.500,34.350,-23.700,32.8
21:19:49.917,2707650,-10.592,5.064,-2.643,0.413,-0.093,0.002,51.000,37.050,-22.650,32.8
21:19:49.968,2707704,-8.952,1.554,-2.830,0.555,-0.079,-0.313,51.000,37.050,-22.650,33.1
21:19:50.021,2707758,-9.395,2.277,-2.904,0.521,-0.001,-0.531,53.100,34.500,-22.050,32.9
21:19:50.074,2707812,-8.068,0.970,-3.211,0.398,-0.241,-0.627,53.100,34.500,-22.050,33.1
21:19:50.127,2707866,-5.796,-1.235,-2.251,0.633,-0.501,-0.477,55.200,32.550,-22.050,33.2
21:19:50.232,2707920,-2.866,-0.069,-0.816,1.895,-0.176,-0.086,55.200,32.550,-22.050,33.1
21:19:50.234,2707974,-3.709,4.563,-2.971,-0.875,0.139,0.184,55.200,32.550,-22.050,32.8
21:19:50.283,2708028,-3.979,-1.104,-2.770,-0.574,0.422,0.539,55.200,32.550,-22.050,32.8
21:19:50.336,2708082,-6.804,2.157,-2.715,0.400,0.191,0.538,57.000,32.850,-24.450,33.0
21:19:50.389,2708136,-7.041,0.194,-4.070,-0.061,0.330,0.824,57.000,32.850,-24.450,32.9
21:19:50.442,2708190,-9.474,3.385,-3.318,-0.088,0.585,0.512,54.300,37.500,-28.050,32.9
21:19:50.493,2708244,-10.001,0.898,-5.813,0.810,0.281,0.267,54.300,37.500,-28.050,33.0
21:19:50.546,2708298,-12.081,5.148,-5.033,0.313,0.325,0.009,51.750,37.050,-30.300,32.8
21:19:50.599,2708352,-14.099,4.262,-7.879,-0.134,0.144,-0.313,51.150,36.450,-33.450,33.0
21:19:50.653,2708406,-14.609,6.591,-8.238,0.126,0.023,-0.900,51.150,36.450,-33.450,33.0
21:19:50.705,2708460,-11.396,2.181,-7.053,-0.879,-0.417,-1.008,53.700,33.750,-33.000,32.7
21:19:50.808,2708514,-4.652,-1.070,-1.791,1.619,-0.385,-0.585,53.700,33.750,-33.000,32.8
21:19:50.810,2708568,-2.066,-0.424,-2.722,0.086,-0.435,-0.006,54.900,28.800,-32.700,32.9
21:19:50.914,2708622,-4.401,-0.323,-1.935,-0.571,-0.196,0.341,54.900,28.800,-32.700,33.0
21:19:50.915,2708676,-5.581,-0.199,-3.649,-0.477,0.064,0.787,54.900,28.800,-32.700,33.0
21:19:50.967,2708730,-7.807,1.561,-3.579,-0.433,0.505,0.929,54.900,28.800,-32.700,33.0
21:19:51.018,2708784,-10.276,4.875,-5.109,-0.110,0.402,0.447,52.650,35.250,-30.750,33.1
21:19:51.071,2708838,-10.918,5.624,-4.908,0.497,0.395,0.210,52.650,35.250,-30.750,33.0
21:19:51.125,2708892,-12.371,4.918,-5.993,-0.176,0.292,0.209,51.900,36.900,-31.200,33.0
21:19:51.177,2708946,-14.387,5.502,-6.843,-0.035,0.151,-0.117,48.900,36.450,-33.750,32.8
21:19:51.230,2709000,-12.036,2.705,-6.682,-0.287,-0.102,-0.319,48.900,36.450,-33.750,32.6
21:19:51.282,2709054,-9.759,3.618,-5.291,0.365,-0.244,-0.613,48.900,36.450,-33.750,33.0
21:19:51.386,2709108,-8.351,0.934,-4.159,-0.114,-0.448,-0.501,48.900,36.450,-33.750,32.9
21:19:51.439,2709162,-3.977,-1.087,-0.369,1.237,-0.379,-0.290,54.300,32.400,-30.300,33.0
21:19:51.492,2709216,-1.896,2.648,-2.883,-0.446,-0.097,0.018,54.300,32.400,-30.300,33.1
21:19:51.543,2709270,-4.338,-0.165,-2.713,-0.233,0.062,0.246,54.900,32.250,-31.500,33.0
21:19:51.649,2709324,-4.918,0.491,-3.883,-0.763,0.091,0.669,54.900,32.250,-31.500,33.1
21:19:51.650,2709378,-7.257,2.421,-5.298,-0.115,0.297,0.626,54.900,32.250,-31.500,32.9
21:19:51.700,2709432,-8.909,1.190,-4.973,-0.108,0.107,0.511,54.900,32.250,-31.500,32.8
21:19:51.754,2709486,-9.649,3.768,-4.357,-0.410,0.191,0.239,51.000,39.000,-33.150,32.8
21:19:51.807,2709540,-8.727,2.837,-5.188,0.264,0.007,0.063,50.250,38.550,-33.900,32.9
21:19:51.858,2709594,-9.074,3.376,-4.911,0.122,-0.102,-0.046,50.250,38.550,-33.900,33.0
21:19:51.911,2709648,-8.995,3.254,-4.707,-0.224,0.096,-0.134,49.650,38.850,-33.750,32.9
21:19:51.964,2709702,-8.705,2.485,-4.772,0.283,-0.152,-0.258,49.650,38.850,-33.750,33.0
21:19:52.018,2709756,-8.566,3.311,-4.681,-0.295,-0.113,-0.250,49.650,38.850,-33.750,32.8
21:19:52.068,2709810,-8.669,1.504,-4.815,0.354,-0.116,-0.273,49.650,38.850,-33.750,33.0
21:19:52.123,2709864,-9.079,2.421,-4.147,-0.102,-0.221,-0.247,50.400,34.500,-33.000,33.1
21:19:52.175,2709918,-9.433,2.037,-3.879,0.146,-0.130,-0.102,50.400,34.500,-33.000,32.8
21:19:52.228,2709972,-10.558,2.880,-5.397,-0.199,0.021,0.014,51.600,33.750,-32.700,32.8
21:19:52.279,2710026,-11.636,4.930,-4.590,-0.023,-0.034,0.091,51.600,33.750,-32.700,33.0
21:19:52.383,2710080,-14.217,4.348,-7.281,-0.804,-0.027,0.547,50.400,34.200,-31.500,33.1
21:19:52.385,2710134,-13.221,6.402,-5.748,-0.130,-0.078,0.629,50.400,34.200,-31.500,33.0
21:19:52.541,2710188,-11.111,3.881,-4.575,-0.238,-0.138,0.374,51.000,39.000,-30.300,33.0
21:19:52.543,2710242,-9.620,3.297,-3.438,0.032,-0.231,-0.216,49.650,39.600,-27.900,33.0
21:19:52.545,2710296,-8.875,2.593,-1.623,0.043,-0.102,-0.662,49.650,39.600,-27.900,33.2
21:19:52.593,2710350,-7.930,0.400,-3.239,-0.810,-0.014,-0.695,51.000,36.300,-26.550,33.0
21:19:52.646,2710404,-9.189,1.276,-2.121,-0.163,-0.304,-1.083,51.000,36.300,-26.550,33.0
21:19:52.699,2710458,-8.322,1.712,-3.950,-0.001,-0.575,-1.141,51.000,36.300,-26.550,33.1
21:19:52.751,2710512,-4.980,-1.015,-3.129,1.429,-0.815,-1.093,51.000,36.300,-26.550,33.0
21:19:52.803,2710566,-6.804,4.542,-3.158,0.407,-0.788,-1.114,59.550,27.000,-24.000,33.0
21:19:52.856,2710620,-8.535,0.168,-3.280,0.472,-1.115,-1.646,59.550,27.000,-24.000,33.0
21:19:52.909,2710674,-5.239,-3.867,0.110,1.977,-1.090,-1.255,61.650,19.800,-18.450,33.0
21:19:52.962,2710728,-5.239,2.327,-3.677,1.872,0.315,0.158,61.650,19.800,-18.450,32.9
21:19:53.067,2710782,-2.849,1.085,-2.729,-0.493,1.721,1.611,63.900,13.650,-15.450,33.0
21:19:53.069,2710836,-5.753,0.215,-1.925,-1.268,1.851,1.788,63.900,13.650,-15.450,32.6
21:19:53.118,2710890,-8.602,1.271,-3.819,0.038,1.249,1.845,63.900,13.650,-15.450,32.8
21:19:53.171,2710944,-8.468,1.398,-6.663,-0.535,0.985,1.400,52.500,35.550,-29.850,33.1
21:19:53.276,2710998,-9.098,-1.164,-5.605,-0.290,0.786,0.996,52.500,35.550,-29.850,33.0
21:19:53.328,2711052,-9.325,3.235,-5.258,0.181,0.600,0.411,50.850,37.200,-36.000,32.9
21:19:53.381,2711106,-8.509,2.389,-6.491,0.192,0.479,0.144,50.850,37.200,-36.000,33.0
21:19:53.435,2711160,-8.720,2.583,-6.644,0.017,0.258,-0.096,49.350,38.400,-39.300,33.1
21:19:53.488,2711214,-9.407,1.429,-5.787,-0.244,0.186,-0.229,49.350,38.400,-39.300,32.8
21:19:53.540,2711268,-8.796,2.131,-6.340,-0.045,0.102,-0.200,48.750,37.800,-39.450,32.9
21:19:53.593,2711322,-8.787,2.193,-6.397,-0.264,0.023,-0.289,48.750,37.800,-39.450,32.7
21:19:53.643,2711376,-9.167,1.865,-5.227,-0.382,0.136,-0.291,49.350,35.700,-40.350,32.8
21:19:53.696,2711430,-8.056,1.250,-5.806,-0.466,0.192,-0.241,49.350,34.200,-38.550,33.0
21:19:53.750,2711484,-8.377,1.518,-5.715,-0.392,0.184,-0.279,49.350,34.200,-38.550,33.0
21:19:53.802,2711538,-8.432,2.452,-5.454,-0.189,0.083,-0.217,49.350,34.200,-38.550,33.0
21:19:53.854,2711592,-8.540,2.294,-6.251,-0.323,-0.179,-0.180,49.350,34.200,-38.550,32.9
21:19:53.906,2711646,-8.229,2.346,-5.471,-0.106,-0.357,-0.058,48.600,33.000,-38.850,32.8
21:19:53.958,2711700,-8.461,1.906,-6.639,-0.016,-0.270,-0.138,48.600,33.000,-38.850,32.8
21:19:54.012,2711754,-11.949,4.389,-6.165,-0.900,-0.207,-0.054,49.500,32.400,-36.900,33.1
21:19:54.065,2711808,-14.200,5.401,-10.168,-0.699,0.144,0.618,49.500,32.400,-36.900,32.7
21:19:54.119,2711862,-11.969,6.237,-7.312,0.001,0.006,0.203,49.500,36.600,-35.100,32.5
21:19:54.168,2711916,-9.831,3.941,-4.389,-0.222,-0.321,-0.319,49.500,36.600,-35.100,32.9
21:19:54.221,2711970,-8.543,1.080,-4.022,-0.359,-0.487,-0.536,50.250,37.050,-32.850,33.0
21:19:54.274,2712024,-8.595,2.164,-4.235,-0.057,-0.484,-0.977,50.250,37.050,-32.850,33.1
21:19:54.326,2712078,-7.333,0.599,-2.571,-0.186,-0.570,-1.083,54.150,34.200,-30.450,33.0
21:19:54.378,2712132,-6.900,-1.341,-3.184,-0.394,-0.427,-1.131,54.750,30.450,-25.950,32.8
21:19:54.432,2712186,-6.548,-2.035,-2.229,-0.250,-0.546,-1.144,54.750,30.450,-25.950,33.2
21:19:54.486,2712240,-6.737,-0.417,-3.282,-0.162,-0.541,-1.011,54.750,30.450,-25.950,33.0
21:19:54.538,2712294,-7.647,-1.614,-2.509,0.568,-0.770,-0.926,54.750,30.450,-25.950,32.8
21:19:54.588,2712348,-9.117,-0.955,-4.374,0.514,-0.949,-1.237,62.400,19.500,-20.550,32.8
21:19:54.692,2712402,-8.329,1.820,-2.629,1.114,-1.128,-1.855,62.400,19.500,-20.550,33.0
21:19:54.694,2712456,-6.845,-5.181,-0.113,2.063,-0.683,-0.785,63.900,10.500,-13.200,32.8
21:19:54.745,2712510,-5.069,2.507,-2.543,0.953,0.476,1.027,63.900,10.500,-13.200,32.8
21:19:54.798,2712564,-5.705,-2.308,-0.871,-1.530,1.313,1.686,63.900,11.400,-10.650,32.8
21:19:54.851,2712618,-8.167,2.741,-2.799,-0.083,1.230,1.734,63.900,11.400,-10.650,33.0
21:19:54.903,2712672,-7.403,-1.056,-3.127,-0.885,0.734,1.726,62.550,22.800,-19.350,32.9
21:19:54.957,2712726,-8.823,1.049,-3.721,-0.142,0.305,1.240,59.400,30.600,-22.800,33.0
21:19:55.009,2712780,-9.036,0.354,-3.388,-0.391,0.447,1.241,59.400,30.600,-22.800,33.0
21:19:55.062,2712834,-9.701,2.191,-3.536,-0.140,0.346,0.781,57.450,36.450,-24.600,32.8
21:19:55.166,2712888,-10.554,3.934,-3.010,0.739,0.306,0.776,57.450,36.450,-24.600,33.1
21:19:55.218,2712942,-7.211,1.592,-4.152,-0.613,0.449,0.800,57.450,36.450,-24.600,33.0
21:19:55.271,2712996,-8.090,0.965,-3.424,0.355,0.472,0.477,57.450,36.450,-24.600,33.0
21:19:55.323,2713050,-8.787,3.108,-4.154,-0.519,0.473,0.507,51.150,39.900,-28.950,33.0
21:19:55.377,2713104,-9.613,6.031,-3.962,0.527,0.225,0.023,51.150,39.900,-28.950,32.8
21:19:55.430,2713158,-8.444,1.077,-4.156,0.039,0.149,0.405,49.500,41.250,-29.850,33.0
21:19:55.481,2713212,-8.748,6.517,-4.973,0.230,0.183,0.026,49.500,41.250,-29.850,33.0
21:19:55.534,2713266,-9.285,4.068,-3.826,0.075,0.163,0.024,46.950,40.200,-32.100,32.6
21:19:55.586,2713320,-8.811,3.594,-5.023,-0.354,0.137,-0.203,46.500,40.950,-31.050,32.9
21:19:55.639,2713374,-8.507,3.093,-4.712,-0.197,0.098,-0.305,46.500,40.950,-31.050,32.9
21:19:55.691,2713428,-8.543,4.341,-3.929,0.208,0.102,-0.384,47.100,38.850,-31.200,33.0
21:19:55.743,2713482,-8.538,2.705,-4.003,-0.082,-0.137,-0.409,47.100,38.850,-31.200,33.0
21:19:55.796,2713536,-8.985,3.031,-4.906,0.059,-0.162,-0.391,49.050,37.050,-32.400,33.0
21:19:55.849,2713590,-9.452,2.425,-4.302,0.243,-0.168,-0.207,49.050,37.050,-32.400,32.9
21:19:55.901,2713644,-10.599,4.752,-5.193,-0.232,-0.014,-0.071,49.050,37.050,-32.400,32.8
21:19:55.954,2713698,-13.439,5.334,-7.345,-0.758,0.047,0.357,49.050,37.050,-32.400,32.8
21:19:56.007,2713752,-12.416,5.897,-6.460,-0.059,-0.120,0.442,48.750,37.050,-29.850,32.6
21:19:56.059,2713806,-10.202,4.681,-4.642,-0.001,-0.246,0.160,48.750,37.050,-29.850,33.1
21:19:56.111,2713860,-9.495,3.826,-3.273,0.161,-0.340,-0.115,48.750,38.250,-29.850,33.2
21:19:56.216,2713914,-8.844,2.772,-3.005,-0.223,-0.408,-0.371,48.750,38.250,-29.850,32.9
21:19:56.216,2713968,-8.763,1.733,-3.278,-0.031,-0.351,-0.691,50.250,38.550,-28.800,33.0
21:19:56.268,2714022,-7.259,0.405,-3.515,-0.328,-0.184,-0.806,50.250,38.550,-28.800,33.2
21:19:56.320,2714076,-9.369,2.444,-3.946,0.084,-0.180,-1.051,50.250,38.550,-28.800,32.8
21:19:56.375,2714130,-7.712,-0.924,-3.318,0.278,-0.222,-1.045,57.450,33.000,-22.800,33.0
21:19:56.426,2714184,-7.712,4.044,-1.611,0.862,-0.640,-1.222,57.450,33.000,-22.800,32.8
21:19:56.479,2714238,-5.715,-0.946,-2.947,0.184,-0.665,-0.754,61.050,27.450,-22.200,32.8
21:19:56.531,2714292,-5.689,-1.298,-1.137,1.370,-0.575,-0.617,61.050,27.450,-22.200,32.9
21:19:56.583,2714346,-8.835,4.118,-3.723,0.066,-0.149,-0.633,60.450,22.950,-21.000,32.8
21:19:56.637,2714400,-10.132,-3.134,-2.784,-0.253,-0.837,-1.707,60.450,22.950,-21.000,33.0
21:19:56.690,2714454,-6.155,-6.639,-0.962,2.186,-1.046,-1.596,61.950,17.850,-18.450,33.1
21:19:56.740,2714508,-7.379,4.324,-3.630,1.046,0.328,0.426,61.950,17.850,-18.450,33.1
21:19:56.794,2714562,-4.922,-6.108,-1.101,-0.667,1.226,1.500,64.350,11.850,-15.300,33.0
21:19:56.848,2714616,-7.836,1.939,-2.246,-0.700,1.457,1.532,63.900,20.550,-21.750,32.8
21:19:56.898,2714670,-7.956,0.721,-3.610,-0.676,1.012,1.268,63.900,20.550,-21.750,32.6
21:19:56.951,2714724,-8.930,3.591,-1.659,0.803,0.701,1.034,63.900,20.550,-21.750,33.0
21:19:57.056,2714778,-8.942,2.856,-3.644,-0.242,0.573,1.031,63.900,20.550,-21.750,33.1
21:19:57.109,2714832,-7.958,-1.276,-5.176,-1.010,0.593,0.953,56.550,33.150,-29.850,33.0
21:19:57.162,2714886,-8.926,3.486,-3.859,-0.948,0.583,0.579,56.550,33.150,-29.850,33.1
21:19:57.214,2714940,-9.105,4.405,-3.328,-0.651,0.290,0.192,53.700,35.700,-30.450,33.0
21:19:57.266,2714994,-9.500,0.517,-4.458,-0.243,0.290,0.236,53.700,35.700,-30.450,33.0
21:19:57.318,2715048,-9.792,1.587,-4.070,0.149,-0.150,0.285,53.400,38.400,-30.150,32.9
21:19:57.371,2715102,-9.424,3.443,-4.927,0.166,-0.080,-0.001,53.400,38.400,-30.150,32.8
21:19:57.423,2715156,-9.498,3.213,-3.900,-0.158,-0.053,-0.160,53.400,38.400,-30.150,32.6
21:19:57.476,2715210,-8.751,3.232,-4.731,0.015,0.197,-0.151,50.550,37.050,-31.800,32.6
21:19:57.528,2715264,-8.437,2.219,-4.693,-0.390,0.441,-0.243,50.550,37.050,-31.800,33.0
21:19:57.583,2715318,-9.163,2.088,-4.626,0.140,0.258,-0.213,51.300,36.300,-31.800,33.2
21:19:57.635,2715372,-8.708,3.637,-4.736,-0.164,0.206,-0.345,51.300,36.300,-31.800,33.1
21:19:57.688,2715426,-8.899,2.320,-4.365,0.118,0.134,-0.207,51.750,35.550,-33.150,32.8
21:19:57.740,2715480,-9.062,2.270,-5.054,0.010,0.072,-0.090,51.750,35.550,-33.150,32.9
21:19:57.790,2715534,-8.796,2.404,-4.623,-0.175,0.001,0.105,50.850,34.950,-33.750,32.8
21:19:57.843,2715588,-8.413,2.203,-4.721,0.043,-0.191,0.190,50.850,34.950,-33.750,33.1
21:19:57.896,2715642,-8.550,3.067,-4.439,-0.194,-0.306,0.143,50.400,34.500,-33.750,32.6
21:19:57.949,2715696,-10.044,3.893,-5.713,-0.251,-0.179,0.066,50.400,34.500,-33.750,32.6
21:19:58.001,2715750,-13.159,5.535,-7.434,-0.147,-0.061,0.015,49.800,35.850,-31.350,33.1
21:19:58.054,2715804,-13.520,6.278,-6.464,-0.221,0.025,0.459,49.800,35.850,-31.350,33.0
21:19:58.107,2715858,-11.947,3.883,-5.638,-0.247,-0.041,0.576,49.800,35.850,-31.350,32.7
21:19:58.158,2715912,-10.264,3.687,-3.931,0.023,-0.321,0.247,49.500,40.950,-29.250,33.0
21:19:58.211,2715966,-8.660,1.616,-3.290,0.087,-0.723,-0.053,49.500,40.950,-29.250,33.0
21:19:58.263,2716020,-7.889,2.433,-3.055,-0.050,-0.605,-0.552,50.400,39.900,-26.400,33.1
21:19:58.315,2716074,-8.464,1.041,-3.630,0.042,-0.280,-0.690,50.400,39.900,-26.400,32.9
21:19:58.369,2716128,-8.902,2.928,-2.940,0.271,-0.177,-1.042,52.800,38.250,-23.400,32.8
21:19:58.525,2716182,-6.943,0.134,-3.608,-0.057,-0.117,-0.854,52.800,38.250,-23.400,32.8
21:19:58.527,2716236,-6.680,1.252,-2.002,1.333,-0.133,-0.992,52.800,38.250,-23.400,33.0
21:19:58.528,2716290,-7.082,0.407,-4.784,-1.002,-0.127,-0.757,52.800,38.250,-23.400,33.0
21:19:58.579,2716344,-10.025,0.345,-2.856,0.734,-0.324,-1.082,58.650,28.800,-21.750,32.8
21:19:58.631,2716398,-8.229,0.994,-3.575,0.044,-0.453,-0.750,58.650,28.800,-21.750,33.0
21:19:58.684,2716452,-8.092,-4.075,-3.474,0.301,-0.897,-1.451,60.600,21.900,-21.450,33.0
21:19:58.736,2716506,-4.956,-3.488,1.056,1.591,-1.095,-1.775,60.600,21.900,-21.450,33.0
21:19:58.788,2716560,-6.045,2.923,-2.538,1.696,-0.029,-0.136,60.600,21.900,-21.450,32.8
21:19:58.840,2716614,-4.980,0.158,-2.375,-0.881,1.027,1.192,62.100,10.800,-15.300,32.8
21:19:58.945,2716668,-5.634,0.946,-2.619,-0.939,1.478,1.851,62.100,10.800,-15.300,32.8
21:19:58.999,2716722,-9.242,3.934,-2.971,-0.720,1.059,1.562,61.200,22.950,-20.550,33.0
21:19:59.051,2716776,-9.342,-1.120,-4.061,0.208,0.584,1.163,61.200,22.950,-20.550,32.8
21:19:59.104,2716830,-8.365,1.235,-3.706,-0.594,0.413,1.145,57.900,32.250,-26.100,32.8
21:19:59.155,2716884,-7.403,2.198,-6.713,-0.451,0.303,0.888,57.900,32.250,-26.100,32.8
21:19:59.261,2716938,-10.135,3.266,-2.919,-0.346,-0.140,0.403,57.900,32.250,-26.100,32.8
21:19:59.263,2716992,-8.483,1.626,-5.301,-0.434,-0.197,0.626,57.900,32.250,-26.100,32.8
21:19:59.312,2717046,-9.366,2.433,-3.917,-0.178,-0.035,0.462,52.050,39.000,-25.950,32.6
21:19:59.365,2717100,-9.000,3.371,-2.303,-0.118,0.178,0.362,52.500,38.550,-26.550,32.7
21:19:59.419,2717154,-9.021,2.454,-3.879,-0.280,0.116,0.246,52.500,38.550,-26.550,32.8
21:19:59.471,2717208,-9.768,2.459,-3.464,-0.389,0.078,0.103,51.900,40.650,-26.850,32.8
21:19:59.524,2717262,-9.115,4.542,-4.089,0.082,0.226,0.096,51.900,40.650,-26.850,33.0
21:19:59.576,2717316,-9.574,2.514,-3.426,-0.662,0.259,0.083,51.150,39.150,-26.850,32.9
21:19:59.628,2717370,-9.469,4.434,-4.381,-0.262,0.183,-0.001,51.150,39.150,-26.850,32.8
21:19:59.680,2717424,-9.155,4.290,-4.070,-0.263,-0.076,-0.030,49.500,39.750,-26.550,33.0
21:19:59.734,2717478,-8.267,3.481,-4.190,-0.192,0.022,0.034,49.500,39.750,-26.550,33.0
21:19:59.785,2717532,-8.373,3.675,-2.732,0.119,-0.140,0.001,49.350,38.850,-27.600,32.8
21:19:59.838,2717586,-7.482,3.443,-3.256,-0.226,-0.167,0.074,49.350,38.850,-27.600,32.8
21:19:59.890,2717640,-8.811,5.588,-3.474,0.104,-0.283,-0.116,49.350,38.850,-27.600,33.0
21:19:59.943,2717694,-12.316,5.200,-5.121,-0.166,-0.102,-0.046,49.350,38.850,-24.900,32.8
21:19:59.995,2717748,-14.875,9.115,-5.258,0.077,-0.219,0.247,49.350,38.850,-24.900,33.2
21:20:00.048,2717802,-12.397,6.012,-4.245,-0.111,-0.095,0.159,47.700,40.200,-24.750,33.0
21:20:00.100,2717856,-10.664,4.970,-3.306,-0.006,-0.110,-0.037,47.700,40.200,-24.750,33.0
21:20:00.153,2717910,-9.069,3.112,-2.641,-0.039,-0.250,-0.444,48.750,41.700,-23.700,32.8
21:20:00.205,2717964,-8.789,2.801,-2.160,0.040,-0.186,-0.709,48.750,41.700,-23.700,33.0
21:20:00.258,2718018,-8.114,2.025,-2.591,0.459,0.080,-0.670,52.500,38.550,-22.200,32.6
21:20:00.310,2718072,-8.550,2.143,-2.626,0.606,0.029,-0.917,52.500,38.550,-22.200,32.7
21:20:00.363,2718126,-7.460,0.769,-2.866,0.148,-0.159,-0.937,52.650,34.500,-23.850,33.1
21:20:00.415,2718180,-8.193,0.563,-2.128,0.445,-0.148,-0.949,52.650,34.500,-23.850,32.9
21:20:00.468,2718234,-7.733,0.007,-2.473,0.370,-0.087,-0.903,57.450,31.050,-23.550,32.8
21:20:00.522,2718288,-9.424,2.265,-3.069,0.351,-0.265,-1.005,57.450,31.050,-23.550,32.9
21:20:00.574,2718342,-7.836,-1.798,-2.219,0.117,-0.580,-0.962,57.450,31.050,-23.550,33.0
21:20:00.627,2718396,-8.492,4.154,-2.303,0.556,-0.754,-1.231,62.400,21.000,-20.550,32.9
21:20:00.679,2718450,-7.609,-2.370,-1.092,0.388,-0.840,-1.493,62.400,21.000,-20.550,32.8
21:20:00.731,2718504,-6.328,-2.749,-2.571,0.624,-0.309,-0.878,63.900,14.100,-14.400,32.6
21:20:00.835,2718558,-5.763,3.926,-4.300,0.964,0.484,0.660,63.900,14.100,-14.400,32.8
21:20:00.889,2718612,-6.543,-4.436,-3.158,-1.296,1.334,1.710,64.650,15.150,-18.000,32.8
21:20:00.993,2718666,-7.989,-1.267,-2.763,-0.264,0.929,1.215,64.650,15.150,-18.000,32.8
21:20:00.995,2718720,-8.918,-0.656,-4.525,-0.296,0.415,1.240,64.650,15.150,-18.000,32.9
21:20:01.047,2718774,-9.081,-0.113,-4.116,-0.258,0.327,0.877,64.650,15.150,-18.000,33.0
21:20:01.099,2718828,-7.889,-2.397,-4.015,-0.347,0.350,1.334,58.050,28.950,-27.000,33.0
21:20:01.203,2718882,-7.312,-0.685,-3.469,-0.017,0.397,1.313,58.050,28.950,-27.000,33.0
21:20:01.205,2718936,-8.217,3.656,-4.101,-0.882,0.470,0.748,54.900,35.700,-28.650,33.1
21:20:01.256,2718990,-9.591,5.152,-4.487,-0.436,0.414,0.406,54.900,35.700,-28.650,32.8
21:20:01.308,2719044,-8.990,4.776,-4.410,-0.263,0.509,0.387,54.900,35.700,-28.650,33.0
21:20:01.360,2719098,-9.675,1.848,-5.495,-0.755,0.408,0.685,48.600,42.300,-28.200,33.0
21:20:01.413,2719152,-9.246,5.502,-4.973,0.001,0.340,0.404,48.600,42.300,-28.200,32.9
21:20:01.466,2719206,-7.913,3.302,-4.980,-0.414,0.321,0.331,46.200,43.950,-31.350,32.8
21:20:01.518,2719260,-7.293,5.926,-4.413,0.091,0.090,0.095,46.200,43.950,-31.350,33.0
21:20:01.571,2719314,-7.120,4.085,-4.494,-0.312,0.096,0.004,45.600,44.550,-32.250,32.9
21:20:01.625,2719368,-7.374,5.212,-3.706,0.112,-0.047,-0.284,45.600,44.550,-32.250,33.0
21:20:01.676,2719422,-8.001,3.249,-5.052,-0.437,0.022,-0.275,45.600,44.550,-32.250,33.0
21:20:01.729,2719476,-7.877,6.337,-4.788,-0.103,0.242,-0.332,45.600,44.550,-32.250,32.7
21:20:01.782,2719530,-8.179,2.519,-4.448,-0.067,0.182,-0.198,44.700,43.950,-30.300,33.1
21:20:01.834,2719584,-7.915,4.908,-4.609,-0.109,0.096,-0.112,47.850,41.550,-30.450,32.8
21:20:01.885,2719638,-8.088,3.189,-3.785,0.115,-0.142,-0.041,47.850,41.550,-30.450,32.7
21:20:01.938,2719692,-9.498,6.321,-4.640,0.065,-0.257,-0.174,46.350,40.650,-30.150,33.0
21:20:01.991,2719746,-13.463,7.472,-5.861,0.042,-0.202,-0.153,46.350,40.650,-30.150,32.8
21:20:02.044,2719800,-13.448,6.328,-6.213,-0.412,-0.092,0.073,48.150,40.650,-29.400,32.8
21:20:02.097,2719854,-10.566,4.831,-5.095,0.074,-0.001,0.062,48.150,40.650,-29.400,32.8
21:20:02.149,2719908,-9.747,4.604,-3.718,0.319,-0.168,-0.154,49.050,41.700,-28.050,32.8
21:20:02.202,2719962,-7.796,2.313,-3.649,0.092,-0.174,-0.431,49.050,41.700,-28.050,32.7
21:20:02.254,2720016,-7.372,4.264,-3.924,0.505,-0.015,-0.785,50.100,39.900,-27.600,32.9
21:20:02.305,2720070,-6.457,0.522,-4.678,0.456,0.006,-0.759,50.100,39.900,-27.600,33.2
21:20:02.358,2720124,-7.678,0.522,-3.862,1.758,0.325,-0.850,50.100,39.900,-27.600,33.1
21:20:02.410,2720178,-6.747,0.994,-4.520,-0.207,0.096,-0.781,55.200,34.500,-33.000,32.9
21:20:02.463,2720232,-9.632,3.163,-3.871,-0.424,0.034,-1.212,55.200,34.500,-33.000,33.0
21:20:02.516,2720286,-7.441,0.024,-3.718,0.484,-0.510,-1.054,56.700,28.350,-31.500,33.0
21:20:02.568,2720340,-7.350,0.496,-4.748,0.981,-0.708,-0.898,56.700,28.350,-31.500,33.0
21:20:02.622,2720394,-7.520,0.448,-2.392,1.150,-0.770,-0.760,62.400,23.700,-29.400,32.5
21:20:02.726,2720448,-8.356,0.031,-5.476,0.542,-0.832,-0.967,62.400,23.700,-29.400,32.7
21:20:02.779,2720502,-6.311,-1.032,-2.160,1.600,-0.989,-1.610,62.400,23.700,-29.400,33.0
21:20:02.832,2720556,-5.284,1.360,-3.354,1.205,-0.223,-0.434,62.400,23.700,-29.400,32.8
21:20:02.883,2720610,-4.673,0.055,-3.340,-1.012,0.956,1.349,64.950,10.200,-22.350,32.8
21:20:02.935,2720664,-7.266,1.793,-3.041,-0.820,0.735,1.289,64.950,10.200,-22.350,33.0
21:20:02.988,2720718,-7.324,-4.017,-4.693,-0.018,0.375,1.443,63.300,19.200,-27.750,33.0
21:20:03.041,2720772,-8.775,2.928,-4.460,-0.579,0.387,1.366,63.300,19.200,-27.750,32.9
21:20:03.094,2720826,-7.798,0.656,-3.575,-0.362,0.292,1.218,63.300,19.200,-27.750,33.1
21:20:03.145,2720880,-7.676,2.131,-4.621,-0.005,0.331,1.096,55.200,35.250,-30.450,32.7
21:20:03.198,2720934,-7.173,-2.284,-5.418,-1.293,0.202,1.224,55.200,35.250,-30.450,32.7
21:20:03.251,2720988,-6.981,0.043,-4.834,-0.897,0.008,1.035,51.000,40.200,-30.600,32.9
21:20:03.303,2721042,-8.054,7.140,-3.158,0.677,0.089,0.816,51.000,40.200,-30.600,32.9
21:20:03.355,2721096,-9.890,4.341,-4.805,-0.748,-0.063,0.038,48.000,43.950,-30.600,33.0
21:20:03.409,2721150,-7.836,3.924,-3.203,-0.056,-0.150,-0.028,48.000,43.950,-30.600,32.9
21:20:03.460,2721204,-8.863,4.650,-3.816,-0.151,0.152,-0.356,48.000,43.950,-30.600,33.0
21:20:03.513,2721258,-9.811,2.847,-2.229,-0.469,0.280,-0.317,48.000,43.950,-30.600,33.0
21:20:03.565,2721312,-9.139,8.001,-4.228,-0.691,0.269,-0.675,47.400,43.500,-28.650,32.8
21:20:03.618,2721366,-8.801,3.503,-3.900,-0.400,0.032,-0.597,47.400,43.500,-28.650,32.8
21:20:03.670,2721420,-8.703,3.105,-2.622,-0.197,0.130,-0.266,49.800,39.300,-27.300,32.8
21:20:03.723,2721474,-8.988,3.048,-3.735,0.244,0.087,-0.234,50.250,36.300,-26.550,33.1
21:20:03.775,2721528,-8.246,2.794,-3.924,-0.344,-0.093,-0.353,50.250,36.300,-26.550,32.9
21:20:03.828,2721582,-8.835,4.010,-3.876,0.010,-0.086,-0.435,52.800,35.100,-26.250,33.1
21:20:03.933,2721636,-9.529,2.579,-3.400,-0.203,-0.217,-0.460,52.800,35.100,-26.250,32.9
21:20:03.935,2721690,-10.582,4.738,-3.771,0.464,-0.112,-0.383,53.250,35.100,-26.250,33.0
21:20:03.985,2721744,-14.415,3.117,-5.770,-0.084,0.052,-0.005,53.250,35.100,-26.250,33.0
21:20:04.038,2721798,-14.629,4.439,-5.480,-0.045,0.111,0.561,53.400,33.000,-24.600,33.0
21:20:04.141,2721852,-13.008,3.855,-4.930,-0.018,-0.115,0.746,53.400,33.000,-24.600,32.6
21:20:04.143,2721906,-11.981,2.514,-3.541,0.244,-0.324,0.581,53.400,33.000,-24.600,32.8
21:20:04.195,2721960,-9.512,3.417,-3.170,-0.056,-0.324,0.131,53.400,33.000,-24.600,33.0
21:20:04.248,2722014,-8.339,2.497,-2.878,0.620,-0.097,-0.383,51.300,37.800,-22.650,33.0
21:20:04.352,2722068,-7.903,1.223,-2.784,0.111,-0.027,-0.522,53.100,37.200,-23.850,32.9
21:20:04.354,2722122,-8.624,2.564,-3.048,0.220,-0.007,-0.979,53.100,37.200,-23.850,32.8
21:20:04.405,2722176,-8.428,-0.309,-2.200,0.406,-0.085,-0.915,55.200,34.200,-24.300,32.9
21:20:04.458,2722230,-7.743,1.247,-2.823,0.313,-0.233,-0.960,55.200,34.200,-24.300,32.8
21:20:04.562,2722284,-6.105,0.553,-1.511,-0.349,-0.441,-0.997,58.950,29.550,-24.600,32.9
21:20:04.564,2722338,-6.922,3.055,-3.091,0.789,-0.659,-0.717,58.950,29.550,-24.600,32.8
21:20:04.669,2722392,-10.633,0.611,-3.728,0.642,-0.990,-1.192,60.450,24.450,-22.350,33.0
21:20:04.722,2722446,-5.722,-2.198,0.476,1.320,-1.591,-2.563,60.450,24.450,-22.350,33.0
21:20:04.773,2722500,-4.800,-2.447,-1.982,0.977,-0.064,-0.505,63.600,15.000,-14.850,32.8
21:20:04.826,2722554,-5.756,6.445,-4.980,0.835,1.203,1.237,63.600,15.000,-14.850,32.9
21:20:04.879,2722608,-4.547,2.911,-0.019,-2.501,1.362,1.450,63.600,15.000,-14.850,32.8
21:20:04.930,2722662,-8.437,6.189,-3.129,0.202,1.249,1.724,63.600,15.000,-14.850,33.1
21:20:04.983,2722716,-9.222,0.412,-4.283,0.237,0.614,1.017,61.800,25.050,-25.500,32.9
21:20:05.088,2722770,-9.273,0.960,-2.710,-0.329,0.432,0.877,57.750,34.350,-27.300,32.8
21:20:05.090,2722824,-7.669,-1.322,-4.372,-0.693,0.377,1.202,57.750,34.350,-27.300,32.7
21:20:05.142,2722878,-8.543,0.165,-4.049,-0.190,0.247,0.950,54.750,36.600,-27.300,32.8
21:20:05.194,2722932,-9.819,5.212,-4.252,-0.227,0.329,0.549,54.750,36.600,-27.300,33.0
21:20:05.246,2722986,-9.139,2.456,-4.836,0.224,-0.007,0.580,52.800,40.200,-28.500,33.0
21:20:05.298,2723040,-9.627,2.243,-5.040,0.037,-0.061,0.655,52.800,40.200,-28.500,33.0
21:20:05.351,2723094,-8.677,3.187,-3.888,-0.104,-0.179,0.391,49.050,41.700,-28.800,32.9
21:20:05.404,2723148,-8.521,4.901,-2.622,-0.314,-0.190,-0.055,49.050,41.700,-28.800,32.8
21:20:05.457,2723202,-8.669,4.515,-2.794,0.000,0.019,-0.323,48.150,42.600,-29.400,32.8
21:20:05.508,2723256,-8.801,2.820,-3.713,-0.365,0.033,-0.261,48.150,42.600,-29.400,32.8
21:20:05.560,2723310,-8.452,4.384,-3.127,0.113,0.117,-0.305,48.150,42.600,-29.400,32.8
21:20:05.613,2723364,-8.643,2.267,-3.814,0.229,0.115,-0.261,51.000,38.550,-28.050,32.8
21:20:05.665,2723418,-9.182,4.985,-4.738,0.602,0.069,-0.598,51.000,38.550,-28.050,32.8
21:20:05.718,2723472,-9.790,3.400,-3.026,0.237,-0.122,-0.564,50.850,36.450,-30.450,32.9
21:20:05.770,2723526,-8.784,2.447,-4.372,0.449,-0.080,-0.485,50.850,36.450,-30.450,33.0
21:20:05.823,2723580,-9.632,1.738,-2.868,0.584,-0.204,-0.492,51.600,33.000,-30.750,32.8
21:20:05.875,2723634,-13.314,6.278,-4.367,-0.598,-0.136,-0.549,51.600,33.000,-30.750,32.8
21:20:05.928,2723688,-16.194,4.061,-8.641,-0.284,-0.310,0.283,53.400,31.500,-30.450,32.8
21:20:05.980,2723742,-14.526,3.917,-6.637,-0.559,-0.163,0.705,53.400,31.500,-30.450,32.9
21:20:06.033,2723796,-12.507,3.172,-4.288,-0.513,-0.079,0.562,54.150,34.500,-27.600,32.6
21:20:06.086,2723850,-9.776,2.557,-3.010,-0.050,-0.246,-0.127,54.150,34.500,-27.600,32.9
21:20:06.138,2723904,-8.114,-0.194,-2.528,-0.434,-0.268,-0.318,53.250,37.800,-24.000,32.9
21:20:06.190,2723958,-8.456,2.942,-2.947,-0.060,-0.185,-0.635,53.250,37.800,-24.000,32.8
21:20:06.243,2724012,-8.715,-0.172,-2.447,0.311,-0.164,-0.763,53.250,37.800,-24.000,33.1
21:20:06.347,2724066,-8.552,0.754,-2.806,0.178,-0.096,-0.984,56.550,33.150,-20.700,32.9
21:20:06.349,2724120,-6.570,-1.269,-2.172,0.439,-0.389,-0.999,56.550,33.150,-20.700,32.9
21:20:06.401,2724174,-5.231,0.996,-1.070,0.200,-0.672,-0.841,58.500,28.200,-18.150,33.0
21:20:06.505,2724228,-6.993,3.263,-0.455,-0.216,-0.845,-0.601,58.500,28.200,-18.150,32.6
21:20:06.558,2724282,-10.740,5.468,-2.586,1.723,-1.017,-0.764,60.450,24.900,-15.150,32.7
21:20:06.662,2724336,-6.402,-7.070,-0.759,-0.370,-1.235,-2.028,60.450,24.900,-15.150,32.7
21:20:06.664,2724390,-5.657,-2.581,-0.443,2.887,0.124,0.236,60.450,24.900,-15.150,32.7
21:20:06.715,2724444,-5.291,6.419,-2.399,-1.192,1.337,1.387,60.450,24.900,-15.150,32.8
21:20:06.768,2724498,-4.266,-1.729,-3.005,-0.472,1.692,1.937,63.450,20.250,-13.650,33.0
21:20:06.871,2724552,-10.791,3.857,-1.741,-1.480,1.200,1.220,63.450,20.250,-13.650,33.2
21:20:06.873,2724606,-8.435,-0.939,-3.792,-0.267,0.189,0.855,57.450,31.050,-20.550,32.8
21:20:06.925,2724660,-6.883,1.365,-3.211,-0.914,0.412,1.312,57.450,31.050,-20.550,32.8
21:20:06.978,2724714,-8.104,3.031,-3.443,-0.258,0.613,1.024,57.450,31.050,-20.550,32.7
21:20:07.030,2724768,-8.629,2.854,-3.036,-0.342,0.557,0.665,54.300,39.000,-22.950,32.6
21:20:07.083,2724822,-10.171,5.416,-3.960,0.109,0.547,0.349,54.300,39.000,-22.950,32.8
21:20:07.187,2724876,-8.009,1.243,-4.111,0.011,0.432,0.424,51.000,41.700,-26.250,32.9
21:20:07.189,2724930,-9.079,5.497,-3.081,0.087,0.326,0.069,51.000,41.700,-26.250,32.8
21:20:07.240,2724984,-9.203,1.918,-3.594,-0.070,0.257,-0.062,50.850,44.250,-28.200,33.1
21:20:07.345,2725038,-8.662,3.742,-4.367,-0.081,0.340,-0.182,50.850,44.250,-28.200,32.8
21:20:07.347,2725092,-8.229,2.959,-4.611,0.226,0.286,-0.152,50.850,44.250,-28.200,32.8
21:20:07.452,2725146,-8.657,2.624,-4.424,0.426,0.350,-0.143,50.850,44.250,-28.200,32.8
21:20:07.453,2725200,-7.982,3.970,-5.725,0.088,0.115,-0.154,50.400,38.850,-28.950,32.8
21:20:07.504,2725254,-8.629,2.121,-4.664,-0.160,0.017,-0.127,49.650,38.850,-31.950,33.0
21:20:07.555,2725308,-9.349,4.518,-5.298,0.158,-0.094,-0.322,49.650,38.850,-31.950,33.0
21:20:07.608,2725362,-8.554,3.481,-4.824,0.252,-0.209,-0.365,50.100,37.650,-31.500,33.0
21:20:07.660,2725416,-8.636,2.476,-3.958,0.233,-0.266,-0.427,50.100,37.650,-31.500,32.8
21:20:07.714,2725470,-8.784,2.873,-4.355,0.130,-0.237,-0.458,50.100,36.450,-31.950,32.8
21:20:07.818,2725524,-12.261,5.171,-5.782,0.081,-0.180,-0.560,50.100,36.450,-31.950,32.8
21:20:07.820,2725578,-14.890,4.065,-6.766,-0.660,-0.123,0.098,52.050,32.850,-31.350,33.1
21:20:07.870,2725632,-13.159,4.372,-5.662,-0.383,-0.003,0.329,52.050,32.850,-31.350,32.8
21:20:07.923,2725686,-11.396,2.124,-5.145,-0.241,-0.044,0.415,53.100,34.200,-29.400,32.8
21:20:07.975,2725740,-10.161,3.783,-4.087,-0.199,-0.196,0.145,53.100,34.200,-29.400,32.8
21:20:08.028,2725794,-9.378,0.833,-3.421,-0.172,-0.263,-0.051,53.100,34.200,-29.400,32.8
21:20:08.080,2725848,-8.832,2.504,-3.929,0.229,-0.201,-0.412,52.500,37.500,-25.950,32.7
21:20:08.133,2725902,-7.451,0.948,-3.302,-0.094,-0.217,-0.552,52.500,37.500,-25.950,32.9
21:20:08.237,2725956,-6.172,-0.737,-3.256,0.580,-0.278,-0.681,55.200,35.250,-24.900,32.9
21:20:08.239,2726010,-7.087,2.284,-1.870,-0.468,0.009,-0.706,55.200,35.250,-24.900,32.9
21:20:08.290,2726064,-9.409,2.059,-4.049,0.326,-0.358,-1.004,57.900,29.100,-25.350,33.0
21:20:08.395,2726118,-8.042,-0.579,-2.593,0.478,-0.556,-0.957,57.900,29.100,-25.350,32.7
21:20:08.449,2726172,-8.198,3.383,-3.218,1.018,-0.859,-0.984,57.900,29.100,-25.350,32.6
21:20:08.501,2726226,-8.612,0.678,-3.168,0.743,-1.112,-1.372,57.900,29.100,-25.350,32.8
21:20:08.553,2726280,-5.535,-2.310,1.204,1.004,-1.579,-2.135,62.100,18.900,-19.350,33.0
21:20:08.658,2726334,-5.085,-3.785,0.757,2.020,-0.214,-0.626,62.100,18.900,-19.350,32.8
21:20:08.660,2726388,-6.570,1.271,-4.594,0.492,1.215,1.103,64.800,10.050,-14.250,32.9
21:20:08.712,2726442,-4.475,-6.946,-1.738,-0.665,1.711,2.131,64.800,10.050,-14.250,32.8
21:20:08.764,2726496,-7.901,1.547,-2.717,-1.366,1.192,1.597,64.800,10.050,-14.250,33.1
21:20:08.817,2726550,-8.823,-2.504,-6.570,-0.169,0.317,1.554,59.550,28.200,-24.750,32.8
21:20:08.869,2726604,-7.803,-1.317,-3.634,-0.011,0.345,1.454,59.550,28.200,-24.750,32.6
21:20:08.920,2726658,-7.441,1.707,-4.123,-0.135,0.444,1.327,57.000,35.100,-29.550,32.7
21:20:08.973,2726712,-8.033,1.786,-4.834,-0.650,0.580,0.700,57.000,35.100,-29.550,33.0
21:20:09.027,2726766,-9.823,3.534,-3.452,-0.463,0.381,0.517,51.750,39.750,-31.350,33.0
21:20:09.078,2726820,-8.847,0.769,-4.650,-0.503,0.334,0.372,51.750,39.750,-31.350,32.9
21:20:09.130,2726874,-9.215,2.878,-4.180,-0.408,0.307,0.045,51.750,39.750,-31.350,32.9
21:20:09.184,2726928,-9.823,5.219,-4.413,-0.237,0.285,-0.134,51.750,39.750,-31.350,32.8
21:20:09.287,2726982,-9.122,2.385,-4.659,-0.568,0.073,-0.058,50.400,39.600,-31.200,32.9
21:20:09.288,2727036,-7.697,2.325,-2.703,-0.021,0.236,-0.206,50.400,39.600,-31.200,32.8
21:20:09.340,2727090,-8.947,2.976,-5.164,-0.767,0.348,-0.194,51.150,38.850,-30.750,32.8
21:20:09.394,2727144,-9.376,3.105,-4.954,-0.007,0.107,-0.638,48.600,39.600,-31.500,32.8
21:20:09.446,2727198,-8.959,4.228,-5.602,-0.184,-0.029,-0.794,48.600,39.600,-31.500,32.8
21:20:09.499,2727252,-8.827,2.971,-5.064,0.442,-0.300,-1.150,51.600,32.250,-31.500,32.8
21:20:09.602,2727306,-8.811,2.442,-4.166,-0.043,-0.325,-1.154,51.600,32.250,-31.500,32.9
21:20:09.604,2727360,-11.049,2.095,-4.915,0.488,-0.249,-1.332,54.000,27.000,-30.600,32.7
21:20:09.657,2727414,-13.953,0.491,-6.021,-0.038,-0.011,-0.763,54.000,27.000,-30.600,33.0
21:20:09.709,2727468,-14.947,0.998,-6.139,0.087,0.165,0.241,56.550,21.900,-29.550,32.7
21:20:09.762,2727522,-12.917,-0.199,-5.511,-0.715,0.110,0.899,56.550,21.900,-29.550,33.0
21:20:09.814,2727576,-11.940,1.238,-4.453,0.033,0.005,1.069,56.550,21.900,-29.550,32.8
21:20:09.866,2727630,-11.935,1.654,-4.422,-0.505,-0.074,0.838,56.550,21.900,-29.550,32.5
21:20:09.918,2727684,-9.917,1.896,-4.338,-0.100,-0.219,0.141,55.050,30.450,-29.550,32.7
21:20:09.972,2727738,-7.973,0.699,-4.638,-0.426,-0.040,-0.003,54.000,32.850,-27.000,32.9
21:20:10.024,2727792,-8.138,2.260,-3.934,0.203,-0.149,-0.571,54.000,32.850,-27.000,33.0
21:20:10.077,2727846,-8.947,1.085,-2.804,0.714,-0.368,-0.765,57.450,32.250,-26.400,32.8
21:20:10.128,2727900,-7.235,-1.513,-2.646,0.669,-0.320,-0.806,57.450,32.250,-26.400,32.9
21:20:10.180,2727954,-7.348,0.757,-3.579,0.463,-0.290,-1.054,59.700,26.850,-23.100,33.0
21:20:10.285,2728008,-7.144,-0.364,-3.309,0.858,-0.450,-0.767,59.700,26.850,-23.100,32.8
21:20:10.338,2728062,-7.970,-1.161,-2.895,0.428,-0.930,-0.640,60.900,20.250,-21.750,32.6
21:20:10.390,2728116,-6.989,-4.551,-2.284,-0.477,-1.546,-2.111,60.900,20.250,-21.750,33.0
21:20:10.443,2728170,-4.647,-5.382,1.188,2.213,-1.175,-1.122,63.450,13.200,-15.150,32.8
21:20:10.495,2728224,-5.116,8.368,-3.601,0.878,0.977,1.512,63.450,13.200,-15.150,32.9
21:20:10.549,2728278,-4.092,2.875,-2.861,-1.652,1.636,1.711,63.450,13.200,-15.150,33.0
21:20:10.601,2728332,-8.234,8.114,-3.936,-1.573,1.777,1.900,61.350,25.800,-22.650,32.7
21:20:10.653,2728386,-8.827,0.019,-3.737,-1.237,0.820,1.081,61.350,25.800,-22.650,32.9
21:20:10.706,2728440,-7.044,-0.941,-3.493,-0.799,0.377,1.276,58.650,31.800,-24.900,32.8
21:20:10.759,2728494,-7.570,5.334,-5.567,-1.315,0.286,0.710,58.650,31.800,-24.900,32.8
21:20:10.812,2728548,-9.263,3.378,-3.021,0.535,0.228,0.628,58.650,31.800,-24.900,32.6
21:20:10.863,2728602,-8.581,1.499,-4.381,-0.512,0.190,0.596,58.650,31.800,-24.900,32.8
21:20:10.915,2728656,-8.842,1.549,-3.936,0.344,0.072,0.583,54.450,38.400,-26.100,32.9
21:20:10.968,2728710,-8.959,5.203,-3.472,-0.030,0.080,-0.026,54.450,38.400,-26.100,32.9
21:20:11.020,2728764,-8.859,1.841,-3.359,0.247,0.050,-0.183,52.800,39.000,-29.250,33.0
21:20:11.073,2728818,-9.914,3.055,-4.286,-0.394,0.152,-0.432,52.800,39.000,-29.250,32.8
21:20:11.125,2728872,-9.833,1.480,-4.420,0.075,0.030,-0.379,51.150,36.900,-29.400,32.8
21:20:11.178,2728926,-9.574,2.926,-3.962,0.071,0.026,-0.527,51.150,36.900,-29.400,33.1
21:20:11.231,2728980,-9.517,0.527,-4.223,-0.088,0.034,-0.335,51.150,36.900,-29.400,32.6
21:20:11.283,2729034,-10.005,3.232,-3.845,0.066,0.039,-0.467,55.200,32.250,-30.450,32.6
21:20:11.335,2729088,-9.416,1.915,-3.864,-0.224,0.231,-0.367,55.200,32.250,-30.450,32.8
21:20:11.388,2729142,-9.369,1.087,-4.173,0.103,0.229,-0.327,54.450,30.300,-30.750,32.8
21:20:11.442,2729196,-9.390,0.804,-3.357,-0.269,0.143,-0.147,54.450,30.300,-30.750,32.9
21:20:11.493,2729250,-9.448,0.891,-3.970,-0.136,0.013,-0.127,54.450,30.300,-30.750,32.8
21:20:11.545,2729304,-9.519,1.446,-4.214,0.018,-0.167,-0.057,54.450,30.300,-30.750,32.9
21:20:11.598,2729358,-13.716,4.556,-5.930,0.114,-0.204,-0.423,56.400,28.350,-29.400,32.8
21:20:11.703,2729412,-15.852,3.740,-6.900,-0.190,-0.538,0.293,56.400,28.350,-29.400,33.0
21:20:11.705,2729466,-13.748,2.545,-5.650,-0.039,-0.245,0.686,56.550,29.700,-29.850,32.8
21:20:11.755,2729520,-12.198,2.674,-4.199,-0.297,-0.189,0.605,56.550,29.700,-29.850,32.6
21:20:11.808,2729574,-9.376,1.774,-2.921,0.068,-0.253,-0.078,55.500,32.400,-26.250,32.8
21:20:11.861,2729628,-8.102,0.536,-3.110,0.205,-0.196,-0.540,55.200,31.800,-24.600,32.8
21:20:11.913,2729682,-8.878,2.088,-3.000,0.278,-0.004,-0.863,55.200,31.800,-24.600,32.8
21:20:12.018,2729736,-8.904,-1.377,-3.737,-0.126,0.023,-0.671,58.500,30.450,-23.700,33.0
21:20:12.020,2729790,-9.404,1.094,-2.210,0.814,0.098,-0.866,58.500,30.450,-23.700,32.8
21:20:12.071,2729844,-7.870,1.307,-3.299,-0.278,-0.152,-0.992,59.850,25.050,-25.500,33.1
21:20:12.175,2729898,-6.381,-1.599,-3.294,0.237,-0.478,-0.777,59.850,25.050,-25.500,32.8
21:20:12.228,2729952,-10.491,5.614,-3.723,0.884,-0.950,-1.033,59.850,25.050,-25.500,32.7
21:20:12.280,2730006,-6.522,-7.764,-0.373,-0.144,-1.563,-1.842,59.850,25.050,-25.500,32.8
21:20:12.333,2730060,-3.850,1.003,-3.524,3.507,-0.207,-0.095,64.050,13.050,-17.550,33.0
21:20:12.386,2730114,-5.449,4.793,-2.320,0.803,1.022,1.283,64.050,13.050,-17.550,32.9
21:20:12.438,2730168,-4.697,0.433,-0.807,-2.236,1.413,1.551,65.700,15.900,-18.750,33.0
21:20:12.491,2730222,-5.813,-1.568,-4.034,0.232,1.329,1.848,61.800,23.850,-26.250,32.8
21:20:12.544,2730276,-6.718,-2.701,-5.528,-1.077,0.744,1.797,61.800,23.850,-26.250,33.0
21:20:12.596,2730330,-9.074,6.828,-3.203,-0.492,0.780,1.200,57.150,35.250,-31.200,33.0
21:20:12.648,2730384,-8.712,4.477,-5.782,-0.088,0.528,0.672,57.150,35.250,-31.200,32.8
21:20:12.752,2730438,-9.194,3.764,-4.065,0.094,0.407,0.405,53.700,39.150,-34.050,32.9
21:20:12.754,2730492,-8.265,2.263,-6.254,0.248,0.268,0.435,53.700,39.150,-34.050,32.8
21:20:12.858,2730546,-9.507,0.907,-5.322,0.525,0.172,0.260,51.750,39.300,-32.400,33.1
21:20:12.860,2730600,-8.258,0.294,-5.789,0.336,0.229,0.197,51.750,39.300,-32.400,32.6
21:20:12.962,2730654,-8.976,3.524,-5.449,0.314,-0.023,-0.051,51.750,39.300,-32.400,32.8
21:20:12.964,2730708,-8.729,0.424,-4.111,-0.374,-0.052,0.066,51.750,39.300,-32.400,33.1
21:20:13.015,2730762,-9.637,3.314,-4.065,-0.169,-0.058,-0.394,49.650,40.650,-36.300,32.9
21:20:13.069,2730816,-9.227,0.998,-6.910,0.225,-0.237,-0.154,48.600,40.650,-36.300,32.8
21:20:13.120,2730870,-8.835,1.963,-5.272,0.236,-0.404,-0.275,48.600,38.850,-34.800,32.6
21:20:13.173,2730924,-8.593,3.462,-5.332,0.320,-0.206,-0.298,49.500,36.300,-35.100,32.6
21:20:13.225,2730978,-8.811,1.681,-4.755,-0.139,-0.065,-0.362,49.500,36.300,-35.100,32.8
21:20:13.278,2731032,-8.784,2.504,-4.135,-0.060,-0.001,-0.474,51.750,35.100,-36.450,32.8
21:20:13.330,2731086,-8.808,2.152,-5.176,0.142,-0.083,-0.375,51.750,35.100,-36.450,32.8
21:20:13.383,2731140,-10.831,2.828,-4.580,-0.391,-0.139,-0.300,51.750,31.950,-35.700,33.0
21:20:13.488,2731194,-13.319,4.096,-7.044,-0.439,-0.066,-0.052,51.750,31.950,-35.700,33.0
21:20:13.489,2731248,-14.133,4.678,-6.979,-0.480,-0.244,0.220,53.250,31.650,-35.400,32.9
21:20:13.592,2731302,-12.021,1.887,-5.691,-0.404,-0.132,0.328,53.250,31.650,-35.400,33.1
21:20:13.594,2731356,-10.592,4.192,-4.513,0.073,-0.031,0.242,53.250,31.650,-35.400,32.6
21:20:13.645,2731410,-9.584,1.530,-3.740,-0.362,0.002,-0.053,53.250,31.650,-35.400,32.6
21:20:13.698,2731464,-9.433,1.259,-3.316,-0.141,-0.116,-0.483,53.550,34.350,-30.300,32.8
21:20:13.750,2731518,-8.459,0.998,-3.457,-0.040,-0.333,-0.701,55.650,34.500,-28.650,33.0
21:20:13.804,2731572,-7.652,-0.855,-4.216,0.157,-0.569,-0.784,55.650,34.500,-28.650,32.8
21:20:13.856,2731626,-8.018,2.109,-2.461,1.122,-0.507,-1.201,59.400,31.800,-26.400,32.8
21:20:13.908,2731680,-6.606,-2.495,-3.366,0.715,-0.453,-0.915,59.400,31.800,-26.400,33.0
21:20:13.960,2731734,-6.747,2.042,-1.650,-0.056,-0.536,-1.329,61.200,24.150,-24.900,32.8
21:20:14.066,2731788,-9.491,2.614,-3.026,0.197,-0.659,-1.827,61.200,24.150,-24.900,32.8
21:20:14.118,2731842,-4.899,-4.621,-0.503,0.168,-1.244,-2.482,64.200,15.900,-21.300,32.8
21:20:14.170,2731896,-4.683,1.178,-1.140,3.245,-0.029,-0.398,64.200,15.900,-21.300,32.6
21:20:14.223,2731950,-5.574,1.970,-4.571,0.877,1.163,1.408,65.850,5.400,-18.900,32.8
21:20:14.275,2732004,-3.589,-4.887,-2.205,-1.899,1.337,1.541,65.850,5.400,-18.900,33.0
21:20:14.328,2732058,-6.711,0.120,-4.293,-1.265,1.147,1.895,65.850,5.400,-18.900,33.1
21:20:14.381,2732112,-7.819,-3.055,-4.662,-1.215,0.631,1.790,60.900,26.400,-30.150,32.7
21:20:14.434,2732166,-8.552,4.542,-4.896,-0.190,0.486,1.145,60.900,26.400,-30.150,32.8
21:20:14.486,2732220,-8.689,1.374,-6.026,-0.038,0.324,0.974,57.150,32.550,-32.700,32.7
21:20:14.538,2732274,-9.584,1.784,-3.642,0.276,0.219,0.456,57.150,32.550,-32.700,32.7
21:20:14.590,2732328,-8.102,-0.725,-5.758,-0.850,0.461,0.580,54.450,35.250,-33.450,32.8
21:20:14.643,2732382,-10.159,0.306,-4.350,-1.038,0.300,0.066,54.450,35.250,-33.450,32.8
21:20:14.697,2732436,-9.328,2.430,-4.784,-0.484,0.322,0.108,54.450,35.250,-33.450,32.9
21:20:14.800,2732490,-9.072,2.959,-5.152,-0.002,0.073,-0.090,54.450,35.250,-33.450,32.6
21:20:14.802,2732544,-9.136,2.174,-4.113,0.182,-0.101,-0.118,51.300,36.300,-33.150,32.8
21:20:14.854,2732598,-9.100,3.591,-5.595,0.099,-0.338,-0.059,51.300,36.300,-33.150,32.7
21:20:14.907,2732652,-9.143,0.347,-4.336,-0.192,-0.372,0.015,51.300,35.550,-32.100,32.8
21:20:14.958,2732706,-8.909,3.213,-5.473,0.362,-0.257,-0.225,51.000,32.850,-31.800,32.8
21:20:15.064,2732760,-9.503,2.636,-4.302,0.294,-0.334,-0.169,51.000,32.850,-31.800,33.0
21:20:15.115,2732814,-9.321,2.377,-4.726,-0.468,-0.255,-0.360,53.400,33.000,-31.950,32.6
21:20:15.117,2732868,-11.121,3.613,-4.429,-0.070,-0.146,-0.359,53.400,33.000,-31.950,32.5
21:20:15.168,2732922,-14.784,4.238,-5.995,0.275,-0.146,0.035,54.150,30.300,-29.700,32.7
21:20:15.221,2732976,-13.941,4.786,-5.921,0.149,-0.058,0.570,54.150,30.300,-29.700,32.7
21:20:15.273,2733030,-11.753,3.407,-4.647,-0.010,-0.003,0.475,52.350,34.200,-30.750,33.0
21:20:15.325,2733084,-10.113,3.440,-3.974,-0.001,-0.001,0.114,52.350,34.200,-30.750,32.8
21:20:15.378,2733138,-9.606,2.310,-3.984,0.080,0.073,-0.329,52.350,34.200,-30.750,32.8
21:20:15.431,2733192,-10.403,2.485,-4.070,-0.283,-0.109,-0.735,52.350,34.200,-30.750,32.8
21:20:15.484,2733246,-8.741,-0.424,-2.875,0.073,-0.389,-0.666,54.300,36.300,-29.250,32.8
21:20:15.536,2733300,-7.860,3.711,-4.422,1.462,-0.872,-1.332,54.300,36.300,-29.250,32.4
21:20:15.588,2733354,-6.479,-0.606,-2.749,1.007,-0.708,-1.128,57.450,31.500,-28.950,32.8
21:20:15.641,2733408,-6.086,-1.178,-2.136,1.083,-0.706,-1.314,62.550,24.300,-25.950,32.8
21:20:15.694,2733462,-8.353,2.265,-3.431,0.319,-1.047,-1.444,62.550,24.300,-25.950,32.8
21:20:15.747,2733516,-7.618,-8.511,-0.970,-0.407,-1.387,-2.094,62.550,24.300,-25.950,32.9
21:20:15.799,2733570,-3.512,-4.695,1.726,2.942,-0.581,-0.847,62.550,24.300,-25.950,33.1
21:20:15.851,2733624,-6.189,3.958,-2.919,0.682,0.491,0.669,66.000,6.750,-16.950,32.8
21:20:15.955,2733678,-3.395,-3.555,-2.100,-1.014,1.575,1.460,66.000,6.750,-16.950,32.7
21:20:16.060,2733732,-6.934,-0.845,-2.368,-0.739,1.609,1.738,66.300,16.200,-22.650,32.5
21:20:16.062,2733786,-7.831,-2.162,-5.514,-0.693,1.028,1.412,66.300,16.200,-22.650,32.6
21:20:16.113,2733840,-9.203,2.105,-3.132,-0.377,1.034,1.304,60.450,26.100,-30.150,32.8
21:20:16.166,2733894,-8.825,0.673,-4.664,-0.091,0.708,1.072,60.450,26.100,-30.150,32.8
21:20:16.218,2733948,-10.647,2.794,-3.534,-0.309,0.353,0.752,57.900,32.250,-34.050,33.0
21:20:16.271,2734002,-8.832,-1.425,-5.282,0.276,0.254,1.170,52.500,37.800,-37.200,32.8
21:20:16.323,2734056,-8.997,2.483,-6.057,-0.221,0.409,0.576,52.500,37.800,-37.200,32.8
21:20:16.375,2734110,-9.337,2.854,-5.040,-0.317,0.375,0.325,50.400,37.200,-38.850,33.0
21:20:16.428,2734164,-8.413,0.955,-5.521,-0.183,0.384,0.449,50.400,37.200,-38.850,32.8
21:20:16.482,2734218,-8.756,4.293,-5.183,-0.642,0.170,0.224,50.400,37.200,-38.850,32.9
21:20:16.534,2734272,-8.119,1.686,-5.059,-0.025,0.116,0.299,50.400,37.200,-38.850,32.6
21:20:16.586,2734326,-7.688,3.637,-5.289,0.236,0.127,0.160,44.850,40.650,-38.850,32.8
21:20:16.638,2734380,-8.124,3.742,-3.922,0.365,0.038,0.017,44.850,40.650,-38.850,32.7
21:20:16.690,2734434,-7.853,3.151,-5.497,0.327,0.041,-0.090,46.350,38.850,-39.900,32.6
21:20:16.744,2734488,-8.459,2.988,-5.856,0.028,0.084,-0.123,46.350,38.850,-39.900,32.8
21:20:16.795,2734542,-10.096,3.938,-7.104,-0.075,-0.002,-0.159,45.750,38.550,-41.250,32.9
21:20:16.848,2734596,-12.701,6.919,-8.947,-0.102,-0.095,-0.029,46.500,36.600,-41.550,32.8
21:20:16.900,2734650,-13.427,6.112,-9.345,-0.035,0.017,0.320,46.500,36.600,-41.550,33.0
21:20:16.953,2734704,-11.902,4.623,-7.535,-0.153,-0.191,0.268,45.600,39.900,-40.650,32.6
21:20:17.005,2734758,-10.558,3.931,-4.343,-0.071,-0.245,0.079,45.600,39.900,-40.650,32.6
21:20:17.058,2734812,-7.762,1.714,-4.587,-0.413,-0.228,-0.322,46.500,41.250,-39.450,32.8
21:20:17.112,2734866,-7.774,3.405,-4.812,-0.416,-0.181,-0.759,46.500,41.250,-39.450,33.0
21:20:17.164,2734920,-8.849,2.126,-3.424,0.086,-0.219,-1.008,46.500,41.250,-39.450,32.8
21:20:17.215,2734974,-6.912,1.384,-3.713,-0.132,-0.353,-1.019,46.500,41.250,-39.450,32.8
21:20:17.268,2735028,-7.420,0.879,-3.819,0.057,-0.679,-1.097,53.400,35.250,-35.250,32.9
21:20:17.320,2735082,-7.436,1.099,-3.053,0.664,-1.052,-1.049,53.400,35.250,-35.250,32.8
21:20:17.373,2735136,-5.842,-0.706,-3.570,-0.110,-1.021,-0.982,57.450,29.100,-31.950,32.8
21:20:17.426,2735190,-8.042,1.041,-2.547,-0.019,-0.959,-1.232,57.450,29.100,-31.950,32.6
21:20:17.479,2735244,-7.343,-3.383,-2.875,-0.644,-0.954,-1.719,58.800,24.750,-27.000,32.6
21:20:17.531,2735298,-4.860,-7.211,-0.263,1.623,-0.818,-1.164,58.800,24.750,-27.000,32.6
21:20:17.583,2735352,-5.227,-1.623,-2.969,2.738,0.263,0.068,58.800,24.750,-27.000,32.9
21:20:17.635,2735406,-4.013,2.832,-2.334,-0.225,1.693,1.092,66.600,14.250,-23.700,32.8
21:20:17.688,2735460,-4.918,-3.424,-1.693,-0.993,1.693,1.473,66.600,14.250,-23.700,32.8
21:20:17.740,2735514,-7.312,0.120,-4.087,-0.488,1.076,1.266,58.800,23.850,-31.800,33.0
21:20:17.845,2735568,-8.813,0.524,-5.741,0.153,0.918,1.034,58.800,23.850,-31.800,33.0
21:20:17.898,2735622,-7.882,-2.622,-4.413,-0.902,0.960,1.036,58.800,23.850,-31.800,33.0
21:20:17.952,2735676,-7.889,0.122,-5.533,-1.241,1.153,0.729,58.800,23.850,-31.800,32.3
21:20:18.003,2735730,-8.751,1.750,-5.267,-0.442,0.764,0.461,51.750,33.900,-40.500,32.5
21:20:18.055,2735784,-7.977,0.328,-7.056,-0.655,0.456,0.384,51.750,33.900,-40.500,32.8
21:20:18.108,2735838,-9.017,1.183,-6.328,-0.520,-0.049,0.345,49.350,36.150,-41.400,32.9
21:20:18.161,2735892,-8.152,1.025,-6.366,0.084,-0.169,0.256,47.100,37.950,-39.600,32.7
21:20:18.213,2735946,-8.770,2.409,-5.892,-0.277,-0.300,0.228,47.100,37.950,-39.600,32.7
21:20:18.265,2736000,-8.926,4.889,-5.315,-0.462,-0.155,-0.070,47.100,37.950,-39.600,32.7
21:20:18.318,2736054,-8.796,1.269,-5.744,0.075,-0.168,-0.297,47.100,37.950,-39.600,33.0
21:20:18.370,2736108,-8.961,3.632,-4.319,-0.506,-0.303,-0.138,46.650,39.600,-36.600,32.9
21:20:18.423,2736162,-8.428,3.158,-3.704,-0.118,-0.501,-0.225,46.650,39.600,-36.600,32.7
21:20:18.527,2736216,-7.889,3.397,-3.680,-0.246,-0.635,-0.282,48.900,36.150,-36.000,32.6
21:20:18.529,2736270,-9.237,2.361,-3.469,0.305,-0.779,-0.534,48.900,36.150,-36.000,32.8
21:20:18.581,2736324,-11.265,6.074,-5.274,-0.605,-0.359,-0.405,48.900,36.150,-36.000,32.8
21:20:18.633,2736378,-13.884,5.765,-6.905,0.237,-0.050,-0.013,48.900,36.150,-36.000,32.8
21:20:18.685,2736432,-13.297,3.646,-5.337,-0.630,0.075,0.580,51.000,35.550,-29.850,32.8
21:20:18.739,2736486,-10.913,4.254,-4.436,-0.260,-0.019,0.401,50.550,38.250,-28.800,32.8
21:20:18.792,2736540,-11.061,3.419,-3.196,0.003,0.023,0.220,50.550,38.250,-28.800,32.7
21:20:18.844,2736594,-10.080,3.110,-4.707,-0.164,0.049,0.022,50.850,40.650,-27.900,32.6
21:20:18.896,2736648,-10.570,2.114,-4.171,0.492,-0.045,-0.451,50.850,40.650,-27.900,32.6
21:20:18.948,2736702,-8.983,2.174,-2.655,0.181,-0.012,-0.633,50.850,40.650,-27.900,32.8
21:20:19.001,2736756,-7.233,2.875,-2.624,-0.213,-0.079,-1.157,50.850,40.650,-27.900,32.8
21:20:19.053,2736810,-7.393,1.489,-2.375,-0.134,-0.039,-1.326,55.200,36.450,-26.100,33.1
21:20:19.106,2736864,-6.565,-2.184,-3.127,0.019,-0.344,-1.220,55.200,36.450,-26.100,32.7
21:20:19.158,2736918,-8.124,0.852,-2.028,0.753,-0.317,-1.195,60.600,30.150,-25.200,32.7
21:20:19.210,2736972,-6.905,1.621,-2.468,0.536,-0.325,-0.843,60.600,30.150,-25.200,32.5
21:20:19.263,2737026,-8.514,-4.911,-3.306,0.290,-0.249,-0.616,62.400,22.500,-24.600,32.8
21:20:19.315,2737080,-10.084,1.702,-3.888,0.644,-0.570,-1.162,63.450,19.500,-22.050,32.8
21:20:19.368,2737134,-8.554,-1.432,-3.213,-0.114,-1.001,-1.922,63.450,19.500,-22.050,32.6
21:20:19.420,2737188,-5.375,-3.261,-1.980,1.239,-0.327,-0.752,64.650,9.000,-18.000,32.9
21:20:19.473,2737242,-4.312,1.293,-3.244,0.222,0.794,1.039,64.650,9.000,-18.000,33.0
21:20:19.527,2737296,-3.721,-3.100,-2.816,-1.072,1.364,2.098,64.950,13.650,-21.300,33.0
21:20:19.579,2737350,-7.671,-4.465,-5.358,-1.348,1.062,1.967,64.950,13.650,-21.300,32.8
21:20:19.631,2737404,-8.255,0.306,-4.602,-1.111,0.583,1.596,64.950,13.650,-21.300,32.8
21:20:19.737,2737458,-9.189,1.621,-6.421,-0.138,0.220,1.440,64.950,13.650,-21.300,32.8
21:20:19.738,2737512,-8.722,-1.123,-5.322,-0.960,-0.142,0.957,57.150,33.000,-30.150,32.8
21:20:19.841,2737566,-9.170,5.356,-2.789,0.276,0.110,0.504,57.150,33.000,-30.150,32.8
21:20:19.893,2737620,-9.598,0.012,-3.701,-0.661,0.079,0.515,55.800,38.250,-27.300,32.8
21:20:19.945,2737674,-10.353,5.409,-3.098,0.281,0.068,0.030,55.800,38.250,-27.300,32.9
21:20:19.998,2737728,-10.424,2.746,-2.794,0.025,-0.193,0.160,52.050,38.250,-27.750,32.7
21:20:20.051,2737782,-8.988,3.754,-4.164,0.132,-0.077,0.008,53.100,38.400,-27.900,33.0
21:20:20.103,2737836,-8.787,2.172,-3.390,-0.041,-0.020,-0.094,53.100,38.400,-27.900,32.6
21:20:20.156,2737890,-8.959,3.529,-3.946,-0.004,0.217,-0.216,51.750,37.050,-27.300,32.8
21:20:20.208,2737944,-9.017,3.007,-4.302,-0.193,0.370,-0.414,51.750,37.050,-27.300,32.8
21:20:20.260,2737998,-9.345,2.116,-3.888,-0.335,0.212,-0.438,53.700,35.700,-27.150,33.0
21:20:20.313,2738052,-8.691,3.290,-4.676,-0.081,0.132,-0.429,53.700,35.700,-27.150,32.6
21:20:20.366,2738106,-8.952,1.003,-3.938,-0.327,0.159,-0.276,53.700,35.700,-27.150,32.5
21:20:20.418,2738160,-9.301,2.696,-4.104,-0.167,0.224,-0.201,53.700,35.700,-27.150,32.9
21:20:20.470,2738214,-9.002,2.521,-4.070,-0.293,0.051,-0.132,53.700,33.450,-30.450,32.8
21:20:20.574,2738268,-8.643,2.717,-4.345,0.198,-0.106,-0.213,53.700,33.450,-30.450,32.8
21:20:20.576,2738322,-9.091,2.387,-4.748,-0.174,-0.027,-0.062,54.150,33.000,-29.400,32.9
21:20:20.628,2738376,-10.307,2.715,-4.922,-0.074,-0.034,-0.050,54.750,32.400,-29.850,32.7
21:20:20.681,2738430,-11.511,3.086,-6.033,0.054,-0.103,0.218,54.750,32.400,-29.850,32.8
21:20:20.733,2738484,-13.080,5.538,-5.303,-0.019,-0.073,0.459,54.750,32.400,-29.850,32.8
21:20:20.786,2738538,-11.849,2.911,-4.891,-0.166,-0.055,0.564,54.750,32.400,-29.850,32.6
21:20:20.839,2738592,-10.769,2.480,-3.931,0.031,-0.054,0.394,53.550,35.100,-27.300,32.6
21:20:20.891,2738646,-9.644,1.707,-3.838,-0.055,-0.080,0.234,53.550,35.100,-27.300,32.8
21:20:20.943,2738700,-9.701,2.782,-3.752,0.377,-0.179,-0.070,54.000,37.800,-27.300,32.9
21:20:20.997,2738754,-9.615,3.132,-2.897,0.847,-0.157,-0.233,54.000,37.800,-27.300,32.9
21:20:21.049,2738808,-8.586,-0.333,-3.409,0.040,-0.031,-0.253,54.000,37.800,-27.300,32.9
21:20:21.100,2738862,-8.334,3.938,-3.663,0.160,-0.110,-0.631,54.000,37.800,-27.300,32.6
21:20:21.153,2738916,-7.556,0.570,-3.644,0.600,-0.045,-0.416,57.000,36.300,-27.300,32.8
21:20:21.206,2738970,-7.159,-1.233,-4.053,0.229,-0.071,-0.443,58.500,32.850,-28.050,33.0
21:20:21.258,2739024,-8.789,1.726,-3.033,0.214,-0.036,-0.497,58.500,32.850,-28.050,32.6
21:20:21.310,2739078,-8.009,0.838,-4.068,0.031,-0.133,-0.615,58.500,31.200,-28.800,32.5
21:20:21.417,2739132,-8.198,0.943,-3.005,0.146,-0.430,-0.863,58.500,31.200,-28.800,33.0
21:20:21.418,2739186,-7.776,0.663,-3.457,0.179,-0.541,-0.828,61.950,27.150,-26.850,32.8
21:20:21.468,2739240,-8.100,1.049,-2.375,0.686,-0.726,-1.042,61.950,27.150,-26.850,32.7
21:20:21.520,2739294,-7.049,0.785,-3.886,0.345,-0.885,-1.705,62.550,21.900,-21.900,32.8
21:20:21.626,2739348,-5.234,-2.054,-2.806,2.458,-0.375,-0.695,62.550,21.900,-21.900,32.8
21:20:21.628,2739402,-4.278,4.635,-4.302,-0.286,0.924,1.474,65.100,11.850,-18.150,32.8
21:20:21.731,2739456,-2.933,-7.925,-1.968,-1.623,1.079,2.268,65.100,11.850,-18.150,32.7
21:20:21.784,2739510,-6.208,1.997,-4.379,-2.094,1.049,1.911,65.100,11.850,-18.150,32.8
21:20:21.836,2739564,-7.872,1.077,-3.922,-0.768,0.325,1.525,65.100,11.850,-18.150,32.6
21:20:21.889,2739618,-5.974,5.284,-6.218,-0.043,0.644,1.136,58.500,34.800,-27.000,32.8
21:20:21.940,2739672,-8.262,0.263,-4.973,-0.829,0.250,0.859,53.550,40.200,-28.500,32.7
21:20:21.993,2739726,-9.275,5.693,-3.802,0.862,0.339,0.321,53.550,40.200,-28.500,32.8
21:20:22.046,2739780,-10.367,2.045,-4.175,0.325,-0.035,-0.007,53.550,40.200,-28.500,32.8
21:20:22.099,2739834,-8.502,0.848,-5.660,0.336,-0.349,0.213,53.550,40.200,-28.500,32.8
21:20:22.150,2739888,-10.693,5.119,-1.597,0.684,-0.282,-0.204,50.400,42.600,-30.150,32.8
21:20:22.203,2739942,-9.778,2.447,-3.960,-0.050,-0.070,-0.135,50.400,42.600,-30.150,32.6
21:20:22.255,2739996,-9.167,4.379,-4.329,0.393,-0.118,-0.465,49.350,41.850,-30.150,32.5
21:20:22.309,2740050,-9.304,2.133,-4.216,-0.340,-0.196,-0.390,49.350,41.850,-30.150,32.7
21:20:22.361,2740104,-9.187,2.655,-3.390,0.207,-0.346,-0.507,53.100,38.850,-29.400,32.8
21:20:22.414,2740158,-9.890,1.762,-3.742,-0.655,-0.379,-0.516,53.100,38.850,-29.400,32.7
21:20:22.466,2740212,-9.524,2.605,-3.259,0.145,-0.274,-0.515,53.100,38.850,-29.400,32.9
21:20:22.518,2740266,-9.495,1.255,-2.959,-0.034,-0.264,-0.424,55.050,32.400,-27.300,33.0
21:20:22.570,2740320,-9.768,1.580,-3.007,-0.014,-0.235,-0.337,55.050,32.400,-27.300,32.8
21:20:22.623,2740374,-10.015,1.511,-3.002,-0.046,-0.181,-0.172,55.050,30.900,-26.550,32.8
21:20:22.676,2740428,-11.461,3.098,-3.431,-0.322,-0.129,-0.089,55.050,30.900,-26.550,32.7
21:20:22.729,2740482,-13.355,4.961,-4.046,0.261,0.007,0.095,55.050,30.900,-26.550,32.6
21:20:22.782,2740536,-14.688,3.163,-4.671,-0.248,0.120,0.588,55.050,30.900,-26.550,32.7
21:20:22.834,2740590,-13.247,4.192,-3.575,-0.262,0.233,0.582,54.150,33.450,-24.600,32.8
21:20:22.886,2740644,-11.095,2.866,-3.723,-0.110,0.146,0.203,54.150,33.450,-24.600,32.8
21:20:22.938,2740698,-9.426,1.247,-2.354,-0.169,0.158,-0.030,53.100,37.200,-24.300,32.8
21:20:22.991,2740752,-8.380,2.363,-2.052,0.133,0.060,-0.275,53.100,37.200,-24.300,32.8
21:20:23.043,2740806,-7.853,1.415,-3.235,0.154,-0.041,-0.449,54.900,36.150,-24.600,33.0
21:20:23.096,2740860,-8.569,0.065,-2.887,-0.330,-0.011,-0.605,54.900,36.150,-24.600,32.8
21:20:23.148,2740914,-9.014,3.160,-2.928,0.248,0.002,-0.989,54.900,36.150,-24.600,32.5
21:20:23.201,2740968,-7.118,-0.833,-2.179,0.051,-0.108,-0.870,58.950,30.600,-22.800,32.5
21:20:23.254,2741022,-5.768,-0.187,-2.212,0.094,0.114,-0.810,58.950,30.600,-22.800,32.8
21:20:23.305,2741076,-8.830,1.477,-2.483,-0.032,0.039,-0.885,59.400,25.650,-23.550,32.6
21:20:23.358,2741130,-7.915,-2.593,-2.897,0.390,-0.393,-1.146,59.400,25.650,-23.550,32.8
21:20:23.411,2741184,-7.535,0.522,-3.926,0.350,-0.650,-1.742,59.400,25.650,-23.550,32.8
21:20:23.515,2741238,-5.397,-6.871,-0.285,1.988,-0.462,-1.299,59.400,25.650,-23.550,32.6
21:20:23.517,2741292,-5.734,3.244,-4.204,0.374,0.683,1.009,66.000,9.450,-19.050,32.9
21:20:23.620,2741346,-3.840,0.706,-2.612,-0.876,1.212,2.004,66.000,9.450,-19.050,32.8
21:20:23.674,2741400,-9.041,1.219,-2.729,-0.103,1.018,1.952,64.650,19.500,-25.350,32.6
21:20:23.725,2741454,-8.969,1.621,-5.215,0.100,0.246,1.469,64.650,19.500,-25.350,32.6
21:20:23.778,2741508,-9.031,5.490,-4.104,0.320,0.122,0.825,61.350,32.400,-27.300,32.6
21:20:23.831,2741562,-9.902,3.883,-2.255,-0.133,0.044,1.096,61.350,32.400,-27.300,32.8
21:20:23.935,2741616,-8.056,-0.534,-5.380,-0.185,0.001,0.829,61.350,32.400,-27.300,32.6
21:20:23.937,2741670,-8.286,3.663,-3.874,-0.081,0.154,0.316,55.500,37.800,-30.300,32.6
21:20:23.988,2741724,-9.007,2.674,-4.381,0.348,0.085,0.104,55.500,37.800,-30.300,32.6
21:20:24.042,2741778,-8.447,2.593,-3.474,0.141,-0.037,-0.196,53.250,37.800,-32.850,33.0
21:20:24.093,2741832,-8.921,2.006,-3.778,0.058,0.193,-0.233,53.250,37.800,-32.850,32.8
21:20:24.146,2741886,-10.551,0.034,-4.104,-0.144,-0.124,-0.243,53.250,37.800,-32.850,32.6
21:20:24.198,2741940,-10.343,2.473,-3.989,-0.102,-0.305,-0.271,53.250,37.800,-32.850,32.6
21:20:24.251,2741994,-10.309,0.910,-4.228,-0.332,-0.534,-0.219,54.000,32.850,-31.800,32.8
21:20:24.303,2742048,-9.780,1.882,-3.012,0.029,-0.374,-0.205,54.000,32.850,-31.800,32.8
21:20:24.355,2742102,-10.060,1.149,-3.256,-0.355,-0.129,-0.156,55.200,32.550,-29.400,32.9
21:20:24.408,2742156,-9.766,1.358,-2.844,-0.552,0.022,-0.196,55.950,33.000,-26.850,32.8
21:20:24.461,2742210,-9.948,1.154,-2.413,-0.324,0.020,-0.294,55.950,33.000,-26.850,32.8
21:20:24.513,2742264,-9.505,2.246,-2.945,-0.260,-0.032,-0.297,55.950,33.000,-26.850,32.7
21:20:24.565,2742318,-9.787,1.427,-2.727,-0.126,-0.090,-0.348,55.950,33.000,-26.850,33.0
21:20:24.618,2742372,-10.721,1.951,-3.069,0.009,-0.150,-0.264,55.950,29.550,-27.150,32.7
21:20:24.670,2742426,-13.123,1.851,-3.637,-0.229,-0.043,0.045,55.950,29.550,-27.150,32.8
21:20:24.724,2742480,-15.716,4.432,-4.755,-0.171,0.167,0.534,56.700,28.350,-25.350,32.7
21:20:24.777,2742534,-14.722,3.084,-3.843,-0.145,0.268,0.979,56.700,28.350,-25.350,32.7
21:20:24.828,2742588,-12.529,2.816,-3.819,-0.170,0.341,0.859,56.700,28.350,-25.350,32.6
21:20:24.880,2742642,-11.116,1.334,-2.907,-0.441,0.147,0.600,56.700,28.350,-25.350,32.8
21:20:24.933,2742696,-8.581,1.939,-3.278,0.308,0.047,0.113,53.100,36.900,-24.900,32.8
21:20:24.985,2742750,-7.989,1.456,-3.041,-0.099,0.226,-0.213,53.100,39.150,-23.100,32.8
21:20:25.090,2742804,-7.250,1.432,-3.244,0.131,0.523,-0.437,53.100,39.150,-23.100,32.8
21:20:25.092,2742858,-8.238,1.911,-3.141,-0.395,0.477,-0.928,54.750,36.600,-26.250,32.6
21:20:25.143,2742912,-6.158,-0.479,-3.053,-0.036,0.085,-1.119,54.750,36.600,-26.250,32.9
21:20:25.196,2742966,-6.577,-0.991,-2.418,0.040,-0.364,-0.971,54.750,36.600,-26.250,32.8
21:20:25.248,2743020,-6.632,1.460,-4.365,0.935,-0.856,-0.807,54.750,36.600,-26.250,32.8
21:20:25.300,2743074,-8.677,2.337,-2.665,0.277,-1.088,-1.160,61.350,27.450,-24.750,32.6
21:20:25.406,2743128,-5.035,-6.855,-0.879,1.260,-1.510,-2.183,61.350,27.450,-24.750,32.8
21:20:25.408,2743182,-4.219,3.304,-1.290,1.524,-0.238,-0.232,63.300,18.150,-16.350,32.8
21:20:25.511,2743236,-5.662,4.061,-2.811,-0.215,0.890,1.331,63.300,18.150,-16.350,33.0
21:20:25.562,2743290,-2.497,-5.416,-0.749,-1.325,1.217,2.130,64.800,19.650,-21.150,32.9
21:20:25.615,2743344,-9.687,4.219,-2.116,-1.522,0.542,1.851,59.550,31.650,-22.950,32.6
21:20:25.668,2743398,-8.181,-2.665,-4.496,0.617,-0.115,1.803,59.550,31.650,-22.950,33.0
21:20:25.721,2743452,-6.771,1.451,-5.236,-0.382,0.204,1.401,54.900,37.950,-23.850,32.8
21:20:25.774,2743506,-9.184,5.574,-3.536,-0.435,0.212,0.931,54.900,37.950,-23.850,32.7
21:20:25.825,2743560,-8.564,3.108,-3.816,-0.180,0.176,0.377,51.750,44.400,-24.000,33.0
21:20:25.878,2743614,-8.782,1.427,-2.746,0.193,0.026,0.499,51.750,44.400,-24.000,33.0
21:20:25.930,2743668,-9.392,3.426,-3.469,-0.479,-0.246,0.275,51.750,44.400,-24.000,32.6
21:20:25.983,2743722,-9.641,2.959,-3.136,0.372,-0.341,-0.052,51.750,44.400,-24.000,32.8
21:20:26.086,2743776,-9.960,3.405,-3.057,0.078,-0.288,-0.221,49.500,43.650,-25.950,32.5
21:20:26.088,2743830,-9.498,4.070,-3.146,-0.132,-0.143,-0.306,49.500,43.650,-25.950,32.5
21:20:26.191,2743884,-9.910,3.268,-2.239,-0.260,-0.083,-0.422,49.500,41.700,-25.200,32.6
21:20:26.193,2743938,-9.582,3.816,-2.698,-0.001,-0.182,-0.412,49.500,41.700,-25.200,32.8
21:20:26.246,2743992,-9.929,2.351,-3.069,-0.390,-0.370,-0.536,52.350,41.100,-23.100,32.8
21:20:26.298,2744046,-10.036,3.402,-2.059,0.121,-0.358,-0.461,53.400,37.950,-20.250,32.8
21:20:26.350,2744100,-9.644,2.990,-2.066,-0.144,-0.266,-0.575,53.400,37.950,-20.250,32.8
21:20:26.404,2744154,-10.209,2.382,-2.116,0.112,-0.165,-0.629,54.900,35.250,-21.750,32.8
21:20:26.457,2744208,-11.392,3.330,-1.901,0.045,-0.029,-0.479,54.900,35.250,-21.750,32.7
21:20:26.509,2744262,-13.853,1.288,-2.143,0.341,0.177,0.114,54.900,31.800,-20.550,32.6
21:20:26.562,2744316,-15.225,5.856,-2.847,-0.671,0.371,0.606,54.900,31.800,-20.550,32.8
21:20:26.613,2744370,-12.653,2.873,-2.212,0.428,0.384,0.659,54.900,31.800,-20.550,32.8
21:20:26.667,2744424,-11.226,2.622,-2.737,-0.411,0.459,0.498,54.900,31.800,-20.550,32.6
21:20:26.719,2744478,-10.666,3.148,-2.198,0.224,0.418,0.140,53.100,37.950,-22.800,32.8
21:20:26.771,2744532,-11.234,3.543,-3.067,0.092,0.255,-0.092,53.100,37.950,-22.800,32.8
21:20:26.823,2744586,-10.427,2.385,-4.767,-0.307,0.481,-0.440,54.000,38.250,-23.700,32.7
21:20:26.876,2744640,-8.724,1.489,-2.957,-0.080,0.467,-0.930,54.000,38.250,-24.000,32.8
21:20:26.929,2744694,-6.232,0.862,-2.332,0.264,-0.103,-1.194,54.000,38.250,-24.000,32.8
21:20:26.980,2744748,-5.397,1.271,-1.350,1.068,-0.332,-1.146,54.000,38.250,-24.000,32.5
21:20:27.034,2744802,-6.352,0.007,-1.276,0.384,-0.290,-0.934,54.000,38.250,-24.000,32.5
21:20:27.086,2744856,-7.166,0.448,-3.033,-0.080,-0.341,-0.871,61.950,26.100,-23.550,32.8
21:20:27.189,2744910,-8.717,2.260,-4.345,0.188,-0.823,-1.400,61.950,26.100,-23.550,32.8
21:20:27.191,2744964,-4.456,-5.923,0.649,1.043,-1.030,-1.865,63.300,18.450,-20.400,32.8
21:20:27.295,2745018,-5.928,7.585,-5.804,2.079,0.032,0.204,63.300,18.450,-20.400,32.8
21:20:27.297,2745072,-2.914,1.468,-2.602,-0.674,1.110,1.421,63.300,18.450,-20.400,32.8
21:20:27.401,2745126,-5.442,4.772,-2.564,-1.034,1.748,2.116,63.300,18.450,-20.400,32.7
21:20:27.454,2745180,-9.033,1.750,-3.867,-1.285,1.159,1.424,61.800,25.800,-26.550,32.8
21:20:27.505,2745234,-9.926,5.442,-3.187,0.035,0.659,0.807,58.200,35.250,-29.400,32.5
21:20:27.559,2745288,-10.527,6.553,-3.862,-0.033,0.512,0.999,58.200,35.250,-29.400,32.5
21:20:27.611,2745342,-9.261,1.063,-4.254,0.223,0.162,0.987,53.250,39.000,-31.800,32.6
21:20:27.663,2745396,-7.956,-1.607,-5.674,-0.666,-0.248,0.652,53.250,39.000,-31.800,32.7
21:20:27.716,2745450,-9.553,4.817,-3.847,-0.594,-0.105,0.356,53.250,39.000,-31.800,32.8
21:20:27.769,2745504,-9.299,1.516,-3.967,-0.244,0.036,0.406,53.250,39.000,-31.800,32.9
21:20:27.822,2745558,-10.020,6.759,-4.175,0.218,0.118,-0.011,49.050,42.450,-29.250,32.9
21:20:27.873,2745612,-8.906,1.587,-3.014,-0.132,-0.098,0.219,49.050,42.450,-29.250,32.7
21:20:27.926,2745666,-8.724,6.467,-3.821,0.123,-0.152,-0.077,49.500,43.950,-28.500,32.9
21:20:27.978,2745720,-9.215,0.979,-2.648,-0.854,-0.257,-0.055,49.500,43.950,-28.500,32.8
21:20:28.082,2745774,-8.849,6.390,-3.721,-0.096,-0.048,-0.451,48.750,43.650,-27.000,32.6
21:20:28.085,2745828,-9.086,3.089,-3.108,0.183,0.241,-0.516,48.750,43.650,-27.000,32.8
21:20:28.137,2745882,-9.122,3.591,-3.615,0.278,0.156,-0.671,50.100,40.650,-24.600,32.8
21:20:28.188,2745936,-9.558,2.722,-2.332,0.274,0.161,-0.589,52.650,36.450,-28.200,32.8
21:20:28.240,2745990,-9.993,3.163,-4.159,0.483,-0.064,-0.529,52.650,36.450,-28.200,32.7
21:20:28.293,2746044,-11.648,2.428,-4.970,-0.185,-0.074,-0.339,53.550,34.800,-29.250,32.8
21:20:28.345,2746098,-13.386,5.830,-5.298,-0.025,-0.072,0.030,53.550,34.800,-29.250,32.8
21:20:28.398,2746152,-13.719,4.087,-5.722,-0.068,-0.244,0.512,53.550,34.800,-29.250,32.9
21:20:28.451,2746206,-11.973,3.776,-4.578,-0.355,-0.035,0.644,53.550,34.800,-29.250,32.6
21:20:28.504,2746260,-11.351,3.089,-3.634,-0.574,0.000,0.404,53.400,38.850,-27.150,33.0
21:20:28.556,2746314,-9.912,2.674,-3.163,-1.123,-0.066,0.110,53.400,38.850,-27.150,32.9
21:20:28.609,2746368,-9.972,1.408,-1.963,-0.851,-0.143,-0.102,51.300,39.000,-23.700,32.8
21:20:28.660,2746422,-8.844,2.976,-3.120,-0.685,-0.055,-0.324,51.300,39.000,-23.700,32.8
21:20:28.713,2746476,-8.459,1.326,-2.863,0.548,-0.097,-0.541,52.050,40.500,-20.400,32.8
21:20:28.766,2746530,-7.736,1.961,-2.265,0.312,-0.137,-0.802,55.050,38.250,-19.350,32.6
21:20:28.818,2746584,-7.233,1.805,-2.193,0.367,-0.173,-1.123,55.050,38.250,-19.350,33.0
21:20:28.871,2746638,-7.211,1.214,-1.633,-0.064,0.131,-0.942,59.400,33.750,-17.700,32.6
21:20:28.923,2746692,-7.834,0.476,-3.156,0.283,0.186,-0.926,59.400,33.750,-17.700,32.4
21:20:28.975,2746746,-9.766,0.318,-2.619,0.600,-0.175,-1.461,61.200,29.550,-18.750,32.8
21:20:29.029,2746800,-7.944,4.334,-1.872,0.091,-0.796,-2.267,61.200,29.550,-18.750,32.8
21:20:29.082,2746854,-2.835,-5.040,2.631,4.093,-0.027,-0.649,61.200,29.550,-18.750,32.6
21:20:29.186,2746908,-6.462,11.765,-9.177,3.729,0.614,0.702,61.200,29.550,-18.750,32.8
21:20:29.188,2746962,-5.334,0.769,-1.080,-0.272,1.271,1.401,64.950,14.850,-22.350,32.8
21:20:29.290,2747016,-5.605,-3.855,-4.365,-1.596,1.198,1.517,64.950,14.850,-22.350,32.8
21:20:29.343,2747070,-7.970,-2.253,-2.998,-1.151,0.631,1.236,61.800,25.800,-27.000,32.8
21:20:29.395,2747124,-8.562,3.153,-4.369,-0.012,0.307,1.196,56.550,34.350,-28.050,32.6
21:20:29.448,2747178,-8.614,2.145,-5.102,0.182,0.458,1.251,56.550,34.350,-28.050,32.6
21:20:29.501,2747232,-9.239,1.587,-5.394,-0.467,0.207,0.771,54.300,38.550,-31.350,32.8
21:20:29.553,2747286,-9.546,4.204,-3.687,0.713,0.085,0.673,54.300,38.550,-31.350,32.6
21:20:29.606,2747340,-8.447,3.136,-5.289,-0.205,0.003,0.592,50.100,41.550,-32.250,32.8
21:20:29.658,2747394,-9.560,5.066,-3.965,-0.063,-0.151,0.149,50.100,41.550,-32.250,32.9
21:20:29.710,2747448,-9.237,2.983,-4.975,-0.211,-0.270,-0.147,49.500,42.150,-33.600,32.8
21:20:29.763,2747502,-9.452,4.635,-3.926,0.220,-0.162,-0.483,49.500,42.150,-33.600,33.0
21:20:29.816,2747556,-9.395,1.724,-3.589,0.032,-0.046,-0.548,49.500,42.150,-33.600,32.7
21:20:29.869,2747610,-10.008,3.036,-3.946,0.153,0.022,-0.506,49.500,42.150,-33.600,32.5
21:20:29.920,2747664,-9.890,1.923,-4.111,0.244,-0.082,-0.381,51.150,37.200,-33.000,32.5
21:20:29.974,2747718,-9.761,1.769,-3.812,0.307,-0.424,-0.294,54.000,35.550,-32.400,32.9
21:20:30.027,2747772,-9.469,2.911,-3.668,0.189,-0.681,-0.398,54.000,35.550,-32.400,32.8
21:20:30.079,2747826,-12.103,3.187,-4.331,0.315,-0.505,-0.274,53.700,31.800,-30.150,32.8
21:20:30.132,2747880,-15.241,4.757,-5.150,-0.480,-0.088,0.211,53.700,31.800,-30.150,32.9
21:20:30.184,2747934,-13.913,4.494,-4.772,-0.347,0.119,0.701,52.650,34.200,-29.400,32.8
21:20:30.235,2747988,-13.214,4.707,-3.824,-0.614,0.258,0.608,52.650,34.200,-29.400,32.9
21:20:30.340,2748042,-11.748,2.042,-3.072,-0.215,0.299,0.466,52.350,37.950,-26.850,32.9
21:20:30.342,2748096,-9.874,2.610,-3.436,-0.783,0.156,-0.004,52.350,37.950,-26.850,32.8
21:20:30.393,2748150,-8.918,2.605,-3.175,0.403,0.001,-0.326,51.000,42.900,-25.950,32.6
21:20:30.445,2748204,-8.995,2.622,-1.824,-0.881,0.054,-0.582,51.000,42.900,-25.950,32.6
21:20:30.499,2748258,-7.494,0.871,-2.523,-1.401,0.223,-0.694,51.000,42.900,-25.950,32.7
21:20:30.551,2748312,-7.966,0.354,-3.069,-0.803,0.167,-0.913,51.000,42.900,-25.950,32.8
21:20:30.604,2748366,-7.573,1.188,-1.755,0.260,-0.055,-1.091,56.550,37.800,-21.150,32.7
21:20:30.656,2748420,-5.696,-1.130,-2.433,0.734,-0.153,-0.949,58.650,32.550,-22.050,32.7
21:20:30.761,2748474,-11.068,9.270,-3.278,0.894,-0.604,-1.990,58.650,32.550,-22.050,32.7
21:20:30.762,2748528,-6.953,-4.049,-1.676,0.666,-1.046,-2.487,62.550,22.800,-21.450,32.8
21:20:30.814,2748582,-5.234,-0.208,-1.482,3.408,-0.760,-1.343,62.550,22.800,-21.450,32.5
21:20:30.865,2748636,-6.014,3.962,-0.395,0.481,0.353,0.088,65.550,11.850,-17.850,32.5
21:20:30.918,2748690,-4.999,0.041,-3.163,-0.507,1.150,1.232,65.550,11.850,-17.850,32.8
21:20:30.970,2748744,-6.146,2.071,-3.488,-2.280,1.095,1.630,65.100,17.700,-23.400,32.8
21:20:31.075,2748798,-7.558,-4.417,-4.051,0.089,0.528,1.656,65.100,17.700,-23.400,32.7
21:20:31.077,2748852,-7.932,-0.654,-4.724,-0.075,0.228,1.433,60.450,28.800,-27.150,32.8
21:20:31.181,2748906,-8.607,1.518,-4.219,0.097,0.456,1.391,60.450,28.800,-27.150,33.0
21:20:31.233,2748960,-9.357,-1.753,-4.891,-0.525,0.304,1.070,60.450,28.800,-27.150,32.8
21:20:31.285,2749014,-8.830,1.944,-4.779,0.517,0.173,0.702,54.450,37.950,-31.950,32.9
21:20:31.338,2749068,-9.014,3.498,-2.399,-0.036,0.303,0.311,54.450,37.950,-31.950,32.6
21:20:31.391,2749122,-9.385,3.553,-4.654,0.872,0.127,0.023,51.600,40.650,-34.050,32.8
21:20:31.444,2749176,-9.859,0.845,-4.422,-0.540,-0.046,0.134,51.600,40.650,-34.050,32.8
21:20:31.496,2749230,-10.420,3.469,-4.657,-0.055,-0.166,-0.155,51.600,40.650,-34.050,33.0
21:20:31.549,2749284,-9.651,1.911,-4.518,0.193,-0.276,-0.072,51.600,40.650,-34.050,32.7
21:20:31.601,2749338,-9.646,3.194,-4.494,0.298,-0.028,0.048,51.600,38.400,-34.050,32.8
21:20:31.653,2749392,-9.685,3.519,-3.610,-0.104,0.099,-0.062,51.600,38.400,-34.050,32.7
21:20:31.705,2749446,-9.510,1.712,-4.482,0.161,-0.095,-0.231,50.850,36.900,-34.800,32.6
21:20:31.758,2749500,-9.395,2.871,-4.475,0.132,-0.056,-0.216,50.850,36.900,-34.800,32.6
21:20:31.810,2749554,-11.557,4.611,-5.162,-0.007,0.037,-0.115,51.600,35.250,-34.800,32.7
21:20:31.864,2749608,-14.789,6.057,-6.795,-0.191,-0.046,0.259,51.600,35.250,-34.800,32.8
21:20:31.967,2749662,-15.026,6.230,-6.021,-0.111,-0.080,0.691,51.600,35.250,-34.800,32.8
21:20:31.969,2749716,-11.444,3.915,-4.709,-0.378,0.229,0.478,50.100,40.350,-31.950,32.8
21:20:32.020,2749770,-9.273,2.703,-4.013,-0.006,0.447,0.136,50.100,40.350,-31.950,32.8
21:20:32.074,2749824,-7.877,0.716,-4.106,-0.444,0.506,-0.452,49.800,40.950,-34.350,32.9
21:20:32.126,2749878,-9.802,3.893,-4.638,0.041,0.562,-0.853,49.800,40.950,-34.350,32.8
21:20:32.179,2749932,-10.017,0.855,-4.475,-0.387,0.224,-0.835,49.800,40.950,-34.350,32.6
21:20:32.231,2749986,-7.839,0.996,-4.657,-0.730,-0.206,-1.054,49.800,40.950,-34.350,32.5
21:20:32.283,2750040,-6.443,-0.079,-3.172,0.500,-0.810,-1.233,55.050,35.850,-32.850,32.6
21:20:32.336,2750094,-4.518,2.516,-3.768,-0.168,-0.876,-1.259,55.050,35.850,-32.850,32.8
21:20:32.389,2750148,-6.649,3.752,-2.682,0.938,-0.766,-1.322,60.150,29.850,-30.150,32.8
21:20:32.441,2750202,-8.885,4.755,-4.099,-0.976,-1.198,-1.973,60.150,29.850,-30.150,32.6
21:20:32.494,2750256,-4.367,-5.734,-0.728,2.079,-0.897,-1.500,64.650,22.500,-24.600,32.8
21:20:32.546,2750310,-3.038,7.254,-4.010,1.341,0.406,0.635,64.650,22.500,-24.600,33.0
21:20:32.599,2750364,-3.819,-4.022,-1.980,-1.087,1.181,1.568,64.650,22.500,-24.600,33.0
21:20:32.650,2750418,-6.965,1.585,-3.510,-0.394,1.088,1.818,62.700,24.450,-27.900,32.8
21:20:32.703,2750472,-8.961,1.279,-3.000,-1.176,0.496,1.427,62.700,24.450,-27.900,32.3
21:20:32.756,2750526,-6.826,-1.516,-6.527,0.426,0.379,1.439,58.650,33.750,-29.400,32.5
21:20:32.808,2750580,-9.998,3.484,-3.680,-0.338,0.185,0.897,58.650,33.750,-29.400,32.7
21:20:32.861,2750634,-8.349,1.279,-3.227,0.043,0.151,0.850,58.650,33.750,-29.400,32.7
21:20:32.965,2750688,-9.009,2.957,-5.229,-0.014,0.085,0.518,58.650,33.750,-29.400,32.8
21:20:32.967,2750742,-10.848,4.547,-2.873,0.293,0.044,0.140,51.600,42.300,-32.250,32.4
21:20:33.071,2750796,-9.515,1.314,-6.021,-1.057,0.137,0.317,51.600,42.300,-32.250,32.8
21:20:33.124,2750850,-9.857,7.317,-3.639,0.013,0.172,0.038,49.500,44.400,-32.400,32.6
21:20:33.176,2750904,-8.521,3.175,-4.815,-0.532,0.161,0.053,48.300,43.200,-31.050,33.0
21:20:33.229,2750958,-8.140,3.594,-4.288,0.000,0.165,-0.004,48.300,43.200,-31.050,32.5
21:20:33.280,2751012,-8.116,4.808,-4.099,-0.144,0.175,-0.035,48.300,43.200,-31.050,32.6
21:20:33.333,2751066,-8.416,2.483,-3.809,-0.250,-0.209,-0.217,48.300,43.200,-31.050,32.8
21:20:33.386,2751120,-8.157,4.310,-4.367,-0.199,-0.193,-0.282,47.400,43.500,-31.200,32.8
21:20:33.438,2751174,-8.523,3.735,-4.408,0.350,-0.294,-0.520,47.400,43.500,-31.200,32.8
21:20:33.491,2751228,-9.347,4.077,-4.580,-0.012,0.055,-0.405,49.650,39.900,-30.450,32.6
21:20:33.544,2751282,-13.173,8.112,-5.842,0.108,0.254,-0.472,49.650,39.900,-30.450,32.8
21:20:33.596,2751336,-14.868,5.511,-7.295,0.339,-0.159,-0.030,50.850,39.600,-31.950,32.7
21:20:33.648,2751390,-11.806,4.779,-4.882,0.092,-0.126,0.238,50.850,39.600,-31.950,32.8
21:20:33.700,2751444,-10.216,3.220,-3.816,-0.023,0.116,0.090,51.150,39.900,-31.500,32.6
21:20:33.753,2751498,-9.931,3.110,-4.472,-0.226,0.054,-0.113,51.150,41.100,-31.200,32.6
21:20:33.805,2751552,-9.811,1.772,-5.160,-0.126,-0.188,-0.321,51.150,41.100,-31.200,32.7
21:20:33.858,2751606,-8.674,1.312,-3.910,0.845,-0.359,-0.435,51.900,39.900,-29.400,32.8
21:20:33.911,2751660,-7.910,-0.148,-2.722,-0.088,-0.075,-0.653,51.900,39.900,-29.400,33.0
21:20:33.963,2751714,-5.535,-1.472,-3.491,0.545,-0.031,-0.946,51.900,39.900,-29.400,32.8
21:20:34.016,2751768,-5.289,-0.431,-3.021,0.697,0.036,-0.896,51.900,39.900,-29.400,32.7
21:20:34.069,2751822,-7.020,2.775,-3.570,0.549,-0.350,-0.961,59.850,30.900,-31.050,32.8
21:20:34.121,2751876,-5.971,-2.365,-3.369,1.601,-0.442,-0.567,59.850,30.900,-31.050,32.8
21:20:34.173,2751930,-8.686,4.367,-2.583,-0.138,-0.533,-1.358,61.650,27.150,-31.950,32.6
21:20:34.225,2751984,-5.452,-2.737,-3.491,0.826,-0.458,-1.570,61.650,27.150,-31.950,32.4
21:20:34.278,2752038,-3.907,1.295,0.077,1.370,0.200,0.131,64.800,19.650,-29.550,32.7
21:20:34.330,2752092,-4.137,0.280,-2.598,-1.051,0.846,1.198,64.200,19.650,-29.550,32.8
21:20:34.383,2752146,-6.258,1.755,-5.325,0.416,0.969,1.619,64.200,17.550,-31.200,32.8
21:20:34.435,2752200,-8.327,-0.814,-5.313,-0.907,0.487,1.149,60.300,27.000,-34.350,32.7
21:20:34.488,2752254,-7.994,-0.239,-4.918,0.546,0.222,1.237,60.300,27.000,-34.350,32.9
21:20:34.540,2752308,-7.819,3.364,-5.205,1.855,0.013,0.982,56.550,30.150,-37.200,32.8
21:20:34.594,2752362,-8.712,1.772,-3.579,0.849,0.477,0.853,56.550,30.150,-37.200,32.6
21:20:34.645,2752416,-8.516,-0.577,-4.341,-0.494,0.392,0.351,56.550,30.150,-37.200,32.4
21:20:34.699,2752470,-8.406,-1.044,-5.267,0.707,0.283,0.338,56.550,30.150,-37.200,32.8
21:20:34.751,2752524,-8.547,2.356,-5.763,-0.003,0.264,0.164,50.250,34.350,-43.050,33.0
21:20:34.855,2752578,-8.978,1.937,-5.784,-0.034,0.049,-0.143,50.250,34.350,-43.050,32.8
21:20:34.857,2752632,-8.930,0.620,-4.750,0.410,-0.052,-0.220,50.250,34.350,-45.300,32.5
21:20:34.960,2752686,-8.945,1.956,-5.157,-0.365,0.054,-0.373,50.250,34.350,-45.300,32.8
21:20:35.013,2752740,-9.845,0.486,-5.811,-0.079,-0.112,-0.370,51.300,29.250,-45.300,32.7
21:20:35.067,2752794,-9.591,0.939,-5.590,-0.262,-0.308,-0.301,52.650,31.500,-44.400,32.9
21:20:35.119,2752848,-9.143,0.955,-5.476,0.127,-0.375,-0.338,52.650,31.500,-44.400,32.6
21:20:35.171,2752902,-9.440,0.524,-5.136,-0.449,-0.286,-0.514,51.900,29.550,-42.450,32.5
21:20:35.327,2752956,-11.509,0.304,-4.855,-0.330,-0.161,-0.452,51.900,29.550,-42.450,32.8
21:20:35.329,2753010,-14.437,4.367,-7.118,-1.005,-0.024,-0.462,55.050,25.800,-40.500,32.8
21:20:35.331,2753064,-14.502,1.360,-7.594,-0.948,0.080,0.453,55.050,25.800,-40.500,32.6
21:20:35.380,2753118,-12.244,2.559,-6.048,-0.431,0.168,0.322,55.050,25.800,-40.500,32.5
21:20:35.433,2753172,-10.695,1.197,-5.277,-0.731,0.087,0.276,55.050,25.800,-40.500,32.6
21:20:35.485,2753226,-8.746,0.723,-4.369,-0.452,0.124,-0.017,54.000,33.150,-38.700,32.6
21:20:35.538,2753280,-7.697,-0.852,-4.128,-0.323,0.124,-0.284,54.000,33.150,-38.700,32.6
21:20:35.591,2753334,-6.867,-0.187,-5.282,-0.325,-0.013,-0.429,54.450,34.200,-37.050,32.5
21:20:35.643,2753388,-7.475,1.235,-4.228,0.218,-0.098,-0.714,56.550,32.400,-34.650,32.6
21:20:35.697,2753442,-7.039,1.142,-5.001,-0.336,-0.106,-0.737,56.550,32.400,-34.650,32.7
21:20:35.748,2753496,-6.895,-1.444,-4.695,-0.291,-0.115,-0.841,58.500,29.700,-35.100,32.8
21:20:35.853,2753550,-8.985,1.887,-3.594,-0.383,-0.357,-0.884,58.500,29.700,-35.100,32.6
21:20:35.854,2753604,-7.587,-2.217,-4.254,-0.298,-0.636,-0.624,59.850,27.000,-32.850,32.9
21:20:35.905,2753658,-9.658,4.511,-5.562,0.290,-1.005,-0.760,59.850,27.000,-32.850,32.8
21:20:35.958,2753712,-9.675,-2.428,-2.533,0.652,-1.374,-1.657,62.850,21.900,-26.550,32.8
21:20:36.010,2753766,-3.833,-6.321,-0.297,1.311,-1.164,-1.556,62.850,21.900,-26.550,32.8
21:20:36.063,2753820,-4.752,0.163,-3.247,3.634,0.188,0.823,62.850,21.900,-26.550,32.5
21:20:36.117,2753874,-5.686,-1.808,-0.929,-1.270,0.693,1.052,62.850,21.900,-26.550,32.5
21:20:36.168,2753928,-3.991,-7.558,-4.214,-0.330,1.105,2.088,65.550,16.950,-23.400,32.6
21:20:36.220,2753982,-8.461,-1.221,-3.148,-1.268,0.830,1.585,59.850,27.450,-27.300,32.8
21:20:36.273,2754036,-8.638,1.590,-5.571,0.242,0.709,1.274,59.850,27.450,-27.300,32.6
21:20:36.325,2754090,-10.187,1.958,-3.759,-0.526,0.587,0.777,56.700,34.500,-30.450,32.8
21:20:36.430,2754144,-8.294,-0.050,-5.128,0.441,0.457,0.619,56.700,34.500,-30.450,32.7
21:20:36.432,2754198,-9.378,2.916,-4.214,0.061,0.274,0.283,54.750,34.800,-34.350,32.6
21:20:36.483,2754252,-8.461,0.208,-4.204,0.508,0.227,0.238,54.750,34.800,-34.350,32.6
21:20:36.535,2754306,-9.048,2.059,-5.416,-0.317,0.268,0.042,52.350,36.150,-36.000,32.5
21:20:36.588,2754360,-8.959,-0.436,-4.652,-0.280,0.211,0.075,52.350,36.150,-36.000,32.6
21:20:36.641,2754414,-10.101,4.456,-5.332,-0.253,-0.021,-0.212,51.000,35.550,-37.650,32.8
21:20:36.746,2754468,-9.148,1.693,-4.609,0.143,-0.143,-0.321,51.000,35.550,-37.650,32.8
21:20:36.748,2754522,-8.863,1.465,-5.040,-0.162,-0.101,-0.347,51.000,35.550,-37.650,32.7
21:20:36.850,2754576,-9.462,1.073,-4.829,-0.551,-0.167,-0.242,51.000,35.550,-37.650,32.6
21:20:36.903,2754630,-9.500,2.289,-4.439,-0.083,-0.286,-0.373,51.900,31.500,-37.050,32.8
21:20:36.955,2754684,-8.878,2.040,-4.812,-0.366,-0.334,-0.585,51.300,30.150,-32.400,32.8
21:20:37.008,2754738,-9.732,2.023,-4.638,-0.151,-0.242,-0.584,51.300,30.150,-32.400,32.8
21:20:37.061,2754792,-11.710,4.104,-5.013,0.241,-0.161,-0.524,51.300,30.150,-32.400,32.5
21:20:37.114,2754846,-15.007,1.348,-5.550,-0.152,-0.106,-0.025,51.300,30.150,-32.400,32.8
21:20:37.167,2754900,-14.823,4.733,-5.995,-0.114,0.187,0.310,53.550,27.750,-30.300,32.7
21:20:37.219,2754954,-12.936,2.763,-5.617,-0.324,0.479,0.447,53.550,27.750,-30.300,32.6
21:20:37.272,2755008,-11.818,2.109,-4.551,-0.350,0.328,0.313,53.550,29.250,-32.400,32.7
21:20:37.323,2755062,-9.780,-0.230,-4.836,-0.040,0.011,-0.038,53.550,29.250,-32.400,32.7
21:20:37.375,2755116,-8.068,0.311,-4.669,-0.207,-0.347,-0.297,52.650,32.250,-30.750,32.9
21:20:37.429,2755170,-8.253,-0.057,-1.693,1.390,-0.097,-0.584,52.650,32.250,-30.750,32.9
21:20:37.481,2755224,-7.604,0.488,-4.654,-0.832,-0.029,-0.728,52.650,32.250,-30.750,32.8
21:20:37.533,2755278,-7.831,-1.314,-4.329,0.145,-0.039,-0.958,56.700,27.600,-31.500,32.5
21:20:37.586,2755332,-6.998,1.441,-2.758,1.069,-0.412,-1.016,56.700,27.600,-31.500,32.8
21:20:37.638,2755386,-6.483,-1.231,-3.886,0.410,-0.570,-0.966,60.150,21.450,-29.400,32.6
21:20:37.690,2755440,-5.375,0.153,-4.547,-0.549,-1.113,-1.893,60.150,21.450,-29.400,32.8
21:20:37.743,2755494,-2.231,-4.764,-0.680,3.583,-0.788,-0.946,60.150,21.450,-29.400,32.6
21:20:37.796,2755548,-3.014,5.837,-6.867,0.825,0.978,1.297,60.150,21.450,-29.400,32.8
21:20:37.849,2755602,-3.761,-4.178,-2.564,-2.517,1.053,1.192,64.650,12.900,-26.400,32.7
21:20:37.901,2755656,-4.477,-3.852,-4.980,0.855,1.170,1.961,64.650,12.900,-26.400,32.6
21:20:37.953,2755710,-8.217,-0.443,-5.674,-0.570,0.589,1.308,59.550,23.100,-32.850,32.5
21:20:38.005,2755764,-11.564,7.130,-5.562,-0.108,0.307,0.560,59.550,23.100,-32.850,32.6
21:20:38.058,2755818,-9.074,-2.483,-5.138,0.148,0.029,0.369,54.750,29.700,-34.650,32.7
21:20:38.111,2755872,-8.387,0.292,-4.666,-0.821,0.116,0.252,54.750,29.700,-34.650,32.6
21:20:38.164,2755926,-8.638,2.078,-4.501,-0.535,-0.026,0.130,54.750,29.700,-34.650,32.8
21:20:38.216,2755980,-8.284,0.180,-3.689,-0.001,-0.130,0.123,53.550,30.900,-32.400,32.6
21:20:38.268,2756034,-8.655,2.188,-2.895,-0.188,-0.191,0.024,53.550,30.900,-32.400,32.5
21:20:38.320,2756088,-9.816,1.405,-4.786,-0.800,-0.152,-0.245,51.600,30.300,-31.200,32.8
21:20:38.373,2756142,-10.041,0.699,-3.874,-0.240,0.036,-0.402,51.600,30.300,-31.200,32.8
21:20:38.426,2756196,-9.828,1.274,-4.611,-0.754,-0.023,-0.369,51.600,30.300,-31.200,32.5
21:20:38.478,2756250,-10.465,1.326,-2.878,0.011,-0.148,-0.331,51.600,30.300,-31.200,32.6
21:20:38.530,2756304,-9.256,2.258,-4.463,-0.622,-0.095,-0.258,55.050,28.500,-30.300,32.8
21:20:38.636,2756358,-9.845,1.178,-2.933,-0.359,-0.129,-0.229,55.050,28.500,-30.300,32.6
21:20:38.638,2756412,-9.548,1.731,-3.622,-0.285,-0.219,-0.387,54.750,28.500,-29.250,32.5
21:20:38.740,2756466,-9.718,1.214,-3.618,0.005,-0.182,-0.578,54.750,28.500,-29.250,32.6
21:20:38.794,2756520,-11.523,0.668,-2.418,0.650,-0.308,-0.788,55.500,26.250,-27.300,32.5
21:20:38.846,2756574,-15.117,2.291,-5.698,0.504,-0.241,-0.348,56.700,22.200,-26.400,32.8
21:20:38.899,2756628,-17.289,0.484,-6.821,-0.515,0.080,0.390,56.700,22.200,-26.400,32.8
21:20:38.950,2756682,-14.710,1.164,-4.791,0.397,0.004,1.085,56.550,21.900,-27.750,32.5
21:20:39.003,2756736,-11.193,0.261,-3.012,0.060,0.358,0.881,56.550,21.900,-27.750,32.6
21:20:39.056,2756790,-9.699,0.077,-3.395,-0.067,0.407,0.625,53.550,26.550,-26.250,32.8
21:20:39.109,2756844,-10.075,-0.041,-3.189,-0.125,0.275,0.371,53.550,26.550,-26.250,32.8
21:20:39.160,2756898,-8.775,0.294,-4.082,-0.251,-0.065,0.049,53.550,26.550,-26.250,32.8
21:20:39.214,2756952,-8.301,-0.649,-3.982,0.847,-0.248,-0.398,53.550,26.550,-26.250,32.6
21:20:39.265,2757006,-6.419,-0.740,-2.562,0.288,-0.135,-0.375,57.150,33.750,-28.200,32.8
21:20:39.318,2757060,-5.631,1.733,-2.325,0.554,0.003,-0.686,57.150,33.750,-28.200,32.8
21:20:39.370,2757114,-6.084,0.687,-2.801,-0.038,0.191,-0.658,57.900,29.100,-28.950,32.8
21:20:39.424,2757168,-7.116,-0.419,-3.986,-0.334,-0.406,-0.866,60.150,25.650,-29.400,32.5
21:20:39.476,2757222,-10.417,2.787,-5.703,0.950,-1.084,-1.100,60.150,25.650,-29.400,32.6
21:20:39.528,2757276,-5.308,-3.304,-0.553,0.969,-1.775,-1.997,62.700,18.300,-23.100,32.8
21:20:39.581,2757330,-4.336,-1.118,-1.530,3.003,-0.218,-0.208,62.700,18.300,-23.100,32.8
21:20:39.634,2757384,-4.757,2.993,-5.322,0.905,0.922,1.200,64.200,13.200,-19.050,32.8
21:20:39.686,2757438,-6.132,1.056,-4.288,-2.631,1.140,1.234,64.200,13.200,-19.050,32.8
21:20:39.789,2757492,-9.069,-1.226,-5.176,-0.505,1.006,1.779,61.650,22.950,-24.900,32.6
21:20:39.791,2757546,-8.339,-2.030,-3.615,-0.505,0.408,1.142,61.650,22.950,-24.900,32.5
21:20:39.843,2757600,-8.478,3.895,-5.255,-1.292,0.650,1.031,61.650,22.950,-24.900,32.8
21:20:39.895,2757654,-9.213,0.067,-3.737,-0.727,0.224,0.628,61.650,22.950,-24.900,32.4
21:20:39.948,2757708,-7.786,0.294,-3.859,-0.237,0.072,0.936,53.550,35.100,-28.050,32.5
21:20:40.000,2757762,-7.525,1.566,-3.311,-0.899,-0.128,0.766,53.250,37.800,-28.500,32.8
21:20:40.053,2757816,-8.916,4.022,-3.548,-1.285,-0.043,0.307,53.250,37.800,-28.500,32.8
21:20:40.106,2757870,-9.943,2.035,-4.005,-0.499,-0.005,0.333,53.250,37.800,-28.500,32.8
21:20:40.159,2757924,-9.481,4.980,-2.789,-0.357,0.065,-0.041,53.250,37.800,-28.500,32.6
21:20:40.211,2757978,-8.796,3.625,-3.000,-0.507,-0.139,-0.129,51.750,40.200,-25.950,32.8
21:20:40.264,2758032,-8.734,3.505,-3.395,0.161,-0.412,-0.148,51.750,40.200,-25.950,32.8
21:20:40.315,2758086,-9.043,2.370,-2.863,-0.893,-0.149,-0.301,49.800,39.300,-23.700,32.5
21:20:40.368,2758140,-9.510,4.468,-2.909,0.463,0.033,-0.368,49.800,39.300,-23.700,32.6
21:20:40.421,2758194,-9.256,3.807,-2.509,-0.382,0.265,-0.271,50.250,36.600,-23.400,32.7
21:20:40.525,2758248,-9.256,1.705,-3.431,-0.236,0.099,-0.280,50.250,36.600,-23.400,32.6
21:20:40.527,2758302,-9.637,4.381,-2.540,-0.136,-0.218,-0.292,52.800,35.550,-22.200,32.7
21:20:40.631,2758356,-9.146,2.327,-3.328,0.215,-0.166,-0.308,53.100,33.750,-24.300,32.8
21:20:40.684,2758410,-8.969,1.853,-2.981,0.270,-0.182,-0.342,53.100,33.750,-24.300,32.7
21:20:40.736,2758464,-10.384,2.986,-3.029,0.178,0.065,-0.283,53.400,32.250,-24.300,32.9
21:20:40.789,2758518,-16.757,3.419,-6.050,-0.395,0.073,0.290,53.400,32.250,-24.300,33.0
21:20:40.893,2758572,-16.372,5.550,-4.616,0.120,-0.063,0.835,53.400,32.250,-24.300,32.6
21:20:40.895,2758626,-13.369,5.179,-3.689,0.086,-0.008,0.852,53.400,32.250,-24.300,32.5
21:20:40.946,2758680,-10.537,3.831,-2.497,0.005,0.059,0.356,50.850,40.350,-23.550,32.8
21:20:40.997,2758734,-7.357,1.896,-2.114,-0.085,-0.100,-0.248,50.850,40.350,-23.550,32.8
21:20:41.051,2758788,-7.044,0.881,-2.253,0.549,0.140,-0.725,51.900,40.650,-22.800,32.6
21:20:41.104,2758842,-7.515,3.824,-2.203,0.016,0.098,-1.003,51.900,40.650,-22.800,32.9
21:20:41.157,2758896,-7.853,0.871,-3.127,0.320,0.031,-0.934,51.900,40.650,-22.800,32.8
21:20:41.208,2758950,-8.638,2.756,-2.176,0.462,-0.146,-1.347,51.900,40.650,-22.800,32.6
21:20:41.260,2759004,-7.381,0.153,-2.073,0.192,0.042,-1.055,58.650,31.050,-23.850,32.7
21:20:41.313,2759058,-6.012,-0.972,-1.587,0.628,-0.152,-0.745,60.150,26.100,-22.800,32.6
21:20:41.365,2759112,-5.708,-2.018,-3.153,0.307,-0.036,-0.463,60.150,26.100,-22.800,32.4
21:20:41.419,2759166,-8.612,1.142,-3.297,-0.014,0.041,-0.426,61.350,21.150,-24.450,32.5
21:20:41.470,2759220,-10.930,0.962,-4.195,0.945,-0.121,-0.908,61.350,21.150,-24.450,32.7
21:20:41.524,2759274,-8.466,-1.753,-3.026,-0.336,-0.649,-2.034,61.350,21.150,-24.450,32.8
21:20:41.575,2759328,-6.747,-1.314,0.603,2.806,-0.699,-1.591,61.350,21.150,-24.450,32.6
21:20:41.628,2759382,-5.289,1.353,-6.000,1.021,0.465,0.681,65.700,5.550,-21.750,32.7
21:20:41.681,2759436,-5.301,-3.438,-2.600,-1.152,1.108,1.369,65.700,5.550,-21.750,32.6
21:20:41.733,2759490,-6.665,-2.780,-5.883,-0.544,1.010,1.886,64.350,11.550,-26.250,32.8
21:20:41.786,2759544,-8.059,-3.675,-3.814,-0.487,0.138,1.607,64.350,11.550,-26.250,32.5
21:20:41.839,2759598,-8.722,3.555,-4.226,0.394,0.186,1.055,64.350,11.550,-26.250,32.6
21:20:41.891,2759652,-8.928,0.172,-4.659,-1.157,-0.264,1.081,58.500,29.250,-30.300,32.8
21:20:41.944,2759706,-9.337,4.446,-3.409,0.780,-0.361,0.434,58.500,29.250,-30.300,32.6
21:20:41.995,2759760,-9.512,0.476,-2.416,-0.179,-0.262,0.668,57.150,33.450,-27.900,32.8
21:20:42.048,2759814,-8.626,-0.520,-2.880,0.433,-0.449,0.448,57.150,33.450,-27.900,32.8
21:20:42.100,2759868,-9.263,-0.280,-2.131,0.047,-0.617,0.617,55.500,34.800,-25.200,32.6
21:20:42.154,2759922,-8.763,0.323,-3.388,1.310,-0.157,0.827,55.500,34.800,-25.200,32.6
21:20:42.207,2759976,-10.166,11.104,-0.579,0.877,0.258,-0.017,55.500,34.800,-25.200,32.6
21:20:42.259,2760030,-10.223,-1.925,-2.863,-0.962,0.317,0.140,55.500,34.800,-25.200,32.6
21:20:42.310,2760084,-9.716,2.399,-3.256,0.182,0.028,-0.056,53.100,37.650,-26.850,32.5
21:20:42.416,2760138,-9.534,3.840,-3.433,-0.029,0.095,-0.209,53.100,37.650,-26.850,32.7
21:20:42.418,2760192,-9.843,1.362,-3.335,-0.772,0.053,-0.322,52.650,34.950,-28.950,32.8
21:20:42.521,2760246,-9.620,3.177,-4.029,0.042,-0.104,-0.472,52.650,34.950,-28.950,32.6
21:20:42.574,2760300,-8.744,2.033,-3.079,-0.033,0.008,-0.480,52.650,34.950,-28.950,32.6
21:20:42.625,2760354,-10.824,2.543,-0.874,-0.226,0.162,-0.426,54.000,30.900,-25.950,32.5
21:20:42.678,2760408,-9.438,1.638,-2.794,-0.028,0.108,-0.400,54.000,30.900,-25.950,32.8
21:20:42.730,2760462,-9.395,1.561,-2.306,0.214,-0.072,-0.301,54.300,28.500,-27.300,32.8
21:20:42.783,2760516,-10.530,1.707,-3.124,-0.611,-0.115,-0.104,54.300,28.500,-27.300,32.5
21:20:42.836,2760570,-15.134,1.954,-5.253,-1.229,-0.074,-0.269,54.300,28.200,-26.550,32.6
21:20:42.888,2760624,-15.807,5.918,-5.665,-0.114,-0.064,0.634,54.300,28.200,-26.550,32.6
21:20:42.941,2760678,-13.649,3.716,-3.294,-0.189,0.214,0.745,54.300,28.200,-26.550,32.9
21:20:42.994,2760732,-11.629,4.254,-2.734,-0.479,0.571,0.722,54.300,28.200,-26.550,32.8
21:20:43.045,2760786,-10.266,2.950,-2.064,-0.534,0.403,0.240,50.850,35.250,-23.100,32.8
21:20:43.097,2760840,-9.697,3.215,-2.217,-0.477,0.446,-0.020,50.850,35.250,-23.100,32.8
21:20:43.150,2760894,-8.930,2.547,-4.027,-0.447,0.668,-0.180,51.000,39.000,-24.750,32.8
21:20:43.203,2760948,-9.321,2.540,-1.961,-0.472,0.723,-0.569,51.000,39.000,-24.750,32.8
21:20:43.255,2761002,-8.614,4.963,-3.572,-0.228,0.196,-1.159,51.000,39.000,-24.750,32.3
21:20:43.308,2761056,-7.446,0.749,-1.092,-0.375,-0.180,-0.839,56.550,37.050,-24.450,32.8
21:20:43.361,2761110,-5.885,1.539,-3.433,0.482,-0.354,-0.822,56.550,37.050,-24.450,32.9
21:20:43.413,2761164,-6.709,0.826,-3.309,-0.026,-0.317,-0.455,58.950,31.500,-24.600,32.6
21:20:43.466,2761218,-8.210,1.377,-3.464,0.238,-0.223,-0.676,58.950,31.500,-24.600,32.6
21:20:43.519,2761272,-9.266,2.040,-3.895,0.620,-0.157,-0.420,59.850,29.700,-22.950,32.7
21:20:43.571,2761326,-10.925,3.577,-3.541,0.920,-0.267,-0.758,59.850,29.700,-22.950,32.5
21:20:43.623,2761380,-9.392,0.247,-5.138,-0.734,-0.841,-2.224,62.850,25.800,-21.450,32.6
21:20:43.676,2761434,-5.590,-8.892,-0.972,5.241,-0.643,-1.775,62.850,25.800,-21.450,32.7
21:20:43.728,2761488,-4.796,3.658,-4.575,-0.245,0.945,1.192,64.800,12.300,-17.850,32.6
21:20:43.781,2761542,-4.003,-1.528,-2.064,-1.575,1.109,1.904,63.150,16.800,-22.050,32.8
21:20:43.833,2761596,-7.226,5.073,-4.386,-0.199,0.884,2.157,63.150,16.800,-22.050,32.6
21:20:43.886,2761650,-8.756,1.135,-3.424,0.010,0.241,1.761,63.150,16.800,-22.050,32.5
21:20:43.939,2761704,-8.090,3.795,-3.591,0.852,0.137,1.493,63.150,16.800,-22.050,32.9
21:20:43.990,2761758,-7.961,-0.982,-4.702,-0.240,-0.214,1.251,53.700,38.400,-27.150,32.6
21:20:44.043,2761812,-9.646,7.046,-3.091,-0.177,0.177,0.568,53.700,38.400,-27.150,32.6
21:20:44.095,2761866,-8.689,1.884,-2.279,1.014,-0.004,0.590,51.600,41.100,-26.850,32.8
21:20:44.148,2761920,-7.635,3.206,-3.821,-0.659,0.165,0.260,51.600,41.100,-26.850,32.6
21:20:44.200,2761974,-8.399,2.471,-3.618,0.261,0.309,0.020,48.000,42.150,-28.800,32.5
21:20:44.305,2762028,-8.794,2.535,-2.804,0.282,0.118,-0.250,48.000,42.150,-28.800,32.5
21:20:44.307,2762082,-9.167,3.534,-4.073,-0.354,0.100,-0.364,48.000,42.150,-28.800,32.6
21:20:44.410,2762136,-9.155,3.254,-3.735,0.583,-0.003,-0.517,49.050,39.000,-31.350,32.8
21:20:44.464,2762190,-9.428,4.429,-4.872,-0.226,-0.076,-0.566,49.050,39.000,-31.350,32.8
21:20:44.516,2762244,-9.756,1.389,-3.239,0.201,-0.131,-0.743,50.850,35.250,-30.150,32.8
21:20:44.569,2762298,-9.290,2.282,-3.972,0.280,0.056,-0.661,50.850,35.250,-30.150,32.6
21:20:44.621,2762352,-9.316,0.520,-3.816,-0.082,0.155,-0.540,50.850,35.250,-30.150,32.7
21:20:44.673,2762406,-9.294,0.881,-3.318,-0.075,0.105,-0.528,50.850,35.250,-30.150,32.6
21:20:44.726,2762460,-9.017,0.792,-3.979,-0.072,-0.003,-0.485,53.400,29.550,-32.700,32.5
21:20:44.779,2762514,-11.554,2.782,-4.353,-0.486,-0.186,-0.625,53.400,29.550,-32.700,32.6
21:20:44.831,2762568,-15.529,0.747,-6.345,-0.529,-0.108,-0.382,52.800,25.500,-32.400,32.8
21:20:44.884,2762622,-15.766,3.100,-6.759,-0.127,-0.023,0.348,52.800,25.500,-32.400,32.8
21:20:44.936,2762676,-13.463,1.963,-6.598,0.103,0.015,0.758,52.500,25.800,-31.050,32.8
21:20:44.989,2762730,-10.963,1.707,-4.319,-0.236,0.169,0.574,54.000,30.900,-32.100,32.5
21:20:45.040,2762784,-8.899,1.930,-4.235,-0.410,-0.043,0.125,54.000,30.900,-32.100,32.5
21:20:45.092,2762838,-8.914,1.331,-4.520,-0.132,-0.268,-0.219,56.250,33.600,-29.550,32.7
21:20:45.145,2762892,-7.915,0.467,-4.123,0.883,-0.296,-0.459,56.250,33.600,-29.550,32.5
21:20:45.197,2762946,-7.690,0.862,-4.626,0.532,0.026,-0.752,55.950,30.600,-28.650,32.5
21:20:45.250,2763000,-8.080,-1.559,-3.428,-0.505,0.126,-0.996,55.950,30.600,-28.650,32.6
21:20:45.303,2763054,-7.183,-1.494,-4.005,1.269,-0.002,-0.952,55.950,30.600,-28.650,32.8
21:20:45.407,2763108,-6.565,0.283,-2.875,-0.086,-0.139,-0.927,55.950,30.600,-28.650,32.7
21:20:45.409,2763162,-8.092,-3.215,-2.763,0.499,-0.280,-0.438,61.650,21.000,-31.200,32.8
21:20:45.461,2763216,-8.150,-0.781,-2.861,0.053,-0.342,-0.188,61.650,21.000,-31.200,32.7
21:20:45.514,2763270,-7.621,-2.480,-3.412,0.246,-0.374,-0.034,62.400,19.500,-30.450,32.6
21:20:45.618,2763324,-8.353,0.431,-4.317,0.969,-0.465,-0.265,62.400,19.500,-30.450,32.8
21:20:45.620,2763378,-9.187,-0.618,-5.061,-0.106,-0.965,-1.227,63.450,17.850,-28.650,32.6
21:20:45.670,2763432,-6.091,-6.266,-1.776,1.168,-1.325,-1.641,63.600,11.550,-23.400,32.5
21:20:45.723,2763486,-5.107,0.184,-2.260,1.623,0.025,0.217,63.600,11.550,-23.400,32.7
21:20:45.776,2763540,-7.209,0.275,-3.905,-1.737,0.860,0.730,64.950,9.450,-22.350,32.7
21:20:45.829,2763594,-11.131,-4.865,-2.650,0.373,0.431,0.576,64.950,9.450,-22.350,32.9
21:20:45.881,2763648,-10.309,-1.393,-1.937,-0.714,0.079,0.239,64.200,15.600,-24.300,32.7
21:20:45.934,2763702,-9.179,-4.231,-2.993,0.245,-0.111,0.039,64.200,15.600,-24.300,32.6
21:20:45.985,2763756,-8.174,-2.184,-3.179,-0.742,-0.017,0.199,64.200,15.600,-24.300,32.8
21:20:46.038,2763810,-6.850,0.237,-3.093,0.644,0.237,0.805,64.200,15.600,-24.300,32.8
21:20:46.091,2763864,-6.096,-0.113,-2.555,-0.611,0.651,1.309,64.950,18.750,-23.850,32.4
21:20:46.195,2763918,-6.673,-0.244,-2.107,-0.510,0.693,1.467,64.950,18.750,-23.850,32.8
21:20:46.197,2763972,-8.705,2.054,-3.263,-1.063,0.623,1.224,61.350,26.550,-27.750,32.8
21:20:46.300,2764026,-9.598,1.575,-4.623,-0.076,0.279,1.020,61.350,26.550,-27.750,32.8
21:20:46.353,2764080,-7.836,-1.836,-3.290,0.711,0.263,1.196,61.350,26.550,-27.750,32.6
21:20:46.457,2764134,-8.349,3.438,-2.856,-0.429,0.474,0.949,54.450,35.700,-32.250,32.8
21:20:46.459,2764188,-7.757,2.133,-5.401,-1.136,0.327,0.527,54.450,35.700,-32.250,32.6
21:20:46.511,2764242,-8.827,3.328,-3.575,0.428,0.166,0.361,50.400,40.650,-31.950,32.7
21:20:46.564,2764296,-8.071,1.211,-4.398,0.186,0.068,0.520,50.400,40.650,-31.950,32.7
21:20:46.616,2764350,-9.440,5.162,-3.852,0.183,-0.008,-0.044,49.050,39.000,-34.350,32.6
21:20:46.668,2764404,-9.105,3.821,-5.236,0.218,-0.205,-0.294,49.050,39.000,-34.350,32.9
21:20:46.720,2764458,-9.330,1.664,-5.152,-0.041,-0.145,-0.275,49.050,39.000,-34.350,32.6
21:20:46.772,2764512,-9.397,4.106,-4.147,0.349,-0.170,-0.377,49.050,39.000,-34.350,32.7
21:20:46.826,2764566,-9.962,2.555,-3.776,0.058,-0.255,-0.353,50.100,34.500,-33.750,32.8
21:20:46.879,2764620,-9.579,2.267,-3.649,-0.440,-0.350,-0.408,50.250,33.900,-30.600,32.6
21:20:46.931,2764674,-9.148,2.710,-3.785,0.180,-0.315,-0.371,50.250,33.900,-30.600,32.6
21:20:46.985,2764728,-9.428,2.210,-2.938,-0.459,-0.301,-0.404,50.250,33.900,-30.600,32.6
21:20:47.035,2764782,-9.139,1.966,-3.314,-0.023,-0.192,-0.410,50.250,33.900,-30.600,32.5
21:20:47.089,2764836,-9.421,2.037,-3.634,-0.234,-0.286,-0.448,52.650,29.550,-30.450,32.5
21:20:47.141,2764890,-9.926,0.934,-3.108,-0.314,-0.422,-0.412,52.650,29.550,-30.450,32.5
21:20:47.193,2764944,-12.747,5.270,-5.033,-0.481,-0.060,-0.472,51.900,27.600,-27.150,32.6
21:20:47.245,2764998,-16.060,4.463,-5.071,-0.328,-0.113,0.423,51.900,27.600,-27.150,32.5
21:20:47.298,2765052,-13.997,3.666,-3.941,-0.467,0.132,0.755,52.800,29.250,-25.200,32.8
21:20:47.350,2765106,-12.514,2.921,-3.536,-0.688,0.394,0.667,52.800,29.250,-25.200,32.6
21:20:47.403,2765160,-10.472,1.142,-2.983,-0.993,0.269,0.467,51.300,35.550,-25.500,32.5
21:20:47.456,2765214,-9.519,1.068,-2.672,0.045,-0.011,0.058,51.300,35.550,-25.500,32.8
21:20:47.509,2765268,-7.518,0.271,-2.054,-0.091,-0.092,-0.115,50.550,36.300,-23.700,32.6
21:20:47.561,2765322,-7.537,2.660,-2.492,0.547,-0.149,-0.491,53.400,37.200,-22.350,32.5
21:20:47.614,2765376,-7.994,2.157,-3.060,-0.108,0.171,-0.743,53.400,37.200,-22.350,32.8
21:20:47.667,2765430,-8.669,0.407,-2.195,0.157,0.112,-0.840,53.400,37.200,-22.350,32.6
21:20:47.718,2765484,-7.434,-0.089,-4.123,0.964,-0.136,-0.847,53.400,37.200,-22.350,32.8
21:20:47.771,2765538,-5.327,-2.265,-2.737,-1.272,-0.327,-0.876,57.750,31.200,-23.400,32.7
21:20:47.874,2765592,-7.207,2.502,-2.334,0.833,-0.564,-0.759,57.750,31.200,-23.400,32.8
21:20:47.876,2765646,-8.509,3.673,-2.018,-0.527,-0.355,-0.714,58.650,27.600,-20.250,32.8
21:20:47.928,2765700,-10.290,-1.003,-2.677,0.676,-0.661,-1.135,58.650,27.600,-20.250,32.9
21:20:47.981,2765754,-5.871,-7.685,-2.631,1.470,-0.687,-1.240,58.650,27.600,-20.250,32.5
21:20:48.085,2765808,-5.875,5.152,-2.500,4.251,-0.130,0.082,58.650,27.600,-20.250,32.6
21:20:48.137,2765862,-5.705,4.654,-4.726,-2.303,1.115,0.922,62.100,18.150,-17.850,32.6
21:20:48.190,2765916,-9.857,-2.801,-4.920,0.634,1.121,1.355,61.200,26.850,-23.550,32.8
21:20:48.243,2765970,-9.747,1.053,-4.065,0.159,0.480,0.664,61.200,26.850,-23.550,32.6
21:20:48.295,2766024,-8.753,-4.776,-4.757,1.011,-0.044,0.666,58.200,28.800,-25.350,32.8
21:20:48.348,2766078,-8.966,1.111,-2.409,-1.378,0.144,0.553,58.200,28.800,-25.350,32.6
21:20:48.401,2766132,-8.224,1.578,-3.158,0.280,-0.102,0.805,57.450,31.500,-26.100,32.8
21:20:48.453,2766186,-9.584,6.325,-3.175,0.551,0.070,0.754,57.450,31.500,-26.100,32.6
21:20:48.505,2766240,-8.679,-0.136,-3.474,0.462,0.185,0.662,55.200,33.450,-27.150,32.6
21:20:48.559,2766294,-7.513,1.123,-3.618,0.323,0.124,0.924,55.200,33.450,-27.150,32.6
21:20:48.611,2766348,-7.805,-0.711,-3.299,-1.163,0.131,0.979,53.250,39.300,-26.250,32.8
21:20:48.664,2766402,-7.951,1.161,-3.402,-0.953,-0.078,0.478,53.250,39.300,-26.250,32.6
21:20:48.767,2766456,-8.210,3.237,-4.061,0.297,0.078,0.190,53.250,39.300,-26.250,32.6
21:20:48.769,2766510,-7.487,-0.871,-3.828,0.313,-0.179,0.415,46.950,43.650,-24.000,32.7
21:20:48.820,2766564,-7.642,6.981,-3.048,-0.072,-0.191,-0.194,46.950,43.650,-24.000,32.6
21:20:48.873,2766618,-9.191,2.875,-1.690,-0.453,-0.035,-0.439,48.900,42.600,-23.850,32.8
21:20:48.926,2766672,-9.148,2.370,-2.598,-0.404,-0.117,-0.949,48.900,42.600,-23.850,32.9
21:20:48.979,2766726,-9.644,3.285,-1.149,-0.109,-0.091,-0.909,50.850,38.400,-22.050,32.6
21:20:49.030,2766780,-9.512,1.195,-2.219,0.042,-0.092,-0.662,50.850,38.400,-22.050,32.5
21:20:49.083,2766834,-10.479,1.346,-2.059,-0.382,-0.065,-0.419,52.500,35.850,-22.950,32.8
21:20:49.136,2766888,-10.230,1.262,-2.626,-0.915,-0.189,-0.427,52.500,35.850,-22.950,32.6
21:20:49.188,2766942,-10.242,3.031,-2.562,0.050,-0.315,-0.378,53.250,31.200,-22.650,32.8
21:20:49.240,2766996,-10.285,1.784,-1.793,-0.112,-0.219,-0.422,53.250,31.200,-22.650,32.6
21:20:49.293,2767050,-11.964,2.832,-1.987,0.658,-0.097,-0.397,54.450,29.850,-19.500,32.8
21:20:49.345,2767104,-14.186,3.067,-2.758,-0.094,0.156,0.050,54.450,29.850,-19.500,32.5
21:20:49.398,2767158,-15.704,3.498,-4.353,-0.128,0.442,0.660,54.450,29.850,-19.500,32.8
21:20:49.450,2767212,-13.920,3.402,-4.379,-0.368,0.472,1.038,51.900,33.000,-20.550,32.5
21:20:49.503,2767266,-12.584,3.127,-4.204,-0.511,0.343,0.989,51.900,33.000,-20.550,32.7
21:20:49.555,2767320,-11.152,3.290,-3.539,-0.953,0.131,0.702,48.900,35.700,-21.300,32.6
21:20:49.608,2767374,-8.519,1.393,-1.757,0.059,0.037,0.458,48.900,35.700,-21.300,32.8
21:20:49.661,2767428,-8.138,3.536,-2.744,0.161,-0.081,0.156,48.900,35.700,-21.300,32.7
21:20:49.713,2767482,-8.497,1.590,-2.332,-0.704,-0.048,-0.096,48.900,35.700,-21.300,32.6
21:20:49.765,2767536,-7.800,3.424,-2.404,0.463,-0.170,-0.458,50.400,40.650,-18.450,32.6
21:20:49.819,2767590,-7.274,1.561,-2.260,-0.403,-0.348,-0.440,50.400,40.650,-18.450,32.6
21:20:49.870,2767644,-7.982,2.974,-1.839,-0.025,-0.366,-0.751,51.600,37.950,-16.500,32.6
21:20:49.976,2767698,-8.112,2.583,-1.484,0.226,-0.419,-0.703,51.600,37.950,-16.500,32.4
21:20:49.978,2767752,-7.393,2.495,-1.492,0.253,-0.624,-0.769,54.150,36.450,-14.700,32.8
21:20:50.080,2767806,-7.527,2.875,-1.731,0.869,-0.839,-0.876,54.150,36.450,-14.700,33.0
21:20:50.134,2767860,-8.076,-2.251,-3.486,1.839,-1.551,-1.499,54.150,36.450,-14.700,32.6
21:20:50.186,2767914,-6.613,0.400,1.501,0.961,-1.674,-1.959,58.050,27.000,-6.150,32.5
21:20:50.238,2767968,-5.444,2.404,-2.272,3.348,-0.443,-0.237,58.050,27.000,-6.150,32.8
21:20:50.290,2768022,-7.077,4.767,-0.618,-0.895,1.189,0.563,59.250,27.450,-7.950,32.8
21:20:50.343,2768076,-4.999,-2.105,0.972,-1.148,1.456,1.191,59.250,27.450,-7.950,32.8
21:20:50.395,2768130,-9.572,7.642,-1.923,-0.081,1.439,1.203,59.250,27.450,-7.950,32.6
21:20:50.501,2768184,-8.813,2.684,-1.774,-0.063,1.010,1.125,59.250,27.450,-7.950,32.5
21:20:50.502,2768238,-7.465,3.038,-3.677,0.372,0.971,1.182,54.150,37.200,-18.750,32.8
21:20:50.554,2768292,-9.244,1.518,-1.681,-0.773,0.604,1.371,54.150,37.200,-18.750,32.5
21:20:50.606,2768346,-6.749,-2.863,-4.621,-1.072,0.185,1.399,50.400,41.550,-22.050,32.8
21:20:50.657,2768400,-9.129,8.013,-2.006,-0.344,0.183,0.883,45.450,43.950,-22.650,32.7
21:20:50.710,2768454,-9.120,7.087,-3.699,-0.655,0.159,0.611,45.450,43.950,-22.650,32.7
21:20:50.763,2768508,-9.414,8.875,-1.877,-0.296,-0.145,-0.039,43.650,48.000,-22.350,32.8
21:20:50.816,2768562,-8.612,4.128,-4.281,-1.120,-0.070,-0.512,43.650,48.000,-22.350,32.8
21:20:50.869,2768616,-8.691,3.129,-1.875,0.010,-0.044,-0.684,44.700,47.100,-20.400,32.5
21:20:50.920,2768670,-9.026,3.752,-3.455,-0.831,0.020,-0.749,44.700,47.100,-20.400,32.3
21:20:50.974,2768724,-10.159,4.207,-2.871,0.151,-0.023,-0.882,47.700,41.250,-19.650,32.6
21:20:51.026,2768778,-9.888,3.814,-1.899,-0.096,0.124,-0.791,47.700,41.250,-19.650,32.7
21:20:51.078,2768832,-9.692,1.975,-2.401,-0.166,0.044,-0.729,47.700,41.250,-19.650,32.7
21:20:51.131,2768886,-10.393,2.370,-1.908,-0.205,0.044,-0.453,47.700,41.250,-19.650,32.5
21:20:51.184,2768940,-10.039,2.191,-2.358,0.204,0.007,-0.300,50.850,35.250,-19.500,32.6
21:20:51.236,2768994,-12.031,2.310,-2.672,-0.235,-0.088,0.004,51.900,34.200,-19.800,32.6
21:20:51.288,2769048,-14.087,5.076,-4.456,-0.232,0.004,0.286,51.900,34.200,-19.800,32.6
21:20:51.340,2769102,-16.032,2.286,-4.796,0.061,-0.295,1.328,50.550,36.600,-18.600,32.6
21:20:51.394,2769156,-13.326,9.000,-2.270,-0.143,-0.170,1.079,50.550,36.600,-18.600,32.6
21:20:51.445,2769210,-10.714,3.462,-2.145,0.473,-0.051,0.562,46.200,43.650,-16.800,32.8
21:20:51.498,2769264,-9.376,5.918,-0.721,0.372,0.288,0.007,46.200,43.650,-16.800,32.5
21:20:51.551,2769318,-8.808,0.508,-1.978,0.725,0.241,-0.351,46.350,45.000,-16.500,32.7
21:20:51.604,2769372,-8.121,2.804,-2.452,0.007,0.087,-0.683,46.350,45.000,-16.500,32.6
21:20:51.655,2769426,-7.147,0.077,-3.191,-0.075,0.060,-0.842,49.050,41.250,-19.650,32.9
21:20:51.759,2769480,-7.293,3.084,-1.362,-0.249,-0.115,-1.339,49.050,41.250,-19.650,32.6
21:20:51.761,2769534,-5.827,-2.892,-3.390,0.800,-0.032,-1.035,49.050,41.250,-19.650,32.8
21:20:51.865,2769588,-7.511,7.685,-1.949,0.533,-0.497,-1.319,49.050,41.250,-19.650,32.5
21:20:51.867,2769642,-8.176,-1.080,-3.215,0.232,-0.768,-1.377,56.550,31.200,-20.100,32.5
21:20:51.970,2769696,-5.435,-6.685,-2.844,1.647,-1.431,-2.323,59.700,24.900,-16.500,32.8
21:20:52.023,2769750,-4.381,0.512,0.117,1.062,-0.762,-1.607,59.700,24.900,-16.500,32.5
21:20:52.076,2769804,-5.760,1.154,-3.122,1.205,0.276,0.300,59.700,24.900,-16.500,32.6
21:20:52.129,2769858,-6.179,0.333,-2.978,-1.908,1.061,0.787,59.700,24.900,-16.500,32.8
21:20:52.181,2769912,-7.987,-0.836,-3.048,0.490,1.096,0.986,60.600,20.100,-18.150,32.7
21:20:52.234,2769966,-9.189,1.738,-3.230,-0.648,0.840,0.800,60.600,20.100,-18.150,32.9
21:20:52.285,2770020,-9.052,-1.420,-4.551,-0.241,0.581,0.883,58.950,26.850,-22.350,32.8
21:20:52.338,2770074,-9.184,1.659,-3.591,-1.013,0.479,0.909,58.950,26.850,-22.350,32.5
21:20:52.391,2770128,-9.969,3.077,-4.286,0.079,0.236,0.465,55.650,29.550,-24.900,32.8
21:20:52.443,2770182,-9.122,0.290,-2.119,-0.107,-0.198,0.274,55.650,29.550,-24.900,32.6
21:20:52.495,2770236,-9.196,5.933,-5.006,0.185,0.262,-0.102,55.650,29.550,-24.900,32.5
21:20:52.548,2770290,-8.921,-1.791,-3.290,-0.868,0.252,0.105,53.550,30.150,-24.000,32.8
21:20:52.601,2770344,-8.610,0.611,-4.314,-0.295,0.341,0.158,53.550,30.150,-24.000,32.5
21:20:52.654,2770398,-9.644,2.557,-3.175,-0.525,0.474,0.120,52.800,30.450,-26.250,32.5
21:20:52.707,2770452,-10.142,0.345,-3.237,-0.026,0.298,0.201,52.800,30.450,-26.250,32.7
21:20:52.759,2770506,-9.225,-0.661,-3.390,0.016,-0.200,0.211,52.800,30.450,-26.250,32.6
21:20:52.811,2770560,-8.763,1.997,-3.630,-0.323,0.039,0.185,52.800,30.450,-26.250,32.4
21:20:52.863,2770614,-9.227,1.786,-4.140,-0.084,0.277,0.199,50.100,32.550,-23.850,32.7
21:20:52.915,2770668,-9.364,1.736,-4.281,-0.857,0.312,0.176,50.100,32.550,-23.850,32.7
21:20:52.968,2770722,-9.869,3.443,-3.989,-0.129,0.095,-0.123,49.800,33.900,-22.950,32.7
21:20:53.020,2770776,-8.612,1.269,-3.874,-0.488,-0.225,-0.153,49.800,33.900,-22.950,32.8
21:20:53.073,2770830,-8.969,2.591,-4.096,-0.191,-0.260,-0.176,50.850,33.000,-23.850,32.7
21:20:53.126,2770884,-9.301,1.812,-3.127,-0.321,-0.102,-0.009,48.000,31.650,-23.400,32.6
21:20:53.179,2770938,-9.131,1.896,-2.682,-0.527,-0.313,-0.108,48.000,31.650,-23.400,32.7
21:20:53.231,2770992,-8.899,3.515,-2.555,-0.527,-0.268,-0.071,49.350,29.850,-21.750,32.5
21:20:53.283,2771046,-9.033,2.569,-2.990,-0.096,-0.227,0.000,49.350,29.850,-21.750,32.5
21:20:53.335,2771100,-9.139,2.174,-2.509,-0.105,0.021,0.103,48.000,29.700,-21.450,32.8
21:20:53.388,2771154,-9.210,2.744,-2.986,0.070,0.159,0.212,48.000,29.700,-21.450,32.8
21:20:53.441,2771208,-9.151,2.361,-3.577,-0.377,0.160,0.411,48.000,29.700,-21.450,32.8
21:20:53.493,2771262,-11.325,5.569,-4.652,-0.149,0.067,0.125,48.000,29.700,-21.450,32.8
21:20:53.546,2771316,-14.234,7.554,-5.473,0.329,0.126,0.432,46.950,32.400,-21.450,32.5
21:20:53.599,2771370,-12.912,7.372,-5.150,-0.034,0.103,0.516,46.950,32.400,-21.450,32.7
21:20:53.651,2771424,-11.040,4.312,-2.962,-0.086,0.012,0.408,48.900,34.500,-21.300,32.7
21:20:53.756,2771478,-9.646,4.956,-3.407,0.433,-0.076,0.141,48.900,34.500,-21.300,32.5
21:20:53.758,2771532,-8.966,2.172,-3.522,0.199,0.014,0.050,46.650,36.900,-20.550,32.7
21:20:53.861,2771586,-7.992,0.941,-3.543,0.814,-0.170,-0.247,46.500,38.550,-21.900,32.6
21:20:53.913,2771640,-6.919,2.016,-3.558,0.596,-0.051,-0.341,46.500,38.550,-21.900,32.6
21:20:53.966,2771694,-7.683,0.943,-3.512,0.893,-0.004,-0.428,48.750,35.850,-24.450,32.8
21:20:54.018,2771748,-7.819,2.083,-1.743,0.383,0.047,-0.652,48.750,35.850,-24.450,32.5
21:20:54.070,2771802,-6.189,0.965,-3.390,0.531,0.087,-0.399,50.850,34.200,-27.150,32.8
21:20:54.123,2771856,-8.583,4.456,-4.118,0.349,0.044,-0.628,50.850,34.200,-27.150,32.6
21:20:54.176,2771910,-9.349,1.197,-3.855,0.702,-0.099,-0.617,50.850,34.200,-27.150,32.6
21:20:54.229,2771964,-7.906,-0.160,-4.252,1.108,-0.520,-0.705,50.850,34.200,-27.150,32.5
21:20:54.280,2772018,-8.021,3.318,-3.864,1.701,-0.616,-0.537,54.750,29.250,-26.550,32.5
21:20:54.333,2772072,-8.839,-1.918,-5.863,0.011,-1.205,-1.259,54.750,29.250,-26.550,32.5
21:20:54.385,2772126,-4.446,-4.781,-3.007,2.952,-1.139,-1.181,58.650,26.850,-24.900,32.8
21:20:54.438,2772180,-3.041,1.472,-4.922,-0.928,0.405,0.516,58.650,26.850,-24.900,32.6
21:20:54.490,2772234,-5.521,-3.287,-3.182,0.233,1.013,1.118,58.650,26.850,-24.900,32.8
21:20:54.543,2772288,-7.470,-0.551,-4.611,-0.059,1.309,1.385,57.300,24.750,-28.500,32.6
21:20:54.596,2772342,-8.866,-2.868,-5.009,-0.189,0.495,1.187,57.300,24.750,-28.500,32.7
21:20:54.648,2772396,-8.198,-0.005,-4.355,-0.461,0.437,0.961,53.100,30.600,-33.450,32.7
21:20:54.700,2772450,-7.616,6.050,-4.630,0.084,0.433,0.837,53.100,30.600,-33.450,32.5
21:20:54.754,2772504,-8.485,2.239,-4.305,0.561,0.362,0.644,50.850,32.250,-36.600,32.6
21:20:54.805,2772558,-8.626,0.970,-3.718,-0.217,0.621,0.653,50.850,32.250,-36.600,32.6
21:20:54.858,2772612,-9.433,5.792,-4.604,-0.152,0.440,0.309,47.100,36.900,-37.800,32.8
21:20:54.911,2772666,-8.346,1.532,-3.812,-0.152,0.262,0.504,47.100,36.900,-37.800,33.0
21:20:54.964,2772720,-7.772,1.681,-6.539,-0.866,0.164,0.230,44.700,36.600,-39.000,32.5
21:20:55.015,2772774,-7.863,1.465,-4.472,-0.013,0.154,0.300,43.200,36.300,-37.200,32.7
21:20:55.068,2772828,-7.573,4.477,-5.425,-0.608,0.365,0.134,43.200,36.300,-37.200,32.6
21:20:55.120,2772882,-8.859,4.326,-5.145,-0.368,0.343,-0.110,43.200,36.300,-37.200,32.5
21:20:55.173,2772936,-7.714,1.580,-4.997,0.062,0.199,0.083,43.200,36.300,-37.200,32.5
21:20:55.225,2772990,-7.784,3.036,-4.755,0.070,0.255,0.130,40.500,37.500,-39.750,32.5
21:20:55.278,2773044,-7.942,2.502,-4.448,-0.351,0.261,0.377,40.500,37.500,-39.750,32.6
21:20:55.330,2773098,-8.006,3.958,-6.254,0.110,0.213,0.123,39.000,38.250,-39.000,32.8
21:20:55.382,2773152,-8.104,4.647,-5.969,-0.187,0.162,0.149,39.000,38.250,-39.000,32.8
21:20:55.436,2773206,-9.694,8.023,-8.645,-0.007,0.210,-0.165,37.800,35.700,-40.350,32.5
21:20:55.488,2773260,-11.102,6.498,-8.203,-0.257,-0.110,-0.213,37.800,35.700,-40.350,32.7
21:20:55.540,2773314,-9.804,6.378,-8.363,-0.314,0.009,-0.221,38.550,36.450,-39.900,32.6
21:20:55.646,2773368,-8.535,4.513,-6.254,0.054,-0.086,-0.407,38.250,37.800,-37.950,32.6
21:20:55.648,2773422,-7.408,3.170,-3.721,-0.181,-0.078,-0.361,38.250,37.800,-37.950,32.6
21:20:55.751,2773476,-7.262,3.378,-4.520,0.123,-0.264,-0.466,42.000,37.050,-38.700,32.5
21:20:55.804,2773530,-6.790,3.431,-5.409,0.256,-0.251,-0.425,42.000,37.050,-38.700,32.7
21:20:55.856,2773584,-7.831,4.077,-5.401,0.260,-0.295,-0.491,42.000,37.050,-38.700,32.7
21:20:55.908,2773638,-9.764,3.366,-5.555,0.612,-0.200,-0.560,42.000,37.050,-38.700,32.7
21:20:55.961,2773692,-9.574,0.354,-6.155,0.318,-0.306,-0.515,46.200,33.150,-39.450,32.4
21:20:56.013,2773746,-8.990,1.310,-6.314,0.625,-0.459,-0.744,46.200,33.150,-39.450,32.8
21:20:56.065,2773800,-8.780,-0.072,-5.926,-0.003,-0.844,-1.067,46.950,30.150,-38.700,32.6
21:20:56.118,2773854,-5.294,-4.345,-4.975,-0.265,-1.354,-1.808,46.950,30.150,-38.700,32.5
21:20:56.171,2773908,-5.382,2.897,-5.284,1.368,-1.282,-1.933,54.150,24.150,-34.800,32.5
21:20:56.224,2773962,-2.801,-4.846,-2.756,1.178,-0.683,-0.904,54.150,24.150,-34.800,32.6
21:20:56.276,2774016,-2.729,-0.158,-4.808,-0.575,0.019,0.311,58.950,12.900,-30.750,32.7
21:20:56.328,2774070,-6.203,-1.034,-3.371,-0.429,0.927,1.318,57.300,18.900,-31.800,32.8
21:20:56.380,2774124,-6.352,-3.244,-4.757,-0.797,0.973,1.310,57.300,18.900,-31.800,32.8
21:20:56.433,2774178,-9.390,0.192,-3.237,-0.932,0.349,1.182,54.150,27.150,-33.750,32.5
21:20:56.486,2774232,-8.473,-1.044,-6.752,-0.812,0.132,0.974,54.150,27.150,-33.750,32.6
21:20:56.538,2774286,-6.826,2.081,-3.888,0.456,-0.026,0.802,54.150,27.150,-33.750,32.7
21:20:56.590,2774340,-7.209,-0.522,-6.682,1.763,0.138,1.048,54.150,27.150,-33.750,32.3
21:20:56.644,2774394,-8.104,1.338,-3.364,-1.288,0.290,0.493,49.350,32.250,-35.250,32.5
21:20:56.695,2774448,-7.156,0.132,-5.691,-1.322,0.396,0.441,49.350,32.250,-35.250,32.8
21:20:56.748,2774502,-8.871,1.472,-5.215,0.518,0.422,0.493,47.700,36.300,-33.900,32.8
21:20:56.801,2774556,-8.303,4.221,-5.260,0.436,0.024,0.333,47.700,36.300,-33.900,32.6
21:20:56.853,2774610,-7.879,1.238,-4.908,-0.343,0.122,0.376,44.700,35.850,-37.200,32.6
21:20:56.906,2774664,-7.788,2.787,-5.128,0.185,0.334,0.127,43.500,36.600,-37.650,32.5
21:20:56.959,2774718,-8.638,4.025,-6.335,-0.263,0.345,-0.224,43.500,36.600,-37.650,32.6
21:20:57.011,2774772,-8.918,1.973,-5.739,-0.354,0.167,-0.290,42.900,34.950,-39.900,32.5
21:20:57.062,2774826,-9.131,5.339,-6.594,-0.850,0.055,-0.301,42.900,34.950,-39.900,32.5
21:20:57.115,2774880,-10.592,4.075,-7.041,-0.756,-0.182,-0.444,43.650,34.200,-38.550,32.6
21:20:57.168,2774934,-9.701,3.622,-6.828,-0.889,-0.234,-0.345,43.650,34.200,-38.550,32.8
21:20:57.221,2774988,-8.849,2.140,-5.990,-0.478,-0.011,-0.042,43.650,34.200,-38.550,32.6
21:20:57.274,2775042,-8.040,2.665,-3.555,-0.889,-0.200,0.212,43.650,34.200,-38.550,32.5
21:20:57.325,2775096,-9.098,6.505,-4.192,-1.778,-0.353,0.045,45.000,36.300,-32.850,32.6
21:20:57.379,2775150,-9.670,5.516,-4.041,-0.530,-0.432,-0.174,45.000,36.300,-32.850,32.8
21:20:57.430,2775204,-10.611,6.539,-4.300,-0.534,-0.209,-0.220,44.250,39.300,-25.950,32.8
21:20:57.535,2775258,-10.221,4.671,-4.137,-0.047,-0.073,-0.355,46.350,39.150,-23.550,32.9
21:20:57.537,2775312,-8.803,2.684,-3.443,-0.071,0.020,-0.350,46.350,39.150,-23.550,32.5
21:20:57.640,2775366,-7.839,2.157,-3.285,0.246,-0.067,-0.522,48.150,38.400,-21.750,32.5
21:20:57.693,2775420,-8.459,3.177,-3.828,0.670,-0.422,-0.886,48.150,38.400,-21.750,32.8
21:20:57.745,2775474,-7.180,2.258,-3.582,0.725,-0.500,-1.152,51.150,34.500,-22.050,32.6
21:20:57.799,2775528,-5.966,-0.395,-2.516,0.405,-0.241,-1.340,51.150,34.500,-22.050,32.5
21:20:57.851,2775582,-9.050,3.057,-5.598,-0.505,-0.468,-1.548,54.150,29.100,-21.000,32.8
21:20:57.904,2775636,-7.630,-6.371,-2.897,-0.083,-0.933,-2.235,54.150,29.100,-21.000,32.8
21:20:57.957,2775690,-5.030,0.915,-1.413,2.174,-0.042,-0.313,54.150,29.100,-21.000,32.8
21:20:58.009,2775744,-2.114,3.036,-4.772,-0.524,0.748,1.431,54.150,29.100,-21.000,32.6
21:20:58.060,2775798,-4.628,-0.493,-2.112,-0.809,1.023,1.965,59.250,21.900,-23.400,32.5
21:20:58.113,2775852,-8.231,1.228,-6.002,-0.657,0.643,1.536,59.250,21.900,-23.400,32.6
21:20:58.166,2775906,-8.938,4.855,-5.296,-0.555,0.204,0.808,54.750,30.150,-23.400,32.5
21:20:58.219,2775960,-8.171,4.377,-2.033,0.082,0.031,1.111,54.750,30.150,-23.400,32.6
21:20:58.270,2776014,-7.204,4.037,-3.033,-0.517,-0.153,1.061,54.750,30.150,-23.400,32.5
21:20:58.323,2776068,-7.846,3.553,-1.877,0.014,0.077,0.651,47.100,39.600,-22.350,32.8
21:20:58.375,2776122,-7.973,4.051,-3.144,-0.786,0.192,0.325,47.100,39.600,-22.350,32.6
21:20:58.428,2776176,-9.471,7.776,-3.668,0.345,0.415,-0.074,44.250,41.250,-23.700,32.6
21:20:58.480,2776230,-9.498,2.976,-3.883,0.366,0.333,-0.201,44.250,41.250,-23.700,32.5
21:20:58.533,2776284,-8.677,3.098,-3.747,0.034,0.351,-0.301,45.000,39.000,-25.200,32.5
21:20:58.585,2776338,-8.686,2.686,-4.377,0.007,0.201,-0.539,45.000,39.000,-25.200,32.7
21:20:58.638,2776392,-9.108,3.445,-5.195,0.112,0.294,-0.661,43.950,37.050,-28.800,32.7
21:20:58.690,2776446,-9.273,3.067,-4.276,0.086,0.225,-0.758,43.950,37.050,-28.800,32.8
21:20:58.743,2776500,-8.583,2.248,-4.058,-0.151,0.141,-0.671,47.250,32.400,-28.050,32.8
21:20:58.848,2776554,-8.796,1.635,-2.116,-0.262,0.008,-0.478,47.400,31.800,-28.650,32.6
21:20:58.850,2776608,-10.161,3.984,-5.016,0.458,0.013,-0.426,47.400,31.800,-28.650,32.8
21:20:58.900,2776662,-12.704,3.043,-5.150,-0.276,-0.043,-0.440,47.400,31.800,-28.650,32.5
21:20:58.953,2776716,-14.248,4.386,-8.243,0.001,0.090,-0.033,47.400,31.800,-28.650,32.5
21:20:59.005,2776770,-12.917,2.923,-6.440,0.228,0.139,0.217,48.900,29.550,-28.950,32.4
21:20:59.058,2776824,-11.025,2.734,-4.695,-0.139,0.267,0.379,48.900,29.550,-28.950,32.5
21:20:59.111,2776878,-8.655,1.650,-4.652,-0.148,0.182,0.178,49.500,31.650,-31.350,32.5
21:20:59.163,2776932,-7.274,0.845,-3.227,0.216,0.060,-0.095,49.500,31.650,-31.350,32.6
21:20:59.216,2776986,-6.833,0.950,-4.154,0.091,0.056,-0.310,49.500,31.650,-31.350,32.7
21:20:59.268,2777040,-6.771,1.245,-5.217,0.184,0.043,-0.382,49.500,31.650,-31.350,32.4
21:20:59.320,2777094,-7.391,0.204,-3.057,0.502,0.072,-0.418,51.300,31.200,-31.800,32.6
21:20:59.426,2777148,-6.318,0.098,-4.726,0.209,0.041,-0.237,51.150,28.800,-31.200,32.7
21:20:59.428,2777202,-7.101,0.541,-4.626,0.786,0.043,-0.065,51.150,28.800,-31.200,32.6
21:20:59.530,2777256,-6.409,-1.846,-4.475,0.280,0.090,0.241,53.400,27.900,-33.000,32.5
21:20:59.583,2777310,-7.882,2.787,-4.834,0.209,0.087,0.378,53.400,27.900,-33.000,32.7
21:20:59.636,2777364,-8.770,1.238,-5.942,0.498,-0.122,0.615,52.350,28.800,-36.600,32.7
21:20:59.689,2777418,-8.679,1.283,-6.088,0.082,-0.306,0.615,52.350,28.800,-36.600,32.6
21:20:59.740,2777472,-7.001,0.773,-6.146,0.529,-0.238,0.484,51.600,32.250,-34.800,32.6
21:20:59.794,2777526,-7.202,3.067,-6.297,0.354,-0.136,0.205,51.600,32.250,-34.800,32.6
21:20:59.846,2777580,-6.409,1.784,-4.039,-0.656,0.112,0.186,49.350,30.600,-35.550,32.7
21:20:59.898,2777634,-5.222,1.559,-4.456,0.372,0.172,0.413,49.350,30.600,-35.550,32.6
21:20:59.951,2777688,-3.821,-0.994,-4.214,-0.139,0.127,0.763,49.350,30.600,-35.550,32.5
21:21:00.004,2777742,-5.732,3.584,-4.539,-0.167,0.109,0.602,48.300,35.550,-36.450,32.5
21:21:00.055,2777796,-6.357,1.566,-6.804,-0.066,0.268,0.663,48.300,35.550,-36.450,32.5
21:21:00.109,2777850,-7.772,4.080,-7.027,-0.309,0.323,0.748,45.600,37.650,-37.050,32.6
21:21:00.161,2777904,-6.287,0.235,-5.753,-0.502,-0.051,0.881,45.600,37.650,-37.050,32.7
21:21:00.213,2777958,-7.839,8.961,-5.215,-0.529,-0.470,0.353,42.450,41.250,-36.150,32.8
21:21:00.265,2778012,-5.942,1.417,-4.398,-0.458,-0.729,-0.126,42.450,41.250,-36.150,32.7
21:21:00.318,2778066,-7.515,5.988,-3.582,0.006,-0.541,-0.245,42.000,41.250,-34.650,32.5
21:21:00.371,2778120,-6.938,1.264,-3.203,-0.481,-0.357,-0.167,42.000,41.250,-34.650,32.6
21:21:00.423,2778174,-9.258,3.517,-3.589,0.072,-0.129,-0.182,43.650,41.100,-31.500,32.4
21:21:00.475,2778228,-11.303,3.886,-4.305,-0.167,-0.171,-0.066,43.650,41.100,-31.500,32.5
21:21:00.528,2778282,-9.828,2.988,-4.511,-0.366,0.119,0.131,43.350,39.150,-32.250,32.9
21:21:00.580,2778336,-9.701,7.654,-4.999,-0.335,0.272,0.036,43.350,39.150,-32.250,32.7
21:21:00.633,2778390,-12.888,7.544,-6.531,-0.379,0.079,-0.284,43.350,39.150,-32.250,32.8
21:21:00.737,2778444,-15.222,9.416,-8.799,-0.158,0.051,0.025,42.150,39.150,-29.400,32.6
21:21:00.739,2778498,-11.339,5.392,-5.274,-0.528,-0.111,-0.213,42.150,39.150,-29.400,32.6
21:21:00.790,2778552,-8.985,5.588,-4.092,0.335,-0.237,-0.647,44.850,40.350,-28.200,32.6
21:21:00.843,2778606,-7.807,1.568,-3.637,0.283,-0.245,-0.658,44.850,40.350,-28.200,32.6
21:21:00.896,2778660,-7.913,1.836,-2.935,0.816,-0.187,-0.855,44.850,40.350,-28.200,32.6
21:21:00.948,2778714,-6.768,1.844,-2.521,0.875,-0.260,-0.894,44.850,40.350,-28.200,32.3
21:21:01.001,2778768,-8.550,3.187,-3.598,0.569,-0.244,-1.099,49.350,35.250,-27.600,32.8
21:21:01.053,2778822,-6.855,-1.468,-1.671,0.292,-0.256,-0.735,49.350,35.250,-27.600,32.8
21:21:01.105,2778876,-7.535,4.836,-3.869,1.038,-0.415,-0.848,52.650,31.050,-26.850,32.5
21:21:01.159,2778930,-8.092,-0.941,-2.105,0.229,-0.253,-0.588,52.650,31.050,-26.850,32.5
21:21:01.210,2778984,-7.898,1.951,-3.395,0.165,-0.307,-0.660,54.900,27.600,-28.650,32.7
21:21:01.315,2779038,-8.092,-1.437,-3.699,0.415,-0.463,-0.623,54.900,27.600,-28.650,32.6
21:21:01.317,2779092,-11.270,1.362,-4.604,0.187,-0.892,-1.006,54.900,27.600,-28.650,32.6
21:21:01.422,2779146,-5.253,-10.896,2.811,1.081,-1.157,-1.971,59.700,18.750,-22.350,32.5
21:21:01.525,2779200,-6.244,1.528,-5.940,3.682,0.369,0.203,59.700,18.750,-22.350,32.8
21:21:01.527,2779254,-5.746,0.271,-2.801,-1.287,0.986,0.324,61.950,15.900,-23.550,32.8
21:21:01.578,2779308,-5.286,-13.855,-4.027,1.024,1.690,1.639,61.950,15.900,-23.550,32.6
21:21:01.630,2779362,-9.412,5.528,-3.436,-1.023,1.098,0.698,61.950,15.900,-23.550,32.8
21:21:01.683,2779416,-6.843,-1.516,-6.000,1.073,0.679,1.023,61.950,15.900,-23.550,32.6
21:21:01.736,2779470,-7.764,-0.769,-4.056,-1.102,0.520,0.604,55.950,25.650,-35.550,32.7
21:21:01.788,2779524,-7.690,1.020,-4.911,0.668,0.528,0.551,55.950,25.650,-35.550,32.8
21:21:01.841,2779578,-7.877,-1.403,-4.310,-0.706,0.488,0.597,54.450,28.350,-37.350,32.7
21:21:01.894,2779632,-8.660,0.378,-5.145,-0.268,0.441,0.523,51.900,29.850,-36.600,32.5
21:21:01.946,2779686,-7.819,-1.532,-5.444,-0.756,0.310,0.477,51.900,29.850,-36.600,32.5
21:21:01.998,2779740,-8.523,3.776,-5.169,-0.536,0.273,-0.135,49.650,33.000,-39.300,32.7
21:21:02.050,2779794,-8.499,2.708,-5.155,-0.072,0.137,-0.109,49.650,33.000,-39.300,32.8
21:21:02.103,2779848,-8.420,0.611,-4.616,-0.908,0.092,-0.206,46.500,31.200,-38.700,32.5
21:21:02.156,2779902,-9.189,1.504,-5.210,-0.726,-0.090,-0.245,46.500,31.200,-38.700,32.5
21:21:02.209,2779956,-8.799,3.385,-5.387,-0.430,-0.024,-0.565,48.600,33.000,-37.350,32.6
21:21:02.260,2780010,-9.483,0.496,-4.915,-0.055,-0.005,-0.455,48.600,33.000,-37.350,32.8
21:21:02.312,2780064,-9.203,1.884,-5.511,-0.408,0.045,-0.418,48.600,33.000,-37.350,32.3
21:21:02.366,2780118,-10.044,1.844,-3.543,-1.418,0.217,-0.310,48.600,33.000,-37.350,32.4
21:21:02.419,2780172,-9.328,1.006,-5.183,-0.431,0.224,-0.211,48.300,28.950,-34.350,32.8
21:21:02.470,2780226,-8.732,1.851,-5.107,-0.612,0.108,-0.100,48.300,28.950,-34.350,32.8
21:21:02.523,2780280,-8.732,1.784,-4.891,-0.045,0.085,-0.019,49.650,29.850,-34.800,32.6
21:21:02.575,2780334,-8.193,1.058,-5.188,-0.149,0.124,0.056,48.000,29.700,-33.150,32.5
21:21:02.628,2780388,-8.126,2.004,-4.748,-0.147,0.192,-0.063,48.000,29.700,-33.150,32.8
21:21:02.680,2780442,-7.942,1.875,-4.566,-0.453,0.121,-0.082,48.000,29.700,-33.150,32.8
21:21:02.734,2780496,-7.831,1.681,-4.070,-0.485,-0.148,-0.044,48.000,29.700,-33.150,32.8
21:21:02.786,2780550,-9.079,2.251,-5.765,0.275,-0.271,0.033,46.500,27.750,-32.400,32.4
21:21:02.838,2780604,-11.981,4.046,-7.276,-0.690,-0.326,0.284,46.500,27.750,-32.400,32.3
21:21:02.891,2780658,-12.972,4.355,-7.410,0.214,-0.225,0.493,47.400,30.300,-31.500,32.8
21:21:02.943,2780712,-11.973,6.043,-6.680,-0.074,-0.120,0.552,47.400,30.300,-31.500,32.8
21:21:02.995,2780766,-9.711,2.907,-4.729,0.002,0.019,0.423,47.400,30.300,-31.500,32.6
21:21:03.048,2780820,-7.815,2.808,-4.140,0.148,0.022,0.024,47.400,30.300,-31.500,32.6
21:21:03.101,2780874,-7.520,1.923,-4.214,0.328,-0.043,-0.195,47.700,35.850,-29.250,32.6
21:21:03.206,2780928,-8.657,2.674,-4.061,0.169,-0.139,-0.459,48.900,35.700,-27.900,32.8
21:21:03.207,2780982,-7.819,1.372,-4.659,0.004,-0.132,-0.538,48.900,35.700,-27.900,32.8
21:21:03.310,2781036,-6.627,1.039,-5.382,0.725,-0.233,-0.687,51.750,33.900,-29.850,32.4
21:21:03.363,2781090,-8.495,2.332,-3.656,0.141,-0.199,-0.921,51.750,33.900,-29.850,32.5
21:21:03.416,2781144,-8.332,1.446,-4.281,0.091,-0.424,-1.055,52.800,30.900,-29.250,32.5
21:21:03.468,2781198,-7.041,0.287,-3.785,-0.250,-0.407,-1.184,52.800,30.900,-29.250,32.6
21:21:03.520,2781252,-6.419,-1.410,-3.179,0.314,-0.604,-1.091,57.900,24.150,-27.600,32.6
21:21:03.573,2781306,-6.776,-0.572,-2.210,0.619,-0.783,-0.737,57.900,24.150,-27.600,32.6
21:21:03.625,2781360,-7.391,-0.067,-3.551,0.665,-0.547,-0.291,58.050,18.450,-24.750,32.6
21:21:03.678,2781414,-9.330,-1.013,-3.474,-0.191,-0.416,-0.427,58.050,18.450,-24.750,32.6
21:21:03.731,2781468,-11.011,2.018,-5.351,0.909,-1.018,-1.132,58.050,18.450,-24.750,32.5
21:21:03.783,2781522,-7.681,-5.629,0.797,0.938,-1.428,-1.757,61.800,11.100,-16.350,32.5
21:21:03.835,2781576,-6.826,-1.350,-4.190,4.079,-0.129,-0.013,61.800,11.100,-16.350,32.3
21:21:03.889,2781630,-6.517,-0.931,-3.474,-1.149,1.000,0.910,62.550,10.350,-15.300,32.6
21:21:03.941,2781684,-7.439,-10.202,-3.960,-0.082,1.315,1.593,62.550,10.350,-15.300,32.6
21:21:03.993,2781738,-7.561,-1.542,-2.406,-0.990,0.962,1.479,62.550,10.350,-15.300,32.6
21:21:04.045,2781792,-8.358,-1.638,-4.161,-0.032,0.590,1.284,62.550,10.350,-15.300,32.4
21:21:04.098,2781846,-9.828,1.798,-2.392,-1.196,0.343,1.240,57.750,26.250,-25.200,32.5
21:21:04.150,2781900,-7.860,0.206,-3.924,0.597,0.512,1.001,57.750,26.250,-25.200,32.6
21:21:04.203,2781954,-10.319,3.438,-4.563,-0.841,0.296,0.717,55.050,31.950,-27.300,32.7
21:21:04.256,2782008,-9.665,-2.624,-4.214,-0.756,-0.184,0.932,55.050,31.950,-27.300,32.5
21:21:04.308,2782062,-8.794,1.006,-4.523,1.549,-0.645,0.552,52.500,33.900,-25.500,32.6
21:21:04.360,2782116,-7.695,-0.096,-2.758,0.884,-0.048,0.799,48.900,35.700,-24.900,32.7
21:21:04.414,2782170,-8.262,4.949,-3.730,0.072,0.391,0.343,48.900,35.700,-24.900,32.6
21:21:04.466,2782224,-10.953,3.338,-3.096,-1.805,0.686,-0.046,48.750,34.800,-27.000,32.6
21:21:04.518,2782278,-5.361,-0.948,-2.897,-1.894,0.511,0.207,48.750,34.800,-27.000,32.5
21:21:04.570,2782332,-10.025,6.333,-4.611,0.951,0.547,0.327,46.200,35.850,-25.200,32.7
21:21:04.623,2782386,-8.966,3.946,-3.962,-0.780,0.147,0.168,46.200,35.850,-25.200,32.7
21:21:04.675,2782440,-9.244,3.033,-4.642,0.032,0.091,-0.127,46.200,35.850,-25.200,32.7
21:21:04.728,2782494,-8.875,5.183,-3.721,-0.386,0.170,-0.424,46.200,35.850,-25.200,32.5
21:21:04.781,2782548,-7.997,3.314,-4.341,-0.034,0.211,-0.641,45.150,36.450,-27.150,32.7
21:21:04.834,2782602,-8.432,3.086,-4.039,0.422,0.184,-0.577,45.150,36.450,-27.150,32.5
21:21:04.887,2782656,-9.282,2.164,-3.117,-0.324,0.184,-0.484,47.400,34.500,-27.900,32.5
21:21:04.939,2782710,-9.000,1.176,-4.724,-0.051,-0.006,-0.438,47.400,34.500,-27.900,32.6
21:21:04.991,2782764,-8.875,1.657,-4.164,-0.270,0.004,-0.068,48.150,31.500,-28.200,32.7
21:21:05.097,2782818,-10.791,4.219,-4.812,-0.207,-0.126,-0.131,47.700,30.450,-28.500,32.5
21:21:05.098,2782872,-14.758,3.270,-7.870,-0.508,-0.073,0.533,47.700,30.450,-28.500,32.6
21:21:05.200,2782926,-14.006,6.361,-5.887,-0.184,-0.121,0.913,48.300,30.900,-28.800,32.5
21:21:05.253,2782980,-10.594,3.778,-4.207,-0.096,-0.044,0.800,48.300,30.900,-28.800,32.5
21:21:05.305,2783034,-10.281,4.525,-3.596,0.039,0.125,0.423,46.500,37.800,-25.500,32.5
21:21:05.359,2783088,-7.592,1.477,-4.295,-0.170,-0.045,0.305,46.500,37.800,-25.500,32.7
21:21:05.411,2783142,-7.877,3.857,-3.419,0.300,-0.125,-0.280,46.500,37.800,-25.500,32.6
21:21:05.463,2783196,-7.676,1.923,-3.886,0.081,-0.074,-0.366,46.500,37.800,-25.500,32.6
21:21:05.515,2783250,-7.796,3.646,-3.584,-0.083,-0.138,-0.668,47.250,40.500,-25.200,32.5
21:21:05.568,2783304,-6.682,1.343,-3.553,-0.216,-0.167,-0.639,47.250,40.500,-25.200,32.7
21:21:05.620,2783358,-5.693,1.063,-4.501,0.250,-0.304,-0.669,48.900,35.700,-22.050,32.8
21:21:05.673,2783412,-8.298,2.404,-3.158,0.472,-0.229,-0.928,51.600,33.000,-22.800,32.3
21:21:05.725,2783466,-8.808,1.990,-3.445,0.516,-0.292,-0.803,51.600,33.000,-22.800,32.5
21:21:05.778,2783520,-9.783,2.061,-2.705,0.935,-0.520,-0.868,55.200,29.850,-22.800,32.6
21:21:05.832,2783574,-7.681,2.126,-2.109,0.559,-0.599,-0.832,55.200,29.850,-22.800,32.6
21:21:05.884,2783628,-9.239,1.504,-3.397,1.044,-0.655,-0.575,57.750,26.250,-20.100,32.3
21:21:05.935,2783682,-7.082,0.917,-3.505,0.541,-0.606,-0.769,57.750,26.250,-20.100,32.8
21:21:05.988,2783736,-8.504,-2.765,-2.433,0.776,-0.628,-0.682,58.500,23.550,-19.350,32.7
21:21:06.040,2783790,-8.373,0.986,-3.393,-0.162,-0.555,-1.080,58.500,23.550,-19.350,32.5
21:21:06.093,2783844,-5.229,-5.217,-1.844,2.046,-0.154,-0.112,58.500,23.550,-19.350,32.8
21:21:06.146,2783898,-7.669,9.560,-3.486,-1.110,0.723,0.801,58.500,23.550,-19.350,32.3
21:21:06.199,2783952,-6.857,-10.625,-3.443,-0.358,0.969,1.597,59.400,19.050,-17.250,32.7
21:21:06.251,2784006,-9.134,1.844,-2.286,-0.677,0.916,1.000,56.700,28.800,-20.550,32.6
21:21:06.303,2784060,-8.543,1.144,-5.021,-0.978,0.777,1.050,56.700,28.800,-20.550,32.6
21:21:06.355,2784114,-9.390,2.610,-2.442,1.034,0.547,0.731,56.700,28.800,-20.550,32.6
21:21:06.408,2784168,-7.752,1.247,-6.239,-0.801,0.506,0.701,56.700,28.800,-20.550,32.6
21:21:06.460,2784222,-10.283,2.617,-4.108,-0.406,0.379,0.491,51.000,33.900,-27.000,32.6
21:21:06.514,2784276,-9.266,-1.149,-5.758,-1.193,0.041,0.469,51.000,33.900,-27.000,32.8
21:21:06.565,2784330,-9.996,2.279,-4.020,0.414,-0.204,0.287,47.700,36.600,-27.300,32.8
21:21:06.618,2784384,-8.432,1.539,-5.167,-0.333,-0.143,0.331,47.700,36.600,-27.300,32.6
21:21:06.671,2784438,-9.531,2.749,-3.033,-0.066,-0.003,0.083,49.050,38.550,-25.950,32.4
21:21:06.723,2784492,-8.420,2.186,-3.625,-0.157,-0.001,-0.112,49.050,38.550,-25.950,32.8
21:21:06.775,2784546,-8.875,3.285,-3.146,-0.389,0.126,-0.122,48.300,36.600,-25.500,32.6
21:21:06.829,2784600,-8.590,2.435,-3.089,-0.049,-0.011,-0.150,48.300,36.600,-25.500,32.8
21:21:06.880,2784654,-9.598,4.547,-3.584,-0.124,-0.068,-0.202,47.250,35.100,-25.200,32.5
21:21:06.934,2784708,-9.155,2.545,-2.713,-0.189,-0.159,-0.330,47.400,34.950,-23.850,32.6
21:21:07.038,2784762,-9.359,4.120,-3.893,0.105,0.029,-0.298,47.400,34.950,-23.850,32.6
21:21:07.090,2784816,-9.685,2.243,-3.235,-0.190,0.046,-0.235,47.400,34.950,-23.850,32.7
21:21:07.144,2784870,-8.981,2.061,-3.292,-0.241,0.155,-0.067,47.400,34.950,-23.850,32.6
21:21:07.196,2784924,-9.055,2.737,-3.424,-0.087,0.116,0.023,47.700,32.850,-25.200,32.7
21:21:07.249,2784978,-9.811,3.912,-3.275,-0.327,-0.012,0.104,47.700,32.850,-25.200,32.8
21:21:07.300,2785032,-12.364,3.431,-4.724,-0.339,-0.169,0.217,46.950,32.400,-23.700,32.6
21:21:07.353,2785086,-14.995,8.277,-4.872,-0.592,-0.034,0.459,46.950,32.400,-23.700,32.6
21:21:07.405,2785140,-12.617,6.311,-5.444,0.253,0.111,0.273,46.950,32.400,-23.700,32.6
21:21:07.509,2785194,-10.130,2.976,-3.124,0.009,0.055,0.223,46.950,32.400,-23.700,32.6
21:21:07.511,2785248,-8.552,5.224,-3.268,0.335,0.089,-0.179,46.950,36.600,-22.650,32.5
21:21:07.563,2785302,-7.774,1.678,-3.136,0.080,0.126,-0.410,48.750,37.800,-22.650,32.8
21:21:07.616,2785356,-8.686,3.395,-2.696,0.964,0.111,-0.505,48.750,37.800,-22.650,32.5
21:21:07.668,2785410,-7.669,0.594,-3.242,-0.191,0.150,-0.406,50.550,37.500,-24.450,32.6
21:21:07.773,2785464,-6.730,1.030,-3.780,0.400,0.105,-0.705,50.550,37.500,-24.450,32.6
21:21:07.775,2785518,-8.035,2.071,-4.056,0.788,-0.014,-0.851,51.900,33.750,-23.850,32.6
21:21:07.826,2785572,-6.589,-2.229,-2.758,0.108,0.091,-0.681,51.900,33.750,-23.850,32.8
21:21:07.879,2785626,-8.916,5.349,-3.256,0.333,-0.236,-0.881,54.150,29.850,-26.100,32.6
21:21:07.931,2785680,-8.265,0.153,-2.914,0.629,-0.208,-0.684,54.150,29.850,-26.100,32.6
21:21:07.984,2785734,-9.163,0.306,-4.369,0.766,-0.497,-0.607,56.700,25.650,-26.100,32.8
21:21:08.035,2785788,-7.628,-5.454,-4.860,1.388,-0.746,-0.596,56.700,25.650,-26.100,32.5
21:21:08.088,2785842,-9.505,2.665,-4.379,0.933,-0.946,-0.645,56.700,25.650,-26.100,32.3
21:21:08.140,2785896,-7.865,-5.370,-3.146,0.016,-1.601,-1.655,60.450,17.100,-22.050,32.7
21:21:08.193,2785950,-7.420,-3.560,1.051,3.391,-0.729,-0.373,60.450,17.100,-22.050,32.6
21:21:08.245,2786004,-3.000,13.204,-5.382,-0.631,0.942,0.910,60.300,13.500,-20.400,32.6
21:21:08.298,2786058,-7.626,-4.324,-2.164,-0.759,1.579,1.244,60.300,13.500,-20.400,32.7
21:21:08.350,2786112,-9.926,2.614,-2.564,-0.518,1.105,0.827,60.300,13.500,-20.400,32.8
21:21:08.404,2786166,-8.586,-0.893,-4.829,0.331,0.510,0.602,60.300,13.500,-20.400,32.6
21:21:08.456,2786220,-8.729,0.366,-3.615,-1.157,0.475,0.598,57.000,25.500,-29.250,32.4
21:21:08.509,2786274,-7.309,-2.507,-4.362,0.149,0.333,0.703,57.000,25.500,-29.250,32.6
21:21:08.560,2786328,-8.236,0.943,-4.762,-0.922,0.412,0.789,55.650,27.900,-31.200,32.5
21:21:08.613,2786382,-8.401,1.968,-3.606,0.119,0.403,0.525,55.650,27.900,-31.200,32.7
21:21:08.665,2786436,-8.124,-2.167,-4.779,-0.363,0.339,0.877,51.600,29.550,-31.950,32.6
21:21:08.719,2786490,-9.907,0.943,-3.036,-0.349,0.045,0.409,51.600,29.550,-31.950,32.6
21:21:08.770,2786544,-9.428,3.340,-5.672,-0.605,0.148,0.399,51.600,29.550,-31.950,32.5
21:21:08.823,2786598,-9.826,-2.523,-3.761,-1.241,0.048,0.363,48.300,35.100,-30.600,32.6
21:21:08.929,2786652,-8.162,3.759,-5.895,0.261,0.011,-0.033,48.300,35.100,-30.600,32.6
21:21:08.981,2786706,-9.495,0.730,-3.596,-0.660,-0.027,0.031,48.300,34.800,-32.100,32.6
21:21:09.034,2786760,-8.916,2.054,-3.960,-0.343,0.122,-0.236,48.300,34.800,-32.100,32.4
21:21:09.085,2786814,-8.799,2.308,-4.108,-0.168,0.107,-0.269,48.300,34.800,-32.100,32.4
21:21:09.139,2786868,-8.629,2.686,-3.972,-0.370,0.122,-0.350,48.300,34.800,-32.100,32.6
21:21:09.191,2786922,-8.341,1.551,-4.053,-0.362,0.151,-0.216,48.900,34.200,-30.450,32.6
21:21:09.244,2786976,-8.727,4.611,-4.393,-0.052,0.164,-0.459,48.900,34.200,-30.450,32.5
21:21:09.296,2787030,-8.916,2.203,-4.695,-0.359,-0.117,-0.531,49.350,34.200,-30.450,32.8
21:21:09.348,2787084,-8.818,2.205,-4.678,0.089,0.203,-0.393,49.350,34.200,-30.450,32.7
21:21:09.401,2787138,-9.191,1.681,-3.780,-0.323,0.230,-0.204,51.300,31.950,-30.600,32.5
21:21:09.454,2787192,-9.213,1.085,-4.946,-0.015,0.050,0.009,49.800,30.150,-32.850,32.7
21:21:09.505,2787246,-9.936,1.803,-4.185,-0.367,-0.067,0.128,49.800,30.150,-32.850,32.4
21:21:09.558,2787300,-9.936,4.101,-5.104,0.126,-0.043,0.149,48.300,29.700,-30.300,32.3
21:21:09.610,2787354,-13.838,2.260,-7.178,-0.349,-0.006,0.339,48.300,29.700,-30.300,32.5
21:21:09.663,2787408,-13.314,6.912,-6.330,0.176,0.126,0.642,48.750,33.600,-31.800,32.8
21:21:09.716,2787462,-10.034,2.854,-4.791,0.100,0.225,0.439,48.750,33.600,-31.800,32.8
21:21:09.768,2787516,-9.531,2.849,-4.654,0.761,0.202,-0.170,48.750,33.600,-31.800,32.5
21:21:09.820,2787570,-8.284,1.183,-4.202,-0.038,0.006,-0.286,48.750,33.600,-31.800,32.6
21:21:09.873,2787624,-7.951,3.235,-4.520,0.493,-0.188,-0.512,47.100,36.450,-33.000,32.7
21:21:09.926,2787678,-6.625,-0.273,-4.666,0.092,-0.153,-0.584,47.100,36.450,-33.000,32.7
21:21:09.979,2787732,-8.387,2.251,-4.642,0.818,-0.327,-0.844,51.150,32.550,-33.000,32.4
21:21:10.031,2787786,-7.786,0.043,-3.864,0.108,-0.255,-0.826,54.000,27.750,-31.800,32.4
21:21:10.083,2787840,-7.836,-0.927,-3.718,0.926,-0.537,-0.956,54.000,27.750,-31.800,32.6
21:21:10.136,2787894,-6.615,-0.163,-5.174,0.301,-0.529,-0.787,57.150,23.250,-30.450,32.6
21:21:10.189,2787948,-8.394,0.685,2.677,0.283,-0.241,-0.552,57.150,23.250,-30.450,32.6
21:21:10.241,2788002,-8.260,1.446,-5.222,0.328,-0.300,-0.496,58.500,21.150,-28.050,32.5
21:21:10.293,2788056,-10.058,2.342,-3.479,1.031,-0.691,-0.544,58.500,21.150,-28.050,32.5
21:21:10.345,2788110,-9.062,-6.943,-4.029,-0.403,-1.373,-1.484,60.450,17.850,-27.150,32.6
21:21:10.398,2788164,-4.925,-5.808,-1.769,1.476,-1.038,-1.117,60.450,17.850,-27.150,32.6
21:21:10.451,2788218,-4.757,2.045,-3.802,1.533,0.404,0.856,60.450,17.850,-27.150,32.3
21:21:10.504,2788272,-5.964,-0.204,-3.797,-2.216,1.408,1.148,60.450,17.850,-27.150,32.7
21:21:10.556,2788326,-9.244,1.252,-4.197,-0.150,1.143,0.920,61.200,14.400,-23.850,32.7
21:21:10.608,2788380,-8.188,-1.070,-4.147,-0.462,0.660,0.678,60.600,19.650,-29.250,32.7
21:21:10.660,2788434,-8.045,-1.415,-4.666,-1.181,0.594,0.610,60.600,19.650,-29.250,32.6
21:21:10.714,2788488,-10.563,4.875,-5.085,0.224,0.434,0.276,57.450,23.250,-31.950,32.6
21:21:10.818,2788542,-7.101,-4.640,-4.175,-0.158,0.239,0.756,57.450,23.250,-31.950,32.5
21:21:10.870,2788596,-6.809,-1.824,-4.262,-0.920,0.275,0.672,57.450,23.250,-31.950,32.6
21:21:10.923,2788650,-8.471,2.701,-3.907,-1.275,0.317,0.507,57.450,23.250,-31.950,32.7
21:21:10.976,2788704,-8.696,3.876,-5.248,0.273,0.156,0.424,52.800,28.500,-32.400,32.4
21:21:11.029,2788758,-8.387,0.426,-4.621,-0.676,0.235,0.330,52.800,28.500,-32.400,32.5
21:21:11.081,2788812,-9.117,3.594,-5.990,-0.085,0.163,-0.040,50.850,32.250,-34.500,32.8
21:21:11.133,2788866,-8.028,1.463,-5.382,-0.528,0.375,-0.139,50.850,32.250,-34.500,32.6
21:21:11.186,2788920,-8.928,3.986,-5.595,-0.915,0.386,-0.280,50.850,32.250,-34.500,32.6
21:21:11.239,2788974,-8.301,1.657,-4.808,-0.419,0.087,-0.093,50.850,32.250,-34.500,32.6
21:21:11.290,2789028,-9.321,4.130,-5.662,-0.836,0.015,-0.310,49.350,31.500,-34.050,32.6
21:21:11.343,2789082,-8.806,1.568,-4.798,-0.341,-0.195,-0.334,49.800,29.700,-29.850,32.7
21:21:11.396,2789136,-8.179,1.542,-4.539,-0.058,-0.030,-0.231,49.800,29.700,-29.850,32.5
21:21:11.449,2789190,-8.938,2.461,-3.285,-0.752,0.107,-0.144,50.850,29.550,-30.450,32.5
21:21:11.553,2789244,-8.930,1.973,-4.345,-0.195,-0.008,-0.076,50.850,29.550,-30.450,32.5
21:21:11.555,2789298,-8.619,3.132,-4.733,0.147,0.076,-0.190,51.000,29.250,-29.550,32.6
21:21:11.606,2789352,-8.279,1.604,-4.446,0.136,0.208,0.041,51.000,29.250,-29.550,32.5
21:21:11.658,2789406,-8.485,2.045,-4.480,0.327,0.212,0.093,48.750,28.950,-29.250,32.5
21:21:11.711,2789460,-8.710,2.497,-4.525,0.044,0.226,0.088,48.750,28.950,-29.250,32.5
21:21:11.763,2789514,-8.645,2.126,-5.559,0.543,0.076,-0.001,49.050,29.250,-30.600,32.8
21:21:11.816,2789568,-8.741,1.690,-5.073,0.285,0.061,-0.018,49.050,29.250,-30.600,32.6
21:21:11.868,2789622,-8.854,1.669,-4.547,0.172,0.063,0.060,49.050,29.250,-30.600,32.5
21:21:11.920,2789676,-10.819,3.297,-5.813,-0.042,0.022,0.106,47.850,27.600,-33.000,32.6
21:21:11.974,2789730,-12.062,3.929,-7.065,0.467,-0.129,0.394,47.850,27.600,-33.000,32.7
21:21:12.026,2789784,-11.854,3.045,-6.761,0.084,-0.014,0.720,49.350,29.100,-33.450,32.6
21:21:12.078,2789838,-10.661,3.673,-5.112,0.103,-0.070,0.430,49.350,29.100,-33.450,32.7
21:21:12.130,2789892,-9.167,1.578,-5.646,0.463,-0.313,0.361,49.350,29.100,-33.450,32.5
21:21:12.183,2789946,-9.143,1.724,-4.480,0.374,-0.438,0.221,49.350,29.100,-33.450,32.5
21:21:12.287,2790000,-7.834,0.814,-4.085,0.071,-0.300,0.035,48.150,34.950,-31.950,32.6
21:21:12.289,2790054,-7.654,3.857,-3.919,-0.298,-0.151,-0.344,48.150,34.950,-31.950,32.6
21:21:12.340,2790108,-8.435,1.599,-4.178,0.343,-0.250,-0.452,49.800,35.100,-29.850,32.4
21:21:12.393,2790162,-7.477,0.385,-4.104,0.511,-0.461,-0.447,49.800,35.100,-29.850,32.5
21:21:12.446,2790216,-6.661,1.829,-6.021,-0.157,-0.570,-0.700,51.900,34.200,-29.700,32.8
21:21:12.499,2790270,-7.573,-0.563,-2.928,0.291,-0.644,-0.756,51.900,34.200,-29.700,32.7
21:21:12.551,2790324,-8.918,4.017,-4.523,0.444,-0.871,-1.022,51.900,34.200,-29.700,32.5
21:21:12.604,2790378,-6.855,-3.847,-3.333,1.410,-1.255,-1.060,58.950,25.200,-24.300,32.7
21:21:12.708,2790432,-7.812,7.657,-3.910,1.787,-1.266,-0.694,58.950,25.200,-24.300,32.6
21:21:12.761,2790486,-9.062,-5.143,-0.587,-0.063,-1.400,-1.337,60.600,20.100,-19.350,32.7
21:21:12.813,2790540,-6.778,-0.675,1.525,2.511,-1.148,-0.827,60.600,20.100,-19.350,32.8
21:21:12.865,2790594,-6.965,3.191,-8.449,2.665,0.201,0.571,60.600,20.100,-19.350,32.5
21:21:12.917,2790648,-6.974,-2.054,-0.266,-1.468,0.697,0.455,60.600,20.100,-19.350,32.3
21:21:12.970,2790702,-9.357,-3.170,-2.447,0.833,0.981,0.975,61.200,20.250,-17.250,32.6
21:21:13.024,2790756,-8.875,0.998,-1.970,-0.948,0.862,0.844,61.200,20.250,-17.250,32.5
21:21:13.075,2790810,-8.143,-2.114,-2.394,-0.980,0.588,0.821,60.150,25.200,-23.550,32.5
21:21:13.128,2790864,-8.159,-0.376,-4.243,-0.649,0.443,0.946,60.150,25.200,-23.550,32.5
21:21:13.180,2790918,-9.699,4.044,-4.025,0.449,0.390,0.775,57.450,28.800,-24.300,32.5
21:21:13.233,2790972,-6.565,-3.917,-5.904,1.386,0.280,1.043,57.000,33.150,-27.300,32.6
21:21:13.285,2791026,-7.357,-1.317,-2.114,-0.130,1.000,1.254,57.000,33.150,-27.300,32.6
21:21:13.338,2791080,-6.438,2.248,-3.273,-2.929,0.790,0.605,52.800,36.300,-32.850,32.5
21:21:13.391,2791134,-8.729,2.703,-5.119,-0.904,0.491,0.322,52.800,36.300,-32.850,32.5
21:21:13.443,2791188,-8.437,3.476,-4.551,0.023,0.332,0.322,50.850,37.950,-31.500,32.6
21:21:13.496,2791242,-7.949,2.753,-5.576,0.183,0.287,0.170,50.850,37.950,-31.500,32.5
21:21:13.549,2791296,-8.875,2.282,-5.504,-0.710,0.420,-0.268,50.850,37.950,-31.500,32.6
21:21:13.600,2791350,-8.375,1.010,-4.496,-0.515,0.188,-0.457,50.850,37.950,-31.500,32.7
21:21:13.653,2791404,-9.124,4.855,-4.530,-0.415,0.155,-0.371,49.650,37.950,-33.750,32.6
21:21:13.705,2791458,-9.239,2.916,-4.355,-0.540,-0.046,-0.357,49.650,37.950,-33.750,32.6
21:21:13.759,2791512,-8.708,3.029,-4.853,-0.229,-0.051,-0.443,48.600,37.650,-31.950,32.5
21:21:13.811,2791566,-9.084,2.358,-4.307,-0.086,0.064,-0.463,48.600,37.650,-31.950,32.3
21:21:13.864,2791620,-9.210,2.382,-4.398,-0.238,-0.043,-0.390,48.600,37.650,-31.950,32.7
21:21:13.915,2791674,-8.926,2.263,-4.908,-0.412,-0.121,-0.365,49.350,33.450,-31.500,32.6
21:21:13.969,2791728,-8.983,1.346,-4.041,-0.345,-0.014,-0.366,49.350,33.450,-31.500,32.6
21:21:14.021,2791782,-9.234,2.535,-4.156,0.055,-0.056,-0.346,53.100,33.450,-29.700,32.6
21:21:14.073,2791836,-9.345,2.507,-3.898,-0.125,-0.102,-0.201,53.100,33.450,-29.700,32.6
21:21:14.125,2791890,-8.509,1.137,-4.262,-0.151,-0.082,-0.072,51.300,31.650,-29.550,32.8
21:21:14.178,2791944,-9.357,1.566,-3.112,0.141,-0.063,0.155,51.300,31.650,-29.550,32.5
21:21:14.230,2791998,-9.208,2.801,-4.659,0.002,0.014,0.149,51.150,31.800,-31.500,32.3
21:21:14.283,2792052,-12.440,1.966,-4.793,-0.563,0.064,0.116,51.150,31.800,-31.500,32.5
21:21:14.335,2792106,-13.329,5.272,-6.754,0.341,0.126,0.726,50.550,31.650,-28.800,32.8
21:21:14.388,2792160,-11.542,3.898,-4.724,0.024,0.098,0.623,50.550,35.850,-29.250,32.6
21:21:14.441,2792214,-10.295,5.655,-4.183,0.071,0.095,0.327,50.550,35.850,-29.250,32.5
21:21:14.494,2792268,-9.036,1.923,-4.930,0.230,-0.050,0.195,50.550,35.850,-29.250,32.6
21:21:14.599,2792322,-9.658,2.320,-4.161,0.256,-0.284,-0.073,50.550,35.850,-29.250,32.8
21:21:14.651,2792376,-8.272,0.622,-3.488,0.254,-0.216,-0.224,50.400,36.450,-30.750,32.5
21:21:14.703,2792430,-8.531,3.438,-3.644,0.775,-0.112,-0.600,50.400,36.450,-30.750,32.6
21:21:14.755,2792484,-7.870,-0.378,-2.998,-0.394,-0.250,-0.608,51.600,34.500,-29.400,32.5
21:21:14.808,2792538,-8.001,0.740,-3.407,0.232,-0.492,-0.785,51.600,34.500,-29.400,32.4
21:21:14.861,2792592,-7.039,1.312,-2.940,0.218,-0.242,-0.636,54.150,34.200,-27.900,32.5
21:21:14.914,2792646,-7.738,-0.773,-3.819,0.842,-0.438,-0.757,54.150,34.200,-27.900,32.7
21:21:14.965,2792700,-7.343,1.915,-2.409,-0.143,-0.589,-0.638,56.550,30.150,-28.050,32.6
21:21:15.018,2792754,-6.215,-1.618,-2.612,0.771,-0.546,-0.594,59.250,27.000,-24.450,32.4
21:21:15.070,2792808,-7.465,1.185,-2.473,-0.239,-0.432,-0.426,59.250,27.000,-24.450,32.7
21:21:15.123,2792862,-8.899,-0.541,-3.105,0.730,-0.612,-0.699,61.650,22.500,-23.850,32.5
21:21:15.175,2792916,-8.535,-2.571,-2.387,-0.764,-1.000,-1.646,61.650,22.500,-23.850,32.6
21:21:15.228,2792970,-5.890,-3.230,-0.376,2.773,-0.341,-0.541,61.650,22.500,-23.850,32.3
21:21:15.280,2793024,-7.690,0.886,-2.638,-0.873,1.074,0.764,61.650,22.500,-23.850,32.5
21:21:15.332,2793078,-9.941,-8.236,-4.283,-0.083,0.970,0.788,63.450,15.900,-22.050,32.7
21:21:15.385,2793132,-9.754,-1.034,-5.033,0.051,0.624,0.576,63.450,15.900,-22.050,32.5
21:21:15.438,2793186,-8.042,-1.705,-3.728,-0.215,0.325,0.449,62.100,20.400,-25.500,32.6
21:21:15.491,2793240,-8.722,0.673,-3.800,-0.572,0.438,0.501,62.100,20.400,-25.500,32.6
21:21:15.543,2793294,-7.479,-3.115,-5.260,0.799,0.261,0.703,62.100,20.400,-25.500,32.5
21:21:15.596,2793348,-7.513,-3.962,-2.971,-0.274,0.543,0.876,62.100,20.400,-25.500,32.6
21:21:15.649,2793402,-8.703,2.543,-4.997,-0.435,0.604,0.749,60.300,27.750,-29.850,32.8
21:21:15.700,2793456,-7.326,-2.732,-3.158,-0.740,0.503,0.862,56.700,30.300,-31.200,32.4
21:21:15.753,2793510,-7.309,6.041,-3.134,-0.119,0.446,0.600,56.700,30.300,-31.200,32.3
21:21:15.805,2793564,-7.597,3.701,-3.503,0.159,0.363,0.689,54.150,33.450,-33.750,32.8
21:21:15.858,2793618,-10.630,5.006,-3.713,-0.323,0.269,0.293,54.150,33.450,-33.750,32.6
21:21:15.911,2793672,-7.558,-1.674,-3.725,-0.304,0.044,0.374,54.150,33.450,-33.750,32.6
21:21:15.962,2793726,-9.306,5.574,-3.369,-0.475,0.230,0.034,54.150,33.450,-33.750,32.6
21:21:16.015,2793780,-8.411,1.841,-4.259,0.173,0.247,0.235,50.100,37.650,-34.050,32.5
21:21:16.068,2793834,-9.021,4.341,-5.217,-0.021,0.327,-0.182,50.100,37.650,-34.050,32.6
21:21:16.120,2793888,-8.538,0.601,-4.343,-0.229,0.219,0.046,49.800,36.600,-34.650,32.8
21:21:16.174,2793942,-8.447,3.941,-5.341,-0.296,0.175,-0.217,49.800,36.600,-34.650,32.5
21:21:16.225,2793996,-8.729,2.222,-4.855,0.093,0.066,-0.251,49.800,36.600,-34.650,32.5
21:21:16.278,2794050,-8.080,1.757,-5.543,0.172,0.045,-0.213,48.900,34.950,-36.300,32.6
21:21:16.330,2794104,-8.423,2.169,-5.080,-0.264,-0.080,-0.305,48.900,34.950,-36.300,32.5
21:21:16.383,2794158,-8.507,1.913,-4.946,0.211,-0.099,-0.350,49.050,34.350,-34.650,32.6
21:21:16.489,2794212,-9.182,1.767,-4.662,-0.081,-0.144,-0.311,49.050,34.350,-34.650,32.6
21:21:16.541,2794266,-9.256,1.683,-4.195,-0.090,-0.001,-0.233,51.150,31.500,-34.800,32.4
21:21:16.594,2794320,-8.952,2.356,-4.750,-0.109,-0.042,-0.215,51.150,31.500,-34.800,32.6
21:21:16.646,2794374,-9.345,1.836,-4.331,-0.201,-0.030,-0.126,51.150,31.500,-34.800,32.8
21:21:16.699,2794428,-9.146,2.124,-4.549,0.171,-0.100,-0.063,51.150,31.500,-34.800,32.3
21:21:16.750,2794482,-9.991,2.890,-5.114,-0.382,-0.055,-0.022,50.400,31.500,-32.250,32.6
21:21:16.803,2794536,-12.033,3.800,-6.546,-0.429,-0.108,-0.060,50.400,31.500,-32.250,32.7
21:21:16.856,2794590,-13.637,3.745,-5.468,-0.282,-0.166,0.443,50.250,31.650,-32.400,32.6
21:21:16.909,2794644,-11.365,3.340,-5.878,-0.027,-0.125,0.522,50.250,31.650,-32.400,32.6
21:21:16.961,2794698,-10.570,2.964,-4.635,-0.181,-0.134,0.358,50.250,31.650,-32.400,32.5
21:21:17.013,2794752,-8.574,1.791,-4.077,0.543,-0.206,0.078,50.850,37.200,-29.700,32.6
21:21:17.065,2794806,-8.583,0.318,-3.163,-0.088,-0.176,-0.217,50.850,37.200,-29.700,32.6
21:21:17.119,2794860,-7.944,1.317,-4.020,0.292,-0.050,-0.381,51.750,34.350,-29.550,32.4
21:21:17.224,2794914,-8.971,2.974,-4.590,0.221,-0.124,-0.622,51.750,34.350,-29.550,32.2
21:21:17.225,2794968,-7.690,-0.515,-4.111,0.784,-0.402,-0.622,54.900,33.750,-29.400,32.5
21:21:17.275,2795022,-6.900,0.153,-3.366,0.318,-0.348,-0.769,54.900,33.750,-29.400,32.6
21:21:17.328,2795076,-8.025,1.908,-4.226,0.725,-0.507,-0.863,56.400,29.550,-30.150,32.8
21:21:17.380,2795130,-9.759,1.041,-3.199,0.267,-0.395,-0.846,56.400,29.550,-30.150,32.5
21:21:17.434,2795184,-8.894,-0.694,-3.783,0.146,-0.787,-1.038,59.550,24.750,-28.800,32.5
21:21:17.486,2795238,-10.748,3.701,-2.907,-0.467,-1.104,-1.472,59.550,24.750,-28.800,32.8
21:21:17.539,2795292,-7.017,-8.528,-2.016,0.230,-1.819,-1.939,62.700,19.800,-24.300,32.6
21:21:17.591,2795346,-5.420,2.040,-1.164,3.263,-0.364,0.030,62.700,19.800,-24.300,32.5
21:21:17.644,2795400,-5.820,-0.263,-3.211,-0.932,0.953,0.868,62.700,19.800,-24.300,32.5
21:21:17.696,2795454,-8.562,-2.811,-3.627,0.808,1.299,1.049,63.300,16.200,-21.450,32.6
21:21:17.748,2795508,-7.211,-2.172,-3.366,-1.107,1.229,1.069,63.300,16.200,-21.450,32.8
21:21:17.800,2795562,-7.523,-2.097,-3.060,-1.094,0.828,0.968,60.450,21.450,-27.600,32.6
21:21:17.853,2795616,-6.790,2.375,-2.533,0.390,0.798,1.058,60.450,21.450,-27.600,32.5
21:21:17.906,2795670,-7.781,2.030,-5.100,-0.724,0.782,0.837,60.450,21.450,-27.600,32.6
21:21:17.958,2795724,-8.787,1.566,-3.208,0.062,0.706,0.911,60.450,21.450,-27.600,32.6
21:21:18.011,2795778,-9.266,2.512,-5.112,-0.094,0.532,0.440,55.950,31.800,-33.750,32.6
21:21:18.063,2795832,-9.275,-0.441,-4.535,-1.164,0.307,0.576,55.950,31.800,-33.750,32.5
21:21:18.116,2795886,-8.461,3.718,-4.360,-0.025,0.404,0.312,51.900,36.450,-34.500,32.5
21:21:18.169,2795940,-9.067,2.567,-5.425,-0.456,0.260,0.169,50.100,37.200,-35.550,32.6
21:21:18.221,2795994,-9.591,2.887,-5.748,-0.203,-0.026,-0.049,50.100,37.200,-35.550,32.5
21:21:18.273,2796048,-8.961,2.526,-4.752,-0.050,-0.009,-0.156,50.100,37.200,-35.550,32.8
21:21:18.378,2796102,-9.349,1.877,-5.531,-0.217,-0.015,-0.275,50.100,37.200,-35.550,32.6
21:21:18.430,2796156,-9.713,2.971,-4.278,-0.467,0.095,-0.363,50.250,35.100,-35.400,32.8
21:21:18.484,2796210,-8.562,2.095,-4.666,0.306,0.031,-0.252,50.250,35.100,-35.400,32.8
21:21:18.535,2796264,-7.985,1.832,-4.810,-0.042,0.002,-0.229,49.650,34.200,-36.000,32.6
21:21:18.588,2796318,-8.741,1.360,-3.742,-0.063,0.067,-0.084,49.650,34.200,-36.000,32.3
21:21:18.641,2796372,-8.566,1.915,-5.440,-0.018,0.019,-0.045,49.650,34.200,-36.000,32.6
21:21:18.693,2796426,-8.782,2.088,-4.338,-0.119,0.044,0.028,49.650,34.200,-36.000,32.5
21:21:18.745,2796480,-8.969,2.097,-5.073,0.256,0.078,0.055,50.250,32.400,-35.700,32.6
21:21:18.798,2796534,-8.983,1.812,-4.566,-0.048,0.029,0.213,49.800,31.650,-36.150,32.7
21:21:18.850,2796588,-9.009,3.428,-5.796,0.176,-0.005,0.283,49.800,31.650,-36.150,32.6
21:21:18.903,2796642,-9.783,5.437,-6.845,-0.195,0.011,0.005,47.100,33.000,-37.800,32.6
21:21:19.008,2796696,-11.681,4.034,-8.133,0.113,-0.099,0.225,47.100,33.000,-37.800,32.6
21:21:19.010,2796750,-11.600,4.915,-5.921,-0.092,-0.020,0.422,47.850,33.450,-37.050,32.6
21:21:19.061,2796804,-9.716,3.179,-5.447,0.462,-0.356,0.221,47.850,33.450,-37.050,32.8
21:21:19.113,2796858,-9.009,3.718,-5.255,0.363,-0.389,-0.161,47.700,35.100,-34.650,32.3
21:21:19.165,2796912,-8.880,1.650,-4.144,0.504,-0.548,-0.208,47.700,35.100,-34.650,32.5
21:21:19.219,2796966,-7.829,1.099,-4.446,0.136,-0.458,-0.498,50.850,35.250,-32.250,32.8
21:21:19.271,2797020,-8.267,2.964,-2.471,0.731,-0.489,-0.584,50.850,35.250,-32.250,32.5
21:21:19.323,2797074,-7.331,1.585,-3.857,-0.159,-0.575,-0.586,50.850,35.250,-32.250,32.3
21:21:19.376,2797128,-8.205,1.085,-1.884,0.576,-0.437,-0.840,54.300,28.950,-30.300,32.6
21:21:19.429,2797182,-7.298,0.596,-4.283,0.161,-0.323,-0.892,54.300,28.950,-30.300,32.7
21:21:19.481,2797236,-8.157,-2.112,-1.130,0.181,-0.233,-0.670,57.900,25.650,-30.450,32.7
21:21:19.534,2797290,-8.835,1.123,-4.678,-0.360,-0.503,-0.738,57.900,25.650,-30.450,32.5
21:21:19.585,2797344,-8.935,-0.199,-1.276,0.421,-0.574,-0.455,57.900,25.650,-30.450,32.7
21:21:19.638,2797398,-8.056,0.510,-4.202,0.007,-0.645,-0.667,57.900,25.650,-30.450,32.6
21:21:19.691,2797452,-10.398,2.720,-3.797,-0.128,-1.035,-1.409,61.800,20.400,-23.400,32.6
21:21:19.742,2797506,-4.520,-7.039,-0.649,1.988,-1.163,-1.155,61.800,20.400,-23.400,32.6
21:21:19.795,2797560,-3.673,8.231,-5.787,1.555,0.851,0.752,63.300,13.050,-19.650,32.7
21:21:19.847,2797614,-5.854,0.982,-2.507,-1.271,0.974,0.671,63.300,13.050,-19.650,32.7
21:21:19.900,2797668,-8.459,7.681,-3.424,1.086,1.153,0.952,62.850,18.150,-25.950,32.6
21:21:19.953,2797722,-7.678,-5.739,-3.433,-0.658,0.729,0.782,62.850,18.150,-25.950,32.3
21:21:20.006,2797776,-8.349,-0.069,-4.583,-0.179,0.637,0.557,61.050,24.300,-29.250,32.3
21:21:20.059,2797830,-9.096,2.370,-4.008,-0.856,0.569,0.510,58.650,28.800,-31.500,32.8
21:21:20.110,2797884,-7.614,-1.824,-3.644,0.111,0.336,0.502,58.650,28.800,-31.500,32.5
21:21:20.163,2797938,-6.761,-3.747,-4.231,-0.159,0.201,0.747,56.250,30.900,-32.400,32.6
21:21:20.267,2797992,-6.673,-3.766,-4.082,-1.073,0.367,0.490,56.250,30.900,-32.400,32.5
21:21:20.320,2798046,-9.103,2.832,-4.453,0.505,0.197,0.536,56.250,30.900,-32.400,32.6
21:21:20.372,2798100,-9.558,0.299,-6.670,1.696,0.259,0.733,56.250,30.900,-32.400,32.8
21:21:20.425,2798154,-11.935,6.766,-2.907,1.396,0.538,0.253,52.500,33.600,-37.200,32.6
21:21:20.478,2798208,-5.808,0.414,-5.811,-1.580,0.578,-0.065,52.500,33.600,-37.200,32.3
21:21:20.531,2798262,-9.369,-0.271,-5.732,-0.236,0.091,0.064,50.100,35.250,-38.550,32.5
21:21:20.584,2798316,-8.665,1.858,-7.010,0.412,-0.164,-0.078,50.100,35.250,-38.550,32.8
21:21:20.636,2798370,-9.184,3.749,-4.221,-0.047,-0.238,-0.381,50.100,35.250,-38.550,32.6
21:21:20.689,2798424,-8.200,1.073,-5.619,-0.238,-0.195,-0.629,50.400,32.250,-38.550,32.5
21:21:20.741,2798478,-8.631,0.448,-4.424,-0.845,-0.088,-0.508,50.400,32.250,-38.550,32.5
21:21:20.845,2798532,-8.916,0.702,-4.525,-0.449,-0.192,-0.289,50.250,28.950,-36.450,32.7
21:21:20.847,2798586,-8.758,2.002,-4.197,-0.889,-0.030,-0.103,50.250,28.950,-36.450,32.5
21:21:20.898,2798640,-8.806,0.345,-4.168,-0.449,-0.180,-0.017,52.800,29.700,-36.150,32.8
21:21:20.950,2798694,-8.744,1.937,-5.748,-0.187,-0.116,-0.119,52.800,29.700,-36.150,32.6
21:21:21.055,2798748,-9.596,1.496,-3.771,-0.580,0.018,0.035,51.150,28.800,-33.750,32.5
21:21:21.057,2798802,-10.116,3.800,-6.100,0.059,0.048,-0.170,51.150,28.800,-33.750,32.6
21:21:21.108,2798856,-12.675,3.177,-7.242,-0.832,0.163,-0.044,51.900,29.550,-34.800,32.5
21:21:21.161,2798910,-12.488,4.049,-5.950,-0.041,0.154,0.176,51.900,29.550,-34.800,32.8
21:21:21.214,2798964,-11.760,3.721,-5.818,-0.283,0.212,0.335,51.600,31.050,-33.000,32.6
21:21:21.265,2799018,-10.508,1.779,-4.633,0.104,0.060,0.331,51.600,31.050,-33.000,32.8
21:21:21.318,2799072,-9.651,3.160,-4.041,-0.347,-0.009,0.003,51.600,31.050,-33.000,32.5
21:21:21.371,2799126,-8.250,1.731,-4.094,0.448,0.011,-0.238,51.900,34.500,-31.200,32.6
21:21:21.423,2799180,-7.688,1.786,-3.500,-0.197,0.048,-0.450,51.900,34.500,-31.200,32.5
21:21:21.476,2799234,-8.404,1.496,-3.778,0.052,-0.100,-0.613,53.400,33.450,-31.200,32.5
21:21:21.529,2799288,-7.326,0.053,-5.423,0.021,-0.382,-0.781,53.400,33.450,-31.200,32.5
21:21:21.581,2799342,-8.655,0.364,-3.742,0.173,-0.447,-0.761,53.400,33.450,-31.200,32.7
21:21:21.634,2799396,-7.908,1.142,-3.584,0.514,-0.585,-0.837,53.400,33.450,-31.200,32.6
21:21:21.686,2799450,-7.271,-0.967,-3.646,0.045,-0.690,-0.748,58.500,26.250,-29.250,32.5
21:21:21.739,2799504,-6.086,-1.719,-2.710,0.339,-0.671,-0.539,58.500,26.250,-29.250,32.6
21:21:21.791,2799558,-8.854,3.024,-4.614,0.302,-0.734,-0.377,61.650,21.000,-25.650,32.6
21:21:21.894,2799612,-11.399,-3.026,-2.708,0.543,-1.101,-1.228,61.650,21.000,-25.650,32.7
21:21:21.897,2799666,-5.497,-6.740,-1.448,1.684,-0.842,-1.136,63.150,18.750,-21.300,32.5
21:21:21.948,2799720,-6.031,3.333,-5.186,2.537,0.278,0.663,63.150,18.750,-21.300,32.3
21:21:22.001,2799774,-4.671,-2.614,-2.861,-1.125,1.199,1.362,63.150,18.750,-21.300,32.5
21:21:22.053,2799828,-7.333,-1.647,-3.062,-1.061,1.194,1.394,61.050,21.900,-22.650,32.8
21:21:22.158,2799882,-9.708,3.934,-5.327,-0.486,0.770,1.024,61.050,21.900,-22.650,32.6
21:21:22.210,2799936,-7.764,-0.785,-2.883,-0.508,0.624,1.022,58.200,28.350,-27.150,32.8
21:21:22.264,2799990,-8.377,1.556,-5.145,-0.712,0.535,0.905,58.200,28.350,-27.150,32.6
21:21:22.315,2800044,-7.362,1.523,-3.766,-0.207,0.238,0.733,58.200,28.350,-27.150,32.7
21:21:22.368,2800098,-7.128,1.362,-4.451,-0.340,0.338,0.738,58.200,28.350,-27.150,32.5
21:21:22.420,2800152,-8.830,2.689,-3.486,-0.821,0.220,0.342,51.900,34.500,-30.750,32.5
21:21:22.472,2800206,-8.466,1.001,-5.241,0.195,0.183,0.365,51.900,34.500,-30.750,32.7
21:21:22.526,2800260,-9.287,2.947,-4.678,-0.229,0.091,0.165,51.150,37.200,-29.400,32.8
21:21:22.579,2800314,-8.909,2.354,-4.937,-0.690,0.180,0.081,51.750,37.050,-31.800,32.5
21:21:22.631,2800368,-9.646,6.694,-4.530,-0.034,0.266,-0.174,51.750,37.050,-31.800,32.6
21:21:22.684,2800422,-8.416,2.624,-3.876,-0.375,0.074,-0.153,49.800,35.850,-28.800,32.6
21:21:22.736,2800476,-8.612,4.975,-4.532,-0.217,0.193,-0.167,49.800,35.850,-28.800,32.5
21:21:22.788,2800530,-9.311,2.447,-3.998,-0.297,0.060,-0.272,49.350,36.450,-30.150,32.7
21:21:22.840,2800584,-8.732,2.217,-4.475,-0.040,0.050,-0.341,49.350,36.450,-30.150,32.7
21:21:22.894,2800638,-7.863,2.392,-4.269,0.124,0.057,-0.368,51.150,34.950,-28.950,32.4
21:21:22.946,2800692,-8.815,1.539,-4.125,-0.172,0.176,-0.353,51.150,34.950,-28.950,32.5
21:21:22.997,2800746,-9.014,2.545,-4.305,0.022,0.169,-0.326,51.150,34.950,-28.950,32.6
21:21:23.051,2800800,-8.454,2.267,-4.650,0.114,0.230,-0.231,51.150,34.950,-28.950,32.6
21:21:23.103,2800854,-8.710,1.834,-4.252,0.157,0.375,-0.161,50.550,31.200,-31.800,32.6
21:21:23.156,2800908,-8.363,2.157,-4.822,0.029,0.347,-0.080,50.250,28.500,-32.400,32.6
21:21:23.208,2800962,-8.677,1.310,-4.788,0.191,0.234,-0.037,50.250,28.500,-32.400,32.5
21:21:23.260,2801016,-8.243,1.573,-4.899,0.295,0.008,0.002,50.250,28.500,-32.400,32.6
21:21:23.314,2801070,-8.447,1.844,-5.143,0.325,-0.187,0.042,50.250,28.500,-32.400,32.5
21:21:23.365,2801124,-8.610,1.104,-4.829,0.149,-0.213,0.005,49.650,27.600,-34.800,32.5
21:21:23.418,2801178,-12.136,4.171,-6.199,-0.193,-0.106,-0.090,49.650,27.600,-34.800,32.5
21:21:23.470,2801232,-13.477,3.433,-7.381,-0.163,0.057,0.424,50.250,28.950,-32.850,32.7
21:21:23.522,2801286,-12.907,3.895,-6.476,0.172,0.074,0.638,50.250,28.950,-32.850,32.6
21:21:23.576,2801340,-10.865,3.306,-5.234,0.252,0.027,0.554,49.800,31.650,-33.900,32.6
21:21:23.628,2801394,-8.914,2.761,-5.425,0.280,-0.149,0.264,49.800,31.650,-33.900,32.6
21:21:23.681,2801448,-8.887,1.123,-4.793,0.012,-0.242,-0.001,49.800,35.850,-33.150,32.6
21:21:23.734,2801502,-8.906,2.042,-4.322,0.418,-0.309,-0.406,51.300,35.550,-32.400,32.7
21:21:23.786,2801556,-7.051,1.276,-5.341,-0.059,-0.248,-0.641,51.300,35.550,-32.400,32.5
21:21:23.837,2801610,-7.053,0.275,-3.864,0.678,-0.355,-0.715,54.000,33.150,-31.800,32.3
21:21:23.891,2801664,-7.499,0.268,-2.655,0.075,-0.476,-0.952,54.000,33.150,-31.800,32.6
21:21:23.943,2801718,-6.503,-0.792,-2.523,0.355,-0.479,-0.801,54.000,33.150,-31.800,32.5
21:21:24.048,2801772,-6.821,0.338,-2.571,0.392,-0.458,-0.539,54.000,33.150,-31.800,32.5
21:21:24.100,2801826,-8.155,-1.195,-3.840,0.186,-0.280,-0.463,58.950,23.700,-26.850,32.5
21:21:24.153,2801880,-7.982,-1.279,-1.822,0.343,-0.300,-0.553,58.950,23.700,-26.850,32.7
21:21:24.205,2801934,-8.686,-0.706,-5.128,0.097,-0.280,-0.226,61.650,21.000,-26.850,32.6
21:21:24.309,2801988,-8.904,-2.243,-2.854,-0.715,-0.351,-0.502,61.650,21.000,-26.850,32.6
21:21:24.311,2802042,-8.708,1.128,-4.736,0.246,-0.622,-0.593,61.650,21.000,-26.850,32.5
21:21:24.362,2802096,-9.153,0.182,-2.658,0.004,-0.774,-0.877,61.650,21.000,-26.850,32.4
21:21:24.415,2802150,-8.030,-3.658,-2.739,0.505,-1.091,-1.463,61.650,15.600,-21.750,32.8
21:21:24.469,2802204,-6.697,-1.772,0.314,1.808,-0.329,-0.481,64.950,8.700,-18.000,32.5
21:21:24.520,2802258,-6.608,4.034,-5.866,0.455,0.208,0.515,64.950,8.700,-18.000,32.8
21:21:24.573,2802312,-9.160,-4.628,-3.002,0.008,0.430,0.413,64.200,11.700,-19.050,32.5
21:21:24.626,2802366,-9.996,-2.770,-1.425,-0.552,0.295,0.192,64.200,11.700,-19.050,32.7
21:21:24.679,2802420,-9.720,-2.713,-2.138,0.122,0.128,0.216,63.900,13.650,-21.000,32.6
21:21:24.731,2802474,-9.606,-3.510,-2.995,-0.663,0.212,0.363,63.900,13.650,-21.000,32.5
21:21:24.784,2802528,-10.305,-1.882,-2.346,0.194,-0.362,0.584,63.300,15.750,-20.700,32.3
21:21:24.836,2802582,-12.979,-3.630,-2.157,0.988,-0.710,0.362,63.300,15.750,-20.700,32.5
21:21:24.888,2802636,-7.398,-3.723,-0.946,1.888,-0.419,0.365,61.800,17.400,-20.100,32.6
21:21:24.940,2802690,-6.977,-1.733,-8.478,2.619,0.552,0.731,61.800,17.400,-20.100,32.8
21:21:24.993,2802744,-7.511,2.461,1.585,-0.251,0.688,0.333,61.800,17.400,-20.100,32.5
21:21:25.046,2802798,-5.619,-4.961,-1.223,-0.725,1.003,0.855,61.350,20.400,-26.550,32.5
21:21:25.098,2802852,-6.182,-4.585,-1.956,-0.050,1.351,1.284,61.350,20.400,-26.550,32.6
21:21:25.151,2802906,-8.004,-4.403,-3.912,-0.421,1.205,1.099,57.450,29.100,-31.950,32.8
21:21:25.204,2802960,-9.776,2.267,-5.531,-1.043,1.035,0.669,57.450,29.100,-31.950,32.5
21:21:25.255,2803014,-8.863,3.038,-4.168,-1.025,0.600,0.504,57.450,29.100,-31.950,32.4
21:21:25.308,2803068,-6.972,0.567,-4.135,-0.352,0.545,0.532,57.450,29.100,-31.950,32.5
21:21:25.360,2803122,-7.764,0.527,-4.590,-0.996,0.539,0.548,50.550,35.550,-38.250,32.6
21:21:25.414,2803176,-8.612,3.055,-4.585,-1.046,0.418,0.043,50.550,35.550,-38.250,32.5
21:21:25.465,2803230,-8.691,4.365,-4.130,-0.685,0.392,-0.112,47.700,39.000,-35.400,32.7
21:21:25.519,2803284,-8.552,3.826,-5.504,-0.408,0.106,-0.433,47.700,39.000,-35.400,32.7
21:21:25.570,2803338,-8.938,1.772,-6.206,-0.570,-0.176,-0.587,46.950,39.300,-33.900,32.5
21:21:25.623,2803392,-9.194,2.521,-3.235,-0.546,-0.028,-0.650,49.350,34.950,-30.450,32.7
21:21:25.727,2803446,-9.064,2.126,-5.270,-0.143,0.094,-0.658,49.350,34.950,-30.450,32.7
21:21:25.729,2803500,-9.948,2.006,-3.891,-0.578,-0.021,-0.541,50.850,34.950,-31.500,32.4
21:21:25.781,2803554,-9.158,2.854,-5.145,-0.650,-0.105,-0.496,50.850,34.950,-31.500,32.6
21:21:25.834,2803608,-9.395,2.246,-4.324,-0.068,-0.101,-0.552,52.650,33.450,-29.400,32.6
21:21:25.939,2803662,-9.850,0.876,-4.219,-0.286,0.047,-0.462,52.650,33.450,-29.400,32.6
21:21:25.991,2803716,-9.292,1.508,-4.733,-0.073,0.084,-0.368,52.650,33.450,-29.400,32.6
21:21:26.044,2803770,-8.799,0.704,-3.965,-0.216,0.055,-0.326,52.650,33.450,-29.400,32.6
21:21:26.095,2803824,-8.985,1.903,-3.570,-0.007,-0.017,-0.188,53.250,27.750,-28.500,32.6
21:21:26.148,2803878,-8.724,1.657,-4.262,-0.022,-0.171,-0.106,53.250,27.750,-28.500,32.7
21:21:26.200,2803932,-8.777,1.506,-3.663,-0.200,-0.200,-0.061,52.800,27.750,-28.050,32.5
21:21:26.303,2803986,-8.808,2.868,-3.409,0.075,-0.124,-0.141,52.800,27.750,-28.050,32.5
21:21:26.306,2804040,-11.021,4.274,-4.690,-0.160,0.136,-0.326,52.800,27.750,-28.050,32.7
21:21:26.358,2804094,-13.271,2.423,-6.376,-0.021,0.066,-0.132,54.000,25.050,-27.300,32.6
21:21:26.410,2804148,-14.212,2.816,-5.878,0.010,0.061,0.338,54.000,25.050,-27.300,32.6
21:21:26.464,2804202,-12.103,2.301,-3.591,0.090,0.177,0.767,52.650,28.350,-26.100,32.7
21:21:26.516,2804256,-9.799,2.267,-4.025,0.282,0.184,0.654,52.650,28.350,-26.100,32.5
21:21:26.569,2804310,-8.674,0.831,-3.610,-0.090,-0.031,0.646,51.300,35.550,-27.000,32.6
21:21:26.620,2804364,-8.660,3.139,-3.577,0.544,-0.161,0.174,51.300,35.550,-27.000,32.6
21:21:26.673,2804418,-8.657,2.114,-3.187,-0.022,0.108,0.059,52.800,36.600,-25.950,32.3
21:21:26.726,2804472,-8.540,0.948,-4.106,0.064,0.041,-0.192,52.800,36.600,-25.950,32.3
21:21:26.778,2804526,-8.559,3.455,-3.584,-0.543,0.113,-0.630,54.300,35.100,-28.050,32.6
21:21:26.831,2804580,-7.805,1.310,-4.934,0.481,-0.269,-0.638,54.300,35.100,-28.050,32.8
21:21:26.883,2804634,-7.815,1.075,-3.572,0.179,-0.392,-0.746,54.750,32.400,-25.950,32.8
21:21:26.936,2804688,-8.557,0.227,-4.511,0.505,-0.449,-0.734,54.750,32.400,-25.950,32.6
21:21:26.988,2804742,-8.602,0.259,-3.656,0.093,-0.377,-0.673,54.750,32.400,-25.950,32.6
21:21:27.041,2804796,-8.940,-0.237,-3.996,0.538,-0.567,-0.743,60.300,25.800,-24.450,32.6
21:21:27.094,2804850,-10.027,1.669,-3.539,0.893,-0.578,-0.687,60.300,25.800,-24.450,32.6
21:21:27.145,2804904,-7.412,-1.954,-2.009,0.993,-0.415,-0.276,61.650,22.200,-22.800,32.3
21:21:27.199,2804958,-8.380,1.650,-2.449,-0.302,-0.305,-0.394,61.650,22.200,-22.800,32.3
21:21:27.251,2805012,-9.962,-1.235,-3.333,0.795,-0.626,-0.779,61.650,22.200,-22.800,32.5
21:21:27.302,2805066,-7.659,-3.211,-1.604,-0.637,-0.957,-1.442,61.650,22.200,-22.800,32.8
21:21:27.355,2805120,-7.166,-6.144,-1.528,3.738,-0.151,-0.244,63.600,12.750,-17.100,32.6
21:21:27.407,2805174,-7.398,5.614,-5.301,-0.734,0.627,0.644,63.600,12.750,-17.100,32.8
21:21:27.461,2805228,-8.021,-9.620,-2.148,-1.378,0.726,0.365,64.650,13.650,-18.750,32.5
21:21:27.514,2805282,-10.087,1.094,-2.887,-0.572,0.396,0.074,63.600,18.450,-21.150,32.5
21:21:27.566,2805336,-9.452,-3.508,-2.586,0.317,0.108,0.005,63.600,18.450,-21.150,32.6
21:21:27.619,2805390,-9.191,0.838,-2.047,-0.676,0.032,-0.043,63.600,16.950,-21.900,32.4
21:21:27.670,2805444,-9.052,-1.788,-2.978,-0.039,-0.107,-0.060,63.600,16.950,-21.900,32.3
21:21:27.774,2805498,-9.175,0.218,-3.306,0.264,-0.016,0.087,63.450,17.100,-22.350,32.6
21:21:27.776,2805552,-8.361,-3.450,-1.968,0.179,0.174,0.279,63.450,17.100,-22.350,32.6
21:21:27.880,2805606,-7.903,1.073,-2.825,0.283,0.389,0.600,63.150,17.850,-24.300,32.7
21:21:27.986,2805660,-7.061,-1.154,-2.272,0.031,0.709,0.976,63.150,17.850,-24.300,32.6
21:21:27.987,2805714,-6.850,-0.589,-2.933,-0.443,0.925,1.306,63.150,17.850,-24.300,32.5
21:21:28.090,2805768,-8.327,0.663,-2.404,-0.825,0.994,1.353,63.150,17.850,-24.300,32.5
21:21:28.091,2805822,-8.547,2.942,-4.017,0.859,0.756,1.328,57.450,28.800,-28.200,32.6
21:21:28.196,2805876,-8.854,3.419,-5.030,-0.159,0.579,0.862,53.250,35.550,-33.900,32.5
21:21:28.197,2805930,-7.913,1.058,-5.104,0.133,0.261,1.038,53.250,35.550,-33.900,32.5
21:21:28.299,2805984,-8.411,3.654,-4.932,-0.542,0.263,0.827,53.250,35.550,-33.900,32.5
21:21:28.301,2806038,-8.595,5.222,-4.650,-0.848,0.318,0.651,53.250,35.550,-33.900,32.6
21:21:28.353,2806092,-8.490,5.875,-5.258,0.121,0.094,0.247,45.000,42.900,-35.100,32.5
21:21:28.405,2806146,-8.327,3.625,-6.256,0.215,-0.013,0.022,45.000,42.900,-35.100,32.6
21:21:28.458,2806200,-8.219,3.505,-5.325,0.141,-0.083,-0.007,45.450,41.250,-36.450,32.7
21:21:28.511,2806254,-7.894,4.262,-5.353,0.212,0.032,-0.210,45.450,41.250,-36.450,32.7
21:21:28.563,2806308,-9.194,3.424,-3.831,-0.338,-0.131,-0.281,44.100,39.900,-34.500,32.5
21:21:28.616,2806362,-8.746,4.379,-5.526,0.190,-0.284,-0.448,44.100,39.900,-34.500,32.4
21:21:28.669,2806416,-9.457,3.280,-2.931,0.004,-0.215,-0.283,46.500,38.250,-34.650,32.5
21:21:28.720,2806470,-8.308,2.444,-4.920,-0.028,-0.093,-0.193,46.500,38.250,-34.650,32.6
21:21:28.772,2806524,-8.784,1.441,-4.039,-0.584,-0.122,-0.104,46.950,37.800,-33.150,32.5
21:21:28.826,2806578,-8.540,3.488,-4.281,0.211,-0.391,-0.184,47.850,36.900,-33.450,32.6
21:21:28.877,2806632,-8.552,2.701,-4.116,0.038,-0.442,-0.089,47.850,36.900,-33.450,32.8
21:21:28.982,2806686,-8.787,2.375,-3.179,-0.207,-0.378,-0.109,47.850,36.900,-33.450,32.6
21:21:28.983,2806740,-8.485,2.454,-4.096,-0.241,-0.184,-0.180,47.850,36.900,-33.450,32.6
21:21:29.036,2806794,-8.808,2.758,-2.954,-0.288,-0.175,-0.325,50.850,34.200,-28.650,32.3
21:21:29.088,2806848,-8.763,2.184,-3.862,-0.094,-0.112,-0.355,50.850,34.200,-28.650,32.5
21:21:29.140,2806902,-9.225,1.863,-3.139,-0.175,-0.080,-0.336,51.000,31.650,-28.050,32.8
21:21:29.245,2806956,-9.012,2.088,-4.044,0.156,-0.080,-0.301,51.000,31.650,-28.050,32.7
21:21:29.247,2807010,-9.294,1.460,-3.613,-0.165,-0.149,-0.239,51.000,31.950,-27.750,32.7
21:21:29.349,2807064,-10.851,3.828,-4.501,-0.097,-0.049,-0.152,51.000,31.950,-27.750,32.6
21:21:29.351,2807118,-12.941,3.634,-6.572,-0.644,-0.110,-0.030,52.050,29.250,-27.750,32.5
21:21:29.403,2807172,-13.261,2.945,-3.328,-0.195,-0.080,0.369,52.350,30.600,-25.650,32.7
21:21:29.455,2807226,-11.267,4.384,-3.802,-0.183,0.077,0.322,52.350,30.600,-25.650,32.5
21:21:29.509,2807280,-10.738,1.990,-2.502,-0.059,0.137,0.333,51.750,33.600,-26.250,32.4
21:21:29.561,2807334,-9.455,2.263,-2.940,-0.551,0.025,0.115,51.750,33.600,-26.250,32.3
21:21:29.614,2807388,-8.885,2.349,-3.175,0.358,-0.066,-0.106,51.750,33.600,-26.250,32.6
21:21:29.718,2807442,-9.268,1.827,-2.751,-0.016,0.048,-0.169,51.750,33.600,-26.250,32.6
21:21:29.770,2807496,-8.447,0.917,-2.885,0.607,0.159,-0.224,50.850,37.950,-22.800,32.5
21:21:29.823,2807550,-8.712,1.935,-3.067,-0.105,0.061,-0.361,50.850,37.950,-22.800,32.5
21:21:29.876,2807604,-9.005,2.308,-3.457,0.128,0.023,-0.499,53.700,35.250,-24.900,32.5
21:21:29.927,2807658,-8.667,0.675,-3.457,0.240,0.001,-0.603,53.700,35.250,-24.900,32.6
21:21:29.981,2807712,-8.286,3.287,-2.579,-0.029,-0.208,-0.786,53.700,35.250,-24.900,32.6
21:21:30.033,2807766,-8.200,-0.735,-2.837,0.247,-0.015,-0.505,58.200,29.850,-23.550,32.5
21:21:30.086,2807820,-8.483,0.127,-2.351,0.005,-0.008,-0.658,58.200,29.850,-23.550,32.3
21:21:30.138,2807874,-8.205,-0.227,-4.197,0.004,-0.056,-0.580,59.400,26.100,-25.350,32.6
21:21:30.190,2807928,-9.450,0.860,-3.821,1.080,-0.181,-0.447,59.400,26.100,-25.350,32.4
21:21:30.243,2807982,-8.550,-1.281,-1.705,0.143,-0.181,-0.345,60.450,22.500,-24.900,32.6
21:21:30.295,2808036,-8.760,-0.409,-4.281,0.292,-0.349,-0.251,60.450,22.500,-24.900,32.6
21:21:30.347,2808090,-7.846,-3.014,-2.100,0.695,-0.381,-0.092,60.450,22.500,-22.800,32.8
21:21:30.400,2808144,-8.272,0.093,-3.622,-0.125,-0.277,-0.265,60.450,22.500,-22.800,32.7
21:21:30.453,2808198,-10.688,3.522,-3.079,0.576,-0.763,-1.213,62.400,22.200,-22.350,32.5
21:21:30.506,2808252,-8.375,-8.945,-0.582,2.808,-0.978,-1.107,62.400,22.200,-22.350,32.5
21:21:30.559,2808306,-10.374,-2.294,-12.464,4.065,0.752,0.694,64.650,15.150,-19.050,32.5
21:21:30.611,2808360,-7.286,1.882,-2.782,-3.609,0.375,-0.257,64.650,15.150,-19.050,32.7
21:21:30.664,2808414,-10.451,1.875,-4.523,2.584,0.698,0.894,64.650,15.150,-19.050,32.5
21:21:30.716,2808468,-10.065,-3.426,-2.787,0.711,0.094,0.121,62.550,18.900,-25.500,32.6
21:21:30.768,2808522,-9.239,-1.623,-2.284,-0.822,0.201,0.205,62.550,18.900,-25.500,32.8
21:21:30.820,2808576,-9.148,-2.794,-3.170,-0.205,0.311,0.228,62.850,20.400,-26.550,32.5
21:21:30.873,2808630,-9.776,-3.505,-2.765,-0.013,0.116,0.316,62.850,20.400,-26.550,32.5
21:21:30.926,2808684,-10.005,-2.679,-1.954,-0.125,0.064,0.364,62.550,19.200,-27.300,32.7
21:21:30.979,2808738,-9.201,-1.949,-2.964,-0.553,0.155,0.341,62.550,19.200,-27.300,32.3
21:21:31.031,2808792,-9.474,1.346,-2.899,-0.955,-0.017,0.167,61.050,21.600,-27.750,32.3
21:21:31.083,2808846,-9.527,0.728,-4.199,-0.434,-0.232,-0.023,61.050,21.600,-27.750,32.6
21:21:31.135,2808900,-9.316,-0.776,-1.765,-0.678,-0.265,-0.195,61.950,22.500,-25.650,32.5
21:21:31.187,2808954,-8.210,-0.637,-3.548,0.106,-0.035,0.050,61.950,22.500,-25.650,32.5
21:21:31.240,2809008,-8.792,-2.500,-3.575,-1.096,0.125,-0.205,61.350,22.800,-25.200,32.7
21:21:31.293,2809062,-7.726,-0.869,-3.179,0.440,0.224,0.226,61.350,22.800,-25.200,32.6
21:21:31.346,2809116,-9.227,0.797,-1.314,-1.144,0.468,0.372,61.350,22.800,-25.200,32.6
21:21:31.398,2809170,-8.162,-3.405,-1.776,0.123,0.251,0.610,60.600,25.500,-24.000,32.6
21:21:31.450,2809224,-8.305,1.978,-2.729,-0.705,0.369,0.703,60.600,25.500,-24.000,32.5
21:21:31.503,2809278,-9.596,2.612,-4.175,0.491,0.158,0.755,59.550,28.950,-26.250,32.5
21:21:31.660,2809332,-7.135,-1.302,-3.407,0.569,-0.021,0.763,59.550,28.950,-26.250,32.6
21:21:31.662,2809386,-3.622,-4.688,-5.959,0.377,0.507,1.580,59.550,28.950,-26.250,32.5
21:21:31.766,2809440,-11.909,13.745,2.555,2.148,1.232,1.210,59.550,28.950,-26.250,32.6
21:21:31.768,2809494,-1.437,-9.340,-8.092,-3.004,0.868,1.460,52.650,37.650,-34.500,32.5
21:21:31.818,2809548,-8.351,3.208,-6.139,-0.538,0.475,0.905,52.650,37.650,-34.500,32.7
21:21:31.871,2809602,-8.016,3.759,-7.659,-0.762,-0.010,0.785,45.900,43.050,-34.800,32.6
21:21:31.923,2809656,-7.992,5.804,-4.848,0.174,0.022,0.211,43.950,44.850,-33.600,32.6
21:21:31.975,2809710,-8.308,3.620,-7.333,-0.963,0.138,-0.194,43.950,44.850,-33.600,32.3
21:21:32.028,2809764,-8.760,4.879,-4.982,-0.006,-0.184,-0.436,43.950,44.850,-33.600,32.6
21:21:32.081,2809818,-8.641,5.511,-5.502,-0.667,-0.220,-0.491,43.950,44.850,-33.600,32.7
21:21:32.133,2809872,-8.655,3.057,-4.288,-0.225,-0.222,-0.649,45.450,41.250,-29.550,32.6
21:21:32.185,2809926,-9.012,3.685,-4.872,-0.213,-0.342,-0.548,45.450,41.250,-29.550,32.5
21:21:32.238,2809980,-8.993,2.983,-3.060,-0.190,-0.259,-0.519,46.500,38.550,-28.050,32.7
21:21:32.290,2810034,-8.672,3.144,-3.778,-0.357,-0.146,-0.515,46.500,38.550,-28.050,32.5
21:21:32.343,2810088,-9.462,2.868,-2.899,-0.190,-0.230,-0.507,46.500,38.550,-28.050,32.6
21:21:32.396,2810142,-9.242,3.002,-3.735,-0.329,-0.175,-0.526,46.500,38.550,-28.050,32.3
21:21:32.448,2810196,-9.251,3.299,-3.029,0.043,-0.018,-0.477,50.250,35.850,-24.750,32.5
21:21:32.500,2810250,-9.210,2.303,-2.406,-0.140,-0.011,-0.349,52.050,33.150,-24.450,32.5
21:21:32.554,2810304,-8.916,2.540,-2.820,0.042,-0.230,-0.376,52.050,33.150,-24.450,32.6
21:21:32.606,2810358,-8.811,2.200,-2.772,-0.021,-0.232,-0.272,51.000,30.450,-22.950,32.5
21:21:32.658,2810412,-9.512,1.882,-3.311,-0.167,-0.122,-0.251,51.000,30.450,-22.950,32.5
21:21:32.711,2810466,-10.652,3.187,-3.141,0.036,0.116,-0.280,53.400,30.300,-23.550,32.5
21:21:32.763,2810520,-15.091,2.174,-5.334,0.134,-0.063,0.411,53.400,30.300,-23.550,32.6
21:21:32.815,2810574,-14.188,3.900,-3.357,-0.138,-0.006,1.009,52.500,32.850,-22.200,32.6
21:21:32.868,2810628,-11.684,3.876,-2.595,0.001,0.143,0.898,52.500,32.850,-22.200,32.3
21:21:32.920,2810682,-9.905,3.079,-2.622,0.069,0.039,0.546,49.800,37.800,-22.200,32.6
21:21:32.973,2810736,-9.108,3.191,-1.942,0.242,0.084,0.079,49.800,37.800,-22.200,32.6
21:21:33.026,2810790,-8.028,1.104,-3.378,0.194,0.055,-0.157,49.800,37.800,-22.200,32.6
21:21:33.078,2810844,-8.926,4.566,-3.496,0.407,0.096,-0.517,49.800,37.800,-22.200,32.6
21:21:33.130,2810898,-8.528,0.584,-5.090,0.387,-0.046,-0.521,52.050,40.200,-22.650,32.6
21:21:33.183,2810952,-10.980,1.295,-1.743,0.135,-0.051,-0.544,54.450,36.450,-22.350,32.5
21:21:33.236,2811006,-8.219,3.759,-4.767,0.626,-0.273,-0.742,54.450,36.450,-22.350,32.5
21:21:33.288,2811060,-8.411,-0.211,-3.098,-0.703,0.078,-0.713,54.450,36.450,-22.350,32.6
21:21:33.341,2811114,-6.215,-1.350,-4.875,0.783,0.068,-0.583,54.450,36.450,-22.350,32.5
21:21:33.394,2811168,-8.717,1.422,-0.869,-0.431,0.031,-0.558,58.200,31.050,-22.800,32.5
21:21:33.498,2811222,-8.260,2.274,-4.171,0.568,-0.162,-0.407,58.200,31.050,-22.800,32.5
21:21:33.551,2811276,-7.281,-3.730,-3.191,-0.707,-0.258,-0.528,59.400,29.100,-23.850,32.6
21:21:33.604,2811330,-8.140,0.675,-3.536,1.872,-0.302,-0.578,59.400,29.100,-23.850,32.6
21:21:33.655,2811384,-9.687,3.057,-3.694,-0.149,-0.674,-1.223,59.400,27.150,-23.100,32.6
21:21:33.708,2811438,-7.523,-10.716,1.824,2.911,-1.103,-1.599,59.400,27.150,-23.100,32.5
21:21:33.761,2811492,-8.985,12.696,-13.836,4.595,-0.274,0.464,63.450,18.750,-20.550,32.5
21:21:33.814,2811546,-5.011,-7.547,1.506,-3.607,0.389,0.096,61.950,17.850,-24.900,32.5
21:21:33.865,2811600,-10.944,2.935,-2.459,0.476,0.464,0.123,61.950,17.850,-24.900,32.4
21:21:33.918,2811654,-9.955,-4.927,-2.523,-0.392,0.013,-0.391,62.550,19.650,-25.500,32.3
21:21:33.970,2811708,-9.057,-0.335,-2.160,0.111,0.095,-0.076,62.550,19.650,-25.500,32.5
21:21:34.024,2811762,-9.239,-1.496,-3.754,-0.507,-0.035,-0.298,62.550,19.650,-25.500,32.8
21:21:34.076,2811816,-8.801,-5.289,-2.303,0.202,-0.349,-0.313,62.550,19.650,-25.500,32.6
21:21:34.127,2811870,-9.206,-3.029,-1.642,-0.131,-0.129,-0.161,63.450,14.850,-25.350,32.7
21:21:34.180,2811924,-9.459,-2.878,-1.920,-0.316,0.170,0.008,63.450,14.850,-25.350,32.6
21:21:34.234,2811978,-9.261,-1.508,-2.634,-0.197,0.246,0.228,62.550,14.250,-25.200,32.5
21:21:34.285,2812032,-9.989,-3.824,-2.782,-0.719,0.244,0.215,62.550,14.250,-25.200,32.5
21:21:34.338,2812086,-9.139,-2.332,-3.261,-0.246,-0.107,0.093,62.550,14.250,-25.200,32.3
21:21:34.390,2812140,-8.171,-2.234,-2.784,-0.124,-0.108,0.243,61.950,16.350,-24.600,32.7
21:21:34.443,2812194,-8.480,-1.384,-2.456,0.046,0.039,0.345,61.950,16.350,-24.600,32.9
21:21:34.495,2812248,-10.017,0.723,-2.105,-0.634,0.472,0.464,61.950,17.100,-25.650,32.8
21:21:34.548,2812302,-6.668,-4.590,-4.573,0.291,0.609,0.969,61.950,17.100,-25.650,32.5
21:21:34.601,2812356,-6.898,5.148,-5.930,-0.791,0.404,0.585,61.200,22.200,-27.600,32.6
21:21:34.654,2812410,-6.946,-5.282,-2.512,-0.268,0.578,0.999,61.200,22.200,-27.600,32.6
21:21:34.706,2812464,-8.085,2.081,-2.770,-0.794,0.431,0.855,58.050,27.750,-29.850,32.7
21:21:34.759,2812518,-7.259,-0.127,-3.970,-0.095,0.366,1.162,58.050,27.750,-29.850,32.5
21:21:34.811,2812572,-8.993,1.774,-3.565,-0.900,0.265,0.964,54.750,33.900,-30.300,32.3
21:21:34.863,2812626,-10.975,6.567,-2.904,-1.650,0.247,0.566,54.750,33.900,-30.300,32.5
21:21:34.916,2812680,-7.695,1.386,-5.394,0.249,0.168,0.761,52.500,37.800,-29.850,32.4
21:21:35.020,2812734,-9.333,5.186,-3.666,-0.094,0.151,0.327,52.500,37.800,-29.850,32.5
21:21:35.022,2812788,-8.394,3.156,-3.443,-0.335,0.192,0.351,52.500,37.800,-29.850,32.6
21:21:35.124,2812842,-8.215,2.291,-4.338,-0.312,0.120,0.198,48.600,42.300,-30.150,32.6
21:21:35.126,2812896,-9.275,4.307,-4.329,-0.347,0.227,-0.188,48.600,42.300,-30.150,32.8
21:21:35.177,2812950,-8.521,2.229,-4.659,-0.072,0.038,-0.268,47.250,40.500,-29.850,32.5
21:21:35.231,2813004,-9.160,4.958,-3.836,-0.459,-0.114,-0.151,47.250,40.500,-29.850,32.6
21:21:35.283,2813058,-8.495,1.714,-4.970,-0.466,-0.222,-0.042,47.250,40.500,-29.850,32.3
21:21:35.439,2813112,-9.160,6.153,-3.759,-0.064,-0.259,-0.239,47.250,40.500,-29.850,32.6
21:21:35.441,2813166,-8.425,1.539,-4.262,-0.427,-0.201,-0.256,49.350,40.350,-28.200,32.7
21:21:35.493,2813220,-8.284,2.990,-2.765,-0.095,-0.220,-0.218,49.350,40.350,-28.200,32.5
21:21:35.545,2813274,-8.904,2.344,-2.717,-0.574,-0.156,-0.226,49.350,36.900,-24.600,32.7
21:21:35.598,2813328,-9.146,2.018,-3.472,-0.204,-0.227,-0.196,49.350,36.900,-24.600,32.6
21:21:35.650,2813382,-9.503,1.482,-3.472,-0.532,-0.130,-0.169,51.150,37.950,-23.850,32.5
21:21:35.702,2813436,-9.141,3.208,-2.545,-0.137,-0.094,-0.133,50.400,36.450,-22.800,32.6
21:21:35.755,2813490,-8.669,3.318,-2.938,-0.286,-0.064,-0.045,50.400,36.450,-22.800,32.4
21:21:35.807,2813544,-9.155,2.423,-2.535,-0.364,-0.037,-0.128,50.550,37.050,-21.150,32.4
21:21:35.860,2813598,-9.270,3.881,-2.933,0.044,-0.052,-0.189,50.550,37.050,-21.150,32.6
21:21:35.912,2813652,-9.213,3.120,-2.380,-0.180,0.099,-0.114,51.600,36.150,-20.550,32.5
21:21:35.965,2813706,-9.191,2.619,-3.045,0.108,0.119,-0.064,51.600,36.150,-20.550,32.5
21:21:36.017,2813760,-9.397,2.696,-2.703,-0.171,0.164,0.043,51.600,36.150,-20.550,32.5
21:21:36.070,2813814,-8.930,3.433,-3.388,0.114,0.156,0.017,51.600,36.150,-20.550,32.6
21:21:36.122,2813868,-8.746,3.168,-2.799,0.003,0.211,0.005,51.150,34.950,-22.050,32.6
21:21:36.175,2813922,-8.356,3.160,-3.572,0.178,0.234,-0.036,51.150,34.950,-22.050,32.5
21:21:36.228,2813976,-8.763,2.286,-2.933,-0.204,0.058,-0.175,51.900,36.450,-22.050,32.5
21:21:36.280,2814030,-8.353,3.723,-3.560,0.323,-0.081,-0.270,51.900,36.450,-22.050,32.6
21:21:36.333,2814084,-9.139,2.169,-3.033,-0.016,-0.104,-0.390,51.900,36.450,-22.050,32.8
21:21:36.385,2814138,-12.943,7.010,-5.088,0.500,-0.099,-0.315,52.650,32.250,-24.600,32.5
21:21:36.438,2814192,-13.680,4.695,-4.762,0.519,-0.265,0.508,52.650,32.250,-24.600,32.6
21:21:36.490,2814246,-11.332,4.288,-3.517,0.030,0.020,0.649,52.350,35.700,-23.100,32.6
21:21:36.544,2814300,-10.183,3.519,-2.988,0.494,0.018,0.478,52.350,35.700,-23.100,32.5
21:21:36.595,2814354,-9.675,1.870,-2.440,0.094,-0.198,0.147,50.850,37.200,-23.550,32.6
21:21:36.648,2814408,-8.126,2.344,-4.202,0.497,-0.216,0.051,50.850,37.200,-23.550,32.8
21:21:36.701,2814462,-8.171,3.261,-2.945,0.203,-0.233,-0.197,50.850,39.900,-23.550,32.5
21:21:36.754,2814516,-8.784,1.714,-2.224,0.492,-0.201,-0.170,50.850,39.900,-23.550,32.5
21:21:36.805,2814570,-8.839,2.550,-3.400,-0.323,-0.216,-0.353,52.800,39.300,-23.700,32.4
21:21:36.857,2814624,-9.380,2.358,-2.047,0.650,-0.153,-0.463,53.100,37.200,-21.750,32.6
21:21:36.911,2814678,-8.133,1.147,-2.938,-0.272,-0.152,-0.530,53.100,37.200,-21.750,32.7
21:21:36.963,2814732,-8.935,0.283,-2.710,0.368,-0.182,-0.600,53.100,37.200,-21.750,32.5
21:21:37.015,2814786,-9.076,1.939,-2.863,0.128,-0.095,-0.683,53.100,37.200,-21.750,32.8
21:21:37.068,2814840,-7.731,0.287,-2.595,-0.025,0.035,-0.503,57.300,31.950,-20.700,32.6
21:21:37.121,2814894,-8.614,-0.285,-2.768,0.183,-0.081,-0.472,57.300,31.950,-20.700,32.5
21:21:37.174,2814948,-8.863,0.251,-1.697,-0.038,0.000,-0.234,58.800,29.250,-19.650,32.4
21:21:37.278,2815002,-8.803,-0.608,-2.512,0.165,-0.293,-0.210,58.800,29.250,-19.650,32.3
21:21:37.331,2815056,-9.871,2.069,-0.927,-0.482,-0.408,-0.474,58.800,29.250,-19.650,32.8
21:21:37.384,2815110,-7.482,-1.592,-2.231,0.971,-0.383,-0.048,58.800,29.250,-19.650,32.6
21:21:37.436,2815164,-9.656,3.771,-1.856,-0.304,-0.164,-0.096,59.400,27.150,-18.000,32.6
21:21:37.488,2815218,-9.462,-0.979,-1.729,0.541,-0.075,-0.269,59.400,27.150,-18.000,32.6
21:21:37.540,2815272,-9.412,0.136,-2.658,-0.039,-0.130,-0.447,59.850,27.750,-17.550,32.7
21:21:37.592,2815326,-7.740,0.352,-1.520,0.968,-0.397,-1.027,60.600,24.750,-17.850,32.7
21:21:37.645,2815380,-8.514,-4.863,-0.007,0.772,-0.137,-0.703,60.600,24.750,-17.850,32.8
21:21:37.698,2815434,-8.643,1.595,-6.831,2.064,0.654,0.729,60.600,24.750,-17.850,32.6
21:21:37.751,2815488,-8.274,3.405,1.470,-0.806,0.685,0.221,60.600,24.750,-17.850,32.6
21:21:37.802,2815542,-9.184,-7.001,-4.108,1.204,0.496,0.781,61.800,26.550,-21.900,32.6
21:21:37.855,2815596,-10.247,-0.378,-3.393,0.820,0.226,0.108,61.800,26.550,-21.900,32.6
21:21:37.908,2815650,-9.103,0.424,-3.326,-0.311,0.126,-0.044,60.300,29.250,-25.500,32.6
21:21:37.961,2815704,-9.175,2.212,-2.653,0.127,0.180,0.009,60.300,29.250,-25.500,32.6
21:21:38.013,2815758,-9.086,-1.992,-3.060,0.076,0.136,0.169,60.300,29.250,-25.500,32.5
21:21:38.065,2815812,-8.686,-0.788,-3.730,-0.224,0.166,0.045,60.300,29.250,-25.500,32.5
21:21:38.119,2815866,-9.354,-0.172,-3.381,-0.100,0.112,-0.065,59.550,27.450,-26.550,32.5
21:21:38.170,2815920,-9.096,-0.103,-3.084,-0.286,0.057,-0.057,60.150,26.850,-29.700,32.3
21:21:38.223,2815974,-10.949,0.395,-3.352,-0.758,0.160,-0.250,60.150,26.850,-29.700,32.7
21:21:38.276,2816028,-9.373,-0.704,-3.481,-0.394,0.149,-0.162,60.900,26.850,-27.600,32.6
21:21:38.329,2816082,-7.882,-0.520,-2.926,-0.018,0.075,-0.051,60.900,26.850,-27.600,32.5
21:21:38.381,2816136,-8.085,-0.017,-2.454,0.045,0.057,0.007,60.600,26.550,-28.500,32.7
21:21:38.434,2816190,-8.758,-0.800,-4.108,-0.539,0.080,-0.163,60.600,26.550,-28.500,32.5
21:21:38.486,2816244,-9.486,-0.781,-3.859,-0.125,0.118,-0.062,60.300,24.750,-28.800,32.7
21:21:38.537,2816298,-9.847,0.206,-4.422,-0.305,0.138,0.003,60.300,24.750,-28.800,32.7
21:21:38.590,2816352,-7.647,-2.646,-4.396,1.055,0.167,0.411,62.100,22.800,-28.800,32.5
21:21:38.642,2816406,-6.242,-1.413,-3.206,0.989,0.209,1.083,62.100,22.800,-28.800,32.5
21:21:38.695,2816460,-6.792,0.759,-2.124,-0.114,0.403,1.162,62.100,22.800,-28.800,32.5
21:21:38.748,2816514,-6.749,-2.727,-6.395,1.071,0.225,1.272,57.150,30.300,-34.800,32.5
21:21:38.800,2816568,-7.647,0.656,-1.784,-0.580,0.152,0.863,57.150,30.300,-34.800,32.7
21:21:38.853,2816622,-8.188,1.717,-6.622,-0.081,0.264,0.511,55.200,34.500,-35.550,32.7
21:21:38.907,2816676,-9.548,-0.273,-4.010,-0.586,0.138,0.337,55.200,34.500,-35.550,32.6
21:21:38.959,2816730,-8.495,0.472,-4.681,0.092,0.107,0.481,55.200,34.500,-35.550,32.8
21:21:39.010,2816784,-8.897,0.864,-4.410,-0.241,-0.042,0.393,55.200,34.500,-35.550,32.6
21:21:39.063,2816838,-8.712,1.836,-4.784,-0.037,0.087,0.291,49.500,36.600,-37.200,32.4
21:21:39.168,2816892,-8.873,0.335,-4.175,-0.526,-0.115,0.409,49.500,36.600,-37.200,32.4
21:21:39.220,2816946,-9.316,3.251,-3.826,-1.000,-0.025,0.189,50.100,37.200,-34.500,32.5
21:21:39.274,2817000,-9.378,3.527,-3.761,-0.476,-0.046,-0.236,50.100,37.200,-34.500,32.6
21:21:39.326,2817054,-9.467,1.925,-4.094,-0.808,-0.016,-0.207,48.150,39.150,-31.200,32.8
21:21:39.379,2817108,-9.730,4.793,-3.651,-0.851,0.078,-0.475,49.050,37.050,-31.350,32.6
21:21:39.431,2817162,-9.000,2.078,-3.014,-0.657,0.180,-0.509,49.050,37.050,-31.350,32.5
21:21:39.484,2817216,-8.681,1.973,-3.230,-0.264,0.250,-0.645,49.500,37.500,-28.050,32.7
21:21:39.535,2817270,-8.976,3.242,-3.893,-0.476,0.170,-0.702,49.500,37.500,-28.050,32.6
21:21:39.588,2817324,-9.251,2.095,-3.685,-0.578,0.161,-0.706,50.550,33.600,-27.750,32.6
21:21:39.640,2817378,-9.153,2.832,-3.771,-0.143,0.119,-0.616,50.550,33.600,-27.750,32.5
21:21:39.692,2817432,-9.407,1.719,-3.388,-0.895,0.163,-0.494,50.550,33.600,-27.750,32.6
21:21:39.746,2817486,-9.622,1.822,-3.582,-0.528,0.089,-0.450,50.550,33.600,-27.750,32.6
21:21:39.798,2817540,-9.199,2.933,-3.491,-0.766,0.090,-0.246,54.300,29.250,-25.500,32.5
21:21:39.850,2817594,-9.246,1.508,-3.970,-0.581,-0.050,-0.197,54.300,29.250,-25.500,32.8
21:21:39.902,2817648,-9.404,1.812,-3.385,-0.711,-0.137,-0.131,52.500,28.950,-23.700,32.7
21:21:39.955,2817702,-9.086,1.480,-2.969,-0.495,-0.165,-0.209,52.500,28.950,-23.700,32.6
21:21:40.008,2817756,-8.827,1.714,-3.189,-0.507,-0.102,-0.126,52.500,28.950,-23.700,32.5
21:21:40.060,2817810,-9.057,1.714,-3.326,-0.423,-0.164,-0.113,54.300,28.950,-20.100,32.5
21:21:40.112,2817864,-9.017,1.633,-2.868,-0.655,-0.277,-0.166,54.300,28.950,-20.100,32.3
21:21:40.165,2817918,-9.029,2.229,-2.485,-0.351,-0.194,-0.254,53.250,28.200,-17.850,32.6
21:21:40.219,2817972,-9.210,2.358,-2.500,-0.141,-0.163,-0.297,53.250,28.200,-17.850,32.5
21:21:40.271,2818026,-9.067,2.330,-1.925,-0.159,-0.059,-0.384,55.200,26.100,-16.500,32.6
21:21:40.324,2818080,-9.342,1.906,-2.205,-0.061,0.112,-0.492,55.200,26.100,-16.500,32.6
21:21:40.375,2818134,-10.259,1.803,-2.325,-0.248,0.156,-0.448,55.200,26.100,-16.500,32.6
21:21:40.427,2818188,-14.071,0.500,-2.686,0.237,0.428,-0.177,55.200,26.100,-16.500,32.8
21:21:40.481,2818242,-14.530,2.193,-4.228,-0.229,0.524,0.357,55.500,24.750,-18.600,32.6
21:21:40.534,2818296,-13.453,0.907,-4.221,-0.601,0.180,0.715,55.500,24.750,-18.600,32.4
21:21:40.585,2818350,-11.516,2.880,-3.175,-0.155,-0.293,0.864,55.800,26.550,-19.350,32.5
21:21:40.638,2818404,-9.653,0.649,-3.618,-0.186,-0.439,0.704,55.800,26.550,-19.350,32.8
21:21:40.690,2818458,-8.686,2.222,-2.203,0.514,-0.170,0.506,55.800,26.550,-19.350,32.5
21:21:40.743,2818512,-8.313,1.199,-2.895,0.157,-0.042,0.256,54.150,33.450,-16.950,32.6
21:21:40.795,2818566,-8.339,2.777,-2.507,0.255,0.240,0.062,54.150,33.450,-16.950,32.6
21:21:40.848,2818620,-6.936,-0.759,-3.764,0.731,0.196,-0.013,55.050,32.850,-17.100,32.6
21:21:40.953,2818674,-9.251,3.752,-2.468,0.288,0.246,-0.178,55.050,32.850,-17.100,32.5
21:21:40.955,2818728,-8.150,1.935,-3.694,0.490,0.270,-0.163,56.400,33.750,-20.250,32.2
21:21:41.057,2818782,-9.555,3.498,-2.512,0.152,-0.234,-0.575,56.400,33.750,-20.250,32.5
21:21:41.110,2818836,-8.159,0.086,-3.857,-0.174,-0.140,-0.599,55.950,32.250,-22.350,32.5
21:21:41.163,2818890,-8.124,-1.219,-3.232,0.117,-0.124,-0.601,55.950,32.250,-22.350,32.8
21:21:41.215,2818944,-9.172,4.887,-5.794,0.908,-0.118,-0.775,56.700,29.850,-19.500,32.5
21:21:41.267,2818998,-8.092,-3.766,-2.988,-0.616,0.095,-0.551,59.250,27.000,-20.700,32.6
21:21:41.321,2819052,-7.803,0.481,-4.508,0.334,-0.202,-0.830,59.250,27.000,-20.700,32.5
21:21:41.373,2819106,-8.272,0.790,-2.617,-0.076,-0.135,-0.471,59.250,27.000,-20.700,32.5
21:21:41.426,2819160,-7.848,-1.410,-3.728,0.130,-0.346,-0.304,59.250,27.000,-20.700,32.6
21:21:41.479,2819214,-9.392,2.564,-3.170,0.240,-0.617,-1.212,60.600,19.200,-17.850,32.5
21:21:41.532,2819268,-5.578,-5.001,2.533,2.569,-0.624,-1.245,60.600,19.200,-17.850,32.5
21:21:41.583,2819322,-9.397,2.442,-10.080,4.603,0.175,0.723,64.200,14.400,-16.500,32.6
21:21:41.635,2819376,-8.253,9.742,-7.865,-2.124,0.489,0.578,64.200,14.400,-16.500,32.5
21:21:41.739,2819430,-10.673,-12.304,-3.917,1.162,0.469,0.921,64.200,14.400,-16.500,32.6
21:21:41.741,2819484,-9.057,-0.816,-3.955,0.295,0.291,0.323,64.200,14.400,-16.500,32.8
21:21:41.793,2819538,-8.756,-0.479,-2.806,0.893,0.085,0.291,61.200,22.500,-21.300,32.5
21:21:41.845,2819592,-8.610,-1.935,-2.739,0.320,0.210,0.359,61.200,22.500,-21.300,32.7
21:21:41.897,2819646,-9.352,-0.225,-2.942,-0.188,0.187,0.210,61.350,20.850,-24.450,32.8
21:21:41.951,2819700,-9.373,-1.817,-4.065,-0.289,0.184,-0.017,60.300,22.350,-24.750,32.4
21:21:42.003,2819754,-9.455,0.548,-3.692,0.004,0.165,0.048,60.300,22.350,-24.750,32.4
21:21:42.055,2819808,-9.486,-2.562,-2.605,-0.284,0.117,-0.027,60.600,21.900,-26.250,32.3
21:21:42.159,2819862,-8.624,-1.384,-3.584,-0.069,0.042,-0.110,60.600,21.900,-26.250,32.5
21:21:42.161,2819916,-9.747,-1.915,-3.108,-0.175,0.015,-0.193,61.800,21.600,-27.750,32.5
21:21:42.213,2819970,-9.553,-0.903,-3.644,-0.224,-0.014,-0.130,61.800,21.600,-27.750,32.6
21:21:42.266,2820024,-8.772,-1.492,-3.326,0.269,-0.037,0.051,62.100,21.150,-26.550,32.5
21:21:42.318,2820078,-8.499,0.297,-2.682,-0.355,0.040,0.091,62.100,21.150,-26.550,32.6
21:21:42.371,2820132,-9.187,0.215,-4.082,0.154,0.009,0.015,62.100,21.150,-26.550,32.6
21:21:42.423,2820186,-9.258,-0.259,-3.737,0.132,-0.015,0.081,62.100,21.150,-26.550,32.3
21:21:42.476,2820240,-8.650,-1.539,-3.285,0.021,-0.002,0.104,62.100,21.150,-27.300,32.3
21:21:42.528,2820294,-5.820,-1.879,-3.017,0.625,0.037,0.829,61.650,21.450,-27.600,32.6
21:21:42.580,2820348,-6.615,1.894,-3.553,-0.034,0.238,1.395,61.650,21.450,-27.600,32.7
21:21:42.633,2820402,-6.970,-3.766,-4.235,-0.707,-0.236,1.374,58.950,29.550,-27.900,32.6
21:21:42.685,2820456,-7.472,1.037,-3.881,-0.677,0.142,1.461,58.950,29.550,-27.900,32.8
21:21:42.737,2820510,-9.845,4.243,-1.662,0.193,0.378,1.234,55.050,37.050,-26.550,32.6
21:21:42.790,2820564,-9.234,2.368,-4.590,-0.285,0.078,0.965,55.050,37.050,-26.550,32.8
21:21:42.843,2820618,-8.887,1.930,-3.457,0.038,-0.234,1.076,51.000,40.950,-27.300,32.7
21:21:42.948,2820672,-7.875,2.387,-3.797,0.087,-0.450,1.062,51.000,40.950,-27.300,32.3
21:21:42.950,2820726,-7.822,3.634,-3.630,0.002,-0.275,0.970,48.000,44.400,-28.500,32.5
21:21:43.052,2820780,-8.808,5.567,-4.005,0.370,-0.109,0.568,48.000,44.400,-28.500,32.5
21:21:43.106,2820834,-8.322,3.630,-4.240,-0.231,-0.089,0.515,48.000,44.400,-28.500,32.5
21:21:43.158,2820888,-9.625,6.460,-3.270,0.105,-0.271,-0.112,44.700,47.100,-28.800,32.5
21:21:43.210,2820942,-9.220,2.478,-4.259,-0.282,-0.080,-0.315,44.700,47.100,-28.800,32.3
21:21:43.262,2820996,-9.165,4.559,-1.841,0.312,-0.090,-0.379,44.100,46.200,-27.600,32.8
21:21:43.315,2821050,-8.298,5.662,-3.630,-0.978,-0.025,-0.767,44.100,46.200,-27.600,32.8
21:21:43.368,2821104,-9.163,2.255,-2.605,-0.001,-0.095,-0.721,44.100,46.200,-27.600,32.5
21:21:43.420,2821158,-9.120,3.184,-2.792,0.138,-0.083,-0.650,44.100,46.200,-27.600,32.6
21:21:43.473,2821212,-9.529,1.506,-3.014,-0.384,-0.021,-0.592,48.750,37.500,-26.550,32.8
21:21:43.526,2821266,-9.459,3.017,-3.208,-0.021,-0.037,-0.565,48.750,37.500,-26.550,32.5
21:21:43.577,2821320,-9.874,1.683,-3.062,-0.196,-0.149,-0.533,51.300,35.850,-28.050,32.6
21:21:43.630,2821374,-9.917,2.107,-3.002,-0.126,-0.164,-0.541,51.300,35.850,-28.050,32.7
21:21:43.682,2821428,-9.651,2.830,-2.610,-0.266,-0.153,-0.522,51.300,31.650,-25.200,32.6
21:21:43.735,2821482,-10.214,1.992,-2.061,-0.039,-0.164,-0.588,54.000,30.150,-25.200,32.8
21:21:43.787,2821536,-10.977,1.887,-2.277,-0.159,-0.143,-0.528,54.000,30.150,-25.200,32.8
21:21:43.840,2821590,-14.432,1.705,-3.256,0.174,0.017,0.003,55.650,29.100,-23.550,32.3
21:21:43.892,2821644,-14.301,0.924,-3.390,-0.292,0.138,0.484,55.650,29.100,-23.550,32.6
21:21:43.946,2821698,-11.990,5.016,-2.559,-0.126,0.396,0.792,53.700,30.300,-23.850,32.5
21:21:44.049,2821752,-10.226,-0.184,-2.140,-0.673,0.327,0.708,53.700,30.300,-23.850,32.8
21:21:44.051,2821806,-8.792,3.979,-2.591,0.619,0.354,0.216,53.700,30.300,-23.850,32.6
21:21:44.103,2821860,-8.756,0.781,-3.306,-0.150,0.400,0.074,53.700,30.300,-23.850,32.6
21:21:44.156,2821914,-9.136,0.735,-2.770,0.172,0.305,-0.048,52.500,36.300,-26.550,32.8
21:21:44.208,2821968,-8.224,1.786,-3.005,-0.225,0.203,-0.025,52.500,36.300,-26.550,32.6
21:21:44.261,2822022,-9.498,1.932,-1.923,0.360,0.152,-0.029,51.300,37.500,-26.250,32.5
21:21:44.314,2822076,-8.679,0.091,-3.572,-0.373,-0.034,-0.019,51.300,37.500,-26.250,32.3
21:21:44.365,2822130,-7.731,2.382,-3.199,0.535,-0.020,-0.228,51.300,37.500,-26.250,32.3
21:21:44.419,2822184,-8.021,1.310,-4.087,-0.042,0.180,-0.209,52.650,35.700,-27.900,32.8
21:21:44.471,2822238,-8.799,2.224,-3.515,-0.017,0.264,-0.511,52.650,35.700,-27.900,32.8
21:21:44.524,2822292,-7.556,1.255,-4.369,0.679,0.086,-0.450,55.050,34.800,-30.300,32.6
21:21:44.576,2822346,-7.022,0.098,-3.931,1.014,0.042,-0.398,55.050,34.800,-30.300,32.6
21:21:44.628,2822400,-7.805,2.380,-1.281,0.781,-0.024,-0.164,55.050,31.200,-32.850,32.6
21:21:44.733,2822454,-7.678,1.314,-4.549,-1.208,0.307,-0.296,55.050,31.200,-32.850,32.6
21:21:44.735,2822508,-9.840,0.268,-3.759,-0.087,0.115,-0.525,55.800,31.950,-31.800,32.5
21:21:44.838,2822562,-8.056,-1.197,-5.057,1.346,-0.320,-0.469,55.800,31.950,-31.800,32.4
21:21:44.840,2822616,-9.962,2.085,-4.324,-0.182,-0.404,-0.613,56.250,29.700,-32.850,32.5
21:21:44.943,2822670,-7.908,-4.324,-2.880,0.276,-0.980,-1.008,56.250,29.700,-32.850,32.7
21:21:44.996,2822724,-8.540,3.100,-5.792,1.452,-0.941,-0.737,58.200,25.650,-30.450,32.5
21:21:45.049,2822778,-7.377,-5.885,1.051,0.627,-0.896,-1.110,58.200,25.650,-30.450,32.6
21:21:45.101,2822832,-7.580,1.630,-4.326,1.249,-0.090,-0.312,58.200,25.650,-30.450,32.5
21:21:45.153,2822886,-8.543,-2.016,-2.691,-1.731,0.508,0.200,63.150,16.800,-25.350,32.7
21:21:45.205,2822940,-10.561,-1.274,-3.785,-0.543,0.011,-0.099,63.150,16.800,-25.350,32.3
21:21:45.258,2822994,-9.081,-2.662,-2.969,0.512,-0.533,-0.330,61.950,18.300,-24.900,32.6
21:21:45.311,2823048,-9.665,-2.533,-2.105,-0.118,-0.460,-0.231,61.950,18.300,-24.900,32.6
21:21:45.362,2823102,-9.531,-2.157,-1.453,0.042,-0.216,-0.112,61.950,18.300,-24.900,32.2
21:21:45.415,2823156,-10.123,-2.698,-2.021,-0.370,0.038,0.287,61.950,18.300,-24.900,32.5
21:21:45.468,2823210,-9.467,-2.574,-1.786,0.068,0.069,0.307,64.050,15.450,-22.200,32.6
21:21:45.521,2823264,-9.388,-1.276,-2.952,-0.276,0.007,0.304,64.050,15.450,-22.200,32.8
21:21:45.573,2823318,-9.893,-2.337,-2.258,0.265,-0.267,0.212,62.400,18.300,-21.750,32.5
21:21:45.625,2823372,-10.005,-0.014,-0.922,0.404,-0.603,0.136,61.950,18.300,-22.050,32.6
21:21:45.730,2823426,-8.049,-3.838,0.333,2.468,-0.670,-0.225,61.950,18.300,-22.050,32.6
21:21:45.731,2823480,-9.335,-2.926,-4.104,1.850,-0.147,0.190,62.400,17.550,-19.050,32.5
21:21:45.782,2823534,-9.491,1.563,-2.521,0.794,0.235,-0.040,62.400,17.550,-19.050,32.4
21:21:45.835,2823588,-9.639,-1.489,1.808,-1.972,0.508,0.052,64.200,15.600,-21.750,32.5
21:21:45.888,2823642,-9.131,-3.177,-1.302,1.292,0.817,1.090,64.200,15.600,-21.750,32.5
21:21:45.941,2823696,-8.344,-0.424,-3.316,0.536,1.036,1.118,59.700,19.800,-26.100,32.6
21:21:45.992,2823750,-8.277,-1.997,-3.431,-0.940,0.876,1.063,59.700,19.800,-26.100,32.7
21:21:46.046,2823804,-9.835,0.807,-1.645,-0.630,0.480,0.775,59.700,19.800,-26.100,32.6
21:21:46.149,2823858,-8.356,-1.676,-4.152,-0.318,0.428,0.827,59.700,19.800,-26.100,32.5
21:21:46.151,2823912,-8.995,-0.582,-1.348,-0.950,0.461,0.930,54.300,30.450,-31.050,32.6
21:21:46.202,2823966,-8.880,2.595,-3.828,-1.705,0.409,0.928,54.300,30.450,-31.050,32.7
21:21:46.255,2824020,-9.831,4.463,-3.802,-0.540,0.359,0.636,53.100,35.700,-30.450,32.5
21:21:46.308,2824074,-8.207,0.970,-2.789,0.367,0.417,0.732,50.100,41.100,-28.950,32.6
21:21:46.361,2824128,-7.951,1.695,-3.306,-0.301,0.446,0.833,50.100,41.100,-28.950,32.8
21:21:46.465,2824182,-8.528,4.324,-3.330,-0.104,0.593,0.408,47.400,43.500,-30.750,32.8
21:21:46.518,2824236,-9.060,4.834,-5.047,-0.786,0.372,-0.024,47.400,43.500,-30.750,32.7
21:21:46.520,2824290,-8.827,4.156,-5.657,-0.306,0.139,-0.339,45.900,45.000,-30.750,32.6
21:21:46.570,2824344,-8.921,2.995,-3.440,-0.318,-0.011,-0.236,45.900,45.000,-30.750,32.5
21:21:46.623,2824398,-8.988,4.580,-3.606,-0.233,0.203,-0.431,43.200,42.900,-31.050,32.8
21:21:46.728,2824452,-8.401,2.334,-4.781,-0.561,-0.057,-0.433,43.200,42.900,-31.050,32.6
21:21:46.831,2824506,-9.105,4.240,-3.203,-0.243,-0.018,-0.318,43.200,42.900,-31.050,32.5
21:21:46.833,2824560,-8.279,3.519,-4.235,-0.770,-0.069,-0.242,43.200,42.900,-31.050,32.8
21:21:46.885,2824614,-9.483,4.219,-3.508,-0.253,-0.072,-0.346,47.400,39.150,-27.900,32.8
21:21:46.938,2824668,-9.064,2.495,-3.443,-0.501,-0.114,-0.284,46.650,37.950,-25.650,32.6
21:21:46.990,2824722,-8.626,4.125,-3.706,-0.257,-0.073,-0.366,46.650,37.950,-25.650,32.6
21:21:47.093,2824776,-8.746,2.114,-3.433,-0.394,-0.197,-0.348,46.650,37.950,-25.650,32.5
21:21:47.096,2824830,-8.610,3.460,-3.591,-0.147,-0.179,-0.387,46.650,37.950,-25.650,32.7
21:21:47.147,2824884,-8.813,1.939,-3.297,-0.277,-0.099,-0.450,49.050,35.850,-24.000,32.6
21:21:47.201,2824938,-8.720,3.187,-2.416,-0.104,-0.133,-0.605,49.050,35.850,-24.000,32.4
21:21:47.254,2824992,-8.916,2.224,-2.777,0.093,-0.131,-0.632,51.150,31.500,-22.800,32.5
21:21:47.305,2825046,-9.378,2.150,-2.887,-0.037,-0.202,-0.681,51.150,31.500,-22.800,32.6
21:21:47.358,2825100,-10.056,2.030,-2.727,-0.152,-0.203,-0.597,53.100,30.600,-22.800,32.6
21:21:47.410,2825154,-12.282,1.437,-3.021,-0.197,-0.135,-0.300,53.100,30.600,-22.800,32.7
21:21:47.463,2825208,-15.263,3.381,-3.371,-0.206,-0.085,0.281,53.250,28.500,-20.700,32.6
21:21:47.515,2825262,-13.532,3.302,-3.263,-0.197,-0.139,0.863,52.800,30.450,-23.400,32.6
21:21:47.568,2825316,-10.949,3.452,-2.502,-0.293,0.097,0.745,52.800,30.450,-23.400,32.6
21:21:47.621,2825370,-10.039,2.796,-1.393,-0.189,0.097,0.528,51.750,34.800,-19.650,32.5
21:21:47.673,2825424,-9.299,2.107,-2.248,0.008,0.109,0.294,51.750,34.800,-19.650,32.3
21:21:47.725,2825478,-8.736,0.814,-2.500,-0.376,0.114,0.104,51.750,34.800,-19.650,32.4
21:21:47.778,2825532,-8.811,3.019,-3.029,0.185,0.083,-0.015,51.750,34.800,-19.650,32.8
21:21:47.830,2825586,-9.081,2.313,-1.851,0.485,0.179,0.010,49.800,37.500,-18.900,32.7
21:21:47.934,2825640,-8.289,0.996,-2.246,0.232,0.115,-0.174,49.800,37.500,-18.900,32.8
21:21:47.936,2825694,-8.557,3.840,-2.397,-0.192,0.226,-0.516,51.750,37.050,-21.150,32.5
21:21:47.988,2825748,-7.652,1.185,-3.115,0.125,0.288,-0.589,51.750,37.050,-21.150,32.5
21:21:48.041,2825802,-8.301,2.112,-3.074,-0.133,0.300,-0.663,51.750,37.050,-21.150,32.5
21:21:48.093,2825856,-8.947,0.850,-2.294,0.296,0.229,-0.725,55.050,37.050,-21.150,32.4
21:21:48.146,2825910,-7.846,0.797,-3.771,0.132,0.168,-0.572,55.050,31.950,-21.900,32.5
21:21:48.197,2825964,-9.105,1.405,-2.662,-0.075,0.236,-0.693,57.450,29.550,-22.800,32.5
21:21:48.251,2826018,-9.127,-0.172,-4.298,0.496,-0.149,-0.766,57.450,29.550,-22.800,32.5
21:21:48.304,2826072,-7.547,-0.065,-1.748,-0.268,-0.349,-0.891,57.450,29.550,-22.800,32.6
21:21:48.355,2826126,-8.954,1.547,-4.326,1.439,-0.638,-1.069,57.450,29.550,-22.800,32.5
21:21:48.408,2826180,-7.755,-2.473,-1.221,-0.125,-0.985,-1.869,59.700,19.800,-20.550,32.5
21:21:48.460,2826234,-5.765,-6.268,-1.626,4.484,-0.389,-0.828,59.700,19.800,-20.550,32.5
21:21:48.565,2826288,-8.294,2.191,-3.900,-0.805,0.796,0.454,64.050,11.100,-18.900,32.6
21:21:48.567,2826342,-6.364,-8.657,-0.919,-1.801,0.655,0.276,64.050,11.100,-18.900,32.6
21:21:48.670,2826396,-10.364,-0.208,-3.615,-0.182,0.481,0.189,61.050,15.450,-21.900,32.3
21:21:48.723,2826450,-9.036,0.079,-2.442,-0.565,0.169,-0.111,61.050,15.450,-21.900,32.3
21:21:48.776,2826504,-9.160,-0.824,-4.875,0.741,0.141,0.259,60.900,14.850,-24.600,32.6
21:21:48.827,2826558,-8.894,-2.219,-3.436,-0.629,0.016,0.067,61.350,16.200,-27.000,32.5
21:21:48.880,2826612,-8.739,-0.539,-3.850,0.684,0.106,0.310,61.350,16.200,-27.000,32.8
21:21:48.932,2826666,-8.260,-3.802,-3.321,0.292,0.064,0.645,60.600,16.200,-27.000,32.8
21:21:48.985,2826720,-8.049,-3.292,-3.120,-0.233,0.153,0.706,60.600,16.200,-27.000,32.6
21:21:49.038,2826774,-8.595,2.167,-2.887,0.014,0.304,0.911,60.600,16.200,-27.000,32.6
21:21:49.090,2826828,-8.112,0.261,-2.875,-0.459,0.213,0.978,60.600,16.200,-27.000,32.8
21:21:49.143,2826882,-7.891,0.318,-3.057,0.063,0.210,0.926,58.950,26.850,-28.200,32.5
21:21:49.195,2826936,-7.954,-1.140,-3.768,-0.974,0.132,1.166,58.950,26.850,-28.200,32.6
21:21:49.248,2826990,-8.018,-1.346,-3.378,-0.950,-0.142,0.879,54.450,32.250,-26.850,32.6
21:21:49.301,2827044,-9.131,5.363,-4.705,-0.373,-0.175,0.881,54.450,32.250,-26.850,32.8
21:21:49.353,2827098,-9.785,2.205,-2.272,-0.269,-0.127,0.640,54.450,32.250,-26.850,32.6
21:21:49.405,2827152,-9.663,5.428,-3.630,-0.019,0.057,0.335,49.800,35.550,-25.500,32.8
21:21:49.458,2827206,-9.883,1.439,-2.136,-0.442,-0.191,0.167,49.800,35.550,-25.500,32.5
21:21:49.510,2827260,-8.787,2.921,-2.665,-0.145,-0.191,0.364,50.850,37.950,-25.650,32.5
21:21:49.563,2827314,-9.017,4.468,-2.959,-0.010,-0.145,0.249,50.850,37.950,-25.650,32.7
21:21:49.616,2827368,-8.432,1.611,-2.514,-0.163,-0.269,0.358,47.250,40.950,-24.000,32.5
21:21:49.668,2827422,-8.629,2.571,-3.381,-0.554,-0.195,0.032,47.250,40.950,-24.000,32.6
21:21:49.720,2827476,-9.208,3.481,-1.216,0.094,-0.025,-0.119,47.400,40.650,-23.100,32.5
21:21:49.772,2827530,-9.534,5.320,-2.950,-0.343,0.092,-0.399,47.400,40.650,-23.100,32.5
21:21:49.825,2827584,-10.084,3.069,-2.219,-0.089,-0.122,-0.383,48.600,39.150,-23.550,32.6
21:21:49.878,2827638,-10.013,3.187,-2.861,-0.137,-0.051,-0.410,48.600,39.150,-23.550,32.5
21:21:49.930,2827692,-9.694,1.796,-2.591,-0.279,0.011,-0.318,48.600,36.450,-22.350,32.6
21:21:49.984,2827746,-9.946,2.964,-2.174,0.156,-0.034,-0.332,48.600,36.450,-22.350,32.6
21:21:50.139,2827800,-9.543,1.714,-2.270,0.047,-0.009,-0.157,48.600,36.450,-22.350,32.6
21:21:50.141,2827854,-9.543,2.361,-2.131,0.034,0.019,-0.211,51.000,33.900,-22.950,32.4
21:21:50.143,2827908,-9.555,2.416,-2.356,-0.147,-0.020,-0.330,51.000,33.900,-22.950,32.6
21:21:50.193,2827962,-9.637,2.789,-2.286,-0.075,0.059,-0.375,53.100,32.250,-23.100,32.5
21:21:50.245,2828016,-9.560,1.623,-2.035,-0.017,-0.052,-0.438,53.100,32.250,-23.100,32.5
21:21:50.299,2828070,-9.340,2.531,-2.035,0.169,-0.110,-0.426,53.100,32.250,-23.100,32.6
21:21:50.350,2828124,-9.871,1.532,-2.172,0.007,-0.008,-0.298,53.100,32.250,-23.100,32.6
21:21:50.403,2828178,-11.818,2.157,-1.650,0.095,0.094,-0.009,52.500,29.700,-22.650,32.5
21:21:50.664,2828232,-15.136,2.504,-4.338,-0.167,-0.092,0.143,52.500,29.700,-22.650,32.5
21:21:50.717,2828286,-14.806,3.618,-4.032,0.148,0.187,0.976,52.800,28.200,-22.200,32.5
21:21:50.719,2828340,-11.382,3.682,-2.485,-0.276,0.439,0.888,52.800,28.200,-22.200,32.4
21:21:50.721,2828394,-10.175,2.866,-2.571,-0.637,0.391,0.476,51.300,34.350,-22.650,32.8
21:21:50.723,2828448,-9.112,1.865,-2.289,0.155,0.230,0.157,51.300,34.350,-22.650,32.8
21:21:50.770,2828502,-8.813,3.505,-2.526,0.088,0.225,-0.155,51.300,34.350,-22.650,32.6
21:21:50.822,2828556,-7.738,-0.860,-3.560,-0.357,0.033,-0.045,50.400,37.950,-22.350,32.6
21:21:50.876,2828610,-8.698,3.891,-3.706,0.395,-0.058,-0.093,50.400,37.950,-22.350,32.6
21:21:50.928,2828664,-7.839,0.347,-3.139,-0.521,0.037,0.068,51.900,38.850,-22.800,32.6
21:21:50.980,2828718,-9.014,4.310,-3.328,0.562,-0.168,-0.465,51.900,38.850,-22.800,32.6
21:21:51.033,2828772,-9.041,1.061,-2.325,-0.441,0.035,-0.354,51.900,38.850,-22.800,32.5
21:21:51.086,2828826,-9.409,3.745,-3.608,0.596,0.124,-0.656,51.900,38.850,-22.800,32.6
21:21:51.138,2828880,-8.435,0.642,-3.311,-0.431,0.249,-0.678,55.950,36.450,-23.550,32.4
21:21:51.191,2828934,-8.569,-0.730,-3.187,0.642,0.291,-0.829,55.950,36.450,-23.550,32.7
21:21:51.243,2828988,-8.717,2.593,-2.602,-0.308,0.190,-0.910,56.250,32.850,-23.400,32.5
21:21:51.295,2829042,-8.219,-1.757,-3.177,0.768,0.049,-0.954,58.800,28.950,-25.500,32.7
21:21:51.349,2829096,-7.910,0.883,-3.378,-0.065,-0.060,-0.642,58.800,28.950,-25.500,32.5
21:21:51.401,2829150,-8.272,-0.220,-2.576,0.127,-0.093,-0.390,60.150,25.650,-25.350,32.6
21:21:51.454,2829204,-9.574,3.366,-1.755,-0.028,-0.135,-0.726,60.150,25.650,-25.350,32.5
21:21:51.505,2829258,-9.436,-6.072,-4.207,0.079,-0.954,-1.822,60.450,22.500,-25.650,32.4
21:21:51.558,2829312,-5.023,-2.595,-3.905,3.985,-0.678,-1.354,60.450,22.500,-25.650,32.3
21:21:51.611,2829366,-4.798,1.417,-4.334,1.092,0.629,1.004,64.800,11.550,-24.000,32.6
21:21:51.664,2829420,-5.648,-0.795,-2.102,-0.914,1.270,1.456,64.800,11.550,-24.000,32.6
21:21:51.716,2829474,-9.754,2.229,-4.403,-0.054,0.923,0.999,64.800,11.550,-24.000,32.5
21:21:51.767,2829528,-10.558,4.920,-5.025,0.985,0.311,0.350,64.800,11.550,-24.000,32.6
21:21:51.820,2829582,-8.784,-1.944,-4.125,-0.194,-0.038,0.321,58.800,25.800,-31.350,32.6
21:21:51.873,2829636,-8.789,0.620,-3.977,0.121,0.065,0.190,58.050,24.300,-34.650,32.6
21:21:51.926,2829690,-8.016,0.498,-3.910,0.172,0.300,0.079,58.050,24.300,-34.650,32.8
21:21:51.977,2829744,-8.231,-1.523,-3.912,0.119,0.350,0.228,58.050,24.300,-34.650,32.5
21:21:52.030,2829798,-9.354,-1.879,-3.124,-0.557,0.249,0.287,58.050,24.300,-34.650,32.4
21:21:52.083,2829852,-8.509,0.244,-5.188,-0.311,0.134,0.230,58.050,28.500,-35.700,32.5
21:21:52.136,2829906,-10.106,0.113,-4.604,-0.561,0.273,0.079,58.050,28.500,-35.700,32.5
21:21:52.187,2829960,-9.048,1.324,-4.609,0.209,-0.017,-0.068,56.400,27.900,-37.050,32.6
21:21:52.240,2830014,-8.643,0.532,-5.509,-0.079,-0.027,0.004,56.400,27.900,-37.050,32.6
21:21:52.293,2830068,-9.538,-1.604,-3.776,-0.308,-0.165,0.114,55.950,26.850,-36.300,32.3
21:21:52.399,2830122,-8.432,0.769,-4.690,0.101,-0.106,-0.025,55.950,26.850,-36.300,32.7
21:21:52.401,2830176,-7.901,0.486,-3.565,0.089,-0.142,-0.035,55.950,27.900,-36.000,32.6
21:21:52.503,2830230,-7.400,-0.120,-4.348,0.187,0.071,-0.060,55.950,27.900,-36.000,32.4
21:21:52.607,2830284,-8.617,-0.144,-3.773,0.036,-0.033,-0.050,55.650,27.150,-35.550,32.6
21:21:52.609,2830338,-9.550,0.577,-5.528,-0.435,-0.168,0.118,55.950,27.600,-35.550,32.6
21:21:52.661,2830392,-10.197,1.448,-3.694,-0.064,-0.197,0.168,55.950,27.600,-35.550,32.7
21:21:52.714,2830446,-9.517,1.422,-4.781,0.192,-0.088,0.100,55.950,27.600,-35.550,32.7
21:21:52.766,2830500,-9.641,0.508,-2.904,-0.531,-0.067,0.141,55.950,27.600,-35.550,32.6
21:21:52.817,2830554,-8.377,1.456,-3.285,0.078,0.024,0.068,54.000,28.500,-35.400,32.6
21:21:52.871,2830608,-8.976,0.687,-4.341,-0.119,-0.053,-0.035,54.000,28.500,-35.400,32.6
21:21:52.923,2830662,-10.678,0.790,-4.276,-0.276,-0.169,-0.012,54.300,27.450,-35.400,32.6
21:21:52.976,2830716,-10.599,0.855,-5.023,0.262,-0.341,-0.184,54.300,27.450,-35.400,32.4
21:21:53.029,2830770,-10.125,0.895,-4.535,0.173,-0.414,-0.244,54.300,27.450,-35.400,32.5
21:21:53.081,2830824,-8.902,0.498,-2.801,0.189,-0.357,-0.185,54.300,27.450,-35.400,32.6
21:21:53.132,2830878,-8.047,0.072,-3.270,0.514,-0.386,-0.133,55.500,24.300,-32.400,32.8
21:21:53.185,2830932,-8.231,-0.074,-2.543,0.228,-0.228,-0.060,55.950,21.750,-29.700,32.8
21:21:53.238,2830986,-12.617,-0.311,-2.483,0.136,-0.122,-0.286,55.950,21.750,-29.700,32.6
21:21:53.290,2831040,-15.979,2.349,-5.703,-0.375,0.111,-0.141,56.250,21.900,-30.300,32.7
21:21:53.344,2831094,-15.754,-0.541,-4.786,-0.343,0.158,0.555,56.250,21.900,-30.300,32.8
21:21:53.396,2831148,-12.131,3.316,-4.377,-0.262,0.366,1.008,56.250,21.900,-30.300,32.4
21:21:53.449,2831202,-11.001,2.188,-3.613,-0.811,0.378,0.958,56.250,21.900,-30.300,32.5
21:21:53.501,2831256,-9.206,1.511,-2.500,-0.506,0.059,0.284,53.400,31.050,-31.200,32.8
21:21:53.553,2831310,-9.170,1.719,-2.686,-0.050,0.003,-0.084,53.400,31.050,-31.200,32.5
21:21:53.605,2831364,-7.760,1.228,-3.196,-0.035,-0.063,-0.413,51.300,33.150,-29.250,32.6
21:21:53.658,2831418,-7.822,0.852,-2.349,0.229,-0.201,-0.549,51.300,33.150,-29.250,32.6
21:21:53.710,2831472,-7.116,-0.101,-2.164,-0.279,0.063,-0.629,51.300,33.150,-29.250,32.5
21:21:53.762,2831526,-7.891,0.924,-2.653,0.045,0.311,-0.851,57.750,29.250,-28.050,32.8
21:21:53.815,2831580,-7.075,-1.736,-2.897,0.004,0.016,-0.701,57.750,29.250,-28.050,32.6
21:21:53.867,2831634,-7.410,0.225,-1.566,0.274,0.031,-0.546,59.250,26.250,-27.750,32.4
21:21:53.921,2831688,-8.030,0.084,-3.124,-0.546,0.179,-0.419,59.250,26.250,-27.750,32.4
21:21:53.973,2831742,-9.318,-2.176,-2.868,-0.123,-0.048,-0.320,59.250,26.250,-27.750,32.5
21:21:54.026,2831796,-8.868,3.139,-2.588,0.325,-0.284,-0.498,59.250,26.250,-27.750,32.6
21:21:54.077,2831850,-9.258,1.101,-4.140,0.089,-0.247,-0.222,59.400,24.150,-26.850,32.5
21:21:54.131,2831904,-10.324,0.163,-4.427,0.136,-0.515,-0.576,59.400,24.150,-26.850,32.6
21:21:54.183,2831958,-7.374,-0.115,2.217,0.730,-1.637,-1.760,60.150,19.800,-26.400,32.7
21:21:54.288,2832012,-5.679,-8.899,-0.572,6.453,-0.789,-0.639,60.150,19.800,-26.400,32.6
21:21:54.290,2832066,-10.575,1.197,-0.730,-0.357,1.166,0.053,63.600,10.050,-19.650,32.6
21:21:54.393,2832120,-7.350,-4.614,-0.522,-0.223,1.524,0.479,63.600,10.050,-19.650,32.3
21:21:54.445,2832174,-10.336,-3.038,-3.802,0.714,1.160,0.537,63.600,10.050,-19.650,32.6
21:21:54.498,2832228,-8.490,-5.531,-1.437,0.353,0.807,0.180,61.950,15.150,-31.950,32.8
21:21:54.550,2832282,-8.686,0.852,-4.798,1.085,0.752,0.303,61.950,15.150,-31.950,32.8
21:21:54.603,2832336,-8.799,-3.077,-4.211,0.487,0.439,0.099,60.150,14.400,-38.550,32.8
21:21:54.656,2832390,-10.080,-0.098,-5.921,0.087,0.157,-0.248,60.150,14.400,-38.550,32.6
21:21:54.707,2832444,-8.262,-6.321,-1.765,0.192,0.043,0.040,60.150,14.400,-38.550,32.5
21:21:54.761,2832498,-6.756,-2.085,-4.147,1.249,0.549,0.552,60.150,14.400,-38.550,32.7
21:21:54.812,2832552,-5.957,-3.156,-1.762,-0.725,0.677,0.831,59.850,12.300,-41.550,32.6
21:21:54.865,2832606,-6.019,-2.476,-3.613,1.029,0.591,1.292,59.850,12.300,-41.550,32.5
21:21:54.919,2832660,-8.631,0.153,-3.108,-0.064,0.663,0.998,56.550,17.700,-45.300,32.5
21:21:54.970,2832714,-9.364,2.200,-4.966,0.692,0.618,0.606,56.550,17.700,-45.300,32.6
21:21:55.022,2832768,-9.412,1.839,-7.092,-1.453,0.322,0.275,53.550,20.100,-49.650,32.7
21:21:55.075,2832822,-10.542,-0.057,-5.236,-0.448,0.160,0.131,48.900,24.450,-47.250,32.8
21:21:55.128,2832876,-9.433,-0.460,-6.589,-0.327,-0.138,0.139,48.900,24.450,-47.250,32.6
21:21:55.180,2832930,-9.476,-3.575,-4.518,-0.640,-0.244,0.492,49.050,23.850,-48.600,32.7
21:21:55.233,2832984,-10.269,0.500,-6.622,-0.356,-0.523,0.238,49.050,23.850,-48.600,32.6
21:21:55.285,2833038,-8.420,-0.120,-4.875,-0.565,-0.537,0.279,50.550,25.500,-46.350,32.6
21:21:55.337,2833092,-8.262,0.266,-5.394,0.408,-0.253,-0.164,50.550,25.500,-46.350,32.3
21:21:55.391,2833146,-8.806,-0.268,-3.991,-0.661,0.012,-0.381,50.550,25.500,-46.350,32.6
21:21:55.443,2833200,-8.648,-0.613,-5.229,-0.150,-0.059,-0.426,50.550,25.500,-46.350,32.8
21:21:55.497,2833254,-9.014,0.069,-5.028,-0.358,-0.157,-0.333,50.400,24.900,-42.450,32.6
21:21:55.549,2833308,-9.627,1.221,-2.136,-0.300,-0.259,-0.136,50.400,24.900,-42.450,32.5
21:21:55.601,2833362,-9.263,-0.503,-4.001,-0.004,-0.300,-0.227,49.500,23.850,-40.500,32.6
21:21:55.653,2833416,-10.022,0.898,-3.014,-0.680,-0.292,-0.642,49.500,23.850,-40.500,32.6
21:21:55.705,2833470,-10.060,-0.622,-4.046,-0.294,-0.261,-0.803,49.500,23.850,-40.500,32.6
21:21:55.758,2833524,-10.724,-0.081,-2.638,-0.493,-0.336,-0.695,51.750,16.950,-36.900,32.5
21:21:55.810,2833578,-10.190,0.146,-3.112,-0.305,-0.267,-0.580,51.750,16.950,-36.900,32.3
21:21:55.863,2833632,-9.467,-1.647,-2.696,-0.922,-0.144,-0.369,50.850,15.900,-33.000,32.5
21:21:55.967,2833686,-9.550,-1.338,-2.298,-0.388,-0.160,-0.179,50.850,15.900,-33.000,33.0
21:21:55.969,2833740,-9.483,-0.113,-2.172,-0.767,-0.158,-0.049,52.050,16.200,-32.400,32.8
21:21:56.021,2833794,-9.292,-1.046,-2.215,-0.397,-0.137,-0.189,52.050,16.200,-32.400,32.7
21:21:56.074,2833848,-9.735,0.594,-3.254,-0.597,0.063,-0.436,51.300,17.400,-29.250,32.5
21:21:56.177,2833902,-9.385,-1.204,-2.076,-0.236,0.236,-0.317,51.300,17.400,-29.250,32.5
21:21:56.180,2833956,-9.464,-0.254,-3.558,-0.196,0.061,-0.330,49.800,15.000,-31.050,32.5
21:21:56.284,2834010,-9.582,-2.667,-3.632,-0.379,-0.189,-0.469,50.850,14.400,-31.200,32.4
21:21:56.335,2834064,-9.586,-0.321,-4.484,0.272,-0.095,-0.452,50.850,14.400,-31.200,32.5
21:21:56.389,2834118,-10.068,-1.568,-2.957,-0.278,0.003,-0.338,50.850,14.400,-31.200,32.6
21:21:56.442,2834172,-9.471,-1.470,-3.103,0.184,0.002,-0.197,50.850,14.400,-31.200,32.8
21:21:56.494,2834226,-9.759,-0.567,-2.701,-0.571,-0.057,0.159,52.350,11.400,-30.150,32.5
21:21:56.546,2834280,-10.970,0.338,-2.428,-0.385,-0.108,0.398,52.350,11.400,-30.150,32.5
21:21:56.599,2834334,-12.503,-0.790,-4.286,0.069,0.001,0.770,52.650,14.850,-29.400,32.7
21:21:56.650,2834388,-12.840,-0.306,-4.671,-1.228,0.059,0.685,52.650,14.850,-29.400,32.8
21:21:56.703,2834442,-11.827,1.049,-5.169,-0.603,0.148,0.711,52.650,14.850,-29.400,32.7
21:21:56.756,2834496,-10.259,-0.450,-3.668,-0.832,0.302,0.848,52.650,14.850,-29.400,32.5
21:21:56.807,2834550,-9.515,-0.414,-3.563,-0.379,0.317,0.782,51.000,23.100,-29.250,32.5
21:21:56.912,2834604,-10.257,0.247,-3.419,-0.495,0.179,0.632,51.000,23.100,-29.250,32.8
21:21:56.914,2834658,-9.847,-0.553,-3.912,-0.666,-0.067,0.381,51.750,27.450,-28.500,32.6
21:21:56.965,2834712,-9.562,2.138,-3.948,-0.520,-0.140,0.167,51.000,31.200,-26.250,32.5
21:21:57.018,2834766,-7.831,0.204,-3.491,-0.424,-0.238,0.179,51.000,31.200,-26.250,32.5
21:21:57.071,2834820,-7.281,1.496,-4.204,-0.276,-0.154,-0.119,51.000,31.200,-26.250,32.6
21:21:57.122,2834874,-7.774,-0.541,-2.229,0.054,-0.096,-0.184,51.000,31.200,-26.250,32.6
21:21:57.175,2834928,-7.875,0.797,-3.393,0.587,0.048,-0.190,52.350,33.750,-19.800,32.6
21:21:57.228,2834982,-8.231,4.111,-2.519,-1.015,-0.077,-0.383,52.350,33.750,-19.800,32.5
21:21:57.281,2835036,-9.759,1.719,-2.602,-0.206,-0.012,-0.472,53.100,31.800,-21.000,32.3
21:21:57.332,2835090,-8.959,2.176,-3.776,0.297,0.052,-0.465,53.100,31.800,-21.000,32.5
21:21:57.385,2835144,-9.550,-0.417,-3.488,0.005,-0.242,-0.452,52.650,31.500,-20.550,32.8
21:21:57.438,2835198,-7.616,-3.661,-2.763,0.312,-0.552,-0.363,52.650,31.500,-20.550,32.6
21:21:57.491,2835252,-7.355,1.468,-2.796,-0.333,-0.586,-0.357,56.250,29.700,-18.900,32.6
21:21:57.542,2835306,-8.346,-0.895,-3.364,0.258,-0.798,-0.411,54.900,26.400,-15.150,32.8
21:21:57.646,2835360,-10.424,4.465,-2.435,0.779,-0.822,-0.370,54.900,26.400,-15.150,32.8
21:21:57.648,2835414,-8.258,-2.547,0.153,0.350,-0.783,-0.707,57.450,26.100,-11.400,32.5
21:21:57.752,2835468,-8.830,-1.386,-3.876,2.739,0.094,-0.080,57.450,26.100,-11.400,32.3
21:21:57.754,2835522,-6.342,5.746,-0.256,-0.373,0.268,0.038,57.450,26.100,-11.400,32.3
21:21:57.805,2835576,-7.525,-4.702,-1.860,-0.741,0.576,0.311,57.450,26.100,-11.400,32.6
21:21:57.857,2835630,-12.368,-1.097,-4.401,0.052,0.318,-0.408,55.500,25.500,-16.350,32.6
21:21:57.910,2835684,-10.712,-0.249,-3.287,-0.015,-0.025,-0.335,55.500,25.500,-16.350,32.7
21:21:57.963,2835738,-10.575,-0.211,-1.956,0.028,-0.247,-0.507,58.500,23.550,-16.350,32.5
21:21:58.119,2835792,-9.740,-2.911,-0.498,0.568,-0.394,-0.265,58.500,23.550,-16.350,32.8
21:21:58.121,2835846,-9.227,-0.563,-1.448,-0.376,-0.160,0.046,58.500,23.550,-16.350,32.6
21:21:58.172,2835900,-10.015,0.220,-1.554,0.390,0.102,0.282,59.250,20.100,-14.550,32.7
21:21:58.225,2835954,-8.878,-1.535,-2.066,-0.164,0.192,0.115,59.250,20.100,-14.550,32.5
21:21:58.279,2836008,-8.406,-0.385,-1.571,0.304,0.125,-0.098,57.300,21.150,-16.050,32.4
21:21:58.382,2836062,-8.741,-1.120,-1.211,-0.224,0.191,0.031,57.300,21.150,-16.050,32.5
21:21:58.384,2836116,-10.228,2.014,-2.215,-0.200,0.410,0.184,58.950,21.750,-17.250,32.6
21:21:58.436,2836170,-8.835,-3.972,-2.722,-0.093,0.314,0.633,58.950,21.750,-17.250,32.5
21:21:58.488,2836224,-6.948,3.196,-4.424,0.413,0.553,1.337,58.950,21.750,-17.250,32.6
21:21:58.593,2836278,-8.219,1.642,-2.569,-0.760,0.526,1.407,58.950,21.750,-17.250,32.6
21:21:58.594,2836332,-7.336,-0.632,-5.392,0.820,0.211,1.488,52.650,32.550,-22.350,32.7
21:21:58.646,2836386,-7.477,-2.294,-2.847,-2.123,0.290,1.314,52.650,32.550,-22.350,32.5
21:21:58.698,2836440,-10.707,12.282,-3.491,1.980,0.233,0.848,49.500,39.750,-20.700,32.5
21:21:58.750,2836494,-6.783,-3.364,-4.135,-0.106,0.123,1.323,49.500,39.750,-20.700,32.6
21:21:58.802,2836548,-9.076,4.719,-2.203,-0.226,0.064,0.779,49.500,39.750,-20.700,32.5
21:21:58.855,2836602,-7.697,4.281,-3.879,-0.062,0.094,0.631,42.750,46.350,-25.200,32.7
21:21:58.960,2836656,-9.673,6.579,-2.212,-0.376,0.143,0.217,42.750,46.350,-25.200,32.6
21:21:58.961,2836710,-7.851,3.170,-4.312,-0.071,0.287,-0.049,40.500,47.850,-22.950,32.8
21:21:59.014,2836764,-7.846,5.885,-3.644,-0.705,0.271,-0.354,40.500,47.850,-22.950,32.8
21:21:59.066,2836818,-8.291,4.968,-3.632,-0.163,0.245,-0.369,41.700,46.650,-21.450,32.6
21:21:59.119,2836872,-8.279,3.757,-3.871,-0.130,-0.027,-0.377,41.700,46.650,-21.450,32.3
21:21:59.171,2836926,-9.337,3.512,-2.895,-0.158,-0.148,-0.381,42.900,45.000,-24.300,32.3
21:21:59.223,2836980,-9.618,3.881,-2.612,-0.271,-0.117,-0.494,42.900,45.000,-24.300,32.5
21:21:59.275,2837034,-8.552,4.422,-1.915,0.180,-0.124,-0.417,44.400,40.650,-23.100,32.8
21:21:59.329,2837088,-9.052,2.974,-3.333,-0.042,0.096,-0.312,44.400,40.650,-23.100,32.7
21:21:59.381,2837142,-9.299,5.150,-2.703,0.080,0.140,-0.258,45.750,40.950,-22.200,32.6
21:21:59.433,2837196,-9.280,5.085,-4.029,0.393,0.072,-0.096,45.750,40.950,-22.200,32.6
21:21:59.485,2837250,-9.416,4.286,-3.065,-0.044,0.072,0.031,45.750,40.950,-22.200,32.5
21:21:59.538,2837304,-8.902,2.667,-2.914,0.072,-0.076,0.005,45.000,40.200,-21.450,32.6
21:21:59.590,2837358,-8.176,4.980,-1.743,-0.035,-0.084,-0.216,45.000,40.200,-21.450,32.6
21:21:59.642,2837412,-8.133,2.531,-2.782,0.125,-0.088,-0.232,45.900,40.350,-23.100,32.4
21:21:59.696,2837466,-8.902,4.226,-1.956,0.077,0.086,-0.251,45.900,40.350,-23.100,32.7
21:21:59.748,2837520,-8.751,3.613,-3.141,0.265,0.131,-0.242,45.900,40.350,-23.100,32.7
21:21:59.800,2837574,-10.008,3.292,-3.060,-0.402,0.252,-0.188,45.900,40.350,-23.100,32.6
21:21:59.852,2837628,-15.251,9.117,-6.400,0.338,0.301,0.138,46.650,36.450,-24.900,32.5
21:22:00.010,2837682,-13.534,5.777,-5.018,0.319,-0.144,1.062,46.650,36.450,-24.900,32.4
21:22:00.012,2837736,-10.403,5.832,-3.254,-0.315,-0.174,0.848,46.650,39.600,-24.600,32.5
21:22:00.014,2837790,-9.108,5.902,-3.170,-0.078,-0.107,0.389,42.450,45.150,-22.650,32.8
21:22:00.115,2837844,-9.136,1.714,-3.349,-0.649,-0.240,0.247,42.450,45.150,-22.650,32.4
21:22:00.168,2837898,-8.236,5.600,-2.629,0.573,-0.351,-0.285,42.450,45.150,-22.650,32.6
21:22:00.220,2837952,-7.807,3.965,-2.540,-0.107,-0.382,-0.458,42.450,45.150,-22.650,32.7
21:22:00.272,2838006,-6.886,2.277,-2.241,1.050,-0.181,-0.669,44.700,47.100,-19.650,32.6
21:22:00.326,2838060,-7.891,6.297,-2.337,-0.501,0.343,-0.813,44.700,47.100,-19.650,32.6
21:22:00.378,2838114,-9.210,-0.967,-3.630,0.352,0.330,-1.039,48.000,42.450,-20.100,32.6
21:22:00.430,2838168,-7.556,0.424,-2.899,-0.233,0.223,-1.166,48.000,42.450,-20.100,32.5
21:22:00.482,2838222,-7.429,3.745,-3.998,-1.253,0.055,-1.603,48.000,42.450,-20.100,32.6
21:22:00.535,2838276,-6.431,-4.039,-1.731,-0.577,-0.400,-1.280,48.000,42.450,-20.100,32.6
21:22:00.587,2838330,-7.228,5.198,-2.686,-0.124,-0.646,-1.129,55.050,34.350,-18.150,32.6
21:22:00.640,2838384,-7.391,-3.148,-2.555,-0.035,-0.593,-0.952,57.450,26.850,-14.700,32.4
21:22:00.694,2838438,-9.974,7.120,-3.666,1.498,-0.407,-0.620,57.450,26.850,-14.700,32.6
21:22:00.745,2838492,-9.270,1.331,-2.535,-1.146,-0.786,-2.345,61.200,22.500,-11.400,32.6
21:22:00.797,2838546,-6.661,-2.751,-2.988,4.347,-0.076,-0.757,61.200,22.500,-11.400,32.8
21:22:00.850,2838600,-6.457,12.330,-0.857,-0.576,0.265,0.039,62.550,17.400,-13.500,32.5
21:22:00.903,2838654,-8.380,-1.477,-1.135,-0.870,0.419,0.485,62.550,17.400,-13.500,32.5
21:22:00.956,2838708,-10.920,-0.941,-2.727,-0.077,0.347,-0.041,61.950,19.050,-14.700,32.6
21:22:01.008,2838762,-9.067,-0.678,-2.895,-0.052,0.213,-0.117,61.950,19.050,-14.700,32.8
21:22:01.061,2838816,-9.191,-0.148,-0.074,-0.629,0.283,0.019,63.300,18.450,-16.050,32.3
21:22:01.113,2838870,-8.985,-3.515,-2.303,-0.161,0.208,0.111,63.300,18.450,-16.050,32.6
21:22:01.166,2838924,-9.455,-1.295,-1.987,-0.511,0.353,-0.086,63.300,18.450,-16.050,32.6
21:22:01.218,2838978,-8.784,-2.662,-3.938,0.460,0.284,0.257,63.300,18.450,-16.050,32.6
21:22:01.270,2839032,-6.919,-0.644,-2.327,0.248,0.303,1.100,61.650,16.800,-20.250,32.8
21:22:01.322,2839086,-6.622,2.387,-3.314,0.894,0.290,2.102,61.350,23.850,-21.450,32.7
21:22:01.375,2839140,-6.766,1.609,-2.933,-1.637,0.356,1.832,61.350,23.850,-21.450,32.5
21:22:01.428,2839194,-7.104,-1.970,-3.194,1.094,-0.195,1.823,61.350,23.850,-21.450,32.5
21:22:01.480,2839248,-9.060,6.740,-2.729,-1.139,0.114,1.419,61.350,23.850,-21.450,32.7
21:22:01.533,2839302,-7.633,2.777,-2.684,0.582,0.029,1.088,51.300,42.150,-21.900,32.5
21:22:01.586,2839356,-8.619,4.626,-4.051,-0.374,0.030,0.922,51.300,42.150,-21.900,32.7
21:22:01.639,2839410,-10.130,3.598,-1.539,0.657,-0.067,0.631,46.500,47.100,-22.650,32.8
21:22:01.691,2839464,-9.151,1.949,-2.195,-0.001,-0.064,0.523,46.500,47.100,-22.650,32.6
21:22:01.743,2839518,-8.622,1.149,-4.776,0.043,-0.037,0.266,45.000,47.550,-23.400,32.7
21:22:01.849,2839572,-9.934,6.929,-3.045,0.621,0.082,-0.073,45.000,47.550,-23.400,32.8
21:22:01.850,2839626,-9.359,3.424,-3.163,-0.139,0.291,0.144,44.700,46.350,-24.750,32.5
21:22:01.953,2839680,-8.741,4.020,-3.874,-0.378,0.163,-0.300,42.750,44.400,-27.300,32.7
21:22:02.006,2839734,-8.602,3.924,-3.682,-0.245,0.206,-0.195,42.750,44.400,-27.300,32.5
21:22:02.058,2839788,-8.590,4.247,-3.261,0.104,0.276,-0.282,44.100,43.800,-27.600,32.6
21:22:02.111,2839842,-8.095,5.727,-3.326,-0.499,0.393,-0.354,44.100,43.800,-27.600,32.5
21:22:02.163,2839896,-8.897,1.999,-3.912,0.158,0.278,-0.357,44.100,43.800,-27.600,32.8
21:22:02.215,2839950,-8.490,5.377,-3.555,-0.236,0.192,-0.227,44.100,43.800,-27.600,32.9
21:22:02.267,2840004,-8.744,2.236,-3.393,-0.195,-0.032,-0.297,46.500,40.950,-27.750,32.6
21:22:02.371,2840058,-8.143,3.905,-3.881,-0.001,-0.013,-0.266,46.500,40.950,-27.750,32.6
21:22:02.373,2840112,-8.595,3.570,-2.624,-0.246,0.009,-0.309,47.100,38.850,-27.900,32.6
21:22:02.426,2840166,-8.303,3.017,-3.948,0.355,-0.160,-0.450,47.100,38.850,-27.900,32.8
21:22:02.478,2840220,-8.595,3.115,-3.194,-0.155,-0.035,-0.388,47.100,38.850,-27.900,32.3
21:22:02.531,2840274,-10.092,3.251,-4.046,-0.351,0.086,-0.428,47.700,37.050,-27.750,32.6
21:22:02.582,2840328,-14.040,5.064,-5.126,-0.162,-0.220,-0.135,47.700,37.050,-27.750,32.5
21:22:02.635,2840382,-13.175,4.408,-4.867,0.205,-0.330,0.292,47.400,33.450,-26.400,32.7
21:22:02.688,2840436,-12.368,5.796,-4.757,0.076,-0.043,0.562,47.400,33.450,-26.400,32.5
21:22:02.741,2840490,-11.135,3.285,-3.886,-0.229,-0.192,0.577,48.600,36.900,-26.100,32.6
21:22:02.792,2840544,-8.612,3.311,-2.859,0.350,-0.288,0.465,48.600,36.900,-26.100,32.8
21:22:02.846,2840598,-9.507,3.931,-2.646,0.002,-0.112,0.095,48.600,36.900,-26.100,32.6
21:22:02.898,2840652,-7.954,1.152,-3.553,0.366,-0.036,-0.170,48.600,36.900,-26.100,32.6
21:22:02.950,2840706,-7.764,2.521,-3.139,0.061,0.159,-0.418,46.950,40.200,-24.750,32.2
21:22:03.002,2840760,-8.543,3.259,-3.831,0.189,0.297,-0.334,46.950,40.200,-24.750,32.1
21:22:03.055,2840814,-9.601,1.832,-2.928,-0.217,0.136,-0.498,48.900,41.100,-26.400,32.7
21:22:03.109,2840868,-8.832,1.944,-3.862,-0.234,0.034,-0.718,48.900,41.100,-26.400,32.7
21:22:03.161,2840922,-9.598,4.638,-2.195,0.139,0.047,-0.992,48.900,41.100,-26.400,32.6
21:22:03.212,2840976,-6.706,-0.555,-3.218,-0.598,-0.033,-0.851,54.150,34.200,-26.100,32.5
21:22:03.265,2841030,-8.195,3.089,-3.306,0.661,0.006,-1.014,54.150,34.200,-26.100,32.6
21:22:03.317,2841084,-7.151,1.403,-3.757,-1.411,0.123,-0.978,57.300,30.150,-25.500,32.5
21:22:03.370,2841138,-8.624,0.376,-2.710,0.324,-0.338,-1.038,57.300,30.150,-25.500,32.5
21:22:03.423,2841192,-7.669,-1.693,-4.058,-0.932,-0.471,-0.865,57.900,25.200,-23.550,32.4
21:22:03.475,2841246,-8.466,-0.259,-3.718,1.559,-0.694,-0.690,57.900,25.200,-23.550,32.5
21:22:03.579,2841300,-7.915,-1.796,-0.919,-0.491,-0.561,-1.373,60.150,21.750,-19.500,32.7
21:22:03.580,2841354,-7.386,-4.171,-1.741,2.334,-0.298,-0.661,60.150,21.750,-19.500,32.5
21:22:03.632,2841408,-7.891,8.025,-5.883,-0.181,0.321,0.285,62.850,13.500,-17.850,32.5
21:22:03.738,2841462,-8.171,-9.708,-2.952,-0.683,0.497,0.637,62.850,13.500,-17.850,32.5
21:22:03.740,2841516,-10.101,-1.056,-4.132,-0.134,0.331,0.114,61.950,18.300,-19.500,32.6
21:22:03.844,2841570,-8.851,-0.206,-2.770,0.667,0.060,-0.137,61.950,18.300,-19.500,32.7
21:22:03.895,2841624,-8.792,-0.958,-3.021,-0.365,0.153,-0.021,61.950,18.300,-19.500,32.6
21:22:03.948,2841678,-8.899,-0.828,-3.529,0.164,0.190,-0.071,61.950,17.850,-22.350,32.5
21:22:04.000,2841732,-9.388,-2.512,-2.248,-0.102,0.075,0.063,61.950,17.850,-22.350,32.5
21:22:04.052,2841786,-9.627,0.783,-2.535,-0.167,0.197,0.120,61.050,18.150,-21.450,32.6
21:22:04.105,2841840,-9.340,-1.226,-3.958,0.176,0.304,0.322,61.050,18.150,-21.450,32.5
21:22:04.158,2841894,-8.672,-0.393,-2.842,-0.167,0.296,0.531,61.050,18.150,-21.450,32.8
21:22:04.262,2841948,-6.723,-2.720,-2.916,0.120,0.256,0.930,61.050,18.150,-21.450,32.5
21:22:04.264,2842002,-7.089,5.672,-4.453,-0.495,0.533,1.050,58.950,23.250,-26.100,32.5
21:22:04.316,2842056,-7.709,-2.686,-3.237,-0.625,0.245,1.225,58.950,23.250,-26.100,32.5
21:22:04.419,2842110,-8.246,3.682,-3.275,0.110,-0.141,0.591,57.000,28.950,-26.250,32.5
21:22:04.472,2842164,-7.412,-0.591,-3.347,-0.338,0.021,1.116,53.700,32.550,-25.350,32.5
21:22:04.474,2842218,-7.149,2.155,-4.992,-0.462,0.146,0.841,53.700,32.550,-25.350,32.6
21:22:04.526,2842272,-9.783,3.639,-3.536,-0.076,0.034,0.595,51.300,36.600,-27.000,32.6
21:22:04.579,2842326,-7.788,0.218,-5.186,0.374,-0.061,0.633,51.300,36.600,-27.000,32.8
21:22:04.631,2842380,-8.408,5.306,-2.330,0.114,-0.186,0.449,50.100,37.950,-26.850,32.7
21:22:04.684,2842434,-7.882,2.255,-3.100,-0.374,0.026,0.210,50.100,37.950,-26.850,32.7
21:22:04.736,2842488,-10.077,8.023,-4.211,0.261,-0.013,-0.346,49.050,40.200,-26.550,32.7
21:22:04.788,2842542,-9.275,0.900,-4.621,0.349,0.026,-0.284,49.050,40.200,-26.550,32.8
21:22:04.840,2842596,-9.369,2.993,-4.571,0.438,0.029,-0.296,49.050,40.200,-26.550,32.8
21:22:04.945,2842650,-9.974,1.717,-4.946,-0.591,-0.077,-0.355,49.050,40.200,-26.550,32.5
21:22:04.947,2842704,-9.493,3.565,-3.467,0.175,-0.346,-0.372,49.800,35.100,-29.850,32.6
21:22:04.999,2842758,-9.194,2.820,-4.367,-0.021,-0.305,-0.244,49.350,33.750,-27.900,32.8
21:22:05.051,2842812,-9.783,1.731,-3.792,-0.580,-0.182,-0.356,49.350,33.750,-27.900,32.6
21:22:05.104,2842866,-9.371,3.189,-4.137,0.138,-0.217,-0.345,49.350,33.750,-27.900,32.6
21:22:05.155,2842920,-8.629,1.906,-3.654,-0.216,-0.071,-0.278,49.350,33.750,-27.900,32.7
21:22:05.207,2842974,-8.882,2.416,-3.383,-0.501,-0.046,-0.383,51.000,31.650,-25.500,32.6
21:22:05.260,2843028,-8.890,2.100,-2.808,-0.092,-0.237,-0.448,51.000,31.650,-25.500,32.5
21:22:05.365,2843082,-9.093,2.234,-3.558,-0.263,-0.239,-0.543,51.000,29.700,-24.750,32.5
21:22:05.367,2843136,-13.206,3.713,-4.149,-0.438,-0.441,-0.561,51.000,29.700,-24.750,32.5
21:22:05.417,2843190,-17.420,1.657,-4.745,0.218,-0.843,0.138,53.250,27.000,-24.000,32.8
21:22:05.470,2843244,-12.119,2.887,-3.857,0.089,-0.032,0.244,53.250,27.000,-24.000,32.3
21:22:05.522,2843298,-10.341,1.252,-2.152,-0.562,0.340,0.427,53.250,27.000,-24.000,32.6
21:22:05.628,2843352,-8.837,1.731,-2.382,-0.181,0.383,0.359,53.250,27.000,-24.000,32.6
21:22:05.630,2843406,-9.148,0.062,-3.024,-0.541,0.200,-0.047,51.900,28.800,-19.800,32.6
21:22:05.733,2843460,-9.371,3.146,-2.555,0.190,0.061,-0.181,54.450,31.050,-20.550,32.5
21:22:05.785,2843514,-7.511,1.367,-3.393,-0.088,0.060,-0.244,54.450,31.050,-20.550,32.7
21:22:05.837,2843568,-8.466,1.089,-2.796,-0.177,0.302,-0.288,54.450,31.050,-20.550,32.6
21:22:05.890,2843622,-9.242,3.112,-3.498,0.165,0.143,-0.544,54.450,31.050,-20.550,32.5
21:22:05.942,2843676,-9.127,0.208,-3.033,0.246,0.289,-0.458,55.050,28.950,-21.150,32.5
21:22:06.048,2843730,-8.090,-0.934,-3.112,-0.069,0.033,-0.646,55.050,28.950,-21.150,32.6
21:22:06.049,2843784,-8.871,3.361,-2.279,-0.020,0.095,-0.614,57.150,25.650,-21.000,32.6
21:22:06.100,2843838,-8.607,-2.052,-3.158,0.034,0.181,-0.395,57.150,25.650,-21.000,32.7
21:22:06.153,2843892,-9.981,0.579,-1.810,0.060,0.147,-0.509,58.050,23.100,-21.150,32.6
21:22:06.205,2843946,-9.079,0.486,-3.302,0.271,0.055,-0.541,58.050,23.100,-21.150,32.8
21:22:06.257,2844000,-8.890,-1.451,-3.998,0.130,-0.111,-0.511,59.700,21.750,-23.550,32.8
21:22:06.311,2844054,-9.036,0.072,-2.399,0.808,-0.395,-0.760,59.400,18.750,-21.300,32.5
21:22:06.362,2844108,-8.523,1.535,-4.460,0.310,-0.957,-1.680,59.400,18.750,-21.300,32.5
21:22:06.415,2844162,-5.969,-13.589,0.687,2.128,-1.250,-1.940,62.550,9.150,-16.800,32.6
21:22:06.468,2844216,-9.036,11.942,-1.511,2.248,0.429,0.819,62.550,9.150,-16.800,32.6
21:22:06.520,2844270,-7.309,0.850,-3.062,-3.194,1.025,0.904,62.550,9.150,-16.800,32.8
21:22:06.574,2844324,-11.281,-3.096,-4.604,1.475,0.748,0.836,62.550,9.150,-16.800,32.5
21:22:06.626,2844378,-10.051,-4.061,-3.232,-0.881,0.189,0.399,60.900,16.800,-21.300,32.5
21:22:06.679,2844432,-9.000,-3.005,-4.480,-0.545,0.063,-0.045,60.900,16.800,-21.300,32.6
21:22:06.731,2844486,-9.589,0.170,-4.089,-0.511,0.029,-0.228,61.050,17.400,-21.150,32.6
21:22:06.783,2844540,-8.578,-0.618,-2.401,0.169,0.085,0.145,61.050,17.400,-21.150,32.6
21:22:06.835,2844594,-9.222,0.223,-3.053,0.521,0.152,0.443,60.300,14.250,-21.450,32.4
21:22:06.888,2844648,-9.582,-1.666,-2.564,1.214,-0.729,0.330,60.450,15.900,-21.300,32.6
21:22:06.940,2844702,-3.620,-3.663,-0.766,1.579,-0.129,1.358,60.450,15.900,-21.300,32.5
21:22:06.992,2844756,-5.808,3.575,-9.878,4.045,0.630,1.963,58.800,23.850,-20.700,32.7
21:22:07.045,2844810,-5.183,7.987,7.080,-2.288,1.128,0.531,58.800,23.850,-20.700,32.6
21:22:07.097,2844864,-9.912,-3.508,-7.556,1.256,0.905,1.476,55.650,29.100,-28.650,32.6
21:22:07.150,2844918,-8.782,-0.110,-4.422,0.385,0.464,0.394,55.650,29.100,-28.650,32.6
21:22:07.203,2844972,-8.502,0.318,-5.155,-0.073,0.066,0.644,55.650,29.100,-28.650,32.6
21:22:07.256,2845026,-9.529,0.955,-3.589,0.200,-0.174,0.197,55.650,29.100,-28.650,32.5
21:22:07.308,2845080,-8.789,1.063,-4.769,0.368,0.194,0.174,51.900,33.000,-35.250,32.7
21:22:07.361,2845134,-10.044,1.468,-3.366,0.123,0.023,0.027,51.900,33.000,-35.250,32.6
21:22:07.412,2845188,-9.215,2.174,-4.901,-0.294,0.326,0.068,50.400,31.500,-33.450,32.5
21:22:07.517,2845242,-10.046,1.958,-5.473,-0.167,-0.007,-0.031,50.400,31.500,-33.450,32.8
21:22:07.520,2845296,-10.125,0.534,-3.084,-0.448,-0.199,0.052,50.400,31.500,-33.450,32.9
21:22:07.676,2845350,-9.553,2.150,-5.052,0.021,-0.290,-0.112,48.900,32.250,-34.050,32.6
21:22:07.678,2845404,-10.285,0.871,-3.764,-0.588,-0.171,-0.079,48.900,32.250,-34.050,33.0
21:22:07.728,2845458,-9.007,2.495,-3.869,0.129,-0.189,-0.125,49.050,30.150,-31.050,32.6
21:22:07.780,2845512,-9.407,1.489,-3.428,-0.432,-0.057,-0.215,49.050,30.150,-31.050,32.5
21:22:07.832,2845566,-9.448,1.314,-3.946,-0.287,-0.096,-0.227,50.100,31.800,-31.200,32.8
21:22:07.885,2845620,-9.481,2.006,-3.321,-0.418,-0.051,-0.116,50.100,31.800,-31.200,32.7
21:22:07.938,2845674,-9.682,2.207,-3.697,-0.096,-0.185,-0.091,50.100,31.800,-31.200,32.3
21:22:07.990,2845728,-9.507,1.228,-3.926,-0.089,-0.233,-0.059,50.100,31.800,-31.200,32.6
21:22:08.043,2845782,-9.105,1.647,-2.564,-0.041,-0.256,-0.096,51.750,28.950,-29.550,32.9
21:22:08.147,2845836,-8.930,2.116,-3.361,0.242,-0.278,-0.117,51.750,28.950,-29.550,32.7
21:22:08.149,2845890,-10.015,1.511,-3.481,0.113,-0.152,-0.051,50.400,27.900,-27.600,32.7
21:22:08.200,2845944,-13.805,2.854,-4.621,0.286,0.108,-0.011,50.400,27.900,-27.600,32.5
21:22:08.253,2845998,-15.555,2.332,-6.072,-0.225,0.095,0.275,50.400,27.900,-27.600,32.6
21:22:08.305,2846052,-11.514,2.995,-3.572,-0.070,0.370,0.457,51.300,28.500,-28.500,32.6
21:22:08.357,2846106,-9.792,0.761,-2.772,-0.234,0.432,0.476,51.300,28.500,-28.500,32.6
21:22:08.410,2846160,-9.131,2.145,-3.462,0.231,0.416,0.284,50.250,31.650,-28.500,32.6
21:22:08.462,2846214,-9.292,-3.266,-4.537,-0.695,-0.078,0.395,50.250,31.650,-28.500,32.6
21:22:08.515,2846268,-8.138,3.613,-3.069,0.079,0.030,0.201,48.300,35.100,-27.300,32.5
21:22:08.568,2846322,-7.274,1.355,-3.733,0.301,-0.003,0.122,48.300,35.100,-27.300,32.6
21:22:08.621,2846376,-8.392,3.512,-3.713,-0.013,0.131,-0.182,50.850,37.200,-29.400,32.6
21:22:08.674,2846430,-8.459,1.410,-3.237,0.452,-0.137,-0.278,50.850,37.200,-29.400,32.6
21:22:08.776,2846484,-7.238,0.469,-2.880,-0.128,0.052,-0.359,50.250,35.850,-28.050,32.5
21:22:08.778,2846538,-8.696,2.492,-2.270,-0.239,0.009,-0.691,51.000,35.100,-27.000,32.8
21:22:08.830,2846592,-7.666,2.437,-3.752,0.642,-0.042,-0.585,51.000,35.100,-27.000,32.7
21:22:08.882,2846646,-8.272,0.876,-3.575,-0.185,-0.081,-0.722,51.000,35.100,-27.000,32.7
21:22:08.935,2846700,-7.242,0.493,-3.479,0.332,-0.304,-0.499,51.000,35.100,-27.000,32.5
21:22:08.988,2846754,-8.866,1.846,-3.804,-0.050,-0.132,-0.587,55.500,28.950,-27.750,32.8
21:22:09.040,2846808,-9.373,-0.788,-3.936,0.100,-0.189,-0.640,55.500,28.950,-27.750,32.6
21:22:09.093,2846862,-7.187,-2.559,-3.041,0.490,-0.392,-0.340,57.150,26.400,-26.400,32.5
21:22:09.146,2846916,-6.594,0.433,-2.148,-0.561,-0.086,-0.205,57.150,26.400,-26.400,32.3
21:22:09.199,2846970,-9.256,2.365,-2.835,0.582,0.154,-0.166,57.150,26.400,-26.400,32.6
21:22:09.250,2847024,-9.009,-1.295,-4.808,-0.137,0.196,-0.178,57.150,26.400,-26.400,32.6
21:22:09.303,2847078,-9.043,0.486,-2.978,-0.282,-0.079,-0.520,58.650,27.150,-23.850,32.8
21:22:09.408,2847132,-9.108,-0.244,-4.185,0.299,-0.357,-0.494,59.250,21.600,-25.200,32.6
21:22:09.410,2847186,-9.644,0.225,-3.316,0.247,-0.250,-0.426,59.250,21.600,-25.200,32.6
21:22:09.512,2847240,-9.349,0.275,-2.301,0.688,-0.229,-0.431,60.450,20.250,-24.600,32.5
21:22:09.565,2847294,-10.111,-0.615,-4.053,0.225,-0.484,-0.834,60.450,20.250,-24.600,32.6
21:22:09.617,2847348,-8.102,-6.661,-0.141,0.939,-1.086,-1.458,60.450,20.250,-24.600,32.6
21:22:09.671,2847402,-6.136,8.373,-4.547,3.066,-0.354,-0.255,60.450,20.250,-24.600,32.5
21:22:09.722,2847456,-7.614,0.977,-2.085,-2.093,0.680,0.506,62.100,12.750,-21.450,32.5
21:22:09.775,2847510,-10.508,-8.495,-2.344,1.522,0.280,0.413,62.100,12.750,-21.450,32.8
21:22:09.827,2847564,-9.912,-1.267,-2.607,-0.330,0.156,0.242,59.850,15.750,-25.500,32.7
21:22:09.880,2847618,-9.613,-1.889,-1.796,0.216,0.131,0.141,59.850,15.750,-25.500,32.6
21:22:09.933,2847672,-9.558,-1.944,-3.603,0.080,0.137,0.184,59.850,15.750,-25.500,32.8
21:22:09.985,2847726,-9.352,-1.702,-2.916,0.352,-0.033,0.143,59.850,15.750,-25.500,32.5
21:22:10.038,2847780,-9.335,-2.296,-2.761,0.135,-0.015,0.219,59.700,16.350,-24.600,32.6
21:22:10.142,2847834,-8.837,-1.973,-2.550,-0.451,-0.017,0.072,61.050,18.150,-25.500,32.6
21:22:10.144,2847888,-8.768,-1.628,-2.727,0.236,-0.031,0.149,61.050,18.150,-25.500,32.5
21:22:10.196,2847942,-9.867,0.261,-4.611,0.199,-0.035,-0.056,59.400,17.550,-24.300,32.7
21:22:10.247,2847996,-9.270,-1.386,-2.433,-0.015,-0.025,0.018,59.400,17.550,-24.300,32.7
21:22:10.352,2848050,-8.574,-1.188,-2.765,-0.143,-0.024,0.032,59.400,16.800,-25.350,32.8
21:22:10.354,2848104,-8.945,-1.137,-2.255,-0.193,0.011,-0.040,59.400,16.800,-25.350,32.8
21:22:10.406,2848158,-8.370,-1.975,-2.856,0.181,-0.106,0.003,60.300,17.400,-22.950,32.7
21:22:10.458,2848212,-8.887,-2.136,-2.552,-0.001,-0.025,0.070,60.300,17.400,-22.950,32.8
21:22:10.510,2848266,-9.431,0.508,-3.685,-0.502,0.275,0.248,58.650,17.850,-23.100,32.8
21:22:10.562,2848320,-9.867,2.720,-4.525,0.629,0.284,0.144,58.650,17.850,-23.100,32.7
21:22:10.615,2848374,-7.683,-3.847,-2.346,0.111,0.317,0.254,58.650,17.850,-23.100,32.4
21:22:10.668,2848428,-8.150,1.595,-2.804,-0.304,0.492,0.492,57.900,20.250,-27.600,32.6
21:22:10.721,2848482,-8.586,-1.903,-4.365,-0.178,0.369,0.740,57.900,20.250,-27.600,32.7
21:22:10.774,2848536,-8.339,-1.405,-3.677,-0.863,0.262,0.692,54.150,25.650,-28.200,32.6
21:22:10.878,2848590,-8.830,2.018,-2.916,0.188,0.278,0.712,54.150,25.650,-28.200,32.6
21:22:10.880,2848644,-9.392,2.380,-3.498,-0.064,0.314,0.740,54.000,28.200,-28.800,32.8
21:22:10.931,2848698,-8.432,-1.235,-4.104,-0.327,0.386,0.926,54.000,28.200,-28.800,32.6
21:22:10.984,2848752,-8.358,-0.338,-5.104,-0.671,0.262,0.790,51.600,30.600,-30.450,32.7
21:22:11.035,2848806,-9.275,5.523,-2.691,-0.686,0.128,0.516,51.600,30.600,-30.450,32.6
21:22:11.088,2848860,-7.422,0.472,-4.494,0.133,0.167,0.715,47.700,34.350,-30.600,32.6
21:22:11.140,2848914,-9.033,2.131,-5.061,-0.873,0.124,0.333,47.700,34.350,-30.600,32.5
21:22:11.193,2848968,-8.758,2.670,-4.511,-0.245,-0.048,0.167,46.650,36.900,-31.200,32.5
21:22:11.298,2849022,-8.772,4.173,-4.927,-0.454,0.057,-0.215,46.650,36.900,-31.200,32.8
21:22:11.300,2849076,-9.067,2.193,-4.283,-0.271,-0.061,-0.045,46.650,36.900,-31.200,32.8
21:22:11.403,2849130,-8.607,3.476,-3.919,-0.634,-0.146,-0.166,44.700,35.850,-28.500,32.6
21:22:11.455,2849184,-9.419,3.218,-3.254,-0.298,-0.143,-0.263,44.700,35.850,-28.500,32.6
21:22:11.507,2849238,-8.684,3.244,-3.330,-0.523,-0.003,-0.330,46.350,36.150,-25.650,32.6
21:22:11.560,2849292,-8.837,3.021,-2.756,-0.188,0.155,-0.266,46.350,36.150,-25.650,32.5
21:22:11.612,2849346,-8.945,2.203,-3.141,-0.280,0.253,-0.253,47.700,34.800,-24.450,32.5
21:22:11.666,2849400,-9.582,2.330,-3.440,-0.435,0.039,-0.284,47.700,34.800,-24.450,32.6
21:22:11.717,2849454,-9.538,2.406,-3.361,-0.227,-0.159,-0.406,46.350,32.550,-25.650,32.7
21:22:11.770,2849508,-9.072,2.124,-3.462,-0.194,-0.136,-0.480,46.350,32.550,-25.650,32.6
21:22:11.822,2849562,-9.536,1.738,-2.942,-0.359,-0.118,-0.484,47.700,31.200,-24.000,32.6
21:22:11.876,2849616,-9.680,1.286,-3.330,-0.226,-0.168,-0.562,48.300,27.450,-24.000,32.5
21:22:11.927,2849670,-9.313,1.882,-2.488,-0.286,-0.044,-0.551,48.300,27.450,-24.000,32.6
21:22:11.980,2849724,-8.981,1.611,-3.354,-0.118,-0.036,-0.595,48.300,27.450,-24.000,32.6
21:22:12.032,2849778,-8.871,0.709,-3.067,-0.128,-0.147,-0.540,48.300,27.450,-24.000,32.5
21:22:12.085,2849832,-8.930,1.575,-2.806,0.094,-0.199,-0.453,51.750,22.800,-22.200,32.4
21:22:12.138,2849886,-10.444,0.663,-3.682,-0.122,-0.126,-0.154,51.750,22.800,-22.200,32.8
21:22:12.190,2849940,-13.985,1.776,-5.337,-0.159,-0.116,0.126,50.250,23.100,-22.950,32.5
21:22:12.243,2849994,-15.012,2.835,-4.666,-0.085,-0.106,1.204,50.250,23.100,-22.950,32.8
21:22:12.296,2850048,-11.827,3.371,-4.159,0.446,-0.006,1.124,50.250,23.100,-22.950,32.7
21:22:12.348,2850102,-9.986,1.128,-4.185,-1.266,0.201,1.249,50.250,23.100,-22.950,32.6
21:22:12.452,2850156,-9.079,2.976,-3.242,0.581,0.020,0.848,48.000,32.850,-20.100,32.6
21:22:12.454,2850210,-8.758,4.934,-3.089,-0.133,-0.110,0.370,48.000,32.850,-20.100,32.5
21:22:12.506,2850264,-8.909,1.137,-3.639,0.794,-0.188,0.163,45.900,34.950,-21.750,32.5
21:22:12.557,2850318,-9.285,4.958,-2.555,0.375,-0.020,-0.171,48.300,36.300,-21.150,32.5
21:22:12.610,2850372,-8.308,0.692,-1.901,0.560,-0.047,-0.305,48.300,36.300,-21.150,32.7
21:22:12.663,2850426,-6.457,2.047,-2.473,0.015,0.040,-0.592,48.300,36.300,-21.150,32.8
21:22:12.766,2850480,-8.504,2.052,-2.485,0.806,-0.068,-0.632,48.300,36.300,-21.150,32.6
21:22:12.768,2850534,-8.794,0.656,-3.290,-0.538,0.049,-0.756,50.100,33.450,-20.550,32.8
21:22:12.872,2850588,-9.009,0.338,-3.120,0.338,-0.206,-0.848,50.100,33.450,-20.550,32.6
21:22:12.874,2850642,-8.341,2.784,-2.974,0.018,-0.212,-0.768,52.050,30.450,-21.150,32.6
21:22:12.978,2850696,-9.297,0.903,-3.187,0.074,-0.245,-0.852,52.050,30.450,-21.150,32.5
21:22:12.979,2850750,-9.261,-0.651,-3.670,0.970,-0.320,-0.706,52.050,30.450,-21.150,32.5
21:22:13.031,2850804,-7.853,-0.139,-3.778,0.134,-0.467,-0.610,52.050,30.450,-21.150,32.6
21:22:13.083,2850858,-8.396,-0.658,-1.204,0.948,-0.423,-0.376,55.500,24.300,-19.650,32.8
21:22:13.188,2850912,-9.644,1.022,-3.850,0.474,-0.954,-1.231,55.500,21.150,-17.100,32.8
21:22:13.190,2850966,-6.086,-7.058,0.675,0.549,-1.422,-1.696,55.500,21.150,-17.100,32.5
21:22:13.293,2851020,-8.186,1.355,-3.426,3.123,-0.059,-0.149,57.000,12.300,-12.750,32.8
21:22:13.346,2851074,-9.428,0.998,-2.011,0.330,0.774,0.538,57.000,12.300,-12.750,32.8
21:22:13.399,2851128,-8.808,-10.151,-4.005,-1.305,0.861,0.492,58.500,15.000,-17.550,32.5
21:22:13.451,2851182,-11.021,3.768,-3.146,1.496,0.358,0.180,58.500,15.000,-17.550,32.8
21:22:13.504,2851236,-9.651,-2.562,-2.277,-0.304,0.284,0.236,58.650,18.300,-18.750,32.5
21:22:13.555,2851290,-9.244,-2.897,-1.946,0.116,0.119,0.167,58.650,18.300,-18.750,32.8
21:22:13.609,2851344,-10.130,-0.373,-3.594,0.290,0.050,0.285,57.750,18.900,-22.650,32.8
21:22:13.712,2851398,-9.471,-1.247,-3.515,0.180,0.197,0.317,57.750,18.900,-22.650,32.6
21:22:13.714,2851452,-9.189,-1.118,-2.986,-0.270,0.191,0.420,57.750,18.900,-22.650,32.6
21:22:13.817,2851506,-7.317,-3.474,-3.196,0.330,0.069,0.699,57.150,23.250,-24.300,32.6
21:22:13.819,2851560,-7.575,-0.225,-1.494,-1.204,0.538,0.710,57.150,23.250,-24.300,32.5
21:22:13.870,2851614,-6.424,-0.113,-3.237,-0.832,0.724,0.957,54.900,27.150,-24.900,32.7
21:22:13.923,2851668,-6.783,-0.778,-3.512,-0.820,0.512,1.158,54.900,27.150,-24.900,32.6
21:22:13.976,2851722,-10.041,6.491,-2.629,-1.225,0.613,0.521,52.350,31.800,-26.400,32.5
21:22:14.027,2851776,-7.963,0.577,-4.556,0.001,0.180,0.606,52.350,31.800,-26.400,32.6
21:22:14.080,2851830,-10.104,7.046,-3.584,-0.573,0.434,0.186,50.250,34.350,-25.950,32.7
21:22:14.133,2851884,-7.077,-2.770,-4.408,-0.626,0.283,0.610,50.250,34.350,-25.950,32.6
21:22:14.186,2851938,-8.270,3.740,-3.086,-0.202,0.238,0.184,49.500,37.050,-26.550,32.6
21:22:14.237,2851992,-9.685,6.838,-3.955,-1.179,0.450,-0.119,49.500,37.050,-26.550,32.8
21:22:14.343,2852046,-9.977,2.322,-3.364,0.128,0.288,-0.280,47.400,35.700,-25.350,32.8
21:22:14.345,2852100,-8.959,1.875,-4.561,-0.248,0.234,-0.112,47.400,35.700,-25.350,32.7
21:22:14.395,2852154,-10.163,3.309,-4.238,-0.771,0.345,-0.166,47.400,35.700,-25.350,32.6
21:22:14.447,2852208,-9.486,2.638,-5.617,-0.162,-0.038,-0.051,45.450,35.850,-27.300,32.6
21:22:14.501,2852262,-9.392,1.489,-4.690,-0.617,-0.139,-0.115,45.450,35.850,-27.300,32.6
21:22:14.554,2852316,-8.507,3.134,-3.395,0.171,-0.052,-0.157,45.450,33.900,-25.500,32.7
21:22:14.605,2852370,-8.595,3.915,-3.974,-0.049,-0.033,-0.191,45.450,33.900,-25.500,32.6
21:22:14.657,2852424,-8.873,1.288,-3.299,-0.265,-0.134,-0.163,45.450,33.900,-25.500,32.8
21:22:14.710,2852478,-8.818,4.130,-4.080,0.138,-0.150,-0.303,45.450,33.900,-25.500,32.7
21:22:14.762,2852532,-9.134,2.076,-3.757,0.138,-0.074,-0.353,46.950,31.650,-24.450,32.8
21:22:14.815,2852586,-8.784,2.729,-3.893,0.224,0.066,-0.344,46.950,31.650,-24.450,32.8
21:22:14.868,2852640,-8.856,2.509,-3.663,0.148,0.057,-0.344,47.400,29.100,-26.850,32.5
21:22:14.920,2852694,-9.342,2.143,-3.565,0.016,-0.068,-0.211,47.400,29.100,-26.850,32.7
21:22:14.973,2852748,-8.552,2.423,-3.867,0.058,-0.178,-0.055,46.950,27.450,-27.000,32.5
21:22:15.078,2852802,-9.026,2.045,-3.824,0.004,-0.239,-0.032,46.950,27.450,-27.000,32.5
21:22:15.080,2852856,-9.325,2.873,-4.599,0.135,-0.224,-0.073,46.950,27.450,-27.000,32.8
21:22:15.183,2852910,-10.592,2.148,-3.531,-0.049,-0.021,0.062,48.000,27.450,-24.000,32.8
21:22:15.235,2852964,-13.082,3.974,-5.588,0.066,0.131,0.181,48.000,27.450,-24.000,32.6
21:22:15.288,2853018,-13.611,3.986,-5.054,-0.298,0.187,0.874,47.850,28.800,-24.300,32.6
21:22:15.341,2853072,-11.006,2.696,-3.864,-0.340,0.274,0.861,47.850,28.800,-24.300,32.8
21:22:15.394,2853126,-10.080,3.512,-3.062,0.237,0.164,0.524,47.850,28.800,-24.300,32.6
21:22:15.445,2853180,-8.461,2.057,-2.986,-0.027,-0.065,0.147,47.850,28.800,-24.300,32.6
21:22:15.498,2853234,-8.442,1.312,-3.730,0.312,-0.152,-0.006,44.700,33.600,-23.700,32.6
21:22:15.551,2853288,-9.704,4.207,-2.562,-0.158,-0.241,-0.032,44.700,33.600,-23.700,32.8
21:22:15.603,2853342,-7.750,0.175,-4.132,0.064,-0.213,0.107,47.250,35.550,-23.400,32.6
21:22:15.655,2853396,-8.174,2.835,-3.881,0.812,-0.197,-0.216,48.000,35.550,-24.450,32.6
21:22:15.707,2853450,-8.128,1.776,-3.103,-0.416,-0.103,-0.292,48.000,35.550,-24.450,32.6
21:22:15.760,2853504,-7.743,1.851,-3.244,0.750,-0.139,-0.549,48.300,35.550,-23.700,32.5
21:22:15.812,2853558,-6.639,0.955,-2.823,-0.375,-0.107,-0.446,48.300,35.550,-23.700,32.6
21:22:15.865,2853612,-7.185,0.170,-3.654,0.585,-0.261,-0.507,51.300,32.850,-24.000,32.5
21:22:15.918,2853666,-6.747,-1.460,-3.900,-0.463,-0.258,-0.511,51.300,32.850,-24.000,32.5
21:22:15.971,2853720,-7.851,0.620,-4.415,0.705,-0.279,-0.492,53.550,30.900,-21.900,32.5
21:22:16.024,2853774,-9.737,2.224,-3.512,0.213,-0.226,-0.371,53.550,30.900,-21.900,32.8
21:22:16.076,2853828,-8.631,-2.040,-3.965,0.348,-0.380,-0.248,53.550,30.900,-21.900,32.8
21:22:16.128,2853882,-8.351,2.727,-2.567,0.015,-0.373,-0.390,53.550,30.900,-21.900,32.7
21:22:16.181,2853936,-9.215,-0.172,-3.086,0.021,-0.336,-0.156,56.550,28.500,-20.400,32.8
21:22:16.232,2853990,-8.993,-0.115,-2.270,0.043,-0.449,-0.573,55.500,26.250,-19.350,32.6
21:22:16.337,2854044,-8.914,0.740,-3.041,0.097,-0.431,-0.683,55.500,26.250,-19.350,32.8
21:22:16.339,2854098,-9.452,0.711,-3.139,0.738,-0.714,-1.209,57.150,22.950,-17.250,32.5
21:22:16.391,2854152,-8.193,-7.396,0.682,2.567,-0.427,-0.816,57.150,22.950,-17.250,32.6
21:22:16.443,2854206,-8.305,8.047,-4.997,0.989,0.208,0.279,58.800,16.950,-16.350,32.6
21:22:16.548,2854260,-8.887,-4.025,-1.999,-1.455,0.313,0.078,58.800,16.950,-16.350,32.8
21:22:16.550,2854314,-10.616,-0.199,-2.512,0.470,0.274,0.298,56.550,20.400,-17.850,32.8
21:22:16.601,2854368,-9.752,-1.504,-2.842,0.160,0.010,0.082,56.550,20.400,-17.850,32.8
21:22:16.652,2854422,-9.469,-0.472,-3.146,0.466,0.043,0.153,56.700,20.550,-18.450,32.6
21:22:16.705,2854476,-9.335,0.536,-2.957,-0.161,0.120,0.173,56.700,20.550,-18.450,32.6
21:22:16.757,2854530,-8.849,-0.747,-2.684,0.621,0.217,0.647,56.700,20.550,-18.450,32.4
21:22:16.810,2854584,-8.011,1.044,-2.880,-1.039,0.366,0.809,56.700,20.550,-18.450,32.5
21:22:16.863,2854638,-6.412,-0.520,-2.557,0.482,0.318,1.314,55.950,23.700,-20.550,32.6
21:22:16.968,2854692,-8.088,2.538,-2.172,-0.101,0.390,1.563,52.350,29.850,-23.550,32.7
21:22:16.970,2854746,-8.159,3.572,-3.431,1.227,0.629,1.659,52.350,29.850,-23.550,32.8
21:22:17.074,2854800,-6.642,-0.843,-1.671,-1.650,0.724,1.351,52.350,29.850,-23.550,32.6
21:22:17.126,2854854,-10.178,8.691,-2.176,-0.859,0.912,1.057,52.350,29.850,-23.550,32.8
21:22:17.178,2854908,-9.021,7.683,-4.025,0.645,0.592,0.632,44.700,42.150,-26.250,32.5
21:22:17.230,2854962,-8.437,4.527,-4.223,-0.075,0.332,0.434,44.700,42.150,-26.250,32.8
21:22:17.282,2855016,-5.456,1.566,-4.788,-0.202,0.151,0.402,41.550,44.250,-27.150,32.3
21:22:17.336,2855070,-6.752,0.723,-2.270,0.722,0.314,0.479,41.550,44.250,-27.150,32.6
21:22:17.389,2855124,-7.614,7.065,-4.671,-1.594,0.333,-0.172,40.800,44.550,-30.150,32.8
21:22:17.441,2855178,-8.485,0.146,-5.057,0.188,0.211,-0.032,40.800,44.550,-30.150,32.8
21:22:17.494,2855232,-8.686,6.424,-5.341,-0.000,0.236,-0.790,39.600,43.800,-29.700,32.8
21:22:17.546,2855286,-8.681,1.465,-5.042,-0.478,0.023,-0.723,41.700,40.950,-31.350,32.5
21:22:17.599,2855340,-9.333,8.327,-6.333,0.396,-0.053,-0.869,41.700,40.950,-31.350,32.8
21:22:17.651,2855394,-10.144,1.781,-4.515,-0.826,-0.217,-0.570,43.200,36.300,-30.300,32.7
21:22:17.702,2855448,-9.261,4.214,-4.312,0.537,-0.220,-0.505,43.200,36.300,-30.300,32.8
21:22:17.755,2855502,-8.531,1.803,-4.547,-0.802,-0.292,-0.502,43.200,36.300,-30.300,32.5
21:22:17.808,2855556,-8.710,2.679,-3.512,-0.046,-0.220,-0.508,43.200,36.300,-30.300,32.5
21:22:17.861,2855610,-8.784,2.969,-4.010,-0.240,-0.281,-0.552,46.650,32.550,-28.650,32.7
21:22:17.914,2855664,-9.438,2.255,-3.249,-0.125,-0.323,-0.443,46.650,32.550,-28.650,32.6
21:22:17.966,2855718,-9.045,2.483,-3.812,0.019,-0.443,-0.435,47.250,29.250,-26.550,32.6
21:22:18.018,2855772,-9.270,2.030,-3.529,-0.018,-0.256,-0.350,47.250,29.250,-26.550,32.5
21:22:18.071,2855826,-10.175,2.547,-2.885,-0.357,0.023,-0.325,47.250,29.250,-26.550,32.6
21:22:18.123,2855880,-12.819,-0.441,-5.337,0.374,0.165,-0.122,48.900,27.900,-26.400,32.8
21:22:18.175,2855934,-14.937,2.942,-6.816,-0.468,0.199,0.439,48.900,27.900,-26.400,32.8
21:22:18.227,2855988,-11.832,1.223,-4.673,-0.270,0.403,0.743,47.400,30.600,-26.850,32.4
21:22:18.280,2856042,-9.354,3.079,-3.203,0.066,0.621,0.824,47.400,30.600,-26.850,32.4
21:22:18.332,2856096,-9.088,3.227,-2.811,-0.642,0.503,0.274,47.250,32.400,-27.300,32.7
21:22:18.437,2856150,-8.693,1.954,-3.531,-0.205,0.169,-0.101,47.250,32.400,-27.300,32.9
21:22:18.439,2856204,-7.781,0.690,-2.622,-0.018,0.140,-0.040,46.200,34.350,-27.300,32.6
21:22:18.490,2856258,-7.633,4.767,-3.869,0.388,0.123,-0.256,46.200,34.350,-27.300,32.8
21:22:18.543,2856312,-7.254,0.426,-4.535,-0.583,0.095,-0.140,48.000,33.150,-28.800,32.7
21:22:18.596,2856366,-8.047,-0.943,-3.215,0.731,-0.008,-0.141,48.000,33.150,-28.800,32.6
21:22:18.648,2856420,-7.295,3.455,-4.259,0.016,0.042,-0.255,47.850,34.950,-26.100,32.5
21:22:18.700,2856474,-7.721,0.038,-3.484,0.264,0.236,-0.243,47.850,34.950,-26.100,32.6
21:22:18.753,2856528,-7.570,5.351,-3.278,0.083,0.193,-0.420,47.850,34.950,-26.100,32.5
21:22:18.857,2856582,-8.679,1.389,-3.843,0.018,0.049,-0.330,50.550,31.950,-28.500,32.6
21:22:18.859,2856636,-8.655,3.397,-4.896,0.538,0.048,-0.342,50.550,31.950,-28.500,32.7
21:22:18.962,2856690,-9.258,1.729,-6.026,-1.005,0.097,-0.485,51.150,29.850,-27.900,32.5
21:22:19.016,2856744,-8.444,-1.484,-5.540,0.856,-0.400,-0.633,51.150,29.850,-27.900,32.6
21:22:19.067,2856798,-7.096,1.178,-4.219,-0.174,-0.280,-0.526,51.150,29.850,-27.900,32.5
21:22:19.172,2856852,-6.357,-1.973,-3.689,-0.066,-0.358,-0.464,51.150,29.850,-27.900,32.6
21:22:19.174,2856906,-8.085,1.147,-4.061,0.243,-0.285,-0.331,54.750,25.050,-26.250,32.7
21:22:19.225,2856960,-8.681,-3.991,-3.773,-0.903,-0.467,-0.442,54.750,25.050,-26.250,32.7
21:22:19.277,2857014,-7.738,-1.659,-2.878,0.902,-0.527,-0.462,56.400,24.900,-24.300,32.5
21:22:19.330,2857068,-9.234,4.073,-4.238,-0.339,-0.541,-0.555,56.400,24.900,-24.300,32.9
21:22:19.382,2857122,-9.227,-2.919,-2.212,0.531,-0.708,-0.794,55.200,22.200,-22.050,32.6
21:22:19.487,2857176,-8.803,0.721,-3.203,-0.329,-0.576,-0.744,55.200,22.200,-22.050,32.5
21:22:19.489,2857230,-8.684,-5.265,-1.159,0.833,-0.715,-0.952,55.200,22.200,-22.050,32.5
21:22:19.540,2857284,-8.217,-3.788,-1.729,2.654,-0.267,-0.701,59.550,16.200,-14.250,32.9
21:22:19.593,2857338,-8.839,10.949,-3.754,0.868,0.325,-0.297,59.550,16.200,-14.250,32.7
21:22:19.646,2857392,-7.724,-4.178,-0.144,-1.783,0.383,0.170,60.600,12.300,-18.150,32.6
21:22:19.699,2857446,-11.013,0.836,-3.824,1.143,0.085,-0.014,60.600,12.300,-18.150,32.5
21:22:19.750,2857500,-9.400,-0.790,-2.974,0.825,-0.197,-0.172,60.600,12.300,-18.150,32.5
21:22:19.803,2857554,-8.722,-2.107,-2.763,0.078,-0.002,0.032,60.600,12.300,-18.150,32.6
21:22:19.855,2857608,-10.163,-1.290,-2.586,-0.345,0.022,-0.043,60.150,12.450,-19.050,32.5
21:22:19.907,2857662,-9.316,-4.271,-2.428,0.709,-0.091,0.023,60.150,12.450,-19.050,32.6
21:22:19.961,2857716,-8.775,-3.766,-2.047,0.115,0.013,0.217,58.800,13.050,-19.650,32.8
21:22:20.013,2857770,-10.206,-1.975,-2.500,-0.290,-0.029,0.128,60.450,14.400,-19.500,32.7
21:22:20.066,2857824,-9.225,-3.788,-2.394,0.689,-0.124,0.140,60.450,14.400,-19.500,32.6
21:22:20.118,2857878,-8.475,-2.377,-2.531,0.349,0.032,0.424,58.650,14.400,-21.300,32.5
21:22:20.171,2857932,-7.432,-1.817,-3.390,0.662,0.456,1.174,58.650,14.400,-21.300,32.5
21:22:20.222,2857986,-5.892,-0.436,-2.049,-0.935,0.812,1.851,57.900,20.250,-21.750,32.5
21:22:20.275,2858040,-9.237,1.542,-1.846,-0.367,0.495,1.620,57.900,20.250,-21.750,32.6
21:22:20.327,2858094,-8.554,1.425,-2.672,0.068,0.426,1.547,54.900,29.550,-23.100,32.8
21:22:20.380,2858148,-7.496,-2.612,-4.259,-1.296,0.013,1.518,54.900,29.550,-23.100,32.6
21:22:20.433,2858202,-8.356,0.220,-4.235,-0.493,-0.097,0.918,54.900,29.550,-23.100,32.5
21:22:20.485,2858256,-7.173,1.211,-3.000,0.645,0.110,0.758,54.900,29.550,-23.100,32.8
21:22:20.539,2858310,-8.823,3.395,-2.761,-0.346,0.237,0.606,47.700,39.750,-23.700,32.6
21:22:20.641,2858364,-7.511,-0.407,-3.575,-0.059,0.183,0.803,45.750,39.750,-23.700,32.5
21:22:20.643,2858418,-8.473,5.535,-3.804,-0.791,0.121,0.245,45.750,39.750,-24.000,32.6
21:22:20.747,2858472,-7.618,2.689,-3.543,0.494,0.150,0.285,45.750,39.750,-24.000,32.6
21:22:20.749,2858526,-9.165,3.697,-2.624,-1.152,0.106,-0.054,45.750,39.750,-24.000,32.6
21:22:20.853,2858580,-9.740,4.424,-3.922,-0.227,0.031,-0.063,42.900,42.600,-22.800,32.6
21:22:20.956,2858634,-9.378,4.049,-3.618,-0.734,0.022,-0.207,42.900,42.600,-22.800,32.8
21:22:20.958,2858688,-8.351,2.698,-2.926,-0.416,0.136,-0.204,44.850,42.300,-23.100,32.7
21:22:21.063,2858742,-8.770,4.137,-3.575,-0.738,0.218,-0.354,44.850,42.300,-23.100,32.8
21:22:21.064,2858796,-8.985,2.468,-3.778,-0.556,0.141,-0.405,43.650,39.600,-22.350,32.6
21:22:21.115,2858850,-8.911,3.184,-2.674,-0.076,0.058,-0.299,43.650,39.600,-22.350,32.6
21:22:21.167,2858904,-8.351,4.262,-3.364,-0.609,0.112,-0.345,43.650,39.150,-21.300,32.4
21:22:21.220,2858958,-9.407,3.740,-2.574,-0.483,-0.010,-0.435,43.650,39.150,-21.300,32.5
21:22:21.273,2859012,-9.275,3.488,-3.031,-0.216,0.022,-0.476,45.000,37.050,-21.450,32.8
21:22:21.326,2859066,-9.081,3.156,-2.847,-0.014,0.111,-0.559,47.700,33.150,-20.100,32.8
21:22:21.378,2859120,-9.436,2.840,-2.866,-0.230,0.223,-0.553,47.700,33.150,-20.100,32.6
21:22:21.482,2859174,-9.457,2.083,-3.819,-0.200,0.124,-0.485,47.700,33.150,-20.100,32.8
21:22:21.483,2859228,-9.730,2.698,-3.069,-0.073,0.041,-0.404,47.700,33.150,-20.100,32.6
21:22:21.535,2859282,-9.426,3.263,-3.419,0.044,0.048,-0.283,46.500,30.450,-20.700,32.7
21:22:21.588,2859336,-10.932,2.272,-3.577,-0.217,0.192,0.079,46.500,30.450,-20.700,32.5
21:22:21.693,2859390,-14.873,7.063,-4.843,-0.229,0.099,0.046,47.400,27.600,-21.750,32.3
21:22:21.695,2859444,-12.550,5.150,-4.128,0.191,-0.137,0.305,47.400,27.600,-21.750,32.8
21:22:21.745,2859498,-9.629,2.947,-3.074,0.205,0.101,0.273,47.400,27.600,-21.750,32.6
21:22:21.797,2859552,-9.141,2.909,-1.970,0.146,0.123,0.019,47.400,27.600,-21.750,33.0
21:22:21.850,2859606,-9.524,5.042,-3.275,-0.376,0.226,-0.284,47.700,33.900,-21.450,32.6
21:22:21.903,2859660,-9.064,-0.881,-1.839,0.121,0.113,-0.115,48.900,31.800,-21.000,32.6
21:22:21.955,2859714,-8.351,4.700,-3.783,0.400,0.070,-0.426,48.900,31.800,-21.000,32.6
21:22:22.008,2859768,-8.794,-1.211,-2.938,0.298,0.090,-0.112,50.250,30.450,-20.700,32.7
21:22:22.060,2859822,-8.334,2.713,-3.476,0.386,0.124,-0.413,50.250,30.450,-20.700,32.5
21:22:22.113,2859876,-9.771,2.591,-4.365,0.268,0.015,-0.511,51.600,29.850,-22.350,32.5
21:22:22.166,2859930,-8.119,-1.475,-1.932,0.206,-0.184,-0.412,51.600,29.850,-22.350,32.7
21:22:22.218,2859984,-7.638,2.737,-4.513,0.377,-0.167,-0.455,53.550,27.450,-21.900,32.9
21:22:22.270,2860038,-7.678,-1.693,-4.362,-1.029,-0.156,-0.465,53.550,27.450,-21.900,32.6
21:22:22.323,2860092,-8.689,1.056,-3.084,1.393,-0.165,-0.535,54.150,26.850,-23.100,32.8
21:22:22.376,2860146,-8.947,0.472,-3.488,0.693,-0.302,-0.276,54.150,26.850,-23.100,32.6
21:22:22.427,2860200,-7.479,-1.274,-2.248,0.240,-0.272,-0.295,54.150,26.850,-23.100,32.8
21:22:22.480,2860254,-8.715,3.010,-3.270,0.072,-0.450,-0.285,56.550,22.350,-22.200,32.6
21:22:22.532,2860308,-8.586,-2.375,-2.112,0.772,-0.352,0.096,56.550,22.350,-22.200,32.5
21:22:22.638,2860362,-9.819,1.255,-3.361,0.158,-0.227,0.071,56.400,21.750,-20.550,32.8
21:22:22.640,2860416,-9.287,-3.491,-2.037,-0.011,-0.357,-0.152,56.400,21.750,-20.550,32.8
21:22:22.794,2860470,-8.837,-0.280,-2.581,0.082,-0.364,-0.250,56.550,21.900,-19.350,32.8
21:22:22.796,2860524,-8.715,0.491,-2.349,-0.331,-0.267,-0.209,56.550,21.900,-19.350,32.7
21:22:22.847,2860578,-9.311,0.342,-2.162,0.362,-0.262,-0.093,57.000,20.850,-17.550,32.9
21:22:22.953,2860632,-9.409,-1.650,-2.148,-0.174,-0.227,-0.237,57.000,20.850,-17.550,32.9
21:22:22.954,2860686,-9.479,2.037,-1.769,-0.416,-0.564,-0.616,58.950,20.250,-14.400,32.6
21:22:23.005,2860740,-7.930,-3.026,-0.900,-0.139,-0.895,-1.156,58.950,20.250,-14.400,32.6
21:22:23.058,2860794,-7.556,-5.827,0.007,1.957,-0.013,-0.244,58.500,15.450,-12.300,32.3
21:22:23.110,2860848,-9.244,0.369,-4.685,2.853,0.460,0.086,58.500,15.450,-12.300,32.6
21:22:23.162,2860902,-9.167,1.302,-4.032,-0.856,0.465,-0.102,58.500,15.450,-12.300,32.7
21:22:23.215,2860956,-10.704,-2.772,-1.820,0.209,0.348,-0.068,58.950,18.750,-17.700,32.6
21:22:23.267,2861010,-10.403,-2.076,-2.691,0.473,-0.037,-0.294,58.950,18.750,-17.700,32.8
21:22:23.372,2861064,-9.292,-1.623,-0.862,-0.342,0.032,0.015,58.650,16.800,-17.250,32.8
21:22:23.374,2861118,-9.740,-2.167,-2.674,-0.181,0.186,0.028,58.650,16.800,-17.250,32.8
21:22:23.426,2861172,-9.436,-3.474,-2.057,-0.152,0.168,0.198,58.650,16.800,-17.250,32.8
21:22:23.477,2861226,-9.175,-2.224,-1.824,-0.284,0.185,0.249,58.650,16.800,-17.250,32.6
21:22:23.530,2861280,-9.802,-1.772,-1.058,0.025,0.065,0.135,59.700,16.800,-16.200,32.4
21:22:23.584,2861334,-9.050,-0.196,-3.072,0.234,0.041,0.113,59.700,16.800,-16.200,32.8
21:22:23.635,2861388,-9.335,-0.730,-2.847,-0.019,0.155,0.118,58.650,18.750,-18.450,32.8
21:22:23.688,2861442,-8.509,-2.270,-1.745,0.429,0.336,0.648,58.650,18.750,-18.450,32.8
21:22:23.740,2861496,-8.813,-3.105,-1.884,-0.720,0.314,0.217,57.300,18.900,-21.450,32.8
21:22:23.792,2861550,-9.634,-0.024,-3.230,0.096,0.110,0.112,58.800,21.900,-20.400,32.6
21:22:23.845,2861604,-9.424,-1.018,-2.813,-0.244,-0.013,-0.009,58.800,21.900,-20.400,32.6
21:22:23.897,2861658,-8.425,-1.128,-2.397,0.314,0.092,0.318,58.050,20.400,-21.900,32.8
21:22:23.950,2861712,-7.446,-1.609,-3.654,0.310,0.391,0.601,58.050,20.400,-21.900,32.3
21:22:24.003,2861766,-6.960,2.409,-2.200,-0.508,0.657,0.789,57.900,22.500,-22.350,32.5
21:22:24.107,2861820,-5.787,-1.274,-2.169,0.001,0.670,1.292,57.900,22.500,-22.350,32.6
21:22:24.108,2861874,-6.060,-3.306,-3.096,0.032,0.631,1.497,57.900,22.500,-22.350,32.7
21:22:24.161,2861928,-10.214,8.660,-4.319,0.681,0.338,1.315,57.900,22.500,-22.350,32.7
21:22:24.213,2861982,-10.123,1.092,-4.750,-0.116,0.473,1.362,51.000,35.100,-29.550,32.8
21:22:24.265,2862036,-8.590,-0.881,-5.818,-0.449,0.048,0.768,51.000,35.100,-29.550,32.7
21:22:24.318,2862090,-9.041,7.185,-3.955,-0.014,0.387,0.488,45.900,40.350,-31.200,32.7
21:22:24.423,2862144,-8.449,3.041,-4.846,0.404,0.264,0.147,45.900,40.350,-31.200,32.8
21:22:24.424,2862198,-7.602,1.104,-4.334,-0.037,-0.011,0.217,45.900,40.350,-31.200,32.5
21:22:24.528,2862252,-8.246,5.009,-4.781,0.146,0.050,-0.086,44.250,40.200,-33.600,32.4
21:22:24.530,2862306,-8.837,2.531,-4.362,-0.199,0.175,-0.076,44.250,40.200,-33.600,32.6
21:22:24.634,2862360,-9.787,4.671,-4.932,-0.485,0.275,-0.196,44.700,38.550,-33.150,32.8
21:22:24.738,2862414,-9.404,2.909,-4.360,-0.237,0.208,-0.138,44.700,38.550,-33.150,32.8
21:22:24.740,2862468,-8.605,5.212,-5.392,-0.060,0.128,-0.254,42.750,38.550,-33.900,32.5
21:22:24.790,2862522,-9.831,3.407,-4.829,-0.598,0.046,-0.056,42.750,38.550,-33.900,32.8
21:22:24.842,2862576,-8.291,2.933,-5.097,-0.383,-0.103,-0.034,42.750,38.550,-33.900,32.9
21:22:24.947,2862630,-8.191,3.589,-4.992,-0.588,-0.051,-0.138,42.750,38.550,-33.900,32.8
21:22:24.949,2862684,-8.047,3.026,-5.188,-0.663,-0.186,-0.374,42.750,38.250,-32.850,32.6
21:22:25.000,2862738,-8.732,3.089,-3.970,-0.294,-0.230,-0.277,42.750,38.250,-32.850,32.6
21:22:25.052,2862792,-8.566,5.138,-4.211,-0.441,-0.378,-0.476,44.850,37.200,-28.650,32.9
21:22:25.105,2862846,-8.538,2.954,-3.452,-0.046,-0.418,-0.544,44.850,37.200,-28.650,32.7
21:22:25.158,2862900,-8.028,2.234,-3.299,-0.037,-0.434,-0.573,44.850,37.200,-28.650,32.8
21:22:25.210,2862954,-8.320,2.705,-1.954,0.248,-0.571,-0.620,47.700,31.650,-27.000,32.8
21:22:25.262,2863008,-9.615,1.609,-2.696,0.142,-0.575,-0.613,47.700,31.650,-27.000,32.7
21:22:25.315,2863062,-17.210,2.890,-6.462,0.678,-0.119,0.139,48.900,29.550,-23.850,32.5
21:22:25.420,2863116,-15.045,3.409,-4.982,-0.423,0.292,1.051,48.900,29.550,-23.850,32.6
21:22:25.422,2863170,-11.111,4.453,-3.361,0.195,0.554,1.109,47.100,32.250,-25.650,32.5
21:22:25.472,2863224,-8.902,2.804,-3.124,-0.640,0.369,0.497,47.100,32.250,-25.650,32.6
21:22:25.525,2863278,-7.728,3.069,-3.388,0.403,0.247,-0.080,47.100,32.250,-25.650,32.8
21:22:25.577,2863332,-8.040,1.168,-3.199,-0.238,0.104,-0.486,47.100,32.250,-25.650,32.8
21:22:25.681,2863386,-7.776,1.992,-3.953,0.504,0.131,-0.763,44.250,37.050,-25.500,32.8
21:22:25.683,2863440,-8.854,0.809,-2.528,0.211,0.054,-0.843,49.050,34.350,-23.700,32.8
21:22:25.735,2863494,-8.425,1.702,-4.142,-0.060,0.034,-1.059,49.050,34.350,-23.700,32.8
21:22:25.787,2863548,-9.469,2.105,-3.759,-0.092,0.119,-1.153,49.050,34.350,-23.700,32.6
21:22:25.840,2863602,-6.891,-1.075,-3.184,0.551,0.125,-0.964,49.050,34.350,-23.700,32.6
21:22:25.892,2863656,-6.831,-0.611,-3.627,-0.066,-0.015,-0.944,53.100,26.400,-28.200,32.5
21:22:25.945,2863710,-6.560,0.285,-3.948,-1.294,0.006,-0.677,53.100,26.400,-28.200,32.8
21:22:25.997,2863764,-9.242,-1.432,-3.151,-0.218,-0.174,-0.500,55.500,25.800,-25.950,32.8
21:22:26.050,2863818,-10.003,1.398,-4.726,-0.828,-0.352,-0.776,55.500,25.800,-25.950,32.6
21:22:26.102,2863872,-8.892,-3.443,-3.618,-0.697,-0.638,-0.990,56.550,22.350,-23.700,32.7
21:22:26.156,2863926,-6.900,-0.874,-4.317,1.033,-1.001,-1.125,56.550,22.350,-23.700,32.8
21:22:26.207,2863980,-6.883,-1.219,-2.509,1.342,-0.874,-1.201,58.950,15.900,-21.000,32.7
21:22:26.260,2864034,-7.949,-1.223,-1.259,1.440,-0.061,-0.313,60.600,11.850,-16.800,32.5
21:22:26.312,2864088,-8.911,-1.611,-2.152,-0.317,0.404,0.276,60.600,11.850,-16.800,32.5
21:22:26.417,2864142,-8.768,-6.282,-4.082,-0.355,0.382,0.391,60.150,12.900,-18.000,32.6
21:22:26.419,2864196,-9.076,-1.429,-3.488,0.331,0.054,-0.045,60.150,12.900,-18.000,32.6
21:22:26.522,2864250,-8.507,-1.640,-4.424,0.537,-0.019,0.030,60.150,12.900,-18.000,32.8
21:22:26.575,2864304,-8.885,-1.326,-3.175,-0.064,-0.021,-0.043,60.150,12.900,-18.000,32.8
21:22:26.627,2864358,-9.151,-0.615,-2.988,0.652,0.041,0.148,60.300,12.750,-20.400,32.6
21:22:26.680,2864412,-9.012,-3.122,-2.744,0.815,-0.055,0.288,60.300,12.750,-20.400,32.6
21:22:26.732,2864466,-9.084,-1.274,-2.519,0.381,-0.087,0.089,58.800,12.300,-19.650,32.8
21:22:26.785,2864520,-9.366,-1.961,-2.116,0.803,-0.037,0.035,58.800,12.300,-19.650,32.8
21:22:26.890,2864574,-9.397,-2.674,-2.725,0.833,-0.015,0.001,58.800,12.300,-19.650,32.6
21:22:26.942,2864628,-9.665,-2.064,-2.559,0.890,-0.044,-0.015,60.300,13.050,-20.100,32.6
21:22:26.944,2864682,-8.602,-4.068,-2.533,1.316,0.069,0.256,60.300,13.050,-20.100,32.6
21:22:26.995,2864736,-8.358,-1.827,-2.945,1.876,0.223,0.755,58.800,13.050,-22.200,32.9
21:22:27.048,2864790,-8.262,-1.958,-1.721,-0.326,0.463,1.062,58.800,13.050,-22.200,32.8
21:22:27.100,2864844,-7.697,-0.687,-2.356,0.315,0.681,1.210,58.500,20.100,-25.500,32.6
21:22:27.152,2864898,-7.803,-0.654,-2.998,-0.285,0.605,1.250,58.500,20.100,-25.500,32.8
21:22:27.205,2864952,-8.021,-1.908,-2.696,0.084,0.473,1.163,58.500,20.100,-25.500,32.7
21:22:27.257,2865006,-8.471,1.070,-2.907,0.635,0.601,1.159,58.500,20.100,-25.500,32.5
21:22:27.310,2865060,-8.902,1.195,-4.499,-0.327,0.745,1.001,53.400,30.600,-31.200,32.5
21:22:27.362,2865114,-6.093,-3.385,-3.249,-0.022,0.856,1.242,53.400,30.600,-31.200,32.6
21:22:27.415,2865168,-9.258,4.187,-4.202,0.307,0.724,0.969,48.150,35.250,-34.500,32.8
21:22:27.467,2865222,-10.305,5.080,-5.468,0.059,0.605,0.614,48.150,35.250,-34.500,32.7
21:22:27.520,2865276,-9.258,-0.915,-6.055,0.612,0.039,0.150,48.150,35.250,-34.500,32.7
21:22:27.572,2865330,-7.915,2.433,-4.702,0.293,0.434,0.032,43.200,37.050,-39.000,32.8
21:22:27.625,2865384,-8.440,2.392,-4.508,-0.477,0.294,-0.111,43.200,37.050,-39.000,32.6
21:22:27.677,2865438,-7.226,-0.101,-5.655,-0.517,0.527,-0.076,43.650,36.150,-40.350,32.8
21:22:27.730,2865492,-8.437,4.946,-6.079,0.359,0.535,-0.520,43.650,36.150,-40.350,32.8
21:22:27.783,2865546,-8.298,0.716,-5.452,-0.628,0.446,-0.513,42.000,35.550,-42.750,32.7
21:22:27.836,2865600,-9.357,2.775,-6.754,0.104,0.224,-0.614,42.000,35.550,-42.750,32.4
21:22:27.887,2865654,-8.226,1.293,-6.500,-0.683,0.175,-0.616,42.000,35.550,-42.750,32.8
21:22:27.940,2865708,-8.322,2.224,-5.866,-0.298,-0.042,-0.466,42.000,35.550,-42.750,32.8
21:22:27.992,2865762,-8.222,2.172,-7.300,-0.504,-0.025,-0.368,43.500,30.450,-43.050,32.7
21:22:28.045,2865816,-8.452,2.203,-4.525,-0.504,-0.318,-0.132,43.500,30.450,-43.050,32.7
21:22:28.097,2865870,-7.681,2.057,-6.864,-0.336,-0.546,-0.144,41.850,30.300,-40.650,32.7
21:22:28.150,2865924,-7.626,3.079,-3.148,-0.481,-0.553,-0.038,41.850,30.300,-40.650,32.9
21:22:28.202,2865978,-7.319,2.988,-5.121,-0.531,-0.701,-0.257,41.850,30.300,-40.650,32.7
21:22:28.255,2866032,-9.689,2.569,-3.309,0.011,-0.381,-0.137,46.500,30.150,-35.100,32.5
21:22:28.360,2866086,-11.768,3.402,-6.105,-0.434,-0.183,0.005,46.500,30.150,-35.100,32.6
21:22:28.412,2866140,-13.831,3.950,-6.783,0.264,-0.388,0.077,45.750,30.150,-34.350,32.7
21:22:28.465,2866194,-10.147,2.507,-5.471,-0.034,0.239,0.435,45.750,30.150,-34.350,32.8
21:22:28.517,2866248,-8.904,4.496,-4.571,-0.168,0.427,0.159,45.000,31.950,-32.400,32.8
21:22:28.570,2866302,-8.425,1.824,-4.001,-0.438,0.184,0.018,45.000,31.950,-32.400,32.8
21:22:28.622,2866356,-9.404,1.482,-4.499,-0.235,-0.074,-0.078,45.000,31.650,-33.900,32.6
21:22:28.675,2866410,-8.279,1.549,-4.051,-0.089,-0.066,-0.064,45.000,31.650,-33.900,32.8
21:22:28.727,2866464,-7.942,0.381,-4.300,-0.402,-0.007,-0.203,45.450,35.100,-33.150,32.9
21:22:28.780,2866518,-7.752,1.760,-3.575,-0.519,0.058,-0.314,47.850,33.000,-30.150,32.5
21:22:28.832,2866572,-7.973,0.917,-3.723,-0.507,-0.266,-0.253,47.850,33.000,-30.150,32.6
21:22:28.885,2866626,-6.986,1.841,-2.411,0.469,-0.258,-0.246,47.850,33.000,-30.150,32.7
21:22:28.938,2866680,-7.302,2.914,-3.565,-0.105,-0.077,-0.269,47.850,33.000,-30.150,32.8
21:22:28.990,2866734,-8.418,0.038,-3.522,-0.591,-0.085,-0.178,49.650,34.200,-28.650,32.5
21:22:29.042,2866788,-9.249,2.638,-4.381,0.459,-0.009,-0.441,49.650,34.200,-28.650,32.8
21:22:29.096,2866842,-8.418,0.733,-4.319,-0.419,0.111,-0.409,49.050,31.650,-28.800,32.8
21:22:29.147,2866896,-8.037,0.117,-3.711,0.124,0.097,-0.445,49.050,31.650,-28.800,32.6
21:22:29.200,2866950,-8.021,1.788,-4.099,-0.590,0.184,-0.302,51.900,30.300,-27.900,32.6
21:22:29.253,2867004,-9.148,-0.608,-4.219,0.254,0.232,-0.163,51.900,30.300,-27.900,32.4
21:22:29.305,2867058,-9.062,0.019,-4.413,-0.049,0.243,-0.238,51.900,30.300,-27.900,32.6
21:22:29.357,2867112,-9.160,1.276,-4.503,-0.578,0.216,-0.564,51.900,30.300,-27.900,32.6
21:22:29.410,2867166,-7.958,0.553,-3.345,-0.188,-0.014,-0.682,53.100,28.800,-30.750,32.6
21:22:29.463,2867220,-7.367,1.863,-3.819,-1.152,-0.085,-0.726,55.800,25.050,-29.550,32.8
21:22:29.515,2867274,-8.135,0.747,-4.183,-0.665,-0.108,-0.714,55.800,25.050,-29.550,32.7
21:22:29.567,2867328,-7.717,-1.197,-3.867,-0.251,-0.527,-0.415,55.800,25.050,-29.550,32.6
21:22:29.620,2867382,-9.361,1.547,-1.257,0.707,-0.582,-0.548,55.800,25.050,-29.550,32.8
21:22:29.672,2867436,-8.162,0.225,-4.865,-0.308,0.102,-0.054,57.000,23.100,-25.200,32.7
21:22:29.726,2867490,-8.914,-3.036,-4.599,-1.064,0.101,-0.566,57.000,23.100,-25.200,32.5
21:22:29.777,2867544,-9.402,4.513,-4.420,-0.965,0.185,-0.897,57.750,19.200,-25.500,32.7
21:22:29.830,2867598,-7.774,-6.235,-2.837,-0.662,-0.383,-1.466,57.750,19.200,-25.500,32.7
21:22:29.882,2867652,-7.956,3.577,-5.643,1.871,-0.201,-1.289,59.550,16.200,-23.700,32.8
21:22:29.936,2867706,-7.764,-5.729,-3.780,-0.101,0.075,-0.589,59.550,16.200,-23.700,32.6
21:22:29.987,2867760,-8.741,0.491,-4.642,0.371,0.362,0.208,59.550,16.200,-23.700,32.7
21:22:30.040,2867814,-9.852,-4.506,-4.803,0.596,0.159,0.220,61.050,8.850,-23.700,32.8
21:22:30.145,2867868,-9.649,-1.592,-4.444,0.568,-0.022,0.003,61.050,8.850,-23.700,32.8
21:22:30.147,2867922,-8.983,-5.066,-3.400,0.898,-0.195,0.262,60.300,10.350,-25.500,32.7
21:22:30.250,2867976,-8.018,-2.021,-4.197,0.264,-0.055,0.278,60.300,10.350,-25.500,32.5
21:22:30.303,2868030,-8.248,-2.399,-3.618,0.411,-0.038,0.310,60.300,10.350,-25.500,32.8
21:22:30.355,2868084,-9.345,-2.914,-4.317,0.589,0.065,0.391,60.300,10.350,-25.500,32.8
21:22:30.408,2868138,-9.196,-2.581,-4.211,0.236,0.142,0.164,59.700,11.400,-26.100,32.6
21:22:30.461,2868192,-7.673,-2.926,-3.110,0.381,0.061,0.344,59.700,11.400,-26.100,32.8
21:22:30.512,2868246,-7.400,-1.561,-2.921,0.502,0.095,0.509,58.500,13.500,-25.950,32.6
21:22:30.565,2868300,-9.522,-1.154,-3.807,0.274,0.195,0.443,58.500,13.500,-25.950,32.7
21:22:30.617,2868354,-10.805,-0.534,-4.824,-0.066,0.306,0.181,57.300,15.000,-28.500,32.8
21:22:30.670,2868408,-9.799,-2.796,-4.975,-0.172,-0.008,-0.044,57.300,15.000,-28.500,32.6
21:22:30.722,2868462,-8.990,-2.421,-3.960,0.002,-0.211,-0.047,57.300,15.000,-28.500,32.5
21:22:30.775,2868516,-7.922,-3.148,-2.619,0.407,-0.281,-0.008,58.950,16.800,-26.100,32.8
21:22:30.827,2868570,-8.193,-3.129,-3.294,0.556,-0.175,0.025,58.950,16.800,-26.100,32.5
21:22:30.880,2868624,-9.682,-1.049,-3.685,0.201,0.036,0.135,57.900,16.350,-25.350,32.6
21:22:30.932,2868678,-9.955,-3.754,-3.857,0.256,-0.126,-0.263,57.900,16.350,-25.350,32.8
21:22:30.985,2868732,-9.603,-0.558,-2.871,0.134,-0.390,-0.757,57.900,16.350,-25.350,32.6
21:22:31.037,2868786,-7.580,-5.583,-0.249,1.615,-0.133,-0.404,57.900,16.350,-25.350,32.7
21:22:31.090,2868840,-7.597,0.146,-3.318,1.072,0.242,0.677,57.900,10.950,-24.900,33.1
21:22:31.142,2868894,-8.315,-4.010,-4.231,-0.154,0.723,0.939,57.900,10.950,-24.900,32.6
21:22:31.195,2868948,-9.503,-3.048,-3.385,0.238,0.464,0.496,57.750,15.750,-28.050,32.6
21:22:31.247,2869002,-8.928,-1.470,-4.403,0.352,0.170,0.205,56.250,17.700,-30.300,32.8
21:22:31.300,2869056,-8.672,-3.124,-4.369,0.763,0.058,0.098,56.250,17.700,-30.300,32.8
21:22:31.352,2869110,-9.364,-0.809,-5.176,1.266,-0.020,0.439,56.550,16.200,-30.600,32.8
21:22:31.405,2869164,-9.081,-3.680,-4.173,1.072,-0.013,0.604,56.550,16.200,-30.600,32.9
21:22:31.508,2869218,-8.909,-1.729,-3.261,0.342,0.088,0.506,55.500,16.200,-31.800,32.8
21:22:31.510,2869272,-8.176,-2.538,-3.493,0.120,-0.037,0.453,55.500,16.200,-31.800,33.0
21:22:31.562,2869326,-6.105,-1.295,-3.697,0.730,0.184,1.077,54.300,17.700,-33.150,32.8
21:22:31.615,2869380,-4.676,-1.616,-2.461,-0.268,0.614,1.788,54.300,17.700,-33.150,32.5
21:22:31.667,2869434,-5.399,0.328,-2.983,-1.269,0.655,1.869,54.300,17.700,-33.150,32.8
21:22:31.720,2869488,-8.102,1.032,-3.045,-0.961,0.409,1.493,54.300,17.700,-33.150,32.8
21:22:31.772,2869542,-9.699,5.926,-4.721,0.534,0.553,0.712,46.650,34.500,-33.750,32.7
21:22:31.825,2869596,-9.357,-0.292,-3.776,-0.163,0.378,0.815,46.650,34.500,-33.750,32.7
21:22:31.877,2869650,-8.373,1.501,-4.719,-0.585,0.453,0.290,42.000,37.800,-32.850,33.0
