timestamp,elapsed_ms,accel_x_ms2,accel_y_ms2,accel_z_ms2,gyro_x_rads,gyro_y_rads,gyro_z_rads,mag_x_uT,mag_y_uT,mag_z_uT,temp_c,
15:51:51.576,154001,0.235,5.169,8.729,0.045,-0.029,0.004,18.900,57.150,36.150,36.7
15:51:51.579,154055,0.254,5.171,8.727,-0.032,-0.025,-0.014,18.000,58.500,36.600,36.4
15:51:51.580,154109,0.567,4.966,8.516,-0.080,-0.008,-0.020,18.000,58.500,36.600,36.6
15:51:51.581,154163,0.373,4.970,8.456,-0.025,0.001,-0.031,17.700,56.550,36.600,36.7
15:51:51.582,154217,0.520,5.277,8.365,0.151,0.026,0.001,17.700,56.550,36.600,36.5
15:51:51.583,154271,0.421,5.294,8.605,0.213,0.045,-0.032,19.050,58.950,35.250,36.7
15:51:51.584,154325,0.450,5.564,8.478,0.196,0.056,-0.054,19.050,58.950,35.250,36.6
15:51:51.584,154379,0.172,5.624,8.734,0.087,0.052,-0.250,19.650,58.650,35.700,36.5
15:51:51.585,154433,0.062,4.951,8.641,-0.205,0.007,-0.646,19.650,58.650,35.700,36.7
15:51:51.586,154487,0.311,5.210,9.024,-0.240,-0.033,-0.775,19.650,57.600,35.100,36.6
15:51:51.587,154541,1.190,4.901,8.047,-0.060,-0.179,-0.914,19.650,57.600,35.100,36.5
15:51:51.588,154595,0.579,5.334,8.140,0.349,-0.296,-0.731,19.650,57.600,35.100,36.5
15:51:51.589,154649,0.546,5.847,7.570,0.431,-0.505,-0.484,19.650,57.600,35.100,36.7
15:51:51.589,154703,0.948,4.968,6.297,0.527,-0.597,-0.316,19.650,57.600,35.100,36.7
15:51:51.590,154757,0.275,6.029,6.972,0.601,-1.067,-0.283,18.750,59.700,35.250,36.5
15:51:51.591,154811,-0.096,5.437,6.297,0.130,-1.393,-0.134,18.750,59.700,35.250,36.6
15:51:51.592,154865,0.299,4.678,8.346,0.375,-1.669,0.030,11.550,63.300,39.000,36.7
15:51:51.593,154919,0.898,5.739,5.440,0.317,-1.925,0.246,11.550,63.300,39.000,36.9
15:51:51.594,154973,2.509,4.638,7.116,1.111,-1.904,0.763,-0.600,67.200,38.250,36.7
15:51:51.595,155027,4.087,5.835,7.271,0.269,-1.494,1.028,-0.600,67.200,38.250,36.5
15:51:51.596,155081,5.298,4.975,6.314,0.113,-1.270,1.003,-13.650,71.850,37.200,36.6
15:51:51.597,155135,6.060,5.464,6.950,0.017,-1.065,1.074,-28.950,72.300,37.650,36.6
15:51:51.597,155189,6.378,4.772,5.653,0.083,-1.224,1.018,-28.950,72.300,37.650,36.7
15:51:51.598,155243,7.192,6.479,4.585,0.308,-1.147,0.813,-43.500,72.300,35.100,36.8
15:51:51.599,155297,6.740,6.170,5.011,-0.007,-1.476,0.800,-43.500,72.300,35.100,36.7
15:51:51.600,155351,7.764,5.684,5.363,0.267,-1.567,0.867,-55.050,70.650,28.050,36.6
15:51:51.601,155405,8.447,5.006,2.902,-0.016,-1.578,1.117,-55.050,70.650,28.050,36.7
15:51:51.602,155459,9.409,4.283,3.007,-0.089,-1.399,0.709,-55.050,70.650,28.050,36.8
15:51:51.603,155513,8.794,4.573,2.121,-0.224,-0.926,0.371,-55.050,70.650,28.050,36.7
15:51:51.604,155567,9.584,3.577,2.121,-0.595,-0.683,0.238,-55.050,70.650,28.050,36.4
15:51:51.605,155621,9.213,3.661,2.626,0.290,-0.381,0.112,-55.050,70.650,28.050,36.6
15:51:51.606,155675,9.914,2.916,1.322,0.651,-0.658,0.358,-82.500,64.650,9.600,36.7
15:51:51.607,155729,9.649,3.706,1.192,1.315,-0.505,0.265,-82.500,64.650,9.600,36.6
15:51:51.608,155783,10.013,3.311,-0.321,1.011,-0.139,0.150,-85.200,63.000,1.350,36.5
15:51:51.609,155837,9.311,4.527,1.130,0.582,0.284,-0.236,-82.800,63.900,-3.000,36.7
15:51:51.611,155891,8.815,3.857,0.809,0.472,0.342,-0.199,-82.800,63.900,-3.000,36.7
15:51:51.612,155945,8.906,3.622,1.930,0.008,0.175,-0.128,-82.350,67.650,-1.800,36.7
15:51:51.613,155999,8.940,3.950,-0.139,-0.181,0.180,-0.134,-82.350,67.650,-1.800,36.6
15:51:51.664,156053,9.347,2.969,1.041,-0.584,0.229,-0.099,-81.150,66.000,-0.600,36.3
15:51:51.717,156107,9.081,3.397,0.491,-0.229,0.293,-0.262,-81.150,66.000,-0.600,36.5
15:51:51.772,156161,9.105,2.998,0.702,-0.491,0.232,-0.137,-80.850,67.200,4.350,36.6
15:51:51.829,156215,9.100,3.321,1.362,0.024,0.353,-0.234,-80.850,67.200,4.350,36.6
15:51:51.882,156269,8.890,4.247,1.638,-0.479,0.318,-0.288,-79.350,68.700,7.650,36.7
15:51:51.937,156323,9.189,4.932,2.030,-0.376,0.553,-0.565,-79.350,68.700,7.650,36.7
15:51:51.990,156377,8.717,6.053,5.638,-0.762,1.079,-0.818,-75.600,69.600,13.050,36.9
15:51:52.045,156431,9.457,7.776,5.157,-1.148,1.876,-1.509,-75.600,69.600,13.050,36.6
15:51:52.098,156485,9.474,7.867,7.444,-1.037,2.808,-1.872,-75.600,69.600,13.050,36.4
15:51:52.153,156539,8.780,8.066,8.059,-0.768,3.632,-2.065,-75.600,69.600,13.050,36.6
15:51:52.206,156593,7.705,6.709,8.806,-0.348,4.057,-2.302,-75.600,69.600,13.050,36.7
15:51:52.261,156647,5.622,6.572,7.702,-0.458,4.325,-2.292,-2.850,68.700,39.750,36.8
15:51:52.314,156701,2.411,4.616,6.450,-0.920,4.246,-2.389,-2.850,68.700,39.750,36.7
15:51:52.368,156755,1.046,5.092,6.388,-0.717,3.911,-2.078,32.400,58.350,30.600,36.7
15:51:52.422,156809,-0.898,3.189,4.408,-1.698,3.467,-1.992,32.400,58.350,30.600,36.6
15:51:52.477,156863,-3.469,2.509,3.596,-1.477,2.971,-1.376,54.750,46.350,15.600,36.7
15:51:52.531,156917,-6.850,-3.531,-6.505,-0.354,0.068,-0.068,54.750,46.350,15.600,36.6
15:51:52.586,156971,-7.372,-5.298,-6.251,1.940,-3.508,1.696,63.150,35.700,5.250,36.4
15:51:52.639,157025,-2.780,3.788,-1.772,1.634,-5.345,3.631,63.150,35.700,5.250,36.6
15:51:52.693,157079,2.770,8.090,10.259,0.492,-5.112,2.980,45.150,51.600,22.800,36.7
15:51:52.748,157133,8.250,7.053,11.080,0.763,-4.772,1.821,9.450,63.900,43.650,36.8
15:51:52.800,157187,10.424,6.249,10.611,0.105,-4.220,1.813,9.450,63.900,43.650,36.7
15:51:52.855,157241,10.195,6.199,8.868,-0.224,-3.112,1.139,9.450,63.900,43.650,36.5
15:51:52.909,157295,8.447,6.335,8.401,-0.541,-2.695,0.747,9.450,63.900,43.650,36.8
15:51:52.964,157349,8.691,5.827,8.813,-0.697,-1.849,0.403,9.450,63.900,43.650,36.7
15:51:53.017,157403,8.863,6.067,9.493,-0.610,-0.181,-0.091,9.450,63.900,43.650,36.5
15:51:53.072,157457,8.504,7.116,11.516,-0.756,1.213,-0.539,-61.800,57.600,36.900,36.6
15:51:53.125,157511,8.827,6.294,12.072,-0.947,2.862,-0.973,-61.800,57.600,36.900,36.7
15:51:53.180,157565,9.340,6.773,10.829,-0.973,4.208,-1.317,-44.400,55.050,45.750,36.5
15:51:53.233,157619,7.602,5.444,9.735,-0.829,4.929,-1.714,-44.400,55.050,45.750,36.6
15:51:53.286,157673,5.825,4.846,8.564,-0.686,5.297,-1.637,-5.700,50.850,51.000,36.8
15:51:53.341,157727,3.689,3.012,7.075,-0.944,5.596,-1.618,33.450,43.950,37.950,36.6
15:51:53.395,157781,-0.390,1.824,4.930,-0.993,5.160,-1.454,33.450,43.950,37.950,36.8
15:51:53.449,157835,-3.065,-0.318,-3.862,-1.027,3.706,-0.699,60.150,33.000,12.600,36.6
15:51:53.503,157889,-8.320,-3.311,-6.366,0.430,0.491,-0.337,60.150,33.000,12.600,36.5
15:51:53.557,157943,-5.473,-1.324,-5.222,1.396,-3.306,1.239,64.350,29.250,4.350,36.5
15:51:53.611,157997,-2.047,1.434,0.960,1.625,-4.928,2.465,64.350,29.250,4.350,36.7
15:51:53.665,158051,0.599,3.881,5.363,0.863,-5.333,2.870,45.150,46.200,26.850,36.7
15:51:53.718,158105,2.971,6.644,8.365,0.007,-5.284,2.311,45.150,46.200,26.850,36.7
15:51:53.772,158159,8.641,6.867,10.396,0.022,-4.744,1.870,45.150,46.200,26.850,36.6
15:51:53.827,158213,10.690,5.715,7.745,0.233,-3.899,1.241,45.150,46.200,26.850,36.6
15:51:53.877,158267,11.617,7.274,9.148,-0.645,-2.956,0.586,45.150,46.200,26.850,36.6
15:51:53.932,158321,7.879,5.593,6.165,0.099,-1.826,0.415,45.150,46.200,26.850,36.6
15:51:53.988,158375,8.952,4.908,10.300,0.280,-0.778,0.567,-54.300,54.450,40.950,36.5
15:51:54.043,158429,9.357,6.311,11.363,0.116,0.573,-0.075,-61.950,54.600,37.050,36.5
15:51:54.096,158483,9.316,6.515,11.885,-0.262,2.464,-0.550,-61.950,54.600,37.050,36.8
15:51:54.151,158537,9.215,6.081,12.356,-0.313,3.812,-1.069,-45.150,54.300,46.500,36.7
15:51:54.205,158591,7.654,5.746,10.549,-0.076,4.813,-1.491,-45.150,54.300,46.500,36.9
15:51:54.259,158645,6.421,5.349,8.827,-0.124,5.424,-1.773,-6.450,54.300,49.500,36.6
15:51:54.313,158699,2.761,4.288,8.428,-1.139,5.230,-1.854,-6.450,54.300,49.500,36.7
15:51:54.367,158753,2.327,3.369,7.877,-0.916,5.250,-1.853,35.100,48.450,36.000,36.9
15:51:54.421,158807,-0.769,1.571,4.274,-1.446,4.770,-1.706,35.100,48.450,36.000,36.8
15:51:54.475,158861,-5.076,-0.156,-6.598,-0.670,2.622,-0.799,60.900,36.450,11.100,36.5
15:51:54.529,158915,-8.253,-2.818,-4.688,0.829,-1.108,0.355,60.900,36.450,11.100,36.5
15:51:54.583,158969,-4.611,-1.822,-4.420,1.695,-4.455,2.771,66.300,30.150,1.050,36.6
15:51:54.637,159023,-1.018,1.288,8.066,1.535,-4.904,3.037,66.300,30.150,1.050,36.7
15:51:54.690,159077,1.173,7.477,3.929,0.293,-5.161,2.144,66.300,30.150,1.050,36.6
15:51:54.745,159131,4.156,9.522,10.453,0.614,-4.309,1.722,66.300,30.150,1.050,36.5
15:51:54.798,159185,8.638,5.619,10.851,-0.262,-4.343,1.145,66.300,30.150,1.050,36.7
15:51:54.853,159239,8.210,7.207,6.783,-0.006,-3.410,0.993,-18.300,58.500,48.000,36.9
15:51:54.906,159293,9.282,5.590,8.497,0.232,-2.599,0.839,-18.300,58.500,48.000,36.7
15:51:54.960,159347,7.020,5.602,7.087,0.218,-1.931,0.762,-43.950,57.600,45.300,36.5
15:51:55.015,159401,8.978,5.037,9.732,0.236,-0.948,0.578,-43.950,57.600,45.300,36.6
15:51:55.068,159455,8.906,6.522,9.797,0.109,0.320,0.076,-59.250,59.100,37.950,36.7
15:51:55.123,159509,8.071,7.022,12.242,-0.649,1.858,-0.650,-59.250,59.100,37.950,36.9
15:51:55.177,159563,9.143,6.531,12.373,-0.521,3.262,-1.034,-52.650,58.950,41.100,36.7
15:51:55.231,159617,8.878,6.421,12.124,-0.194,4.519,-1.529,-23.250,58.200,49.050,36.6
15:51:55.285,159671,7.582,7.223,10.654,0.026,5.375,-1.995,-23.250,58.200,49.050,36.6
15:51:55.339,159725,3.304,5.607,10.781,-0.489,5.801,-2.246,20.850,54.450,39.750,36.8
15:51:55.392,159779,0.871,2.619,4.271,-0.948,5.789,-2.136,20.850,54.450,39.750,36.6
15:51:55.446,159833,-0.845,2.040,1.465,-1.689,5.143,-1.748,54.750,42.450,17.100,36.4
15:51:55.501,159887,-5.143,-2.880,-6.148,-1.419,3.131,-1.148,54.750,42.450,17.100,36.7
15:51:55.555,159941,-6.689,-1.211,-4.848,0.036,-0.590,-0.300,54.750,42.450,17.100,36.7
15:51:55.609,159995,-5.547,-2.555,-3.764,1.593,-3.969,1.634,54.750,42.450,17.100,36.7
15:51:55.662,160049,-3.151,1.884,-0.175,1.678,-5.037,2.365,54.750,42.450,17.100,36.5
15:51:55.716,160103,-1.776,4.058,5.689,1.065,-5.355,2.629,54.750,42.450,17.100,36.7
15:51:55.771,160157,4.544,6.038,12.096,1.306,-4.809,2.323,37.500,53.700,31.800,36.7
15:51:55.825,160211,7.389,5.344,6.869,0.664,-4.425,1.569,37.500,53.700,31.800,36.5
15:51:55.878,160265,9.306,6.780,8.655,0.276,-3.774,1.402,1.800,59.550,45.300,36.4
15:51:55.933,160319,11.083,7.144,8.124,0.181,-3.140,1.277,-30.150,62.550,43.050,36.5
15:51:55.987,160373,7.839,5.533,5.701,0.429,-2.031,0.775,-30.150,62.550,43.050,36.7
15:51:56.040,160427,8.911,5.966,9.189,0.907,-1.503,0.864,-54.300,61.800,36.450,36.7
15:51:56.094,160481,9.639,7.683,8.502,0.281,-0.209,0.238,-54.300,61.800,36.450,36.7
15:51:56.149,160535,8.526,8.016,11.770,-0.631,1.383,-0.613,-59.850,63.750,32.400,36.7
15:51:56.203,160589,9.493,7.326,11.801,-1.378,3.000,-1.201,-59.850,63.750,32.400,36.6
15:51:56.257,160643,10.013,7.558,12.067,-0.891,4.365,-1.616,-38.850,58.950,46.950,36.7
15:51:56.311,160697,8.650,6.694,10.336,-0.453,5.415,-2.074,-38.850,58.950,46.950,36.9
15:51:56.364,160751,5.550,5.425,9.531,-1.011,5.730,-1.867,2.850,54.450,47.100,36.6
15:51:56.418,160805,3.184,2.856,3.594,-1.564,5.981,-2.255,2.850,54.450,47.100,36.5
15:51:56.472,160859,0.024,3.184,4.118,-0.681,5.208,-1.614,2.850,54.450,47.100,36.7
15:51:56.527,160913,-3.211,-1.705,-6.558,-1.601,3.603,-1.407,2.850,54.450,47.100,36.6
15:51:56.581,160967,-7.156,-2.375,-4.266,0.372,-0.111,-0.306,2.850,54.450,47.100,36.7
15:51:56.635,161021,-5.387,-1.235,-1.793,1.428,-2.881,0.789,64.350,30.450,1.350,36.7
15:51:56.689,161075,-3.376,1.144,2.148,1.436,-4.746,1.700,64.350,30.450,1.350,36.9
15:51:56.743,161129,-1.326,2.665,5.839,1.462,-4.939,2.069,49.500,42.450,23.700,36.8
15:51:56.796,161183,2.071,6.584,5.425,0.891,-4.998,2.095,49.500,42.450,23.700,36.6
15:51:56.851,161237,5.674,7.257,9.538,0.992,-4.369,1.757,18.750,54.600,41.400,36.4
15:51:56.905,161291,8.004,6.792,12.905,0.165,-4.011,1.522,18.750,54.600,41.400,36.6
15:51:56.959,161345,8.169,7.017,9.189,-0.270,-3.393,1.037,-15.150,60.300,48.150,36.7
15:51:57.013,161399,10.360,5.255,7.666,-0.159,-2.350,0.789,-15.150,60.300,48.150,36.7
15:51:57.067,161453,8.859,5.799,9.316,-0.011,-0.694,0.266,-44.100,57.750,44.400,36.9
15:51:57.121,161507,6.823,6.974,12.450,-0.043,0.723,-0.303,-44.100,57.750,44.400,36.9
15:51:57.175,161561,7.523,6.843,13.080,-0.355,1.965,-0.641,-48.900,58.500,41.850,36.8
15:51:57.229,161615,8.736,6.823,12.562,-0.581,3.590,-1.360,-29.250,56.250,49.500,36.9
15:51:57.283,161669,7.149,5.816,10.762,-0.617,4.675,-1.895,-29.250,56.250,49.500,36.8
15:51:57.337,161723,5.626,6.404,8.976,-0.706,5.231,-1.972,-29.250,56.250,49.500,36.6
15:51:57.391,161777,1.233,3.089,5.590,-1.156,5.551,-2.313,-29.250,56.250,49.500,36.6
15:51:57.445,161831,-0.517,2.219,3.486,-0.774,5.106,-1.676,-29.250,56.250,49.500,36.7
15:51:57.499,161885,-5.301,-1.829,-2.492,-0.364,3.324,-0.934,-29.250,56.250,49.500,36.7
15:51:57.552,161939,-6.393,0.488,-0.644,0.934,0.634,-0.440,63.300,33.150,6.150,36.7
15:51:57.606,161993,-6.354,0.905,-2.440,1.221,-1.884,0.437,63.300,33.150,6.150,36.6
15:51:57.661,162047,-6.665,1.719,3.699,1.580,-2.658,0.858,60.600,36.300,6.150,36.7
15:51:57.715,162101,-4.441,2.081,3.407,1.791,-3.130,1.098,60.600,36.300,6.150,36.8
15:51:57.769,162155,-3.340,6.831,6.546,0.314,-3.679,1.770,49.500,45.600,20.400,36.6
15:51:57.822,162209,1.116,9.457,13.843,0.744,-3.398,1.407,30.150,55.200,31.350,36.6
15:51:57.876,162263,1.444,7.705,8.593,0.564,-2.879,0.346,30.150,55.200,31.350,36.5
15:51:57.930,162317,2.361,5.686,7.980,0.111,-2.228,0.204,9.750,57.750,38.550,36.6
15:51:57.985,162371,1.879,7.331,8.243,-0.466,-2.683,0.505,9.750,57.750,38.550,36.6
15:51:58.038,162425,5.514,5.550,4.554,-0.671,-1.868,0.598,-6.600,55.650,42.000,36.5
15:51:58.093,162479,5.727,4.286,7.350,-0.473,-1.497,0.615,-6.600,55.650,42.000,36.6
15:51:58.143,162533,5.531,4.322,7.506,-0.239,-1.480,0.758,-23.100,51.000,44.100,36.7
15:51:58.197,162587,5.200,6.776,8.339,-0.268,-1.037,0.608,-23.100,51.000,44.100,36.7
15:51:58.253,162641,6.203,7.717,10.499,-0.664,-0.533,0.187,-34.950,49.050,43.500,36.6
15:51:58.309,162695,6.393,7.547,14.593,-1.528,0.633,-0.500,-34.950,49.050,43.500,36.6
15:51:58.363,162749,2.772,5.341,14.631,-1.670,1.952,-1.071,-34.950,49.050,43.500,36.6
15:51:58.417,162803,4.223,3.898,14.516,-1.135,2.937,-1.165,-34.950,49.050,43.500,36.7
15:51:58.471,162857,3.986,3.553,12.850,-0.509,4.189,-1.379,-34.950,49.050,43.500,36.9
15:51:58.525,162911,3.881,2.495,12.206,-0.367,5.010,-1.395,11.250,36.450,46.200,36.5
15:51:58.578,162965,1.319,2.650,7.331,-1.698,5.212,-1.443,11.250,36.450,46.200,36.7
15:51:58.633,163019,-1.834,-0.043,3.187,-1.747,4.981,-1.052,47.700,25.800,28.050,36.8
15:51:58.687,163073,-4.724,-1.659,-3.261,0.300,2.574,-0.687,47.700,25.800,28.050,36.7
15:51:58.741,163127,-6.929,-2.368,-3.625,0.849,-0.455,-0.220,60.900,19.800,10.050,36.7
15:51:58.795,163181,-6.065,-1.808,-1.221,1.893,-3.153,1.047,60.900,19.800,10.050,36.7
15:51:58.848,163235,-3.984,-0.275,3.618,2.187,-4.211,1.563,54.150,25.650,21.000,36.6
15:51:58.903,163289,-1.856,3.297,6.503,1.482,-4.600,1.969,54.150,25.650,21.000,36.8
15:51:58.956,163343,1.420,5.966,5.851,1.621,-4.300,2.038,29.400,44.400,40.500,36.7
15:51:59.010,163397,6.132,6.505,6.469,1.422,-3.746,1.856,29.400,44.400,40.500,36.8
15:51:59.065,163451,7.396,6.699,7.061,-0.120,-2.871,1.350,-4.200,58.200,46.200,36.7
15:51:59.118,163505,7.400,6.998,9.258,-0.533,-2.721,1.077,-30.450,58.650,47.100,36.7
15:51:59.172,163559,6.701,4.037,9.309,-0.311,-2.273,0.897,-30.450,58.650,47.100,36.7
15:51:59.226,163613,8.303,5.148,10.099,0.030,-1.484,0.816,-51.900,53.100,39.600,36.5
15:51:59.280,163667,9.005,5.476,9.855,0.122,-0.580,0.392,-51.900,53.100,39.600,36.5
15:51:59.335,163721,8.387,6.096,11.497,-0.347,0.983,-0.326,-51.900,53.100,39.600,36.9
15:51:59.389,163775,8.720,6.498,12.512,-0.789,2.254,-0.973,-51.900,53.100,39.600,36.7
15:51:59.442,163829,9.048,5.794,12.874,-1.119,3.586,-1.195,-51.900,53.100,39.600,36.6
15:51:59.493,163883,7.458,5.186,11.533,-0.494,4.692,-1.462,-51.900,53.100,39.600,36.5
15:51:59.547,163937,4.441,3.910,11.669,-0.448,5.172,-1.623,-9.000,49.650,51.600,36.6
15:51:59.604,163991,4.616,5.143,8.329,-0.575,5.872,-1.902,-9.000,49.650,51.600,36.7
15:51:59.659,164045,0.101,2.389,4.331,-1.819,5.934,-2.250,33.600,42.300,42.900,36.5
15:51:59.713,164099,-2.471,-2.263,-6.570,-0.997,3.594,-1.542,63.300,26.550,12.000,36.3
15:51:59.767,164153,-4.247,-2.433,-7.396,0.287,-1.001,-0.414,63.300,26.550,12.000,36.6
15:51:59.821,164207,-4.314,-0.931,-3.783,1.531,-4.980,2.240,61.650,24.900,19.050,36.8
15:51:59.874,164261,-0.503,2.045,6.900,2.539,-5.330,2.834,61.650,24.900,19.050,36.4
15:51:59.928,164315,3.151,5.523,7.020,2.447,-4.822,2.483,31.950,47.850,41.250,36.6
15:51:59.982,164369,5.890,3.991,12.890,0.712,-4.589,2.392,31.950,47.850,41.250,36.7
15:52:00.036,164423,9.072,6.608,9.469,-0.316,-4.100,1.820,-8.850,60.300,49.950,36.7
15:52:00.090,164477,8.985,6.254,7.846,0.405,-3.195,1.519,-8.850,60.300,49.950,36.5
15:52:00.144,164531,11.049,4.515,7.903,-0.026,-2.338,1.061,-42.750,61.800,45.600,36.9
15:52:00.197,164585,10.161,5.241,9.440,0.410,-1.082,0.683,-42.750,61.800,45.600,36.5
15:52:00.253,164639,8.827,6.845,10.197,0.361,0.191,0.002,-42.750,61.800,45.600,36.3
15:52:00.307,164693,7.118,7.793,12.261,-0.096,1.458,-0.634,-42.750,61.800,45.600,36.7
15:52:00.361,164747,9.227,8.066,12.797,-0.813,2.878,-1.304,-42.750,61.800,45.600,36.8
15:52:00.415,164801,9.048,7.745,12.838,-1.371,4.527,-2.157,-31.800,58.500,50.550,36.5
15:52:00.469,164855,7.594,6.160,13.005,-1.186,5.879,-2.365,-31.800,58.500,50.550,36.5
15:52:00.524,164909,4.460,4.508,7.700,-1.885,6.508,-2.502,18.900,47.550,47.850,36.7
15:52:00.576,164963,1.633,1.891,2.655,-1.880,7.004,-2.135,18.900,47.550,47.850,36.6
15:52:00.631,165017,-0.029,0.539,-7.116,-1.831,5.620,-1.387,61.350,28.500,17.850,36.5
15:52:00.685,165071,-5.657,-2.456,-8.598,0.691,1.112,-0.798,61.350,28.500,17.850,36.3
15:52:00.739,165125,-4.657,-3.912,-3.208,1.729,-3.264,1.056,70.200,17.850,-2.700,36.4
15:52:00.793,165179,-3.306,-1.520,-1.743,2.168,-5.471,2.337,70.200,17.850,-2.700,36.8
15:52:00.846,165233,-0.699,0.800,6.086,1.569,-5.816,2.630,56.250,33.900,22.950,36.7
15:52:00.900,165287,2.607,6.795,7.180,1.006,-5.756,2.980,56.250,33.900,22.950,36.7
15:52:00.955,165341,7.568,9.242,6.898,1.362,-4.764,2.563,18.300,53.100,47.250,36.7
15:52:01.009,165395,12.493,6.440,7.673,-0.140,-4.086,2.348,-27.300,61.650,49.050,36.5
15:52:01.063,165449,11.387,5.904,10.616,-0.913,-3.475,1.498,-27.300,61.650,49.050,36.7
15:52:01.117,165503,10.602,5.224,9.902,-0.156,-2.262,0.834,-27.300,61.650,49.050,36.7
15:52:01.171,165557,8.775,6.270,10.867,0.610,-0.615,0.424,-27.300,61.650,49.050,36.5
15:52:01.224,165611,8.226,7.496,11.578,0.693,0.511,-0.058,-27.300,61.650,49.050,36.7
15:52:01.279,165665,10.142,8.169,11.949,0.089,2.463,-1.151,-27.300,61.650,49.050,36.5
15:52:01.333,165719,10.839,8.801,13.491,-0.409,4.492,-2.242,-52.500,57.600,40.200,36.7
15:52:01.386,165773,9.548,7.690,12.706,-0.279,5.599,-2.785,-52.500,57.600,40.200,36.7
15:52:01.440,165827,6.761,6.084,8.246,-0.482,6.464,-3.325,-5.400,60.000,48.750,36.6
15:52:01.494,165881,3.464,4.113,5.435,-1.113,6.570,-3.322,-5.400,60.000,48.750,36.6
15:52:01.548,165935,0.850,0.881,2.720,-1.786,5.917,-2.689,46.350,48.000,31.950,36.5
15:52:01.603,165989,-4.020,-6.165,-7.590,-1.260,3.487,-1.858,46.350,48.000,31.950,36.9
15:52:01.657,166043,-4.389,-4.156,-5.878,0.520,-1.997,0.256,69.600,27.750,-0.600,36.5
15:52:01.711,166097,-3.294,-2.612,-3.364,1.957,-5.015,2.741,65.100,28.950,9.750,36.7
15:52:01.765,166151,-2.361,1.504,6.895,1.641,-5.375,3.135,65.100,28.950,9.750,36.7
15:52:01.818,166205,0.771,6.831,8.133,0.989,-4.874,3.062,35.700,54.000,34.350,36.4
15:52:01.873,166259,4.650,9.091,10.065,0.730,-4.469,2.434,35.700,54.000,34.350,36.7
15:52:01.926,166313,7.336,8.212,9.776,0.261,-3.970,1.819,-2.850,63.300,44.850,36.6
15:52:01.980,166367,10.568,7.484,7.987,-0.432,-3.024,1.646,-2.850,63.300,44.850,36.9
15:52:02.035,166421,8.904,7.817,10.853,-0.484,-1.596,0.529,-36.000,61.350,44.550,36.8
15:52:02.088,166475,5.696,7.247,10.997,0.093,-0.387,0.147,-36.000,61.350,44.550,36.5
15:52:02.143,166529,6.864,7.906,13.716,0.020,0.920,-0.563,-36.000,61.350,44.550,36.5
15:52:02.196,166583,7.966,7.520,14.451,-0.531,2.972,-1.588,-36.000,61.350,44.550,36.6
15:52:02.250,166637,7.252,7.985,15.227,-0.060,4.504,-2.159,-36.000,61.350,44.550,36.6
15:52:02.304,166691,5.823,6.376,12.107,0.164,5.582,-2.755,6.600,59.550,45.600,36.9
15:52:02.358,166745,3.314,5.662,7.511,-0.125,6.011,-3.264,6.600,59.550,45.600,37.0
15:52:02.412,166799,0.910,1.202,2.320,-1.399,6.251,-3.334,51.900,48.000,23.550,36.6
15:52:02.466,166853,-0.737,1.607,-5.804,-0.904,5.205,-2.450,51.900,48.000,23.550,36.5
15:52:02.520,166907,-9.943,-4.384,-9.311,0.424,1.205,-1.371,71.250,25.650,-5.550,36.7
15:52:02.573,166961,-5.686,-2.863,-3.395,1.565,-4.048,1.923,71.250,25.650,-5.550,36.4
15:52:02.628,167015,-4.590,-0.318,-2.504,1.221,-4.907,2.904,67.950,30.300,4.800,36.5
15:52:02.682,167069,-1.671,3.634,6.167,0.612,-5.173,3.093,67.950,30.300,4.800,36.6
15:52:02.736,167123,1.671,5.045,6.795,0.965,-4.751,2.612,44.700,52.200,31.800,37.0
15:52:02.791,167177,4.609,5.490,10.839,-0.215,-4.472,2.041,44.700,52.200,31.800,36.6
15:52:02.845,167231,7.391,6.450,10.760,0.489,-4.207,1.866,7.200,57.750,46.200,36.6
15:52:02.898,167285,8.765,5.602,7.628,0.042,-3.899,1.507,-32.850,59.700,44.700,36.6
15:52:02.952,167339,10.788,5.646,8.140,-0.370,-3.194,1.324,-32.850,59.700,44.700,36.5
15:52:03.006,167393,9.946,5.083,8.813,-0.138,-2.153,0.807,-32.850,59.700,44.700,36.8
15:52:03.060,167447,8.229,6.347,10.779,-0.062,-0.487,0.169,-32.850,59.700,44.700,36.4
15:52:03.114,167501,8.430,7.429,13.204,-0.200,0.963,-0.275,-32.850,59.700,44.700,36.6
15:52:03.168,167555,10.113,6.756,12.040,-0.428,2.981,-1.087,-32.850,59.700,44.700,36.5
15:52:03.222,167609,10.266,7.216,12.400,-0.168,4.452,-1.899,-47.700,54.000,39.750,36.6
15:52:03.276,167663,9.366,7.013,11.044,0.619,5.485,-2.619,-47.700,54.000,39.750,36.6
15:52:03.330,167717,7.448,6.632,8.447,0.074,5.964,-2.935,-5.100,59.550,47.850,36.6
15:52:03.384,167771,3.972,6.060,6.658,-0.956,6.047,-3.522,-5.100,59.550,47.850,36.5
15:52:03.438,167825,2.234,0.010,2.387,-1.237,6.061,-3.540,43.650,50.400,27.900,36.7
15:52:03.492,167879,-0.383,-0.555,-5.037,-1.738,4.518,-2.265,43.650,50.400,27.900,36.8
15:52:03.546,167933,-7.027,-3.642,-7.848,-0.189,0.390,-0.585,68.250,28.800,-3.450,36.5
15:52:03.601,167987,-5.780,-3.594,-4.345,1.263,-3.868,2.017,68.250,23.700,-6.300,36.6
15:52:03.654,168041,-3.575,0.469,-0.247,0.952,-5.431,2.928,68.250,23.700,-6.300,36.7
15:52:03.708,168095,-1.504,3.268,3.716,0.762,-5.385,2.949,50.100,41.850,24.300,36.8
15:52:03.762,168149,2.715,5.310,10.678,0.742,-5.379,2.814,50.100,41.850,24.300,36.6
15:52:03.817,168203,5.827,6.112,7.966,-0.179,-5.285,2.029,11.550,58.350,42.750,36.8
15:52:03.871,168257,10.278,5.883,11.365,0.116,-4.393,1.716,11.550,58.350,42.750,36.9
15:52:03.925,168311,10.065,5.780,9.922,-0.175,-3.752,1.463,-30.300,57.300,45.150,36.7
15:52:03.978,168365,8.957,4.614,7.477,-0.054,-3.184,0.881,-30.300,57.300,45.150,36.7
15:52:04.033,168419,10.199,4.911,9.608,0.495,-2.129,1.128,-30.300,57.300,45.150,36.4
15:52:04.086,168473,10.738,5.114,9.673,0.626,-0.728,0.370,-30.300,57.300,45.150,36.5
15:52:04.141,168527,8.377,6.182,11.418,-0.104,0.846,-0.225,-30.300,57.300,45.150,36.8
15:52:04.194,168581,9.606,7.211,10.345,-0.520,2.327,-0.880,-66.000,51.900,29.400,36.7
15:52:04.249,168635,11.064,6.680,10.779,-0.685,3.774,-1.610,-66.000,51.900,29.400,36.8
15:52:04.303,168689,11.576,6.682,11.131,0.161,5.176,-2.264,-36.000,54.900,46.050,36.6
15:52:04.356,168743,7.017,6.196,8.631,0.317,5.650,-2.879,-36.000,54.900,46.050,36.5
15:52:04.410,168797,3.821,6.780,7.791,0.333,5.883,-3.166,14.850,57.900,42.750,36.7
15:52:04.464,168851,2.265,2.401,5.377,-0.657,5.881,-3.514,14.850,57.900,42.750,36.7
15:52:04.518,168905,-0.402,0.723,1.776,-1.711,5.385,-3.172,56.700,43.500,19.050,36.5
15:52:04.572,168959,-1.602,-0.886,-1.516,-0.761,4.255,-2.080,56.700,43.500,19.050,36.6
15:52:04.622,169013,-8.167,-5.356,-6.472,-0.965,1.132,-0.906,69.750,25.200,-7.050,36.7
15:52:04.676,169067,-6.649,-2.600,-5.274,0.799,-2.737,1.495,69.750,25.200,-7.050,36.7
15:52:04.731,169121,-5.703,-2.272,-1.678,1.179,-4.686,2.463,69.600,21.150,-9.000,36.6
15:52:04.788,169175,-2.904,0.912,1.190,0.855,-5.736,3.087,69.600,21.150,-9.000,36.6
15:52:04.843,169229,-0.781,5.339,6.163,0.738,-5.628,3.367,55.200,41.100,21.300,36.7
15:52:04.896,169283,3.740,7.532,10.475,1.399,-5.172,2.782,55.200,41.100,21.300,36.6
15:52:04.950,169337,8.260,6.096,9.574,0.678,-4.542,2.303,55.200,41.100,21.300,36.6
15:52:05.004,169391,10.539,7.671,8.344,0.492,-3.903,2.087,55.200,41.100,21.300,36.6
15:52:05.058,169445,9.309,6.189,9.045,0.094,-3.317,1.804,55.200,41.100,21.300,36.6
15:52:05.112,169499,10.209,6.084,6.148,-0.659,-2.718,1.314,-55.050,57.150,34.650,36.6
15:52:05.167,169553,10.965,6.778,7.954,-0.282,-1.114,0.534,-55.050,57.150,34.650,36.7
15:52:05.221,169607,8.746,6.852,10.855,0.234,0.350,-0.071,-73.350,49.800,24.450,36.7
15:52:05.274,169661,9.127,7.590,10.688,-0.170,1.949,-0.739,-73.350,49.800,24.450,36.7
15:52:05.329,169715,10.769,7.192,10.848,-0.433,3.364,-1.596,-64.950,53.100,30.450,36.5
15:52:05.383,169769,12.500,7.590,11.193,-0.414,4.928,-2.402,-64.950,53.100,30.450,36.7
15:52:05.436,169823,9.232,7.400,7.671,-0.424,5.809,-3.014,-31.800,58.200,45.150,36.7
15:52:05.491,169877,3.883,4.496,7.501,-0.546,5.962,-3.010,19.800,57.000,42.900,36.5
15:52:05.544,169931,1.877,3.378,0.192,-1.230,5.504,-3.240,19.800,57.000,42.900,36.6
15:52:05.599,169985,-0.735,-0.330,3.503,-0.954,5.456,-2.876,58.500,40.950,17.550,36.8
15:52:05.653,170039,-2.897,0.697,0.864,-1.202,3.850,-1.722,58.500,40.950,17.550,36.5
15:52:05.706,170093,-7.784,-3.280,-5.734,-1.255,2.530,-1.350,70.800,26.550,-8.400,36.7
15:52:05.761,170147,-8.933,-2.100,-5.921,-0.173,-0.844,0.250,70.800,26.550,-8.400,36.7
15:52:05.814,170201,-7.633,-1.290,-2.294,0.392,-3.155,1.070,70.800,26.550,-8.400,36.6
15:52:05.868,170255,-5.629,-1.255,0.476,1.113,-4.607,1.859,70.800,26.550,-8.400,36.6
15:52:05.923,170309,-3.689,1.324,2.313,1.204,-4.999,2.260,70.800,26.550,-8.400,36.4
15:52:05.976,170363,-0.867,2.715,7.645,1.001,-4.902,2.390,70.800,26.550,-8.400,36.5
15:52:06.030,170417,2.155,6.084,9.730,0.515,-4.495,2.385,34.350,50.400,34.050,36.5
15:52:06.084,170471,5.365,7.910,8.112,0.932,-3.959,2.175,-0.300,59.850,34.050,36.5
15:52:06.139,170525,7.786,5.155,8.899,0.732,-3.476,1.758,-0.300,59.850,46.350,36.6
15:52:06.192,170579,8.095,5.722,7.405,0.265,-3.161,1.761,-33.150,61.350,43.050,36.7
15:52:06.246,170633,9.237,7.326,9.074,0.207,-2.273,1.433,-33.150,61.350,43.050,36.7
15:52:06.300,170687,10.123,7.573,10.398,-0.265,-0.756,0.541,-55.800,57.600,34.650,36.7
15:52:06.355,170741,7.673,8.054,11.059,-0.346,0.770,-0.363,-55.800,57.600,34.650,36.5
15:52:06.409,170795,8.313,8.169,12.888,-0.867,2.450,-1.217,-54.000,54.000,39.450,36.5
15:52:06.463,170849,8.653,8.578,13.077,-0.698,3.866,-1.981,-54.000,54.000,39.450,36.5
15:52:06.516,170903,7.475,8.092,12.301,0.447,5.073,-2.628,-27.450,55.650,48.600,36.7
15:52:06.570,170957,4.003,5.023,7.159,-0.018,5.578,-3.046,-27.450,55.650,48.600,36.6
15:52:06.624,171011,1.803,3.191,6.254,-0.593,5.540,-3.060,20.850,55.650,42.300,36.5
15:52:06.679,171065,-1.020,0.060,3.019,-0.904,5.287,-2.867,20.850,55.650,42.300,36.6
15:52:06.733,171119,-2.528,0.733,3.254,-1.128,4.375,-2.119,20.850,55.650,42.300,36.7
15:52:06.786,171173,-4.520,-1.475,-5.255,-1.288,2.605,-0.914,20.850,55.650,42.300,36.6
15:52:06.841,171227,-8.396,-1.803,-4.592,-0.324,-0.533,-0.066,20.850,55.650,42.300,36.7
15:52:06.894,171281,-7.142,-2.234,-3.285,0.675,-3.999,1.288,69.750,25.650,-6.750,36.4
15:52:06.948,171335,-3.900,-0.445,1.836,0.717,-5.347,2.189,69.750,25.650,-6.750,36.4
15:52:07.002,171389,-1.482,3.440,3.577,0.617,-5.760,2.242,52.650,38.850,22.800,36.6
15:52:07.056,171443,0.917,1.456,8.138,0.549,-5.677,2.246,52.650,38.850,22.800,36.7
15:52:07.110,171497,5.772,5.356,7.987,-0.266,-5.276,1.740,15.150,49.050,44.850,36.7
15:52:07.164,171551,10.104,6.761,10.386,1.382,-4.157,1.836,15.150,49.050,44.850,36.6
15:52:07.218,171605,8.356,5.236,8.114,0.877,-3.794,1.797,-25.650,55.200,47.100,36.5
15:52:07.273,171659,10.362,6.385,8.246,0.325,-2.755,1.473,-25.650,55.200,47.100,36.7
15:52:07.326,171713,11.037,6.673,9.895,-0.239,-1.520,1.154,-56.400,53.550,36.600,36.7
15:52:07.381,171767,8.928,6.582,11.267,-1.020,0.491,-0.330,-67.500,49.650,30.750,36.5
15:52:07.435,171821,10.772,6.632,13.405,-0.713,2.432,-0.973,-67.500,49.650,30.750,36.3
15:52:07.489,171875,12.179,6.910,12.230,-0.706,4.640,-1.919,-45.600,48.900,43.950,36.5
15:52:07.543,171929,9.941,5.377,10.058,-0.674,5.788,-2.295,-45.600,48.900,43.950,36.5
15:52:07.597,171983,5.358,3.654,6.785,-0.558,6.323,-2.395,-45.600,48.900,43.950,36.7
15:52:07.650,172037,2.485,2.076,2.382,-1.132,6.323,-2.452,-45.600,48.900,43.950,36.5
15:52:07.704,172091,-0.812,1.516,1.946,-2.218,6.003,-1.888,-45.600,48.900,43.950,36.5
15:52:07.759,172145,-2.145,1.276,2.222,-1.707,4.245,-0.998,-45.600,48.900,43.950,36.7
15:52:07.812,172199,-7.005,-4.992,-9.136,-0.852,2.123,-1.000,68.550,20.400,-1.050,36.7
15:52:07.867,172253,-6.618,-2.818,-3.314,1.510,-2.599,0.646,68.550,20.400,-1.050,36.5
15:52:07.920,172307,-5.344,-2.325,-1.293,2.149,-5.036,2.248,67.500,18.300,-1.950,36.7
15:52:07.974,172361,-3.132,0.567,2.399,1.758,-5.344,2.543,67.500,18.300,-1.950,36.6
15:52:08.028,172415,0.666,3.393,5.365,1.784,-5.121,2.675,50.850,37.650,27.900,36.6
15:52:08.082,172469,3.989,5.270,9.146,1.459,-4.777,3.244,13.500,56.250,44.700,36.5
15:52:08.136,172523,8.337,8.684,7.676,-0.526,-4.123,2.274,13.500,56.250,44.700,36.7
15:52:08.191,172577,8.899,6.682,8.650,-1.197,-3.905,1.272,-21.900,57.900,47.100,36.8
15:52:08.244,172631,9.340,5.078,7.728,-0.077,-3.117,1.067,-21.900,57.900,47.100,36.7
15:52:08.298,172685,9.706,6.235,10.805,0.910,-1.715,0.927,-52.800,52.950,40.950,36.7
15:52:08.352,172739,9.685,6.989,12.641,0.432,-0.089,0.047,-52.800,52.950,40.950,36.7
15:52:08.406,172793,7.877,6.665,12.038,-0.461,1.685,-0.738,-60.300,54.450,36.900,36.7
15:52:08.458,172847,9.850,6.563,13.113,-0.287,3.255,-1.440,-60.300,54.450,36.900,36.5
15:52:08.514,172901,9.725,6.330,11.140,0.503,4.769,-1.939,-60.300,54.450,36.900,36.5
15:52:08.568,172955,6.172,6.225,7.927,-0.127,5.150,-2.415,-60.300,54.450,36.900,36.6
15:52:08.622,173009,5.052,3.041,4.891,-0.058,5.231,-2.702,-60.300,54.450,36.900,36.7
15:52:08.676,173063,-0.089,2.121,3.452,-1.570,4.994,-2.842,44.100,47.250,29.700,36.6
15:52:08.730,173117,-2.737,1.152,3.275,-1.200,4.504,-2.036,44.100,47.250,29.700,36.7
15:52:08.784,173171,-5.490,-1.130,-3.299,-1.451,2.567,-0.792,66.000,30.300,9.300,36.5
15:52:08.838,173225,-7.523,-1.520,-4.650,-0.136,-0.630,0.092,66.000,30.300,9.300,36.3
15:52:08.893,173279,-5.976,-1.573,0.242,1.009,-3.635,1.087,64.350,27.450,7.950,36.5
15:52:08.946,173333,-4.752,0.065,4.171,1.024,-4.490,2.140,64.350,27.450,7.950,36.7
15:52:08.997,173387,-2.071,2.265,5.064,1.172,-4.489,2.210,47.850,41.550,30.150,36.6
15:52:09.051,173441,1.132,3.972,7.798,0.001,-4.571,1.864,47.850,41.550,30.150,36.7
15:52:09.105,173495,5.329,6.108,9.665,0.147,-3.728,1.334,15.150,49.800,46.350,36.7
15:52:09.163,173549,6.242,5.952,12.871,1.208,-2.950,1.450,15.150,49.800,46.350,36.6
15:52:09.216,173603,6.766,5.892,10.039,0.451,-2.083,1.027,-15.000,54.600,48.300,36.6
15:52:09.270,173657,6.709,6.682,11.305,0.426,-1.411,0.508,-15.000,54.600,48.300,36.6
15:52:09.325,173711,6.000,5.310,8.875,0.020,-0.856,0.306,-34.950,57.600,46.050,36.4
15:52:09.379,173765,7.427,5.902,9.476,-0.376,-0.133,0.140,-42.000,57.900,43.500,36.5
15:52:09.433,173819,5.820,5.248,8.315,-0.347,0.546,0.066,-42.000,57.900,43.500,36.7
15:52:09.486,173873,5.363,4.398,7.853,0.046,0.822,0.241,-42.000,57.900,43.500,36.9
15:52:09.541,173927,4.075,3.800,5.528,0.073,0.798,-0.076,-42.000,57.900,43.500,36.5
15:52:09.594,173981,1.815,6.879,7.235,0.031,0.522,-0.215,-42.000,57.900,43.500,36.6
15:52:09.649,174035,4.841,3.685,6.630,2.229,0.644,-0.844,-42.000,57.900,43.500,36.3
15:52:09.702,174089,2.911,3.247,2.942,4.987,0.216,-0.537,-27.000,65.100,42.150,36.7
15:52:09.756,174143,8.147,9.653,5.478,4.387,-0.029,0.459,-27.000,65.100,42.150,36.4
15:52:09.810,174197,3.730,9.527,7.056,1.233,0.255,0.050,-23.400,92.700,13.500,36.5
15:52:09.865,174251,2.181,12.967,2.128,-0.636,-0.052,0.027,-23.400,92.700,13.500,36.6
15:52:09.918,174305,3.036,5.164,4.539,0.282,0.432,-0.032,-21.750,96.450,7.050,36.7
15:52:09.973,174359,3.943,9.122,2.545,0.849,0.217,-0.068,-22.050,96.750,7.800,36.7
15:52:10.026,174413,3.757,11.138,0.474,2.303,-0.185,-0.049,-22.050,96.750,7.800,36.7
15:52:10.076,174467,4.111,9.969,-3.270,4.149,-0.237,-0.452,-21.600,103.200,-8.400,36.5
15:52:10.131,174521,2.717,11.140,-2.030,-0.162,-0.341,-0.281,-21.600,103.200,-8.400,36.5
15:52:10.189,174575,6.297,4.863,2.480,-1.540,-0.255,0.268,-16.950,106.500,-19.050,36.9
15:52:10.243,174629,3.958,10.824,4.518,-1.039,0.128,0.556,-16.950,106.500,-19.050,36.3
15:52:10.296,174683,2.866,9.730,-0.285,0.127,-0.411,0.021,-18.900,105.150,-12.750,36.3
15:52:10.350,174737,3.898,4.427,-1.585,-0.193,0.169,-0.248,-18.900,105.150,-12.750,36.6
15:52:10.404,174791,4.238,13.506,-1.501,-2.827,0.239,0.365,-18.900,105.150,-12.750,36.6
15:52:10.458,174845,3.273,6.053,-4.410,3.908,-0.181,-0.075,-18.900,105.150,-12.750,36.7
15:52:10.512,174899,3.122,10.613,-0.675,0.429,-0.475,0.240,-18.900,105.150,-12.750,36.8
15:52:10.567,174953,3.764,9.462,-1.772,2.034,-0.137,-0.100,-20.100,105.450,-24.750,36.7
15:52:10.621,175007,4.003,10.870,-0.895,-0.385,-0.005,-0.003,-20.100,105.450,-24.750,36.8
15:52:10.675,175061,2.983,7.207,-0.838,0.791,-0.031,0.052,-20.550,105.750,-29.700,36.5
15:52:10.729,175115,3.747,7.805,-1.053,-2.346,0.038,0.309,-20.550,105.750,-29.700,36.4
15:52:10.782,175169,4.492,8.016,-1.132,-2.664,0.021,0.266,-21.150,105.450,-19.650,36.4
15:52:10.837,175223,3.455,9.960,-0.043,-5.217,0.063,0.159,-21.150,105.450,-19.650,36.6
15:52:10.890,175277,5.167,9.847,2.729,-6.022,-0.371,0.293,-22.500,97.200,11.400,36.7
15:52:10.944,175331,4.288,2.195,3.041,-0.769,-0.593,0.160,-22.500,97.200,11.400,36.8
15:52:10.998,175385,2.224,8.090,7.626,-5.043,-0.306,0.209,-27.300,78.600,34.050,36.7
15:52:11.052,175439,4.274,4.204,5.729,-2.167,-0.785,0.464,-27.300,78.600,34.050,36.3
15:52:11.106,175493,5.986,4.120,8.521,-1.507,-0.148,0.150,-31.050,55.050,47.250,36.5
15:52:11.157,175547,6.287,3.752,8.430,-1.701,0.181,-0.524,-31.050,55.050,47.250,36.6
15:52:11.212,175601,3.601,2.535,4.492,0.779,-0.493,0.312,-31.350,44.550,50.250,36.4
15:52:11.268,175655,3.900,1.300,8.514,0.630,0.001,0.512,-36.750,41.700,47.850,36.7
15:52:11.322,175709,5.315,5.191,8.528,-2.162,-0.674,0.115,-36.750,41.700,47.850,36.9
15:52:11.376,175763,9.189,4.106,9.340,-2.480,0.376,-0.395,-36.750,41.700,47.850,36.5
15:52:11.430,175817,7.863,0.603,15.706,-2.316,1.987,-0.402,-36.750,41.700,47.850,36.4
15:52:11.485,175871,6.215,1.173,14.298,-0.350,4.022,-0.754,-36.750,41.700,47.850,36.6
15:52:11.539,175925,3.321,1.630,11.875,1.000,4.732,-0.877,-36.750,41.700,47.850,36.5
15:52:11.592,175979,2.696,0.498,11.530,1.557,5.112,-1.009,7.800,24.750,47.850,36.5
15:52:11.646,176033,0.160,1.346,8.090,1.218,4.845,-1.172,7.800,24.750,47.850,36.8
15:52:11.700,176087,-0.895,1.530,6.297,1.111,4.468,-1.210,43.950,31.650,33.900,36.6
15:52:11.754,176141,-3.433,-1.482,2.231,-0.312,3.607,-0.920,43.950,31.650,33.900,36.7
15:52:11.808,176195,-6.048,0.838,-3.014,-1.002,2.129,-0.068,63.900,29.850,10.050,36.5
15:52:11.863,176249,-8.677,-1.985,-4.599,0.130,-1.197,0.468,68.250,27.600,0.900,36.6
15:52:11.916,176303,-6.756,-0.682,-1.350,0.924,-3.677,1.461,68.250,27.600,0.900,36.7
15:52:11.971,176357,-4.353,1.901,3.876,1.366,-4.686,1.977,54.900,38.400,22.350,36.7
15:52:12.024,176411,-1.154,4.338,5.832,0.505,-4.539,2.373,54.900,38.400,22.350,36.7
15:52:12.079,176465,3.002,7.214,8.538,1.029,-4.296,2.107,28.650,52.500,41.550,36.8
15:52:12.132,176519,5.136,6.845,9.333,0.985,-4.045,1.879,28.650,52.500,41.550,36.6
15:52:12.186,176573,9.697,7.638,8.267,0.474,-3.452,1.386,-8.700,59.250,45.750,36.6
15:52:12.240,176627,7.697,4.980,8.222,-0.696,-2.881,1.076,-8.700,59.250,45.750,36.6
15:52:12.294,176681,6.692,5.162,7.642,-0.722,-2.799,0.846,-8.700,59.250,45.750,36.7
15:52:12.348,176735,8.950,3.713,6.852,-1.047,-2.239,0.639,-8.700,59.250,45.750,36.7
15:52:12.402,176789,8.303,3.886,6.416,-0.727,-2.127,0.513,-8.700,59.250,45.750,36.5
15:52:12.456,176843,9.294,3.417,5.030,0.004,-1.375,0.380,-8.700,59.250,45.750,36.6
15:52:12.510,176897,9.737,4.374,7.652,0.072,0.016,-0.135,-70.050,45.900,26.250,36.3
15:52:12.564,176951,9.495,6.292,10.750,-0.119,1.498,-0.320,-70.950,45.300,25.350,36.6
15:52:12.618,177005,9.529,5.605,10.810,-0.891,2.755,-0.921,-70.950,45.300,25.350,36.5
15:52:12.673,177059,9.246,5.341,9.809,-0.717,3.687,-1.147,-53.700,44.550,37.050,36.6
15:52:12.726,177113,7.472,4.319,9.249,-0.284,4.260,-1.363,-53.700,44.550,37.050,36.7
15:52:12.781,177167,7.286,3.874,8.801,-0.366,4.511,-1.565,-18.000,46.500,48.000,36.8
15:52:12.834,177221,4.475,3.414,8.950,-0.500,4.608,-1.489,-18.000,46.500,48.000,36.7
15:52:12.889,177275,1.700,2.686,6.598,-0.695,4.523,-1.462,18.000,42.600,42.900,36.6
15:52:12.942,177329,0.816,1.827,5.796,-0.219,4.481,-1.556,18.000,42.600,42.900,36.7
15:52:12.997,177383,-3.412,0.682,3.036,-1.260,4.189,-1.142,49.500,34.350,27.000,36.6
15:52:13.050,177437,-4.980,2.162,-0.113,-0.470,2.691,-0.582,49.500,34.350,27.000,36.5
15:52:13.104,177491,-6.603,-1.810,-4.571,0.054,0.073,-0.264,63.150,26.400,6.000,36.5
15:52:13.158,177545,-6.366,-1.369,-1.994,0.535,-2.367,0.654,63.150,26.400,6.000,36.6
15:52:13.213,177599,-4.966,1.470,2.298,0.929,-3.943,1.526,63.150,26.400,6.000,36.7
15:52:13.266,177653,-3.182,1.750,5.636,1.322,-4.464,1.634,63.150,26.400,6.000,36.5
15:52:13.320,177707,0.072,2.385,7.128,1.099,-4.588,1.871,63.150,26.400,6.000,36.6
15:52:13.374,177761,1.820,4.990,10.075,0.650,-4.617,1.978,17.850,49.050,43.050,36.5
15:52:13.426,177815,7.144,7.788,9.548,0.667,-4.187,1.822,17.850,49.050,43.050,36.8
15:52:13.480,177869,8.916,5.890,9.548,0.537,-3.175,1.548,-19.800,56.550,45.450,36.7
15:52:13.534,177923,8.080,5.720,8.741,0.577,-2.536,1.383,-19.800,56.550,45.450,36.8
15:52:13.587,177977,7.841,5.332,7.580,0.496,-2.289,1.188,-45.450,55.200,39.450,36.5
15:52:13.641,178031,7.966,4.752,6.716,0.562,-1.903,0.900,-45.450,55.200,39.450,36.6
15:52:13.695,178085,8.272,5.248,8.847,0.946,-1.610,0.680,-62.850,54.000,27.750,36.5
15:52:13.749,178139,11.032,6.409,6.007,0.878,0.481,0.049,-62.850,54.000,27.750,36.7
15:52:13.804,178193,10.879,8.191,11.145,-0.237,2.157,-0.928,-70.950,54.300,19.500,36.6
15:52:13.860,178247,11.009,8.382,11.131,-0.453,4.013,-1.992,-56.250,55.950,31.800,36.5
15:52:13.915,178301,8.897,6.840,10.204,-0.375,4.966,-2.587,-56.250,55.950,31.800,36.6
15:52:13.968,178355,5.406,6.479,9.000,-0.195,5.190,-2.846,-12.750,61.950,42.450,36.5
15:52:14.023,178409,3.800,5.040,8.325,0.188,5.125,-2.937,-12.750,61.950,42.450,36.6
15:52:14.076,178463,1.350,5.195,7.137,-0.325,4.787,-2.887,-12.750,61.950,42.450,36.3
15:52:14.131,178517,-0.498,1.891,4.183,-0.475,4.678,-2.961,-12.750,61.950,42.450,36.5
15:52:14.184,178571,-2.677,1.429,1.736,-0.574,4.179,-2.209,59.550,42.900,12.300,36.6
15:52:14.239,178625,-4.398,-2.452,-4.741,-0.861,1.659,-0.606,59.550,42.900,12.300,36.5
15:52:14.292,178679,-6.170,-2.722,-3.919,-0.152,-1.783,0.685,68.250,31.050,-7.350,36.6
15:52:14.346,178733,-6.840,-0.912,-1.120,-0.357,-4.080,1.762,68.250,31.050,-7.350,36.8
15:52:14.396,178787,-5.665,1.575,4.104,-0.245,-4.586,2.064,64.200,35.250,6.300,36.7
15:52:14.451,178841,-3.270,4.518,8.844,0.187,-4.400,2.189,44.400,46.950,31.200,36.7
15:52:14.558,178895,0.907,5.811,6.783,1.211,-4.236,1.893,44.400,46.950,31.200,36.7
15:52:14.559,178949,4.523,4.429,7.805,0.150,-4.068,1.577,11.550,54.450,42.300,36.5
15:52:14.614,179003,7.379,6.163,8.236,-0.017,-3.706,1.439,11.550,54.450,42.300,36.7
15:52:14.670,179057,6.977,5.945,8.933,0.375,-3.180,1.234,-21.150,57.600,44.100,36.6
15:52:14.724,179111,8.353,4.604,8.404,0.472,-2.582,1.070,-21.150,57.600,44.100,36.6
15:52:14.778,179165,7.427,5.897,8.887,0.516,-2.156,1.054,-47.250,56.700,37.950,36.6
15:52:14.832,179219,8.653,5.921,7.635,-0.031,-1.268,0.481,-47.250,56.700,37.950,36.7
15:52:14.887,179273,9.905,7.096,8.382,-0.100,0.245,-0.027,-62.100,54.450,31.050,36.5
15:52:14.941,179327,10.125,7.228,9.922,-0.560,1.994,-0.830,-62.100,54.450,31.050,36.6
15:52:14.994,179381,8.909,8.203,11.751,-0.604,3.729,-1.639,-62.100,54.450,31.050,36.3
15:52:15.048,179435,7.523,7.762,12.414,-0.221,4.600,-2.307,-62.100,54.450,31.050,36.5
15:52:15.102,179489,4.944,5.942,11.928,-0.299,5.189,-2.641,-62.100,54.450,31.050,36.7
15:52:15.156,179543,3.232,5.409,8.171,-0.645,5.601,-2.830,23.250,53.550,39.900,36.4
15:52:15.211,179597,0.783,2.148,4.906,-0.222,5.913,-2.760,23.250,53.550,39.900,36.6
15:52:15.264,179651,-1.547,0.785,1.496,-0.729,5.439,-2.588,58.800,39.750,14.550,36.6
15:52:15.318,179705,-4.204,-2.030,-5.713,-0.264,3.145,-1.588,58.800,39.750,14.550,36.7
15:52:15.372,179759,-6.369,-5.059,-4.958,0.409,-0.871,0.160,69.600,28.950,-8.400,36.7
15:52:15.426,179813,-6.282,-0.769,-3.472,0.159,-3.916,2.034,69.600,28.950,-8.400,36.8
15:52:15.480,179867,-4.393,0.594,5.358,0.149,-4.508,2.022,63.900,34.500,7.350,36.6
15:52:15.534,179921,-2.962,3.486,6.977,0.352,-4.490,2.162,63.900,34.500,7.350,36.5
15:52:15.588,179975,-1.041,6.917,9.050,-0.058,-4.192,1.911,43.500,46.350,32.400,36.7
15:52:15.642,180029,2.219,7.896,9.191,1.205,-3.289,1.840,43.500,46.350,32.400,36.5
15:52:15.696,180083,4.501,5.540,8.705,1.460,-3.033,1.748,14.850,57.600,43.800,36.7
15:52:15.750,180137,4.982,6.773,8.660,0.945,-2.656,1.611,-13.500,66.300,41.850,36.6
15:52:15.804,180191,6.809,7.111,7.623,0.697,-2.169,1.468,-13.500,66.300,41.850,36.6
15:52:15.858,180245,6.946,6.553,6.297,-0.110,-1.766,1.171,-13.500,66.300,41.850,36.7
15:52:15.912,180299,5.928,6.828,8.871,-0.121,-1.533,0.980,-13.500,66.300,41.850,36.6
15:52:15.966,180353,7.319,6.850,7.154,0.148,-0.754,0.404,-13.500,66.300,41.850,36.2
15:52:16.021,180407,7.798,8.782,9.601,-0.187,0.275,-0.285,-13.500,66.300,41.850,36.5
15:52:16.074,180461,7.954,8.408,10.855,-0.933,1.682,-1.022,-51.750,64.050,33.150,36.7
15:52:16.128,180515,8.966,9.091,11.224,-1.436,3.012,-1.645,-51.750,64.050,33.150,36.5
15:52:16.182,180569,8.083,7.884,12.601,-1.303,4.423,-2.269,-30.300,61.200,42.900,36.7
15:52:16.236,180623,6.165,6.704,10.743,-0.764,5.468,-2.423,-30.300,61.200,42.900,36.5
15:52:16.290,180677,3.594,4.348,6.167,-1.008,6.311,-2.593,10.950,54.300,44.400,36.6
15:52:16.344,180731,-0.761,0.979,3.081,-1.388,6.648,-2.254,52.500,38.550,22.200,36.6
15:52:16.398,180785,-1.099,-0.182,-3.979,-1.417,5.390,-1.729,52.500,38.550,22.200,36.6
15:52:16.452,180839,-6.601,-1.211,-6.469,-0.037,2.402,-1.168,70.800,26.250,-7.650,36.4
15:52:16.507,180893,-6.527,-1.887,-4.547,0.476,-1.527,0.326,70.800,26.250,-7.650,36.5
15:52:16.556,180947,-6.685,-1.688,-1.243,0.596,-3.833,1.649,67.350,25.500,-3.150,36.8
15:52:16.611,181001,-5.847,0.594,2.799,0.344,-4.498,2.022,67.350,25.500,-3.150,36.8
15:52:16.668,181055,-3.539,3.326,4.681,0.274,-4.503,2.216,56.250,37.800,21.450,36.7
15:52:16.722,181109,-0.426,4.954,8.047,1.535,-4.183,2.039,56.250,37.800,21.450,36.5
15:52:16.776,181163,2.025,5.974,8.442,1.061,-3.890,1.955,28.200,51.000,40.500,36.5
15:52:16.830,181217,4.195,7.894,8.023,1.038,-3.419,1.803,28.200,51.000,40.500,36.7
15:52:16.884,181271,6.689,7.460,9.115,1.275,-3.079,1.845,28.200,51.000,40.500,36.7
15:52:16.937,181325,7.678,6.443,6.239,0.721,-2.635,1.715,28.200,51.000,40.500,36.4
15:52:16.988,181379,7.381,6.086,9.062,0.944,-2.012,1.634,28.200,51.000,40.500,36.6
15:52:17.043,181433,8.135,6.883,6.682,0.659,-1.360,1.078,-51.150,68.250,29.700,36.6
15:52:17.098,181487,7.968,8.485,8.370,0.081,-0.324,0.196,-51.150,68.250,29.700,36.5
15:52:17.155,181541,8.219,8.971,8.198,-0.202,0.559,-0.272,-56.250,65.700,26.550,36.7
15:52:17.208,181595,7.669,8.729,9.771,-0.835,1.699,-1.307,-56.250,65.700,26.550,36.6
15:52:17.262,181649,9.215,9.527,10.633,-1.201,2.939,-1.990,-45.750,66.900,35.400,36.7
15:52:17.316,181703,9.299,9.096,10.630,-0.771,4.443,-2.672,-45.750,66.900,35.400,36.4
15:52:17.370,181757,6.249,8.392,10.659,-0.452,5.213,-3.226,-8.700,63.150,41.850,36.7
15:52:17.424,181811,3.251,4.599,9.517,-0.938,5.954,-3.332,-8.700,63.150,41.850,36.5
15:52:17.479,181865,1.477,2.452,3.867,-1.044,6.588,-3.124,38.850,53.100,31.950,36.7
15:52:17.532,181919,-0.634,2.756,-2.564,-0.868,5.834,-2.673,38.850,53.100,31.950,36.5
15:52:17.586,181973,-6.627,-3.496,-9.996,-0.759,2.052,-1.313,67.200,33.000,-0.450,36.5
15:52:17.640,182027,-6.907,-2.650,-2.866,0.664,-1.987,0.771,67.200,33.000,-0.450,36.7
15:52:17.694,182081,-6.206,0.309,-0.982,0.095,-3.894,2.029,67.200,33.000,-0.450,36.5
15:52:17.748,182135,-5.540,2.715,3.886,0.268,-4.392,1.937,67.200,33.000,-0.450,36.5
15:52:17.802,182189,-2.832,4.444,5.878,0.592,-4.184,1.729,67.200,33.000,-0.450,36.5
15:52:17.856,182243,-2.330,4.094,7.772,-0.029,-4.292,2.012,43.350,46.950,31.950,36.8
15:52:17.910,182297,1.719,6.986,7.779,0.151,-3.819,1.703,43.350,46.950,31.950,36.6
15:52:17.964,182351,4.104,6.385,9.905,1.277,-3.285,1.346,13.350,56.400,43.500,36.6
15:52:18.018,182405,5.169,6.579,8.772,0.900,-2.778,1.499,13.350,56.400,43.500,36.6
15:52:18.072,182459,6.543,7.831,8.066,0.093,-2.370,1.339,-14.400,65.250,42.300,36.8
15:52:18.126,182513,5.995,6.871,9.263,0.455,-1.962,1.276,-14.400,65.250,42.300,36.6
15:52:18.180,182567,6.428,5.854,8.744,0.088,-1.678,0.753,-36.000,65.700,38.700,36.5
15:52:18.234,182621,8.341,8.109,9.412,-0.157,-0.850,0.278,-51.300,62.250,34.350,36.6
15:52:18.288,182675,7.719,8.569,11.480,-0.603,0.677,-0.378,-51.300,62.250,34.350,36.6
15:52:18.342,182729,7.202,7.508,11.677,-0.707,2.081,-1.274,-45.000,60.300,37.650,36.3
15:52:18.397,182783,8.475,8.143,11.095,-0.312,3.370,-1.937,-45.000,60.300,37.650,36.3
15:52:18.450,182837,6.879,7.805,11.222,-0.270,4.365,-2.550,-16.500,61.950,43.950,36.6
15:52:18.504,182891,4.413,7.104,8.521,-0.457,4.843,-2.920,-16.500,61.950,43.950,36.4
15:52:18.558,182945,2.126,5.622,8.322,-0.681,5.429,-3.161,-16.500,61.950,43.950,36.7
15:52:18.612,182999,0.177,1.817,1.621,-1.286,5.881,-3.166,-16.500,61.950,43.950,36.7
15:52:18.666,183053,-0.606,1.927,-1.551,-0.508,4.888,-2.319,-16.500,61.950,43.950,36.4
15:52:18.720,183107,-6.208,-4.729,-7.618,-0.187,2.114,-1.100,-16.500,61.950,43.950,36.5
15:52:18.774,183161,-6.419,-2.011,-3.627,0.561,-2.318,1.165,70.350,25.800,-10.500,36.7
15:52:18.828,183215,-5.744,-0.824,-0.711,0.019,-4.056,1.993,70.350,25.800,-10.500,36.5
15:52:18.882,183269,-5.222,2.018,6.416,0.050,-4.610,2.203,65.100,33.150,7.200,36.3
15:52:18.937,183323,-2.375,3.505,7.410,0.001,-4.105,2.245,45.900,46.200,29.700,36.5
15:52:18.990,183377,0.062,4.951,7.398,0.335,-3.974,1.839,45.900,46.200,29.700,36.6
15:52:19.044,183431,2.365,5.504,12.189,0.504,-3.480,1.663,16.500,55.050,42.900,36.4
15:52:19.098,183485,4.489,6.239,8.516,0.637,-3.043,1.361,16.500,55.050,42.900,36.6
15:52:19.153,183539,5.298,6.239,8.329,0.226,-2.710,1.163,-10.950,59.250,46.950,36.5
15:52:19.206,183593,5.617,5.796,7.506,0.450,-2.430,1.207,-10.950,59.250,46.950,36.5
15:52:19.260,183647,6.321,5.148,7.798,0.687,-2.199,0.845,-34.800,60.900,44.400,36.6
15:52:19.314,183701,7.482,6.294,7.374,0.238,-1.948,0.854,-34.800,60.900,44.400,36.5
15:52:19.368,183755,7.290,5.425,7.707,0.190,-1.635,0.734,-53.550,59.850,33.600,36.3
15:52:19.422,183809,10.783,5.758,6.543,0.214,-0.060,0.089,-53.550,59.850,33.600,36.4
15:52:19.476,183863,8.648,7.547,10.312,-0.622,1.351,-0.491,-53.550,59.850,33.600,36.7
15:52:19.530,183917,8.969,7.305,11.655,-0.931,2.904,-1.423,-53.550,59.850,33.600,36.7
15:52:19.584,183971,8.411,7.518,12.203,-0.632,4.088,-2.250,-53.550,59.850,33.600,36.7
15:52:19.638,184025,6.553,7.053,10.285,-0.153,4.796,-2.718,-13.650,57.600,45.600,36.5
15:52:19.692,184079,3.321,5.533,10.420,-0.463,5.369,-2.908,-13.650,57.600,45.600,36.7
15:52:19.746,184133,2.377,4.360,6.139,-0.829,5.432,-3.119,30.600,51.900,36.300,36.6
15:52:19.800,184187,-0.833,1.942,4.640,-0.690,5.614,-3.056,30.600,51.900,36.300,36.5
15:52:19.852,184241,-1.393,1.168,1.587,-0.487,5.097,-2.596,62.400,33.750,9.600,36.3
15:52:19.908,184295,-6.713,-4.489,-5.449,-0.040,2.767,-1.420,62.400,33.750,9.600,36.6
15:52:19.963,184349,-5.892,-4.827,-3.349,0.832,-0.916,0.329,70.200,22.500,-15.900,36.5
15:52:20.016,184403,-6.323,-1.839,-2.875,0.238,-3.713,2.409,70.200,22.500,-15.900,36.6
15:52:20.070,184457,-5.610,0.292,1.920,-0.427,-4.708,2.780,66.600,27.750,0.000,36.6
15:52:20.124,184511,-2.440,2.267,2.739,0.356,-4.873,2.771,66.600,27.750,0.000,36.5
15:52:20.178,184565,-0.175,3.747,7.338,-0.042,-4.758,2.597,51.000,43.950,25.950,36.7
15:52:20.232,184619,2.969,4.975,9.323,-0.033,-4.146,2.105,16.650,54.000,43.500,36.7
15:52:20.286,184673,5.681,6.146,9.953,1.077,-3.508,1.583,16.650,54.000,43.500,36.4
15:52:20.340,184727,6.486,5.856,9.088,0.682,-3.261,1.593,16.650,54.000,43.500,36.5
15:52:20.394,184781,7.781,6.153,8.717,0.572,-2.803,1.302,16.650,54.000,43.500,36.3
15:52:20.448,184835,7.829,5.385,8.080,0.273,-2.282,1.264,16.650,54.000,43.500,36.7
15:52:20.502,184889,8.248,5.037,5.995,-0.306,-2.303,0.931,16.650,54.000,43.500,36.6
15:52:20.556,184943,7.736,5.035,7.975,0.074,-1.864,0.696,-62.550,57.150,28.500,36.7
15:52:20.610,184997,8.339,4.805,6.225,0.238,-0.810,0.323,-62.550,57.150,28.500,36.5
15:52:20.661,185051,11.229,6.215,7.456,-0.302,0.938,-0.316,-71.100,50.250,21.150,36.6
15:52:20.718,185105,10.673,7.025,9.079,-0.984,2.294,-0.881,-71.100,50.250,21.150,36.6
15:52:20.772,185159,11.097,6.503,9.986,-0.860,3.839,-1.572,-63.450,51.900,27.150,36.5
15:52:20.826,185213,8.483,5.447,11.392,-0.093,4.917,-2.115,-31.950,53.700,43.500,36.6
15:52:20.880,185267,6.826,5.969,8.181,-0.035,5.249,-2.386,-31.950,53.700,43.500,36.7
15:52:20.934,185321,3.697,4.281,5.528,0.381,5.608,-2.678,15.150,54.900,42.300,36.6
15:52:20.988,185375,2.210,4.029,5.914,-0.406,5.441,-2.848,15.150,54.900,42.300,36.8
15:52:21.042,185429,-0.273,1.779,2.164,-0.315,5.559,-2.670,52.050,44.850,19.350,36.6
15:52:21.096,185483,-2.737,0.151,2.682,-0.189,5.060,-1.778,52.050,44.850,19.350,36.6
15:52:21.150,185537,-6.812,-1.932,-5.906,-1.110,2.650,-1.062,71.700,31.050,-8.550,36.7
15:52:21.204,185591,-7.750,-1.051,-4.949,-0.218,-0.770,0.219,71.700,31.050,-8.550,36.6
15:52:21.258,185645,-6.570,-1.561,-3.725,0.233,-4.435,0.851,71.700,31.050,-8.550,36.5
15:52:21.312,185699,-5.107,-0.400,4.039,0.305,-5.178,1.606,71.700,31.050,-8.550,36.6
15:52:21.366,185753,-2.952,1.518,4.733,-0.374,-5.061,1.767,71.700,31.050,-8.550,36.7
15:52:21.420,185807,-1.542,4.041,9.098,0.135,-4.392,1.916,71.700,31.050,-8.550,36.6
15:52:21.474,185861,1.350,5.619,10.858,1.099,-3.952,1.576,34.350,45.000,37.050,36.5
15:52:21.528,185915,4.918,6.048,10.070,0.901,-3.527,1.375,3.300,52.200,47.100,36.6
15:52:21.582,185969,5.823,5.729,9.529,0.519,-3.179,1.333,3.300,52.200,47.100,36.6
15:52:21.636,186023,6.005,4.341,6.981,1.160,-2.729,1.391,-25.200,56.700,46.800,36.7
15:52:21.690,186077,7.451,5.037,6.816,0.948,-2.660,1.317,-25.200,56.700,46.800,36.4
15:52:21.744,186131,8.473,6.883,8.875,0.693,-2.608,1.315,-51.000,59.550,36.450,36.4
15:52:21.798,186185,10.180,5.157,5.746,0.476,-1.260,0.680,-51.000,59.550,36.450,36.6
15:52:21.852,186239,8.176,7.250,10.405,0.070,-0.406,0.218,-65.700,57.750,25.650,36.6
15:52:21.906,186293,8.622,7.338,10.005,-0.511,1.150,-0.578,-65.700,57.750,25.650,36.3
15:52:21.960,186347,9.546,7.161,10.975,-1.212,2.404,-1.189,-64.950,57.750,27.150,36.5
15:52:22.012,186401,11.394,7.159,11.301,-1.148,4.052,-2.091,-64.950,57.750,27.150,36.7
15:52:22.067,186455,8.590,6.804,10.206,-0.570,5.390,-2.545,-39.750,55.200,42.750,36.5
15:52:22.120,186509,3.788,5.042,10.458,-0.603,5.816,-2.665,-39.750,55.200,42.750,36.6
15:52:22.176,186563,-0.208,2.823,5.655,-0.852,6.073,-2.246,-39.750,55.200,42.750,36.5
15:52:22.230,186617,1.913,2.136,2.641,-0.646,5.496,-2.386,-39.750,55.200,42.750,36.3
15:52:22.284,186671,-1.396,0.242,2.219,-0.459,5.270,-2.261,-39.750,55.200,42.750,36.5
15:52:22.338,186725,-2.037,0.984,-3.733,-0.359,3.619,-1.445,68.550,26.250,-3.900,36.6
15:52:22.392,186779,-7.626,-2.856,-6.340,-0.030,-0.452,-0.117,68.550,26.250,-3.900,36.5
15:52:22.446,186833,-6.984,-2.172,-4.259,0.399,-3.522,1.295,70.050,23.550,-13.800,36.6
15:52:22.500,186887,-5.528,-0.093,2.308,0.380,-4.688,2.213,70.050,23.550,-13.800,36.7
15:52:22.554,186941,-3.199,2.567,4.266,0.392,-4.765,2.226,61.350,33.900,13.500,36.8
15:52:22.608,186995,-2.433,3.728,7.836,0.347,-4.224,2.105,61.350,33.900,13.500,36.6
15:52:22.662,187049,0.172,5.306,8.176,0.933,-3.674,1.952,36.300,45.750,35.250,36.3
15:52:22.716,187103,3.278,6.141,8.533,1.129,-3.374,1.876,7.500,57.750,45.150,36.4
15:52:22.770,187157,5.279,6.177,10.187,1.077,-2.904,1.772,7.500,57.750,45.150,36.7
15:52:22.824,187211,5.763,5.861,7.748,1.100,-2.605,1.915,-21.300,65.850,42.150,36.5
15:52:22.878,187265,7.843,6.007,7.149,0.835,-2.428,1.582,-21.300,65.850,42.150,36.6
15:52:22.932,187319,8.135,7.058,6.821,0.189,-2.002,1.213,-45.450,67.200,34.650,36.5
15:52:22.986,187373,7.230,6.783,6.974,-0.269,-1.704,0.888,-45.450,67.200,34.650,36.7
15:52:23.040,187427,7.350,7.137,8.523,-0.307,-1.158,0.465,-45.450,67.200,34.650,36.5
15:52:23.094,187481,9.627,7.058,6.048,-0.473,0.307,-0.129,-45.450,67.200,34.650,36.6
15:52:23.148,187535,9.883,8.064,9.910,-0.831,1.994,-0.995,-45.450,67.200,34.650,36.6
15:52:23.202,187589,9.857,7.456,10.077,-0.988,3.266,-1.793,-45.450,67.200,34.650,36.4
15:52:23.256,187643,8.162,6.742,10.008,-0.444,4.368,-2.423,-43.950,60.600,38.700,36.8
15:52:23.310,187697,3.871,5.361,9.529,0.064,4.514,-2.919,-43.950,60.600,38.700,36.7
15:52:23.364,187751,4.010,7.381,7.010,0.177,4.555,-3.007,-2.700,60.900,43.950,36.5
15:52:23.418,187805,3.620,6.879,6.910,-0.918,4.749,-3.324,36.600,53.850,32.250,36.4
15:52:23.472,187859,-1.786,1.674,2.574,-1.103,5.182,-3.166,36.600,53.850,32.250,36.6
15:52:23.528,187913,-2.969,0.781,-3.194,-1.188,4.298,-2.069,63.600,33.600,7.650,36.5
15:52:23.580,187967,-6.993,-4.882,-5.267,-1.433,1.926,-0.844,63.600,33.600,7.650,36.6
15:52:23.634,188021,-7.518,-3.053,-4.391,-0.229,-1.842,0.747,70.200,23.700,-5.550,36.5
15:52:23.688,188075,-6.601,-1.554,-1.413,0.131,-3.763,1.592,70.200,23.700,-5.550,36.5
15:52:23.742,188129,-5.622,0.941,3.587,0.462,-4.466,1.928,61.950,30.600,10.650,36.5
15:52:23.796,188183,-2.602,2.887,6.747,0.331,-4.379,2.029,61.950,30.600,10.650,36.5
15:52:23.850,188237,-0.268,5.799,9.857,0.558,-4.166,1.956,40.950,45.600,33.150,36.6
15:52:23.904,188291,2.607,4.709,9.246,1.357,-3.682,1.677,40.950,45.600,33.150,36.7
15:52:23.958,188345,5.128,5.301,7.822,1.114,-3.416,1.670,40.950,45.600,33.150,36.5
15:52:24.012,188399,6.069,6.603,10.027,0.636,-3.021,1.706,40.950,45.600,33.150,36.5
15:52:24.066,188453,6.642,4.010,8.392,0.367,-2.754,1.696,40.950,45.600,33.150,36.7
15:52:24.120,188507,8.724,5.775,5.856,0.353,-2.724,1.170,-46.950,62.550,36.450,36.3
15:52:24.174,188561,8.624,6.709,5.255,0.792,-1.765,1.345,-46.950,62.550,36.450,36.4
15:52:24.228,188615,9.206,6.397,6.601,1.103,-0.973,0.789,-65.550,57.150,25.500,36.6
15:52:24.282,188669,8.181,8.610,9.562,0.900,0.103,0.056,-65.550,57.150,25.500,36.6
15:52:24.336,188723,9.323,8.456,7.386,0.143,1.214,-0.627,-68.550,59.850,22.650,36.6
15:52:24.390,188777,10.757,8.162,9.488,-0.910,2.608,-1.879,-68.550,59.850,22.650,36.8
15:52:24.444,188831,11.212,8.531,10.685,-1.362,3.932,-2.860,-51.000,64.500,32.100,36.5
15:52:24.498,188885,7.839,7.896,10.032,-0.947,4.932,-3.193,-51.000,64.500,32.100,36.4
15:52:24.548,188939,4.513,5.859,7.700,-0.458,5.660,-3.247,-8.100,63.750,44.100,36.3
15:52:24.602,188993,1.604,3.797,6.694,-0.086,5.921,-3.393,-8.100,63.750,44.100,36.4
15:52:24.656,189047,-0.694,0.977,1.743,-0.077,5.596,-3.142,40.350,54.300,30.450,36.5
15:52:24.712,189101,-4.070,-1.504,-4.056,0.813,4.293,-2.390,67.200,34.950,1.500,36.5
15:52:24.768,189155,-6.246,-3.089,-4.855,0.867,0.359,-0.790,67.200,34.950,1.500,36.7
15:52:24.822,189209,-6.615,-4.238,-2.399,0.170,-2.760,1.470,67.200,34.950,1.500,36.6
15:52:24.876,189263,-5.363,-0.982,-0.953,-0.605,-4.178,2.806,67.200,34.950,1.500,36.3
15:52:24.930,189317,-2.871,1.997,5.806,-0.310,-4.623,2.770,67.200,34.950,1.500,36.5
15:52:24.984,189371,-0.194,3.179,8.140,-0.312,-4.385,2.514,67.200,34.950,1.500,36.6
15:52:25.038,189425,2.746,4.439,6.246,0.213,-4.092,2.132,26.550,54.300,40.350,36.5
15:52:25.092,189479,4.621,6.218,11.111,0.259,-4.075,1.935,26.550,54.300,40.350,36.5
15:52:25.146,189533,6.608,7.561,8.502,0.534,-3.476,1.836,-7.500,60.000,45.750,36.6
15:52:25.200,189587,9.086,6.316,7.757,1.088,-2.915,1.490,-7.500,60.000,45.750,36.7
15:52:25.254,189641,8.030,5.298,8.291,-0.444,-2.740,1.388,-39.750,62.250,37.650,36.5
15:52:25.308,189695,8.777,5.059,4.482,-0.812,-2.585,1.027,-63.150,56.250,28.650,36.6
15:52:25.362,189749,8.528,5.042,4.949,-0.789,-2.340,0.839,-63.150,56.250,28.650,36.7
15:52:25.416,189803,10.350,5.380,7.740,-0.670,-1.819,0.495,-79.050,46.950,16.500,36.4
15:52:25.470,189857,11.830,4.922,5.662,-0.586,0.317,-0.256,-79.050,46.950,16.500,36.7
15:52:25.524,189911,11.736,5.784,9.917,-0.943,2.673,-0.751,-81.750,44.250,15.150,36.4
15:52:25.578,189965,11.135,4.743,11.061,-1.017,3.999,-1.492,-81.750,44.250,15.150,36.3
15:52:25.632,190019,10.987,5.792,10.642,-0.080,5.147,-1.990,-56.400,48.900,36.000,36.5
15:52:25.686,190073,8.693,5.492,10.628,0.051,5.732,-2.040,-56.400,48.900,36.000,36.7
15:52:25.740,190127,6.778,5.509,9.012,-0.784,5.841,-2.487,-56.400,48.900,36.000,36.6
15:52:25.794,190181,5.200,4.408,7.594,-1.477,6.443,-2.539,-56.400,48.900,36.000,36.6
15:52:25.848,190235,1.607,0.907,3.254,-1.804,6.589,-2.622,-56.400,48.900,36.000,36.6
15:52:25.902,190289,-2.923,-1.037,-4.597,-0.214,5.721,-2.382,66.000,21.750,0.150,36.7
15:52:25.956,190343,-6.905,-5.085,-9.620,0.108,1.985,-0.881,66.000,21.750,0.150,36.5
15:52:26.010,190397,-6.539,-2.334,-2.107,1.713,-2.225,1.801,68.250,18.300,-9.300,36.4
15:52:26.064,190451,-5.710,-0.761,0.388,0.518,-3.494,2.813,68.250,18.300,-9.300,36.5
15:52:26.118,190505,-5.820,0.548,3.467,0.649,-4.426,2.932,63.300,35.850,11.250,36.6
15:52:26.172,190559,-2.954,3.869,6.687,0.466,-4.222,3.012,63.300,35.850,11.250,36.5
15:52:26.226,190613,0.812,4.578,4.997,0.850,-3.908,2.622,39.000,52.500,31.050,36.6
15:52:26.280,190667,2.488,4.762,12.345,0.774,-3.524,2.156,39.000,52.500,31.050,36.7
15:52:26.334,190721,3.445,6.783,7.355,0.339,-3.524,2.225,6.750,60.900,43.650,36.5
15:52:26.388,190775,6.967,6.823,8.119,0.893,-3.180,1.686,6.750,60.900,43.650,36.6
15:52:26.442,190829,7.918,7.106,7.336,0.365,-3.091,1.821,-24.750,67.050,42.150,36.7
15:52:26.496,190883,8.540,5.904,6.397,0.503,-2.436,1.332,-24.750,67.050,42.150,36.5
15:52:26.550,190937,8.497,6.608,6.847,0.256,-2.199,1.346,-52.650,64.350,32.250,36.5
15:52:26.604,190991,9.809,6.402,6.539,0.136,-1.060,0.761,-52.650,64.350,32.250,36.7
15:52:26.658,191045,9.258,8.217,11.040,-0.451,0.767,-0.304,-52.650,64.350,32.250,36.8
15:52:26.712,191099,8.406,8.114,9.972,-0.699,1.934,-0.961,-52.650,64.350,32.250,36.5
15:52:26.766,191153,9.555,7.970,10.372,-0.866,3.184,-2.008,-52.650,64.350,32.250,36.4
15:52:26.820,191207,9.380,8.076,10.020,-0.709,4.200,-2.511,-43.650,60.450,38.550,36.7
15:52:26.874,191261,8.739,8.993,9.720,-0.221,4.974,-3.127,-43.650,60.450,38.550,36.7
15:52:26.928,191315,5.069,5.808,10.511,-0.243,5.261,-3.327,1.950,61.200,43.200,36.8
15:52:26.982,191369,3.196,5.301,6.500,-0.806,5.927,-3.388,1.950,61.200,43.200,36.3
15:52:27.036,191423,-0.060,-0.850,3.108,-1.267,5.988,-3.140,47.100,48.900,24.900,36.5
15:52:27.090,191477,-0.067,1.030,-0.668,-0.881,4.765,-2.240,47.100,48.900,24.900,36.6
15:52:27.144,191531,-7.721,-6.610,-8.583,-1.233,2.119,-1.510,68.850,28.500,-4.650,36.6
15:52:27.198,191585,-7.867,-2.902,-4.640,0.669,-1.313,0.340,69.450,19.800,-18.450,36.6
15:52:27.252,191639,-5.478,-0.278,-2.902,0.820,-4.127,1.883,69.450,19.800,-18.450,36.7
15:52:27.306,191693,-4.669,-0.122,3.146,-0.033,-5.035,2.201,64.350,30.450,7.200,36.7
15:52:27.360,191747,-1.252,1.697,1.137,0.491,-4.789,2.706,64.350,30.450,7.200,36.5
15:52:27.414,191801,-0.079,2.954,10.405,1.225,-4.510,2.267,41.850,45.300,33.000,36.5
15:52:27.468,191855,1.580,5.895,9.450,0.970,-4.191,2.484,41.850,45.300,33.000,36.3
15:52:27.522,191909,3.814,7.693,8.526,0.628,-3.984,2.287,6.600,59.850,42.000,36.6
15:52:27.572,191963,7.616,6.972,9.349,0.247,-3.451,1.937,6.600,59.850,42.000,36.7
15:52:27.627,192017,9.299,6.579,6.637,-0.602,-3.244,1.623,6.600,59.850,42.000,36.7
15:52:27.683,192071,8.282,5.679,8.145,-0.414,-2.754,1.193,6.600,59.850,42.000,36.6
15:52:27.738,192125,9.033,4.731,6.043,0.002,-2.165,0.988,-58.050,58.350,32.400,36.6
15:52:27.792,192179,10.472,6.711,9.799,0.292,-0.400,0.114,-58.050,58.350,32.400,36.6
15:52:27.846,192233,9.546,8.624,9.924,0.633,1.479,-0.712,-71.250,53.100,22.800,36.5
15:52:27.900,192287,7.934,10.240,11.131,0.306,2.870,-1.786,-58.800,61.350,29.550,36.6
15:52:27.954,192341,8.985,9.744,12.304,0.098,3.778,-2.640,-58.800,61.350,29.550,36.6
15:52:28.008,192395,8.708,8.770,11.691,-0.307,4.660,-3.568,-23.550,67.050,40.350,36.7
15:52:28.062,192449,6.792,7.638,10.032,-0.641,5.352,-3.740,-23.550,67.050,40.350,36.6
15:52:28.116,192503,3.201,4.717,8.164,-1.133,5.652,-3.573,26.700,62.250,36.150,36.6
15:52:28.170,192557,1.264,0.919,2.995,-1.425,5.719,-3.122,26.700,62.250,36.150,36.7
15:52:28.224,192611,-0.934,1.671,2.670,-1.156,4.893,-2.403,61.200,39.900,12.150,36.8
15:52:28.278,192665,-4.345,-4.594,-6.062,-1.510,3.365,-1.403,61.200,39.900,12.150,36.6
15:52:28.332,192719,-7.793,-3.685,-6.560,-0.176,-0.588,-0.053,70.350,25.800,-13.800,36.7
15:52:28.386,192773,-6.536,-2.234,-4.111,0.775,-3.850,1.708,70.350,25.800,-13.800,36.3
15:52:28.440,192827,-5.231,-0.184,2.097,0.203,-4.936,2.235,68.250,27.150,-6.000,36.5
15:52:28.494,192881,-2.370,1.970,3.845,0.103,-4.905,2.559,68.250,27.150,-6.000,36.5
15:52:28.548,192935,-0.213,5.641,8.250,0.537,-4.651,2.235,68.250,27.150,-6.000,36.4
15:52:28.602,192989,1.985,3.680,9.967,0.595,-4.279,2.042,68.250,27.150,-6.000,36.6
15:52:28.656,193043,4.128,7.360,11.176,0.811,-3.986,1.826,68.250,27.150,-6.000,36.6
15:52:28.710,193097,5.624,6.325,10.281,0.733,-3.652,1.818,-12.150,61.350,43.800,36.5
15:52:28.764,193151,8.349,5.511,6.067,0.419,-3.165,1.712,-12.150,61.350,43.800,36.5
15:52:28.818,193205,8.277,6.922,8.818,0.216,-2.948,1.794,-44.250,61.050,36.150,36.7
15:52:28.872,193259,11.131,4.841,6.393,-0.133,-1.826,0.844,-44.250,61.050,36.150,36.5
15:52:28.926,193313,8.590,7.391,9.479,-0.225,-0.551,0.377,-67.350,55.950,27.000,36.4
15:52:28.980,193367,10.618,7.307,11.727,-0.478,1.381,-0.489,-67.350,55.950,27.000,36.6
15:52:29.034,193421,10.257,7.228,13.295,-0.501,3.358,-1.214,-67.950,54.300,27.900,36.7
15:52:29.088,193475,10.997,6.706,10.788,-0.399,5.034,-2.069,-67.950,54.300,27.900,36.4
15:52:29.142,193529,6.970,5.986,9.170,-0.627,5.513,-2.510,-37.200,55.650,42.300,36.3
15:52:29.196,193583,5.933,4.089,7.740,-1.541,5.604,-2.432,13.200,51.150,45.150,36.7
15:52:29.250,193637,3.632,3.041,4.920,-1.249,5.910,-2.392,13.200,51.150,45.150,36.7
15:52:29.304,193691,-0.505,0.520,3.294,-0.647,5.888,-2.178,50.850,34.950,24.900,36.5
15:52:29.358,193745,-2.399,2.155,-1.298,-0.411,4.737,-1.281,50.850,34.950,24.900,36.3
15:52:29.412,193799,-8.334,-2.679,-6.639,1.379,1.703,-0.926,50.850,34.950,24.900,36.3
15:52:29.466,193853,-7.630,-4.525,-2.816,1.110,-2.229,0.690,50.850,34.950,24.900,36.7
15:52:29.520,193907,-7.051,-1.405,0.503,-0.079,-3.580,1.631,50.850,34.950,24.900,36.5
15:52:29.574,193961,-5.318,0.306,2.677,0.234,-4.089,2.125,50.850,34.950,24.900,36.6
15:52:29.624,194015,-1.611,1.891,4.578,0.866,-4.237,2.339,50.850,34.950,24.900,36.7
15:52:29.678,194069,0.165,3.292,9.112,0.924,-4.191,2.303,50.850,34.950,24.900,36.7
15:52:29.734,194123,2.808,4.752,9.057,1.298,-3.762,2.215,27.300,49.950,40.350,36.6
15:52:29.790,194177,5.025,7.290,9.618,1.815,-3.487,2.087,-4.350,63.750,43.500,36.6
15:52:29.844,194231,7.927,7.065,7.645,1.001,-3.186,2.025,-4.350,63.750,43.500,36.3
15:52:29.898,194285,7.982,7.156,7.240,0.552,-3.090,2.013,-37.050,67.800,38.850,36.6
15:52:29.952,194339,10.475,6.893,5.902,1.118,-2.158,1.657,-37.050,67.800,38.850,36.6
15:52:30.006,194393,9.000,7.113,6.124,1.046,-1.441,1.291,-62.100,63.300,24.750,36.5
15:52:30.060,194447,8.167,8.284,7.501,0.330,-0.888,0.650,-62.100,63.300,24.750,36.6
15:52:30.114,194501,9.215,8.504,8.241,-0.545,0.343,-0.350,-70.350,62.250,16.350,36.4
15:52:30.168,194555,9.416,8.380,9.347,-1.068,1.566,-1.322,-70.350,62.250,16.350,36.6
15:52:30.222,194609,10.970,9.151,8.964,-1.189,3.065,-2.385,-63.150,64.650,24.300,36.5
15:52:30.276,194663,10.690,8.399,8.744,-1.225,4.254,-2.989,-63.150,64.650,24.300,36.5
15:52:30.330,194717,7.578,7.901,9.572,-1.225,4.966,-3.018,-28.500,65.100,40.650,36.4
15:52:30.384,194771,4.590,5.277,5.890,-1.228,5.446,-2.861,17.250,55.350,41.850,36.6
15:52:30.438,194825,0.905,3.249,3.761,-1.244,5.435,-2.870,17.250,55.350,41.850,36.5
15:52:30.492,194879,-0.311,1.396,2.382,-0.875,4.556,-2.312,17.250,55.350,41.850,36.7
15:52:30.546,194933,-2.871,0.867,1.264,-1.001,3.425,-1.774,17.250,55.350,41.850,36.6
15:52:30.600,194987,-7.999,-2.832,-3.824,-0.905,1.276,-0.661,17.250,55.350,41.850,36.5
15:52:30.654,195041,-10.254,-3.036,-4.120,0.120,-1.575,0.403,17.250,55.350,41.850,36.3
15:52:30.708,195095,-7.245,-0.879,-1.137,0.734,-3.232,1.482,65.700,26.100,4.500,36.8
15:52:30.762,195149,-4.628,0.448,4.970,1.233,-3.791,1.871,65.700,26.100,4.500,36.7
15:52:30.816,195203,-1.288,3.026,5.303,0.910,-3.708,2.230,51.300,39.750,25.500,36.4
15:52:30.870,195257,-0.220,6.419,9.488,1.309,-3.510,1.902,51.300,39.750,25.500,36.4
15:52:30.924,195311,1.659,5.200,9.017,0.764,-3.332,1.982,28.050,53.100,37.050,36.5
15:52:30.977,195365,4.384,6.041,5.770,0.422,-3.402,1.864,28.050,53.100,37.050,36.5
15:52:31.031,195419,6.431,5.796,7.389,0.258,-3.317,1.662,-0.900,60.900,43.200,36.6
15:52:31.086,195473,7.791,5.456,8.770,0.053,-3.273,1.764,-32.400,59.850,42.000,36.6
15:52:31.140,195527,9.163,5.286,7.525,0.075,-2.932,1.251,-32.400,59.850,42.000,36.5
15:52:31.194,195581,9.290,5.710,7.314,0.238,-1.977,0.861,-59.400,57.300,31.950,36.4
15:52:31.248,195635,8.662,5.550,7.628,0.011,-0.841,0.214,-59.400,57.300,31.950,36.3
15:52:31.302,195689,8.768,7.626,11.298,-0.670,0.473,-0.428,-68.550,55.650,25.500,36.3
15:52:31.356,195743,10.736,6.893,10.116,-0.878,2.374,-1.113,-68.550,55.650,25.500,36.7
15:52:31.410,195797,11.574,7.003,11.760,-0.639,4.044,-1.973,-56.550,54.000,33.900,36.7
15:52:31.464,195851,9.871,6.998,10.408,-0.203,5.111,-2.472,-56.550,54.000,33.900,36.5
15:52:31.518,195905,6.263,5.215,8.121,-0.119,5.586,-2.546,-56.550,54.000,33.900,36.5
15:52:31.572,195959,3.747,4.714,7.819,-1.283,5.784,-2.391,-56.550,54.000,33.900,36.5
15:52:31.622,196013,0.232,2.004,2.746,-2.457,5.703,-1.817,-56.550,54.000,33.900,36.5
15:52:31.677,196067,-3.227,1.779,-1.997,-1.486,5.087,-1.749,62.700,31.500,11.100,36.5
15:52:31.730,196121,-7.496,-1.118,-8.100,0.375,1.790,-0.611,62.700,31.500,11.100,36.4
15:52:31.784,196175,-7.372,-3.598,-4.295,2.458,-2.227,0.936,69.450,24.150,0.450,36.3
15:52:31.839,196229,-5.511,0.079,-0.448,1.464,-3.914,2.345,69.450,24.150,0.450,36.6
15:52:31.896,196283,-5.751,2.808,6.467,0.851,-4.244,2.144,57.300,43.650,18.900,36.5
15:52:31.950,196337,-1.494,1.468,5.875,0.667,-3.996,1.957,57.300,43.650,18.900,36.6
15:52:32.004,196391,1.927,6.689,7.209,-0.450,-4.181,1.993,30.150,56.400,36.150,36.8
15:52:32.058,196445,4.269,5.181,7.501,0.698,-3.800,1.676,30.150,56.400,36.150,36.5
15:52:32.112,196499,5.662,6.103,9.067,0.457,-3.891,1.733,-3.300,62.250,43.800,36.4
15:52:32.166,196553,7.896,5.916,7.379,0.215,-3.679,1.723,-3.300,62.250,43.800,36.8
15:52:32.220,196607,10.326,5.885,6.354,0.221,-3.196,1.662,-38.700,63.750,39.750,36.5
15:52:32.274,196661,10.005,5.358,6.218,0.628,-2.534,1.340,-38.700,63.750,39.750,36.4
15:52:32.328,196715,9.560,5.947,5.131,0.886,-2.127,1.141,-66.300,57.900,25.500,36.5
15:52:32.382,196769,11.056,7.295,6.328,0.976,-0.934,0.560,-77.550,54.300,11.400,36.5
15:52:32.436,196823,9.831,8.502,8.519,-0.363,0.952,-0.345,-77.550,54.300,11.400,36.5
15:52:32.490,196877,10.444,7.599,9.728,-1.056,2.570,-1.404,-77.550,54.300,11.400,36.5
15:52:32.544,196931,12.404,7.678,9.895,-1.540,4.009,-2.430,-77.550,54.300,11.400,36.5
15:52:32.598,196985,12.577,7.468,10.003,-1.235,5.381,-2.967,-46.200,59.550,37.200,36.6
15:52:32.652,197039,8.614,5.598,10.195,-0.764,5.885,-3.103,-46.200,59.550,37.200,36.6
15:52:32.706,197093,5.313,4.384,6.855,-0.595,6.322,-3.151,7.050,54.900,43.500,36.3
15:52:32.759,197147,1.480,2.306,4.592,-0.675,6.384,-2.831,7.050,54.900,43.500,36.4
15:52:32.813,197201,0.156,1.144,2.138,-0.396,5.622,-2.478,50.850,42.600,22.800,36.5
15:52:32.867,197255,-5.222,-3.824,-6.383,-0.861,3.571,-1.977,50.850,42.600,22.800,36.5
15:52:32.922,197309,-7.539,-3.543,-5.811,-0.051,0.375,-0.665,69.300,26.550,-8.700,36.5
15:52:32.976,197363,-6.730,-1.987,-2.715,0.584,-3.068,1.107,69.000,23.250,-7.350,36.7
15:52:33.030,197417,-6.076,-0.982,1.448,0.250,-4.266,2.053,69.000,23.250,-7.350,36.5
15:52:33.084,197471,-5.751,0.807,4.178,0.987,-4.506,2.360,57.900,34.500,18.000,36.5
15:52:33.138,197525,-1.575,3.041,6.393,0.125,-4.304,2.436,57.900,34.500,18.000,36.5
15:52:33.192,197579,1.398,5.160,7.238,0.976,-3.849,2.020,32.700,48.600,36.900,36.3
15:52:33.246,197633,2.622,3.249,10.147,0.899,-3.681,1.980,32.700,48.600,36.900,36.5
15:52:33.299,197687,4.915,7.180,8.952,0.265,-3.700,2.011,32.700,48.600,36.900,36.6
15:52:33.353,197741,6.687,5.519,7.257,0.759,-3.378,1.849,32.700,48.600,36.900,36.3
15:52:33.406,197795,9.280,5.346,6.357,0.278,-3.336,1.758,32.700,48.600,36.900,36.3
15:52:33.460,197849,10.139,6.946,8.250,0.637,-2.451,1.160,32.700,48.600,36.900,36.7
15:52:33.516,197903,8.679,6.838,8.969,0.700,-1.180,0.774,-57.000,59.850,28.500,36.4
15:52:33.570,197957,7.649,8.521,10.752,-0.107,-0.021,-0.029,-66.300,59.850,28.500,36.5
15:52:33.624,198011,8.473,8.399,10.886,-0.484,1.111,-0.643,-66.300,57.900,23.400,36.6
15:52:33.678,198065,9.783,7.527,10.633,-0.975,2.611,-1.633,-57.000,59.850,29.850,36.3
15:52:33.732,198119,11.116,7.956,8.918,-0.694,4.130,-2.457,-57.000,59.850,29.850,36.4
15:52:33.786,198173,9.474,7.930,9.680,-0.221,4.828,-3.043,-23.100,61.800,42.000,36.5
15:52:33.840,198227,6.431,7.065,9.191,-0.294,5.320,-3.431,-23.100,61.800,42.000,36.5
15:52:33.893,198281,2.406,4.494,8.045,-0.534,5.596,-3.424,24.300,56.250,36.600,36.5
15:52:33.948,198335,0.747,1.856,2.648,-0.676,5.500,-3.256,24.300,56.250,36.600,36.7
15:52:34.002,198389,-1.300,1.168,2.399,-0.747,5.008,-2.813,61.950,39.150,12.150,36.5
15:52:34.056,198443,-7.281,-5.183,-5.871,-1.390,2.839,-1.652,61.950,39.150,12.150,36.6
15:52:34.110,198497,-8.334,-5.162,-5.461,-0.154,-0.528,0.078,61.950,39.150,12.150,36.5
15:52:34.164,198551,-6.809,-1.803,-2.679,0.671,-3.386,1.830,61.950,39.150,12.150,36.3
15:52:34.218,198605,-5.588,0.271,3.438,-0.107,-4.210,2.602,61.950,39.150,12.150,36.5
15:52:34.272,198659,-2.497,4.678,3.692,-0.021,-4.592,2.659,54.450,39.900,19.050,36.7
15:52:34.325,198713,-0.309,5.353,8.231,0.164,-4.143,2.248,54.450,39.900,19.050,36.5
15:52:34.380,198767,0.989,4.020,8.792,0.540,-4.154,1.951,28.050,50.400,39.300,36.6
15:52:34.434,198821,2.521,4.776,10.834,0.446,-4.255,1.872,28.050,50.400,39.300,36.6
15:52:34.488,198875,6.500,7.707,8.365,0.703,-3.893,1.696,-7.350,58.350,45.300,36.5
15:52:34.541,198929,9.170,5.777,5.619,0.759,-3.408,1.717,-7.350,58.350,45.300,36.5
15:52:34.596,198983,9.651,4.954,7.554,0.784,-2.836,1.522,-40.500,60.300,39.000,36.2
15:52:34.646,199037,10.544,5.100,7.333,0.680,-1.919,1.064,-40.500,60.300,39.000,36.5
15:52:34.701,199091,8.535,6.716,9.184,0.022,-0.485,0.501,-62.100,59.550,26.250,36.6
15:52:34.758,199145,7.192,7.420,10.750,-0.489,0.362,-0.127,-62.100,59.550,26.250,36.5
15:52:34.812,199199,8.191,7.755,10.314,-0.451,1.664,-0.837,-65.700,58.200,26.100,36.5
15:52:34.866,199253,10.156,7.867,11.231,-0.766,2.787,-1.699,-50.550,57.600,37.200,36.7
15:52:34.920,199307,10.362,8.466,10.566,-0.354,4.543,-2.554,-50.550,57.600,37.200,36.7
15:52:34.974,199361,9.500,8.207,10.647,-0.389,5.368,-3.287,-50.550,57.600,37.200,36.3
15:52:35.028,199415,5.286,6.048,7.235,-0.488,5.699,-3.412,-50.550,57.600,37.200,36.5
15:52:35.082,199469,4.243,3.338,3.886,-0.249,5.696,-3.438,-50.550,57.600,37.200,36.5
15:52:35.136,199523,-0.450,0.627,3.563,-1.033,5.052,-3.141,-50.550,57.600,37.200,36.3
15:52:35.190,199577,-3.701,-0.584,-4.008,-1.508,3.650,-2.135,66.000,31.050,6.750,36.6
15:52:35.244,199631,-10.228,-4.511,-7.623,-0.746,0.882,-1.142,66.000,31.050,6.750,36.4
15:52:35.298,199685,-8.320,-3.591,-3.551,1.210,-2.585,1.268,69.750,19.050,-7.350,36.6
15:52:35.352,199739,-5.363,-0.682,-0.376,0.733,-3.724,2.311,69.750,19.050,-7.350,36.5
15:52:35.406,199793,-4.216,1.116,3.879,0.943,-4.338,2.573,62.700,30.300,10.350,36.5
15:52:35.460,199847,-1.168,3.670,7.453,-0.009,-4.373,2.602,62.700,30.300,10.350,36.5
15:52:35.513,199901,1.389,6.026,9.043,0.852,-3.979,2.115,42.750,46.350,32.400,36.5
15:52:35.568,199955,2.425,6.613,10.374,0.750,-3.808,2.168,12.900,54.450,43.050,36.4
15:52:35.621,200009,6.079,6.029,7.772,1.045,-3.548,1.832,12.900,54.450,43.050,36.3
15:52:35.676,200063,5.744,5.849,10.400,0.893,-3.206,1.901,-20.850,63.000,42.300,36.5
15:52:35.730,200117,10.051,5.641,6.076,-0.268,-2.786,1.491,-20.850,63.000,42.300,36.4
15:52:35.784,200171,7.537,5.899,8.164,0.141,-2.455,1.366,-48.600,60.900,35.250,36.5
15:52:35.837,200225,9.199,5.732,7.041,-0.328,-1.484,0.597,-48.600,60.900,35.250,36.6
15:52:35.892,200279,8.681,6.074,8.811,-0.297,-0.656,0.228,-48.600,60.900,35.250,36.5
15:52:35.946,200333,9.270,6.409,8.789,-0.175,0.859,-0.463,-48.600,60.900,35.250,36.5
15:52:36.000,200387,9.127,6.677,10.520,-0.683,1.817,-0.903,-48.600,60.900,35.250,36.4
15:52:36.054,200441,10.918,5.361,9.816,-0.871,3.411,-1.499,-48.600,60.900,35.250,36.3
15:52:36.108,200495,11.150,6.213,10.348,-0.391,4.662,-1.961,-47.700,53.250,40.200,36.5
15:52:36.162,200549,8.566,4.975,9.012,-0.448,5.305,-2.491,-3.600,54.000,47.100,36.5
15:52:36.216,200603,3.115,4.492,7.767,-1.268,5.476,-2.616,-3.600,54.000,47.100,36.6
15:52:36.270,200657,0.306,1.784,4.604,-0.953,5.829,-2.247,39.000,42.450,34.650,36.6
15:52:36.324,200711,-2.028,0.864,2.507,-0.857,5.417,-1.788,39.000,42.450,34.650,36.7
15:52:36.378,200765,-4.365,0.395,-0.503,-1.000,4.496,-1.562,63.900,27.900,7.050,36.6
15:52:36.432,200819,-9.792,-6.132,-8.679,-0.694,1.454,-1.038,63.900,27.900,7.050,36.4
15:52:36.486,200873,-8.732,-3.184,-5.018,1.520,-2.299,0.783,69.300,19.200,-9.750,36.7
15:52:36.540,200927,-5.389,-0.172,-1.994,0.736,-4.236,2.071,69.300,19.200,-9.750,36.3
15:52:36.594,200981,-3.333,1.235,3.043,0.767,-4.837,2.323,62.100,31.200,10.950,36.6
15:52:36.644,201035,0.144,2.160,6.223,0.246,-4.959,2.293,62.100,31.200,10.950,36.5
15:52:36.698,201089,1.290,6.591,9.249,-0.203,-4.606,2.234,38.550,43.800,34.800,36.5
15:52:36.752,201143,6.314,2.655,6.347,0.851,-4.354,1.731,38.550,43.800,34.800,36.6
15:52:36.806,201197,7.187,5.756,9.199,0.235,-4.061,1.616,38.550,43.800,34.800,36.5
15:52:36.862,201251,8.569,6.409,8.104,0.652,-3.557,1.472,38.550,43.800,34.800,36.6
15:52:36.917,201305,9.713,5.112,6.132,0.286,-3.002,1.247,38.550,43.800,34.800,36.6
15:52:36.972,201359,9.531,4.295,8.363,0.458,-2.400,1.066,-58.650,54.300,31.200,36.5
15:52:37.025,201413,9.574,5.394,6.797,0.265,-1.474,0.713,-58.650,54.300,31.200,36.6
15:52:37.080,201467,9.199,6.072,7.736,-0.120,-0.290,0.097,-71.700,52.350,22.350,36.2
15:52:37.133,201521,9.845,6.148,10.187,-0.526,1.168,-0.343,-71.700,52.350,22.350,36.6
15:52:37.184,201575,11.212,6.495,10.209,-1.085,2.860,-1.051,-69.600,51.750,25.200,36.5
15:52:37.238,201629,11.842,5.918,10.396,-0.862,4.384,-1.478,-69.600,51.750,25.200,36.5
15:52:37.292,201683,9.443,5.066,10.843,-0.048,5.292,-2.049,-43.350,50.400,42.900,36.5
15:52:37.348,201737,6.553,6.771,9.309,0.199,5.687,-2.555,-43.350,50.400,42.900,36.5
15:52:37.403,201791,3.225,4.329,6.651,-0.230,5.927,-2.593,3.900,51.600,45.150,36.6
15:52:37.458,201845,0.551,2.186,4.281,-0.903,5.910,-2.616,46.950,43.650,26.550,36.6
15:52:37.512,201899,-1.209,1.726,2.617,-0.868,5.430,-2.223,46.950,43.650,26.550,36.3
15:52:37.566,201953,-5.076,-1.891,-7.841,-0.626,3.564,-1.478,68.700,28.350,-0.900,36.3
15:52:37.620,202007,-7.985,-5.552,-6.007,0.921,-0.659,0.329,68.700,28.350,-0.900,36.6
15:52:37.674,202061,-5.634,-3.055,-3.089,1.206,-4.005,2.241,68.700,28.350,-0.900,36.5
15:52:37.728,202115,-3.730,1.116,2.784,0.325,-4.758,2.962,68.700,28.350,-0.900,36.4
15:52:37.781,202169,-0.704,6.041,4.451,0.025,-4.768,2.903,68.700,28.350,-0.900,36.6
15:52:37.836,202223,0.180,4.918,10.364,0.614,-4.037,2.570,68.700,28.350,-0.900,36.5
15:52:37.890,202277,3.065,5.624,8.076,0.186,-3.909,2.306,23.850,56.700,39.450,36.6
15:52:37.943,202331,5.325,6.682,7.887,-0.281,-3.846,1.831,23.850,56.700,39.450,36.3
15:52:37.998,202385,6.764,6.826,9.766,-0.012,-3.534,1.594,-12.450,61.650,45.150,36.3
15:52:38.051,202439,7.879,5.440,6.771,0.126,-3.189,1.393,-45.150,59.700,38.550,36.7
15:52:38.106,202493,10.156,4.640,7.432,-0.122,-3.017,1.160,-45.150,59.700,38.550,36.7
15:52:38.160,202547,9.103,5.602,7.460,0.212,-2.033,0.823,-65.400,57.300,26.100,36.5
15:52:38.215,202601,9.764,6.900,7.219,-0.103,-1.015,0.393,-65.400,57.300,26.100,36.4
15:52:38.268,202655,9.950,6.304,9.424,-0.509,0.398,-0.149,-74.700,54.600,20.250,36.5
15:52:38.322,202709,9.991,6.512,7.764,-0.900,2.187,-0.887,-74.700,54.600,20.250,36.5
15:52:38.376,202763,12.009,5.583,8.839,-1.066,3.315,-1.491,-65.100,53.250,28.500,36.6
15:52:38.430,202817,11.483,6.182,9.792,-1.180,4.679,-2.033,-65.100,53.250,28.500,36.3
15:52:38.483,202871,8.126,5.624,9.395,-1.305,5.218,-2.182,-29.550,52.350,44.400,36.3
15:52:38.538,202925,4.245,3.541,9.328,-0.944,5.578,-2.167,-29.550,52.350,44.400,36.5
15:52:38.591,202979,2.327,3.548,5.650,-0.978,5.787,-2.149,-29.550,52.350,44.400,36.5
15:52:38.642,203033,0.582,1.267,3.816,-1.274,5.974,-1.973,-29.550,52.350,44.400,36.5
15:52:38.696,203087,-2.847,1.128,0.251,-0.378,4.912,-1.293,-29.550,52.350,44.400,36.5
15:52:38.750,203141,-9.064,-6.206,-6.642,-0.031,2.795,-1.075,69.450,22.500,-7.050,36.5
15:52:38.807,203195,-9.316,-4.429,-5.294,1.359,-1.431,0.391,69.450,22.500,-7.050,36.7
15:52:38.862,203249,-6.955,-3.342,-2.150,1.020,-3.698,1.511,67.800,22.350,-2.550,36.6
15:52:38.915,203303,-5.339,-0.498,2.057,0.291,-4.681,2.375,67.800,22.350,-2.550,36.4
15:52:38.969,203357,-1.358,2.375,3.938,1.005,-4.654,2.291,51.900,36.900,23.850,36.2
15:52:39.023,203411,1.207,3.654,8.128,0.907,-4.540,2.365,51.900,36.900,23.850,36.5
15:52:39.077,203465,3.962,7.587,9.029,1.765,-4.257,2.248,23.400,50.250,41.550,36.3
15:52:39.132,203519,6.206,5.665,8.923,1.403,-3.801,2.148,23.400,50.250,41.550,36.3
15:52:39.186,203573,7.951,6.529,7.501,0.402,-3.394,2.017,-12.450,61.650,43.200,36.7
15:52:39.240,203627,9.615,6.424,7.389,0.566,-3.154,1.892,-12.450,61.650,43.200,36.6
15:52:39.293,203681,8.569,5.930,6.582,0.090,-2.313,1.394,-44.100,65.100,35.250,36.5
15:52:39.348,203735,8.916,6.572,6.704,0.686,-2.138,1.078,-66.000,60.450,23.550,36.5
15:52:39.401,203789,9.380,7.499,7.319,0.866,-0.705,0.487,-66.000,60.450,23.550,36.3
15:52:39.456,203843,9.754,8.552,9.163,-0.185,0.312,-0.325,-66.000,60.450,23.550,36.3
15:52:39.509,203897,9.615,7.779,9.409,-0.621,1.945,-1.193,-66.000,60.450,23.550,36.5
15:52:39.564,203951,11.684,7.590,10.412,-1.115,3.610,-2.535,-66.000,60.450,23.550,36.4
15:52:39.618,204005,12.505,8.825,8.875,-0.782,4.676,-3.087,-66.000,60.450,23.550,36.5
15:52:39.672,204059,8.042,7.187,8.665,0.011,5.492,-3.648,-19.500,63.900,43.200,36.3
15:52:39.726,204113,2.270,4.496,6.127,-0.355,5.811,-3.585,-19.500,63.900,43.200,36.4
15:52:39.780,204167,1.896,3.840,2.909,-0.804,5.289,-3.430,35.700,56.700,32.400,36.6
15:52:39.833,204221,-0.582,0.634,0.934,-1.354,4.764,-3.122,35.700,56.700,32.400,36.6
15:52:39.888,204275,-3.807,-1.259,-2.744,-1.319,3.408,-2.093,62.550,37.050,6.900,36.3
15:52:39.942,204329,-9.167,-4.499,-6.033,-0.168,-0.633,0.444,62.550,37.050,6.900,36.6
15:52:39.996,204383,-6.440,-3.761,-3.771,1.571,-3.821,2.732,70.350,24.300,-8.400,36.3
15:52:40.049,204437,-9.768,0.206,-0.658,0.853,-4.393,3.691,60.300,42.450,14.250,36.5
15:52:40.103,204491,0.026,6.005,6.620,0.263,-4.367,3.330,60.300,42.450,14.250,36.5
15:52:40.157,204545,1.836,6.591,8.964,0.451,-3.737,2.858,34.200,61.050,32.400,36.4
15:52:40.212,204599,2.705,5.887,7.192,-0.315,-3.899,2.687,34.200,61.050,32.400,36.5
15:52:40.266,204653,5.660,9.759,8.566,-0.105,-3.999,2.404,-2.550,67.200,42.300,36.6
15:52:40.320,204707,7.994,7.937,8.964,0.359,-3.114,1.862,-2.550,67.200,42.300,36.6
15:52:40.373,204761,8.373,7.731,8.535,-0.008,-2.378,1.266,-2.550,67.200,42.300,36.5
15:52:40.427,204815,8.267,7.013,9.685,0.246,-1.205,0.732,-2.550,67.200,42.300,36.5
15:52:40.481,204869,7.343,7.671,9.290,0.048,-0.301,0.137,-2.550,67.200,42.300,36.4
15:52:40.536,204923,8.284,8.356,11.025,-0.292,1.124,-0.681,-2.550,67.200,42.300,36.5
15:52:40.590,204977,9.064,8.181,10.774,-0.823,2.328,-1.311,-54.900,64.650,32.700,36.5
15:52:40.644,205031,10.762,8.083,10.441,-0.973,3.807,-2.228,-30.600,61.650,42.900,36.3
15:52:40.698,205085,8.882,7.029,11.607,-0.830,4.851,-2.609,-30.600,61.650,42.900,36.5
15:52:40.751,205139,6.144,6.563,7.896,-0.336,5.950,-3.025,14.850,57.600,42.000,36.5
15:52:40.806,205193,1.482,4.645,3.907,-1.356,6.222,-2.985,14.850,57.600,42.000,36.4
15:52:40.859,205247,-1.305,2.921,1.492,-1.237,5.764,-2.830,56.700,41.100,18.000,36.5
15:52:40.914,205301,-6.790,-4.683,-8.071,-1.124,3.084,-1.925,56.700,41.100,18.000,36.4
15:52:40.968,205355,-7.187,-4.573,-5.646,0.820,-0.896,-0.135,69.450,24.450,-5.550,36.9
15:52:41.022,205409,-5.686,-1.930,-1.949,0.847,-3.341,1.847,69.450,24.450,-5.550,36.8
15:52:41.075,205463,-4.068,0.771,3.931,1.382,-4.005,2.486,64.650,31.050,7.050,36.6
15:52:41.129,205517,-1.736,2.557,5.954,0.830,-4.219,3.103,64.650,31.050,7.050,36.5
15:52:41.183,205571,-0.414,6.053,9.835,-0.179,-4.174,2.488,45.900,50.850,27.900,36.6
15:52:41.238,205625,1.618,7.496,12.546,-0.248,-3.661,2.144,45.900,50.850,27.900,36.6
15:52:41.291,205679,4.377,8.159,9.007,0.626,-3.287,1.663,45.900,50.850,27.900,36.1
15:52:41.346,205733,5.725,6.297,8.820,0.664,-2.903,1.282,45.900,50.850,27.900,36.3
15:52:41.399,205787,6.053,9.613,11.202,0.754,-2.528,1.292,45.900,50.850,27.900,36.5
15:52:41.454,205841,7.863,5.432,8.578,0.459,-1.723,0.799,-39.300,61.200,39.900,36.5
15:52:41.507,205895,8.662,8.502,8.763,0.466,-0.154,0.092,-39.300,61.200,39.900,36.3
15:52:41.562,205949,6.943,8.018,10.750,-0.153,0.828,-0.448,-45.150,62.700,36.300,36.5
15:52:41.616,206003,6.357,8.873,11.442,-0.987,1.610,-1.216,-45.150,62.700,36.300,36.4
15:52:41.670,206057,8.854,8.317,11.914,-1.084,3.146,-1.925,-34.050,63.600,40.350,36.6
15:52:41.723,206111,8.528,7.815,11.947,-1.229,4.178,-2.505,-34.050,63.600,40.350,36.6
15:52:41.778,206165,5.133,6.115,8.325,-1.101,5.650,-2.759,-0.300,59.550,46.800,36.5
15:52:41.831,206219,-0.117,3.280,4.185,-1.424,6.415,-2.500,-0.300,59.550,46.800,36.3
15:52:41.886,206273,-1.238,1.317,-0.749,-1.475,6.164,-2.507,45.000,45.600,30.300,36.5
15:52:41.939,206327,-7.441,-2.016,-10.388,-0.118,3.980,-2.065,68.250,27.600,0.150,36.4
15:52:41.994,206381,-5.859,-6.220,-6.926,1.007,-1.947,0.945,68.250,27.600,0.150,36.5
15:52:42.047,206435,-5.030,-2.658,-2.684,1.240,-4.924,2.670,66.450,32.250,7.800,36.5
15:52:42.101,206489,-2.076,1.810,3.656,0.404,-5.464,2.712,66.450,32.250,7.800,36.6
15:52:42.155,206543,1.674,3.491,2.808,0.758,-5.198,2.645,66.450,32.250,7.800,36.7
15:52:42.209,206597,5.116,4.492,7.822,0.144,-4.789,2.370,66.450,32.250,7.800,36.7
15:52:42.263,206651,7.178,5.847,9.096,1.049,-4.324,2.068,66.450,32.250,7.800,36.3
15:52:42.317,206705,6.919,6.843,10.625,0.855,-3.914,1.825,66.450,32.250,7.800,36.3
15:52:42.371,206759,11.078,8.401,7.867,1.143,-2.903,1.522,-38.700,62.250,41.550,36.5
15:52:42.425,206813,11.226,8.128,7.973,0.710,-1.625,0.993,-38.700,62.250,41.550,36.2
15:52:42.479,206867,8.423,8.169,10.609,0.171,0.059,-0.034,-61.050,62.250,29.850,36.4
15:52:42.534,206921,7.760,8.308,9.682,-0.609,1.343,-0.763,-59.250,62.550,30.600,36.6
15:52:42.588,206975,8.485,8.502,10.309,-0.893,2.315,-1.539,-59.250,62.550,30.600,36.5
15:52:42.637,207029,11.327,7.638,10.831,-1.041,4.017,-2.458,-37.950,62.250,40.500,36.5
15:52:42.692,207083,10.772,8.349,10.975,-0.968,5.181,-2.884,-37.950,62.250,40.500,36.5
15:52:42.749,207137,5.835,6.067,9.596,-0.794,5.899,-3.062,9.750,57.750,44.400,36.3
15:52:42.803,207191,4.017,3.936,4.896,-0.484,6.437,-3.262,9.750,57.750,44.400,36.3
15:52:42.857,207245,0.692,1.058,1.621,-1.423,6.602,-3.024,55.200,41.850,21.750,36.5
15:52:42.912,207299,-6.630,-7.803,-12.665,-0.441,3.280,-2.399,55.200,41.850,21.750,36.5
15:52:42.966,207353,-4.949,-6.833,-6.572,1.069,-2.503,0.925,68.700,24.450,-10.050,36.5
15:52:43.020,207407,-3.239,-1.573,-3.508,1.205,-5.224,3.277,68.700,24.450,-10.050,36.5
15:52:43.073,207461,-2.500,2.219,5.883,0.715,-5.632,3.091,68.700,24.450,-10.050,36.3
15:52:43.127,207515,3.620,6.816,7.606,1.185,-4.746,2.489,68.700,24.450,-10.050,36.5
15:52:43.181,207569,2.660,6.792,12.730,0.251,-4.367,2.376,68.700,24.450,-10.050,36.5
15:52:43.235,207623,4.707,6.469,7.187,0.325,-3.946,2.325,-7.050,63.000,43.500,36.3
15:52:43.289,207677,8.679,5.842,7.578,-0.028,-4.142,1.726,-7.050,63.000,43.500,36.3
15:52:43.343,207731,9.304,7.367,7.848,-0.151,-3.588,1.516,-44.100,61.200,39.300,36.6
15:52:43.397,207785,12.663,5.837,6.773,-0.487,-1.908,0.686,-44.100,61.200,39.300,36.5
15:52:43.451,207839,9.479,6.809,9.007,0.177,-0.604,0.098,-64.350,55.650,27.300,36.6
15:52:43.506,207893,8.612,6.778,9.823,0.148,0.963,-0.384,-64.350,55.650,27.300,36.3
15:52:43.560,207947,9.560,7.106,11.741,-0.160,2.170,-1.112,-61.650,58.200,28.200,36.5
15:52:43.613,208001,11.533,6.598,10.551,-0.719,3.757,-1.933,-61.650,58.200,28.200,36.6
15:52:43.668,208055,9.929,7.951,10.319,-0.691,4.830,-2.476,-35.400,59.550,40.500,36.3
15:52:43.721,208109,6.457,6.675,7.171,-0.717,5.360,-2.925,-35.400,59.550,40.500,36.3
15:52:43.775,208163,3.259,5.420,5.602,-0.423,6.019,-2.938,7.950,55.800,43.650,36.5
15:52:43.829,208217,0.043,1.935,3.215,-1.276,6.264,-2.734,52.350,45.300,24.600,36.6
15:52:43.883,208271,-0.206,0.290,2.265,-1.263,5.264,-2.387,52.350,45.300,24.600,36.5
15:52:43.938,208325,-9.141,-6.512,-13.702,-0.315,1.653,-1.239,52.350,45.300,24.600,36.5
15:52:43.992,208379,-6.598,-5.004,-2.820,1.517,-3.554,1.986,52.350,45.300,24.600,36.5
15:52:44.045,208433,-4.051,0.687,0.261,0.494,-4.790,3.293,52.350,45.300,24.600,36.5
15:52:44.099,208487,-1.575,2.052,6.347,0.594,-5.013,3.000,52.350,45.300,24.600,36.7
15:52:44.153,208541,4.008,5.193,6.065,0.233,-4.552,2.018,35.850,51.900,34.050,36.3
15:52:44.207,208595,4.334,6.577,9.653,-0.020,-4.339,1.882,35.850,51.900,34.050,36.2
15:52:44.261,208649,5.978,6.311,6.977,1.057,-4.011,1.846,0.450,58.200,46.950,36.5
15:52:44.315,208703,9.136,5.782,7.132,0.610,-3.821,1.724,0.450,58.200,46.950,36.6
15:52:44.369,208757,10.127,7.733,8.832,0.258,-3.359,1.549,-35.100,61.950,41.100,36.5
15:52:44.424,208811,12.282,5.816,5.128,-0.074,-2.004,0.552,-35.100,61.950,41.100,36.6
15:52:44.477,208865,9.747,8.926,13.075,0.131,0.534,-0.065,-61.650,60.000,31.500,36.4
15:52:44.532,208919,7.750,8.736,12.000,0.092,2.056,-1.014,-59.850,61.350,31.050,36.4
15:52:44.586,208973,9.735,8.294,11.878,-0.276,3.583,-2.028,-59.850,61.350,31.050,36.5
15:52:44.640,209027,11.195,7.760,10.360,-0.901,4.949,-2.963,-27.150,64.500,40.950,36.3
15:52:44.689,209081,8.384,6.701,10.190,-0.926,5.578,-3.166,-27.150,64.500,40.950,36.3
15:52:44.744,209135,5.100,4.800,5.784,-0.648,6.042,-3.143,22.800,56.250,39.900,36.6
15:52:44.798,209189,0.984,2.150,2.624,-0.515,6.064,-3.061,22.800,56.250,39.900,36.5
15:52:44.852,209243,-1.978,0.136,-4.822,-0.799,5.070,-2.366,22.800,56.250,39.900,36.6
15:52:44.910,209297,-7.630,-6.603,-11.370,-0.905,1.473,-1.348,22.800,56.250,39.900,36.6
15:52:44.964,209351,-4.973,-3.570,-6.115,0.889,-4.112,2.074,22.800,56.250,39.900,36.3
15:52:45.017,209405,-2.195,0.400,0.577,0.408,-5.735,3.142,22.800,56.250,39.900,36.5
15:52:45.071,209459,2.136,4.705,3.598,0.118,-6.061,3.080,57.000,42.900,18.900,36.5
15:52:45.125,209513,5.327,7.848,10.396,0.382,-5.069,2.361,19.500,54.300,41.850,36.4
15:52:45.179,209567,5.392,6.316,11.179,-0.310,-4.508,2.127,19.500,54.300,41.850,36.5
15:52:45.234,209621,6.136,5.954,7.997,0.127,-4.391,1.739,-20.400,55.650,46.350,36.6
15:52:45.287,209675,9.902,5.935,7.860,0.893,-3.748,1.339,-20.400,55.650,46.350,36.5
15:52:45.341,209729,11.200,6.115,9.574,0.667,-2.600,0.924,-54.300,58.650,35.700,36.5
15:52:45.396,209783,11.461,8.100,11.167,-0.092,0.079,-0.047,-54.300,58.650,35.700,36.6
15:52:45.450,209837,8.258,9.946,14.257,-0.805,1.828,-0.911,-64.950,57.300,26.850,36.5
15:52:45.503,209891,10.755,8.509,12.311,-0.172,4.003,-2.167,-64.950,57.300,26.850,36.7
15:52:45.558,209945,11.428,8.475,10.475,-0.034,5.161,-3.004,-39.450,59.550,40.200,36.7
15:52:45.611,209999,7.604,6.467,8.959,-0.195,5.763,-3.480,-39.450,59.550,40.200,36.1
15:52:45.665,210053,3.967,3.005,5.425,-0.307,5.791,-3.542,12.450,58.950,42.150,36.3
15:52:45.719,210107,0.101,1.427,2.440,-0.629,5.627,-3.263,12.450,58.950,42.150,36.3
15:52:45.773,210161,-2.145,-0.345,-1.190,-1.132,4.461,-2.563,12.450,58.950,42.150,36.5
15:52:45.827,210215,-8.803,-5.899,-10.329,-0.652,1.017,-1.054,12.450,58.950,42.150,36.4
15:52:45.881,210269,-6.074,-5.095,-5.296,1.148,-3.701,2.037,12.450,58.950,42.150,36.2
15:52:45.935,210323,-3.431,0.223,0.366,0.524,-5.116,3.067,62.850,35.550,13.050,36.6
15:52:45.989,210377,-0.280,4.008,7.760,0.512,-5.329,2.839,62.850,35.550,13.050,36.6
15:52:46.043,210431,4.010,7.645,8.818,0.093,-4.436,2.585,31.950,55.200,35.100,36.5
15:52:46.097,210485,4.477,6.155,10.350,0.499,-4.051,2.225,31.950,55.200,35.100,36.1
15:52:46.151,210539,6.653,8.375,10.333,0.998,-3.847,2.193,-5.400,60.450,46.500,36.5
15:52:46.205,210593,8.332,8.286,8.212,1.302,-3.162,1.778,-5.400,60.450,46.500,36.6
15:52:46.259,210647,9.074,8.780,11.021,1.019,-2.078,1.213,-39.600,67.050,40.650,36.5
15:52:46.313,210701,10.041,10.580,9.515,-0.273,-0.811,0.380,-39.600,67.050,40.650,36.4
15:52:46.367,210755,6.898,9.548,13.034,-0.822,1.345,-0.686,-56.250,64.050,29.850,36.5
15:52:46.422,210809,7.041,9.464,11.945,-0.635,2.601,-1.609,-44.400,62.700,36.300,36.3
15:52:46.476,210863,9.843,9.012,10.429,-0.224,4.171,-2.573,-44.400,62.700,36.300,36.1
15:52:46.529,210917,8.947,7.884,9.852,-0.628,4.930,-2.992,-5.550,63.750,42.000,36.5
15:52:46.583,210971,6.457,5.538,8.203,-0.743,5.229,-3.370,-5.550,63.750,42.000,36.3
15:52:46.637,211025,3.000,4.561,3.740,-0.631,5.480,-3.432,-5.550,63.750,42.000,36.4
15:52:46.691,211079,-0.958,0.826,2.069,-1.513,5.102,-2.962,-5.550,63.750,42.000,36.6
15:52:46.746,211133,-5.751,-4.209,-9.400,-1.280,3.926,-1.778,-5.550,63.750,42.000,36.3
15:52:46.800,211187,-8.059,-7.254,-9.347,0.091,-0.381,-0.002,-5.550,63.750,42.000,36.5
15:52:46.853,211241,-3.074,-3.864,-4.058,1.315,-4.506,2.901,69.600,23.850,-6.900,36.5
15:52:46.906,211295,-2.995,1.077,1.326,0.031,-5.692,3.429,69.600,23.850,-6.900,36.5
15:52:46.958,211349,3.457,4.654,3.426,0.564,-5.662,2.891,54.150,43.800,23.550,36.6
15:52:47.013,211403,4.365,5.674,11.346,0.736,-4.718,2.722,18.600,60.300,42.000,36.1
15:52:47.069,211457,5.435,7.554,9.886,0.852,-4.178,2.660,18.600,60.300,42.000,36.1
15:52:47.123,211511,7.259,7.618,9.601,0.652,-4.110,2.401,-21.900,64.050,42.750,36.5
15:52:47.177,211565,10.874,7.599,8.140,0.260,-3.119,1.793,-21.900,64.050,42.750,36.5
15:52:47.232,211619,10.436,11.990,13.336,-0.655,-1.162,0.468,-53.700,61.950,33.450,36.4
15:52:47.286,211673,9.677,10.001,12.294,-1.157,0.849,-0.703,-53.700,61.950,33.450,36.5
15:52:47.340,211727,8.978,8.820,11.267,-0.815,2.795,-1.762,-51.600,58.500,35.250,36.4
15:52:47.393,211781,9.179,7.111,11.032,-0.289,4.110,-2.354,-51.600,58.500,35.250,36.6
15:52:47.447,211835,8.440,7.669,10.453,-0.164,4.802,-3.116,-17.700,60.900,45.150,36.6
15:52:47.501,211889,5.940,6.551,6.879,-0.838,5.453,-3.377,-17.700,60.900,45.150,36.3
15:52:47.555,211943,1.293,2.883,4.413,-1.600,5.599,-3.060,-17.700,60.900,45.150,36.5
15:52:47.609,211997,-1.460,1.932,1.405,-2.010,5.112,-2.510,-17.700,60.900,45.150,36.5
15:52:47.664,212051,-3.723,-2.179,-3.323,-0.935,4.196,-1.996,-17.700,60.900,45.150,36.5
15:52:47.718,212105,-8.550,-3.598,-10.127,0.654,-0.722,-0.051,70.800,20.850,-7.200,36.6
15:52:47.771,212159,-6.483,-4.535,-4.846,1.732,-4.228,2.154,70.800,20.850,-7.200,36.5
15:52:47.825,212213,-2.964,-0.563,-0.754,0.711,-5.307,3.143,60.450,35.250,15.450,36.7
15:52:47.879,212267,-1.334,3.857,6.376,0.355,-5.719,3.086,60.450,35.250,15.450,36.6
15:52:47.933,212321,5.471,8.207,9.890,1.232,-4.709,2.690,28.200,53.250,39.750,36.3
15:52:47.987,212375,6.428,6.984,9.079,0.947,-3.966,2.320,28.200,53.250,39.750,36.3
15:52:48.041,212429,7.204,6.553,8.851,0.350,-3.603,2.173,-11.250,62.400,44.700,36.3
15:52:48.095,212483,6.316,6.958,10.070,0.257,-3.538,1.555,-11.250,62.400,44.700,36.6
15:52:48.149,212537,11.753,9.828,13.154,0.112,-1.985,0.847,-43.650,61.650,38.850,36.6
15:52:48.204,212591,10.558,9.950,12.809,-0.454,1.401,-0.733,-43.650,61.650,38.850,36.3
15:52:48.257,212645,8.219,8.605,14.181,-0.864,3.151,-1.922,-53.700,58.950,33.750,36.4
15:52:48.311,212699,9.404,7.077,9.886,-0.377,4.301,-2.624,-22.800,60.000,43.950,36.5
15:52:48.365,212753,7.372,7.906,9.637,0.313,5.129,-3.070,-22.800,60.000,43.950,36.4
15:52:48.419,212807,4.958,5.607,7.858,-0.009,5.359,-3.277,-22.800,60.000,43.950,36.5
15:52:48.474,212861,2.291,4.628,5.150,-0.322,5.541,-3.414,-22.800,60.000,43.950,36.3
15:52:48.527,212915,-1.288,0.196,2.547,-0.865,5.264,-2.859,-22.800,60.000,43.950,36.5
15:52:48.581,212969,-7.638,-6.687,-8.219,-1.810,2.898,-1.774,-22.800,60.000,43.950,36.4
15:52:48.636,213023,-8.061,-5.895,-7.501,-0.255,-1.098,0.402,72.900,29.250,-6.900,36.5
15:52:48.690,213077,-5.830,-1.712,-3.424,0.398,-4.189,2.196,72.900,29.250,-6.900,36.1
15:52:48.743,213131,-3.345,1.358,3.096,-0.256,-5.265,2.693,63.600,36.600,10.200,36.6
15:52:48.798,213185,2.014,5.215,2.349,-0.005,-5.601,2.601,63.600,36.600,10.200,36.5
15:52:48.852,213239,3.998,6.974,10.065,-0.121,-4.955,2.035,36.750,50.250,35.400,36.6
15:52:48.905,213293,5.562,6.223,9.383,0.117,-4.282,1.879,36.750,50.250,35.400,36.6
15:52:48.959,213347,6.938,6.790,9.397,0.574,-3.943,1.551,-3.450,55.350,48.000,36.0
15:52:49.014,213401,9.981,7.669,11.238,0.346,-2.711,0.976,-37.200,57.900,44.100,36.3
15:52:49.071,213455,8.456,7.997,14.224,-0.209,-0.732,0.207,-37.200,57.900,44.100,36.4
15:52:49.123,213509,6.567,7.649,15.158,-0.468,1.377,-0.626,-46.650,57.000,41.100,36.5
15:52:49.175,213563,5.681,7.374,13.391,-0.240,2.564,-1.174,-46.650,57.000,41.100,36.7
15:52:49.228,213617,9.316,8.100,11.145,-0.226,4.143,-1.953,-46.650,57.000,41.100,36.6
15:52:49.283,213671,6.553,6.773,10.609,-0.370,4.824,-2.432,-46.650,57.000,41.100,36.3
15:52:49.337,213725,4.262,5.356,6.955,-0.373,5.121,-2.542,-46.650,57.000,41.100,36.5
15:52:49.391,213779,1.020,2.181,4.796,-0.379,5.335,-2.480,-46.650,57.000,41.100,36.6
15:52:49.445,213833,-2.780,1.101,2.844,-0.918,4.839,-2.497,51.900,42.600,23.550,36.1
15:52:49.499,213887,-6.349,-3.828,-8.157,-0.570,3.500,-1.556,51.900,42.600,23.550,36.3
15:52:49.553,213941,-8.368,-6.627,-7.020,-0.321,0.209,-0.335,68.250,26.400,-2.250,36.3
15:52:49.607,213995,-6.888,-4.755,-4.171,0.925,-3.592,1.965,70.800,25.050,-0.300,36.3
15:52:49.661,214049,-4.096,-0.864,-2.229,0.674,-4.878,3.095,70.800,25.050,-0.300,36.5
15:52:49.716,214103,-2.990,2.258,6.318,0.137,-5.763,3.157,51.300,44.400,24.750,36.6
15:52:49.769,214157,4.073,3.108,6.919,0.334,-4.873,2.783,51.300,44.400,24.750,36.5
15:52:49.823,214211,6.220,8.107,10.867,0.956,-4.363,2.497,12.750,54.300,43.950,36.6
15:52:49.877,214265,6.891,7.472,9.536,0.674,-4.185,2.432,12.750,54.300,43.950,36.3
15:52:49.931,214319,9.328,6.977,6.993,0.597,-3.599,2.008,-26.550,60.900,44.400,36.0
15:52:49.985,214373,11.152,8.456,11.688,-0.812,-2.431,1.164,-26.550,60.900,44.400,36.3
15:52:50.040,214427,9.201,7.135,13.180,-1.244,-0.470,0.180,-57.450,55.800,34.500,36.6
15:52:50.093,214481,6.946,7.377,13.032,-0.830,1.399,-0.820,-57.450,55.800,34.500,36.5
15:52:50.147,214535,9.285,6.687,13.700,0.058,3.040,-1.382,-57.450,55.800,34.500,36.5
15:52:50.197,214589,10.953,7.077,11.439,0.582,4.725,-2.352,-57.450,55.800,34.500,36.5
15:52:50.252,214643,10.477,7.053,10.161,0.600,5.480,-3.149,-57.450,55.800,34.500,36.4
15:52:50.307,214697,5.499,5.758,5.705,-0.067,5.861,-3.534,24.150,56.700,38.700,36.4
15:52:50.363,214751,0.299,2.593,2.049,-2.005,5.512,-3.204,24.150,56.700,38.700,36.2
15:52:50.417,214805,-1.906,1.288,-0.127,-2.037,4.887,-2.389,60.300,37.800,16.350,36.1
15:52:50.471,214859,-9.546,-6.340,-6.991,0.772,2.285,-2.147,60.300,37.800,16.350,36.5
15:52:50.525,214913,-5.564,-5.337,-4.168,0.679,-1.982,0.457,67.950,22.500,-1.200,36.4
15:52:50.580,214967,-3.529,-2.023,-2.002,1.551,-4.466,2.641,67.950,22.500,-1.200,36.5
15:52:50.687,215021,-1.865,2.193,3.105,0.815,-5.158,3.312,59.250,35.100,17.100,36.5
15:52:50.692,215075,2.054,4.673,5.868,0.225,-5.451,3.232,59.250,35.100,17.100,36.5
15:52:50.741,215129,6.589,9.263,10.779,1.294,-4.948,2.622,25.050,53.850,39.900,36.5
15:52:50.795,215183,9.074,7.910,7.621,0.185,-4.355,2.418,25.050,53.850,39.900,36.5
15:52:50.849,215237,8.993,8.162,11.382,-0.919,-4.082,1.527,-16.950,60.000,47.250,36.5
15:52:50.903,215291,10.673,7.276,9.431,-0.855,-2.691,0.841,-53.250,53.700,38.700,36.3
15:52:50.957,215345,11.372,7.207,12.625,-0.524,-0.201,-0.172,-53.250,53.700,38.700,36.4
15:52:51.011,215399,7.796,6.424,14.494,-0.210,1.475,-0.516,-53.250,53.700,38.700,36.7
15:52:51.065,215453,8.595,6.165,13.874,0.135,3.332,-1.266,-53.250,53.700,38.700,36.4
15:52:51.119,215507,9.799,6.958,12.378,0.351,4.724,-1.795,-53.250,53.700,38.700,36.5
15:52:51.173,215561,8.394,4.707,8.863,0.741,5.677,-2.409,-53.250,53.700,38.700,36.5
15:52:51.227,215615,4.482,4.776,6.400,0.526,5.765,-2.858,12.450,54.600,42.150,36.5
15:52:51.278,215669,0.591,2.239,2.734,-0.472,5.493,-2.925,12.450,54.600,42.150,36.5
15:52:51.332,215723,-1.664,0.994,1.547,-1.261,4.839,-2.385,54.300,45.150,21.900,36.3
15:52:51.390,215777,-9.050,-7.405,-10.369,-0.863,2.987,-1.672,54.300,45.150,21.900,36.1
15:52:51.443,215831,-5.835,-5.303,-5.935,0.596,-2.349,1.407,69.450,29.850,-2.700,36.4
15:52:51.497,215885,-5.162,-2.485,-3.160,0.802,-4.406,3.180,64.200,37.200,11.100,36.5
15:52:51.551,215939,-1.961,2.682,3.634,-0.005,-5.214,3.726,64.200,37.200,11.100,36.6
15:52:51.605,215993,3.814,5.612,2.356,-0.099,-4.863,2.852,33.150,55.650,34.350,36.5
15:52:51.659,216047,5.983,8.368,9.596,-0.148,-4.332,2.375,33.150,55.650,34.350,36.3
15:52:51.714,216101,5.442,6.977,7.563,0.848,-3.891,1.969,-4.800,62.250,46.350,36.5
15:52:51.767,216155,6.577,7.360,8.219,1.931,-3.626,1.696,-4.800,62.250,46.350,36.6
15:52:51.821,216209,11.387,9.100,7.372,1.190,-2.511,1.236,-4.800,62.250,46.350,36.1
15:52:51.875,216263,13.166,10.769,11.344,-0.050,-0.060,0.167,-4.800,62.250,46.350,36.4
15:52:51.930,216317,6.845,10.065,13.448,-0.632,2.085,-1.179,-4.800,62.250,46.350,36.6
15:52:51.983,216371,8.782,9.878,11.363,-0.141,3.368,-2.258,-4.800,62.250,46.350,36.3
15:52:52.038,216425,8.978,9.900,9.950,-0.311,4.737,-3.212,-29.400,68.700,39.750,36.5
15:52:52.091,216479,5.270,6.543,8.092,-1.276,5.233,-3.398,-29.400,68.700,39.750,36.3
15:52:52.145,216533,3.773,4.879,6.158,-0.936,5.345,-3.584,16.950,63.900,38.850,36.5
15:52:52.199,216587,1.535,2.923,1.978,-1.317,5.399,-2.952,54.900,44.250,19.050,36.3
15:52:52.253,216641,-0.596,2.488,0.819,-1.039,4.994,-2.669,54.900,44.250,19.050,36.6
15:52:52.308,216695,-8.191,-10.942,-12.977,0.510,2.107,-1.649,69.750,27.150,-10.350,36.3
15:52:52.362,216749,-5.169,-6.608,-6.653,1.010,-3.072,1.582,69.750,27.150,-10.350,36.0
15:52:52.415,216803,-2.368,-1.281,-2.727,0.713,-5.465,3.754,67.050,31.200,1.050,36.5
15:52:52.469,216857,-1.949,1.942,5.145,-0.404,-6.343,3.547,67.050,31.200,1.050,36.3
15:52:52.523,216911,3.845,3.256,6.246,-0.709,-6.266,3.157,40.200,53.250,32.400,36.5
15:52:52.577,216965,7.422,7.695,9.579,0.340,-5.634,2.603,40.200,53.250,32.400,36.0
15:52:52.631,217019,11.772,8.011,10.092,1.382,-5.182,2.357,-8.700,60.450,46.200,36.4
15:52:52.685,217073,14.195,10.183,9.467,0.550,-3.819,1.797,-8.700,60.450,46.200,36.5
15:52:52.740,217127,11.961,8.926,14.140,-0.240,-1.229,1.024,-8.700,60.450,46.200,36.4
15:52:52.793,217181,7.532,9.416,15.962,-0.403,0.965,-0.541,-63.300,55.950,29.250,36.2
15:52:52.847,217235,10.518,8.559,12.359,-0.369,3.077,-1.616,-63.300,55.950,29.250,36.0
15:52:52.901,217289,13.767,7.982,10.951,-0.830,4.921,-2.472,-38.700,56.700,41.550,36.5
15:52:52.956,217343,11.765,6.012,8.842,-0.907,6.014,-2.766,-38.700,56.700,41.550,36.5
15:52:53.009,217397,7.525,3.953,6.809,-0.251,6.274,-2.932,14.400,51.750,43.500,36.5
15:52:53.063,217451,2.433,2.057,3.926,-0.680,6.267,-2.910,14.400,51.750,43.500,36.6
15:52:53.117,217505,0.397,1.080,3.541,-0.376,5.709,-2.736,55.650,41.550,20.550,36.3
15:52:53.172,217559,-7.563,-7.712,-11.966,1.396,4.195,-2.413,55.650,41.550,20.550,36.2
15:52:53.226,217613,-7.614,-8.229,-8.255,0.921,-0.526,-0.013,69.450,27.150,-8.100,36.5
15:52:53.279,217667,-5.042,-1.817,-3.211,1.484,-3.793,3.130,69.450,27.150,-8.100,36.3
15:52:53.329,217721,-3.754,0.383,4.075,-0.630,-4.912,3.756,66.600,32.850,2.550,36.4
15:52:53.384,217775,-2.251,2.957,3.467,-0.406,-5.572,3.734,42.750,52.500,31.050,36.5
15:52:53.439,217829,3.917,4.884,9.199,-0.053,-5.195,2.951,42.750,52.500,31.050,36.4
15:52:53.496,217883,6.570,6.955,6.833,-0.101,-4.978,2.680,42.750,52.500,31.050,36.4
15:52:53.549,217937,8.284,6.448,10.815,0.919,-4.909,2.031,42.750,52.500,31.050,36.5
15:52:53.603,217991,11.638,9.802,10.671,0.822,-4.197,1.885,42.750,52.500,31.050,36.6
15:52:53.657,218045,13.240,9.656,8.468,0.306,-1.495,0.616,42.750,52.500,31.050,36.6
15:52:53.712,218099,10.764,10.089,14.248,-0.404,1.514,-0.681,-65.550,57.150,26.250,36.2
15:52:53.765,218153,8.973,8.435,13.075,-0.991,2.800,-1.452,-65.550,57.150,26.250,36.2
15:52:53.819,218207,12.680,8.200,9.258,-0.911,4.606,-2.566,-46.200,58.650,37.650,36.6
15:52:53.873,218261,7.956,5.971,9.237,-0.636,5.478,-2.864,-46.200,58.650,37.650,36.3
15:52:53.927,218315,3.266,4.994,5.981,-0.481,5.728,-2.878,-0.900,59.250,43.950,36.3
15:52:53.981,218369,-0.397,2.112,4.266,-0.414,5.511,-3.051,-0.900,59.250,43.950,36.5
15:52:54.035,218423,-0.737,1.367,2.521,-0.929,4.861,-2.773,43.950,49.800,29.850,36.4
15:52:54.089,218477,-1.966,0.462,0.991,-0.866,3.749,-2.053,65.400,31.050,4.200,36.6
15:52:54.144,218531,-6.668,-6.642,-10.609,0.573,2.358,-1.622,65.400,31.050,4.200,36.3
15:52:54.197,218585,-8.825,-7.532,-5.385,1.426,-2.731,1.370,69.000,22.500,-7.800,36.0
15:52:54.251,218639,-4.798,-1.944,-2.892,1.119,-4.416,3.516,69.000,22.500,-7.800,36.1
15:52:54.306,218693,-1.776,1.630,1.528,-0.527,-5.527,3.883,57.300,43.200,15.600,36.4
15:52:54.359,218747,1.709,1.487,9.222,-0.059,-6.211,3.377,57.300,43.200,15.600,36.4
15:52:54.410,218801,7.235,6.735,8.753,0.711,-5.140,3.006,57.300,43.200,15.600,36.3
15:52:54.464,218855,9.450,5.758,8.571,1.281,-5.023,2.727,57.300,43.200,15.600,36.6
15:52:54.520,218909,12.586,7.171,11.926,0.546,-4.829,2.366,57.300,43.200,15.600,36.5
15:52:54.575,218963,13.977,8.741,9.663,-0.431,-2.495,1.077,57.300,43.200,15.600,36.3
15:52:54.630,219017,8.914,9.045,14.966,-0.897,0.423,-0.038,-65.100,57.150,28.050,36.4
15:52:54.682,219071,7.582,8.794,14.246,-0.843,1.777,-0.908,-63.300,51.300,31.800,36.1
15:52:54.733,219125,11.935,7.906,10.839,-0.418,3.787,-1.763,-63.300,51.300,31.800,36.0
15:52:54.789,219179,11.535,7.831,10.776,-0.383,5.338,-2.431,-31.950,57.900,44.100,36.5
15:52:54.846,219233,9.194,5.183,8.234,-0.602,5.756,-2.697,-31.950,57.900,44.100,36.3
15:52:54.900,219287,4.554,4.142,5.138,-0.432,5.703,-2.732,18.300,53.550,41.400,36.5
15:52:54.953,219341,0.385,1.736,4.489,-1.097,5.577,-2.911,18.300,53.550,41.400,36.3
15:52:55.008,219395,-1.487,1.226,2.509,-1.265,5.256,-2.283,55.500,37.800,18.900,36.3
15:52:55.061,219449,-5.236,-4.274,-12.280,-1.286,3.603,-1.379,55.500,37.800,18.900,36.4
15:52:55.116,219503,-5.844,-6.050,-5.775,0.937,-0.983,-0.280,69.750,23.250,-6.750,36.4
15:52:55.169,219557,-5.878,-2.294,-5.590,0.898,-4.791,2.247,69.750,23.250,-6.750,36.3
15:52:55.223,219611,-2.162,0.575,2.734,1.115,-5.692,2.960,69.750,23.250,-6.750,36.3
15:52:55.277,219665,1.662,3.654,1.860,0.763,-5.915,2.955,69.750,23.250,-6.750,36.5
15:52:55.332,219719,4.635,4.470,9.419,1.418,-5.154,2.540,69.750,23.250,-6.750,36.5
15:52:55.385,219773,6.397,7.015,9.457,1.483,-4.906,2.874,-5.850,60.300,45.600,36.1
15:52:55.435,219827,10.592,7.151,9.787,0.505,-4.483,2.295,-5.850,60.300,45.600,36.4
15:52:55.490,219881,13.084,7.937,8.042,-0.064,-3.123,1.841,-48.900,58.950,36.600,36.4
15:52:55.545,219935,11.004,8.746,12.297,-0.482,-0.217,0.404,-48.900,58.950,36.600,36.5
15:52:55.601,219989,6.809,9.088,14.049,-0.365,1.356,-0.278,-62.100,54.450,31.050,36.3
15:52:55.656,220043,8.238,8.928,13.391,-0.324,3.016,-1.276,-62.100,54.450,31.050,36.3
15:52:55.709,220097,10.592,8.516,12.155,-0.179,4.387,-2.013,-43.350,56.250,41.850,36.2
15:52:55.763,220151,9.290,6.024,9.191,-0.408,5.331,-2.489,-43.350,56.250,41.850,36.3
15:52:55.817,220205,6.773,4.666,7.697,-0.225,5.670,-2.797,1.950,56.250,46.500,36.4
15:52:55.871,220259,2.856,2.614,4.745,-0.105,5.604,-2.935,1.950,56.250,46.500,36.2
15:52:55.925,220313,-0.113,1.281,3.986,0.081,5.285,-3.176,46.200,47.100,25.950,36.4
15:52:55.979,220367,-1.848,0.515,-3.153,-0.088,4.318,-2.629,67.350,29.700,0.600,36.4
15:52:56.033,220421,-7.937,-3.637,-7.769,-0.536,-0.433,-0.313,67.350,29.700,0.600,36.3
15:52:56.087,220475,-5.578,-5.521,-3.869,0.829,-4.064,2.205,67.350,29.700,0.600,36.3
15:52:56.141,220529,-3.323,0.043,0.077,-0.558,-5.709,3.680,67.350,29.700,0.600,36.1
15:52:56.195,220583,-1.211,3.438,6.563,0.202,-5.517,3.173,49.050,43.650,29.250,36.5
15:52:56.249,220637,3.146,4.247,10.721,1.469,-4.636,1.970,49.050,43.650,29.250,36.3
15:52:56.303,220691,5.432,6.929,8.296,0.444,-4.511,2.280,9.300,58.650,44.550,36.5
15:52:56.357,220745,7.171,6.457,8.274,0.606,-4.099,2.373,9.300,58.650,44.550,36.5
15:52:56.411,220799,11.401,7.312,9.768,-0.093,-3.775,1.668,-30.300,63.600,42.150,36.4
15:52:56.461,220853,10.657,10.161,13.441,-0.532,-1.415,0.545,-30.300,63.600,42.150,36.3
15:52:56.516,220907,7.611,9.325,14.411,-0.835,0.761,-0.744,-56.550,58.350,35.700,36.5
15:52:56.571,220961,7.161,8.873,14.164,-0.750,2.575,-1.348,-46.350,54.600,40.350,36.3
15:52:56.627,221015,10.070,7.053,10.180,-0.881,4.031,-1.626,-46.350,54.600,40.350,36.1
15:52:56.677,221069,9.232,5.078,9.941,-0.220,5.072,-2.221,-9.450,53.550,47.700,36.4
15:52:56.732,221123,7.175,4.465,7.860,0.458,5.573,-2.903,-9.450,53.550,47.700,36.5
15:52:56.787,221177,2.665,3.797,5.310,-0.394,5.600,-2.860,36.600,49.200,36.000,36.5
15:52:56.843,221231,-1.178,1.410,2.538,-0.562,5.288,-2.785,36.600,49.200,36.000,36.5
15:52:56.897,221285,-5.095,-1.726,-6.043,-0.868,4.261,-2.141,36.600,49.200,36.000,36.3
15:52:56.951,221339,-7.422,-3.783,-7.985,-0.373,0.815,-0.812,36.600,49.200,36.000,36.1
15:52:57.006,221393,-4.853,-2.780,-1.966,1.346,-3.227,2.116,36.600,49.200,36.000,36.5
15:52:57.059,221447,-1.906,1.080,-1.338,0.111,-4.955,3.516,36.600,49.200,36.000,36.3
15:52:57.113,221501,-1.099,2.054,8.124,0.600,-5.659,3.494,60.150,41.100,18.450,36.3
15:52:57.167,221555,4.839,4.307,7.989,0.059,-5.481,2.872,60.150,41.100,18.450,36.5
15:52:57.221,221609,5.114,6.594,11.598,0.854,-4.937,2.680,21.300,55.350,43.650,36.0
15:52:57.275,221663,8.667,6.328,10.518,0.648,-4.256,2.255,-23.550,62.400,45.150,36.3
15:52:57.329,221717,10.022,8.349,12.359,0.110,-3.519,1.636,-23.550,62.400,45.150,36.3
15:52:57.383,221771,9.943,9.014,11.420,-0.954,-1.767,0.744,-56.700,59.700,34.050,36.4
15:52:57.437,221825,10.444,9.495,14.313,-1.300,1.057,-0.606,-56.700,59.700,34.050,36.1
15:52:57.491,221879,7.623,6.823,13.362,-0.877,2.495,-1.159,-55.050,55.950,36.150,36.6
15:52:57.545,221933,10.561,6.881,11.387,0.063,4.094,-1.719,-55.050,55.950,36.150,36.2
15:52:57.600,221987,9.905,6.246,10.044,0.351,5.025,-2.297,-23.850,54.450,45.300,35.9
15:52:57.653,222041,7.479,4.671,7.254,-0.090,5.254,-2.661,-23.850,54.450,45.300,36.5
15:52:57.707,222095,2.437,3.560,5.899,-0.612,5.634,-2.445,-23.850,54.450,45.300,36.4
15:52:57.762,222149,-1.274,0.563,1.429,-0.755,4.982,-2.187,-23.850,54.450,45.300,36.5
15:52:57.816,222203,-4.266,0.749,-0.711,0.139,4.052,-2.178,-23.850,54.450,45.300,36.1
15:52:57.869,222257,-8.413,-4.614,-7.412,-0.240,2.065,-1.677,70.200,28.350,-3.450,36.3
15:52:57.924,222311,-8.083,-6.378,-5.531,1.154,-2.914,1.316,70.200,28.350,-3.450,36.3
15:52:57.977,222365,-5.698,-2.626,-2.509,1.198,-4.994,3.253,63.300,34.350,10.200,36.1
15:52:58.031,222419,-0.709,0.668,2.186,0.691,-5.651,3.823,63.300,34.350,10.200,36.0
15:52:58.085,222473,7.479,6.926,1.580,0.078,-5.477,3.328,32.100,57.000,36.600,36.1
15:52:58.139,222527,8.112,9.840,10.479,-0.125,-4.741,2.933,32.100,57.000,36.600,36.5
15:52:58.193,222581,7.817,6.699,10.515,1.365,-4.453,2.820,-12.900,64.050,43.050,36.4
15:52:58.247,222635,11.854,8.258,8.473,1.159,-4.115,2.484,-12.900,64.050,43.050,36.5
15:52:58.302,222689,15.091,11.281,9.462,-0.114,-1.430,0.893,-53.550,66.900,31.350,36.1
15:52:58.356,222743,8.152,11.976,15.304,-0.539,1.311,-0.500,-53.550,66.900,31.350,36.3
15:52:58.410,222797,8.961,10.985,11.473,-0.459,2.848,-1.826,-61.650,61.650,28.200,36.4
15:52:58.464,222851,10.779,9.843,11.298,0.115,4.319,-2.690,-61.650,61.650,28.200,36.6
15:52:58.517,222905,9.349,7.144,8.260,-0.222,5.134,-3.366,-32.100,66.600,39.900,36.1
15:52:58.572,222959,6.445,6.361,6.364,-0.603,5.192,-3.440,-32.100,66.600,39.900,36.2
15:52:58.625,223013,3.314,3.668,4.475,-0.748,5.267,-3.422,-32.100,66.600,39.900,36.5
15:52:58.680,223067,-0.766,0.733,1.784,-0.758,4.797,-3.333,54.750,47.550,20.100,36.5
15:52:58.733,223121,-3.936,-2.112,-2.801,0.253,3.947,-2.839,54.750,47.550,20.100,36.0
15:52:58.788,223175,-7.525,-6.153,-7.906,-0.025,-0.573,-0.100,68.700,28.800,-4.500,36.3
15:52:58.841,223229,-5.282,-4.345,-3.833,1.549,-3.396,2.814,68.700,28.800,-4.500,36.3
15:52:58.895,223283,-2.555,0.661,0.476,0.066,-4.923,4.091,64.650,37.950,8.550,36.5
15:52:58.949,223337,1.827,2.174,5.665,-0.254,-5.481,3.897,64.650,37.950,8.550,36.4
15:52:59.004,223391,6.603,5.799,6.922,0.184,-5.248,3.056,33.300,59.700,33.450,36.3
15:52:59.057,223445,9.404,5.250,6.397,0.074,-5.308,3.127,33.300,59.700,33.450,36.3
15:52:59.112,223499,11.066,7.949,9.062,0.432,-4.851,2.904,-14.250,64.350,43.950,36.3
15:52:59.165,223553,15.119,10.527,8.114,0.151,-2.642,1.390,-58.500,60.300,32.400,36.5
15:52:59.220,223607,11.351,11.262,14.099,-0.686,0.213,0.046,-58.500,60.300,32.400,36.2
15:52:59.274,223661,7.652,9.953,15.455,-1.008,2.128,-1.195,-58.500,60.300,32.400,36.3
15:52:59.328,223715,10.515,8.554,11.983,-1.033,3.850,-1.903,-58.500,60.300,32.400,36.3
15:52:59.382,223769,11.815,7.022,10.214,-0.858,5.217,-2.234,-58.500,60.300,32.400,36.4
15:52:59.436,223823,9.601,4.815,6.823,-0.165,5.494,-2.785,-58.500,60.300,32.400,36.1
15:52:59.489,223877,3.158,4.630,4.264,-0.907,5.325,-2.858,20.400,53.250,42.750,36.1
15:52:59.543,223931,-0.110,2.105,3.620,0.091,5.206,-2.853,20.400,53.250,42.750,36.4
15:52:59.597,223985,-3.572,0.905,0.584,-0.786,4.645,-2.704,57.150,39.900,21.750,36.4
15:52:59.652,224039,-11.044,-7.089,-11.952,-0.641,1.670,-1.618,57.150,39.900,21.750,36.6
15:52:59.705,224093,-6.764,-5.722,-4.609,0.892,-2.159,1.320,69.750,23.250,-0.900,36.5
15:52:59.759,224147,-3.524,-2.380,-1.183,0.997,-4.179,3.235,69.750,23.250,-0.900,36.3
15:52:59.813,224201,-1.044,3.718,3.206,-0.674,-5.295,3.705,61.800,33.600,14.250,36.3
15:52:59.867,224255,3.160,3.589,4.314,-0.616,-5.872,3.310,30.600,51.150,38.100,36.1
15:52:59.921,224309,6.622,6.464,7.104,0.409,-5.429,2.549,30.600,51.150,38.100,36.0
15:52:59.976,224363,12.208,5.816,7.204,1.266,-4.549,1.940,-16.950,55.350,48.750,36.0
15:53:00.029,224417,11.332,8.327,13.611,0.149,-2.488,0.955,-16.950,55.350,48.750,36.4
15:53:00.083,224471,9.531,11.418,16.271,-0.187,-0.305,0.015,-45.600,55.050,41.100,36.5
15:53:00.135,224525,6.495,9.321,15.538,-0.305,2.002,-1.081,-45.600,55.050,41.100,36.3
15:53:00.189,224579,9.055,7.123,13.604,-0.477,3.580,-1.670,-45.600,55.050,41.100,36.4
15:53:00.245,224633,9.941,5.179,9.407,-0.492,4.791,-2.507,-45.600,55.050,41.100,36.5
15:53:00.299,224687,6.108,5.167,7.046,-0.164,5.416,-2.653,0.300,55.200,47.100,36.3
15:53:00.353,224741,3.201,0.412,5.286,-0.966,5.273,-2.624,0.300,55.200,47.100,36.1
15:53:00.407,224795,-0.371,0.455,2.516,-0.940,4.810,-2.384,43.500,45.600,32.850,36.2
15:53:00.461,224849,-5.708,-1.805,-5.818,-1.097,3.851,-1.637,63.900,29.100,7.050,36.2
15:53:00.515,224903,-9.026,-4.338,-8.174,0.499,-0.982,0.220,63.900,29.100,7.050,36.5
15:53:00.569,224957,-4.973,-3.531,-3.723,1.877,-4.035,2.773,65.100,29.250,9.750,36.1
15:53:00.623,225011,-1.590,-0.745,1.642,0.569,-5.411,3.472,65.100,29.250,9.750,36.4
15:53:00.677,225065,1.978,5.480,3.915,0.733,-6.155,3.166,37.200,50.250,33.900,36.1
15:53:00.731,225119,6.570,6.376,10.132,2.146,-5.305,3.048,37.200,50.250,33.900,36.5
15:53:00.785,225173,12.275,7.602,8.100,0.793,-5.456,3.208,-10.950,65.100,43.650,36.5
15:53:00.835,225227,16.223,6.725,5.215,1.001,-4.638,2.564,-10.950,65.100,43.650,36.6
15:53:00.890,225281,13.575,7.470,5.095,0.810,-2.918,1.996,-57.150,61.650,30.150,36.1
15:53:00.947,225335,10.733,9.306,9.335,0.803,-1.688,0.890,-57.150,61.650,30.150,36.0
15:53:01.001,225389,10.233,13.072,12.110,-0.472,0.534,-0.181,-57.150,61.650,30.150,36.4
15:53:01.055,225443,11.526,9.287,10.633,-1.112,2.611,-1.675,-57.150,61.650,30.150,36.5
15:53:01.109,225497,15.301,8.689,9.084,-1.635,4.738,-3.040,-57.150,61.650,30.150,36.5
15:53:01.163,225551,14.523,7.180,8.128,-1.404,5.851,-3.438,-33.300,62.700,38.850,36.5
15:53:01.217,225605,8.408,5.057,8.037,-1.378,5.992,-3.370,-33.300,62.700,38.850,36.3
15:53:01.271,225659,4.515,4.029,5.200,-1.075,6.116,-3.034,20.550,52.350,41.400,36.4
15:53:01.325,225713,1.803,1.980,3.610,-0.054,5.861,-3.522,20.550,52.350,41.400,36.5
15:53:01.379,225767,-0.117,1.245,1.231,-0.456,5.318,-2.775,60.300,36.600,15.600,36.1
15:53:01.434,225821,-8.238,-10.499,-13.194,-0.402,3.907,-2.271,60.300,36.600,15.600,36.3
15:53:01.487,225875,-8.720,-9.328,-9.524,2.036,-2.037,0.920,69.750,19.500,-10.350,36.5
15:53:01.541,225929,-2.126,-1.889,-3.227,1.492,-4.199,3.163,69.750,19.500,-10.350,36.1
15:53:01.595,225983,-0.496,0.910,3.912,0.029,-5.154,3.696,65.550,31.650,7.200,36.4
15:53:01.649,226037,1.343,2.114,4.566,0.504,-5.472,3.489,65.550,31.650,7.200,36.4
15:53:01.703,226091,5.121,5.933,8.820,0.610,-5.394,3.533,37.500,52.500,34.650,36.0
15:53:01.757,226145,8.396,7.008,10.697,1.007,-4.974,3.142,-5.850,65.250,40.950,36.4
15:53:01.811,226199,10.616,6.215,9.388,0.270,-4.526,3.033,-5.850,65.250,40.950,36.3
15:53:01.865,226253,11.696,7.647,9.555,0.181,-3.916,1.971,-5.850,65.250,40.950,36.3
15:53:01.916,226307,12.957,8.495,9.847,-0.505,-1.876,0.937,-5.850,65.250,40.950,36.3
15:53:01.969,226361,10.149,10.810,12.594,-0.556,1.146,-0.238,-70.800,55.200,23.400,36.3
15:53:02.023,226415,10.554,8.906,11.732,0.131,3.202,-1.796,-70.800,55.200,23.400,36.5
15:53:02.078,226469,12.345,8.404,9.845,-0.011,4.579,-2.730,-53.700,58.950,31.200,36.3
15:53:02.135,226523,10.032,6.826,9.064,-0.447,5.223,-3.377,-53.700,58.950,31.200,36.4
15:53:02.189,226577,6.187,4.896,7.635,-0.524,5.523,-3.321,-6.750,64.350,40.650,36.3
15:53:02.243,226631,1.707,2.909,5.756,-0.602,5.442,-3.113,-6.750,64.350,40.650,36.3
15:53:02.297,226685,-0.017,1.609,4.985,-0.693,5.142,-3.109,41.100,52.350,30.750,36.3
15:53:02.351,226739,-2.069,0.345,1.757,-1.161,4.615,-2.659,65.100,33.900,5.400,36.3
15:53:02.405,226793,-5.219,-0.697,-4.623,-0.707,3.404,-1.823,65.100,33.900,5.400,36.5
15:53:02.460,226847,-9.045,-6.127,-9.912,0.332,-0.686,-0.015,70.500,21.000,-13.950,36.3
15:53:02.513,226901,-5.935,-3.591,-4.223,1.603,-4.359,2.608,70.500,21.000,-13.950,36.1
15:53:02.567,226955,-2.286,0.388,-0.512,0.128,-5.152,3.234,63.450,33.450,6.750,36.4
15:53:02.621,227009,-0.218,1.384,6.704,0.391,-5.937,3.082,63.450,33.450,6.750,36.5
15:53:02.675,227063,4.238,4.219,10.546,0.675,-5.551,2.968,63.450,33.450,6.750,36.5
15:53:02.729,227117,7.489,6.373,8.176,0.635,-5.126,2.866,63.450,33.450,6.750,36.3
15:53:02.783,227171,11.430,5.588,10.532,0.155,-4.753,2.535,63.450,33.450,6.750,36.0
15:53:02.837,227225,10.683,7.228,9.184,-0.439,-3.775,1.711,63.450,33.450,6.750,36.0
15:53:02.892,227279,11.241,11.681,14.617,-0.225,-1.322,0.540,-49.500,59.550,36.450,36.3
15:53:02.945,227333,9.100,9.620,14.918,-0.440,0.960,-0.526,-49.500,59.550,36.450,36.1
15:53:02.999,227387,8.526,9.546,14.607,-0.585,2.851,-1.538,-62.100,55.650,31.800,36.4
15:53:03.053,227441,10.142,7.108,10.975,-0.111,4.272,-2.177,-36.000,57.600,40.500,36.4
15:53:03.107,227495,9.888,6.491,9.163,-0.450,5.019,-2.940,-36.000,57.600,40.500,36.4
15:53:03.161,227549,6.795,5.138,6.153,-0.712,5.392,-3.036,10.350,57.150,43.050,36.3
15:53:03.215,227603,2.691,4.183,5.732,-0.266,5.538,-2.891,10.350,57.150,43.050,36.0
15:53:03.269,227657,-0.816,1.020,1.595,-0.898,4.883,-2.813,51.750,43.950,24.750,36.0
15:53:03.324,227711,-2.648,0.618,-0.558,-0.985,4.504,-2.273,51.750,43.950,24.750,36.0
15:53:03.377,227765,-8.904,-5.555,-9.574,-0.391,2.052,-1.077,65.850,26.250,-2.550,36.4
15:53:03.431,227819,-7.329,-5.308,-6.091,1.457,-1.860,1.107,65.850,26.250,-2.550,36.2
15:53:03.485,227873,-4.578,-1.369,-2.555,0.987,-4.463,3.077,68.250,25.650,-4.800,36.3
15:53:03.539,227927,-1.654,0.608,1.403,-0.289,-5.457,3.604,68.250,25.650,-4.800,36.2
15:53:03.593,227981,2.732,1.973,3.330,-0.048,-5.863,3.484,68.250,25.650,-4.800,36.2
15:53:03.647,228035,6.318,4.676,10.530,0.292,-5.546,2.942,11.550,58.350,42.300,36.3
15:53:03.701,228089,8.598,7.221,10.542,0.126,-5.379,2.645,11.550,58.350,42.300,36.0
15:53:03.756,228143,13.149,7.389,11.308,0.271,-4.107,1.913,-36.600,58.500,41.100,36.3
15:53:03.809,228197,10.949,9.175,11.617,-0.241,-2.138,1.071,-36.600,58.500,41.100,36.3
15:53:03.864,228251,8.052,8.808,15.945,-0.449,0.300,-0.174,-61.650,53.850,31.500,36.4
15:53:03.917,228305,7.954,8.466,14.904,-0.371,1.978,-0.865,-61.650,53.850,31.500,36.3
15:53:03.971,228359,11.528,7.226,11.566,-0.396,3.891,-1.788,-49.350,54.600,38.850,36.4
15:53:04.025,228413,11.631,5.507,10.391,-0.406,5.140,-2.286,-49.350,54.600,38.850,36.3
15:53:04.079,228467,8.473,4.436,7.173,-0.780,5.603,-2.579,-8.700,54.600,45.750,36.2
15:53:04.133,228521,3.917,4.544,3.977,-0.446,5.715,-2.625,-8.700,54.600,45.750,36.3
15:53:04.187,228575,0.208,1.322,2.349,-1.076,5.376,-2.180,37.200,46.350,36.450,36.0
15:53:04.241,228629,-2.811,1.688,1.822,-0.978,4.370,-2.078,63.450,31.050,10.650,36.3
15:53:04.295,228683,-7.724,-5.306,-8.329,0.052,3.017,-1.696,63.450,31.050,10.650,36.0
15:53:04.349,228737,-8.502,-6.208,-6.464,1.252,-1.466,0.623,63.450,31.050,10.650,36.1
15:53:04.403,228791,-4.350,-2.830,-1.583,1.844,-3.679,2.705,63.450,31.050,10.650,36.3
15:53:04.457,228845,-1.640,-0.242,1.326,0.135,-5.133,3.657,63.450,31.050,10.650,36.4
15:53:04.511,228899,0.572,2.990,6.055,0.811,-6.007,3.833,63.450,31.050,10.650,36.4
15:53:04.565,228953,8.279,4.439,10.388,0.581,-5.603,3.278,22.500,57.750,40.350,36.4
15:53:04.619,229007,10.364,9.711,9.251,1.014,-4.517,3.190,22.500,57.750,40.350,36.5
15:53:04.673,229061,10.551,9.206,12.277,1.018,-3.626,2.332,-24.750,66.300,41.850,36.5
15:53:04.723,229115,10.985,10.987,12.883,0.224,-1.555,1.042,-24.750,66.300,41.850,36.0
15:53:04.778,229169,8.928,10.585,12.512,-0.709,0.547,-0.242,-55.800,64.500,33.600,36.0
15:53:04.835,229223,7.750,9.862,13.261,-1.168,2.305,-1.264,-55.800,64.500,33.600,36.4
15:53:04.889,229277,10.099,7.827,10.834,-0.706,3.926,-2.082,-46.650,61.950,36.300,36.1
15:53:04.943,229331,9.079,6.390,8.921,-0.357,4.721,-2.651,-8.850,61.050,45.600,36.3
15:53:04.997,229385,5.574,5.605,6.800,-0.506,4.922,-3.016,-8.850,61.050,45.600,36.5
15:53:05.051,229439,3.215,2.373,5.511,-0.317,5.245,-2.871,33.900,52.200,36.450,36.1
15:53:05.105,229493,-0.553,0.989,2.097,0.016,4.671,-2.665,33.900,52.200,36.450,36.2
15:53:05.155,229547,-5.847,1.027,-0.469,1.198,3.501,-2.518,33.900,52.200,36.450,36.5
15:53:05.210,229601,-9.946,-7.163,-8.495,-0.066,0.425,-0.690,33.900,52.200,36.450,36.0
15:53:05.266,229655,-6.096,-3.625,-3.014,0.661,-2.633,2.283,33.900,52.200,36.450,36.0
15:53:05.321,229709,-2.100,-0.649,0.204,-0.035,-4.614,3.496,33.900,52.200,36.450,36.1
15:53:05.375,229763,1.022,4.341,6.000,-0.115,-5.508,3.826,52.650,49.950,23.850,36.3
15:53:05.429,229817,4.353,4.202,9.574,0.071,-5.026,3.271,52.650,49.950,23.850,36.3
15:53:05.483,229871,8.586,5.339,6.498,0.368,-5.421,2.737,11.850,60.300,43.800,36.4
15:53:05.537,229925,12.036,6.618,9.668,-0.003,-4.936,2.663,-38.850,60.000,41.850,36.3
15:53:05.591,229979,14.815,7.072,6.895,0.113,-3.757,1.769,-38.850,60.000,41.850,36.2
15:53:05.645,230033,12.773,6.792,9.431,0.236,-1.571,0.703,-71.550,55.950,25.500,36.4
15:53:05.700,230087,10.906,9.292,12.682,-0.529,1.136,-0.587,-71.550,55.950,25.500,36.1
15:53:05.753,230141,10.613,7.757,12.910,-0.695,2.940,-1.408,-67.050,54.900,28.800,36.4
15:53:05.807,230195,13.123,7.063,8.593,-0.872,4.712,-2.429,-67.050,54.900,28.800,36.3
15:53:05.861,230249,10.463,7.353,9.158,-0.964,5.549,-2.825,-31.650,57.600,43.500,36.5
15:53:05.915,230303,5.574,4.956,6.723,-0.936,5.576,-3.013,-31.650,57.600,43.500,36.5
15:53:05.969,230357,1.578,2.828,5.531,-0.767,5.430,-2.739,19.650,49.050,43.050,36.3
15:53:06.023,230411,-1.413,1.858,2.909,-0.857,4.911,-2.707,19.650,49.050,43.050,36.3
15:53:06.077,230465,-2.579,1.135,0.728,-0.743,4.264,-2.300,19.650,49.050,43.050,36.3
15:53:06.131,230519,-5.236,-3.115,-5.935,-0.451,2.045,-1.120,19.650,49.050,43.050,36.0
15:53:06.185,230573,-6.076,-4.913,-4.254,0.582,-2.247,1.136,19.650,49.050,43.050,36.0
15:53:06.239,230627,-4.563,-3.879,-3.594,2.231,-4.857,3.769,63.150,27.900,13.650,36.2
15:53:06.293,230681,-5.131,1.484,4.053,0.705,-5.785,4.034,63.150,27.900,13.650,36.3
15:53:06.347,230735,5.478,4.403,3.189,-0.035,-5.762,3.416,30.600,53.550,38.100,36.3
15:53:06.401,230789,8.995,4.571,9.091,0.890,-5.433,2.946,30.600,53.550,38.100,36.0
15:53:06.455,230843,12.347,5.921,7.853,0.352,-4.886,2.894,-18.000,63.150,43.950,36.3
15:53:06.509,230897,11.801,7.242,7.506,0.568,-4.303,2.374,-18.000,63.150,43.950,36.2
15:53:06.563,230951,11.600,8.784,11.064,0.007,-2.353,1.257,-60.900,60.000,33.450,36.3
15:53:06.617,231005,10.417,10.472,12.275,-0.503,-0.006,-0.054,-60.900,60.000,33.450,36.0
15:53:06.671,231059,11.035,8.107,12.352,-0.445,1.884,-0.828,-71.850,52.950,24.450,36.1
15:53:06.725,231113,12.232,7.216,10.156,-0.812,3.914,-1.819,-71.850,52.950,24.450,36.4
15:53:06.779,231167,12.119,5.885,9.462,-0.575,5.099,-2.272,-52.650,55.800,37.350,36.5
15:53:06.833,231221,8.655,5.966,7.695,-0.495,5.351,-2.855,-52.650,55.800,37.350,36.1
15:53:06.887,231275,5.830,3.587,7.477,-0.635,5.214,-2.722,-52.650,55.800,37.350,36.3
15:53:06.941,231329,2.444,3.622,5.176,-0.421,5.136,-2.426,37.050,46.500,35.550,36.1
15:53:06.995,231383,-2.025,0.687,4.554,-0.911,4.503,-2.233,37.050,46.500,35.550,36.4
15:53:07.049,231437,-5.866,-0.804,-5.555,-0.606,3.677,-1.681,60.900,33.450,12.150,36.3
15:53:07.103,231491,-8.095,-3.448,-7.333,0.819,-0.423,-0.194,60.900,33.450,12.150,36.0
15:53:07.158,231545,-4.707,-3.340,-2.433,1.775,-3.429,2.051,67.800,28.200,5.850,36.0
15:53:07.211,231599,-2.090,1.444,2.689,0.377,-4.963,3.542,67.800,28.200,5.850,36.3
15:53:07.265,231653,1.968,4.841,5.959,1.073,-5.367,3.324,48.750,47.850,27.750,36.1
15:53:07.319,231707,7.106,4.604,9.823,0.823,-5.292,3.052,48.750,47.850,27.750,36.3
15:53:07.373,231761,9.258,6.639,6.740,0.744,-5.351,3.033,5.550,59.550,44.850,36.2
15:53:07.427,231815,14.396,8.219,7.640,0.061,-4.751,2.593,-44.100,62.400,39.300,36.3
15:53:07.481,231869,14.052,8.253,8.124,0.152,-2.615,1.579,-44.100,62.400,39.300,36.5
15:53:07.535,231923,10.963,9.237,12.129,-0.125,-0.523,0.197,-44.100,62.400,39.300,36.1
15:53:07.589,231977,9.014,9.907,13.568,-0.529,1.439,-0.728,-44.100,62.400,39.300,36.0
15:53:07.643,232031,10.127,7.676,11.377,-0.282,2.873,-1.626,-44.100,62.400,39.300,36.1
15:53:07.697,232085,13.180,7.848,9.965,-0.574,4.555,-2.685,-44.100,62.400,39.300,36.2
15:53:07.751,232139,10.563,7.175,8.423,-0.949,5.296,-3.164,-25.950,61.050,44.550,36.4
15:53:07.805,232193,5.974,6.574,6.177,-1.138,5.500,-3.319,-25.950,61.050,44.550,35.9
15:53:07.859,232247,2.064,2.969,4.872,-1.475,5.542,-2.922,25.650,52.950,41.250,36.4
15:53:07.914,232301,-0.316,1.494,2.746,-1.150,5.235,-2.793,25.650,52.950,41.250,36.2
15:53:07.967,232355,-2.411,0.239,-3.900,-0.815,4.425,-2.089,59.550,32.850,17.100,36.7
15:53:08.021,232409,-7.618,-6.048,-7.829,0.691,2.052,-1.329,59.550,32.850,17.100,36.3
15:53:08.075,232463,-5.576,-6.239,-5.662,1.471,-2.973,1.943,68.850,19.650,-5.850,36.0
15:53:08.129,232517,-3.692,-1.159,-2.164,1.179,-4.737,3.757,64.350,32.850,11.250,36.0
15:53:08.183,232571,-1.346,0.520,4.168,1.168,-5.812,3.857,64.350,32.850,11.250,36.3
15:53:08.237,232625,4.611,5.672,2.382,0.692,-5.789,3.664,29.700,55.200,37.200,36.3
15:53:08.291,232679,9.637,9.395,7.966,0.661,-5.253,3.307,29.700,55.200,37.200,36.3
15:53:08.345,232733,12.028,8.413,9.828,-0.098,-4.899,3.113,-21.000,66.300,43.650,36.5
15:53:08.399,232787,13.099,8.430,6.852,-0.158,-3.435,2.185,-21.000,66.300,43.650,36.4
15:53:08.453,232841,10.116,9.081,14.097,-0.358,-1.063,0.592,-21.000,66.300,43.650,36.0
15:53:08.507,232895,7.259,9.697,13.460,-0.250,0.487,-0.338,-21.000,66.300,43.650,36.3
15:53:08.561,232949,9.349,8.258,12.093,-0.623,2.085,-1.349,-63.300,57.900,31.800,36.3
15:53:08.615,233003,11.595,8.114,10.693,-0.577,3.758,-1.944,-63.300,57.900,31.800,36.3
15:53:08.669,233057,12.945,6.984,10.206,-0.484,4.912,-2.956,-39.600,58.500,42.150,36.3
15:53:08.725,233111,9.007,6.673,8.083,-0.736,5.549,-2.967,8.550,55.950,46.350,36.3
15:53:08.778,233165,4.161,4.685,5.169,-0.974,5.579,-2.936,8.550,55.950,46.350,36.3
15:53:08.831,233219,0.491,1.906,2.322,-1.040,5.245,-2.595,50.550,42.150,26.550,36.3
15:53:08.885,233273,-2.883,-1.566,-3.395,-1.218,4.333,-2.250,50.550,42.150,26.550,36.3
15:53:08.939,233327,-7.381,-4.053,-8.590,-0.009,1.410,-1.157,67.350,26.550,2.550,36.5
15:53:08.993,233381,-6.414,-5.119,-3.352,1.354,-2.378,1.300,67.350,26.550,2.550,36.3
15:53:09.047,233435,-2.322,-0.862,-1.738,0.973,-4.739,3.206,64.350,30.450,9.450,36.1
15:53:09.098,233489,-1.010,-0.809,4.693,1.405,-5.491,3.766,64.350,30.450,9.450,36.3
15:53:09.153,233543,5.547,5.073,6.610,1.378,-5.611,3.945,37.200,54.450,34.650,36.3
15:53:09.209,233597,9.613,7.618,9.210,1.582,-5.129,3.716,37.200,54.450,34.650,36.2
15:53:09.263,233651,14.372,8.018,5.564,0.445,-4.619,3.280,37.200,54.450,34.650,36.3
15:53:09.317,233705,14.238,9.017,7.946,-0.309,-3.083,2.178,37.200,54.450,34.650,36.4
15:53:09.371,233759,9.689,10.874,13.199,-0.470,-1.396,1.119,37.200,54.450,34.650,36.4
15:53:09.425,233813,9.515,11.492,11.751,-0.346,0.818,-0.377,-70.500,56.250,25.650,36.0
15:53:09.479,233867,8.856,10.113,12.352,-0.241,2.586,-1.656,-70.500,56.250,25.650,36.3
15:53:09.533,233921,12.424,7.202,9.955,-0.627,3.677,-2.539,-48.150,60.900,36.300,36.0
15:53:09.587,233975,12.828,7.276,7.839,-0.892,4.966,-3.450,-48.150,60.900,36.300,36.2
15:53:09.641,234029,7.958,4.678,7.226,-1.335,5.339,-3.247,-2.850,60.600,44.850,36.5
15:53:09.695,234083,4.377,1.506,4.489,-1.586,5.540,-2.380,-2.850,60.600,44.850,36.3
15:53:09.750,234137,-1.166,0.287,2.641,-0.936,5.091,-2.248,40.950,45.600,32.850,36.4
15:53:09.803,234191,-3.845,0.457,-0.668,-0.642,4.122,-2.105,40.950,45.600,32.850,36.3
15:53:09.858,234245,-10.563,-6.584,-10.987,-0.140,2.505,-1.667,63.150,31.500,8.850,36.0
15:53:09.911,234299,-8.145,-5.181,-4.635,1.515,-2.286,1.025,63.150,31.500,8.850,36.1
15:53:09.965,234353,-7.532,-1.832,-2.411,1.011,-4.780,3.257,67.200,25.650,4.500,36.0
15:53:10.019,234407,-0.050,-0.362,5.090,0.738,-5.491,3.599,67.200,25.650,4.500,36.1
15:53:10.073,234461,4.990,6.031,6.091,0.577,-6.012,3.423,67.200,25.650,4.500,36.0
15:53:10.127,234515,9.014,6.069,9.462,0.996,-5.357,2.921,67.200,25.650,4.500,36.3
15:53:10.181,234569,11.389,6.460,7.719,0.749,-5.038,2.762,67.200,25.650,4.500,36.3
15:53:10.235,234623,13.065,7.724,9.692,0.475,-5.068,2.551,-48.000,61.350,37.650,36.2
15:53:10.289,234677,16.228,7.568,6.132,0.350,-2.742,1.277,-48.000,61.350,37.650,36.4
15:53:10.343,234731,9.986,9.919,12.622,-0.120,0.092,0.015,-77.550,55.050,15.900,36.3
15:53:10.397,234785,11.492,7.463,10.412,-0.579,1.578,-0.883,-77.550,55.050,15.900,36.5
15:53:10.451,234839,13.738,7.381,8.808,-0.499,3.996,-1.862,-73.500,54.300,22.050,36.0
15:53:10.501,234893,12.031,7.178,8.583,-0.336,5.104,-2.738,-73.500,54.300,22.050,36.1
15:53:10.557,234947,8.167,6.115,8.997,-0.436,5.471,-2.921,-37.500,58.650,42.000,36.3
15:53:10.613,235001,4.262,5.708,7.369,-0.612,5.414,-2.809,12.150,56.700,42.000,36.0
15:53:10.666,235055,2.648,6.139,6.531,-0.459,5.238,-2.897,12.150,56.700,43.500,36.2
15:53:10.721,235109,0.584,1.923,4.302,-0.301,5.370,-2.627,51.900,45.300,22.800,36.2
15:53:10.771,235163,-2.567,2.320,0.196,-0.286,4.508,-2.704,51.900,45.300,22.800,36.4
15:53:10.825,235217,-7.575,-4.630,-7.930,-0.566,1.923,-1.710,51.900,45.300,22.800,36.2
15:53:10.880,235271,-5.535,-5.100,-4.774,0.410,-2.100,1.313,51.900,45.300,22.800,36.3
15:53:10.937,235325,-3.994,-1.642,-1.197,0.999,-4.473,3.128,51.900,45.300,22.800,36.0
15:53:11.044,235379,-1.932,0.924,1.343,0.139,-5.391,3.713,51.900,45.300,22.800,35.7
15:53:11.049,235433,0.881,6.108,7.247,0.490,-5.757,3.709,45.150,51.600,29.700,36.4
15:53:11.099,235487,6.361,5.511,9.948,0.479,-5.534,3.214,45.150,51.600,29.700,36.3
15:53:11.153,235541,13.178,8.126,8.040,0.604,-5.618,2.891,-2.700,64.350,44.400,36.4
15:53:11.207,235595,15.237,6.108,9.254,0.281,-4.436,2.223,-2.700,64.350,44.400,36.6
15:53:11.261,235649,13.757,7.963,8.073,0.240,-2.646,1.283,-53.100,60.000,36.000,36.5
15:53:11.315,235703,9.938,8.174,11.138,0.002,-0.343,0.177,-73.950,54.600,22.350,36.3
15:53:11.369,235757,9.464,8.274,11.384,-0.828,1.037,-0.681,-73.950,54.600,22.350,36.5
15:53:11.423,235811,11.394,6.847,10.544,-0.707,2.949,-1.653,-65.850,57.600,31.050,36.2
15:53:11.477,235865,12.649,5.409,9.610,-0.221,4.480,-2.293,-65.850,57.600,31.050,36.0
15:53:11.531,235919,8.535,6.551,9.910,-0.386,5.106,-2.887,-29.400,59.550,44.850,36.4
15:53:11.585,235973,4.896,5.035,7.389,-0.541,5.363,-2.891,-29.400,59.550,44.850,36.2
15:53:11.639,236027,2.626,4.468,6.225,-0.832,5.455,-2.784,-29.400,59.550,44.850,36.2
15:53:11.693,236081,-1.209,1.559,2.722,-0.730,5.161,-2.461,-29.400,59.550,44.850,36.3
15:53:11.747,236135,-3.122,2.066,0.725,-0.062,4.419,-2.459,-29.400,59.550,44.850,36.1
15:53:11.801,236189,-5.088,-2.172,-4.209,0.047,2.491,-1.750,-29.400,59.550,44.850,36.2
15:53:11.855,236243,-7.072,-4.266,-5.088,0.504,-1.294,0.651,69.600,26.250,-1.350,36.1
15:53:11.909,236297,-4.894,-3.359,-4.345,1.457,-4.278,3.233,65.850,34.800,8.400,36.1
15:53:11.963,236351,-2.191,0.555,2.258,0.031,-5.586,4.087,65.850,34.800,8.400,36.1
15:53:12.017,236405,2.914,3.531,6.019,0.581,-5.945,3.980,34.650,55.650,35.400,36.4
15:53:12.071,236459,8.358,5.188,8.997,-0.138,-5.339,3.149,34.650,55.650,35.400,36.3
15:53:12.125,236513,10.549,8.473,8.023,0.359,-5.403,2.883,-17.400,63.000,44.850,36.3
15:53:12.179,236567,14.171,6.941,7.894,0.728,-4.537,2.356,-17.400,63.000,44.850,36.1
15:53:12.233,236621,13.530,8.454,7.130,1.021,-2.624,1.514,-60.600,59.550,29.550,36.2
15:53:12.287,236675,9.594,9.780,12.225,0.503,-0.063,0.226,-60.600,59.550,29.550,36.3
15:53:12.341,236729,9.792,10.209,11.183,-0.590,1.093,-0.744,-75.150,60.600,20.100,36.4
15:53:12.395,236783,11.746,7.858,9.716,-1.553,2.857,-1.955,-75.150,60.600,20.100,36.0
15:53:12.449,236837,12.194,6.220,9.412,-1.220,4.371,-2.658,-75.150,60.600,20.100,36.1
15:53:12.503,236891,11.748,6.081,9.251,-0.714,5.013,-3.081,-75.150,60.600,20.100,36.3
15:53:12.557,236945,7.733,3.450,6.996,-1.001,5.156,-3.051,-75.150,60.600,20.100,36.3
15:53:12.611,236999,1.611,2.990,5.514,-1.980,5.243,-2.452,29.700,46.650,39.000,36.5
15:53:12.665,237053,1.875,2.768,0.038,-0.685,5.466,-0.970,29.700,46.650,39.000,36.3
15:53:12.719,237107,-3.333,0.223,1.195,-0.667,4.044,-1.491,58.800,33.600,16.050,36.1
15:53:12.773,237161,-10.848,-4.005,-5.042,0.307,1.013,-1.571,58.800,33.600,16.050,36.3
15:53:12.827,237215,-7.654,-3.936,-3.761,1.216,-2.435,1.347,67.500,26.400,5.550,36.2
15:53:12.881,237269,-4.767,-0.922,-1.252,0.628,-4.327,2.775,67.500,26.400,5.550,35.9
15:53:12.935,237323,-0.871,1.743,2.780,0.970,-5.374,2.906,52.500,40.950,24.750,36.4
15:53:12.989,237377,4.659,2.298,8.040,0.601,-5.735,3.067,52.500,40.950,24.750,36.3
15:53:13.043,237431,8.657,6.864,10.202,0.075,-5.358,2.500,13.650,56.700,44.100,36.1
15:53:13.097,237485,10.477,5.698,8.780,0.572,-4.373,2.071,13.650,56.700,44.100,36.1
15:53:13.151,237539,10.736,6.349,9.021,1.446,-3.694,1.761,-32.550,58.950,45.150,36.3
15:53:13.205,237593,12.711,8.389,9.100,0.991,-1.846,0.877,-32.550,58.950,45.150,36.3
15:53:13.259,237647,9.862,9.416,12.718,0.172,-0.144,0.204,-32.550,58.950,45.150,36.1
15:53:13.314,237701,9.100,8.581,12.814,-1.119,1.370,-0.675,-32.550,58.950,45.150,36.1
15:53:13.367,237755,10.934,7.764,11.078,-1.818,2.774,-1.444,-32.550,58.950,45.150,36.0
15:53:13.421,237809,13.597,6.517,8.801,-1.368,4.677,-1.733,-46.500,55.950,40.500,36.3
15:53:13.475,237863,10.779,5.215,7.429,-0.699,5.558,-2.129,-46.500,55.950,40.500,36.3
15:53:13.529,237917,6.170,4.566,7.159,-0.691,5.677,-2.105,2.400,50.850,47.700,36.3
15:53:13.582,237971,1.381,3.091,4.508,-0.544,5.725,-1.948,2.400,50.850,47.700,36.0
15:53:13.635,238025,-2.121,1.336,2.770,-0.855,4.810,-2.192,44.250,41.700,33.150,36.4
15:53:13.687,238079,-6.359,-5.593,-6.728,-0.760,3.410,-1.528,44.250,41.700,33.150,36.3
15:53:13.741,238133,-7.396,-2.085,-4.755,-0.141,-0.375,-0.216,65.400,27.900,9.600,36.3
15:53:13.795,238187,-5.411,-3.598,-3.745,1.382,-4.027,2.037,65.400,27.900,9.600,36.0
15:53:13.849,238241,-2.188,-0.239,1.669,0.731,-5.234,2.833,62.850,30.150,15.600,36.0
15:53:13.903,238295,0.153,2.931,4.108,0.640,-6.002,2.640,32.400,47.100,41.550,36.6
15:53:13.959,238349,6.397,5.466,9.543,0.314,-5.695,2.447,32.400,47.100,41.550,36.1
15:53:14.015,238403,8.899,6.031,8.971,1.109,-5.348,2.506,32.400,47.100,41.550,36.0
15:53:14.069,238457,14.844,5.286,3.764,1.246,-4.598,1.995,32.400,47.100,41.550,36.1
15:53:14.120,238511,13.891,7.470,8.672,1.161,-2.992,1.908,-58.650,55.800,33.750,36.3
15:53:14.173,238565,10.827,8.480,10.046,1.197,-1.036,0.776,-58.650,55.800,33.750,36.3
15:53:14.227,238619,10.546,9.203,10.405,0.233,0.651,-0.190,-78.600,51.750,19.350,36.5
15:53:14.282,238673,11.071,7.187,9.819,-1.004,2.329,-1.176,-78.600,51.750,19.350,36.1
15:53:14.339,238727,12.048,6.098,8.291,-1.013,3.685,-2.009,-68.700,54.600,27.600,36.0
15:53:14.393,238781,11.023,7.609,9.014,-0.505,4.941,-2.214,-68.700,54.600,27.600,36.3
15:53:14.447,238835,8.045,5.574,8.425,-0.292,5.250,-2.503,-32.700,57.900,43.500,36.3
15:53:14.501,238889,5.124,4.585,7.989,-0.454,5.308,-2.494,16.200,54.600,41.850,36.4
15:53:14.555,238943,0.886,2.337,4.803,-0.917,5.037,-2.463,16.200,54.600,41.850,36.4
15:53:14.609,238997,-1.243,1.061,2.176,-1.077,4.365,-2.523,54.300,41.250,24.750,36.5
15:53:14.663,239051,-8.023,-4.123,-6.546,0.499,1.187,-0.772,54.300,41.250,24.750,36.0
15:53:14.717,239105,-5.282,-4.460,-5.109,0.866,-3.268,1.448,61.950,33.750,13.200,36.2
15:53:14.767,239159,-2.222,0.208,0.883,0.765,-5.208,2.958,61.950,33.750,13.200,36.0
15:53:14.822,239213,-0.601,5.047,8.734,1.005,-5.881,2.780,61.950,33.750,13.200,36.0
15:53:14.879,239267,8.236,6.699,6.965,0.916,-5.712,2.374,61.950,33.750,13.200,36.2
15:53:14.933,239321,14.664,6.608,7.738,0.667,-5.824,2.377,-10.500,58.950,45.150,36.1
15:53:14.987,239375,15.926,6.986,8.562,0.821,-4.270,2.085,-10.500,58.950,45.150,36.1
15:53:15.041,239429,16.010,7.130,5.832,-0.395,-1.642,0.678,-60.300,57.150,32.100,36.3
15:53:15.095,239483,10.441,8.356,12.469,-0.573,0.054,0.011,-73.200,56.250,21.000,36.1
15:53:15.149,239537,10.058,7.029,11.854,-0.565,1.933,-0.838,-73.200,56.250,21.000,36.3
15:53:15.203,239591,12.850,6.675,9.345,-1.037,3.619,-1.436,-59.550,54.450,33.900,36.3
15:53:15.257,239645,13.070,6.622,9.991,-1.222,4.798,-2.177,-59.550,54.450,33.900,36.1
15:53:15.311,239699,7.621,5.128,8.277,-0.725,5.445,-1.734,-18.000,51.900,47.700,36.2
15:53:15.365,239753,4.575,4.786,5.059,-0.336,5.641,-1.892,-18.000,51.900,47.700,36.2
15:53:15.419,239807,1.286,1.944,3.582,-0.674,5.506,-1.914,28.650,47.550,39.750,36.0
15:53:15.473,239861,-1.865,1.429,2.555,-0.508,5.089,-1.797,28.650,47.550,39.750,36.3
15:53:15.527,239915,-10.367,-6.725,-7.709,-0.081,2.937,-1.211,59.550,38.250,17.100,36.0
15:53:15.581,239969,-7.580,-5.028,-6.163,1.231,-1.109,0.551,59.550,38.250,17.100,36.3
15:53:15.635,240023,-4.614,-0.699,-3.917,0.977,-4.122,2.526,59.550,38.250,17.100,36.5
15:53:15.689,240077,-1.772,3.194,3.541,-0.587,-5.723,2.789,59.550,38.250,17.100,36.0
15:53:15.743,240131,2.868,1.317,5.356,-0.757,-5.876,2.649,45.150,49.200,31.950,36.0
15:53:15.797,240185,5.535,3.433,9.409,0.576,-5.402,1.949,1.200,53.850,47.700,36.3
15:53:15.851,240239,11.985,5.057,7.958,1.177,-5.003,1.909,1.200,53.850,47.700,36.3
15:53:15.905,240293,12.857,7.501,11.329,1.112,-3.572,1.584,-43.350,58.950,39.600,36.3
15:53:15.959,240347,12.804,7.494,11.552,0.384,-1.163,0.556,-43.350,58.950,39.600,36.3
15:53:16.013,240401,8.071,9.397,13.436,-0.644,0.980,-0.452,-60.450,57.300,30.750,36.3
15:53:16.063,240455,8.653,7.901,12.627,-1.018,2.091,-1.142,-60.450,57.300,30.750,36.3
15:53:16.118,240509,10.336,6.208,8.973,-1.115,3.599,-1.710,-46.200,58.350,38.700,36.1
15:53:16.175,240563,8.250,4.266,9.280,-0.221,4.625,-2.453,-46.200,58.350,38.700,36.0
15:53:16.229,240617,3.014,3.546,9.610,-0.645,4.898,-2.328,-8.100,54.000,47.100,36.0
15:53:16.283,240671,2.174,5.071,7.748,-0.303,4.980,-2.385,-8.100,54.000,47.100,36.1
15:53:16.337,240725,-0.338,2.571,5.174,-0.343,4.581,-2.587,-8.100,54.000,47.100,36.3
15:53:16.391,240779,-2.646,3.170,2.267,-0.713,3.987,-1.868,-8.100,54.000,47.100,36.3
15:53:16.445,240833,-4.523,0.606,-2.358,-0.956,3.238,-1.478,-8.100,54.000,47.100,36.0
15:53:16.499,240887,-8.361,-3.704,-5.571,0.240,-0.427,0.254,68.100,27.750,0.600,36.5
15:53:16.553,240941,-4.889,-3.273,-3.771,2.047,-3.807,2.459,68.100,27.750,0.600,36.3
15:53:16.607,240995,-2.600,1.800,1.566,0.224,-5.006,3.347,57.450,41.850,18.000,36.2
15:53:16.661,241049,1.058,5.890,7.077,-0.271,-5.624,3.226,57.450,41.850,18.000,36.1
15:53:16.715,241103,4.518,3.953,12.467,0.048,-5.080,2.605,22.650,55.650,40.200,36.0
15:53:16.769,241157,8.928,5.578,7.626,0.583,-4.686,2.566,22.650,55.650,40.200,36.1
15:53:16.823,241211,11.519,7.365,9.084,1.113,-3.998,1.952,-22.500,60.450,46.500,36.0
15:53:16.877,241265,11.401,8.648,8.157,0.719,-2.346,1.334,-22.500,60.450,46.500,36.3
15:53:16.931,241319,11.839,9.531,12.603,-0.328,0.131,-0.085,-55.200,59.700,36.300,36.2
15:53:16.985,241373,8.487,8.361,13.429,-0.533,1.877,-0.854,-55.200,59.700,36.300,36.0
15:53:17.039,241427,8.638,7.468,11.090,0.077,3.332,-1.874,-54.750,57.150,35.400,36.3
15:53:17.089,241481,10.487,7.130,9.378,-0.184,4.336,-2.326,-54.750,57.150,35.400,36.4
15:53:17.143,241535,5.904,5.758,8.219,-0.551,4.741,-2.785,-54.750,57.150,35.400,36.0
15:53:17.198,241589,3.419,4.118,7.130,-0.994,4.975,-2.646,-54.750,57.150,35.400,36.0
15:53:17.255,241643,0.881,3.103,4.336,-1.690,4.949,-2.231,-54.750,57.150,35.400,36.4
15:53:17.309,241697,-2.631,1.073,3.701,-1.511,4.796,-1.940,53.550,38.550,23.400,36.3
15:53:17.364,241751,-5.246,-0.632,-4.834,-0.851,3.897,-1.584,53.550,38.550,23.400,36.3
15:53:17.417,241805,-8.071,-2.717,-5.389,1.471,0.154,-0.370,69.450,24.900,-1.500,36.1
15:53:17.467,241859,-5.480,-3.141,-3.165,2.362,-3.485,1.679,69.450,24.900,-1.500,36.1
15:53:17.523,241913,-3.519,-0.117,-0.381,0.422,-5.012,3.022,66.000,31.050,6.750,36.4
15:53:17.579,241967,-1.393,0.986,2.938,0.209,-5.719,3.384,66.000,31.050,6.750,36.1
15:53:17.633,242021,3.100,4.911,9.577,0.199,-5.789,3.027,40.050,46.950,33.450,36.1
15:53:17.687,242075,7.381,4.810,9.031,1.054,-5.304,2.584,-5.550,57.900,46.800,36.1
15:53:17.741,242129,12.220,6.486,7.915,0.508,-4.404,2.062,-5.550,57.900,46.800,36.3
15:53:17.795,242183,12.723,6.402,11.095,0.660,-2.652,1.392,-48.600,58.200,39.600,36.0
15:53:17.849,242237,9.663,8.521,11.329,0.284,-0.832,0.471,-48.600,58.200,39.600,36.0
15:53:17.903,242291,9.000,8.969,13.235,-0.533,1.047,-0.571,-48.600,58.200,39.600,36.1
15:53:17.957,242345,9.821,7.757,10.032,-0.573,2.524,-1.339,-48.600,58.200,39.600,36.4
15:53:18.011,242399,9.826,7.788,10.518,-0.214,3.840,-2.204,-48.600,58.200,39.600,36.3
15:53:18.065,242453,6.292,6.910,9.462,-0.407,4.178,-2.599,-48.600,58.200,39.600,36.1
15:53:18.119,242507,3.026,5.442,7.628,-0.738,4.731,-2.415,-4.350,59.850,45.600,36.0
15:53:18.172,242561,2.370,4.108,5.303,-0.805,5.043,-2.111,-4.350,59.850,45.600,35.9
15:53:18.227,242615,-0.735,3.158,5.765,-0.781,4.700,-2.188,36.000,50.250,35.700,36.3
15:53:18.281,242669,-3.735,1.132,2.679,-0.677,4.258,-2.317,61.650,36.900,12.600,36.0
15:53:18.335,242723,-5.090,-0.508,-4.305,-0.664,3.042,-1.230,61.650,36.900,12.600,36.3
15:53:18.389,242777,-7.027,-3.369,-3.249,0.662,-1.312,0.750,70.350,27.750,-1.050,36.5
15:53:18.444,242831,-5.586,-1.607,-2.401,1.835,-4.009,2.315,70.350,27.750,-1.050,36.3
15:53:18.497,242885,-2.655,1.712,1.262,0.866,-5.213,3.377,58.800,44.850,18.150,36.1
15:53:18.551,242939,0.151,2.598,4.590,0.860,-6.148,3.596,58.800,44.850,18.150,36.4
15:53:18.605,242993,6.127,5.126,5.392,-0.355,-5.772,3.192,17.700,63.600,38.100,35.8
15:53:18.659,243047,14.636,7.159,8.619,-0.211,-5.148,2.400,17.700,63.600,38.100,36.3
15:53:18.713,243101,12.886,6.045,6.981,-0.380,-4.351,1.847,17.700,63.600,38.100,36.0
15:53:18.767,243155,10.704,5.476,6.108,-0.405,-3.364,1.415,17.700,63.600,38.100,36.1
15:53:18.821,243209,11.040,5.296,5.210,0.815,-2.690,1.361,-66.600,57.150,24.750,36.0
15:53:18.875,243263,12.143,7.163,7.992,0.905,-0.368,0.067,-66.600,57.150,24.750,36.1
15:53:18.929,243317,11.669,7.652,8.547,0.059,1.795,-0.907,-79.350,55.950,9.450,36.3
15:53:18.983,243371,12.562,6.656,9.665,-0.902,3.415,-2.406,-66.750,59.250,21.300,36.3
15:53:19.037,243425,13.039,6.926,8.016,-1.684,4.380,-2.952,-66.750,59.250,21.300,36.1
15:53:19.091,243479,7.032,7.300,8.947,-1.370,4.936,-3.118,-28.050,61.950,41.100,36.0
15:53:19.145,243533,4.638,6.325,9.263,-0.643,5.202,-3.184,-28.050,61.950,41.100,36.2
15:53:19.198,243587,3.534,4.666,7.053,-0.578,5.241,-3.058,18.900,54.000,39.750,36.1
15:53:19.252,243641,1.762,3.062,6.606,-0.407,5.059,-3.173,18.900,54.000,39.750,36.3
15:53:19.304,243695,0.043,1.717,1.652,-0.747,4.880,-2.933,53.250,40.500,18.900,36.2
15:53:19.360,243749,-1.341,1.168,-0.141,-0.807,4.921,-2.450,53.250,40.500,18.900,36.4
15:53:19.415,243803,-7.877,-5.909,-11.001,-0.967,3.452,-1.317,53.250,40.500,18.900,36.3
15:53:19.469,243857,-6.914,-6.088,-9.064,0.590,-1.728,0.624,53.250,40.500,18.900,36.3
15:53:19.523,243911,-4.286,-1.666,-3.680,0.324,-4.598,2.916,53.250,40.500,18.900,36.1
15:53:19.577,243965,-5.880,-1.300,1.614,-0.477,-5.574,3.384,62.850,33.900,9.750,35.9
15:53:19.631,244019,-2.768,1.583,2.215,0.209,-5.674,2.839,62.850,33.900,9.750,36.3
15:53:19.685,244073,2.401,2.933,8.322,0.045,-5.865,2.697,32.400,48.300,36.900,36.1
15:53:19.739,244127,5.186,5.329,8.780,0.119,-5.681,2.469,32.400,48.300,36.900,36.3
15:53:19.793,244181,13.549,9.196,6.730,0.169,-5.106,1.339,-11.250,55.050,45.150,36.0
15:53:19.847,244235,11.272,8.990,13.091,-1.160,-2.314,1.080,-11.250,55.050,45.150,36.2
15:53:19.901,244289,6.321,7.798,16.472,-0.964,0.273,-0.520,-39.750,49.050,42.750,36.3
15:53:19.954,244343,5.940,7.262,15.632,0.830,2.360,-0.845,-39.750,49.050,42.750,36.3
15:53:20.009,244397,6.220,7.027,11.023,1.350,3.604,-2.090,-29.700,50.250,43.800,35.8
15:53:20.063,244451,6.103,6.869,10.925,1.266,4.189,-2.466,-29.700,50.250,43.800,36.0
15:53:20.117,244505,3.304,6.546,8.947,-0.524,4.428,-2.728,4.950,59.700,41.400,36.2
15:53:20.171,244559,0.225,4.314,7.369,-0.914,4.341,-2.910,4.950,59.700,41.400,36.3
15:53:20.225,244613,-1.987,1.532,4.786,-1.589,4.418,-2.586,4.950,59.700,41.400,36.3
15:53:20.278,244667,-2.658,1.448,2.184,-0.771,4.175,-2.004,4.950,59.700,41.400,36.0
15:53:20.333,244721,-6.194,-1.760,-7.286,-0.487,3.385,-1.451,4.950,59.700,41.400,36.0
15:53:20.387,244775,-6.273,-4.389,-7.321,0.430,-1.448,0.925,69.600,20.850,-12.300,36.3
15:53:20.441,244829,-4.094,-3.347,-4.717,1.343,-4.850,2.894,69.600,20.850,-12.300,36.3
15:53:20.495,244883,-0.517,1.082,-1.111,-0.308,-6.293,3.694,62.850,36.300,12.000,36.1
15:53:20.549,244937,0.792,5.423,9.613,-0.116,-6.304,3.760,62.850,36.300,12.000,35.9
15:53:20.602,244991,9.538,0.742,9.064,-0.121,-5.580,2.981,25.200,53.700,41.250,36.3
15:53:20.657,245045,9.014,8.562,12.728,0.861,-4.583,1.980,25.200,53.700,41.250,36.0
15:53:20.711,245099,10.274,6.500,12.062,0.810,-3.360,1.662,-20.400,55.200,48.150,36.0
15:53:20.765,245153,9.333,9.270,15.071,0.169,-1.323,0.517,-20.400,55.200,48.150,36.3
15:53:20.819,245207,8.224,10.087,12.938,-0.286,0.705,-0.356,-44.850,55.350,39.300,36.1
15:53:20.873,245261,6.208,7.286,15.493,-0.372,2.334,-1.219,-42.450,53.700,41.550,36.3
15:53:20.927,245315,6.766,7.901,12.129,-0.528,3.558,-1.700,-42.450,53.700,41.550,36.3
15:53:20.981,245369,7.242,6.857,8.990,-0.754,4.422,-2.105,-42.450,53.700,41.550,36.3
15:53:21.035,245423,3.455,4.547,9.282,0.293,4.889,-2.381,-42.450,53.700,41.550,35.8
15:53:21.088,245477,2.425,4.250,5.763,-1.105,4.850,-2.284,-42.450,53.700,41.550,36.1
15:53:21.144,245531,-0.101,2.212,4.262,-0.924,4.690,-2.129,-42.450,53.700,41.550,36.3
15:53:21.197,245585,-3.120,1.077,1.611,-0.898,4.117,-1.764,58.800,33.900,17.550,36.3
15:53:21.251,245639,-10.116,-9.311,-7.051,-0.044,2.388,-1.139,58.800,33.900,17.550,36.0
15:53:21.305,245693,-7.606,-6.893,-5.693,0.498,-1.181,0.893,67.200,24.450,-3.000,36.0
15:53:21.359,245747,-5.045,-2.926,-3.105,1.355,-3.835,3.244,67.200,24.450,-3.000,36.0
15:53:21.412,245801,-2.279,0.850,2.097,0.106,-4.992,3.769,63.450,34.200,11.850,36.0
15:53:21.466,245855,0.979,4.087,1.958,0.206,-5.839,3.546,35.100,55.350,35.550,36.0
15:53:21.519,245909,6.026,6.529,9.301,0.193,-5.372,2.639,35.100,55.350,35.550,36.4
15:53:21.575,245963,9.510,6.579,9.481,0.431,-4.481,2.474,-11.250,61.650,46.500,36.3
15:53:21.629,246017,11.401,8.444,11.799,0.177,-3.284,1.425,-11.250,61.650,46.500,36.5
15:53:21.683,246071,10.391,9.912,13.860,-0.067,-1.065,0.771,-45.450,61.350,39.450,36.3
15:53:21.737,246125,5.669,9.369,15.866,0.030,1.484,-0.954,-45.450,61.350,39.450,36.1
15:53:21.791,246179,6.294,8.928,14.138,-0.232,2.694,-1.511,-41.100,59.700,39.900,36.1
15:53:21.845,246233,7.855,8.839,11.296,-0.690,4.037,-2.278,-41.100,59.700,39.900,36.0
15:53:21.899,246287,5.370,5.318,9.246,-1.013,4.618,-2.543,-41.100,59.700,39.900,36.2
15:53:21.953,246341,2.016,3.699,6.158,-1.086,4.859,-2.342,-41.100,59.700,39.900,36.0
15:53:22.007,246395,1.494,4.235,3.891,-0.851,4.826,-2.277,32.550,47.700,37.800,36.4
15:53:22.061,246449,-1.295,2.018,2.844,-0.351,4.444,-2.110,32.550,47.700,37.800,36.3
15:53:22.115,246503,-3.103,0.055,-2.327,-0.501,3.443,-1.444,60.150,33.750,15.150,36.2
15:53:22.169,246557,-7.750,-2.679,-5.461,0.336,0.569,-0.335,68.550,25.050,-1.350,36.3
15:53:22.223,246611,-6.074,-4.834,-2.717,1.356,-3.394,2.032,68.550,25.050,-1.350,36.0
15:53:22.276,246665,-4.300,-0.330,0.249,0.770,-4.875,3.235,61.050,36.600,13.800,36.1
15:53:22.331,246719,-0.737,2.883,2.227,0.650,-5.595,3.624,61.050,36.600,13.800,36.0
15:53:22.384,246773,4.956,5.215,6.610,0.493,-5.725,3.044,28.650,56.400,39.450,36.2
15:53:22.439,246827,7.872,7.558,11.799,0.376,-5.096,2.806,28.650,56.400,39.450,36.1
15:53:22.492,246881,11.325,9.895,9.538,0.409,-4.076,2.278,-20.850,61.050,43.800,36.2
15:53:22.543,246935,14.047,10.879,13.951,0.066,-2.143,1.144,-20.850,61.050,43.800,36.1
15:53:22.597,246989,9.565,10.949,14.473,-0.788,1.000,-0.467,-20.850,61.050,43.800,36.0
15:53:22.655,247043,7.803,9.371,14.427,-0.679,2.665,-1.299,-20.850,61.050,43.800,36.0
15:53:22.709,247097,8.411,7.915,9.938,0.149,4.060,-2.046,-20.850,61.050,43.800,36.4
15:53:22.763,247151,5.272,6.220,10.250,-0.324,4.452,-2.579,-2.550,59.850,44.850,36.4
15:53:22.817,247205,3.328,5.174,8.157,-1.002,4.535,-2.384,-2.550,59.850,44.850,36.4
15:53:22.871,247259,2.188,5.444,6.601,-1.026,4.898,-1.980,35.550,49.950,34.800,36.0
15:53:22.925,247313,-0.680,3.038,2.356,-0.431,4.897,-2.303,35.550,49.950,34.800,36.0
15:53:22.978,247367,-2.665,2.167,1.365,-0.535,4.054,-2.391,61.950,35.700,11.850,36.3
15:53:23.033,247421,-6.936,-6.924,-6.943,-0.653,2.883,-1.615,61.950,35.700,11.850,36.0
15:53:23.087,247475,-8.047,-5.004,-5.078,0.520,-1.185,0.059,69.600,23.100,-6.900,36.1
15:53:23.141,247529,-4.997,-1.827,-2.203,1.383,-3.702,2.099,69.600,23.100,-6.900,36.2
15:53:23.193,247583,-3.062,-0.074,3.033,0.626,-5.176,3.211,65.100,31.650,8.700,36.1
15:53:23.247,247637,-1.116,0.026,1.705,1.085,-5.419,3.539,65.100,31.650,8.700,36.4
15:53:23.302,247691,2.444,3.706,9.067,0.632,-5.665,3.294,36.600,48.450,36.300,36.3
15:53:23.356,247745,7.585,5.473,8.631,0.223,-5.477,2.891,36.600,48.450,36.300,36.0
15:53:23.411,247799,12.842,7.910,12.163,0.089,-4.862,2.301,36.600,48.450,36.300,35.9
15:53:23.465,247853,12.620,6.905,9.773,0.117,-2.775,1.354,36.600,48.450,36.300,36.2
15:53:23.516,247907,10.925,9.797,12.009,-0.299,-0.554,0.365,36.600,48.450,36.300,36.3
15:53:23.569,247961,8.157,8.296,14.420,-0.417,1.484,-0.642,-61.650,53.850,34.500,36.2
15:53:23.623,248015,9.505,8.262,11.880,-0.155,3.010,-1.584,-61.650,53.850,34.500,36.2
15:53:23.677,248069,9.414,7.592,10.934,-0.046,4.011,-2.293,-36.600,57.750,41.100,36.1
15:53:23.731,248123,7.350,6.852,9.553,-0.796,5.041,-2.418,-36.600,57.750,41.100,36.0
15:53:23.784,248177,3.376,4.626,6.270,-0.502,5.207,-2.481,5.700,55.800,43.200,36.1
15:53:23.838,248231,0.673,3.570,5.574,-0.711,4.818,-2.872,5.700,55.800,43.200,36.1
15:53:23.893,248285,-0.287,2.871,3.670,-1.248,4.828,-2.253,44.700,45.150,29.250,35.9
15:53:23.946,248339,-2.006,1.022,-0.484,-1.387,3.880,-1.761,44.700,45.150,29.250,36.3
15:53:24.001,248393,-8.349,-3.926,-6.230,0.993,-0.111,-0.657,64.050,28.950,7.200,36.0
15:53:24.055,248447,-4.652,-3.268,-5.375,0.956,-3.740,1.769,64.350,27.750,7.950,36.2
15:53:24.109,248501,-3.871,-0.474,-0.026,1.025,-5.462,3.383,64.350,27.750,7.950,36.0
15:53:24.163,248555,-1.949,2.753,5.435,-0.085,-6.194,3.193,41.100,47.700,34.500,36.0
15:53:24.216,248609,5.634,5.222,9.172,0.709,-5.810,2.641,41.100,47.700,34.500,36.0
15:53:24.270,248663,10.721,5.547,9.290,0.813,-5.569,1.873,41.100,47.700,34.500,36.1
15:53:24.324,248717,13.841,6.239,7.396,0.596,-4.642,1.837,41.100,47.700,34.500,36.0
15:53:24.379,248771,14.368,7.621,7.681,0.977,-3.050,1.417,-50.850,56.250,38.550,36.1
15:53:24.433,248825,10.767,10.214,12.632,0.642,-0.629,0.250,-50.850,56.250,38.550,36.3
15:53:24.487,248879,9.364,8.851,14.025,-0.235,1.591,-0.701,-67.500,56.250,26.100,36.2
15:53:24.540,248933,9.036,8.724,13.127,-0.606,2.813,-1.800,-67.500,56.250,26.100,36.3
15:53:24.595,248987,10.669,6.404,10.369,-1.017,4.130,-2.156,-52.500,60.300,35.400,36.0
15:53:24.648,249041,9.242,5.801,9.787,-0.858,4.641,-2.713,-12.600,57.150,45.300,36.3
15:53:24.703,249095,4.997,5.835,7.477,-0.649,4.831,-2.648,-12.600,57.150,45.300,36.0
15:53:24.757,249149,3.148,3.342,5.143,-0.304,5.173,-2.424,29.700,49.800,37.200,36.0
15:53:24.811,249203,1.228,1.915,3.845,-0.455,4.952,-2.409,29.700,49.800,37.200,36.0
15:53:24.865,249257,-2.665,2.124,2.863,-1.018,4.277,-2.227,59.400,37.650,15.150,36.0
15:53:24.919,249311,-6.579,-6.711,-8.701,0.217,3.562,-1.984,59.400,37.650,15.150,36.3
15:53:24.973,249365,-8.071,-6.594,-5.473,-0.329,-0.667,0.342,70.050,23.100,-4.650,36.0
15:53:25.026,249419,-4.752,-1.824,-2.667,1.303,-3.388,2.651,70.050,23.100,-4.650,36.1
15:53:25.081,249473,-3.282,3.031,1.001,-0.074,-5.598,3.453,70.050,23.100,-4.650,36.4
15:53:25.134,249527,-2.818,0.546,3.666,-0.183,-5.860,3.115,70.050,23.100,-4.650,36.0
15:53:25.189,249581,3.196,4.994,6.203,0.458,-5.849,2.429,70.050,23.100,-4.650,36.1
15:53:25.243,249635,8.040,5.442,8.128,0.620,-5.319,2.021,70.050,23.100,-4.650,36.0
15:53:25.296,249689,11.164,6.036,8.976,0.736,-5.184,2.057,-10.950,55.050,47.700,36.0
15:53:25.350,249743,14.739,6.469,9.620,0.625,-3.646,1.615,-55.050,55.950,35.700,36.4
15:53:25.404,249797,10.599,5.768,7.932,0.216,-2.019,0.859,-55.050,55.950,35.700,36.5
15:53:25.458,249851,11.899,5.806,10.908,-0.424,-0.431,0.060,-73.200,51.900,22.800,36.0
15:53:25.512,249905,9.967,7.616,13.319,-0.897,1.373,-0.500,-73.200,51.900,22.800,36.0
15:53:25.567,249959,12.275,6.352,10.321,-0.821,3.414,-1.366,-66.600,51.000,29.550,36.0
15:53:25.620,250013,10.195,4.571,10.075,-0.707,4.382,-1.878,-66.600,51.000,29.550,36.1
15:53:25.675,250067,8.772,4.427,9.469,-0.517,4.844,-2.022,-32.700,51.300,46.050,36.4
15:53:25.728,250121,5.710,3.345,7.226,-0.090,5.255,-2.228,-32.700,51.300,46.050,36.0
15:53:25.782,250175,1.975,4.583,6.646,0.073,5.175,-2.407,11.100,49.800,45.600,35.9
15:53:25.836,250229,0.745,4.293,4.872,0.082,5.275,-2.473,11.100,49.800,45.600,36.0
15:53:25.891,250283,-1.812,1.803,4.104,0.616,4.974,-2.330,11.100,49.800,45.600,36.1
15:53:25.947,250337,-1.927,1.274,-2.919,-0.423,4.203,-2.272,11.100,49.800,45.600,36.1
15:53:26.003,250391,-8.799,-3.800,-7.693,0.066,1.424,-1.155,11.100,49.800,45.600,36.1
15:53:26.057,250445,-5.001,-5.059,-4.999,0.915,-3.234,2.060,69.000,25.200,-8.850,36.2
15:53:26.111,250499,-2.502,-0.654,-1.188,-0.130,-5.403,3.491,69.000,25.200,-8.850,36.4
15:53:26.164,250553,-2.660,0.814,5.940,-0.380,-5.981,3.453,53.400,44.550,21.000,36.2
15:53:26.219,250607,4.587,4.017,5.258,-0.876,-5.874,3.234,53.400,44.550,21.000,36.0
15:53:26.270,250661,7.357,6.613,6.768,0.484,-5.442,2.428,12.600,55.200,46.050,35.8
15:53:26.324,250715,9.416,6.414,10.901,0.339,-5.198,1.880,12.600,55.200,46.050,36.3
15:53:26.378,250769,12.172,8.210,12.198,0.053,-4.423,1.800,-33.600,58.950,43.200,36.3
15:53:26.432,250823,13.937,6.938,9.060,-0.187,-2.046,0.855,-33.600,58.950,43.200,36.2
15:53:26.489,250877,10.369,8.054,13.101,-0.115,0.783,-0.277,-62.700,51.600,30.450,36.0
15:53:26.543,250931,8.162,8.090,13.434,-0.826,1.931,-1.049,-62.700,51.600,30.450,36.0
15:53:26.597,250985,9.728,6.246,10.628,-0.534,3.538,-1.543,-59.250,51.000,31.050,36.0
15:53:26.651,251039,8.887,5.128,10.381,-0.423,4.167,-2.206,-59.250,51.000,31.050,36.3
15:53:26.701,251093,7.566,6.756,8.708,0.002,4.890,-2.244,-59.250,51.000,31.050,35.9
15:53:26.756,251147,3.900,4.561,8.351,0.524,5.000,-2.570,11.550,54.450,42.750,35.8
15:53:26.813,251201,0.807,5.073,6.354,0.699,4.826,-2.909,11.550,54.450,42.750,36.3
15:53:26.866,251255,-1.585,2.306,2.502,0.786,4.847,-2.908,50.100,48.900,24.300,36.0
15:53:26.921,251309,-3.144,1.195,0.103,-0.890,4.432,-2.754,50.100,48.900,24.300,36.3
15:53:26.975,251363,-9.201,-6.074,-7.357,-0.913,1.953,-1.670,67.950,33.000,-0.150,36.0
15:53:27.029,251417,-4.791,-5.466,-6.330,0.172,-2.469,1.432,67.950,33.000,-0.150,36.1
15:53:27.083,251471,-3.481,-1.820,-1.741,0.222,-4.896,3.464,69.300,30.450,-2.100,36.0
15:53:27.137,251525,-1.475,4.044,3.735,-0.578,-5.344,3.978,69.300,30.450,-2.100,36.2
15:53:27.191,251579,-0.175,0.170,4.310,-1.387,-5.494,3.403,48.900,50.400,26.100,36.0
15:53:27.245,251633,5.145,6.740,9.426,-0.241,-5.387,2.721,7.950,58.950,44.700,36.0
15:53:27.298,251687,9.536,7.420,11.246,-0.478,-4.521,1.796,7.950,58.950,44.700,36.0
15:53:27.353,251741,10.297,9.000,15.371,-0.106,-2.348,1.012,-31.950,57.150,44.550,36.0
15:53:27.407,251795,7.434,12.012,15.275,-0.253,-0.657,0.077,-31.950,57.150,44.550,36.3
15:53:27.461,251849,5.634,9.491,15.811,-0.300,1.372,-0.991,-31.950,57.150,44.550,36.0
15:53:27.515,251903,7.779,8.775,12.902,-0.033,2.873,-1.875,-31.950,57.150,44.550,36.1
15:53:27.569,251957,8.344,6.503,11.310,-0.067,4.126,-2.455,-19.050,58.500,45.750,36.2
15:53:27.622,252011,4.317,5.442,7.336,-0.058,4.493,-2.604,-19.050,58.500,45.750,36.5
15:53:27.677,252065,4.458,5.928,8.107,-0.201,5.047,-2.694,20.550,55.800,42.150,35.9
15:53:27.730,252119,1.255,4.204,3.948,-0.290,5.194,-2.721,20.550,55.800,42.150,36.0
15:53:27.784,252173,-0.055,3.129,3.026,-0.931,5.249,-2.771,55.800,43.950,19.350,36.2
15:53:27.839,252227,-7.831,-9.182,-6.934,-1.313,3.494,-2.236,68.850,28.200,-7.950,36.1
15:53:27.893,252281,-7.187,-9.093,-9.922,0.723,-1.112,0.686,68.850,28.200,-7.950,36.0
15:53:27.947,252335,-3.740,-3.261,-4.513,0.416,-4.739,3.562,68.550,32.400,-1.350,36.2
15:53:28.001,252389,-1.717,2.184,2.588,-0.774,-5.365,4.260,68.550,32.400,-1.350,36.0
15:53:28.054,252443,0.342,3.333,4.793,-0.676,-6.166,3.746,42.900,51.900,28.950,36.3
15:53:28.108,252497,7.638,8.528,5.380,0.156,-5.620,3.046,42.900,51.900,28.950,36.0
15:53:28.162,252551,7.762,10.580,18.553,0.419,-3.912,1.927,42.900,51.900,28.950,36.0
15:53:28.216,252605,6.788,10.676,16.067,0.543,-1.479,0.683,42.900,51.900,28.950,36.0
15:53:28.271,252659,4.882,11.935,17.547,-0.040,0.745,-0.374,42.900,51.900,28.950,36.1
15:53:28.323,252713,3.512,10.441,15.553,-0.171,2.670,-1.593,42.900,51.900,28.950,36.0
15:53:28.375,252767,7.111,9.390,13.410,-0.492,3.738,-2.284,-14.400,65.250,43.500,36.1
15:53:28.429,252821,9.373,8.157,9.335,-0.695,4.907,-2.651,-14.400,65.250,43.500,36.1
15:53:28.486,252875,5.969,5.468,7.769,-0.526,5.444,-2.733,22.500,57.000,37.800,36.0
15:53:28.541,252929,1.233,2.363,2.289,-0.973,5.785,-2.616,57.000,41.700,15.600,36.1
15:53:28.595,252983,-2.617,-0.285,-4.355,-0.503,5.228,-2.727,57.000,41.700,15.600,36.3
15:53:28.649,253037,-5.940,-7.240,-12.299,-0.288,1.810,-1.763,68.850,25.800,-14.250,35.7
15:53:28.703,253091,-3.625,-6.337,-7.815,1.479,-4.069,2.431,68.850,25.800,-14.250,36.1
15:53:28.759,253145,-1.779,-1.111,-3.160,0.655,-6.149,4.148,68.100,32.400,0.300,36.1
15:53:28.810,253199,0.177,0.654,2.526,-0.378,-7.298,4.109,68.100,32.400,0.300,35.9
15:53:28.864,253253,6.797,3.960,4.374,0.465,-7.628,3.913,31.350,55.350,38.100,36.0
15:53:28.918,253307,15.414,8.593,10.209,0.225,-6.871,3.223,31.350,55.350,38.100,36.0
15:53:28.972,253361,19.055,11.006,8.696,0.369,-4.299,1.735,31.350,55.350,38.100,36.2
15:53:29.027,253415,12.670,9.969,15.639,0.652,-0.983,0.737,31.350,55.350,38.100,36.0
15:53:29.077,253469,8.863,10.491,14.550,-0.238,0.871,-0.322,-58.500,60.300,32.100,35.9
15:53:29.131,253523,8.578,10.063,12.754,-0.320,2.678,-1.256,-49.650,60.000,36.000,36.2
15:53:29.187,253577,11.375,8.645,12.177,-0.610,3.827,-2.172,-49.650,60.000,36.000,36.3
15:53:29.243,253631,11.667,7.365,9.048,-0.781,4.878,-2.474,-15.000,61.950,43.650,36.2
15:53:29.297,253685,5.473,5.902,7.482,-0.100,5.523,-3.068,-15.000,61.950,43.650,36.0
15:53:29.351,253739,4.027,5.083,4.865,-0.098,5.870,-2.924,31.800,53.850,34.500,36.2
15:53:29.406,253793,2.497,1.848,2.978,-0.331,5.998,-3.086,31.800,53.850,34.500,36.2
15:53:29.459,253847,-2.406,-4.068,-7.918,-1.041,5.119,-2.836,63.300,39.300,6.450,36.3
15:53:29.513,253901,-5.753,-9.017,-12.823,-0.362,1.332,-1.531,63.300,39.300,6.450,36.3
15:53:29.567,253955,-3.970,-5.282,-7.616,1.250,-4.603,2.933,69.300,22.350,-13.500,36.0
15:53:29.621,254009,-2.954,-1.257,-4.872,0.436,-6.374,4.320,69.300,22.350,-13.500,35.9
15:53:29.674,254063,-0.079,2.413,2.377,0.256,-7.080,3.836,57.750,43.650,17.550,36.0
15:53:29.728,254117,10.546,5.420,1.889,0.524,-6.644,3.355,57.750,43.650,17.550,36.5
15:53:29.782,254171,11.940,7.717,12.558,0.878,-5.708,2.829,57.750,43.650,17.550,36.0
15:53:29.837,254225,15.833,7.896,5.495,0.136,-3.961,2.123,-41.700,63.000,40.500,36.3
15:53:29.891,254279,10.716,9.701,12.763,-0.347,-2.106,0.895,-41.700,63.000,40.500,36.0
15:53:29.944,254333,10.432,9.529,15.299,0.016,0.710,-0.102,-63.450,58.500,30.750,36.3
15:53:29.998,254387,7.736,9.759,14.787,0.144,2.499,-1.237,-63.450,58.500,30.750,36.0
15:53:30.053,254441,11.344,8.452,11.313,-0.286,3.881,-2.289,-45.900,61.200,37.800,36.0
15:53:30.107,254495,9.117,7.101,10.156,-0.674,4.711,-2.902,-45.900,61.200,37.800,36.0
15:53:30.161,254549,8.502,6.491,6.376,-0.816,5.314,-3.113,-3.300,61.050,44.100,36.0
15:53:30.214,254603,3.201,4.499,4.489,-0.683,5.822,-2.945,-3.300,61.050,44.100,36.2
15:53:30.269,254657,1.810,2.073,1.954,-0.750,5.706,-3.041,41.700,49.800,29.850,36.0
15:53:30.322,254711,-0.333,0.783,1.250,-1.983,4.991,-2.839,41.700,49.800,29.850,36.5
15:53:30.377,254765,-7.039,-7.934,-13.111,-1.145,3.483,-2.457,65.700,29.550,3.000,36.2
15:53:30.430,254819,-7.688,-9.414,-8.799,0.729,-2.698,1.201,65.700,29.550,3.000,36.3
15:53:30.484,254873,-3.962,-3.594,-6.134,1.951,-5.387,3.605,65.700,29.550,3.000,36.2
15:53:30.538,254927,-1.053,-2.806,3.546,0.268,-6.275,3.964,65.700,29.550,3.000,36.0
15:53:30.592,254981,3.433,3.203,4.870,0.357,-6.848,3.568,65.700,29.550,3.000,36.2
15:53:30.646,255035,13.800,8.396,5.284,2.132,-6.005,2.919,12.600,56.400,45.600,36.0
15:53:30.701,255089,16.577,12.175,12.222,1.330,-3.947,2.368,12.600,56.400,45.600,36.3
15:53:30.754,255143,10.611,13.149,15.634,-0.443,-1.687,0.960,-34.650,64.500,41.550,36.2
15:53:30.809,255197,6.235,11.315,16.633,-1.039,0.551,-0.452,-34.650,64.500,41.550,36.1
15:53:30.863,255251,5.370,10.324,14.681,-0.141,2.342,-1.192,-42.750,61.350,40.950,36.0
15:53:30.917,255305,6.615,9.948,14.190,0.021,3.419,-2.423,-42.750,61.350,40.950,36.2
15:53:30.971,255359,9.064,8.997,10.783,-0.982,4.443,-2.677,-14.250,61.650,43.200,36.1
15:53:31.025,255413,5.856,6.673,8.219,-0.926,5.144,-2.798,27.000,54.600,38.550,36.0
15:53:31.078,255467,2.263,3.010,5.222,-0.561,5.370,-3.016,27.000,54.600,38.550,36.3
15:53:31.133,255521,0.960,0.833,3.170,-1.019,5.267,-3.160,58.500,36.300,14.550,36.0
15:53:31.186,255575,0.335,-0.153,-2.100,-1.853,4.970,-2.294,58.500,36.300,14.550,36.3
15:53:31.241,255629,-8.308,-8.011,-15.371,-1.284,2.717,-1.703,58.500,36.300,14.550,36.2
15:53:31.294,255683,-6.800,-5.612,-7.848,1.511,-3.341,1.786,58.500,36.300,14.550,36.3
15:53:31.349,255737,-3.656,-0.522,-3.093,1.041,-5.389,3.678,58.500,36.300,14.550,36.1
15:53:31.402,255791,-1.844,1.046,3.206,-0.175,-6.798,3.154,58.500,36.300,14.550,36.2
15:53:31.456,255845,2.875,3.907,4.575,0.319,-6.548,3.016,46.650,43.500,29.700,36.3
15:53:31.510,255899,6.864,4.913,9.783,1.512,-5.834,2.314,46.650,43.500,29.700,35.9
15:53:31.564,255953,11.949,8.145,12.170,0.835,-4.578,1.956,-0.450,57.000,46.200,36.0
15:53:31.618,256007,12.038,9.716,11.332,-0.185,-2.546,1.137,-0.450,57.000,46.200,36.0
15:53:31.673,256061,6.330,9.311,18.921,-0.004,-0.078,0.186,-38.100,59.250,42.150,36.0
15:53:31.726,256115,5.782,9.979,14.344,0.667,1.670,-0.667,-39.750,58.350,39.750,36.1
15:53:31.781,256169,7.697,9.009,14.471,-0.024,3.202,-1.756,-39.750,58.350,39.750,36.3
15:53:31.834,256223,10.180,7.503,10.645,-0.584,4.215,-2.238,-11.100,59.100,43.800,36.1
15:53:31.888,256277,6.383,5.346,8.404,-0.538,4.988,-2.804,-11.100,59.100,43.800,36.0
15:53:31.942,256331,3.278,3.685,6.029,-0.285,5.585,-2.617,29.250,49.950,36.300,35.9
15:53:31.997,256385,-0.196,2.195,2.832,-0.426,5.676,-2.437,29.250,49.950,36.300,35.8
15:53:32.051,256439,-2.550,-0.029,0.031,-0.894,5.256,-2.709,29.250,49.950,36.300,36.5
15:53:32.105,256493,-9.052,-6.991,-15.105,-1.123,3.540,-2.206,29.250,49.950,36.300,36.3
15:53:32.158,256547,-6.539,-8.337,-10.147,1.029,-2.957,1.206,29.250,49.950,36.300,36.2
15:53:32.213,256601,-4.140,-2.169,-4.839,0.953,-5.416,3.054,29.250,49.950,36.300,36.2
15:53:32.266,256655,-2.540,0.108,2.473,0.029,-6.293,3.041,65.850,34.800,6.150,36.0
15:53:32.320,256709,3.534,3.840,3.642,0.748,-6.084,2.812,33.900,52.200,37.200,36.1
15:53:32.374,256763,6.895,6.531,10.089,0.633,-5.480,2.632,33.900,52.200,37.200,36.1
15:53:32.429,256817,10.491,7.269,11.404,1.019,-4.781,2.067,-12.450,62.700,44.400,35.8
15:53:32.482,256871,12.493,10.171,12.888,0.062,-3.025,1.148,-12.450,62.700,44.400,35.8
15:53:32.537,256925,8.296,10.051,17.880,-1.002,0.176,0.203,-42.900,60.450,39.600,36.0
15:53:32.591,256979,5.344,9.112,16.003,0.170,1.918,-0.894,-42.900,60.450,39.600,36.3
15:53:32.645,257033,8.157,10.630,12.641,0.762,3.716,-2.132,-30.900,59.100,42.750,36.1
15:53:32.698,257087,7.568,7.934,9.675,-0.138,4.468,-2.838,-30.900,59.100,42.750,36.0
15:53:32.752,257141,5.693,6.457,7.920,-0.921,5.003,-3.139,9.300,60.600,39.750,36.1
15:53:32.806,257195,3.960,4.322,5.583,-0.430,5.586,-2.865,9.300,60.600,39.750,36.3
15:53:32.860,257249,1.812,2.588,2.260,-0.412,5.724,-2.871,9.300,60.600,39.750,36.4
15:53:32.914,257303,-2.272,0.192,-3.998,-1.182,5.031,-2.638,9.300,60.600,39.750,36.0
15:53:32.968,257357,-7.894,-7.769,-13.417,-0.610,2.521,-1.911,9.300,60.600,39.750,36.0
15:53:33.022,257411,-6.486,-6.898,-7.647,0.877,-2.913,1.743,69.300,20.850,-17.550,36.1
15:53:33.076,257465,-4.080,-1.295,-2.847,0.230,-4.993,3.121,69.300,20.850,-17.550,36.2
15:53:33.130,257519,-2.081,-0.622,2.768,-0.029,-5.964,3.584,60.300,39.000,12.000,36.0
15:53:33.184,257573,3.919,2.679,-0.110,1.073,-6.245,3.634,60.300,39.000,12.000,36.1
15:53:33.238,257627,8.394,7.271,10.894,0.746,-6.061,3.426,23.850,57.900,39.750,36.1
15:53:33.292,257681,13.671,8.181,11.401,0.302,-5.419,2.734,23.850,57.900,39.750,36.4
15:53:33.347,257735,12.419,9.450,9.957,0.205,-3.942,2.000,-28.200,64.050,42.300,36.1
15:53:33.401,257789,9.579,12.076,17.602,0.078,-0.907,0.496,-28.200,64.050,42.300,35.9
15:53:33.455,257843,7.166,13.736,17.265,-0.139,1.194,-0.711,-54.450,59.250,34.050,35.8
15:53:33.508,257897,7.250,12.057,15.579,-0.111,2.995,-2.123,-54.450,59.250,34.050,36.3
15:53:33.563,257951,10.470,9.469,11.899,-0.711,4.500,-3.035,-54.450,59.250,34.050,36.0
15:53:33.617,258005,10.537,6.371,7.252,-0.523,5.194,-3.492,-54.450,59.250,34.050,36.1
15:53:33.670,258059,6.852,5.473,5.409,-0.422,5.640,-3.361,-54.450,59.250,34.050,36.3
15:53:33.724,258113,1.978,1.697,2.863,-0.869,5.447,-3.376,49.050,46.650,24.750,36.2
15:53:33.779,258167,0.402,0.555,2.921,-1.268,5.020,-3.014,49.050,46.650,24.750,36.0
15:53:33.832,258221,-4.178,-4.377,-6.337,-0.746,4.373,-2.372,67.350,28.200,-6.900,36.1
15:53:33.887,258275,-9.325,-9.182,-13.180,0.412,0.883,-0.708,67.350,28.200,-6.900,36.0
15:53:33.941,258329,-5.720,-5.897,-6.850,1.364,-3.703,2.574,70.500,17.550,-18.450,36.0
15:53:33.995,258383,-3.302,-1.891,0.843,-0.209,-5.355,3.997,70.500,17.550,-18.450,36.4
15:53:34.048,258437,-0.828,1.123,1.803,-0.146,-6.459,3.898,62.550,37.800,9.450,36.3
15:53:34.102,258491,4.657,3.795,3.709,0.213,-6.511,3.852,62.550,37.800,9.450,36.0
15:53:34.156,258545,12.043,6.079,4.547,0.783,-5.844,3.317,23.100,55.950,40.500,36.0
15:53:34.208,258599,13.906,7.276,12.883,0.930,-5.020,2.675,23.100,55.950,40.500,36.2
15:53:34.262,258653,12.663,10.693,11.428,0.636,-2.945,1.670,23.100,55.950,40.500,36.1
15:53:34.316,258707,8.595,13.099,15.895,0.409,-1.460,0.349,23.100,55.950,40.500,36.0
15:53:34.370,258761,9.498,12.414,15.505,-0.553,1.352,-0.885,23.100,55.950,40.500,36.0
15:53:34.424,258815,9.852,9.855,11.684,-0.452,3.442,-1.850,-51.600,59.700,33.750,36.2
15:53:34.481,258869,12.028,7.913,8.317,-0.213,5.195,-2.758,-51.600,59.700,33.750,36.0
15:53:34.534,258923,9.957,5.248,8.765,-0.053,5.500,-3.590,-8.250,63.150,41.100,36.0
15:53:34.588,258977,6.855,4.652,4.580,-0.204,6.005,-3.676,-8.250,63.150,41.100,35.9
15:53:34.642,259031,2.090,0.950,2.885,-0.423,5.963,-3.518,40.050,53.100,26.400,36.0
15:53:34.696,259085,-0.323,0.436,2.023,-0.759,5.846,-3.220,40.050,53.100,26.400,36.0
15:53:34.751,259139,-4.444,-5.112,-10.532,-0.942,4.843,-3.119,67.200,36.450,-1.950,36.3
15:53:34.804,259193,-6.227,-9.225,-13.151,0.224,-0.705,0.213,67.200,36.450,-1.950,35.9
15:53:34.855,259247,-3.359,-5.959,-7.046,1.134,-4.813,3.722,67.350,17.700,-24.750,35.5
15:53:34.910,259301,-0.881,-0.867,0.201,-0.436,-6.217,4.424,67.350,17.700,-24.750,36.0
15:53:34.966,259355,1.377,3.093,0.548,-0.025,-6.983,4.227,67.350,17.700,-24.750,36.0
15:53:35.021,259409,9.565,9.443,11.990,0.859,-6.336,3.591,67.350,17.700,-24.750,36.2
15:53:35.074,259463,12.096,9.986,12.967,-0.094,-5.338,3.007,67.350,17.700,-24.750,36.1
15:53:35.129,259517,10.221,7.805,11.787,0.204,-4.027,2.272,-24.300,63.900,41.850,36.3
15:53:35.183,259571,8.198,12.055,15.713,0.687,-2.057,1.252,-24.300,63.900,41.850,36.1
15:53:35.237,259625,6.958,13.589,17.083,-0.137,-0.219,-0.027,-51.000,60.600,34.650,36.1
15:53:35.291,259679,9.357,11.823,15.347,-1.003,2.250,-1.736,-51.000,60.600,34.650,36.0
15:53:35.345,259733,10.724,9.136,13.822,-0.528,3.953,-2.470,-41.100,59.700,37.050,35.9
15:53:35.398,259787,11.392,7.757,8.444,1.086,5.280,-3.629,-41.100,59.700,37.050,36.1
15:53:35.452,259841,8.140,6.783,6.304,0.874,5.509,-4.167,-0.450,63.150,39.600,36.1
15:53:35.506,259895,5.444,3.699,3.924,-0.887,5.271,-3.800,45.750,55.950,21.150,35.9
15:53:35.560,259949,-0.371,-0.740,2.859,-1.699,5.207,-3.240,45.750,55.950,21.150,36.0
15:53:35.615,260003,-5.667,-4.192,-6.072,-1.128,4.669,-2.639,68.550,33.900,-4.650,36.0
15:53:35.669,260057,-7.518,-6.574,-11.413,-0.818,1.080,-0.716,68.550,33.900,-4.650,36.0
15:53:35.722,260111,-6.088,-4.439,-7.772,0.288,-3.045,1.983,68.550,33.900,-4.650,36.1
15:53:35.777,260165,-2.947,-1.475,-1.348,0.159,-5.201,2.973,68.550,33.900,-4.650,35.8
15:53:35.831,260219,-1.496,1.073,4.147,-0.235,-5.981,3.617,68.550,33.900,-4.650,36.0
15:53:35.884,260273,2.859,3.663,9.840,0.113,-6.374,3.512,68.550,33.900,-4.650,36.3
15:53:35.938,260327,8.317,6.335,9.019,0.516,-6.034,3.269,22.800,58.500,39.300,36.0
15:53:35.992,260381,13.154,8.495,12.057,0.316,-5.381,2.751,22.800,58.500,39.300,36.0
15:53:36.046,260435,12.608,6.862,10.015,0.424,-3.496,1.885,-29.850,63.900,41.400,36.2
15:53:36.100,260489,10.743,10.582,12.926,0.100,-1.805,1.036,-29.850,63.900,41.400,36.3
15:53:36.154,260543,8.935,12.919,14.487,-0.105,0.932,-0.485,-58.500,58.350,29.250,36.3
15:53:36.208,260597,9.342,11.526,13.664,-0.420,2.592,-1.662,-54.150,61.200,31.950,36.2
15:53:36.263,260651,10.633,8.875,10.276,-0.941,4.096,-2.953,-54.150,61.200,31.950,36.0
15:53:36.317,260705,9.505,7.503,7.252,-0.947,4.963,-3.274,-16.350,62.250,43.500,36.0
15:53:36.371,260759,5.059,4.156,7.336,-0.570,5.318,-3.183,-16.350,62.250,43.500,36.2
15:53:36.424,260813,3.237,3.393,5.104,-0.420,5.391,-3.129,31.350,53.550,34.050,36.0
15:53:36.478,260867,0.342,1.008,3.713,-0.521,5.474,-2.736,31.350,53.550,34.050,36.0
15:53:36.532,260921,-1.822,0.172,-0.194,-1.114,4.894,-2.722,31.350,53.550,34.050,36.0
15:53:36.585,260975,-5.811,-4.681,-9.297,-0.507,3.764,-2.211,31.350,53.550,34.050,36.0
15:53:36.641,261029,-9.282,-8.440,-10.671,0.733,-1.495,0.925,31.350,53.550,34.050,36.2
15:53:36.694,261083,-5.887,-3.711,-5.399,0.882,-4.257,2.808,31.350,53.550,34.050,36.1
15:53:36.748,261137,-3.287,0.412,2.861,-0.661,-5.299,3.078,69.000,27.600,-4.500,35.9
15:53:36.802,261191,0.855,1.367,2.761,-0.338,-5.925,2.938,48.300,47.550,27.000,35.9
15:53:36.856,261245,4.602,2.009,7.149,0.118,-5.964,2.832,48.300,47.550,27.000,36.0
15:53:36.910,261299,8.588,6.953,10.688,0.902,-6.029,2.759,3.900,56.550,45.750,36.0
15:53:36.964,261353,13.855,6.929,10.008,1.418,-4.938,2.578,3.900,56.550,45.750,36.3
15:53:37.017,261407,11.454,9.761,9.819,0.406,-3.123,1.560,-40.950,59.850,38.250,36.3
15:53:37.071,261461,8.710,12.127,17.418,-0.191,-0.819,0.632,-40.950,59.850,38.250,36.0
15:53:37.122,261515,8.092,12.000,13.824,-0.768,1.518,-0.859,-58.800,55.650,31.350,36.0
15:53:37.177,261569,10.250,8.741,12.239,-0.679,3.182,-1.746,-58.800,55.650,31.350,36.1
15:53:37.231,261623,11.308,6.467,9.622,-0.364,4.720,-2.636,-39.000,55.950,40.950,36.0
15:53:37.288,261677,8.746,5.555,8.842,-0.269,5.297,-3.154,-39.000,55.950,40.950,35.8
15:53:37.342,261731,5.521,4.082,5.669,-0.626,5.470,-2.844,-39.000,55.950,40.950,36.5
15:53:37.397,261785,2.215,1.669,6.527,-0.719,5.575,-2.720,46.650,43.800,26.100,36.0
15:53:37.451,261839,-0.235,0.350,0.711,-0.647,5.591,-2.275,46.650,43.800,26.100,36.0
15:53:37.505,261893,-4.271,0.019,-2.413,-1.039,4.846,-2.422,69.300,27.450,-2.550,36.0
15:53:37.558,261947,-7.709,-7.649,-13.628,-0.373,2.281,-1.417,69.300,27.450,-2.550,36.1
15:53:37.609,262001,-6.302,-5.792,-8.435,1.342,-4.097,2.531,69.300,18.450,-16.800,36.1
15:53:37.663,262055,-2.830,-0.658,-1.602,0.574,-5.812,3.519,69.300,18.450,-16.800,36.2
15:53:37.719,262109,2.081,1.628,2.938,-0.150,-6.918,3.412,58.800,38.550,16.050,35.5
15:53:37.774,262163,7.080,7.317,10.707,-0.396,-6.700,3.206,58.800,38.550,16.050,36.0
15:53:37.828,262217,12.783,4.671,5.648,1.001,-5.596,2.450,14.850,52.950,44.100,36.0
15:53:37.879,262271,9.929,7.096,13.499,1.016,-4.256,2.063,14.850,52.950,44.100,36.1
15:53:37.934,262325,9.222,9.957,13.692,0.188,-2.942,1.467,-29.850,57.750,43.650,36.1
15:53:37.990,262379,8.871,12.045,15.433,-0.328,-0.802,0.428,-29.850,57.750,43.650,36.0
15:53:38.045,262433,8.152,8.751,15.893,-0.520,1.379,-0.756,-29.850,57.750,43.650,36.0
15:53:38.098,262487,10.075,8.356,11.732,-0.330,3.507,-1.562,-29.850,57.750,43.650,36.3
15:53:38.152,262541,9.512,6.694,9.802,0.192,4.860,-2.607,-29.850,57.750,43.650,36.0
15:53:38.206,262595,8.021,5.282,9.479,-0.118,5.488,-2.908,1.800,56.400,44.100,36.0
15:53:38.260,262649,3.824,4.489,7.853,-0.327,5.529,-3.027,1.800,56.400,44.100,36.0
15:53:38.314,262703,0.318,2.559,3.929,-0.494,5.877,-2.762,45.900,45.300,27.600,36.1
15:53:38.368,262757,-1.745,0.017,0.953,-1.184,5.711,-2.281,45.900,45.300,27.600,36.0
15:53:38.423,262811,-6.821,-3.168,-8.598,-0.005,4.837,-2.312,68.250,29.550,-4.200,36.0
15:53:38.477,262865,-7.257,-5.114,-11.509,0.289,0.456,-0.611,68.250,29.550,-4.200,36.2
15:53:38.531,262919,-6.931,-4.951,-6.280,0.686,-3.687,1.782,69.450,19.500,-21.300,36.1
15:53:38.585,262973,-3.510,-1.204,-3.237,0.550,-5.284,2.780,69.450,19.500,-21.300,36.0
15:53:38.638,263027,-0.704,0.917,2.471,0.662,-6.197,3.069,65.850,33.150,4.650,36.0
15:53:38.692,263081,3.093,4.915,5.057,0.769,-6.341,3.385,35.100,51.900,35.550,36.0
15:53:38.747,263135,7.647,6.093,10.695,0.444,-5.705,2.868,35.100,51.900,35.550,36.0
15:53:38.800,263189,10.807,7.769,14.557,-0.207,-5.183,2.512,35.100,51.900,35.550,36.0
15:53:38.854,263243,11.784,9.802,11.478,-0.206,-3.002,1.427,35.100,51.900,35.550,35.5
15:53:38.908,263297,6.191,10.681,17.887,0.062,-0.841,0.296,35.100,51.900,35.550,36.0
15:53:38.963,263351,5.669,11.940,16.812,-0.062,1.275,-0.780,35.100,51.900,35.550,36.3
15:53:39.016,263405,7.961,9.577,14.066,-0.325,3.170,-1.807,-40.950,58.350,39.450,35.9
15:53:39.071,263459,9.345,6.493,11.092,-0.090,4.420,-2.243,-40.950,58.350,39.450,36.2
15:53:39.124,263513,8.938,5.835,8.478,-0.025,4.792,-2.949,-5.700,59.250,43.950,36.0
15:53:39.178,263567,4.492,5.193,6.699,-0.090,5.125,-2.952,-5.700,59.250,43.950,36.0
15:53:39.232,263621,0.941,3.713,4.764,-0.112,4.852,-2.956,35.400,53.700,32.400,36.3
15:53:39.283,263675,-1.307,2.097,2.476,-0.767,4.953,-2.472,35.400,53.700,32.400,36.2
15:53:39.341,263729,-4.140,0.618,-1.872,-1.142,4.315,-2.209,63.150,37.200,8.850,36.3
15:53:39.395,263783,-9.342,-6.282,-11.449,-0.748,2.161,-1.588,71.850,21.900,-17.100,36.0
15:53:39.449,263837,-7.520,-7.041,-8.894,1.020,-1.930,1.222,71.850,21.900,-17.100,36.0
15:53:39.502,263891,-4.077,-3.268,-3.405,0.534,-4.977,2.922,70.050,25.050,-9.750,36.0
15:53:39.556,263945,-1.348,0.160,3.266,-0.643,-5.828,3.503,70.050,25.050,-9.750,36.0
15:53:39.610,263999,3.033,2.006,2.643,-0.086,-6.587,3.560,70.050,25.050,-9.750,36.0
15:53:39.664,264053,10.010,5.878,7.736,0.686,-6.354,3.399,70.050,25.050,-9.750,36.0
15:53:39.718,264107,14.494,7.599,8.557,0.909,-5.559,2.805,2.850,59.100,43.800,36.3
15:53:39.772,264161,11.839,6.136,10.444,1.161,-4.783,2.601,2.850,59.100,43.800,36.3
15:53:39.826,264215,13.065,8.521,8.578,1.345,-4.247,2.634,-45.450,61.800,35.700,36.0
15:53:39.881,264269,12.373,11.001,9.148,0.560,-1.632,1.008,-45.450,61.800,35.700,36.0
15:53:39.935,264323,10.896,12.297,14.116,-1.083,0.416,-0.288,-74.100,56.400,16.350,36.0
15:53:39.989,264377,11.722,10.336,10.788,-1.318,2.701,-1.371,-71.100,55.200,21.450,36.1
15:53:40.042,264431,11.507,7.913,9.009,-1.047,3.942,-2.356,-71.100,55.200,21.450,36.1
15:53:40.097,264485,9.895,7.111,9.354,-0.895,4.603,-2.689,-38.100,55.050,39.300,36.0
15:53:40.150,264539,9.414,5.540,8.861,-1.023,5.080,-2.925,-38.100,55.050,39.300,35.6
15:53:40.204,264593,6.761,4.233,7.712,-0.445,5.632,-3.060,9.000,52.350,42.150,35.9
15:53:40.258,264647,4.281,2.614,4.429,-0.176,5.839,-2.939,9.000,52.350,42.150,36.0
15:53:40.312,264701,1.568,2.449,2.478,-0.710,5.523,-3.002,9.000,52.350,42.150,36.0
15:53:40.366,264755,-0.500,-0.826,-0.572,-2.085,5.316,-2.151,9.000,52.350,42.150,36.1
15:53:40.421,264809,-7.602,-6.325,-11.408,-1.289,3.860,-1.563,9.000,52.350,42.150,36.0
15:53:40.474,264863,-8.686,-7.683,-12.627,1.924,-1.902,0.792,9.000,52.350,42.150,36.0
15:53:40.529,264917,-4.748,-3.215,-4.769,1.191,-4.509,2.941,68.250,17.550,-17.250,36.0
15:53:40.582,264971,-1.592,-0.043,0.563,-0.256,-5.933,3.572,61.800,36.300,11.250,35.5
15:53:40.637,265025,2.562,1.305,2.567,0.242,-6.838,3.711,61.800,36.300,11.250,36.0
15:53:40.690,265079,6.354,3.474,8.303,-0.096,-6.743,3.466,21.000,53.850,41.850,35.9
15:53:40.744,265133,11.435,7.877,10.870,1.263,-6.035,2.837,21.000,53.850,41.850,36.3
15:53:40.798,265187,18.208,11.897,11.447,1.156,-3.668,1.876,-31.950,63.750,39.750,36.0
15:53:40.852,265241,6.627,10.262,17.049,-0.583,-0.934,0.920,-31.950,63.750,39.750,36.0
15:53:40.906,265295,4.082,11.674,14.708,-0.385,-0.343,-0.279,-52.050,58.350,36.150,36.1
15:53:40.961,265349,7.922,11.181,14.243,-0.378,1.650,-1.180,-52.050,58.350,36.150,36.1
15:53:41.014,265403,10.513,7.602,11.004,-0.680,3.071,-2.037,-52.050,58.350,36.150,36.2
15:53:41.069,265457,11.904,7.824,9.627,-0.600,4.489,-2.584,-52.050,58.350,36.150,36.0
15:53:41.122,265511,9.503,6.237,6.548,-0.186,5.126,-3.087,-52.050,58.350,36.150,36.0
15:53:41.177,265565,4.532,4.410,6.002,-0.225,5.197,-3.129,-52.050,58.350,36.150,36.0
15:53:41.230,265619,0.972,2.162,1.554,-1.066,5.187,-2.427,36.000,51.000,32.100,36.1
15:53:41.284,265673,-2.466,1.207,2.916,-0.796,4.824,-2.204,63.450,36.150,7.800,36.0
15:53:41.338,265727,-5.528,-1.161,-0.864,-1.431,4.047,-2.137,63.450,36.150,7.800,36.3
15:53:41.393,265781,-9.376,-6.735,-15.469,-1.334,3.471,-2.284,69.750,21.000,-17.700,36.0
15:53:41.447,265835,-8.976,-8.188,-10.807,1.345,-2.134,1.201,69.750,21.000,-17.700,36.2
15:53:41.501,265889,-3.596,-2.181,-3.864,1.530,-5.458,3.452,68.250,21.000,-11.400,35.6
15:53:41.554,265943,0.833,2.749,0.333,0.077,-6.499,3.760,68.250,21.000,-11.400,35.8
15:53:41.608,265997,5.425,5.861,5.078,1.300,-6.327,3.255,51.750,43.650,22.200,36.0
15:53:41.662,266051,6.493,4.666,8.200,0.088,-5.953,3.352,51.750,43.650,22.200,36.3
15:53:41.716,266105,10.068,8.760,9.510,0.742,-5.692,2.945,51.750,43.650,22.200,36.0
15:53:41.770,266159,13.827,10.295,11.971,0.669,-3.836,1.810,51.750,43.650,22.200,36.3
15:53:41.825,266213,8.660,11.195,15.443,-0.116,-1.355,0.915,51.750,43.650,22.200,36.1
15:53:41.878,266267,7.740,10.961,17.351,-0.589,0.531,-0.563,-52.350,60.450,34.050,36.0
15:53:41.932,266321,8.461,9.249,14.794,-0.688,2.835,-1.130,-52.350,60.450,34.050,36.1
15:53:41.982,266375,8.655,7.077,10.080,0.128,3.984,-1.958,-28.200,59.550,42.300,36.0
15:53:42.036,266429,8.763,6.759,9.888,0.179,4.683,-2.492,-28.200,59.550,42.300,35.8
15:53:42.091,266483,6.390,6.158,7.262,-0.662,5.079,-2.877,11.850,59.550,39.000,36.0
15:53:42.148,266537,2.277,3.862,5.739,-0.805,5.284,-2.659,11.850,59.550,39.000,36.2
15:53:42.203,266591,-0.493,2.119,2.971,-0.930,5.106,-2.548,51.000,45.600,23.400,36.0
15:53:42.256,266645,-2.354,1.235,-2.670,-0.769,5.141,-1.946,51.000,45.600,23.400,36.1
15:53:42.310,266699,-7.523,-2.471,-4.743,-0.758,3.675,-1.726,67.350,28.950,-5.400,36.1
15:53:42.365,266753,-9.572,-7.515,-13.800,0.150,-0.298,0.154,67.350,28.950,-5.400,36.0
15:53:42.419,266807,-6.668,-4.870,-6.874,1.090,-3.752,2.144,69.450,22.950,-22.050,36.3
15:53:42.472,266861,-2.394,-0.522,-2.497,0.466,-5.598,2.980,69.450,22.950,-22.050,35.8
15:53:42.526,266915,0.002,1.159,3.536,0.329,-6.340,3.118,69.450,22.950,-22.050,36.1
15:53:42.580,266969,3.388,3.349,9.984,0.428,-6.288,3.160,31.650,54.000,35.400,36.0
15:53:42.635,267023,10.046,2.713,4.906,0.605,-5.884,3.187,31.650,54.000,35.400,36.1
15:53:42.688,267077,14.083,7.848,11.495,1.203,-5.097,2.584,-18.900,63.000,40.950,36.0
15:53:42.743,267131,14.545,9.036,9.847,0.456,-2.803,1.701,-18.900,63.000,40.950,36.1
15:53:42.796,267185,7.415,10.089,14.248,0.235,-1.348,0.998,-53.700,62.400,30.450,36.0
15:53:42.851,267239,8.159,12.019,15.349,-0.122,0.130,-0.193,-53.700,62.400,30.450,36.0
15:53:42.904,267293,9.232,10.587,13.312,-0.563,1.901,-1.114,-59.700,60.000,27.900,36.0
15:53:42.959,267347,10.465,9.740,12.768,-0.598,3.519,-2.560,-59.700,60.000,27.900,36.0
15:53:43.009,267401,11.746,8.207,7.348,-0.746,4.499,-3.194,-36.000,62.550,36.900,35.6
15:53:43.062,267455,8.739,6.065,8.078,-0.849,5.319,-3.345,-36.000,62.550,36.900,36.1
15:53:43.117,267509,5.286,4.156,4.779,-0.454,5.426,-3.302,10.500,59.250,39.900,36.1
15:53:43.171,267563,1.662,1.913,4.068,-0.453,5.267,-3.093,10.500,59.250,39.900,36.0
15:53:43.227,267617,-0.781,0.048,1.659,-1.564,5.154,-2.535,10.500,59.250,39.900,36.0
15:53:43.282,267671,-4.022,-1.705,-6.091,-0.936,4.669,-1.935,10.500,59.250,39.900,36.0
15:53:43.337,267725,-9.050,-6.294,-12.495,-0.246,1.385,-1.057,10.500,59.250,39.900,36.0
15:53:43.391,267779,-8.626,-5.195,-8.952,1.104,-2.228,1.282,68.100,19.650,-19.650,36.0
15:53:43.444,267833,-4.334,-1.492,-3.522,1.000,-4.669,2.818,68.100,19.650,-19.650,35.5
15:53:43.498,267887,-2.093,1.856,2.780,0.048,-5.916,3.027,64.350,33.900,4.350,35.9
15:53:43.552,267941,2.430,5.157,3.321,-0.391,-6.277,3.177,64.350,33.900,4.350,36.0
15:53:43.606,267995,5.866,3.773,7.563,1.124,-5.817,2.828,35.100,49.200,34.500,36.0
15:53:43.660,268049,10.221,4.168,7.743,0.832,-6.009,2.591,35.100,49.200,34.500,36.0
15:53:43.714,268103,14.281,7.587,7.412,1.041,-4.626,2.558,-14.400,59.550,43.050,36.1
15:53:43.768,268157,13.798,7.135,10.209,0.731,-3.730,2.158,-14.400,59.550,43.050,36.0
15:53:43.822,268211,9.723,7.942,10.405,0.594,-1.822,1.301,-55.200,60.000,30.750,36.0
15:53:43.876,268265,8.061,10.628,15.689,0.245,-0.543,0.403,-55.200,60.000,30.750,36.3
15:53:43.930,268319,11.341,10.305,11.763,-0.128,1.613,-0.847,-55.200,60.000,30.750,35.6
15:53:43.984,268373,11.612,8.531,10.546,-0.790,3.317,-1.935,-55.200,60.000,30.750,36.1
15:53:44.038,268427,12.218,6.598,8.341,-1.280,4.242,-2.467,-55.200,60.000,30.750,36.0
15:53:44.092,268481,9.625,5.760,6.175,-0.973,5.174,-2.628,-28.500,58.500,41.400,36.1
15:53:44.147,268535,6.041,4.099,6.139,-0.520,5.253,-2.742,-28.500,58.500,41.400,36.0
15:53:44.200,268589,3.840,4.762,5.940,-0.292,5.166,-2.651,17.250,52.650,40.350,36.0
15:53:44.255,268643,0.919,2.993,4.803,-0.449,5.120,-2.548,17.250,52.650,40.350,36.0
15:53:44.308,268697,-1.480,0.084,2.014,-0.863,4.740,-1.974,53.400,40.350,20.550,36.1
15:53:44.363,268751,-4.764,-0.725,0.666,-0.668,4.396,-1.998,53.400,40.350,20.550,35.8
15:53:44.416,268805,-10.357,-5.629,-11.358,-0.682,2.290,-1.563,67.950,27.150,-5.550,36.0
15:53:44.470,268859,-6.713,-6.036,-8.638,0.912,-3.026,1.564,68.700,20.250,-14.700,36.2
15:53:44.524,268913,-3.974,-1.439,-2.782,0.941,-5.225,2.892,68.700,20.250,-14.700,36.0
15:53:44.579,268967,-2.559,2.207,3.239,-0.587,-6.483,3.197,58.650,39.150,16.500,36.0
15:53:44.632,269021,4.417,4.458,3.587,-0.019,-6.359,2.659,58.650,39.150,16.500,36.1
15:53:44.686,269075,7.815,4.037,8.054,0.620,-5.757,2.075,58.650,39.150,16.500,36.1
15:53:44.740,269129,8.691,5.157,9.747,0.770,-5.246,1.979,58.650,39.150,16.500,36.0
15:53:44.795,269183,11.370,6.730,10.013,0.484,-5.177,1.802,-23.850,56.400,42.750,35.9
15:53:44.848,269237,12.620,7.468,11.107,0.742,-2.507,1.320,-23.850,56.400,42.750,35.9
15:53:44.903,269291,10.060,10.250,16.791,-0.458,-0.332,-0.049,-58.050,53.250,28.800,36.0
15:53:44.956,269345,7.762,10.087,15.802,-1.440,1.796,-0.852,-58.050,53.250,28.800,36.0
15:53:45.011,269399,9.991,7.092,11.080,-0.871,3.141,-1.517,-58.800,50.550,31.800,36.0
15:53:45.064,269453,10.333,5.880,9.594,-0.386,4.533,-1.918,-28.800,51.900,44.400,36.0
15:53:45.118,269507,6.855,4.302,9.524,0.039,4.863,-2.286,-28.800,51.900,44.400,36.1
15:53:45.172,269561,4.978,5.356,7.245,-0.448,4.831,-2.500,12.750,49.950,41.100,36.0
15:53:45.226,269615,3.469,4.240,6.402,-0.866,4.961,-2.302,12.750,49.950,41.100,36.0
15:53:45.280,269669,-0.271,0.819,3.673,-1.234,4.659,-2.362,46.200,37.800,25.500,36.3
15:53:45.334,269723,-3.194,0.551,1.887,-1.375,4.461,-1.967,46.200,37.800,25.500,35.8
15:53:45.389,269777,-5.009,-1.144,-2.212,-1.631,3.812,-1.862,46.200,37.800,25.500,35.8
15:53:45.442,269831,-9.986,-6.167,-11.368,-0.131,1.217,-0.982,46.200,37.800,25.500,36.2
15:53:45.496,269885,-6.658,-6.060,-8.744,1.884,-3.152,1.962,66.450,12.150,-17.700,36.0
15:53:45.551,269939,-3.352,-1.324,-3.522,0.738,-5.629,3.824,66.450,12.150,-17.700,36.0
15:53:45.604,269993,-1.269,-0.299,3.010,1.386,-6.191,3.293,62.100,30.450,10.950,36.1
15:53:45.658,270047,4.085,4.159,6.433,0.268,-5.995,3.348,62.100,30.450,10.950,36.0
15:53:45.712,270101,6.084,7.599,8.612,1.115,-5.371,2.862,28.050,51.150,39.300,36.0
15:53:45.767,270155,9.493,7.130,8.780,1.427,-5.453,2.516,-18.900,61.800,43.050,36.1
15:53:45.820,270209,13.829,8.533,4.803,1.353,-4.274,2.516,-18.900,61.800,43.050,35.7
15:53:45.874,270263,14.940,8.358,10.889,0.918,-1.950,0.946,-56.250,63.300,26.250,35.9
15:53:45.928,270317,9.498,11.224,13.824,-0.487,0.537,-0.044,-56.250,63.300,26.250,36.3
15:53:45.982,270371,10.494,9.328,10.894,-0.828,1.698,-1.005,-56.250,63.300,26.250,35.9
15:53:46.036,270425,9.888,7.717,9.732,-0.835,3.394,-1.753,-56.250,63.300,26.250,36.0
15:53:46.091,270479,9.378,6.910,8.835,-1.042,4.250,-2.459,-56.250,63.300,26.250,36.0
15:53:46.144,270533,7.468,6.584,7.973,-1.468,4.719,-2.499,-56.250,63.300,26.250,36.3
15:53:46.198,270587,4.951,4.640,7.319,-0.856,5.139,-2.355,3.600,55.950,41.250,36.1
15:53:46.252,270641,2.339,4.022,4.779,-0.760,5.330,-2.083,3.600,55.950,41.250,36.1
15:53:46.306,270695,-1.985,2.071,2.909,-0.574,4.853,-2.412,41.700,42.900,30.300,36.0
15:53:46.360,270749,-2.658,1.058,2.856,-0.938,4.750,-1.922,65.400,30.600,5.550,35.9
15:53:46.414,270803,-5.045,-0.965,-7.520,-0.761,3.653,-1.473,65.400,30.600,5.550,36.0
15:53:46.469,270857,-7.690,-7.717,-11.416,0.609,0.135,-0.790,68.100,18.450,-16.350,36.3
15:53:46.522,270911,-6.723,-5.729,-4.946,1.419,-3.821,1.924,68.100,18.450,-16.350,36.0
15:53:46.576,270965,-3.484,-0.728,-3.797,0.105,-5.838,3.576,65.400,28.800,-0.150,36.1
15:53:46.630,271019,-0.225,1.140,2.919,0.455,-6.688,3.376,65.400,28.800,-0.150,36.3
15:53:46.684,271073,6.294,3.589,8.382,-0.253,-6.381,3.147,65.400,28.800,-0.150,36.3
15:53:46.738,271127,8.274,5.066,7.051,0.216,-5.759,2.507,65.400,28.800,-0.150,36.0
15:53:46.792,271181,12.124,6.953,10.949,0.566,-5.295,2.344,65.400,28.800,-0.150,36.0
15:53:46.846,271235,14.020,12.007,12.435,0.475,-2.939,1.403,65.400,28.800,-0.150,36.0
15:53:46.900,271289,11.849,9.948,16.151,0.278,-0.218,0.021,-52.800,54.450,36.900,36.0
15:53:46.954,271343,6.826,9.809,16.565,0.042,1.553,-0.820,-54.150,57.300,35.250,36.0
15:53:47.008,271397,8.188,8.466,12.823,-0.590,2.807,-1.793,-54.150,57.300,35.250,36.0
15:53:47.062,271451,10.944,7.075,10.695,-1.201,4.270,-2.231,-27.450,58.350,43.800,36.0
15:53:47.116,271505,7.846,5.217,8.959,-0.958,4.861,-2.269,-27.450,58.350,43.800,36.0
15:53:47.170,271559,2.837,4.911,6.699,-0.553,5.106,-2.430,15.450,51.600,42.900,36.0
15:53:47.224,271613,0.177,3.833,5.308,-0.479,4.838,-2.368,15.450,51.600,42.900,36.0
15:53:47.278,271667,0.745,2.076,4.525,-1.292,4.982,-1.951,51.000,38.550,24.000,35.8
15:53:47.332,271721,-1.185,0.201,0.249,-1.264,4.470,-1.645,51.000,38.550,24.000,36.0
15:53:47.386,271775,-2.550,0.443,-0.939,-1.346,3.679,-1.614,51.000,38.550,24.000,36.2
15:53:47.440,271829,-10.274,-5.610,-14.456,0.476,0.202,-0.641,51.000,38.550,24.000,36.0
15:53:47.494,271883,-7.803,-6.433,-6.515,2.328,-4.117,2.279,51.000,38.550,24.000,36.0
15:53:47.549,271937,-3.280,-0.362,-3.440,0.333,-5.974,3.869,51.000,38.550,24.000,36.1
15:53:47.602,271991,0.239,-0.761,4.822,0.938,-6.573,3.597,61.650,34.200,8.100,36.0
15:53:47.656,272045,7.230,5.447,5.227,1.545,-5.941,3.765,23.850,57.150,39.000,36.0
15:53:47.710,272099,10.982,9.007,14.246,1.284,-5.050,2.942,23.850,57.150,39.000,35.9
15:53:47.764,272153,12.385,9.158,11.791,0.121,-3.657,2.394,-23.850,66.000,41.550,36.0
15:53:47.818,272207,7.554,8.789,9.155,-0.021,-2.421,1.520,-23.850,66.000,41.550,36.0
15:53:47.870,272261,6.622,11.691,15.988,0.135,-1.043,0.504,-51.300,62.250,35.400,35.9
15:53:47.926,272315,8.243,11.418,14.296,-0.446,1.142,-0.970,-51.300,62.250,35.400,36.1
15:53:47.980,272369,9.735,8.475,14.023,-1.219,2.653,-1.922,-49.050,61.800,36.450,36.3
15:53:48.034,272423,11.614,7.125,10.156,-0.946,4.298,-2.225,-49.050,61.800,36.450,35.9
15:53:48.088,272477,9.608,6.419,7.877,0.105,5.050,-2.576,-49.050,61.800,36.450,35.8
15:53:48.142,272531,5.171,4.990,6.706,-0.004,5.094,-2.604,-49.050,61.800,36.450,35.9
15:53:48.196,272585,0.984,3.546,6.433,-1.084,4.965,-2.505,-49.050,61.800,36.450,35.9
15:53:48.250,272639,-0.845,2.152,2.184,-1.286,4.984,-2.506,58.650,39.600,14.700,35.5
15:53:48.304,272693,-3.304,0.558,0.639,-1.185,4.428,-2.313,58.650,39.600,14.700,36.0
15:53:48.358,272747,-9.160,-3.912,-9.744,-0.795,3.072,-2.067,71.250,22.500,-14.400,36.0
15:53:48.412,272801,-6.706,-5.705,-9.831,1.601,-2.166,0.883,71.250,22.500,-14.400,36.1
15:53:48.462,272855,-2.195,-1.800,-4.384,1.656,-4.930,3.290,69.600,25.050,-7.650,36.1
15:53:48.517,272909,-0.881,-0.570,3.287,0.702,-6.407,3.932,69.600,25.050,-7.650,35.8
15:53:48.572,272963,4.688,5.538,4.046,0.885,-6.435,3.945,46.950,50.250,27.750,36.0
15:53:48.628,273017,8.784,7.494,9.871,0.222,-5.567,3.640,46.950,50.250,27.750,36.1
15:53:48.682,273071,10.889,5.964,10.156,0.726,-4.891,2.849,-2.550,64.050,42.300,36.0
15:53:48.736,273125,12.052,11.372,11.760,0.538,-3.402,1.709,-2.550,64.050,42.300,35.5
15:53:48.790,273179,8.406,11.775,15.785,-0.377,-1.101,0.691,-44.850,69.000,35.550,36.2
15:53:48.844,273233,6.297,12.107,14.619,-0.622,-0.183,-0.580,-44.850,69.000,35.550,36.3
15:53:48.895,273287,10.573,10.942,14.178,-1.114,2.445,-1.565,-44.850,69.000,35.550,36.1
15:53:48.949,273341,12.388,7.518,10.532,-0.974,4.301,-2.274,-30.600,60.450,41.400,36.0
15:53:49.006,273395,10.262,6.038,7.887,-0.739,4.918,-3.008,-30.600,60.450,41.400,35.8
15:53:49.064,273449,6.479,5.480,6.038,-0.828,5.175,-3.028,13.200,54.600,40.650,35.9
15:53:49.114,273503,2.550,3.297,4.614,-1.202,5.383,-2.531,13.200,54.600,40.650,36.0
15:53:49.169,273557,-1.377,0.886,1.628,-0.456,5.203,-2.454,50.550,41.250,23.700,35.5
15:53:49.219,273611,-3.831,-0.467,-0.259,-0.481,4.466,-2.602,50.550,41.250,23.700,35.8
15:53:49.276,273665,-6.689,-6.807,-8.080,-0.338,2.828,-1.740,69.750,27.150,-3.750,35.9
15:53:49.330,273719,-6.831,-8.660,-10.738,0.707,-1.324,0.850,69.750,27.150,-3.750,35.9
15:53:49.384,273773,-3.112,-3.730,-5.310,1.285,-5.025,3.705,68.700,22.950,-10.650,36.0
15:53:49.438,273827,-1.372,-0.931,1.767,1.051,-6.128,4.455,68.700,22.950,-10.650,35.8
15:53:49.492,273881,3.402,5.073,3.172,1.221,-6.529,4.478,52.500,45.600,20.400,36.0
15:53:49.546,273935,11.119,8.871,10.063,0.295,-5.715,3.937,52.500,45.600,20.400,35.8
15:53:49.600,273989,13.891,8.416,9.210,0.195,-5.100,3.241,52.500,45.600,20.400,36.2
15:53:49.654,274043,11.514,10.266,9.699,1.330,-3.826,2.135,52.500,45.600,20.400,35.8
15:53:49.708,274097,12.277,12.261,14.016,0.905,-1.458,1.370,52.500,45.600,20.400,35.8
15:53:49.763,274151,9.280,13.089,12.050,-0.907,0.379,-0.402,-66.600,64.500,24.450,36.0
15:53:49.816,274205,9.412,9.402,13.156,-1.686,2.067,-1.585,-66.600,64.500,24.450,36.0
15:53:49.870,274259,13.496,8.226,8.806,-1.180,3.763,-2.147,-51.150,61.650,32.700,36.0
15:53:49.924,274313,12.182,7.202,7.877,-0.567,5.186,-2.752,-51.150,61.650,32.700,36.0
15:53:49.978,274367,5.289,6.804,6.103,-0.213,5.136,-3.189,-9.000,60.450,43.200,36.0
15:53:50.032,274421,2.828,5.035,5.662,-0.764,5.265,-2.852,-9.000,60.450,43.200,36.2
15:53:50.086,274475,2.184,2.768,4.106,-1.187,5.192,-2.507,36.000,51.750,32.400,35.9
15:53:50.140,274529,-1.295,1.614,1.343,-0.530,4.594,-2.356,62.700,35.700,9.300,35.8
15:53:50.194,274583,-5.057,-0.754,-0.285,0.074,3.918,-2.041,62.700,35.700,9.300,35.8
15:53:50.248,274637,-9.505,-6.371,-10.470,0.123,1.764,-1.463,71.550,21.900,-14.850,36.0
15:53:50.302,274691,-5.547,-5.768,-7.290,1.949,-3.420,2.523,71.550,21.900,-14.850,36.3
15:53:50.356,274745,-3.309,-1.178,-2.394,0.817,-5.174,4.075,71.550,21.900,-14.850,36.0
15:53:50.410,274799,0.098,1.271,0.687,0.173,-6.273,4.070,71.550,21.900,-14.850,36.0
15:53:50.464,274853,6.354,5.112,8.576,0.109,-6.411,3.989,37.950,56.400,30.600,35.9
15:53:50.518,274907,12.002,7.760,11.380,-0.866,-5.519,3.235,37.950,56.400,30.600,36.0
15:53:50.572,274961,13.269,6.431,9.929,-0.222,-4.579,2.108,-15.150,63.000,43.500,36.1
15:53:50.626,275015,9.108,7.910,10.506,0.310,-3.067,1.535,-15.150,63.000,43.500,35.9
15:53:50.680,275069,8.942,9.033,12.079,0.274,-1.915,1.010,-51.750,59.550,37.200,35.9
15:53:50.734,275123,11.870,11.952,12.819,-0.395,0.520,-0.294,-51.750,59.550,37.200,36.0
15:53:50.788,275177,9.725,9.670,14.269,-0.485,2.904,-1.731,-63.600,57.900,29.850,36.0
15:53:50.842,275231,9.093,8.724,10.661,-0.753,3.599,-2.671,-37.350,59.700,40.650,36.3
15:53:50.896,275285,7.558,6.907,9.957,-0.884,4.617,-2.879,-37.350,59.700,40.650,35.9
15:53:50.950,275339,5.966,6.665,6.711,-0.791,4.963,-2.905,5.850,55.200,43.050,36.0
15:53:51.004,275393,2.907,3.390,6.809,-0.506,4.929,-2.844,5.850,55.200,43.050,36.0
15:53:51.058,275447,1.537,3.311,3.931,-0.975,4.882,-2.487,5.850,55.200,43.050,35.5
15:53:51.112,275501,-0.651,0.084,2.308,-1.504,4.583,-2.187,5.850,55.200,43.050,36.0
15:53:51.166,275555,-5.622,-1.999,-7.238,-0.628,3.907,-1.696,65.400,29.100,5.550,36.0
15:53:51.221,275609,-10.116,-6.369,-10.566,-0.007,0.963,-0.616,65.400,29.100,5.550,35.9
15:53:51.274,275663,-7.286,-5.770,-5.667,1.354,-3.339,2.318,71.100,20.400,-10.500,36.1
15:53:51.329,275717,-3.153,-0.824,-2.837,0.780,-4.933,3.280,71.100,20.400,-10.500,36.0
15:53:51.382,275771,-1.348,1.664,4.197,0.870,-5.762,3.295,61.650,36.150,11.850,36.0
15:53:51.436,275825,3.601,5.325,5.760,0.068,-5.369,3.448,30.150,54.000,36.900,35.9
15:53:51.490,275879,4.647,5.430,8.329,0.234,-5.392,3.032,30.150,54.000,36.900,36.0
15:53:51.544,275933,10.020,5.583,11.044,1.128,-4.998,2.726,-17.850,63.000,44.100,35.8
15:53:51.598,275987,11.985,8.437,10.475,2.241,-4.421,2.740,-17.850,63.000,44.100,35.8
15:53:51.652,276041,14.688,10.159,8.938,1.064,-1.624,0.895,-59.400,65.400,28.950,35.7
15:53:51.702,276095,7.190,12.208,15.366,-1.149,0.173,-0.027,-59.400,65.400,28.950,36.0
15:53:51.757,276149,9.266,11.021,9.998,-1.818,1.348,-1.443,-59.400,65.400,28.950,36.0
15:53:51.813,276203,9.574,8.796,10.575,-1.188,2.950,-2.056,-59.400,65.400,28.950,36.0
15:53:51.868,276257,7.353,6.843,8.871,-0.338,3.804,-2.578,-42.450,62.550,39.000,36.0
15:53:51.922,276311,5.842,7.453,11.181,-0.867,4.020,-2.905,-42.450,62.550,39.000,36.1
15:53:51.976,276365,4.815,5.234,8.387,-1.246,4.422,-2.939,-2.400,61.200,43.200,35.9
15:53:52.030,276419,3.323,5.018,7.008,-1.132,4.609,-2.824,-2.400,61.200,43.200,35.5
15:53:52.084,276473,0.539,1.834,3.754,-0.826,4.579,-2.876,35.550,48.900,34.800,35.8
15:53:52.138,276527,0.196,2.219,1.652,-0.424,4.540,-2.338,61.350,30.900,13.800,35.8
15:53:52.192,276581,-2.428,-0.563,1.202,-1.219,3.420,-2.062,61.350,30.900,13.800,36.2
15:53:52.246,276635,-8.993,-7.558,-9.512,-1.593,2.271,-1.106,67.050,16.500,-10.500,36.0
15:53:52.300,276689,-8.066,-7.585,-6.979,1.062,-2.114,1.502,67.050,16.500,-10.500,36.1
15:53:52.354,276743,-4.149,-2.227,-4.173,1.536,-4.280,3.648,68.700,17.850,-8.850,36.0
15:53:52.408,276797,-4.116,0.970,1.664,1.031,-5.362,3.952,68.700,17.850,-8.850,36.1
15:53:52.462,276851,-1.659,3.108,6.941,0.988,-5.946,4.023,68.700,17.850,-8.850,35.9
15:53:52.516,276905,5.552,6.196,8.545,0.918,-5.319,3.761,68.700,17.850,-8.850,35.9
15:53:52.570,276959,10.096,6.076,9.342,0.512,-5.284,2.904,10.500,63.900,39.900,35.8
15:53:52.624,277013,12.615,7.762,5.449,-0.351,-4.428,2.548,10.500,63.900,39.900,36.1
15:53:52.678,277067,12.081,6.900,10.269,0.575,-3.085,1.616,-37.050,65.100,38.850,36.0
15:53:52.732,277121,8.818,10.482,12.254,0.744,-1.719,1.327,-67.200,58.200,25.350,35.8
15:53:52.782,277175,9.771,11.449,14.090,-0.076,0.549,-0.557,-67.200,58.200,25.350,35.9
15:53:52.837,277229,9.792,10.724,12.265,-0.581,2.310,-1.345,-65.400,60.000,24.900,36.2
15:53:52.893,277283,11.583,8.440,9.486,-0.961,3.731,-2.573,-65.400,60.000,24.900,35.8
15:53:52.948,277337,9.517,7.470,9.074,-0.999,4.477,-2.941,-32.550,61.950,39.300,35.9
15:53:53.002,277391,6.139,5.830,9.234,-0.574,4.885,-3.120,-32.550,61.950,39.300,35.8
15:53:53.056,277445,4.709,5.906,6.905,-0.738,5.211,-3.038,13.200,58.200,40.350,35.5
15:53:53.110,277499,2.844,4.413,4.204,-0.475,5.242,-3.041,13.200,58.200,40.350,35.9
15:53:53.164,277553,0.263,1.243,4.298,-0.482,4.893,-2.982,13.200,58.200,40.350,36.0
15:53:53.218,277607,-2.042,-2.265,-3.321,-0.508,4.661,-2.152,13.200,58.200,40.350,36.0
15:53:53.272,277661,-5.993,-6.534,-8.657,0.497,1.560,-1.055,13.200,58.200,40.350,36.0
15:53:53.326,277715,-3.953,-6.294,-4.621,0.347,-2.426,1.784,69.600,24.750,-10.950,35.7
15:53:53.380,277769,-4.408,-2.210,-2.272,0.034,-5.082,3.940,69.600,24.750,-10.950,35.9
15:53:53.434,277823,-3.905,2.538,4.741,-0.640,-6.094,3.901,54.300,45.600,18.900,35.9
15:53:53.488,277877,3.836,5.456,3.249,-0.569,-5.637,3.221,54.300,45.600,18.900,35.5
15:53:53.542,277931,4.068,6.467,9.737,0.134,-4.896,2.595,14.100,56.400,43.500,36.0
15:53:53.596,277985,8.270,8.162,11.389,0.312,-4.238,2.117,14.100,56.400,43.500,36.1
15:53:53.650,278039,11.270,9.086,9.668,0.184,-2.828,1.456,-25.050,59.700,46.200,36.0
15:53:53.704,278093,9.876,11.432,16.142,0.264,-0.575,0.454,-25.050,59.700,46.200,36.0
15:53:53.758,278147,5.562,10.602,17.909,-0.075,1.471,-0.824,-43.500,56.700,42.750,35.8
15:53:53.812,278201,5.425,9.266,14.327,-0.039,2.860,-1.536,-43.500,56.700,42.750,35.9
15:53:53.866,278255,7.345,7.800,11.902,-0.103,4.117,-2.331,-43.500,56.700,42.750,35.8
15:53:53.920,278309,5.126,7.183,8.916,-0.472,4.367,-2.759,-43.500,56.700,42.750,36.0
15:53:53.974,278363,2.162,6.309,7.817,-0.392,4.764,-2.567,-43.500,56.700,42.750,36.0
15:53:54.028,278417,0.206,4.049,3.639,-0.562,4.642,-2.433,48.900,46.200,23.850,35.9
15:53:54.082,278471,-1.413,2.131,2.717,-0.080,4.403,-2.669,48.900,46.200,23.850,36.0
15:53:54.136,278525,-2.136,1.444,0.903,-0.476,3.343,-2.185,66.300,30.150,2.550,36.0
15:53:54.190,278579,-4.752,-3.812,-2.174,-0.423,2.576,-1.857,66.300,30.150,2.550,36.0
15:53:54.244,278633,-7.343,-6.589,-7.970,0.003,-0.774,0.395,69.000,18.750,-16.500,35.6
15:53:54.298,278687,-6.419,-3.481,-2.875,1.168,-3.721,2.625,69.000,18.750,-16.500,36.0
15:53:54.352,278741,-5.250,1.324,1.199,-0.345,-5.684,3.942,67.350,30.150,1.050,36.0
15:53:54.406,278795,-1.662,3.560,3.565,1.128,-6.213,3.431,67.350,30.150,1.050,35.9
15:53:54.460,278849,2.454,5.916,8.691,-0.217,-5.779,3.709,38.550,51.600,32.250,35.9
15:53:54.514,278903,10.908,5.753,8.777,0.899,-4.438,2.450,38.550,51.600,32.250,35.9
15:53:54.568,278957,12.385,9.833,9.400,0.691,-3.079,2.028,38.550,51.600,32.250,35.8
15:53:54.622,279011,6.062,10.817,15.354,-0.350,-1.931,0.862,38.550,51.600,32.250,35.9
15:53:54.676,279065,4.386,12.074,15.948,-0.349,-0.242,-0.217,38.550,51.600,32.250,36.0
15:53:54.730,279119,6.488,9.105,16.039,-0.003,1.850,-1.471,-38.700,57.600,42.300,36.2
15:53:54.784,279173,7.913,8.119,13.783,-0.285,3.240,-2.373,-38.700,57.600,42.300,36.0
15:53:54.838,279227,9.141,6.910,9.242,-0.707,4.270,-2.695,-11.550,60.300,42.750,36.0
15:53:54.892,279281,5.691,5.485,7.824,-0.484,4.832,-2.771,-11.550,60.300,42.750,35.9
15:53:54.946,279335,1.946,2.995,5.073,-0.203,4.721,-2.869,31.200,52.950,33.900,35.5
15:53:55.000,279389,0.299,2.440,3.555,-0.642,4.844,-2.343,31.200,52.950,33.900,35.8
15:53:55.054,279443,-2.796,0.804,1.439,-0.379,4.339,-2.023,59.550,39.750,13.500,36.0
15:53:55.108,279497,-5.533,-1.590,0.326,-1.053,3.222,-2.065,59.550,39.750,13.500,36.2
15:53:55.162,279551,-8.061,-5.428,-11.284,-0.582,-0.533,-0.132,69.300,26.250,-10.500,36.0
15:53:55.216,279605,-4.767,-3.982,-7.142,1.687,-4.460,2.598,69.300,26.250,-10.500,36.0
15:53:55.270,279659,-3.144,0.687,-0.934,0.954,-5.932,4.089,69.300,26.250,-10.500,36.1
15:53:55.324,279713,0.237,3.041,7.812,0.626,-6.231,3.716,69.300,26.250,-10.500,35.9
15:53:55.378,279767,6.747,5.478,9.189,-0.111,-5.191,2.875,69.300,26.250,-10.500,35.5
15:53:55.432,279821,8.346,8.305,9.910,0.173,-4.552,2.203,0.900,59.700,46.500,35.7
15:53:55.486,279875,8.868,10.525,14.655,0.897,-3.027,1.198,0.900,59.700,46.500,36.0
15:53:55.540,279929,6.840,11.892,16.565,0.819,-0.638,0.552,-31.950,63.300,42.000,36.0
15:53:55.594,279983,3.077,9.919,18.912,-0.450,1.343,-0.949,-31.950,63.300,42.000,36.0
15:53:55.648,280037,4.827,9.064,14.466,-1.086,2.806,-1.714,-26.700,63.750,43.050,35.8
15:53:55.702,280091,7.705,6.788,13.451,-1.212,3.845,-2.258,-26.700,63.750,43.050,36.0
15:53:55.756,280145,5.631,5.253,8.485,-1.392,4.375,-2.430,5.400,55.350,43.950,35.9
15:53:55.810,280199,1.683,5.511,4.676,-1.005,5.026,-2.003,5.400,55.350,43.950,36.0
15:53:55.864,280253,1.101,3.998,1.587,-0.462,4.899,-1.825,38.850,44.250,32.250,35.6
15:53:55.918,280307,-2.260,1.192,2.327,-0.223,4.079,-1.951,38.850,44.250,32.250,35.8
15:53:55.972,280361,-4.559,-2.825,-5.954,-1.484,3.016,-1.476,38.850,44.250,32.250,36.0
15:53:56.026,280415,-9.701,-6.582,-7.774,-0.054,-0.321,-0.353,38.850,44.250,32.250,36.0
15:53:56.080,280469,-5.253,-2.756,-5.080,1.528,-3.967,2.166,38.850,44.250,32.250,36.1
15:53:56.134,280523,-1.882,-0.335,-0.790,1.466,-5.623,3.644,61.800,30.150,10.200,35.8
15:53:56.188,280577,1.805,1.281,4.803,1.575,-6.413,3.755,61.800,30.150,10.200,36.1
15:53:56.242,280631,6.713,5.104,12.589,0.842,-6.282,3.532,30.300,57.000,37.350,36.0
15:53:56.296,280685,12.347,9.079,5.298,0.468,-5.723,3.280,30.300,57.000,37.350,36.2
15:53:56.350,280739,15.981,12.064,15.701,-0.478,-2.768,1.445,-27.150,64.050,43.050,36.0
15:53:56.404,280793,8.126,10.640,16.479,-0.123,0.318,-0.092,-27.150,64.050,43.050,35.9
15:53:56.458,280847,4.247,9.440,17.957,0.067,1.546,-0.808,-45.600,60.900,38.550,36.0
15:53:56.512,280901,7.199,9.052,13.678,0.039,2.940,-1.840,-28.050,62.400,39.900,35.8
15:53:56.566,280955,9.105,7.602,11.724,-0.541,4.002,-2.158,-28.050,62.400,39.900,36.0
15:53:56.620,281009,6.290,7.484,8.133,-0.579,4.996,-2.427,10.050,57.150,42.000,36.0
15:53:56.674,281063,3.352,4.405,5.578,-0.773,4.814,-2.925,10.050,57.150,42.000,36.0
15:53:56.728,281117,1.532,1.525,4.805,-1.401,5.086,-2.026,10.050,57.150,42.000,36.0
15:53:56.782,281171,-2.318,0.606,1.044,-1.423,4.236,-2.097,10.050,57.150,42.000,36.0
15:53:56.836,281225,-4.985,-0.352,-1.104,-1.455,4.011,-1.916,64.950,28.800,1.200,35.5
15:53:56.890,281279,-9.064,-6.026,-12.582,0.743,1.285,-1.355,64.950,28.800,1.200,35.8
15:53:56.944,281333,-5.674,-5.552,-7.360,2.446,-3.534,1.622,69.000,15.900,-11.400,35.8
15:53:56.998,281387,-3.421,-1.219,-2.373,1.508,-5.674,3.995,69.000,15.900,-11.400,36.0
15:53:57.052,281441,-1.159,-1.211,1.207,1.133,-6.427,4.219,59.700,36.900,14.700,36.0
15:53:57.102,281495,5.772,7.197,3.431,1.832,-6.310,4.734,59.700,36.900,14.700,36.1
15:53:57.156,281549,13.022,10.116,10.527,1.282,-5.182,3.575,18.000,61.950,38.550,35.8
15:53:57.211,281603,12.828,9.644,11.530,-0.053,-4.255,2.835,-34.350,69.750,38.100,35.8
15:53:57.267,281657,11.753,10.242,8.085,-0.260,-2.245,1.404,-34.350,69.750,38.100,35.8
15:53:57.322,281711,8.255,11.854,14.648,-0.155,-0.416,0.310,-59.250,62.550,30.300,35.9
15:53:57.376,281765,8.502,10.932,14.322,-0.547,1.080,-1.029,-59.250,62.550,30.300,36.0
15:53:57.430,281819,11.978,9.060,11.890,-1.243,2.603,-1.836,-59.250,62.550,30.300,36.0
15:53:57.484,281873,13.633,7.527,8.056,-1.275,4.400,-2.509,-59.250,62.550,30.300,36.0
15:53:57.538,281927,9.364,6.091,6.189,-0.729,5.248,-2.811,-18.900,61.050,42.300,36.0
15:53:57.592,281981,5.004,5.124,5.986,-1.095,5.197,-3.073,-18.900,61.050,42.300,36.0
15:53:57.646,282035,4.046,2.636,5.023,-1.455,5.258,-2.485,27.450,50.250,37.950,36.0
15:53:57.700,282089,-0.139,0.898,1.932,-1.328,5.125,-2.048,27.450,50.250,37.950,36.0
15:53:57.754,282143,-4.101,0.484,0.692,-1.569,4.254,-1.956,57.450,34.200,16.200,35.8
15:53:57.808,282197,-11.040,-7.573,-14.073,-0.609,2.617,-1.020,69.600,20.400,-10.200,35.8
15:53:57.861,282251,-6.919,-6.689,-7.547,2.054,-3.860,2.094,69.600,20.400,-10.200,35.9
15:53:57.912,282305,-3.955,0.290,-3.522,1.419,-5.331,3.709,63.150,30.600,10.050,36.0
15:53:57.968,282359,0.642,2.030,4.008,1.047,-5.841,3.653,63.150,30.600,10.050,36.0
15:53:58.024,282413,7.278,2.849,3.259,-0.533,-6.099,3.414,32.850,53.550,38.100,35.9
15:53:58.078,282467,9.450,5.698,9.182,1.243,-4.796,2.718,32.850,53.550,38.100,35.8
15:53:58.131,282521,8.973,5.986,6.823,1.395,-4.186,2.551,32.850,53.550,38.100,36.0
15:53:58.187,282575,8.236,9.163,12.225,1.593,-4.093,2.753,32.850,53.550,38.100,36.0
15:53:58.240,282629,15.830,10.681,8.270,0.391,-1.684,1.260,-54.900,68.250,31.200,35.9
15:53:58.294,282683,11.554,11.339,16.501,-1.377,0.925,-0.861,-54.900,68.250,31.200,35.7
15:53:58.348,282737,10.580,11.811,10.065,-1.031,2.542,-1.663,-63.450,65.400,26.400,36.0
15:53:58.402,282791,10.937,8.068,9.505,-0.592,4.106,-2.605,-63.450,65.400,26.400,36.0
15:53:58.456,282845,7.034,7.166,7.240,-1.080,4.818,-2.612,-36.750,66.900,35.700,36.0
15:53:58.508,282899,4.676,5.804,7.570,-0.561,4.608,-2.975,8.550,61.800,39.750,35.6
15:53:58.562,282953,2.219,4.750,6.057,-0.890,4.875,-2.957,8.550,61.800,39.750,36.0
15:53:58.618,283007,-0.031,3.041,4.621,-0.655,4.501,-2.774,45.600,49.650,25.650,36.0
15:53:58.672,283061,-1.614,0.907,2.267,-0.987,4.143,-2.735,45.600,49.650,25.650,36.0
15:53:58.726,283115,-2.059,-1.195,-6.756,-1.089,3.841,-1.865,64.200,31.050,3.450,35.5
15:53:58.780,283169,-4.362,-4.171,-6.685,1.233,0.900,-0.846,64.200,31.050,3.450,35.7
15:53:58.834,283223,-4.707,-5.540,-6.285,1.583,-4.554,2.685,64.200,31.050,3.450,36.0
15:53:58.888,283277,-2.813,-0.093,-2.040,0.703,-5.898,3.936,64.200,31.050,3.450,36.0
15:53:58.941,283331,-2.045,4.283,7.975,0.073,-6.238,4.322,64.200,31.050,3.450,36.0
15:53:58.996,283385,4.673,8.918,9.179,0.671,-5.539,3.618,64.200,31.050,3.450,35.9
15:53:59.049,283439,9.656,9.115,5.672,0.959,-4.854,3.034,9.750,63.600,42.450,36.0
15:53:59.104,283493,11.703,12.277,13.661,0.674,-3.386,2.203,-35.700,67.200,38.250,36.2
15:53:59.158,283547,10.882,13.537,13.372,-0.026,-1.545,0.896,-35.700,67.200,38.250,35.9
15:53:59.212,283601,8.356,12.218,14.957,-0.981,0.827,-0.475,-51.600,64.350,34.500,35.9
15:53:59.266,283655,9.347,8.485,11.583,-0.451,2.461,-1.394,-51.600,64.350,34.500,35.7
15:53:59.320,283709,7.496,8.322,9.785,-0.389,3.581,-2.681,-32.550,61.950,41.850,36.0
15:53:59.374,283763,6.440,6.285,8.911,-0.857,4.417,-2.534,-32.550,61.950,41.850,36.0
15:53:59.428,283817,2.969,3.570,4.786,-0.714,4.550,-2.314,7.800,57.900,43.800,35.9
15:53:59.482,283871,1.310,4.209,5.528,-0.112,4.345,-2.594,7.800,57.900,43.800,35.5
15:53:59.536,283925,-1.204,0.876,3.876,0.278,4.263,-2.287,7.800,57.900,43.800,36.0
15:53:59.590,283979,-4.204,-0.175,-1.918,0.121,3.719,-1.435,7.800,57.900,43.800,36.0
15:53:59.644,284033,-6.974,-4.537,-6.364,-0.043,0.269,-0.052,7.800,57.900,43.800,35.8
15:53:59.698,284087,-3.761,-2.974,-3.697,0.060,-4.245,2.160,61.050,41.250,12.750,35.9
15:53:59.752,284141,-0.735,2.772,1.628,-1.019,-6.102,3.239,61.050,41.250,12.750,36.0
15:53:59.806,284195,0.848,0.747,10.022,-0.192,-6.557,2.708,26.700,55.650,40.500,35.9
15:53:59.860,284249,6.280,7.360,14.899,-0.268,-5.760,1.991,26.700,55.650,40.500,35.9
15:53:59.910,284303,12.433,11.485,15.574,0.840,-3.428,1.331,-23.400,57.600,47.850,36.1
15:53:59.965,284357,3.558,11.135,20.954,0.907,-0.469,0.218,-23.400,57.600,47.850,35.9
15:54:00.020,284411,4.010,11.133,15.807,0.492,1.089,-0.760,-39.600,61.650,41.400,36.0
15:54:00.076,284465,6.883,10.903,14.636,-0.215,3.074,-1.892,-39.600,61.650,41.400,36.0
15:54:00.128,284519,8.119,8.902,10.994,-0.042,3.885,-2.635,-16.650,63.750,45.300,35.9
15:54:00.180,284573,6.443,6.776,8.636,-0.832,4.564,-2.701,-16.650,63.750,45.300,35.5
15:54:00.234,284627,2.181,4.003,6.325,-0.693,4.720,-2.694,-16.650,63.750,45.300,36.0
15:54:00.288,284681,-0.517,2.344,2.655,-0.648,4.557,-2.373,-16.650,63.750,45.300,35.8
15:54:00.345,284735,-1.494,2.516,2.035,-0.563,4.031,-1.882,-16.650,63.750,45.300,36.0
15:54:00.400,284789,-5.626,-0.235,-2.820,-0.492,3.523,-1.462,69.450,31.050,-4.200,35.8
15:54:00.454,284843,-7.575,-5.701,-8.921,-0.188,-0.659,-0.341,69.450,31.050,-4.200,35.9
15:54:00.508,284897,-3.510,-3.026,-5.895,0.575,-4.885,1.988,67.500,28.800,-3.000,35.8
15:54:00.562,284951,-1.539,-0.201,-0.036,0.181,-6.756,3.280,67.500,28.800,-3.000,35.9
15:54:00.616,285005,3.934,2.480,3.184,0.791,-7.315,3.078,43.950,44.850,32.100,35.7
15:54:00.670,285059,10.633,8.150,8.566,0.524,-6.743,3.221,43.950,44.850,32.100,35.5
15:54:00.724,285113,15.404,8.961,14.506,-0.437,-5.215,1.945,-12.000,56.550,48.000,35.9
15:54:00.778,285167,15.565,9.390,15.763,-0.903,-1.351,0.265,-12.000,56.550,48.000,36.0
15:54:00.832,285221,0.333,8.361,20.640,-0.147,0.604,-0.107,-45.000,49.800,42.750,36.0
15:54:00.886,285275,4.032,8.423,17.382,1.187,2.231,-1.163,-45.000,49.800,42.750,35.8
15:54:00.940,285329,9.014,8.952,14.684,0.335,3.927,-2.178,-45.000,49.800,42.750,35.8
15:54:00.994,285383,9.206,6.239,10.015,-0.530,4.545,-3.005,1.200,57.750,45.750,35.9
15:54:01.048,285437,6.084,4.700,6.560,-0.555,4.814,-3.093,1.200,57.750,45.750,36.0
15:54:01.102,285491,1.472,2.751,5.217,-1.002,5.349,-2.425,43.200,45.900,32.100,35.5
15:54:01.156,285545,-0.450,0.934,1.779,-0.545,5.096,-2.151,43.200,45.900,32.100,35.5
15:54:01.210,285599,-3.661,0.697,-0.354,-0.337,4.760,-2.047,65.700,29.850,4.800,35.7
15:54:01.264,285653,-8.109,-8.222,-11.351,-1.421,2.747,-1.715,65.700,29.850,4.800,35.8
15:54:01.318,285707,-4.848,-7.281,-9.380,0.732,-3.310,1.777,69.300,19.200,-13.800,36.0
15:54:01.372,285761,-2.571,-2.825,-6.084,1.059,-5.698,3.618,69.300,19.200,-13.800,35.9
15:54:01.426,285815,-1.401,1.616,2.588,0.691,-6.820,4.265,62.400,37.200,11.400,35.9
15:54:01.476,285869,5.696,7.494,3.874,1.111,-6.307,3.943,62.400,37.200,11.400,35.9
15:54:01.531,285923,12.203,10.750,9.148,0.865,-5.378,3.705,20.400,61.800,40.500,35.6
15:54:01.588,285977,13.934,9.603,11.858,0.843,-3.739,2.644,20.400,61.800,40.500,35.9
15:54:01.642,286031,9.550,11.092,12.787,0.625,-1.633,1.686,20.400,61.800,40.500,35.5
15:54:01.696,286085,4.726,13.372,17.983,-0.400,0.284,-0.290,20.400,61.800,40.500,35.9
15:54:01.750,286139,6.998,12.153,15.479,-1.071,1.861,-1.320,20.400,61.800,40.500,36.0
15:54:01.804,286193,8.533,9.950,12.414,-0.836,3.503,-2.506,-31.650,64.050,43.050,35.8
15:54:01.858,286247,9.565,9.045,9.400,-0.965,4.594,-2.800,-31.650,64.050,43.050,35.9
15:54:01.912,286301,7.326,5.535,5.473,-1.113,5.099,-2.999,8.250,58.200,41.400,36.0
15:54:01.966,286355,4.580,3.247,4.393,-1.354,5.644,-2.531,8.250,58.200,41.400,35.8
15:54:02.020,286409,1.602,1.851,2.090,-1.258,5.876,-2.423,50.550,42.450,23.700,35.8
15:54:02.074,286463,-1.889,0.682,-1.465,-1.332,5.336,-2.337,50.550,42.450,23.700,35.4
15:54:02.129,286517,-6.855,-6.859,-11.665,-0.351,2.126,-1.656,70.050,24.750,-8.700,35.4
15:54:02.182,286571,-4.113,-5.116,-8.191,1.439,-3.819,1.763,70.050,24.750,-8.700,36.0
15:54:02.236,286625,-1.487,-1.109,-2.444,1.378,-6.278,3.687,70.200,20.550,-9.600,35.9
15:54:02.290,286679,0.546,1.255,1.015,1.312,-7.256,3.996,70.200,20.550,-9.600,35.9
15:54:02.344,286733,7.532,4.992,4.872,1.976,-6.618,4.064,70.200,20.550,-9.600,35.8
15:54:02.398,286787,12.323,9.278,8.416,1.138,-5.905,3.502,-5.550,66.000,43.800,35.8
15:54:02.452,286841,13.431,11.643,15.024,0.600,-4.112,2.237,-5.550,66.000,43.800,35.8
15:54:02.502,286895,13.578,14.504,15.131,0.345,-1.145,0.908,-49.350,67.050,34.800,36.0
15:54:02.556,286949,5.420,11.734,16.889,-0.293,1.174,-0.739,-49.350,67.050,34.800,35.8
15:54:02.613,287003,7.408,10.793,12.268,-0.670,2.298,-1.590,-47.850,66.600,35.250,35.5
15:54:02.668,287057,8.715,9.088,11.121,-1.052,3.503,-2.418,-47.850,66.600,35.250,35.9
15:54:02.722,287111,9.797,7.049,8.289,-1.455,4.507,-2.540,-16.650,65.700,42.000,36.0
15:54:02.776,287165,5.234,5.526,5.847,-0.936,4.939,-2.776,-16.650,65.700,42.000,36.0
15:54:02.830,287219,2.234,3.522,5.179,-1.214,5.242,-2.488,23.850,54.000,37.950,35.8
15:54:02.884,287273,0.888,1.245,2.480,-1.533,5.246,-2.216,23.850,54.000,37.950,35.9
15:54:02.938,287327,-2.535,-3.405,-7.566,-1.039,4.660,-1.648,23.850,54.000,37.950,35.8
15:54:02.988,287381,-6.833,-5.301,-9.117,0.523,1.703,-1.229,23.850,54.000,37.950,36.0
15:54:03.043,287435,-4.769,-2.212,-5.657,1.533,-3.120,1.960,23.850,54.000,37.950,36.0
15:54:03.100,287489,-4.460,-0.261,-1.827,1.219,-5.390,3.166,65.400,33.450,7.800,36.0
15:54:03.154,287543,-1.757,2.380,2.840,0.971,-6.403,3.258,65.400,33.450,7.800,36.0
15:54:03.208,287597,4.729,4.903,6.452,0.927,-6.495,3.460,34.350,53.100,37.050,36.0
15:54:03.262,287651,10.305,5.430,5.449,1.239,-5.667,3.256,34.350,53.100,37.050,36.0
15:54:03.316,287705,15.227,7.934,9.323,1.361,-4.243,1.953,-22.500,66.300,46.200,35.9
15:54:03.370,287759,13.652,9.337,10.611,0.734,-2.730,1.598,-22.500,66.300,46.200,36.0
15:54:03.424,287813,9.448,11.293,12.246,0.439,-0.723,0.867,-60.150,70.950,36.300,36.0
15:54:03.478,287867,8.863,12.519,14.030,-0.034,0.791,-0.598,-60.150,70.950,36.300,36.0
15:54:03.532,287921,10.714,11.614,11.483,-0.755,2.197,-1.340,-67.350,71.100,33.150,35.9
15:54:03.586,287975,12.797,9.799,8.942,-0.593,3.603,-2.200,-67.350,71.100,33.150,35.9
15:54:03.640,288029,10.772,8.198,7.259,-0.503,4.232,-2.730,-67.350,71.100,33.150,35.8
15:54:03.694,288083,7.575,5.215,4.650,-1.164,4.243,-2.688,-67.350,71.100,33.150,36.0
15:54:03.748,288137,3.021,3.814,4.034,-1.208,4.272,-2.414,-67.350,71.100,33.150,36.0
15:54:03.801,288191,0.891,1.769,1.590,-1.660,3.933,-1.883,37.500,49.050,36.900,36.0
15:54:03.856,288245,-3.802,0.508,2.765,-1.148,3.708,-2.050,37.500,49.050,36.900,36.0
15:54:03.910,288299,-6.352,-0.989,-2.978,-0.755,2.890,-1.017,61.650,34.200,19.800,36.0
15:54:03.964,288353,-8.612,-4.221,-6.053,1.093,-1.267,0.719,61.650,34.200,19.800,35.5
15:54:04.018,288407,-2.397,-1.305,-2.842,1.743,-4.135,2.999,67.050,30.450,13.050,35.8
15:54:04.072,288461,-0.239,1.987,1.980,1.194,-6.108,3.620,67.050,30.450,13.050,36.0
15:54:04.126,288515,5.021,6.457,4.946,1.911,-6.167,3.464,39.600,55.050,37.050,35.9
15:54:04.180,288569,10.989,10.484,10.432,0.614,-4.906,3.125,-14.850,71.400,47.100,36.0
15:54:04.234,288623,15.514,12.428,12.440,-0.318,-3.104,1.447,-14.850,71.400,47.100,35.9
15:54:04.288,288677,7.539,11.937,14.961,-0.779,-0.325,-0.040,-14.850,71.400,47.100,35.8
15:54:04.342,288731,4.401,11.310,15.112,0.129,1.246,-0.387,-14.850,71.400,47.100,36.0
15:54:04.396,288785,8.444,10.503,12.311,0.482,2.290,-1.286,-37.200,67.950,46.050,35.8
15:54:04.450,288839,11.744,9.385,10.317,-0.750,3.531,-1.990,-37.200,67.950,46.050,35.5
15:54:04.504,288893,8.298,6.551,6.223,-0.978,4.062,-2.570,-6.000,66.600,47.250,35.8
15:54:04.558,288947,4.858,5.598,4.899,-0.884,4.128,-2.486,-6.000,66.600,47.250,35.9
15:54:04.612,289001,0.524,3.814,3.151,-0.712,4.227,-2.032,31.800,53.850,37.800,35.8
15:54:04.666,289055,-3.045,1.331,2.040,-0.685,3.542,-1.825,31.800,53.850,37.800,35.5
15:54:04.720,289109,-7.671,-3.019,-5.679,-0.103,2.217,-0.892,58.650,42.600,21.000,35.5
15:54:04.774,289163,-7.525,-2.258,-4.087,0.679,-1.304,0.574,58.650,42.600,21.000,35.9
15:54:04.828,289217,-3.625,-0.053,-1.439,0.853,-4.389,2.470,64.350,38.250,11.700,35.9
15:54:04.882,289271,-1.525,1.109,1.578,0.537,-5.744,3.374,40.050,55.050,32.700,36.0
15:54:04.936,289325,5.059,6.879,3.589,0.805,-6.434,3.254,40.050,55.050,32.700,35.5
15:54:04.990,289379,13.525,5.095,7.705,0.696,-5.632,3.210,40.050,55.050,32.700,35.4
15:54:05.044,289433,14.650,4.937,7.630,0.855,-4.751,2.535,40.050,55.050,32.700,35.6
15:54:05.098,289487,12.787,10.238,9.651,0.961,-2.480,1.594,-59.850,64.950,30.600,36.0
15:54:05.152,289541,9.469,11.511,14.571,0.481,-0.018,0.439,-59.850,64.950,30.600,36.0
15:54:05.206,289595,9.433,10.132,13.070,-0.687,1.398,-0.667,-72.600,61.800,21.150,35.9
15:54:05.260,289649,9.294,9.603,11.688,-1.230,2.799,-1.249,-72.600,61.800,21.150,36.0
15:54:05.314,289703,12.079,7.293,8.799,-0.513,4.020,-2.163,-54.900,60.000,33.000,36.0
15:54:05.368,289757,11.097,7.623,7.829,-0.933,4.859,-2.634,-54.900,60.000,33.000,36.0
15:54:05.422,289811,8.183,4.580,7.230,-1.755,5.569,-2.279,-15.900,59.100,42.750,35.5
15:54:05.476,289865,3.211,3.776,2.959,-1.019,5.743,-2.171,28.950,47.850,38.250,35.4
15:54:05.530,289919,-0.184,2.330,3.323,-0.318,5.701,-2.220,28.950,47.850,38.250,36.0
15:54:05.584,289973,-3.402,1.326,1.712,-0.420,5.004,-2.020,28.950,47.850,38.250,36.0
15:54:05.638,290027,-7.872,-6.280,-9.270,-0.737,3.655,-1.780,28.950,47.850,38.250,35.9
15:54:05.692,290081,-5.564,-5.789,-8.938,0.643,-1.290,-0.113,28.950,47.850,38.250,35.9
15:54:05.746,290135,-2.986,-1.930,-4.341,1.020,-4.388,2.100,28.950,47.850,38.250,36.0
15:54:05.798,290189,-2.198,-1.446,0.438,0.640,-6.142,3.179,63.300,32.400,9.750,35.9
15:54:05.853,290243,0.543,3.201,5.085,1.597,-6.697,3.580,63.300,32.400,9.750,36.1
15:54:05.908,290297,8.346,5.361,7.776,0.716,-5.685,2.948,28.500,52.650,39.300,35.8
15:54:05.962,290351,10.166,8.147,15.411,0.552,-4.389,1.855,28.500,52.650,39.300,35.5
15:54:06.012,290405,9.189,11.068,18.198,0.498,-2.254,0.905,-19.800,59.700,46.500,36.2
15:54:06.068,290459,5.710,11.135,19.020,-0.271,0.581,-0.521,-35.700,59.100,40.950,35.9
15:54:06.124,290513,3.656,9.062,16.326,-1.006,2.233,-1.199,-35.700,59.100,40.950,35.5
15:54:06.178,290567,6.512,7.489,12.028,-0.621,3.313,-1.875,-17.250,56.550,46.200,35.8
15:54:06.232,290621,6.325,7.360,9.131,-0.276,4.349,-2.225,-17.250,56.550,46.200,36.0
15:54:06.286,290675,4.204,5.562,6.835,0.183,4.583,-2.474,-17.250,56.550,46.200,35.9
15:54:06.340,290729,1.441,3.491,5.655,-0.264,4.853,-2.227,-17.250,56.550,46.200,35.8
15:54:06.394,290783,-1.882,1.015,3.033,-0.512,4.645,-2.291,52.500,43.650,22.200,35.8
15:54:06.448,290837,-4.003,0.670,2.684,-0.653,4.091,-2.111,52.500,43.650,22.200,35.9
15:54:06.502,290891,-6.721,-4.949,-4.796,-0.505,3.178,-1.732,69.600,28.950,-4.650,35.8
15:54:06.556,290945,-6.266,-7.178,-9.187,0.624,-1.718,0.720,69.600,28.950,-4.650,36.0
15:54:06.610,290999,-2.239,-2.952,-5.567,1.054,-4.587,2.912,70.800,24.300,-11.700,35.5
15:54:06.664,291053,-1.563,-0.558,-0.457,-0.067,-6.393,3.971,70.800,24.300,-11.700,35.9
15:54:06.718,291107,2.392,2.243,3.855,0.922,-7.041,3.884,57.300,42.900,16.350,36.0
15:54:06.771,291161,13.503,6.740,7.671,1.121,-6.279,3.675,7.050,60.600,42.750,36.0
15:54:06.825,291215,16.793,10.451,12.857,0.314,-4.173,2.454,7.050,60.600,42.750,35.8
15:54:06.880,291269,7.381,11.078,16.707,-0.441,-1.731,1.226,7.050,60.600,42.750,35.5
15:54:06.934,291323,2.710,12.620,19.036,-0.439,-0.366,0.113,7.050,60.600,42.750,35.8
15:54:06.987,291377,6.867,8.914,15.739,-0.044,1.684,-1.051,7.050,60.600,42.750,36.0
15:54:07.041,291431,8.526,9.323,12.301,0.010,3.546,-2.009,7.050,60.600,42.750,35.8
15:54:07.096,291485,8.174,8.035,10.195,-0.246,4.033,-2.599,-17.850,62.250,43.500,36.0
15:54:07.150,291539,6.024,5.871,8.995,-0.981,4.591,-2.864,-17.850,62.250,43.500,35.8
15:54:07.204,291593,3.165,3.531,6.165,-0.690,5.003,-2.392,22.500,53.550,38.850,36.0
15:54:07.258,291647,-0.223,3.012,5.322,-0.336,4.862,-2.331,22.500,53.550,38.850,35.5
15:54:07.312,291701,-2.294,0.488,2.488,-0.855,4.560,-2.095,55.050,42.450,20.400,35.7
15:54:07.366,291755,-3.472,0.323,0.283,-0.655,4.169,-1.525,68.550,27.450,-6.900,35.5
15:54:07.420,291809,-7.187,-6.742,-12.835,0.033,1.813,-1.045,68.550,27.450,-6.900,36.0
15:54:07.474,291863,-4.592,-7.719,-8.246,1.093,-3.170,1.488,70.200,20.550,-17.250,36.0
15:54:07.528,291917,-2.131,-0.876,-3.687,0.764,-6.107,3.926,70.200,20.550,-17.250,35.8
15:54:07.582,291971,0.996,0.445,0.615,-0.467,-7.385,4.211,70.200,20.550,-17.250,35.9
15:54:07.636,292025,8.080,7.027,5.301,1.098,-7.626,3.881,70.200,20.550,-17.250,35.9
15:54:07.690,292079,15.541,7.321,10.877,1.201,-6.470,3.494,70.200,20.550,-17.250,36.0
15:54:07.744,292133,21.057,8.492,6.577,0.732,-4.943,2.592,70.200,20.550,-17.250,36.0
15:54:07.798,292187,13.968,11.538,12.977,0.041,-1.460,1.166,-52.800,61.050,33.600,35.7
15:54:07.852,292241,7.312,11.102,19.295,-0.039,0.332,0.312,-52.800,61.050,33.600,35.9
15:54:07.906,292295,8.021,10.336,14.059,-0.226,2.173,-1.230,-64.200,56.550,30.750,35.8
15:54:07.960,292349,10.527,8.703,13.587,-0.770,3.471,-1.890,-43.950,57.900,37.950,35.9
15:54:08.014,292403,13.326,7.254,8.583,-0.887,4.783,-2.310,-43.950,57.900,37.950,36.0
15:54:08.067,292457,9.871,5.667,6.292,-0.157,5.491,-2.793,0.150,55.050,43.650,35.8
15:54:08.122,292511,6.613,4.312,5.418,-0.392,5.817,-2.632,0.150,55.050,43.650,35.9
15:54:08.176,292565,1.793,1.992,3.191,-0.521,5.579,-2.704,43.950,46.650,29.250,36.1
15:54:08.230,292619,-1.870,1.082,1.690,-0.867,5.412,-2.559,43.950,46.650,29.250,36.0
15:54:08.284,292673,-5.528,-3.764,-8.650,-0.531,4.364,-2.154,43.950,46.650,29.250,36.0
15:54:08.338,292727,-8.344,-6.337,-11.993,0.322,1.063,-1.363,43.950,46.650,29.250,35.7
15:54:08.392,292781,-4.070,-5.641,-7.755,1.143,-4.137,2.192,43.950,46.650,29.250,35.9
15:54:08.446,292835,-1.298,-2.222,-2.600,0.936,-6.037,3.469,43.950,46.650,29.250,35.5
15:54:08.499,292889,0.936,-0.278,1.214,1.043,-6.917,3.952,61.650,34.500,14.700,35.9
15:54:08.553,292943,4.386,4.353,7.020,1.430,-7.384,4.363,61.650,34.500,14.700,35.8
15:54:08.608,292997,15.081,11.499,9.175,1.421,-6.588,3.967,15.150,60.600,41.550,36.0
15:54:08.662,293051,19.786,10.970,10.123,0.380,-4.615,2.647,-45.450,67.950,33.600,35.8
15:54:08.716,293105,13.321,11.650,12.967,0.178,-1.747,1.151,-45.450,67.950,33.600,35.9
15:54:08.770,293159,7.163,12.562,16.010,0.535,0.306,-0.011,-65.850,62.550,25.950,35.4
15:54:08.824,293213,9.689,12.922,13.707,-0.157,1.647,-1.324,-65.850,62.550,25.950,35.5
15:54:08.878,293267,13.510,9.960,11.044,-1.271,3.518,-2.289,-52.800,66.000,31.800,35.9
15:54:08.932,293321,12.194,7.166,7.149,-0.907,4.994,-2.964,-52.800,66.000,31.800,35.9
15:54:08.986,293375,9.996,6.618,7.458,-0.733,5.525,-3.335,-52.800,66.000,31.800,35.9
15:54:09.039,293429,6.479,4.525,5.239,-1.018,5.774,-3.133,-52.800,66.000,31.800,35.5
15:54:09.093,293483,2.947,2.911,3.270,-1.158,5.454,-3.188,-52.800,66.000,31.800,36.0
15:54:09.148,293537,0.215,1.334,1.556,-1.666,5.393,-2.551,-52.800,66.000,31.800,35.7
15:54:09.202,293591,-1.635,0.134,-2.083,-1.218,5.158,-2.362,65.550,30.450,3.600,35.8
15:54:09.256,293645,-8.176,-7.446,-15.246,0.708,1.905,-1.869,70.050,15.450,-24.000,35.7
15:54:09.310,293699,-4.511,-7.333,-8.061,2.332,-4.825,2.614,70.050,15.450,-24.000,35.8
15:54:09.364,293753,-4.111,-0.687,-2.931,0.588,-6.702,3.957,67.350,27.000,-1.050,35.8
15:54:09.418,293807,1.580,-0.534,-0.201,0.236,-7.682,4.239,67.350,27.000,-1.050,36.0
15:54:09.471,293861,7.755,4.997,3.292,1.749,-8.053,3.768,31.050,50.850,38.100,35.9
15:54:09.525,293915,18.988,5.962,7.245,1.697,-6.798,3.774,31.050,50.850,38.100,36.0
15:54:09.580,293969,19.530,8.155,7.219,1.092,-6.041,3.180,-33.300,62.400,39.900,36.1
15:54:09.633,294023,18.174,6.309,6.531,0.498,-4.259,2.438,-33.300,62.400,39.900,35.8
15:54:09.688,294077,13.405,9.706,10.611,0.490,-2.219,1.255,-33.300,62.400,39.900,35.5
15:54:09.742,294131,13.005,12.136,12.337,-0.168,-0.042,0.304,-33.300,62.400,39.900,35.5
15:54:09.796,294185,13.973,10.740,10.135,0.110,2.511,-1.160,-33.300,62.400,39.900,35.8
15:54:09.850,294239,15.574,7.858,8.291,-0.306,4.636,-2.361,-33.300,62.400,39.900,35.7
15:54:09.904,294293,15.589,7.479,5.837,-0.883,5.164,-3.596,-71.250,55.350,17.700,35.8
15:54:09.958,294347,12.186,6.385,4.271,-1.060,5.895,-3.797,-21.600,61.350,40.500,35.8
15:54:10.012,294401,8.064,5.030,4.748,-1.315,5.410,-3.725,-21.600,61.350,40.500,36.0
15:54:10.066,294455,2.806,4.049,6.067,-1.259,5.536,-3.333,29.550,51.600,35.550,36.0
15:54:10.120,294509,0.010,1.235,2.641,-0.676,5.329,-3.233,29.550,51.600,35.550,35.8
15:54:10.173,294563,-1.006,0.826,3.579,-1.125,5.172,-2.915,61.650,34.200,12.150,35.5
15:54:10.228,294617,-1.745,-2.136,-4.872,-1.298,4.860,-2.385,61.650,34.200,12.150,35.4
15:54:10.282,294671,-8.284,-9.687,-14.887,0.261,0.976,-0.635,68.700,15.900,-19.500,35.5
15:54:10.336,294725,-6.871,-8.894,-7.743,2.429,-4.209,2.676,68.700,15.900,-19.500,36.0
15:54:10.390,294779,-1.595,-1.580,-3.821,0.472,-5.823,4.036,68.700,15.900,-19.500,35.8
15:54:10.444,294833,-0.543,1.353,5.499,0.643,-6.535,4.124,68.700,15.900,-19.500,35.9
15:54:10.497,294887,3.232,5.526,8.303,0.161,-5.786,4.082,52.050,44.850,24.750,36.0
15:54:10.551,294941,8.035,6.493,8.873,1.439,-4.590,3.386,7.350,60.300,41.550,35.5
15:54:10.605,294995,9.586,6.302,8.159,2.128,-4.774,3.599,7.350,60.300,41.550,35.5
15:54:10.660,295049,15.866,8.605,4.721,1.654,-4.100,4.053,-39.000,69.900,33.900,35.8
15:54:10.714,295103,14.013,10.772,7.997,1.688,-1.666,1.869,-39.000,69.900,33.900,35.5
15:54:10.768,295157,7.779,18.634,11.277,0.008,-0.374,-0.017,-67.950,66.600,18.450,36.0
15:54:10.822,295211,10.075,13.453,12.048,-1.094,0.782,-1.197,-67.950,66.600,18.450,35.6
15:54:10.876,295265,13.695,10.795,8.272,-1.706,2.600,-2.781,-62.850,67.650,24.000,35.5
15:54:10.930,295319,13.951,7.685,7.147,-1.958,4.096,-3.613,-62.850,67.650,24.000,35.8
15:54:10.984,295373,8.928,6.263,7.374,-1.760,4.396,-3.793,-24.450,67.650,38.700,35.7
15:54:11.038,295427,7.877,5.708,6.780,-1.617,5.012,-3.355,-24.450,67.650,38.700,35.8
15:54:11.092,295481,5.229,3.852,3.354,-1.300,5.283,-2.898,-24.450,67.650,38.700,36.0
15:54:11.146,295535,1.602,1.429,3.141,-0.596,4.952,-2.907,55.200,38.850,18.450,35.7
15:54:11.200,295589,-1.446,0.055,1.808,-0.858,4.766,-2.561,55.200,38.850,18.450,35.4
15:54:11.254,295643,-8.961,-6.838,-8.942,-0.485,3.020,-1.883,69.300,21.900,-7.200,36.0
15:54:11.308,295697,-6.014,-8.016,-9.306,0.520,-1.002,0.463,69.300,21.900,-7.200,35.9
15:54:11.362,295751,-2.411,-2.033,-4.329,0.977,-4.859,3.062,67.050,22.800,-3.900,35.7
15:54:11.416,295805,-1.310,-0.587,1.781,0.455,-6.738,3.775,67.050,22.800,-3.900,35.9
15:54:11.469,295859,3.179,6.409,1.882,1.476,-6.934,3.673,44.100,45.300,30.750,35.6
15:54:11.523,295913,8.056,6.036,8.636,1.462,-6.327,3.549,44.100,45.300,30.750,35.5
15:54:11.577,295967,13.659,7.743,7.293,1.296,-6.787,3.375,-9.450,63.900,43.650,35.7
15:54:11.631,296021,19.369,9.433,5.665,1.347,-4.053,2.441,-9.450,63.900,43.650,35.8
15:54:11.685,296075,11.157,10.886,13.774,1.290,-0.875,1.009,-9.450,63.900,43.650,35.6
15:54:11.740,296129,8.866,13.355,13.501,-0.010,-0.287,0.111,-9.450,63.900,43.650,35.8
15:54:11.794,296183,11.289,9.787,11.097,-1.354,2.701,-1.433,-9.450,63.900,43.650,35.9
15:54:11.848,296237,11.365,7.860,7.496,-1.114,3.440,-1.981,-54.150,63.150,30.450,35.9
15:54:11.902,296291,11.878,6.211,7.429,-0.949,4.324,-2.575,-54.150,63.150,30.450,35.8
15:54:11.956,296345,6.610,5.236,7.810,-1.238,4.697,-2.658,-14.400,61.800,42.750,36.0
15:54:12.010,296399,3.237,4.650,6.464,-0.671,4.784,-2.556,-14.400,61.800,42.750,35.9
15:54:12.063,296453,1.398,3.299,5.954,-0.586,4.463,-2.621,28.050,53.100,36.600,35.7
15:54:12.117,296507,0.045,1.896,4.348,-0.829,4.427,-2.127,28.050,53.100,36.600,35.5
15:54:12.172,296561,-1.595,0.886,3.132,-0.669,4.570,-1.925,54.150,37.650,18.000,35.9
15:54:12.225,296615,-4.822,-0.742,1.367,-1.176,3.836,-2.005,54.150,37.650,18.000,36.0
15:54:12.280,296669,-7.755,-6.747,-10.388,-0.226,1.636,-1.179,68.850,24.300,-5.100,35.9
15:54:12.334,296723,-7.365,-6.189,-6.591,1.450,-3.324,1.477,68.850,24.300,-5.100,35.8
15:54:12.384,296777,-4.937,-2.217,-2.030,0.905,-5.595,3.303,68.850,24.300,-5.100,35.9
15:54:12.438,296831,-2.193,1.293,2.083,0.429,-5.919,3.733,68.850,24.300,-5.100,35.9
15:54:12.493,296885,4.968,6.096,5.523,0.593,-6.331,4.002,68.850,24.300,-5.100,35.9
15:54:12.549,296939,11.684,8.871,8.588,0.938,-5.468,3.153,4.050,61.050,45.600,36.0
15:54:12.603,296993,12.364,8.392,9.859,1.648,-4.476,2.654,4.050,61.050,45.600,35.9
15:54:12.658,297047,12.821,9.323,7.341,1.936,-2.550,2.291,-42.150,67.050,37.800,36.0
15:54:12.712,297101,7.882,13.115,11.904,0.489,-0.888,1.025,-42.150,67.050,37.800,35.9
15:54:12.766,297155,7.266,12.965,14.269,-0.622,-0.152,-0.545,-60.600,67.650,28.050,35.5
15:54:12.820,297209,10.233,12.067,11.270,-1.364,1.909,-1.541,-60.600,67.650,28.050,35.8
15:54:12.873,297263,9.603,8.013,10.640,-1.233,3.313,-2.225,-49.800,66.450,34.350,35.9
15:54:12.927,297317,9.594,7.496,6.785,-0.539,4.222,-2.507,-49.800,66.450,34.350,35.9
15:54:12.978,297371,5.892,6.879,7.779,-0.401,4.052,-3.037,-13.650,65.250,42.300,35.9
15:54:13.032,297425,2.291,6.213,6.627,-1.402,4.362,-2.471,-13.650,65.250,42.300,35.8
15:54:13.087,297479,-1.221,4.281,6.591,-0.735,4.211,-2.756,-13.650,65.250,42.300,35.3
15:54:13.143,297533,-1.190,2.863,3.553,-0.903,4.148,-2.597,54.300,40.200,20.700,35.8
15:54:13.197,297587,-0.881,1.504,2.993,-0.621,4.025,-2.213,54.300,40.200,20.700,35.9
15:54:13.251,297641,-3.306,-0.453,0.280,-0.546,3.378,-2.006,67.950,24.450,-3.450,35.5
15:54:13.306,297695,-6.857,-6.644,-10.135,-0.084,1.547,-1.411,67.950,24.450,-3.450,35.7
15:54:13.360,297749,-5.404,-5.289,-4.733,1.328,-3.733,2.284,70.500,15.600,-13.650,36.0
15:54:13.413,297803,-3.754,-0.994,-2.164,1.146,-6.020,3.899,70.500,15.600,-13.650,36.0
15:54:13.464,297857,-2.090,0.814,-0.043,0.607,-6.837,4.095,58.050,37.500,17.850,35.8
15:54:13.519,297911,3.888,6.029,9.316,1.275,-6.671,3.772,58.050,37.500,17.850,35.5
15:54:13.576,297965,11.952,8.983,8.947,0.435,-5.141,3.599,11.250,61.200,42.150,35.7
15:54:13.629,298019,12.074,6.244,9.936,1.189,-4.419,2.563,11.250,61.200,42.150,35.9
15:54:13.684,298073,12.773,7.824,6.771,0.755,-3.732,2.148,-38.700,63.000,41.550,35.8
15:54:13.737,298127,10.874,9.151,7.456,0.763,-2.555,1.578,-38.700,63.000,41.550,35.8
15:54:13.791,298181,12.299,9.778,12.792,0.017,-0.899,0.572,-38.700,63.000,41.550,35.8
15:54:13.842,298235,11.554,9.294,8.973,-1.004,1.684,-1.110,-80.100,59.550,20.400,35.9
15:54:13.896,298289,9.900,7.068,10.015,-1.392,2.868,-1.993,-80.100,59.550,20.400,36.0
15:54:13.950,298343,12.754,7.551,5.947,-0.750,4.008,-2.478,-55.800,60.300,35.700,35.9
15:54:14.004,298397,9.060,5.875,6.409,-0.052,4.703,-2.783,-55.800,60.300,35.700,35.8
15:54:14.058,298451,5.258,4.932,8.526,-0.943,4.496,-2.584,-9.450,63.600,43.650,35.8
15:54:14.115,298505,2.354,4.185,4.963,0.007,4.555,-2.504,-9.450,63.600,43.650,35.8
15:54:14.170,298559,0.321,3.156,7.482,-0.787,4.361,-2.254,29.400,55.950,36.150,35.8
15:54:14.224,298613,-2.842,2.938,0.864,0.086,4.096,-1.922,29.400,55.950,36.150,35.8
15:54:14.278,298667,-4.053,1.563,1.870,0.097,3.222,-2.177,57.150,44.550,18.750,35.7
15:54:14.332,298721,-7.621,-5.265,-6.393,-0.848,1.147,-1.012,68.100,33.900,0.600,35.9
15:54:14.385,298775,-5.567,-4.195,-5.045,0.913,-2.990,1.762,68.100,33.900,0.600,36.1
15:54:14.440,298829,-2.880,-0.345,0.189,0.560,-5.047,3.067,68.100,33.900,0.600,36.0
15:54:14.493,298883,0.230,3.086,5.045,-0.402,-6.107,3.259,68.100,33.900,0.600,35.3
15:54:14.546,298937,5.986,5.578,6.191,-0.744,-5.721,3.168,68.100,33.900,0.600,35.5
15:54:14.601,298991,11.751,8.629,7.664,0.574,-4.689,2.541,68.100,33.900,0.600,35.5
15:54:14.656,299045,13.980,10.360,11.119,0.837,-3.459,2.048,-27.900,56.700,49.650,35.4
15:54:14.710,299099,7.922,8.882,13.166,0.873,-2.031,1.126,-27.900,56.700,49.650,35.8
15:54:14.764,299153,7.815,13.087,17.016,0.600,-0.533,-0.106,-55.950,59.700,40.350,35.5
15:54:14.818,299207,9.869,10.867,10.889,-0.633,1.721,-1.207,-55.950,59.700,40.350,35.8
15:54:14.872,299261,9.369,8.279,13.032,-0.503,3.118,-2.470,-53.100,62.400,38.550,35.8
15:54:14.926,299315,11.468,8.250,7.867,-0.525,4.312,-2.588,-53.100,62.400,38.550,35.8
15:54:14.979,299369,7.151,6.325,9.036,0.005,5.079,-2.848,-17.100,63.300,44.850,35.8
15:54:15.034,299423,3.950,4.702,5.614,-0.439,4.963,-3.272,28.650,55.950,35.700,35.5
15:54:15.087,299477,2.452,2.849,3.383,-0.556,5.118,-2.904,28.650,55.950,35.700,35.8
15:54:15.142,299531,-1.494,1.279,-0.582,-0.387,4.874,-2.583,28.650,55.950,35.700,35.7
15:54:15.196,299585,-7.649,-7.010,-10.036,-0.124,2.702,-2.275,28.650,55.950,35.700,35.8
15:54:15.250,299639,-4.087,-7.458,-7.482,0.084,-3.080,1.355,69.000,28.800,-6.000,35.5
15:54:15.303,299693,-0.096,-1.267,-3.591,0.211,-6.034,3.647,69.000,28.800,-6.000,36.0
15:54:15.357,299747,0.934,0.163,3.081,0.677,-7.176,4.098,54.150,45.000,22.350,35.8
15:54:15.411,299801,6.790,5.428,6.026,0.925,-7.128,4.087,54.150,45.000,22.350,35.4
15:54:15.466,299855,14.547,12.045,13.659,0.389,-5.296,3.113,-0.300,63.300,44.100,35.3
15:54:15.520,299909,14.341,8.018,11.679,-0.285,-2.625,1.311,-0.300,63.300,44.100,35.8
15:54:15.573,299963,6.759,12.139,16.860,0.427,-0.425,0.222,-47.850,62.400,39.600,35.8
15:54:15.626,300017,4.547,11.442,16.194,1.167,1.796,-0.858,-50.400,64.350,36.600,35.7
15:54:15.680,300071,7.295,12.313,13.290,0.771,2.719,-2.154,-50.400,64.350,36.600,35.7
15:54:15.736,300125,11.892,9.998,10.324,-1.261,3.442,-3.056,-20.550,71.250,39.300,35.7
15:54:15.790,300179,10.709,6.752,6.280,-1.350,4.279,-3.223,-20.550,71.250,39.300,35.8
15:54:15.843,300233,4.946,5.054,6.364,-0.233,5.018,-2.903,-20.550,71.250,39.300,35.8
15:54:15.898,300287,1.417,2.988,2.476,0.340,5.335,-2.826,-20.550,71.250,39.300,36.0
15:54:15.951,300341,-1.961,0.931,1.741,-0.239,4.988,-2.929,55.800,47.850,16.350,35.8
15:54:16.006,300395,-5.004,-4.760,-5.859,-1.088,3.358,-2.849,55.800,47.850,16.350,35.8
15:54:16.060,300449,-5.605,-10.154,-10.369,-0.202,-1.378,0.343,71.700,29.850,-8.550,36.0
15:54:16.114,300503,-2.456,-5.825,-6.369,0.651,-5.599,3.893,71.700,29.850,-8.550,35.8
15:54:16.167,300557,0.079,-1.003,1.343,0.699,-6.773,4.602,63.450,39.150,9.300,35.5
15:54:16.221,300611,6.900,4.750,5.600,1.360,-6.639,4.773,63.450,39.150,9.300,35.5
15:54:16.275,300665,15.663,11.231,13.671,0.412,-5.268,4.338,20.400,67.650,35.700,35.8
15:54:16.330,300719,14.085,14.332,17.528,-0.863,-2.876,1.937,-33.300,69.750,38.850,35.8
15:54:16.383,300773,4.302,13.661,17.085,0.299,0.134,0.350,-33.300,69.750,38.850,35.7
15:54:16.438,300827,2.569,13.788,15.361,0.932,1.480,-0.806,-41.700,65.700,37.650,35.4
15:54:16.491,300881,7.302,11.746,12.416,-0.673,2.442,-2.233,-41.700,65.700,37.650,35.7
15:54:16.545,300935,10.657,7.894,8.547,-0.673,3.648,-2.670,-41.700,65.700,37.650,36.0
15:54:16.599,300989,7.865,7.271,7.573,0.545,4.227,-3.504,-41.700,65.700,37.650,35.8
15:54:16.650,301043,4.274,5.954,4.666,0.047,4.507,-3.352,23.100,64.950,33.900,35.9
15:54:16.704,301097,0.393,2.931,4.013,-0.382,4.551,-3.070,23.100,64.950,33.900,35.5
15:54:16.759,301151,-2.875,0.754,1.228,-0.028,3.997,-3.446,57.000,51.300,14.850,35.8
15:54:16.816,301205,-2.689,-2.516,-1.305,-0.418,3.303,-2.832,57.000,51.300,14.850,36.0
15:54:16.870,301259,-6.426,-8.674,-8.638,-1.192,-1.125,0.361,69.450,31.050,-8.850,35.6
15:54:16.924,301313,-3.409,-4.345,-6.701,0.598,-4.923,3.433,68.100,33.150,-0.600,35.3
15:54:16.978,301367,-3.996,0.474,-0.330,0.329,-6.728,4.526,68.100,33.150,-0.600,35.8
15:54:17.027,301421,4.796,4.113,5.741,0.863,-6.888,4.700,35.700,58.350,31.800,35.9
15:54:17.082,301475,15.658,9.158,7.946,-1.100,-5.581,3.952,35.700,58.350,31.800,36.0
15:54:17.139,301529,13.513,8.174,12.177,-1.226,-4.506,2.043,35.700,58.350,31.800,35.9
15:54:17.193,301583,6.098,8.399,12.395,0.391,-2.722,1.541,35.700,58.350,31.800,35.5
15:54:17.248,301637,5.423,10.597,18.323,0.782,-0.895,0.360,35.700,58.350,31.800,35.5
15:54:17.297,301691,8.195,13.039,16.506,-1.169,1.164,-0.907,35.700,58.350,31.800,35.8
15:54:17.352,301745,7.719,8.926,13.544,-0.278,3.324,-1.866,-52.350,58.500,37.050,35.4
15:54:17.408,301799,9.136,7.994,11.552,0.746,4.283,-2.635,-52.350,58.500,37.050,35.5
15:54:17.464,301853,9.110,7.776,8.313,-0.548,4.824,-3.174,-17.250,62.400,43.650,35.9
15:54:17.517,301907,4.693,4.657,7.302,-1.123,4.981,-3.098,27.150,54.450,37.200,35.9
15:54:17.571,301961,2.895,4.118,4.319,-0.681,4.992,-2.965,27.150,54.450,37.200,35.9
15:54:17.625,302015,0.294,1.089,3.347,-0.742,4.998,-2.644,59.550,39.750,16.050,35.9
15:54:17.679,302069,-1.738,-1.003,-1.714,-1.698,4.778,-2.337,59.550,39.750,16.050,35.5
15:54:17.734,302123,-6.268,-7.214,-12.273,-0.134,2.228,-1.677,71.250,21.750,-13.200,35.8
15:54:17.788,302177,-5.394,-6.256,-6.127,1.075,-2.775,1.102,71.250,21.750,-13.200,35.8
15:54:17.842,302231,-1.781,-0.766,-1.271,0.797,-5.903,3.979,69.000,23.250,-6.750,35.5
15:54:17.895,302285,-2.033,0.022,1.736,0.080,-6.990,4.496,69.000,23.250,-6.750,35.5
15:54:17.949,302339,1.755,4.053,5.681,0.952,-7.080,4.478,69.000,23.250,-6.750,35.7
15:54:18.003,302393,11.272,8.432,11.329,1.286,-6.136,3.034,69.000,23.250,-6.750,35.9
15:54:18.058,302447,15.634,10.465,11.861,-0.414,-4.675,2.352,-14.700,63.600,44.700,35.8
15:54:18.111,302501,9.215,10.549,12.682,-0.136,-1.738,1.015,-14.700,63.600,44.700,35.5
15:54:18.165,302555,7.309,12.493,19.237,0.151,0.716,-0.498,-50.850,58.200,37.350,35.8
15:54:18.219,302609,8.246,10.961,15.306,-0.459,2.891,-1.586,-46.950,59.100,38.700,35.8
15:54:18.274,302663,10.381,8.574,11.344,-0.259,4.086,-2.197,-46.950,59.100,38.700,35.5
15:54:18.327,302717,8.104,6.857,8.815,0.134,5.002,-2.419,-6.300,59.550,40.950,35.8
15:54:18.382,302771,6.093,5.241,5.227,-0.042,5.163,-2.997,-6.300,59.550,40.950,35.3
15:54:18.435,302825,3.278,3.677,6.148,-0.686,4.863,-3.042,35.850,54.300,31.200,35.6
15:54:18.489,302879,1.918,1.743,0.405,-1.073,4.905,-2.752,35.850,54.300,31.200,35.8
15:54:18.543,302933,-1.769,0.555,1.932,-0.532,4.503,-2.516,62.700,36.900,8.100,35.5
15:54:18.597,302987,-6.469,-7.307,-11.969,-0.144,1.980,-1.631,62.700,36.900,8.100,35.8
15:54:18.651,303041,-4.369,-8.301,-9.153,1.775,-3.590,1.854,62.700,36.900,8.100,35.8
15:54:18.705,303095,-2.483,-1.978,-2.354,0.463,-6.403,4.375,62.700,36.900,8.100,35.8
15:54:18.759,303149,1.688,1.765,1.056,0.377,-7.355,4.722,60.150,39.900,11.850,35.9
15:54:18.813,303203,8.502,4.997,7.015,0.899,-6.850,4.352,12.000,63.150,41.100,35.5
15:54:18.868,303257,16.908,10.381,9.206,-0.016,-5.697,3.322,12.000,63.150,41.100,35.7
15:54:18.921,303311,12.737,10.348,13.913,0.318,-3.575,1.877,-46.350,62.700,38.100,35.9
15:54:18.975,303365,9.301,12.756,16.731,0.894,-1.250,0.989,-46.350,62.700,38.100,35.6
15:54:19.029,303419,10.800,13.096,14.949,0.200,0.941,-0.624,-64.200,60.900,28.200,35.8
15:54:19.083,303473,10.118,9.570,13.477,-0.917,3.108,-1.715,-64.200,60.900,28.200,35.5
15:54:19.137,303527,11.195,8.363,11.504,-0.570,3.908,-2.475,-43.950,62.250,38.250,35.5
15:54:19.192,303581,11.088,8.234,7.659,-0.467,5.043,-2.587,-43.950,62.250,38.250,36.0
15:54:19.245,303635,7.305,6.009,5.080,-0.176,5.229,-3.180,-43.950,62.250,38.250,35.7
15:54:19.300,303689,3.357,3.555,5.303,-0.768,5.191,-3.044,-43.950,62.250,38.250,35.4
15:54:19.353,303743,1.348,1.628,3.191,-0.460,5.642,-2.491,-43.950,62.250,38.250,36.0
15:54:19.407,303797,-2.274,0.481,1.547,-0.171,4.876,-2.791,-50.100,62.250,38.250,35.7
15:54:19.461,303851,-5.801,-10.166,-9.649,-0.360,3.606,-3.168,65.100,33.600,-1.050,36.0
15:54:19.516,303905,-3.354,-8.789,-8.521,-0.093,-1.838,0.638,68.700,19.050,-19.800,35.8
15:54:19.569,303959,-1.123,-1.626,-5.504,1.041,-5.904,4.113,68.700,19.050,-19.800,35.8
15:54:19.623,304013,-0.237,-0.268,1.858,0.779,-6.903,4.728,60.150,41.850,13.950,35.4
15:54:19.677,304067,4.269,7.015,6.060,2.012,-6.973,5.017,60.150,41.850,13.950,35.6
15:54:19.731,304121,13.872,12.131,10.896,1.306,-5.568,4.169,8.850,68.700,39.000,35.5
15:54:19.785,304175,13.870,11.442,9.914,-0.269,-4.652,2.822,8.850,68.700,39.000,35.9
15:54:19.840,304229,11.140,12.282,14.236,-0.741,-2.270,1.192,-43.650,69.750,36.000,36.0
15:54:19.893,304283,7.233,12.112,13.898,0.187,-0.256,0.220,-43.650,69.750,36.000,35.5
15:54:19.947,304337,8.346,12.143,15.139,-0.287,1.631,-1.284,-43.650,69.750,36.000,35.8
15:54:20.001,304391,12.153,10.652,12.426,-1.205,3.335,-2.198,-43.650,69.750,36.000,35.9
15:54:20.055,304445,9.632,8.126,8.933,-1.099,4.570,-2.656,-39.000,64.500,39.000,35.4
15:54:20.109,304499,7.005,6.871,7.348,-1.361,5.107,-2.854,6.450,60.000,42.900,35.8
15:54:20.163,304553,4.745,5.004,5.583,-1.656,5.295,-2.587,6.450,60.000,42.900,35.9
15:54:20.217,304607,2.732,2.842,4.386,-1.408,5.149,-2.616,46.200,42.450,27.750,35.6
15:54:20.271,304661,0.168,1.381,1.786,-1.448,4.914,-2.616,46.200,42.450,27.750,35.5
15:54:20.326,304715,-6.117,-7.681,-11.693,-0.756,4.636,-1.589,65.400,23.250,0.450,35.8
15:54:20.379,304769,-4.056,-7.204,-7.915,1.462,-0.222,-0.016,65.400,23.250,0.450,35.9
15:54:20.435,304823,-3.244,-4.389,-6.637,2.219,-5.202,3.249,68.550,19.650,-8.400,35.9
15:54:20.487,304877,-0.749,0.922,-1.015,0.786,-6.759,3.925,68.550,19.650,-8.400,35.8
15:54:20.541,304931,1.018,3.529,5.140,1.011,-7.378,3.881,49.350,44.250,26.400,36.0
15:54:20.595,304985,11.803,7.398,6.689,1.123,-6.429,3.661,49.350,44.250,26.400,35.8
15:54:20.650,305039,16.106,8.882,10.101,-0.552,-5.319,2.243,49.350,44.250,26.400,35.6
15:54:20.704,305093,11.150,9.136,13.994,-0.628,-2.386,0.970,-51.150,57.000,38.550,35.7
15:54:20.758,305147,6.984,8.856,16.166,0.893,-0.529,0.284,-51.150,57.000,38.550,35.4
15:54:20.811,305201,9.143,11.648,14.564,0.321,2.093,-0.781,-55.800,59.100,36.150,35.8
15:54:20.866,305255,9.270,9.957,13.719,-0.560,3.285,-1.797,-55.800,59.100,36.150,35.7
15:54:20.919,305309,10.513,8.169,8.317,-0.980,4.384,-2.307,-25.200,58.650,44.850,35.8
15:54:20.974,305363,7.008,5.607,6.876,-1.050,4.806,-2.863,-25.200,58.650,44.850,36.0
15:54:21.027,305417,3.045,2.155,5.298,-1.463,4.932,-2.577,18.150,51.750,41.550,35.9
15:54:21.082,305471,0.261,0.251,5.250,-1.228,4.788,-3.082,18.150,51.750,41.550,36.0
15:54:21.134,305525,-1.537,0.146,1.659,-1.468,4.244,-3.417,50.550,33.150,24.450,36.0
15:54:21.188,305579,-1.923,-2.255,-5.212,-0.770,3.540,-1.657,50.550,33.150,24.450,35.7
15:54:21.243,305633,-3.045,-5.279,-5.411,0.535,-0.664,1.152,50.550,33.150,24.450,35.4
15:54:21.297,305687,-3.232,-3.610,-2.540,2.275,-5.051,4.141,50.550,33.150,24.450,35.8
15:54:21.351,305741,-2.152,0.505,2.684,1.588,-6.330,4.532,50.550,33.150,24.450,36.0
15:54:21.405,305795,4.750,5.792,5.885,1.649,-7.017,4.396,22.050,57.300,39.900,36.0
15:54:21.459,305849,13.192,7.709,10.870,1.137,-5.433,3.526,22.050,57.300,39.900,35.5
15:54:21.513,305903,13.850,10.455,9.378,-0.066,-5.032,2.776,-34.800,65.850,41.400,35.9
15:54:21.567,305957,9.826,10.257,11.559,0.150,-2.392,1.535,-34.800,65.850,41.400,35.8
15:54:21.621,306011,9.488,11.387,14.784,0.690,-1.265,0.277,-67.050,57.900,29.850,36.0
15:54:21.676,306065,12.079,10.961,13.762,-0.146,2.003,-1.073,-67.050,57.900,29.850,35.4
15:54:21.729,306119,10.101,8.071,12.237,-0.450,3.656,-2.362,-61.650,62.400,29.400,35.8
15:54:21.783,306173,10.142,7.836,8.282,-0.630,4.340,-2.698,-61.650,62.400,29.400,35.7
15:54:21.837,306227,7.831,5.246,6.304,-1.005,4.844,-2.844,-20.850,64.050,41.550,35.9
15:54:21.891,306281,6.213,4.314,6.088,-1.332,4.651,-2.415,-20.850,64.050,41.550,35.8
15:54:21.945,306335,1.475,2.844,3.711,-0.707,4.894,-1.969,-20.850,64.050,41.550,35.9
15:54:21.999,306389,-1.518,2.598,3.630,-0.842,4.561,-2.515,-20.850,64.050,41.550,35.8
15:54:22.054,306443,-7.264,-4.403,-5.693,-0.779,3.405,-1.326,-20.850,64.050,41.550,36.0
15:54:22.107,306497,-3.812,-4.992,-5.708,0.362,-0.994,0.532,67.350,31.950,5.400,35.8
15:54:22.158,306551,-1.367,-0.649,-3.237,1.008,-4.720,2.383,67.350,31.950,5.400,35.4
15:54:22.212,306605,-0.721,0.682,1.793,0.470,-6.256,3.196,49.050,47.100,27.300,36.0
15:54:22.268,306659,4.633,6.254,7.185,0.995,-6.612,3.599,49.050,47.100,27.300,35.8
15:54:22.323,306713,12.016,7.812,7.472,0.819,-5.611,3.121,-0.600,60.600,44.850,35.9
15:54:22.377,306767,12.821,7.046,9.299,1.173,-4.952,2.492,-0.600,60.600,44.850,35.8
15:54:22.431,306821,13.546,7.685,7.314,1.316,-3.896,2.673,-52.500,65.700,35.700,36.0
15:54:22.486,306875,14.277,10.973,6.615,1.000,-2.110,1.628,-52.500,65.700,35.700,35.8
15:54:22.539,306929,11.961,11.650,13.032,-0.815,0.647,-0.554,-84.300,58.500,13.650,35.8
15:54:22.593,306983,10.728,9.809,10.554,-2.118,2.403,-1.387,-84.300,58.500,13.650,35.8
15:54:22.647,307037,12.251,7.661,7.302,-1.484,3.701,-2.245,-77.100,57.150,20.700,35.5
15:54:22.702,307091,10.046,7.357,7.582,-0.792,4.695,-2.754,-77.100,57.150,20.700,35.9
15:54:22.755,307145,7.580,5.521,9.438,-1.321,4.960,-2.889,-77.100,57.150,20.700,35.8
15:54:22.805,307199,4.137,4.472,5.976,-1.525,5.316,-2.387,6.600,54.000,44.850,35.5
15:54:22.861,307253,1.003,1.815,7.803,-1.286,5.035,-2.530,6.600,54.000,44.850,35.7
15:54:22.918,307307,1.549,1.638,3.795,-1.941,4.659,-1.799,46.950,39.750,32.100,35.8
15:54:22.971,307361,-0.139,0.673,2.947,-1.032,4.423,-1.215,46.950,39.750,32.100,35.8
15:54:23.025,307415,-5.406,-5.753,-8.789,-0.102,2.324,-0.920,64.350,24.300,6.450,35.9
15:54:23.079,307469,-3.965,-3.931,-6.445,1.052,-3.770,1.538,64.350,24.300,6.450,35.5
15:54:23.133,307523,-2.502,-1.401,-1.745,1.520,-6.285,3.000,66.600,24.750,8.400,35.4
15:54:23.187,307577,-1.657,0.599,0.503,0.814,-7.449,3.175,66.600,24.750,8.400,35.8
15:54:23.292,307631,5.492,5.425,8.212,1.647,-7.122,2.603,31.950,43.650,39.000,35.5
15:54:23.294,307685,15.198,7.968,11.372,1.314,-5.466,2.834,-26.700,59.550,44.850,35.6
15:54:23.349,307739,14.111,6.967,9.007,1.769,-4.218,2.331,-26.700,59.550,44.850,35.9
15:54:23.404,307793,14.188,9.309,10.551,0.684,-2.177,1.156,-26.700,59.550,44.850,35.8
15:54:23.457,307847,7.477,9.977,12.989,-0.862,0.086,0.225,-26.700,59.550,44.850,35.7
15:54:23.512,307901,9.301,8.466,13.436,-0.737,1.356,-0.964,-71.850,57.900,22.950,35.8
15:54:23.566,307955,11.842,6.558,10.836,-0.755,3.088,-1.621,-71.850,57.900,22.950,35.8
15:54:23.620,308009,11.143,6.373,8.554,-0.436,4.254,-2.320,-50.250,58.350,35.400,35.2
15:54:23.673,308063,8.789,6.491,6.931,-0.791,4.752,-2.326,-50.250,58.350,35.400,36.0
15:54:23.727,308117,5.859,4.283,5.835,-0.548,5.182,-2.108,-6.600,57.600,43.800,35.5
15:54:23.781,308171,2.727,4.259,5.885,-0.493,4.528,-2.543,-6.600,57.600,43.800,36.0
15:54:23.835,308225,0.907,3.340,4.125,-1.143,4.789,-1.409,33.150,50.250,35.700,35.9
15:54:23.889,308279,-4.729,0.570,1.786,-0.823,4.017,-1.602,59.850,36.600,16.050,35.8
15:54:23.944,308333,-8.748,-4.650,-8.650,-0.591,1.486,-1.268,59.850,36.600,16.050,35.9
15:54:23.997,308387,-4.827,-3.958,-7.211,0.458,-2.717,0.849,65.100,30.150,7.950,35.9
15:54:24.051,308441,-1.329,-0.388,-1.164,0.538,-5.432,2.418,65.100,30.150,7.950,35.5
15:54:24.105,308495,0.450,-0.091,2.861,0.704,-6.686,2.902,65.100,30.150,7.950,35.7
15:54:24.159,308549,7.872,4.199,6.024,2.132,-6.692,2.968,65.100,30.150,7.950,35.8
15:54:24.213,308603,13.949,9.996,13.178,1.891,-4.840,2.433,-10.350,58.650,47.400,35.8
15:54:24.267,308657,13.441,9.761,12.076,0.412,-3.709,1.854,-10.350,58.650,47.400,35.9
15:54:24.322,308711,12.234,10.939,14.380,-0.452,-0.961,0.548,-53.400,62.400,35.550,35.8
15:54:24.376,308765,13.080,10.934,15.888,-0.729,1.353,-0.689,-53.400,62.400,35.550,35.8
15:54:24.429,308819,9.912,9.033,12.565,-0.030,3.849,-1.493,-55.950,60.450,34.800,36.0
15:54:24.483,308873,10.721,8.578,9.203,0.413,4.595,-2.223,-55.950,60.450,34.800,35.8
15:54:24.537,308927,8.152,6.153,6.196,-0.148,5.308,-2.586,-22.650,60.600,43.500,35.5
15:54:24.591,308981,4.204,3.737,3.922,-0.063,5.331,-2.979,26.400,56.700,36.450,35.5
15:54:24.645,309035,-1.269,1.961,3.692,-0.317,5.256,-3.113,26.400,56.700,36.450,35.5
15:54:24.699,309089,-5.416,-2.746,-3.369,-1.142,4.228,-2.699,26.400,56.700,36.450,35.8
15:54:24.754,309143,-5.294,-6.742,-7.661,-0.544,1.014,-1.101,26.400,56.700,36.450,35.7
15:54:24.807,309197,-1.563,-1.729,-4.738,0.990,-4.178,2.321,26.400,56.700,36.450,36.0
15:54:24.862,309251,-0.718,-0.876,-2.023,0.899,-6.103,3.634,26.400,56.700,36.450,36.0
15:54:24.915,309305,0.321,3.390,0.436,1.022,-7.545,3.811,41.850,53.100,34.500,35.5
15:54:24.969,309359,14.047,12.586,4.511,1.310,-6.409,4.021,41.850,53.100,34.500,35.5
15:54:25.024,309413,16.747,12.646,16.961,-1.051,-3.439,1.335,-17.100,66.450,44.550,35.4
15:54:25.078,309467,6.663,12.356,18.141,-0.881,-0.217,-0.102,-17.100,66.450,44.550,36.0
15:54:25.131,309521,3.522,9.534,16.862,0.622,1.707,-0.711,-44.850,60.000,40.650,35.7
15:54:25.186,309575,7.393,9.876,13.182,0.351,3.205,-1.711,-25.050,61.950,43.950,35.7
15:54:25.239,309629,10.027,8.030,10.199,-0.566,3.494,-2.558,-25.050,61.950,43.950,35.8
15:54:25.293,309683,7.752,6.476,9.424,-1.653,4.367,-2.091,7.200,56.550,43.950,35.5
15:54:25.343,309737,3.649,3.855,5.231,-0.414,5.373,-1.407,7.200,56.550,43.950,35.9
15:54:25.398,309791,0.749,2.993,4.058,-0.090,5.837,-1.504,7.200,56.550,43.950,36.0
15:54:25.453,309845,-3.112,0.017,0.192,-0.839,5.323,-1.456,7.200,56.550,43.950,35.8
15:54:25.510,309899,-7.530,-4.662,-9.191,-1.458,3.334,-2.005,67.500,37.650,-0.900,35.4
15:54:25.563,309953,-6.007,-6.110,-9.850,0.188,-1.929,-0.467,67.500,37.650,-0.900,35.3
15:54:25.617,310007,-1.834,-2.140,-4.685,0.568,-5.153,1.772,69.450,29.100,-5.550,35.7
15:54:25.671,310061,-1.089,-0.565,-1.913,0.159,-7.182,2.735,69.450,29.100,-5.550,35.5
15:54:25.725,310115,0.883,1.300,5.037,1.106,-8.091,2.879,50.100,41.100,27.150,35.8
15:54:25.779,310169,13.039,6.749,9.711,1.556,-7.389,3.304,-7.800,55.950,46.350,35.8
15:54:25.833,310223,20.909,11.198,12.096,0.583,-5.306,2.179,-7.800,55.950,46.350,35.6
15:54:25.888,310277,11.545,10.005,15.191,-0.812,-1.784,0.919,-54.000,56.700,37.650,35.5
15:54:25.941,310331,5.830,9.139,16.877,0.280,0.191,0.107,-54.000,56.700,37.650,35.3
15:54:25.992,310385,6.407,10.113,14.976,0.553,1.955,-0.817,-57.150,54.600,36.300,35.5
15:54:26.047,310439,9.021,9.251,14.574,0.014,3.410,-1.852,-57.150,54.600,36.300,36.0
15:54:26.103,310493,10.879,7.609,10.283,-0.895,4.346,-2.399,-57.150,54.600,36.300,35.7
15:54:26.157,310547,7.590,7.235,9.500,-0.356,5.626,-1.490,-57.150,54.600,36.300,35.9
15:54:26.211,310601,4.290,3.603,7.281,1.107,5.267,-2.417,16.650,54.450,41.550,35.9
15:54:26.261,310655,3.852,5.157,5.930,-0.322,4.437,-3.419,16.650,54.450,41.550,35.9
15:54:26.316,310709,2.140,0.919,2.349,-2.949,4.210,-2.883,51.300,48.600,19.350,35.9
15:54:26.369,310763,0.395,-0.809,-2.698,-2.140,4.497,-2.281,51.300,48.600,19.350,35.9
15:54:26.423,310817,-7.549,-6.625,-11.131,0.678,1.776,-1.580,66.450,24.450,-3.000,35.4
15:54:26.479,310871,-5.782,-6.790,-7.750,1.501,-4.005,1.681,68.250,15.900,-8.550,35.5
15:54:26.535,310925,-2.155,-1.788,-3.170,0.510,-7.159,3.610,68.250,15.900,-8.550,35.5
15:54:26.590,310979,1.647,0.491,2.320,1.168,-7.945,3.471,47.100,36.900,28.950,35.5
15:54:26.643,311033,9.673,6.804,9.041,1.779,-7.312,3.282,47.100,36.900,28.950,35.8
15:54:26.697,311087,16.501,9.603,9.369,1.160,-6.361,2.785,47.100,36.900,28.950,35.8
15:54:26.751,311141,15.488,13.451,15.071,0.241,-3.161,1.320,47.100,36.900,28.950,36.0
15:54:26.806,311195,10.178,12.922,18.361,0.380,0.845,-0.015,47.100,36.900,28.950,35.5
15:54:26.860,311249,5.602,10.137,19.142,0.543,2.402,-1.177,47.100,36.900,28.950,35.9
15:54:26.913,311303,8.717,9.419,14.044,-0.925,3.812,-2.131,-40.350,60.450,40.350,35.3
15:54:26.967,311357,7.527,6.555,11.068,-1.476,4.526,-2.360,-40.350,60.450,40.350,35.4
15:54:27.022,311411,7.987,6.086,6.843,-0.168,5.661,-1.992,-3.900,56.250,44.400,35.8
15:54:27.075,311465,4.120,4.676,3.819,0.285,5.682,-2.619,40.350,49.200,30.450,35.8
15:54:27.129,311519,1.633,2.076,3.390,-1.162,5.028,-2.964,40.350,49.200,30.450,35.8
15:54:27.183,311573,-0.924,0.096,-2.286,-1.982,4.848,-2.582,65.400,29.550,3.450,35.5
15:54:27.237,311627,-6.850,-7.106,-10.958,-0.483,2.167,-1.913,65.400,29.550,3.450,35.8
15:54:27.291,311681,-2.847,-6.012,-7.575,1.702,-4.120,1.873,70.500,18.750,-11.400,35.8
15:54:27.346,311735,-0.065,-1.834,-3.543,1.164,-6.392,3.961,70.500,18.750,-11.400,35.8
15:54:27.399,311789,0.838,-0.869,1.571,1.873,-7.590,4.327,70.500,18.750,-11.400,35.8
15:54:27.453,311843,7.597,7.369,6.560,2.518,-6.955,4.692,70.500,18.750,-11.400,35.4
15:54:27.507,311897,16.106,13.151,13.422,0.144,-5.110,3.093,70.500,18.750,-11.400,35.8
15:54:27.561,311951,10.903,8.258,12.845,-0.547,-3.002,1.592,70.500,18.750,-11.400,36.0
15:54:27.615,312005,6.249,12.603,19.812,0.273,-1.025,0.418,-48.900,63.150,37.800,35.5
15:54:27.669,312059,8.835,12.462,16.419,0.498,2.251,-0.726,-48.900,63.150,37.800,35.4
15:54:27.723,312113,8.787,10.587,15.402,0.089,3.069,-2.180,-53.550,64.050,36.900,35.5
15:54:27.777,312167,13.106,8.693,11.705,-2.208,4.105,-2.619,-19.500,63.600,42.150,35.7
15:54:27.832,312221,9.076,5.823,5.248,-1.484,5.009,-2.807,-19.500,63.600,42.150,35.8
15:54:27.885,312275,5.416,5.588,4.851,-0.767,5.348,-2.876,25.500,51.600,38.550,35.8
15:54:27.939,312329,2.346,3.479,0.970,-0.613,5.423,-2.629,25.500,51.600,38.550,35.5
15:54:27.994,312383,-2.071,0.855,-0.551,-1.094,4.606,-2.287,57.450,36.150,16.200,36.0
15:54:28.047,312437,-5.930,-4.164,-4.207,-1.432,3.059,-1.569,57.450,36.150,16.200,35.9
15:54:28.101,312491,-6.902,-7.063,-9.625,-0.071,-0.662,0.111,57.450,36.150,16.200,35.5
15:54:28.155,312545,-2.796,-4.046,-5.250,1.903,-5.080,2.821,57.450,36.150,16.200,35.5
15:54:28.209,312599,0.728,0.661,-2.365,1.402,-6.733,3.753,63.450,27.900,7.800,35.8
15:54:28.263,312653,1.401,2.380,3.371,1.652,-8.000,3.690,63.450,27.900,7.800,36.0
15:54:28.317,312707,16.247,11.164,5.792,1.471,-6.732,3.990,23.250,52.650,42.450,35.9
15:54:28.372,312761,16.230,10.240,15.488,0.215,-4.038,2.050,-34.950,62.550,41.250,35.4
15:54:28.425,312815,7.597,14.456,19.484,-0.386,-0.780,0.468,-34.950,62.550,41.250,36.0
15:54:28.480,312869,5.794,10.750,18.136,-0.047,0.912,-0.712,-49.500,57.600,39.750,35.5
15:54:28.529,312923,8.777,10.228,13.934,-0.147,3.244,-1.598,-49.500,57.600,39.750,35.4
15:54:28.584,312977,10.616,7.053,11.380,-0.737,4.082,-2.347,-24.150,60.600,45.300,35.8
15:54:28.640,313031,8.033,6.814,7.611,-1.643,4.751,-2.493,-24.150,60.600,45.300,35.8
15:54:28.695,313085,5.385,4.096,5.454,-0.981,4.953,-2.213,-24.150,60.600,45.300,35.8
15:54:28.749,313139,1.420,4.142,3.977,0.027,5.522,-1.822,-24.150,60.600,45.300,36.0
15:54:28.803,313193,-2.215,1.077,1.767,0.590,4.664,-2.442,-24.150,60.600,45.300,35.8
15:54:28.857,313247,-4.345,0.043,-0.881,0.149,3.604,-2.459,-24.150,60.600,45.300,35.5
15:54:28.912,313301,-7.848,-6.955,-9.275,-1.025,-0.455,-0.274,69.450,27.600,-1.950,35.7
15:54:28.965,313355,-5.456,-6.211,-5.353,1.041,-4.419,2.379,66.000,25.200,4.500,35.5
15:54:29.020,313409,-0.639,-1.350,-1.681,0.967,-6.423,3.594,66.000,25.200,4.500,35.8
15:54:29.073,313463,3.247,4.990,4.142,0.760,-7.133,4.077,36.300,49.200,35.250,35.8
15:54:29.127,313517,14.779,9.898,7.659,0.802,-6.010,3.910,36.300,49.200,35.250,35.7
15:54:29.181,313571,13.700,10.185,14.703,-0.418,-4.253,2.031,-18.750,61.650,44.700,35.5
15:54:29.235,313625,5.116,10.654,14.382,0.369,-1.542,0.964,-18.750,61.650,44.700,35.5
15:54:29.289,313679,2.538,10.549,19.609,0.611,0.154,-0.119,-40.950,59.850,40.950,35.4
15:54:29.343,313733,6.627,10.817,15.136,-0.863,1.861,-0.977,-40.950,59.850,40.950,35.5
15:54:29.397,313787,6.608,8.753,12.524,-0.079,3.685,-1.891,-40.950,59.850,40.950,35.8
15:54:29.451,313841,5.612,9.637,9.031,0.629,3.920,-2.616,-40.950,59.850,40.950,35.8
15:54:29.502,313895,5.239,7.606,8.535,-0.531,4.076,-2.947,4.050,60.600,42.300,35.7
15:54:29.555,313949,1.595,4.578,4.834,-0.512,4.532,-2.750,4.050,60.600,42.300,35.7
15:54:29.613,314003,-1.472,0.663,3.165,0.857,4.062,-2.532,41.850,51.600,29.400,35.8
15:54:29.667,314057,-4.293,-2.600,4.659,-0.795,2.435,-2.732,63.150,38.850,10.650,35.9
15:54:29.722,314111,-6.821,-4.609,-4.494,-2.207,1.465,-1.371,63.150,38.850,10.650,35.8
15:54:29.775,314165,-5.250,-4.820,-4.075,0.240,-2.039,1.144,65.700,27.150,3.000,35.4
15:54:29.830,314219,-2.533,-0.948,-0.807,1.317,-4.082,2.696,65.700,27.150,3.000,35.6
15:54:29.883,314273,-1.317,1.257,2.794,0.682,-5.561,3.773,53.400,43.050,22.350,35.8
15:54:29.937,314327,3.196,3.000,4.549,0.562,-6.414,4.892,53.400,43.050,22.350,35.7
15:54:30.044,314381,12.021,9.953,8.387,1.307,-6.077,4.101,5.850,59.550,43.500,35.5
15:54:30.049,314435,18.009,10.752,14.485,-0.715,-3.526,2.063,5.850,59.550,43.500,35.3
15:54:30.099,314489,7.063,11.100,13.556,-0.156,-0.903,0.824,5.850,59.550,43.500,35.8
15:54:30.153,314543,4.975,11.696,20.035,0.828,0.901,-0.438,5.850,59.550,43.500,35.7
15:54:30.207,314597,9.996,11.248,13.151,0.115,2.515,-1.606,-52.350,58.500,38.100,35.8
15:54:30.261,314651,9.912,6.546,11.186,-1.451,3.734,-2.570,-25.950,61.350,44.100,35.4
15:54:30.315,314705,7.065,6.206,9.682,-1.423,4.590,-2.242,-25.950,61.350,44.100,35.5
15:54:30.370,314759,4.729,4.101,5.504,-0.194,4.987,-1.969,15.750,51.150,40.650,35.7
15:54:30.423,314813,1.113,2.394,4.757,-0.739,4.913,-1.898,15.750,51.150,40.650,35.8
15:54:30.478,314867,-2.765,0.807,2.102,-1.008,4.382,-1.685,49.050,40.500,24.750,35.5
15:54:30.531,314921,-6.376,-0.120,-4.338,-1.044,3.670,-1.057,49.050,40.500,24.750,35.8
15:54:30.585,314975,-8.461,-3.218,-7.678,0.281,0.306,0.262,66.750,28.800,5.250,35.8
15:54:30.639,315029,-5.250,-3.440,-3.711,1.709,-4.741,2.040,66.750,28.800,5.250,35.8
15:54:30.693,315083,-2.509,2.088,0.189,0.228,-6.212,3.118,59.250,37.500,16.800,35.9
15:54:30.747,315137,2.488,1.887,5.760,0.725,-7.060,2.343,59.250,37.500,16.800,35.5
15:54:30.801,315191,12.653,3.910,7.391,0.432,-5.810,2.748,59.250,37.500,16.800,35.5
15:54:30.855,315245,11.032,7.262,8.923,1.112,-5.156,1.933,59.250,37.500,16.800,35.4
15:54:30.910,315299,14.437,10.041,12.186,0.478,-2.991,1.669,-35.700,58.650,43.050,35.5
15:54:30.963,315353,10.621,10.606,14.193,-0.550,-0.885,0.263,-67.350,57.600,30.600,35.9
15:54:31.017,315407,8.952,9.776,15.945,-0.812,1.406,-1.126,-67.350,57.600,30.600,35.6
15:54:31.071,315461,11.880,8.224,12.237,-1.022,3.224,-1.755,-58.200,55.800,36.600,35.5
15:54:31.125,315515,9.301,6.428,9.665,-0.088,4.546,-2.671,-58.200,55.800,36.600,35.9
15:54:31.179,315569,6.215,5.806,8.193,-0.803,4.930,-2.519,-17.700,56.550,45.450,35.6
15:54:31.233,315623,5.751,4.726,7.056,-0.921,4.982,-2.651,-17.700,56.550,45.450,35.3
15:54:31.287,315677,1.894,3.598,5.617,-0.911,5.194,-2.169,27.900,49.050,37.200,35.5
15:54:31.341,315731,0.577,2.090,4.192,-0.687,5.096,-1.614,27.900,49.050,37.200,35.5
15:54:31.395,315785,-1.908,1.463,0.141,0.705,4.184,-2.188,58.500,35.100,16.050,35.5
15:54:31.450,315839,-7.082,-7.527,-10.506,-0.276,1.647,-1.527,58.500,35.100,16.050,35.4
15:54:31.503,315893,-4.678,-8.748,-7.410,1.363,-4.850,2.442,58.500,35.100,16.050,35.9
15:54:31.557,315947,-3.802,-1.633,-2.093,0.723,-6.630,3.937,54.900,41.100,20.250,35.4
15:54:31.612,316001,2.076,2.368,3.409,0.257,-7.532,4.169,54.900,41.100,20.250,35.7
15:54:31.665,316055,11.775,7.961,10.848,-0.560,-7.299,3.304,4.350,54.900,47.850,35.9
15:54:31.720,316109,15.352,9.345,16.233,-0.251,-6.031,2.279,4.350,54.900,47.850,35.7
15:54:31.773,316163,19.003,7.149,6.979,0.138,-2.753,1.054,-52.350,46.200,40.350,35.8
15:54:31.828,316217,8.504,7.518,14.801,0.535,-0.493,0.261,-52.350,46.200,40.350,35.8
15:54:31.881,316271,7.865,7.678,14.875,0.432,0.700,-0.405,-66.600,44.850,31.050,35.5
15:54:31.936,316325,10.218,7.137,15.864,-0.323,2.281,-1.108,-66.600,44.850,31.050,35.5
15:54:31.989,316379,10.886,6.529,11.748,-0.998,3.586,-1.757,-57.150,50.400,36.000,35.7
15:54:32.044,316433,7.566,6.627,9.855,-0.669,4.286,-1.878,-57.150,50.400,36.000,35.5
15:54:32.097,316487,5.837,5.684,9.048,0.184,4.896,-2.183,-20.100,49.500,47.100,35.8
15:54:32.151,316541,4.424,4.142,7.003,0.029,4.880,-2.443,-20.100,49.500,47.100,35.7
15:54:32.205,316595,0.225,3.354,6.378,-0.683,4.839,-2.307,-20.100,49.500,47.100,35.3
15:54:32.260,316649,-0.275,1.374,3.915,-0.955,4.463,-2.202,-20.100,49.500,47.100,35.5
15:54:32.313,316703,-1.410,1.535,1.915,-0.383,4.526,-1.908,-20.100,49.500,47.100,35.8
15:54:32.367,316757,-1.987,-1.753,-1.207,-0.842,3.658,-2.444,67.800,23.550,-1.800,35.8
15:54:32.422,316811,-5.447,-7.180,-8.660,-0.406,0.418,-0.775,67.800,23.550,-1.800,35.5
15:54:32.476,316865,-4.130,-3.594,-4.585,1.255,-4.834,2.850,68.550,16.950,-11.250,35.8
15:54:32.529,316919,-3.297,0.038,-3.117,0.819,-6.827,4.141,68.550,16.950,-11.250,35.8
15:54:32.583,316973,0.759,3.163,6.991,0.040,-7.513,3.738,53.250,38.550,23.700,35.5
15:54:32.637,317027,5.277,4.638,9.594,-0.569,-6.930,2.762,53.250,38.550,23.700,35.5
15:54:32.691,317081,11.519,5.387,13.623,-0.055,-5.995,1.572,1.200,47.250,48.000,35.4
15:54:32.745,317135,14.313,6.778,10.163,0.654,-3.525,0.714,1.200,47.250,48.000,35.9
15:54:32.799,317189,11.032,7.096,15.033,0.439,-1.469,0.426,-45.450,42.450,45.600,35.5
15:54:32.853,317243,9.390,7.944,17.638,-0.089,0.856,-0.133,-45.450,42.450,45.600,36.0
15:54:32.908,317297,11.504,7.290,15.960,-0.259,2.487,-0.892,-45.450,42.450,45.600,35.5
15:54:32.961,317351,9.392,5.844,11.818,-0.171,4.260,-1.447,-35.850,43.500,47.250,35.5
15:54:33.015,317405,6.031,6.060,7.898,0.281,5.150,-2.050,-35.850,43.500,47.250,35.7
15:54:33.069,317459,5.796,4.994,8.138,0.026,5.001,-2.264,7.500,48.450,45.750,35.8
15:54:33.123,317513,5.143,3.836,5.986,-0.767,5.116,-1.961,7.500,48.450,45.750,35.3
15:54:33.177,317567,2.476,2.325,4.204,-0.993,5.108,-1.832,44.400,42.300,30.750,35.4
15:54:33.231,317621,-1.956,-1.908,3.982,-1.165,4.783,-2.029,44.400,42.300,30.750,35.6
15:54:33.285,317675,-7.075,-3.967,-8.124,0.700,3.967,-1.984,65.100,26.250,5.400,35.5
15:54:33.339,317729,-7.168,-7.159,-7.767,0.635,-0.986,0.331,65.100,26.250,5.400,35.8
15:54:33.393,317783,-4.654,-3.328,-3.019,1.358,-4.932,2.499,68.850,19.200,-8.700,35.8
15:54:33.447,317837,-3.970,0.146,-0.579,0.276,-6.368,3.279,55.800,35.850,21.450,35.4
15:54:33.501,317891,0.879,2.550,3.651,1.120,-6.967,3.361,55.800,35.850,21.450,35.6
15:54:33.555,317945,7.396,5.253,8.303,0.425,-6.495,2.844,55.800,35.850,21.450,35.5
15:54:33.609,317999,11.497,6.881,14.408,1.021,-4.909,2.013,55.800,35.850,21.450,35.5
15:54:33.663,318053,10.149,9.124,12.795,1.128,-2.726,1.509,-35.850,58.200,43.650,35.3
15:54:33.717,318107,6.677,9.785,14.918,1.124,-1.153,0.719,-35.850,58.200,43.650,35.5
15:54:33.771,318161,6.242,12.067,17.844,-0.043,0.159,-0.178,-56.250,61.350,37.200,35.9
15:54:33.821,318215,11.856,11.334,14.861,-1.149,2.343,-1.034,-56.250,61.350,37.200,35.5
15:54:33.876,318269,10.161,7.673,10.477,-0.984,3.803,-1.873,-44.400,60.000,41.850,36.0
15:54:33.932,318323,9.608,7.044,7.731,-0.808,4.335,-2.193,-44.400,60.000,41.850,35.7
15:54:33.987,318377,5.756,4.824,5.464,-0.977,4.876,-1.573,-6.450,55.350,47.250,35.8
15:54:34.041,318431,0.352,3.158,4.247,-0.137,4.938,-1.693,-6.450,55.350,47.250,35.5
15:54:34.095,318485,-1.585,1.717,3.165,-0.395,4.020,-2.281,33.150,48.300,38.700,35.3
15:54:34.149,318539,-4.197,-1.092,2.550,-0.626,3.612,-2.138,33.150,48.300,38.700,35.4
15:54:34.203,318593,-7.025,-3.792,-5.375,-0.435,1.611,-1.324,33.150,48.300,38.700,35.5
15:54:34.257,318647,-4.884,-2.976,-2.682,0.969,-2.140,0.864,33.150,48.300,38.700,35.5
15:54:34.311,318701,-4.583,-1.226,-1.413,1.362,-4.435,2.504,33.150,48.300,38.700,35.8
15:54:34.363,318755,-0.974,1.808,2.286,1.326,-5.768,3.057,49.350,42.300,30.150,35.8
15:54:34.416,318809,1.590,3.766,3.177,1.379,-6.171,3.782,49.350,42.300,30.150,35.5
15:54:34.470,318863,9.131,8.337,9.328,1.380,-5.657,3.535,1.800,61.350,47.100,35.7
15:54:34.523,318917,16.237,10.005,11.162,0.293,-4.489,1.970,1.800,61.350,47.100,35.4
15:54:34.578,318971,13.211,8.586,6.340,-0.814,-2.375,1.039,-52.050,68.700,41.250,35.5
15:54:34.635,319025,8.341,9.474,15.086,-0.008,-0.701,0.378,-52.050,68.700,41.250,35.8
15:54:34.690,319079,8.765,11.301,13.005,0.365,1.119,-0.622,-74.850,64.050,33.900,35.9
15:54:34.743,319133,9.294,8.475,12.713,-0.673,2.534,-1.673,-62.100,65.250,37.200,35.7
15:54:34.798,319187,11.499,7.908,10.980,-1.824,3.334,-1.934,-62.100,65.250,37.200,35.5
15:54:34.851,319241,10.736,6.615,6.814,-1.211,4.334,-1.796,-62.100,65.250,37.200,35.4
15:54:34.905,319295,6.072,4.911,6.282,-0.570,4.447,-2.158,-62.100,65.250,37.200,35.8
15:54:34.959,319349,1.039,3.517,7.362,-0.943,3.879,-2.485,15.600,50.250,47.100,35.8
15:54:35.013,319403,-0.338,2.650,3.033,-1.669,3.563,-2.251,15.600,50.250,47.100,35.3
15:54:35.067,319457,-2.049,1.319,2.126,-1.652,3.173,-1.856,45.450,33.600,33.150,35.3
15:54:35.118,319511,-4.135,-1.159,-1.429,-0.823,2.759,-0.444,45.450,33.600,33.150,35.7
15:54:35.172,319565,-6.984,-4.372,-4.094,1.336,-0.405,0.816,59.250,22.800,18.600,35.9
15:54:35.228,319619,-2.818,-2.490,-2.136,2.550,-4.274,3.350,59.250,22.800,18.600,35.4
15:54:35.283,319673,0.091,1.281,1.645,1.324,-6.016,4.020,51.750,37.050,27.000,35.8
15:54:35.337,319727,4.405,9.086,10.101,2.092,-5.917,4.069,6.300,63.300,46.800,35.7
15:54:35.391,319781,12.323,11.557,9.979,1.467,-4.274,3.413,6.300,63.300,46.800,35.9
15:54:35.445,319835,9.732,9.182,6.661,-0.209,-2.935,1.905,6.300,63.300,46.800,35.5
15:54:35.499,319889,11.035,11.538,17.071,-0.862,-1.610,0.800,6.300,63.300,46.800,35.5
15:54:35.553,319943,13.367,9.459,13.678,-0.766,0.998,-0.409,6.300,63.300,46.800,35.3
15:54:35.607,319997,9.242,7.879,12.395,-0.176,3.360,-1.253,6.300,63.300,46.800,35.8
15:54:35.661,320051,8.090,6.783,9.615,-0.293,3.876,-1.746,-36.000,61.800,44.550,35.8
15:54:35.715,320105,7.688,7.472,8.423,-1.208,4.421,-2.097,-36.000,61.800,44.550,35.5
15:54:35.769,320159,5.574,5.219,5.794,-1.225,4.725,-2.067,4.950,57.300,46.500,35.8
15:54:35.823,320213,1.142,3.893,5.375,-1.242,4.507,-2.106,4.950,57.300,46.500,35.5
15:54:35.877,320267,-0.211,2.837,2.212,0.043,5.323,-1.489,40.950,43.200,35.400,35.8
15:54:35.931,320321,-6.450,-1.561,-2.409,0.318,3.957,-2.281,40.950,43.200,35.400,35.8
15:54:35.985,320375,-8.085,-7.482,-4.836,-1.179,0.039,-0.802,64.800,31.650,11.700,35.5
15:54:36.037,320429,-5.033,-3.175,-2.873,0.136,-3.501,1.091,65.400,26.400,10.650,35.5
15:54:36.093,320483,-2.342,0.795,-0.182,0.786,-5.096,2.475,65.400,26.400,10.650,35.5
15:54:36.147,320537,-0.912,2.433,4.389,1.439,-5.680,2.768,65.400,26.400,10.650,35.7
15:54:36.201,320591,7.867,5.404,6.235,1.365,-5.990,2.338,65.400,26.400,10.650,35.5
15:54:36.255,320645,9.184,5.689,9.438,1.313,-5.353,2.515,-6.600,55.950,47.400,35.7
15:54:36.309,320699,12.318,8.550,10.422,0.911,-4.923,1.666,-6.600,55.950,47.400,35.5
15:54:36.363,320753,16.089,8.114,4.738,0.303,-2.173,1.250,-54.900,62.400,36.600,35.5
15:54:36.417,320807,10.750,9.467,14.076,0.344,0.012,0.022,-54.900,62.400,36.600,35.8
15:54:36.471,320861,7.597,9.787,14.011,-0.511,1.245,-0.737,-67.500,62.400,29.400,35.5
15:54:36.525,320915,9.610,7.286,14.621,-1.601,2.699,-1.367,-67.500,62.400,29.400,35.5
15:54:36.579,320969,11.073,7.508,9.311,-1.412,4.243,-1.953,-52.500,60.300,36.900,35.9
15:54:36.633,321023,9.304,6.955,9.687,-1.241,4.922,-1.901,-12.750,53.100,46.200,35.5
15:54:36.687,321077,4.243,4.930,5.351,-0.984,5.228,-2.023,-12.750,53.100,46.200,35.5
15:54:36.741,321131,1.755,3.194,6.663,-1.045,5.330,-1.795,-12.750,53.100,46.200,35.7
15:54:36.795,321185,-0.534,2.401,0.546,-0.880,5.369,-1.174,-12.750,53.100,46.200,35.8
15:54:36.849,321239,-4.281,0.862,1.346,0.264,4.267,-2.326,-12.750,53.100,46.200,35.8
15:54:36.903,321293,-7.511,-4.774,-6.589,0.316,3.440,-2.245,-12.750,53.100,46.200,35.7
15:54:36.957,321347,-6.965,-6.043,-8.025,0.382,-1.178,-0.270,67.200,20.550,-6.000,35.3
15:54:37.011,321401,-4.080,-3.814,-4.216,2.075,-4.616,2.104,67.200,20.550,-6.000,35.5
15:54:37.065,321455,-2.519,-0.304,-1.003,0.678,-6.570,3.555,62.850,27.750,12.300,35.5
15:54:37.116,321509,2.720,1.607,2.993,1.399,-6.930,3.577,62.850,27.750,12.300,35.5
15:54:37.169,321563,8.832,4.934,4.997,0.234,-5.862,2.748,25.950,49.800,40.950,35.7
15:54:37.224,321617,12.160,9.534,10.886,1.283,-4.841,2.274,-24.300,55.050,46.950,35.6
15:54:37.280,321671,12.005,8.957,11.483,1.840,-3.360,1.958,-24.300,55.050,46.950,35.8
15:54:37.335,321725,11.095,8.332,8.729,0.833,-1.859,0.973,-58.050,61.350,33.900,35.7
15:54:37.389,321779,9.670,13.740,18.536,-0.383,0.083,-0.207,-58.050,61.350,33.900,35.5
15:54:37.443,321833,12.742,8.607,13.815,-1.499,2.390,-1.344,-58.050,61.350,33.900,35.1
15:54:37.497,321887,11.734,8.179,8.995,-0.442,4.768,-2.091,-58.050,61.350,33.900,35.6
15:54:37.551,321941,8.461,7.695,7.350,0.321,5.453,-2.382,-23.850,55.950,43.800,35.8
15:54:37.602,321995,7.798,6.170,7.111,0.188,5.673,-2.737,-23.850,55.950,43.800,35.8
15:54:37.656,322049,4.274,3.122,4.413,-0.084,5.792,-2.870,24.900,55.650,37.200,35.5
15:54:37.713,322103,-0.129,0.821,1.729,-0.084,5.369,-3.154,24.900,55.650,37.200,36.0
15:54:37.767,322157,-4.029,-2.796,-2.650,0.763,4.112,-3.181,58.950,41.850,12.600,35.9
15:54:37.821,322211,-3.965,-6.558,-9.838,-0.719,-0.272,-0.390,58.950,41.850,12.600,35.8
15:54:37.875,322265,-3.670,-4.863,-3.917,0.464,-4.473,2.371,69.000,27.150,-5.250,35.8
15:54:37.929,322319,-0.105,-0.364,0.512,-0.001,-6.813,3.558,54.900,42.300,22.050,35.4
15:54:37.983,322373,2.219,3.637,5.657,0.972,-7.637,3.557,54.900,42.300,22.050,35.7
15:54:38.037,322427,13.302,12.409,12.074,0.994,-6.115,3.408,54.900,42.300,22.050,35.7
15:54:38.088,322481,12.194,12.749,20.152,-0.034,-2.883,1.107,54.900,42.300,22.050,36.0
15:54:38.141,322535,4.846,12.584,18.873,-0.397,-0.309,-0.176,54.900,42.300,22.050,35.7
15:54:38.195,322589,2.234,9.005,16.554,0.043,2.014,-0.935,54.900,42.300,22.050,35.5
15:54:38.251,322643,4.209,9.450,14.152,0.186,2.907,-1.811,-26.700,59.550,46.050,35.9
15:54:38.307,322697,7.125,8.990,11.064,-1.002,3.626,-2.241,-26.700,59.550,46.050,35.7
15:54:38.361,322751,6.938,6.407,7.551,-0.828,4.560,-2.146,7.050,55.650,43.800,35.3
15:54:38.415,322805,2.990,4.688,5.509,-0.220,4.879,-2.242,7.050,55.650,43.800,35.3
15:54:38.469,322859,0.144,2.823,4.324,-0.548,4.984,-2.236,42.600,46.950,29.700,35.5
15:54:38.524,322913,-2.394,0.426,0.259,-0.811,4.822,-2.478,65.100,31.650,3.600,35.5
15:54:38.577,322967,-6.074,-6.416,-5.468,-0.087,3.584,-2.591,65.100,31.650,3.600,35.5
15:54:38.632,323021,-3.194,-10.542,-11.320,-0.055,-1.404,0.498,68.550,18.450,-16.800,35.7
15:54:38.685,323075,-2.016,-4.463,-5.674,1.392,-6.384,4.299,68.550,18.450,-16.800,35.4
15:54:38.739,323129,2.222,0.555,0.567,0.733,-7.687,4.976,68.550,18.450,-16.800,35.5
15:54:38.793,323183,10.479,11.851,6.586,2.360,-7.030,4.675,68.550,18.450,-16.800,35.8
15:54:38.847,323237,16.700,17.317,15.105,-1.016,-4.599,2.986,2.700,65.400,40.650,35.5
15:54:38.901,323291,8.945,12.716,19.197,-2.025,-2.166,0.447,2.700,65.400,40.650,35.1
15:54:38.955,323345,-1.647,10.113,19.472,-0.212,0.205,-0.282,-29.550,57.750,44.700,35.7
15:54:39.009,323399,2.421,9.759,17.861,0.815,1.770,-1.054,-29.550,57.750,44.700,35.7
15:54:39.063,323453,7.621,10.580,13.819,-0.114,3.216,-2.134,-24.000,59.250,45.150,35.5
15:54:39.117,323507,8.483,7.858,10.408,-0.453,3.922,-2.564,-24.000,59.250,45.150,35.7
15:54:39.171,323561,5.950,5.753,7.391,-0.489,4.664,-2.646,9.750,57.300,41.400,35.5
15:54:39.225,323615,2.535,3.100,3.582,-0.247,4.830,-2.570,46.950,46.350,26.550,35.9
15:54:39.279,323669,-1.214,2.440,2.576,-1.103,4.599,-2.484,46.950,46.350,26.550,35.4
15:54:39.333,323723,-3.563,-0.026,0.886,-1.094,4.152,-2.119,46.950,46.350,26.550,35.3
15:54:39.387,323777,-6.407,-2.684,-3.426,-1.149,3.834,-1.974,46.950,46.350,26.550,35.5
15:54:39.441,323831,-7.582,-6.460,-11.873,-0.349,0.581,-0.650,69.600,16.950,-20.400,35.5
15:54:39.495,323885,-5.401,-6.244,-7.049,2.077,-3.648,2.274,69.600,16.950,-20.400,35.5
15:54:39.549,323939,-1.381,-1.377,-3.519,1.178,-5.970,4.211,68.550,23.100,-10.200,36.0
15:54:39.603,323993,-0.366,-0.012,1.046,0.407,-7.289,4.449,68.550,23.100,-10.200,35.8
15:54:39.657,324047,3.045,4.949,6.000,0.726,-7.206,4.913,44.250,49.800,27.300,35.4
15:54:39.711,324101,15.720,10.092,11.540,0.600,-5.651,3.897,44.250,49.800,27.300,35.7
15:54:39.766,324155,16.259,12.486,13.530,-0.507,-3.684,2.174,-12.600,65.700,43.050,35.7
15:54:39.819,324209,7.001,13.491,19.841,-0.443,-0.625,0.569,-47.100,59.700,38.850,35.8
15:54:39.873,324263,2.234,11.528,17.657,-0.051,1.100,-0.746,-47.100,59.700,38.850,35.3
15:54:39.927,324317,5.504,10.388,14.535,-0.011,2.699,-1.931,-34.800,60.900,40.650,35.5
15:54:39.981,324371,10.544,7.848,10.139,-0.636,3.564,-2.309,-34.800,60.900,40.650,35.5
15:54:40.035,324425,6.630,6.529,8.116,-0.622,4.509,-2.717,-34.800,60.900,40.650,35.5
15:54:40.089,324479,4.094,4.164,7.319,-0.504,4.451,-2.829,-34.800,60.900,40.650,35.5
15:54:40.143,324533,2.040,2.605,4.472,-0.558,4.908,-2.434,38.850,48.900,30.450,35.5
15:54:40.197,324587,-2.325,1.396,3.115,-0.951,4.670,-2.417,38.850,48.900,30.450,35.8
15:54:40.251,324641,-4.180,0.170,2.646,-0.787,4.336,-2.304,64.650,35.250,8.550,35.4
15:54:40.301,324695,-4.877,-0.596,-0.433,-0.630,3.794,-1.825,64.650,35.250,8.550,35.5
15:54:40.356,324749,-6.967,-7.645,-12.570,-0.264,1.576,-1.289,69.000,21.750,-16.950,35.4
15:54:40.413,324803,-4.027,-4.408,-7.132,1.870,-4.180,2.371,69.600,20.400,-14.550,35.3
15:54:40.467,324857,-2.751,-0.302,-3.280,0.836,-6.381,4.178,69.600,20.400,-14.550,35.6
15:54:40.521,324911,-0.634,1.061,2.725,-0.183,-7.592,4.233,52.500,45.600,19.650,35.8
15:54:40.575,324965,8.770,7.860,5.071,0.380,-6.980,4.122,52.500,45.600,19.650,35.6
15:54:40.629,325019,13.501,8.983,9.546,0.330,-5.911,3.289,0.000,61.050,43.500,35.3
15:54:40.683,325073,14.648,11.212,17.798,-0.243,-3.269,1.904,0.000,61.050,43.500,35.4
15:54:40.737,325127,5.025,12.416,19.453,-0.085,-0.547,0.133,0.000,61.050,43.500,35.5
15:54:40.791,325181,3.010,11.746,18.431,0.322,1.794,-1.038,0.000,61.050,43.500,35.5
15:54:40.845,325235,5.080,9.795,15.507,-0.326,2.711,-2.250,-32.100,60.450,40.350,35.1
15:54:40.899,325289,10.862,9.177,10.475,-1.231,3.809,-2.469,-32.100,60.450,40.350,35.9
15:54:40.953,325343,7.755,5.547,7.216,-0.862,4.958,-2.732,-0.600,58.650,44.100,35.5
15:54:41.007,325397,3.326,4.987,5.387,-0.103,5.028,-2.994,-0.600,58.650,44.100,35.8
15:54:41.061,325451,0.089,2.449,4.369,-0.377,5.085,-2.724,39.300,47.700,30.150,35.5
15:54:41.115,325505,-1.800,0.340,1.968,-0.856,5.274,-2.527,62.400,34.200,5.250,35.8
15:54:41.169,325559,-4.168,-0.321,-2.825,-0.835,4.678,-2.457,62.400,34.200,5.250,35.5
15:54:41.223,325613,-5.770,-7.764,-13.594,-0.881,2.071,-1.811,68.850,18.450,-22.650,35.9
15:54:41.277,325667,-3.905,-5.588,-8.356,1.750,-4.590,2.893,68.850,18.450,-22.650,35.4
15:54:41.327,325721,-2.248,-0.498,-1.891,1.282,-6.348,4.315,68.850,18.450,-22.650,35.5
15:54:41.381,325775,-0.572,2.040,0.067,0.816,-6.865,4.747,68.850,18.450,-22.650,35.5
15:54:41.436,325829,8.909,9.622,3.043,0.713,-5.847,4.288,38.550,55.800,29.400,35.8
15:54:41.492,325883,10.467,9.749,12.007,-0.041,-4.965,3.497,38.550,55.800,29.400,35.5
15:54:41.548,325937,11.420,10.250,9.167,0.499,-3.282,2.078,-9.300,68.400,40.500,35.5
15:54:41.601,325991,6.213,14.236,16.884,0.555,-1.114,1.099,-9.300,68.400,40.500,35.5
15:54:41.655,326045,5.653,14.099,17.459,-0.414,0.904,-0.602,-38.700,69.600,35.400,35.5
15:54:41.709,326099,4.556,12.529,14.298,-0.926,2.354,-1.879,-28.200,68.400,37.650,35.5
15:54:41.763,326153,9.766,9.979,11.753,-1.108,3.260,-2.469,-28.200,68.400,37.650,35.3
15:54:41.817,326207,10.867,7.135,5.760,-1.350,4.916,-2.533,5.700,60.000,41.100,35.7
15:54:41.871,326261,5.804,4.829,4.822,-0.292,5.379,-2.756,5.700,60.000,41.100,35.5
15:54:41.925,326315,0.690,2.100,2.866,-0.892,5.260,-2.706,5.700,60.000,41.100,35.5
15:54:41.979,326369,-2.301,1.568,1.324,-1.179,5.098,-2.406,5.700,60.000,41.100,35.8
15:54:42.033,326423,-5.370,1.089,-3.649,-0.795,4.145,-1.862,5.700,60.000,41.100,35.9
15:54:42.087,326477,-8.871,-6.062,-11.238,-0.509,0.893,-0.885,5.700,60.000,41.100,35.5
15:54:42.141,326531,-5.471,-6.158,-6.498,0.527,-3.173,1.409,69.600,17.700,-17.550,35.5
15:54:42.195,326585,-3.608,-2.562,-2.186,0.709,-5.751,2.872,69.600,17.700,-17.550,35.5
15:54:42.249,326639,-1.712,0.388,-0.871,0.258,-6.792,3.214,62.100,31.650,8.400,35.2
15:54:42.303,326693,0.450,1.362,3.728,1.580,-7.496,3.332,62.100,31.650,8.400,35.5
15:54:42.357,326747,13.111,6.371,7.137,1.311,-7.250,3.432,27.750,48.900,41.850,35.5
15:54:42.411,326801,20.425,10.479,14.904,-0.048,-5.410,2.054,-32.100,59.700,42.150,35.5
15:54:42.465,326855,11.159,13.159,18.536,-0.410,-1.075,0.911,-32.100,59.700,42.150,35.5
15:54:42.519,326909,4.757,10.975,19.738,-0.065,0.731,-0.742,-51.900,54.300,36.000,35.7
15:54:42.573,326963,9.675,9.565,14.238,-0.527,3.148,-1.641,-51.900,54.300,36.000,35.5
15:54:42.627,327017,9.553,7.762,10.977,-0.849,4.169,-2.266,-51.900,54.300,36.000,35.8
15:54:42.681,327071,8.777,5.859,7.597,-0.855,4.921,-2.357,-51.900,54.300,36.000,35.4
15:54:42.735,327125,6.572,4.276,6.598,-0.628,5.307,-2.311,12.150,51.300,42.000,35.4
15:54:42.789,327179,2.682,2.325,3.845,-0.318,5.619,-2.238,12.150,51.300,42.000,35.8
15:54:42.843,327233,-1.116,1.420,2.296,-0.958,4.721,-2.102,49.350,42.300,24.600,35.8
15:54:42.897,327287,-3.764,-1.607,1.798,-1.310,4.287,-1.921,49.350,42.300,24.600,35.7
15:54:42.951,327341,-9.639,-5.674,-10.841,-0.410,2.615,-1.610,66.000,27.600,-0.450,35.7
15:54:43.005,327395,-5.792,-6.455,-7.554,0.519,-1.622,0.606,68.700,17.850,-14.400,35.6
15:54:43.059,327449,-3.881,-3.065,-2.878,1.640,-4.960,2.693,68.700,17.850,-14.400,35.5
15:54:43.113,327503,-1.219,1.970,1.717,0.984,-6.591,3.267,60.450,34.950,14.400,35.5
15:54:43.167,327557,1.970,2.942,5.480,0.119,-7.532,3.465,60.450,34.950,14.400,35.3
15:54:43.221,327611,15.033,5.234,7.944,1.197,-6.920,3.608,60.450,34.950,14.400,35.5
15:54:43.275,327665,13.846,10.661,17.277,1.868,-4.459,2.273,60.450,34.950,14.400,35.9
15:54:43.329,327719,9.673,11.787,17.736,-0.439,-1.940,1.206,60.450,34.950,14.400,35.5
15:54:43.383,327773,5.657,11.677,21.725,-0.872,0.327,-0.067,60.450,34.950,14.400,35.5
15:54:43.437,327827,4.990,10.628,15.907,0.461,2.850,-1.486,-47.100,57.300,39.900,35.7
15:54:43.491,327881,8.119,9.098,13.008,0.088,3.722,-2.091,-47.100,57.300,39.900,35.4
15:54:43.545,327935,11.176,7.099,8.147,-0.942,4.685,-2.154,-17.850,59.850,42.300,35.8
15:54:43.599,327989,6.680,3.965,6.424,-0.614,5.088,-2.337,24.300,54.300,36.600,35.8
15:54:43.653,328043,2.009,3.364,3.266,-0.419,4.922,-2.425,24.300,54.300,36.600,35.5
15:54:43.707,328097,-1.420,0.606,3.704,-0.338,4.968,-2.412,55.050,39.750,17.100,35.3
15:54:43.761,328151,-3.266,-1.896,-3.563,-0.686,4.474,-2.216,55.050,39.750,17.100,35.5
15:54:43.815,328205,-4.889,-5.119,-9.278,-0.163,1.537,-1.123,68.850,26.550,-6.150,35.5
15:54:43.869,328259,-3.091,-4.389,-6.742,0.379,-2.667,1.371,68.850,26.550,-6.150,35.4
15:54:43.923,328313,-2.600,-2.339,-2.643,0.849,-5.648,3.415,68.850,26.550,-6.150,35.4
15:54:43.977,328367,-1.767,1.987,0.306,0.358,-7.220,4.148,68.850,26.550,-6.150,35.5
15:54:44.031,328421,1.717,1.602,3.158,1.259,-7.996,3.739,37.950,51.750,33.900,35.5
15:54:44.085,328475,15.115,8.849,8.971,1.811,-6.828,3.532,37.950,51.750,33.900,35.8
15:54:44.139,328529,21.311,11.375,11.686,0.308,-3.829,2.119,-27.150,64.050,42.000,35.1
15:54:44.193,328583,10.676,10.434,15.945,0.436,-0.416,0.296,-27.150,64.050,42.000,35.3
15:54:44.247,328637,6.050,11.442,17.233,-0.333,0.674,-0.377,-60.150,59.700,31.500,35.9
15:54:44.301,328691,8.851,9.895,11.720,-0.636,2.629,-1.433,-51.000,59.100,35.100,35.5
15:54:44.355,328745,11.013,8.325,10.166,-0.827,3.631,-2.119,-51.000,59.100,35.100,35.4
15:54:44.409,328799,11.013,7.080,7.156,-0.500,4.538,-2.156,-16.950,59.250,42.900,35.5
15:54:44.463,328853,7.551,4.764,5.827,-0.236,4.897,-2.455,-16.950,59.250,42.900,35.4
15:54:44.517,328907,1.990,2.734,3.663,-0.526,5.180,-2.348,-16.950,59.250,42.900,35.5
15:54:44.571,328961,-0.754,2.600,4.401,-0.639,4.882,-2.964,-16.950,59.250,42.900,35.8
15:54:44.625,329015,-2.093,0.026,2.545,-0.962,4.794,-2.849,57.450,40.650,15.450,35.4
15:54:44.679,329069,-7.336,-3.103,-6.579,-1.130,3.509,-1.930,57.450,40.650,15.450,35.3
15:54:44.733,329123,-6.656,-8.097,-9.867,-0.044,-0.877,0.162,70.200,23.250,-7.800,35.5
15:54:44.787,329177,-3.661,-2.887,-4.559,1.726,-4.261,2.793,70.200,23.250,-7.800,35.5
15:54:44.841,329231,-2.801,1.245,-0.974,1.090,-5.129,3.865,66.450,29.100,4.200,35.4
15:54:44.895,329285,-0.864,3.318,6.673,1.504,-6.160,3.563,40.200,53.700,29.250,35.7
15:54:44.949,329339,7.420,5.607,9.740,0.056,-5.611,3.899,40.200,53.700,29.250,35.5
15:54:45.003,329393,10.848,9.584,9.632,0.383,-4.852,2.711,-8.850,66.900,40.950,35.6
15:54:45.057,329447,10.736,14.257,15.411,-0.099,-2.355,1.100,-8.850,66.900,40.950,35.3
15:54:45.111,329501,4.896,13.958,16.577,-0.056,0.173,-0.303,-8.850,66.900,40.950,35.4
15:54:45.165,329555,4.152,11.145,16.106,-0.114,2.000,-1.630,-8.850,66.900,40.950,35.5
15:54:45.219,329609,8.588,9.756,10.369,-0.402,3.165,-2.217,-8.850,66.900,40.950,35.8
15:54:45.273,329663,8.135,7.499,9.821,-0.690,4.098,-2.750,-8.850,66.900,40.950,35.4
15:54:45.327,329717,4.669,4.939,6.967,-0.787,4.447,-2.769,12.900,59.850,36.900,35.5
15:54:45.381,329771,0.060,3.761,5.346,-1.213,4.873,-2.328,12.900,59.850,36.900,35.7
15:54:45.435,329825,-4.877,2.947,5.634,-2.019,5.434,-2.199,47.400,47.700,24.300,35.5
15:54:45.489,329879,-3.907,-0.328,2.172,-1.630,5.691,-2.400,67.500,26.850,37.200,35.9
15:54:45.543,329933,-1.111,-3.294,-9.416,-0.607,4.624,-1.682,67.500,26.850,-1.200,35.3
15:54:45.597,329987,-0.852,-6.148,-11.064,0.049,-0.277,0.163,69.300,16.950,-28.050,35.3
15:54:45.651,330041,-1.427,-2.246,-4.254,2.803,-5.980,3.410,69.300,16.950,-28.050,35.4
15:54:45.704,330095,-2.265,0.860,1.080,1.035,-7.292,4.641,65.700,32.550,1.950,35.5
15:54:45.759,330149,-0.132,3.486,5.717,1.529,-7.936,4.482,65.700,32.550,1.950,35.7
15:54:45.813,330203,9.917,16.530,14.243,0.204,-7.229,3.673,65.700,32.550,1.950,35.3
15:54:45.867,330257,13.362,10.319,4.214,-1.502,-4.155,2.084,65.700,32.550,1.950,35.8
15:54:45.921,330311,7.412,10.736,17.260,0.773,-1.488,0.764,-28.200,64.500,41.550,35.9
15:54:45.975,330365,6.000,13.436,17.825,2.141,0.779,-0.521,-28.200,64.500,41.550,35.7
15:54:46.029,330419,5.382,13.302,14.382,0.298,2.453,-1.830,-34.650,71.100,33.900,35.3
15:54:46.083,330473,6.024,10.154,12.122,-1.011,2.872,-3.053,-34.650,71.100,33.900,35.7
15:54:46.137,330527,6.785,9.184,8.145,-1.628,3.629,-3.312,-5.550,71.850,36.900,35.7
15:54:46.191,330581,4.331,5.856,6.414,-1.288,4.649,-2.668,30.300,56.250,31.500,35.4
15:54:46.245,330635,1.027,3.333,4.841,-0.285,4.474,-3.165,30.300,56.250,31.500,35.7
15:54:46.299,330689,-1.233,1.487,3.357,-0.567,4.687,-3.071,58.950,39.900,15.150,35.5
15:54:46.353,330743,-1.262,1.317,-0.555,-0.210,4.685,-2.726,58.950,39.900,15.150,35.5
15:54:46.407,330797,-5.839,-4.523,-5.430,-0.529,3.329,-2.736,58.950,39.900,15.150,35.5
15:54:46.461,330851,-3.397,-9.282,-11.612,-0.539,-0.592,-0.299,58.950,39.900,15.150,35.4
15:54:46.515,330905,-2.679,-5.756,-6.345,1.495,-5.491,3.476,58.950,39.900,15.150,35.3
15:54:46.569,330959,-2.471,-1.741,-1.999,0.904,-6.758,4.834,58.950,39.900,15.150,35.2
15:54:46.622,331013,0.314,2.028,6.563,-0.037,-7.351,5.085,57.900,42.300,16.500,35.6
15:54:46.677,331067,12.797,10.465,10.384,-0.015,-5.948,3.802,57.900,42.300,16.500,35.5
15:54:46.731,331121,13.956,11.739,18.299,-1.609,-3.133,1.213,4.650,58.500,43.650,35.5
15:54:46.785,331175,-0.335,8.784,19.204,-1.128,-0.695,-0.220,-23.100,52.200,47.400,35.6
15:54:46.839,331229,-2.028,8.157,19.831,-0.052,0.396,-0.354,-23.100,52.200,47.400,35.4
15:54:46.893,331283,5.765,8.183,16.264,0.039,2.302,-1.361,-17.100,52.500,47.400,35.5
15:54:46.947,331337,6.529,6.685,13.465,-0.016,3.780,-1.637,-17.100,52.500,47.400,35.5
15:54:47.001,331391,3.881,5.167,8.988,-0.124,4.111,-2.126,13.950,49.950,43.200,35.4
15:54:47.055,331445,0.134,4.140,6.864,-0.283,4.464,-2.187,13.950,49.950,43.200,35.4
15:54:47.109,331499,-1.202,2.303,5.279,-0.307,4.587,-2.271,13.950,49.950,43.200,35.5
15:54:47.163,331553,-3.414,1.123,3.488,-0.003,4.301,-2.277,13.950,49.950,43.200,35.7
15:54:47.217,331607,-3.448,0.960,0.457,-0.374,4.337,-2.275,13.950,49.950,43.200,35.5
15:54:47.267,331661,-3.898,0.828,0.129,-0.060,3.455,-2.344,13.950,49.950,43.200,35.4
15:54:47.322,331715,-6.709,-9.098,-10.549,-0.794,1.756,-1.561,67.950,14.850,-21.300,35.8
15:54:47.379,331769,-4.731,-7.807,-7.477,1.177,-3.345,1.875,67.950,14.850,-21.300,35.9
15:54:47.433,331823,-5.825,-5.080,-3.105,1.724,-6.228,4.079,67.350,11.850,-23.700,35.7
15:54:47.487,331877,0.414,0.931,-2.205,-0.277,-7.332,4.460,58.650,36.900,16.200,35.3
15:54:47.541,331931,4.029,0.472,10.264,-0.301,-6.678,4.593,58.650,36.900,16.200,35.5
15:54:47.595,331985,11.301,9.541,14.114,-0.088,-5.869,2.701,14.400,51.300,44.550,35.8
15:54:47.649,332039,13.661,10.602,15.905,-0.930,-3.775,1.506,14.400,51.300,44.550,35.5
15:54:47.703,332093,2.533,7.125,16.908,-0.978,-1.859,0.556,-27.300,47.250,49.500,35.5
15:54:47.757,332147,-0.316,8.777,20.061,-0.013,-0.240,-0.331,-27.300,47.250,49.500,35.5
15:54:47.811,332201,6.800,7.587,17.624,0.047,1.867,-0.878,-27.300,47.250,49.500,35.7
15:54:47.865,332255,7.956,6.886,15.246,-0.027,3.457,-1.571,-27.300,47.250,49.500,35.5
15:54:47.919,332309,8.169,5.497,9.641,0.211,4.471,-1.928,-11.550,44.850,47.100,35.5
15:54:47.973,332363,3.225,3.816,7.154,0.673,4.991,-2.165,-11.550,44.850,47.100,35.2
15:54:48.027,332417,0.642,2.002,6.670,0.281,4.843,-2.216,27.300,46.950,39.600,35.5
15:54:48.081,332471,-2.138,1.422,2.016,0.338,4.735,-2.253,55.050,39.000,17.850,35.5
15:54:48.135,332525,-2.658,2.416,0.697,-0.186,4.190,-2.376,55.050,39.000,17.850,35.5
15:54:48.189,332579,-4.915,-2.521,-2.626,0.502,3.749,-2.464,67.350,23.850,-8.400,35.6
15:54:48.243,332633,-6.926,-7.903,-9.395,-1.116,0.740,-1.119,67.350,23.850,-8.400,35.5
15:54:48.297,332687,-5.171,-6.057,-6.953,1.410,-4.348,2.494,68.100,18.150,-16.350,35.5
15:54:48.351,332741,-2.911,-0.390,-1.554,0.463,-6.055,4.106,68.100,18.150,-16.350,35.5
15:54:48.405,332795,-2.028,2.531,1.717,-0.052,-6.370,4.436,57.000,38.250,16.350,35.4
15:54:48.459,332849,5.492,1.944,2.598,-1.366,-6.226,4.236,57.000,38.250,16.350,35.5
15:54:48.513,332903,10.757,4.618,11.569,-0.374,-5.706,2.791,57.000,38.250,16.350,35.8
15:54:48.567,332957,12.376,5.126,9.900,-0.524,-4.587,1.405,57.000,38.250,16.350,35.8
15:54:48.621,333011,11.784,7.381,13.336,-0.292,-1.849,0.452,-32.850,50.850,45.450,35.4
15:54:48.675,333065,6.457,8.487,18.064,-0.031,0.108,-0.107,-48.000,47.100,40.500,35.5
15:54:48.729,333119,6.321,6.218,15.562,-0.452,2.108,-0.909,-48.000,47.100,40.500,35.5
15:54:48.783,333173,7.381,7.379,13.393,-0.198,3.377,-1.492,-30.300,47.700,47.250,35.5
15:54:48.837,333227,8.973,4.551,9.938,0.051,4.431,-1.758,-30.300,47.700,47.250,35.4
15:54:48.890,333281,4.329,4.312,8.157,0.477,5.048,-2.108,7.950,49.950,45.150,35.2
15:54:48.945,333335,2.332,4.266,7.173,-0.289,5.149,-2.577,7.950,49.950,45.150,35.1
15:54:48.998,333389,-1.008,1.776,2.787,0.265,4.921,-2.390,45.150,43.500,28.200,35.5
15:54:49.053,333443,-3.220,0.862,1.408,-0.027,4.913,-1.873,45.150,43.500,28.200,35.5
15:54:49.104,333497,-4.448,0.311,0.984,-0.476,3.960,-1.845,45.150,43.500,28.200,35.8
15:54:49.157,333551,-7.451,-4.760,-10.331,-0.948,1.783,-1.112,45.150,43.500,28.200,35.5
15:54:49.211,333605,-2.626,-8.054,-8.392,0.689,-3.258,1.745,71.550,23.550,-19.650,35.7
15:54:49.265,333659,-1.858,-2.684,-5.049,1.475,-6.247,4.094,71.550,23.550,-19.650,35.5
15:54:49.319,333713,-0.551,0.824,2.418,0.958,-7.042,4.725,66.300,37.500,5.850,35.8
15:54:49.377,333767,6.479,4.566,3.335,-0.628,-6.760,4.607,23.100,60.300,36.150,35.3
15:54:49.431,333821,12.711,9.299,9.503,0.373,-5.477,3.541,23.100,60.300,36.150,35.3
15:54:49.485,333875,12.342,10.719,10.977,0.365,-3.992,2.176,-27.750,67.350,39.900,35.4
15:54:49.535,333929,12.069,11.557,12.977,0.629,-1.107,1.107,-27.750,67.350,39.900,35.4
15:54:49.589,333983,4.750,13.386,16.065,0.286,0.556,-0.071,-50.550,66.900,33.600,35.4
15:54:49.643,334037,5.219,12.416,13.508,-0.553,1.719,-1.145,-50.550,66.900,33.600,35.5
15:54:49.700,334091,8.382,10.118,12.706,-1.032,2.716,-1.823,-50.550,66.900,33.600,35.8
15:54:49.755,334145,8.904,7.779,12.831,-1.801,3.372,-1.862,-50.550,66.900,33.600,35.7
15:54:49.809,334199,7.046,6.000,5.574,-0.842,4.924,-1.866,-50.550,66.900,33.600,35.4
15:54:49.863,334253,3.560,4.968,6.100,0.458,4.768,-2.701,-50.550,66.900,33.600,35.4
15:54:49.916,334307,3.347,5.001,3.335,-0.361,4.832,-2.390,30.900,51.750,32.850,35.1
15:54:49.971,334361,-0.460,2.351,1.817,-0.154,4.860,-2.061,56.550,38.550,12.300,35.7
15:54:50.025,334415,-3.089,0.886,-1.911,-0.643,4.253,-2.639,56.550,38.550,12.300,35.8
15:54:50.079,334469,-7.743,-5.272,-7.384,0.222,2.831,-2.150,68.100,24.750,-12.000,35.5
15:54:50.129,334523,-4.882,-5.368,-8.406,1.209,-2.170,0.778,68.100,24.750,-12.000,35.4
15:54:50.183,334577,-3.105,-2.313,-1.772,1.513,-4.897,2.689,66.750,28.800,-7.050,35.5
15:54:50.240,334631,-4.487,-0.639,1.889,0.513,-6.186,3.878,66.750,28.800,-7.050,35.9
15:54:50.294,334685,-2.605,3.795,5.078,1.342,-6.663,3.943,45.900,47.250,27.600,35.5
15:54:50.349,334739,8.684,6.606,6.931,0.841,-5.634,3.471,45.900,47.250,27.600,35.5
15:54:50.403,334793,11.521,8.736,15.024,0.442,-4.395,2.117,45.900,47.250,27.600,35.5
15:54:50.457,334847,11.260,8.780,10.932,0.124,-2.941,1.244,45.900,47.250,27.600,35.5
15:54:50.511,334901,7.884,10.293,15.773,0.358,-0.835,0.652,-42.600,61.650,38.550,35.4
15:54:50.565,334955,8.617,11.346,14.574,0.208,0.945,-0.010,-42.600,61.650,38.550,35.3
15:54:50.619,335009,7.652,10.484,13.582,-0.278,2.827,-1.148,-48.300,63.000,36.450,35.5
15:54:50.673,335063,8.052,8.600,9.124,-0.603,3.557,-1.647,-23.100,61.050,40.950,35.6
15:54:50.727,335117,7.065,7.685,8.337,-0.357,4.353,-2.165,-23.100,61.050,40.950,35.7
15:54:50.780,335171,5.763,4.925,6.728,-0.125,5.034,-1.982,14.250,57.750,38.850,35.5
15:54:50.834,335225,0.931,4.341,3.038,0.011,5.022,-2.378,14.250,57.750,38.850,35.3
15:54:50.889,335279,-3.010,2.167,2.492,-0.422,4.549,-2.636,49.650,49.200,21.000,35.5
15:54:50.943,335333,-4.070,0.675,0.735,-0.276,3.997,-2.784,49.650,49.200,21.000,35.5
15:54:50.997,335387,-8.435,-6.342,-8.926,0.409,1.112,-1.704,49.650,49.200,21.000,35.4
15:54:51.051,335441,-5.250,-6.536,-6.596,0.536,-2.754,1.263,49.650,49.200,21.000,35.7
15:54:51.105,335495,-3.570,-0.309,-2.974,0.851,-5.122,3.653,49.650,49.200,21.000,35.7
15:54:51.155,335549,-1.788,0.828,4.278,0.556,-6.117,4.129,49.650,49.200,21.000,35.8
15:54:51.210,335603,7.190,6.457,1.472,-0.589,-6.332,3.488,40.350,54.600,30.150,35.7
15:54:51.267,335657,12.809,9.249,10.977,0.088,-5.197,2.735,-8.850,62.250,44.550,35.4
15:54:51.321,335711,13.125,8.375,7.951,0.760,-4.313,2.324,-8.850,62.250,44.550,35.2
15:54:51.375,335765,13.666,11.064,10.417,0.995,-1.502,1.111,-49.650,61.950,33.450,35.7
15:54:51.429,335819,6.349,10.652,15.852,0.220,0.411,0.164,-49.650,61.950,33.450,35.8
15:54:51.483,335873,5.938,10.827,13.834,-0.938,1.014,-0.988,-53.700,63.150,33.450,35.5
15:54:51.537,335927,11.511,9.340,12.024,-1.647,2.287,-1.476,-53.700,63.150,33.450,35.8
15:54:51.591,335981,9.424,7.178,10.534,-0.752,4.035,-1.927,-33.600,57.000,39.900,35.3
