timestamp,elapsed_ms,accel_x_ms2,accel_y_ms2,accel_z_ms2,gyro_x_rads,gyro_y_rads,gyro_z_rads,mag_x_uT,mag_y_uT,mag_z_uT,temp_c,
19:10:08.411,102215,8.569,4.305,-1.173,0.018,-0.086,-0.023,-37.350,70.500,-11.850,33.1
19:10:08.412,102269,8.480,4.240,-1.015,0.039,-0.124,-0.023,-37.350,70.500,-11.850,33.0
19:10:08.412,102323,8.595,4.077,-1.092,0.078,-0.124,0.016,-37.350,70.500,-11.850,33.1
19:10:08.413,102377,8.495,4.204,-1.305,0.119,-0.159,0.001,-37.350,70.500,-11.850,33.1
19:10:08.413,102431,8.468,4.305,-1.528,0.082,-0.264,0.047,-38.100,68.550,-12.600,33.2
19:10:08.414,102485,8.452,4.219,-1.528,0.005,-0.342,0.080,-38.100,68.550,-12.600,33.0
19:10:08.414,102539,8.392,4.199,-1.542,-0.046,-0.396,0.122,-37.950,70.350,-14.850,33.4
19:10:08.415,102593,8.504,3.740,-2.121,-0.159,-0.412,0.143,-37.950,70.350,-14.850,33.0
19:10:08.415,102647,8.650,4.164,-2.222,-0.430,-0.492,0.175,-37.050,69.000,-16.500,33.1
19:10:08.416,102701,8.507,3.824,-1.961,-0.657,-0.583,0.223,-38.700,67.650,-16.350,33.2
19:10:08.417,102755,9.153,3.383,-2.650,-0.594,-0.621,0.229,-38.700,67.650,-16.350,33.1
19:10:08.417,102809,8.780,3.302,-2.744,-0.681,-0.606,0.314,-39.450,67.200,-14.250,33.1
19:10:08.418,102863,8.672,3.191,-2.650,-0.669,-0.644,0.346,-39.450,67.200,-14.250,33.4
19:10:08.418,102917,9.218,2.988,-3.491,-0.650,-0.592,0.316,-41.100,66.300,-12.900,32.8
19:10:08.419,102971,9.213,3.021,-3.072,-0.666,-0.506,0.327,-41.100,66.300,-12.900,33.2
19:10:08.419,103025,8.964,2.962,-3.402,-0.582,-0.489,0.283,-41.100,66.300,-12.900,33.2
19:10:08.420,103079,8.550,3.227,-3.196,-0.306,-0.532,0.131,-41.100,66.300,-12.900,33.1
19:10:08.420,103133,8.490,3.642,-3.402,-0.310,-0.448,0.010,-47.700,62.550,-10.500,33.0
19:10:08.421,103187,8.241,3.558,-2.784,-0.198,-0.203,-0.112,-47.700,62.550,-10.500,33.1
19:10:08.421,103241,8.413,3.467,-2.801,-0.001,-0.099,-0.221,-48.000,63.300,-11.700,33.1
19:10:08.422,103295,8.490,3.622,-3.285,0.247,-0.002,-0.310,-48.000,63.300,-11.700,33.2
19:10:08.422,103349,8.794,3.752,-2.698,0.092,-0.072,-0.290,-46.350,62.400,-11.850,32.9
19:10:08.423,103403,9.577,3.843,-3.855,-0.194,0.158,-0.183,-44.700,66.000,-13.050,32.8
19:10:08.423,103457,8.207,3.910,-2.749,-0.204,0.450,-0.027,-44.700,66.000,-13.050,33.3
19:10:08.424,103511,7.611,3.938,-2.468,-0.005,0.267,-0.008,-47.250,66.000,-11.700,33.0
19:10:08.424,103565,7.750,4.204,-3.299,-0.229,0.035,0.092,-47.250,66.000,-11.700,33.2
19:10:08.425,103619,7.975,4.410,-3.354,-0.335,-0.044,0.156,-48.600,64.350,-10.350,33.0
19:10:08.425,103673,7.987,5.210,-3.007,-0.276,-0.010,0.152,-48.600,64.350,-10.350,33.2
19:10:08.426,103727,7.683,4.738,-3.227,-0.306,-0.162,0.115,-48.600,64.350,-10.350,33.2
19:10:08.426,103781,7.350,5.016,-3.871,-0.155,-0.205,0.042,-48.600,64.350,-10.350,33.2
19:10:08.426,103835,7.755,5.054,-3.994,0.184,-0.200,0.159,-53.550,62.550,-7.950,33.0
19:10:08.427,103889,7.422,5.282,-3.299,0.025,-0.071,0.180,-53.550,62.550,-7.950,33.1
19:10:08.427,103943,6.823,4.944,-1.860,-0.380,0.079,0.124,-54.750,62.250,-9.000,33.1
19:10:08.428,103997,7.719,4.762,-2.507,-0.386,0.097,-0.015,-54.150,62.400,-7.050,33.2
19:10:08.428,104051,9.038,4.501,-3.158,-0.384,-0.042,-0.160,-54.150,62.400,-7.050,33.0
19:10:08.429,104105,8.234,4.113,-1.709,-0.365,-0.303,-0.195,-54.150,61.950,-6.000,33.1
19:10:08.429,104159,8.198,4.008,-2.504,-0.092,-0.470,-0.206,-54.150,61.950,-6.000,33.0
19:10:08.443,104213,8.684,4.585,-4.125,0.038,-0.541,-0.108,-51.300,61.800,-6.450,33.2
19:10:08.498,104267,7.094,3.282,-2.466,-0.079,-0.498,-0.110,-51.300,61.800,-6.450,33.3
19:10:08.552,104321,7.807,3.517,-1.226,-0.276,-0.426,-0.383,-49.650,60.900,-8.850,32.8
19:10:08.606,104375,8.054,6.414,-4.867,-0.199,-0.538,-0.329,-49.650,60.900,-8.850,33.0
19:10:08.660,104429,7.305,4.530,-5.732,0.321,-0.216,-0.163,-49.650,60.900,-8.850,33.2
19:10:08.714,104483,6.907,4.846,-4.638,0.431,-0.056,-0.051,-49.650,60.900,-8.850,33.4
19:10:08.768,104537,7.353,4.731,-3.472,0.378,0.157,-0.015,-47.100,64.650,-10.650,33.0
19:10:08.822,104591,7.642,4.070,-3.299,0.431,0.218,0.023,-45.450,65.250,-12.000,33.2
19:10:08.875,104645,7.592,4.300,-3.735,0.478,0.353,0.114,-45.450,65.250,-12.000,33.2
19:10:08.930,104699,7.649,3.965,-3.706,0.413,0.419,0.226,-46.500,63.750,-13.050,33.3
19:10:08.984,104753,7.855,3.608,-4.499,0.360,0.438,0.238,-46.500,63.750,-13.050,33.0
19:10:09.037,104807,8.021,3.733,-4.492,0.243,0.169,0.339,-48.900,64.350,-13.200,33.0
19:10:09.091,104861,8.035,3.275,-5.095,-0.051,-0.063,0.391,-48.900,64.350,-13.200,33.0
19:10:09.146,104915,7.635,3.168,-5.322,-0.117,-0.278,0.409,-50.400,61.950,-14.400,33.0
19:10:09.199,104969,8.164,3.297,-5.531,-0.230,-0.568,0.483,-50.400,61.950,-14.400,33.0
19:10:09.254,105023,7.930,3.259,-6.472,-0.116,-0.778,0.554,-55.050,59.550,-16.050,32.8
19:10:09.308,105077,7.863,3.060,-7.389,0.171,-1.461,0.679,-55.050,59.550,-16.050,33.2
19:10:09.361,105131,7.592,2.059,-10.616,0.160,-2.266,0.552,-55.050,59.550,-16.050,33.2
19:10:09.416,105185,7.764,2.377,-11.870,0.408,-3.020,0.746,-55.050,59.550,-16.050,33.1
19:10:09.470,105239,7.652,1.681,-11.554,0.467,-3.412,0.740,-54.450,49.950,-37.050,33.2
19:10:09.523,105293,6.687,1.437,-11.964,0.604,-3.728,0.639,-49.350,40.650,-59.400,33.1
19:10:09.577,105347,4.870,2.313,-11.305,0.538,-3.750,0.581,-49.350,40.650,-59.400,33.2
19:10:09.631,105401,3.610,2.361,-10.453,0.407,-3.613,0.579,-31.800,31.800,-77.550,33.0
19:10:09.686,105455,1.920,2.030,-8.954,0.030,-3.345,0.463,-31.800,31.800,-77.550,33.0
19:10:09.739,105509,0.668,1.733,-7.539,-0.240,-3.054,0.203,-9.000,26.400,-86.100,33.0
19:10:09.793,105563,-1.034,1.779,-5.310,-0.553,-2.481,-0.056,-9.000,26.400,-86.100,33.2
19:10:09.848,105617,-1.516,0.991,-4.401,-0.558,-1.912,-0.211,8.250,27.600,-86.700,33.2
19:10:09.901,105671,-1.743,0.098,-2.978,-0.460,-1.096,-0.360,8.250,27.600,-86.700,33.2
19:10:09.956,105725,-1.532,0.002,-2.555,-0.584,-0.307,-0.489,17.700,27.600,-84.600,33.2
19:10:10.010,105779,-2.722,0.644,-2.722,-0.799,0.678,-0.396,17.700,27.600,-84.600,33.0
19:10:10.064,105833,-3.555,0.496,-5.375,-1.163,1.651,0.019,17.700,27.600,-84.600,33.0
19:10:10.117,105887,-2.911,1.015,-7.061,-1.165,2.506,0.213,11.550,39.000,-81.900,33.2
19:10:10.172,105941,-2.502,3.632,-7.468,-0.695,3.313,0.386,11.550,39.000,-81.900,33.0
19:10:10.225,105995,-0.924,3.467,-8.811,-0.443,3.687,0.485,-8.550,44.400,-78.900,33.2
19:10:10.280,106049,2.346,5.102,-9.026,0.059,4.001,0.636,-8.550,44.400,-78.900,33.2
19:10:10.333,106103,4.492,4.827,-9.325,-0.126,3.975,0.464,-8.550,44.400,-78.900,33.2
19:10:10.387,106157,6.634,5.605,-8.835,-0.541,3.353,0.259,-8.550,44.400,-78.900,33.3
19:10:10.442,106211,8.456,7.271,-8.076,-0.670,2.676,0.479,-51.600,51.600,-49.800,33.1
19:10:10.495,106265,8.806,5.646,-8.279,-0.582,2.516,0.527,-51.600,51.600,-49.800,32.8
19:10:10.550,106319,8.224,5.174,-7.336,-0.468,2.347,0.549,-60.300,52.200,-33.150,33.4
19:10:10.603,106373,7.915,4.307,-7.226,-0.385,1.786,0.146,-60.300,52.200,-33.150,33.2
19:10:10.657,106427,7.252,4.520,-7.475,-0.083,1.167,-0.095,-65.700,50.400,-16.950,33.0
19:10:10.711,106481,6.960,3.117,-10.786,0.299,0.508,-0.094,-65.700,50.400,-16.950,33.0
19:10:10.765,106535,5.610,3.335,-8.562,0.851,-0.378,-0.037,-65.700,50.400,-16.950,33.2
19:10:10.821,106589,6.024,3.785,-10.367,0.650,-1.600,-0.230,-65.400,51.900,-13.650,33.2
19:10:10.873,106643,6.967,4.116,-12.371,0.570,-2.596,-0.337,-65.400,51.900,-13.650,33.2
19:10:10.927,106697,7.791,4.408,-12.584,0.432,-3.462,-0.396,-59.850,52.500,-31.050,33.1
19:10:10.983,106751,9.000,5.080,-13.113,0.517,-3.752,-0.284,-59.850,52.500,-31.050,33.0
19:10:11.036,106805,8.191,4.506,-12.435,0.567,-4.082,-0.018,-59.850,52.500,-31.050,33.2
19:10:11.090,106859,6.563,4.120,-11.100,0.625,-4.052,0.067,-59.850,52.500,-31.050,33.1
19:10:11.142,106913,5.064,3.584,-11.207,0.637,-3.991,0.025,-29.400,43.200,-75.300,32.8
19:10:11.197,106967,2.806,3.309,-8.078,0.368,-3.617,-0.019,-29.400,43.200,-75.300,33.0
19:10:11.253,107021,1.075,2.059,-6.457,0.192,-3.080,-0.120,-6.450,36.150,-83.100,33.2
19:10:11.306,107075,-0.618,1.954,-3.029,-0.038,-2.224,-0.190,12.900,33.600,-84.750,33.3
19:10:11.360,107129,-1.422,0.345,-2.174,0.178,-1.734,-0.130,12.900,33.600,-84.750,33.4
19:10:11.413,107183,-1.812,1.046,-2.969,-0.147,-0.818,-0.046,12.900,33.600,-84.750,33.0
19:10:11.468,107237,-2.114,1.271,-2.490,-0.383,0.068,0.180,12.900,33.600,-84.750,33.0
19:10:11.523,107291,-2.868,0.419,-2.464,-0.457,1.092,0.423,24.900,33.150,-82.200,33.0
19:10:11.577,107345,-3.290,1.583,-5.030,-0.917,1.818,0.567,24.900,33.150,-82.200,33.2
19:10:11.629,107399,-3.014,3.323,-6.519,-1.034,2.637,0.896,13.950,40.650,-81.300,33.0
19:10:11.685,107453,-1.621,3.891,-9.014,-2.022,3.388,1.239,13.950,40.650,-81.300,33.0
19:10:11.738,107507,1.350,7.949,-7.676,-1.383,3.644,1.306,-7.050,51.750,-75.600,33.2
19:10:11.793,107561,1.705,6.488,-9.380,-1.369,3.676,1.028,-7.050,51.750,-75.600,33.2
19:10:11.845,107615,4.537,7.944,-9.026,-1.113,3.706,0.707,-32.700,58.650,-58.500,33.2
19:10:11.898,107669,6.268,10.874,-6.314,-1.963,3.188,0.889,-32.700,58.650,-58.500,33.1
19:10:11.953,107723,7.858,8.636,-6.376,-1.791,3.099,1.049,-46.200,61.350,-33.900,33.2
19:10:12.007,107777,7.432,9.831,-3.778,-2.787,2.441,1.119,-55.650,59.700,-1.500,33.2
19:10:12.062,107831,7.345,8.940,-2.787,-2.787,1.799,1.423,-55.650,59.700,-1.500,33.3
19:10:12.116,107885,7.580,6.958,-1.839,-2.440,1.138,1.354,-55.650,59.700,-1.500,33.0
19:10:12.170,107939,7.293,8.574,-0.991,-2.394,0.657,1.319,-55.650,59.700,-1.500,33.1
19:10:12.224,107993,7.532,7.578,-0.110,-1.244,0.338,0.960,-56.550,31.200,36.450,33.0
19:10:12.331,108047,6.419,8.274,0.388,-1.099,-0.044,0.432,-56.550,31.200,36.450,33.2
19:10:12.331,108101,6.610,8.128,-0.381,-0.063,-0.423,-0.194,-55.500,21.900,40.500,33.2
19:10:12.386,108155,7.111,9.304,-0.283,0.951,-0.992,-0.960,-55.500,21.900,40.500,32.8
19:10:12.439,108209,7.774,9.416,-1.262,1.633,-1.365,-1.600,-60.300,27.750,34.650,32.9
19:10:12.495,108263,8.246,9.910,-2.322,2.103,-1.935,-2.058,-60.300,27.750,34.650,33.3
19:10:12.547,108317,9.060,10.786,-3.443,2.193,-2.331,-2.297,-60.300,27.750,34.650,33.2
19:10:12.603,108371,8.863,11.095,-4.623,2.205,-2.605,-2.318,-56.550,58.350,-7.650,32.8
19:10:12.655,108425,8.200,10.360,-6.155,2.294,-3.122,-2.171,-56.550,58.350,-7.650,33.2
19:10:12.710,108479,6.546,8.669,-6.704,2.236,-3.495,-1.943,-40.500,63.750,-40.200,33.3
19:10:12.765,108533,4.070,7.932,-7.446,2.056,-3.573,-1.669,-40.500,63.750,-40.200,33.4
19:10:12.817,108587,1.753,6.323,-6.838,1.786,-3.397,-1.401,-40.500,63.750,-40.200,33.2
19:10:12.872,108641,-0.373,5.557,-4.690,1.371,-3.061,-1.244,-40.500,63.750,-40.200,33.0
19:10:12.926,108695,-2.035,4.111,-3.646,1.051,-2.294,-1.009,6.600,45.900,-79.200,33.2
19:10:12.981,108749,-2.672,2.770,-2.619,0.421,-1.701,-0.795,6.600,45.900,-79.200,33.0
19:10:13.032,108803,-2.286,2.459,-1.070,0.225,-1.013,-0.401,21.750,39.900,-81.600,32.8
19:10:13.088,108857,-2.555,1.788,-1.954,-0.062,-0.136,-0.031,21.750,39.900,-81.600,32.9
19:10:13.142,108911,-3.354,1.832,-1.844,-0.633,0.885,0.405,27.750,35.700,-79.500,33.1
19:10:13.197,108965,-3.912,1.913,-3.493,-0.862,1.738,0.758,27.750,35.700,-79.500,33.4
19:10:13.250,109019,-2.926,3.771,-3.706,-1.131,2.437,1.230,27.750,35.700,-79.500,33.2
19:10:13.303,109073,-1.235,4.499,-6.134,-0.934,3.290,1.784,0.900,51.900,-75.450,33.2
19:10:13.358,109127,1.027,5.294,-7.738,-1.279,3.550,1.867,0.900,51.900,-75.450,33.0
19:10:13.411,109181,4.123,8.387,-6.687,-1.783,3.265,1.881,-24.900,59.100,-61.050,33.2
19:10:13.465,109235,6.263,8.377,-7.357,-1.501,2.996,1.960,-24.900,59.100,-61.050,33.1
19:10:13.519,109289,7.470,10.252,-5.957,-2.524,2.229,2.207,-47.100,61.200,-36.300,32.8
19:10:13.575,109343,8.571,8.803,-4.221,-2.661,1.968,1.980,-47.100,61.200,-36.300,33.0
19:10:13.626,109397,9.210,10.345,-3.144,-3.648,1.412,2.523,-59.850,51.300,-6.450,33.2
19:10:13.682,109451,8.971,9.158,-1.022,-3.260,0.978,2.503,-59.850,51.300,-6.450,33.4
19:10:13.736,109505,10.494,7.020,-0.081,-2.915,0.983,2.558,-66.600,31.200,16.800,33.2
19:10:13.789,109559,8.818,5.523,3.010,-2.629,0.183,2.325,-66.600,31.200,16.800,33.0
19:10:13.844,109613,9.622,6.117,1.563,-1.944,-0.212,1.834,-67.050,6.150,27.000,33.1
19:10:13.897,109667,8.696,5.042,1.982,-0.922,-0.237,1.116,-67.050,6.150,27.000,33.2
19:10:13.953,109721,8.040,2.643,1.939,-0.406,-0.339,0.544,-67.050,6.150,27.000,33.1
19:10:14.005,109775,7.221,5.454,3.129,0.428,-0.011,-0.136,-63.900,-15.600,22.800,33.0
19:10:14.061,109829,7.906,5.950,2.215,1.086,0.091,-0.836,-63.900,-15.600,22.800,33.0
19:10:14.114,109883,8.583,6.136,1.784,1.559,-0.056,-1.706,-66.450,-10.950,23.850,33.2
19:10:14.167,109937,9.694,7.034,0.692,2.313,-0.292,-2.407,-66.450,-10.950,23.850,33.3
19:10:14.222,109991,9.718,8.645,-0.168,2.648,-0.728,-2.725,-69.600,11.100,23.700,33.2
19:10:14.275,110045,10.364,9.187,-1.322,2.682,-1.297,-3.029,-69.600,11.100,23.700,32.9
19:10:14.330,110099,10.549,10.568,-2.907,3.253,-1.866,-3.161,-69.600,11.100,23.700,33.2
19:10:14.382,110153,8.997,10.283,-4.142,3.435,-2.722,-3.045,-69.600,11.100,23.700,33.3
19:10:14.437,110207,7.922,10.812,-6.086,3.080,-3.232,-2.632,-56.550,57.900,-20.700,33.0
19:10:14.492,110261,6.352,9.629,-7.434,2.658,-3.643,-2.211,-32.550,58.200,-57.450,33.0
19:10:14.547,110315,3.182,6.902,-7.645,1.889,-3.792,-2.024,-32.550,58.200,-57.450,33.2
19:10:14.601,110369,0.589,5.499,-5.756,1.200,-3.640,-1.801,-1.950,49.650,-79.050,33.0
19:10:14.654,110423,-1.077,3.989,-3.649,0.619,-3.130,-1.547,-1.950,49.650,-79.050,33.1
19:10:14.709,110477,-2.737,2.784,-1.961,-0.022,-2.336,-1.390,22.050,40.350,-82.050,33.2
19:10:14.762,110531,-2.564,1.614,-1.070,-0.079,-1.507,-1.061,22.050,40.350,-82.050,33.0
19:10:14.816,110585,-2.761,1.147,-0.115,-0.178,-0.365,-0.421,37.050,38.850,-77.250,33.0
19:10:14.870,110639,-3.340,1.003,-0.187,-0.552,0.868,0.445,37.050,38.850,-77.250,33.1
19:10:14.923,110693,-3.579,2.121,-1.302,-0.693,1.823,1.123,36.750,40.500,-76.650,33.2
19:10:14.979,110747,-3.239,1.061,-4.041,-0.551,2.995,1.737,36.750,40.500,-76.650,32.9
19:10:15.031,110801,-1.317,4.357,-5.787,-0.928,3.693,2.212,36.750,40.500,-76.650,33.1
19:10:15.086,110855,1.039,6.934,-6.917,-1.120,4.030,2.462,-10.350,57.600,-70.200,33.2
19:10:15.139,110909,4.082,7.535,-8.124,-1.382,3.964,2.549,-10.350,57.600,-70.200,33.3
19:10:15.194,110963,6.677,9.543,-7.532,-2.157,3.618,2.699,-42.750,58.350,-47.400,33.2
19:10:15.248,111017,9.802,11.025,-5.004,-3.051,3.117,2.721,-42.750,58.350,-47.400,33.0
19:10:15.301,111071,9.675,10.815,-2.931,-2.686,2.747,2.006,-61.800,50.250,-10.950,33.0
19:10:15.356,111125,10.036,7.072,-1.937,-3.581,2.003,2.476,-61.800,50.250,-10.950,33.0
19:10:15.409,111179,10.499,7.202,0.397,-3.547,1.323,2.396,-61.800,50.250,-10.950,32.8
19:10:15.465,111233,10.587,6.706,1.295,-2.945,0.585,2.159,-61.800,50.250,-10.950,32.9
19:10:15.517,111287,9.682,5.140,1.049,-1.913,-0.429,1.750,-64.350,4.500,33.600,33.2
19:10:15.572,111341,9.438,4.393,0.311,-0.517,-0.395,1.327,-64.350,4.500,33.600,33.2
19:10:15.626,111395,7.963,5.547,1.381,0.106,-0.011,1.126,-60.300,-9.600,28.800,33.2
19:10:15.681,111449,7.029,5.138,2.344,0.496,-0.078,0.481,-60.300,-9.600,28.800,33.1
19:10:15.734,111503,7.633,5.942,2.746,0.952,-0.265,-0.627,-60.300,-9.600,28.800,33.0
19:10:15.788,111557,8.775,7.405,1.164,1.777,-0.293,-1.638,-61.950,-7.500,29.400,33.0
19:10:15.841,111611,9.306,7.829,1.022,2.060,-0.597,-2.354,-61.950,-7.500,29.400,33.2
19:10:15.895,111665,11.155,7.805,-0.237,2.651,-1.028,-2.960,-67.350,13.800,27.750,33.0
19:10:15.949,111719,12.428,8.365,-1.283,2.939,-1.531,-3.214,-67.350,13.800,27.750,32.9
19:10:16.003,111773,11.684,9.550,-3.086,2.872,-2.540,-3.272,-65.400,41.850,7.800,33.4
19:10:16.057,111827,10.015,9.546,-3.996,3.022,-3.235,-2.913,-65.400,41.850,7.800,33.2
19:10:16.111,111881,8.133,8.509,-6.369,3.032,-3.563,-2.442,-65.400,41.850,7.800,33.0
19:10:16.165,111935,4.987,6.912,-6.788,2.736,-3.693,-1.883,-65.400,41.850,7.800,33.0
19:10:16.219,111989,2.184,6.452,-5.600,2.039,-3.566,-1.418,-29.250,56.250,-64.050,32.8
19:10:16.274,112043,0.584,4.697,-5.962,1.370,-2.948,-1.171,-29.250,56.250,-64.050,33.2
19:10:16.327,112097,-1.307,4.733,-3.280,0.786,-2.406,-1.005,-3.300,46.650,-81.450,33.1
19:10:16.381,112151,-2.246,2.512,-2.878,0.626,-1.553,-0.892,15.150,40.500,-83.700,33.0
19:10:16.435,112205,-1.834,2.284,-1.836,0.378,-0.821,-0.536,15.150,40.500,-83.700,33.1
19:10:16.489,112259,-1.896,1.951,-1.676,-0.220,0.174,-0.004,23.100,37.500,-85.500,33.2
19:10:16.543,112313,-2.222,1.973,-1.398,-0.610,1.203,0.404,23.100,37.500,-85.500,33.1
19:10:16.598,112367,-2.203,2.107,-3.998,-1.002,2.322,0.786,15.450,41.850,-83.100,33.3
19:10:16.651,112421,-0.045,3.768,-4.903,-0.773,3.328,1.325,15.450,41.850,-83.100,33.0
19:10:16.705,112475,1.958,4.903,-6.574,-1.581,3.848,1.613,-4.350,48.600,-79.200,32.9
19:10:16.759,112529,4.393,6.055,-8.004,-1.619,4.072,1.697,-4.350,48.600,-79.200,33.3
19:10:16.813,112583,7.247,8.545,-6.397,-1.572,4.097,1.707,-4.350,48.600,-79.200,33.3
19:10:16.867,112637,9.601,8.265,-7.472,-1.908,3.814,1.857,-4.350,48.600,-79.200,33.0
19:10:16.921,112691,10.393,10.975,-3.974,-2.200,3.224,1.692,-56.700,55.050,-27.900,33.0
19:10:16.975,112745,11.425,7.144,-6.187,-2.208,2.745,1.564,-63.300,44.850,6.150,33.0
19:10:17.029,112799,10.511,10.781,-1.525,-2.818,2.042,1.606,-63.300,44.850,6.150,33.3
19:10:17.083,112853,9.242,7.887,-0.627,-2.281,1.432,1.497,-59.850,30.450,31.350,33.2
19:10:17.136,112907,9.017,6.098,-0.283,-1.868,0.689,1.471,-59.850,30.450,31.350,33.2
19:10:17.190,112961,8.825,4.774,0.069,-1.549,0.287,1.200,-56.400,12.900,39.600,33.0
19:10:17.244,113015,8.049,4.918,0.136,-0.996,0.203,1.054,-56.400,12.900,39.600,33.1
19:10:17.299,113069,6.895,5.095,0.378,-0.677,-0.035,0.632,-55.200,2.400,41.850,33.0
19:10:17.353,113123,7.252,6.108,1.053,-0.244,-0.382,-0.105,-55.200,2.400,41.850,33.0
19:10:17.406,113177,7.934,6.256,1.243,0.080,-0.666,-0.911,-55.500,-3.000,40.500,33.2
19:10:17.461,113231,8.926,7.436,0.924,0.414,-0.928,-1.539,-55.500,-3.000,40.500,33.0
19:10:17.515,113285,9.661,6.807,0.323,1.045,-1.190,-2.225,-55.500,-3.000,40.500,33.2
19:10:17.569,113339,10.915,7.975,-0.345,1.317,-1.500,-2.702,-68.550,22.800,25.950,33.2
19:10:17.623,113393,11.655,9.941,-0.304,1.612,-2.094,-3.135,-68.550,22.800,25.950,32.9
19:10:17.677,113447,11.976,9.809,-2.954,2.316,-2.297,-3.314,-64.950,46.950,4.500,33.0
19:10:17.731,113501,10.915,9.735,-4.113,2.633,-2.924,-3.168,-64.950,46.950,4.500,33.2
19:10:17.785,113555,7.982,9.981,-5.227,2.486,-3.341,-2.884,-48.750,62.550,-31.050,33.2
19:10:17.840,113609,5.516,8.811,-5.969,2.409,-3.610,-2.449,-48.750,62.550,-31.050,33.0
19:10:17.894,113663,2.705,6.943,-6.076,2.030,-3.642,-1.961,-21.300,60.000,-63.300,33.1
19:10:17.948,113717,-0.124,5.152,-4.741,1.460,-3.244,-1.657,-21.300,60.000,-63.300,33.0
19:10:18.000,113771,-1.647,3.646,-1.978,0.749,-2.494,-1.409,7.050,51.000,-75.600,33.2
19:10:18.055,113825,-2.330,2.229,-2.145,0.131,-1.617,-1.226,7.050,51.000,-75.600,33.4
19:10:18.108,113879,-2.112,2.519,-0.417,0.305,-0.732,-0.713,23.850,45.150,-78.900,33.0
19:10:18.163,113933,-2.698,1.755,-0.340,-0.172,0.118,-0.172,23.850,45.150,-78.900,33.0
19:10:18.217,113987,-2.641,1.381,-1.437,-0.641,1.308,0.466,23.850,45.150,-78.900,33.1
19:10:18.271,114041,-2.840,2.162,-3.752,-0.275,2.411,1.118,18.750,47.700,-78.300,33.0
19:10:18.326,114095,-1.944,4.034,-4.355,-0.502,3.014,1.429,18.750,47.700,-78.300,32.9
19:10:18.380,114149,-0.256,4.980,-7.389,-1.180,3.696,1.694,-0.450,53.850,-73.650,33.2
19:10:18.434,114203,2.054,7.288,-8.308,-0.857,3.904,1.855,-0.450,53.850,-73.650,33.1
19:10:18.488,114257,5.239,7.554,-8.226,-1.115,3.675,1.758,-30.450,57.600,-59.850,33.2
19:10:18.542,114311,7.113,8.655,-9.000,-0.897,3.485,1.666,-30.450,57.600,-59.850,33.3
19:10:18.595,114365,8.411,9.498,-6.227,-1.941,2.731,1.680,-51.000,55.200,-36.450,33.0
19:10:18.649,114419,9.486,7.925,-4.614,-1.864,2.725,1.587,-51.000,55.200,-36.450,33.2
19:10:18.702,114473,9.649,7.906,-3.333,-1.687,2.884,1.553,-63.900,48.450,-7.050,33.1
19:10:18.757,114527,9.527,5.480,-1.800,-2.325,1.979,1.547,-63.900,48.450,-7.050,33.1
19:10:18.811,114581,9.768,8.605,-1.305,-1.493,1.706,1.290,-64.350,37.500,20.400,33.2
19:10:18.865,114635,8.672,5.978,-1.755,-1.054,1.158,1.169,-64.350,37.500,20.400,33.1
19:10:18.920,114689,7.915,6.474,-0.261,-0.862,0.440,0.779,-64.350,37.500,20.400,33.4
19:10:18.973,114743,7.262,6.251,-1.324,0.355,0.123,0.136,-55.050,16.200,40.500,33.2
19:10:19.028,114797,6.634,6.098,-1.736,0.602,-0.250,-0.277,-55.050,16.200,40.500,33.2
19:10:19.081,114851,7.355,6.785,-1.738,1.401,-0.704,-0.964,-57.000,20.400,38.250,32.9
19:10:19.136,114905,8.181,7.817,-1.556,1.812,-1.438,-1.399,-57.000,20.400,38.250,33.1
19:10:19.189,114959,9.459,8.164,-2.713,2.079,-1.921,-1.661,-60.300,34.800,28.050,33.1
19:10:19.242,115013,10.233,8.171,-4.384,2.198,-2.283,-1.810,-60.300,34.800,28.050,32.9
19:10:19.296,115067,10.427,9.301,-5.425,2.211,-2.736,-1.735,-61.650,51.600,4.800,32.9
19:10:19.351,115121,9.210,8.938,-7.293,2.342,-3.307,-1.582,-61.650,51.600,4.800,33.0
19:10:19.405,115175,7.568,7.956,-9.024,2.441,-3.533,-1.503,-54.150,58.950,-27.150,33.1
19:10:19.459,115229,6.385,7.822,-8.897,2.044,-3.769,-1.332,-34.950,55.200,-59.550,33.0
19:10:19.514,115283,4.147,6.644,-9.120,1.531,-4.078,-1.322,-34.950,55.200,-59.550,33.0
19:10:19.567,115337,1.087,5.471,-7.446,0.928,-3.877,-1.391,-34.950,55.200,-59.550,32.8
19:10:19.622,115391,-1.130,4.209,-4.939,0.417,-3.026,-1.449,-34.950,55.200,-59.550,33.2
19:10:19.675,115445,-1.875,2.679,-2.318,0.024,-2.197,-1.130,14.850,40.950,-81.900,33.1
19:10:19.729,115499,-1.542,1.085,-1.568,-0.055,-1.128,-0.556,14.850,40.950,-81.900,33.0
19:10:19.783,115553,-1.990,0.546,-1.889,-0.433,-0.279,-0.040,27.300,38.400,-79.800,32.8
19:10:19.837,115607,-3.000,1.041,-1.683,-0.558,0.735,0.392,27.300,38.400,-79.800,33.2
19:10:19.891,115661,-3.383,1.298,-3.177,-0.643,1.724,0.796,24.450,42.150,-78.600,33.0
19:10:19.945,115715,-2.775,2.397,-5.236,-0.471,2.481,1.138,24.450,42.150,-78.600,33.2
19:10:19.999,115769,-1.915,3.440,-7.614,-0.937,3.122,1.384,24.450,42.150,-78.600,32.9
19:10:20.054,115823,-0.146,4.839,-8.358,-0.444,3.466,1.418,24.450,42.150,-78.600,33.0
19:10:20.107,115877,1.980,5.567,-10.317,-0.430,3.319,1.532,-11.250,54.300,-71.700,33.0
19:10:20.161,115931,4.161,7.065,-8.923,-0.337,3.038,1.463,-34.050,55.050,-59.400,33.2
19:10:20.216,115985,5.456,6.735,-10.683,-0.164,2.597,1.020,-34.050,55.050,-59.400,33.0
19:10:20.269,116039,5.373,6.819,-7.800,-1.058,2.168,0.929,-34.050,55.050,-59.400,32.9
19:10:20.323,116093,7.041,7.898,-7.271,-0.957,2.295,0.817,-34.050,55.050,-59.400,33.1
19:10:20.378,116147,6.680,7.020,-7.120,-0.962,2.362,0.358,-61.650,53.550,-22.800,33.3
19:10:20.432,116201,7.245,7.786,-5.605,-1.656,2.310,0.219,-61.650,53.550,-22.800,33.1
19:10:20.486,116255,7.798,6.941,-3.814,-1.276,1.680,0.453,-59.850,54.450,-1.350,32.8
19:10:20.539,116309,8.772,5.250,-4.973,-1.463,1.088,0.528,-59.850,54.450,-1.350,32.8
19:10:20.592,116363,8.820,4.439,-4.800,-0.522,0.739,0.398,-58.650,46.500,16.200,33.1
19:10:20.647,116417,8.248,4.714,-4.120,-0.269,0.237,0.272,-58.650,46.500,16.200,33.2
19:10:20.701,116471,8.119,4.386,-5.028,0.272,-0.356,0.157,-59.400,45.300,22.050,33.3
19:10:20.756,116525,5.827,8.894,-1.923,-0.421,-0.610,-0.475,-61.050,44.850,18.900,33.0
19:10:20.809,116579,8.698,8.337,-6.740,-1.034,-0.985,-0.858,-61.050,44.850,18.900,33.2
19:10:20.863,116633,7.994,7.458,-4.858,-0.177,-1.890,-1.096,-59.850,47.550,15.300,33.2
19:10:20.917,116687,9.919,7.535,-6.926,0.910,-1.929,-1.390,-59.850,47.550,15.300,33.0
19:10:20.971,116741,8.025,8.681,-5.001,1.770,-2.304,-1.557,-59.850,47.550,15.300,33.0
19:10:21.025,116795,6.735,10.513,-6.211,2.200,-2.577,-1.619,-59.850,47.550,15.300,32.8
19:10:21.080,116849,6.488,9.462,-6.938,2.316,-2.998,-1.599,-51.750,62.550,-32.850,33.2
19:10:21.133,116903,5.272,8.016,-8.492,1.852,-3.159,-1.494,-51.750,62.550,-32.850,33.1
19:10:21.188,116957,3.218,7.865,-7.527,1.531,-3.193,-1.445,-35.100,57.000,-61.950,32.8
19:10:21.241,117011,1.429,6.371,-6.529,0.973,-2.884,-1.469,-35.100,57.000,-61.950,33.0
19:10:21.295,117065,-0.048,5.107,-4.597,0.744,-2.442,-1.406,-11.550,49.800,-77.850,33.1
19:10:21.351,117119,-0.757,4.305,-2.744,0.217,-1.655,-1.248,8.100,43.650,-82.500,33.2
19:10:21.403,117173,-1.329,2.492,-3.692,-0.010,-1.143,-1.000,8.100,43.650,-82.500,33.2
19:10:21.457,117227,-1.152,2.662,-1.492,-0.302,-0.367,-0.344,18.600,43.650,-82.200,33.0
19:10:21.510,117281,-1.714,1.458,-1.556,-0.607,0.263,0.233,18.600,43.650,-82.200,32.8
19:10:21.566,117335,-1.997,0.919,-3.754,-0.525,1.237,0.722,15.900,45.900,-79.950,33.4
19:10:21.620,117389,-1.760,4.087,-3.692,-0.996,2.321,1.160,15.900,45.900,-79.950,32.7
19:10:21.673,117443,-1.058,4.803,-5.605,-0.912,2.964,1.639,15.900,45.900,-79.950,33.1
19:10:21.727,117497,1.255,5.174,-9.165,-1.299,3.436,1.812,15.900,45.900,-79.950,33.1
19:10:21.781,117551,4.350,7.573,-8.423,-1.933,3.552,1.759,-22.050,58.950,-65.850,33.1
19:10:21.836,117605,7.132,8.179,-7.307,-1.801,3.277,1.690,-22.050,58.950,-65.850,33.1
19:10:21.890,117659,8.274,10.666,-6.785,-2.712,2.875,1.548,-45.150,62.400,-40.350,33.1
19:10:21.943,117713,9.244,6.989,-5.540,-2.808,2.082,1.705,-45.150,62.400,-40.350,33.0
19:10:21.996,117767,8.650,9.313,-3.055,-2.668,1.845,1.760,-57.900,58.950,-7.800,33.3
19:10:22.052,117821,8.131,9.280,-2.471,-3.168,1.236,2.099,-62.100,45.900,19.650,33.2
19:10:22.106,117875,9.292,6.419,-2.088,-1.723,0.959,1.795,-62.100,45.900,19.650,33.0
19:10:22.158,117929,7.860,6.737,0.283,-1.025,0.532,1.409,-63.450,27.150,33.750,32.8
19:10:22.213,117983,7.690,8.286,-0.510,0.172,0.169,0.809,-63.450,27.150,33.750,33.1
19:10:22.268,118037,7.472,8.171,-1.310,0.962,-0.251,-0.124,-63.450,22.500,35.550,33.2
19:10:22.321,118091,7.216,9.048,-0.816,1.407,-1.000,-1.122,-63.450,22.500,35.550,33.0
19:10:22.375,118145,8.540,8.576,-2.447,2.215,-1.468,-1.996,-63.450,22.500,35.550,33.0
19:10:22.429,118199,8.760,9.802,-3.366,2.283,-1.761,-2.393,-63.450,22.500,35.550,33.1
19:10:22.482,118253,9.778,8.645,-3.510,2.276,-2.258,-2.630,-64.650,51.900,10.050,33.0
19:10:22.539,118307,9.457,8.698,-4.681,2.898,-2.557,-2.743,-64.650,51.900,10.050,33.2
19:10:22.592,118361,8.337,8.104,-7.221,2.551,-3.273,-2.567,-52.500,63.750,-18.150,33.1
19:10:22.644,118415,6.258,8.021,-6.108,2.522,-3.569,-2.201,-28.950,66.450,-51.900,32.8
19:10:22.699,118469,1.894,6.855,-5.301,1.434,-3.268,-1.885,-28.950,66.450,-51.900,33.2
19:10:22.754,118523,-0.577,4.513,-3.103,0.836,-2.568,-1.679,-3.300,60.600,-72.000,33.0
19:10:22.807,118577,-1.441,3.850,-3.048,0.106,-1.336,-1.160,-3.300,60.600,-72.000,33.0
19:10:22.862,118631,-1.599,3.512,-1.022,-0.139,-0.042,-0.153,12.150,58.350,-73.050,32.8
19:10:22.916,118685,-2.004,0.826,-4.005,-0.168,0.996,0.401,12.150,58.350,-73.050,32.9
19:10:22.968,118739,-1.283,3.488,-5.013,-0.946,1.897,1.001,7.800,60.600,-73.050,33.2
19:10:23.023,118793,0.479,6.141,-3.431,-0.755,2.629,1.439,7.800,60.600,-73.050,33.4
19:10:23.076,118847,3.613,6.395,-6.653,-0.272,2.944,1.603,7.800,60.600,-73.050,32.8
19:10:23.130,118901,5.449,5.143,-10.159,-1.536,2.597,1.497,7.800,60.600,-73.050,32.8
19:10:23.185,118955,6.012,9.136,-8.827,-1.198,2.104,1.570,-30.450,67.650,-52.950,33.2
19:10:23.240,119009,5.737,8.262,-8.126,-0.466,2.008,1.138,-45.000,66.900,-35.700,33.2
19:10:23.292,119063,4.942,7.817,-7.920,-0.681,1.849,1.065,-45.000,66.900,-35.700,33.3
19:10:23.348,119117,5.543,8.001,-7.604,-0.642,1.892,0.916,-45.000,66.900,-35.700,33.0
19:10:23.401,119171,5.586,6.697,-6.553,-0.426,2.087,0.534,-45.000,66.900,-35.700,32.8
19:10:23.455,119225,5.341,4.951,-6.670,-0.529,1.676,0.066,-56.550,59.550,-6.900,33.1
19:10:23.508,119279,4.872,6.850,-5.708,-0.450,1.193,-0.120,-56.550,59.550,-6.900,33.2
19:10:23.562,119333,3.780,5.380,-6.639,0.200,0.456,-0.362,-54.150,58.200,3.750,32.8
19:10:23.616,119387,4.681,4.736,-7.719,0.487,-0.742,-0.592,-54.150,58.200,3.750,33.0
19:10:23.671,119441,4.484,6.426,-8.023,0.980,-1.587,-0.704,-53.400,61.650,1.950,33.2
19:10:23.724,119495,5.248,6.807,-9.057,1.474,-2.300,-0.572,-53.400,61.650,1.950,33.4
19:10:23.779,119549,5.827,7.113,-10.321,1.699,-2.510,-0.456,-53.400,61.650,1.950,33.2
19:10:23.832,119603,7.685,7.640,-10.724,1.952,-2.522,-0.468,-45.750,67.200,-41.250,33.0
19:10:23.888,119657,9.321,7.657,-11.729,2.362,-2.390,-0.473,-45.750,67.200,-41.250,32.8
19:10:23.942,119711,8.938,8.358,-8.835,1.760,-3.064,0.096,-34.050,55.050,-65.250,33.2
19:10:23.996,119765,5.775,6.871,-8.885,1.508,-3.405,0.484,-34.050,55.050,-65.250,33.3
19:10:24.049,119819,3.938,5.157,-9.074,1.422,-4.422,0.168,-34.050,55.050,-65.250,33.0
19:10:24.102,119873,1.946,3.694,-6.091,0.940,-4.493,-0.350,-34.050,55.050,-65.250,33.1
19:10:24.158,119927,-2.555,1.700,-4.889,0.817,-3.784,-0.586,15.450,32.250,-89.700,33.3
19:10:24.210,119981,-4.058,2.296,-3.831,0.411,-2.695,-0.350,15.450,32.250,-89.700,33.2
19:10:24.266,120035,-4.676,1.544,-0.385,0.448,-1.571,-0.151,35.700,25.800,-85.800,32.9
19:10:24.320,120089,-4.966,0.788,-1.080,-0.387,-0.130,-0.127,35.700,25.800,-85.800,32.8
19:10:24.374,120143,-5.200,1.477,-1.750,-0.659,1.357,0.157,42.150,23.250,-83.850,33.1
19:10:24.427,120197,-4.484,0.910,-4.154,-0.966,2.870,0.542,42.150,23.250,-83.850,33.4
19:10:24.481,120251,-3.077,3.153,-5.255,-1.269,3.621,0.878,33.150,32.400,-86.250,32.8
19:10:24.536,120305,-2.382,2.255,-6.895,-1.366,4.037,0.853,7.500,43.500,-86.400,32.8
19:10:24.588,120359,0.769,3.800,-10.056,-1.726,4.011,0.665,7.500,43.500,-86.400,33.1
19:10:24.642,120413,4.575,6.993,-9.651,-1.414,3.399,0.654,-19.050,55.350,-73.200,33.2
19:10:24.696,120467,5.622,6.814,-11.059,-1.011,3.374,0.611,-19.050,55.350,-73.200,33.2
19:10:24.750,120521,4.547,6.191,-9.924,-1.123,2.873,0.489,-19.050,55.350,-73.200,33.3
19:10:24.806,120575,5.167,8.559,-9.589,-0.779,1.823,0.532,-19.050,55.350,-73.200,33.0
19:10:24.860,120629,5.710,5.976,-9.091,-0.544,2.413,-0.043,-49.800,61.050,-35.400,32.8
19:10:24.914,120683,5.440,6.249,-8.339,-0.748,1.754,-0.284,-49.800,61.050,-35.400,33.0
19:10:24.966,120737,3.634,5.911,-8.159,-0.246,1.384,-0.351,-50.550,66.450,-17.850,32.9
19:10:25.022,120791,2.272,3.402,-8.940,0.007,0.717,-0.427,-50.550,66.450,-17.850,32.9
19:10:25.074,120845,1.219,3.622,-9.431,0.589,-0.094,-0.695,-48.750,66.000,-11.700,33.2
19:10:25.129,120899,1.053,4.867,-10.400,1.239,-1.132,-0.719,-44.250,70.650,-14.550,33.0
19:10:25.183,120953,1.743,6.328,-10.769,1.292,-2.406,-0.394,-44.250,70.650,-14.550,33.0
19:10:25.236,121007,3.093,7.652,-12.385,1.850,-2.824,-0.349,-39.450,70.650,-35.400,33.1
19:10:25.292,121061,6.618,8.897,-14.614,1.915,-3.197,-0.206,-39.450,70.650,-35.400,32.8
19:10:25.344,121115,7.946,8.660,-14.447,1.786,-3.742,-0.193,-28.050,63.150,-60.450,33.1
19:10:25.400,121169,6.809,7.465,-10.906,1.534,-4.320,-0.207,-28.050,63.150,-60.450,33.2
19:10:25.453,121223,3.579,5.789,-7.901,1.345,-4.538,-0.250,-28.050,63.150,-60.450,33.0
19:10:25.508,121277,1.008,4.197,-4.925,1.177,-4.159,-0.371,-28.050,63.150,-60.450,32.8
19:10:25.561,121331,-1.326,2.507,-3.852,0.448,-3.000,-0.466,21.750,38.850,-83.400,33.1
19:10:25.615,121385,-2.540,2.073,-1.741,0.408,-2.272,-0.283,21.750,38.850,-83.400,33.2
19:10:25.669,121439,-4.384,0.821,-0.802,0.210,-0.673,-0.110,35.850,33.000,-79.800,33.1
19:10:25.724,121493,-5.648,0.828,-0.819,-0.196,0.867,0.117,35.850,33.000,-79.800,33.1
19:10:25.777,121547,-6.122,1.587,-2.339,-0.641,2.008,0.460,35.850,33.000,-79.800,33.0
19:10:25.831,121601,-5.430,1.566,-3.242,-0.802,3.119,0.857,29.550,41.100,-82.350,33.0
19:10:25.885,121655,-4.583,1.923,-6.591,-1.130,3.848,1.023,29.550,41.100,-82.350,33.1
19:10:25.939,121709,-1.065,4.973,-6.548,-1.239,4.312,1.031,4.050,49.800,-82.200,32.8
19:10:25.993,121763,3.148,6.081,-7.573,-1.294,4.043,1.112,4.050,49.800,-82.200,32.8
19:10:26.046,121817,4.800,4.238,-12.687,-1.666,4.154,1.047,-25.500,59.700,-68.550,33.1
19:10:26.100,121871,7.602,9.067,-8.054,-2.240,3.333,0.991,-25.500,59.700,-68.550,33.0
19:10:26.154,121925,7.872,8.243,-7.013,-1.578,3.169,1.146,-25.500,59.700,-68.550,33.2
19:10:26.208,121979,8.686,7.568,-5.847,-1.231,2.673,1.282,-25.500,59.700,-68.550,33.0
19:10:26.263,122033,9.136,7.889,-4.501,-1.631,3.278,1.033,-54.150,61.650,-14.700,32.8
19:10:26.316,122087,9.148,6.565,-3.333,-1.029,2.576,0.820,-54.150,61.650,-14.700,33.1
19:10:26.372,122141,8.758,6.591,-2.806,-0.859,2.147,0.538,-56.250,55.650,12.000,33.4
19:10:26.426,122195,8.966,7.049,-2.550,-0.192,0.891,0.266,-56.250,55.650,12.000,32.8
19:10:26.479,122249,7.209,6.706,-3.862,0.477,0.116,0.113,-56.250,55.650,12.000,33.1
19:10:26.533,122303,5.717,6.476,-4.748,0.771,-0.475,-0.292,-52.350,53.550,27.150,33.0
19:10:26.587,122357,4.942,4.745,-6.778,1.299,-0.807,-0.495,-52.350,53.550,27.150,33.1
19:10:26.640,122411,6.335,4.786,-8.377,1.460,-1.691,-0.573,-52.650,58.500,17.700,33.1
19:10:26.694,122465,8.598,6.316,-9.179,1.563,-2.819,-0.437,-52.650,58.500,17.700,32.8
19:10:26.749,122519,11.303,8.140,-9.242,1.853,-3.817,-0.338,-54.750,63.000,-3.900,32.8
19:10:26.804,122573,13.247,8.152,-10.068,2.557,-4.478,-0.260,-54.750,63.000,-3.900,33.0
19:10:26.858,122627,11.705,8.071,-10.745,2.227,-5.591,0.055,-50.250,60.300,-40.950,33.0
19:10:26.911,122681,7.944,6.500,-10.293,1.978,-5.587,0.442,-50.250,60.300,-40.950,32.8
19:10:26.965,122735,4.307,5.224,-6.115,1.378,-5.698,0.284,-26.700,45.150,-77.100,33.2
19:10:27.020,122789,1.642,2.284,-5.045,0.866,-4.596,-0.131,8.250,32.250,-90.750,32.9
19:10:27.072,122843,0.895,3.546,-3.421,0.673,-3.741,-0.090,8.250,32.250,-90.750,33.0
19:10:27.126,122897,-1.597,1.714,-3.366,0.302,-2.613,-0.360,8.250,32.250,-90.750,33.0
19:10:27.180,122951,-3.371,2.306,-1.195,0.008,-1.329,-0.427,8.250,32.250,-90.750,32.8
19:10:27.234,123005,-6.127,0.577,-1.022,-0.589,-0.158,-0.504,47.100,19.800,-82.800,33.0
19:10:27.289,123059,-9.043,0.771,-1.204,-1.140,1.064,-0.109,47.100,19.800,-82.800,33.0
19:10:27.344,123113,-8.205,0.000,-1.767,-1.222,1.860,0.289,42.600,25.650,-83.100,32.9
19:10:27.398,123167,-6.673,0.601,-4.029,-1.556,2.711,0.402,42.600,25.650,-83.100,33.0
19:10:27.452,123221,-4.831,3.376,-2.363,-1.532,3.342,0.710,42.600,25.650,-83.100,33.0
19:10:27.505,123275,-0.912,3.603,-7.740,-0.945,4.029,1.018,42.600,25.650,-83.100,33.2
19:10:27.560,123329,2.095,1.686,-9.227,-1.985,4.058,1.132,4.950,46.950,-83.850,33.1
19:10:27.613,123383,5.653,8.428,-7.441,-2.147,3.759,1.429,-24.450,58.350,-66.150,33.1
19:10:27.667,123437,7.149,9.517,-8.909,-2.016,3.827,1.606,-24.450,58.350,-66.150,33.0
19:10:27.722,123491,7.839,8.059,-3.584,-2.620,3.507,2.213,-46.200,63.300,-34.650,33.2
19:10:27.773,123545,10.740,10.044,-6.026,-3.312,3.252,1.912,-46.200,63.300,-34.650,33.3
19:10:27.828,123599,10.551,7.374,-2.849,-2.347,2.765,2.145,-59.400,56.550,1.500,33.0
19:10:27.882,123653,10.685,8.377,-1.008,-2.537,2.342,2.017,-59.400,56.550,1.500,32.8
19:10:27.938,123707,9.780,8.107,-0.747,-1.175,2.017,1.753,-60.450,41.100,30.150,33.0
19:10:27.990,123761,8.806,5.114,0.022,-0.457,1.452,1.359,-60.450,41.100,30.150,33.0
19:10:28.044,123815,7.309,7.166,-0.733,0.286,0.756,0.836,-55.050,28.200,43.050,33.1
19:10:28.097,123869,7.240,7.688,-2.437,1.045,0.273,0.041,-55.050,28.200,43.050,33.0
19:10:28.152,123923,5.990,7.341,-3.594,1.632,-0.726,-0.866,-55.050,28.200,43.050,32.8
19:10:28.207,123977,7.329,8.485,-4.764,2.189,-2.078,-1.534,-56.400,42.300,35.550,33.2
19:10:28.260,124031,9.309,7.987,-5.643,2.327,-2.859,-1.789,-56.400,42.300,35.550,33.2
19:10:28.315,124085,11.578,8.693,-7.128,2.178,-3.563,-1.600,-58.500,59.550,7.650,32.8
19:10:28.368,124139,12.732,8.203,-7.326,2.577,-3.935,-1.408,-58.500,59.550,7.650,33.0
19:10:28.423,124193,12.232,8.701,-7.743,2.393,-4.652,-1.098,-58.500,59.550,7.650,33.0
19:10:28.478,124247,10.341,7.901,-7.946,2.661,-5.149,-0.678,-58.500,59.550,7.650,33.2
19:10:28.530,124301,6.795,6.357,-7.482,2.045,-4.765,-0.670,-28.800,53.850,-69.600,33.2
19:10:28.586,124355,3.847,6.416,-6.483,1.340,-4.447,-0.532,-28.800,53.850,-69.600,32.8
19:10:28.638,124409,0.402,4.836,-4.010,0.915,-3.819,-0.623,3.600,39.000,-88.800,33.0
19:10:28.692,124463,-1.439,3.575,-2.231,0.194,-3.031,-0.639,3.600,39.000,-88.800,32.8
19:10:28.746,124517,-3.428,2.246,-0.979,-0.742,-1.608,-0.681,28.050,32.550,-88.950,33.1
19:10:28.800,124571,-6.608,0.601,-1.092,-1.171,0.411,-0.438,28.050,32.550,-88.950,33.0
19:10:28.855,124625,-7.439,-0.453,-2.377,-2.267,1.637,0.163,35.100,35.700,-84.150,32.8
19:10:28.908,124679,-6.503,1.779,-1.982,-2.467,2.429,1.123,24.150,48.600,-79.200,33.1
19:10:28.962,124733,-3.792,4.195,-4.214,-1.982,2.937,1.764,24.150,48.600,-79.200,33.0
19:10:29.017,124787,-2.076,3.479,-7.266,-1.950,3.237,2.087,0.000,64.050,-66.150,33.1
19:10:29.072,124841,1.374,10.501,-5.837,-3.304,3.089,2.562,0.000,64.050,-66.150,33.0
19:10:29.124,124895,4.834,11.107,-5.452,-2.386,2.419,3.224,0.000,64.050,-66.150,32.8
19:10:29.180,124949,6.780,7.281,-3.838,-2.083,2.175,3.314,0.000,64.050,-66.150,33.2
19:10:29.233,125003,8.104,6.431,-3.539,-3.456,1.822,3.131,-50.850,65.100,-11.400,33.2
19:10:29.286,125057,9.029,10.556,0.845,-3.233,1.648,3.161,-50.850,65.100,-11.400,32.8
19:10:29.340,125111,9.740,7.403,1.173,-1.900,1.923,2.973,-62.100,44.850,14.850,33.0
19:10:29.394,125165,10.949,7.118,2.215,-2.262,0.938,2.625,-62.100,44.850,14.850,33.0
19:10:29.448,125219,9.313,7.683,2.466,-0.848,0.999,1.717,-62.100,44.850,14.850,33.0
19:10:29.504,125273,7.144,6.998,2.279,-0.365,0.488,1.371,-59.700,3.150,38.100,33.0
19:10:29.611,125327,7.453,7.487,0.426,0.573,0.205,0.245,-59.700,3.150,38.100,33.0
19:10:29.611,125381,6.548,7.750,0.500,0.912,-0.253,-0.608,-59.400,4.800,40.650,33.0
19:10:29.666,125435,7.389,8.011,-1.132,1.506,-1.032,-1.431,-59.400,4.800,40.650,33.1
19:10:29.719,125489,8.856,8.176,-1.398,1.758,-1.657,-1.963,-62.850,18.900,34.350,33.2
19:10:29.774,125543,10.829,7.731,-2.145,1.734,-2.430,-2.218,-62.850,18.900,34.350,32.9
19:10:29.826,125597,11.109,8.459,-3.484,1.697,-3.093,-2.181,-70.200,37.200,14.400,33.2
19:10:29.880,125651,12.641,7.944,-5.167,1.863,-3.360,-2.042,-70.200,37.200,14.400,33.1
19:10:29.935,125705,11.152,8.351,-5.301,1.760,-4.160,-1.654,-66.300,52.200,-17.850,33.2
19:10:29.989,125759,9.462,8.224,-6.536,2.050,-4.478,-1.317,-66.300,52.200,-17.850,33.2
19:10:30.042,125813,6.261,7.309,-6.780,1.885,-4.365,-0.988,-46.650,54.300,-57.900,32.8
19:10:30.096,125867,3.345,6.129,-6.529,1.622,-4.128,-0.873,-46.650,54.300,-57.900,32.8
19:10:30.150,125921,0.268,5.983,-4.793,0.995,-3.793,-0.543,-46.650,54.300,-57.900,33.0
19:10:30.205,125975,-2.373,4.480,-3.100,0.834,-2.848,-0.295,14.250,32.550,-94.050,33.1
19:10:30.259,126029,-2.346,4.594,-1.432,0.286,-1.981,-0.253,14.250,32.550,-94.050,32.9
19:10:30.312,126083,-2.677,3.721,-1.417,0.079,-0.976,-0.132,30.600,25.650,-91.950,33.0
19:10:30.367,126137,-2.564,3.235,-0.534,-0.519,0.107,-0.019,30.600,25.650,-91.950,33.2
19:10:30.421,126191,-2.653,3.809,-0.666,-1.237,1.594,0.353,34.050,29.550,-89.700,33.0
19:10:30.474,126245,-1.836,2.816,-2.832,-1.205,2.696,0.837,34.050,29.550,-89.700,33.2
19:10:30.529,126299,-1.156,4.956,-3.618,-1.850,3.714,1.483,15.750,39.900,-90.750,33.1
19:10:30.583,126353,2.279,7.932,-4.654,-1.451,3.831,1.885,15.750,39.900,-90.750,32.9
19:10:30.636,126407,5.420,8.370,-7.439,-1.629,4.080,2.155,-17.100,53.250,-80.400,33.2
19:10:30.690,126461,8.442,7.417,-6.395,-1.660,3.678,2.562,-17.100,53.250,-80.400,32.9
19:10:30.745,126515,11.061,6.258,-3.862,-1.867,2.980,3.094,-49.050,56.400,-48.150,32.8
19:10:30.798,126569,11.080,8.519,-3.847,-2.910,2.359,2.321,-49.050,56.400,-48.150,32.9
19:10:30.853,126623,12.342,8.205,-1.721,-2.088,1.723,2.761,-49.050,56.400,-48.150,33.1
19:10:30.907,126677,12.586,7.051,-1.468,-1.718,1.570,2.634,-75.900,22.800,10.950,33.1
19:10:30.961,126731,11.004,6.735,-0.278,-1.074,1.557,2.627,-75.900,22.800,10.950,33.1
19:10:31.015,126785,9.804,6.632,0.486,-0.540,1.283,2.218,-70.950,0.900,22.050,32.8
19:10:31.068,126839,7.781,6.409,0.946,0.560,0.950,1.619,-70.950,0.900,22.050,33.1
19:10:31.124,126893,6.282,7.573,0.816,0.746,0.757,0.687,-70.950,0.900,22.050,33.1
19:10:31.176,126947,5.945,7.882,0.412,1.295,0.245,-0.492,-70.950,0.900,22.050,33.0
19:10:31.231,127001,7.027,6.730,-0.596,1.374,-0.497,-1.310,-57.900,-7.500,36.000,32.8
19:10:31.285,127055,8.813,6.503,-1.422,1.053,-1.432,-2.099,-57.900,-7.500,36.000,33.1
19:10:31.338,127109,10.544,6.833,-1.460,1.133,-1.834,-2.415,-63.600,7.650,32.850,32.9
19:10:31.394,127163,12.684,6.596,-1.640,0.864,-2.327,-2.423,-72.900,28.200,17.550,33.1
19:10:31.447,127217,13.551,7.652,-1.645,0.885,-2.827,-2.367,-72.900,28.200,17.550,33.0
19:10:31.501,127271,12.553,6.041,-1.532,1.191,-3.256,-2.308,-71.100,45.600,-8.700,32.6
19:10:31.554,127325,11.825,7.264,-2.167,1.957,-4.045,-2.045,-71.100,45.600,-8.700,33.0
19:10:31.609,127379,9.452,7.183,-3.867,2.152,-4.262,-1.656,-56.550,55.950,-46.350,32.8
19:10:31.663,127433,7.089,7.300,-5.109,2.251,-4.108,-1.410,-56.550,55.950,-46.350,32.8
19:10:31.718,127487,3.259,7.635,-4.954,1.369,-4.000,-1.095,-25.950,47.100,-80.700,32.9
19:10:31.771,127541,-1.235,5.260,-3.251,0.454,-2.878,-0.851,-25.950,47.100,-80.700,32.8
19:10:31.825,127595,-2.691,5.250,-1.044,0.358,-1.677,-0.406,-25.950,47.100,-80.700,33.0
19:10:31.879,127649,-3.955,4.939,-0.089,-0.296,-0.010,-0.030,-25.950,47.100,-80.700,33.1
19:10:31.932,127703,-3.634,4.233,-1.166,-1.201,1.651,0.382,13.350,38.250,-93.600,32.8
19:10:31.986,127757,-1.772,5.514,-2.073,-2.240,2.760,1.005,-0.300,50.250,-86.550,32.9
19:10:32.040,127811,0.508,5.114,-6.539,-2.344,3.693,1.573,-0.300,50.250,-86.550,33.1
19:10:32.095,127865,4.987,9.361,-5.921,-1.990,4.019,1.982,-31.950,58.650,-67.500,33.2
19:10:32.148,127919,9.007,10.211,-3.285,-2.123,3.799,2.540,-31.950,58.650,-67.500,32.7
19:10:32.202,127973,10.793,6.955,-3.189,-2.235,3.649,3.114,-60.300,58.650,-31.050,33.1
19:10:32.257,128027,12.136,6.871,-0.201,-2.339,2.639,3.435,-60.300,58.650,-31.050,33.1
19:10:32.310,128081,13.357,5.468,0.991,-1.637,2.186,3.057,-73.200,35.250,5.250,33.1
19:10:32.365,128135,12.390,4.769,2.066,-1.869,0.871,2.842,-73.200,35.250,5.250,33.1
19:10:32.418,128189,13.302,4.369,2.047,-1.345,1.151,2.751,-71.250,10.500,21.300,33.0
19:10:32.472,128243,10.539,4.432,2.746,-1.531,0.600,2.407,-71.250,10.500,21.300,32.8
19:10:32.526,128297,9.522,2.986,2.660,-0.277,0.786,2.196,-71.250,10.500,21.300,33.1
19:10:32.580,128351,7.441,3.970,2.705,-0.199,0.766,1.741,-49.650,-29.100,26.100,33.2
19:10:32.634,128405,6.929,3.910,2.926,0.169,0.447,0.815,-49.650,-29.100,26.100,32.8
19:10:32.688,128459,6.342,5.119,1.094,0.984,0.304,-0.309,-43.950,-30.150,30.600,33.2
19:10:32.743,128513,5.863,3.019,2.928,1.092,-0.296,-1.169,-43.950,-30.150,30.600,33.1
19:10:32.797,128567,7.594,4.645,1.987,1.838,-0.940,-1.974,-43.950,-30.150,30.600,33.0
19:10:32.850,128621,10.068,5.657,1.128,1.941,-1.461,-2.442,-43.950,-30.150,30.600,33.0
19:10:32.904,128675,11.815,7.446,0.551,1.926,-2.051,-2.806,-62.700,2.100,33.000,32.9
19:10:32.957,128729,13.898,7.922,1.219,1.923,-2.576,-3.231,-62.700,2.100,33.000,33.0
19:10:33.012,128783,15.392,10.144,-2.746,2.038,-3.401,-3.311,-74.700,30.300,13.650,33.0
19:10:33.065,128837,13.870,10.015,-1.963,1.417,-4.357,-3.333,-74.700,30.300,13.650,33.0
19:10:33.120,128891,11.420,9.577,-3.237,1.131,-4.572,-3.115,-66.600,54.450,-25.950,32.9
19:10:33.174,128945,8.068,6.831,-4.264,1.071,-4.137,-2.794,-66.600,54.450,-25.950,33.0
19:10:33.228,128999,4.681,6.642,-2.413,0.593,-3.973,-2.408,-33.900,60.600,-62.100,33.1
19:10:33.283,129053,2.799,4.360,-3.663,0.865,-3.433,-1.851,2.100,58.650,-78.150,33.2
19:10:33.337,129107,-0.867,4.405,-1.523,0.124,-3.001,-1.405,2.100,58.650,-78.150,33.1
19:10:33.390,129161,-2.895,2.883,-0.939,-0.340,-1.973,-0.897,27.750,52.350,-79.500,32.8
19:10:33.443,129215,-3.108,3.768,1.779,-0.114,-0.744,-0.244,27.750,52.350,-79.500,33.2
19:10:33.497,129269,-5.265,4.003,2.464,-0.491,0.685,0.676,27.750,52.350,-79.500,33.1
19:10:33.552,129323,-4.685,4.436,-0.108,-0.690,1.942,1.541,27.750,52.350,-79.500,32.7
19:10:33.607,129377,-2.626,6.699,0.369,-0.451,2.740,2.259,23.400,61.350,-73.350,33.0
19:10:33.659,129431,0.007,7.400,-1.130,-1.021,3.332,2.875,23.400,61.350,-73.350,33.1
19:10:33.715,129485,3.187,7.264,-2.976,-0.709,3.527,3.200,-9.600,69.600,-66.450,33.0
19:10:33.769,129539,7.230,7.135,-4.475,-1.377,3.466,3.584,-9.600,69.600,-66.450,33.1
19:10:33.824,129593,10.546,8.629,-1.719,-1.567,3.052,3.544,-9.600,69.600,-66.450,33.0
19:10:33.876,129647,12.117,8.471,0.103,-0.724,2.717,3.730,-69.600,46.650,-13.050,32.7
19:10:33.930,129701,12.081,5.574,1.568,-1.317,1.945,3.013,-69.600,46.650,-13.050,32.8
19:10:33.984,129755,12.723,5.705,2.073,-0.555,1.649,2.919,-75.600,20.400,11.700,33.0
19:10:34.038,129809,12.368,5.806,1.757,-0.595,1.534,2.675,-75.600,20.400,11.700,33.0
19:10:34.091,129863,11.672,5.957,1.848,-0.096,1.539,2.484,-70.500,-0.900,24.900,33.0
19:10:34.146,129917,9.804,5.083,2.490,-0.250,1.300,2.008,-70.500,-0.900,24.900,33.0
19:10:34.200,129971,7.626,4.604,3.546,0.846,1.149,1.496,-58.050,-15.750,33.900,33.2
19:10:34.254,130025,7.372,4.147,2.112,0.556,0.946,0.568,-58.050,-15.750,33.900,33.0
19:10:34.309,130079,6.584,6.072,1.970,1.251,0.699,-0.164,-49.350,-20.250,39.900,33.1
19:10:34.363,130133,6.888,5.255,1.836,1.626,-0.026,-1.057,-49.350,-20.250,39.900,32.8
19:10:34.416,130187,8.284,5.329,0.893,1.698,-1.414,-1.772,-46.350,-7.500,46.950,33.1
19:10:34.470,130241,10.463,5.854,-0.414,2.047,-2.241,-2.115,-46.350,-7.500,46.950,33.1
19:10:34.524,130295,12.450,6.450,-1.283,1.762,-2.965,-2.194,-46.350,-7.500,46.950,32.8
19:10:34.578,130349,13.376,6.201,-0.891,1.432,-3.665,-2.176,-71.250,34.200,16.950,32.8
19:10:34.632,130403,13.736,9.117,-2.514,1.430,-4.734,-2.153,-71.250,34.200,16.950,33.0
19:10:34.686,130457,12.998,7.484,-4.982,1.053,-5.463,-1.919,-70.200,49.950,-26.100,33.0
19:10:34.741,130511,11.226,7.982,-3.527,1.380,-5.420,-1.618,-70.200,49.950,-26.100,33.0
19:10:34.795,130565,6.814,7.456,-5.090,1.091,-4.837,-1.314,-70.200,49.950,-26.100,33.0
19:10:34.849,130619,2.567,7.135,-3.658,0.439,-4.236,-1.158,-70.200,49.950,-26.100,32.8
19:10:34.903,130673,1.772,5.320,-2.128,0.429,-3.297,-0.965,-5.550,47.550,-89.850,33.0
19:10:34.956,130727,0.357,5.660,0.575,0.112,-1.746,-0.445,-5.550,47.550,-89.850,33.1
19:10:35.010,130781,-0.644,4.305,0.915,-0.051,0.616,0.097,21.600,44.850,-90.600,32.7
19:10:35.065,130835,-0.587,3.596,-0.797,-0.693,2.340,0.507,21.600,44.850,-90.600,32.6
19:10:35.118,130889,-0.570,5.219,-4.453,-1.207,3.964,1.324,21.600,44.850,-90.600,33.1
19:10:35.172,130943,1.441,9.246,-6.404,-0.814,4.675,1.973,-21.300,54.300,-79.800,32.9
19:10:35.226,130997,6.788,8.626,-4.530,-1.283,4.278,2.022,-21.300,54.300,-79.800,32.9
19:10:35.280,131051,9.780,8.188,-8.255,-1.863,4.088,2.230,-55.050,53.700,-48.150,32.6
19:10:35.335,131105,11.360,6.318,-3.134,-1.806,3.589,2.313,-55.050,53.700,-48.150,33.0
19:10:35.389,131159,11.375,5.880,-1.697,-1.385,2.921,2.391,-55.050,53.700,-48.150,33.0
19:10:35.443,131213,11.660,4.530,0.261,-0.980,2.455,2.206,-55.050,53.700,-48.150,33.0
19:10:35.497,131267,10.506,4.448,0.642,-0.837,1.305,2.463,-72.450,25.200,16.500,32.8
19:10:35.551,131321,11.851,4.937,-0.132,-0.622,1.816,2.227,-72.450,25.200,16.500,33.1
19:10:35.604,131375,10.154,3.555,2.454,-0.222,1.487,2.073,-66.600,5.700,27.750,33.0
19:10:35.659,131429,9.290,4.405,0.136,0.822,1.406,1.770,-66.600,5.700,27.750,32.9
19:10:35.712,131483,6.618,6.804,1.726,1.369,1.155,1.198,-55.500,-7.200,37.650,33.0
19:10:35.766,131537,7.017,8.246,0.445,2.106,0.728,0.324,-55.500,-7.200,37.650,32.8
19:10:35.820,131591,6.967,6.112,0.536,2.651,-0.135,-0.482,-55.500,-7.200,37.650,32.8
19:10:35.873,131645,8.195,6.778,-0.651,3.037,-1.244,-1.250,-49.800,10.800,48.150,33.2
19:10:35.928,131699,11.042,7.465,-1.559,3.470,-2.135,-1.495,-49.800,10.800,48.150,33.0
19:10:35.982,131753,12.330,8.373,-4.233,2.174,-3.264,-1.597,-60.450,36.900,33.750,32.6
19:10:36.036,131807,13.214,8.772,-3.814,2.163,-4.182,-1.534,-60.450,36.900,33.750,33.0
19:10:36.091,131861,14.157,9.893,-4.458,2.041,-4.886,-1.239,-60.450,36.900,33.750,33.2
19:10:36.144,131915,13.903,6.412,-8.171,1.987,-5.631,-0.978,-60.450,36.900,33.750,33.0
19:10:36.198,131969,10.534,6.419,-7.980,2.172,-5.564,-0.511,-54.900,50.850,-49.500,33.1
19:10:36.252,132023,6.553,6.019,-6.797,1.297,-5.373,-0.543,-54.900,50.850,-49.500,32.5
19:10:36.305,132077,3.168,4.288,-5.054,1.314,-4.675,-0.636,-22.500,39.150,-84.900,32.8
19:10:36.415,132131,-0.192,3.493,-4.855,0.754,-3.483,-0.664,-22.500,39.150,-84.900,33.0
19:10:36.416,132185,-1.022,3.208,-2.861,0.182,-2.635,-0.532,-22.500,39.150,-84.900,33.0
19:10:36.468,132239,-1.829,3.086,-0.273,0.022,-1.662,-0.169,33.600,22.500,-93.000,32.8
19:10:36.523,132293,-2.423,2.950,0.819,-0.348,-0.130,0.022,33.600,22.500,-93.000,33.1
19:10:36.577,132347,-1.748,2.473,-1.496,-1.170,1.329,0.146,36.300,22.950,-90.450,33.0
19:10:36.632,132401,-2.188,3.646,-1.784,-1.694,3.151,0.736,36.300,22.950,-90.450,33.0
19:10:36.684,132455,-1.958,4.839,-3.967,-1.423,4.424,1.215,17.850,39.000,-90.600,33.1
19:10:36.738,132509,0.146,6.294,-6.385,-1.186,5.243,1.479,17.850,39.000,-90.600,32.8
19:10:36.792,132563,7.211,3.824,-13.039,-2.123,5.563,1.341,-19.800,48.450,-79.800,33.0
19:10:36.846,132617,8.657,8.973,-8.543,-3.238,5.023,1.922,-19.800,48.450,-79.800,32.8
19:10:36.901,132671,11.626,7.477,-5.851,-2.993,4.156,2.104,-52.650,57.750,-37.800,32.6
19:10:36.954,132725,12.524,7.192,-2.514,-1.761,3.475,2.516,-65.400,48.450,7.800,32.8
19:10:37.008,132779,7.235,3.606,-0.625,-1.038,1.893,2.087,-65.400,48.450,7.800,33.0
19:10:37.062,132833,10.539,5.784,-3.074,-0.734,2.294,1.954,-65.400,48.450,7.800,32.9
19:10:37.116,132887,9.869,5.037,2.686,-0.481,2.331,1.556,-65.400,48.450,7.800,33.0
19:10:37.170,132941,10.149,5.590,-1.906,0.066,2.010,1.652,-53.100,21.750,43.650,33.0
19:10:37.224,132995,6.979,6.574,1.834,0.302,1.668,1.278,-53.100,21.750,43.650,32.8
19:10:37.278,133049,7.803,5.207,0.074,1.328,1.066,0.712,-45.600,14.400,52.800,33.0
19:10:37.332,133103,6.831,5.677,2.840,1.329,0.438,0.188,-45.600,14.400,52.800,32.8
19:10:37.387,133157,7.032,5.385,0.278,2.510,0.099,-0.260,-45.600,14.400,52.800,32.6
19:10:37.439,133211,7.104,6.208,-0.819,2.849,-0.533,-0.557,-45.600,14.400,52.800,32.9
19:10:37.495,133265,8.928,5.363,-1.865,2.988,-1.288,-0.720,-41.100,41.100,49.500,33.1
19:10:37.548,133319,11.035,6.270,-0.467,2.817,-1.779,-0.710,-41.100,41.100,49.500,33.1
19:10:37.602,133373,11.523,7.254,-4.958,2.566,-3.123,-0.317,-45.150,55.800,32.250,33.0
19:10:37.655,133427,12.459,9.948,-4.901,2.386,-4.230,-0.258,-56.250,62.250,1.050,32.8
19:10:37.710,133481,12.160,8.765,-4.657,1.394,-4.904,-0.076,-56.250,62.250,1.050,32.8
19:10:37.763,133535,11.212,8.818,-7.518,1.342,-5.021,-0.124,-56.250,62.250,1.050,33.2
19:10:37.817,133589,8.262,6.072,-8.035,1.537,-4.780,-0.172,-56.250,62.250,1.050,33.0
19:10:37.872,133643,5.428,4.870,-7.542,1.502,-4.623,-0.063,-33.450,49.050,-67.950,32.8
19:10:37.927,133697,3.124,3.979,-7.597,1.762,-4.299,-0.136,-33.450,49.050,-67.950,32.7
19:10:37.980,133751,0.043,3.165,-5.550,1.313,-3.307,-0.336,-5.550,37.050,-85.500,32.8
19:10:38.034,133805,-0.615,1.563,-5.054,1.510,-2.526,-0.655,-5.550,37.050,-85.500,33.0
19:10:38.088,133859,-1.097,2.105,-3.682,1.533,-1.679,-0.501,-5.550,37.050,-85.500,32.9
19:10:38.143,133913,-1.755,2.737,-0.838,0.722,-0.470,-0.231,-5.550,37.050,-85.500,32.7
19:10:38.195,133967,-2.279,1.389,-2.119,-0.145,0.460,0.051,28.050,15.150,-90.450,32.8
19:10:38.250,134021,-3.764,2.193,-3.213,-1.877,2.063,0.428,21.300,19.050,-92.250,32.9
19:10:38.304,134075,-2.720,1.468,-7.894,-2.315,3.306,0.593,21.300,19.050,-92.250,33.0
19:10:38.358,134129,-1.674,2.646,-8.684,-2.263,4.078,0.969,21.300,19.050,-92.250,32.8
19:10:38.412,134183,0.462,3.876,-7.994,-2.214,4.211,1.292,21.300,19.050,-92.250,33.0
19:10:38.466,134237,5.018,7.424,-8.464,-2.068,4.157,1.436,-30.150,53.250,-69.450,33.1
19:10:38.521,134291,8.497,6.768,-7.372,-2.202,3.998,1.382,-30.150,53.250,-69.450,32.9
19:10:38.573,134345,10.570,7.987,-6.043,-2.522,3.792,1.174,-53.400,58.950,-37.800,33.0
19:10:38.629,134399,10.171,9.565,-4.906,-2.613,3.208,1.336,-53.400,58.950,-37.800,32.7
19:10:38.683,134453,9.742,8.569,-2.296,-3.235,2.918,1.269,-62.850,55.650,0.000,32.8
19:10:38.736,134507,10.233,7.446,-0.079,-2.444,2.245,1.251,-62.850,55.650,0.000,33.0
19:10:38.790,134561,10.472,6.012,0.134,-1.939,1.721,1.309,-62.850,55.650,0.000,32.8
19:10:38.844,134615,9.467,4.326,1.393,-1.098,1.207,1.178,-50.850,29.550,45.750,32.8
19:10:38.899,134669,8.770,4.161,0.651,-0.662,0.880,1.015,-50.850,29.550,45.750,33.0
19:10:38.952,134723,8.011,6.960,-0.146,-1.132,0.690,0.897,-44.850,22.950,52.050,32.7
19:10:39.006,134777,8.358,4.583,1.626,-0.414,0.725,0.464,-44.850,22.950,52.050,33.0
19:10:39.059,134831,6.931,1.827,3.172,-0.449,0.189,0.076,-44.850,22.950,52.050,33.0
19:10:39.115,134885,6.699,4.061,4.386,0.606,-0.326,-0.461,-44.850,22.950,52.050,32.9
19:10:39.167,134939,9.979,5.037,2.535,0.852,-1.062,-0.987,-41.250,16.500,55.200,32.8
19:10:39.223,134993,8.210,4.798,1.839,1.680,-1.561,-0.948,-41.250,16.500,55.200,32.9
19:10:39.275,135047,8.655,7.482,-0.919,1.167,-1.659,-1.081,-50.850,27.600,48.300,33.1
19:10:39.330,135101,10.987,5.490,0.074,1.409,-1.743,-1.327,-50.850,27.600,48.300,32.8
19:10:39.385,135155,11.198,6.677,0.053,0.943,-2.513,-1.546,-50.850,27.600,48.300,32.8
19:10:39.438,135209,11.190,7.489,-1.353,1.465,-3.041,-1.710,-64.650,12.000,48.300,33.2
19:10:39.491,135263,10.853,8.430,-4.628,2.102,-3.539,-1.656,-64.650,50.400,11.850,32.9
19:10:39.545,135317,9.378,6.337,-6.692,2.956,-4.006,-1.628,-59.850,61.350,-24.750,33.1
19:10:39.600,135371,8.124,10.084,-7.384,2.745,-5.022,-1.289,-59.850,61.350,-24.750,32.8
19:10:39.655,135425,5.327,6.761,-9.589,1.628,-5.264,-1.144,-35.700,51.750,-67.500,33.0
19:10:39.708,135479,0.572,6.443,-9.050,0.778,-4.602,-1.193,-35.700,51.750,-67.500,33.2
19:10:39.763,135533,-1.408,3.869,-5.983,-0.213,-3.844,-1.782,-0.150,42.300,-87.150,32.6
19:10:39.815,135587,-1.544,4.355,-3.500,0.049,-3.460,-1.642,-0.150,42.300,-87.150,32.7
19:10:39.871,135641,-2.195,2.830,-2.899,-0.363,-2.457,-1.418,28.200,38.250,-84.000,33.1
19:10:39.923,135695,-2.816,1.389,-1.106,-0.536,-1.676,-0.809,28.200,38.250,-84.000,33.0
19:10:39.977,135749,-3.685,1.063,-0.505,-0.635,-0.412,-0.168,44.700,35.550,-77.850,32.8
19:10:40.031,135803,-5.416,0.876,-0.637,-0.455,0.840,0.235,44.700,35.550,-77.850,32.8
19:10:40.087,135857,-4.561,2.140,-1.942,-0.625,1.984,0.781,44.700,35.550,-77.850,32.8
19:10:40.141,135911,-5.250,3.764,-3.565,-1.045,2.971,1.491,32.100,46.950,-77.550,33.0
19:10:40.194,135965,-5.011,3.716,-4.135,-1.247,3.505,1.881,32.100,46.950,-77.550,33.1
19:10:40.248,136019,-2.258,5.997,-8.040,-1.586,3.361,2.416,4.950,58.950,-74.700,32.6
19:10:40.302,136073,-0.208,7.135,-9.855,-0.949,4.198,2.466,4.950,58.950,-74.700,32.7
19:10:40.356,136127,6.084,8.619,-0.503,-2.168,3.987,2.765,4.950,58.950,-74.700,33.0
19:10:40.409,136181,9.881,9.014,-4.451,-2.709,3.848,2.701,4.950,58.950,-74.700,33.0
19:10:40.464,136235,10.630,8.978,-1.683,-2.526,2.782,2.542,-54.300,62.550,-17.100,33.2
19:10:40.519,136289,10.499,9.855,-1.367,-2.142,2.489,2.387,-54.300,62.550,-17.100,32.8
19:10:40.571,136343,10.013,7.128,-1.132,-2.439,1.794,2.123,-63.150,49.950,12.600,32.8
19:10:40.627,136397,9.843,5.193,1.963,-1.434,1.411,1.952,-63.150,49.950,12.600,32.8
19:10:40.680,136451,11.274,4.405,1.391,-1.057,1.027,1.733,-61.050,29.250,31.800,33.0
19:10:40.734,136505,9.900,6.371,1.286,-0.284,0.896,1.615,-58.500,15.000,40.950,32.8
19:10:40.787,136559,8.863,5.456,2.586,-0.365,0.754,1.262,-58.500,15.000,40.950,32.8
19:10:40.841,136613,8.449,4.427,1.810,-0.021,0.636,0.910,-51.900,6.300,45.450,32.8
19:10:40.895,136667,7.954,4.353,1.906,0.128,0.404,0.444,-51.900,6.300,45.450,33.0
19:10:40.950,136721,7.468,6.548,1.607,0.821,0.021,-0.150,-48.300,4.950,47.850,33.1
19:10:41.004,136775,7.970,4.678,1.604,1.209,-0.675,-0.936,-48.300,4.950,47.850,32.8
19:10:41.057,136829,8.854,5.085,0.821,1.265,-1.168,-1.276,-48.300,4.950,47.850,32.7
19:10:41.112,136883,8.724,7.111,-1.267,1.747,-1.616,-1.611,-48.300,4.950,47.850,33.1
19:10:41.166,136937,10.075,6.723,-1.472,2.334,-2.207,-1.901,-60.900,30.600,35.250,33.0
19:10:41.220,136991,11.102,6.443,-0.986,1.904,-3.214,-2.070,-60.900,30.600,35.250,32.6
19:10:41.274,137045,15.459,9.948,-5.083,3.436,-4.114,-2.286,-64.650,49.950,12.150,32.6
19:10:41.328,137099,11.672,14.243,-17.265,2.226,-6.275,-2.111,-64.650,49.950,12.150,33.0
19:10:41.381,137153,5.969,8.837,-6.074,0.891,-5.294,-2.548,-64.650,49.950,12.150,33.0
19:10:41.437,137207,1.980,8.574,-6.692,-0.054,-5.428,-2.692,-16.200,60.000,-70.650,33.0
19:10:41.490,137261,-1.176,6.005,-3.596,-0.156,-4.299,-2.652,-16.200,60.000,-70.650,32.8
19:10:41.544,137315,-1.683,4.810,-3.220,-0.199,-3.272,-2.298,22.050,55.350,-73.200,32.8
19:10:41.599,137369,-2.047,3.840,-1.408,-0.118,-2.285,-1.701,22.050,55.350,-73.200,33.0
19:10:41.652,137423,-2.466,2.500,-0.395,-0.130,-1.327,-1.344,42.900,48.000,-66.300,33.1
19:10:41.707,137477,-3.598,1.429,-0.560,-0.222,-0.257,-0.746,42.900,48.000,-66.300,32.8
19:10:41.759,137531,-3.627,1.963,-0.378,-0.114,0.628,0.052,49.650,46.200,-63.750,32.8
19:10:41.814,137585,-3.953,2.042,-0.962,-0.221,1.249,0.799,49.650,46.200,-63.750,33.0
19:10:41.868,137639,-4.068,2.703,-1.686,-0.485,1.941,1.734,44.400,49.200,-65.250,33.0
19:10:41.922,137693,-4.305,2.887,-3.496,-0.763,2.499,2.357,44.400,49.200,-65.250,33.0
19:10:41.975,137747,-3.282,6.407,-4.640,-1.043,3.220,3.143,28.650,58.650,-68.250,32.8
19:10:42.029,137801,-1.470,5.691,-5.514,-1.520,3.371,3.500,28.650,58.650,-68.250,32.8
19:10:42.083,137855,2.440,7.973,-4.489,-3.313,3.499,3.912,28.650,58.650,-68.250,32.8
19:10:42.136,137909,8.298,12.110,-2.454,-2.932,3.064,4.550,-40.950,67.200,-31.050,32.8
19:10:42.193,137963,11.516,9.495,-2.040,-3.081,2.680,4.243,-40.950,67.200,-31.050,32.8
19:10:42.245,138017,12.093,9.804,0.948,-3.187,1.952,4.520,-64.050,47.550,6.900,32.8
19:10:42.299,138071,12.866,5.346,1.635,-1.658,1.359,3.758,-64.050,47.550,6.900,33.0
19:10:42.355,138125,11.162,4.736,4.099,-0.804,0.396,2.689,-64.050,47.550,6.900,33.0
19:10:42.407,138179,11.061,5.080,1.695,-1.337,0.132,2.147,-64.050,47.550,6.900,32.9
19:10:42.462,138233,10.963,3.510,0.448,0.115,0.238,1.788,-63.150,-4.800,27.900,32.8
19:10:42.517,138287,10.709,6.057,3.587,-0.209,0.514,1.578,-63.150,-4.800,27.900,32.8
19:10:42.570,138341,9.246,2.131,3.230,1.375,0.370,1.114,-57.300,-15.000,32.400,33.0
19:10:42.624,138395,8.514,4.269,2.272,1.492,0.215,0.204,-50.850,-18.300,37.050,32.8
19:10:42.679,138449,7.558,5.507,2.112,1.362,-0.010,-0.373,-50.850,-18.300,37.050,32.7
19:10:42.732,138503,8.009,7.479,-0.354,1.873,-0.280,-1.167,-53.400,-8.250,41.850,32.9
19:10:42.786,138557,9.155,4.037,0.984,2.360,-0.733,-2.060,-53.400,-8.250,41.850,33.0
19:10:42.840,138611,10.647,7.106,-0.891,2.154,-1.661,-2.635,-60.150,14.400,39.900,32.9
19:10:42.895,138665,12.462,7.393,1.235,3.303,-1.880,-3.183,-60.150,14.400,39.900,33.1
19:10:42.948,138719,13.209,8.964,-3.330,5.068,-3.497,-3.324,-66.750,45.000,21.300,32.7
19:10:43.001,138773,11.741,10.317,-9.440,3.823,-5.476,-3.096,-66.750,45.000,21.300,33.0
19:10:43.057,138827,9.936,11.224,-7.851,1.749,-5.077,-2.830,-66.750,45.000,21.300,32.8
19:10:43.109,138881,3.759,9.531,-7.190,0.940,-4.746,-2.458,-66.750,45.000,21.300,32.7
19:10:43.163,138935,1.927,6.172,-5.624,0.441,-3.640,-2.103,-20.400,61.350,-64.350,32.8
19:10:43.219,138989,1.465,3.907,-3.709,0.393,-2.594,-1.709,8.850,56.700,-72.300,33.0
19:10:43.272,139043,0.101,2.899,-2.832,0.290,-1.673,-1.263,8.850,56.700,-72.300,33.0
19:10:43.325,139097,-0.591,2.365,-2.174,0.201,-0.843,-0.758,8.850,56.700,-72.300,33.0
19:10:43.380,139151,-1.659,1.551,-3.891,0.172,-0.082,-0.370,8.850,56.700,-72.300,33.1
19:10:43.434,139205,-2.756,2.239,-1.298,-0.259,0.532,0.200,24.300,47.700,-73.950,32.8
19:10:43.488,139259,-3.287,2.188,-4.302,-0.456,1.471,0.905,24.300,47.700,-73.950,32.9
19:10:43.543,139313,-2.816,3.534,-4.539,-0.537,2.030,1.339,17.250,54.600,-72.150,33.0
19:10:43.595,139367,-1.444,5.322,-5.488,-1.226,2.729,1.882,17.250,54.600,-72.150,32.6
19:10:43.649,139421,0.294,5.914,-5.935,-1.200,3.117,2.419,17.250,54.600,-72.150,32.7
19:10:43.704,139475,2.562,6.539,-8.353,-1.978,3.309,2.831,17.250,54.600,-72.150,32.8
19:10:43.758,139529,5.772,9.404,-5.665,-3.148,3.112,3.031,-30.300,66.600,-46.950,32.9
19:10:43.813,139583,8.550,12.323,-3.280,-3.407,2.527,3.480,-30.300,66.600,-46.950,32.9
19:10:43.865,139637,11.435,8.212,-4.587,-3.600,1.741,3.300,-55.200,58.950,-11.850,32.6
19:10:43.921,139691,11.461,7.824,0.297,-2.704,1.581,3.070,-66.600,37.500,18.150,32.8
19:10:43.972,139745,11.487,3.019,-0.613,-1.790,1.255,2.765,-66.600,37.500,18.150,33.0
19:10:44.030,139799,9.828,8.361,2.435,-1.705,1.028,2.527,-64.050,13.500,31.800,32.8
19:10:44.082,139853,11.030,2.868,3.089,-1.536,0.554,1.843,-64.050,13.500,31.800,32.8
19:10:44.135,139907,8.535,6.503,4.858,-0.042,0.765,1.484,-57.750,-5.700,34.350,32.5
19:10:44.189,139961,7.989,4.966,4.092,0.425,0.611,0.847,-57.750,-5.700,34.350,33.0
19:10:44.242,140015,7.520,4.760,2.653,0.141,0.246,0.004,-53.550,-11.850,38.700,33.0
19:10:44.298,140069,8.291,4.259,2.456,0.425,0.104,-0.723,-53.550,-11.850,38.700,33.1
19:10:44.351,140123,8.286,4.324,1.204,1.367,-0.266,-1.369,-53.550,-11.850,38.700,32.8
19:10:44.404,140177,8.928,4.065,0.352,1.122,-0.839,-1.849,-53.550,-11.850,38.700,32.8
19:10:44.461,140231,9.550,4.515,-0.069,1.757,-1.591,-2.041,-57.300,1.800,40.500,32.8
19:10:44.515,140285,10.618,5.090,-0.826,1.760,-2.231,-2.177,-65.400,22.950,27.900,32.8
19:10:44.566,140339,12.938,7.017,-1.834,2.138,-2.808,-2.032,-65.400,22.950,27.900,32.8
19:10:44.622,140393,13.422,7.647,-2.054,2.592,-4.523,-1.953,-65.400,22.950,27.900,32.8
19:10:44.675,140447,12.639,6.189,-9.069,3.033,-5.716,-1.385,-65.400,22.950,27.900,32.9
19:10:44.729,140501,9.050,6.000,-9.608,2.852,-5.314,-1.103,-57.750,50.250,-49.950,32.8
19:10:44.783,140555,4.005,5.710,-6.385,2.422,-5.015,-0.425,-57.750,50.250,-49.950,33.1
19:10:44.837,140609,2.037,5.306,-6.349,1.640,-3.713,-0.075,-22.800,30.600,-88.950,32.7
19:10:44.893,140663,1.319,4.295,-3.840,0.739,-2.759,-0.042,-22.800,30.600,-88.950,33.0
19:10:44.946,140717,0.704,4.518,-2.837,-0.265,-1.266,0.030,-22.800,30.600,-88.950,33.0
19:10:45.001,140771,0.316,3.862,-3.175,-0.644,0.003,0.182,-22.800,30.600,-88.950,32.8
19:10:45.053,140825,-0.201,3.670,-3.256,-1.267,1.219,0.251,10.200,19.050,-99.600,32.8
19:10:45.108,140879,-0.376,4.056,-4.089,-1.862,2.393,0.399,-0.900,33.450,-94.800,33.0
19:10:45.161,140933,1.056,6.304,-6.043,-2.395,3.138,0.940,-0.900,33.450,-94.800,32.9
19:10:45.214,140987,1.788,4.829,-6.701,-2.094,3.644,1.930,-26.550,49.200,-78.300,32.8
19:10:45.269,141041,7.649,5.696,-8.068,-1.682,4.200,2.276,-26.550,49.200,-78.300,33.0
19:10:45.325,141095,8.866,9.708,-1.374,-2.930,3.950,2.465,-26.550,49.200,-78.300,32.6
19:10:45.379,141149,11.370,9.730,-1.875,-2.588,3.965,2.654,-26.550,49.200,-78.300,32.8
19:10:45.432,141203,13.779,8.207,-0.443,-2.196,3.430,3.144,-73.650,37.800,-1.350,32.8
19:10:45.486,141257,12.287,5.557,0.002,-1.730,2.673,2.790,-73.650,37.800,-1.350,32.7
19:10:45.539,141311,10.671,3.421,2.863,-0.915,1.947,2.227,-67.200,12.450,26.850,32.7
19:10:45.593,141365,11.111,3.163,2.461,-0.592,1.084,1.596,-67.200,12.450,26.850,33.0
19:10:45.648,141419,9.467,3.237,0.915,-0.360,0.751,1.365,-67.200,12.450,26.850,32.7
19:10:45.701,141473,8.504,4.056,1.688,0.245,0.774,1.155,-48.150,-14.850,41.100,33.0
19:10:45.755,141527,7.479,3.527,2.351,0.922,0.472,0.746,-48.150,-14.850,41.100,32.8
19:10:45.809,141581,6.826,4.685,2.586,1.025,-0.135,-0.027,-43.350,-12.150,45.750,32.6
19:10:45.865,141635,7.274,4.137,1.470,1.172,-0.872,-0.829,-43.350,-12.150,45.750,33.0
19:10:45.917,141689,8.143,6.029,0.661,1.609,-1.318,-1.265,-43.350,-12.150,45.750,32.8
19:10:45.973,141743,10.092,6.175,-0.740,1.738,-1.846,-1.627,-43.350,-12.150,45.750,32.6
19:10:46.026,141797,11.049,6.790,-0.254,1.370,-2.365,-1.876,-61.200,14.400,36.000,32.8
19:10:46.080,141851,12.955,7.558,-1.015,1.511,-2.846,-2.139,-61.200,14.400,36.000,32.8
19:10:46.133,141905,14.348,7.542,-2.404,1.383,-3.307,-2.244,-71.550,33.900,12.750,33.0
19:10:46.187,141959,13.479,8.121,-4.231,2.058,-4.608,-1.979,-71.550,33.900,12.750,33.0
19:10:46.243,142013,11.353,7.190,-6.704,2.443,-5.755,-1.610,-71.100,50.250,-24.000,33.0
19:10:46.295,142067,9.029,6.663,-8.073,2.205,-5.558,-1.240,-71.100,50.250,-24.000,32.8
19:10:46.349,142121,4.396,5.741,-6.421,1.597,-4.382,-0.940,-41.700,45.150,-73.050,33.0
19:10:46.403,142175,2.207,5.076,-4.228,1.095,-3.519,-0.581,-4.200,30.300,-93.750,32.8
19:10:46.457,142229,0.939,4.269,-2.622,0.175,-2.276,-0.368,-4.200,30.300,-93.750,32.7
19:10:46.512,142283,0.541,3.395,-1.870,0.144,-1.229,-0.240,17.700,24.900,-94.800,32.6
19:10:46.567,142337,0.177,3.539,-1.532,-0.285,-0.063,-0.048,17.700,24.900,-94.800,33.0
19:10:46.620,142391,-0.206,3.215,-1.604,-0.757,0.893,0.275,19.350,25.050,-93.150,32.8
19:10:46.674,142445,-0.347,3.958,-4.032,-1.198,2.055,0.689,19.350,25.050,-93.150,32.7
19:10:46.728,142499,0.455,5.356,-4.822,-0.851,3.060,1.070,7.050,35.550,-93.900,32.7
19:10:46.781,142553,2.373,4.884,-5.277,-1.277,3.676,1.285,7.050,35.550,-93.900,32.6
19:10:46.835,142607,3.974,7.049,-7.848,-1.800,4.142,1.541,-21.300,45.750,-82.800,32.8
19:10:46.889,142661,7.092,8.983,-4.535,-2.483,4.105,1.824,-21.300,45.750,-82.800,32.6
19:10:46.942,142715,9.785,10.053,-4.329,-2.337,3.753,2.297,-21.300,45.750,-82.800,32.6
19:10:46.997,142769,12.699,8.535,-4.235,-1.651,3.709,2.439,-72.000,42.600,-13.650,32.5
19:10:47.051,142823,12.754,7.434,-1.087,-1.842,2.917,2.312,-72.000,42.600,-13.650,33.0
19:10:47.105,142877,12.414,5.660,-0.309,-1.404,2.218,2.167,-73.350,23.100,18.900,32.8
19:10:47.159,142931,11.392,6.172,0.146,-1.320,1.554,2.027,-73.350,23.100,18.900,32.8
19:10:47.213,142985,10.441,4.573,0.299,-0.559,1.238,1.819,-73.350,23.100,18.900,32.6
19:10:47.267,143039,9.266,4.405,0.972,0.163,1.155,1.607,-73.350,23.100,18.900,32.5
19:10:47.320,143093,7.951,4.645,1.326,0.616,0.924,1.233,-52.800,-8.100,40.950,32.8
19:10:47.375,143147,7.159,4.891,0.735,0.717,0.578,0.699,-52.800,-8.100,40.950,33.0
19:10:47.429,143201,6.730,5.183,1.935,0.612,0.069,0.094,-45.150,-9.000,46.200,32.8
19:10:47.483,143255,6.764,4.597,0.565,1.337,-0.306,-0.491,-45.150,-9.000,46.200,32.7
19:10:47.537,143309,7.841,5.104,1.860,1.414,-1.030,-1.222,-47.700,-4.500,47.100,33.0
19:10:47.591,143363,9.797,5.971,0.778,1.640,-1.673,-1.730,-55.950,12.450,42.150,32.8
19:10:47.645,143417,11.631,6.555,-0.912,1.859,-2.164,-2.123,-55.950,12.450,42.150,32.8
19:10:47.700,143471,13.115,7.673,-0.426,2.076,-3.022,-2.246,-67.200,31.800,24.900,32.8
19:10:47.753,143525,13.788,7.772,-3.428,2.220,-3.700,-2.138,-67.200,31.800,24.900,32.6
19:10:47.807,143579,13.046,7.791,-5.578,2.696,-4.483,-1.928,-67.800,51.750,-12.000,32.9
19:10:47.861,143633,12.277,7.300,-7.743,2.336,-5.189,-1.599,-67.800,51.750,-12.000,33.0
19:10:47.916,143687,7.906,7.235,-7.551,1.570,-5.281,-1.209,-49.050,51.300,-58.500,32.5
19:10:47.968,143741,4.465,5.176,-6.574,1.028,-4.004,-1.054,-49.050,51.300,-58.500,32.8
19:10:48.024,143795,2.102,5.131,-3.955,1.113,-3.450,-0.691,-15.000,40.650,-86.100,32.9
19:10:48.078,143849,0.579,3.428,-2.904,0.459,-2.305,-0.459,-15.000,40.650,-86.100,32.8
19:10:48.132,143903,0.254,3.302,-2.509,0.350,-1.561,-0.278,10.800,32.850,-91.350,32.8
19:10:48.186,143957,-1.216,2.950,-2.298,0.119,-0.617,-0.138,10.800,32.850,-91.350,32.6
19:10:48.239,144011,-1.281,3.316,-1.537,-0.181,0.094,0.036,10.800,32.850,-91.350,32.7
19:10:48.294,144065,-1.657,3.230,-2.818,-0.515,1.216,0.360,17.100,30.450,-92.850,32.8
19:10:48.348,144119,-1.470,3.912,-3.941,-0.875,2.166,0.638,17.100,30.450,-92.850,32.8
19:10:48.401,144173,-0.129,3.905,-5.725,-1.029,2.842,0.957,2.100,39.750,-88.800,32.7
19:10:48.455,144227,1.760,5.303,-6.469,-1.075,3.717,1.227,2.100,39.750,-88.800,32.8
19:10:48.509,144281,4.343,4.882,-7.475,-1.322,4.182,1.507,2.100,39.750,-88.800,32.8
19:10:48.564,144335,8.301,8.842,-6.737,-1.945,4.256,1.815,2.100,39.750,-88.800,32.8
19:10:48.617,144389,10.329,10.226,-4.544,-2.171,3.821,2.050,-55.950,52.650,-45.150,32.8
19:10:48.672,144443,11.540,8.380,-6.019,-1.944,3.503,2.346,-55.950,52.650,-45.150,32.5
19:10:48.725,144497,13.324,6.879,-0.989,-2.268,3.155,2.388,-71.550,44.400,-5.850,32.6
19:10:48.779,144551,12.543,7.252,-1.583,-1.506,2.594,2.242,-71.550,44.400,-5.850,32.7
19:10:48.834,144605,11.600,6.651,0.084,-1.319,1.676,2.013,-68.250,26.100,24.300,32.7
19:10:48.887,144659,10.135,3.824,0.453,-0.921,1.158,1.628,-61.800,4.500,36.150,32.8
19:10:48.941,144713,9.254,4.341,0.955,0.091,0.948,1.316,-61.800,4.500,36.150,32.8
19:10:48.995,144767,7.501,5.104,0.515,0.497,0.848,0.954,-54.150,-3.150,42.450,32.8
19:10:49.049,144821,6.290,5.538,1.307,0.294,0.407,0.515,-54.150,-3.150,42.450,33.0
19:10:49.103,144875,7.302,5.284,0.108,0.423,0.043,-0.107,-49.500,-3.450,47.400,32.6
19:10:49.157,144929,7.226,5.224,0.697,1.029,-0.600,-0.961,-49.500,-3.450,47.400,32.6
19:10:49.212,144983,8.296,7.968,1.135,1.878,-1.248,-1.632,-49.500,-3.450,47.400,32.9
19:10:49.264,145037,11.456,7.901,-0.649,2.136,-1.801,-2.181,-49.500,-3.450,47.400,33.0
19:10:49.319,145091,12.902,7.116,-1.140,2.380,-2.761,-2.531,-60.300,25.800,36.450,32.7
19:10:49.373,145145,13.027,8.859,-3.347,3.161,-3.442,-2.438,-60.300,25.800,36.450,32.8
19:10:49.427,145199,13.008,9.543,-5.830,2.870,-3.927,-2.267,-64.800,49.050,6.900,33.0
19:10:49.480,145253,11.890,8.423,-6.390,3.412,-4.416,-1.976,-64.800,49.050,6.900,32.9
19:10:49.535,145307,9.969,8.231,-9.680,3.137,-5.247,-1.564,-64.800,49.050,6.900,32.9
19:10:49.590,145361,5.258,6.483,-8.526,2.076,-5.287,-1.144,-23.400,46.650,-76.050,32.8
19:10:49.643,145415,0.994,5.464,-7.242,1.078,-4.336,-1.208,-23.400,46.650,-76.050,32.6
19:10:49.697,145469,-1.441,4.525,-3.100,0.645,-3.517,-1.206,11.850,34.800,-88.050,32.8
19:10:49.752,145523,-1.358,3.541,-2.251,0.298,-2.705,-1.111,11.850,34.800,-88.050,32.8
19:10:49.805,145577,-2.397,1.822,-0.639,0.218,-1.635,-0.743,11.850,34.800,-88.050,32.6
19:10:49.860,145631,-3.270,0.845,-1.602,-0.359,-0.648,-0.475,11.850,34.800,-88.050,32.6
19:10:49.913,145685,-3.826,0.472,-1.075,-0.812,0.313,-0.017,38.850,27.600,-80.850,32.7
19:10:49.967,145739,-4.221,1.180,-2.409,-1.127,1.240,0.367,38.850,27.600,-80.850,32.8
19:10:50.021,145793,-3.962,1.252,-3.242,-1.559,2.380,0.812,37.350,32.550,-80.550,33.0
19:10:50.075,145847,-3.778,2.969,-4.456,-1.063,3.361,1.375,18.900,45.150,-81.900,32.7
19:10:50.128,145901,-1.975,2.600,-6.934,-0.697,4.018,1.662,18.900,45.150,-81.900,32.5
19:10:50.183,145955,0.883,4.822,-7.764,-0.258,4.471,1.614,-8.550,52.500,-76.050,32.8
19:10:50.237,146009,4.360,6.771,-8.547,-0.616,4.428,1.436,-8.550,52.500,-76.050,32.8
19:10:50.292,146063,7.460,6.191,-8.363,-0.929,3.922,1.471,-39.750,54.000,-59.100,32.7
19:10:50.346,146117,8.643,7.013,-8.545,-1.200,3.277,1.309,-39.750,54.000,-59.100,32.8
19:10:50.400,146171,9.349,7.128,-6.998,-1.359,2.815,1.165,-58.500,55.950,-32.850,32.7
19:10:50.453,146225,10.360,6.280,-6.031,-0.855,2.882,1.041,-58.500,55.950,-32.850,32.9
19:10:50.507,146279,10.563,5.808,-5.509,-0.326,2.663,0.714,-58.500,55.950,-32.850,32.8
19:10:50.561,146333,8.569,7.659,-4.164,-0.346,2.118,0.652,-58.500,55.950,-32.850,32.6
19:10:50.614,146387,7.499,5.602,-5.167,0.905,1.763,0.043,-66.000,49.200,11.850,32.6
19:10:50.669,146441,9.182,2.993,-3.764,2.132,1.400,-0.305,-66.000,49.200,11.850,32.8
19:10:50.723,146495,7.989,3.373,-4.413,2.365,0.650,-0.399,-58.950,51.600,18.450,32.8
19:10:50.778,146549,7.384,2.998,-6.483,2.566,-0.189,-0.336,-58.950,51.600,18.450,32.6
19:10:50.832,146603,7.396,3.579,-6.974,2.957,-1.044,-0.159,-58.950,51.600,18.450,32.8
19:10:50.885,146657,7.944,3.493,-8.222,3.160,-1.718,0.144,-55.950,64.350,-12.150,32.9
19:10:50.939,146711,8.875,4.039,-9.692,2.362,-2.626,0.570,-55.950,64.350,-12.150,33.0
19:10:50.993,146765,9.237,4.463,-10.518,1.985,-3.211,0.659,-54.750,58.650,-40.500,32.8
19:10:51.046,146819,9.450,3.455,-10.927,1.991,-3.438,0.826,-54.750,58.650,-40.500,32.6
19:10:51.100,146873,9.175,2.064,-11.052,1.746,-3.882,1.122,-54.750,58.650,-40.500,32.5
19:10:51.156,146927,7.764,1.721,-9.704,1.470,-4.268,1.189,-54.750,58.650,-40.500,32.8
19:10:51.209,146981,3.045,-0.225,-10.041,0.935,-4.331,1.128,-25.950,28.950,-85.050,32.8
19:10:51.264,147035,0.953,0.558,-7.606,0.660,-3.886,0.930,-25.950,28.950,-85.050,32.6
19:10:51.317,147089,-0.172,-0.057,-5.576,0.321,-3.064,0.754,2.700,19.800,-91.950,32.8
19:10:51.372,147143,-1.867,-0.220,-3.259,-0.169,-2.296,0.496,21.750,18.300,-88.950,32.8
19:10:51.425,147197,-2.351,-0.141,-3.182,-0.252,-1.298,0.347,21.750,18.300,-88.950,32.9
19:10:51.480,147251,-3.601,-0.036,-2.512,-1.001,-0.497,0.126,30.150,19.200,-87.750,33.0
19:10:51.533,147305,-4.578,-0.098,-3.098,-1.409,0.462,0.043,30.150,19.200,-87.750,32.6
19:10:51.587,147359,-5.013,0.113,-3.735,-1.556,1.244,0.068,30.150,27.000,-85.050,32.5
19:10:51.642,147413,-4.219,0.917,-6.055,-1.605,2.148,0.297,30.150,27.000,-85.050,32.8
19:10:51.695,147467,-2.698,2.641,-6.069,-1.611,3.050,0.703,19.500,39.150,-84.150,32.6
19:10:51.750,147521,-1.001,4.068,-8.452,-1.794,3.619,0.966,19.500,39.150,-84.150,32.3
19:10:51.802,147575,1.381,5.274,-7.027,-1.781,3.795,1.168,-1.800,51.300,-79.950,32.8
19:10:51.858,147629,4.511,5.526,-8.562,-2.296,4.020,1.078,-1.800,51.300,-79.950,32.6
19:10:51.911,147683,8.167,5.669,-9.210,-2.972,4.166,1.102,-27.450,63.300,-59.100,32.8
19:10:51.966,147737,10.008,9.524,-5.586,-3.159,3.856,1.226,-44.850,66.300,-22.350,32.9
19:10:52.019,147791,10.532,7.147,-4.774,-2.757,3.527,1.383,-44.850,66.300,-22.350,32.7
19:10:52.072,147845,10.817,10.032,-1.712,-3.124,2.639,1.436,-44.850,66.300,-22.350,32.8
19:10:52.127,147899,9.318,9.213,-0.419,-2.244,2.138,1.452,-44.850,66.300,-22.350,32.7
19:10:52.181,147953,8.653,6.685,1.415,-1.721,1.482,1.333,-46.500,46.350,40.500,32.5
19:10:52.234,148007,8.650,4.551,2.282,-1.829,0.866,0.937,-46.500,46.350,40.500,32.8
19:10:52.289,148061,7.211,7.609,-0.218,-1.162,0.626,0.782,-44.400,31.050,50.550,32.6
19:10:52.344,148115,6.993,5.679,1.978,-0.932,0.365,0.261,-44.400,31.050,50.550,32.8
19:10:52.396,148169,6.603,6.634,2.265,-0.865,-0.526,-0.244,-44.400,31.050,50.550,32.9
19:10:52.452,148223,7.779,5.586,-1.530,0.853,-0.979,-0.828,-44.400,31.050,50.550,32.5
19:10:52.505,148277,7.994,7.238,0.079,1.724,-1.542,-1.318,-44.400,26.850,51.000,32.6
19:10:52.559,148331,8.950,7.298,-1.695,2.718,-2.487,-1.709,-51.750,42.150,38.250,33.0
19:10:52.615,148385,10.451,8.918,-1.786,2.637,-3.086,-1.880,-51.750,42.150,38.250,32.9
19:10:52.667,148439,11.095,9.282,-4.439,2.962,-3.395,-1.829,-51.750,42.150,38.250,32.6
19:10:52.721,148493,10.733,8.626,-6.938,2.615,-3.749,-1.738,-51.750,42.150,38.250,32.5
19:10:52.774,148547,9.464,8.274,-6.167,2.414,-4.168,-1.447,-45.750,65.700,-29.550,32.8
19:10:52.830,148601,6.771,6.819,-8.004,2.194,-4.182,-1.298,-45.750,65.700,-29.550,32.9
19:10:52.882,148655,4.515,5.420,-7.441,2.414,-3.909,-1.083,-26.400,58.650,-62.100,32.9
19:10:52.937,148709,1.875,4.918,-5.080,1.945,-3.473,-0.976,-26.400,58.650,-62.100,32.5
19:10:52.991,148763,-0.256,3.704,-4.968,1.507,-2.706,-1.084,-1.650,44.550,-81.300,32.5
19:10:53.044,148817,-1.709,2.667,-3.788,0.921,-1.866,-0.960,-1.650,44.550,-81.300,32.7
19:10:53.098,148871,-2.351,2.583,-2.248,0.569,-1.166,-0.434,18.300,35.250,-84.900,32.8
19:10:53.153,148925,-2.868,1.180,-2.389,-0.381,0.114,-0.016,18.300,35.250,-84.900,32.6
19:10:53.207,148979,-3.709,1.238,-3.280,-1.002,1.301,0.341,25.650,32.400,-85.050,32.5
19:10:53.261,149033,-2.878,2.488,-5.227,-1.532,2.468,0.551,15.600,40.500,-84.750,32.7
19:10:53.316,149087,-1.894,4.288,-4.858,-1.840,3.388,1.034,15.600,40.500,-84.750,32.8
19:10:53.369,149141,0.373,4.939,-7.020,-1.811,3.547,1.439,-7.050,54.000,-76.350,32.7
19:10:53.424,149195,2.217,2.643,-11.710,-1.719,3.847,1.350,-7.050,54.000,-76.350,32.7
19:10:53.477,149249,5.717,7.029,-6.369,-2.366,3.803,1.315,-30.450,61.050,-55.800,32.5
19:10:53.530,149303,9.139,9.656,-6.618,-2.919,3.202,1.447,-30.450,61.050,-55.800,32.7
19:10:53.586,149357,8.806,8.775,-4.717,-2.570,2.829,1.658,-50.250,64.950,-22.950,32.8
19:10:53.638,149411,9.052,9.127,-3.077,-3.765,2.319,1.999,-50.250,64.950,-22.950,32.8
19:10:53.694,149465,9.685,7.271,-1.726,-2.800,1.869,1.935,-50.250,64.950,-22.950,32.8
19:10:53.747,149519,9.701,6.251,-0.646,-2.641,1.404,1.660,-50.250,64.950,-22.950,32.7
19:10:53.800,149573,7.968,7.841,-0.912,-1.137,0.945,1.079,-59.400,37.200,34.500,32.8
19:10:53.854,149627,6.385,8.583,0.196,-0.930,0.492,0.622,-54.300,27.750,43.800,32.8
19:10:53.910,149681,6.469,8.392,-1.049,-0.448,-0.122,-0.155,-54.300,27.750,43.800,32.6
19:10:53.963,149735,6.711,6.409,-0.041,0.644,-0.567,-0.754,-54.300,27.750,43.800,32.6
19:10:54.018,149789,8.004,7.731,-1.085,1.451,-1.244,-1.414,-54.300,27.750,43.800,32.8
19:10:54.070,149843,9.493,7.039,-1.925,2.079,-1.848,-1.802,-57.300,40.200,35.100,32.6
19:10:54.124,149897,10.099,7.748,-3.338,2.527,-2.455,-1.904,-57.300,40.200,35.100,32.6
19:10:54.180,149951,10.250,8.047,-3.816,3.143,-2.894,-1.766,-60.300,56.700,8.400,32.6
19:10:54.233,150005,10.233,8.159,-6.316,2.956,-3.567,-1.548,-60.300,56.700,8.400,32.6
19:10:54.287,150059,9.210,6.891,-7.072,2.648,-4.099,-0.962,-60.300,56.700,8.400,32.6
19:10:54.341,150113,6.534,5.619,-9.342,2.308,-4.049,-0.756,-60.300,56.700,8.400,32.6
19:10:54.396,150167,3.146,5.662,-6.874,1.849,-4.162,-0.478,-35.100,55.800,-63.750,32.6
19:10:54.448,150221,0.283,4.065,-5.602,0.944,-3.734,-0.500,-7.050,42.450,-83.250,32.5
19:10:54.504,150275,-1.190,3.402,-5.349,0.895,-2.939,-0.367,-7.050,42.450,-83.250,32.8
19:10:54.558,150329,-3.237,3.364,-3.879,0.145,-1.773,-0.402,11.700,37.950,-90.000,32.7
19:10:54.612,150383,-2.753,2.622,-2.433,-0.463,-0.578,-0.234,11.700,37.950,-90.000,32.6
19:10:54.664,150437,-2.940,3.675,-1.772,-1.145,1.208,0.070,18.600,38.250,-87.300,32.9
19:10:54.720,150491,-2.691,3.883,-3.440,-1.739,2.397,0.567,18.600,38.250,-87.300,32.9
19:10:54.773,150545,-1.480,4.027,-3.737,-2.215,3.287,1.229,3.900,52.350,-84.600,32.8
19:10:54.826,150599,-0.031,5.966,-2.849,-2.237,3.725,1.879,3.900,52.350,-84.600,32.8
19:10:54.882,150653,4.877,7.848,-6.622,-1.878,4.371,1.881,-23.850,61.800,-62.400,32.7
19:10:54.936,150707,8.720,6.938,-7.458,-2.245,3.997,2.117,-23.850,61.800,-62.400,32.8
19:10:54.989,150761,9.120,8.487,-3.280,-2.656,3.176,2.330,-23.850,61.800,-62.400,33.0
19:10:55.043,150815,9.649,7.556,-3.405,-2.681,2.226,2.662,-23.850,61.800,-62.400,32.6
19:10:55.096,150869,9.646,7.875,-1.365,-3.173,1.363,2.600,-60.450,52.350,7.350,32.5
19:10:55.150,150923,10.551,5.169,0.529,-1.892,1.673,2.305,-61.800,31.950,30.600,33.0
19:10:55.206,150977,8.978,5.974,0.666,-1.181,1.372,2.024,-61.800,31.950,30.600,32.8
19:10:55.258,151031,8.418,5.284,1.879,-1.867,0.782,1.676,-61.800,31.950,30.600,32.8
19:10:55.313,151085,6.970,7.192,0.936,-0.494,0.722,1.217,-61.800,31.950,30.600,33.0
19:10:55.366,151139,7.666,6.457,1.630,0.189,0.325,0.233,-49.800,0.300,45.300,32.6
19:10:55.420,151193,7.693,6.632,2.231,0.955,-0.311,-0.737,-49.800,0.300,45.300,32.8
19:10:55.475,151247,8.013,6.371,0.582,1.566,-0.988,-1.528,-50.100,6.300,45.150,32.8
19:10:55.529,151301,9.565,7.190,-0.014,2.371,-1.736,-2.221,-50.100,6.300,45.150,32.7
19:10:55.582,151355,10.944,7.733,-2.014,2.886,-2.290,-2.516,-59.400,26.400,38.550,32.5
19:10:55.636,151409,11.516,8.701,-3.342,3.167,-3.098,-2.571,-59.400,26.400,38.550,32.9
19:10:55.690,151463,12.328,9.290,-4.664,2.762,-3.631,-2.239,-62.100,49.800,12.300,33.0
19:10:55.745,151517,10.127,8.815,-6.721,2.759,-4.123,-1.849,-54.000,61.350,-30.300,32.8
19:10:55.798,151571,8.708,7.604,-7.796,2.571,-4.535,-1.324,-54.000,61.350,-30.300,32.5
19:10:55.853,151625,6.017,5.926,-6.656,2.419,-4.571,-0.887,-30.900,52.200,-66.150,32.6
19:10:55.960,151679,3.776,5.265,-6.196,1.798,-3.904,-0.642,-30.900,52.200,-66.150,32.7
19:10:55.961,151733,-0.163,4.046,-4.657,0.933,-3.112,-0.703,-30.900,52.200,-66.150,32.8
19:10:56.014,151787,-1.159,4.113,-3.577,0.345,-2.026,-0.339,-30.900,52.200,-66.150,32.4
19:10:56.122,151841,-2.045,2.998,-1.700,-0.104,-1.096,-0.133,15.450,32.550,-88.650,32.5
19:10:56.123,151895,-1.832,2.792,-1.688,-0.512,0.135,0.152,15.450,32.550,-88.650,32.6
19:10:56.176,151949,-2.483,3.136,-2.531,-1.067,1.549,0.421,19.350,34.350,-89.100,32.6
19:10:56.232,152003,-2.210,4.015,-4.396,-1.552,2.522,0.843,19.350,34.350,-89.100,32.6
19:10:56.285,152057,-1.080,4.662,-3.780,-1.260,3.663,1.228,19.350,34.350,-89.100,32.6
19:10:56.339,152111,3.259,4.647,-9.258,-1.749,4.147,1.581,-21.750,56.550,-70.650,32.6
19:10:56.392,152165,4.999,8.770,-5.504,-1.914,3.971,1.804,-21.750,56.550,-70.650,32.8
19:10:56.446,152219,7.025,9.802,-5.895,-2.692,3.543,2.164,-48.000,59.850,-40.950,32.8
19:10:56.500,152273,9.471,9.440,-4.087,-2.016,3.128,2.370,-48.000,59.850,-40.950,32.7
19:10:56.554,152327,10.738,6.747,-3.692,-2.156,2.843,2.471,-48.000,59.850,-40.950,32.6
19:10:56.608,152381,11.267,9.239,-1.154,-2.704,2.515,2.511,-48.000,59.850,-40.950,32.8
19:10:56.663,152435,11.097,8.183,0.498,-2.979,1.680,2.344,-67.200,33.450,22.350,32.6
19:10:56.717,152489,10.520,5.239,0.278,-1.450,1.376,2.113,-67.200,33.450,22.350,32.6
19:10:56.771,152543,9.663,4.822,2.172,-0.494,1.342,1.588,-60.150,8.250,36.300,32.6
19:10:56.826,152597,8.440,5.875,1.338,-0.226,0.844,1.200,-60.150,8.250,36.300,32.5
19:10:56.880,152651,7.341,5.181,1.867,-0.173,0.412,0.543,-60.150,8.250,36.300,33.0
19:10:56.933,152705,6.603,6.124,1.286,0.645,0.235,-0.063,-49.650,-2.850,44.400,32.8
19:10:56.987,152759,7.475,6.869,0.500,0.871,-0.344,-0.851,-49.650,-2.850,44.400,32.7
19:10:57.041,152813,8.475,5.337,1.506,1.379,-1.062,-1.647,-54.150,5.550,43.950,32.8
19:10:57.096,152867,9.251,6.630,0.208,1.673,-1.677,-2.086,-54.150,5.550,43.950,33.0
19:10:57.148,152921,10.642,8.186,-0.129,1.979,-2.268,-2.460,-60.300,27.450,32.400,32.9
19:10:57.202,152975,11.576,9.041,-2.114,3.136,-2.609,-2.450,-60.300,27.450,32.400,32.8
19:10:57.256,153029,11.638,8.243,-3.510,2.783,-3.467,-2.145,-63.450,49.950,5.550,32.5
19:10:57.311,153083,10.673,8.471,-5.262,2.250,-3.998,-1.887,-63.450,49.950,5.550,32.5
19:10:57.365,153137,8.509,7.875,-5.969,2.633,-4.096,-1.580,-55.050,58.650,-33.150,32.8
19:10:57.419,153191,6.783,6.163,-6.472,2.284,-4.422,-1.388,-55.050,58.650,-33.150,32.9
19:10:57.472,153245,2.796,4.949,-8.023,1.330,-4.096,-1.354,-30.450,53.250,-68.250,32.5
19:10:57.526,153299,1.087,4.745,-3.943,0.442,-3.434,-1.230,-30.450,53.250,-68.250,32.7
19:10:57.580,153353,-1.815,4.288,-3.831,0.111,-2.487,-1.037,-0.600,45.600,-83.700,32.8
19:10:57.634,153407,-2.430,3.357,-2.246,-0.478,-1.477,-0.551,19.650,42.450,-84.750,32.8
19:10:57.689,153461,-2.265,2.480,-1.274,-0.479,-0.441,-0.070,19.650,42.450,-84.750,32.7
19:10:57.744,153515,-3.105,2.792,-1.805,-0.908,1.038,0.492,22.650,45.150,-81.900,32.5
19:10:57.797,153569,-2.782,4.111,-1.918,-1.160,2.017,1.102,22.650,45.150,-81.900,32.6
19:10:57.851,153623,-1.568,4.410,-4.855,-1.276,2.981,1.662,22.650,45.150,-81.900,32.7
19:10:57.905,153677,0.132,5.578,-7.910,-1.246,3.604,1.931,22.650,45.150,-81.900,32.6
19:10:57.959,153731,3.879,7.764,-7.159,-1.393,3.633,2.094,-20.400,61.350,-63.600,32.5
19:10:58.013,153785,5.073,7.592,-7.439,-2.493,3.362,2.471,-20.400,61.350,-63.600,32.9
19:10:58.066,153839,8.124,10.575,-3.419,-2.508,3.010,2.760,-47.250,61.350,-35.100,32.8
19:10:58.120,153893,9.017,9.888,-2.789,-3.026,2.529,3.068,-47.250,61.350,-35.100,32.7
19:10:58.175,153947,10.733,8.566,-1.087,-2.401,2.165,2.855,-47.250,61.350,-35.100,32.8
19:10:58.229,154001,10.527,8.078,1.089,-2.332,1.712,2.738,-66.600,26.250,24.450,32.6
19:10:58.282,154055,10.673,7.183,1.188,-1.168,1.411,2.300,-66.600,26.250,24.450,32.8
19:10:58.336,154109,9.515,6.335,2.533,-0.989,1.084,1.763,-62.100,6.150,34.650,32.8
19:10:58.390,154163,8.109,6.218,2.370,-0.805,0.540,1.115,-62.100,6.150,34.650,32.5
19:10:58.445,154217,8.200,4.104,2.935,-0.368,0.317,0.414,-62.100,6.150,34.650,32.5
19:10:58.499,154271,7.305,6.524,1.051,0.582,0.147,-0.156,-62.100,6.150,34.650,32.8
19:10:58.552,154325,7.525,5.595,1.001,0.734,-0.186,-0.778,-55.050,-4.200,41.250,32.6
19:10:58.606,154379,8.167,6.065,1.101,0.570,-0.939,-1.480,-55.050,-4.200,41.250,32.8
19:10:58.662,154433,9.328,5.713,-0.156,1.066,-1.522,-1.878,-57.750,4.500,37.650,32.6
19:10:58.715,154487,10.867,5.191,-0.960,1.622,-1.971,-2.098,-57.750,4.500,37.650,32.6
19:10:58.769,154541,11.581,6.050,-2.392,2.083,-2.612,-2.055,-57.750,4.500,37.650,32.9
19:10:58.823,154595,11.504,6.318,-2.387,1.686,-3.325,-1.843,-71.550,41.700,-0.600,32.6
19:10:58.876,154649,11.605,6.776,-3.658,1.751,-4.049,-1.452,-71.550,41.700,-0.600,32.5
19:10:58.930,154703,9.680,6.766,-5.926,2.270,-4.360,-0.971,-62.700,48.000,-39.600,32.6
19:10:58.984,154757,9.364,6.165,-6.242,2.878,-4.829,-0.567,-62.700,48.000,-39.600,32.7
19:10:59.039,154811,6.110,6.632,-8.363,1.549,-4.617,-0.301,-37.950,38.250,-80.700,32.7
19:10:59.092,154865,2.289,4.752,-6.000,0.787,-3.700,0.028,-37.950,38.250,-80.700,32.8
19:10:59.147,154919,0.577,4.568,-3.989,0.400,-2.533,0.144,-4.350,26.550,-97.950,32.6
19:10:59.201,154973,-0.108,4.302,-3.606,-0.054,-1.514,0.133,-4.350,26.550,-97.950,32.8
19:10:59.255,155027,-0.764,4.705,-2.837,-0.351,0.044,-0.059,11.850,24.300,-97.200,32.8
19:10:59.309,155081,-1.597,5.555,-2.219,-0.827,1.497,-0.108,11.850,24.300,-97.200,32.7
19:10:59.362,155135,-0.900,5.018,-3.977,-1.122,2.948,0.153,8.700,28.800,-96.600,32.5
19:10:59.416,155189,1.252,2.248,-9.117,-1.529,3.846,0.296,-16.500,39.150,-88.650,32.5
19:10:59.472,155243,3.766,6.706,-7.274,-1.783,4.283,0.778,-16.500,39.150,-88.650,32.8
19:10:59.525,155297,7.147,8.645,-4.520,-1.991,4.652,1.281,-48.000,48.600,-62.400,32.7
19:10:59.580,155351,10.537,7.072,-6.340,-1.428,5.042,1.709,-48.000,48.600,-62.400,32.6
19:10:59.631,155405,11.866,8.650,-0.500,-2.289,4.193,2.145,-69.300,45.600,-18.900,32.6
19:10:59.686,155459,11.796,7.520,-1.468,-2.073,3.174,2.125,-69.300,45.600,-18.900,32.6
19:10:59.740,155513,11.334,5.301,1.008,-1.399,1.780,1.825,-69.300,45.600,-18.900,32.9
19:10:59.795,155567,11.116,6.086,0.821,-1.450,1.184,1.758,-69.300,45.600,-18.900,32.6
19:10:59.850,155621,9.352,5.258,-0.053,-1.092,0.803,1.759,-64.200,14.400,32.700,32.7
19:10:59.905,155675,9.187,3.697,-0.383,0.253,0.650,1.561,-64.200,14.400,32.700,32.7
19:11:00.011,155729,8.109,5.531,1.429,0.112,0.528,1.287,-58.650,-0.150,37.800,32.7
19:11:00.064,155783,7.432,5.485,0.881,0.635,0.340,0.800,-58.650,-0.150,37.800,32.7
19:11:00.064,155837,7.013,6.158,0.891,0.917,-0.072,0.152,-58.650,-0.150,37.800,32.7
19:11:00.119,155891,7.630,6.251,1.214,1.270,-0.517,-0.604,-54.150,-0.450,42.150,32.6
19:11:00.173,155945,8.205,6.934,0.165,1.444,-0.870,-1.123,-54.150,-0.450,42.150,32.7
19:11:00.227,155999,9.369,6.855,0.936,2.020,-1.372,-1.774,-61.050,13.050,38.250,32.8
19:11:00.280,156053,10.568,8.593,-0.984,1.756,-1.803,-2.286,-61.050,13.050,38.250,32.8
19:11:00.336,156107,12.531,7.853,-1.034,2.160,-2.204,-2.670,-61.050,13.050,38.250,32.4
19:11:00.388,156161,12.060,8.519,-3.967,2.490,-3.026,-2.609,-61.050,13.050,38.250,32.7
19:11:00.443,156215,10.582,8.260,-5.004,2.839,-3.977,-2.466,-63.150,53.100,-6.750,32.7
19:11:00.496,156269,9.855,7.554,-10.448,3.031,-4.760,-2.122,-63.150,53.100,-6.750,32.8
19:11:00.550,156323,5.636,6.469,-6.656,2.705,-4.412,-1.716,-43.950,57.600,-49.350,32.8
19:11:00.604,156377,2.602,4.779,-6.412,1.798,-3.621,-1.413,-43.950,57.600,-49.350,32.5
19:11:00.658,156431,0.728,4.982,-3.555,1.493,-2.984,-1.136,-16.350,47.550,-78.150,32.6
19:11:00.712,156485,-0.407,3.500,-3.141,0.540,-1.805,-0.758,7.500,37.950,-87.450,32.8
19:11:00.768,156539,-0.225,3.007,-2.682,-0.114,-0.617,-0.318,7.500,37.950,-87.450,32.4
19:11:00.820,156593,-0.254,2.634,-2.270,-0.291,0.451,0.063,13.200,36.900,-88.650,32.5
19:11:00.874,156647,-0.903,2.562,-2.729,-0.748,1.673,0.394,13.200,36.900,-88.650,32.9
19:11:00.927,156701,-0.728,2.298,-6.491,-0.698,2.802,0.560,3.150,43.500,-85.650,32.6
19:11:00.983,156755,0.409,4.180,-6.668,-1.089,3.778,0.799,3.150,43.500,-85.650,32.8
19:11:01.036,156809,1.793,4.343,-6.692,-2.249,4.121,1.168,-21.750,49.950,-75.000,32.7
19:11:01.090,156863,5.720,7.882,-6.953,-2.779,3.950,1.280,-21.750,49.950,-75.000,32.5
19:11:01.144,156917,7.951,9.143,-7.202,-2.958,3.503,1.614,-45.600,60.000,-45.750,32.6
19:11:01.198,156971,9.979,9.165,-5.519,-2.608,3.216,1.961,-45.600,60.000,-45.750,32.8
19:11:01.253,157025,10.029,8.121,-2.318,-2.882,2.413,1.985,-59.700,56.550,-6.750,32.6
19:11:01.307,157079,9.517,7.975,-1.173,-2.041,2.029,1.761,-59.700,56.550,-6.750,32.3
19:11:01.362,157133,9.282,6.452,0.876,-1.753,1.422,1.553,-59.700,56.550,-6.750,32.8
19:11:01.416,157187,8.442,5.241,0.611,-1.053,1.187,1.312,-59.250,27.450,36.150,32.8
19:11:01.468,157241,8.394,7.240,1.949,-1.405,0.753,1.341,-59.250,27.450,36.150,32.8
19:11:01.522,157295,7.954,6.211,1.686,-0.541,0.617,1.107,-52.800,15.750,44.550,32.5
19:11:01.575,157349,7.707,6.024,2.729,-0.061,0.670,0.683,-52.800,15.750,44.550,32.5
19:11:01.630,157403,6.361,5.976,1.528,0.512,0.070,-0.177,-52.800,15.750,44.550,32.6
19:11:01.684,157457,6.754,7.719,1.346,0.458,-0.432,-0.745,-52.800,15.750,44.550,32.5
19:11:01.739,157511,8.428,7.092,1.805,0.881,-1.122,-1.387,-51.150,15.600,47.700,32.5
19:11:01.793,157565,9.833,6.553,1.118,1.603,-1.512,-1.888,-51.150,15.600,47.700,32.6
19:11:01.847,157619,10.161,6.934,-0.431,2.697,-2.369,-2.314,-55.800,27.000,36.150,32.7
19:11:01.901,157673,10.716,9.984,-2.861,2.929,-3.103,-2.439,-55.800,27.000,36.150,32.6
19:11:01.954,157727,10.183,9.479,-4.973,2.914,-3.605,-2.368,-55.800,27.000,36.150,32.6
19:11:02.009,157781,8.803,9.175,-5.440,2.634,-4.028,-2.020,-52.800,61.050,-26.550,32.5
19:11:02.062,157835,5.966,6.728,-7.470,1.813,-4.157,-1.885,-52.800,61.050,-26.550,32.5
19:11:02.116,157889,5.406,6.697,-4.597,1.712,-3.766,-1.887,-30.150,59.100,-59.100,33.0
19:11:02.171,157943,2.583,7.140,-4.927,1.536,-3.513,-1.863,-30.150,59.100,-59.100,32.5
19:11:02.224,157997,-0.464,4.659,-3.941,0.757,-2.570,-1.544,-30.150,59.100,-59.100,32.6
19:11:02.278,158051,-0.819,3.958,-2.318,0.475,-1.484,-1.070,-30.150,59.100,-59.100,32.4
19:11:02.332,158105,-1.197,2.243,-1.956,0.315,-0.412,-0.316,15.450,49.200,-78.300,32.7
19:11:02.387,158159,-1.489,2.380,-3.172,-0.456,1.017,0.357,15.450,49.200,-78.300,32.6
19:11:02.440,158213,-1.659,3.215,-3.752,-0.705,2.219,0.905,14.850,47.550,-78.900,32.8
19:11:02.494,158267,-1.448,3.503,-3.654,-0.857,3.278,1.385,14.850,47.550,-78.900,32.4
19:11:02.548,158321,0.448,4.810,-9.239,-0.880,3.981,1.380,-3.150,57.000,-73.200,32.6
19:11:02.603,158375,4.293,8.540,-6.780,-1.441,4.374,1.608,-31.350,61.200,-56.850,32.7
19:11:02.657,158429,7.209,9.421,-4.896,-2.013,4.439,1.844,-31.350,61.200,-56.850,32.9
19:11:02.709,158483,9.096,9.007,-6.134,-2.903,3.175,2.062,-52.800,61.350,-23.400,32.6
19:11:02.764,158537,9.553,10.154,-4.525,-3.463,2.164,2.145,-52.800,61.350,-23.400,32.5
19:11:02.817,158591,9.108,9.996,-2.365,-3.293,1.495,2.463,-61.350,46.650,12.000,32.8
19:11:02.873,158645,9.749,6.220,-3.024,-2.780,1.215,2.252,-61.350,46.650,12.000,32.8
19:11:02.927,158699,9.661,4.882,1.654,-2.087,0.993,1.781,-62.700,25.650,30.750,32.8
19:11:02.980,158753,9.005,6.302,-0.141,-1.444,0.848,1.458,-62.700,25.650,30.750,32.6
19:11:03.035,158807,7.645,6.206,0.903,-1.492,0.300,1.034,-55.950,10.500,38.100,32.5
19:11:03.088,158861,8.191,5.423,1.640,-0.440,-0.078,0.278,-55.950,10.500,38.100,32.8
19:11:03.142,158915,8.157,5.447,1.628,0.241,-0.300,-0.377,-54.000,2.700,39.000,32.8
19:11:03.196,158969,8.356,5.758,1.518,1.050,-0.632,-1.236,-54.000,2.700,39.000,32.5
19:11:03.250,159023,8.971,7.494,1.058,1.572,-1.072,-1.961,-54.000,2.700,39.000,32.8
19:11:03.304,159077,10.113,7.456,-0.275,2.112,-1.436,-2.476,-61.800,27.450,31.350,32.8
19:11:03.359,159131,10.575,8.581,-2.119,2.805,-1.815,-2.886,-61.800,27.450,31.350,32.5
19:11:03.412,159185,10.161,9.874,-2.825,3.256,-2.423,-2.993,-61.650,51.600,10.350,32.6
19:11:03.467,159239,9.325,10.214,-6.586,3.340,-3.281,-2.769,-61.650,51.600,10.350,32.4
19:11:03.521,159293,8.504,7.257,-8.373,2.876,-3.772,-2.594,-61.650,51.600,10.350,32.4
19:11:03.575,159347,6.201,7.391,-8.531,2.409,-3.952,-2.541,-61.650,51.600,10.350,32.8
19:11:03.629,159401,2.763,5.950,-5.329,2.110,-3.643,-2.470,-23.850,59.100,-60.600,32.5
19:11:03.682,159455,-0.201,4.772,-4.966,1.463,-3.077,-2.122,-23.850,59.100,-60.600,32.5
19:11:03.737,159509,-1.805,4.046,-2.959,0.586,-2.153,-1.492,6.000,49.200,-77.250,32.8
19:11:03.790,159563,-2.265,2.787,-2.871,-0.197,-1.289,-1.085,6.000,49.200,-77.250,32.8
19:11:03.844,159617,-2.835,1.549,-2.409,-0.306,-0.192,-0.538,6.000,49.200,-77.250,32.8
19:11:03.897,159671,-3.292,1.566,-1.714,-0.513,0.740,-0.091,27.450,44.850,-78.150,32.8
19:11:03.952,159725,-3.189,2.059,-4.108,-0.895,1.697,0.423,27.450,44.850,-78.150,32.5
19:11:04.006,159779,-2.210,2.763,-5.162,-1.192,2.523,1.146,18.150,50.550,-76.050,32.6
19:11:04.060,159833,-2.286,3.515,-6.594,-1.841,3.087,1.794,18.150,50.550,-76.050,32.8
19:11:04.113,159887,-0.065,6.517,-6.009,-2.365,3.526,1.964,18.150,50.550,-76.050,32.5
19:11:04.168,159941,3.153,7.657,-7.369,-2.462,3.420,2.182,18.150,50.550,-76.050,32.8
19:11:04.222,159995,5.691,7.676,-7.647,-3.431,2.952,2.397,-29.250,67.800,-42.150,32.5
19:11:04.277,160049,7.460,9.711,-6.278,-3.601,2.304,2.550,-29.250,67.800,-42.150,32.7
19:11:04.330,160103,8.174,10.827,-2.763,-3.473,1.765,2.625,-48.600,64.650,-6.000,32.7
19:11:04.384,160157,8.009,8.863,-1.381,-3.008,1.254,2.589,-48.600,64.650,-6.000,32.7
19:11:04.438,160211,9.589,5.971,-0.383,-2.286,0.719,2.378,-48.600,64.650,-6.000,32.5
19:11:04.493,160265,8.416,9.191,1.041,-1.986,0.742,2.217,-58.800,24.300,36.450,32.6
19:11:04.547,160319,9.000,5.832,1.171,-0.866,0.695,1.829,-58.800,24.300,36.450,32.8
19:11:04.601,160373,8.890,4.858,3.146,-0.777,0.279,1.092,-56.550,10.350,40.200,32.5
19:11:04.654,160427,8.310,6.251,1.688,-0.249,0.034,0.424,-56.550,10.350,40.200,32.6
19:11:04.708,160481,7.882,6.165,1.362,0.519,-0.135,-0.389,-56.550,10.350,40.200,32.5
19:11:04.761,160535,8.327,5.801,1.666,0.945,-0.506,-1.018,-56.550,10.350,40.200,32.8
19:11:04.816,160589,8.813,6.500,0.912,1.560,-0.930,-1.738,-56.400,13.200,38.550,32.8
19:11:04.870,160643,9.050,8.784,-0.328,2.287,-1.527,-2.203,-56.400,13.200,38.550,32.5
19:11:04.925,160697,10.578,7.798,-1.832,2.720,-2.017,-2.530,-61.350,35.550,29.550,32.7
19:11:04.977,160751,10.178,8.437,-3.962,2.904,-2.692,-2.511,-61.350,35.550,29.550,32.6
19:11:05.033,160805,9.522,7.458,-5.722,3.001,-3.346,-2.278,-61.350,35.550,29.550,32.8
19:11:05.087,160859,8.607,8.243,-8.042,2.977,-3.636,-1.796,-48.900,61.650,-36.000,32.6
19:11:05.140,160913,6.079,5.478,-7.544,2.382,-3.784,-1.506,-48.900,61.650,-36.000,32.4
19:11:05.194,160967,3.735,3.898,-8.229,2.629,-3.467,-1.085,-27.000,54.300,-66.300,32.6
19:11:05.248,161021,1.894,4.726,-6.160,2.229,-3.256,-0.730,-27.000,54.300,-66.300,32.8
19:11:05.302,161075,0.271,3.122,-6.304,1.477,-2.989,-0.636,-27.000,54.300,-66.300,32.8
19:11:05.355,161129,-1.128,3.881,-3.560,0.533,-2.263,-0.477,-27.000,54.300,-66.300,32.5
19:11:05.410,161183,-3.067,2.267,-5.109,0.054,-1.579,-0.385,15.150,29.250,-89.850,32.5
19:11:05.464,161237,-3.215,2.169,-2.049,-0.235,-0.622,-0.037,15.150,29.250,-89.850,32.8
19:11:05.518,161291,-2.983,1.597,-1.834,-0.570,0.550,0.210,23.550,30.600,-87.900,32.6
19:11:05.572,161345,-3.012,2.571,-3.843,-1.072,1.990,0.600,23.550,30.600,-87.900,32.6
19:11:05.625,161399,-2.626,2.811,-4.178,-1.214,2.863,0.908,23.550,30.600,-87.900,32.6
19:11:05.680,161453,-1.326,2.679,-8.827,-1.596,3.737,1.223,-5.100,45.600,-80.400,32.7
19:11:05.735,161507,2.270,6.357,-7.207,-1.714,4.230,1.442,-5.100,45.600,-80.400,32.6
19:11:05.788,161561,5.657,7.781,-6.412,-2.441,4.138,1.698,-35.100,55.800,-60.450,32.8
19:11:05.842,161615,9.493,9.641,-6.637,-3.040,3.672,1.964,-35.100,55.800,-60.450,32.5
19:11:05.895,161669,9.807,10.920,-4.053,-3.152,3.272,1.996,-57.000,55.200,-22.950,32.5
19:11:05.951,161723,10.235,7.635,-4.743,-3.415,2.523,2.186,-57.000,55.200,-22.950,32.5
19:11:06.005,161777,9.960,8.847,-1.630,-3.183,1.961,2.200,-62.850,43.950,15.600,32.4
19:11:06.060,161831,9.716,5.928,-1.875,-2.656,1.468,2.045,-62.850,43.950,15.600,32.6
19:11:06.113,161885,9.965,5.873,0.373,-1.838,0.892,1.713,-60.450,19.500,33.000,32.5
19:11:06.165,161939,8.602,6.716,0.283,-0.875,0.588,1.357,-60.450,19.500,33.000,32.8
19:11:06.274,161993,7.468,6.050,1.465,-0.739,0.257,0.821,-55.500,6.450,38.250,32.7
19:11:06.275,162047,7.499,6.256,1.482,0.178,-0.061,0.090,-52.350,1.650,41.100,32.8
19:11:06.327,162101,7.829,5.966,1.381,0.548,-0.466,-0.631,-52.350,1.650,41.100,32.5
19:11:06.381,162155,8.301,6.735,-0.232,1.119,-0.824,-1.179,-56.250,6.900,37.950,32.5
19:11:06.437,162209,9.304,6.144,-0.764,1.363,-1.285,-1.759,-56.250,6.900,37.950,32.8
19:11:06.489,162263,10.087,7.745,-2.490,2.047,-1.705,-2.053,-63.150,23.250,31.500,32.6
19:11:06.543,162317,11.480,8.059,-3.381,2.160,-2.321,-2.306,-63.150,23.250,31.500,32.6
19:11:06.597,162371,12.031,7.867,-4.025,2.641,-3.055,-2.105,-68.700,41.850,7.050,32.7
19:11:06.651,162425,11.626,7.262,-5.250,2.602,-3.914,-1.668,-68.700,41.850,7.050,32.7
19:11:06.707,162479,10.575,5.851,-7.855,2.434,-4.443,-1.096,-61.200,53.850,-30.150,32.7
19:11:06.759,162533,8.605,6.448,-8.394,1.917,-4.657,-0.771,-61.200,53.850,-30.150,32.7
19:11:06.813,162587,4.930,5.552,-6.716,1.417,-4.411,-0.515,-38.850,45.000,-67.350,32.5
19:11:06.869,162641,2.332,4.207,-6.364,1.464,-3.740,-0.349,-38.850,45.000,-67.350,32.8
19:11:06.922,162695,0.622,4.583,-4.152,0.966,-3.321,-0.161,-38.850,45.000,-67.350,32.8
19:11:06.975,162749,-1.403,3.919,-3.934,0.489,-2.441,0.098,16.500,21.750,-93.750,32.5
19:11:07.030,162803,-2.078,3.651,-1.405,-0.244,-1.668,0.111,16.500,21.750,-93.750,32.6
19:11:07.084,162857,-2.272,4.530,-0.728,-0.413,-0.477,0.334,27.750,21.000,-90.450,32.6
19:11:07.138,162911,-3.352,3.555,-1.616,-0.935,0.798,0.405,27.750,21.000,-90.450,32.8
19:11:07.193,162965,-2.899,4.132,-2.856,-1.800,2.065,0.825,27.750,21.000,-90.450,32.6
19:11:07.246,163019,-2.497,5.519,-3.163,-2.093,3.003,1.315,27.750,21.000,-90.450,32.8
19:11:07.299,163073,-0.692,4.956,-6.263,-1.890,3.917,1.835,0.300,46.350,-84.750,32.6
19:11:07.354,163127,3.287,8.140,-7.015,-2.417,3.980,2.217,0.300,46.350,-84.750,32.7
19:11:07.409,163181,6.055,9.852,-5.411,-2.643,3.738,2.763,-32.550,58.200,-60.450,32.5
19:11:07.463,163235,8.959,9.500,-3.706,-2.860,2.977,3.199,-32.550,58.200,-60.450,32.4
19:11:07.516,163289,9.974,7.767,-0.747,-2.796,2.324,3.420,-32.550,58.200,-60.450,32.4
19:11:07.569,163343,11.447,6.115,-1.140,-2.439,1.759,3.233,-71.850,33.150,5.400,32.6
19:11:07.624,163397,12.172,4.709,1.899,-1.782,1.164,3.152,-71.850,33.150,5.400,32.6
19:11:07.679,163451,9.917,4.975,2.375,-1.015,0.415,2.683,-70.500,5.550,18.450,32.7
19:11:07.732,163505,12.033,4.810,2.835,-0.481,0.107,2.102,-70.500,5.550,18.450,32.5
19:11:07.787,163559,10.903,4.932,1.923,-0.055,0.179,2.087,-63.150,-12.900,20.250,32.6
19:11:07.839,163613,9.397,4.183,2.947,0.099,0.227,1.652,-63.150,-12.900,20.250,32.6
19:11:07.894,163667,8.803,4.034,2.895,0.408,0.309,1.245,-56.250,-25.050,23.400,32.8
19:11:07.948,163721,7.982,4.963,2.974,0.223,0.103,0.282,-56.250,-25.050,23.400,32.5
19:11:08.002,163775,7.726,5.854,1.958,0.651,0.161,-0.433,-50.550,-29.250,24.750,32.5
19:11:08.056,163829,8.416,4.494,2.152,0.708,-0.015,-1.349,-50.550,-29.250,24.750,32.8
19:11:08.110,163883,9.519,5.114,1.721,0.316,-0.459,-2.089,-53.100,-24.900,26.850,32.6
19:11:08.164,163937,10.855,5.033,1.135,0.599,-0.614,-2.486,-63.300,-8.100,26.250,32.6
19:11:08.219,163991,11.547,4.788,0.050,0.881,-1.028,-2.730,-63.300,-8.100,26.250,32.6
19:11:08.273,164045,12.483,4.492,-0.524,1.077,-1.594,-2.873,-71.550,13.800,17.550,32.5
19:11:08.326,164099,12.263,6.452,-1.966,1.339,-2.599,-2.749,-71.550,13.800,17.550,32.8
19:11:08.380,164153,12.462,5.737,-2.658,1.606,-3.336,-2.691,-73.500,39.600,-4.500,32.6
19:11:08.433,164207,10.475,6.692,-4.465,1.977,-3.829,-2.171,-73.500,39.600,-4.500,32.5
19:11:08.487,164261,8.554,6.407,-3.871,2.018,-4.027,-1.849,-73.500,39.600,-4.500,32.4
19:11:08.543,164315,6.627,6.804,-4.642,2.261,-4.004,-1.221,-73.500,39.600,-4.500,32.6
19:11:08.595,164369,3.543,6.625,-4.372,1.679,-3.399,-0.727,-31.650,47.850,-78.600,32.6
19:11:08.651,164423,1.633,6.416,-3.314,1.064,-3.064,-0.450,-31.650,47.850,-78.600,32.8
19:11:08.704,164477,0.244,6.273,-3.536,0.523,-1.784,0.104,-2.100,35.550,-93.600,32.3
19:11:08.758,164531,-0.438,5.325,-1.949,-0.465,-0.646,0.264,-2.100,35.550,-93.600,32.5
19:11:08.812,164585,-0.201,5.423,-1.350,-1.247,0.760,0.559,-2.100,35.550,-93.600,32.5
19:11:08.865,164639,0.429,5.368,-3.836,-2.014,1.866,0.825,1.800,42.450,-90.900,32.7
19:11:08.921,164693,1.092,5.133,-2.500,-2.919,2.790,1.507,1.800,42.450,-90.900,32.6
19:11:08.973,164747,3.450,6.730,-4.927,-3.327,3.258,2.324,-23.400,58.650,-72.300,32.6
19:11:09.028,164801,6.443,8.181,-2.770,-2.995,3.194,2.863,-23.400,58.650,-72.300,32.6
19:11:09.082,164855,9.029,8.784,-1.259,-2.911,2.323,3.614,-23.400,58.650,-72.300,32.7
19:11:09.136,164909,10.422,8.586,0.584,-2.510,1.580,4.043,-23.400,58.650,-72.300,32.6
19:11:09.189,164963,11.612,6.582,1.908,-1.267,0.965,3.750,-76.500,34.500,-6.300,32.5
19:11:09.245,165017,12.005,4.362,2.191,-1.053,0.437,3.116,-76.500,34.500,-6.300,32.5
19:11:09.298,165071,11.830,4.408,2.749,-0.368,0.041,2.800,-78.150,5.400,3.900,32.8
19:11:09.352,165125,10.827,3.115,2.265,-0.090,-0.196,2.556,-78.150,5.400,3.900,32.8
19:11:09.406,165179,11.444,2.732,1.796,0.804,0.192,2.192,-78.150,5.400,3.900,32.6
19:11:09.461,165233,10.465,2.456,2.923,1.008,0.039,1.741,-59.550,-31.650,5.400,32.5
19:11:09.514,165287,9.122,3.172,1.889,1.157,0.067,1.369,-59.550,-31.650,5.400,32.7
19:11:09.567,165341,7.695,2.933,2.665,1.016,0.082,0.734,-50.550,-37.050,12.750,32.8
19:11:09.622,165395,7.887,2.784,3.409,1.360,-0.082,0.200,-50.550,-37.050,12.750,32.6
19:11:09.677,165449,8.040,4.106,1.975,2.144,-0.052,-0.638,-49.350,-34.500,18.750,32.5
19:11:09.730,165503,8.832,3.419,2.746,1.845,0.012,-1.365,-49.350,-34.500,18.750,32.6
19:11:09.785,165557,8.722,6.608,4.046,2.006,-0.512,-2.125,-55.200,-22.200,27.150,32.7
19:11:09.837,165611,11.315,5.911,1.233,2.745,-0.770,-2.864,-55.200,-22.200,27.150,32.5
19:11:09.893,165665,11.607,6.548,1.494,3.191,-1.369,-3.220,-65.550,3.750,28.050,32.4
19:11:09.945,165719,12.373,7.657,-0.589,3.332,-2.285,-3.397,-65.550,3.750,28.050,32.6
19:11:10.000,165773,11.214,9.498,-2.021,3.280,-2.807,-3.169,-70.800,38.250,9.000,32.7
19:11:10.054,165827,9.685,9.275,-4.930,3.207,-3.285,-2.850,-70.800,38.250,9.000,32.6
19:11:10.109,165881,7.295,7.748,-5.801,2.752,-3.671,-2.422,-70.800,38.250,9.000,32.6
19:11:10.162,165935,4.681,7.570,-5.241,2.085,-3.689,-1.962,-33.300,58.500,-62.700,32.5
19:11:10.216,165989,1.609,6.074,-5.116,1.180,-3.438,-1.606,-33.300,58.500,-62.700,32.5
19:11:10.271,166043,0.426,4.975,-3.177,1.000,-2.771,-1.412,-7.350,46.650,-81.900,32.6
19:11:10.323,166097,-0.680,4.001,-2.789,0.301,-1.780,-1.106,-7.350,46.650,-81.900,32.5
19:11:10.379,166151,-1.717,2.847,-2.840,-0.326,-0.976,-0.715,-7.350,46.650,-81.900,32.6
19:11:10.431,166205,-2.160,2.772,-1.262,-0.345,-0.122,-0.002,-7.350,46.650,-81.900,32.8
19:11:10.486,166259,-2.703,2.828,-1.946,-0.698,1.029,0.417,19.050,46.950,-85.650,32.5
19:11:10.540,166313,-2.674,3.879,-3.505,-0.684,2.257,1.209,19.050,46.950,-85.650,32.5
19:11:10.594,166367,-1.997,5.028,-3.962,-0.934,3.319,1.821,6.000,51.600,-80.250,32.7
19:11:10.648,166421,0.646,5.332,-6.699,-1.516,3.835,2.151,6.000,51.600,-80.250,32.8
19:11:10.702,166475,5.179,7.338,-6.455,-1.900,4.149,2.447,6.000,51.600,-80.250,32.6
19:11:10.756,166529,9.227,7.420,-5.037,-2.728,3.932,2.752,-52.800,57.900,-37.200,32.5
19:11:10.809,166583,11.507,9.182,-3.512,-2.897,3.008,2.860,-52.800,57.900,-37.200,32.4
19:11:10.864,166637,11.083,8.308,-1.520,-2.868,2.364,2.862,-67.950,43.800,0.900,32.3
19:11:10.918,166691,11.408,7.281,-0.646,-3.239,1.234,2.789,-67.950,43.800,0.900,32.6
19:11:10.971,166745,11.011,7.197,0.824,-1.737,1.298,2.400,-67.950,43.800,0.900,32.6
19:11:11.025,166799,10.178,6.024,1.575,-1.599,0.943,2.248,-67.950,43.800,0.900,32.7
19:11:11.080,166853,8.614,4.903,1.908,-1.498,0.409,1.766,-62.100,-2.250,30.600,32.4
19:11:11.135,166907,9.311,1.724,2.892,-0.302,0.083,1.047,-62.100,-2.250,30.600,32.5
19:11:11.186,166961,7.906,5.607,1.719,0.021,0.216,0.605,-56.550,-16.500,32.400,32.6
19:11:11.242,167015,7.760,4.022,1.460,0.183,0.069,0.061,-56.550,-16.500,32.400,32.6
19:11:11.295,167069,7.915,4.719,2.447,0.640,-0.244,-0.701,-52.650,-17.550,33.000,32.5
19:11:11.350,167123,8.801,3.996,1.937,1.035,-0.540,-1.395,-57.900,-10.500,34.500,32.5
19:11:11.404,167177,9.708,5.880,1.302,2.305,-0.883,-2.139,-57.900,-10.500,34.500,32.8
19:11:11.458,167231,10.750,7.128,-0.302,2.894,-1.454,-2.676,-66.450,10.950,29.400,32.8
19:11:11.511,167285,11.384,8.416,-2.042,3.104,-1.962,-2.989,-66.450,10.950,29.400,32.5
19:11:11.565,167339,11.037,9.397,-2.993,3.282,-2.695,-3.049,-68.550,39.300,10.500,32.5
19:11:11.620,167393,10.333,9.057,-5.239,3.369,-3.156,-2.969,-68.550,39.300,10.500,32.3
19:11:11.675,167447,9.476,7.745,-6.895,3.226,-3.562,-2.550,-58.650,57.000,-26.850,32.5
19:11:11.728,167501,7.187,6.910,-7.791,2.515,-3.706,-2.274,-58.650,57.000,-26.850,32.6
19:11:11.782,167555,3.740,7.606,-7.472,1.657,-3.758,-2.049,-34.050,56.250,-63.750,32.3
19:11:11.837,167609,1.389,6.067,-5.686,0.956,-3.247,-1.982,-34.050,56.250,-63.750,32.7
19:11:11.890,167663,-0.366,2.626,-3.706,0.354,-2.383,-2.043,-1.950,48.450,-79.500,32.5
19:11:11.944,167717,-2.564,3.357,-3.196,0.054,-1.531,-1.515,-1.950,48.450,-79.500,32.7
19:11:11.997,167771,-3.567,1.877,-2.765,-0.122,-0.762,-1.020,-1.950,48.450,-79.500,32.5
19:11:12.053,167825,-3.934,0.867,-0.879,-0.126,0.257,-0.232,28.650,42.150,-80.400,32.5
19:11:12.107,167879,-4.712,-0.692,-4.396,-1.041,1.296,0.174,28.650,42.150,-80.400,32.5
19:11:12.160,167933,-4.142,2.667,-3.043,-0.073,2.431,1.102,21.600,45.150,-80.400,32.5
19:11:12.213,167987,-2.014,3.237,-4.848,-0.513,3.118,1.366,21.600,45.150,-80.400,32.5
19:11:12.268,168041,0.512,3.340,-7.954,-0.373,3.780,1.450,21.600,45.150,-80.400,32.5
19:11:12.323,168095,3.608,4.623,-10.285,-0.360,3.892,1.296,21.600,45.150,-80.400,32.9
19:11:12.376,168149,5.638,6.507,-8.337,-0.839,3.652,1.140,-28.950,51.300,-67.500,32.5
19:11:12.430,168203,7.750,5.423,-8.119,-0.521,3.176,1.140,-28.950,51.300,-67.500,32.6
19:11:12.483,168257,8.291,5.454,-8.270,-0.820,2.636,1.010,-50.250,52.200,-47.400,32.6
19:11:12.538,168311,8.504,5.428,-7.274,-0.500,2.171,0.958,-50.250,52.200,-47.400,32.6
19:11:12.591,168365,8.298,6.622,-6.862,-0.224,1.818,0.832,-50.250,52.200,-47.400,32.5
19:11:12.645,168419,8.138,4.822,-7.477,0.277,1.508,0.603,-66.450,49.650,-15.450,32.5
19:11:12.700,168473,7.262,2.622,-6.632,0.809,1.183,0.624,-66.450,49.650,-15.450,32.5
19:11:12.753,168527,7.135,2.128,-8.598,0.839,0.829,-0.033,-68.250,47.700,-7.350,32.3
19:11:12.808,168581,6.630,2.993,-6.859,1.658,0.323,-0.424,-68.250,47.700,-7.350,32.7
19:11:12.861,168635,7.221,4.453,-9.189,1.792,-0.306,-0.616,-68.250,47.700,-7.350,32.6
19:11:12.915,168689,7.250,5.569,-9.280,1.641,-1.249,-0.709,-68.250,47.700,-7.350,32.8
19:11:12.971,168743,7.341,4.889,-9.905,1.408,-1.930,-0.803,-63.150,54.300,-25.350,32.6
19:11:13.023,168797,7.434,4.793,-11.011,1.219,-2.569,-0.876,-63.150,54.300,-25.350,32.3
19:11:13.079,168851,8.174,4.954,-11.171,0.796,-2.993,-0.845,-55.800,55.650,-42.300,32.6
19:11:13.133,168905,8.454,3.730,-9.723,0.856,-3.249,-0.613,-55.800,55.650,-42.300,32.6
19:11:13.186,168959,7.185,2.854,-9.503,0.600,-3.597,-0.419,-55.800,55.650,-42.300,32.5
19:11:13.240,169013,5.602,0.788,-9.675,0.590,-3.785,-0.443,-18.900,49.800,-74.550,32.3
19:11:13.295,169067,3.215,1.456,-8.215,0.602,-3.678,-0.378,-18.900,49.800,-74.550,32.5
19:11:13.347,169121,0.876,1.286,-7.403,0.680,-3.245,-0.409,3.150,42.600,-80.850,32.8
19:11:13.403,169175,-0.627,1.109,-4.417,0.088,-2.787,-0.496,3.150,42.600,-80.850,32.6
19:11:13.455,169229,-3.551,1.403,-3.697,-0.552,-2.100,-0.458,19.800,40.650,-79.800,32.5
19:11:13.509,169283,-4.630,1.195,-3.761,-0.786,-1.143,-0.472,19.800,40.650,-79.800,32.3
19:11:13.564,169337,-6.481,0.393,-2.820,-0.364,-0.046,-0.013,33.150,42.900,-76.050,32.7
19:11:13.617,169391,-6.273,0.783,-0.752,-0.774,0.976,0.327,33.150,42.900,-76.050,32.6
19:11:13.671,169445,-5.004,0.074,-3.895,-0.770,2.062,0.763,30.300,43.800,-74.400,32.5
19:11:13.725,169499,-3.357,2.495,-6.065,-1.157,2.809,1.042,30.300,43.800,-74.400,32.5
19:11:13.779,169553,-1.535,3.132,-5.186,-1.098,3.360,1.354,16.200,51.600,-73.650,32.8
19:11:13.834,169607,0.883,3.816,-9.249,-0.969,3.419,1.479,-5.100,58.650,-65.700,32.6
19:11:13.886,169661,3.050,5.662,-9.524,-0.865,3.280,1.487,-5.100,58.650,-65.700,32.6
19:11:13.941,169715,4.633,6.455,-10.403,-1.425,2.984,1.451,-27.000,63.150,-53.550,32.5
19:11:13.995,169769,7.080,8.358,-5.715,-1.737,2.386,1.241,-27.000,63.150,-53.550,32.3
19:11:14.051,169823,7.623,7.547,-6.754,-1.765,2.236,1.133,-43.200,66.000,-31.350,32.8
19:11:14.104,169877,7.149,8.523,-3.788,-2.316,1.882,1.269,-43.200,66.000,-31.350,32.6
19:11:14.159,169931,7.803,6.728,-5.940,-2.233,1.780,0.982,-51.150,62.700,-8.100,32.4
19:11:14.212,169985,7.477,8.727,-3.294,-1.840,1.407,0.939,-51.150,62.700,-8.100,32.5
19:11:14.265,170039,7.386,7.051,-4.717,-1.397,1.032,0.649,-55.200,56.550,13.200,32.5
19:11:14.320,170093,7.630,6.108,-2.990,-0.574,0.566,0.314,-55.200,56.550,13.200,32.6
19:11:14.373,170147,6.914,8.588,-2.574,-0.785,-0.129,0.014,-52.650,48.000,26.400,32.8
19:11:14.428,170201,7.396,8.176,-4.219,-0.032,-1.200,-0.410,-52.650,48.000,26.400,32.5
19:11:14.481,170255,8.179,8.061,-5.119,0.360,-1.874,-0.694,-52.650,48.000,26.400,32.3
19:11:14.535,170309,8.559,7.942,-5.171,1.476,-2.475,-0.916,-59.250,51.000,12.300,32.6
19:11:14.589,170363,9.239,7.602,-6.246,2.376,-2.796,-0.915,-59.250,51.000,12.300,32.6
19:11:14.643,170417,9.208,7.676,-8.140,2.560,-3.314,-0.736,-58.650,55.050,-17.250,32.3
19:11:14.696,170471,8.677,6.591,-7.927,2.620,-3.823,-0.500,-58.650,55.050,-17.250,32.7
19:11:14.752,170525,6.919,6.179,-7.798,2.616,-4.203,-0.253,-58.650,55.050,-17.250,32.6
19:11:14.804,170579,4.245,5.042,-7.793,2.034,-4.475,-0.223,-58.650,55.050,-17.250,32.6
19:11:14.859,170633,1.628,1.626,-5.404,0.894,-3.956,-0.655,-21.900,36.300,-81.450,32.6
19:11:14.913,170687,-0.407,0.917,-7.549,1.007,-2.786,-0.872,-21.900,36.300,-81.450,32.5
19:11:14.967,170741,-0.972,1.123,-5.047,0.599,-1.949,-0.162,3.150,29.850,-89.700,32.3
19:11:15.023,170795,-1.089,0.663,-2.200,1.949,-1.185,0.349,3.150,29.850,-89.700,32.6
19:11:15.076,170849,-4.283,-0.089,-6.385,1.039,-0.330,0.034,3.150,29.850,-89.700,32.8
19:11:15.129,170903,-6.694,1.312,-3.141,1.449,0.583,-0.049,20.550,10.950,-91.950,32.5
19:11:15.183,170957,-6.038,2.105,-2.246,-0.656,1.616,-0.425,20.550,10.950,-91.950,32.6
19:11:15.237,171011,-3.819,1.487,-5.638,-1.345,2.075,-0.340,11.550,9.600,-93.150,32.6
19:11:15.292,171065,-1.341,-0.953,-9.105,-2.380,2.516,0.009,11.550,9.600,-93.150,32.6
19:11:15.345,171119,-0.048,0.486,-8.519,-2.030,2.596,0.094,11.550,9.600,-93.150,32.5
19:11:15.400,171173,2.090,2.761,-10.070,-1.361,2.778,0.167,11.550,9.600,-93.150,32.4
19:11:15.453,171227,2.844,3.445,-8.382,-1.100,2.819,0.306,-23.850,39.300,-80.700,32.5
19:11:15.507,171281,3.871,3.546,-9.974,-0.616,2.975,0.453,-23.850,39.300,-80.700,32.6
19:11:15.561,171335,5.382,2.720,-9.515,-1.054,3.207,0.398,-42.000,46.650,-66.150,32.5
19:11:15.617,171389,7.298,4.733,-8.495,-1.549,3.141,0.407,-42.000,46.650,-66.150,32.5
19:11:15.669,171443,8.665,6.309,-7.958,-1.483,2.945,0.222,-42.000,46.650,-66.150,32.6
19:11:15.723,171497,8.863,7.851,-5.725,-2.400,2.289,0.260,-61.950,54.300,-15.150,32.6
19:11:15.777,171551,8.636,7.412,-5.004,-1.931,1.972,0.130,-61.950,54.300,-15.150,32.7
19:11:15.832,171605,7.939,7.482,-3.946,-1.575,1.573,0.107,-58.500,52.200,10.200,32.6
19:11:15.887,171659,8.308,6.452,-4.669,-0.840,0.488,0.047,-58.500,52.200,10.200,32.3
19:11:15.940,171713,7.511,5.782,-5.064,0.916,-0.501,-0.066,-58.500,52.200,10.200,32.6
19:11:15.993,171767,7.681,5.346,-5.964,1.884,-1.195,-0.208,-58.500,52.200,10.200,32.5
19:11:16.046,171821,7.621,5.349,-7.025,2.460,-1.927,-0.156,-57.000,54.900,12.000,32.5
19:11:16.101,171875,7.690,6.970,-9.234,2.261,-2.657,-0.173,-57.000,54.900,12.000,32.5
19:11:16.155,171929,7.530,6.136,-8.471,2.191,-3.082,-0.064,-61.350,57.900,-16.350,32.5
19:11:16.209,171983,8.054,5.825,-10.942,1.920,-3.682,-0.025,-61.350,57.900,-16.350,32.7
19:11:16.264,172037,7.525,4.697,-11.964,1.451,-3.994,0.292,-61.350,57.900,-16.350,32.5
19:11:16.317,172091,5.744,3.328,-11.748,1.280,-4.239,0.372,-34.350,38.400,-76.200,32.5
19:11:16.372,172145,2.737,2.950,-10.266,0.683,-4.269,0.361,-34.350,38.400,-76.200,32.3
19:11:16.426,172199,0.725,3.048,-7.843,0.337,-3.918,0.239,-8.250,27.600,-91.200,32.6
19:11:16.480,172253,-0.553,2.181,-3.850,0.271,-3.373,0.232,-8.250,27.600,-91.200,32.6
19:11:16.533,172307,-2.260,0.960,-5.083,0.098,-2.254,0.094,17.250,22.200,-91.950,32.5
19:11:16.587,172361,-1.961,2.818,-2.303,-0.027,-1.587,0.123,17.250,22.200,-91.950,32.2
19:11:16.640,172415,-3.249,2.351,-2.217,0.065,-0.508,0.243,29.400,19.650,-91.350,32.6
19:11:16.695,172469,-3.998,2.239,-1.654,-1.301,0.393,0.321,29.400,19.650,-91.350,32.5
19:11:16.749,172523,-5.061,4.599,-2.847,-1.777,1.775,0.726,31.050,21.000,-88.650,32.5
19:11:16.803,172577,-4.259,3.280,-3.462,-2.191,3.020,1.244,31.050,21.000,-88.650,32.4
19:11:16.856,172631,-2.665,3.917,-7.075,-2.568,3.171,1.783,13.950,38.400,-86.400,32.3
19:11:16.911,172685,-0.120,4.061,-8.291,-2.189,3.442,2.217,-14.250,57.000,-69.900,32.6
19:11:16.964,172739,3.828,8.174,-9.230,-1.516,3.595,2.395,-14.250,57.000,-69.900,32.6
19:11:17.018,172793,5.246,8.509,-7.228,-2.385,3.170,2.449,-41.250,62.250,-44.550,32.5
19:11:17.073,172847,8.059,10.060,-4.908,-1.815,2.617,2.425,-41.250,62.250,-44.550,32.6
19:11:17.126,172901,8.794,7.944,-4.614,-1.399,2.521,2.289,-60.150,54.300,-15.150,32.5
19:11:17.181,172955,9.754,9.112,-0.618,-1.989,2.139,2.304,-60.150,54.300,-15.150,32.6
19:11:17.235,173009,9.665,8.322,-0.491,-1.594,2.099,2.082,-67.500,40.350,11.100,32.6
19:11:17.289,173063,10.015,6.637,0.201,-1.299,1.672,1.783,-67.500,40.350,11.100,32.3
19:11:17.343,173117,9.376,5.559,0.958,-1.545,1.016,1.585,-64.650,21.450,28.950,32.5
19:11:17.396,173171,8.301,7.451,0.888,-0.760,0.802,0.972,-64.650,21.450,28.950,32.6
19:11:17.451,173225,7.702,5.952,0.543,-0.286,0.727,0.641,-58.200,9.000,37.800,32.6
19:11:17.505,173279,7.558,6.026,0.651,-0.247,0.329,-0.058,-58.200,9.000,37.800,32.5
19:11:17.559,173333,7.302,6.761,0.910,0.582,-0.440,-0.710,-58.200,9.000,37.800,32.4
19:11:17.612,173387,8.064,6.548,-1.197,1.710,-1.557,-1.482,-58.800,12.750,37.950,32.7
19:11:17.668,173441,9.203,8.085,-2.030,2.571,-2.590,-2.027,-58.800,12.750,37.950,32.5
19:11:17.720,173495,11.308,8.576,-3.038,2.886,-3.231,-2.180,-67.350,35.550,16.800,32.6
19:11:17.775,173549,11.320,10.393,-5.243,2.151,-3.784,-2.156,-67.350,35.550,16.800,32.5
19:11:17.829,173603,10.123,9.002,-6.062,1.913,-4.200,-1.949,-67.350,35.550,16.800,32.5
19:11:17.883,173657,8.478,8.045,-6.215,1.426,-4.325,-1.804,-67.350,35.550,16.800,32.8
19:11:17.938,173711,5.588,6.187,-6.912,0.855,-4.071,-1.783,-45.000,51.750,-58.800,32.7
19:11:17.991,173765,2.746,5.801,-5.471,0.904,-3.601,-1.518,-45.000,51.750,-58.800,32.5
19:11:18.046,173819,1.228,5.155,-5.025,0.604,-2.947,-1.151,-15.600,47.100,-81.150,32.5
19:11:18.100,173873,-0.397,4.635,-3.206,-0.024,-2.264,-0.879,-15.600,47.100,-81.150,32.6
19:11:18.153,173927,-1.161,3.654,-1.724,-0.469,-1.289,-0.483,-15.600,47.100,-81.150,32.5
19:11:18.208,173981,-1.664,3.328,-1.120,-0.393,-0.488,-0.121,22.050,41.100,-84.600,32.6
19:11:18.261,174035,-2.219,3.685,-0.888,-0.780,0.420,0.431,22.050,41.100,-84.600,32.5
19:11:18.316,174089,-2.205,3.309,-1.676,-0.649,1.404,0.825,17.400,44.850,-82.200,32.5
19:11:18.369,174143,-1.245,6.091,-3.321,-1.065,2.364,1.473,17.400,44.850,-82.200,32.5
19:11:18.423,174197,-0.017,6.177,-4.673,-1.071,3.064,2.021,17.400,44.850,-82.200,32.5
