timestamp,elapsed_ms,accel_x_ms2,accel_y_ms2,accel_z_ms2,gyro_x_rads,gyro_y_rads,gyro_z_rads,mag_x_uT,mag_y_uT,mag_z_uT,temp_c,
18:17:35.190,15599,7.982,-3.402,2.191,0.306,-0.100,0.274,-38.550,-27.150,-42.150,32.5
18:17:35.190,15653,8.504,-3.862,1.844,0.418,-0.117,0.209,-37.200,-29.250,-41.250,32.5
18:17:35.191,15707,8.665,-4.065,1.681,0.676,-0.140,0.188,-37.200,-29.250,-41.250,32.5
18:17:35.191,15761,8.691,-4.487,2.306,0.814,-0.034,0.270,-37.050,-32.550,-40.650,32.5
18:17:35.192,15815,8.847,-4.915,2.528,0.689,-0.029,0.232,-35.700,-33.900,-38.250,32.6
18:17:35.192,15869,7.875,-4.829,2.114,0.476,-0.035,0.179,-35.700,-33.900,-38.250,32.6
18:17:35.193,15923,8.013,-5.018,2.325,0.236,-0.015,0.048,-35.700,-33.900,-38.250,32.7
18:17:35.193,15977,8.162,-4.681,2.294,0.144,-0.040,-0.003,-35.700,-33.900,-38.250,32.4
18:17:35.194,16031,7.958,-4.578,2.444,-0.035,0.044,-0.051,-34.200,-37.500,-35.400,32.5
18:17:35.194,16085,8.521,-4.082,2.725,-0.164,0.008,-0.056,-34.200,-37.500,-35.400,32.6
18:17:35.195,16139,8.950,-3.989,2.310,0.047,-0.072,-0.059,-33.600,-36.450,-34.050,32.5
18:17:35.195,16193,8.554,-4.125,2.193,0.322,0.126,-0.008,-33.600,-36.450,-34.050,32.5
18:17:35.195,16247,8.452,-3.618,2.626,0.297,0.210,0.034,-33.600,-36.450,-34.050,32.5
18:17:35.196,16301,8.521,-3.591,2.753,0.227,0.064,0.070,-33.600,-36.450,-34.050,32.6
18:17:35.196,16355,8.899,-3.120,3.275,0.356,0.046,0.210,-32.100,-36.450,-32.250,32.5
18:17:35.197,16409,9.708,-3.247,3.785,0.343,0.031,0.231,-32.100,-36.450,-32.250,32.6
18:17:35.197,16463,9.064,-3.182,3.606,0.246,-0.001,0.119,-31.350,-37.200,-30.150,32.4
18:17:35.198,16517,8.250,-3.019,3.412,0.420,-0.051,0.255,-31.350,-37.200,-30.150,32.4
18:17:35.198,16571,8.416,-3.800,4.049,0.600,0.135,0.402,-31.350,-37.200,-30.150,32.5
18:17:35.199,16625,9.115,-3.677,3.874,0.531,0.005,0.302,-28.050,-38.850,-26.100,32.4
18:17:35.199,16679,8.068,-3.673,3.201,0.581,-0.025,0.260,-28.050,-38.850,-26.100,32.5
18:17:35.200,16733,7.937,-3.745,4.017,0.445,0.061,0.376,-27.150,-42.150,-22.200,32.5
18:17:35.200,16787,8.138,-4.405,4.355,0.248,0.013,0.430,-27.150,-42.150,-22.200,32.5
18:17:35.201,16841,8.408,-4.583,4.405,0.307,-0.062,0.336,-26.400,-43.950,-21.150,32.6
18:17:35.201,16895,7.602,-4.695,3.895,0.240,0.070,0.360,-26.400,-43.950,-21.150,32.6
18:17:35.201,16949,7.065,-4.752,4.274,0.009,0.061,0.361,-23.550,-46.200,-19.500,32.4
18:17:35.202,17003,7.101,-4.772,4.362,-0.014,-0.086,0.229,-23.550,-46.200,-19.500,32.5
18:17:35.202,17057,7.130,-5.365,4.051,0.232,-0.177,0.088,-21.750,-48.450,-19.500,32.5
18:17:35.203,17111,6.914,-5.526,3.749,0.082,-0.190,-0.065,-22.350,-46.350,-17.850,32.5
18:17:35.203,17165,6.747,-5.356,3.663,-0.210,-0.191,-0.056,-22.350,-46.350,-17.850,32.6
18:17:35.204,17219,6.828,-5.210,4.063,-0.349,-0.102,-0.023,-22.350,-46.350,-17.850,32.4
18:17:35.204,17273,7.439,-4.870,4.262,-0.175,-0.092,-0.083,-22.350,-46.350,-17.850,32.6
18:17:35.205,17327,7.839,-4.781,4.051,0.049,-0.042,-0.115,-22.050,-47.250,-22.050,32.6
18:17:35.205,17381,7.609,-4.417,3.836,-0.031,0.087,0.103,-22.050,-47.250,-22.050,32.7
18:17:35.206,17435,9.651,-4.578,4.697,-0.034,-0.018,0.143,-20.250,-46.500,-20.550,32.3
18:17:35.206,17489,8.708,-5.049,3.637,0.203,-0.082,0.100,-20.250,-46.500,-20.550,32.3
18:17:35.207,17543,7.470,-5.102,3.855,0.193,0.064,0.200,-20.250,-46.500,-20.550,32.5
18:17:35.207,17597,7.338,-4.398,3.685,0.281,0.099,0.235,-20.250,-46.500,-20.550,32.7
18:17:35.240,17651,7.800,-4.851,3.625,0.336,0.097,0.148,-21.600,-48.300,-19.650,32.5
18:17:35.294,17705,7.070,-4.920,3.227,0.205,0.126,-0.017,-19.350,-48.600,-15.600,32.5
18:17:35.348,17759,7.068,-5.076,3.654,-0.087,0.087,-0.048,-19.350,-48.600,-15.600,32.6
18:17:35.402,17813,6.488,-5.140,3.903,-0.451,-0.077,-0.005,-19.350,-48.600,-15.600,32.4
18:17:35.456,17867,7.549,-5.535,3.924,-0.213,-0.129,-0.086,-19.350,-48.600,-15.600,32.5
18:17:35.510,17921,8.341,-5.437,3.926,0.120,0.072,-0.001,-20.850,-49.500,-19.350,32.4
18:17:35.564,17975,7.810,-5.090,3.768,0.156,0.101,0.040,-20.850,-49.500,-19.350,32.5
18:17:35.618,18029,7.084,-4.920,3.936,-0.019,0.062,0.062,-19.800,-48.900,-19.500,32.3
18:17:35.672,18083,7.357,-4.915,4.025,-0.086,-0.037,0.047,-19.800,-48.900,-19.500,32.6
18:17:35.727,18137,7.484,-5.207,3.761,0.071,0.026,-0.066,-18.300,-48.900,-18.750,32.6
18:17:35.780,18191,7.238,-4.992,3.644,0.037,0.014,-0.066,-18.300,-48.900,-18.750,32.7
18:17:35.834,18245,7.235,-5.104,3.807,0.037,-0.100,-0.064,-18.900,-49.050,-18.150,32.6
18:17:35.889,18299,7.918,-5.337,4.082,0.196,0.091,-0.005,-20.400,-47.100,-18.150,32.8
18:17:35.942,18353,8.035,-5.260,5.047,0.313,0.354,0.135,-20.400,-47.100,-18.150,32.5
18:17:35.998,18407,7.386,-5.581,5.250,0.213,0.686,0.334,-17.250,-48.450,-15.450,32.4
18:17:36.050,18461,6.601,-5.677,5.128,-0.027,0.614,0.305,-17.250,-48.450,-15.450,32.7
18:17:36.104,18515,7.752,-4.767,5.660,-0.011,0.674,0.423,-17.250,-48.450,-15.450,32.6
18:17:36.158,18569,9.220,-6.081,6.421,0.393,1.755,0.707,-17.250,-48.450,-15.450,32.6
18:17:36.212,18623,6.539,-6.924,7.863,0.433,2.433,0.928,-13.200,-49.200,-7.050,32.5
18:17:36.266,18677,4.123,-6.455,7.767,-0.181,2.606,1.063,-13.200,-49.200,-7.050,32.6
18:17:36.320,18731,3.194,-6.081,7.968,-0.261,2.661,1.224,-5.700,-50.850,-0.450,32.6
18:17:36.374,18785,2.116,-5.720,7.338,0.107,2.651,1.111,-5.700,-50.850,-0.450,32.5
18:17:36.428,18839,1.056,-5.265,7.219,-0.167,2.428,0.843,-5.700,-50.850,-0.450,32.5
18:17:36.482,18893,-0.077,-5.768,6.912,-0.210,2.252,0.755,-5.700,-50.850,-0.450,32.6
18:17:36.536,18947,-2.030,-6.074,6.448,-0.098,2.147,0.616,13.200,-51.150,3.750,32.5
18:17:36.591,19001,-2.559,-5.751,7.223,-0.204,2.002,0.580,20.100,-51.300,2.550,32.4
18:17:36.645,19055,-3.831,-6.488,5.964,0.238,2.029,0.658,20.100,-51.300,2.550,32.6
18:17:36.698,19109,-5.365,-5.499,4.523,0.075,1.741,0.652,20.100,-51.300,2.550,32.6
18:17:36.754,19163,-5.990,-5.373,2.859,-0.323,0.812,0.350,20.100,-51.300,2.550,32.6
18:17:36.807,19217,-5.672,-5.193,3.589,-0.203,-0.009,0.001,32.700,-48.600,1.050,32.6
18:17:36.861,19271,-5.696,-5.677,5.274,0.498,-0.187,-0.207,32.700,-48.600,1.050,32.6
18:17:36.914,19325,-5.820,-6.172,6.014,0.565,-0.107,-0.097,32.400,-49.800,3.150,32.3
18:17:36.968,19379,-5.480,-6.479,6.235,0.069,-0.070,-0.011,32.400,-49.800,3.150,32.2
18:17:37.023,19433,-5.519,-5.373,5.842,-0.339,-0.185,0.009,30.300,-49.950,5.250,32.5
18:17:37.076,19487,-5.145,-5.782,6.062,-0.309,-0.281,-0.088,30.300,-49.950,5.250,32.8
18:17:37.130,19541,-5.404,-5.847,5.854,0.318,-0.200,-0.133,31.650,-49.500,4.350,32.6
18:17:37.184,19595,-5.962,-5.698,5.559,0.211,-0.342,-0.141,29.250,-49.650,4.500,32.5
18:17:37.239,19649,-5.868,-5.279,5.143,-0.109,-0.721,-0.148,29.250,-49.650,4.500,32.6
18:17:37.292,19703,-4.824,-5.368,5.490,-0.149,-1.158,-0.430,27.750,-48.900,3.750,32.7
18:17:37.347,19757,-3.699,-5.404,6.345,0.337,-1.218,-0.578,27.750,-48.900,3.750,32.5
18:17:37.400,19811,-3.522,-5.262,6.807,0.631,-1.437,-0.607,27.750,-48.900,3.750,32.4
18:17:37.454,19865,-2.277,-5.892,6.967,0.560,-1.530,-0.608,27.750,-48.900,3.750,32.5
18:17:37.509,19919,-1.705,-5.770,7.594,0.507,-1.589,-0.535,15.900,-49.500,8.700,32.6
18:17:37.562,19973,-1.039,-5.416,7.477,0.026,-1.615,-0.481,15.900,-49.500,8.700,32.6
18:17:37.616,20027,0.467,-5.727,8.301,-0.090,-1.599,-0.455,9.450,-48.000,8.550,32.6
18:17:37.670,20081,1.204,-5.890,8.787,0.369,-1.339,-0.463,9.450,-48.000,8.550,32.6
18:17:37.724,20135,1.415,-5.363,8.104,0.302,-1.267,-0.420,9.450,-48.000,8.550,32.5
18:17:37.778,20189,2.567,-5.528,8.440,-0.103,-1.295,-0.382,-1.950,-46.500,7.800,32.6
18:17:37.832,20243,2.708,-5.823,7.898,0.072,-1.241,-0.386,-1.950,-46.500,7.800,32.6
18:17:37.886,20297,3.223,-5.375,7.645,0.144,-1.140,-0.409,-5.700,-49.200,4.800,32.5
18:17:37.941,20351,4.094,-5.095,7.633,0.047,-1.076,-0.344,-5.700,-49.200,4.800,32.5
18:17:37.995,20405,4.633,-5.428,7.491,-0.106,-1.035,-0.335,-9.450,-48.000,1.950,32.5
18:17:38.048,20459,4.566,-5.203,7.293,-0.355,-1.008,-0.340,-9.450,-48.000,1.950,32.7
18:17:38.102,20513,5.507,-5.128,7.508,-0.338,-0.859,-0.340,-12.600,-49.500,-0.300,32.3
18:17:38.156,20567,5.921,-5.325,6.840,0.088,-0.628,-0.266,-12.600,-49.500,-0.300,32.7
18:17:38.211,20621,5.567,-5.327,6.776,0.008,-0.586,-0.254,-13.650,-49.500,-4.650,32.5
18:17:38.264,20675,5.904,-5.136,6.572,-0.099,-0.497,-0.173,-13.650,-49.500,-4.650,32.5
18:17:38.319,20729,6.292,-4.920,6.129,0.084,-0.496,-0.154,-14.250,-48.900,-6.750,32.8
18:17:38.373,20783,6.591,-4.870,6.000,0.075,-0.434,-0.118,-14.250,-48.900,-6.750,32.4
18:17:38.426,20837,6.673,-4.855,5.514,0.000,-0.385,-0.120,-14.250,-48.900,-6.750,32.4
18:17:38.480,20891,6.577,-4.551,5.607,-0.119,-0.456,-0.135,-18.000,-48.450,-7.800,32.5
18:17:38.534,20945,6.795,-4.786,5.452,-0.166,-0.484,-0.184,-18.000,-48.450,-7.800,32.6
18:17:38.588,20999,7.063,-4.496,5.246,-0.087,-0.440,-0.179,-18.150,-47.550,-10.200,32.6
18:17:38.642,21053,7.302,-4.592,4.970,-0.072,-0.408,-0.174,-18.150,-47.550,-10.200,32.3
18:17:38.697,21107,7.329,-4.683,4.815,-0.084,-0.370,-0.192,-18.150,-47.550,-10.200,32.5
18:17:38.750,21161,7.444,-4.697,4.724,-0.225,-0.337,-0.152,-18.150,-47.550,-10.200,32.7
18:17:38.804,21215,7.712,-4.657,4.547,-0.106,-0.340,-0.120,-19.350,-47.850,-14.850,32.8
18:17:38.859,21269,7.693,-4.693,4.401,-0.025,-0.286,-0.118,-19.350,-47.850,-14.850,32.5
18:17:38.912,21323,7.721,-4.583,4.331,-0.016,-0.238,-0.124,-20.850,-48.300,-16.800,32.7
18:17:38.966,21377,7.975,-4.583,4.113,0.036,-0.206,-0.089,-20.850,-48.300,-16.800,32.6
18:17:39.020,21431,7.922,-4.499,3.864,-0.072,-0.241,-0.083,-21.900,-46.650,-17.100,32.5
18:17:39.075,21485,8.006,-4.578,3.970,-0.088,-0.216,-0.073,-21.900,-46.650,-17.100,32.7
18:17:39.129,21539,8.056,-4.525,3.809,0.015,-0.166,-0.068,-21.900,-46.650,-17.100,32.8
18:17:39.182,21593,7.927,-4.393,3.800,0.010,-0.222,-0.063,-20.850,-46.650,-18.150,32.5
18:17:39.236,21647,7.987,-4.460,3.479,-0.026,-0.201,-0.062,-20.850,-46.650,-18.150,32.6
18:17:39.290,21701,8.162,-4.259,3.479,-0.016,-0.161,-0.054,-21.750,-46.950,-19.800,32.2
18:17:39.344,21755,8.138,-4.278,3.625,0.001,-0.164,-0.057,-21.750,-46.950,-19.800,32.5
18:17:39.398,21809,7.944,-4.432,3.500,-0.001,-0.188,-0.078,-21.750,-46.950,-19.800,32.6
18:17:39.452,21863,8.236,-4.226,3.397,-0.083,-0.321,-0.083,-21.750,-46.950,-19.800,32.5
18:17:39.506,21917,8.657,-4.209,3.105,0.092,-0.088,-0.081,-22.350,-45.900,-20.400,32.6
18:17:39.560,21971,8.444,-4.252,3.419,0.119,-0.022,-0.071,-22.350,-45.900,-20.400,32.5
18:17:39.613,22025,9.155,-4.635,4.202,0.102,0.289,0.032,-23.100,-45.600,-20.700,32.5
18:17:39.668,22079,9.440,-5.420,4.721,0.296,0.909,0.232,-24.300,-46.200,-18.750,32.5
18:17:39.722,22133,9.431,-6.172,6.017,0.347,1.868,0.681,-24.300,-46.200,-18.750,32.5
18:17:39.777,22187,8.406,-6.100,6.955,0.002,2.432,1.049,-20.100,-47.850,-12.000,32.3
18:17:39.830,22241,6.792,-5.255,7.970,-0.397,2.627,1.345,-20.100,-47.850,-12.000,32.3
18:17:39.884,22295,6.455,-5.715,7.867,-0.008,2.996,1.576,-10.800,-50.250,-4.650,32.6
18:17:39.938,22349,5.119,-5.804,7.695,0.180,3.355,1.570,-10.800,-50.250,-4.650,32.6
18:17:39.992,22403,2.342,-5.626,7.015,0.191,3.250,1.452,1.050,-52.200,2.100,32.6
18:17:40.046,22457,0.385,-4.944,6.536,-0.252,3.044,1.291,1.050,-52.200,2.100,32.5
18:17:40.100,22511,-0.340,-4.906,7.446,-0.285,2.757,1.222,14.850,-49.800,5.400,32.8
18:17:40.154,22565,-1.714,-5.476,6.345,0.260,2.694,0.957,14.850,-49.800,5.400,32.6
18:17:40.208,22619,-3.563,-5.337,5.143,-0.106,2.507,0.736,24.150,-49.500,6.150,32.6
18:17:40.263,22673,-4.949,-5.073,4.640,-0.537,2.065,0.690,35.100,-47.700,3.750,32.5
18:17:40.317,22727,-6.309,-5.150,3.773,-0.488,1.802,0.576,35.100,-47.700,3.750,32.4
18:17:40.371,22781,-6.685,-5.236,2.909,-0.177,1.354,0.352,35.100,-47.700,3.750,32.8
18:17:40.424,22835,-7.827,-4.908,1.841,0.059,0.791,0.218,35.100,-47.700,3.750,32.7
18:17:40.479,22889,-7.836,-5.021,1.992,0.022,-0.053,0.003,43.350,-45.750,-3.000,32.5
18:17:40.532,22943,-7.350,-5.057,3.632,0.051,-0.423,-0.144,43.350,-45.750,-3.000,32.5
18:17:40.586,22997,-7.001,-5.401,4.997,0.288,-0.245,-0.091,40.500,-46.350,-1.050,32.6
18:17:40.642,23051,-7.479,-5.239,4.769,0.191,0.032,0.029,40.500,-46.350,-1.050,32.6
18:17:40.693,23105,-7.573,-5.155,3.630,-0.114,-0.003,-0.024,40.500,-46.350,-1.050,32.8
18:17:40.749,23159,-7.211,-5.090,3.761,-0.289,-0.320,-0.150,40.500,-46.350,-1.050,32.5
18:17:40.802,23213,-7.058,-5.334,3.749,0.014,-0.440,-0.232,40.950,-45.900,0.300,32.5
18:17:40.858,23267,-7.087,-5.341,3.721,0.084,-0.731,-0.329,40.950,-45.900,0.300,32.4
18:17:40.910,23321,-6.732,-5.358,4.140,-0.147,-0.988,-0.332,38.850,-46.500,-0.450,32.5
18:17:40.964,23375,-5.957,-5.648,4.532,-0.176,-1.288,-0.476,38.850,-46.500,-0.450,32.6
18:17:41.018,23429,-4.992,-5.679,5.351,-0.096,-1.369,-0.650,38.850,-46.500,-0.450,32.7
18:17:41.072,23483,-4.831,-5.895,5.964,0.215,-1.373,-0.603,28.500,-49.950,0.150,32.4
18:17:41.127,23537,-4.470,-6.369,6.160,0.453,-1.308,-0.605,28.500,-49.950,0.150,32.6
18:17:41.180,23591,-3.445,-6.304,7.135,0.170,-1.359,-0.543,22.650,-51.000,3.600,32.6
18:17:41.234,23645,-3.038,-6.416,7.137,0.262,-1.214,-0.476,22.650,-51.000,3.600,32.5
18:17:41.288,23699,-2.176,-5.868,7.693,0.089,-1.083,-0.539,17.850,-51.300,2.850,32.3
18:17:41.342,23753,-1.415,-5.792,7.640,0.084,-1.172,-0.457,17.850,-51.300,2.850,32.6
18:17:41.397,23807,-0.946,-6.385,7.539,0.236,-1.158,-0.497,14.400,-51.300,4.650,32.7
18:17:41.451,23861,-0.141,-6.215,7.980,0.299,-1.050,-0.477,14.400,-51.300,4.650,32.6
18:17:41.505,23915,0.110,-5.818,7.673,0.147,-1.156,-0.407,10.350,-51.000,3.600,32.5
18:17:41.558,23969,0.627,-6.292,7.573,-0.118,-1.193,-0.434,4.800,-51.000,3.600,32.5
18:17:41.612,24023,2.140,-6.000,8.459,0.010,-1.038,-0.447,4.800,-51.000,3.600,32.6
18:17:41.667,24077,2.318,-6.244,8.238,0.305,-0.844,-0.394,4.800,-51.000,3.600,32.6
18:17:41.721,24131,2.052,-6.036,8.045,0.167,-0.737,-0.307,4.800,-51.000,3.600,32.5
18:17:41.774,24185,2.289,-6.045,7.709,-0.088,-0.772,-0.250,-1.950,-49.650,2.250,32.5
18:17:41.828,24239,2.911,-5.859,7.855,0.164,-0.682,-0.248,-1.950,-49.650,2.250,32.6
18:17:41.882,24293,3.294,-5.614,7.566,0.289,-0.645,-0.222,-3.300,-49.500,1.350,32.5
18:17:41.936,24347,3.577,-5.358,7.410,0.151,-0.682,-0.220,-3.300,-49.500,1.350,32.6
18:17:41.991,24401,4.015,-5.155,7.436,0.010,-0.747,-0.223,-3.300,-49.500,1.350,32.8
18:17:42.045,24455,4.233,-5.459,6.962,-0.006,-0.695,-0.253,-3.300,-49.500,1.350,32.5
18:17:42.098,24509,4.781,-5.011,7.338,0.051,-0.660,-0.268,-9.000,-48.000,0.150,32.6
18:17:42.152,24563,4.812,-5.140,6.979,0.093,-0.673,-0.262,-10.350,-49.800,-1.350,32.6
18:17:42.206,24617,5.320,-5.061,6.656,-0.030,-0.664,-0.280,-10.350,-49.800,-1.350,32.5
18:17:42.260,24671,5.856,-4.920,6.706,-0.095,-0.668,-0.270,-10.350,-49.800,-1.350,32.6
18:17:42.314,24725,6.067,-5.181,6.261,-0.071,-0.570,-0.252,-10.350,-49.800,-1.350,32.6
18:17:42.369,24779,5.983,-4.913,6.433,-0.064,-0.446,-0.209,-13.500,-47.250,-5.250,32.5
18:17:42.423,24833,6.086,-5.069,6.462,-0.089,-0.434,-0.191,-13.500,-47.250,-5.250,32.7
18:17:42.476,24887,6.495,-4.949,6.033,-0.063,-0.375,-0.168,-16.950,-47.700,-6.300,32.6
18:17:42.530,24941,6.491,-4.630,5.950,-0.022,-0.381,-0.168,-16.950,-47.700,-6.300,32.6
18:17:42.585,24995,6.744,-4.817,5.519,-0.049,-0.408,-0.170,-16.950,-47.700,-6.300,32.6
18:17:42.638,25049,7.029,-4.650,5.380,-0.022,-0.349,-0.180,-16.950,-47.700,-6.300,32.5
18:17:42.692,25103,7.084,-4.611,5.215,-0.060,-0.330,-0.178,-18.150,-47.550,-9.000,32.5
18:17:42.747,25157,7.061,-4.654,5.054,-0.147,-0.340,-0.163,-18.150,-47.550,-9.000,32.5
18:17:42.800,25211,7.477,-4.726,4.915,-0.135,-0.334,-0.161,-19.800,-46.200,-11.400,32.6
18:17:42.854,25265,7.494,-4.484,4.709,0.013,-0.322,-0.169,-18.750,-47.700,-13.200,32.6
18:17:42.908,25319,7.482,-4.362,4.578,-0.069,-0.350,-0.167,-18.750,-47.700,-13.200,32.8
18:17:42.963,25373,7.609,-4.298,4.362,-0.109,-0.381,-0.162,-21.000,-45.750,-13.650,32.6
18:17:43.017,25427,7.678,-4.250,4.209,-0.159,-0.379,-0.180,-21.000,-45.750,-13.650,32.6
18:17:43.072,25481,7.877,-4.446,4.063,-0.088,-0.403,-0.166,-22.650,-46.650,-17.550,32.8
18:17:43.125,25535,8.080,-4.472,3.967,-0.054,-0.364,-0.179,-22.650,-46.650,-17.550,32.3
18:17:43.178,25589,8.116,-4.209,3.764,-0.060,-0.370,-0.192,-22.650,-46.650,-19.350,32.5
18:17:43.232,25643,8.267,-4.305,3.531,-0.074,-0.292,-0.146,-22.650,-46.650,-19.350,32.6
18:17:43.286,25697,8.217,-4.257,3.376,-0.140,-0.276,-0.119,-22.650,-46.650,-19.350,32.5
18:17:43.340,25751,8.442,-4.348,3.182,-0.080,-0.313,-0.100,-22.650,-46.650,-19.350,32.5
18:17:43.395,25805,8.411,-4.099,3.203,-0.094,-0.293,-0.102,-22.800,-45.300,-21.750,32.7
18:17:43.448,25859,8.832,-4.159,3.496,0.095,-0.092,-0.056,-23.250,-44.250,-21.750,32.6
18:17:43.502,25913,9.438,-4.532,3.994,0.294,0.336,0.087,-23.250,-44.250,-21.750,32.6
18:17:43.556,25967,9.117,-4.820,4.532,0.249,0.796,0.278,-23.250,-44.250,-21.750,32.8
18:17:43.611,26021,8.622,-5.224,5.329,-0.084,1.326,0.529,-23.250,-44.250,-21.750,32.5
18:17:43.664,26075,8.037,-5.090,5.835,-0.088,1.451,0.730,-21.750,-45.750,-16.200,32.3
18:17:43.718,26129,7.831,-5.090,5.380,0.163,1.637,0.802,-21.750,-45.750,-16.200,32.6
18:17:43.772,26183,7.374,-4.695,5.622,0.151,1.785,0.813,-17.100,-47.850,-10.950,32.3
18:17:43.827,26237,6.682,-5.198,6.072,-0.079,1.855,0.842,-17.100,-47.850,-10.950,32.5
18:17:43.880,26291,5.361,-5.533,6.754,-0.216,1.936,0.810,-17.100,-47.850,-10.950,32.6
18:17:43.934,26345,4.144,-5.818,7.175,-0.155,1.935,0.831,-17.100,-47.850,-10.950,32.6
18:17:43.988,26399,3.203,-5.933,7.293,-0.101,1.927,0.776,-6.750,-50.400,-1.950,32.6
18:17:44.042,26453,1.839,-5.835,7.532,-0.019,1.854,0.732,1.050,-50.550,0.600,32.6
18:17:44.096,26507,1.276,-5.916,7.360,-0.066,1.731,0.657,1.050,-50.550,0.600,32.3
18:17:44.149,26561,0.543,-6.163,7.300,-0.105,1.634,0.560,6.750,-50.850,3.450,32.3
18:17:44.205,26615,-0.417,-6.086,7.690,-0.035,1.611,0.534,6.750,-50.850,3.450,32.5
18:17:44.258,26669,-1.607,-6.165,7.389,-0.037,1.622,0.539,13.200,-50.850,4.500,32.5
18:17:44.312,26723,-2.380,-6.060,6.926,-0.091,1.561,0.563,13.200,-50.850,4.500,32.8
18:17:44.366,26777,-3.093,-6.098,6.867,-0.175,1.421,0.587,17.250,-50.400,6.300,32.6
18:17:44.421,26831,-3.725,-5.957,6.512,-0.102,1.381,0.549,17.250,-50.400,6.300,32.7
18:17:44.473,26885,-4.353,-5.715,6.381,0.034,1.254,0.473,23.850,-50.250,3.150,32.5
18:17:44.528,26939,-5.092,-5.519,5.713,0.022,1.115,0.368,23.850,-50.250,3.150,32.6
18:17:44.582,26993,-5.578,-5.725,5.327,-0.140,0.924,0.344,23.850,-50.250,3.150,32.4
18:17:44.636,27047,-5.875,-5.787,5.353,-0.140,0.894,0.345,33.450,-48.300,2.550,32.4
18:17:44.689,27101,-6.388,-5.734,5.018,-0.037,0.908,0.301,33.450,-48.300,2.550,32.4
18:17:44.744,27155,-6.728,-5.646,4.535,-0.047,0.897,0.287,34.350,-48.000,1.950,32.6
18:17:44.798,27209,-7.056,-5.401,4.032,-0.074,0.895,0.281,34.350,-48.000,1.950,32.6
18:17:44.853,27263,-7.003,-5.322,3.766,-0.044,0.798,0.256,34.350,-48.000,1.950,32.7
18:17:44.906,27317,-7.659,-5.176,3.165,-0.009,0.616,0.164,34.350,-48.000,1.950,32.8
18:17:44.960,27371,-7.738,-4.994,2.320,0.023,0.175,0.010,41.700,-46.650,0.000,32.8
18:17:45.014,27425,-7.717,-4.944,2.643,-0.065,-0.261,-0.092,41.700,-46.650,0.000,32.8
18:17:45.068,27479,-7.551,-5.332,3.886,0.004,-0.392,-0.116,41.700,-46.650,-1.800,32.6
18:17:45.122,27533,-7.523,-5.492,4.635,0.150,-0.083,0.033,41.700,-46.650,-1.800,32.5
18:17:45.177,27587,-7.542,-5.265,3.958,-0.020,0.057,0.084,41.550,-47.250,0.900,32.5
18:17:45.230,27641,-7.523,-5.037,3.455,-0.325,-0.063,0.006,41.550,-47.250,0.900,32.5
18:17:45.283,27695,-7.479,-5.073,2.998,-0.334,-0.376,-0.096,39.750,-46.350,-0.300,32.5
18:17:45.338,27749,-7.444,-5.234,2.856,-0.125,-0.725,-0.239,39.600,-46.950,-1.500,32.6
18:17:45.392,27803,-7.238,-5.423,3.215,-0.049,-1.066,-0.377,39.600,-46.950,-1.500,32.5
18:17:45.446,27857,-6.148,-5.334,4.640,-0.079,-1.357,-0.489,35.100,-48.000,-2.250,32.6
18:17:45.500,27911,-6.321,-5.485,4.348,0.221,-1.469,-0.607,35.100,-48.000,-2.250,32.4
18:17:45.554,27965,-4.539,-5.665,6.074,0.117,-1.485,-0.716,35.100,-48.000,-2.250,32.3
18:17:45.608,28019,-4.300,-6.120,5.950,0.208,-1.523,-0.671,35.100,-48.000,-2.250,32.6
18:17:45.662,28073,-4.120,-6.409,6.244,0.513,-1.431,-0.814,23.850,-50.550,2.850,32.4
18:17:45.717,28127,-2.995,-6.134,7.293,0.391,-1.326,-0.742,23.850,-50.550,2.850,32.5
18:17:45.770,28181,-2.330,-5.768,7.621,0.432,-1.408,-0.475,15.750,-52.650,4.800,32.6
18:17:45.825,28235,-2.145,-6.416,7.365,0.233,-1.389,-0.463,15.750,-52.650,4.800,32.8
18:17:45.878,28289,-0.421,-5.880,7.975,-0.059,-1.270,-0.456,15.750,-52.650,4.800,32.6
18:17:45.933,28343,0.041,-6.144,7.925,0.101,-1.308,-0.435,5.700,-49.650,4.800,32.6
18:17:45.987,28397,0.776,-6.440,7.843,0.104,-1.228,-0.521,5.700,-49.650,4.800,32.3
18:17:46.040,28451,1.252,-6.167,8.191,0.173,-1.181,-0.426,2.400,-49.950,3.000,32.3
18:17:46.095,28505,1.326,-6.088,7.889,-0.041,-1.113,-0.427,2.400,-49.950,3.000,32.5
18:17:46.149,28559,2.263,-5.986,8.109,-0.136,-1.125,-0.416,-1.950,-50.400,0.900,32.6
18:17:46.201,28613,2.818,-5.983,7.743,0.122,-0.974,-0.411,-1.950,-50.400,0.900,32.5
18:17:46.256,28667,3.074,-5.880,7.757,0.146,-0.893,-0.398,-5.400,-49.200,-0.150,32.5
18:17:46.310,28721,3.637,-5.593,7.604,-0.018,-0.869,-0.382,-5.400,-49.200,-0.150,32.7
18:17:46.364,28775,4.389,-5.734,7.324,0.048,-0.813,-0.339,-8.700,-49.650,-1.950,32.6
18:17:46.419,28829,4.527,-5.478,6.981,0.047,-0.700,-0.409,-8.700,-49.650,-1.950,32.6
18:17:46.472,28883,4.982,-5.272,7.499,0.120,-0.539,-0.314,-11.100,-48.300,-2.850,32.5
18:17:46.526,28937,4.659,-5.258,7.032,0.177,-0.536,-0.280,-11.100,-48.300,-2.850,32.5
18:17:46.581,28991,4.982,-5.205,6.519,-0.084,-0.548,-0.255,-11.100,-48.300,-2.850,32.6
18:17:46.635,29045,5.806,-5.121,6.570,-0.150,-0.581,-0.237,-15.600,-48.300,-5.100,32.5
18:17:46.689,29099,6.038,-5.241,6.330,-0.048,-0.528,-0.227,-15.600,-48.300,-5.100,32.5
18:17:46.742,29153,5.744,-5.045,6.151,-0.008,-0.494,-0.246,-16.650,-49.050,-8.400,32.8
18:17:46.797,29207,6.278,-5.013,5.895,0.016,-0.520,-0.223,-16.650,-49.050,-8.400,32.7
18:17:46.851,29261,6.452,-5.131,5.669,0.059,-0.505,-0.236,-16.650,-49.050,-8.400,32.8
18:17:46.904,29315,6.713,-4.772,5.617,-0.029,-0.460,-0.208,-16.650,-49.050,-8.400,32.8
18:17:46.959,29369,6.934,-4.650,5.502,-0.088,-0.485,-0.205,-18.150,-45.900,-10.500,32.5
18:17:47.012,29423,7.171,-4.824,5.186,-0.085,-0.393,-0.213,-18.150,-45.900,-10.500,32.3
18:17:47.066,29477,7.195,-4.755,5.104,-0.022,-0.373,-0.189,-20.550,-46.500,-12.600,32.7
18:17:47.120,29531,7.171,-4.731,4.879,-0.101,-0.377,-0.162,-20.550,-46.500,-12.600,32.5
18:17:47.174,29585,7.609,-4.630,4.764,-0.152,-0.385,-0.156,-20.100,-43.950,-13.050,32.8
18:17:47.229,29639,7.705,-4.669,4.487,0.023,-0.292,-0.127,-20.100,-43.950,-13.050,32.6
18:17:47.283,29693,7.439,-4.551,4.482,-0.008,-0.309,-0.103,-20.100,-43.950,-13.050,32.6
18:17:47.337,29747,7.867,-4.518,4.310,0.024,-0.245,-0.080,-19.800,-44.550,-16.500,32.8
18:17:47.390,29801,7.834,-4.391,4.456,0.015,-0.195,-0.070,-19.800,-44.550,-16.500,32.3
18:17:47.445,29855,7.784,-4.386,4.276,-0.092,-0.250,-0.092,-21.750,-44.250,-17.700,32.3
18:17:47.498,29909,7.970,-4.410,4.089,-0.064,-0.266,-0.096,-21.750,-44.250,-17.700,32.5
18:17:47.553,29963,8.045,-4.250,3.730,0.044,-0.188,-0.108,-21.750,-44.250,-17.700,32.8
18:17:47.605,30017,7.999,-4.302,3.857,0.027,-0.224,-0.091,-21.750,-44.250,-17.700,32.8
18:17:47.660,30071,7.970,-4.283,3.699,-0.051,-0.243,-0.097,-21.900,-43.950,-18.900,32.8
18:17:47.714,30125,8.167,-4.252,3.488,0.019,-0.182,-0.075,-21.900,-43.950,-18.900,32.6
18:17:47.768,30179,8.291,-4.247,3.531,0.061,-0.167,-0.056,-22.500,-44.250,-21.000,32.6
18:17:47.822,30233,8.444,-4.369,3.613,-0.011,-0.144,-0.040,-22.500,-44.250,-21.000,32.6
18:17:47.877,30287,8.559,-4.175,3.589,0.095,-0.098,-0.039,-22.500,-44.250,-21.000,32.6
18:17:47.930,30341,8.562,-4.415,3.819,0.114,0.054,-0.002,-21.750,-45.750,-21.000,32.5
18:17:47.984,30395,8.904,-4.666,4.298,0.092,0.513,0.183,-21.750,-45.750,-21.000,32.5
18:17:48.039,30449,8.653,-5.016,4.456,0.075,0.887,0.322,-22.500,-45.750,-18.450,32.6
18:17:48.092,30503,8.262,-4.975,5.322,0.009,1.098,0.511,-22.500,-45.750,-18.450,32.8
18:17:48.147,30557,8.147,-5.250,5.538,0.009,1.332,0.594,-21.150,-47.550,-15.600,32.6
18:17:48.199,30611,7.884,-4.853,6.225,0.351,1.690,0.696,-21.150,-47.550,-15.600,32.6
18:17:48.254,30665,6.237,-5.124,6.527,0.166,1.782,0.733,-18.150,-47.850,-8.700,32.7
18:17:48.308,30719,5.155,-5.114,6.941,-0.294,1.765,0.859,-18.150,-47.850,-8.700,32.7
18:17:48.363,30773,4.956,-5.741,7.238,-0.228,1.794,0.878,-12.600,-49.500,-5.400,32.4
18:17:48.416,30827,3.972,-5.720,7.800,0.116,1.896,0.837,-5.850,-49.050,-0.300,32.4
18:17:48.471,30881,2.452,-5.488,7.477,0.078,1.901,0.792,-5.850,-49.050,-0.300,32.8
18:17:48.524,30935,1.779,-5.428,7.626,-0.211,1.815,0.775,-5.850,-49.050,-0.300,32.5
18:17:48.579,30989,0.747,-5.974,7.788,-0.201,1.753,0.736,-5.850,-49.050,-0.300,32.5
18:17:48.632,31043,-0.378,-5.760,7.499,0.002,1.756,0.639,8.700,-49.200,3.000,32.8
18:17:48.686,31097,-1.156,-5.464,7.422,0.078,1.678,0.576,8.700,-49.200,3.000,32.6
18:17:48.740,31151,-1.561,-6.103,7.034,-0.219,1.557,0.588,14.700,-49.200,6.000,32.6
18:17:48.795,31205,-2.433,-6.194,7.092,-0.211,1.498,0.517,14.700,-49.200,6.000,32.8
18:17:48.848,31259,-3.721,-5.942,6.601,0.067,1.520,0.516,14.700,-49.200,6.000,32.6
18:17:48.902,31313,-4.250,-5.808,6.325,-0.039,1.394,0.554,14.700,-49.200,6.000,32.5
18:17:48.956,31367,-4.657,-5.705,6.019,-0.098,1.197,0.524,24.300,-48.450,3.750,32.5
18:17:49.010,31421,-5.306,-5.497,5.420,-0.069,1.132,0.416,30.300,-46.950,2.250,32.8
18:17:49.064,31475,-5.782,-5.399,5.456,0.007,1.059,0.373,30.300,-46.950,2.250,32.6
18:17:49.119,31529,-6.560,-5.229,4.946,-0.014,0.972,0.377,34.950,-47.850,2.550,32.6
18:17:49.173,31583,-6.821,-5.267,4.755,-0.141,0.854,0.321,34.950,-47.850,2.550,32.5
18:17:49.227,31637,-6.816,-5.250,4.566,-0.082,0.878,0.251,38.550,-45.300,0.900,32.6
18:17:49.280,31691,-7.800,-4.784,3.493,0.077,0.841,0.280,38.550,-45.300,0.900,32.5
18:17:49.334,31745,-7.527,-5.040,3.278,-0.026,0.616,0.303,42.000,-45.150,0.300,32.4
18:17:49.388,31799,-8.064,-4.621,2.409,-0.141,0.258,0.155,42.000,-45.150,0.300,32.6
18:17:49.442,31853,-7.942,-4.542,2.782,-0.191,-0.132,-0.025,43.200,-43.950,-1.350,32.6
18:17:49.497,31907,-7.784,-4.853,3.402,0.060,-0.197,-0.066,43.200,-43.950,-1.350,32.7
18:17:49.550,31961,-7.805,-4.906,4.034,0.090,-0.097,0.013,43.200,-43.950,-1.350,32.6
18:17:49.604,32015,-7.920,-5.033,3.582,-0.091,-0.022,0.092,43.200,-43.950,-1.350,32.5
18:17:49.657,32069,-7.946,-4.630,3.077,-0.284,-0.172,0.022,43.950,-46.350,-1.800,32.5
18:17:49.712,32123,-7.712,-4.752,2.847,-0.313,-0.613,-0.224,42.000,-45.900,-3.150,32.8
18:17:49.765,32177,-7.353,-4.889,3.132,-0.102,-0.881,-0.413,42.000,-45.900,-3.150,32.7
18:17:49.819,32231,-6.814,-5.353,4.360,0.174,-1.099,-0.516,42.000,-45.900,-3.150,32.6
18:17:49.874,32285,-6.378,-5.495,4.602,0.349,-1.175,-0.483,42.000,-45.900,-3.150,32.5
18:17:49.928,32339,-6.060,-5.461,5.404,0.122,-1.235,-0.466,35.550,-47.250,1.500,32.8
18:17:49.982,32393,-5.854,-5.452,5.622,0.086,-1.278,-0.440,35.550,-47.250,1.500,32.6
18:17:50.036,32447,-4.994,-5.677,6.105,0.070,-1.215,-0.503,31.650,-47.850,3.600,32.6
18:17:50.090,32501,-4.604,-5.696,6.768,0.155,-1.247,-0.508,31.650,-47.850,3.600,32.6
18:17:50.144,32555,-4.410,-5.789,6.414,0.258,-1.227,-0.567,24.750,-49.200,3.000,32.6
18:17:50.198,32609,-3.043,-5.926,7.044,0.090,-1.313,-0.528,24.750,-49.200,3.000,32.7
18:17:50.253,32663,-2.497,-5.938,7.140,0.143,-1.332,-0.517,20.400,-49.800,5.850,32.5
18:17:50.306,32717,-1.865,-6.167,7.752,0.230,-1.193,-0.516,14.400,-49.500,5.850,32.5
18:17:50.359,32771,-1.207,-5.734,7.975,0.200,-1.170,-0.448,14.400,-49.500,5.850,32.6
18:17:50.414,32825,-0.177,-6.235,8.004,0.028,-1.221,-0.452,10.500,-49.650,6.300,32.5
18:17:50.468,32879,0.261,-6.043,8.054,0.247,-1.122,-0.437,10.500,-49.650,6.300,32.8
18:17:50.523,32933,0.283,-5.715,8.059,0.195,-1.095,-0.430,10.500,-49.650,6.300,32.7
18:17:50.576,32987,1.032,-5.725,7.693,0.299,-1.200,-0.363,10.500,-49.650,6.300,32.7
18:17:50.630,33041,1.958,-5.284,8.195,0.038,-1.207,-0.393,1.200,-48.450,6.000,32.6
18:17:50.684,33095,2.856,-5.775,7.815,0.171,-1.182,-0.372,1.200,-48.450,6.000,32.6
18:17:50.739,33149,3.041,-5.413,8.013,0.206,-1.027,-0.379,-2.100,-49.800,3.900,32.8
18:17:50.792,33203,3.227,-5.294,8.112,-0.011,-1.082,-0.345,-2.100,-49.800,3.900,32.3
18:17:50.846,33257,4.049,-5.274,7.681,-0.035,-1.156,-0.351,-2.100,-49.800,3.900,32.4
18:17:50.900,33311,5.047,-4.822,7.444,-0.041,-1.075,-0.379,-9.000,-48.450,-0.900,32.6
18:17:50.954,33365,5.183,-5.306,7.130,0.131,-0.971,-0.365,-9.000,-48.450,-0.900,32.5
18:17:51.009,33419,5.657,-5.064,6.876,0.026,-0.888,-0.365,-11.850,-47.550,-2.550,32.6
18:17:51.061,33473,5.993,-4.997,6.752,-0.100,-0.868,-0.291,-11.850,-47.550,-2.550,32.7
18:17:51.116,33527,6.282,-5.028,6.402,-0.200,-0.798,-0.276,-14.700,-46.200,-5.550,32.7
18:17:51.171,33581,6.682,-4.666,6.220,-0.039,-0.682,-0.282,-14.700,-46.200,-5.550,32.6
18:17:51.224,33635,6.656,-4.688,6.134,0.039,-0.635,-0.262,-15.600,-47.100,-10.200,32.8
18:17:51.279,33689,6.895,-4.611,5.614,-0.034,-0.594,-0.217,-15.600,-47.100,-10.200,32.5
18:17:51.332,33743,7.374,-4.539,5.334,-0.096,-0.481,-0.196,-18.750,-45.750,-9.600,32.8
18:17:51.385,33797,7.400,-4.496,5.095,-0.108,-0.375,-0.172,-18.750,-45.750,-9.600,32.8
18:17:51.440,33851,7.463,-4.618,5.277,-0.114,-0.305,-0.095,-17.400,-46.350,-11.250,32.6
18:17:51.494,33905,7.633,-4.709,4.894,-0.084,-0.202,-0.088,-17.400,-46.350,-11.250,32.6
18:17:51.548,33959,7.463,-4.396,4.836,-0.025,-0.208,-0.076,-17.400,-46.350,-11.250,32.6
18:17:51.602,34013,7.513,-4.269,4.539,0.014,-0.248,-0.073,-18.150,-46.650,-13.050,32.5
18:17:51.656,34067,7.578,-4.178,4.214,-0.051,-0.333,-0.114,-18.150,-46.650,-13.050,32.8
18:17:51.710,34121,7.853,-4.178,3.807,-0.056,-0.398,-0.143,-21.150,-46.350,-14.550,32.6
18:17:51.764,34175,8.080,-4.197,3.675,-0.023,-0.468,-0.199,-21.150,-46.350,-14.550,32.3
18:17:51.818,34229,8.028,-4.278,3.555,0.035,-0.383,-0.150,-21.150,-46.350,-14.550,32.6
18:17:51.872,34283,8.159,-4.307,3.488,0.000,-0.400,-0.168,-21.150,-46.350,-14.550,32.6
18:17:51.926,34337,8.183,-4.238,3.486,-0.109,-0.391,-0.130,-21.300,-45.300,-17.700,32.7
18:17:51.980,34391,8.578,-4.144,3.390,-0.037,-0.335,-0.088,-21.300,-45.300,-17.700,32.8
18:17:52.035,34445,8.526,-4.214,3.448,0.027,-0.243,-0.077,-22.050,-44.250,-19.800,32.8
18:17:52.088,34499,8.538,-4.046,3.287,0.014,-0.135,-0.045,-22.050,-44.250,-19.800,32.7
18:17:52.142,34553,8.492,-4.025,3.189,0.017,-0.116,-0.020,-22.050,-44.250,-19.800,32.8
18:17:52.196,34607,8.588,-4.001,3.134,-0.048,-0.063,0.008,-21.600,-45.900,-20.400,32.6
18:17:52.250,34661,8.519,-4.001,3.045,-0.042,-0.072,-0.005,-21.600,-45.900,-20.400,32.6
18:17:52.304,34715,8.459,-3.965,2.959,0.013,-0.011,-0.010,-21.900,-45.600,-20.400,32.8
18:17:52.359,34769,8.499,-3.941,2.926,-0.027,-0.059,-0.024,-21.900,-45.600,-20.400,32.5
18:17:52.413,34823,8.487,-3.917,2.875,-0.039,-0.041,-0.026,-22.500,-46.200,-21.300,32.8
18:17:52.466,34877,8.633,-3.922,2.995,-0.006,0.008,-0.019,-22.500,-46.200,-21.300,32.7
18:17:52.521,34931,8.708,-3.977,2.945,0.052,0.132,0.003,-22.050,-44.550,-20.250,32.6
18:17:52.574,34985,9.048,-4.204,3.524,0.038,0.416,0.107,-22.050,-44.550,-20.250,32.6
18:17:52.629,35039,8.935,-4.549,3.915,0.011,0.778,0.242,-22.050,-46.200,-21.300,32.7
18:17:52.683,35093,8.377,-5.143,4.762,-0.015,1.147,0.451,-22.050,-46.200,-21.300,32.5
18:17:52.736,35147,7.958,-5.174,5.339,0.044,1.299,0.615,-21.900,-45.150,-16.800,32.3
18:17:52.790,35201,7.896,-5.054,5.672,0.262,1.377,0.679,-21.900,-45.150,-16.800,32.6
18:17:52.844,35255,7.776,-4.975,5.483,0.184,1.703,0.758,-21.900,-45.150,-16.800,32.8
18:17:52.898,35309,6.996,-4.820,6.249,0.009,1.866,0.847,-13.200,-48.450,-5.550,32.8
18:17:52.952,35363,5.787,-5.346,6.931,-0.315,1.950,0.867,-13.200,-48.450,-5.550,32.7
18:17:53.006,35417,4.664,-5.665,7.422,-0.365,2.014,0.895,-5.550,-48.600,-3.150,32.8
18:17:53.060,35471,3.579,-6.170,7.434,-0.112,2.154,0.915,-5.550,-48.600,-3.150,32.6
18:17:53.114,35525,2.588,-5.916,7.343,0.032,2.176,0.871,-5.550,-48.600,-3.150,32.5
18:17:53.167,35579,1.130,-5.799,7.096,-0.133,2.026,0.827,-5.550,-48.600,-3.150,32.5
18:17:53.223,35633,0.558,-5.804,7.247,-0.151,1.977,0.753,6.750,-49.950,2.250,32.6
18:17:53.276,35687,-0.606,-5.887,7.290,-0.009,1.884,0.678,6.750,-49.950,2.250,32.7
18:17:53.330,35741,-1.791,-6.029,6.857,0.098,1.841,0.584,15.000,-49.650,3.000,32.5
18:17:53.384,35795,-2.818,-6.060,6.517,0.037,1.734,0.550,21.150,-49.050,5.100,32.5
18:17:53.438,35849,-3.826,-5.880,6.098,-0.100,1.546,0.579,21.150,-49.050,5.100,32.6
18:17:53.492,35903,-4.592,-5.775,5.686,-0.199,1.409,0.564,28.200,-47.550,3.900,32.8
18:17:53.546,35957,-5.195,-5.662,5.583,-0.297,1.267,0.531,28.200,-47.550,3.900,32.8
18:17:53.600,36011,-5.782,-5.686,4.879,-0.180,1.162,0.481,31.800,-47.250,3.450,32.6
18:17:53.654,36065,-6.297,-5.471,4.195,-0.085,0.941,0.419,31.800,-47.250,3.450,32.5
18:17:53.708,36119,-6.577,-5.248,3.749,-0.070,0.553,0.289,36.450,-47.550,-0.300,32.9
18:17:53.762,36173,-6.634,-5.411,4.302,-0.005,0.305,0.166,36.450,-47.550,-0.300,32.6
18:17:53.816,36227,-7.247,-5.385,3.795,0.116,0.213,0.173,36.450,-47.550,-0.300,32.6
18:17:53.871,36281,-7.367,-5.121,4.293,-0.179,0.001,0.133,36.450,-47.550,-0.300,32.8
18:17:53.925,36335,-6.962,-5.265,4.226,-0.236,-0.187,-0.000,40.350,-46.200,0.900,32.6
18:17:53.978,36389,-6.658,-5.413,4.817,-0.008,-0.099,-0.080,40.350,-46.200,0.900,32.6
18:17:54.032,36443,-6.924,-5.595,4.638,0.114,0.016,0.023,39.300,-45.300,-1.950,32.6
18:17:54.088,36497,-7.221,-5.631,4.436,-0.064,0.010,0.056,39.300,-45.300,-1.950,32.8
18:17:54.140,36551,-7.116,-5.303,4.367,-0.175,-0.035,0.031,39.300,-45.300,-1.950,32.6
18:17:54.194,36605,-6.948,-5.296,4.235,0.030,-0.075,-0.022,40.200,-48.300,-1.800,32.6
18:17:54.248,36659,-7.051,-5.164,3.790,0.055,-0.224,-0.090,40.200,-48.300,-1.800,32.8
18:17:54.302,36713,-7.104,-4.889,3.450,-0.075,-0.705,-0.306,39.000,-46.650,-2.100,32.6
18:17:54.357,36767,-6.486,-5.248,3.711,-0.318,-1.193,-0.547,39.000,-46.650,-2.100,32.8
18:17:54.410,36821,-5.818,-5.416,4.685,0.064,-1.460,-0.734,36.000,-47.100,-1.050,32.5
18:17:54.464,36875,-5.004,-5.928,5.322,0.481,-1.511,-0.816,36.000,-47.100,-1.050,32.6
18:17:54.518,36929,-4.238,-5.818,5.758,0.485,-1.678,-0.726,28.950,-49.800,2.100,32.6
18:17:54.572,36983,-3.946,-6.084,6.000,0.399,-1.782,-0.738,28.950,-49.800,2.100,32.5
18:17:54.626,37037,-1.276,-6.151,7.211,0.048,-1.789,-0.770,20.550,-49.200,5.250,32.6
18:17:54.680,37091,-0.838,-6.335,7.594,0.114,-1.718,-0.683,13.950,-49.950,2.700,32.6
18:17:54.736,37145,-0.496,-6.366,7.863,0.083,-1.569,-0.687,13.950,-49.950,2.700,32.8
18:17:54.788,37199,0.488,-6.263,8.317,0.357,-1.375,-0.725,13.950,-49.950,2.700,32.8
18:17:54.842,37253,0.941,-5.674,8.073,0.423,-1.370,-0.684,13.950,-49.950,2.700,32.8
18:17:54.897,37307,2.109,-5.636,7.621,0.237,-1.493,-0.540,1.350,-49.050,3.150,32.8
18:17:54.950,37361,3.397,-5.698,7.666,0.107,-1.401,-0.576,1.350,-49.050,3.150,32.8
18:17:55.004,37415,3.970,-5.483,7.786,0.067,-1.258,-0.545,-3.450,-49.200,1.950,32.6
18:17:55.058,37469,4.029,-5.622,7.764,-0.028,-1.113,-0.501,-3.450,-49.200,1.950,32.5
18:17:55.112,37523,4.156,-5.490,7.503,-0.095,-1.031,-0.475,-3.450,-49.200,1.950,32.6
18:17:55.166,37577,4.841,-5.521,7.331,-0.109,-0.961,-0.422,-3.450,-49.200,1.950,32.7
18:17:55.221,37631,5.176,-5.392,6.551,-0.001,-1.051,-0.398,-11.700,-49.200,-4.500,32.7
18:17:55.275,37685,5.957,-5.030,6.148,-0.006,-0.936,-0.408,-13.650,-47.850,-5.400,32.6
18:17:55.328,37739,6.991,-4.992,6.223,0.073,-0.804,-0.348,-13.650,-47.850,-5.400,32.8
18:17:55.382,37793,6.596,-5.131,6.194,0.005,-0.604,-0.286,-16.500,-47.250,-9.300,32.9
18:17:55.436,37847,6.898,-4.999,6.349,-0.147,-0.433,-0.223,-16.500,-47.250,-9.300,32.7
18:17:55.490,37901,6.591,-5.078,5.926,-0.063,-0.371,-0.173,-18.300,-46.950,-10.350,32.7
18:17:55.544,37955,6.936,-4.906,5.614,-0.033,-0.277,-0.159,-18.300,-46.950,-10.350,32.6
18:17:55.598,38009,7.027,-4.578,5.114,0.105,-0.355,-0.142,-19.650,-46.350,-11.250,32.3
18:17:55.651,38063,7.053,-4.599,4.810,-0.024,-0.319,-0.152,-19.650,-46.350,-11.250,32.6
18:17:55.706,38117,7.187,-4.539,4.906,-0.075,-0.457,-0.154,-19.500,-48.450,-11.850,32.6
18:17:55.760,38171,7.379,-4.544,4.673,-0.124,-0.425,-0.145,-19.500,-48.450,-11.850,32.8
18:17:55.814,38225,7.544,-4.520,4.532,-0.080,-0.396,-0.145,-19.500,-48.450,-11.850,32.6
18:17:55.868,38279,7.618,-4.563,4.403,-0.076,-0.378,-0.134,-21.000,-47.700,-16.950,32.6
18:17:55.922,38333,7.731,-4.547,4.207,-0.068,-0.381,-0.115,-21.000,-47.700,-16.950,32.7
18:17:55.976,38387,7.954,-4.408,4.037,-0.062,-0.331,-0.117,-21.600,-46.650,-17.850,32.6
18:17:56.030,38441,8.047,-4.336,3.864,-0.062,-0.288,-0.167,-21.600,-46.650,-17.850,32.6
18:17:56.083,38495,7.918,-4.144,3.709,-0.044,-0.281,-0.140,-21.600,-46.650,-17.850,32.4
18:17:56.138,38549,8.037,-4.293,3.445,-0.117,-0.277,-0.140,-21.600,-46.650,-17.850,32.8
18:17:56.192,38603,8.126,-4.216,3.529,-0.146,-0.294,-0.143,-21.600,-44.400,-21.150,32.8
18:17:56.246,38657,8.262,-4.228,3.285,-0.100,-0.272,-0.141,-21.600,-44.400,-21.150,32.8
18:17:56.300,38711,8.497,-4.322,3.187,-0.024,-0.234,-0.114,-22.050,-45.300,-21.750,32.7
18:17:56.354,38765,8.461,-4.214,3.158,-0.050,-0.206,-0.112,-22.050,-45.300,-21.750,32.8
18:17:56.408,38819,8.519,-4.063,3.148,-0.047,-0.220,-0.103,-22.050,-45.300,-21.750,32.7
18:17:56.462,38873,8.662,-4.132,2.878,-0.115,-0.173,-0.079,-22.050,-45.300,-21.750,32.7
18:17:56.516,38927,8.622,-4.005,2.808,-0.088,-0.119,-0.065,-23.250,-43.800,-25.650,32.5
18:17:56.570,38981,8.576,-4.063,2.890,-0.026,-0.096,-0.051,-24.900,-43.200,-23.700,32.3
18:17:56.624,39035,8.552,-4.075,2.600,-0.033,-0.091,-0.052,-24.900,-43.200,-23.700,32.5
18:17:56.678,39089,8.677,-3.948,2.437,-0.018,-0.076,-0.055,-24.750,-44.550,-24.300,32.8
18:17:56.732,39143,8.677,-3.917,2.591,0.005,-0.034,-0.019,-24.750,-44.550,-24.300,32.6
18:17:56.786,39197,9.084,-4.226,2.818,0.055,0.040,-0.009,-24.750,-44.550,-24.300,32.6
18:17:56.840,39251,9.543,-4.638,3.321,0.208,0.521,0.167,-24.750,-44.550,-24.300,32.6
18:17:56.894,39305,9.136,-5.516,4.731,0.489,1.191,0.563,-24.900,-44.400,-23.700,32.6
18:17:56.948,39359,8.533,-5.988,5.492,0.260,1.493,0.811,-24.900,-44.400,-23.700,32.6
18:17:57.002,39413,7.664,-5.684,5.610,0.299,1.544,0.994,-20.550,-46.500,-16.500,32.6
18:17:57.056,39467,7.891,-5.049,5.756,0.179,1.841,1.121,-20.550,-46.500,-16.500,32.7
18:17:57.111,39521,7.240,-4.681,6.182,0.055,1.915,1.174,-20.550,-46.500,-16.500,32.6
18:17:57.164,39575,5.909,-5.080,6.306,-0.080,1.984,1.069,-6.450,-49.950,-4.200,32.6
18:17:57.218,39629,4.427,-5.265,6.754,-0.123,1.972,0.942,-6.450,-49.950,-4.200,32.5
18:17:57.272,39683,3.608,-5.497,7.489,-0.045,1.977,0.897,-1.200,-50.400,-1.500,32.5
18:17:57.327,39737,2.282,-5.856,7.420,0.037,2.046,0.774,-1.200,-50.400,-1.500,32.6
18:17:57.380,39791,1.257,-5.995,7.386,-0.018,2.026,0.731,4.950,-50.850,-0.900,32.8
18:17:57.434,39845,-0.180,-6.062,7.257,-0.183,1.904,0.752,4.950,-50.850,-0.900,32.5
18:17:57.488,39899,-0.888,-6.474,6.876,-0.225,1.816,0.712,12.450,-50.850,1.500,32.5
18:17:57.542,39953,-1.772,-6.165,6.876,-0.052,1.720,0.702,12.450,-50.850,1.500,32.6
18:17:57.596,40007,-2.471,-6.144,6.529,0.056,1.683,0.653,18.300,-50.850,1.950,32.6
18:17:57.651,40061,-3.448,-6.184,6.306,0.014,1.585,0.638,18.300,-50.850,1.950,32.5
18:17:57.704,40115,-4.432,-6.100,5.830,-0.095,1.496,0.625,25.050,-49.200,2.700,32.6
18:17:57.758,40169,-4.841,-5.816,6.024,-0.296,1.334,0.657,25.050,-49.200,2.700,32.9
18:17:57.812,40223,-5.511,-5.756,5.085,-0.194,1.274,0.649,25.050,-49.200,2.700,32.6
18:17:57.866,40277,-6.053,-5.531,4.757,-0.006,1.237,0.581,35.550,-48.000,-3.750,32.6
18:17:57.920,40331,-6.680,-5.308,4.221,0.033,1.128,0.545,35.550,-48.000,-3.750,32.6
18:17:57.975,40385,-7.389,-4.939,3.136,-0.030,0.944,0.454,40.050,-47.250,-4.500,32.6
18:17:58.029,40439,-7.815,-4.547,2.801,-0.131,0.464,0.293,40.050,-47.250,-4.500,32.6
18:17:58.082,40493,-7.887,-4.681,2.674,-0.224,0.101,0.082,40.050,-47.250,-4.500,32.7
18:17:58.136,40547,-7.901,-4.839,3.632,0.008,-0.136,-0.007,40.050,-47.250,-4.500,32.7
18:17:58.190,40601,-7.769,-5.016,3.723,0.148,-0.112,0.041,42.900,-46.500,-4.200,32.6
18:17:58.244,40655,-7.841,-4.884,3.807,0.030,-0.072,0.036,42.900,-46.500,-4.200,32.8
18:17:58.298,40709,-7.784,-4.831,3.608,-0.042,-0.089,0.001,42.150,-45.300,-4.800,32.7
18:17:58.352,40763,-7.585,-4.688,3.668,-0.103,-0.164,-0.100,42.150,-45.300,-4.800,32.8
18:17:58.406,40817,-7.791,-4.757,3.093,-0.012,-0.338,-0.206,42.150,-45.300,-4.800,32.4
18:17:58.460,40871,-7.671,-5.061,3.330,-0.068,-0.609,-0.314,42.600,-45.300,-6.000,32.5
18:17:58.514,40925,-7.178,-4.922,3.450,-0.100,-0.974,-0.441,42.600,-45.300,-6.000,32.5
18:17:58.569,40979,-7.190,-4.985,3.431,0.030,-1.228,-0.642,37.500,-48.600,-2.850,32.5
18:17:58.622,41033,-5.559,-5.617,5.155,0.011,-1.311,-0.710,37.500,-48.600,-2.850,32.7
18:17:58.676,41087,-4.738,-5.942,5.866,0.193,-1.357,-0.718,33.900,-47.850,-2.550,32.6
18:17:58.730,41141,-4.879,-5.950,5.550,0.272,-1.417,-0.734,33.900,-47.850,-2.550,32.8
18:17:58.784,41195,-3.819,-6.416,6.507,0.310,-1.329,-0.745,33.900,-47.850,-2.550,32.8
18:17:58.839,41249,-2.780,-6.455,6.891,0.366,-1.388,-0.601,33.900,-47.850,-2.550,32.8
18:17:58.892,41303,-2.954,-6.124,6.749,0.328,-1.432,-0.601,21.750,-51.150,4.200,32.5
18:17:58.946,41357,-1.391,-6.093,7.705,0.031,-1.431,-0.584,21.750,-51.150,4.200,32.5
18:17:59.000,41411,-0.357,-6.146,8.135,0.177,-1.418,-0.558,15.900,-49.500,4.650,32.6
18:17:59.054,41465,-0.098,-6.369,8.124,0.419,-1.273,-0.616,15.900,-49.500,4.650,32.8
18:17:59.108,41519,0.484,-6.105,8.289,0.264,-1.259,-0.535,15.900,-49.500,4.650,32.7
18:17:59.163,41573,1.178,-5.772,8.418,0.189,-1.198,-0.444,4.350,-51.000,5.100,32.8
18:17:59.217,41627,1.793,-5.859,8.241,0.175,-1.093,-0.449,4.350,-51.000,5.100,32.7
18:17:59.272,41681,2.449,-5.756,8.217,-0.019,-1.034,-0.393,0.000,-50.550,2.850,32.6
18:17:59.324,41735,2.610,-5.435,8.114,-0.110,-1.031,-0.394,0.000,-50.550,2.850,32.6
18:17:59.378,41789,3.431,-5.514,7.587,-0.050,-0.969,-0.428,-2.100,-48.600,1.350,32.5
18:17:59.432,41843,4.298,-5.361,7.374,0.073,-0.924,-0.429,-2.100,-48.600,1.350,32.5
18:17:59.485,41897,4.262,-5.409,7.338,0.222,-0.857,-0.408,-2.100,-48.600,1.350,32.6
18:17:59.540,41951,4.439,-5.284,7.120,-0.017,-0.856,-0.381,-2.100,-48.600,1.350,32.3
18:17:59.595,42005,4.973,-5.013,6.967,-0.212,-0.985,-0.342,-7.950,-49.650,-1.950,32.8
18:17:59.648,42059,6.060,-5.174,6.584,-0.128,-0.866,-0.365,-11.100,-48.600,-5.400,32.8
18:17:59.702,42113,6.431,-5.183,6.424,0.049,-0.710,-0.367,-11.100,-48.600,-5.400,32.5
18:17:59.756,42167,6.132,-5.303,6.333,0.003,-0.622,-0.298,-11.100,-48.600,-5.400,32.6
18:17:59.810,42221,6.311,-5.301,6.065,-0.074,-0.630,-0.258,-11.100,-48.600,-5.400,32.8
18:17:59.864,42275,6.900,-4.918,5.734,-0.005,-0.527,-0.220,-14.400,-47.550,-7.200,32.5
18:17:59.917,42329,6.871,-4.748,5.681,0.072,-0.496,-0.217,-14.400,-47.550,-7.200,32.8
18:17:59.972,42383,7.034,-4.630,5.246,0.032,-0.462,-0.177,-16.500,-46.500,-8.850,32.6
18:18:00.026,42437,7.341,-4.503,5.049,-0.006,-0.462,-0.154,-16.500,-46.500,-8.850,32.5
18:18:00.080,42491,7.216,-4.721,5.160,-0.032,-0.417,-0.128,-18.000,-46.500,-12.150,32.8
18:18:00.134,42545,7.283,-4.678,4.920,-0.031,-0.431,-0.148,-18.000,-46.500,-12.150,32.7
18:18:00.188,42599,7.520,-4.381,4.724,-0.018,-0.375,-0.117,-20.100,-46.350,-11.700,32.8
18:18:00.242,42653,7.728,-4.334,4.590,0.023,-0.353,-0.122,-18.750,-46.500,-11.700,32.7
18:18:00.296,42707,7.678,-4.300,4.295,-0.042,-0.305,-0.120,-18.750,-46.500,-14.700,32.4
18:18:00.351,42761,7.872,-4.211,4.338,-0.095,-0.318,-0.110,-19.650,-47.100,-15.600,32.6
18:18:00.404,42815,7.853,-4.367,4.195,-0.110,-0.343,-0.122,-19.650,-47.100,-15.600,32.8
18:18:00.458,42869,8.248,-4.034,3.958,-0.048,-0.257,-0.122,-19.650,-47.100,-15.600,32.7
18:18:00.513,42923,7.982,-4.123,3.757,-0.039,-0.289,-0.120,-19.650,-47.100,-15.600,32.8
18:18:00.566,42977,8.250,-4.199,3.649,-0.074,-0.251,-0.118,-21.150,-47.550,-17.550,32.8
18:18:00.620,43031,8.162,-4.154,3.570,-0.096,-0.242,-0.092,-21.150,-47.550,-17.550,32.5
18:18:00.674,43085,8.428,-4.310,3.493,-0.047,-0.215,-0.092,-21.900,-44.400,-19.650,32.7
18:18:00.728,43139,8.449,-4.243,3.488,0.019,-0.135,-0.067,-21.900,-44.400,-19.650,32.8
18:18:00.781,43193,8.504,-4.216,3.400,-0.054,-0.132,-0.033,-21.900,-44.400,-19.650,32.5
18:18:00.836,43247,8.432,-4.075,3.263,-0.057,-0.121,-0.034,-21.900,-44.400,-19.650,32.6
18:18:00.889,43301,8.533,-4.039,3.314,-0.025,-0.096,-0.049,-21.600,-45.900,-20.700,32.8
18:18:00.944,43355,8.598,-4.187,3.589,0.048,0.017,-0.012,-21.600,-45.600,-20.400,32.7
18:18:00.998,43409,8.880,-4.252,3.606,0.205,0.433,0.145,-21.600,-45.600,-20.400,32.6
18:18:01.052,43463,8.590,-5.188,4.365,0.186,0.903,0.347,-21.600,-46.650,-19.650,32.8
18:18:01.106,43517,8.337,-5.562,5.310,0.044,1.139,0.548,-21.600,-46.650,-19.650,32.7
18:18:01.159,43571,8.327,-4.992,5.492,-0.041,1.420,0.764,-18.750,-47.250,-14.700,32.8
18:18:01.214,43625,7.824,-5.109,5.806,0.092,1.677,0.881,-18.750,-47.250,-14.700,32.6
18:18:01.268,43679,6.855,-5.021,6.251,0.008,1.870,0.937,-14.400,-48.300,-9.000,32.5
18:18:01.322,43733,6.072,-5.298,6.663,0.020,1.960,0.975,-14.400,-48.300,-9.000,32.5
18:18:01.377,43787,4.709,-5.600,6.900,-0.100,1.997,0.960,-6.600,-48.300,-5.400,32.7
18:18:01.430,43841,3.903,-5.540,7.262,-0.214,1.929,0.968,-6.600,-48.300,-5.400,32.5
18:18:01.484,43895,3.077,-5.820,7.245,-0.109,1.970,0.918,-6.600,-48.300,-5.400,32.9
18:18:01.538,43949,1.927,-6.084,7.130,-0.096,1.936,0.865,6.000,-51.900,0.150,32.7
18:18:01.591,44003,0.409,-6.189,7.096,-0.115,1.835,0.856,6.000,-51.900,0.150,32.6
18:18:01.646,44057,-0.160,-6.256,7.027,-0.080,1.819,0.743,13.200,-51.900,0.150,32.6
18:18:01.700,44111,-1.161,-6.249,7.113,-0.005,1.746,0.726,13.200,-51.900,0.150,32.8
18:18:01.754,44165,-1.944,-6.108,6.941,0.152,1.727,0.628,13.200,-51.900,0.150,32.6
18:18:01.809,44219,-2.832,-6.179,6.759,0.037,1.623,0.611,13.200,-51.900,0.150,32.7
18:18:01.862,44273,-4.513,-5.868,6.000,-0.131,1.546,0.688,25.200,-50.550,1.800,32.6
18:18:01.916,44327,-5.138,-5.868,5.844,-0.382,1.393,0.713,25.200,-50.550,1.800,32.8
18:18:01.970,44381,-5.523,-5.588,5.267,-0.338,1.316,0.665,31.200,-49.800,-0.600,32.9
18:18:02.025,44435,-5.959,-5.466,4.690,-0.093,1.245,0.578,31.200,-49.800,-0.600,32.7
18:18:02.079,44489,-6.428,-5.420,4.472,0.101,1.166,0.594,35.400,-47.850,-3.150,32.8
18:18:02.132,44543,-7.046,-5.310,3.838,0.064,1.021,0.569,40.800,-46.950,-4.200,32.9
18:18:02.186,44597,-7.482,-4.750,3.469,-0.136,0.867,0.468,40.800,-46.950,-4.200,32.6
18:18:02.240,44651,-7.846,-4.499,2.701,-0.112,0.582,0.321,45.600,-45.750,-5.550,32.5
18:18:02.293,44705,-8.270,-4.269,2.373,-0.136,0.261,0.156,45.600,-45.750,-5.550,32.5
18:18:02.347,44759,-8.236,-4.515,2.514,-0.102,-0.108,-0.020,45.150,-45.000,-7.800,32.8
18:18:02.401,44813,-7.882,-4.875,3.196,0.011,-0.188,-0.076,45.150,-45.000,-7.800,32.6
18:18:02.456,44867,-7.863,-5.112,3.419,0.080,-0.143,-0.043,45.150,-45.000,-7.800,32.8
18:18:02.511,44921,-7.975,-4.764,3.524,0.052,-0.058,0.007,45.150,-45.000,-7.800,32.5
18:18:02.564,44975,-8.320,-4.353,2.545,-0.048,-0.179,-0.010,44.850,-44.250,-7.800,32.7
18:18:02.619,45029,-7.949,-4.424,2.186,-0.259,-0.629,-0.254,44.850,-44.250,-7.800,32.8
18:18:02.672,45083,-7.269,-4.755,3.151,-0.404,-1.077,-0.454,44.100,-45.300,-5.550,32.6
18:18:02.728,45137,-7.446,-4.920,2.935,-0.036,-1.430,-0.714,44.100,-45.300,-5.550,32.5
18:18:02.780,45191,-6.065,-5.009,4.381,0.086,-1.632,-0.901,44.100,-45.300,-5.550,32.8
18:18:02.834,45245,-6.055,-5.239,4.463,0.204,-1.805,-1.007,34.350,-50.850,-3.450,32.7
18:18:02.888,45299,-4.733,-5.435,5.526,0.075,-1.804,-1.026,34.350,-50.850,-3.450,32.9
18:18:02.942,45353,-2.751,-6.330,6.814,0.233,-1.823,-0.971,25.500,-49.950,-0.900,32.8
18:18:02.996,45407,-2.588,-6.282,7.185,0.293,-1.715,-0.975,25.500,-49.950,-0.900,32.8
18:18:03.050,45461,-1.616,-6.469,7.587,0.058,-1.530,-0.913,17.250,-51.900,-0.150,33.0
18:18:03.103,45515,-0.160,-6.888,7.803,-0.104,-1.449,-0.737,17.250,-51.900,-0.150,32.7
18:18:03.159,45569,-0.275,-7.046,7.597,-0.091,-1.394,-0.703,10.500,-51.900,-0.900,32.8
18:18:03.211,45623,0.515,-6.560,7.585,0.133,-1.217,-0.665,10.500,-51.900,-0.900,32.5
18:18:03.266,45677,1.980,-6.883,7.592,0.297,-1.115,-0.577,5.850,-52.200,-1.050,32.8
18:18:03.320,45731,1.860,-6.572,7.331,0.318,-1.013,-0.534,5.850,-52.200,-1.050,32.8
18:18:03.374,45785,2.291,-6.438,7.446,0.052,-0.976,-0.504,0.450,-49.950,-1.200,32.6
18:18:03.428,45839,2.641,-6.239,7.369,-0.061,-1.016,-0.453,0.450,-49.950,-1.200,32.8
18:18:03.481,45893,3.467,-6.000,7.448,0.025,-0.889,-0.508,0.450,-49.950,-1.200,32.5
18:18:03.537,45947,4.070,-5.895,7.408,0.100,-0.853,-0.441,-4.200,-50.850,-4.200,32.7
18:18:03.590,46001,4.231,-6.122,6.804,-0.008,-0.839,-0.425,-4.200,-50.850,-4.200,33.0
18:18:03.644,46055,5.033,-5.729,6.936,-0.095,-0.764,-0.410,-8.700,-51.150,-3.750,32.8
18:18:03.698,46109,5.274,-5.832,6.728,0.033,-0.668,-0.351,-8.700,-51.150,-3.750,32.6
18:18:03.752,46163,5.037,-5.758,6.443,0.088,-0.577,-0.336,-8.700,-51.150,-3.750,32.8
18:18:03.806,46217,5.406,-5.375,6.364,0.087,-0.656,-0.296,-8.700,-51.150,-3.750,32.5
18:18:03.861,46271,6.182,-5.444,5.811,0.132,-0.630,-0.312,-12.000,-48.900,-8.100,32.8
18:18:03.914,46325,6.572,-5.128,5.739,0.083,-0.555,-0.276,-12.000,-48.900,-8.100,32.8
18:18:03.968,46379,6.419,-5.260,5.622,-0.080,-0.543,-0.237,-14.100,-47.550,-9.450,32.6
18:18:04.022,46433,6.409,-5.282,5.353,-0.121,-0.529,-0.250,-16.650,-48.300,-12.000,32.5
18:18:04.076,46487,6.747,-5.217,5.346,0.051,-0.539,-0.261,-16.650,-48.300,-12.000,32.6
18:18:04.131,46541,7.235,-4.891,5.121,0.087,-0.448,-0.215,-16.650,-48.300,-12.000,32.5
18:18:04.185,46595,7.092,-4.817,4.827,-0.011,-0.436,-0.196,-16.650,-48.300,-12.000,32.6
18:18:04.239,46649,7.422,-4.647,4.803,-0.128,-0.404,-0.198,-17.700,-47.250,-14.400,32.5
18:18:04.293,46703,7.520,-4.820,4.604,-0.054,-0.363,-0.164,-17.700,-47.250,-14.400,32.5
18:18:04.346,46757,7.503,-4.599,4.475,-0.015,-0.308,-0.156,-19.500,-46.950,-15.450,32.9
18:18:04.401,46811,7.791,-4.786,4.283,0.003,-0.309,-0.145,-19.500,-46.950,-15.450,32.8
18:18:04.454,46865,7.738,-4.470,4.020,0.016,-0.300,-0.154,-19.500,-46.950,-15.450,32.5
18:18:04.508,46919,7.858,-4.379,3.991,-0.052,-0.255,-0.130,-19.500,-46.950,-15.450,32.8
18:18:04.562,46973,7.752,-4.420,3.900,-0.100,-0.276,-0.119,-19.500,-47.250,-16.950,32.8
18:18:04.616,47027,7.970,-4.420,3.915,-0.102,-0.272,-0.111,-19.500,-47.250,-16.950,32.5
18:18:04.671,47081,8.150,-4.365,3.603,-0.032,-0.272,-0.137,-19.650,-46.650,-18.900,32.6
18:18:04.724,47135,8.270,-4.231,3.414,-0.029,-0.188,-0.116,-21.750,-46.500,-18.750,32.8
18:18:04.778,47189,8.236,-4.434,3.560,0.043,-0.244,-0.111,-21.750,-46.500,-18.750,32.7
18:18:04.832,47243,8.308,-4.523,3.215,-0.047,-0.240,-0.101,-21.000,-46.500,-23.100,32.8
18:18:04.888,47297,8.320,-4.243,3.139,-0.017,-0.200,-0.067,-21.000,-46.500,-23.100,32.8
18:18:04.940,47351,8.267,-4.161,3.275,-0.034,-0.157,-0.032,-22.050,-45.750,-20.550,32.6
18:18:04.994,47405,8.471,-4.240,3.024,-0.050,-0.186,-0.047,-22.050,-45.750,-20.550,32.8
18:18:05.048,47459,8.519,-4.063,3.191,-0.055,-0.119,-0.042,-21.600,-45.900,-21.900,32.8
18:18:05.102,47513,8.547,-4.276,3.017,0.022,-0.065,-0.031,-21.600,-45.900,-21.900,32.6
18:18:05.156,47567,8.432,-4.168,3.069,0.001,-0.017,-0.018,-21.600,-45.900,-21.900,32.6
18:18:05.211,47621,8.590,-4.252,2.986,0.004,0.011,-0.033,-21.600,-45.900,-21.900,32.6
18:18:05.264,47675,8.504,-4.216,2.722,-0.023,0.083,0.012,-20.850,-47.550,-23.700,33.0
18:18:05.318,47729,8.617,-4.341,3.079,0.033,0.183,0.071,-22.500,-46.200,-23.100,32.8
18:18:05.372,47783,8.736,-4.482,3.424,0.099,0.381,0.161,-22.500,-46.200,-23.100,32.8
18:18:05.426,47837,8.605,-4.571,3.668,0.101,0.610,0.264,-22.500,-46.200,-23.100,32.7
18:18:05.480,47891,8.274,-4.757,4.128,0.151,0.836,0.395,-22.500,-46.200,-23.100,32.8
18:18:05.534,47945,8.167,-5.114,4.640,0.140,1.000,0.522,-20.550,-47.250,-15.900,32.6
18:18:05.588,47999,7.702,-5.078,5.057,0.097,1.188,0.620,-20.550,-47.250,-15.900,32.5
18:18:05.642,48053,7.527,-5.217,5.490,0.072,1.393,0.729,-16.500,-48.900,-13.200,32.4
18:18:05.695,48107,6.776,-5.485,5.804,-0.107,1.512,0.863,-16.500,-48.900,-13.200,32.8
18:18:05.750,48161,6.136,-5.715,6.416,-0.089,1.639,0.888,-12.900,-48.600,-9.450,33.0
18:18:05.804,48215,5.375,-5.784,6.929,0.045,1.757,0.901,-12.900,-48.600,-9.450,32.8
18:18:05.858,48269,4.300,-6.021,6.924,-0.029,1.837,0.913,-6.000,-50.400,-5.550,32.6
18:18:05.912,48323,3.464,-6.053,7.214,-0.171,1.859,0.929,-0.900,-51.900,-1.500,32.8
18:18:05.965,48377,2.404,-6.235,7.204,-0.179,1.890,0.934,-0.900,-51.900,-1.500,32.8
18:18:06.020,48431,1.274,-6.381,7.312,-0.032,1.949,0.931,6.750,-49.650,-1.500,32.8
18:18:06.074,48485,0.170,-6.235,7.262,0.010,1.892,0.897,6.750,-49.650,-1.500,32.5
18:18:06.128,48539,-0.955,-6.105,7.257,0.014,1.761,0.813,6.750,-49.650,-1.500,32.6
18:18:06.181,48593,-2.030,-5.863,7.180,-0.089,1.656,0.757,6.750,-49.650,-1.500,32.6
18:18:06.237,48647,-2.715,-6.393,6.536,0.013,1.505,0.731,19.800,-51.900,-0.900,32.8
18:18:06.290,48701,-3.677,-5.933,6.151,0.028,1.479,0.666,19.800,-51.900,-0.900,32.7
18:18:06.344,48755,-4.345,-5.918,5.897,0.092,1.348,0.695,27.450,-51.000,0.600,32.6
18:18:06.398,48809,-5.047,-5.562,5.928,-0.026,1.302,0.708,27.450,-51.000,0.600,32.6
18:18:06.452,48863,-5.885,-5.418,5.215,-0.100,1.228,0.699,27.450,-51.000,0.600,32.6
18:18:06.506,48917,-6.199,-5.274,4.911,-0.154,1.152,0.648,36.750,-47.550,-1.800,32.5
18:18:06.560,48971,-6.704,-5.107,4.616,-0.155,1.043,0.609,36.750,-47.550,-1.800,32.5
18:18:06.615,49025,-7.128,-5.030,3.764,-0.041,0.903,0.518,42.000,-46.350,-5.400,32.8
18:18:06.668,49079,-7.752,-4.626,3.148,-0.039,0.632,0.422,42.000,-46.350,-5.400,32.6
18:18:06.722,49133,-7.956,-4.195,2.717,-0.207,0.330,0.231,45.750,-44.400,-5.850,32.8
18:18:06.777,49187,-8.164,-4.353,2.952,-0.238,0.004,0.059,45.750,-44.400,-5.850,32.6
18:18:06.831,49241,-7.958,-4.659,3.424,-0.022,-0.179,-0.087,46.650,-45.750,-7.350,32.8
18:18:06.884,49295,-7.891,-4.678,3.713,0.129,-0.147,-0.097,46.650,-45.750,-7.350,33.0
18:18:06.938,49349,-7.956,-4.899,3.745,0.091,-0.059,-0.018,46.650,-45.000,-7.350,32.8
18:18:06.992,49403,-8.028,-4.808,3.424,-0.068,-0.067,-0.021,46.650,-45.000,-7.350,32.5
18:18:07.048,49457,-7.970,-4.523,3.110,-0.162,-0.159,-0.100,45.150,-45.300,-8.100,32.6
18:18:07.099,49511,-7.726,-4.477,3.405,-0.135,-0.412,-0.217,45.150,-45.300,-8.100,32.9
18:18:07.154,49565,-7.752,-4.523,3.172,-0.006,-0.621,-0.369,45.150,-45.300,-8.100,32.7
18:18:07.208,49619,-7.319,-4.808,3.608,-0.009,-0.953,-0.484,42.000,-46.350,-5.850,32.7
18:18:07.262,49673,-6.752,-5.349,4.226,-0.006,-1.135,-0.508,42.000,-46.350,-5.850,32.6
18:18:07.316,49727,-6.653,-5.279,4.578,0.137,-1.139,-0.602,37.500,-47.100,-4.350,32.8
18:18:07.370,49781,-5.555,-5.555,5.483,-0.056,-1.181,-0.703,37.500,-47.100,-4.350,32.8
18:18:07.425,49835,-5.045,-5.600,6.031,0.039,-1.190,-0.673,33.600,-48.000,-3.450,32.8
18:18:07.478,49889,-4.867,-6.148,5.741,0.280,-1.141,-0.727,33.600,-48.000,-3.450,32.5
18:18:07.532,49943,-3.275,-6.325,6.725,0.152,-1.173,-0.682,27.750,-50.850,-0.450,32.5
18:18:07.586,49997,-3.223,-6.349,6.689,0.295,-1.225,-0.604,27.750,-50.850,-0.450,32.6
18:18:07.640,50051,-2.897,-6.333,6.711,0.344,-1.233,-0.654,21.750,-51.150,-0.150,32.8
18:18:07.694,50105,-1.793,-6.012,7.058,0.293,-1.277,-0.656,21.750,-51.150,-0.150,32.8
18:18:07.749,50159,-0.515,-5.902,7.724,0.317,-1.298,-0.558,18.000,-51.150,2.250,32.5
18:18:07.801,50213,-0.041,-6.103,7.709,0.272,-1.259,-0.588,18.000,-51.150,2.250,32.6
18:18:07.857,50267,0.572,-6.098,8.124,0.018,-1.202,-0.549,18.000,-51.150,2.250,32.8
18:18:07.910,50321,0.960,-6.328,8.071,-0.131,-1.186,-0.496,5.400,-49.200,4.500,32.6
18:18:07.964,50375,1.585,-6.517,8.131,0.088,-0.993,-0.463,5.400,-49.200,4.500,32.5
18:18:08.019,50429,1.781,-6.084,8.085,0.116,-0.994,-0.423,2.700,-48.000,2.700,32.5
18:18:08.072,50483,2.579,-6.012,7.563,0.121,-0.996,-0.382,2.700,-48.000,2.700,32.6
18:18:08.126,50537,3.230,-5.775,7.748,0.134,-0.931,-0.355,2.700,-48.000,2.700,32.8
18:18:08.180,50591,3.610,-5.622,7.539,0.104,-0.933,-0.343,2.700,-48.000,2.700,32.7
18:18:08.234,50645,4.180,-5.574,7.084,-0.031,-0.925,-0.356,-2.100,-49.500,2.100,32.6
18:18:08.288,50699,4.475,-5.612,7.367,-0.034,-0.952,-0.344,-2.100,-49.500,2.100,32.8
18:18:08.343,50753,4.853,-5.452,6.989,0.029,-0.823,-0.320,-5.550,-49.800,-1.800,32.5
18:18:08.397,50807,5.100,-5.313,6.711,0.105,-0.855,-0.331,-7.500,-49.200,-3.000,32.7
18:18:08.450,50861,5.547,-5.131,6.328,0.016,-0.844,-0.314,-7.500,-49.200,-3.000,32.5
18:18:08.504,50915,6.349,-5.174,6.232,0.051,-0.714,-0.280,-10.800,-46.650,-3.900,32.6
18:18:08.558,50969,5.909,-5.049,6.393,-0.075,-0.622,-0.257,-10.800,-46.650,-3.900,32.8
18:18:08.611,51023,6.287,-4.982,6.067,-0.184,-0.630,-0.216,-11.550,-47.100,-5.100,32.8
18:18:08.666,51077,6.807,-5.035,5.689,-0.115,-0.634,-0.264,-11.550,-47.100,-5.100,32.6
18:18:08.720,51131,7.120,-4.805,5.521,0.026,-0.448,-0.221,-13.650,-47.100,-9.000,32.8
18:18:08.773,51185,6.886,-4.817,5.260,-0.032,-0.399,-0.214,-13.650,-47.100,-9.000,32.7
18:18:08.828,51239,6.879,-4.822,5.037,-0.179,-0.474,-0.189,-13.650,-47.100,-9.000,32.7
18:18:08.881,51293,7.417,-4.609,4.752,-0.081,-0.478,-0.243,-13.650,-47.100,-9.000,33.0
18:18:08.936,51347,7.750,-4.602,4.456,-0.009,-0.418,-0.215,-15.750,-46.950,-12.900,32.5
18:18:08.990,51401,7.635,-4.599,4.441,-0.053,-0.308,-0.182,-15.750,-46.950,-12.900,32.9
18:18:09.044,51455,7.745,-4.609,4.386,-0.158,-0.342,-0.159,-16.350,-46.350,-12.750,32.8
18:18:09.099,51509,7.843,-4.662,4.178,-0.101,-0.294,-0.145,-17.850,-47.100,-14.550,32.8
18:18:09.152,51563,8.011,-4.559,4.101,0.034,-0.266,-0.124,-17.850,-47.100,-14.550,32.6
18:18:09.206,51617,7.803,-4.293,3.725,-0.077,-0.263,-0.181,-18.300,-46.500,-15.900,32.8
18:18:09.260,51671,8.128,-4.063,3.467,-0.115,-0.345,-0.147,-18.300,-46.500,-15.900,32.6
18:18:09.314,51725,8.231,-4.207,3.323,-0.121,-0.302,-0.154,-19.650,-46.350,-18.900,32.5
18:18:09.369,51779,8.478,-4.326,3.270,-0.081,-0.247,-0.132,-19.650,-46.350,-18.900,32.6
18:18:09.422,51833,8.406,-4.372,3.354,-0.093,-0.201,-0.110,-18.750,-45.750,-18.000,32.5
18:18:09.476,51887,8.574,-4.415,3.244,-0.048,-0.114,-0.044,-18.750,-45.750,-18.000,32.7
18:18:09.530,51941,8.787,-4.556,3.421,-0.003,0.016,0.011,-18.750,-45.750,-18.000,32.7
18:18:09.584,51995,8.710,-4.697,3.824,0.080,0.382,0.176,-18.750,-45.750,-18.000,32.8
18:18:09.637,52049,8.808,-4.745,4.365,0.173,0.665,0.299,-19.050,-46.950,-22.350,32.6
18:18:09.692,52103,8.437,-5.054,4.951,0.188,0.994,0.423,-18.600,-47.100,-15.300,32.8
18:18:09.746,52157,8.145,-4.803,5.064,0.177,1.229,0.559,-18.600,-47.100,-15.300,32.7
18:18:09.800,52211,7.982,-4.870,5.562,0.040,1.477,0.693,-15.600,-47.850,-12.000,32.7
18:18:09.854,52265,7.477,-5.308,5.964,0.074,1.715,0.808,-15.600,-47.850,-12.000,32.5
18:18:09.908,52319,6.177,-5.291,6.618,0.050,1.817,0.820,-10.800,-47.850,-7.950,32.5
18:18:09.962,52373,5.480,-5.617,6.816,-0.083,1.868,0.921,-10.800,-47.850,-7.950,32.8
18:18:10.016,52427,4.695,-5.610,7.178,-0.151,1.883,0.908,-4.800,-49.500,-3.600,32.9
18:18:10.069,52481,3.553,-5.569,7.293,-0.188,1.873,0.860,-4.800,-49.500,-3.600,32.6
18:18:10.124,52535,2.440,-5.713,7.221,-0.166,1.848,0.803,1.050,-50.550,-1.350,32.6
18:18:10.178,52589,1.310,-5.997,6.998,-0.115,1.765,0.705,1.050,-50.550,-1.350,32.6
18:18:10.232,52643,0.330,-6.065,7.022,-0.044,1.703,0.637,1.050,-50.550,-1.350,32.8
18:18:10.286,52697,-0.481,-6.196,7.333,0.008,1.638,0.620,13.500,-51.900,2.700,32.6
18:18:10.339,52751,-1.377,-6.103,7.104,-0.078,1.530,0.622,13.500,-51.900,2.700,32.5
18:18:10.394,52805,-2.303,-6.280,7.053,-0.034,1.451,0.636,18.750,-51.150,1.200,32.5
18:18:10.447,52859,-3.062,-5.914,6.790,0.010,1.425,0.608,18.750,-51.150,1.200,32.6
18:18:10.502,52913,-3.677,-5.969,6.481,0.070,1.404,0.614,18.750,-51.150,1.200,32.8
18:18:10.556,52967,-4.573,-5.782,6.211,0.043,1.332,0.606,18.750,-51.150,1.200,32.7
18:18:10.610,53021,-5.219,-5.571,5.583,-0.083,1.175,0.616,30.900,-48.600,1.800,32.6
18:18:10.664,53075,-5.437,-5.526,5.243,-0.200,1.080,0.570,30.900,-48.600,1.800,32.6
18:18:10.718,53129,-6.108,-5.397,5.073,-0.043,1.026,0.503,34.350,-46.500,-0.900,32.8
18:18:10.771,53183,-6.682,-5.119,4.635,0.037,0.993,0.440,34.350,-46.500,-0.900,32.8
18:18:10.826,53237,-6.946,-5.078,4.334,-0.020,0.872,0.422,39.300,-47.250,-1.500,32.6
18:18:10.880,53291,-7.286,-4.822,4.197,-0.058,0.851,0.393,42.450,-46.350,-4.650,32.5
18:18:10.934,53345,-7.628,-4.748,3.836,-0.071,0.785,0.405,42.450,-46.350,-4.650,32.6
18:18:10.988,53399,-7.894,-4.650,3.503,-0.022,0.768,0.386,45.900,-45.300,-4.800,32.8
18:18:11.041,53453,-8.387,-4.276,2.449,0.046,0.517,0.331,45.900,-45.300,-4.800,32.8
18:18:11.096,53507,-8.416,-3.984,2.303,-0.090,0.106,0.079,48.150,-44.550,-7.350,32.6
18:18:11.150,53561,-8.246,-4.140,2.552,-0.040,-0.143,-0.064,48.150,-44.550,-7.350,32.8
18:18:11.204,53615,-8.205,-4.520,3.347,0.054,-0.233,-0.104,48.150,-44.550,-7.350,32.5
18:18:11.258,53669,-8.246,-4.690,3.625,0.110,-0.103,-0.035,48.150,-44.550,-7.350,32.9
18:18:11.312,53723,-8.205,-4.645,3.397,0.051,0.001,0.040,46.650,-43.800,-6.300,32.5
18:18:11.366,53777,-8.191,-4.496,2.993,-0.084,-0.035,0.000,46.650,-43.800,-6.300,32.6
18:18:11.420,53831,-8.279,-4.262,2.705,-0.106,-0.287,-0.091,47.400,-45.000,-7.350,32.8
18:18:11.474,53885,-8.169,-4.254,2.533,-0.123,-0.638,-0.280,47.400,-45.000,-7.350,32.8
18:18:11.528,53939,-7.836,-4.549,2.756,-0.149,-0.975,-0.439,47.400,-45.000,-7.350,32.8
18:18:11.582,53993,-7.298,-4.681,3.424,-0.047,-1.302,-0.551,44.400,-46.200,-4.500,32.8
18:18:11.636,54047,-6.673,-5.033,4.154,-0.023,-1.444,-0.701,44.400,-46.200,-4.500,32.7
18:18:11.690,54101,-5.871,-5.016,4.896,0.102,-1.528,-0.797,37.800,-47.700,-1.200,32.9
18:18:11.744,54155,-5.744,-5.420,5.224,0.321,-1.568,-0.864,37.800,-47.700,-1.200,32.7
18:18:11.798,54209,-4.499,-5.768,6.148,0.187,-1.561,-0.843,30.450,-48.600,0.600,32.6
18:18:11.853,54263,-3.431,-5.892,6.642,0.213,-1.553,-0.755,30.450,-48.600,0.600,32.5
18:18:11.905,54317,-2.727,-6.282,7.183,0.326,-1.502,-0.742,30.450,-48.600,0.600,32.6
18:18:11.960,54371,-2.061,-6.103,7.894,0.144,-1.455,-0.666,30.450,-48.600,0.600,32.8
18:18:12.014,54425,-1.085,-6.273,8.157,0.072,-1.350,-0.575,17.850,-50.550,3.900,32.5
18:18:12.068,54479,-0.685,-6.314,8.064,0.084,-1.204,-0.524,17.850,-50.550,3.900,33.0
18:18:12.122,54533,-0.251,-6.546,8.181,-0.059,-1.088,-0.513,13.350,-50.550,5.100,32.7
18:18:12.176,54587,0.419,-6.086,8.131,-0.005,-1.065,-0.439,13.350,-50.550,5.100,32.7
18:18:12.230,54641,1.199,-6.062,7.786,0.199,-0.966,-0.414,13.350,-50.550,5.100,32.9
18:18:12.284,54695,1.700,-5.959,8.226,0.276,-0.949,-0.381,5.400,-49.650,2.250,32.5
18:18:12.338,54749,1.626,-5.890,7.350,0.169,-1.052,-0.384,5.400,-49.650,2.250,32.5
18:18:12.392,54803,2.823,-5.454,7.470,-0.028,-1.087,-0.414,1.050,-50.250,2.100,32.6
18:18:12.446,54857,3.941,-5.578,7.594,0.053,-1.120,-0.466,1.050,-50.250,2.100,32.6
18:18:12.501,54911,3.795,-5.571,7.432,0.225,-0.907,-0.477,-3.150,-49.650,0.900,33.0
18:18:12.554,54965,3.792,-5.435,7.472,0.023,-0.921,-0.457,-3.150,-49.650,0.900,32.6
18:18:12.608,55019,4.492,-5.569,7.245,-0.186,-0.955,-0.413,-3.150,-49.650,0.900,32.7
18:18:12.662,55073,5.368,-5.346,7.173,-0.129,-0.841,-0.395,-3.150,-49.650,0.900,32.8
18:18:12.716,55127,5.574,-5.339,6.874,0.125,-0.699,-0.351,-9.300,-49.050,-3.150,32.6
18:18:12.771,55181,5.686,-5.085,6.541,0.076,-0.660,-0.325,-11.250,-48.000,-4.200,32.5
18:18:12.824,55235,6.167,-5.171,6.110,-0.060,-0.743,-0.287,-11.250,-48.000,-4.200,32.7
18:18:12.878,55289,6.290,-4.784,6.196,-0.087,-0.729,-0.293,-11.250,-48.000,-4.200,32.6
18:18:12.932,55343,6.759,-4.798,5.669,0.025,-0.634,-0.277,-11.250,-48.000,-4.200,32.8
18:18:12.986,55397,6.941,-4.748,5.562,0.032,-0.551,-0.286,-14.250,-48.450,-7.050,32.7
18:18:13.040,55451,6.974,-4.609,5.399,-0.132,-0.545,-0.236,-14.250,-48.450,-7.050,32.8
18:18:13.094,55505,7.190,-4.769,4.999,-0.216,-0.566,-0.211,-16.500,-47.700,-10.050,32.6
18:18:13.148,55559,7.642,-4.535,4.714,-0.219,-0.476,-0.200,-16.500,-47.700,-10.050,32.8
18:18:13.202,55613,7.685,-4.549,4.657,0.002,-0.481,-0.214,-17.400,-46.650,-12.300,32.8
18:18:13.256,55667,7.697,-4.501,4.099,0.025,-0.383,-0.196,-17.400,-46.650,-12.300,32.6
18:18:13.311,55721,7.810,-4.252,4.295,-0.054,-0.373,-0.162,-17.400,-46.650,-12.300,32.8
18:18:13.364,55775,7.966,-4.460,4.092,-0.080,-0.366,-0.153,-17.400,-46.650,-12.300,32.6
18:18:13.418,55829,7.975,-4.458,3.907,-0.107,-0.268,-0.169,-19.350,-45.900,-14.550,32.8
18:18:13.472,55883,8.128,-4.096,3.833,-0.005,-0.330,-0.131,-19.500,-47.250,-17.700,32.6
18:18:13.526,55937,8.322,-4.269,3.414,-0.013,-0.225,-0.130,-19.500,-47.250,-17.700,32.8
18:18:13.580,55991,8.162,-3.922,3.493,-0.096,-0.263,-0.111,-19.500,-47.250,-17.700,32.6
18:18:13.634,56045,8.447,-4.195,3.385,-0.033,-0.228,-0.118,-19.500,-47.250,-17.700,32.6
18:18:13.688,56099,8.313,-4.147,3.268,0.003,-0.157,-0.104,-19.050,-44.550,-19.800,32.5
18:18:13.742,56153,8.504,-4.056,3.302,-0.075,-0.127,-0.054,-19.050,-44.550,-19.800,32.8
18:18:13.796,56207,8.471,-4.116,3.127,-0.101,-0.133,-0.053,-21.900,-45.600,-19.350,33.0
18:18:13.850,56261,8.550,-4.128,3.065,-0.098,-0.079,-0.027,-21.900,-45.600,-19.350,32.7
18:18:13.904,56315,8.600,-3.982,3.024,-0.015,-0.058,-0.032,-20.250,-43.500,-20.250,32.8
18:18:13.958,56369,8.629,-4.207,3.153,0.017,-0.013,0.002,-20.250,-43.500,-20.250,32.8
18:18:14.013,56423,8.818,-4.027,3.203,0.064,0.152,0.067,-22.500,-44.550,-21.000,32.6
18:18:14.066,56477,9.017,-4.719,3.742,0.136,0.484,0.198,-20.400,-45.900,-20.100,32.7
18:18:14.120,56531,8.803,-5.009,4.460,0.305,0.888,0.392,-20.400,-45.900,-20.100,33.0
18:18:14.173,56585,8.396,-5.253,4.978,0.175,1.127,0.562,-18.600,-46.650,-17.550,32.5
18:18:14.228,56639,8.387,-4.949,5.045,0.064,1.288,0.693,-18.600,-46.650,-17.550,32.5
18:18:14.282,56693,8.078,-5.080,5.341,0.116,1.556,0.825,-18.600,-46.650,-17.550,32.5
18:18:14.336,56747,7.329,-5.078,5.703,0.025,1.724,0.864,-18.600,-46.650,-17.550,32.6
18:18:14.389,56801,6.407,-5.406,6.656,-0.092,1.855,0.852,-10.500,-49.200,-6.000,32.6
18:18:14.444,56855,5.183,-5.593,7.367,-0.044,1.905,0.883,-10.500,-49.200,-6.000,32.8
18:18:14.498,56909,4.053,-5.748,7.513,-0.115,1.925,0.878,-4.800,-50.550,-3.900,32.9
18:18:14.552,56963,3.045,-5.950,7.355,-0.062,1.933,0.874,-4.800,-50.550,-3.900,32.8
18:18:14.605,57017,2.459,-5.990,7.748,0.037,1.962,0.854,2.850,-49.500,-0.300,32.8
18:18:14.660,57071,1.087,-6.302,7.350,0.014,1.961,0.883,7.950,-51.150,1.950,32.6
18:18:14.714,57125,-0.268,-5.990,7.240,-0.187,1.907,0.860,7.950,-51.150,1.950,32.6
18:18:14.768,57179,-1.116,-6.088,7.238,-0.102,1.816,0.825,15.450,-48.450,1.200,32.6
18:18:14.821,57233,-1.935,-5.657,7.317,0.133,1.793,0.791,15.450,-48.450,1.200,32.8
18:18:14.877,57287,-3.122,-5.808,7.001,0.106,1.743,0.747,22.500,-49.950,3.000,32.8
18:18:14.930,57341,-3.967,-5.650,6.438,-0.078,1.590,0.701,22.500,-49.950,3.000,33.0
18:18:14.984,57395,-4.891,-5.588,5.679,-0.192,1.430,0.698,22.500,-49.950,3.000,32.8
18:18:15.038,57449,-5.552,-5.181,5.308,-0.294,1.321,0.630,22.500,-49.950,3.000,32.7
18:18:15.092,57503,-5.928,-5.337,5.047,-0.183,1.225,0.579,34.950,-48.300,-0.300,32.8
18:18:15.147,57557,-6.570,-5.341,4.305,0.046,1.095,0.516,34.950,-48.300,-0.300,32.5
18:18:15.200,57611,-6.950,-4.937,4.269,0.005,0.950,0.447,40.050,-45.300,-3.450,32.7
18:18:15.255,57665,-7.379,-4.695,3.780,-0.122,0.756,0.375,42.450,-45.150,-5.100,32.8
18:18:15.307,57719,-8.322,-4.314,2.746,-0.079,0.519,0.277,42.450,-45.150,-5.100,32.8
18:18:15.361,57773,-8.317,-4.350,2.871,-0.058,0.177,0.097,46.500,-43.950,-6.450,32.5
18:18:15.415,57827,-7.815,-4.587,3.290,0.091,-0.185,-0.090,46.500,-43.950,-6.450,32.8
18:18:15.470,57881,-7.712,-4.681,3.709,0.131,-0.297,-0.130,45.000,-43.950,-7.950,32.8
18:18:15.523,57935,-7.626,-4.899,4.331,0.135,-0.177,-0.054,45.000,-43.950,-7.950,32.8
18:18:15.632,57989,-7.750,-4.707,4.283,0.006,-0.078,-0.015,43.200,-43.950,-5.100,32.5
18:18:15.632,58043,-7.932,-4.757,3.871,-0.034,-0.081,-0.027,43.200,-43.950,-5.100,32.6
18:18:15.686,58097,-7.812,-4.503,3.352,-0.052,-0.254,-0.152,43.200,-43.950,-5.100,32.8
18:18:15.740,58151,-7.685,-4.547,3.285,-0.148,-0.639,-0.285,43.200,-43.950,-5.100,32.9
18:18:15.794,58205,-7.204,-4.805,3.687,-0.125,-0.963,-0.492,43.200,-45.150,-4.650,32.8
18:18:15.848,58259,-7.005,-4.858,4.041,0.043,-1.188,-0.593,43.200,-45.150,-4.650,32.8
18:18:15.902,58313,-6.021,-5.499,4.973,0.118,-1.280,-0.709,40.200,-46.350,-3.150,32.6
18:18:15.956,58367,-4.647,-5.705,6.093,0.136,-1.368,-0.677,33.150,-49.800,-1.350,32.8
18:18:16.010,58421,-5.368,-5.796,5.464,0.191,-1.394,-0.739,33.150,-49.800,-1.350,32.7
18:18:16.064,58475,-3.553,-5.916,6.622,0.013,-1.355,-0.753,28.050,-48.450,0.900,32.8
18:18:16.118,58529,-3.354,-6.026,6.567,0.136,-1.390,-0.713,28.050,-48.450,0.900,32.5
18:18:16.172,58583,-2.753,-6.249,7.128,0.189,-1.367,-0.764,21.600,-50.250,1.350,32.7
18:18:16.226,58637,-1.604,-6.122,7.865,0.204,-1.284,-0.730,21.600,-50.250,1.350,32.7
18:18:16.279,58691,-0.958,-6.225,7.460,0.213,-1.266,-0.678,16.200,-51.150,1.950,32.8
18:18:16.334,58745,-0.385,-6.232,8.076,-0.013,-1.270,-0.646,16.200,-51.150,1.950,32.8
18:18:16.388,58799,0.551,-6.570,7.817,-0.133,-1.224,-0.589,16.200,-51.150,1.950,32.8
18:18:16.442,58853,1.180,-6.278,7.992,-0.093,-1.082,-0.622,16.200,-51.150,1.950,32.8
18:18:16.496,58907,1.650,-6.419,7.587,-0.076,-1.035,-0.607,5.100,-49.800,0.300,32.6
18:18:16.550,58961,2.332,-6.448,7.769,0.041,-0.934,-0.532,-0.150,-49.650,-2.250,32.4
18:18:16.604,59015,2.490,-6.285,7.484,0.117,-0.896,-0.516,-0.150,-49.650,-2.250,32.6
18:18:16.658,59069,3.302,-6.225,7.314,0.031,-0.895,-0.463,-3.450,-49.950,-1.500,32.6
18:18:16.711,59123,3.646,-5.830,7.477,0.022,-0.887,-0.451,-3.450,-49.950,-1.500,32.8
18:18:16.766,59177,4.108,-5.760,7.061,0.048,-0.861,-0.456,-5.700,-49.200,-3.450,32.8
18:18:16.819,59231,4.602,-5.511,7.061,0.002,-0.848,-0.456,-5.700,-49.200,-3.450,32.6
18:18:16.875,59285,4.719,-5.689,6.539,-0.036,-0.845,-0.420,-11.100,-46.650,-5.400,32.9
18:18:16.928,59339,5.488,-5.581,6.388,-0.021,-0.827,-0.430,-11.100,-46.650,-5.400,32.8
18:18:16.982,59393,5.897,-5.574,6.266,-0.028,-0.783,-0.400,-10.500,-45.300,-8.550,33.0
18:18:17.037,59447,6.144,-5.332,6.067,0.056,-0.649,-0.358,-10.500,-45.300,-8.550,32.5
18:18:17.090,59501,6.302,-5.284,5.878,0.025,-0.611,-0.303,-10.500,-45.300,-8.550,32.5
18:18:17.144,59555,6.728,-5.128,5.595,-0.064,-0.505,-0.284,-16.350,-45.900,-10.950,32.7
18:18:17.198,59609,6.670,-4.978,5.511,-0.064,-0.441,-0.230,-16.350,-45.900,-10.950,32.7
18:18:17.252,59663,6.692,-4.987,5.334,-0.112,-0.426,-0.215,-17.400,-46.350,-13.800,32.9
18:18:17.306,59717,7.113,-5.071,4.925,-0.049,-0.470,-0.212,-17.400,-46.350,-13.800,32.8
18:18:17.360,59771,7.345,-4.573,4.836,0.038,-0.395,-0.207,-17.700,-45.750,-14.700,32.6
18:18:17.414,59825,7.523,-4.875,4.360,0.130,-0.351,-0.187,-17.700,-45.750,-14.700,32.7
18:18:17.468,59879,7.372,-4.707,4.381,-0.091,-0.311,-0.177,-20.250,-45.300,-15.450,32.8
18:18:17.522,59933,7.537,-4.685,4.398,-0.205,-0.383,-0.144,-20.250,-45.300,-15.450,32.7
18:18:17.576,59987,7.707,-4.695,4.118,-0.175,-0.340,-0.157,-18.750,-44.550,-19.800,32.7
18:18:17.631,60041,7.977,-4.460,3.943,-0.000,-0.289,-0.154,-18.750,-44.550,-19.800,32.9
18:18:17.684,60095,7.781,-4.379,3.625,0.014,-0.341,-0.193,-20.100,-43.650,-20.100,32.8
18:18:17.738,60149,7.951,-4.329,3.551,-0.082,-0.347,-0.173,-20.100,-43.650,-20.100,32.8
18:18:17.792,60203,8.179,-4.611,3.579,-0.071,-0.263,-0.139,-20.100,-43.650,-20.100,32.6
18:18:17.846,60257,8.215,-4.515,3.524,-0.013,-0.315,-0.148,-22.050,-44.550,-21.750,32.6
18:18:17.900,60311,8.250,-4.523,3.227,0.055,-0.278,-0.147,-22.050,-44.550,-21.750,32.8
18:18:17.954,60365,8.267,-4.231,3.062,0.003,-0.291,-0.101,-21.900,-43.650,-22.950,32.6
18:18:18.009,60419,8.552,-4.135,3.033,0.010,-0.270,-0.089,-21.900,-43.650,-22.950,32.6
18:18:18.061,60473,8.552,-4.343,2.952,0.020,-0.164,-0.077,-21.750,-45.300,-24.300,32.9
18:18:18.116,60527,8.356,-4.070,3.067,-0.074,-0.167,-0.049,-21.750,-45.300,-24.300,32.6
18:18:18.170,60581,8.631,-4.219,2.825,-0.008,-0.139,-0.054,-23.850,-43.650,-24.450,32.9
18:18:18.224,60635,8.612,-4.278,2.885,0.041,0.002,-0.006,-23.850,-43.650,-24.450,32.7
18:18:18.278,60689,8.712,-4.171,2.990,0.059,0.167,0.065,-22.800,-44.250,-24.300,32.7
18:18:18.331,60743,8.641,-4.587,3.417,0.068,0.338,0.145,-22.800,-44.250,-24.300,33.0
18:18:18.386,60797,8.902,-4.544,3.876,0.053,0.638,0.303,-21.150,-45.900,-23.400,32.8
18:18:18.439,60851,8.332,-4.949,4.209,0.014,0.846,0.398,-21.150,-45.900,-23.400,32.8
18:18:18.494,60905,8.317,-5.073,4.571,0.126,1.034,0.533,-21.150,-45.900,-23.400,32.6
18:18:18.548,60959,8.119,-5.258,5.160,0.240,1.392,0.702,-19.650,-47.100,-18.900,33.0
18:18:18.602,61013,7.400,-5.667,5.835,0.219,1.599,0.822,-19.650,-47.100,-18.900,32.5
18:18:18.655,61067,6.790,-5.497,6.148,0.060,1.763,0.973,-14.700,-46.500,-12.150,32.7
18:18:18.710,61121,6.294,-5.741,6.730,-0.085,1.911,1.055,-14.700,-46.500,-12.150,32.9
18:18:18.763,61175,5.243,-5.983,6.974,-0.061,2.075,1.059,-9.000,-48.900,-6.750,32.6
18:18:18.818,61229,3.919,-5.593,6.917,-0.201,2.050,1.024,-9.000,-48.900,-6.750,32.7
18:18:18.872,61283,3.115,-5.983,7.209,-0.240,1.981,1.018,-9.000,-48.900,-6.750,32.8
18:18:18.926,61337,1.681,-6.203,7.266,-0.005,1.983,0.929,-9.000,-48.900,-6.750,32.3
18:18:18.980,61391,0.565,-6.337,7.142,0.061,1.978,0.853,4.950,-50.850,-1.950,32.8
18:18:19.034,61445,-0.869,-6.218,7.099,0.073,1.868,0.848,12.150,-50.550,-1.050,32.8
18:18:19.087,61499,-1.721,-6.201,7.089,-0.005,1.804,0.779,12.150,-50.550,-1.050,32.8
18:18:19.142,61553,-2.859,-5.880,6.716,-0.083,1.683,0.751,12.150,-50.550,-1.050,32.8
18:18:19.196,61607,-3.278,-5.818,6.158,-0.096,1.630,0.676,12.150,-50.550,-1.050,32.8
18:18:19.250,61661,-4.209,-6.088,5.650,-0.107,1.413,0.655,24.300,-49.200,-0.900,32.8
18:18:19.304,61715,-5.315,-5.844,5.327,-0.081,1.232,0.620,24.300,-49.200,-0.900,32.6
18:18:19.358,61769,-5.535,-5.909,5.332,-0.110,1.173,0.629,28.650,-48.600,-1.800,32.8
18:18:19.412,61823,-5.950,-5.851,4.865,0.024,1.099,0.610,28.650,-48.600,-1.800,32.7
18:18:19.466,61877,-6.507,-5.380,4.305,0.133,1.022,0.536,34.950,-47.550,-2.850,32.5
18:18:19.520,61931,-7.422,-4.719,3.644,0.066,0.846,0.491,34.950,-47.550,-2.850,32.8
18:18:19.575,61985,-7.391,-4.803,3.285,-0.218,0.498,0.391,34.950,-47.550,-2.850,32.9
18:18:19.628,62039,-7.989,-4.745,2.902,-0.228,0.153,0.094,41.850,-45.300,-7.350,32.7
18:18:19.682,62093,-7.630,-4.705,3.795,-0.004,-0.050,-0.056,41.850,-45.300,-7.350,32.8
18:18:19.735,62147,-7.887,-4.932,3.622,0.107,-0.116,-0.043,42.900,-45.300,-6.750,32.8
18:18:19.790,62201,-7.575,-5.133,4.195,0.018,-0.096,0.008,42.900,-45.300,-6.750,32.8
18:18:19.844,62255,-7.594,-4.934,4.001,-0.062,-0.089,0.026,42.900,-45.300,-6.750,32.8
18:18:19.897,62309,-7.594,-4.944,3.881,-0.079,-0.062,-0.020,42.900,-45.300,-6.750,32.3
18:18:19.952,62363,-7.788,-4.642,3.577,-0.059,-0.194,-0.073,41.250,-45.150,-6.450,32.6
18:18:20.006,62417,-7.527,-4.834,3.591,-0.055,-0.411,-0.225,41.250,-45.150,-6.450,32.7
18:18:20.060,62471,-7.365,-4.841,3.766,-0.067,-0.671,-0.343,41.250,-45.150,-5.400,32.8
18:18:20.114,62525,-7.013,-5.160,3.797,0.019,-0.949,-0.498,41.250,-45.150,-5.400,32.8
18:18:20.167,62579,-6.088,-5.349,4.702,0.136,-1.123,-0.578,37.350,-47.250,-4.500,32.6
18:18:20.221,62633,-5.543,-5.454,5.416,0.142,-1.179,-0.645,37.350,-47.250,-4.500,32.8
18:18:20.276,62687,-5.533,-5.842,5.552,0.067,-1.226,-0.635,37.350,-47.250,-4.500,32.6
18:18:20.331,62741,-5.040,-5.962,6.278,0.048,-1.143,-0.620,27.750,-51.600,-1.500,32.7
18:18:20.385,62795,-4.118,-6.424,6.527,0.118,-1.090,-0.579,27.750,-51.600,-1.500,32.6
18:18:20.438,62849,-3.136,-6.235,7.305,0.131,-1.144,-0.570,22.800,-51.600,-0.450,32.6
18:18:20.492,62903,-3.338,-6.560,6.790,0.046,-1.099,-0.536,22.800,-51.600,-0.450,33.0
18:18:20.546,62957,-2.282,-6.290,7.389,0.099,-1.050,-0.501,18.150,-50.250,0.300,32.6
18:18:20.600,63011,-1.525,-6.428,7.436,0.169,-1.018,-0.482,18.150,-50.250,0.300,32.8
18:18:20.654,63065,-1.633,-6.163,7.537,0.072,-1.098,-0.476,14.250,-51.150,0.900,32.7
18:18:20.708,63119,-0.994,-6.275,7.446,-0.118,-1.005,-0.511,14.250,-51.150,0.900,33.0
18:18:20.762,63173,0.165,-6.479,7.784,-0.058,-0.993,-0.504,10.200,-49.950,-0.150,32.6
18:18:20.815,63227,0.134,-6.598,7.408,0.078,-1.034,-0.519,10.200,-49.950,-0.150,32.9
18:18:20.870,63281,0.788,-6.199,7.609,0.203,-1.023,-0.565,5.850,-50.550,-1.350,32.5
18:18:20.923,63335,1.894,-5.993,7.649,0.401,-1.057,-0.498,5.850,-50.550,-1.350,32.5
18:18:20.978,63389,2.557,-6.179,7.539,0.433,-0.995,-0.507,5.850,-50.550,-1.350,32.8
18:18:21.032,63443,2.875,-5.756,7.570,0.208,-0.983,-0.456,-1.650,-49.650,0.150,32.9
18:18:21.086,63497,3.505,-5.916,7.527,0.006,-0.945,-0.408,-1.650,-49.650,0.150,32.8
18:18:21.140,63551,3.723,-5.686,7.616,-0.088,-0.836,-0.400,-4.350,-49.800,-1.800,32.7
18:18:21.194,63605,3.654,-5.772,7.331,-0.080,-0.851,-0.403,-4.350,-49.800,-1.800,33.0
18:18:21.248,63659,4.415,-5.571,7.185,-0.013,-0.849,-0.371,-4.350,-49.800,-1.800,32.6
18:18:21.302,63713,4.939,-5.363,6.507,0.062,-0.873,-0.395,-4.350,-49.800,-1.800,32.8
18:18:21.356,63767,5.471,-5.210,6.574,-0.039,-0.949,-0.420,-10.350,-47.850,-6.450,32.5
18:18:21.410,63821,6.347,-5.329,6.184,-0.071,-0.891,-0.391,-10.350,-47.850,-6.450,32.8
18:18:21.464,63875,6.553,-5.478,6.163,-0.042,-0.734,-0.323,-13.500,-48.000,-6.750,32.7
18:18:21.518,63929,6.345,-5.136,6.088,-0.062,-0.703,-0.307,-15.900,-47.550,-10.950,33.0
18:18:21.571,63983,6.862,-4.978,5.583,-0.066,-0.682,-0.284,-15.900,-47.550,-10.950,32.5
18:18:21.626,64037,7.175,-4.700,5.224,-0.048,-0.601,-0.262,-15.900,-47.550,-10.950,33.0
18:18:21.680,64091,7.250,-4.784,5.059,-0.100,-0.488,-0.212,-15.900,-47.550,-10.950,32.8
18:18:21.735,64145,7.281,-4.693,4.860,-0.167,-0.528,-0.232,-18.150,-45.600,-13.500,32.6
18:18:21.788,64199,7.700,-4.561,4.324,-0.118,-0.555,-0.283,-18.150,-45.600,-13.500,32.4
18:18:21.841,64253,8.037,-4.662,4.362,0.011,-0.378,-0.225,-18.150,-45.150,-14.550,32.5
18:18:21.895,64307,7.843,-4.544,4.204,-0.018,-0.398,-0.208,-18.150,-45.150,-14.550,33.0
18:18:21.949,64361,7.611,-4.420,4.049,-0.163,-0.409,-0.205,-18.150,-45.150,-14.550,32.8
18:18:22.003,64415,8.195,-4.525,3.893,0.005,-0.358,-0.174,-18.150,-45.150,-14.550,32.9
18:18:22.058,64469,8.282,-4.310,3.467,0.067,-0.292,-0.145,-21.300,-45.000,-18.000,32.8
18:18:22.112,64523,8.195,-4.348,3.563,-0.038,-0.233,-0.098,-21.300,-45.000,-18.000,32.8
18:18:22.165,64577,8.334,-4.207,3.512,-0.096,-0.259,-0.078,-21.000,-45.300,-20.250,32.6
18:18:22.219,64631,8.279,-4.243,3.469,-0.068,-0.207,-0.048,-21.150,-44.850,-21.900,32.6
18:18:22.274,64685,8.246,-4.120,3.203,-0.012,-0.191,-0.095,-21.150,-44.850,-21.900,32.5
18:18:22.327,64739,8.186,-4.046,2.883,-0.060,-0.227,-0.103,-21.150,-44.850,-21.900,32.4
18:18:22.381,64793,8.286,-3.876,2.842,-0.128,-0.253,-0.102,-21.150,-44.850,-21.900,32.8
18:18:22.436,64847,8.665,-4.029,2.818,-0.130,-0.258,-0.117,-21.900,-45.150,-23.700,32.8
18:18:22.490,64901,8.803,-4.080,2.722,-0.082,-0.146,-0.106,-21.900,-45.150,-23.700,32.6
18:18:22.545,64955,8.614,-4.159,2.828,-0.035,-0.039,-0.044,-22.350,-43.200,-25.950,32.7
18:18:22.598,65009,8.918,-4.269,3.038,0.021,0.071,0.019,-22.350,-43.200,-25.950,33.0
18:18:22.651,65063,9.163,-4.312,3.457,0.096,0.193,0.107,-22.350,-43.200,-25.950,33.0
18:18:22.706,65117,8.842,-4.403,3.390,0.050,0.381,0.184,-22.350,-43.200,-25.950,32.8
18:18:22.760,65171,9.127,-4.829,3.445,0.377,0.772,0.357,-22.800,-45.000,-23.850,32.7
18:18:22.814,65225,8.653,-5.382,4.475,0.345,1.140,0.554,-21.300,-44.250,-18.000,32.6
18:18:22.868,65279,8.394,-5.210,5.514,0.164,1.405,0.758,-21.300,-44.250,-18.000,32.7
18:18:22.922,65333,8.140,-5.511,5.794,0.203,1.652,0.934,-18.600,-46.650,-13.050,32.6
18:18:22.975,65387,6.857,-5.258,6.483,0.111,1.926,1.062,-18.600,-46.650,-13.050,32.8
18:18:23.030,65441,6.136,-5.131,6.797,-0.064,2.028,1.126,-11.550,-48.300,-7.950,32.8
18:18:23.085,65495,5.904,-5.368,7.056,-0.130,2.151,1.100,-11.550,-48.300,-7.950,32.8
18:18:23.138,65549,4.401,-5.619,7.226,0.018,2.265,1.036,-4.200,-49.200,-4.200,32.8
18:18:23.192,65603,3.182,-5.811,7.422,-0.029,2.297,1.019,-4.200,-49.200,-4.200,32.8
18:18:23.246,65657,1.963,-6.076,7.427,-0.018,2.271,1.006,4.050,-50.250,-2.550,32.5
18:18:23.300,65711,0.397,-6.014,7.204,0.006,2.224,0.954,4.050,-50.250,-2.550,32.5
18:18:23.354,65765,-0.809,-5.861,7.326,-0.119,2.098,0.904,4.050,-50.250,-2.550,32.8
18:18:23.408,65819,-2.109,-6.225,6.737,-0.070,1.982,0.888,18.900,-51.000,2.100,32.8
18:18:23.462,65873,-3.261,-5.811,6.316,0.042,1.955,0.851,18.900,-51.000,2.100,32.7
18:18:23.515,65927,-4.099,-5.717,6.029,0.037,1.890,0.831,27.000,-48.450,-0.450,32.8
18:18:23.570,65981,-5.394,-5.320,5.236,-0.069,1.729,0.815,27.000,-48.450,-0.450,32.8
18:18:23.623,66035,-5.787,-4.918,5.121,-0.328,1.500,0.766,34.950,-48.300,-1.800,32.8
18:18:23.678,66089,-6.069,-4.951,4.322,-0.024,1.409,0.610,34.950,-48.300,-1.800,33.0
18:18:23.731,66143,-6.823,-4.683,3.723,0.226,1.228,0.414,40.050,-46.200,-2.700,32.6
18:18:23.786,66197,-7.767,-4.592,2.978,0.116,0.785,0.342,40.050,-46.200,-2.700,32.6
18:18:23.840,66251,-8.456,-4.389,2.468,0.066,0.430,0.260,43.650,-46.200,-5.550,32.8
18:18:23.893,66305,-8.052,-4.254,3.371,-0.133,0.132,0.090,43.650,-46.200,-5.550,32.7
18:18:23.948,66359,-8.112,-4.381,2.947,-0.029,-0.007,-0.018,44.400,-44.250,-6.000,32.7
18:18:24.001,66413,-7.963,-4.465,3.603,0.012,-0.086,-0.063,44.400,-44.250,-6.000,32.8
18:18:24.056,66467,-7.949,-4.714,3.718,0.109,-0.054,-0.023,44.400,-44.250,-6.000,32.8
18:18:24.110,66521,-8.159,-4.755,3.479,0.001,-0.043,-0.021,44.700,-43.950,-6.150,32.7
18:18:24.164,66575,-8.011,-4.810,3.730,-0.090,-0.060,-0.031,44.700,-43.950,-6.150,32.7
18:18:24.217,66629,-7.932,-4.664,3.488,0.006,-0.097,-0.015,44.100,-46.200,-6.000,32.8
18:18:24.272,66683,-7.985,-4.676,3.026,-0.096,-0.245,-0.105,44.100,-46.200,-6.000,32.8
18:18:24.325,66737,-8.035,-4.338,2.837,-0.164,-0.531,-0.147,43.650,-44.250,-4.500,32.7
18:18:24.380,66791,-7.922,-4.468,2.667,-0.211,-1.034,-0.375,43.650,-44.250,-4.500,32.6
18:18:24.433,66845,-7.372,-4.420,3.045,-0.087,-1.422,-0.641,40.500,-45.150,-4.650,32.8
18:18:24.488,66899,-6.448,-4.918,4.554,-0.023,-1.662,-0.889,40.500,-45.150,-4.650,33.0
18:18:24.542,66953,-4.812,-5.069,5.839,0.076,-1.741,-0.843,36.600,-48.900,-2.700,32.7
18:18:24.595,67007,-4.669,-6.163,5.322,0.250,-1.708,-0.880,36.600,-48.900,-2.700,32.8
18:18:24.649,67061,-2.885,-6.270,6.984,-0.122,-1.668,-0.926,27.750,-49.650,-0.450,32.8
18:18:24.704,67115,-2.976,-5.674,6.735,-0.141,-1.757,-0.895,27.750,-49.650,-0.450,32.4
18:18:24.758,67169,-2.375,-6.584,6.491,0.096,-1.745,-0.973,27.750,-49.650,-0.450,32.8
18:18:24.812,67223,0.769,-6.644,7.903,0.052,-1.781,-0.964,12.450,-49.950,-1.200,32.7
18:18:24.866,67277,0.836,-6.950,7.530,0.249,-1.669,-0.857,12.450,-49.950,-1.200,32.7
18:18:24.920,67331,1.204,-6.723,7.760,0.234,-1.445,-0.821,5.400,-49.950,-0.150,32.8
18:18:24.974,67385,1.848,-6.527,7.906,0.175,-1.344,-0.698,5.400,-49.950,-0.150,32.6
18:18:25.027,67439,2.251,-6.524,7.458,0.031,-1.324,-0.631,5.400,-49.950,-0.150,32.8
18:18:25.081,67493,3.249,-6.402,7.740,0.134,-1.259,-0.588,5.400,-49.950,-0.150,32.7
18:18:25.135,67547,3.598,-6.053,6.970,0.261,-1.216,-0.555,-3.450,-49.650,-2.250,32.6
18:18:25.189,67601,4.439,-5.550,6.981,0.081,-1.234,-0.588,-3.450,-49.650,-2.250,32.7
18:18:25.243,67655,5.610,-5.495,6.747,-0.123,-1.224,-0.528,-7.950,-49.950,-5.250,32.8
18:18:25.297,67709,5.832,-5.468,6.407,-0.246,-1.023,-0.507,-10.950,-48.450,-8.100,33.0
18:18:25.352,67763,5.816,-5.634,6.646,-0.203,-0.941,-0.486,-10.950,-48.450,-8.100,32.9
18:18:25.405,67817,6.357,-5.657,6.060,-0.119,-0.822,-0.438,-10.950,-48.450,-8.100,32.8
18:18:25.460,67871,6.862,-5.483,5.430,-0.006,-0.712,-0.367,-10.950,-48.450,-8.100,32.5
18:18:25.514,67925,6.742,-5.092,5.425,-0.027,-0.651,-0.340,-15.450,-48.000,-12.600,32.7
18:18:25.568,67979,7.041,-5.102,4.958,-0.076,-0.648,-0.314,-15.450,-48.000,-12.600,32.8
18:18:25.622,68033,7.503,-4.693,4.638,-0.002,-0.620,-0.295,-17.850,-45.150,-16.800,32.6
18:18:25.676,68087,7.932,-4.927,4.403,0.157,-0.553,-0.290,-17.850,-45.150,-16.800,32.6
18:18:25.730,68141,7.585,-4.721,4.238,-0.088,-0.505,-0.260,-17.850,-45.150,-16.800,32.8
18:18:25.783,68195,8.018,-4.460,4.096,-0.145,-0.496,-0.220,-17.850,-45.150,-16.800,32.6
18:18:25.838,68249,8.150,-4.891,3.900,0.002,-0.394,-0.208,-19.500,-46.200,-19.800,32.6
18:18:25.892,68303,7.985,-4.341,3.570,-0.073,-0.417,-0.208,-20.250,-45.300,-20.550,32.8
18:18:25.947,68357,8.313,-4.214,3.050,-0.072,-0.373,-0.202,-20.250,-45.300,-20.550,32.9
18:18:26.000,68411,8.368,-4.506,3.242,-0.097,-0.279,-0.159,-21.600,-45.150,-22.950,32.8
18:18:26.054,68465,8.401,-4.420,3.024,-0.065,-0.247,-0.134,-21.600,-45.150,-22.950,32.9
18:18:26.108,68519,8.495,-4.539,3.074,0.040,-0.155,-0.083,-21.150,-44.400,-23.700,32.6
18:18:26.162,68573,8.452,-4.269,2.928,0.026,-0.103,-0.022,-21.150,-44.400,-23.700,32.5
18:18:26.216,68627,8.519,-4.178,2.971,0.005,-0.054,-0.020,-21.300,-44.250,-24.600,32.7
18:18:26.270,68681,8.485,-4.274,2.842,0.005,0.004,0.013,-21.300,-44.250,-24.600,33.0
18:18:26.323,68735,8.492,-4.140,2.916,0.049,0.025,0.027,-20.100,-43.950,-22.650,32.8
18:18:26.377,68789,8.598,-4.262,2.854,0.070,0.018,0.025,-20.100,-43.950,-22.650,32.8
18:18:26.432,68843,8.384,-4.288,2.746,-0.002,0.039,0.025,-20.100,-43.950,-22.650,33.0
18:18:26.486,68897,8.569,-4.247,3.053,0.016,0.129,0.067,-20.100,-43.950,-22.650,32.8
18:18:26.540,68951,8.746,-4.489,3.132,0.107,0.271,0.105,-20.100,-43.650,-24.750,32.8
18:18:26.593,69005,8.887,-4.681,3.725,0.130,0.670,0.296,-20.850,-45.600,-21.450,32.6
18:18:26.647,69059,8.303,-5.296,4.561,0.118,0.930,0.433,-20.850,-45.600,-21.450,32.5
18:18:26.702,69113,8.068,-5.495,5.131,0.108,1.088,0.589,-18.750,-47.700,-17.700,32.6
18:18:26.756,69167,7.819,-5.404,5.167,0.088,1.402,0.744,-18.750,-47.700,-17.700,32.6
18:18:26.810,69221,7.506,-5.303,5.655,0.155,1.549,0.827,-16.950,-46.950,-13.650,32.8
18:18:26.863,69275,6.622,-5.452,5.871,-0.029,1.660,0.890,-16.950,-46.950,-13.650,32.8
18:18:26.918,69329,6.055,-5.703,6.304,-0.175,1.686,0.935,-11.700,-49.200,-10.350,32.8
18:18:26.972,69383,5.011,-6.041,6.747,-0.143,1.790,0.948,-11.700,-49.200,-10.350,33.0
18:18:27.026,69437,4.271,-6.416,7.192,0.024,1.924,0.992,-6.600,-50.250,-6.450,32.7
18:18:27.080,69491,3.045,-6.543,7.192,0.043,1.994,0.972,-6.600,-50.250,-6.450,32.5
18:18:27.133,69545,1.834,-6.505,7.278,-0.018,1.980,0.971,-6.600,-50.250,-6.450,33.0
18:18:27.188,69599,0.843,-6.433,7.283,-0.041,1.999,0.945,8.850,-51.000,-1.350,33.0
18:18:27.242,69653,-0.247,-6.416,7.156,0.091,1.978,0.923,8.850,-51.000,-1.350,33.1
18:18:27.295,69707,-1.903,-6.019,6.864,0.073,1.906,0.829,15.150,-50.550,0.000,32.6
18:18:27.350,69761,-2.796,-5.816,6.457,0.003,1.814,0.788,15.150,-50.550,0.000,32.6
18:18:27.404,69815,-3.745,-5.655,6.160,0.009,1.663,0.727,23.100,-49.050,0.600,32.7
18:18:27.458,69869,-4.688,-5.746,5.543,-0.143,1.495,0.653,23.100,-49.050,0.600,32.7
18:18:27.512,69923,-4.961,-5.674,5.550,-0.013,1.361,0.625,23.100,-49.050,0.600,32.8
18:18:27.566,69977,-5.447,-5.595,4.899,0.048,1.248,0.557,23.100,-49.050,0.600,32.6
18:18:27.620,70031,-6.108,-5.571,4.805,0.127,1.148,0.532,34.650,-47.850,-2.550,32.8
18:18:27.673,70085,-6.845,-5.169,4.183,0.158,1.067,0.498,34.650,-47.850,-2.550,32.8
18:18:27.728,70139,-7.384,-4.733,4.008,0.067,1.019,0.451,39.300,-45.000,-3.750,32.8
18:18:27.781,70193,-7.831,-4.743,3.266,0.048,0.830,0.383,39.300,-45.000,-3.750,32.8
18:18:27.836,70247,-7.908,-4.262,2.938,-0.007,0.439,0.245,39.300,-45.000,-3.750,32.8
18:18:27.889,70301,-8.100,-4.276,2.607,-0.023,0.117,0.052,43.500,-43.200,-5.400,33.1
18:18:27.943,70355,-8.004,-4.494,3.323,-0.008,-0.146,-0.091,43.500,-43.200,-5.400,32.8
18:18:27.997,70409,-7.865,-4.925,3.584,0.060,-0.220,-0.085,44.250,-43.950,-4.650,32.5
18:18:28.052,70463,-7.927,-4.908,3.864,-0.012,-0.148,-0.054,44.250,-43.950,-4.650,32.6
18:18:28.105,70517,-7.700,-4.894,3.982,-0.033,-0.055,0.009,42.750,-44.400,-4.650,32.8
18:18:28.160,70571,-7.738,-4.750,3.620,-0.032,-0.011,-0.006,42.750,-44.400,-4.650,32.8
18:18:28.214,70625,-7.970,-4.525,3.491,-0.158,-0.183,-0.072,42.750,-44.400,-4.650,33.0
18:18:28.268,70679,-8.054,-4.544,3.177,-0.188,-0.406,-0.161,42.750,-44.400,-4.650,32.8
18:18:28.321,70733,-7.922,-4.571,3.026,-0.136,-0.705,-0.306,42.900,-45.000,-6.300,32.9
18:18:28.376,70787,-7.391,-4.793,3.311,-0.048,-1.069,-0.525,42.900,-45.000,-6.300,32.8
18:18:28.430,70841,-6.986,-4.611,3.697,0.143,-1.387,-0.690,41.100,-46.200,-3.450,32.6
18:18:28.484,70895,-5.641,-5.320,4.817,-0.051,-1.543,-0.826,41.100,-46.200,-3.450,32.6
18:18:28.538,70949,-4.439,-5.593,5.942,0.213,-1.641,-0.715,41.100,-46.200,-3.450,32.6
18:18:28.591,71003,-4.219,-6.139,5.751,0.189,-1.613,-0.779,27.900,-49.500,-0.300,32.8
18:18:28.646,71057,-3.158,-5.885,7.336,0.058,-1.619,-0.811,27.900,-49.500,-0.300,32.8
18:18:28.700,71111,-2.291,-6.153,7.238,0.212,-1.567,-0.794,21.900,-50.550,1.350,32.9
18:18:28.754,71165,-2.057,-6.369,7.101,0.380,-1.437,-0.700,21.900,-50.550,1.350,33.1
18:18:28.808,71219,-0.864,-6.323,7.673,0.238,-1.397,-0.652,14.700,-49.950,2.700,32.8
18:18:28.862,71273,-0.239,-6.584,7.669,0.251,-1.351,-0.613,14.700,-49.950,2.700,32.8
18:18:28.915,71327,0.989,-6.110,8.253,0.105,-1.219,-0.534,14.700,-49.950,2.700,32.8
18:18:28.970,71381,0.603,-6.287,7.843,0.144,-1.113,-0.470,14.700,-49.950,2.700,32.6
18:18:29.024,71435,1.245,-5.923,8.444,-0.082,-1.045,-0.460,4.350,-48.300,1.800,32.8
18:18:29.078,71489,1.899,-5.808,8.114,-0.108,-1.060,-0.432,1.050,-49.050,0.000,32.8
18:18:29.132,71543,2.447,-5.830,7.597,-0.044,-1.025,-0.477,1.050,-49.050,0.000,32.8
18:18:29.185,71597,3.266,-5.926,7.673,0.225,-0.968,-0.454,1.050,-49.050,0.000,32.7
18:18:29.241,71651,3.620,-5.646,7.341,0.115,-0.989,-0.431,1.050,-49.050,0.000,32.8
18:18:29.293,71705,4.448,-5.361,7.290,-0.075,-1.087,-0.471,-4.800,-47.550,-1.350,32.8
18:18:29.347,71759,4.942,-5.550,6.742,-0.070,-1.045,-0.497,-4.800,-47.550,-1.350,32.9
18:18:29.402,71813,5.241,-5.164,7.022,-0.038,-0.974,-0.452,-8.550,-48.600,-3.900,32.8
18:18:29.456,71867,5.581,-5.617,6.412,-0.044,-0.897,-0.418,-8.550,-48.600,-3.900,32.6
18:18:29.510,71921,6.196,-5.502,6.278,0.015,-0.788,-0.379,-10.500,-49.200,-7.350,32.8
18:18:29.564,71975,6.230,-5.361,6.088,-0.055,-0.710,-0.330,-10.500,-49.200,-7.350,33.0
18:18:29.618,72029,6.531,-5.210,5.772,-0.101,-0.632,-0.303,-10.500,-49.200,-7.350,32.8
18:18:29.672,72083,6.948,-4.956,5.440,-0.082,-0.608,-0.275,-15.450,-46.950,-11.400,32.8
18:18:29.726,72137,7.128,-4.961,5.241,-0.018,-0.466,-0.245,-15.450,-46.950,-11.400,32.7
18:18:29.780,72191,7.199,-4.827,5.090,-0.125,-0.475,-0.222,-17.400,-44.850,-13.800,33.0
18:18:29.834,72245,7.468,-4.956,4.817,-0.097,-0.372,-0.179,-17.400,-44.850,-13.800,32.9
18:18:29.887,72299,7.410,-4.870,4.767,-0.070,-0.323,-0.153,-17.400,-44.850,-13.800,32.8
18:18:29.942,72353,7.511,-4.690,4.515,-0.058,-0.347,-0.148,-17.400,-44.850,-13.800,32.6
18:18:29.996,72407,7.834,-4.621,4.233,0.019,-0.271,-0.147,-18.300,-44.550,-16.200,33.0
18:18:30.049,72461,7.666,-4.535,4.178,0.035,-0.248,-0.128,-18.300,-44.550,-16.200,32.8
18:18:30.104,72515,7.642,-4.410,3.946,-0.073,-0.299,-0.149,-19.800,-45.750,-16.950,32.8
18:18:30.158,72569,7.989,-4.300,3.912,-0.159,-0.287,-0.116,-19.800,-45.750,-16.950,32.7
18:18:30.212,72623,8.076,-4.508,3.721,-0.115,-0.277,-0.130,-19.800,-44.250,-18.000,32.8
18:18:30.265,72677,7.954,-4.348,3.721,-0.041,-0.247,-0.134,-21.600,-44.850,-20.100,32.6
18:18:30.319,72731,8.246,-4.503,3.534,0.029,-0.245,-0.129,-21.600,-44.850,-20.100,32.8
18:18:30.374,72785,8.236,-4.353,3.357,0.026,-0.232,-0.107,-20.550,-44.550,-21.000,32.5
18:18:30.428,72839,8.229,-4.310,3.182,-0.008,-0.219,-0.103,-20.550,-44.550,-21.000,32.8
18:18:30.481,72893,8.212,-4.262,3.218,-0.007,-0.203,-0.096,-19.650,-44.400,-20.700,32.8
18:18:30.536,72947,8.387,-4.195,3.220,-0.013,-0.213,-0.088,-19.650,-44.400,-20.700,32.6
18:18:30.591,73001,8.389,-4.207,3.098,0.013,-0.148,-0.074,-19.650,-44.400,-20.700,33.0
18:18:30.644,73055,8.473,-4.199,3.115,0.021,-0.132,-0.077,-19.650,-44.400,-20.700,32.8
18:18:30.698,73109,8.545,-4.183,3.117,-0.010,-0.085,-0.049,-20.850,-46.650,-22.950,32.7
18:18:30.753,73163,8.442,-4.113,3.077,-0.069,-0.020,-0.005,-20.850,-46.650,-22.950,32.8
18:18:30.806,73217,8.662,-4.317,2.931,-0.013,-0.015,-0.018,-22.500,-45.000,-22.050,32.7
18:18:30.860,73271,8.904,-4.362,3.302,0.094,0.376,0.141,-22.500,-45.000,-22.050,32.8
18:18:30.914,73325,9.136,-4.827,3.776,0.195,0.799,0.374,-22.500,-45.000,-22.050,32.8
18:18:30.967,73379,8.442,-5.701,4.937,0.102,1.026,0.596,-21.750,-44.550,-19.500,32.8
18:18:31.022,73433,8.334,-5.452,5.160,0.009,1.310,0.783,-21.750,-44.550,-19.500,32.8
18:18:31.075,73487,8.095,-5.334,5.622,0.239,1.645,0.952,-16.500,-46.500,-16.200,32.8
18:18:31.130,73541,7.197,-5.365,6.002,0.260,1.847,1.013,-16.500,-46.500,-16.200,32.9
18:18:31.184,73595,6.266,-5.514,6.369,0.092,1.991,1.105,-11.700,-48.900,-8.850,32.8
18:18:31.238,73649,5.250,-5.641,7.005,-0.100,2.097,1.113,-11.700,-48.900,-8.850,32.8
18:18:31.292,73703,4.061,-5.947,7.501,-0.078,2.167,1.118,-11.700,-48.900,-8.850,32.8
18:18:31.346,73757,2.782,-5.926,7.472,0.049,2.274,1.041,-11.700,-48.900,-8.850,32.5
18:18:31.400,73811,1.796,-5.796,7.515,0.043,2.227,0.992,4.200,-50.850,-0.450,32.6
18:18:31.453,73865,0.706,-5.897,7.568,0.106,2.194,0.877,4.200,-50.850,-0.450,32.8
18:18:31.508,73919,-0.941,-5.806,6.934,0.123,2.106,0.787,11.850,-50.550,1.800,32.8
18:18:31.561,73973,-1.832,-5.732,7.144,0.007,2.008,0.745,11.850,-50.550,1.800,32.8
18:18:31.615,74027,-2.887,-5.830,6.476,-0.012,1.860,0.692,11.850,-50.550,1.800,32.8
18:18:31.669,74081,-3.953,-5.885,6.007,-0.061,1.674,0.665,25.200,-48.600,2.100,32.8
18:18:31.724,74135,-4.968,-5.411,5.425,-0.071,1.540,0.641,25.200,-48.600,2.100,33.0
18:18:31.778,74189,-5.368,-5.377,5.567,-0.165,1.369,0.616,32.400,-47.100,1.050,32.8
18:18:31.831,74243,-6.112,-5.483,4.848,0.035,1.334,0.552,32.400,-47.100,1.050,32.6
18:18:31.886,74297,-6.814,-4.975,4.513,0.014,1.266,0.527,32.400,-47.100,1.050,32.5
18:18:31.940,74351,-7.319,-4.793,4.120,-0.049,1.070,0.511,32.400,-47.100,1.050,32.7
18:18:31.994,74405,-7.415,-4.865,3.472,-0.087,0.879,0.460,41.100,-45.000,-3.450,32.8
18:18:32.047,74459,-7.867,-4.575,2.890,0.076,0.587,0.278,41.100,-45.000,-3.450,33.0
18:18:32.102,74513,-8.365,-4.238,2.547,0.059,0.229,0.148,44.700,-44.400,-5.100,32.8
18:18:32.155,74567,-8.260,-4.281,2.873,-0.072,-0.011,0.100,46.650,-43.500,-4.800,32.8
18:18:32.209,74621,-8.049,-4.415,3.077,-0.079,-0.166,0.003,46.650,-43.500,-4.800,32.8
18:18:32.263,74675,-8.045,-4.463,3.687,0.001,-0.167,-0.063,46.650,-43.500,-4.800,32.8
18:18:32.318,74729,-8.092,-4.688,3.651,0.011,-0.095,-0.070,46.650,-43.500,-4.800,32.6
18:18:32.372,74783,-8.080,-4.585,3.816,-0.003,-0.058,-0.020,45.600,-43.800,-5.550,32.5
18:18:32.426,74837,-8.138,-4.571,3.333,-0.015,-0.030,-0.050,45.600,-43.800,-5.550,33.0
18:18:32.480,74891,-8.126,-4.513,3.342,-0.078,-0.107,-0.072,45.900,-44.250,-5.250,32.8
18:18:32.534,74945,-7.958,-4.494,3.208,-0.029,-0.226,-0.100,45.900,-44.250,-5.250,32.8
18:18:32.588,74999,-7.819,-4.604,3.010,-0.099,-0.520,-0.263,45.900,-44.250,-5.250,32.8
18:18:32.641,75053,-7.776,-4.568,3.065,-0.128,-0.816,-0.354,45.900,-44.250,-5.250,32.8
18:18:32.696,75107,-7.286,-4.961,3.565,-0.079,-1.078,-0.481,42.000,-42.450,-4.650,32.8
18:18:32.750,75161,-6.601,-4.990,4.264,0.042,-1.272,-0.576,42.000,-42.450,-4.650,33.0
18:18:32.804,75215,-6.215,-5.368,4.405,0.145,-1.409,-0.684,38.550,-46.950,-2.250,32.6
18:18:32.857,75269,-5.734,-5.387,5.356,0.107,-1.500,-0.736,32.550,-48.450,-0.450,32.8
18:18:32.912,75323,-4.465,-5.650,6.687,-0.016,-1.492,-0.722,32.550,-48.450,-0.450,32.6
18:18:32.965,75377,-3.649,-5.739,7.123,0.064,-1.406,-0.710,27.300,-50.400,2.700,33.0
18:18:33.020,75431,-2.995,-6.445,6.881,-0.015,-1.315,-0.702,27.300,-50.400,2.700,32.8
18:18:33.074,75485,-2.263,-6.555,7.879,0.069,-1.216,-0.602,21.750,-49.650,2.250,32.6
18:18:33.128,75539,-2.430,-6.551,7.527,0.174,-1.084,-0.619,21.750,-49.650,2.250,32.9
18:18:33.182,75593,-1.475,-6.309,7.834,0.137,-0.984,-0.582,15.900,-50.250,2.100,32.8
18:18:33.236,75647,-0.862,-6.280,7.412,0.225,-1.003,-0.470,15.900,-50.250,2.100,32.7
18:18:33.290,75701,-0.330,-5.916,8.049,0.092,-0.966,-0.446,15.900,-50.250,2.100,32.6
18:18:33.343,75755,0.481,-6.136,7.647,0.006,-0.966,-0.470,15.900,-50.250,2.100,32.8
18:18:33.398,75809,0.852,-5.974,7.954,-0.087,-0.945,-0.472,8.250,-49.650,0.900,33.0
18:18:33.452,75863,1.221,-6.112,8.219,-0.103,-0.891,-0.421,4.050,-50.250,0.600,33.1
18:18:33.506,75917,1.355,-6.251,7.937,-0.027,-0.742,-0.437,4.050,-50.250,0.600,32.8
18:18:33.560,75971,1.856,-6.304,7.910,0.046,-0.669,-0.403,0.450,-49.950,-0.900,32.7
18:18:33.615,76025,2.160,-6.033,7.784,-0.005,-0.741,-0.366,0.450,-49.950,-0.900,32.8
18:18:33.668,76079,2.749,-6.206,7.484,0.019,-0.759,-0.355,-1.200,-49.950,-2.250,32.8
18:18:33.722,76133,3.349,-5.844,7.333,0.115,-0.696,-0.375,-1.200,-49.950,-2.250,32.5
18:18:33.776,76187,3.594,-5.703,7.001,0.056,-0.717,-0.365,-6.600,-48.300,-3.600,32.6
18:18:33.830,76241,4.010,-5.806,7.111,-0.030,-0.750,-0.367,-6.600,-48.300,-3.600,32.8
18:18:33.884,76295,4.714,-5.643,6.955,-0.086,-0.734,-0.385,-7.950,-47.700,-3.000,32.6
18:18:33.938,76349,4.863,-5.780,6.864,-0.026,-0.699,-0.330,-7.950,-47.700,-3.000,33.0
18:18:33.992,76403,5.100,-5.753,6.730,-0.015,-0.651,-0.334,-7.950,-47.700,-3.000,32.8
18:18:34.046,76457,5.746,-5.555,6.594,0.020,-0.675,-0.307,-11.700,-48.900,-7.800,32.7
18:18:34.100,76511,5.634,-5.423,6.093,-0.022,-0.634,-0.317,-11.700,-48.900,-7.800,32.7
18:18:34.154,76565,6.141,-5.167,5.978,-0.064,-0.572,-0.258,-13.650,-47.850,-11.700,32.8
18:18:34.208,76619,6.364,-5.449,5.926,-0.048,-0.481,-0.241,-13.650,-47.850,-11.700,32.5
18:18:34.262,76673,6.400,-5.112,5.844,-0.093,-0.465,-0.232,-13.650,-47.850,-11.700,32.7
18:18:34.316,76727,6.692,-5.203,5.507,-0.070,-0.463,-0.224,-13.650,-47.850,-11.700,33.0
18:18:34.370,76781,6.931,-5.049,5.373,-0.017,-0.447,-0.222,-16.200,-46.500,-14.400,32.8
18:18:34.423,76835,7.084,-5.066,4.987,0.132,-0.389,-0.246,-16.200,-46.500,-14.400,32.8
18:18:34.478,76889,7.092,-5.030,5.018,0.050,-0.334,-0.204,-16.950,-46.500,-12.600,33.0
18:18:34.531,76943,7.125,-4.939,4.774,-0.089,-0.333,-0.168,-16.950,-46.500,-12.600,32.8
18:18:34.586,76997,7.319,-4.867,4.882,-0.114,-0.320,-0.124,-18.300,-46.950,-15.900,32.6
18:18:34.640,77051,7.671,-4.970,4.551,0.020,-0.237,-0.101,-18.600,-45.150,-16.800,32.8
18:18:34.694,77105,7.381,-4.805,4.628,0.038,-0.191,-0.071,-18.600,-45.150,-16.800,32.8
18:18:34.748,77159,7.479,-4.762,4.396,-0.028,-0.200,-0.081,-18.300,-45.750,-17.250,32.5
18:18:34.802,77213,7.441,-4.530,4.290,-0.052,-0.249,-0.081,-18.300,-45.750,-17.250,33.0
18:18:34.856,77267,7.769,-4.477,4.274,-0.020,-0.280,-0.122,-19.650,-44.850,-17.100,32.6
18:18:34.910,77321,7.860,-4.611,4.077,0.019,-0.196,-0.110,-19.650,-44.850,-17.100,32.9
18:18:34.964,77375,7.786,-4.556,4.137,-0.038,-0.197,-0.097,-19.650,-44.850,-17.100,32.8
18:18:35.018,77429,7.855,-4.626,3.941,-0.038,-0.269,-0.128,-19.650,-44.850,-17.100,32.8
18:18:35.072,77483,8.083,-4.571,3.709,0.002,-0.250,-0.113,-20.250,-45.300,-20.550,32.8
18:18:35.125,77537,8.133,-4.408,3.606,0.045,-0.179,-0.098,-20.250,-45.300,-20.550,32.8
18:18:35.179,77591,8.162,-4.535,3.618,-0.001,-0.113,-0.055,-21.000,-44.550,-20.250,32.6
18:18:35.234,77645,7.956,-4.599,3.721,-0.033,-0.121,-0.055,-21.000,-44.550,-20.250,32.5
18:18:35.288,77699,8.207,-4.463,3.618,0.018,-0.107,-0.018,-21.000,-44.550,-20.250,32.9
18:18:35.341,77753,8.224,-4.482,3.546,0.076,-0.038,-0.013,-19.500,-45.000,-21.300,32.7
18:18:35.396,77807,8.296,-4.417,3.455,0.000,-0.068,-0.021,-19.500,-45.000,-21.300,33.0
18:18:35.449,77861,8.595,-4.544,3.563,0.080,0.155,0.081,-22.350,-44.400,-21.150,32.7
18:18:35.503,77915,8.593,-4.781,3.958,0.154,0.402,0.182,-22.350,-44.400,-21.150,32.6
18:18:35.558,77969,8.337,-4.999,4.973,0.139,0.855,0.416,-19.650,-46.350,-18.900,32.8
18:18:35.612,78023,7.769,-5.646,5.550,0.086,1.027,0.576,-19.650,-46.350,-18.900,32.9
18:18:35.666,78077,7.314,-5.349,5.516,-0.044,1.128,0.703,-19.650,-46.350,-18.900,32.5
18:18:35.720,78131,7.056,-5.277,5.701,0.161,1.415,0.791,-19.650,-46.350,-18.900,32.6
18:18:35.774,78185,6.476,-5.198,6.048,0.095,1.556,0.825,-14.100,-47.850,-12.300,33.1
18:18:35.827,78239,5.938,-5.459,6.290,-0.079,1.646,0.836,-14.100,-47.850,-12.300,32.8
18:18:35.882,78293,5.152,-5.756,6.974,-0.103,1.735,0.836,-8.700,-50.400,-7.050,32.8
18:18:35.935,78347,3.960,-6.182,7.276,0.119,1.920,0.792,-8.700,-50.400,-7.050,32.8
18:18:35.990,78401,3.436,-6.057,7.875,0.338,1.960,0.729,-8.700,-50.400,-7.050,32.9
18:18:36.044,78455,1.772,-5.897,7.439,0.254,1.929,0.746,1.050,-51.750,-0.300,33.0
18:18:36.097,78509,0.792,-5.804,7.496,-0.006,1.893,0.724,1.050,-51.750,-0.300,32.8
18:18:36.151,78563,-0.156,-5.916,7.424,-0.144,1.822,0.668,8.250,-49.200,2.700,32.6
18:18:36.205,78617,-1.269,-5.847,7.264,-0.177,1.706,0.631,8.250,-49.200,2.700,32.8
18:18:36.260,78671,-2.203,-5.818,7.010,-0.175,1.624,0.599,14.400,-49.800,5.100,32.8
18:18:36.314,78725,-2.753,-5.933,6.867,-0.149,1.541,0.586,14.400,-49.800,5.100,32.9
18:18:36.368,78779,-3.859,-6.043,6.364,-0.016,1.488,0.572,20.400,-49.050,2.850,32.8
18:18:36.422,78833,-4.334,-5.878,6.416,0.027,1.443,0.517,20.400,-49.050,2.850,32.6
18:18:36.477,78887,-5.121,-5.535,5.437,0.069,1.361,0.515,27.000,-48.900,1.500,33.0
18:18:36.530,78941,-5.368,-5.646,5.504,-0.090,1.208,0.552,31.650,-48.600,1.050,33.0
18:18:36.584,78995,-6.105,-5.387,4.863,-0.218,1.071,0.582,31.650,-48.600,1.050,33.0
18:18:36.638,79049,-6.479,-5.363,4.578,-0.175,1.046,0.495,31.650,-48.600,1.050,32.5
18:18:36.692,79103,-6.754,-5.394,4.415,-0.046,0.951,0.435,31.650,-48.600,1.050,32.8
18:18:36.747,79157,-7.523,-4.800,3.682,0.089,0.903,0.395,38.850,-46.200,-3.750,32.8
18:18:36.800,79211,-7.913,-4.566,2.899,0.017,0.626,0.314,38.850,-46.200,-3.750,32.9
18:18:36.854,79265,-7.922,-4.439,2.413,-0.161,0.228,0.150,42.900,-43.800,-3.450,33.0
18:18:36.907,79319,-8.124,-4.568,2.863,-0.303,-0.234,-0.087,42.900,-43.800,-3.450,32.8
18:18:36.962,79373,-7.815,-4.990,3.630,-0.013,-0.286,-0.172,44.400,-44.550,-4.800,32.8
18:18:37.016,79427,-7.762,-5.279,4.008,0.220,-0.182,-0.080,44.400,-44.550,-4.800,32.6
18:18:37.070,79481,-7.920,-4.954,3.814,0.164,-0.080,0.064,42.000,-45.150,-5.100,32.6
18:18:37.124,79535,-7.772,-4.774,3.859,-0.015,-0.105,0.078,42.000,-45.150,-5.100,32.8
18:18:37.178,79589,-7.800,-4.583,3.675,-0.092,-0.144,-0.013,42.600,-44.250,-2.700,32.8
18:18:37.232,79643,-7.831,-4.381,3.397,-0.066,-0.294,-0.133,42.000,-47.100,-3.900,32.8
18:18:37.286,79697,-7.807,-4.530,3.100,-0.170,-0.645,-0.299,42.000,-47.100,-3.900,32.7
18:18:37.340,79751,-7.386,-5.080,3.582,-0.152,-0.873,-0.432,42.000,-47.100,-3.900,32.8
18:18:37.394,79805,-6.622,-5.329,4.417,0.004,-1.047,-0.551,42.000,-47.100,-3.900,32.8
18:18:37.448,79859,-6.613,-5.124,4.666,0.189,-1.136,-0.571,36.000,-47.100,-2.550,33.1
18:18:37.502,79913,-5.780,-5.294,5.476,0.076,-1.231,-0.608,36.000,-47.100,-2.550,32.6
18:18:37.556,79967,-5.037,-5.868,5.674,0.110,-1.280,-0.616,30.450,-49.500,1.350,32.7
18:18:37.609,80021,-4.408,-5.844,6.357,0.152,-1.240,-0.643,30.450,-49.500,1.350,32.5
18:18:37.664,80075,-4.156,-5.990,6.369,0.195,-1.213,-0.640,30.450,-49.500,1.350,32.8
18:18:37.717,80129,-2.923,-5.854,7.221,0.184,-1.277,-0.606,30.450,-49.500,1.350,32.8
18:18:37.772,80183,-3.093,-6.263,7.106,0.203,-1.306,-0.638,19.800,-49.650,3.750,32.8
18:18:37.826,80237,-1.937,-6.067,7.719,0.117,-1.241,-0.658,14.400,-48.600,4.350,32.7
18:18:37.880,80291,-1.094,-6.112,7.398,0.072,-1.160,-0.692,14.400,-48.600,4.350,32.8
18:18:37.934,80345,-0.333,-5.777,7.822,-0.133,-1.170,-0.682,8.700,-49.950,3.000,33.0
18:18:37.988,80399,0.204,-6.323,7.894,0.046,-1.136,-0.581,8.700,-49.950,3.000,32.8
18:18:38.042,80453,0.421,-6.299,7.748,0.220,-1.073,-0.537,8.700,-49.950,3.000,32.6
18:18:38.096,80507,1.053,-6.330,7.614,0.226,-1.073,-0.515,8.700,-49.950,3.000,32.6
18:18:38.150,80561,2.078,-5.950,7.819,0.187,-1.115,-0.458,0.150,-49.200,0.900,32.8
18:18:38.204,80615,2.677,-5.878,7.566,0.098,-1.116,-0.463,0.150,-49.200,0.900,32.8
18:18:38.257,80669,3.235,-5.669,7.633,0.034,-1.083,-0.445,-5.700,-48.000,0.150,32.9
18:18:38.311,80723,3.874,-5.878,7.484,0.066,-0.953,-0.440,-5.700,-48.000,0.150,32.7
18:18:38.365,80777,4.195,-5.665,7.817,0.017,-0.930,-0.400,-5.700,-48.000,0.150,32.9
18:18:38.420,80831,4.269,-5.622,7.381,-0.106,-0.972,-0.388,-10.500,-48.450,-5.550,32.8
18:18:38.474,80885,5.394,-5.447,6.946,-0.078,-0.885,-0.374,-10.500,-48.450,-5.550,33.0
18:18:38.528,80939,5.897,-5.406,6.584,0.033,-0.765,-0.376,-13.350,-48.600,-7.200,32.6
18:18:38.583,80993,5.741,-5.320,6.457,-0.075,-0.711,-0.330,-13.350,-48.600,-7.200,32.8
18:18:38.635,81047,6.127,-5.428,6.220,-0.144,-0.700,-0.279,-17.100,-46.350,-9.450,32.8
18:18:38.690,81101,6.694,-5.277,5.954,-0.031,-0.619,-0.274,-17.100,-46.350,-9.450,32.8
18:18:38.743,81155,6.565,-5.157,5.559,0.007,-0.505,-0.249,-17.100,-46.350,-9.450,32.8
18:18:38.798,81209,6.677,-4.925,5.418,0.046,-0.528,-0.234,-17.100,-46.350,-9.450,32.8
18:18:38.852,81263,7.092,-4.829,5.126,-0.052,-0.492,-0.209,-18.600,-45.150,-13.050,33.0
18:18:38.906,81317,7.118,-4.793,5.006,-0.102,-0.458,-0.200,-18.600,-45.150,-13.050,32.7
18:18:38.959,81371,7.338,-4.810,4.922,-0.097,-0.430,-0.183,-18.150,-46.350,-14.250,32.8
18:18:39.014,81425,7.417,-4.839,4.846,-0.028,-0.363,-0.165,-18.150,-46.350,-14.250,32.8
18:18:39.068,81479,7.535,-4.764,4.587,0.060,-0.318,-0.142,-18.150,-46.350,-14.250,32.8
18:18:39.122,81533,7.441,-4.652,4.357,-0.008,-0.309,-0.155,-20.550,-44.550,-17.700,33.0
18:18:39.176,81587,7.772,-4.484,4.283,-0.073,-0.289,-0.120,-20.550,-44.550,-17.700,33.0
18:18:39.231,81641,7.793,-4.559,4.199,-0.104,-0.283,-0.110,-19.800,-45.000,-20.250,32.9
18:18:39.284,81695,7.932,-4.499,4.092,0.005,-0.282,-0.122,-19.800,-45.000,-20.250,32.8
18:18:39.338,81749,7.836,-4.322,3.819,0.035,-0.242,-0.115,-19.650,-45.600,-17.550,32.9
18:18:39.392,81803,8.102,-4.492,3.618,0.008,-0.244,-0.119,-19.650,-45.600,-17.550,32.8
18:18:39.446,81857,8.088,-4.386,3.601,-0.020,-0.237,-0.102,-22.500,-43.800,-20.250,32.6
18:18:39.500,81911,8.191,-4.329,3.577,-0.060,-0.217,-0.095,-22.500,-43.800,-20.250,32.6
18:18:39.553,81965,8.224,-4.295,3.443,0.003,-0.159,-0.079,-21.900,-42.900,-22.200,32.7
18:18:39.608,82019,8.315,-4.204,3.383,0.002,-0.147,-0.063,-21.900,-42.900,-22.200,33.0
18:18:39.662,82073,8.159,-4.235,3.292,-0.042,-0.129,-0.060,-20.550,-43.050,-21.750,32.6
18:18:39.716,82127,8.377,-4.132,3.378,-0.043,-0.110,-0.041,-20.550,-43.050,-21.750,32.8
18:18:39.770,82181,8.384,-4.221,3.407,-0.022,-0.136,-0.035,-20.550,-43.050,-21.750,32.7
18:18:39.824,82235,8.320,-4.257,3.242,-0.014,-0.128,-0.030,-23.250,-44.250,-23.100,32.8
18:18:39.877,82289,8.576,-4.190,2.995,0.084,-0.086,-0.022,-23.250,-44.250,-23.100,32.9
18:18:39.932,82343,8.320,-4.108,3.127,-0.058,-0.073,-0.007,-23.400,-42.450,-24.750,32.6
18:18:39.986,82397,8.459,-4.168,3.048,-0.030,-0.058,0.003,-23.400,-42.450,-24.750,32.6
18:18:40.040,82451,8.545,-4.142,3.096,0.049,0.030,0.013,-21.600,-43.950,-24.750,32.8
18:18:40.094,82505,8.904,-4.171,3.328,0.079,0.153,0.042,-21.600,-43.950,-24.750,32.8
18:18:40.148,82559,9.033,-4.645,3.565,0.115,0.564,0.212,-22.800,-43.050,-23.100,32.8
18:18:40.202,82613,8.337,-5.047,4.767,-0.041,0.903,0.364,-22.800,-43.050,-23.100,32.9
18:18:40.255,82667,8.116,-5.375,5.215,-0.148,1.085,0.559,-21.900,-43.950,-19.350,32.8
18:18:40.309,82721,8.124,-5.401,5.349,-0.035,1.370,0.731,-18.300,-44.550,-16.950,33.0
18:18:40.363,82775,7.731,-5.227,5.600,0.152,1.585,0.828,-18.300,-44.550,-16.950,32.8
18:18:40.417,82829,7.089,-5.365,5.875,0.033,1.763,0.860,-18.300,-44.550,-16.950,32.7
18:18:40.471,82883,6.112,-5.430,6.270,-0.046,1.841,0.863,-18.300,-44.550,-16.950,32.8
18:18:40.526,82937,4.865,-5.686,6.620,-0.182,1.814,0.821,-9.750,-48.000,-7.350,32.8
18:18:40.580,82991,3.979,-5.768,7.072,-0.056,1.836,0.790,-9.750,-48.000,-7.350,33.0
18:18:40.634,83045,3.067,-5.942,7.350,0.078,1.784,0.739,-5.400,-48.000,-5.250,32.5
18:18:40.688,83099,2.224,-6.151,7.367,0.067,1.796,0.669,-5.400,-48.000,-5.250,32.5
18:18:40.741,83153,1.065,-6.184,7.448,0.027,1.764,0.654,-5.400,-48.000,-5.250,32.9
18:18:40.796,83207,0.093,-6.199,7.477,-0.063,1.673,0.591,-5.400,-48.000,-5.250,32.8
18:18:40.850,83261,-0.838,-5.930,7.214,0.012,1.600,0.542,6.450,-49.200,1.200,32.8
18:18:40.904,83315,-1.571,-6.266,7.068,-0.046,1.514,0.504,12.600,-49.500,2.100,32.6
18:18:40.958,83369,-2.236,-6.158,6.876,0.082,1.418,0.479,12.600,-49.500,2.100,32.6
18:18:41.011,83423,-2.995,-6.218,6.646,-0.030,1.324,0.469,16.650,-50.250,3.900,32.8
18:18:41.066,83477,-3.747,-6.086,6.527,-0.070,1.260,0.447,16.650,-50.250,3.900,32.8
18:18:41.120,83531,-4.197,-6.053,6.117,-0.090,1.182,0.479,16.650,-50.250,3.900,32.9
18:18:41.174,83585,-4.717,-5.796,6.153,-0.165,1.106,0.463,16.650,-50.250,3.900,32.6
18:18:41.228,83639,-5.277,-5.703,5.897,-0.107,1.055,0.458,26.700,-49.050,3.150,32.9
18:18:41.281,83693,-5.851,-5.698,5.095,-0.109,0.891,0.402,26.700,-49.050,3.150,32.8
18:18:41.336,83747,-6.206,-5.622,4.925,-0.140,0.799,0.387,32.100,-48.900,3.000,32.8
18:18:41.390,83801,-6.469,-5.646,4.717,-0.062,0.746,0.408,32.100,-48.900,3.000,32.6
18:18:41.443,83855,-7.111,-5.337,4.319,-0.017,0.744,0.377,32.100,-48.900,3.000,32.5
18:18:41.497,83909,-7.496,-4.999,3.551,-0.029,0.652,0.349,32.100,-48.900,3.000,32.7
18:18:41.552,83963,-7.697,-4.590,3.191,-0.159,0.324,0.200,38.250,-46.650,-0.300,32.7
18:18:41.605,84017,-7.551,-4.645,3.251,-0.257,-0.056,0.000,40.200,-46.350,-2.100,32.7
18:18:41.660,84071,-7.389,-5.179,3.654,-0.036,-0.220,-0.184,40.200,-46.350,-2.100,32.8
18:18:41.715,84125,-7.353,-5.327,4.221,0.182,-0.181,-0.106,39.600,-46.200,-0.450,33.0
18:18:41.768,84179,-7.460,-5.418,4.338,0.182,-0.060,0.037,39.600,-46.200,-0.450,32.8
18:18:41.821,84233,-7.673,-5.133,4.099,-0.008,-0.025,0.066,40.050,-46.950,0.900,33.0
18:18:41.876,84287,-7.324,-4.970,3.725,-0.147,-0.155,0.004,40.050,-46.950,0.900,32.9
18:18:41.930,84341,-7.511,-4.958,3.168,-0.206,-0.417,-0.148,38.850,-47.700,0.450,32.8
18:18:41.983,84395,-7.130,-5.167,3.503,-0.256,-0.759,-0.256,38.850,-47.700,0.450,32.8
18:18:42.038,84449,-6.723,-5.349,3.934,-0.107,-1.060,-0.395,38.100,-47.700,-0.900,33.0
18:18:42.092,84503,-6.469,-5.456,4.216,0.173,-1.174,-0.569,38.100,-47.700,-0.900,32.9
18:18:42.146,84557,-5.409,-5.528,5.447,0.106,-1.292,-0.654,38.100,-47.700,-0.900,33.0
18:18:42.200,84611,-5.341,-5.959,5.236,0.323,-1.373,-0.626,27.300,-48.900,3.000,32.8
18:18:42.254,84665,-4.573,-5.780,6.404,0.257,-1.338,-0.654,27.300,-48.900,3.000,32.7
18:18:42.308,84719,-3.539,-5.751,6.850,0.246,-1.272,-0.598,21.600,-49.800,5.100,32.8
18:18:42.361,84773,-2.919,-6.026,6.931,0.081,-1.282,-0.546,21.600,-49.800,5.100,32.6
18:18:42.416,84827,-2.543,-6.529,7.302,0.059,-1.233,-0.593,17.250,-50.400,4.800,32.8
18:18:42.469,84881,-1.925,-6.165,7.678,0.042,-1.106,-0.568,17.250,-50.400,4.800,32.8
18:18:42.524,84935,-1.221,-6.527,7.456,0.154,-1.102,-0.501,10.350,-50.550,3.900,32.7
18:18:42.579,84989,-0.491,-6.314,7.776,-0.004,-1.100,-0.529,10.350,-50.550,3.900,32.9
18:18:42.632,85043,0.620,-6.088,7.740,0.071,-1.127,-0.506,5.850,-49.800,2.850,32.9
18:18:42.686,85097,0.699,-6.407,7.829,0.120,-1.005,-0.476,5.850,-49.800,2.850,32.8
18:18:42.740,85151,1.393,-6.218,7.982,0.018,-0.970,-0.462,0.600,-50.250,2.100,32.9
18:18:42.793,85205,1.925,-6.160,7.695,-0.089,-0.930,-0.434,0.600,-50.250,2.100,32.7
18:18:42.848,85259,2.085,-6.266,7.463,-0.160,-0.910,-0.427,0.600,-50.250,2.100,32.6
18:18:42.902,85313,2.804,-6.203,7.345,-0.044,-0.859,-0.453,-4.650,-49.650,-1.950,32.8
18:18:42.956,85367,3.072,-5.990,7.281,-0.015,-0.886,-0.436,-4.650,-49.650,-1.950,33.0
18:18:43.010,85421,3.709,-5.988,7.173,-0.022,-0.975,-0.426,-8.250,-47.250,-5.250,32.9
18:18:43.065,85475,4.159,-6.021,6.819,0.053,-0.875,-0.422,-8.250,-47.250,-5.250,33.0
18:18:43.118,85529,4.678,-5.866,7.027,0.023,-0.801,-0.396,-10.500,-48.000,-6.750,32.8
18:18:43.171,85583,4.867,-5.849,6.419,-0.002,-0.787,-0.363,-10.500,-48.000,-6.750,33.0
18:18:43.225,85637,5.152,-5.739,6.424,-0.125,-0.718,-0.338,-13.350,-48.300,-9.450,33.0
18:18:43.280,85691,5.777,-5.713,6.115,0.044,-0.665,-0.326,-13.350,-48.300,-9.450,32.5
18:18:43.334,85745,6.067,-5.638,5.921,0.006,-0.584,-0.291,-14.250,-46.500,-11.850,32.8
18:18:43.388,85799,5.981,-5.464,5.638,-0.044,-0.583,-0.312,-14.250,-46.500,-11.850,32.8
18:18:43.442,85853,6.369,-5.399,5.497,-0.038,-0.582,-0.281,-16.950,-45.300,-12.900,32.8
18:18:43.495,85907,6.725,-5.270,5.370,0.056,-0.538,-0.250,-16.950,-45.300,-12.900,32.9
18:18:43.550,85961,6.498,-5.066,5.296,-0.018,-0.582,-0.241,-16.950,-45.300,-12.900,32.8
18:18:43.604,86015,7.041,-5.028,5.069,0.038,-0.563,-0.256,-18.150,-45.900,-16.350,32.8
18:18:43.658,86069,7.278,-4.894,4.662,-0.056,-0.501,-0.197,-18.150,-45.900,-16.350,32.8
18:18:43.712,86123,7.441,-5.030,4.645,0.019,-0.472,-0.213,-19.650,-45.600,-17.850,32.8
18:18:43.767,86177,7.582,-4.803,4.422,0.064,-0.366,-0.164,-19.650,-45.600,-17.850,32.4
18:18:43.820,86231,7.523,-4.781,4.274,-0.054,-0.352,-0.145,-19.650,-45.600,-17.850,32.6
18:18:43.873,86285,7.906,-4.681,4.154,-0.077,-0.307,-0.134,-19.650,-45.600,-17.850,32.8
18:18:43.928,86339,7.865,-4.769,4.135,-0.126,-0.217,-0.090,-22.500,-44.550,-19.800,32.8
18:18:43.981,86393,7.693,-4.676,4.051,-0.130,-0.221,-0.062,-22.500,-44.550,-19.800,32.8
18:18:44.036,86447,8.061,-4.664,3.666,0.040,-0.216,-0.095,-22.050,-43.800,-23.100,32.9
18:18:44.090,86501,7.956,-4.472,3.680,0.100,-0.145,-0.076,-22.350,-45.600,-22.650,32.8
18:18:44.145,86555,7.910,-4.662,3.560,-0.013,-0.175,-0.059,-22.350,-45.600,-22.650,32.8
18:18:44.198,86609,7.961,-4.566,3.548,-0.063,-0.202,-0.063,-22.350,-45.600,-22.650,33.0
18:18:44.252,86663,8.231,-4.458,3.436,0.022,-0.155,-0.071,-22.350,-45.600,-22.650,32.7
18:18:44.306,86717,8.049,-4.408,3.467,0.025,-0.118,-0.030,-21.900,-43.650,-24.450,32.8
18:18:44.360,86771,8.193,-4.568,3.541,0.022,-0.043,-0.024,-21.900,-43.650,-24.450,32.8
18:18:44.414,86825,8.217,-4.664,3.486,-0.035,0.042,-0.004,-20.550,-44.550,-26.100,32.8
18:18:44.468,86879,8.440,-4.561,3.821,0.055,0.173,0.060,-20.550,-44.550,-26.100,33.0
18:18:44.522,86933,8.468,-4.958,4.051,0.115,0.435,0.169,-20.550,-44.550,-26.100,32.6
18:18:44.576,86987,8.145,-5.066,4.319,0.010,0.626,0.267,-20.550,-44.550,-26.100,32.8
18:18:44.629,87041,8.088,-5.329,4.609,-0.035,0.847,0.405,-21.150,-45.150,-21.150,32.8
18:18:44.684,87095,7.587,-5.485,5.040,0.026,1.015,0.518,-20.100,-47.100,-19.350,32.8
18:18:44.738,87149,6.953,-5.262,5.183,0.055,1.096,0.586,-20.100,-47.100,-19.350,32.5
18:18:44.792,87203,7.084,-5.258,5.394,-0.048,1.182,0.637,-16.200,-46.200,-15.150,32.5
18:18:44.846,87257,6.534,-5.497,5.811,-0.029,1.305,0.641,-16.200,-46.200,-15.150,32.8
18:18:44.899,87311,5.727,-5.748,6.206,0.013,1.449,0.631,-16.200,-46.200,-15.150,32.6
18:18:44.954,87365,5.064,-5.784,6.390,-0.010,1.517,0.621,-16.200,-46.200,-15.150,32.6
18:18:45.007,87419,4.118,-6.122,6.931,-0.177,1.529,0.673,-10.050,-48.300,-7.650,32.8
18:18:45.062,87473,3.608,-6.292,7.257,-0.172,1.616,0.659,-10.050,-48.300,-7.650,32.8
18:18:45.115,87527,2.610,-6.364,7.324,-0.065,1.610,0.644,-5.850,-49.800,-6.150,32.8
18:18:45.170,87581,1.767,-6.304,7.242,-0.094,1.617,0.613,-5.850,-49.800,-6.150,32.8
18:18:45.223,87635,1.099,-6.464,7.374,-0.082,1.604,0.581,-5.850,-49.800,-6.150,32.6
