timestamp,elapsed_ms,accel_x_ms2,accel_y_ms2,accel_z_ms2,gyro_x_rads,gyro_y_rads,gyro_z_rads,mag_x_uT,mag_y_uT,mag_z_uT,temp_c,
18:49:17.645,60852,5.780,-5.710,-5.112,-0.067,0.342,-0.253,-54.900,-21.000,-8.850,34.8
18:49:17.646,60906,5.813,-5.811,-4.393,-0.032,0.427,-0.326,-54.900,-21.000,-8.850,35.0
18:49:17.646,60960,6.598,-5.399,-4.427,-0.091,0.626,-0.403,-54.900,-21.000,-8.850,35.2
18:49:17.647,61014,6.938,-5.234,-4.341,0.076,0.602,-0.462,-55.800,-15.750,-2.550,35.1
18:49:17.647,61068,7.178,-5.787,-4.367,0.123,0.433,-0.398,-55.800,-15.750,-2.550,35.3
18:49:17.648,61122,7.080,-5.511,-4.156,0.201,0.513,-0.381,-55.950,-11.700,2.700,35.1
18:49:17.648,61176,7.422,-5.365,-3.725,0.223,0.528,-0.375,-55.950,-11.700,2.700,35.1
18:49:17.649,61230,7.985,-5.030,-3.570,0.145,0.370,-0.306,-56.550,-8.100,5.100,35.2
18:49:17.649,61284,8.083,-5.183,-3.316,0.287,0.204,-0.265,-56.550,-8.100,5.100,35.1
18:49:17.650,61338,7.786,-5.576,-3.275,0.305,0.126,-0.217,-56.700,-5.850,6.750,34.8
18:49:17.650,61392,7.872,-5.076,-3.108,0.278,0.096,-0.132,-56.700,-5.850,6.750,34.7
18:49:17.651,61446,8.030,-5.416,-3.084,0.264,-0.136,0.003,-56.700,-5.850,6.750,35.2
18:49:17.651,61500,7.906,-5.296,-2.844,0.145,-0.203,0.090,-56.700,-5.850,6.750,35.3
18:49:17.652,61554,7.800,-5.112,-2.981,0.017,-0.180,0.146,-56.700,-5.850,6.750,35.0
18:49:17.652,61608,7.659,-4.899,-3.043,-0.074,-0.219,0.209,-56.700,-5.850,6.750,35.1
18:49:17.652,61662,7.908,-5.346,-3.508,-0.111,-0.327,0.203,-56.250,-5.400,7.650,35.1
18:49:17.653,61716,7.458,-5.514,-3.555,-0.058,-0.262,0.133,-56.550,-6.450,5.400,35.2
18:49:17.653,61770,7.192,-5.205,-3.397,-0.090,-0.195,0.133,-56.550,-6.450,5.400,35.2
18:49:17.654,61824,7.324,-5.456,-3.792,-0.024,-0.197,0.120,-55.950,-7.050,3.450,34.9
18:49:17.654,61878,7.460,-5.040,-3.634,-0.031,-0.172,0.101,-55.950,-7.050,3.450,34.9
18:49:17.655,61932,6.910,-5.198,-3.737,0.034,-0.112,0.040,-56.250,-9.150,2.100,35.1
18:49:17.655,61986,7.142,-5.397,-3.529,-0.014,-0.047,-0.014,-56.250,-9.150,2.100,35.0
18:49:17.656,62040,7.226,-5.104,-3.546,-0.092,0.029,-0.027,-56.250,-9.150,2.100,35.0
18:49:17.656,62094,7.365,-5.243,-3.809,-0.126,0.044,-0.064,-56.250,-9.150,2.100,35.1
18:49:17.657,62148,7.317,-5.373,-3.658,-0.153,0.072,-0.093,-56.550,-8.100,2.550,35.0
18:49:17.657,62202,7.137,-5.705,-3.792,-0.134,0.095,-0.087,-56.550,-8.100,2.550,34.9
18:49:17.658,62256,7.242,-5.303,-3.812,-0.064,0.080,-0.051,-56.250,-7.650,1.350,35.2
18:49:17.658,62310,7.353,-5.471,-3.974,0.006,0.038,0.010,-57.450,-5.550,4.800,34.9
18:49:17.659,62364,7.417,-5.064,-4.001,0.013,-0.002,0.007,-57.450,-5.550,4.800,35.0
18:49:17.659,62418,7.163,-5.200,-3.819,0.035,-0.008,-0.015,-57.900,-8.250,3.000,35.0
18:49:17.660,62472,7.345,-5.284,-3.903,0.033,-0.003,-0.011,-57.900,-8.250,3.000,35.2
18:49:17.660,62526,7.525,-5.155,-3.790,0.042,0.035,-0.024,-57.900,-8.250,3.000,34.9
18:49:17.661,62580,7.436,-5.104,-4.013,-0.005,-0.016,-0.021,-57.900,-8.250,3.000,35.1
18:49:17.661,62634,7.336,-5.092,-3.768,0.068,0.012,-0.019,-56.400,-8.250,2.700,35.1
18:49:17.661,62688,7.582,-5.186,-3.512,0.007,0.055,-0.023,-56.400,-8.250,2.700,34.8
18:49:17.662,62742,7.743,-5.382,-3.670,0.024,-0.049,0.012,-56.700,-7.500,4.500,35.2
18:49:17.662,62796,7.487,-5.397,-3.531,0.041,-0.037,-0.003,-56.700,-7.500,4.500,35.0
18:49:17.663,62850,7.338,-5.368,-3.551,0.082,0.040,0.002,-56.550,-6.900,2.550,35.2
18:49:17.717,62904,7.515,-4.966,-3.589,0.112,0.086,-0.018,-55.650,-8.250,2.700,34.9
18:49:17.770,62958,7.405,-4.944,-3.407,0.096,0.042,-0.015,-55.650,-8.250,2.700,35.1
18:49:17.825,63012,7.501,-5.195,-3.417,0.081,0.013,-0.025,-57.000,-6.900,2.550,35.0
18:49:17.879,63066,7.439,-5.456,-3.519,0.063,-0.002,-0.036,-57.000,-6.900,2.550,35.1
18:49:17.934,63120,7.456,-5.148,-3.512,0.029,-0.019,-0.035,-57.000,-6.900,2.550,34.9
18:49:17.986,63174,7.460,-5.528,-3.903,-0.059,-0.233,0.056,-57.000,-6.900,2.550,35.1
18:49:18.041,63228,7.556,-5.751,-4.322,-0.184,-0.423,0.189,-57.300,-9.600,4.350,35.0
18:49:18.095,63282,7.257,-5.868,-4.800,-0.256,-0.630,0.340,-57.300,-9.600,4.350,34.9
18:49:18.149,63336,6.893,-5.966,-5.409,-0.273,-0.952,0.554,-58.050,-9.600,-1.050,35.1
18:49:18.203,63390,6.472,-6.677,-6.072,-0.305,-1.067,0.660,-58.050,-9.600,-1.050,34.8
18:49:18.257,63444,6.017,-6.043,-5.538,-0.213,-1.228,0.778,-55.800,-14.250,-9.450,35.1
18:49:18.311,63498,5.689,-6.474,-6.012,-0.144,-1.269,0.873,-55.800,-14.250,-9.450,35.0
18:49:18.365,63552,5.341,-6.658,-6.136,0.052,-1.331,0.918,-55.500,-19.650,-16.350,35.1
18:49:18.420,63606,4.772,-6.639,-6.673,0.133,-1.480,0.941,-49.650,-27.150,-25.650,35.3
18:49:18.474,63660,3.555,-6.548,-6.931,0.124,-1.523,0.933,-49.650,-27.150,-25.650,35.0
18:49:18.528,63714,2.325,-6.699,-7.269,0.146,-1.562,0.922,-49.650,-27.150,-25.650,34.8
18:49:18.581,63768,1.585,-6.910,-7.408,0.178,-1.586,0.875,-49.650,-27.150,-25.650,35.0
18:49:18.635,63822,0.795,-6.594,-6.886,0.066,-1.560,0.785,-33.150,-38.250,-39.750,35.2
18:49:18.689,63876,-0.239,-6.572,-6.495,0.122,-1.563,0.745,-33.150,-38.250,-39.750,35.0
18:49:18.742,63930,-1.080,-6.833,-6.467,0.071,-1.479,0.701,-24.750,-42.300,-45.150,35.0
18:49:18.796,63984,-1.776,-6.531,-5.964,0.035,-1.407,0.604,-24.750,-42.300,-45.150,34.8
18:49:18.850,64038,-2.452,-6.879,-5.969,0.049,-1.381,0.568,-15.150,-42.450,-47.400,35.1
18:49:18.904,64092,-3.168,-6.912,-6.136,0.060,-1.243,0.539,-15.150,-42.450,-47.400,35.1
18:49:18.958,64146,-3.943,-6.651,-5.806,0.018,-1.177,0.493,-7.800,-45.150,-49.650,35.0
18:49:19.014,64200,-4.202,-6.565,-5.485,-0.027,-1.135,0.443,-7.800,-45.150,-49.650,34.8
18:49:19.066,64254,-4.980,-6.038,-5.042,-0.019,-1.027,0.432,-7.800,-45.150,-49.650,34.7
18:49:19.121,64308,-5.461,-6.144,-4.922,-0.014,-0.988,0.353,3.600,-45.600,-50.400,35.3
18:49:19.174,64362,-5.557,-6.218,-4.099,0.115,-0.879,0.335,3.600,-45.600,-50.400,35.1
18:49:19.230,64416,-6.026,-6.249,-4.262,0.028,-0.749,0.292,7.800,-44.850,-49.350,34.9
18:49:19.284,64470,-6.414,-6.165,-3.948,0.119,-0.684,0.289,7.800,-44.850,-49.350,35.1
18:49:19.336,64524,-6.596,-6.215,-3.663,0.111,-0.682,0.261,12.150,-45.900,-48.600,35.1
18:49:19.391,64578,-6.996,-5.954,-3.144,0.099,-0.619,0.306,12.150,-45.900,-48.600,35.1
18:49:19.445,64632,-7.017,-5.887,-2.794,0.129,-0.584,0.275,16.500,-45.000,-46.950,35.0
18:49:19.500,64686,-6.970,-5.717,-2.272,0.159,-0.383,0.123,16.500,-45.000,-46.950,34.8
18:49:19.552,64740,-6.979,-5.442,-2.265,0.224,-0.110,-0.021,17.250,-45.300,-46.500,35.1
18:49:19.607,64794,-7.202,-5.428,-2.373,0.265,0.107,-0.148,17.250,-45.300,-46.500,35.3
18:49:19.662,64848,-7.264,-6.036,-2.856,0.095,0.132,-0.184,17.250,-45.300,-46.500,35.0
18:49:19.715,64902,-7.365,-6.155,-2.964,-0.031,0.106,-0.136,15.750,-45.750,-44.700,35.1
18:49:19.770,64956,-7.053,-5.906,-2.239,-0.063,0.225,-0.161,15.750,-45.750,-44.700,35.1
18:49:19.824,65010,-6.608,-6.211,-1.511,0.001,0.459,-0.278,16.950,-45.000,-43.650,35.1
18:49:19.878,65064,-6.110,-6.158,-1.870,0.215,0.996,-0.425,16.950,-45.000,-43.650,35.3
18:49:19.930,65118,-5.612,-6.448,-3.060,0.289,1.366,-0.484,12.150,-46.350,-43.050,35.1
18:49:19.985,65172,-5.550,-5.875,-3.871,0.064,1.496,-0.629,12.150,-46.350,-43.050,35.0
18:49:20.040,65226,-5.088,-5.593,-3.972,-0.172,1.528,-0.739,5.100,-47.100,-44.550,35.3
18:49:20.094,65280,-4.278,-6.194,-4.563,0.051,1.428,-0.939,5.100,-47.100,-44.550,35.2
18:49:20.148,65334,-2.622,-7.772,-5.880,-0.206,1.350,-1.000,5.100,-47.100,-44.550,35.0
18:49:20.203,65388,-2.315,-7.992,-6.821,-0.461,1.389,-1.008,5.100,-47.100,-44.550,35.3
18:49:20.255,65442,-2.255,-6.934,-5.423,-0.390,1.303,-0.908,-13.650,-46.650,-45.300,35.3
18:49:20.309,65496,-0.378,-8.827,-6.371,-0.013,1.304,-0.827,-22.050,-43.500,-44.400,34.9
18:49:20.363,65550,-0.271,-8.322,-6.455,0.065,1.272,-0.756,-22.050,-43.500,-44.400,35.1
18:49:20.418,65604,-0.144,-7.372,-6.364,0.054,1.286,-0.758,-30.900,-41.250,-39.450,35.1
18:49:20.471,65658,0.699,-7.647,-6.850,0.203,1.169,-0.695,-30.900,-41.250,-39.450,35.1
18:49:20.525,65712,1.616,-8.025,-6.349,0.113,1.006,-0.676,-37.050,-38.400,-33.450,35.3
18:49:20.579,65766,2.042,-7.824,-6.857,-0.007,0.968,-0.644,-37.050,-38.400,-33.450,35.2
18:49:20.632,65820,2.330,-7.515,-6.036,-0.084,0.952,-0.654,-37.050,-38.400,-33.450,35.1
18:49:20.687,65874,3.105,-7.049,-5.250,-0.144,0.959,-0.633,-37.050,-38.400,-33.450,35.3
18:49:20.740,65928,4.307,-7.602,-5.667,-0.089,0.879,-0.586,-45.900,-30.300,-23.100,35.2
18:49:20.795,65982,4.281,-7.549,-5.684,-0.206,0.890,-0.586,-45.900,-30.300,-23.100,35.0
18:49:20.850,66036,4.659,-6.766,-5.394,-0.048,0.865,-0.575,-51.600,-26.400,-19.050,35.2
18:49:20.902,66090,5.164,-6.902,-5.401,0.045,0.863,-0.525,-53.100,-22.200,-13.200,34.8
18:49:20.957,66144,5.552,-6.936,-5.195,0.026,0.805,-0.464,-53.100,-22.200,-13.200,34.9
18:49:21.011,66198,5.428,-6.352,-4.736,0.065,0.797,-0.520,-55.050,-17.400,-9.000,35.0
18:49:21.065,66252,6.220,-6.431,-4.142,0.222,0.705,-0.494,-55.050,-17.400,-9.000,35.1
18:49:21.118,66306,6.776,-6.510,-4.228,0.192,0.681,-0.462,-54.900,-14.850,-2.250,35.1
18:49:21.173,66360,6.783,-6.009,-3.891,0.155,0.660,-0.453,-54.900,-14.850,-2.250,35.1
18:49:21.227,66414,7.020,-6.220,-3.694,0.155,0.588,-0.457,-54.900,-14.850,-2.250,35.1
18:49:21.282,66468,7.338,-5.839,-3.196,0.048,0.579,-0.444,-54.900,-14.850,-2.250,35.0
18:49:21.336,66522,7.681,-5.703,-3.115,0.092,0.536,-0.432,-56.550,-7.200,6.450,35.2
18:49:21.389,66576,7.638,-5.806,-2.203,0.114,0.464,-0.400,-56.550,-7.200,6.450,34.7
18:49:21.444,66630,8.097,-5.770,-2.478,0.090,0.426,-0.329,-57.300,-4.950,8.700,35.0
18:49:21.497,66684,7.925,-5.255,-2.131,0.171,0.411,-0.309,-57.300,-4.950,8.700,35.2
18:49:21.551,66738,8.305,-5.559,-2.064,0.250,0.373,-0.243,-54.750,-2.700,13.050,34.9
18:49:21.605,66792,8.200,-5.181,-1.994,0.223,0.331,-0.218,-54.150,0.900,15.900,35.2
18:49:21.659,66846,8.193,-4.970,-1.870,0.215,0.321,-0.220,-54.150,0.900,15.900,35.1
18:49:21.714,66900,8.380,-4.951,-1.607,0.184,0.286,-0.217,-54.450,1.650,16.950,35.2
18:49:21.766,66954,8.425,-4.920,-1.209,0.103,0.255,-0.230,-54.450,1.650,16.950,34.9
18:49:21.821,67008,8.617,-4.877,-1.104,0.056,0.218,-0.201,-54.450,1.650,16.950,35.2
18:49:21.876,67062,8.464,-4.951,-1.168,0.064,0.130,-0.114,-54.450,1.650,16.950,35.0
18:49:21.929,67116,8.693,-4.544,-1.171,0.039,0.132,-0.092,-52.050,7.200,20.100,35.1
18:49:21.982,67170,8.677,-4.441,-0.891,0.064,0.261,-0.157,-52.050,7.200,20.100,35.1
18:49:22.037,67224,8.554,-4.484,-0.697,0.033,0.214,-0.174,-52.350,6.750,22.050,35.1
18:49:22.092,67278,8.815,-4.647,-0.596,-0.013,0.016,-0.114,-52.350,6.750,22.050,35.1
18:49:22.146,67332,8.741,-5.059,-1.149,-0.076,-0.135,0.016,-51.300,8.400,21.150,35.0
18:49:22.198,67386,8.909,-5.310,-1.425,-0.147,-0.275,0.175,-50.550,7.650,20.100,35.4
18:49:22.252,67440,8.495,-5.483,-1.935,-0.275,-0.485,0.349,-50.550,7.650,20.100,35.3
18:49:22.308,67494,8.420,-5.375,-2.004,-0.401,-0.721,0.521,-50.550,7.650,20.100,35.1
18:49:22.362,67548,8.765,-5.657,-2.339,-0.517,-0.981,0.746,-50.550,7.650,20.100,35.0
18:49:22.416,67602,8.361,-5.746,-2.409,-0.403,-1.240,0.904,-53.550,-1.500,13.050,34.8
18:49:22.469,67656,8.061,-6.409,-3.335,-0.348,-1.395,1.010,-53.550,-1.500,13.050,35.1
18:49:22.525,67710,7.293,-5.801,-3.905,-0.211,-1.363,1.038,-57.000,-9.600,3.600,35.2
18:49:22.576,67764,6.828,-6.589,-4.518,-0.028,-1.437,1.099,-57.000,-9.600,3.600,35.1
18:49:22.631,67818,6.223,-6.843,-5.042,0.029,-1.599,1.104,-55.200,-17.100,-6.300,35.3
18:49:22.685,67872,5.219,-7.001,-5.543,0.096,-1.660,1.161,-55.200,-17.100,-6.300,35.1
18:49:22.740,67926,4.128,-7.506,-6.048,0.084,-1.770,1.146,-51.900,-26.100,-17.250,35.0
18:49:22.794,67980,2.887,-7.432,-5.926,0.020,-1.844,1.168,-51.900,-26.100,-17.250,35.0
18:49:22.847,68034,2.339,-7.755,-6.340,0.057,-1.794,1.152,-51.900,-26.100,-17.250,34.8
18:49:22.900,68088,1.314,-7.453,-6.026,0.114,-1.750,1.128,-51.900,-26.100,-17.250,35.1
18:49:22.955,68142,0.527,-7.290,-5.294,0.086,-1.590,0.972,-51.900,-26.100,-17.250,35.1
18:49:23.010,68196,-0.330,-7.104,-5.665,0.015,-1.491,0.814,-24.150,-43.200,-39.750,35.3
18:49:23.063,68250,-1.595,-6.900,-5.420,0.027,-1.325,0.692,-24.150,-43.200,-39.750,35.1
18:49:23.117,68304,-2.351,-7.357,-5.792,0.075,-1.244,0.561,-15.900,-45.600,-43.800,35.1
18:49:23.171,68358,-3.096,-7.204,-5.401,-0.039,-1.155,0.473,-15.900,-45.600,-43.800,35.1
18:49:23.225,68412,-3.771,-7.178,-5.344,0.002,-1.063,0.433,-10.200,-46.950,-45.750,35.2
18:49:23.280,68466,-4.310,-7.333,-4.836,-0.041,-1.002,0.394,-10.200,-46.950,-45.750,35.1
18:49:23.333,68520,-4.429,-7.257,-4.197,-0.046,-0.944,0.412,-10.200,-46.950,-45.750,35.0
18:49:23.387,68574,-5.045,-6.984,-3.958,0.060,-0.777,0.402,-10.200,-46.950,-45.750,35.3
18:49:23.441,68628,-5.186,-7.068,-3.910,0.062,-0.639,0.366,-10.200,-46.950,-45.750,35.1
18:49:23.496,68682,-5.456,-6.663,-3.965,0.088,-0.542,0.302,4.050,-46.650,-46.800,35.0
18:49:23.549,68736,-5.784,-6.881,-4.089,0.103,-0.548,0.281,4.050,-46.650,-46.800,35.1
18:49:23.602,68790,-6.227,-6.529,-2.914,0.069,-0.515,0.262,8.250,-46.950,-46.200,35.2
18:49:23.658,68844,-6.244,-6.505,-3.117,0.043,-0.384,0.241,8.250,-46.950,-46.200,35.1
18:49:23.710,68898,-6.397,-6.366,-2.674,0.164,-0.219,0.118,10.800,-47.100,-45.600,35.2
18:49:23.764,68952,-6.328,-6.689,-3.077,0.179,-0.085,0.059,10.800,-47.100,-45.600,35.1
18:49:23.818,69006,-6.469,-6.414,-2.957,0.052,-0.028,0.053,10.050,-45.600,-43.500,34.9
18:49:23.873,69060,-6.634,-6.436,-3.005,-0.005,0.020,0.044,10.050,-45.600,-43.500,35.1
18:49:23.926,69114,-6.419,-6.426,-2.875,-0.046,0.042,-0.022,10.050,-45.600,-43.500,35.4
18:49:23.980,69168,-6.141,-6.333,-2.547,-0.093,0.209,-0.152,10.050,-45.600,-43.500,35.1
18:49:24.035,69222,-6.002,-6.155,-2.641,-0.015,0.472,-0.277,10.500,-45.300,-44.400,35.0
18:49:24.090,69276,-5.689,-6.433,-2.705,0.020,0.835,-0.471,7.200,-46.950,-44.400,35.1
18:49:24.143,69330,-5.629,-5.993,-2.555,-0.110,1.075,-0.642,7.200,-46.950,-44.400,35.0
18:49:24.197,69384,-4.688,-6.785,-3.737,-0.179,1.222,-0.768,1.950,-46.950,-45.150,35.1
18:49:24.251,69438,-3.986,-6.979,-4.286,-0.166,1.253,-0.922,1.950,-46.950,-45.150,34.9
18:49:24.304,69492,-3.050,-7.561,-5.114,-0.258,1.253,-0.901,-6.300,-44.850,-45.300,34.8
18:49:24.358,69546,-2.851,-6.649,-3.915,-0.460,1.449,-0.996,-6.300,-44.850,-45.300,35.1
18:49:24.413,69600,-1.894,-8.119,-5.088,-0.033,1.295,-0.971,-6.300,-44.850,-45.300,35.0
18:49:24.468,69654,-0.160,-8.909,-6.740,-0.139,1.280,-0.879,-6.300,-44.850,-45.300,35.1
18:49:24.521,69708,-0.931,-7.944,-6.807,-0.213,1.328,-0.855,-25.800,-40.650,-43.650,35.0
18:49:24.574,69762,0.029,-7.331,-5.655,-0.107,1.284,-0.820,-25.800,-40.650,-43.650,35.1
18:49:24.630,69816,1.322,-7.494,-6.318,-0.036,1.189,-0.778,-35.550,-38.850,-39.300,35.3
18:49:24.682,69870,2.186,-7.951,-6.268,-0.121,1.196,-0.750,-41.850,-72.900,-39.300,35.3
18:49:24.737,69924,2.169,-7.374,-6.223,-0.083,1.188,-0.734,-41.850,-34.500,-34.050,34.9
18:49:24.792,69978,3.366,-7.341,-5.643,-0.034,1.148,-0.727,-47.400,-29.100,-28.950,35.1
18:49:24.844,70032,4.154,-7.671,-6.122,-0.050,1.010,-0.680,-47.400,-29.100,-28.950,35.3
18:49:24.900,70086,3.900,-7.151,-5.586,-0.033,1.043,-0.688,-51.600,-24.150,-23.100,35.1
18:49:24.953,70140,4.683,-7.010,-5.128,0.005,0.991,-0.689,-51.600,-24.150,-23.100,35.1
18:49:25.007,70194,6.014,-6.536,-5.432,-0.067,0.883,-0.640,-51.600,-24.150,-23.100,35.0
18:49:25.060,70248,5.739,-6.642,-5.195,-0.095,0.731,-0.571,-51.600,-24.150,-23.100,35.1
18:49:25.115,70302,5.626,-6.357,-4.492,-0.159,0.747,-0.555,-57.300,-14.250,-10.200,35.1
18:49:25.168,70356,6.742,-6.438,-4.659,-0.008,0.715,-0.534,-57.300,-14.250,-10.200,35.0
18:49:25.223,70410,7.163,-5.892,-4.681,-0.072,0.618,-0.480,-58.650,-11.700,-4.800,35.0
18:49:25.276,70464,6.704,-6.014,-4.087,0.035,0.533,-0.398,-58.650,-11.700,-4.800,35.0
18:49:25.331,70518,7.207,-5.902,-3.697,0.113,0.521,-0.354,-58.200,-5.850,-0.900,35.0
18:49:25.385,70572,7.276,-5.866,-3.943,0.215,0.564,-0.337,-58.500,-4.500,2.850,35.0
18:49:25.439,70626,7.573,-5.298,-3.115,0.245,0.549,-0.328,-58.500,-4.500,2.850,35.3
18:49:25.493,70680,7.865,-5.464,-3.060,0.308,0.501,-0.301,-58.500,-4.500,2.850,35.0
18:49:25.546,70734,7.985,-5.456,-2.677,0.294,0.440,-0.268,-58.500,-4.500,2.850,35.1
18:49:25.600,70788,7.908,-5.406,-2.504,0.250,0.421,-0.274,-56.700,2.100,10.050,34.9
18:49:25.654,70842,7.891,-4.714,-2.035,0.252,0.357,-0.222,-56.700,2.100,10.050,35.1
18:49:25.709,70896,8.487,-5.188,-2.126,0.055,0.243,-0.163,-55.950,2.400,12.600,34.8
18:49:25.764,70950,8.351,-5.009,-2.116,-0.054,0.200,-0.139,-55.950,2.400,12.600,34.7
18:49:25.817,71004,8.272,-5.035,-1.719,-0.023,0.144,-0.116,-55.500,5.400,13.500,35.1
18:49:25.870,71058,8.373,-5.069,-1.671,-0.049,0.068,-0.061,-55.500,5.400,13.500,34.9
18:49:25.925,71112,8.339,-4.968,-1.956,-0.081,-0.026,0.021,-55.650,5.100,15.450,35.1
18:49:25.979,71166,8.329,-5.277,-2.179,-0.052,-0.208,0.161,-55.650,5.100,15.450,35.2
18:49:26.031,71220,8.198,-5.411,-2.313,-0.274,-0.241,0.229,-55.650,5.100,15.450,35.1
18:49:26.086,71274,8.344,-5.509,-2.523,-0.344,-0.558,0.459,-55.650,5.100,15.450,35.2
18:49:26.142,71328,8.305,-5.957,-3.079,-0.446,-0.833,0.648,-55.650,5.100,15.450,35.3
18:49:26.194,71382,7.726,-6.455,-3.560,-0.368,-1.071,0.862,-57.450,-3.150,8.100,35.0
18:49:26.249,71436,7.312,-6.910,-4.415,-0.175,-1.239,1.061,-57.450,-3.150,8.100,35.0
18:49:26.304,71490,6.661,-7.252,-5.205,-0.021,-1.321,1.189,-56.400,-11.400,-0.900,35.1
18:49:26.356,71544,5.899,-6.967,-5.339,0.085,-1.449,1.286,-56.400,-11.400,-0.900,35.4
18:49:26.410,71598,5.641,-7.151,-5.892,0.121,-1.638,1.328,-54.450,-20.250,-8.550,35.0
18:49:26.464,71652,4.444,-7.257,-6.452,-0.063,-1.760,1.338,-54.450,-20.250,-8.550,35.1
18:49:26.519,71706,3.381,-7.298,-6.268,-0.072,-1.896,1.272,-47.250,-29.700,-20.400,35.1
18:49:26.573,71760,2.193,-7.582,-6.177,-0.152,-1.980,1.204,-47.250,-29.700,-20.400,35.1
18:49:26.625,71814,1.276,-7.185,-6.235,-0.095,-1.889,1.119,-47.250,-29.700,-20.400,35.0
18:49:26.681,71868,0.254,-7.202,-5.878,0.046,-1.823,0.940,-27.900,-42.150,-39.000,35.0
18:49:26.735,71922,-0.541,-7.163,-5.990,0.038,-1.717,0.805,-27.900,-42.150,-39.000,35.3
18:49:26.789,71976,-1.717,-7.063,-5.940,-0.026,-1.619,0.715,-18.600,-43.200,-45.300,35.1
18:49:26.843,72030,-2.703,-6.845,-4.908,-0.014,-1.517,0.605,-18.600,-43.200,-45.300,35.0
18:49:26.896,72084,-3.299,-7.151,-5.205,0.003,-1.379,0.551,-9.750,-46.200,-48.000,35.1
18:49:26.950,72138,-4.159,-7.111,-4.616,0.003,-1.258,0.540,-9.750,-46.200,-48.000,35.0
18:49:27.004,72192,-4.468,-7.094,-4.779,-0.057,-1.110,0.472,-2.700,-46.200,-48.300,35.1
18:49:27.058,72246,-5.155,-6.527,-3.733,0.051,-0.995,0.392,-2.700,-46.200,-48.300,35.2
18:49:27.111,72300,-5.466,-6.883,-3.953,0.066,-0.829,0.330,-2.700,-46.200,-48.300,35.0
18:49:27.167,72354,-5.789,-6.649,-3.156,0.104,-0.743,0.263,-2.700,-46.200,-48.300,34.9
18:49:27.220,72408,-6.187,-6.651,-3.230,0.115,-0.632,0.249,6.600,-45.150,-47.100,35.2
18:49:27.273,72462,-6.507,-6.349,-2.863,0.115,-0.500,0.262,10.350,-45.150,-47.400,35.1
18:49:27.329,72516,-6.323,-6.443,-2.830,0.151,-0.306,0.155,10.350,-45.150,-47.400,34.8
18:49:27.382,72570,-6.407,-6.393,-2.816,0.136,-0.159,0.053,11.100,-44.400,-46.050,35.2
18:49:27.437,72624,-6.498,-6.505,-3.041,0.072,-0.025,-0.008,11.100,-44.400,-46.050,35.1
18:49:27.491,72678,-6.831,-6.213,-2.684,-0.075,0.041,-0.042,12.750,-45.000,-47.700,35.0
18:49:27.546,72732,-6.431,-6.730,-2.945,-0.051,0.056,-0.076,12.750,-45.000,-47.700,35.3
18:49:27.598,72786,-6.445,-6.445,-2.512,-0.108,0.228,-0.124,12.000,-45.300,-46.500,34.9
18:49:27.652,72840,-6.127,-6.342,-2.658,0.010,0.459,-0.188,12.000,-45.300,-46.500,34.9
18:49:27.706,72894,-6.053,-6.381,-2.713,0.042,0.708,-0.315,12.000,-45.300,-46.500,35.0
18:49:27.761,72948,-5.535,-6.311,-2.892,0.079,0.918,-0.466,12.000,-45.300,-46.500,35.1
18:49:27.815,73002,-5.035,-6.608,-3.280,0.070,1.149,-0.632,6.600,-45.900,-47.400,35.1
18:49:27.868,73056,-4.441,-6.850,-3.802,0.062,1.290,-0.772,0.150,-46.500,-45.750,35.1
18:49:27.923,73110,-4.116,-6.747,-5.109,-0.126,1.343,-0.945,0.150,-46.500,-45.750,35.1
18:49:27.976,73164,-3.436,-6.869,-4.896,-0.173,1.378,-0.997,-9.300,-44.850,-45.300,35.1
18:49:28.032,73218,-1.638,-7.884,-5.938,-0.179,1.384,-1.070,-9.300,-44.850,-45.300,35.1
18:49:28.085,73272,-2.207,-7.056,-5.744,-0.430,1.392,-1.112,-20.400,-43.650,-44.850,35.0
18:49:28.138,73326,-0.601,-7.829,-5.887,-0.275,1.440,-1.077,-20.400,-43.650,-44.850,35.0
18:49:28.192,73380,0.728,-8.262,-6.407,-0.241,1.363,-0.975,-20.400,-43.650,-44.850,35.3
18:49:28.246,73434,0.900,-8.607,-6.627,-0.084,1.278,-0.866,-20.400,-43.650,-44.850,35.3
18:49:28.301,73488,1.896,-7.920,-6.184,-0.148,1.152,-0.822,-38.700,-33.900,-37.200,34.8
18:49:28.354,73542,2.315,-7.642,-6.024,-0.071,1.047,-0.701,-38.700,-33.900,-37.200,35.1
18:49:28.409,73596,2.981,-7.815,-6.141,-0.032,0.917,-0.612,-45.900,-31.050,-34.050,35.1
18:49:28.462,73650,3.168,-7.520,-5.631,-0.006,0.896,-0.578,-45.900,-31.050,-34.050,35.2
18:49:28.517,73704,3.766,-7.144,-5.516,-0.027,1.006,-0.573,-50.850,-26.850,-26.850,35.1
18:49:28.570,73758,4.633,-6.941,-5.672,-0.021,0.946,-0.538,-53.550,-21.150,-21.150,35.0
18:49:28.625,73812,4.980,-7.003,-5.737,-0.103,0.824,-0.518,-53.550,-21.150,-21.150,34.9
18:49:28.678,73866,5.119,-6.857,-5.191,-0.179,0.692,-0.486,-56.700,-19.500,-15.900,35.1
18:49:28.732,73920,5.435,-7.183,-5.387,-0.117,0.666,-0.406,-56.700,-19.500,-15.900,35.1
18:49:28.786,73974,5.629,-6.819,-5.284,-0.114,0.678,-0.385,-56.700,-19.500,-15.900,35.1
18:49:28.840,74028,5.909,-6.108,-4.482,-0.062,0.795,-0.385,-56.700,-19.500,-15.900,35.2
18:49:28.895,74082,6.529,-6.163,-4.288,0.119,0.786,-0.412,-58.500,-12.750,-7.200,35.1
18:49:28.949,74136,7.041,-6.029,-4.214,-0.005,0.682,-0.396,-58.500,-12.750,-7.200,35.0
18:49:29.003,74190,7.072,-6.026,-4.041,-0.104,0.552,-0.397,-57.900,-10.200,-1.200,35.1
18:49:29.057,74244,6.984,-6.005,-3.697,-0.106,0.403,-0.339,-57.900,-10.200,-1.200,34.8
18:49:29.110,74298,7.214,-5.950,-3.496,-0.054,0.365,-0.287,-57.750,-7.650,0.600,34.9
18:49:29.165,74352,7.582,-5.653,-3.440,-0.010,0.378,-0.246,-57.150,-3.150,4.200,35.1
18:49:29.218,74406,7.333,-5.318,-3.153,0.074,0.450,-0.238,-57.150,-3.150,4.200,35.1
18:49:29.273,74460,7.693,-5.267,-2.732,0.144,0.427,-0.244,-57.150,-3.150,4.200,35.0
18:49:29.326,74514,8.059,-5.198,-2.926,0.087,0.340,-0.237,-57.150,-3.150,4.200,35.3
18:49:29.381,74568,8.047,-5.298,-2.670,0.109,0.256,-0.224,-57.450,1.350,9.600,35.2
18:49:29.433,74622,7.879,-5.358,-2.495,0.040,0.172,-0.183,-57.450,1.350,9.600,34.9
18:49:29.488,74676,8.140,-5.215,-2.471,-0.029,0.100,-0.111,-57.450,2.100,10.650,35.0
18:49:29.542,74730,8.174,-5.315,-2.658,-0.021,0.015,-0.056,-57.450,2.100,10.650,35.0
18:49:29.597,74784,8.030,-5.126,-2.665,-0.094,-0.049,0.015,-57.150,2.100,10.650,35.1
18:49:29.651,74838,8.119,-5.203,-2.514,-0.074,-0.174,0.107,-57.150,2.100,10.650,35.1
18:49:29.704,74892,8.200,-5.578,-3.000,-0.217,-0.347,0.237,-57.900,1.650,11.400,35.1
18:49:29.759,74946,8.109,-5.847,-3.534,-0.288,-0.564,0.369,-57.900,1.650,11.400,34.9
18:49:29.812,75000,7.999,-5.993,-3.713,-0.355,-0.937,0.645,-57.900,1.650,11.400,35.1
18:49:29.866,75054,7.867,-6.699,-4.776,-0.343,-1.219,0.850,-57.900,1.650,11.400,35.0
18:49:29.920,75108,6.905,-7.041,-5.796,-0.194,-1.546,1.073,-57.900,1.650,11.400,35.1
18:49:29.974,75162,6.337,-6.912,-6.036,-0.130,-1.782,1.285,-57.900,-13.200,-9.300,34.8
18:49:30.027,75216,5.303,-7.149,-6.280,0.101,-1.839,1.436,-57.900,-13.200,-9.300,35.0
18:49:30.082,75270,4.484,-7.185,-6.797,0.202,-2.007,1.455,-51.600,-24.900,-20.550,35.4
18:49:30.136,75324,3.148,-6.780,-6.735,0.119,-2.081,1.379,-51.600,-24.900,-20.550,34.9
18:49:30.190,75378,2.045,-6.543,-6.603,0.095,-2.033,1.334,-42.450,-34.350,-32.100,35.0
18:49:30.244,75432,1.063,-6.955,-6.086,0.100,-2.008,1.165,-42.450,-34.350,-32.100,35.1
18:49:30.297,75486,-0.306,-6.926,-6.371,0.112,-1.915,1.002,-30.450,-39.750,-42.750,35.1
18:49:30.354,75540,-1.583,-6.759,-5.593,0.056,-1.917,0.875,-30.450,-39.750,-42.750,35.1
18:49:30.405,75594,-2.495,-6.950,-5.116,0.025,-1.824,0.736,-30.450,-39.750,-42.750,35.1
18:49:30.460,75648,-3.151,-6.725,-5.045,-0.022,-1.645,0.639,-7.950,-44.550,-49.500,34.9
18:49:30.515,75702,-3.615,-6.938,-4.930,0.053,-1.483,0.568,-7.950,-44.550,-49.500,35.0
18:49:30.569,75756,-4.360,-6.790,-3.991,0.038,-1.251,0.449,-0.300,-45.150,-49.950,35.0
18:49:30.622,75810,-4.978,-6.653,-3.800,0.067,-1.047,0.389,-0.300,-45.150,-49.950,35.0
18:49:30.676,75864,-5.581,-6.814,-3.642,0.094,-0.938,0.379,4.950,-45.750,-49.050,35.1
18:49:30.730,75918,-6.043,-6.783,-3.498,0.051,-0.846,0.375,4.950,-45.750,-49.050,35.1
18:49:30.783,75972,-6.273,-6.603,-3.613,0.061,-0.743,0.365,9.450,-45.300,-48.000,35.1
18:49:30.837,76026,-6.728,-6.165,-2.593,0.109,-0.636,0.342,9.450,-45.300,-48.000,35.1
18:49:30.891,76080,-6.699,-6.067,-2.224,0.195,-0.415,0.268,9.450,-45.300,-48.000,35.1
18:49:30.947,76134,-6.776,-5.746,-2.002,0.177,-0.070,0.098,9.450,-45.300,-48.000,34.8
18:49:31.001,76188,-6.804,-5.748,-2.519,0.151,0.136,-0.048,13.950,-46.200,-46.500,34.8
18:49:31.055,76242,-6.893,-6.055,-2.974,-0.007,0.185,-0.119,16.650,-44.850,-45.600,35.1
18:49:31.108,76296,-6.967,-6.055,-3.105,-0.159,0.174,-0.126,16.650,-44.850,-45.600,35.3
18:49:31.161,76350,-6.984,-6.237,-2.921,-0.212,0.184,-0.156,14.100,-46.350,-46.350,35.0
18:49:31.216,76404,-6.524,-6.282,-2.543,-0.138,0.441,-0.270,14.100,-46.350,-46.350,35.1
18:49:31.271,76458,-6.160,-6.170,-2.775,-0.013,0.702,-0.385,12.600,-45.900,-48.600,35.1
18:49:31.325,76512,-5.986,-6.146,-3.139,0.058,0.919,-0.477,12.600,-45.900,-48.600,35.1
18:49:31.378,76566,-5.425,-6.938,-4.355,0.077,0.973,-0.532,12.600,-45.900,-48.600,35.0
18:49:31.432,76620,-5.401,-6.699,-4.080,0.024,0.941,-0.589,12.600,-45.900,-48.600,34.9
18:49:31.485,76674,-4.934,-7.199,-4.614,0.092,0.961,-0.583,12.600,-45.900,-48.600,34.8
18:49:31.539,76728,-4.132,-7.487,-4.875,0.073,0.985,-0.691,12.600,-45.900,-48.600,35.3
18:49:31.594,76782,-3.893,-6.838,-4.341,0.113,0.985,-0.698,-4.950,-45.300,-49.050,35.1
18:49:31.648,76836,-2.909,-7.652,-5.047,-0.013,1.025,-0.715,-11.100,-45.300,-49.050,35.2
18:49:31.702,76890,-2.799,-7.599,-6.112,-0.076,1.144,-0.779,-11.100,-46.350,-47.100,35.0
18:49:31.755,76944,-1.884,-7.915,-5.049,0.035,1.150,-0.798,-18.000,-45.300,-44.400,35.1
18:49:31.811,76998,-1.178,-7.961,-5.895,-0.158,1.201,-0.877,-18.000,-45.300,-44.400,35.0
18:49:31.864,77052,-0.730,-7.151,-5.607,-0.138,1.287,-0.893,-28.200,-42.150,-42.000,35.1
18:49:31.917,77106,0.960,-8.277,-5.926,-0.039,1.217,-0.882,-28.200,-42.150,-42.000,35.1
18:49:31.972,77160,1.228,-7.898,-6.582,-0.223,1.128,-0.885,-28.200,-42.150,-42.000,34.9
18:49:32.027,77214,1.192,-7.427,-6.242,-0.191,1.133,-0.831,-28.200,-42.150,-42.000,35.1
18:49:32.079,77268,2.222,-7.712,-5.634,-0.174,1.015,-0.718,-43.350,-33.750,-34.500,35.2
18:49:32.134,77322,3.096,-8.226,-6.366,-0.371,0.998,-0.644,-43.350,-33.750,-34.500,35.1
18:49:32.187,77376,3.340,-7.063,-6.215,-0.374,0.985,-0.565,-48.750,-28.950,-28.050,35.2
18:49:32.242,77430,4.063,-7.207,-5.837,-0.192,1.009,-0.509,-48.750,-28.950,-28.050,35.1
18:49:32.297,77484,4.652,-7.051,-5.693,-0.219,1.048,-0.498,-54.150,-24.450,-23.850,35.1
18:49:32.349,77538,5.303,-6.986,-6.127,-0.172,0.948,-0.449,-57.300,-21.150,-17.550,35.0
18:49:32.404,77592,5.420,-6.589,-5.289,-0.031,0.849,-0.461,-57.300,-21.150,-17.550,34.9
18:49:32.457,77646,5.638,-6.773,-5.102,0.083,0.751,-0.427,-58.650,-16.350,-10.650,35.1
18:49:32.512,77700,6.177,-6.404,-5.152,0.099,0.644,-0.367,-58.650,-16.350,-10.650,35.1
18:49:32.567,77754,6.072,-6.460,-4.511,0.177,0.628,-0.350,-58.650,-16.350,-10.650,35.1
18:49:32.620,77808,6.407,-6.421,-4.152,0.057,0.578,-0.299,-58.650,-16.350,-10.650,35.0
18:49:32.674,77862,7.015,-5.928,-4.001,-0.052,0.528,-0.277,-58.950,-10.500,-4.200,35.3
18:49:32.727,77916,6.958,-5.605,-3.924,-0.067,0.454,-0.299,-58.950,-10.500,-4.200,35.0
18:49:32.783,77970,6.759,-5.835,-3.603,-0.159,0.431,-0.305,-58.950,-7.050,0.900,35.1
18:49:32.835,78024,7.357,-5.186,-3.500,-0.148,0.551,-0.346,-58.950,-7.050,0.900,35.2
18:49:32.890,78078,7.609,-5.588,-3.385,-0.050,0.506,-0.345,-58.200,-5.100,3.750,34.9
18:49:32.943,78132,7.817,-5.583,-3.010,-0.040,0.310,-0.263,-58.500,-3.450,7.200,35.0
18:49:32.998,78186,7.791,-5.614,-3.148,-0.019,0.259,-0.213,-58.500,-3.450,7.200,35.2
18:49:33.050,78240,7.805,-5.571,-3.021,0.095,0.290,-0.145,-58.500,-3.450,7.200,35.2
18:49:33.106,78294,7.786,-5.717,-2.722,0.089,0.339,-0.127,-58.500,-3.450,7.200,35.2
18:49:33.160,78348,8.018,-4.831,-2.401,0.110,0.304,-0.097,-57.000,-1.050,10.950,35.0
18:49:33.214,78402,8.215,-5.126,-2.452,0.092,0.156,-0.061,-57.000,-1.050,10.950,35.0
18:49:33.268,78456,7.989,-4.997,-2.732,0.005,0.065,-0.042,-56.250,-0.750,10.500,35.1
18:49:33.321,78510,7.975,-5.136,-2.641,-0.006,-0.021,0.004,-56.250,-0.750,10.500,35.0
18:49:33.376,78564,8.011,-5.303,-2.552,-0.087,-0.092,0.051,-56.700,-0.150,13.650,35.1
18:49:33.429,78618,7.997,-5.104,-2.593,-0.114,-0.098,0.069,-56.700,-0.150,13.650,35.0
18:49:33.483,78672,7.987,-5.109,-2.507,-0.071,-0.082,0.067,-57.900,-0.150,11.850,35.1
18:49:33.538,78726,7.946,-4.990,-2.382,-0.091,-0.051,0.028,-57.900,-0.150,11.850,35.1
18:49:33.593,78780,7.946,-4.918,-2.354,-0.034,-0.023,0.016,-57.900,-0.150,11.850,35.0
18:49:33.646,78834,8.028,-4.927,-2.373,0.037,-0.050,-0.031,-57.900,-0.150,11.850,35.0
18:49:33.699,78888,8.195,-5.088,-3.100,-0.026,-0.277,0.037,-57.900,-0.150,11.850,35.1
18:49:33.753,78942,8.045,-5.844,-3.488,-0.107,-0.552,0.196,-56.550,-0.750,8.700,35.1
18:49:33.807,78996,7.889,-6.632,-4.166,-0.138,-1.107,0.607,-56.550,-0.750,8.700,34.8
18:49:33.862,79050,7.506,-7.611,-5.114,-0.102,-1.415,0.905,-56.250,-6.450,1.800,34.7
18:49:33.915,79104,6.768,-7.386,-5.827,-0.034,-1.629,1.212,-56.250,-6.450,1.800,35.0
18:49:33.970,79158,6.239,-7.101,-6.175,0.071,-1.804,1.364,-57.450,-12.450,-8.550,35.1
18:49:34.023,79212,5.935,-7.022,-6.512,0.168,-2.095,1.469,-57.450,-12.450,-8.550,35.2
18:49:34.078,79266,4.678,-6.823,-6.591,0.047,-2.180,1.480,-52.800,-24.750,-19.650,35.1
18:49:34.131,79320,2.703,-6.582,-6.201,0.095,-2.220,1.411,-52.800,-24.750,-19.650,35.1
18:49:34.186,79374,1.348,-7.128,-6.170,0.074,-2.115,1.313,-52.800,-24.750,-19.650,35.1
18:49:34.240,79428,0.280,-6.883,-6.065,0.098,-2.013,1.217,-28.800,-39.900,-42.150,35.0
18:49:34.294,79482,-0.395,-6.835,-5.605,0.126,-1.818,1.025,-28.800,-39.900,-42.150,35.0
18:49:34.349,79536,-1.437,-7.087,-5.562,0.092,-1.643,0.919,-18.750,-43.500,-44.700,34.7
18:49:34.401,79590,-2.476,-7.061,-5.198,0.105,-1.454,0.816,-18.750,-43.500,-44.700,35.1
18:49:34.455,79644,-3.103,-7.063,-4.980,0.117,-1.400,0.738,-7.350,-45.600,-48.600,35.1
18:49:34.509,79698,-3.967,-6.931,-4.554,0.109,-1.203,0.648,-7.350,-45.600,-48.600,35.1
18:49:34.563,79752,-5.004,-6.835,-4.152,0.202,-1.107,0.545,-0.900,-45.300,-47.700,35.1
18:49:34.617,79806,-5.303,-6.953,-4.221,0.257,-0.888,0.500,-0.900,-45.300,-47.700,35.0
18:49:34.671,79860,-5.813,-6.515,-3.625,0.227,-0.827,0.429,-0.900,-45.300,-47.700,35.1
18:49:34.726,79914,-6.053,-6.567,-3.156,0.223,-0.748,0.398,-0.900,-45.300,-47.700,35.1
18:49:34.779,79968,-6.254,-6.337,-2.842,0.184,-0.535,0.329,10.200,-47.250,-44.400,34.8
18:49:34.834,80022,-6.409,-6.299,-2.490,0.191,-0.393,0.209,11.550,-46.350,-43.500,35.0
18:49:34.887,80076,-6.632,-6.239,-2.531,0.078,-0.259,0.145,11.550,-46.350,-43.500,35.1
18:49:34.943,80130,-6.692,-5.983,-2.392,-0.059,-0.119,0.069,15.000,-46.950,-42.450,35.1
18:49:34.995,80184,-6.850,-6.330,-2.464,0.001,-0.075,0.047,15.000,-46.950,-42.450,35.0
18:49:35.050,80238,-6.819,-6.452,-2.612,-0.004,0.037,-0.009,15.900,-46.650,-40.950,35.0
18:49:35.103,80292,-6.828,-6.316,-2.583,0.024,0.114,-0.073,15.900,-46.650,-40.950,35.2
18:49:35.158,80346,-6.764,-6.464,-3.074,-0.005,0.124,-0.076,13.200,-48.000,-42.450,35.4
18:49:35.213,80400,-6.907,-6.606,-3.055,-0.017,0.145,-0.078,13.200,-48.000,-42.450,35.1
18:49:35.265,80454,-6.826,-6.644,-2.983,-0.035,0.088,-0.083,13.200,-48.000,-42.450,34.9
18:49:35.319,80508,-6.594,-6.589,-2.816,-0.098,0.089,-0.088,13.200,-48.000,-42.450,34.8
18:49:35.374,80562,-6.972,-6.256,-2.717,-0.060,0.109,-0.057,13.200,-45.750,-43.200,35.1
18:49:35.428,80616,-6.598,-6.594,-3.031,-0.067,0.159,-0.074,13.200,-45.750,-43.200,34.9
18:49:35.482,80670,-6.539,-6.433,-3.029,-0.069,0.201,-0.133,12.600,-46.650,-45.300,35.1
18:49:35.535,80724,-6.345,-6.553,-3.242,-0.071,0.233,-0.172,10.500,-47.250,-44.400,34.9
18:49:35.590,80778,-6.486,-6.548,-2.883,-0.063,0.328,-0.212,10.500,-47.250,-44.400,35.1
18:49:35.643,80832,-6.184,-6.505,-2.820,0.055,0.549,-0.283,8.850,-46.650,-43.050,35.1
18:49:35.698,80886,-5.614,-6.608,-3.026,0.090,0.852,-0.386,8.850,-46.650,-43.050,35.1
18:49:35.751,80940,-5.160,-6.388,-3.414,0.134,1.101,-0.580,8.850,-46.650,-43.050,34.9
18:49:35.807,80994,-4.482,-7.037,-4.377,0.037,1.151,-0.741,8.850,-46.650,-43.050,35.1
18:49:35.859,81048,-4.362,-7.221,-5.363,-0.110,1.237,-0.883,-1.800,-45.900,-44.550,35.1
18:49:35.914,81102,-3.457,-6.958,-4.697,-0.161,1.289,-0.962,-1.800,-45.900,-44.550,35.3
18:49:35.967,81156,-2.105,-7.788,-5.054,-0.289,1.312,-1.018,-9.750,-45.000,-43.650,35.2
18:49:36.021,81210,-1.829,-7.408,-5.363,-0.375,1.349,-0.984,-9.750,-45.000,-43.650,35.1
18:49:36.075,81264,-0.991,-7.887,-5.799,-0.340,1.464,-0.994,-20.850,-42.900,-42.300,35.1
18:49:36.129,81318,-0.160,-7.760,-6.474,-0.324,1.425,-0.963,-30.150,-40.200,-40.950,35.1
18:49:36.183,81372,0.886,-7.987,-6.519,-0.283,1.319,-0.882,-30.150,-40.200,-40.950,34.9
18:49:36.237,81426,1.302,-7.324,-6.103,-0.262,1.300,-0.868,-30.150,-40.200,-40.950,34.8
18:49:36.292,81480,2.095,-7.824,-6.134,-0.050,1.319,-0.821,-30.150,-40.200,-40.950,35.1
18:49:36.345,81534,3.318,-7.628,-6.371,-0.046,1.275,-0.795,-30.150,-40.200,-40.950,35.1
18:49:36.400,81588,3.780,-6.970,-6.043,-0.050,1.196,-0.776,-30.150,-40.200,-40.950,35.2
18:49:36.452,81642,4.298,-7.151,-5.837,0.017,1.064,-0.748,-52.650,-26.100,-23.100,34.8
18:49:36.507,81696,4.896,-6.993,-5.772,-0.018,0.981,-0.704,-52.650,-26.100,-23.100,35.1
18:49:36.561,81750,5.444,-6.701,-5.349,-0.019,0.940,-0.688,-53.700,-19.500,-17.250,35.0
18:49:36.615,81804,5.854,-6.160,-5.009,-0.011,0.766,-0.634,-53.700,-19.500,-17.250,35.2
18:49:36.669,81858,6.318,-6.651,-4.901,-0.102,0.730,-0.561,-56.400,-14.850,-8.550,35.1
18:49:36.723,81912,6.594,-6.050,-5.054,-0.128,0.750,-0.549,-58.050,-10.050,-3.900,34.9
18:49:36.777,81966,6.922,-5.983,-4.104,-0.060,0.719,-0.491,-58.050,-10.050,-3.900,34.9
18:49:36.832,82020,7.396,-5.552,-4.262,-0.155,0.666,-0.433,-58.050,-10.050,-3.900,35.0
18:49:36.885,82074,7.326,-5.337,-3.694,0.020,0.662,-0.403,-58.050,-10.050,-3.900,34.9
18:49:36.939,82128,7.439,-5.622,-3.297,0.077,0.660,-0.389,-57.150,-4.350,3.750,34.9
18:49:36.992,82182,8.042,-5.138,-3.522,0.114,0.650,-0.338,-57.150,-4.350,3.750,35.1
18:49:37.047,82236,8.325,-5.143,-3.012,0.196,0.476,-0.269,-57.450,1.650,8.850,35.0
18:49:37.101,82290,8.171,-5.332,-2.682,0.147,0.310,-0.200,-57.450,1.650,8.850,35.1
18:49:37.156,82344,8.313,-4.987,-2.806,0.102,0.241,-0.122,-56.400,-0.150,11.100,34.8
18:49:37.209,82398,8.150,-4.767,-2.713,0.226,0.208,-0.097,-56.400,-0.150,11.100,34.8
18:49:37.263,82452,8.238,-4.745,-2.176,0.146,0.203,-0.066,-55.800,3.750,12.750,35.0
18:49:37.317,82506,8.286,-4.812,-2.016,0.145,0.122,-0.022,-55.800,3.750,12.750,35.1
18:49:37.370,82560,8.425,-4.676,-2.014,0.052,0.050,-0.003,-55.800,3.750,12.750,35.1
18:49:37.426,82614,8.499,-4.781,-1.913,0.010,-0.114,0.070,-53.550,4.200,14.550,35.1
18:49:37.479,82668,8.325,-4.872,-2.442,-0.160,-0.230,0.144,-53.550,4.200,14.550,35.1
18:49:37.534,82722,8.143,-5.037,-2.588,-0.248,-0.391,0.234,-55.500,3.450,12.750,34.9
18:49:37.588,82776,8.258,-5.497,-2.811,-0.285,-0.511,0.352,-55.500,3.450,12.750,35.1
18:49:37.642,82830,8.016,-5.578,-3.254,-0.327,-0.596,0.446,-56.700,-0.150,10.350,35.0
18:49:37.697,82884,7.877,-5.734,-3.670,-0.348,-0.731,0.587,-56.700,-0.150,10.350,34.8
18:49:37.749,82938,7.614,-6.179,-4.077,-0.313,-0.932,0.761,-58.050,-4.500,3.900,35.3
18:49:37.803,82992,7.151,-6.637,-4.630,-0.183,-1.053,0.874,-58.050,-4.500,3.900,35.1
18:49:37.858,83046,6.551,-6.756,-5.358,-0.084,-1.183,0.994,-58.050,-4.500,3.900,35.0
18:49:37.911,83100,5.959,-6.572,-5.593,-0.021,-1.383,1.081,-58.050,-4.500,3.900,35.0
18:49:37.965,83154,5.277,-6.876,-6.043,-0.003,-1.555,1.136,-58.050,-4.500,3.900,34.9
18:49:38.020,83208,4.106,-6.773,-6.041,-0.054,-1.680,1.132,-49.500,-28.200,-21.900,35.1
18:49:38.073,83262,3.625,-7.199,-6.685,-0.026,-1.774,1.100,-49.500,-28.200,-21.900,35.1
18:49:38.127,83316,2.581,-7.070,-6.807,-0.104,-1.834,1.076,-41.250,-33.600,-31.050,34.8
18:49:38.182,83370,1.458,-6.828,-6.371,-0.047,-1.851,1.018,-41.250,-33.600,-31.050,34.8
18:49:38.237,83424,0.460,-7.305,-6.481,0.043,-1.804,0.960,-32.700,-38.250,-39.450,35.1
18:49:38.290,83478,-0.864,-7.132,-6.594,0.116,-1.735,0.870,-32.700,-38.250,-39.450,35.3
18:49:38.343,83532,-1.580,-6.855,-5.760,0.139,-1.661,0.840,-21.000,-43.500,-44.700,35.2
18:49:38.397,83586,-2.607,-6.998,-6.045,0.192,-1.492,0.812,-21.000,-43.500,-44.700,35.1
18:49:38.451,83640,-3.618,-6.732,-5.042,0.162,-1.436,0.761,-21.000,-43.500,-44.700,34.9
18:49:38.505,83694,-3.998,-6.795,-5.229,0.167,-1.326,0.689,-21.000,-43.500,-44.700,35.1
18:49:38.558,83748,-4.992,-6.275,-4.549,0.152,-1.212,0.668,-1.650,-45.750,-47.250,35.2
18:49:38.614,83802,-5.042,-6.579,-4.331,0.099,-1.127,0.638,-1.650,-45.750,-47.250,34.8
18:49:38.666,83856,-5.588,-6.732,-4.235,0.009,-1.069,0.601,5.550,-47.100,-46.800,35.0
18:49:38.721,83910,-6.273,-6.412,-3.639,0.022,-1.052,0.565,10.350,-45.900,-47.100,34.9
18:49:38.774,83964,-6.613,-6.146,-3.024,0.011,-0.962,0.534,10.350,-45.900,-47.100,35.0
18:49:38.829,84018,-6.874,-6.038,-2.617,0.018,-0.828,0.468,15.150,-47.550,-45.300,35.0
18:49:38.882,84072,-7.089,-5.533,-2.073,0.091,-0.508,0.356,15.150,-47.550,-45.300,35.1
18:49:38.938,84126,-7.123,-5.246,-1.776,0.108,-0.285,0.178,15.150,-47.550,-45.300,35.0
18:49:38.992,84180,-7.180,-5.404,-2.054,0.123,-0.002,-0.043,15.150,-47.550,-45.300,35.1
18:49:39.046,84234,-7.465,-5.327,-2.037,0.113,0.141,-0.141,19.650,-44.850,-43.800,35.1
18:49:39.099,84288,-7.472,-5.552,-2.425,0.018,0.208,-0.181,19.650,-44.850,-43.800,34.9
18:49:39.153,84342,-7.441,-5.679,-2.344,-0.064,0.240,-0.217,19.350,-45.900,-44.550,35.0
18:49:39.207,84396,-7.144,-5.720,-2.167,-0.155,0.416,-0.269,19.350,-45.900,-44.550,34.8
18:49:39.261,84450,-6.756,-5.887,-2.267,-0.102,0.718,-0.391,17.400,-45.150,-44.100,35.0
18:49:39.314,84504,-6.249,-6.086,-3.172,-0.092,0.930,-0.521,14.250,-47.700,-45.450,34.9
18:49:39.370,84558,-6.060,-6.005,-3.306,-0.111,1.103,-0.640,14.250,-47.700,-45.450,35.2
18:49:39.424,84612,-5.914,-6.045,-3.874,-0.234,1.124,-0.689,8.250,-48.000,-45.450,35.1
18:49:39.478,84666,-4.743,-7.034,-5.049,-0.188,1.123,-0.710,8.250,-48.000,-45.450,35.1
18:49:39.531,84720,-4.906,-6.644,-4.731,-0.258,1.176,-0.759,8.250,-48.000,-45.450,34.9
18:49:39.584,84774,-3.879,-6.996,-4.997,-0.112,1.252,-0.751,8.250,-48.000,-45.450,34.8
18:49:39.640,84828,-2.485,-7.645,-6.120,-0.127,1.330,-0.835,-8.100,-45.600,-47.850,35.1
18:49:39.692,84882,-2.437,-7.015,-6.440,-0.045,1.488,-0.882,-8.100,-45.600,-47.850,35.1
18:49:39.748,84936,-1.590,-7.137,-6.014,-0.067,1.518,-0.971,-17.100,-43.650,-46.800,34.9
18:49:39.801,84990,-0.103,-7.154,-6.041,-0.077,1.454,-1.067,-17.100,-43.650,-46.800,35.3
18:49:39.855,85044,1.104,-7.259,-6.591,0.009,1.650,-1.119,-27.300,-40.350,-43.200,34.9
18:49:39.908,85098,2.258,-7.300,-6.697,-0.195,1.672,-1.170,-38.850,-35.250,-38.100,35.1
18:49:39.963,85152,2.777,-6.823,-6.689,-0.112,1.897,-1.217,-38.850,-35.250,-38.100,35.0
18:49:40.018,85206,3.847,-7.068,-6.088,0.005,1.919,-1.220,-49.500,-27.750,-29.550,35.0
18:49:40.072,85260,4.956,-6.938,-6.385,-0.147,1.624,-1.186,-49.500,-27.750,-29.550,35.1
18:49:40.125,85314,5.432,-6.644,-6.170,-0.214,1.531,-1.112,-49.500,-27.750,-29.550,35.0
18:49:40.179,85368,6.235,-6.124,-5.942,-0.144,1.416,-1.004,-49.500,-27.750,-29.550,34.9
18:49:40.232,85422,6.668,-6.397,-5.095,0.101,1.209,-0.871,-57.450,-11.700,-9.300,34.8
18:49:40.286,85476,7.209,-6.512,-4.760,0.018,1.069,-0.751,-57.450,-11.700,-9.300,34.9
18:49:40.341,85530,7.700,-5.253,-4.336,0.077,0.891,-0.581,-59.400,-4.350,0.150,35.2
18:49:40.394,85584,7.848,-5.562,-3.783,0.156,0.651,-0.481,-59.400,-4.350,0.150,35.1
18:49:40.449,85638,7.889,-5.406,-3.206,0.078,0.517,-0.316,-59.250,0.750,6.150,35.1
18:49:40.502,85692,8.179,-5.033,-3.235,0.120,0.380,-0.223,-59.250,0.750,6.150,34.8
18:49:40.557,85746,8.210,-5.066,-2.835,0.071,0.261,-0.126,-57.000,1.800,7.950,34.7
18:49:40.612,85800,8.277,-5.124,-2.962,0.037,0.128,-0.039,-57.000,1.800,7.950,35.0
18:49:40.665,85854,8.210,-4.990,-3.019,0.015,0.031,0.042,-57.000,1.800,7.950,35.1
18:49:40.719,85908,8.171,-4.975,-2.962,-0.056,-0.065,0.107,-57.000,1.800,7.950,35.1
18:49:40.772,85962,8.191,-4.664,-3.086,-0.122,-0.178,0.169,-57.000,1.800,7.950,35.0
18:49:40.828,86016,8.131,-4.980,-3.340,-0.171,-0.352,0.266,-57.300,1.500,10.500,35.2
18:49:40.881,86070,8.205,-5.456,-3.479,-0.226,-0.597,0.381,-57.300,1.500,10.500,35.1
18:49:40.934,86124,7.922,-5.871,-3.754,-0.164,-0.689,0.482,-57.750,-0.300,6.900,35.2
18:49:40.988,86178,7.566,-5.665,-4.080,-0.170,-0.806,0.649,-57.750,-0.300,6.900,34.8
18:49:41.042,86232,7.432,-6.227,-4.693,-0.128,-0.885,0.783,-57.450,-6.750,1.950,34.9
18:49:41.097,86286,6.802,-7.135,-5.581,-0.079,-1.070,1.010,-57.450,-6.750,1.950,35.1
18:49:41.151,86340,6.218,-6.840,-5.511,0.038,-1.296,1.144,-58.500,-11.100,-3.900,35.1
18:49:41.206,86394,5.423,-6.716,-5.593,0.137,-1.492,1.188,-58.500,-11.100,-3.900,35.1
18:49:41.259,86448,5.124,-6.522,-6.203,0.223,-1.617,1.145,-58.500,-11.100,-3.900,34.8
18:49:41.313,86502,4.041,-6.297,-5.799,0.131,-1.634,1.116,-48.150,-29.100,-23.550,34.8
18:49:41.367,86556,3.211,-7.199,-6.330,0.178,-1.658,1.057,-48.150,-29.100,-23.550,35.1
18:49:41.421,86610,2.327,-7.479,-6.438,0.186,-1.676,0.934,-39.450,-35.550,-32.100,34.8
18:49:41.475,86664,1.219,-7.307,-6.383,0.124,-1.717,0.861,-39.450,-35.550,-32.100,35.0
18:49:41.530,86718,0.098,-7.484,-6.366,0.162,-1.714,0.817,-31.650,-38.550,-36.450,34.8
18:49:41.583,86772,-0.816,-7.520,-5.389,0.042,-1.625,0.748,-31.650,-38.550,-36.450,35.3
18:49:41.636,86826,-1.595,-7.362,-5.207,0.025,-1.441,0.666,-21.900,-43.650,-43.050,34.9
18:49:41.690,86880,-2.430,-6.962,-5.126,0.118,-1.300,0.611,-21.900,-43.650,-43.050,35.2
18:49:41.745,86934,-2.971,-7.120,-4.669,0.071,-1.183,0.542,-21.900,-43.650,-43.050,35.1
18:49:41.798,86988,-3.701,-7.298,-4.855,0.058,-1.039,0.464,-21.900,-43.650,-43.050,35.0
18:49:41.853,87042,-4.254,-7.123,-4.585,0.163,-0.852,0.341,-21.900,-43.650,-43.050,35.2
18:49:41.907,87096,-4.343,-7.106,-4.104,0.188,-0.715,0.302,-1.800,-47.100,-45.300,35.0
18:49:41.961,87150,-4.585,-7.044,-4.017,0.164,-0.635,0.297,-1.800,-47.100,-45.300,34.9
18:49:42.014,87204,-4.788,-7.262,-4.338,0.070,-0.581,0.276,0.600,-46.650,-44.850,34.8
18:49:42.070,87258,-5.428,-7.245,-4.295,0.013,-0.544,0.250,0.600,-46.650,-44.850,34.9
18:49:42.122,87312,-5.734,-7.166,-3.539,-0.040,-0.510,0.251,1.650,-46.500,-44.700,34.8
18:49:42.177,87366,-5.866,-7.044,-3.464,-0.032,-0.472,0.259,1.650,-46.500,-44.700,35.0
18:49:42.230,87420,-5.823,-6.852,-3.158,-0.037,-0.383,0.216,6.450,-46.200,-43.950,35.1
18:49:42.285,87474,-6.117,-6.819,-3.160,0.047,-0.288,0.173,6.450,-46.200,-43.950,35.0
18:49:42.338,87528,-6.292,-6.718,-2.851,0.154,-0.167,0.144,6.450,-46.200,-43.950,35.3
18:49:42.394,87582,-6.354,-6.926,-3.132,0.157,-0.132,0.109,6.450,-46.200,-43.950,34.8
18:49:42.447,87636,-6.481,-6.488,-2.794,0.153,-0.070,0.054,8.100,-45.900,-43.800,34.9
18:49:42.500,87690,-6.512,-6.570,-2.634,0.171,-0.019,0.026,9.300,-46.350,-42.750,35.0
18:49:42.555,87744,-6.493,-6.790,-3.112,0.057,-0.005,-0.012,9.300,-46.350,-42.750,34.8
18:49:42.608,87798,-6.507,-6.598,-2.559,-0.006,0.023,-0.090,8.850,-46.650,-42.750,35.1
18:49:42.662,87852,-6.251,-6.723,-2.835,-0.025,0.030,-0.093,8.850,-46.650,-42.750,35.1
18:49:42.716,87906,-6.438,-6.735,-3.086,-0.095,0.027,-0.081,9.600,-46.350,-42.000,35.1
18:49:42.772,87960,-6.366,-6.879,-2.856,-0.124,0.028,-0.124,9.600,-46.350,-42.000,35.0
18:49:42.825,88014,-6.424,-6.852,-2.883,-0.103,0.047,-0.110,9.600,-46.350,-42.000,35.0
18:49:42.877,88068,-6.055,-6.512,-2.174,-0.073,0.251,-0.194,9.600,-46.350,-42.000,34.6
18:49:42.933,88122,-5.564,-6.462,-2.049,-0.091,0.602,-0.379,7.200,-44.550,-45.150,34.8
18:49:42.988,88176,-5.001,-6.306,-2.442,-0.005,1.086,-0.637,7.200,-44.550,-45.150,35.1
18:49:43.040,88230,-4.523,-6.416,-3.376,-0.041,1.399,-0.860,2.550,-45.600,-44.100,35.1
18:49:43.095,88284,-3.735,-6.780,-4.015,-0.120,1.528,-0.977,-3.450,-45.000,-44.400,35.0
18:49:43.147,88338,-2.562,-8.085,-5.370,-0.278,1.418,-0.962,-3.450,-45.000,-44.400,34.9
18:49:43.203,88392,-2.875,-7.365,-6.457,-0.376,1.252,-1.058,-15.450,-44.550,-45.150,35.0
18:49:43.257,88446,-2.128,-7.664,-5.425,-0.349,1.282,-0.962,-15.450,-44.550,-45.150,35.0
18:49:43.310,88500,-0.881,-8.715,-5.715,-0.237,1.266,-0.799,-24.900,-41.700,-42.300,34.9
18:49:43.365,88554,-0.014,-8.531,-6.493,-0.284,1.290,-0.754,-24.900,-41.700,-42.300,34.8
18:49:43.417,88608,0.091,-7.537,-6.527,-0.238,1.271,-0.791,-24.900,-41.700,-42.300,34.9
18:49:43.473,88662,1.413,-7.520,-6.129,-0.285,1.241,-0.741,-24.900,-41.700,-42.300,35.1
18:49:43.528,88716,2.124,-7.568,-6.663,-0.220,1.245,-0.717,-40.050,-36.150,-36.000,34.8
18:49:43.580,88770,2.394,-7.549,-6.105,-0.196,1.176,-0.741,-40.050,-36.150,-36.000,35.1
18:49:43.634,88824,3.268,-7.501,-6.144,-0.243,1.195,-0.748,-45.900,-29.550,-31.500,35.0
18:49:43.688,88878,4.125,-6.965,-6.235,-0.042,1.102,-0.704,-51.300,-23.850,-24.750,35.1
18:49:43.741,88932,4.432,-7.216,-6.244,0.048,1.002,-0.638,-51.300,-23.850,-24.750,35.3
18:49:43.796,88986,4.860,-7.013,-5.416,-0.028,0.838,-0.568,-56.250,-19.650,-18.900,35.0
18:49:43.852,89040,5.265,-7.027,-5.650,0.001,0.722,-0.476,-56.250,-19.650,-18.900,35.1
18:49:43.904,89094,5.459,-6.771,-5.590,0.017,0.632,-0.418,-56.250,-19.650,-18.900,34.8
18:49:43.959,89148,5.545,-6.400,-4.920,-0.024,0.613,-0.350,-56.250,-19.650,-18.900,35.1
18:49:44.012,89202,6.120,-6.402,-4.736,-0.003,0.556,-0.328,-57.900,-14.100,-8.550,35.1
18:49:44.066,89256,6.450,-6.117,-4.556,-0.047,0.517,-0.328,-57.900,-14.100,-8.550,34.9
18:49:44.121,89310,6.663,-5.899,-4.245,-0.044,0.487,-0.292,-59.700,-9.450,-6.300,34.9
18:49:44.174,89364,6.747,-5.813,-4.245,0.007,0.465,-0.327,-59.700,-9.450,-6.300,35.0
18:49:44.227,89418,6.948,-5.653,-3.747,0.010,0.424,-0.304,-59.400,-7.800,-1.950,35.1
18:49:44.283,89472,7.276,-5.839,-3.673,0.034,0.327,-0.271,-59.400,-7.800,-1.950,34.9
18:49:44.337,89526,7.245,-5.904,-3.419,0.054,0.244,-0.217,-60.150,-5.550,-0.450,34.7
18:49:44.391,89580,7.420,-5.811,-3.498,0.160,0.207,-0.174,-60.150,-5.550,-0.450,35.0
18:49:44.446,89634,7.274,-5.574,-3.309,0.110,0.203,-0.130,-60.150,-5.550,-0.450,34.8
18:49:44.499,89688,7.513,-5.456,-3.407,0.128,0.208,-0.122,-61.050,-1.800,3.600,35.1
18:49:44.552,89742,7.618,-5.449,-3.227,0.214,0.234,-0.165,-61.050,-1.800,3.600,35.2
18:49:44.606,89796,7.614,-5.160,-2.784,0.182,0.156,-0.161,-59.550,-1.500,6.450,35.0
18:49:44.660,89850,7.671,-5.284,-2.885,0.168,0.144,-0.162,-59.550,-1.500,6.450,35.1
18:49:44.713,89904,7.743,-5.588,-2.772,0.197,0.073,-0.130,-58.950,-1.650,8.550,35.3
18:49:44.768,89958,7.944,-5.878,-2.756,0.073,-0.043,-0.030,-58.950,-1.650,8.550,35.1
18:49:44.822,90012,8.205,-6.117,-3.223,-0.069,-0.293,0.138,-58.500,1.800,7.200,34.8
18:49:44.877,90066,7.800,-6.469,-3.500,-0.178,-0.513,0.368,-58.500,1.800,7.200,34.7
18:49:44.931,90120,7.640,-7.159,-3.915,-0.211,-0.871,0.691,-58.500,1.800,7.200,35.0
18:49:44.985,90174,7.424,-7.077,-4.755,-0.218,-1.171,1.008,-58.500,1.800,7.200,35.0
18:49:45.040,90228,6.867,-6.871,-4.697,-0.035,-1.516,1.140,-58.500,1.800,7.200,35.0
18:49:45.093,90282,6.366,-7.190,-5.684,0.066,-1.680,1.333,-55.200,-14.850,-11.100,34.9
18:49:45.146,90336,5.013,-6.974,-5.765,0.076,-1.769,1.409,-55.200,-14.850,-11.100,35.0
18:49:45.200,90390,4.087,-7.199,-6.041,0.107,-1.882,1.463,-51.600,-24.900,-22.800,35.0
18:49:45.254,90444,2.820,-7.444,-6.215,0.066,-1.859,1.457,-51.600,-24.900,-22.800,35.1
18:49:45.309,90498,1.738,-7.611,-5.780,0.076,-1.897,1.395,-40.800,-33.750,-31.500,35.1
18:49:45.363,90552,0.520,-7.630,-6.062,0.001,-1.750,1.317,-40.800,-33.750,-31.500,35.1
18:49:45.416,90606,-0.237,-7.439,-6.084,0.034,-1.718,1.162,-29.550,-40.650,-38.850,35.0
18:49:45.471,90660,-1.460,-7.207,-5.385,-0.007,-1.630,1.045,-29.550,-40.650,-38.850,35.0
18:49:45.525,90714,-2.296,-7.195,-5.148,0.008,-1.497,0.902,-29.550,-40.650,-38.850,34.9
18:49:45.579,90768,-3.266,-7.003,-4.379,0.043,-1.341,0.694,-29.550,-40.650,-38.850,35.0
18:49:45.632,90822,-3.742,-7.111,-4.477,0.072,-1.157,0.574,-8.850,-45.900,-45.600,35.2
18:49:45.685,90876,-4.436,-6.922,-4.235,0.076,-0.972,0.489,-2.550,-46.650,-46.800,35.1
18:49:45.741,90930,-4.805,-7.037,-4.202,0.089,-0.852,0.412,-2.550,-46.650,-46.800,35.1
18:49:45.794,90984,-5.452,-6.986,-3.776,0.086,-0.827,0.369,2.700,-46.500,-46.500,34.8
18:49:45.850,91038,-5.696,-6.977,-3.689,0.059,-0.713,0.376,2.700,-46.500,-46.500,35.0
18:49:45.903,91092,-6.172,-6.546,-2.935,0.135,-0.661,0.367,8.100,-45.900,-44.100,35.1
18:49:45.957,91146,-6.244,-6.843,-2.969,0.217,-0.565,0.312,8.100,-45.900,-44.100,34.8
18:49:46.009,91200,-6.393,-6.493,-2.464,0.200,-0.419,0.167,8.100,-45.900,-44.100,35.1
18:49:46.065,91254,-6.747,-5.839,-2.100,0.137,-0.077,0.099,8.100,-45.900,-44.100,34.8
18:49:46.118,91308,-6.692,-6.081,-2.732,0.177,0.025,-0.005,8.100,-45.900,-44.100,35.0
18:49:46.172,91362,-6.847,-6.349,-2.569,0.023,0.066,-0.097,8.100,-45.900,-44.100,35.1
18:49:46.226,91416,-6.881,-6.476,-2.722,-0.086,0.022,-0.046,11.100,-48.300,-42.000,34.9
18:49:46.279,91470,-6.840,-6.800,-2.873,-0.108,-0.023,0.001,12.600,-45.600,-42.000,34.9
18:49:46.335,91524,-6.761,-6.864,-2.909,-0.150,-0.030,-0.020,12.600,-45.600,-42.000,35.1
18:49:46.388,91578,-6.448,-6.598,-2.804,-0.132,0.071,-0.064,12.750,-45.750,-44.700,34.8
18:49:46.443,91632,-6.534,-6.275,-2.241,-0.064,0.220,-0.138,12.750,-45.750,-44.700,35.1
18:49:46.496,91686,-6.132,-6.558,-2.423,-0.069,0.443,-0.269,9.600,-46.650,-44.550,35.1
18:49:46.549,91740,-6.007,-6.278,-2.447,-0.003,0.741,-0.455,9.600,-46.650,-44.550,35.2
18:49:46.604,91794,-5.519,-6.625,-3.189,0.038,0.989,-0.653,9.600,-46.650,-44.550,35.0
18:49:46.658,91848,-4.913,-6.661,-4.015,-0.107,1.257,-0.792,9.600,-46.650,-44.550,34.8
18:49:46.711,91902,-4.575,-6.467,-3.543,-0.116,1.275,-0.935,2.100,-46.350,-44.550,34.9
18:49:46.765,91956,-3.041,-7.487,-4.357,-0.207,1.260,-0.994,2.100,-46.350,-44.550,34.8
18:49:46.819,92010,-2.854,-7.101,-5.073,-0.296,1.437,-1.063,-7.800,-44.850,-43.500,35.1
18:49:46.874,92064,-2.155,-7.393,-4.489,-0.230,1.393,-0.969,-18.300,-41.550,-45.750,35.1
18:49:46.928,92118,-0.649,-8.413,-5.887,-0.451,1.405,-0.982,-18.300,-41.550,-45.750,35.1
18:49:46.981,92172,-0.467,-7.913,-6.139,-0.176,1.284,-0.880,-28.500,-39.150,-41.850,35.0
18:49:47.036,92226,0.436,-8.145,-6.546,-0.207,1.310,-0.837,-28.500,-39.150,-41.850,35.1
18:49:47.089,92280,0.639,-7.863,-5.863,-0.051,1.209,-0.801,-28.500,-39.150,-41.850,35.1
18:49:47.143,92334,1.774,-8.200,-6.012,0.118,1.200,-0.777,-28.500,-39.150,-41.850,35.1
18:49:47.197,92388,2.385,-7.695,-6.215,0.054,1.104,-0.740,-28.500,-39.150,-41.850,34.8
18:49:47.251,92442,2.684,-7.609,-6.280,0.091,1.090,-0.748,-28.500,-39.150,-41.850,34.8
18:49:47.306,92496,3.749,-7.532,-5.806,-0.014,0.925,-0.792,-49.500,-26.550,-27.000,34.8
18:49:47.359,92550,4.408,-7.523,-5.416,-0.293,0.791,-0.674,-49.500,-26.550,-27.000,34.8
18:49:47.414,92604,4.719,-7.503,-5.385,-0.249,0.760,-0.606,-52.800,-21.900,-22.950,35.0
18:49:47.468,92658,4.867,-6.979,-5.385,-0.221,0.843,-0.571,-52.800,-21.900,-22.950,34.8
18:49:47.521,92712,5.368,-6.694,-4.635,-0.091,0.730,-0.479,-57.300,-18.150,-17.850,35.1
18:49:47.575,92766,6.323,-7.175,-4.992,-0.126,0.703,-0.435,-58.200,-14.100,-13.200,35.1
18:49:47.629,92820,5.938,-6.455,-4.594,0.144,0.626,-0.402,-58.200,-14.100,-13.200,35.3
18:49:47.684,92874,6.263,-6.651,-4.468,0.159,0.568,-0.347,-58.200,-14.100,-13.200,34.8
18:49:47.738,92928,6.498,-6.024,-4.413,0.212,0.578,-0.355,-58.200,-14.100,-13.200,34.7
18:49:47.793,92982,6.551,-6.512,-4.171,0.259,0.548,-0.333,-58.200,-7.800,-3.750,35.0
18:49:47.845,93036,7.061,-5.890,-3.859,0.099,0.495,-0.338,-58.200,-7.800,-3.750,35.0
18:49:47.900,93090,7.061,-5.823,-3.311,0.095,0.411,-0.338,-59.550,-4.950,-0.300,35.0
18:49:47.954,93144,7.377,-5.904,-3.587,-0.010,0.353,-0.276,-59.550,-4.950,-0.300,35.0
18:49:48.007,93198,7.398,-5.725,-3.124,-0.009,0.296,-0.266,-60.450,-2.400,3.000,34.7
18:49:48.062,93252,7.424,-5.768,-2.966,0.026,0.250,-0.214,-60.450,-2.400,3.000,35.0
18:49:48.115,93306,7.719,-5.669,-3.237,0.038,0.277,-0.172,-59.850,-1.050,4.350,35.2
18:49:48.169,93360,7.740,-5.590,-2.777,0.108,0.186,-0.142,-59.850,-1.050,4.350,34.8
18:49:48.224,93414,7.635,-5.588,-2.703,0.128,0.178,-0.094,-59.850,-1.050,4.350,34.8
18:49:48.277,93468,7.745,-5.406,-2.801,0.095,0.130,-0.077,-59.850,0.750,9.000,35.1
18:49:48.331,93522,7.901,-5.375,-2.665,0.022,0.042,-0.044,-59.850,0.750,9.000,35.0
18:49:48.386,93576,7.846,-5.284,-2.629,-0.086,-0.021,-0.001,-59.400,1.650,7.350,34.9
18:49:48.441,93630,7.841,-5.540,-2.964,-0.159,-0.140,0.077,-59.400,1.650,7.350,34.9
18:49:48.494,93684,7.879,-5.784,-2.875,-0.221,-0.252,0.193,-57.000,-0.750,7.650,35.1
18:49:48.548,93738,7.647,-6.419,-3.335,-0.318,-0.437,0.392,-57.000,-0.750,7.650,34.8
18:49:48.602,93792,8.116,-6.615,-4.061,-0.396,-0.717,0.630,-58.500,-3.000,4.650,35.1
18:49:48.655,93846,7.269,-7.072,-4.745,-0.243,-1.051,0.907,-58.500,-3.000,4.650,34.8
18:49:48.709,93900,6.596,-7.233,-5.253,-0.139,-1.239,1.059,-60.450,-8.700,-1.500,34.7
18:49:48.763,93954,5.899,-6.864,-5.519,0.011,-1.400,1.203,-60.450,-8.700,-1.500,35.1
18:49:48.819,94008,5.449,-7.120,-5.952,0.049,-1.630,1.281,-60.450,-8.700,-1.500,34.8
18:49:48.870,94062,4.369,-7.465,-6.232,-0.028,-1.727,1.226,-52.350,-26.850,-21.000,35.1
18:49:48.925,94116,3.778,-6.917,-5.832,-0.054,-1.805,1.203,-52.350,-26.850,-21.000,34.9
18:49:48.979,94170,2.488,-7.561,-6.005,-0.008,-1.829,1.142,-43.650,-31.800,-32.700,35.0
18:49:49.033,94224,1.597,-7.484,-6.464,-0.062,-1.886,1.084,-43.650,-31.800,-32.700,34.8
18:49:49.087,94278,0.354,-7.585,-6.464,-0.017,-1.836,1.006,-34.350,-38.850,-39.600,34.8
18:49:49.141,94332,-0.819,-7.293,-5.784,0.095,-1.722,0.946,-34.350,-38.850,-39.600,34.9
18:49:49.196,94386,-1.396,-7.295,-5.358,0.179,-1.507,0.804,-20.400,-42.150,-46.050,35.1
18:49:49.249,94440,-2.425,-6.895,-5.291,0.182,-1.458,0.716,-20.400,-42.150,-46.050,35.0
18:49:49.304,94494,-3.275,-7.056,-5.121,0.203,-1.316,0.667,-20.400,-42.150,-46.050,35.0
18:49:49.357,94548,-3.955,-7.307,-4.896,0.208,-1.149,0.584,-20.400,-42.150,-46.050,34.8
18:49:49.412,94602,-4.587,-6.785,-4.017,0.265,-1.054,0.532,-5.850,-45.900,-48.150,35.1
18:49:49.465,94656,-5.001,-6.955,-3.472,0.216,-0.909,0.472,0.000,-48.300,-46.800,35.0
18:49:49.519,94710,-5.552,-6.744,-3.797,0.136,-0.816,0.398,0.000,-48.300,-46.800,35.0
18:49:49.575,94764,-5.526,-6.603,-3.318,0.107,-0.638,0.317,7.950,-45.300,-45.750,34.8
18:49:49.627,94818,-5.799,-6.495,-2.787,0.029,-0.503,0.220,7.950,-45.300,-45.750,34.9
18:49:49.683,94872,-5.921,-6.680,-3.108,-0.069,-0.277,0.109,7.800,-46.350,-44.550,34.8
18:49:49.737,94926,-6.443,-6.213,-2.550,-0.073,-0.090,0.044,7.800,-46.350,-44.550,35.1
18:49:49.790,94980,-6.297,-6.744,-2.983,-0.026,0.031,0.006,7.800,-46.350,-44.550,35.1
18:49:49.845,95034,-6.153,-6.716,-3.378,-0.128,0.028,-0.071,7.800,-46.350,-44.550,35.0
18:49:49.897,95088,-6.318,-6.792,-3.306,-0.074,0.026,-0.029,7.800,-46.350,-44.550,35.0
18:49:49.951,95142,-6.275,-7.175,-3.596,-0.017,-0.004,-0.014,7.800,-46.350,-44.550,34.8
18:49:50.007,95196,-6.287,-6.673,-2.859,0.010,0.081,-0.045,8.250,-46.200,-45.450,35.1
18:49:50.061,95250,-5.923,-6.582,-2.658,0.106,0.319,-0.139,7.500,-45.750,-46.200,34.8
18:49:50.113,95304,-5.715,-6.340,-2.169,0.232,0.653,-0.267,7.500,-45.750,-46.200,34.8
18:49:50.167,95358,-5.260,-6.656,-2.370,0.259,1.079,-0.509,4.800,-47.100,-46.050,35.0
18:49:50.221,95412,-4.690,-6.689,-3.567,0.258,1.338,-0.739,4.800,-47.100,-46.050,34.9
18:49:50.277,95466,-4.096,-6.812,-3.630,0.199,1.511,-0.895,-2.550,-46.350,-42.300,35.1
18:49:50.330,95520,-3.388,-7.087,-4.690,-0.084,1.424,-1.030,-2.550,-46.350,-42.300,34.9
18:49:50.383,95574,-2.744,-7.678,-5.179,-0.039,1.353,-1.085,-2.550,-46.350,-42.300,34.9
18:49:50.439,95628,-1.642,-8.150,-5.258,-0.197,1.234,-1.134,-2.550,-46.350,-42.300,35.0
18:49:50.492,95682,-1.211,-7.647,-4.741,-0.272,1.298,-1.079,-21.000,-44.550,-39.900,34.9
18:49:50.544,95736,0.136,-8.334,-5.167,-0.109,1.209,-0.960,-21.000,-44.550,-39.900,34.9
18:49:50.599,95790,0.883,-8.504,-5.689,-0.277,1.167,-0.896,-29.700,-40.950,-36.900,34.9
18:49:50.654,95844,1.223,-7.719,-5.186,-0.165,1.136,-0.833,-38.250,-36.600,-33.150,35.3
18:49:50.708,95898,2.377,-8.236,-5.789,-0.080,1.080,-0.794,-38.250,-36.600,-33.150,35.1
18:49:50.763,95952,2.993,-8.191,-6.165,-0.136,0.957,-0.717,-45.450,-33.600,-29.250,35.0
18:49:50.815,96006,2.859,-7.824,-5.507,-0.081,0.929,-0.679,-45.450,-33.600,-29.250,34.9
18:49:50.869,96060,3.364,-7.942,-5.296,0.042,0.917,-0.654,-50.400,-30.300,-24.900,35.1
18:49:50.923,96114,4.372,-7.829,-5.576,-0.048,0.848,-0.578,-50.400,-30.300,-24.900,35.1
18:49:50.977,96168,4.508,-7.161,-4.973,-0.122,0.805,-0.583,-50.400,-30.300,-24.900,34.8
18:49:51.031,96222,5.018,-7.264,-4.978,-0.071,0.685,-0.497,-50.400,-30.300,-24.900,34.9
18:49:51.085,96276,5.432,-7.140,-5.133,-0.228,0.544,-0.454,-55.200,-19.500,-13.200,34.9
18:49:51.139,96330,5.286,-6.668,-4.851,-0.104,0.492,-0.408,-55.200,-19.500,-13.200,35.1
18:49:51.193,96384,5.509,-6.838,-4.369,-0.008,0.561,-0.390,-58.650,-16.350,-11.400,35.0
18:49:51.247,96438,6.208,-6.579,-4.259,0.063,0.571,-0.377,-58.650,-16.350,-11.400,35.0
18:49:51.300,96492,6.529,-6.347,-4.262,0.172,0.570,-0.388,-60.300,-12.750,-7.950,35.0
18:49:51.355,96546,6.431,-6.325,-3.677,0.254,0.485,-0.380,-57.450,-9.450,-3.450,34.8
18:49:51.410,96600,6.919,-6.266,-3.836,0.244,0.443,-0.345,-57.450,-9.450,-3.450,34.8
18:49:51.465,96654,6.879,-6.043,-3.357,0.186,0.418,-0.340,-57.450,-9.450,-3.450,35.1
18:49:51.517,96708,7.185,-6.117,-3.357,0.108,0.358,-0.305,-57.450,-9.450,-3.450,34.7
18:49:51.572,96762,7.230,-5.933,-3.259,-0.003,0.329,-0.327,-57.450,-9.450,-3.450,35.3
18:49:51.625,96816,7.254,-5.923,-2.828,0.005,0.311,-0.330,-57.450,-9.450,-3.450,34.9
18:49:51.679,96870,7.633,-5.638,-2.787,-0.087,0.287,-0.284,-58.950,-1.350,5.550,35.0
18:49:51.734,96924,7.685,-5.339,-2.677,-0.026,0.302,-0.288,-58.950,-1.350,5.550,34.8
18:49:51.788,96978,7.745,-5.938,-2.689,0.011,0.168,-0.160,-59.250,0.000,8.400,34.8
18:49:51.841,97032,7.843,-5.576,-2.267,0.038,0.109,-0.130,-59.250,0.000,8.400,35.0
18:49:51.896,97086,7.989,-5.780,-2.492,0.056,0.010,-0.022,-58.800,1.800,8.700,34.9
18:49:51.949,97140,7.970,-5.744,-2.794,-0.063,-0.167,0.103,-57.750,1.500,9.750,34.8
18:49:52.003,97194,7.843,-6.122,-3.124,-0.086,-0.405,0.305,-57.750,1.500,9.750,34.9
18:49:52.057,97248,7.793,-6.467,-3.601,-0.289,-0.681,0.556,-57.750,1.500,9.750,35.0
18:49:52.111,97302,7.288,-6.572,-3.709,-0.361,-0.893,0.769,-57.750,1.500,9.750,34.9
18:49:52.165,97356,7.077,-7.654,-4.487,-0.273,-1.196,1.094,-59.700,-7.800,-1.500,35.1
18:49:52.221,97410,6.536,-7.697,-5.521,-0.225,-1.347,1.269,-59.700,-7.800,-1.500,34.9
18:49:52.275,97464,5.804,-7.264,-5.708,-0.204,-1.584,1.371,-57.900,-15.150,-9.300,34.9
18:49:52.327,97518,5.011,-6.773,-5.976,-0.141,-1.782,1.395,-57.900,-15.150,-9.300,35.2
18:49:52.380,97572,4.049,-7.044,-6.067,-0.117,-1.943,1.368,-50.550,-25.800,-21.450,35.0
18:49:52.435,97626,2.751,-7.242,-6.232,-0.046,-2.020,1.255,-50.550,-25.800,-21.450,35.0
18:49:52.491,97680,1.547,-7.479,-6.084,0.047,-2.007,1.144,-41.250,-35.550,-31.800,34.8
18:49:52.544,97734,0.481,-7.087,-5.842,0.019,-1.890,0.966,-41.250,-35.550,-31.800,35.1
18:49:52.596,97788,-0.845,-6.828,-5.511,0.032,-1.765,0.883,-41.250,-35.550,-31.800,35.1
18:49:52.652,97842,-1.520,-6.797,-4.877,0.077,-1.645,0.756,-41.250,-35.550,-31.800,35.0
18:49:52.705,97896,-2.184,-7.326,-5.425,-0.005,-1.483,0.666,-41.250,-35.550,-31.800,35.1
18:49:52.759,97950,-2.995,-7.211,-5.025,0.083,-1.323,0.564,-9.300,-45.900,-48.900,35.0
18:49:52.813,98004,-3.500,-7.271,-4.748,0.144,-1.186,0.501,-9.300,-45.900,-48.900,35.0
18:49:52.868,98058,-4.223,-7.214,-4.901,0.133,-1.090,0.503,-3.600,-45.600,-51.150,35.0
18:49:52.921,98112,-4.927,-7.039,-4.209,0.181,-0.945,0.455,-3.600,-45.600,-51.150,34.8
18:49:52.976,98166,-5.353,-6.795,-3.915,0.172,-0.847,0.400,2.100,-44.850,-49.350,34.8
18:49:53.029,98220,-5.521,-6.596,-3.417,0.177,-0.732,0.362,2.100,-44.850,-49.350,35.0
18:49:53.084,98274,-5.698,-6.615,-3.438,0.117,-0.670,0.290,7.350,-45.900,-47.400,35.3
18:49:53.137,98328,-6.206,-6.488,-3.460,0.066,-0.558,0.249,7.350,-45.900,-47.400,35.0
18:49:53.191,98382,-6.412,-6.653,-2.935,-0.008,-0.564,0.160,7.350,-45.900,-47.400,35.0
18:49:53.246,98436,-6.594,-6.314,-2.210,-0.144,-0.441,0.119,12.450,-47.250,-46.200,34.9
18:49:53.299,98490,-6.522,-6.452,-2.648,-0.133,-0.245,0.030,12.450,-47.250,-46.200,34.9
18:49:53.355,98544,-6.610,-6.184,-2.622,-0.129,-0.127,-0.050,12.600,-45.600,-47.100,35.0
18:49:53.406,98598,-6.773,-6.457,-2.612,-0.179,-0.102,-0.062,12.600,-45.600,-47.100,34.8
18:49:53.461,98652,-6.644,-6.881,-2.909,-0.121,-0.029,-0.047,12.150,-44.850,-48.150,34.8
18:49:53.514,98706,-6.776,-6.579,-2.739,-0.048,0.051,-0.060,12.150,-44.850,-48.150,35.1
18:49:53.568,98760,-6.680,-6.584,-2.866,-0.018,0.069,-0.058,12.150,-45.150,-48.150,35.0
18:49:53.624,98814,-6.500,-6.529,-2.732,0.128,0.199,-0.062,12.150,-45.150,-48.150,34.9
18:49:53.677,98868,-6.373,-6.539,-2.310,0.216,0.405,-0.137,12.150,-45.150,-48.150,35.0
18:49:53.732,98922,-5.954,-6.735,-2.251,0.266,0.688,-0.251,12.150,-45.150,-48.150,35.1
18:49:53.785,98976,-5.646,-6.491,-2.904,0.208,0.965,-0.466,12.150,-45.150,-48.150,35.1
18:49:53.839,99030,-5.420,-6.129,-3.065,0.171,1.129,-0.581,6.300,-47.550,-45.600,35.0
18:49:53.893,99084,-4.628,-7.015,-3.917,0.083,1.144,-0.702,6.300,-47.550,-45.600,34.8
18:49:53.946,99138,-4.353,-7.298,-4.444,-0.204,1.105,-0.807,-1.650,-46.200,-46.200,34.7
18:49:54.001,99192,-3.970,-7.252,-4.911,-0.322,1.120,-0.824,-1.650,-46.200,-46.200,35.0
18:49:54.055,99246,-3.328,-7.532,-4.503,-0.199,1.167,-0.766,-9.600,-45.600,-46.350,34.7
18:49:54.109,99300,-2.397,-8.274,-5.449,-0.207,1.169,-0.747,-9.600,-45.600,-46.350,35.1
18:49:54.163,99354,-1.817,-7.712,-5.385,-0.212,1.294,-0.755,-17.700,-42.300,-45.150,35.0
18:49:54.218,99408,-1.358,-7.664,-5.413,-0.060,1.180,-0.703,-17.700,-42.300,-45.150,34.9
18:49:54.271,99462,-0.290,-8.487,-5.995,-0.100,1.163,-0.684,-17.700,-42.300,-45.150,35.1
18:49:54.325,99516,0.201,-7.638,-5.691,-0.016,1.138,-0.701,-17.700,-42.300,-45.150,35.1
18:49:54.379,99570,0.625,-7.970,-5.789,0.027,1.165,-0.676,-32.550,-38.400,-39.900,34.9
18:49:54.432,99624,1.511,-8.308,-6.275,0.016,1.136,-0.695,-32.550,-38.400,-39.900,34.8
18:49:54.486,99678,1.992,-7.831,-6.390,-0.004,1.136,-0.726,-39.450,-35.850,-34.350,35.0
18:49:54.540,99732,2.535,-7.578,-5.710,-0.023,1.062,-0.700,-46.650,-31.500,-30.150,34.8
18:49:54.596,99786,3.364,-7.647,-5.468,-0.051,1.031,-0.703,-46.650,-31.500,-30.150,35.0
18:49:54.649,99840,3.701,-7.302,-5.598,-0.167,0.950,-0.694,-51.900,-27.600,-23.550,35.0
18:49:54.703,99894,4.221,-7.283,-5.337,-0.099,0.985,-0.688,-51.900,-27.600,-23.550,35.1
18:49:54.757,99948,5.071,-7.439,-5.401,-0.090,0.823,-0.619,-51.900,-27.600,-23.550,35.0
18:49:54.812,100002,4.855,-6.876,-5.282,-0.180,0.846,-0.623,-51.900,-27.600,-23.550,35.2
18:49:54.864,100056,5.583,-6.495,-4.621,-0.049,0.895,-0.585,-56.550,-18.150,-12.300,35.1
18:49:54.919,100110,6.409,-6.819,-4.549,0.078,0.803,-0.523,-56.550,-18.150,-12.300,35.0
18:49:54.973,100164,6.476,-6.754,-4.216,-0.013,0.711,-0.490,-58.950,-12.900,-6.300,35.0
18:49:55.028,100218,6.756,-6.402,-3.907,0.099,0.680,-0.467,-58.950,-12.900,-6.300,35.0
18:49:55.082,100272,6.881,-6.096,-3.383,0.177,0.674,-0.424,-59.550,-9.600,-3.900,34.7
18:49:55.136,100326,7.511,-6.309,-3.412,0.133,0.538,-0.339,-60.600,-7.200,2.100,34.8
18:49:55.189,100380,7.393,-6.086,-3.658,0.111,0.467,-0.310,-60.600,-7.200,2.100,34.9
18:49:55.243,100434,7.302,-6.057,-3.060,0.131,0.400,-0.268,-56.700,-4.350,6.300,35.0
18:49:55.297,100488,7.554,-5.691,-2.916,0.064,0.384,-0.247,-56.700,-4.350,6.300,34.7
18:49:55.351,100542,7.587,-5.531,-2.540,0.039,0.345,-0.254,-56.700,-4.350,6.300,34.8
18:49:55.406,100596,7.767,-5.657,-2.222,0.074,0.284,-0.224,-56.700,-4.350,6.300,34.8
18:49:55.459,100650,7.997,-5.641,-2.490,0.003,0.247,-0.211,-55.950,0.900,10.050,35.0
18:49:55.514,100704,7.956,-5.423,-2.298,-0.059,0.151,-0.159,-55.950,0.900,10.050,35.1
18:49:55.566,100758,7.973,-5.430,-1.990,-0.024,0.040,-0.067,-55.650,3.150,13.200,35.1
18:49:55.622,100812,8.054,-5.756,-2.368,-0.040,-0.014,-0.009,-55.650,3.150,13.200,35.0
18:49:55.675,100866,8.071,-5.547,-2.459,-0.114,-0.106,0.074,-56.700,3.150,10.650,34.8
18:49:55.729,100920,7.961,-5.653,-2.492,-0.137,-0.254,0.194,-56.700,1.650,11.100,35.0
18:49:55.783,100974,8.011,-6.057,-2.686,-0.275,-0.466,0.361,-56.700,1.650,11.100,34.9
18:49:55.837,101028,7.946,-6.522,-3.656,-0.329,-0.732,0.576,-56.700,1.650,11.100,34.7
18:49:55.891,101082,7.630,-6.867,-3.778,-0.357,-1.011,0.848,-56.700,1.650,11.100,34.9
18:49:55.945,101136,7.061,-7.061,-4.338,-0.318,-1.213,1.024,-56.700,1.650,11.100,34.8
18:49:55.998,101190,6.543,-7.403,-5.198,-0.187,-1.417,1.224,-56.700,1.650,11.100,34.8
18:49:56.052,101244,5.859,-7.245,-5.521,-0.058,-1.523,1.308,-56.250,-17.400,-8.700,34.9
18:49:56.161,101298,5.176,-7.207,-6.108,0.028,-1.670,1.365,-56.250,-17.400,-8.700,34.9
18:49:56.162,101352,4.075,-7.283,-5.947,0.037,-1.787,1.355,-49.500,-27.750,-17.850,34.9
18:49:56.215,101406,3.036,-7.278,-5.772,0.071,-1.834,1.282,-49.500,-27.750,-17.850,34.8
18:49:56.269,101460,1.954,-7.403,-6.050,0.032,-1.878,1.146,-42.150,-33.750,-28.200,34.8
18:49:56.322,101514,0.792,-7.250,-6.091,0.032,-1.874,1.083,-42.150,-33.750,-28.200,34.8
18:49:56.377,101568,-0.259,-7.377,-5.873,0.090,-1.743,0.969,-30.900,-41.700,-38.250,35.1
18:49:56.430,101622,-1.255,-7.542,-5.629,0.084,-1.674,0.872,-30.900,-41.700,-38.250,35.0
18:49:56.485,101676,-2.037,-7.329,-5.588,0.126,-1.469,0.740,-30.900,-41.700,-38.250,35.1
18:49:56.539,101730,-2.727,-7.269,-4.767,0.164,-1.342,0.656,-11.100,-46.350,-44.550,35.0
18:49:56.594,101784,-3.282,-7.487,-4.693,0.185,-1.217,0.606,-11.100,-46.350,-44.550,35.1
18:49:56.647,101838,-3.958,-7.475,-4.365,0.182,-1.057,0.524,-5.400,-48.450,-44.700,35.1
18:49:56.701,101892,-4.724,-7.053,-3.950,0.086,-0.930,0.467,-5.400,-48.450,-44.700,34.9
18:49:56.808,101946,-5.133,-6.900,-3.697,0.047,-0.812,0.386,0.150,-48.000,-43.950,34.7
18:49:56.809,102000,-5.430,-6.977,-3.692,-0.004,-0.729,0.361,0.150,-48.000,-43.950,34.6
18:49:56.916,102054,-5.634,-6.936,-3.405,-0.011,-0.669,0.272,5.400,-48.450,-43.950,34.9
18:49:56.917,102108,-5.974,-6.955,-3.335,-0.026,-0.577,0.229,5.400,-48.450,-43.950,35.1
18:49:56.971,102162,-6.304,-6.835,-3.005,0.083,-0.483,0.201,5.400,-48.450,-43.950,35.0
18:49:57.024,102216,-6.404,-6.601,-2.619,0.170,-0.381,0.158,10.800,-45.900,-42.300,34.9
18:49:57.132,102270,-6.330,-6.766,-2.428,0.180,-0.231,0.078,10.800,-45.900,-42.300,34.8
18:49:57.187,102324,-6.507,-6.651,-2.181,0.278,-0.127,0.050,10.950,-46.950,-41.100,35.1
18:49:57.188,102378,-6.709,-6.476,-2.282,0.334,0.016,-0.004,10.950,-46.950,-41.100,34.9
18:49:57.242,102432,-6.457,-6.493,-2.167,0.179,0.088,-0.103,11.550,-47.850,-39.000,34.8
18:49:57.295,102486,-6.546,-6.922,-2.497,0.096,0.028,-0.102,11.550,-47.850,-39.000,34.7
18:49:57.348,102540,-6.517,-7.137,-2.397,0.008,-0.023,-0.050,10.200,-47.700,-39.600,35.0
18:49:57.402,102594,-6.539,-7.072,-1.956,-0.088,-0.014,-0.014,10.200,-47.700,-39.600,35.1
18:49:57.457,102648,-6.357,-6.888,-1.678,-0.119,0.119,-0.029,10.200,-47.700,-39.600,35.0
18:49:57.511,102702,-6.165,-6.563,-1.630,-0.077,0.446,-0.155,10.200,-47.700,-39.600,35.2
18:49:57.565,102756,-5.918,-6.421,-2.004,0.088,0.777,-0.325,10.200,-47.700,-39.600,34.8
18:49:57.620,102810,-5.315,-6.826,-2.267,0.131,1.056,-0.610,4.950,-47.700,-39.900,35.0
18:49:57.674,102864,-4.748,-7.008,-3.256,0.004,1.181,-0.806,4.950,-47.700,-39.900,35.0
18:49:57.728,102918,-4.154,-6.783,-3.170,0.054,1.203,-0.936,-1.050,-49.800,-39.450,34.9
18:49:57.781,102972,-3.800,-7.309,-3.589,-0.197,1.297,-1.075,-1.050,-49.800,-39.450,35.0
18:49:57.835,103026,-2.945,-7.731,-4.022,-0.297,1.356,-1.132,-11.550,-47.850,-39.750,35.1
18:49:57.888,103080,-2.234,-8.435,-5.856,-0.376,1.267,-1.203,-11.550,-47.850,-39.750,35.0
18:49:57.941,103134,-1.384,-7.807,-4.930,-0.456,1.361,-1.181,-20.400,-43.200,-40.500,35.0
18:49:57.996,103188,-0.062,-8.540,-5.655,-0.505,1.309,-1.076,-20.400,-43.200,-40.500,35.1
18:49:58.051,103242,0.783,-8.205,-5.646,-0.440,1.246,-1.015,-20.400,-43.200,-40.500,34.8
18:49:58.104,103296,1.245,-8.124,-5.468,-0.263,1.203,-0.889,-20.400,-43.200,-40.500,35.0
18:49:58.158,103350,2.059,-8.485,-6.019,-0.249,1.127,-0.806,-39.000,-37.500,-36.150,35.2
18:49:58.213,103404,2.172,-7.812,-6.311,-0.169,1.123,-0.756,-39.000,-37.500,-36.150,34.8
18:49:58.266,103458,3.275,-7.848,-6.318,-0.060,1.068,-0.677,-45.450,-31.950,-30.300,34.8
18:49:58.321,103512,3.630,-7.551,-5.916,0.024,1.002,-0.671,-50.250,-25.800,-26.250,35.1
18:49:58.373,103566,4.307,-7.475,-6.179,0.011,0.946,-0.627,-50.250,-25.800,-26.250,35.0
18:49:58.429,103620,4.492,-7.293,-5.148,0.052,0.881,-0.645,-53.400,-21.450,-18.000,35.1
18:49:58.483,103674,5.128,-7.116,-5.636,-0.010,0.822,-0.621,-53.400,-21.450,-18.000,34.9
18:49:58.537,103728,5.466,-6.491,-4.870,-0.086,0.778,-0.644,-53.400,-21.450,-18.000,35.1
18:49:58.589,103782,5.895,-6.673,-4.700,-0.096,0.673,-0.558,-53.400,-21.450,-18.000,35.0
18:49:58.644,103836,6.318,-6.893,-4.724,-0.178,0.575,-0.504,-53.400,-21.450,-18.000,34.8
18:49:58.699,103890,6.160,-6.263,-4.501,-0.195,0.600,-0.466,-53.400,-21.450,-18.000,34.9
18:49:58.754,103944,6.764,-6.182,-4.185,-0.048,0.564,-0.386,-58.950,-9.450,-4.800,35.0
18:49:58.808,103998,7.034,-6.081,-4.082,-0.096,0.530,-0.355,-58.950,-9.450,-4.800,34.9
18:49:58.860,104052,7.209,-5.981,-3.670,0.034,0.438,-0.282,-59.850,-6.900,-0.600,34.9
18:49:58.914,104106,7.341,-5.827,-3.572,0.080,0.362,-0.245,-59.700,-4.050,1.500,34.9
18:49:58.968,104160,7.439,-5.770,-3.589,0.271,0.258,-0.164,-59.700,-4.050,1.500,35.0
18:49:59.022,104214,7.532,-5.626,-3.522,0.214,0.269,-0.155,-59.250,-3.000,4.350,34.8
18:49:59.077,104268,7.412,-5.406,-3.156,0.177,0.209,-0.137,-59.250,-3.000,4.350,35.0
18:49:59.131,104322,7.561,-5.265,-2.942,0.157,0.204,-0.154,-59.250,-3.000,4.350,34.7
18:49:59.184,104376,7.554,-5.294,-2.581,0.144,0.244,-0.187,-59.250,-3.000,4.350,34.8
18:49:59.238,104430,8.011,-5.069,-2.559,0.040,0.178,-0.183,-58.800,1.800,8.400,34.8
18:49:59.295,104484,8.066,-5.203,-2.725,0.023,0.154,-0.194,-58.800,1.800,8.400,34.9
18:49:59.345,104538,7.853,-5.382,-2.452,0.038,0.067,-0.165,-57.900,0.450,8.550,35.0
18:49:59.401,104592,8.095,-5.571,-2.500,-0.019,0.040,-0.090,-57.900,0.450,8.550,34.9
18:49:59.455,104646,8.100,-5.253,-2.492,-0.026,0.017,-0.050,-58.500,4.200,9.000,35.3
18:49:59.509,104700,8.181,-5.428,-2.535,0.014,-0.103,0.064,-58.500,4.200,9.000,35.0
18:49:59.562,104754,8.284,-5.799,-2.859,-0.106,-0.266,0.199,-58.200,4.050,8.550,34.7
18:49:59.615,104808,8.090,-5.969,-3.172,-0.225,-0.548,0.438,-58.200,4.050,8.550,34.7
18:49:59.670,104862,7.939,-6.531,-3.737,-0.251,-0.836,0.666,-58.200,4.050,8.550,34.9
18:49:59.724,104916,7.472,-6.883,-4.214,-0.292,-1.085,0.946,-60.150,-3.600,1.200,35.0
18:49:59.778,104970,7.075,-7.080,-4.992,-0.241,-1.296,1.145,-60.150,-3.600,1.200,34.8
18:49:59.833,105024,6.519,-7.484,-5.839,-0.122,-1.513,1.366,-59.700,-12.150,-8.550,34.9
18:49:59.887,105078,5.473,-7.628,-5.921,0.099,-1.666,1.586,-59.700,-12.150,-8.550,34.9
18:49:59.941,105132,4.527,-7.961,-6.223,0.163,-1.857,1.710,-54.150,-23.250,-18.750,34.8
18:49:59.994,105186,3.354,-7.609,-6.699,0.181,-1.996,1.660,-54.150,-23.250,-18.750,34.9
18:50:00.048,105240,2.291,-6.996,-5.507,0.351,-1.998,1.586,-44.850,-34.500,-28.650,34.9
18:50:00.103,105294,1.003,-7.590,-5.454,0.229,-1.909,1.398,-44.850,-34.500,-28.650,34.9
18:50:00.157,105348,-0.474,-6.981,-4.750,0.319,-1.748,1.204,-30.450,-43.200,-36.450,34.7
18:50:00.212,105402,-1.015,-7.544,-4.879,0.327,-1.422,0.888,-30.450,-43.200,-36.450,34.8
18:50:00.265,105456,-2.698,-7.360,-4.132,0.260,-1.227,0.739,-30.450,-43.200,-36.450,34.8
18:50:00.319,105510,-2.990,-7.458,-4.360,0.264,-1.139,0.699,-10.800,-48.600,-38.250,34.9
18:50:00.372,105564,-3.515,-7.408,-4.530,0.050,-1.059,0.705,-10.800,-48.600,-38.250,34.8
18:50:00.426,105618,-4.276,-7.664,-4.140,0.021,-1.058,0.629,-3.450,-48.450,-39.900,35.0
18:50:00.480,105672,-4.741,-7.396,-3.543,-0.032,-0.922,0.559,-3.450,-48.450,-39.900,34.8
18:50:00.534,105726,-5.071,-7.638,-3.677,-0.057,-0.804,0.526,1.800,-49.800,-42.000,34.9
18:50:00.589,105780,-5.684,-7.142,-3.194,-0.108,-0.750,0.470,1.800,-49.800,-42.000,34.9
18:50:00.644,105834,-5.646,-7.022,-3.179,-0.143,-0.671,0.454,6.000,-47.250,-40.650,34.9
18:50:00.698,105888,-6.079,-6.780,-2.780,-0.125,-0.644,0.430,6.000,-47.250,-40.650,34.9
18:50:00.750,105942,-6.493,-6.661,-2.840,-0.088,-0.532,0.383,6.000,-47.250,-40.650,34.6
18:50:00.805,105996,-6.306,-6.639,-2.466,-0.023,-0.499,0.271,12.900,-46.650,-41.250,34.9
18:50:00.859,106050,-6.773,-6.067,-1.942,-0.039,-0.261,0.152,12.900,-46.650,-41.250,35.1
18:50:00.911,106104,-6.620,-6.388,-2.126,0.071,-0.044,0.047,14.400,-47.100,-42.750,34.8
18:50:00.966,106158,-6.800,-6.287,-2.198,0.104,0.121,-0.103,14.400,-47.100,-42.750,35.0
18:50:01.020,106212,-6.833,-6.601,-2.878,0.042,0.143,-0.115,14.100,-47.100,-40.950,34.8
18:50:01.074,106266,-7.171,-6.642,-2.667,-0.019,0.062,-0.118,14.100,-47.100,-40.950,34.7
18:50:01.127,106320,-6.883,-6.816,-2.672,-0.080,0.022,-0.075,13.200,-48.900,-40.650,34.9
18:50:01.182,106374,-6.804,-6.246,-1.982,-0.137,0.133,-0.110,13.200,-48.900,-40.650,34.7
18:50:01.235,106428,-6.491,-6.182,-1.999,-0.043,0.345,-0.225,13.200,-48.900,-40.650,34.8
18:50:01.290,106482,-6.067,-6.254,-2.255,-0.009,0.583,-0.367,13.200,-48.900,-40.650,35.0
18:50:01.344,106536,-5.978,-6.024,-2.188,0.111,0.894,-0.519,9.000,-47.250,-41.850,35.0
18:50:01.398,106590,-5.112,-7.027,-3.055,-0.001,1.038,-0.679,9.000,-47.250,-41.850,35.0
18:50:01.453,106644,-5.006,-6.835,-4.283,-0.074,1.263,-0.919,4.650,-45.750,-41.400,35.0
18:50:01.505,106698,-4.293,-6.718,-3.950,0.028,1.426,-0.969,-2.850,-47.100,-42.300,34.8
18:50:01.560,106752,-2.624,-8.183,-4.970,-0.176,1.397,-1.056,-2.850,-47.100,-42.300,34.5
18:50:01.615,106806,-2.945,-7.010,-4.413,-0.215,1.397,-1.140,-12.150,-46.650,-40.950,34.8
18:50:01.669,106860,-0.824,-8.334,-6.584,-0.290,1.374,-1.114,-12.150,-46.650,-40.950,35.0
18:50:01.721,106914,-1.089,-7.738,-5.332,-0.251,1.355,-1.112,-22.800,-43.500,-40.650,35.0
18:50:01.777,106968,-0.026,-8.418,-5.545,-0.323,1.228,-1.018,-22.800,-43.500,-40.650,34.8
18:50:01.831,107022,0.587,-8.016,-6.278,-0.339,1.243,-0.969,-22.800,-43.500,-40.650,34.8
18:50:01.886,107076,1.180,-8.018,-5.952,-0.109,1.263,-0.928,-22.800,-43.500,-40.650,34.9
18:50:01.939,107130,2.397,-7.975,-5.722,-0.145,1.275,-0.916,-40.200,-33.900,-33.600,35.1
18:50:01.992,107184,3.464,-7.638,-5.768,-0.007,1.239,-0.876,-40.200,-33.900,-33.600,34.8
18:50:02.046,107238,4.197,-7.841,-5.854,0.081,1.172,-0.873,-47.850,-29.850,-27.600,34.7
18:50:02.099,107292,4.549,-7.233,-5.691,-0.029,0.988,-0.881,-55.050,-22.800,-20.400,34.9
18:50:02.154,107346,4.815,-7.266,-5.262,-0.009,0.938,-0.791,-55.050,-22.800,-20.400,35.1
18:50:02.208,107400,5.337,-7.398,-5.164,-0.076,0.835,-0.707,-56.400,-18.750,-15.900,34.8
18:50:02.262,107454,5.533,-7.391,-5.181,-0.067,0.808,-0.621,-56.400,-18.750,-15.900,34.8
18:50:02.317,107508,6.055,-6.294,-4.245,-0.023,0.794,-0.614,-56.400,-18.750,-15.900,34.8
18:50:02.370,107562,6.900,-6.709,-4.243,-0.026,0.633,-0.489,-56.400,-18.750,-15.900,34.7
18:50:02.424,107616,6.869,-6.543,-4.202,-0.061,0.501,-0.384,-59.550,-8.850,-5.100,35.0
18:50:02.478,107670,6.582,-6.361,-3.994,0.066,0.487,-0.350,-59.550,-8.850,-5.100,34.8
18:50:02.532,107724,7.077,-6.069,-3.491,0.214,0.515,-0.299,-60.300,-6.450,-0.600,34.7
18:50:02.586,107778,7.477,-6.050,-3.491,0.224,0.392,-0.228,-60.300,-6.450,-0.600,34.9
18:50:02.639,107832,7.393,-5.583,-3.407,0.220,0.317,-0.211,-59.400,-3.150,1.950,35.0
18:50:02.696,107886,7.448,-5.727,-2.761,0.122,0.250,-0.199,-60.450,-2.100,6.000,34.9
18:50:02.748,107940,7.642,-5.622,-2.907,0.057,0.271,-0.211,-60.450,-2.100,6.000,35.0
18:50:02.803,107994,7.755,-5.207,-2.512,0.068,0.258,-0.215,-60.450,-2.100,6.000,35.1
18:50:02.857,108048,7.865,-5.459,-2.492,0.037,0.147,-0.156,-60.450,-2.100,6.000,35.1
18:50:02.909,108102,7.843,-5.768,-2.533,0.094,0.091,-0.137,-57.450,0.900,7.800,34.8
18:50:02.964,108156,7.894,-5.516,-2.442,0.028,0.069,-0.086,-57.450,0.900,7.800,34.8
18:50:03.019,108210,7.918,-5.461,-2.413,0.022,0.002,-0.026,-59.700,2.850,8.550,34.8
18:50:03.072,108264,8.068,-5.789,-2.555,-0.034,-0.189,0.109,-59.700,2.850,8.550,35.0
18:50:03.127,108318,8.054,-6.258,-2.715,-0.161,-0.487,0.357,-60.450,2.850,7.350,34.9
18:50:03.180,108372,7.841,-6.601,-3.124,-0.237,-0.703,0.574,-60.450,2.850,7.350,35.1
18:50:03.234,108426,7.451,-7.037,-3.610,-0.186,-0.935,0.871,-60.450,-1.350,4.200,35.0
18:50:03.288,108480,7.099,-7.819,-4.638,-0.211,-1.053,1.140,-60.450,-1.350,4.200,35.0
18:50:03.343,108534,6.416,-7.350,-4.848,-0.105,-1.293,1.338,-60.450,-1.350,4.200,35.0
18:50:03.396,108588,5.914,-7.384,-5.246,0.062,-1.477,1.481,-56.700,-18.300,-10.050,34.7
18:50:03.450,108642,5.193,-7.618,-5.753,0.069,-1.724,1.554,-56.700,-18.300,-10.050,34.6
18:50:03.503,108696,4.216,-7.870,-6.065,0.051,-1.893,1.577,-48.300,-30.450,-22.650,34.7
18:50:03.558,108750,2.741,-7.750,-6.390,0.042,-2.067,1.534,-48.300,-30.450,-22.650,34.9
18:50:03.613,108804,1.566,-7.942,-5.818,0.151,-2.035,1.463,-35.700,-38.250,-32.850,34.8
18:50:03.667,108858,0.194,-7.379,-5.215,0.071,-1.970,1.312,-35.700,-38.250,-32.850,34.7
18:50:03.720,108912,-0.692,-7.451,-4.934,0.129,-1.861,1.146,-25.050,-44.250,-38.100,35.0
18:50:03.774,108966,-1.714,-7.219,-4.709,0.124,-1.671,0.998,-25.050,-44.250,-38.100,34.9
18:50:03.828,109020,-2.966,-7.269,-4.027,0.133,-1.436,0.871,-13.350,-47.550,-42.300,34.8
18:50:03.881,109074,-3.364,-7.226,-4.013,0.039,-1.333,0.704,-13.350,-47.550,-42.300,35.1
18:50:03.937,109128,-4.436,-7.207,-3.582,0.064,-1.153,0.670,-13.350,-47.550,-42.300,34.7
18:50:03.990,109182,-5.001,-7.070,-3.242,0.043,-1.020,0.574,1.350,-48.300,-43.800,34.9
18:50:04.044,109236,-5.356,-7.022,-3.144,-0.032,-0.875,0.498,1.350,-48.300,-43.800,35.0
18:50:04.098,109290,-5.866,-6.881,-2.904,-0.021,-0.734,0.455,6.600,-47.100,-44.850,35.1
18:50:04.153,109344,-5.895,-6.886,-2.986,-0.036,-0.659,0.374,6.600,-47.100,-44.850,35.0
18:50:04.205,109398,-6.232,-6.421,-2.514,-0.037,-0.544,0.258,11.550,-46.650,-43.500,34.8
18:50:04.260,109452,-6.606,-6.285,-2.497,-0.020,-0.388,0.188,11.550,-46.650,-43.500,35.0
18:50:04.313,109506,-6.823,-6.251,-2.033,0.049,-0.200,0.108,12.150,-47.550,-41.550,35.0
18:50:04.368,109560,-6.771,-6.601,-2.239,0.080,-0.039,-0.018,12.150,-47.550,-41.550,34.8
18:50:04.422,109614,-6.706,-6.740,-2.270,0.109,0.057,-0.059,12.150,-47.550,-41.550,34.6
18:50:04.475,109668,-6.783,-6.637,-2.392,0.045,0.076,-0.058,12.150,-47.550,-41.550,35.0
18:50:04.530,109722,-6.776,-6.625,-2.480,-0.034,0.036,-0.054,13.350,-44.850,-43.500,34.8
18:50:04.585,109776,-6.776,-6.761,-2.504,-0.091,0.031,-0.045,12.000,-46.950,-41.850,34.9
18:50:04.637,109830,-6.723,-6.744,-2.579,-0.103,0.090,-0.075,12.000,-46.950,-41.850,34.9
18:50:04.691,109884,-6.488,-6.555,-2.014,-0.049,0.233,-0.146,12.000,-45.000,-44.400,34.8
18:50:04.745,109938,-6.115,-6.395,-1.894,0.030,0.467,-0.261,12.000,-45.000,-44.400,35.0
18:50:04.799,109992,-5.890,-6.349,-2.124,0.181,0.832,-0.501,8.250,-47.250,-43.950,34.9
18:50:04.853,110046,-5.447,-6.421,-2.500,0.169,1.102,-0.740,8.250,-47.250,-43.950,34.7
18:50:04.908,110100,-4.743,-6.919,-3.215,0.062,1.269,-0.885,8.250,-47.250,-43.950,34.7
18:50:04.962,110154,-4.736,-6.651,-2.947,-0.120,1.416,-1.060,8.250,-47.250,-43.950,34.8
18:50:05.014,110208,-3.299,-7.570,-4.077,-0.090,1.382,-1.142,-6.000,-46.500,-42.450,34.9
18:50:05.071,110262,-1.923,-8.387,-5.124,-0.304,1.347,-1.205,-6.000,-46.500,-42.450,34.8
18:50:05.124,110316,-2.006,-7.755,-5.078,-0.490,1.338,-1.167,-17.100,-44.850,-43.500,34.8
18:50:05.178,110370,-1.207,-8.382,-5.435,-0.468,1.215,-1.058,-17.100,-44.850,-43.500,35.0
18:50:05.233,110424,-0.012,-8.729,-5.531,-0.373,1.132,-0.928,-26.400,-42.900,-41.550,34.8
18:50:05.284,110478,0.503,-8.370,-5.854,-0.299,1.157,-0.841,-34.350,-37.650,-39.300,34.9
18:50:05.340,110532,1.204,-8.169,-6.620,-0.165,1.236,-0.760,-34.350,-37.650,-39.300,34.5
18:50:05.395,110586,2.088,-8.047,-6.036,-0.074,1.154,-0.723,-34.350,-37.650,-39.300,34.9
18:50:05.448,110640,2.626,-7.908,-6.455,-0.049,1.099,-0.696,-34.350,-37.650,-39.300,35.1
18:50:05.503,110694,3.033,-7.448,-5.885,0.002,1.046,-0.697,-47.100,-29.850,-29.700,35.1
18:50:05.557,110748,3.417,-7.381,-5.368,0.063,1.071,-0.717,-47.100,-29.850,-29.700,34.9
18:50:05.611,110802,4.252,-7.293,-5.033,0.067,1.004,-0.739,-52.650,-24.450,-23.550,34.9
18:50:05.663,110856,5.124,-7.345,-5.183,-0.064,0.926,-0.700,-52.650,-24.450,-23.550,35.1
18:50:05.718,110910,5.308,-7.161,-5.138,-0.093,0.861,-0.663,-54.450,-19.800,-15.900,35.1
18:50:05.772,110964,5.535,-6.886,-4.523,-0.124,0.788,-0.595,-54.450,-19.800,-15.900,35.1
18:50:05.825,111018,6.110,-6.919,-4.791,-0.141,0.784,-0.568,-58.050,-15.000,-11.250,34.7
18:50:05.880,111072,6.713,-6.390,-4.231,-0.089,0.687,-0.515,-58.050,-15.000,-11.250,34.7
18:50:05.934,111126,6.711,-6.273,-4.020,-0.023,0.584,-0.422,-58.050,-15.000,-11.250,35.1
18:50:05.988,111180,6.934,-6.445,-3.970,-0.011,0.583,-0.395,-62.700,-7.050,-2.700,35.0
18:50:06.043,111234,7.044,-5.978,-3.292,0.075,0.643,-0.400,-62.700,-7.050,-2.700,35.1
18:50:06.096,111288,7.642,-5.863,-3.314,0.094,0.581,-0.330,-61.050,-3.450,2.100,34.9
18:50:06.150,111342,7.748,-5.600,-3.115,0.089,0.480,-0.321,-61.050,-3.450,2.100,35.1
18:50:06.204,111396,7.494,-5.559,-2.698,0.121,0.404,-0.294,-60.600,-0.750,5.400,35.1
18:50:06.257,111450,7.966,-5.552,-2.904,0.038,0.419,-0.267,-60.600,-0.750,5.400,35.0
18:50:06.311,111504,7.829,-5.207,-2.648,0.095,0.354,-0.258,-57.300,0.300,8.700,34.6
18:50:06.366,111558,8.133,-5.430,-2.112,0.042,0.177,-0.157,-57.300,0.300,8.700,34.6
18:50:06.418,111612,8.258,-5.921,-2.571,-0.054,0.004,-0.028,-57.300,0.300,8.700,34.8
18:50:06.474,111666,7.999,-5.689,-2.646,-0.159,-0.104,0.074,-57.300,0.300,8.700,35.0
18:50:06.527,111720,8.262,-5.839,-2.825,-0.220,-0.459,0.328,-57.150,2.850,12.150,34.8
18:50:06.582,111774,8.205,-6.615,-3.737,-0.422,-0.880,0.624,-60.300,0.300,7.200,34.9
18:50:06.636,111828,7.542,-7.022,-4.300,-0.453,-1.252,0.881,-60.300,0.300,7.200,35.0
18:50:06.690,111882,7.350,-7.408,-5.052,-0.350,-1.529,1.156,-59.700,-9.000,-0.450,34.8
18:50:06.745,111936,6.675,-7.305,-5.760,-0.225,-1.758,1.318,-59.700,-9.000,-0.450,35.0
18:50:06.798,111990,5.751,-7.187,-6.053,-0.013,-1.928,1.447,-56.250,-18.150,-13.800,34.8
18:50:06.852,112044,4.851,-7.029,-6.359,0.144,-2.072,1.457,-56.250,-18.150,-13.800,34.8
18:50:06.905,112098,3.984,-7.266,-6.009,0.338,-2.155,1.425,-56.250,-18.150,-13.800,35.1
18:50:06.961,112152,2.471,-7.269,-5.990,0.313,-2.176,1.330,-56.250,-18.150,-13.800,34.8
18:50:07.013,112206,1.190,-7.032,-5.839,0.270,-2.077,1.220,-56.250,-18.150,-13.800,34.9
18:50:07.069,112260,-0.144,-7.005,-5.337,0.323,-1.937,1.032,-56.250,-18.150,-13.800,34.8
18:50:07.121,112314,-0.950,-7.226,-5.152,0.331,-1.813,0.889,-25.800,-44.250,-42.900,35.0
18:50:07.176,112368,-2.140,-7.259,-4.767,0.217,-1.630,0.731,-15.000,-44.250,-45.750,34.9
18:50:07.231,112422,-2.954,-7.302,-4.087,0.224,-1.470,0.629,-15.000,-44.250,-45.750,34.8
18:50:07.285,112476,-3.601,-7.707,-4.049,0.068,-1.338,0.524,-6.600,-45.150,-44.850,34.7
18:50:07.337,112530,-4.180,-7.204,-3.824,-0.057,-1.193,0.481,-6.600,-45.150,-44.850,34.9
18:50:07.393,112584,-4.616,-7.647,-3.627,-0.031,-1.109,0.435,0.600,-46.650,-46.350,35.0
18:50:07.445,112638,-5.140,-7.386,-3.141,-0.199,-0.872,0.468,0.600,-46.650,-46.350,34.8
18:50:07.499,112692,-5.990,-6.898,-2.485,-0.035,-0.679,0.454,0.600,-46.650,-46.350,34.9
18:50:07.553,112746,-5.741,-7.005,-2.162,0.145,-0.432,0.298,0.600,-46.650,-46.350,34.8
18:50:07.607,112800,-5.737,-6.740,-2.828,0.071,-0.201,0.224,8.550,-45.900,-47.100,35.0
18:50:07.663,112854,-6.091,-6.400,-2.720,0.115,-0.047,0.109,8.550,-45.900,-47.100,35.0
18:50:07.716,112908,-6.103,-6.701,-2.804,0.116,0.013,-0.002,9.000,-45.750,-46.200,34.9
18:50:07.771,112962,-6.273,-7.056,-2.832,0.073,0.052,-0.052,8.700,-45.000,-45.150,34.7
18:50:07.823,113016,-6.522,-6.900,-2.957,0.031,0.103,-0.038,8.700,-45.000,-45.150,34.9
18:50:07.877,113070,-6.311,-6.931,-2.868,0.008,0.119,-0.046,8.850,-44.850,-45.300,34.8
18:50:07.932,113124,-6.098,-6.792,-2.538,0.048,0.205,-0.111,8.850,-44.850,-45.300,34.9
18:50:07.985,113178,-5.823,-6.601,-2.246,0.102,0.410,-0.233,8.850,-44.850,-45.300,34.8
18:50:08.039,113232,-5.303,-6.823,-2.456,0.181,0.728,-0.487,8.850,-44.850,-45.300,34.7
18:50:08.093,113286,-5.037,-6.637,-2.337,0.265,1.078,-0.776,3.450,-46.500,-44.700,35.1
18:50:08.147,113340,-4.599,-7.101,-3.050,0.227,1.223,-0.905,3.450,-46.500,-44.700,34.9
18:50:08.203,113394,-3.517,-7.740,-3.888,0.023,1.255,-1.040,-3.900,-47.700,-42.900,34.7
18:50:08.255,113448,-3.168,-7.724,-4.494,-0.122,1.220,-1.074,-3.900,-47.700,-42.900,34.6
18:50:08.310,113502,-2.354,-8.040,-4.705,-0.144,1.146,-1.035,-12.150,-46.350,-40.500,34.7
18:50:08.364,113556,-1.592,-8.815,-4.760,-0.293,1.118,-1.013,-12.150,-46.350,-40.500,34.9
18:50:08.417,113610,-0.941,-8.729,-5.385,-0.402,1.178,-0.984,-23.250,-43.800,-39.600,34.8
18:50:08.471,113664,-0.215,-8.253,-4.870,-0.103,1.171,-0.940,-23.250,-43.800,-39.600,34.7
18:50:08.526,113718,0.661,-8.753,-5.131,-0.120,1.191,-0.899,-23.250,-43.800,-39.600,34.8
18:50:08.580,113772,1.324,-8.135,-5.389,-0.158,1.234,-0.931,-38.700,-35.550,-34.350,34.7
18:50:08.634,113826,1.908,-8.191,-4.956,0.002,1.237,-0.929,-38.700,-35.550,-34.350,35.0
18:50:08.688,113880,3.031,-8.435,-5.535,-0.251,1.189,-0.922,-44.700,-32.400,-27.300,34.8
18:50:08.743,113934,3.400,-7.829,-5.626,-0.361,1.102,-0.866,-44.700,-32.400,-27.300,34.6
18:50:08.796,113988,4.178,-7.980,-5.013,-0.321,0.989,-0.800,-50.400,-24.900,-22.050,35.1
18:50:08.850,114042,4.511,-7.853,-4.772,-0.369,0.912,-0.752,-50.400,-24.900,-22.050,34.9
18:50:08.905,114096,5.298,-7.283,-4.815,-0.173,0.874,-0.605,-54.900,-19.050,-18.750,34.6
18:50:08.957,114150,5.739,-7.539,-4.899,-0.097,0.790,-0.558,-54.900,-19.050,-18.750,34.6
18:50:09.010,114204,5.713,-7.051,-5.212,-0.098,0.775,-0.519,-54.900,-19.050,-18.750,34.9
18:50:09.065,114258,5.990,-6.524,-4.116,0.082,0.731,-0.465,-58.200,-11.400,-8.100,34.8
18:50:09.120,114312,6.486,-6.615,-4.073,0.037,0.726,-0.465,-58.200,-11.400,-8.100,34.8
18:50:09.173,114366,6.725,-6.088,-3.677,0.077,0.730,-0.520,-61.950,-7.500,-4.200,34.8
18:50:09.228,114420,7.125,-6.060,-3.742,0.070,0.666,-0.464,-61.950,-7.500,-4.200,34.7
18:50:09.282,114474,7.329,-5.995,-3.450,0.056,0.548,-0.466,-58.650,-2.850,0.900,34.8
18:50:09.336,114528,7.302,-5.959,-3.000,0.018,0.468,-0.405,-58.650,-2.850,0.900,34.8
18:50:09.390,114582,7.633,-6.012,-2.935,0.085,0.396,-0.363,-59.400,-0.150,5.250,34.9
18:50:09.443,114636,7.709,-5.856,-2.885,0.076,0.383,-0.282,-59.400,-0.150,5.250,34.8
18:50:09.498,114690,7.834,-5.516,-2.095,0.148,0.342,-0.251,-58.050,1.800,7.650,35.0
18:50:09.550,114744,8.174,-5.459,-2.105,0.151,0.263,-0.185,-58.050,1.800,7.650,35.1
18:50:09.607,114798,7.956,-5.296,-2.136,0.230,0.217,-0.168,-58.050,1.800,7.650,34.8
18:50:09.659,114852,8.210,-5.277,-1.961,0.134,0.220,-0.149,-57.300,6.150,11.700,34.8
18:50:09.714,114906,8.363,-4.908,-1.614,0.093,0.153,-0.121,-57.300,6.150,11.700,34.7
18:50:09.767,114960,8.373,-5.334,-1.607,0.005,-0.003,-0.046,-56.700,7.050,12.150,34.8
18:50:09.821,115014,8.404,-5.555,-2.121,-0.163,-0.212,0.113,-56.700,7.050,12.150,34.8
18:50:09.876,115068,8.480,-5.679,-2.337,-0.387,-0.519,0.356,-57.750,6.900,12.300,35.0
18:50:09.929,115122,8.255,-6.960,-3.235,-0.378,-1.140,0.763,-57.750,6.900,12.300,35.1
18:50:09.983,115176,7.855,-7.400,-4.544,-0.526,-1.451,1.058,-58.800,-0.300,5.850,34.8
18:50:10.036,115230,6.967,-7.381,-4.973,-0.362,-1.751,1.295,-58.800,-0.300,5.850,34.9
18:50:10.090,115284,6.630,-7.192,-5.547,-0.270,-1.966,1.464,-58.800,-0.300,5.850,34.8
18:50:10.145,115338,5.545,-7.355,-5.636,0.026,-2.128,1.545,-58.800,-0.300,5.850,34.5
18:50:10.199,115392,4.633,-7.183,-6.000,0.196,-2.199,1.557,-54.750,-21.150,-20.400,34.8
18:50:10.254,115446,3.395,-7.331,-6.009,0.303,-2.206,1.517,-54.750,-21.150,-20.400,34.8
18:50:10.307,115500,1.946,-7.242,-5.990,0.317,-2.076,1.356,-44.100,-30.600,-33.000,35.1
18:50:10.362,115554,0.766,-6.888,-5.361,0.341,-2.011,1.212,-32.400,-39.000,-39.750,35.0
18:50:10.415,115608,-0.271,-7.183,-5.523,0.270,-1.855,1.015,-32.400,-39.000,-39.750,34.9
18:50:10.470,115662,-1.420,-7.111,-4.834,0.235,-1.704,0.873,-21.750,-42.300,-45.150,34.8
18:50:10.522,115716,-2.047,-7.348,-4.750,0.120,-1.545,0.701,-21.750,-42.300,-45.150,34.9
18:50:10.576,115770,-3.074,-7.350,-4.446,-0.006,-1.413,0.620,-21.750,-42.300,-45.150,34.7
18:50:10.630,115824,-3.938,-7.360,-3.857,-0.154,-1.291,0.567,-21.750,-42.300,-45.150,34.7
18:50:10.685,115878,-4.539,-7.468,-3.759,-0.151,-1.116,0.550,-4.050,-43.200,-48.600,34.8
18:50:10.740,115932,-4.949,-7.331,-3.706,-0.170,-0.984,0.522,-4.050,-43.200,-48.600,34.9
18:50:10.793,115986,-5.430,-6.888,-3.206,-0.127,-0.772,0.500,1.800,-43.200,-50.400,34.9
18:50:10.848,116040,-5.792,-6.737,-3.115,-0.042,-0.681,0.413,1.800,-43.200,-50.400,34.7
18:50:10.901,116094,-6.021,-6.397,-2.808,0.080,-0.514,0.289,7.350,-43.650,-51.450,34.9
18:50:10.955,116148,-6.258,-6.603,-3.153,0.044,-0.359,0.199,8.100,-42.450,-49.650,34.8
18:50:11.009,116202,-6.515,-6.191,-2.370,0.032,-0.310,0.107,8.100,-42.450,-49.650,34.8
18:50:11.063,116256,-6.218,-6.560,-2.660,-0.001,-0.120,0.022,9.450,-46.200,-49.800,34.7
18:50:11.117,116310,-6.594,-6.474,-2.689,0.048,0.032,-0.048,9.450,-46.200,-49.800,34.7
18:50:11.171,116364,-6.460,-6.577,-2.792,0.039,0.101,-0.074,9.450,-46.200,-49.800,34.8
18:50:11.225,116418,-6.632,-6.529,-3.050,-0.010,0.083,-0.035,9.450,-46.200,-49.800,34.8
18:50:11.278,116472,-6.701,-6.606,-3.338,-0.096,0.027,-0.033,10.200,-44.250,-50.550,35.0
18:50:11.332,116526,-6.505,-6.768,-3.256,-0.158,0.024,-0.078,10.200,-44.250,-50.550,34.8
18:50:11.386,116580,-6.574,-6.797,-2.717,-0.073,0.060,-0.103,10.200,-44.250,-50.250,34.9
18:50:11.442,116634,-6.304,-6.620,-3.189,-0.069,0.104,-0.102,10.200,-44.250,-50.250,35.1
18:50:11.495,116688,-6.086,-6.507,-2.301,0.041,0.317,-0.187,8.850,-42.900,-50.700,35.1
18:50:11.548,116742,-5.452,-6.419,-1.968,0.238,0.782,-0.436,5.550,-43.650,-48.900,34.6
18:50:11.603,116796,-4.858,-6.632,-2.416,0.325,1.258,-0.669,5.550,-43.650,-48.900,34.7
18:50:11.657,116850,-4.369,-7.108,-4.334,0.326,1.654,-0.937,5.550,-43.650,-48.900,34.8
18:50:11.710,116904,-4.137,-6.438,-4.384,0.351,1.720,-1.103,5.550,-43.650,-48.900,34.8
18:50:11.764,116958,-2.902,-7.214,-4.662,-0.001,1.729,-1.162,-11.100,-43.200,-46.800,34.8
18:50:11.819,117012,-1.791,-8.167,-5.978,-0.309,1.534,-1.139,-11.100,-43.200,-46.800,35.0
18:50:11.872,117066,-1.678,-7.664,-5.966,-0.390,1.479,-1.170,-23.250,-41.850,-43.950,34.7
18:50:11.928,117120,-0.254,-8.404,-6.141,-0.234,1.409,-1.134,-23.250,-41.850,-43.950,34.9
18:50:11.981,117174,0.828,-8.487,-5.962,-0.365,1.378,-1.053,-32.850,-36.900,-40.650,34.8
18:50:12.034,117228,1.475,-8.116,-6.057,-0.251,1.323,-0.918,-32.850,-36.900,-40.650,34.6
18:50:12.088,117282,2.241,-8.327,-6.400,-0.180,1.192,-0.857,-42.150,-32.550,-36.300,34.7
18:50:12.143,117336,2.583,-8.073,-6.211,-0.196,1.136,-0.776,-42.150,-32.550,-36.300,34.8
18:50:12.197,117390,3.644,-7.738,-5.873,-0.195,1.080,-0.742,-42.150,-32.550,-36.300,34.8
18:50:12.250,117444,4.092,-7.331,-5.267,-0.091,1.108,-0.685,-55.500,-19.650,-25.500,34.9
18:50:12.305,117498,4.707,-7.128,-5.409,-0.033,1.160,-0.708,-55.500,-19.650,-25.500,34.8
18:50:12.359,117552,5.634,-6.680,-5.241,-0.034,1.148,-0.738,-59.400,-16.350,-18.000,34.8
18:50:12.412,117606,6.117,-6.656,-4.882,0.015,1.083,-0.666,-59.400,-16.350,-18.000,35.0
18:50:12.467,117660,6.292,-6.852,-4.520,0.049,0.963,-0.616,-60.450,-11.400,-12.600,35.0
18:50:12.521,117714,6.402,-6.941,-4.384,0.077,0.916,-0.583,-60.450,-11.400,-12.600,34.5
18:50:12.574,117768,6.960,-6.572,-3.852,0.133,0.889,-0.525,-59.550,-6.450,-5.100,34.7
18:50:12.628,117822,7.286,-6.177,-3.249,0.152,0.865,-0.474,-59.550,-6.450,-5.100,34.9
18:50:12.684,117876,7.769,-5.923,-3.115,0.160,0.775,-0.418,-59.550,-6.450,-5.100,34.7
18:50:12.736,117930,7.724,-5.847,-2.454,0.198,0.631,-0.369,-59.550,-6.450,-5.100,34.8
18:50:12.792,117984,7.997,-6.031,-2.595,0.114,0.511,-0.293,-59.550,-6.450,-5.100,34.9
18:50:12.846,118038,7.834,-5.490,-1.978,0.110,0.436,-0.277,-58.200,3.150,10.350,35.1
18:50:12.898,118092,7.942,-5.356,-1.712,0.068,0.398,-0.237,-58.200,3.150,10.350,35.1
18:50:12.953,118146,8.317,-5.109,-1.858,0.120,0.300,-0.188,-56.250,5.700,13.050,34.9
18:50:13.007,118200,8.085,-5.356,-1.468,0.050,0.165,-0.121,-56.250,5.700,13.050,34.7
18:50:13.061,118254,8.353,-5.282,-1.762,0.001,0.101,-0.076,-57.450,6.300,14.700,35.0
18:50:13.115,118308,8.176,-5.341,-1.401,0.035,0.003,-0.026,-57.450,6.300,14.700,34.8
18:50:13.169,118362,8.428,-5.720,-1.674,-0.022,-0.196,0.104,-55.500,7.200,13.500,34.8
18:50:13.223,118416,8.305,-5.502,-1.827,-0.199,-0.436,0.241,-55.500,7.200,13.500,34.9
18:50:13.277,118470,8.296,-6.122,-2.555,-0.254,-0.795,0.489,-55.500,7.200,13.500,35.1
18:50:13.332,118524,7.752,-6.393,-3.036,-0.285,-1.042,0.668,-55.500,7.200,13.500,34.9
18:50:13.386,118578,7.506,-6.383,-3.496,-0.280,-1.217,0.833,-59.250,0.000,7.200,34.7
18:50:13.439,118632,7.475,-6.455,-4.049,-0.330,-1.349,0.930,-59.250,0.000,7.200,35.0
18:50:13.494,118686,6.955,-6.732,-4.331,-0.169,-1.548,1.064,-59.250,-4.950,-1.050,34.7
18:50:13.548,118740,6.263,-7.602,-4.791,-0.029,-1.641,1.173,-58.650,-13.200,-12.900,35.0
18:50:13.600,118794,5.174,-7.772,-5.404,0.038,-1.724,1.187,-58.650,-13.200,-12.900,34.9
18:50:13.655,118848,4.008,-7.602,-5.780,0.205,-1.726,1.178,-52.500,-23.100,-23.700,34.8
18:50:13.710,118902,3.330,-8.006,-5.997,0.350,-1.740,1.213,-52.500,-23.100,-23.700,35.0
18:50:13.763,118956,2.061,-7.738,-6.105,0.301,-1.755,1.286,-52.500,-23.100,-23.700,34.8
18:50:13.817,119010,1.015,-7.523,-5.351,0.297,-1.714,1.188,-52.500,-23.100,-23.700,35.0
18:50:13.870,119064,0.153,-7.748,-5.459,0.273,-1.624,1.091,-34.050,-37.950,-39.600,34.8
18:50:13.925,119118,-0.761,-7.518,-5.318,0.141,-1.637,0.913,-34.050,-37.950,-39.600,34.7
18:50:13.979,119172,-1.381,-7.374,-4.666,0.084,-1.528,0.837,-23.100,-40.950,-43.050,34.7
18:50:14.032,119226,-2.430,-7.374,-4.484,0.010,-1.300,0.719,-23.100,-40.950,-43.050,34.8
18:50:14.088,119280,-2.837,-7.563,-4.120,-0.072,-1.204,0.544,-13.500,-44.250,-46.200,34.8
18:50:14.140,119334,-3.850,-7.396,-4.199,-0.075,-1.063,0.500,-7.950,-43.500,-48.000,34.8
18:50:14.195,119388,-4.288,-7.712,-3.778,-0.075,-0.969,0.436,-7.950,-43.500,-48.000,35.0
18:50:14.250,119442,-4.817,-7.547,-4.125,-0.104,-0.865,0.399,-7.950,-43.500,-48.000,34.8
18:50:14.302,119496,-5.380,-7.113,-3.644,-0.073,-0.787,0.402,-7.950,-43.500,-48.000,34.9
18:50:14.356,119550,-5.504,-7.202,-3.405,-0.099,-0.760,0.385,2.400,-45.000,-49.500,34.8
18:50:14.410,119604,-5.619,-6.931,-3.160,-0.037,-0.702,0.330,2.400,-45.000,-49.500,34.7
18:50:14.465,119658,-5.871,-6.852,-2.780,0.008,-0.527,0.313,5.400,-43.050,-50.550,34.6
18:50:14.520,119712,-6.088,-6.395,-2.512,0.010,-0.278,0.163,5.400,-43.050,-50.550,35.0
18:50:14.572,119766,-6.325,-6.211,-2.550,0.147,0.010,0.022,7.950,-43.800,-49.800,34.8
18:50:14.627,119820,-6.007,-6.680,-3.033,0.203,0.181,-0.175,7.950,-43.800,-49.800,34.7
18:50:14.682,119874,-6.507,-6.953,-3.328,0.069,0.122,-0.166,8.100,-43.650,-48.900,34.8
18:50:14.734,119928,-6.574,-7.350,-3.716,-0.175,-0.147,-0.103,8.100,-43.650,-48.900,35.0
18:50:14.790,119982,-6.510,-7.087,-2.808,-0.253,-0.260,0.011,8.100,-43.650,-48.900,34.7
18:50:14.842,120036,-5.844,-7.094,-2.241,-0.179,-0.100,0.032,9.000,-43.800,-48.300,34.8
18:50:14.895,120090,-5.531,-6.773,-2.631,-0.040,0.243,-0.153,9.000,-43.800,-48.300,34.6
18:50:14.952,120144,-5.456,-6.589,-2.545,0.062,0.540,-0.291,6.450,-43.500,-50.250,34.7
18:50:15.005,120198,-5.432,-6.622,-2.612,0.085,0.844,-0.471,6.450,-43.500,-50.250,34.8
18:50:15.059,120252,-5.167,-6.828,-3.144,0.020,1.059,-0.627,1.950,-41.850,-50.250,35.1
18:50:15.112,120306,-4.843,-6.385,-3.742,-0.096,1.275,-0.817,1.950,-41.850,-50.250,35.0
18:50:15.166,120360,-3.546,-6.756,-3.309,-0.119,1.657,-0.964,-4.650,-44.250,-49.800,35.0
18:50:15.220,120414,-2.507,-7.834,-4.408,0.040,1.664,-0.993,-4.650,-44.250,-49.800,34.6
18:50:15.275,120468,-1.674,-7.954,-5.308,-0.218,1.548,-1.085,-4.650,-44.250,-49.800,34.8
18:50:15.329,120522,-1.219,-8.236,-6.062,-0.237,1.476,-1.023,-4.650,-44.250,-49.800,35.0
18:50:15.382,120576,-0.285,-8.605,-5.863,-0.148,1.381,-0.966,-4.650,-44.250,-49.800,34.6
18:50:15.436,120630,0.587,-8.681,-5.495,-0.130,1.281,-0.894,-33.450,-35.850,-42.300,34.7
18:50:15.491,120684,1.032,-8.090,-5.667,-0.032,1.350,-0.853,-33.450,-35.850,-42.300,35.0
18:50:15.545,120738,1.872,-7.697,-5.059,0.023,1.309,-0.817,-43.650,-31.050,-35.250,34.8
18:50:15.597,120792,2.708,-8.080,-5.490,0.042,1.273,-0.816,-43.650,-31.050,-35.250,34.8
18:50:15.652,120846,3.148,-7.740,-4.891,-0.075,1.219,-0.835,-48.600,-27.150,-29.700,34.8
18:50:15.708,120900,4.118,-7.456,-5.028,-0.210,1.099,-0.797,-48.600,-27.150,-29.700,34.8
18:50:15.761,120954,4.544,-7.745,-5.169,-0.204,0.995,-0.737,-48.600,-27.150,-29.700,34.8
18:50:15.814,121008,5.124,-7.228,-4.774,-0.242,0.887,-0.687,-48.600,-27.150,-29.700,34.9
18:50:15.870,121062,5.547,-7.305,-4.355,-0.176,0.802,-0.614,-57.300,-16.500,-17.550,34.6
18:50:15.921,121116,6.132,-7.286,-4.650,-0.137,0.669,-0.507,-57.300,-16.500,-17.550,35.0
18:50:15.975,121170,5.981,-6.917,-4.197,-0.082,0.592,-0.450,-59.850,-12.750,-13.500,34.8
18:50:16.030,121224,6.330,-6.725,-3.972,0.049,0.585,-0.366,-59.400,-8.700,-8.550,34.7
18:50:16.084,121278,6.756,-6.792,-3.828,0.038,0.598,-0.334,-59.400,-8.700,-8.550,34.9
18:50:16.138,121332,6.886,-6.041,-3.515,0.028,0.565,-0.320,-61.050,-4.200,-4.650,34.8
18:50:16.193,121386,7.020,-5.914,-3.326,0.072,0.518,-0.291,-61.050,-4.200,-4.650,34.9
18:50:16.247,121440,7.290,-6.199,-3.282,0.096,0.499,-0.286,-61.050,-4.200,-4.650,34.7
18:50:16.301,121494,7.168,-5.753,-3.000,0.053,0.518,-0.305,-61.050,-4.200,-4.650,34.8
18:50:16.355,121548,7.573,-5.713,-2.586,0.111,0.501,-0.299,-61.200,-1.650,2.250,34.8
18:50:16.408,121602,7.788,-5.873,-2.595,0.076,0.451,-0.286,-61.200,-1.650,2.250,34.7
18:50:16.462,121656,7.788,-5.825,-2.579,0.078,0.397,-0.245,-59.700,1.350,6.000,34.8
18:50:16.516,121710,8.052,-5.507,-2.119,0.041,0.329,-0.204,-59.700,1.350,6.000,34.8
18:50:16.572,121764,7.922,-5.578,-2.016,0.063,0.272,-0.142,-59.550,4.500,8.400,35.1
18:50:16.625,121818,8.049,-5.514,-1.923,0.118,0.168,-0.083,-57.750,6.150,10.200,34.8
18:50:16.680,121872,8.054,-5.382,-1.805,0.038,0.088,-0.047,-57.750,6.150,10.200,34.9
18:50:16.732,121926,8.040,-5.442,-1.839,0.001,-0.010,0.018,-57.750,6.150,10.200,34.8
18:50:16.786,121980,7.934,-5.550,-1.915,-0.072,-0.139,0.096,-57.750,6.150,10.200,34.6
18:50:16.840,122034,8.212,-5.715,-2.105,-0.248,-0.280,0.233,-59.550,3.750,9.750,34.7
18:50:16.893,122088,8.052,-6.246,-2.138,-0.438,-0.597,0.499,-59.550,3.750,9.750,34.8
18:50:16.947,122142,7.973,-6.953,-3.165,-0.380,-0.909,0.770,-58.500,2.250,5.850,35.0
18:50:17.001,122196,7.374,-7.539,-4.288,-0.535,-1.209,1.096,-58.500,2.250,5.850,34.9
18:50:17.055,122250,6.835,-7.410,-4.915,-0.361,-1.482,1.328,-59.550,-6.150,-0.600,35.0
18:50:17.110,122304,5.875,-8.056,-5.432,-0.343,-1.657,1.557,-59.550,-6.150,-0.600,35.1
18:50:17.163,122358,5.339,-7.839,-5.933,-0.083,-1.788,1.686,-55.650,-15.900,-11.100,35.0
18:50:17.218,122412,4.470,-7.693,-6.232,-0.082,-1.899,1.747,-55.650,-15.900,-11.100,34.9
18:50:17.271,122466,3.141,-7.475,-6.127,-0.014,-2.010,1.663,-48.000,-30.900,-24.450,34.6
18:50:17.326,122520,1.563,-7.590,-6.282,0.059,-2.011,1.567,-48.000,-30.900,-24.450,34.8
18:50:17.380,122574,0.275,-7.566,-5.674,0.074,-1.991,1.443,-48.000,-30.900,-24.450,34.9
18:50:17.433,122628,-1.161,-7.046,-6.115,0.050,-1.862,1.232,-21.750,-43.500,-39.600,34.7
18:50:17.487,122682,-2.437,-6.349,-4.774,0.180,-1.750,1.068,-21.750,-43.500,-39.600,34.9
18:50:17.542,122736,-2.840,-7.058,-4.956,0.107,-1.675,0.945,-9.600,-47.100,-44.850,34.9
18:50:17.596,122790,-3.697,-6.967,-4.599,-0.022,-1.562,0.795,-9.600,-47.100,-44.850,34.8
18:50:17.650,122844,-4.393,-7.214,-3.630,0.150,-1.340,0.747,-0.450,-47.250,-44.700,34.8
18:50:17.703,122898,-5.217,-7.324,-3.553,0.132,-1.180,0.661,-0.450,-47.250,-44.700,35.0
18:50:17.757,122952,-5.624,-6.879,-2.938,0.172,-0.913,0.556,7.050,-46.650,-43.800,34.8
18:50:17.811,123006,-6.115,-6.472,-2.749,0.232,-0.736,0.470,7.050,-46.650,-43.800,34.6
18:50:17.866,123060,-6.491,-6.287,-2.686,0.151,-0.603,0.360,7.050,-46.650,-43.800,34.8
18:50:17.919,123114,-6.883,-6.110,-1.623,0.126,-0.497,0.274,15.000,-46.950,-42.450,34.9
18:50:17.974,123168,-6.780,-6.084,-1.544,0.032,-0.211,0.117,15.000,-46.950,-42.450,34.9
18:50:18.027,123222,-6.864,-5.926,-1.654,0.111,0.075,-0.060,15.150,-47.100,-41.250,34.9
18:50:18.082,123276,-6.867,-6.507,-2.519,0.097,0.184,-0.130,15.150,-47.100,-41.250,35.1
18:50:18.136,123330,-7.219,-6.476,-2.646,-0.056,0.082,-0.043,15.150,-47.550,-39.750,34.9
18:50:18.189,123384,-7.041,-6.725,-2.586,-0.093,-0.023,-0.029,15.150,-47.550,-39.750,34.9
18:50:18.244,123438,-7.058,-6.294,-1.954,-0.185,0.065,-0.021,15.150,-45.900,-41.550,34.6
18:50:18.298,123492,-6.416,-6.254,-1.499,-0.155,0.335,-0.169,15.150,-45.900,-41.550,34.7
18:50:18.351,123546,-6.163,-5.933,-1.518,-0.036,0.822,-0.397,15.150,-45.900,-41.550,34.8
18:50:18.406,123600,-5.765,-5.897,-1.978,0.052,1.133,-0.655,15.150,-45.900,-41.550,35.0
18:50:18.460,123654,-5.260,-6.412,-3.764,-0.058,1.408,-0.923,8.250,-46.200,-42.450,34.8
18:50:18.514,123708,-5.054,-5.947,-3.515,-0.180,1.497,-1.092,-0.150,-48.450,-41.850,35.1
18:50:18.569,123762,-3.658,-7.513,-4.314,-0.097,1.418,-1.134,-0.150,-48.450,-41.850,34.9
18:50:18.622,123816,-2.741,-8.001,-4.827,-0.213,1.294,-1.152,-10.050,-46.350,-43.800,34.5
18:50:18.677,123870,-2.370,-7.980,-5.341,-0.206,1.383,-1.132,-10.050,-46.350,-43.800,34.8
18:50:18.730,123924,-1.422,-8.121,-5.033,-0.029,1.353,-1.019,-22.350,-43.200,-41.250,34.7
18:50:18.785,123978,-0.742,-8.679,-6.567,-0.100,1.206,-0.958,-22.350,-43.200,-41.250,34.7
18:50:18.839,124032,-0.211,-8.073,-5.911,-0.155,1.172,-0.908,-22.350,-43.200,-41.250,34.8
18:50:18.891,124086,0.505,-8.066,-5.806,-0.092,1.138,-0.861,-22.350,-43.200,-41.250,34.8
18:50:18.945,124140,1.508,-8.215,-6.220,-0.075,1.088,-0.837,-37.200,-36.600,-34.650,34.7
18:50:19.000,124194,2.200,-8.059,-6.340,-0.088,1.033,-0.790,-37.200,-36.600,-34.650,35.0
18:50:19.054,124248,2.684,-8.258,-6.144,-0.094,0.978,-0.791,-43.950,-33.900,-30.300,34.7
18:50:19.108,124302,3.144,-7.338,-5.217,-0.174,0.979,-0.758,-43.950,-33.900,-30.300,34.7
18:50:19.162,124356,4.037,-7.760,-5.222,-0.023,0.923,-0.726,-50.550,-26.250,-25.200,35.0
18:50:19.216,124410,4.640,-7.575,-5.157,-0.109,0.913,-0.703,-54.450,-23.250,-17.700,34.8
18:50:19.271,124464,5.164,-7.271,-5.294,0.016,0.832,-0.654,-54.450,-23.250,-17.700,34.7
18:50:19.324,124518,5.191,-7.142,-4.932,0.067,0.723,-0.577,-54.450,-23.250,-17.700,34.9
18:50:19.378,124572,5.813,-7.350,-4.709,0.109,0.639,-0.515,-54.450,-23.250,-17.700,34.8
18:50:19.432,124626,5.823,-7.065,-4.451,0.077,0.586,-0.469,-54.450,-23.250,-17.700,34.8
18:50:19.486,124680,6.060,-6.661,-4.654,0.009,0.601,-0.460,-54.450,-23.250,-17.700,34.9
18:50:19.541,124734,6.433,-6.407,-3.900,0.087,0.620,-0.434,-59.850,-11.100,-3.600,34.8
18:50:19.594,124788,6.747,-6.481,-3.259,-0.002,0.585,-0.427,-59.850,-11.100,-3.600,35.0
18:50:19.648,124842,7.068,-6.196,-3.259,-0.053,0.520,-0.363,-58.950,-7.800,0.450,35.1
18:50:19.702,124896,7.338,-6.187,-3.371,-0.052,0.466,-0.331,-58.950,-7.800,0.450,34.4
18:50:19.757,124950,7.508,-5.823,-3.069,-0.044,0.385,-0.305,-59.400,-4.800,3.450,34.8
18:50:19.810,125004,7.609,-5.930,-2.966,-0.035,0.319,-0.246,-58.500,-2.700,4.650,34.8
18:50:19.864,125058,7.633,-5.696,-2.816,-0.025,0.270,-0.225,-58.500,-2.700,4.650,34.8
18:50:19.918,125112,7.762,-5.698,-2.770,0.054,0.188,-0.167,-58.500,-2.700,4.650,34.9
18:50:19.972,125166,7.815,-5.734,-2.516,0.060,0.135,-0.116,-58.500,-2.700,4.650,34.9
18:50:20.027,125220,7.800,-5.629,-2.464,0.072,0.105,-0.097,-58.200,0.900,8.550,35.0
18:50:20.081,125274,7.597,-5.353,-2.516,0.040,0.141,-0.093,-58.200,0.900,8.550,34.8
18:50:20.134,125328,7.843,-5.332,-2.227,0.077,0.158,-0.109,-57.900,0.900,9.300,34.5
18:50:20.188,125382,8.145,-5.377,-2.188,0.119,0.130,-0.084,-57.900,0.900,9.300,34.6
18:50:20.242,125436,7.980,-5.416,-2.277,0.038,0.014,-0.036,-58.650,0.900,11.850,34.7
18:50:20.296,125490,8.078,-5.713,-2.421,-0.083,-0.176,0.081,-58.650,0.900,11.850,35.0
18:50:20.351,125544,8.234,-6.232,-3.151,-0.315,-0.432,0.368,-57.450,0.900,11.850,34.7
18:50:20.405,125598,7.767,-6.967,-3.508,-0.471,-0.812,0.655,-57.450,0.900,11.850,34.8
18:50:20.458,125652,7.547,-7.796,-4.662,-0.693,-1.295,1.130,-57.450,0.900,11.850,34.7
18:50:20.512,125706,7.140,-8.006,-5.404,-0.558,-1.895,1.520,-58.650,-10.500,-2.700,34.8
18:50:20.566,125760,6.031,-8.181,-6.488,-0.411,-2.111,1.732,-58.650,-10.500,-2.700,34.9
18:50:20.620,125814,5.133,-7.573,-6.574,-0.174,-2.382,1.844,-51.300,-23.100,-18.600,34.6
18:50:20.674,125868,4.331,-7.408,-6.670,-0.033,-2.465,1.872,-51.300,-23.100,-18.600,34.6
18:50:20.728,125922,2.521,-6.764,-6.505,0.068,-2.552,1.774,-40.350,-35.700,-33.450,34.8
18:50:20.782,125976,1.089,-6.768,-6.069,0.159,-2.452,1.609,-40.350,-35.700,-33.450,34.8
18:50:20.836,126030,-0.450,-6.771,-5.871,0.169,-2.294,1.386,-24.900,-43.200,-41.550,34.8
18:50:20.890,126084,-1.958,-6.371,-4.894,0.243,-2.084,1.226,-24.900,-43.200,-41.550,34.8
18:50:20.943,126138,-3.230,-6.462,-4.599,0.194,-1.861,1.017,-24.900,-43.200,-41.550,34.7
18:50:20.999,126192,-3.970,-6.495,-3.809,0.234,-1.541,0.873,-24.900,-43.200,-41.550,34.9
18:50:21.051,126246,-4.616,-6.598,-3.354,0.245,-1.354,0.764,1.350,-46.650,-46.050,34.9
18:50:21.107,126300,-5.607,-6.172,-3.081,0.214,-1.087,0.605,8.550,-46.650,-44.100,34.7
18:50:21.161,126354,-6.136,-6.311,-2.868,0.160,-0.929,0.516,8.550,-46.650,-44.100,34.5
18:50:21.213,126408,-6.464,-6.124,-2.425,0.027,-0.788,0.341,12.900,-47.550,-43.050,34.9
18:50:21.269,126462,-6.845,-5.947,-2.346,-0.046,-0.671,0.262,12.900,-47.550,-43.050,34.9
18:50:21.322,126516,-7.061,-5.866,-2.045,-0.142,-0.508,0.169,16.650,-46.650,-42.300,34.8
18:50:21.375,126570,-7.216,-5.938,-2.128,-0.143,-0.368,0.107,16.650,-46.650,-42.300,34.8
18:50:21.429,126624,-7.202,-5.804,-1.580,-0.034,-0.234,0.017,16.650,-46.650,-42.300,34.9
18:50:21.483,126678,-7.226,-5.751,-1.393,0.033,0.152,-0.087,16.650,-46.650,-42.300,35.1
18:50:21.538,126732,-7.487,-6.060,-2.224,0.086,0.198,-0.167,19.500,-46.500,-41.850,35.0
18:50:21.593,126786,-7.345,-6.105,-2.658,-0.002,0.108,-0.114,19.500,-46.500,-41.850,34.7
18:50:21.646,126840,-7.479,-6.254,-2.547,-0.091,0.019,-0.033,18.300,-45.300,-40.650,34.6
18:50:21.701,126894,-7.147,-6.285,-2.131,-0.096,0.034,-0.048,17.250,-45.300,-42.450,34.9
18:50:21.754,126948,-6.900,-6.002,-1.525,0.020,0.290,-0.152,17.250,-45.300,-42.450,35.0
18:50:21.809,127002,-6.555,-5.993,-1.415,0.119,0.697,-0.263,15.900,-45.600,-41.250,34.9
18:50:21.861,127056,-6.531,-6.053,-1.923,0.311,1.031,-0.462,15.900,-45.600,-41.250,34.9
18:50:21.916,127110,-5.782,-6.155,-2.600,0.271,1.181,-0.682,15.900,-45.600,-41.250,34.8
18:50:21.969,127164,-5.282,-6.366,-3.203,0.119,1.289,-0.881,15.900,-45.600,-41.250,34.9
18:50:22.024,127218,-4.925,-6.613,-3.563,0.086,1.377,-0.998,4.350,-49.500,-41.550,34.9
18:50:22.079,127272,-4.216,-7.209,-4.140,-0.100,1.401,-1.082,4.350,-49.500,-41.550,34.6
18:50:22.133,127326,-3.620,-7.468,-4.800,-0.470,1.434,-1.123,-4.200,-48.450,-42.450,34.7
18:50:22.187,127380,-2.940,-7.046,-4.834,-0.418,1.443,-1.078,-4.200,-48.450,-42.450,34.9
18:50:22.239,127434,-1.147,-8.396,-6.416,-0.512,1.357,-1.010,-13.950,-46.200,-41.850,34.9
18:50:22.294,127488,-1.109,-7.602,-6.809,-0.557,1.260,-0.935,-13.950,-46.200,-41.850,34.9
18:50:22.348,127542,-0.060,-8.229,-6.414,-0.346,1.131,-0.778,-25.200,-42.450,-40.950,34.8
18:50:22.401,127596,0.625,-8.203,-6.905,-0.285,1.121,-0.756,-25.200,-42.450,-40.950,34.8
18:50:22.456,127650,0.570,-7.281,-7.056,-0.046,1.160,-0.690,-25.200,-42.450,-40.950,34.9
18:50:22.511,127704,1.927,-7.561,-6.723,0.065,1.183,-0.668,-40.200,-34.800,-35.100,34.8
18:50:22.565,127758,2.516,-7.389,-5.904,0.089,1.149,-0.691,-40.200,-34.800,-35.100,34.8
18:50:22.618,127812,3.156,-7.475,-6.543,0.038,1.091,-0.677,-44.850,-31.800,-30.150,34.8
18:50:22.672,127866,3.491,-6.613,-5.519,-0.125,1.147,-0.714,-44.850,-31.800,-30.150,34.8
18:50:22.725,127920,4.403,-7.570,-5.789,0.024,0.971,-0.655,-50.400,-25.200,-24.300,34.7
18:50:22.779,127974,4.863,-7.027,-6.254,-0.185,0.903,-0.607,-50.400,-25.200,-24.300,34.8
18:50:22.833,128028,4.922,-6.783,-5.564,-0.150,0.836,-0.533,-54.450,-22.500,-16.500,34.9
18:50:22.889,128082,5.315,-6.637,-5.447,-0.053,0.763,-0.453,-54.450,-22.500,-16.500,34.8
18:50:22.943,128136,5.753,-6.565,-5.183,-0.081,0.758,-0.403,-54.450,-22.500,-16.500,34.9
18:50:22.997,128190,6.345,-6.486,-4.717,0.042,0.708,-0.325,-57.150,-16.350,-8.100,34.5
18:50:23.051,128244,6.740,-6.469,-4.336,-0.066,0.678,-0.318,-57.150,-16.350,-8.100,34.6
18:50:23.104,128298,6.680,-6.175,-4.307,0.028,0.600,-0.285,-57.000,-13.050,-2.100,34.7
18:50:23.158,128352,6.922,-5.935,-4.073,0.064,0.450,-0.227,-57.000,-13.050,-2.100,34.9
18:50:23.211,128406,7.046,-5.986,-4.125,0.051,0.350,-0.187,-57.450,-10.200,-0.900,34.6
18:50:23.265,128460,6.977,-5.906,-3.692,0.080,0.299,-0.166,-57.450,-10.200,-0.900,34.8
18:50:23.320,128514,7.250,-5.947,-3.804,0.120,0.266,-0.121,-55.950,-9.750,3.450,34.8
18:50:23.374,128568,7.190,-5.784,-3.323,0.139,0.221,-0.114,-55.950,-9.750,3.450,34.8
18:50:23.427,128622,7.230,-5.564,-3.220,0.115,0.171,-0.102,-55.950,-9.750,3.450,35.0
18:50:23.482,128676,7.597,-5.638,-3.199,0.154,0.151,-0.084,-55.950,-9.750,3.450,34.5
18:50:23.536,128730,7.422,-5.674,-2.902,0.167,0.175,-0.120,-57.000,-7.200,6.450,34.5
18:50:23.590,128784,7.525,-5.574,-2.971,0.134,0.226,-0.122,-55.200,-5.850,7.350,34.8
18:50:23.643,128838,7.549,-5.444,-2.935,0.090,0.158,-0.107,-55.200,-5.850,7.350,34.8
18:50:23.697,128892,7.542,-5.528,-2.854,0.106,0.029,-0.071,-55.800,-5.700,8.700,34.8
18:50:23.750,128946,7.542,-5.916,-2.679,-0.005,-0.017,-0.019,-55.800,-5.700,8.700,34.8
18:50:23.807,129000,7.676,-5.631,-2.923,-0.047,-0.023,0.004,-56.700,-5.100,8.550,34.8
18:50:23.859,129054,7.594,-5.567,-2.739,-0.072,-0.082,0.021,-56.700,-5.100,8.550,34.9
18:50:23.913,129108,7.738,-5.746,-2.756,-0.107,-0.146,0.063,-56.700,-5.100,8.550,34.8
18:50:23.967,129162,7.551,-5.574,-2.861,-0.185,-0.233,0.102,-56.700,-5.100,8.550,34.6
18:50:24.021,129216,7.719,-6.187,-3.594,-0.224,-0.453,0.241,-56.550,-5.700,6.900,34.7
18:50:24.076,129270,7.300,-6.625,-4.015,-0.307,-0.795,0.475,-56.550,-5.700,6.900,34.8
18:50:24.129,129324,7.140,-6.716,-4.338,-0.265,-1.066,0.704,-56.400,-7.500,3.450,34.9
18:50:24.182,129378,6.946,-7.300,-5.303,-0.210,-1.329,0.938,-56.400,-7.500,3.450,34.8
18:50:24.238,129432,6.258,-7.077,-5.868,-0.122,-1.581,1.121,-57.000,-15.000,-5.850,34.8
18:50:24.291,129486,5.306,-7.298,-6.373,-0.028,-1.713,1.245,-53.700,-22.950,-16.200,35.0
18:50:24.346,129540,4.137,-7.709,-6.555,0.158,-1.892,1.320,-53.700,-22.950,-16.200,35.0
18:50:24.400,129594,3.328,-7.843,-7.049,0.297,-2.034,1.350,-53.700,-22.950,-16.200,34.9
18:50:24.454,129648,2.002,-7.513,-7.745,0.383,-2.137,1.328,-53.700,-22.950,-16.200,34.7
18:50:24.507,129702,0.862,-7.290,-7.329,0.223,-2.261,1.375,-34.050,-40.650,-35.250,34.5
18:50:24.562,129756,-0.376,-7.185,-6.215,0.197,-2.148,1.295,-34.050,-40.650,-35.250,34.8
18:50:24.616,129810,-1.398,-6.950,-5.222,0.280,-1.958,1.180,-19.350,-45.150,-40.950,34.8
18:50:24.669,129864,-2.162,-6.888,-4.578,0.280,-1.742,0.989,-19.350,-45.150,-40.950,35.0
18:50:24.723,129918,-3.141,-6.847,-4.180,0.220,-1.494,0.863,-9.000,-47.700,-42.450,34.8
18:50:24.777,129972,-3.960,-6.886,-3.795,0.299,-1.219,0.760,-9.000,-47.700,-42.450,34.8
18:50:24.832,130026,-4.614,-7.460,-3.625,0.281,-1.082,0.637,-0.300,-49.050,-42.750,34.9
18:50:24.885,130080,-5.531,-6.962,-3.043,0.159,-0.976,0.588,-0.300,-49.050,-42.750,34.9
18:50:24.940,130134,-5.988,-6.627,-2.658,0.199,-0.832,0.571,-0.300,-49.050,-42.750,34.6
18:50:24.994,130188,-6.510,-6.515,-2.598,0.088,-0.709,0.521,11.100,-47.850,-41.550,34.6
18:50:25.048,130242,-6.785,-6.263,-2.555,0.128,-0.629,0.450,11.100,-47.850,-41.550,34.9
18:50:25.101,130296,-6.981,-6.256,-1.911,0.103,-0.521,0.420,15.150,-48.600,-37.200,34.8
18:50:25.155,130350,-6.979,-6.112,-1.877,0.055,-0.414,0.335,15.150,-48.600,-37.200,34.9
18:50:25.210,130404,-7.120,-5.538,-1.140,0.086,-0.185,0.146,17.700,-46.950,-37.800,34.7
18:50:25.264,130458,-7.173,-5.772,-1.887,0.159,0.040,-0.006,17.700,-46.950,-37.800,34.7
18:50:25.317,130512,-7.563,-5.686,-1.652,0.113,0.179,-0.143,16.650,-47.550,-37.200,34.8
18:50:25.371,130566,-7.278,-6.409,-2.330,-0.027,0.128,-0.160,16.650,-47.550,-37.200,34.7
18:50:25.425,130620,-7.276,-6.560,-2.447,-0.127,0.033,-0.123,16.650,-47.550,-37.200,34.5
18:50:25.480,130674,-7.365,-6.191,-2.016,-0.187,0.009,-0.112,17.250,-48.000,-36.000,34.7
18:50:25.533,130728,-6.989,-6.359,-1.707,-0.088,0.136,-0.165,17.250,-48.000,-36.000,35.0
18:50:25.588,130782,-6.756,-5.849,-1.168,-0.092,0.482,-0.336,14.700,-46.950,-37.800,35.0
18:50:25.642,130836,-6.385,-6.165,-2.059,-0.009,0.795,-0.491,14.700,-46.950,-37.800,35.0
18:50:25.695,130890,-6.110,-6.345,-2.564,-0.007,1.029,-0.710,12.900,-47.850,-39.450,34.7
18:50:25.750,130944,-5.708,-6.354,-2.507,-0.073,1.150,-0.833,12.900,-47.850,-39.450,34.7
18:50:25.804,130998,-4.817,-6.883,-3.486,-0.125,1.249,-0.990,4.950,-48.900,-40.350,34.8
18:50:25.857,131052,-4.456,-6.835,-3.742,-0.222,1.344,-1.095,4.950,-48.900,-40.350,34.9
18:50:25.910,131106,-3.340,-7.518,-4.508,-0.241,1.380,-1.128,4.950,-48.900,-40.350,34.6
18:50:25.964,131160,-2.526,-7.721,-4.772,-0.257,1.358,-1.067,4.950,-48.900,-40.350,34.8
18:50:26.019,131214,-2.351,-8.420,-5.825,-0.341,1.250,-0.976,-13.200,-47.250,-39.600,34.7
18:50:26.073,131268,-1.647,-8.329,-5.454,-0.445,1.201,-0.880,-13.200,-47.250,-39.600,34.8
18:50:26.129,131322,-0.520,-8.588,-6.029,-0.189,1.191,-0.820,-21.750,-45.000,-40.350,34.8
18:50:26.182,131376,0.134,-8.586,-6.979,-0.096,1.207,-0.806,-31.950,-41.700,-38.250,34.7
18:50:26.234,131430,0.579,-7.599,-6.239,0.147,1.188,-0.736,-31.950,-41.700,-38.250,34.7
18:50:26.290,131484,1.391,-7.817,-6.017,0.026,1.083,-0.734,-35.550,-37.650,-33.750,34.7
18:50:26.342,131538,2.397,-7.939,-5.772,0.076,0.936,-0.663,-35.550,-37.650,-33.750,34.6
18:50:26.397,131592,2.531,-8.102,-5.954,-0.106,0.873,-0.651,-35.550,-37.650,-33.750,34.6
18:50:26.451,131646,2.535,-7.649,-5.392,-0.092,0.883,-0.649,-35.550,-37.650,-33.750,34.8
18:50:26.507,131700,3.491,-7.355,-5.212,-0.184,0.928,-0.669,-47.100,-32.250,-23.850,34.8
18:50:26.560,131754,4.413,-7.436,-5.636,-0.161,0.829,-0.652,-47.100,-32.250,-23.850,34.7
18:50:26.613,131808,4.721,-7.070,-5.310,-0.197,0.657,-0.594,-52.650,-26.400,-19.500,34.9
18:50:26.667,131862,4.695,-7.518,-5.495,-0.215,0.465,-0.482,-52.650,-26.400,-19.500,34.8
18:50:26.721,131916,4.791,-7.487,-4.949,-0.188,0.584,-0.426,-54.300,-21.600,-16.800,34.8
18:50:26.776,131970,5.306,-6.658,-5.638,-0.097,0.684,-0.426,-57.450,-18.750,-12.900,34.8
18:50:26.828,132024,5.859,-6.218,-4.587,0.001,0.613,-0.402,-57.450,-18.750,-12.900,34.5
18:50:26.884,132078,6.194,-6.687,-4.314,-0.010,0.595,-0.374,-57.450,-18.750,-12.900,34.6
18:50:26.937,132132,6.534,-6.407,-4.209,0.011,0.607,-0.418,-57.450,-18.750,-12.900,34.8
18:50:26.991,132186,6.505,-6.134,-3.792,0.123,0.605,-0.402,-57.000,-13.500,-4.650,34.8
18:50:27.045,132240,6.900,-6.062,-3.974,0.103,0.578,-0.385,-57.000,-13.500,-4.650,34.8
18:50:27.100,132294,6.955,-5.859,-3.658,0.133,0.561,-0.366,-59.850,-8.400,-0.300,34.6
18:50:27.154,132348,7.338,-6.199,-3.361,0.087,0.411,-0.304,-59.850,-8.400,-0.300,34.6
18:50:27.208,132402,7.429,-5.693,-3.500,0.020,0.399,-0.281,-59.250,-6.900,3.600,34.8
18:50:27.262,132456,7.262,-5.827,-2.962,0.142,0.435,-0.279,-59.250,-6.900,3.600,34.8
18:50:27.315,132510,7.671,-5.495,-3.029,0.083,0.415,-0.249,-58.800,-3.450,6.900,34.6
18:50:27.368,132564,7.925,-5.274,-2.653,0.179,0.253,-0.205,-58.800,-3.450,6.900,34.6
18:50:27.423,132618,7.683,-5.562,-2.562,0.170,0.165,-0.168,-58.800,-3.450,6.900,34.8
18:50:27.477,132672,8.018,-5.413,-2.397,0.142,0.222,-0.179,-56.700,-2.850,12.150,34.9
18:50:27.531,132726,7.621,-5.088,-2.243,0.121,0.286,-0.153,-56.700,-2.850,12.150,35.0
18:50:27.585,132780,8.540,-5.423,-1.887,0.065,-0.044,-0.015,-57.150,0.900,13.200,34.8
18:50:27.641,132834,8.238,-6.337,-2.246,-0.181,-0.450,0.226,-57.150,0.900,13.200,34.9
18:50:27.694,132888,7.585,-6.756,-3.242,-0.236,-0.754,0.509,-56.550,-1.050,11.250,34.9
