timestamp,elapsed_ms,accel_x_ms2,accel_y_ms2,accel_z_ms2,gyro_x_rads,gyro_y_rads,gyro_z_rads,mag_x_uT,mag_y_uT,mag_z_uT,temp_c,flex_raw,flex_voltage_v
23:19:00.057,13601,-0.453,7.812,-5.495,-0.013,0.298,-0.209,14.400,53.250,-46.800,30.5
23:19:00.058,13655,-0.919,7.714,-5.387,-0.133,0.254,-0.095,14.400,53.250,-47.400,30.7
23:19:00.059,13709,-0.802,7.726,-4.755,-0.240,0.126,0.170,14.400,53.250,-47.400,30.7
23:19:00.060,13763,-0.254,8.131,-4.930,-0.253,0.152,0.355,14.850,53.700,-46.350,30.5
23:19:00.061,13817,0.405,8.825,-4.870,-0.060,0.070,0.423,12.600,54.000,-46.350,30.4
23:19:00.062,13871,0.481,8.691,-4.618,0.003,0.054,0.415,12.600,54.000,-46.350,30.6
23:19:00.062,13925,0.321,8.186,-4.487,0.183,0.277,0.319,9.750,54.600,-46.200,30.5
23:19:00.063,13979,0.254,6.893,-4.798,0.533,0.834,-0.035,9.750,54.600,-46.200,30.5
23:19:00.064,14033,0.498,4.566,-5.440,1.516,1.693,-0.727,9.750,54.600,-46.200,30.7
23:19:00.065,14087,2.442,6.000,-5.617,1.491,1.837,-0.847,9.750,54.600,-46.200,30.7
23:19:00.066,14141,2.354,5.308,-5.957,1.340,1.313,0.002,6.750,48.000,-51.000,30.5
23:19:00.066,14195,2.801,7.867,-6.330,1.039,1.148,1.021,6.750,48.000,-51.000,30.5
23:19:00.067,14249,3.687,4.513,-5.947,0.757,0.952,0.920,4.650,39.900,-55.650,30.2
23:19:00.068,14303,4.724,6.328,-7.558,0.133,0.822,1.114,4.650,39.900,-55.650,30.4
23:19:00.069,14357,3.862,4.731,-6.682,-0.355,0.640,1.362,4.650,39.900,-55.650,30.7
23:19:00.070,14411,4.535,4.767,-7.147,-1.135,0.354,1.877,4.650,39.900,-55.650,30.4
23:19:00.070,14465,5.744,7.530,-5.851,-0.912,-0.202,1.209,-8.850,27.000,-48.600,30.7
23:19:00.071,14519,5.607,5.765,-6.275,-1.520,-0.515,1.097,-12.450,27.600,-42.900,30.5
23:19:00.072,14573,5.231,7.748,-4.901,-2.159,-0.508,1.190,-12.450,27.600,-42.900,30.6
23:19:00.073,14627,5.203,7.446,-3.934,-2.098,-0.564,0.982,-15.600,33.900,-39.750,30.7
23:19:00.074,14681,5.308,7.180,-3.144,-1.952,-0.544,0.790,-15.600,33.900,-39.750,30.5
23:19:00.075,14735,6.845,8.770,-3.299,-2.564,-0.563,1.091,-17.250,34.950,-38.100,30.4
23:19:00.076,14789,7.219,7.544,-3.314,-2.451,-0.407,0.728,-17.250,34.950,-38.100,30.4
23:19:00.077,14843,6.462,6.826,-2.124,-2.252,-0.397,1.053,-17.250,34.950,-38.100,30.5
23:19:00.077,14897,6.656,6.950,-1.765,-2.057,-0.521,1.419,-17.250,34.950,-38.100,30.5
23:19:00.078,14951,7.796,6.048,-3.304,-1.681,-0.363,1.505,-20.250,35.250,-29.400,30.7
23:19:00.079,15005,7.688,5.859,-1.745,-0.859,0.254,0.734,-20.250,35.250,-29.400,30.5
23:19:00.080,15059,7.238,5.839,0.146,0.173,-0.143,0.418,-24.000,31.800,-27.900,30.6
23:19:00.081,15113,7.654,7.080,0.091,0.305,-0.437,0.304,-22.650,28.950,-25.500,30.5
23:19:00.082,15167,8.011,6.845,-1.125,0.416,-0.578,0.477,-22.650,28.950,-25.500,30.6
23:19:00.083,15221,8.655,6.144,-2.763,0.290,-0.025,0.689,-23.100,26.250,-27.300,30.3
23:19:00.084,15275,8.401,6.074,0.081,-0.396,-0.038,0.366,-23.100,26.250,-27.300,30.2
23:19:00.084,15329,9.112,4.662,-1.932,-0.092,-0.130,0.064,-23.100,26.250,-27.300,30.6
23:19:00.085,15383,8.241,5.033,-2.069,-0.081,0.087,0.499,-23.100,26.250,-27.300,30.4
23:19:00.086,15437,8.236,3.869,-0.737,-0.099,0.135,0.253,-26.250,26.850,-27.900,30.6
23:19:00.087,15491,8.519,4.899,-1.097,0.395,-0.040,0.225,-26.250,26.850,-27.900,30.5
23:19:00.088,15545,8.868,3.390,-1.781,2.183,0.346,0.098,-26.550,25.650,-26.850,30.6
23:19:00.089,15599,8.961,3.613,-2.459,2.015,0.331,-0.157,-26.550,25.650,-26.850,30.5
23:19:00.135,15653,8.710,3.247,-2.215,2.436,0.567,-0.370,-26.550,25.650,-26.850,30.7
23:19:00.193,15707,8.657,3.938,-3.874,3.570,0.839,-1.018,-25.500,25.200,-24.900,30.5
23:19:00.247,15761,8.569,3.668,-4.120,2.955,0.881,-1.030,-25.500,25.200,-24.900,30.5
23:19:00.298,15815,8.830,4.915,-4.061,2.545,0.874,-1.341,-26.700,30.150,-24.000,30.5
23:19:00.352,15869,8.377,4.489,-3.613,1.843,0.311,-0.949,-26.700,30.150,-24.000,30.5
23:19:00.410,15923,7.197,4.745,-3.907,1.443,0.143,-0.579,-25.950,33.600,-23.400,30.5
23:19:00.463,15977,7.422,4.254,-2.423,-0.176,-0.559,0.171,-25.950,33.600,-23.400,30.5
23:19:00.513,16031,7.738,5.097,-2.265,-2.163,-1.459,0.806,-24.000,31.800,-24.900,30.7
23:19:00.568,16085,8.681,3.936,-5.581,-3.233,-0.839,0.383,-24.000,31.800,-24.900,30.6
23:19:00.622,16139,8.885,4.903,-3.084,-2.924,-0.383,-0.341,-24.000,31.800,-24.900,30.5
23:19:00.676,16193,7.865,5.777,-3.338,-2.408,-0.248,-0.512,-24.000,31.800,-24.900,30.2
23:19:00.729,16247,7.216,6.424,-1.180,-2.007,-0.354,-0.270,-21.900,33.600,-23.700,30.2
23:19:00.784,16301,7.458,7.187,-1.765,-1.271,-0.641,-0.934,-21.300,33.750,-22.050,30.4
23:19:00.838,16355,8.095,8.401,-2.732,-1.367,-0.071,-1.521,-21.300,33.750,-22.050,30.5
23:19:00.891,16409,6.895,10.166,-0.151,-1.628,0.313,-2.112,-18.000,39.150,-24.300,30.5
23:19:00.946,16463,5.969,10.221,0.809,-2.160,0.065,-2.498,-18.000,39.150,-24.300,30.4
23:19:01.000,16517,5.210,10.819,0.924,-2.172,0.455,-2.766,-9.300,47.550,-24.450,30.5
23:19:01.054,16571,4.288,9.627,2.636,-1.478,0.904,-2.803,-9.300,47.550,-24.450,30.5
23:19:01.108,16625,3.426,9.797,2.385,-1.204,1.052,-2.823,-9.300,47.550,-24.450,30.5
23:19:01.161,16679,1.554,9.402,4.204,-0.938,1.289,-2.926,-9.300,47.550,-24.450,30.1
23:19:01.215,16733,-0.096,9.613,4.515,-1.067,1.162,-2.877,15.750,60.000,-20.250,30.5
23:19:01.270,16787,-2.294,8.294,3.891,-0.806,1.349,-2.896,15.750,60.000,-20.250,30.5
23:19:01.323,16841,-3.385,7.633,4.173,-1.027,1.159,-2.718,28.950,59.550,-13.500,30.5
23:19:01.378,16895,-5.052,5.667,3.366,-0.676,1.320,-2.544,28.950,59.550,-13.500,30.7
23:19:01.431,16949,-6.273,5.109,3.098,-0.293,1.243,-2.369,28.950,59.550,-13.500,30.7
23:19:01.486,17003,-6.857,3.122,2.851,-0.422,1.317,-2.223,48.600,49.650,-5.550,30.7
23:19:01.539,17057,-7.175,1.973,1.860,-0.333,1.224,-1.906,48.600,49.650,-5.550,30.7
23:19:01.593,17111,-7.733,1.494,2.155,-0.170,1.169,-1.546,56.700,41.850,-8.100,30.2
23:19:01.647,17165,-8.334,1.068,1.915,0.094,1.066,-1.173,56.700,41.850,-8.100,30.2
23:19:01.702,17219,-8.588,-0.220,0.476,0.244,0.901,-1.011,60.450,36.150,-11.400,30.7
23:19:01.756,17273,-9.064,-0.860,-0.098,0.897,0.879,-0.970,60.450,36.150,-11.400,30.7
23:19:01.810,17327,-9.606,-0.201,-0.670,1.530,0.714,-0.812,64.200,32.550,-14.400,30.7
23:19:01.864,17381,-9.747,-0.946,-1.391,2.200,0.826,-0.827,64.200,32.550,-14.400,30.4
23:19:01.918,17435,-9.946,-1.305,-0.912,1.929,0.802,-0.889,64.200,32.550,-14.400,30.6
23:19:01.972,17489,-9.835,-0.972,-0.077,1.224,0.613,-1.048,64.200,32.550,-14.400,30.8
23:19:02.025,17543,-10.132,-0.615,0.271,0.420,0.391,-0.953,67.950,23.700,-26.850,30.5
23:19:02.079,17597,-9.531,-2.703,-0.807,-0.481,0.133,-0.661,66.450,21.750,-27.150,30.4
23:19:02.133,17651,-9.127,-4.966,-1.681,-0.885,0.123,-0.543,66.450,21.750,-27.150,30.2
23:19:02.187,17705,-8.595,-4.611,-1.978,-0.878,-0.144,0.084,66.450,19.050,-27.150,30.5
23:19:02.242,17759,-8.655,-3.867,-2.186,-0.045,-0.023,0.483,66.450,19.050,-27.150,30.5
23:19:02.296,17813,-8.921,-3.615,-1.805,0.391,-0.248,0.934,65.550,20.850,-27.000,30.4
23:19:02.349,17867,-8.727,-2.753,-1.209,0.571,-0.652,1.438,65.550,20.850,-27.000,30.6
23:19:02.404,17921,-8.552,-1.913,-1.312,0.197,-0.627,1.923,65.850,26.550,-27.300,30.4
23:19:02.457,17975,-8.339,-0.781,-0.543,0.351,-0.851,2.355,65.850,26.550,-27.300,30.6
23:19:02.511,18029,-8.495,0.045,-0.175,0.201,-1.176,2.677,65.100,33.900,-24.750,30.6
23:19:02.565,18083,-7.896,2.523,0.608,0.193,-1.299,2.731,65.100,33.900,-24.750,30.2
23:19:02.619,18137,-7.187,3.175,1.671,-0.324,-1.341,2.963,56.550,43.650,-21.450,30.4
23:19:02.673,18191,-6.134,5.337,2.148,-0.483,-1.428,3.194,56.550,43.650,-21.450,30.4
23:19:02.727,18245,-4.990,6.694,3.328,-0.225,-1.339,3.080,56.550,43.650,-21.450,30.5
23:19:02.781,18299,-3.172,7.427,2.236,0.215,-1.362,3.141,36.300,58.500,-16.200,30.7
23:19:02.836,18353,-1.697,9.974,4.633,-0.209,-1.719,2.805,36.300,58.500,-16.200,30.5
23:19:02.889,18407,-0.608,9.922,3.857,0.622,-1.464,2.830,24.300,58.950,-19.500,30.6
23:19:02.944,18461,0.484,9.615,3.845,-0.122,-1.351,2.562,24.300,58.950,-19.500,30.7
23:19:02.999,18515,0.690,10.302,5.370,-0.189,-1.338,2.290,12.750,59.250,-21.000,30.4
23:19:03.051,18569,2.964,9.172,2.409,0.312,-1.199,2.111,12.750,59.250,-21.000,30.4
23:19:03.106,18623,4.063,9.527,4.839,0.223,-1.396,2.292,1.350,54.450,-21.900,30.4
23:19:03.159,18677,6.060,8.540,2.069,1.559,-1.039,1.791,1.350,54.450,-21.900,30.6
23:19:03.214,18731,7.082,8.334,1.281,1.515,-0.792,1.689,1.350,54.450,-21.900,30.7
23:19:03.267,18785,7.123,9.014,1.154,1.148,-0.581,1.386,-15.000,41.550,-25.650,30.7
23:19:03.321,18839,6.744,7.384,0.335,1.264,-0.383,1.292,-15.000,41.550,-25.650,30.5
23:19:03.375,18893,7.015,8.224,0.005,2.496,-0.166,1.209,-19.350,35.850,-29.250,30.5
23:19:03.429,18947,8.250,6.390,-1.824,3.110,0.491,0.888,-19.350,35.850,-29.250,30.5
23:19:03.483,19001,8.124,6.122,-1.329,3.836,0.727,0.397,-19.350,35.850,-29.250,30.7
23:19:03.537,19055,8.033,6.179,-2.131,2.392,0.906,0.213,-19.350,35.850,-29.250,30.2
23:19:03.591,19109,8.526,2.411,-4.719,5.061,1.301,-0.353,-23.250,27.900,-27.150,30.2
23:19:03.645,19163,8.045,4.389,-3.807,2.504,1.225,-0.464,-23.250,27.900,-27.150,30.5
23:19:03.699,19217,7.712,5.880,-3.725,1.152,0.679,-0.558,-25.050,26.400,-25.650,30.5
23:19:03.754,19271,7.853,5.875,-4.415,-0.201,0.208,-0.385,-25.050,26.400,-25.650,30.7
23:19:03.808,19325,8.246,4.037,-3.888,-0.844,-0.162,-0.596,-24.450,28.950,-24.000,30.5
23:19:03.864,19379,7.678,5.574,-4.243,-1.387,-0.402,-0.658,-23.250,31.050,-22.050,30.7
23:19:03.916,19433,7.889,4.810,-3.299,-1.543,-0.832,-0.827,-23.250,31.050,-22.050,30.5
23:19:03.969,19487,8.030,7.424,-3.146,-2.168,-0.872,-1.112,-23.250,31.050,-22.050,30.7
23:19:04.024,19541,8.272,7.860,-3.488,-2.627,-0.551,-1.724,-23.250,31.050,-22.050,30.2
23:19:04.077,19595,6.991,8.265,-1.429,-2.550,-0.300,-2.052,-17.850,36.600,-21.450,30.5
23:19:04.131,19649,5.909,9.294,0.086,-1.893,-0.224,-2.141,-17.850,36.600,-21.450,30.6
23:19:04.185,19703,5.624,8.995,0.522,-1.199,0.175,-2.519,-9.750,40.350,-24.300,30.7
23:19:04.239,19757,5.368,10.058,0.378,-1.310,0.490,-2.577,-9.750,40.350,-24.300,30.5
23:19:04.293,19811,3.778,11.368,2.866,-1.329,0.584,-2.779,-0.900,47.700,-28.650,30.5
23:19:04.347,19865,2.258,10.453,2.576,-1.000,0.775,-2.991,-0.900,47.700,-28.650,30.7
23:19:04.401,19919,0.591,10.348,3.158,-1.581,1.002,-3.073,14.250,56.250,-30.750,30.7
23:19:04.455,19973,-1.147,9.069,3.381,-1.526,1.238,-3.151,14.250,56.250,-30.750,30.5
23:19:04.509,20027,-2.799,8.114,3.093,-1.231,1.365,-3.209,14.250,56.250,-30.750,30.4
23:19:04.563,20081,-4.149,6.299,3.575,-1.346,1.670,-2.864,39.450,58.650,-11.700,30.7
23:19:04.618,20135,-5.801,4.583,2.677,-0.775,1.774,-2.883,39.450,58.650,-11.700,30.7
23:19:04.672,20189,-7.302,7.120,2.332,0.163,1.749,-2.732,52.350,48.900,-6.000,30.5
23:19:04.725,20243,-8.059,2.818,3.179,0.346,2.161,-2.802,52.350,48.900,-6.000,30.6
23:19:04.779,20297,-8.526,1.523,1.753,0.559,1.812,-1.896,52.350,48.900,-6.000,30.4
23:19:04.833,20351,-8.662,-0.005,-0.199,0.384,1.640,-1.772,52.350,48.900,-6.000,30.6
23:19:04.887,20405,-9.158,-1.128,-0.488,0.430,1.679,-1.618,63.900,32.250,-16.500,30.5
23:19:04.941,20459,-9.242,-1.501,-1.068,-0.035,1.216,-1.592,63.900,32.250,-16.500,30.2
23:19:04.995,20513,-8.406,-3.005,-1.666,-0.179,0.958,-1.419,66.600,27.000,-22.950,30.4
23:19:05.049,20567,-7.326,-2.212,-2.698,-0.518,0.611,-0.726,66.600,27.000,-22.950,30.4
23:19:05.103,20621,-9.072,-4.319,-2.571,-0.202,-0.016,-0.108,66.300,21.600,-24.750,30.6
23:19:05.157,20675,-8.461,-4.063,-3.630,-0.121,-0.770,0.601,67.050,18.450,-26.550,30.5
23:19:05.211,20729,-9.349,-2.954,-3.048,0.171,-0.496,0.854,67.050,18.450,-26.550,30.5
23:19:05.266,20783,-9.321,-2.636,-2.514,0.491,-0.551,1.191,67.050,18.450,-26.550,30.5
23:19:05.320,20837,-8.667,-2.296,-1.812,0.487,-0.695,1.477,67.050,18.450,-26.550,30.6
23:19:05.373,20891,-8.571,-0.869,-0.857,0.478,-1.050,1.649,64.800,28.950,-20.700,30.7
23:19:05.427,20945,-8.382,-0.680,-1.020,0.397,-1.380,2.084,64.800,28.950,-20.700,30.5
23:19:05.481,20999,-8.270,0.486,-0.304,0.429,-1.515,2.337,62.100,39.000,-17.550,30.3
23:19:05.535,21053,-7.851,1.609,0.242,0.565,-1.573,2.814,62.100,39.000,-17.550,30.5
23:19:05.589,21107,-6.780,3.994,0.702,0.433,-1.433,3.336,54.900,46.950,-15.900,30.4
23:19:05.643,21161,-5.555,7.578,3.677,1.188,-1.839,3.377,54.900,46.950,-15.900,30.4
23:19:05.697,21215,-3.311,6.280,0.984,0.982,-1.086,3.161,45.000,56.700,-17.550,30.4
23:19:05.751,21269,-0.991,8.162,0.373,1.491,-1.291,3.301,45.000,56.700,-17.550,30.5
23:19:05.805,21323,0.254,10.460,2.298,1.052,-1.190,3.092,45.000,56.700,-17.550,30.7
23:19:05.859,21377,1.073,9.912,1.762,0.838,-1.161,3.150,18.750,58.950,-27.900,30.7
23:19:05.913,21431,2.610,10.511,-0.172,0.367,-0.899,2.918,18.750,58.950,-27.900,30.4
23:19:05.968,21485,4.334,10.180,0.249,0.306,-1.174,2.732,4.050,54.000,-26.250,30.2
23:19:06.021,21539,5.713,10.743,0.579,0.237,-1.160,2.705,4.050,54.000,-26.250,30.7
23:19:06.075,21593,6.261,9.208,-0.091,0.083,-1.002,1.954,-6.000,47.700,-27.150,30.5
23:19:06.129,21647,6.716,9.325,-0.512,0.167,-0.773,1.764,-6.000,47.700,-27.150,30.5
23:19:06.183,21701,6.565,8.691,0.239,0.244,-0.901,1.599,-14.850,42.900,-27.000,30.4
23:19:06.238,21755,7.324,8.097,-0.656,0.608,-0.638,1.604,-14.850,42.900,-27.000,30.4
23:19:06.291,21809,7.728,6.369,-0.024,1.429,-0.516,1.388,-20.250,38.400,-29.400,30.7
23:19:06.346,21863,7.757,8.033,-0.627,0.911,-0.235,1.190,-24.000,33.750,-30.450,30.5
23:19:06.399,21917,8.782,4.283,-1.954,0.599,-0.044,0.966,-24.000,33.750,-30.450,30.5
23:19:06.453,21971,8.473,7.096,-1.693,0.641,0.266,0.427,-25.500,27.900,-31.200,30.4
23:19:06.507,22025,7.154,8.346,-0.838,0.060,0.431,-0.118,-25.500,27.900,-31.200,30.6
23:19:06.562,22079,7.702,7.491,-0.259,-0.207,0.144,-0.398,-25.500,27.900,-31.200,30.4
23:19:06.615,22133,7.903,7.061,-1.202,-0.920,0.044,-0.767,-25.500,27.900,-31.200,30.8
23:19:06.669,22187,8.265,7.551,-0.158,-1.421,0.186,-1.377,-25.800,31.800,-29.400,30.7
23:19:06.723,22241,8.847,7.592,-1.410,-1.592,0.435,-1.733,-25.800,31.800,-29.400,30.5
23:19:06.777,22295,8.238,8.724,0.002,-1.529,0.663,-2.028,-21.150,37.050,-26.250,30.5
23:19:06.831,22349,7.508,9.072,-0.488,-1.174,1.155,-2.277,-21.150,37.050,-26.250,30.4
23:19:06.885,22403,6.953,9.601,0.529,-0.849,1.522,-2.564,-15.000,44.550,-24.300,30.4
23:19:06.939,22457,5.406,10.063,2.464,-0.789,1.790,-2.705,-15.000,44.550,-24.300,30.5
23:19:06.993,22511,3.998,9.783,2.737,-1.367,1.512,-2.816,-3.300,51.300,-21.450,30.7
23:19:07.047,22565,1.911,9.766,3.129,-1.235,1.621,-2.844,-3.300,51.300,-21.450,30.4
23:19:07.101,22619,0.211,8.966,3.596,-1.246,1.682,-2.838,-3.300,51.300,-21.450,30.5
23:19:07.155,22673,-1.803,8.217,4.831,-1.433,1.712,-2.753,26.550,60.450,-15.150,30.5
23:19:07.209,22727,-2.923,7.671,4.439,-1.045,1.789,-2.756,26.550,60.450,-15.150,30.7
23:19:07.263,22781,-4.877,5.794,3.548,-0.715,1.931,-2.550,39.300,57.000,-8.100,30.5
23:19:07.317,22835,-5.851,5.313,4.135,-0.870,1.544,-2.500,39.300,57.000,-8.100,30.4
23:19:07.371,22889,-6.524,3.294,3.297,-0.603,1.581,-2.360,50.400,50.400,-3.450,30.4
23:19:07.426,22943,-7.357,1.939,2.646,-0.638,1.707,-2.336,50.400,50.400,-3.450,30.7
23:19:07.479,22997,-7.930,0.584,1.918,-0.310,1.609,-2.081,57.150,41.100,-6.750,30.4
23:19:07.533,23051,-8.301,-0.443,0.821,0.058,1.643,-1.834,57.150,41.100,-6.750,30.7
23:19:07.588,23105,-8.914,-0.711,0.931,0.439,1.470,-1.834,57.150,41.100,-6.750,30.7
23:19:07.641,23159,-8.720,-1.135,0.711,0.472,0.893,-1.475,64.050,26.250,-16.350,30.5
23:19:07.695,23213,-8.392,-3.555,-0.668,-0.071,0.636,-1.121,64.050,26.250,-16.350,30.6
23:19:07.749,23267,-8.765,-4.300,-1.827,-0.153,0.483,-0.815,67.350,18.900,-17.850,30.7
23:19:07.803,23321,-8.894,-5.033,-1.736,0.101,0.129,-0.380,67.350,18.900,-17.850,30.4
23:19:07.857,23375,-8.923,-4.846,-1.650,0.330,-0.180,0.141,67.350,18.900,-17.850,30.2
23:19:07.911,23429,-9.313,-3.711,-0.606,0.328,-0.281,0.543,67.350,18.900,-17.850,30.3
23:19:07.965,23483,-9.213,-3.546,-0.220,0.095,-0.148,0.764,66.600,19.650,-18.150,30.7
23:19:08.020,23537,-9.222,-2.679,-0.124,-0.153,-0.290,1.042,66.600,19.650,-18.150,30.8
23:19:08.073,23591,-8.902,-2.911,-1.089,-0.113,-0.544,1.515,66.600,23.550,-18.900,30.7
23:19:08.127,23645,-8.466,-1.951,-0.986,-0.033,-0.945,2.075,66.600,23.550,-18.900,30.7
23:19:08.181,23699,-8.349,-1.147,-0.802,0.516,-1.133,2.366,65.850,30.450,-15.600,30.6
23:19:08.235,23753,-8.011,0.297,-0.017,0.774,-1.389,2.647,59.250,39.300,-13.800,30.5
23:19:08.289,23807,-7.549,2.686,0.934,0.915,-1.561,3.015,59.250,39.300,-13.800,30.3
23:19:08.343,23861,-6.426,4.654,3.361,0.893,-1.780,3.139,59.250,39.300,-13.800,30.2
23:19:08.397,23915,-5.353,5.775,2.490,0.692,-1.742,3.102,59.250,39.300,-13.800,30.6
23:19:08.451,23969,-3.232,8.698,3.546,0.881,-1.641,2.862,39.300,57.300,-15.150,30.5
23:19:08.506,24023,-1.513,7.472,2.121,0.193,-1.732,2.914,39.300,57.300,-15.150,30.6
23:19:08.559,24077,0.026,10.444,4.451,0.560,-1.676,2.722,27.300,60.000,-19.500,30.5
23:19:08.613,24131,0.819,8.736,1.765,0.426,-1.445,2.487,27.300,60.000,-19.500,30.5
23:19:08.667,24185,1.946,10.702,3.290,0.285,-1.556,2.352,27.300,60.000,-19.500,30.5
23:19:08.722,24239,3.302,10.302,2.875,0.561,-1.290,2.161,27.300,60.000,-19.500,30.7
23:19:08.775,24293,4.652,9.120,1.219,0.801,-1.120,1.912,1.950,53.850,-21.300,30.5
23:19:08.829,24347,5.227,9.359,1.800,1.048,-0.825,2.199,-7.200,50.850,-22.800,30.5
23:19:08.883,24401,6.395,9.795,1.542,1.165,-0.803,1.859,-7.200,50.850,-22.800,30.5
23:19:08.937,24455,6.967,8.935,0.587,1.047,-0.568,1.655,-14.850,43.950,-27.000,30.5
23:19:08.991,24509,7.807,8.200,0.584,0.452,-0.938,1.667,-14.850,43.950,-27.000,30.6
23:19:09.045,24563,7.937,7.360,-0.299,0.361,-0.657,1.336,-19.050,37.200,-28.200,30.7
23:19:09.099,24617,7.523,8.083,-1.156,0.359,-0.554,1.130,-19.050,37.200,-28.200,30.4
23:19:09.153,24671,7.992,7.578,-1.037,0.460,-0.092,0.794,-19.050,37.200,-28.200,30.5
23:19:09.207,24725,7.412,7.029,-0.445,0.403,0.057,0.322,-19.050,37.200,-28.200,30.7
23:19:09.261,24779,7.539,8.064,-0.129,-0.068,0.046,-0.046,-24.000,30.600,-30.450,30.5
23:19:09.315,24833,7.681,7.479,-0.232,-0.050,0.083,-0.310,-24.000,30.600,-30.450,30.3
23:19:09.369,24887,7.695,7.405,-0.318,-0.823,0.288,-0.796,-24.150,31.200,-30.600,30.5
23:19:09.423,24941,7.810,7.721,0.306,-1.313,0.387,-1.144,-23.400,33.600,-28.500,30.5
23:19:09.477,24995,7.626,8.516,0.175,-1.359,0.588,-1.607,-23.400,33.600,-28.500,30.6
23:19:09.532,25049,7.712,7.769,-0.079,-1.265,0.886,-1.773,-17.400,40.950,-25.950,30.6
23:19:09.585,25103,6.869,8.521,1.731,-1.318,1.106,-1.972,-17.400,40.950,-25.950,30.7
23:19:09.639,25157,5.813,9.953,2.710,-1.510,1.241,-2.116,-11.250,46.500,-22.050,30.7
23:19:09.693,25211,5.277,9.313,3.050,-1.549,1.320,-2.243,-11.250,46.500,-22.050,30.6
23:19:09.748,25265,4.302,9.761,4.132,-1.509,1.619,-2.279,2.100,53.700,-19.350,30.2
23:19:09.803,25319,2.303,8.657,4.954,-1.586,1.871,-2.374,2.100,53.700,-19.350,30.5
23:19:09.855,25373,1.334,8.866,5.777,-1.648,1.952,-2.370,14.250,57.300,-11.850,30.6
23:19:09.909,25427,-0.721,6.876,5.222,-1.303,2.131,-2.348,14.250,57.300,-11.850,30.5
23:19:09.963,25481,-1.748,7.178,6.146,-1.147,2.241,-2.351,14.250,57.300,-11.850,30.7
23:19:10.017,25535,-3.788,4.520,4.252,-1.230,2.516,-2.385,14.250,57.300,-11.850,30.5
23:19:10.071,25589,-5.720,4.870,5.049,-0.655,2.255,-2.311,38.700,52.200,-1.050,30.5
23:19:10.125,25643,-6.225,1.791,2.444,-0.464,2.265,-2.272,47.400,45.300,0.150,30.4
23:19:10.179,25697,-7.456,2.181,3.862,-0.245,2.051,-2.048,47.400,45.300,0.150,30.5
23:19:10.233,25751,-7.597,0.498,1.920,-0.022,1.867,-1.829,58.650,37.200,-4.200,30.5
23:19:10.287,25805,-8.322,-0.194,1.700,0.006,1.886,-1.840,58.650,37.200,-4.200,30.7
23:19:10.341,25859,-8.437,-0.479,1.140,0.078,1.614,-1.562,64.050,30.150,-9.450,30.7
23:19:10.395,25913,-8.375,-2.049,0.194,-0.326,1.350,-1.409,64.050,30.150,-9.450,30.4
23:19:10.449,25967,-8.329,-3.007,-0.915,-0.895,1.276,-1.170,64.050,30.150,-9.450,30.4
23:19:10.503,26021,-8.576,-3.199,-1.154,-0.691,1.051,-0.994,64.050,30.150,-9.450,30.7
23:19:10.557,26075,-8.624,-4.551,-3.536,-0.324,0.799,-0.725,67.350,18.150,-20.400,30.5
23:19:10.611,26129,-9.045,-5.037,-3.728,0.412,-0.226,-0.125,67.350,18.150,-20.400,30.5
23:19:10.665,26183,-8.724,-4.456,-2.516,0.602,-0.633,0.599,67.800,14.550,-22.950,30.2
23:19:10.719,26237,-8.871,-4.118,-1.362,0.227,-0.747,0.850,67.800,14.550,-22.950,30.4
23:19:10.774,26291,-8.856,-4.113,-1.712,0.202,-0.703,1.197,67.800,14.550,-22.950,30.6
23:19:10.827,26345,-8.859,-3.065,-0.761,0.529,-0.973,1.531,67.800,23.100,-17.100,30.4
23:19:10.881,26399,-8.622,-1.535,-0.263,0.630,-1.100,1.886,67.800,23.100,-17.100,30.4
23:19:10.936,26453,-8.432,-0.644,-0.589,0.974,-1.038,2.104,62.400,32.550,-13.200,30.5
23:19:10.989,26507,-8.056,0.766,0.804,1.302,-1.122,2.350,62.400,32.550,-13.200,30.5
23:19:11.043,26561,-7.626,2.667,1.472,1.239,-1.219,2.821,58.050,39.000,-12.750,30.6
23:19:11.098,26615,-6.984,4.274,2.504,1.211,-1.438,2.822,58.050,39.000,-12.750,30.6
23:19:11.151,26669,-6.689,5.521,3.357,2.123,-1.415,2.587,50.850,48.900,-15.450,30.4
23:19:11.205,26723,-6.357,9.088,2.883,1.705,-1.456,2.999,50.850,48.900,-15.450,30.2
23:19:11.259,26777,-3.402,5.916,-0.939,2.008,-0.301,2.188,50.850,48.900,-15.450,30.5
23:19:11.313,26831,-2.804,7.968,0.804,1.379,-0.196,2.541,32.400,58.650,-27.000,30.5
23:19:11.367,26885,-1.554,9.584,0.848,0.755,0.312,2.278,32.400,58.650,-27.000,30.5
23:19:11.421,26939,-0.742,9.902,0.045,0.424,-0.351,2.432,21.150,57.600,-31.800,30.5
23:19:11.476,26993,0.800,11.341,0.764,0.263,-0.654,2.596,21.150,57.600,-31.800,30.6
23:19:11.529,27047,1.183,10.669,-0.053,-0.079,-0.663,2.731,10.350,54.900,-31.350,30.4
23:19:11.583,27101,3.235,10.551,0.797,0.184,-0.800,2.487,10.350,54.900,-31.350,30.5
23:19:11.637,27155,4.894,7.776,-0.601,-0.320,-0.988,2.593,-0.600,52.500,-29.250,30.4
23:19:11.691,27209,6.759,9.191,-0.666,0.082,-0.887,2.312,-0.600,52.500,-29.250,30.4
23:19:11.745,27263,6.589,9.297,-0.462,0.156,-0.401,1.923,-0.600,52.500,-29.250,30.7
23:19:11.799,27317,7.180,8.464,0.189,0.304,-0.513,1.826,-0.600,52.500,-29.250,30.6
23:19:11.853,27371,7.441,7.178,-1.638,0.419,-0.359,1.464,-18.300,41.100,-27.600,30.5
23:19:11.907,27425,7.314,7.336,-0.304,0.584,-0.280,1.562,-22.650,35.550,-29.550,30.6
23:19:11.961,27479,8.095,6.053,-1.154,0.896,-0.239,1.124,-22.650,35.550,-29.550,30.3
23:19:12.015,27533,8.633,6.800,-1.113,0.624,0.020,0.776,-22.650,35.550,-29.550,30.7
23:19:12.069,27587,8.492,5.756,-1.578,0.437,0.052,0.371,-22.650,35.550,-29.550,30.6
23:19:12.123,27641,8.255,5.930,-1.595,0.795,0.341,-0.118,-25.200,30.150,-29.850,30.3
23:19:12.177,27695,7.891,6.517,-1.336,-0.176,0.302,-0.624,-25.200,30.150,-29.850,30.2
23:19:12.231,27749,8.042,7.769,-0.582,-0.172,0.193,-1.235,-25.800,31.050,-29.400,30.7
23:19:12.285,27803,7.657,9.266,-1.319,-0.484,0.218,-1.929,-25.800,31.050,-29.400,30.7
23:19:12.340,27857,6.919,7.434,-0.079,-0.746,0.240,-2.116,-24.900,37.050,-28.800,30.5
23:19:12.393,27911,7.405,9.404,-1.822,-1.332,0.508,-2.390,-24.900,37.050,-28.800,30.4
23:19:12.447,27965,6.981,10.233,-1.286,-0.892,0.781,-2.698,-16.350,43.650,-27.300,30.5
23:19:12.501,28019,6.079,9.893,-0.328,-0.669,0.784,-2.957,-16.350,43.650,-27.300,30.7
23:19:12.555,28073,5.013,11.073,0.105,-0.884,1.193,-3.095,-16.350,43.650,-27.300,30.5
23:19:12.610,28127,2.677,9.919,1.978,-0.789,1.304,-3.257,7.050,52.500,-27.000,30.3
23:19:12.665,28181,0.910,10.092,1.946,-1.091,1.268,-3.256,7.050,52.500,-27.000,30.6
23:19:12.717,28235,-1.190,9.792,1.954,-0.872,1.110,-3.230,22.500,57.750,-26.400,30.5
23:19:12.772,28289,-2.447,9.182,2.732,-1.393,1.207,-3.380,22.500,57.750,-26.400,30.4
23:19:12.825,28343,-4.834,7.475,2.545,-1.928,1.225,-3.435,36.750,57.150,-21.450,30.6
23:19:12.880,28397,-6.182,5.188,1.956,-1.490,1.198,-3.446,36.750,57.150,-21.450,30.5
23:19:12.937,28451,-6.864,2.837,1.197,-0.970,1.216,-3.062,50.100,48.900,-11.100,30.4
23:19:12.987,28505,-7.319,1.662,1.707,-0.299,1.176,-2.673,50.100,48.900,-11.100,30.7
23:19:13.041,28559,-7.563,-0.160,1.475,0.102,0.988,-2.422,59.550,41.250,-10.200,30.5
23:19:13.095,28613,-7.714,-0.038,1.700,-0.066,0.814,-2.334,59.550,41.250,-10.200,30.2
23:19:13.149,28667,-8.205,-1.549,1.013,0.151,0.682,-1.923,63.450,29.100,-12.150,30.6
23:19:13.203,28721,-8.219,-2.085,0.730,0.068,0.567,-1.689,66.600,22.350,-14.550,30.7
23:19:13.257,28775,-8.562,-3.438,0.682,0.311,0.435,-1.440,66.600,22.350,-14.550,30.7
23:19:13.311,28829,-8.540,-3.972,0.687,0.373,0.479,-1.339,66.600,22.350,-14.550,30.6
23:19:13.367,28883,-8.174,-5.521,-0.031,-0.017,0.378,-0.917,66.600,22.350,-14.550,30.7
23:19:13.422,28937,-8.308,-7.501,-1.259,-0.606,-0.189,-0.226,66.300,12.300,-17.850,30.3
23:19:13.475,28991,-8.205,-5.835,-0.069,-0.457,-0.434,0.588,66.300,12.300,-17.850,30.7
23:19:13.527,29045,-8.564,-5.567,-0.086,-0.147,-0.476,1.070,66.600,13.800,-16.350,30.4
23:19:13.582,29099,-8.224,-4.319,0.364,0.455,-0.530,1.498,66.600,13.800,-16.350,30.3
23:19:13.635,29153,-8.188,-3.122,0.960,0.863,-0.483,1.966,65.400,19.050,-15.900,30.7
23:19:13.689,29207,-8.054,-2.270,0.694,1.182,-0.414,2.260,65.400,19.050,-15.900,30.5
23:19:13.743,29261,-8.059,-1.250,0.299,1.503,-0.182,2.636,65.100,27.000,-14.250,30.7
23:19:13.797,29315,-7.997,0.314,1.176,1.643,-0.082,2.960,65.100,27.000,-14.250,30.5
23:19:13.851,29369,-7.503,3.053,0.910,0.878,-0.137,3.725,65.100,27.000,-14.250,30.5
23:19:13.905,29423,-6.859,4.175,2.351,1.078,-0.168,3.461,54.000,49.500,-23.400,30.5
23:19:13.959,29477,-4.786,5.962,0.429,1.313,-0.089,3.302,54.000,49.500,-23.400,30.5
23:19:14.013,29531,-4.508,9.567,2.435,0.852,0.113,3.246,40.350,54.600,-30.450,30.0
23:19:14.067,29585,-1.867,10.937,-2.095,1.486,0.639,2.915,40.350,54.600,-30.450,30.4
23:19:14.121,29639,-1.484,7.800,0.907,0.554,0.338,3.202,28.050,55.050,-36.000,30.4
23:19:14.175,29693,0.685,11.303,-1.860,0.850,0.541,2.981,28.050,55.050,-36.000,30.4
23:19:14.229,29747,2.502,9.048,-2.243,0.041,0.070,2.934,14.250,51.900,-35.550,30.4
23:19:14.283,29801,2.636,12.048,-1.681,0.450,0.132,2.728,14.250,51.900,-35.550,30.4
23:19:14.338,29855,3.213,9.256,-2.507,0.077,0.196,2.526,2.400,49.950,-32.250,30.5
23:19:14.395,29909,5.112,10.975,-1.290,0.443,-0.075,2.414,-8.850,46.650,-29.850,30.6
23:19:14.449,29963,5.677,9.309,-3.036,0.292,-0.123,2.113,-8.850,46.650,-29.850,30.7
23:19:14.499,30017,5.897,8.155,-2.198,0.932,0.004,2.022,-15.450,41.550,-27.900,30.3
23:19:14.553,30071,6.589,8.358,-2.514,0.542,-0.124,1.936,-15.450,41.550,-27.900,30.2
23:19:14.607,30125,8.260,5.514,-3.591,0.459,-0.036,1.582,-15.450,41.550,-27.900,30.7
23:19:14.661,30179,6.716,7.171,-2.586,0.169,0.284,1.107,-15.450,41.550,-27.900,30.5
23:19:14.715,30233,8.085,6.577,-2.454,-0.017,0.345,0.879,-25.050,30.300,-27.900,30.4
23:19:14.769,30287,7.341,7.257,-2.715,0.154,0.254,0.442,-25.050,30.300,-27.900,30.5
23:19:14.823,30341,7.499,6.019,-2.588,0.226,0.133,0.072,-25.050,26.400,-27.600,30.5
23:19:14.877,30395,7.764,7.444,-2.370,-0.427,-0.026,-0.302,-25.050,26.400,-27.600,30.7
23:19:14.931,30449,7.796,7.041,-2.500,-1.082,-0.107,-0.841,-25.650,28.500,-25.200,30.7
23:19:14.985,30503,7.989,7.001,-1.846,-1.536,-0.217,-1.466,-24.150,31.950,-26.250,30.4
23:19:15.040,30557,7.961,8.715,-2.172,-1.408,0.001,-1.830,-24.150,31.950,-26.250,30.5
23:19:15.094,30611,7.142,8.792,-1.499,-1.855,0.146,-2.260,-24.150,31.950,-26.250,30.4
23:19:15.147,30665,6.788,9.752,-0.438,-1.889,0.227,-2.676,-24.150,31.950,-26.250,30.4
23:19:15.201,30719,6.155,10.558,0.488,-1.772,0.603,-2.781,-9.450,44.550,-21.750,30.7
23:19:15.255,30773,5.274,9.886,0.105,-1.296,0.873,-2.938,-9.450,44.550,-21.750,30.7
23:19:15.309,30827,3.634,10.862,1.944,-0.878,1.201,-2.970,1.050,48.300,-22.650,30.7
23:19:15.363,30881,2.397,9.993,1.958,-0.942,1.259,-3.023,1.050,48.300,-22.650,30.6
23:19:15.417,30935,0.395,10.369,3.206,-1.398,1.174,-3.094,15.900,55.950,-25.950,30.7
23:19:15.471,30989,-1.599,8.425,3.134,-1.486,1.169,-3.205,15.900,55.950,-25.950,30.4
23:19:15.525,31043,-3.893,7.142,3.476,-1.311,1.220,-3.288,31.200,62.550,-20.400,30.5
23:19:15.579,31097,-5.145,5.277,3.290,-1.053,1.334,-3.120,31.200,62.550,-20.400,30.5
23:19:15.633,31151,-5.873,4.417,3.017,-0.610,1.120,-2.645,31.200,62.550,-20.400,30.5
23:19:15.688,31205,-6.584,2.959,2.112,-0.487,1.042,-2.393,52.050,47.850,-6.450,30.5
23:19:15.741,31259,-7.257,1.841,2.693,-0.554,0.703,-2.043,52.050,47.850,-6.450,30.4
23:19:15.796,31313,-7.728,0.345,1.269,-0.528,0.782,-1.717,57.900,38.400,-7.800,30.7
23:19:15.850,31367,-8.598,-0.407,1.920,-0.569,0.660,-1.743,57.900,38.400,-7.800,30.7
23:19:15.903,31421,-9.146,-1.583,1.700,-0.623,0.629,-1.491,57.900,38.400,-7.800,30.6
23:19:15.957,31475,-9.167,-2.066,1.403,-0.347,0.525,-1.401,57.900,38.400,-7.800,30.2
23:19:16.011,31529,-9.036,-2.708,0.962,-0.106,0.391,-0.875,64.650,24.150,-6.750,30.5
23:19:16.065,31583,-9.048,-3.943,0.673,0.278,0.327,-0.557,64.650,24.150,-6.750,30.4
23:19:16.119,31637,-9.012,-4.214,0.601,0.709,0.068,0.012,65.400,21.450,-9.600,30.4
23:19:16.173,31691,-9.199,-3.486,0.081,1.040,0.046,0.478,65.400,21.450,-9.600,30.4
23:19:16.227,31745,-9.629,-3.469,0.453,1.345,-0.058,0.944,65.850,21.900,-11.250,30.5
23:19:16.281,31799,-9.237,-2.399,1.125,1.454,-0.272,1.256,67.200,28.350,-10.350,30.7
23:19:16.336,31853,-8.904,-1.800,1.049,1.332,-0.367,1.644,67.200,28.350,-10.350,30.4
23:19:16.389,31907,-8.629,-0.469,1.252,1.156,-0.521,2.000,67.200,28.350,-10.350,30.2
23:19:16.443,31961,-8.286,0.352,2.512,1.110,-0.606,2.160,67.200,28.350,-10.350,30.2
23:19:16.497,32015,-7.051,2.875,1.894,1.248,-0.720,2.393,58.050,41.250,-14.550,30.5
23:19:16.551,32069,-6.728,3.364,3.706,0.763,-0.858,2.666,58.050,41.250,-14.550,30.5
23:19:16.607,32123,-5.483,6.515,2.914,0.612,-0.616,3.162,51.750,48.600,-17.850,30.6
23:19:16.659,32177,-4.228,5.083,1.954,0.428,-0.648,3.253,51.750,48.600,-17.850,30.5
23:19:16.713,32231,-2.885,8.880,1.858,0.114,-1.308,3.092,39.000,55.200,-20.700,30.5
23:19:16.767,32285,-1.434,9.352,3.402,0.699,-1.104,2.831,39.000,55.200,-20.700,30.7
23:19:16.822,32339,1.336,9.902,-0.256,0.047,-1.045,2.864,27.300,58.500,-21.000,30.6
23:19:16.875,32393,1.192,12.040,3.036,0.958,-0.654,2.422,27.300,58.500,-21.000,30.2
23:19:16.929,32447,1.903,9.641,0.539,1.126,-0.500,2.125,27.300,58.500,-21.000,30.2
23:19:16.983,32501,2.883,10.678,1.410,1.104,-0.290,2.054,3.150,52.350,-22.350,30.7
23:19:17.037,32555,3.840,10.400,1.097,1.383,0.112,2.018,3.150,52.350,-22.350,30.7
23:19:17.091,32609,3.883,9.890,2.442,0.537,-0.555,1.802,-6.000,49.650,-24.600,30.7
23:19:17.146,32663,4.906,9.943,0.323,0.696,-0.589,1.602,-6.000,49.650,-24.600,30.2
23:19:17.199,32717,6.033,8.610,-0.175,1.005,-0.331,1.628,-6.000,49.650,-24.600,30.6
23:19:17.254,32771,6.764,8.674,-0.776,1.292,-0.159,1.121,-6.000,49.650,-24.600,30.5
23:19:17.307,32825,7.123,4.958,-2.188,1.610,0.091,1.462,-18.900,42.450,-27.300,30.5
23:19:17.362,32879,7.489,9.266,0.120,1.465,0.222,1.137,-18.900,42.450,-27.300,30.2
23:19:17.415,32933,7.951,5.377,-2.140,1.220,0.239,0.977,-21.300,36.450,-26.850,30.2
23:19:17.469,32987,6.929,7.556,-1.405,0.392,0.054,0.940,-24.150,31.950,-29.250,30.5
23:19:17.523,33041,7.678,4.843,-3.709,0.586,0.383,0.124,-24.150,31.950,-29.250,30.5
23:19:17.577,33095,7.618,8.389,-2.794,-1.193,0.216,-0.021,-23.400,31.200,-27.300,30.7
23:19:17.631,33149,6.778,6.986,-1.798,-1.078,-0.136,-0.380,-23.400,31.200,-27.300,30.7
23:19:17.685,33203,7.549,8.408,-2.291,-1.455,-0.075,-0.496,-23.400,31.200,-27.300,30.6
23:19:17.739,33257,7.120,6.287,-0.929,-1.067,0.006,-1.090,-23.400,31.200,-27.300,30.6
23:19:17.793,33311,7.365,8.009,-0.230,-1.337,-0.136,-1.316,-24.750,37.650,-24.900,30.5
23:19:17.847,33365,7.099,8.562,0.342,-1.417,0.200,-1.443,-24.750,37.650,-24.900,30.4
23:19:17.901,33419,6.914,8.045,0.311,-1.555,0.362,-1.813,-21.300,42.600,-24.300,30.4
23:19:17.955,33473,5.643,9.357,1.712,-1.805,0.580,-1.956,-21.300,42.600,-24.300,30.5
23:19:18.010,33527,5.267,10.233,2.392,-1.600,0.991,-2.103,-12.900,46.350,-20.100,30.5
23:19:18.064,33581,4.118,10.386,3.701,-1.805,1.197,-2.161,-12.900,46.350,-20.100,30.5
23:19:18.117,33635,3.239,8.756,3.251,-2.050,1.180,-2.266,-2.850,49.800,-16.350,30.6
23:19:18.175,33689,2.014,9.306,4.992,-1.995,1.564,-2.311,-2.850,49.800,-16.350,30.7
23:19:18.225,33743,1.542,8.653,5.021,-2.083,1.984,-2.274,-2.850,49.800,-16.350,30.6
23:19:18.279,33797,-0.371,8.521,7.324,-2.105,2.189,-2.378,25.500,56.250,-7.350,30.6
23:19:18.333,33851,-2.801,6.220,6.467,-1.647,2.495,-2.330,25.500,56.250,-7.350,30.5
23:19:18.387,33905,-4.434,4.123,6.689,-1.304,2.411,-2.206,37.200,51.750,1.800,30.4
23:19:18.441,33959,-5.385,2.495,4.472,-0.959,2.388,-1.899,37.200,51.750,1.800,30.6
23:19:18.495,34013,-6.749,0.929,3.974,-0.449,2.150,-1.855,37.200,51.750,1.800,30.3
23:19:18.549,34067,-7.075,-0.285,3.704,-0.522,1.837,-1.440,37.200,51.750,1.800,30.6
23:19:18.603,34121,-7.863,0.290,2.866,-0.156,1.714,-1.502,55.050,36.600,1.050,30.7
23:19:18.657,34175,-8.461,-1.343,2.028,0.053,1.642,-1.323,55.050,36.600,1.050,30.4
23:19:18.712,34229,-8.990,-1.755,1.468,0.252,1.557,-1.236,61.950,29.550,-3.450,30.7
23:19:18.765,34283,-9.050,-2.219,0.599,0.251,1.533,-1.244,64.950,25.200,-8.850,30.7
23:19:18.819,34337,-8.873,-2.444,0.065,-0.040,1.215,-1.020,64.950,25.200,-8.850,30.4
23:19:18.873,34391,-8.990,-3.373,-0.512,-0.194,0.801,-0.656,67.200,19.800,-13.950,30.5
23:19:18.927,34445,-8.916,-4.343,-2.370,-0.143,0.334,-0.189,67.200,19.800,-13.950,30.6
23:19:18.981,34499,-9.088,-4.070,-2.133,0.257,-0.402,0.518,67.200,19.800,-13.950,30.7
23:19:19.035,34553,-9.440,-3.859,-1.425,0.519,-0.756,0.859,67.200,19.800,-13.950,30.5
23:19:19.089,34607,-9.397,-2.962,-0.781,0.458,-1.108,1.077,67.050,22.800,-14.850,30.7
23:19:19.143,34661,-9.352,-1.978,0.247,0.282,-1.393,1.211,67.050,22.800,-14.850,30.5
23:19:19.197,34715,-9.029,-1.810,0.596,0.229,-1.657,1.342,65.700,27.600,-7.800,30.7
23:19:19.251,34769,-8.607,-0.649,0.680,0.609,-1.866,1.519,65.700,27.600,-7.800,30.4
23:19:19.305,34823,-7.772,0.098,1.551,1.117,-1.927,1.648,61.800,34.350,-4.350,30.2
23:19:19.359,34877,-6.752,2.109,3.704,1.575,-2.054,2.091,54.000,41.700,-2.850,30.2
23:19:19.413,34931,-5.693,3.225,5.176,1.256,-2.020,2.618,54.000,41.700,-2.850,30.4
23:19:19.467,34985,-4.199,4.841,5.353,1.401,-1.984,2.660,54.000,41.700,-2.850,30.5
23:19:19.521,35039,-2.849,5.581,4.535,0.603,-1.978,2.798,54.000,41.700,-2.850,30.6
23:19:19.575,35093,-1.286,8.305,6.744,1.012,-2.115,2.397,32.400,56.400,-8.400,30.7
23:19:19.629,35147,-0.031,6.359,5.751,0.911,-1.912,2.127,32.400,56.400,-8.400,30.4
23:19:19.683,35201,1.542,10.920,6.371,0.255,-2.118,2.180,18.300,56.550,-9.600,30.7
23:19:19.737,35255,1.456,10.034,5.677,1.723,-1.235,2.023,18.300,56.550,-9.600,30.5
23:19:19.791,35309,5.102,8.303,2.753,0.861,-1.586,1.651,18.300,56.550,-9.600,30.2
23:19:19.845,35363,4.293,9.445,5.107,1.507,-1.048,1.827,18.300,56.550,-9.600,30.5
23:19:19.899,35417,4.925,9.656,4.113,1.029,-0.942,1.422,-5.400,49.200,-15.450,30.5
23:19:19.954,35471,5.756,8.624,2.274,0.682,-0.932,1.394,-12.750,46.950,-17.700,30.7
23:19:20.007,35525,6.117,8.966,3.864,0.417,-1.123,1.381,-12.750,46.950,-17.700,30.7
23:19:20.063,35579,6.395,8.808,1.879,0.534,-0.938,1.117,-20.100,42.450,-20.100,30.5
23:19:20.115,35633,6.694,8.092,1.954,0.453,-1.139,1.228,-20.100,42.450,-20.100,30.6
23:19:20.169,35687,7.563,6.656,-0.395,0.324,-0.998,1.235,-23.550,39.600,-23.850,30.7
23:19:20.223,35741,8.497,5.574,-0.294,0.365,-0.573,0.832,-23.550,39.600,-23.850,30.4
23:19:20.277,35795,8.339,6.091,-0.347,0.030,-0.484,0.725,-23.550,39.600,-23.850,30.5
23:19:20.331,35849,8.777,6.486,-0.053,0.480,0.013,0.383,-23.550,39.600,-23.850,30.5
23:19:20.385,35903,8.971,6.464,0.802,0.240,0.338,0.208,-27.000,32.550,-28.200,30.6
23:19:20.439,35957,7.896,6.112,-0.081,-0.507,0.139,-0.135,-27.000,32.550,-28.200,30.5
23:19:20.493,36011,6.929,8.404,3.007,-1.090,0.409,-0.448,-27.000,31.800,-27.900,30.7
23:19:20.547,36065,8.349,9.052,0.591,-1.405,0.557,-1.120,-27.450,34.350,-24.450,30.5
23:19:20.601,36119,8.282,7.638,2.763,-1.541,1.008,-1.391,-27.450,34.350,-24.450,30.5
23:19:20.655,36173,8.310,8.047,2.265,-1.555,1.364,-1.675,-23.250,40.650,-18.450,30.5
23:19:20.709,36227,7.374,8.574,4.156,-1.370,1.873,-2.000,-23.250,40.650,-18.450,30.5
23:19:20.763,36281,6.610,8.995,4.669,-1.293,2.138,-2.198,-13.500,46.500,-12.900,30.4
23:19:20.817,36335,5.069,7.891,5.622,-1.175,2.115,-2.347,-13.500,46.500,-12.900,30.4
23:19:20.871,36389,4.724,8.047,4.630,-0.700,2.289,-2.331,1.800,51.000,-8.400,30.7
23:19:20.925,36443,2.222,7.678,5.801,-0.445,2.272,-2.481,1.800,51.000,-8.400,30.4
23:19:20.979,36497,0.570,7.513,6.584,-0.510,2.511,-2.447,16.500,53.850,-6.000,30.5
23:19:21.033,36551,-2.289,7.329,6.163,-0.441,2.449,-2.603,16.500,53.850,-6.000,30.5
23:19:21.091,36605,-3.002,5.942,4.745,-0.489,2.298,-2.399,16.500,53.850,-6.000,30.5
23:19:21.141,36659,-5.274,4.937,4.719,-0.584,2.208,-2.402,16.500,53.850,-6.000,30.5
23:19:21.195,36713,-6.950,3.474,4.992,-0.329,1.895,-2.261,44.250,51.300,-5.850,30.4
23:19:21.249,36767,-7.503,1.156,1.657,0.105,1.665,-2.194,55.050,45.600,-7.950,30.4
23:19:21.303,36821,-8.317,1.879,2.744,0.805,1.560,-2.243,55.050,45.600,-7.950,30.5
23:19:21.358,36875,-8.064,0.792,1.377,0.699,1.119,-1.814,60.300,38.250,-12.000,30.4
23:19:21.412,36929,-8.076,-0.065,1.204,0.626,1.024,-1.689,60.300,38.250,-12.000,30.5
23:19:21.465,36983,-8.485,0.156,1.616,-0.064,0.632,-1.213,64.800,31.650,-17.100,30.7
23:19:21.519,37037,-8.495,-1.101,1.183,-0.455,0.707,-0.914,64.800,31.650,-17.100,30.5
23:19:21.573,37091,-9.227,-2.143,1.353,-0.691,0.566,-0.849,64.800,31.650,-17.100,30.5
23:19:21.627,37145,-9.347,-1.877,-0.548,-0.845,0.451,-0.449,64.800,31.650,-17.100,30.6
23:19:21.681,37199,-9.962,-2.849,-0.359,-0.329,0.293,-0.446,67.200,25.650,-18.450,30.1
23:19:21.735,37253,-10.001,-4.034,-1.080,-0.062,0.152,-0.216,67.200,25.650,-18.450,30.5
23:19:21.789,37307,-9.890,-3.457,-0.754,0.037,-0.097,0.041,67.950,22.950,-21.000,30.4
23:19:21.843,37361,-9.031,-3.883,-0.840,0.001,-0.531,0.672,67.950,22.950,-21.000,30.5
23:19:21.897,37415,-8.880,-2.638,0.036,-0.037,-0.808,0.948,67.950,22.950,-21.000,30.7
23:19:21.951,37469,-8.602,-1.901,0.283,0.092,-1.115,1.461,67.200,27.900,-16.200,30.4
23:19:22.005,37523,-8.303,-1.664,0.433,0.381,-1.237,1.775,67.200,27.900,-16.200,30.5
23:19:22.059,37577,-8.100,-0.776,0.895,0.590,-1.285,2.222,64.350,34.800,-13.500,30.6
23:19:22.117,37631,-7.877,1.116,2.200,1.071,-1.257,2.639,64.350,34.800,-13.500,30.4
23:19:22.167,37685,-7.029,3.766,2.974,1.450,-1.218,3.099,58.800,45.150,-13.800,30.3
23:19:22.221,37739,-5.892,3.754,3.476,2.406,-0.956,2.903,58.800,45.150,-13.800,30.7
23:19:22.275,37793,-4.884,6.522,2.497,1.808,-0.602,3.046,48.900,52.650,-18.750,30.5
23:19:22.329,37847,-2.459,8.131,0.972,2.324,-0.154,2.631,48.900,52.650,-18.750,30.7
23:19:22.383,37901,-2.291,8.940,1.460,1.021,-0.212,2.969,48.900,52.650,-18.750,30.4
23:19:22.437,37955,-0.086,10.862,0.991,1.087,-0.072,2.833,23.550,54.600,-28.650,30.7
23:19:22.491,38009,0.989,10.084,-0.766,0.041,-0.200,2.843,23.550,54.600,-28.650,30.2
23:19:22.545,38063,2.054,11.492,0.730,-0.025,-0.488,2.582,10.800,52.500,-27.300,30.5
23:19:22.599,38117,2.658,10.987,-1.293,0.051,-0.384,2.026,10.800,52.500,-27.300,30.2
23:19:22.653,38171,2.770,11.978,-0.215,-0.042,-0.423,2.175,0.450,49.950,-22.800,30.5
23:19:22.707,38225,3.749,9.804,0.347,0.139,-0.452,1.846,0.450,49.950,-22.800,30.6
23:19:22.761,38279,4.520,10.470,0.498,-0.117,-0.849,1.975,-9.450,47.250,-22.050,30.5
23:19:22.815,38333,5.681,8.985,-0.108,-0.267,-0.763,1.639,-9.450,47.250,-22.050,30.5
23:19:22.869,38387,5.811,8.712,0.266,-0.085,-0.728,1.532,-9.450,47.250,-22.050,30.4
23:19:22.923,38441,7.015,8.253,0.742,-0.345,-0.836,1.406,-9.450,47.250,-22.050,30.6
23:19:22.977,38495,7.558,8.073,-0.412,-0.160,-0.594,0.839,-21.300,38.850,-23.550,30.6
23:19:23.031,38549,7.513,7.312,-0.742,0.132,-0.191,0.683,-24.150,36.300,-23.400,30.7
23:19:23.085,38603,7.211,7.266,0.438,-0.040,0.018,0.346,-24.150,36.300,-23.400,30.4
23:19:23.139,38657,7.058,7.140,0.536,-0.173,0.166,0.205,-24.150,36.300,-23.400,30.4
23:19:23.193,38711,6.697,7.381,0.907,-0.238,0.158,-0.127,-24.150,36.300,-23.400,30.6
23:19:23.247,38765,7.468,7.264,0.232,-0.471,0.148,-0.245,-25.650,35.100,-24.750,30.5
23:19:23.301,38819,7.671,7.697,0.376,-0.667,0.397,-0.703,-25.650,35.100,-24.750,30.4
23:19:23.355,38873,7.796,8.085,0.745,-0.738,0.782,-0.865,-23.550,37.650,-22.050,30.5
23:19:23.409,38927,7.046,9.012,1.803,-0.779,0.769,-1.272,-23.550,37.650,-22.050,30.5
23:19:23.463,38981,7.080,8.945,1.911,-1.077,1.027,-1.781,-21.150,43.200,-17.850,30.8
23:19:23.517,39035,5.930,8.902,2.986,-1.220,0.952,-2.079,-21.150,43.200,-17.850,30.5
23:19:23.571,39089,5.064,9.467,3.089,-1.199,1.187,-2.173,-14.100,47.100,-14.550,30.2
23:19:23.625,39143,3.958,9.658,3.883,-0.870,1.282,-2.277,-14.100,47.100,-14.550,30.5
23:19:23.679,39197,2.768,10.132,4.415,-0.764,1.461,-2.214,-14.100,47.100,-14.550,30.6
23:19:23.733,39251,1.932,8.681,4.398,-0.958,1.397,-2.259,11.100,53.700,-12.300,30.4
23:19:23.787,39305,0.079,8.514,5.459,-1.096,1.421,-2.300,11.100,53.700,-12.300,30.4
23:19:23.841,39359,-1.477,7.954,5.567,-0.831,1.460,-2.494,23.100,55.650,-10.950,30.8
23:19:23.895,39413,-2.816,7.259,4.247,-0.841,1.532,-2.279,23.100,55.650,-10.950,30.5
23:19:23.949,39467,-3.407,6.613,4.745,-0.621,1.447,-2.146,34.950,55.650,-7.650,30.5
23:19:24.003,39521,-4.982,4.925,4.111,-0.387,1.697,-1.932,34.950,55.650,-7.650,30.7
23:19:24.057,39575,-6.129,5.078,4.810,-0.602,1.305,-1.785,44.850,51.150,-7.050,30.4
23:19:24.111,39629,-6.981,3.644,4.458,-0.466,1.373,-1.474,44.850,51.150,-7.050,30.6
23:19:24.165,39683,-7.377,2.605,3.891,-0.571,1.245,-1.524,44.850,51.150,-7.050,30.5
23:19:24.219,39737,-8.080,1.611,3.359,-0.710,1.209,-1.416,44.850,51.150,-7.050,30.4
23:19:24.273,39791,-8.667,1.468,2.971,-0.652,1.075,-1.401,55.950,41.100,-6.750,30.4
23:19:24.327,39845,-9.041,0.520,1.633,-0.239,1.133,-1.344,61.350,35.550,-9.750,30.4
23:19:24.381,39899,-9.385,0.057,1.458,-0.138,1.071,-1.436,61.350,35.550,-9.750,30.7
23:19:24.435,39953,-8.978,-0.855,1.030,-0.026,1.030,-1.357,65.400,28.800,-12.600,30.6
23:19:24.489,40007,-8.792,-1.381,0.584,-0.094,0.960,-1.285,65.400,28.800,-12.600,30.7
23:19:24.543,40061,-8.727,-2.605,-0.251,-0.228,0.908,-0.997,66.000,23.700,-15.150,30.2
23:19:24.597,40115,-9.062,-3.045,-0.855,-0.145,0.653,-0.841,66.000,23.700,-15.150,30.5
23:19:24.651,40169,-9.098,-4.312,-1.518,-0.032,0.359,-0.532,66.000,23.700,-15.150,30.4
23:19:24.705,40223,-8.940,-5.327,-2.782,0.101,-0.162,0.226,66.000,23.700,-15.150,30.4
23:19:24.760,40277,-8.887,-4.992,-1.614,0.392,-0.661,0.852,66.600,20.100,-19.350,30.5
23:19:24.813,40331,-8.428,-3.764,-0.740,0.642,-1.139,1.519,66.600,20.100,-19.350,30.7
23:19:24.868,40385,-8.346,-2.717,-0.192,0.656,-1.357,1.976,68.850,23.550,-16.800,30.7
23:19:24.921,40439,-8.363,-1.779,1.305,0.562,-1.537,2.371,64.950,31.800,-11.400,30.6
23:19:24.975,40493,-7.930,0.941,1.544,0.822,-1.715,2.923,64.950,31.800,-11.400,30.4
23:19:25.029,40547,-7.061,3.074,2.811,1.154,-1.715,2.947,58.650,43.800,-9.300,30.5
23:19:25.083,40601,-5.796,4.448,2.586,1.430,-1.648,3.208,58.650,43.800,-9.300,30.7
23:19:25.137,40655,-4.848,5.466,4.365,0.840,-1.184,2.987,58.650,43.800,-9.300,30.5
23:19:25.194,40709,-3.060,9.711,3.156,0.831,-0.984,3.079,58.650,43.800,-9.300,30.5
23:19:25.248,40763,-2.140,7.609,2.761,0.843,-0.617,2.553,36.000,57.600,-18.150,30.6
23:19:25.300,40817,-1.535,10.944,4.537,0.547,-1.136,2.482,36.000,57.600,-18.150,30.7
23:19:25.355,40871,-0.091,9.646,2.794,0.555,-0.890,2.282,24.450,58.650,-20.100,30.7
23:19:25.407,40925,0.488,9.924,3.359,-0.026,-1.149,2.265,24.450,58.650,-20.100,30.3
23:19:25.461,40979,1.906,10.580,3.424,-0.325,-1.060,2.457,24.450,58.650,-20.100,30.4
23:19:25.516,41033,2.964,10.367,3.840,-0.517,-1.207,1.895,-1.950,51.150,-16.200,30.4
23:19:25.569,41087,3.675,8.926,3.972,-0.337,-1.313,1.662,-1.950,51.150,-16.200,30.5
23:19:25.623,41141,4.915,8.389,3.515,-0.340,-1.555,1.513,-13.950,47.700,-18.000,30.7
23:19:25.677,41195,6.879,8.272,1.779,-0.009,-1.453,1.453,-13.950,47.700,-18.000,30.5
23:19:25.731,41249,6.536,7.889,2.504,0.351,-1.156,1.285,-20.100,43.650,-17.850,30.5
23:19:25.785,41303,7.606,6.996,0.962,0.834,-0.980,0.946,-20.100,43.650,-17.850,30.7
23:19:25.839,41357,7.377,7.104,1.135,0.962,-0.496,0.826,-23.100,38.550,-20.700,30.8
23:19:25.893,41411,7.276,7.403,1.800,0.310,-0.559,0.667,-23.100,38.550,-20.700,30.4
23:19:25.947,41465,7.300,7.175,2.480,0.199,-0.603,0.505,-23.100,38.550,-20.700,30.5
23:19:26.001,41519,8.167,7.247,0.541,-0.155,-0.343,0.282,-23.100,38.550,-20.700,30.2
23:19:26.055,41573,7.879,8.289,2.418,-0.515,0.114,0.061,-25.200,36.300,-22.650,30.5
23:19:26.109,41627,8.025,8.255,2.270,-1.045,0.784,-0.693,-25.200,36.300,-22.650,30.5
23:19:26.163,41681,6.761,8.363,4.065,-1.176,0.858,-1.175,-27.000,35.700,-22.350,30.7
23:19:26.217,41735,7.470,9.531,3.445,-1.134,1.387,-1.688,-21.600,40.200,-17.550,30.7
23:19:26.271,41789,6.699,9.127,4.465,-1.351,1.665,-2.048,-21.600,40.200,-17.550,30.5
23:19:26.325,41843,6.472,9.369,5.143,-1.540,1.951,-2.276,-12.900,43.650,-13.050,30.7
23:19:26.379,41897,4.870,8.940,5.516,-1.641,2.109,-2.391,-12.900,43.650,-13.050,30.5
23:19:26.433,41951,3.402,8.504,6.668,-1.531,2.263,-2.341,-12.900,43.650,-13.050,30.2
23:19:26.487,42005,2.650,7.209,6.261,-1.206,2.369,-2.417,-12.900,43.650,-13.050,30.2
23:19:26.541,42059,0.711,7.276,7.451,-1.008,2.393,-2.420,17.250,53.550,-3.450,30.5
23:19:26.595,42113,-0.848,5.873,6.163,-0.877,2.503,-2.342,17.250,53.550,-3.450,30.5
23:19:26.649,42167,-2.995,4.343,7.061,-0.830,2.513,-2.457,32.700,52.500,1.050,30.7
23:19:26.704,42221,-4.944,3.357,5.895,-1.231,2.414,-2.255,32.700,52.500,1.050,30.6
23:19:26.757,42275,-5.830,1.346,4.125,-0.819,2.381,-2.088,44.850,46.500,1.950,30.7
23:19:26.811,42329,-6.816,0.453,3.376,-0.233,2.264,-1.778,55.500,36.600,1.350,30.7
23:19:26.865,42383,-7.501,-0.733,2.902,-0.046,1.873,-1.349,55.500,36.600,1.350,30.4
23:19:26.919,42437,-8.313,-0.917,2.133,0.524,1.424,-1.076,55.500,36.600,1.350,30.1
23:19:26.973,42491,-8.808,-1.516,1.518,0.641,1.141,-0.787,55.500,36.600,1.350,30.5
23:19:27.027,42545,-9.455,-1.523,1.336,0.555,0.881,-0.685,65.850,27.750,-8.400,30.5
23:19:27.081,42599,-9.510,-2.083,0.716,0.504,0.671,-0.647,65.850,27.750,-8.400,30.7
23:19:27.135,42653,-9.589,-2.085,0.350,0.148,0.472,-0.432,65.100,27.750,-12.300,30.5
23:19:27.189,42707,-9.713,-2.473,0.347,-0.081,0.309,-0.182,65.100,27.750,-12.300,30.5
23:19:27.243,42761,-9.414,-2.703,-0.163,-0.314,0.133,0.212,67.050,25.500,-13.800,30.5
23:19:27.297,42815,-9.517,-2.674,0.010,-0.364,-0.223,0.499,67.050,25.500,-13.800,30.2
23:19:27.351,42869,-9.503,-2.215,0.122,-0.299,-0.525,0.791,65.700,25.650,-13.650,30.5
23:19:27.405,42923,-9.390,-1.923,0.101,-0.047,-0.746,0.994,65.700,25.650,-13.650,30.2
23:19:27.459,42977,-9.141,-1.362,0.443,0.423,-0.932,1.246,65.700,25.650,-13.650,30.5
23:19:27.515,43031,-8.957,-0.852,1.480,0.681,-1.181,1.515,64.200,32.250,-10.350,30.5
23:19:27.567,43085,-8.413,1.104,1.762,1.047,-1.365,1.902,64.200,32.250,-10.350,30.5
23:19:27.621,43139,-7.532,1.877,2.459,1.332,-1.292,2.239,58.200,41.850,-7.800,30.4
23:19:27.675,43193,-6.534,4.985,4.025,1.302,-1.423,2.584,58.200,41.850,-7.800,30.6
23:19:27.729,43247,-5.456,5.990,4.207,1.308,-1.063,2.510,51.600,49.650,-11.100,30.5
23:19:27.783,43301,-4.554,7.077,3.819,0.653,-1.006,2.369,51.600,49.650,-11.100,30.7
23:19:27.838,43355,-4.398,7.891,4.515,0.201,-1.113,2.281,41.700,57.600,-14.550,30.2
23:19:27.891,43409,-2.562,8.705,3.989,0.404,-0.847,2.008,41.700,57.600,-14.550,30.4
23:19:27.945,43463,-1.963,8.976,4.214,-0.444,-0.712,2.001,41.700,57.600,-14.550,30.2
23:19:27.999,43517,-1.997,9.134,4.774,0.932,-0.769,1.614,21.900,57.150,-19.350,30.4
23:19:28.053,43571,-0.352,9.093,3.694,0.709,-0.612,1.849,21.900,57.150,-19.350,30.5
23:19:28.107,43625,0.134,10.618,5.677,0.658,-0.795,1.554,12.600,52.500,-19.650,30.5
23:19:28.161,43679,0.323,8.760,3.785,0.364,-0.654,1.437,12.600,52.500,-19.650,30.2
23:19:28.215,43733,2.193,9.287,3.905,-0.148,-0.976,1.306,4.350,50.250,-16.800,30.4
23:19:28.269,43787,2.392,10.053,3.543,-0.317,-1.259,1.418,4.350,50.250,-16.800,30.5
23:19:28.323,43841,4.108,8.152,1.547,0.028,-1.063,1.331,-2.400,47.700,-15.900,30.2
23:19:28.377,43895,5.054,8.904,3.345,0.373,-0.895,1.245,-2.400,47.700,-15.900,30.4
23:19:28.431,43949,5.562,7.120,0.919,0.651,-0.643,1.048,-10.350,42.900,-16.350,30.4
23:19:28.485,44003,5.574,8.203,3.481,0.727,-0.990,1.330,-10.350,42.900,-16.350,30.5
23:19:28.539,44057,6.800,7.834,0.792,0.689,-0.963,1.293,-15.000,43.050,-16.950,30.6
23:19:28.593,44111,6.946,8.265,1.966,0.524,-1.007,1.330,-22.800,39.600,-21.000,30.6
23:19:28.647,44165,7.487,7.748,1.003,0.566,-0.814,1.044,-22.800,39.600,-21.000,30.5
23:19:28.701,44219,7.772,6.862,1.844,0.184,-0.756,0.738,-22.800,39.600,-21.000,30.7
23:19:28.755,44273,8.016,7.228,0.493,-0.294,-0.466,0.511,-22.800,39.600,-21.000,30.4
23:19:28.809,44327,7.855,3.757,-0.711,-0.114,-0.341,0.460,-27.150,34.800,-24.000,30.2
23:19:28.863,44381,7.573,7.022,0.342,0.288,0.037,-0.027,-27.150,34.800,-24.000,30.2
23:19:28.917,44435,8.267,6.615,-0.761,0.298,0.392,-0.289,-25.650,33.600,-22.950,30.5
23:19:28.971,44489,7.879,8.040,1.566,0.213,0.682,-0.461,-25.650,33.600,-22.950,30.4
23:19:29.025,44543,7.767,7.238,0.996,-0.154,0.822,-0.630,-24.750,35.700,-22.050,30.6
23:19:29.079,44597,7.192,7.551,1.748,-0.322,0.960,-0.920,-24.750,35.700,-22.050,30.6
23:19:29.133,44651,6.910,8.339,1.887,-0.586,0.961,-1.107,-23.550,37.200,-18.450,30.7
23:19:29.187,44705,6.934,8.401,2.040,-0.609,1.272,-1.443,-23.550,37.200,-18.450,30.7
23:19:29.241,44759,6.620,8.782,2.227,-0.984,1.405,-1.784,-23.550,37.200,-18.450,30.5
23:19:29.295,44813,5.234,9.531,4.290,-1.343,1.662,-1.984,-11.550,41.700,-9.750,30.4
23:19:29.349,44867,3.644,9.024,4.810,-1.661,1.560,-2.094,-11.550,41.700,-9.750,30.4
23:19:29.403,44921,2.610,8.538,4.858,-1.089,1.692,-2.160,-0.150,44.250,-9.600,30.5
23:19:29.457,44975,1.815,8.736,5.224,-0.628,1.794,-2.116,-0.150,44.250,-9.600,30.5
23:19:29.511,45029,0.421,8.344,5.784,-0.564,1.681,-2.070,12.150,49.050,-15.300,30.5
23:19:29.565,45083,-1.580,7.381,6.184,-0.633,1.715,-2.212,12.150,49.050,-15.300,30.4
23:19:29.619,45137,-3.115,6.577,5.952,-0.581,1.681,-2.136,27.150,56.400,-15.600,30.6
23:19:29.673,45191,-4.264,5.782,5.571,-0.590,1.453,-2.124,27.150,56.400,-15.600,30.5
23:19:29.728,45245,-5.401,5.504,5.298,-0.325,1.367,-1.916,27.150,56.400,-15.600,30.6
23:19:29.781,45299,-5.890,4.044,4.293,-0.436,1.236,-1.958,27.150,56.400,-15.600,30.5
23:19:29.835,45353,-6.412,4.278,4.408,-0.538,1.103,-1.647,48.600,53.850,-5.250,30.4
23:19:29.889,45407,-7.118,2.811,4.599,-0.798,1.056,-1.869,55.650,45.750,-1.950,30.5
23:19:29.943,45461,-7.578,1.331,4.278,-0.599,0.942,-1.608,55.650,45.750,-1.950,30.5
23:19:29.997,45515,-7.879,1.003,4.080,-0.525,0.940,-1.475,55.650,45.750,-1.950,30.6
23:19:30.051,45569,-8.159,-0.081,3.637,-0.681,0.883,-1.286,55.650,45.750,-1.950,30.4
23:19:30.105,45623,-8.195,-1.358,2.705,-0.652,0.907,-0.996,61.350,31.200,-2.850,30.5
23:19:30.159,45677,-8.669,-1.379,1.757,-0.102,0.947,-0.710,61.350,31.200,-2.850,30.4
23:19:30.213,45731,-9.270,-2.102,0.972,0.152,0.754,-0.436,64.350,27.000,-5.400,30.6
23:19:30.267,45785,-9.768,-2.682,0.450,-0.026,0.202,0.109,64.350,27.000,-5.400,30.4
23:19:30.321,45839,-9.495,-2.959,-0.654,0.013,-0.245,0.622,64.800,27.450,-5.100,30.5
23:19:30.375,45893,-9.443,-3.026,0.376,0.207,-0.798,0.807,64.800,27.450,-5.100,30.4
23:19:30.429,45947,-8.818,-1.913,0.577,0.609,-1.279,1.220,63.450,30.300,-6.000,30.6
23:19:30.483,46001,-8.102,-1.298,1.987,0.863,-1.476,1.541,63.450,30.300,-6.000,30.5
23:19:30.591,46055,-7.427,0.433,2.526,1.032,-1.755,2.044,63.450,30.300,-6.000,30.5
23:19:30.591,46109,-6.450,2.014,3.630,1.329,-1.833,2.408,56.400,45.300,-3.750,30.6
23:19:30.645,46163,-5.382,4.439,4.752,1.190,-1.959,2.992,56.400,45.300,-3.750,30.7
23:19:30.699,46217,-3.766,4.295,5.243,1.107,-2.180,2.796,46.350,54.600,-8.550,30.2
23:19:30.753,46271,-1.554,7.302,5.878,0.919,-2.180,2.869,46.350,54.600,-8.550,30.0
23:19:30.807,46325,-0.218,8.588,6.711,0.318,-2.093,2.484,32.100,54.600,-8.850,30.5
23:19:30.861,46379,1.317,9.345,6.117,0.602,-1.757,2.169,32.100,54.600,-8.850,30.7
23:19:30.915,46433,2.028,9.316,5.310,0.827,-1.581,2.001,16.350,52.200,-10.500,30.6
23:19:30.969,46487,2.626,8.715,5.066,1.224,-1.252,1.791,16.350,52.200,-10.500,30.7
23:19:31.023,46541,4.484,8.262,3.694,1.100,-1.189,1.595,16.350,52.200,-10.500,30.7
23:19:31.077,46595,4.908,9.562,5.157,0.653,-1.101,1.356,-6.000,44.250,-13.200,30.5
23:19:31.131,46649,4.800,9.196,4.221,0.595,-0.827,1.200,-6.000,44.250,-13.200,30.4
23:19:31.185,46703,5.437,8.456,3.989,0.661,-0.839,1.172,-14.700,42.300,-15.150,30.2
23:19:31.239,46757,5.823,8.028,3.129,0.499,-0.680,0.954,-14.700,42.300,-15.150,30.4
23:19:31.293,46811,6.290,7.286,2.703,0.325,-0.664,0.862,-14.700,42.300,-15.150,30.5
23:19:31.347,46865,6.902,7.798,1.937,0.227,-0.610,0.746,-14.700,42.300,-15.150,30.4
23:19:31.401,46919,6.979,7.044,1.556,0.217,-0.664,0.805,-19.800,36.900,-18.000,30.6
23:19:31.455,46973,7.403,6.510,1.539,0.109,-0.746,0.831,-19.800,36.900,-18.000,30.4
23:19:31.509,47027,8.092,7.058,1.678,-0.029,-0.541,0.674,-23.100,34.350,-18.900,30.6
23:19:31.563,47081,8.408,6.847,1.271,-0.160,-0.078,0.027,-23.100,34.350,-18.900,30.5
23:19:31.617,47135,7.238,9.208,3.972,-0.737,0.221,0.041,-26.700,33.150,-21.450,30.6
23:19:31.671,47189,7.506,8.337,3.112,-0.899,0.779,-0.663,-26.700,33.150,-21.450,30.4
23:19:31.725,47243,7.465,8.748,3.479,-1.025,1.169,-1.163,-24.150,33.150,-17.100,30.4
23:19:31.779,47297,7.135,8.475,3.773,-0.631,1.599,-1.722,-24.150,33.150,-17.100,30.5
23:19:31.833,47351,6.656,8.341,3.994,-0.642,1.743,-2.074,-24.150,33.150,-17.100,30.7
23:19:31.887,47405,5.796,9.151,5.131,-0.795,1.842,-2.378,-9.000,42.600,-12.600,30.6
23:19:31.941,47459,4.446,9.318,5.150,-0.851,1.909,-2.478,-9.000,42.600,-12.600,30.5
23:19:31.995,47513,3.955,8.662,5.586,-1.387,2.071,-2.694,4.050,48.300,-9.750,30.4
23:19:32.049,47567,0.828,7.767,6.029,-1.354,2.205,-2.702,4.050,48.300,-9.750,30.4
23:19:32.103,47621,-0.864,6.153,5.691,-0.931,2.118,-2.481,20.400,52.950,-6.450,30.4
23:19:32.157,47675,-2.212,5.595,5.586,-0.525,1.889,-2.344,20.400,52.950,-6.450,30.2
23:19:32.211,47729,-3.361,5.025,5.432,-0.486,1.661,-2.136,37.800,52.350,-4.200,30.2
23:19:32.265,47783,-4.417,4.233,5.217,-0.693,1.443,-1.877,37.800,52.350,-4.200,30.4
23:19:32.319,47837,-5.432,3.419,4.563,-0.625,1.187,-1.536,37.800,52.350,-4.200,30.5
23:19:32.373,47891,-6.345,2.557,4.020,-0.699,1.167,-1.289,51.300,44.850,-1.350,30.5
23:19:32.427,47945,-7.468,1.990,4.221,-0.622,0.981,-1.193,51.300,44.850,-1.350,30.5
23:19:32.481,47999,-8.349,1.678,4.353,-0.499,0.937,-1.174,56.400,41.550,-0.150,30.4
23:19:32.535,48053,-8.574,1.001,4.061,-0.334,0.949,-1.030,56.400,41.550,-0.150,30.5
23:19:32.589,48107,-8.997,-0.613,3.862,-0.665,1.124,-1.098,59.850,36.300,-2.850,30.7
23:19:32.643,48161,-9.165,-0.601,2.801,-0.503,1.050,-1.008,59.850,36.300,-2.850,30.2
23:19:32.697,48215,-9.141,-1.319,2.095,-0.448,1.047,-0.906,64.800,30.150,-2.100,30.4
23:19:32.751,48269,-9.380,-2.500,1.058,0.121,0.787,-0.816,64.800,30.150,-2.100,30.7
23:19:32.805,48323,-9.330,-3.452,0.630,0.541,0.392,-0.555,64.800,30.150,-2.100,30.6
23:19:32.859,48377,-9.723,-3.867,-0.335,0.750,0.047,0.124,64.800,30.150,-2.100,30.5
23:19:32.913,48431,-9.009,-4.068,0.215,0.630,-0.536,0.841,66.600,25.500,-9.450,30.6
23:19:32.967,48485,-8.832,-3.330,1.020,0.454,-1.044,1.307,65.700,30.600,-8.550,30.5
23:19:33.021,48539,-8.298,-1.970,1.238,0.526,-1.535,1.776,65.700,30.600,-8.550,30.8
23:19:33.078,48593,-7.453,-0.812,2.186,0.820,-1.712,1.987,61.650,37.650,-4.500,30.5
23:19:33.129,48647,-6.716,2.253,3.651,1.229,-2.072,2.672,61.650,37.650,-4.500,30.5
23:19:33.183,48701,-5.380,3.328,4.192,1.273,-1.850,2.639,53.700,46.200,-6.300,30.7
23:19:33.237,48755,-4.350,6.225,5.349,1.006,-1.864,2.593,53.700,46.200,-6.300,30.4
23:19:33.291,48809,-3.206,5.880,5.456,1.741,-1.447,2.421,53.700,46.200,-6.300,30.2
23:19:33.345,48863,-0.972,7.240,3.608,0.323,-1.726,2.594,53.700,46.200,-6.300,30.7
23:19:33.399,48917,-0.881,11.267,7.424,1.262,-1.240,2.252,31.200,54.900,-8.400,30.5
23:19:33.453,48971,1.037,7.863,4.211,0.225,-1.347,1.986,31.200,54.900,-8.400,30.8
23:19:33.507,49025,1.188,10.901,6.120,0.609,-1.297,2.153,17.700,52.650,-10.350,30.7
23:19:33.561,49079,2.306,9.261,4.022,0.738,-0.960,1.610,17.700,52.650,-10.350,30.4
23:19:33.616,49133,2.825,9.416,5.449,0.637,-1.254,1.727,17.700,52.650,-10.350,30.0
23:19:33.669,49187,3.610,9.124,4.192,0.734,-1.007,1.500,-2.850,47.850,-12.750,30.6
23:19:33.723,49241,4.786,9.665,4.525,0.341,-1.194,1.654,-2.850,47.850,-12.750,30.6
23:19:33.777,49295,6.043,8.911,3.455,0.076,-1.153,1.239,-10.200,44.250,-16.200,30.4
23:19:33.831,49349,6.273,7.942,3.151,0.177,-0.976,1.146,-10.200,44.250,-16.200,30.6
23:19:33.889,49403,6.469,7.661,2.823,0.335,-0.810,0.975,-17.850,41.700,-17.100,30.7
23:19:33.939,49457,7.130,7.204,2.370,0.375,-0.718,0.960,-17.850,41.700,-17.100,30.5
23:19:33.993,49511,7.554,7.456,1.705,0.364,-0.674,0.874,-22.350,38.550,-18.600,30.5
23:19:34.047,49565,8.018,7.367,2.210,0.088,-0.201,0.639,-22.350,38.550,-18.600,30.1
23:19:34.105,49619,7.587,7.611,1.882,-0.205,0.037,0.166,-22.350,38.550,-18.600,30.1
23:19:34.155,49673,7.211,7.432,2.725,-0.256,0.359,-0.160,-26.250,33.000,-19.500,30.4
23:19:34.209,49727,7.319,7.805,2.875,-0.344,0.442,-0.538,-26.250,33.000,-19.500,30.7
23:19:34.263,49781,7.309,8.116,3.191,-0.458,0.665,-0.960,-22.650,35.550,-18.600,30.4
23:19:34.317,49835,6.943,7.877,2.921,-0.419,0.833,-1.358,-22.650,35.550,-18.600,30.5
23:19:34.374,49889,6.661,8.473,3.464,-0.572,1.083,-1.777,-19.350,40.950,-16.050,30.5
23:19:34.425,49943,5.978,9.553,4.781,-0.983,1.172,-1.983,-19.350,40.950,-16.050,30.5
23:19:34.479,49997,4.951,9.254,4.729,-1.175,1.396,-2.186,-10.050,46.350,-13.800,30.4
23:19:34.533,50051,4.087,9.946,5.425,-1.298,1.499,-2.225,-10.050,46.350,-13.800,30.4
23:19:34.587,50105,2.808,8.909,5.698,-1.351,1.523,-2.257,-10.050,46.350,-13.800,30.4
23:19:34.641,50159,1.214,7.855,6.151,-1.265,1.693,-2.312,-10.050,46.350,-13.800,30.5
23:19:34.695,50213,0.606,6.701,5.590,-1.534,1.587,-2.247,17.850,52.500,-6.900,30.7
23:19:34.749,50267,-1.583,6.019,6.170,-1.614,1.811,-2.259,17.850,52.500,-6.900,30.4
23:19:34.803,50321,-2.751,5.131,6.424,-1.475,1.789,-2.135,31.050,52.650,-1.950,30.6
23:19:34.858,50375,-4.104,3.484,6.194,-1.260,1.734,-1.954,44.700,48.600,1.800,30.5
23:19:34.911,50429,-5.399,2.243,5.394,-0.955,1.615,-1.828,44.700,48.600,1.800,30.4
23:19:34.965,50483,-6.347,1.607,4.863,-0.663,1.533,-1.592,50.250,39.750,2.850,30.4
23:19:35.019,50537,-7.140,0.606,5.128,-0.658,1.339,-1.426,50.250,39.750,2.850,30.1
23:19:35.073,50591,-8.152,0.043,4.769,-0.671,1.295,-1.309,50.250,39.750,2.850,30.4
23:19:35.127,50645,-8.622,-0.821,4.597,-0.773,1.133,-1.334,50.250,39.750,2.850,30.5
23:19:35.181,50699,-8.416,-2.246,3.203,-0.602,1.111,-1.309,59.400,28.800,1.200,30.4
23:19:35.237,50753,-8.286,-2.598,2.071,-0.197,1.066,-1.057,59.400,28.800,1.200,30.5
23:19:35.289,50807,-8.246,-3.208,1.257,0.649,0.847,-0.589,63.900,22.500,-2.700,30.5
23:19:35.343,50861,-8.648,-5.569,0.414,1.258,0.552,0.079,63.900,22.500,-2.700,30.5
23:19:35.397,50915,-8.473,-4.793,1.568,1.199,-0.153,0.944,63.900,22.500,-2.700,30.7
23:19:35.451,50969,-8.258,-4.056,1.765,0.979,-0.506,1.635,65.400,28.800,-8.550,30.4
23:19:35.505,51023,-7.930,-3.057,2.049,0.905,-0.531,2.294,65.400,28.800,-8.550,30.1
23:19:35.560,51077,-7.542,-0.948,2.550,1.516,-0.647,2.908,61.800,39.300,-8.700,30.3
23:19:35.614,51131,-6.524,1.116,2.222,2.005,-0.464,3.600,61.800,39.300,-8.700,30.5
23:19:35.667,51185,-5.595,5.777,4.070,2.971,-0.326,3.975,55.200,51.600,-16.200,30.7
23:19:35.725,51239,-3.223,6.744,0.802,3.149,0.360,3.373,55.200,51.600,-16.200,30.5
23:19:35.775,51293,-1.267,12.000,-0.555,1.881,0.855,2.868,41.850,53.100,-28.950,30.7
23:19:35.830,51347,-1.257,11.262,0.194,1.373,0.894,2.670,41.850,53.100,-28.950,30.7
23:19:35.883,51401,-0.845,9.993,-1.774,0.430,0.946,2.414,41.850,53.100,-28.950,30.3
23:19:35.937,51455,-0.249,11.988,-1.027,0.220,0.931,2.216,41.850,53.100,-28.950,30.5
23:19:35.990,51509,0.436,10.458,-2.181,0.677,0.759,1.889,15.750,47.250,-30.450,30.5
23:19:36.046,51563,1.147,11.600,-1.530,0.187,0.165,1.826,5.100,47.850,-24.750,30.6
23:19:36.099,51617,1.657,9.687,-2.784,0.259,0.132,1.731,5.100,47.850,-24.750,30.7
23:19:36.153,51671,2.330,10.436,-1.633,0.044,-0.069,1.803,-1.800,49.050,-22.200,30.5
23:19:36.208,51725,3.989,9.737,-1.573,0.281,-0.108,1.681,-1.800,49.050,-22.200,30.5
23:19:36.260,51779,4.338,9.227,-2.085,0.069,-0.515,1.734,-8.700,47.700,-21.300,30.5
23:19:36.315,51833,5.612,8.995,-2.100,-0.335,-0.534,1.764,-8.700,47.700,-21.300,30.5
23:19:36.369,51887,5.983,8.619,-1.803,-1.026,-0.733,1.706,-8.700,47.700,-21.300,30.7
23:19:36.427,51941,6.424,8.368,-0.927,-1.395,-0.940,1.439,-8.700,47.700,-21.300,30.6
23:19:36.477,51995,6.962,7.697,-1.666,-1.930,-1.147,1.091,-19.650,41.250,-21.900,30.1
23:19:36.531,52049,6.704,8.114,-0.797,-2.107,-1.111,1.045,-19.650,41.250,-21.900,30.5
23:19:36.585,52103,6.859,7.539,-0.522,-2.220,-1.277,0.906,-21.750,37.950,-21.300,30.5
23:19:36.639,52157,7.219,7.494,-0.385,-1.995,-1.382,0.759,-25.200,35.550,-23.400,30.2
23:19:36.693,52211,7.690,6.862,-0.026,-2.057,-1.176,0.484,-25.200,35.550,-23.400,30.5
23:19:36.747,52265,7.628,6.208,0.479,-2.031,-0.932,0.346,-27.150,35.850,-25.500,30.5
23:19:36.801,52319,7.822,6.438,1.369,-1.769,-0.532,0.037,-27.150,35.850,-25.500,30.6
23:19:36.855,52373,8.231,5.672,1.554,-1.634,-0.230,-0.083,-27.150,35.850,-25.500,30.5
23:19:36.912,52427,7.812,5.887,1.997,-1.736,-0.129,-0.092,-27.150,35.850,-25.500,30.4
23:19:36.963,52481,8.001,6.419,2.394,-1.782,-0.177,-0.060,-27.750,36.150,-24.600,30.0
23:19:37.017,52535,8.205,5.265,2.488,-1.584,0.179,-0.062,-27.750,36.150,-24.600,30.7
23:19:37.071,52589,9.026,4.805,0.565,-1.306,0.587,-0.073,-27.300,37.650,-21.000,30.6
23:19:37.125,52643,8.464,5.420,3.177,-0.757,1.101,-0.233,-27.300,37.650,-21.000,30.6
23:19:37.179,52697,7.597,5.634,4.508,-0.112,1.711,-0.364,-27.300,37.650,-21.000,30.7
23:19:37.233,52751,6.570,5.059,5.224,0.372,1.762,-0.239,-27.300,37.650,-21.000,30.4
23:19:37.288,52805,6.218,5.952,5.930,1.054,1.946,-0.159,-22.050,39.600,-12.600,30.7
23:19:37.340,52859,6.606,5.181,4.554,1.063,2.033,-0.203,-17.100,41.250,-9.000,30.5
23:19:37.395,52913,6.074,7.063,6.977,0.667,2.036,-0.444,-17.100,41.250,-9.000,30.2
23:19:37.449,52967,4.436,7.039,6.084,-0.117,1.999,-0.619,-10.950,42.300,-6.000,30.4
23:19:37.503,53021,3.589,7.566,6.563,-0.524,1.913,-0.833,-10.950,42.300,-6.000,30.6
23:19:37.557,53075,2.313,7.348,6.809,-0.255,1.873,-1.001,-4.650,43.500,-5.250,30.5
23:19:37.612,53129,1.848,7.925,7.051,-0.586,1.823,-0.971,-4.650,43.500,-5.250,30.5
23:19:37.665,53183,0.654,6.510,7.022,-0.575,1.641,-1.255,-4.650,43.500,-5.250,30.6
23:19:37.719,53237,-0.642,6.579,6.998,-0.339,1.631,-1.201,-4.650,43.500,-5.250,30.4
23:19:37.774,53291,-1.635,5.816,7.781,-0.305,1.435,-1.463,13.650,49.050,-2.850,30.5
23:19:37.827,53345,-2.674,5.131,7.130,-0.039,1.507,-1.475,13.650,49.050,-2.850,30.5
23:19:37.881,53399,-3.505,5.595,7.654,0.133,1.423,-1.661,23.550,52.350,-1.950,30.2
23:19:37.935,53453,-5.167,4.798,7.281,-0.205,1.420,-1.814,32.850,50.400,-0.150,30.3
23:19:37.989,53507,-6.091,4.369,6.285,-0.034,1.727,-2.111,32.850,50.400,-0.150,30.5
23:19:38.042,53561,-7.106,3.565,6.230,0.045,1.559,-2.125,44.850,47.250,0.450,30.2
23:19:38.097,53615,-7.163,2.219,4.987,0.261,1.476,-2.016,44.850,47.250,0.450,30.7
23:19:38.151,53669,-7.542,1.856,4.549,-0.047,1.283,-2.103,44.850,47.250,0.450,30.5
23:19:38.205,53723,-7.678,0.795,3.905,-0.121,1.258,-1.885,44.850,47.250,0.450,30.2
23:19:38.259,53777,-8.234,-0.098,3.462,-0.416,1.179,-1.741,57.900,31.500,-3.750,30.6
23:19:38.313,53831,-8.516,-1.082,2.629,-0.337,1.074,-1.530,57.900,31.500,-3.750,30.7
23:19:38.367,53885,-8.923,-2.239,1.884,-0.033,1.097,-1.336,63.150,25.200,-5.550,30.3
23:19:38.421,53939,-9.275,-2.715,1.506,0.117,1.108,-1.181,63.150,25.200,-5.550,30.3
23:19:38.477,53993,-9.000,-3.819,1.166,0.052,1.100,-1.052,63.150,25.200,-5.550,30.5
23:19:38.529,54047,-8.540,-3.620,0.462,0.079,1.253,-0.992,66.450,16.350,-13.950,30.5
23:19:38.584,54101,-8.236,-3.759,-0.086,0.362,1.292,-0.994,66.450,16.350,-13.950,30.5
23:19:38.637,54155,-8.068,-3.800,-0.433,0.948,1.124,-0.846,66.000,12.900,-20.250,30.2
23:19:38.692,54209,-7.190,-4.542,-1.331,1.332,0.790,-0.583,66.000,12.900,-20.250,30.7
23:19:38.745,54263,-7.219,-4.793,-3.045,-0.510,-0.413,0.755,66.750,10.200,-21.300,30.5
23:19:38.799,54317,-7.827,-4.824,-0.824,-0.387,-0.742,1.283,66.750,10.200,-21.300,30.7
23:19:38.852,54371,-8.672,-4.192,0.077,0.719,-1.216,1.658,67.800,14.550,-18.900,30.2
23:19:38.907,54425,-8.198,-3.546,0.024,1.547,-1.356,1.926,67.800,14.550,-18.900,30.6
23:19:38.965,54479,-8.650,-2.732,0.362,1.488,-1.022,2.114,67.800,14.550,-18.900,30.5
23:19:39.015,54533,-9.275,-0.989,1.913,1.071,-0.916,2.371,67.800,14.550,-18.900,30.5
23:19:39.070,54587,-8.724,-0.441,1.267,0.484,-0.709,2.867,62.550,34.350,-13.500,30.5
23:19:39.122,54641,-7.762,1.994,3.031,0.400,-0.601,2.925,56.550,43.650,-14.250,30.5
23:19:39.177,54695,-6.570,3.668,2.569,0.622,-0.831,3.449,56.550,43.650,-14.250,30.7
23:19:39.231,54749,-6.048,5.262,4.712,0.515,-0.855,3.070,56.550,43.650,-14.250,30.5
23:19:39.285,54803,-4.707,6.852,3.831,0.184,-1.229,2.978,56.550,43.650,-14.250,30.6
23:19:39.341,54857,-3.021,9.002,5.334,0.143,-1.346,2.625,34.950,57.600,-17.550,30.1
23:19:39.393,54911,-2.356,8.648,3.503,0.026,-1.216,2.537,34.950,57.600,-17.550,30.5
23:19:39.447,54965,-0.807,10.065,4.207,0.277,-1.504,2.340,22.500,57.300,-15.450,30.4
23:19:39.501,55019,0.297,9.768,3.910,0.144,-1.430,2.152,22.500,57.300,-15.450,30.4
23:19:39.558,55073,1.188,9.572,4.159,0.056,-1.648,1.970,9.450,55.350,-13.650,30.6
23:19:39.609,55127,2.413,9.649,4.202,-0.154,-1.748,1.639,9.450,55.350,-13.650,30.4
23:19:39.662,55181,3.867,9.146,4.137,-0.170,-1.839,1.531,-0.600,53.250,-12.750,30.5
23:19:39.718,55235,5.095,8.942,3.862,-0.127,-1.765,1.236,-0.600,53.250,-12.750,30.7
23:19:39.772,55289,5.432,8.574,3.326,-0.311,-1.517,1.092,-0.600,53.250,-12.750,30.2
23:19:39.826,55343,5.830,7.661,3.778,-0.253,-1.571,1.095,-17.250,46.200,-15.150,30.3
23:19:39.878,55397,6.819,7.276,2.267,-0.041,-1.315,1.019,-17.250,46.200,-15.150,30.7
23:19:39.933,55451,7.116,6.926,3.069,0.046,-1.185,0.937,-22.500,43.500,-19.500,30.5
23:19:39.990,55505,7.949,6.697,2.239,0.230,-0.981,0.838,-22.500,43.500,-19.500,30.7
23:19:40.046,55559,8.167,6.297,2.406,0.357,-0.797,0.748,-25.650,40.200,-23.700,30.6
23:19:40.098,55613,7.908,5.787,2.102,0.556,-0.589,0.664,-25.650,40.200,-23.700,30.5
23:19:40.152,55667,8.526,5.756,1.451,0.337,-0.465,0.434,-28.050,36.900,-27.150,30.6
23:19:40.202,55721,7.475,6.606,1.389,0.197,-0.203,0.119,-28.050,36.900,-27.150,30.7
23:19:40.257,55775,7.932,6.438,1.123,0.619,0.278,0.101,-28.050,36.900,-27.150,30.2
23:19:40.310,55829,8.792,5.416,1.080,0.260,0.264,0.171,-28.050,36.900,-27.150,30.2
23:19:40.365,55883,8.708,6.701,0.223,-0.018,0.517,-0.161,-28.650,32.400,-27.300,30.7
23:19:40.419,55937,8.085,5.933,1.413,0.043,1.155,-0.359,-28.050,33.450,-25.650,30.7
23:19:40.473,55991,7.065,6.716,2.691,0.393,1.266,-0.564,-28.050,33.450,-25.650,30.6
23:19:40.527,56045,7.609,5.674,1.319,0.798,1.194,-0.617,-28.050,33.450,-25.650,30.2
23:19:40.581,56099,7.896,7.020,1.935,0.442,1.322,-0.734,-28.050,33.450,-25.650,30.7
23:19:40.637,56153,7.446,7.673,2.835,0.538,1.564,-1.170,-24.150,38.250,-16.050,30.7
23:19:40.689,56207,6.991,8.061,2.763,0.354,1.951,-1.552,-24.150,38.250,-16.050,30.5
23:19:40.744,56261,5.329,9.196,4.590,-0.215,1.708,-1.730,-18.600,40.950,-14.250,30.4
23:19:40.797,56315,4.089,9.208,3.915,-0.549,1.633,-1.857,-18.600,40.950,-14.250,30.4
23:19:40.853,56369,3.309,9.333,4.879,-0.695,1.281,-1.929,-9.450,43.050,-10.650,30.3
23:19:40.904,56423,3.105,9.345,3.886,-0.635,1.522,-2.014,-9.450,43.050,-10.650,30.4
23:19:40.960,56477,1.705,8.662,4.614,-0.624,1.402,-2.098,1.350,46.650,-11.250,30.3
23:19:41.013,56531,0.206,8.305,4.788,-0.645,1.354,-2.088,1.350,46.650,-11.250,30.5
23:19:41.067,56585,-1.003,7.494,5.035,-0.572,1.195,-2.065,1.350,46.650,-11.250,30.4
23:19:41.121,56639,-2.638,6.950,4.681,-0.434,1.170,-2.113,25.200,55.950,-14.550,30.7
23:19:41.175,56693,-3.598,6.749,5.301,-0.047,1.168,-2.030,25.200,55.950,-14.550,30.6
23:19:41.229,56747,-4.736,6.615,5.729,0.514,0.969,-2.105,36.000,58.350,-13.050,30.3
23:19:41.282,56801,-5.906,5.100,4.379,0.389,0.975,-2.214,36.000,58.350,-13.050,30.4
23:19:41.336,56855,-6.857,6.273,5.662,0.063,0.669,-2.144,45.750,54.000,-13.500,30.6
23:19:41.391,56909,-7.429,2.717,2.715,-0.466,1.044,-2.360,45.750,54.000,-13.500,30.3
23:19:41.445,56963,-8.423,3.452,4.300,-0.381,0.673,-1.990,54.750,49.050,-11.250,30.5
23:19:41.499,57017,-8.519,1.125,2.789,-0.359,0.795,-1.935,54.750,49.050,-11.250,30.7
23:19:41.552,57071,-8.600,1.516,2.564,-0.075,0.722,-1.730,59.400,42.300,-10.350,30.5
23:19:41.607,57125,-8.820,0.180,2.612,-0.164,0.543,-1.626,62.100,32.850,-10.500,30.6
23:19:41.661,57179,-8.734,-0.132,2.595,-0.251,0.439,-1.532,62.100,32.850,-10.500,30.5
23:19:41.715,57233,-8.519,-0.960,2.105,-0.395,0.366,-1.265,63.450,27.600,-11.400,30.3
23:19:41.769,57287,-8.909,-1.927,2.136,-0.684,0.543,-1.212,63.450,27.600,-11.400,30.7
23:19:41.823,57341,-8.866,-2.444,1.820,-0.616,0.621,-1.101,63.450,27.600,-11.400,30.5
23:19:41.877,57395,-9.019,-2.643,1.441,-0.226,0.704,-1.071,63.450,27.600,-11.400,30.4
23:19:41.930,57449,-8.698,-2.883,0.139,0.367,0.811,-1.004,66.750,17.100,-14.700,30.6
23:19:41.985,57503,-8.499,-4.025,0.199,0.650,0.664,-0.917,66.750,17.100,-14.700,30.5
23:19:42.039,57557,-7.609,-5.713,-0.685,0.373,0.653,-0.445,66.450,13.650,-17.700,30.5
23:19:42.093,57611,-7.721,-7.525,-1.123,-0.800,-0.300,0.879,66.450,13.650,-17.700,30.7
23:19:42.147,57665,-8.054,-5.885,-0.429,-0.537,-0.771,1.666,66.750,13.650,-19.500,30.5
23:19:42.201,57719,-8.174,-3.644,-0.364,0.137,-1.025,1.935,66.300,21.900,-17.100,30.3
23:19:42.255,57773,-8.114,-2.938,0.067,0.625,-1.295,2.276,66.300,21.900,-17.100,30.5
23:19:42.309,57827,-7.908,-1.113,0.910,1.297,-1.326,2.444,66.300,21.900,-17.100,30.5
23:19:42.363,57881,-7.879,1.008,1.211,1.771,-1.284,2.962,66.300,21.900,-17.100,30.4
23:19:42.417,57935,-7.654,3.268,1.441,1.670,-1.003,3.161,59.400,42.600,-13.200,30.7
23:19:42.471,57989,-7.532,4.240,3.809,1.331,-0.818,3.111,59.400,42.600,-13.200,30.7
23:19:42.525,58043,-5.689,6.960,2.713,1.083,-0.830,3.026,49.500,52.950,-17.850,30.4
23:19:42.578,58097,-4.745,7.896,3.077,0.155,-0.491,2.603,49.500,52.950,-17.850,30.6
23:19:42.633,58151,-4.022,7.444,3.259,0.217,-0.865,2.564,49.500,52.950,-17.850,30.3
23:19:42.687,58205,-1.805,8.720,3.519,0.131,-1.110,2.544,49.500,52.950,-17.850,30.2
23:19:42.740,58259,-0.936,9.615,3.713,0.342,-1.192,2.207,26.400,57.600,-19.350,30.5
23:19:42.794,58313,0.158,9.989,2.689,-0.111,-1.359,2.242,26.400,57.600,-19.350,30.7
23:19:42.849,58367,1.180,10.602,4.142,-0.376,-1.645,2.242,15.150,55.650,-15.600,30.5
23:19:42.903,58421,2.313,8.701,3.318,-0.235,-1.335,1.999,3.300,53.700,-14.850,30.4
23:19:42.956,58475,3.498,8.942,3.831,-0.256,-1.667,1.929,3.300,53.700,-14.850,30.4
23:19:43.010,58529,4.468,8.660,2.976,0.333,-1.465,1.600,-8.850,50.550,-16.350,30.6
23:19:43.065,58583,5.981,8.195,3.043,0.293,-1.514,1.767,-8.850,50.550,-16.350,30.6
23:19:43.119,58637,6.740,6.780,2.184,0.171,-1.467,1.359,-8.850,50.550,-16.350,30.2
23:19:43.173,58691,7.451,7.211,1.448,0.362,-1.389,1.239,-8.850,50.550,-16.350,30.4
23:19:43.227,58745,7.846,7.877,1.532,0.458,-0.798,1.161,-22.350,40.500,-21.150,30.6
23:19:43.280,58799,7.819,6.812,1.492,0.260,-0.646,0.837,-22.350,40.500,-21.150,30.4
23:19:43.335,58853,7.889,7.506,1.779,0.345,-0.388,0.707,-26.700,37.050,-25.200,30.5
23:19:43.388,58907,8.207,6.285,1.415,0.402,-0.318,0.523,-26.700,37.050,-25.200,30.5
23:19:43.443,58961,8.504,6.519,0.673,0.563,-0.046,0.260,-28.200,33.900,-26.550,30.7
23:19:43.496,59015,8.267,5.739,0.421,0.511,0.181,0.066,-27.000,33.000,-27.900,30.7
23:19:43.551,59069,8.260,6.460,0.699,0.266,0.342,-0.036,-27.000,33.000,-27.900,30.7
23:19:43.605,59123,8.198,6.404,0.579,0.047,0.595,-0.245,-27.000,33.000,-27.900,30.4
23:19:43.658,59177,7.944,6.594,0.991,-0.198,0.672,-0.507,-27.000,33.000,-27.900,30.2
23:19:43.713,59231,7.848,5.748,0.831,-0.180,0.792,-0.652,-27.750,35.700,-23.550,30.4
23:19:43.767,59285,7.477,7.293,2.495,-0.564,0.785,-0.563,-27.750,35.700,-23.550,30.4
23:19:43.821,59339,7.592,7.221,2.392,-0.900,1.034,-1.164,-25.950,36.600,-21.450,30.5
23:19:43.875,59393,7.420,8.102,2.555,-0.772,1.375,-1.510,-25.950,36.600,-21.450,30.4
23:19:43.929,59447,6.378,8.815,3.601,-0.921,1.290,-1.597,-25.950,36.600,-21.450,30.6
23:19:43.982,59501,5.521,9.060,4.312,-0.847,1.502,-1.929,-25.950,36.600,-21.450,30.5
23:19:44.037,59555,5.064,9.766,4.767,-0.841,1.629,-2.140,-13.650,43.950,-11.700,30.4
23:19:44.091,59609,4.015,9.845,5.873,-1.446,1.721,-2.301,-2.100,48.600,-9.000,30.2
23:19:44.144,59663,2.188,9.357,6.931,-1.293,1.982,-2.454,-2.100,48.600,-9.000,30.1
23:19:44.198,59717,0.453,8.638,7.736,-1.069,2.191,-2.531,13.950,51.900,-6.000,30.5
23:19:44.252,59771,-0.503,7.027,7.444,-1.143,2.417,-2.443,13.950,51.900,-6.000,30.6
23:19:44.307,59825,-2.873,5.646,6.704,-1.287,2.536,-2.443,29.400,52.200,-2.850,30.7
23:19:44.360,59879,-4.374,4.180,6.472,-0.610,2.340,-2.356,29.400,52.200,-2.850,30.6
23:19:44.415,59933,-5.535,3.268,5.387,-0.804,2.181,-2.147,29.400,52.200,-2.850,30.4
23:19:44.468,59987,-6.809,2.679,4.729,-0.660,1.967,-2.047,29.400,52.200,-2.850,30.7
23:19:44.522,60041,-7.108,0.991,3.632,-0.795,1.916,-1.965,53.250,41.250,-1.800,30.4
23:19:44.576,60095,-8.061,0.381,3.072,-0.492,1.723,-1.866,53.250,41.250,-1.800,30.1
23:19:44.631,60149,-8.669,-0.900,1.669,0.041,1.622,-1.795,60.300,30.900,-5.100,30.5
23:19:44.685,60203,-8.586,-1.279,1.544,0.358,1.424,-1.665,64.350,24.300,-8.400,30.5
23:19:44.739,60257,-8.310,-2.380,1.053,0.201,1.284,-1.407,64.350,24.300,-8.400,30.4
23:19:44.794,60311,-8.691,-3.364,0.390,-0.022,1.184,-1.242,64.650,19.050,-13.950,30.5
23:19:44.848,60365,-8.911,-3.924,-0.546,-0.030,1.078,-1.092,64.650,19.050,-13.950,30.6
23:19:44.902,60419,-8.387,-4.786,-1.207,-0.000,1.003,-1.148,64.650,19.050,-13.950,30.5
23:19:44.955,60473,-7.503,-5.059,-1.458,0.316,0.679,-0.711,64.650,19.050,-13.950,30.4
23:19:45.013,60527,-6.967,-5.416,-1.573,0.318,0.168,0.019,66.600,10.800,-21.150,30.4
23:19:45.063,60581,-6.756,-5.569,-1.970,0.484,-0.342,0.897,66.600,10.800,-21.150,30.1
23:19:45.117,60635,-7.429,-4.719,-0.881,0.315,-1.087,1.633,67.350,11.850,-21.450,30.5
23:19:45.170,60689,-7.889,-4.120,-1.061,0.363,-1.360,2.125,67.350,11.850,-21.450,30.5
23:19:45.224,60743,-9.158,-2.904,0.007,0.591,-1.700,2.308,67.350,11.850,-21.450,30.6
23:19:45.279,60797,-9.124,-1.322,0.393,0.729,-1.705,2.560,64.650,28.350,-12.600,30.6
23:19:45.332,60851,-9.208,1.046,2.523,0.954,-1.261,2.456,64.650,28.350,-12.600,30.7
23:19:45.387,60905,-8.270,2.193,2.868,1.140,-1.346,2.546,62.550,42.150,-10.950,30.5
23:19:45.440,60959,-7.479,4.295,3.735,0.986,-1.078,2.269,62.550,42.150,-10.950,30.5
23:19:45.495,61013,-6.732,5.042,3.438,0.647,-0.980,2.408,52.800,49.050,-15.300,30.5
23:19:45.548,61067,-6.452,4.922,3.146,0.501,-0.676,2.267,52.800,49.050,-15.300,30.3
23:19:45.603,61121,-5.176,6.874,3.821,0.339,-0.767,2.573,42.900,53.850,-17.250,30.5
23:19:45.657,61175,-4.389,6.661,3.120,0.918,-0.701,2.613,42.900,53.850,-17.250,30.7
23:19:45.711,61229,-2.643,7.925,4.776,0.715,-1.103,2.568,42.900,53.850,-17.250,30.3
23:19:45.764,61283,-1.178,9.270,3.740,1.065,-1.078,2.301,42.900,53.850,-17.250,30.4
23:19:45.818,61337,0.589,9.457,2.947,0.713,-1.092,2.193,18.600,54.900,-17.550,30.4
23:19:45.872,61391,1.161,11.066,4.350,0.201,-1.148,2.178,18.600,54.900,-17.550,30.6
23:19:45.926,61445,1.808,9.345,3.342,0.509,-0.769,1.802,7.350,54.450,-17.550,30.4
23:19:45.980,61499,3.436,9.507,1.913,-0.136,-1.014,1.928,7.350,54.450,-17.550,30.2
23:19:46.034,61553,3.745,9.661,4.532,-0.184,-0.659,2.037,7.350,54.450,-17.550,30.2
23:19:46.088,61607,5.013,8.911,2.775,0.219,-0.845,1.485,-12.600,48.600,-14.850,30.5
23:19:46.142,61661,5.411,7.602,1.599,0.456,-0.710,1.478,-12.600,48.600,-14.850,30.7
23:19:46.197,61715,6.316,8.097,1.891,0.683,-0.481,1.070,-17.400,42.900,-16.800,30.7
23:19:46.251,61769,6.924,7.736,1.410,0.732,-0.422,1.088,-17.400,42.900,-16.800,30.4
23:19:46.305,61823,6.835,7.573,1.360,0.818,-0.281,1.056,-22.500,41.550,-17.700,30.5
23:19:46.358,61877,7.415,6.993,0.766,0.964,-0.178,1.089,-22.500,41.550,-17.700,30.4
23:19:46.412,61931,8.327,6.433,0.412,0.957,0.055,0.924,-24.300,37.650,-18.000,30.3
23:19:46.466,61985,7.843,6.862,0.500,0.611,0.019,0.718,-24.300,37.650,-18.000,30.3
23:19:46.521,62039,7.932,5.818,-0.852,0.655,0.141,0.507,-24.300,37.650,-18.000,30.4
23:19:46.574,62093,7.810,5.638,-0.642,1.191,0.308,0.294,-27.450,31.650,-21.900,30.4
23:19:46.628,62147,7.910,6.158,-0.668,1.341,0.347,0.221,-27.450,31.650,-21.900,30.2
23:19:46.686,62201,7.982,6.273,-0.603,1.373,0.405,-0.000,-27.900,32.400,-19.650,30.7
23:19:46.736,62255,8.380,5.734,-1.817,1.324,0.544,-0.010,-27.900,32.400,-19.650,30.4
23:19:46.790,62309,7.822,6.069,-0.862,1.360,0.483,-0.176,-27.900,32.400,-19.650,30.5
23:19:46.844,62363,8.157,5.847,-1.444,0.978,0.393,-0.562,-27.900,32.400,-19.650,30.7
23:19:46.899,62417,7.887,5.375,-1.432,0.564,0.270,-0.502,-27.300,35.250,-19.800,30.6
23:19:46.953,62471,7.697,6.223,-1.707,0.176,0.203,-0.523,-27.300,35.250,-19.800,30.6
23:19:47.006,62525,7.321,5.650,-1.068,-0.060,-0.115,-0.557,-27.300,36.450,-18.450,30.2
23:19:47.060,62579,7.709,6.014,-1.832,-0.151,-0.043,-0.524,-27.300,36.450,-18.450,30.4
23:19:47.114,62633,7.721,5.715,-1.731,-0.038,-0.121,-0.687,-25.050,39.900,-16.500,30.7
23:19:47.168,62687,7.458,6.438,-1.525,-0.141,-0.075,-0.579,-23.100,40.950,-17.550,30.5
23:19:47.223,62741,7.120,6.606,-1.022,-0.297,-0.267,-0.833,-23.100,40.950,-17.550,30.4
23:19:47.276,62795,7.276,7.966,-0.946,-1.210,-0.385,-0.619,-23.100,40.950,-17.550,30.5
23:19:47.331,62849,6.754,7.681,-1.269,-2.374,-0.512,-0.422,-23.100,40.950,-17.550,30.5
23:19:47.384,62903,6.445,7.592,0.074,-2.683,-0.389,-0.458,-21.150,41.700,-12.300,30.6
23:19:47.438,62957,6.424,7.312,-0.036,-2.514,-0.169,-0.516,-21.150,41.700,-12.300,30.4
23:19:47.492,63011,5.976,7.740,0.912,-1.413,0.219,-0.677,-19.350,39.750,-9.750,30.5
23:19:47.547,63065,5.631,7.539,1.726,-0.646,0.505,-0.824,-19.350,39.750,-9.750,30.7
23:19:47.600,63119,5.234,8.078,2.837,-0.331,0.443,-0.859,-18.000,41.100,-10.350,30.5
23:19:47.655,63173,4.860,8.657,3.153,-0.393,0.530,-1.007,-18.000,41.100,-10.350,30.5
23:19:47.708,63227,4.298,8.131,4.068,-0.970,0.403,-1.109,-12.150,40.500,-8.400,30.6
23:19:47.762,63281,3.828,8.739,4.355,-1.065,0.441,-1.061,-12.150,40.500,-8.400,30.2
23:19:47.816,63335,3.122,8.392,4.872,-1.199,0.327,-1.177,-12.150,40.500,-8.400,30.5
23:19:47.870,63389,2.892,8.459,5.286,-0.740,0.546,-1.168,-1.950,46.200,-7.350,30.4
23:19:47.924,63443,1.946,8.272,5.212,-0.407,0.714,-1.177,-1.950,46.200,-7.350,30.3
23:19:47.978,63497,1.243,7.901,5.617,-0.120,0.806,-1.166,4.350,47.550,-8.400,30.5
23:19:48.032,63551,0.551,7.769,5.514,-0.398,0.645,-1.138,4.350,47.550,-8.400,30.5
23:19:48.086,63605,-0.235,8.157,6.440,-0.487,0.556,-1.154,4.350,47.550,-8.400,30.7
23:19:48.140,63659,-0.924,7.022,5.471,-0.628,0.559,-1.136,4.350,47.550,-8.400,30.6
23:19:48.194,63713,-1.551,7.468,6.196,-0.383,0.444,-1.140,15.600,51.750,-6.450,30.7
23:19:48.248,63767,-2.389,7.034,5.401,-0.112,0.373,-1.004,15.600,51.750,-6.450,30.5
23:19:48.302,63821,-2.677,6.610,6.235,-0.135,0.312,-0.905,22.350,51.750,-6.900,30.7
23:19:48.356,63875,-3.033,6.393,5.971,-0.306,0.254,-0.946,22.350,51.750,-6.900,30.5
23:19:48.410,63929,-3.505,6.728,6.311,-0.585,-0.015,-0.972,26.700,51.300,-4.650,30.2
23:19:48.464,63983,-3.876,6.227,6.105,-0.548,0.066,-0.943,30.150,52.950,-2.550,30.6
23:19:48.518,64037,-4.104,6.031,6.249,-0.221,0.011,-0.942,30.150,52.950,-2.550,30.5
23:19:48.572,64091,-3.845,5.468,7.183,-0.187,0.105,-0.849,30.150,52.950,-2.550,30.6
23:19:48.626,64145,-4.379,5.442,7.278,-0.274,0.331,-0.852,30.150,52.950,-2.550,30.5
23:19:48.681,64199,-4.968,4.551,7.178,-0.848,0.254,-0.882,36.000,46.650,0.300,30.5
23:19:48.735,64253,-5.375,3.606,6.761,-0.577,0.355,-0.867,36.000,46.650,0.300,30.7
23:19:48.792,64307,-5.286,3.926,7.063,-0.291,0.507,-0.706,41.100,44.550,1.950,30.7
23:19:48.846,64361,-5.741,3.874,7.168,0.203,0.685,-0.687,41.100,44.550,1.950,30.5
23:19:48.901,64415,-6.464,3.761,7.082,0.070,0.711,-0.807,41.100,44.550,1.950,30.1
23:19:48.952,64469,-7.183,3.534,7.333,-0.213,0.529,-0.868,41.100,44.550,1.950,30.5
23:19:49.006,64523,-7.444,2.476,5.952,-0.428,0.630,-0.970,46.950,42.450,1.350,30.3
23:19:49.058,64577,-8.004,1.992,6.033,-0.379,0.630,-1.039,51.300,37.050,0.000,30.6
23:19:49.113,64631,-8.059,1.113,5.126,-0.132,0.496,-1.009,51.300,37.050,0.000,30.2
23:19:49.166,64685,-8.452,1.243,5.370,-0.043,0.461,-0.982,52.650,35.700,-1.950,30.4
23:19:49.220,64739,-8.112,0.998,5.602,-0.218,0.402,-0.759,52.650,35.700,-1.950,30.5
23:19:49.274,64793,-8.217,0.529,4.640,-0.341,0.526,-0.867,55.050,32.850,-0.300,30.5
23:19:49.329,64847,-8.365,-0.486,5.057,-0.284,0.515,-0.878,55.050,32.850,-0.300,30.3
23:19:49.382,64901,-8.851,-0.429,4.659,-0.048,0.431,-0.851,55.050,32.850,-0.300,30.4
23:19:49.436,64955,-8.940,-0.977,5.025,0.258,0.643,-1.106,55.050,32.850,-0.300,30.5
23:19:49.490,65009,-8.677,-0.838,4.492,0.087,0.619,-1.087,58.200,26.400,-1.950,30.6
23:19:49.544,65063,-8.770,-1.930,3.977,-0.220,0.809,-1.185,58.200,26.400,-1.950,30.5
23:19:49.598,65117,-8.696,-2.770,3.754,-0.250,0.810,-1.188,59.550,21.150,-4.650,30.4
23:19:49.652,65171,-8.610,-3.376,2.931,-0.459,0.819,-1.054,60.600,18.900,-6.150,30.5
23:19:49.706,65225,-8.497,-4.113,2.670,-0.407,0.901,-1.131,60.600,18.900,-6.150,30.4
23:19:49.760,65279,-7.762,-4.372,2.591,-0.666,0.961,-0.911,62.400,13.650,-8.850,30.7
23:19:49.814,65333,-7.475,-4.379,2.301,-0.893,0.995,-0.935,62.400,13.650,-8.850,30.3
23:19:49.869,65387,-6.656,-4.702,0.543,-0.735,0.969,-0.783,62.400,13.650,-8.850,30.3
23:19:49.922,65441,-6.912,-5.772,-1.686,-0.244,0.892,-0.727,62.400,13.650,-8.850,30.5
23:19:49.976,65495,-7.489,-8.396,-2.749,0.242,0.312,-0.170,63.150,4.800,-16.500,30.5
23:19:50.030,65549,-7.417,-8.238,-1.970,0.600,-0.503,0.932,63.150,4.800,-16.500,30.4
23:19:50.085,65603,-7.089,-6.742,-1.051,0.186,-1.393,1.736,63.450,5.850,-16.950,30.5
23:19:50.138,65657,-7.271,-5.531,-1.051,0.066,-1.729,1.963,63.450,5.850,-16.950,30.6
23:19:50.192,65711,-7.867,-4.161,0.462,0.406,-2.041,1.816,66.300,13.050,-12.750,30.7
23:19:50.246,65765,-8.344,-2.375,1.858,0.743,-2.202,2.000,63.900,21.000,-4.500,30.5
23:19:50.301,65819,-7.887,-1.549,3.055,1.155,-2.126,1.831,63.900,21.000,-4.500,30.2
23:19:50.354,65873,-7.190,-0.007,3.735,1.686,-1.956,1.998,63.900,21.000,-4.500,30.2
23:19:50.408,65927,-5.990,2.004,5.420,1.581,-1.842,2.098,63.900,21.000,-4.500,30.5
23:19:50.462,65981,-4.693,3.436,6.153,1.446,-1.883,2.181,48.300,40.950,1.800,30.7
23:19:50.516,66035,-3.620,5.239,6.656,1.140,-1.684,2.239,48.300,40.950,1.800,30.6
23:19:50.570,66089,-3.153,6.160,7.118,1.099,-1.518,1.966,38.550,46.200,0.900,30.2
23:19:50.625,66143,-2.935,6.634,7.906,1.006,-1.511,1.931,38.550,46.200,0.900,30.5
23:19:50.678,66197,-0.539,7.252,6.603,1.062,-1.561,1.880,27.450,51.750,0.600,30.6
23:19:50.732,66251,0.160,8.516,7.597,1.061,-1.532,1.727,27.450,51.750,0.600,30.4
23:19:50.786,66305,1.197,7.915,6.874,0.565,-1.555,1.738,16.650,54.450,-3.600,30.4
23:19:50.841,66359,1.839,8.720,6.948,0.593,-1.608,1.613,16.650,54.450,-3.600,30.6
23:19:50.894,66413,3.419,7.898,5.318,0.454,-1.463,1.305,16.650,54.450,-3.600,30.4
23:19:50.948,66467,3.172,8.301,6.735,0.096,-1.650,1.293,-5.100,52.500,-8.400,30.7
23:19:51.002,66521,4.470,7.360,5.600,0.213,-1.701,1.181,-5.100,52.500,-8.400,30.7
23:19:51.056,66575,5.837,8.207,5.911,0.153,-1.742,1.049,-14.400,48.600,-9.000,30.5
23:19:51.110,66629,6.984,7.635,4.695,-0.173,-1.290,0.632,-14.400,48.600,-9.000,30.5
23:19:51.164,66683,6.340,6.948,4.946,-0.256,-1.048,0.553,-14.400,48.600,-9.000,30.7
23:19:51.218,66737,6.704,6.383,4.322,0.004,-0.772,0.374,-14.400,48.600,-9.000,30.2
23:19:51.272,66791,7.053,6.335,3.800,0.205,-0.806,0.346,-24.000,44.250,-17.700,30.3
23:19:51.326,66845,7.386,6.359,3.941,-0.200,-1.008,0.408,-24.000,44.250,-17.700,30.5
23:19:51.380,66899,8.171,6.783,2.581,-0.689,-0.756,0.358,-26.550,43.800,-19.800,30.4
23:19:51.434,66953,8.080,5.677,3.326,-1.247,-0.641,0.045,-26.550,43.800,-19.800,30.5
23:19:51.489,67007,7.968,5.248,3.788,-1.467,-0.343,-0.042,-27.150,41.250,-20.700,30.4
23:19:51.542,67061,7.448,5.042,3.661,-0.734,-0.112,-0.073,-26.700,40.950,-18.900,30.6
23:19:51.596,67115,8.133,4.415,3.338,0.117,0.245,-0.088,-26.700,40.950,-18.900,30.6
23:19:51.651,67169,8.303,4.415,3.994,0.519,0.516,-0.122,-26.700,40.950,-18.900,30.4
23:19:51.704,67223,8.712,5.236,4.911,0.792,1.015,-0.245,-26.700,40.950,-18.900,30.4
23:19:51.758,67277,8.198,5.559,4.288,0.894,1.460,-0.361,-23.850,42.150,-17.550,30.5
23:19:51.812,67331,6.783,5.825,5.758,1.019,1.747,-0.358,-23.850,42.150,-17.550,30.5
23:19:51.866,67385,7.092,6.668,4.664,0.852,1.817,-0.519,-22.500,44.250,-12.900,30.4
23:19:51.920,67439,5.590,7.798,5.145,0.534,1.932,-0.691,-22.500,44.250,-12.900,30.6
23:19:51.974,67493,5.277,7.606,4.633,0.120,1.903,-0.839,-14.700,46.200,-8.850,30.4
23:19:52.028,67547,4.602,7.889,4.776,0.031,1.941,-1.012,-14.700,46.200,-8.850,30.7
23:19:52.082,67601,3.757,8.600,5.210,-0.163,1.868,-1.226,-6.000,49.200,-7.350,30.6
23:19:52.136,67655,2.509,8.552,5.672,-0.207,1.813,-1.487,-6.000,49.200,-7.350,30.5
23:19:52.190,67709,1.295,8.358,5.337,-0.240,1.611,-1.664,-6.000,49.200,-7.350,30.2
23:19:52.244,67763,0.457,8.837,6.287,-0.593,1.406,-1.876,15.000,52.350,-5.550,30.2
23:19:52.298,67817,-0.927,7.700,5.770,-0.672,1.514,-1.963,15.000,52.350,-5.550,30.4
23:19:52.353,67871,-2.617,7.602,6.673,-0.437,1.502,-2.050,26.250,51.600,-3.450,30.5
23:19:52.406,67925,-3.472,6.584,5.835,-0.209,1.425,-2.148,26.250,51.600,-3.450,30.7
23:19:52.460,67979,-4.405,5.737,6.122,-0.117,1.228,-2.148,36.300,48.450,-1.500,30.5
23:19:52.514,68033,-5.476,4.583,5.298,-0.316,1.188,-2.206,36.300,48.450,-1.500,30.7
23:19:52.569,68087,-7.041,3.881,5.325,-0.515,0.846,-2.295,45.450,46.650,-4.650,30.6
23:19:52.622,68141,-7.259,2.801,5.104,-0.480,0.535,-2.124,45.450,46.650,-4.650,30.5
23:19:52.677,68195,-7.417,1.726,4.470,-0.442,0.572,-2.032,45.450,46.650,-4.650,30.6
23:19:52.730,68249,-7.597,1.061,5.109,-0.545,0.564,-1.791,54.150,31.500,-3.750,30.2
23:19:52.784,68303,-7.508,-0.445,4.669,-0.559,0.645,-1.586,54.150,31.500,-3.750,30.5
23:19:52.838,68357,-7.922,-1.185,4.602,-0.460,0.666,-1.499,56.550,27.450,-3.150,30.5
23:19:52.892,68411,-8.035,-2.078,3.797,-0.421,0.631,-1.288,56.550,27.450,-3.150,30.6
23:19:52.946,68465,-8.286,-1.958,4.168,-0.495,0.584,-1.248,58.800,21.150,-6.450,30.5
23:19:53.000,68519,-8.193,-3.163,3.563,-0.596,0.698,-1.138,58.800,21.150,-6.450,30.6
23:19:53.055,68573,-8.162,-3.924,3.156,-0.829,0.727,-1.133,60.450,15.600,-7.050,30.5
23:19:53.112,68627,-8.183,-4.360,2.540,-0.894,0.815,-1.009,60.450,15.600,-7.050,30.7
23:19:53.167,68681,-7.937,-5.009,1.839,-1.256,0.848,-1.025,61.200,11.700,-8.550,30.2
23:19:53.220,68735,-7.757,-5.540,0.227,-1.093,0.892,-0.990,61.200,11.700,-8.550,30.4
23:19:53.271,68789,-7.317,-6.290,-0.249,-0.502,0.859,-1.106,62.850,6.150,-12.750,30.5
23:19:53.324,68843,-6.577,-6.974,-0.651,-0.082,0.605,-0.825,61.650,2.100,-15.150,30.5
23:19:53.378,68897,-6.005,-7.633,-0.792,-0.059,0.260,-0.352,61.650,2.100,-15.150,30.6
23:19:53.432,68951,-5.593,-8.143,-1.453,-0.020,-0.382,0.597,61.650,2.100,-15.150,30.3
23:19:53.486,69005,-6.493,-7.606,-0.771,-0.133,-0.893,1.202,61.650,2.100,-15.150,30.2
23:19:53.540,69059,-7.039,-6.175,-0.431,-0.124,-1.482,1.517,62.700,5.100,-13.650,30.4
23:19:53.594,69113,-7.494,-5.088,0.012,-0.163,-1.642,1.684,62.700,5.100,-13.650,30.7
23:19:53.648,69167,-7.611,-3.759,1.228,0.060,-1.882,1.858,63.150,11.700,-9.600,30.3
23:19:53.703,69221,-8.018,-2.863,2.567,0.298,-1.717,1.808,63.150,11.700,-9.600,30.6
23:19:53.756,69275,-7.925,-1.829,3.031,0.381,-1.821,1.947,60.900,18.300,-1.500,30.5
23:19:53.810,69329,-8.231,-0.651,4.415,0.706,-1.793,1.704,60.900,18.300,-1.500,30.5
23:19:53.864,69383,-7.769,0.081,4.616,0.823,-1.938,1.724,57.000,27.000,0.600,30.7
23:19:53.918,69437,-7.611,1.058,5.674,1.060,-1.958,1.518,57.000,27.000,0.600,30.4
23:19:53.972,69491,-7.228,1.137,6.572,0.991,-1.865,1.465,57.000,27.000,0.600,30.6
23:19:54.026,69545,-5.514,2.358,7.604,0.869,-1.797,1.674,44.100,41.850,5.250,30.6
23:19:54.081,69599,-4.659,3.862,8.768,0.752,-1.662,1.619,44.100,41.850,5.250,30.2
23:19:54.134,69653,-3.163,4.015,7.173,0.818,-1.455,1.567,35.400,45.600,5.400,30.0
23:19:54.189,69707,-2.844,5.555,7.477,0.890,-1.730,1.408,35.400,45.600,5.400,30.5
23:19:54.242,69761,-1.901,6.239,7.635,0.841,-1.827,1.265,24.900,49.500,2.550,30.6
23:19:54.296,69815,-0.225,6.079,8.305,0.315,-2.118,1.217,24.900,49.500,2.550,30.4
23:19:54.350,69869,1.391,5.729,7.410,-0.253,-2.249,1.084,13.950,49.650,4.500,30.5
23:19:54.404,69923,2.301,5.957,8.452,-0.115,-2.320,0.803,13.950,49.650,4.500,30.6
23:19:54.458,69977,3.982,5.543,7.039,0.185,-2.164,0.740,13.950,49.650,4.500,30.5
23:19:54.512,70031,5.279,6.232,7.161,0.314,-2.057,0.492,13.950,49.650,4.500,30.5
23:19:54.566,70085,5.741,5.909,6.007,0.391,-1.547,0.445,-8.100,47.100,-1.050,30.2
23:19:54.620,70139,5.353,5.092,7.448,0.427,-1.832,0.446,-14.850,46.650,-5.850,30.3
23:19:54.674,70193,7.130,5.200,5.540,0.245,-1.587,0.370,-14.850,46.650,-5.850,30.5
23:19:54.728,70247,7.226,5.792,5.634,0.242,-1.295,0.419,-14.850,46.650,-5.850,30.6
23:19:54.782,70301,8.085,4.788,4.879,0.464,-0.983,0.321,-14.850,46.650,-5.850,30.5
23:19:54.839,70355,7.851,5.619,4.949,0.738,-0.446,0.229,-25.500,42.600,-15.450,30.4
23:19:54.890,70409,7.705,5.473,4.700,0.531,-0.190,0.204,-25.500,42.600,-15.450,30.5
23:19:54.944,70463,7.573,5.978,5.176,-0.005,-0.089,0.085,-25.950,42.450,-18.150,30.5
23:19:54.998,70517,7.219,6.048,5.200,-0.310,0.000,0.023,-25.950,42.450,-18.150,30.4
23:19:55.052,70571,7.554,5.368,4.436,-0.629,0.081,-0.125,-25.650,41.700,-17.100,30.6
23:19:55.106,70625,7.377,6.031,4.477,-0.968,0.124,-0.228,-25.650,41.700,-17.100,30.2
23:19:55.160,70679,7.365,6.045,4.707,-1.362,0.218,-0.392,-27.300,40.350,-15.150,30.6
23:19:55.214,70733,7.053,5.480,4.695,-1.588,0.220,-0.519,-27.300,40.350,-15.150,30.3
23:19:55.268,70787,6.833,5.076,5.016,-1.510,0.144,-0.601,-27.300,40.350,-15.150,30.4
23:19:55.322,70841,6.804,5.097,4.867,-1.185,0.317,-0.612,-22.350,42.900,-7.950,30.2
23:19:55.376,70895,6.754,4.673,5.485,-0.922,0.364,-0.631,-22.350,42.900,-7.950,30.5
23:19:55.431,70949,6.653,4.659,6.563,-0.706,0.622,-0.661,-18.600,45.900,-2.550,30.6
23:19:55.484,71003,6.857,3.428,6.567,-0.827,0.796,-0.810,-18.600,45.900,-2.550,30.6
23:19:55.538,71057,6.292,3.936,8.107,-0.728,1.267,-0.659,-13.650,47.850,1.050,30.4
23:19:55.592,71111,4.642,4.190,9.105,-0.541,1.436,-0.723,-13.650,47.850,1.050,30.2
23:19:55.646,71165,4.168,4.041,9.234,-0.394,1.566,-0.834,-5.850,48.600,6.450,30.6
23:19:55.700,71219,3.591,4.654,9.637,-0.746,1.741,-0.861,-5.850,48.600,6.450,30.4
23:19:55.754,71273,3.500,4.135,9.550,-0.828,1.977,-0.926,-5.850,48.600,6.450,30.5
23:19:55.808,71327,1.841,4.472,10.649,-0.998,2.449,-1.114,18.150,44.850,13.050,30.4
23:19:55.862,71381,-0.206,3.342,11.423,-1.323,2.553,-1.244,18.150,44.850,13.050,30.7
23:19:55.916,71435,-1.844,2.071,9.969,-1.142,2.577,-1.277,30.900,39.300,12.000,30.5
23:19:55.970,71489,-2.847,1.233,9.469,-1.280,2.615,-1.402,30.900,39.300,12.000,30.3
23:19:56.025,71543,-4.228,-0.043,7.963,-1.324,2.484,-1.427,40.350,33.450,8.550,30.3
23:19:56.078,71597,-4.808,-1.025,6.704,-1.183,2.283,-1.321,40.350,33.450,8.550,30.5
23:19:56.133,71651,-5.629,-1.853,5.686,-1.256,2.028,-1.069,49.500,27.750,5.400,30.5
23:19:56.186,71705,-6.642,-1.987,5.971,-1.459,1.778,-0.932,49.500,27.750,5.400,30.3
23:19:56.240,71759,-7.216,-3.175,3.656,-1.655,1.624,-0.648,49.500,27.750,5.400,30.3
23:19:56.294,71813,-7.688,-3.395,3.160,-1.567,1.526,-0.618,49.500,27.750,5.400,30.5
23:19:56.348,71867,-8.035,-4.551,2.648,-1.378,1.438,-0.464,57.000,14.550,-1.800,30.5
23:19:56.402,71921,-7.846,-3.826,1.326,-0.931,1.525,-0.322,57.000,14.550,-1.800,30.5
23:19:56.456,71975,-7.951,-4.238,1.298,-0.477,1.569,-0.566,61.350,10.800,-6.900,30.7
23:19:56.510,72029,-7.822,-4.791,0.900,-0.484,1.563,-0.578,63.450,7.500,-12.900,30.2
23:19:56.564,72083,-7.290,-4.930,-0.108,-0.678,1.441,-0.727,63.450,7.500,-12.900,30.5
23:19:56.618,72137,-7.082,-5.863,-1.307,-0.503,1.251,-0.732,64.350,4.950,-19.350,30.6
23:19:56.672,72191,-6.656,-7.570,-3.515,0.084,0.716,-0.194,64.350,4.950,-19.350,30.5
23:19:56.726,72245,-6.634,-7.898,-3.721,0.649,-0.143,0.581,64.350,4.950,-19.350,30.5
23:19:56.780,72299,-6.814,-6.974,-2.737,0.507,-0.998,1.486,64.350,4.950,-19.350,30.5
23:19:56.834,72353,-7.015,-5.243,-1.676,-0.075,-1.588,1.824,65.400,6.750,-20.550,30.3
23:19:56.888,72407,-7.075,-4.559,-1.171,-0.062,-2.115,2.011,65.400,6.750,-20.550,30.8
23:19:56.942,72461,-7.724,-3.357,0.139,0.298,-2.439,2.148,67.200,14.100,-13.650,30.4
23:19:56.997,72515,-7.669,-1.827,1.666,0.539,-2.669,2.382,67.200,14.100,-13.650,30.2
23:19:57.050,72569,-6.742,-0.596,2.066,0.800,-2.563,2.808,62.850,23.850,-6.450,30.7
23:19:57.104,72623,-6.788,2.370,5.887,1.181,-2.759,2.648,53.250,35.550,0.600,30.7
23:19:57.158,72677,-5.246,2.286,4.360,1.268,-2.369,2.675,53.250,35.550,0.600,30.6
23:19:57.212,72731,-4.288,6.129,6.668,0.929,-2.488,2.399,53.250,35.550,0.600,30.5
23:19:57.266,72785,-2.808,6.134,6.536,0.577,-2.262,2.280,53.250,35.550,0.600,30.5
23:19:57.320,72839,-1.439,6.416,7.573,0.026,-2.347,2.193,30.900,49.800,1.800,30.7
23:19:57.374,72893,-0.474,5.571,7.549,0.470,-2.010,1.911,30.900,49.800,1.800,30.4
23:19:57.428,72947,1.846,7.226,7.585,0.856,-2.267,1.689,16.650,49.500,1.800,30.2
23:19:57.482,73001,3.153,6.929,7.678,0.665,-2.148,1.425,16.650,49.500,1.800,30.2
23:19:57.536,73055,4.144,6.883,6.311,0.849,-2.057,1.358,16.650,49.500,1.800,30.4
23:19:57.590,73109,5.102,7.451,6.424,0.849,-1.767,1.055,16.650,49.500,1.800,30.6
23:19:57.644,73163,5.423,7.120,5.909,0.813,-1.872,1.000,-9.450,45.300,-5.250,30.7
23:19:57.698,73217,6.874,7.039,4.707,1.012,-1.617,0.929,-15.750,42.600,-10.050,30.2
23:19:57.752,73271,7.254,6.972,4.053,1.162,-1.506,0.916,-15.750,42.600,-10.050,30.7
23:19:57.806,73325,7.812,7.077,3.615,1.064,-1.219,0.751,-22.500,41.850,-16.500,30.8
23:19:57.860,73379,8.140,6.725,2.983,0.764,-0.909,0.634,-22.500,41.850,-16.500,30.5
23:19:57.914,73433,8.126,6.246,3.500,0.718,-0.691,0.626,-26.400,39.000,-20.700,30.5
23:19:57.968,73487,8.294,6.740,2.148,0.524,-0.534,0.486,-26.400,39.000,-20.700,30.4
23:19:58.022,73541,7.673,6.567,2.643,0.280,-0.386,0.392,-26.400,39.000,-20.700,30.5
23:19:58.076,73595,8.035,5.914,2.512,0.219,-0.412,0.195,-26.400,39.000,-20.700,30.6
23:19:58.132,73649,7.966,6.522,2.162,0.086,-0.336,0.095,-29.550,35.700,-26.850,30.4
23:19:58.188,73703,8.648,6.433,0.984,-0.059,0.040,-0.049,-29.550,35.700,-26.850,30.6
23:19:58.242,73757,8.270,6.117,1.302,-0.246,0.216,-0.140,-28.500,33.750,-27.900,30.7
23:19:58.296,73811,7.542,5.871,2.433,-0.111,0.315,-0.230,-30.300,35.250,-26.100,30.4
23:19:58.346,73865,8.073,5.569,1.894,0.072,0.320,-0.319,-30.300,35.250,-26.100,30.5
23:19:58.400,73919,7.587,6.610,2.485,-0.180,0.285,-0.277,-28.200,36.300,-21.900,30.4
23:19:58.454,73973,8.150,5.847,2.100,-0.396,0.463,-0.402,-28.200,36.300,-21.900,30.2
23:19:58.508,74027,8.468,6.567,1.824,-0.694,0.602,-0.325,-28.200,36.300,-21.900,30.7
23:19:58.562,74081,7.585,7.269,2.342,-0.563,0.857,-0.385,-28.200,36.300,-21.900,30.5
23:19:58.616,74135,8.468,6.318,0.979,-0.395,1.295,-0.602,-23.550,39.150,-18.000,30.5
23:19:58.670,74189,6.780,6.706,3.261,-0.400,1.318,-0.678,-23.550,39.150,-18.000,30.7
23:19:58.724,74243,6.189,7.061,4.767,-0.466,1.068,-0.591,-18.600,40.950,-14.250,30.4
23:19:58.778,74297,6.783,7.108,4.037,-0.891,1.282,-0.594,-18.600,40.950,-14.250,30.5
23:19:58.832,74351,6.505,6.685,5.361,-1.631,1.251,-0.462,-14.400,42.450,-9.000,30.7
23:19:58.886,74405,5.461,6.302,6.457,-1.478,1.659,-0.661,-7.500,43.800,-4.500,30.4
23:19:58.940,74459,4.915,6.610,7.587,-1.382,1.890,-0.527,-7.500,43.800,-4.500,30.6
23:19:58.994,74513,4.338,6.129,8.289,-1.521,2.101,-0.659,-7.500,43.800,-4.500,30.7
23:19:59.048,74567,3.742,5.684,9.158,-1.794,2.334,-0.658,-7.500,43.800,-4.500,30.4
23:19:59.102,74621,1.894,4.657,9.742,-1.730,2.559,-0.683,9.000,42.300,6.750,30.5
23:19:59.156,74675,0.098,4.027,9.153,-1.448,2.774,-0.606,9.000,42.300,6.750,30.6
23:19:59.210,74729,-0.776,2.981,8.727,-1.315,2.770,-0.607,20.250,37.950,12.600,30.7
23:19:59.264,74783,-2.777,2.516,6.979,-1.068,3.131,-0.669,20.250,37.950,12.600,30.5
23:19:59.318,74837,-4.293,1.113,6.833,-0.847,2.751,-0.806,20.250,37.950,12.600,30.2
23:19:59.372,74891,-5.713,1.298,7.377,-0.205,2.434,-0.901,20.250,37.950,12.600,30.2
23:19:59.426,74945,-6.237,-0.165,5.107,0.221,2.159,-0.940,44.400,31.050,10.050,30.5
23:19:59.480,74999,-6.704,-0.227,4.970,0.345,1.805,-1.017,44.400,31.050,10.050,30.6
23:19:59.534,75053,-7.755,-1.099,4.841,0.363,1.538,-0.984,49.650,29.100,8.100,30.5
23:19:59.588,75107,-8.660,-1.020,3.912,0.294,1.481,-1.029,56.400,26.850,4.800,30.6
23:19:59.642,75161,-8.736,-1.920,3.247,0.053,1.562,-1.076,56.400,26.850,4.800,30.7
23:19:59.696,75215,-8.748,-1.662,3.326,-0.025,1.636,-0.945,60.450,21.000,-0.900,30.2
23:19:59.750,75269,-9.151,-2.698,1.492,0.290,1.827,-0.677,60.450,21.000,-0.900,30.5
23:19:59.804,75323,-8.705,-2.691,1.228,0.077,1.739,-0.414,60.450,21.000,-0.900,30.2
23:19:59.858,75377,-8.732,-2.543,0.170,0.023,1.554,-0.410,60.450,21.000,-0.900,30.2
23:19:59.912,75431,-8.765,-3.266,-1.410,0.065,1.450,-0.463,65.550,16.950,-12.000,30.6
23:19:59.966,75485,-9.088,-3.752,-1.712,0.186,1.224,-0.634,65.550,16.950,-12.000,30.6
23:20:00.020,75539,-8.655,-3.778,-2.787,0.217,0.709,-0.366,66.600,14.250,-18.150,30.3
23:20:00.074,75593,-8.633,-3.912,-2.801,0.386,0.316,-0.150,66.600,14.250,-18.150,30.5
23:20:00.128,75647,-8.370,-4.061,-2.914,0.335,-0.282,0.272,66.600,14.250,-19.350,30.5
23:20:00.182,75701,-8.238,-3.804,-2.490,0.598,-1.022,0.558,66.600,13.050,-18.900,30.4
23:20:00.236,75755,-8.612,-3.788,-1.824,0.735,-1.397,0.804,66.600,13.050,-18.900,30.6
23:20:00.290,75809,-8.942,-3.218,-0.809,0.655,-1.919,1.003,66.600,13.050,-18.900,30.2
23:20:00.345,75863,-9.074,-3.002,-0.678,0.762,-1.889,1.120,66.600,13.050,-18.900,30.2
23:20:00.398,75917,-9.407,-2.284,0.771,0.900,-1.852,1.250,64.050,22.800,-6.900,30.5
23:20:00.452,75971,-9.033,-1.781,2.301,0.916,-1.941,1.418,64.050,22.800,-6.900,30.6
23:20:00.506,76025,-8.404,-0.797,2.875,0.922,-1.818,1.708,60.300,31.950,-2.550,30.5
23:20:00.560,76079,-7.786,0.457,3.172,1.313,-1.607,1.988,60.300,31.950,-2.550,30.3
23:20:00.614,76133,-6.503,2.234,5.708,1.464,-1.889,2.534,60.300,31.950,-2.550,30.5
23:20:00.668,76187,-4.638,3.091,5.464,1.219,-1.755,2.281,60.300,31.950,-2.550,30.4
23:20:00.722,76241,-2.921,5.976,7.195,0.714,-2.010,2.279,43.500,47.850,0.000,30.5
23:20:00.776,76295,-2.229,6.694,7.238,0.874,-1.683,1.789,31.800,51.900,-1.500,30.3
23:20:00.830,76349,-0.931,6.809,5.059,0.571,-1.789,1.836,31.800,51.900,-1.500,30.2
23:20:00.885,76403,-0.235,9.345,7.561,0.479,-1.755,2.030,21.600,53.700,-2.850,30.4
23:20:00.938,76457,1.504,8.543,6.907,0.511,-1.414,1.931,21.600,53.700,-2.850,30.7
23:20:00.992,76511,1.712,8.416,6.596,0.633,-1.486,1.640,9.000,51.150,-4.200,30.5
23:20:01.046,76565,2.483,8.799,6.481,0.624,-1.477,1.555,9.000,51.150,-4.200,30.3
23:20:01.100,76619,3.297,8.124,5.962,0.852,-1.411,1.414,9.000,51.150,-4.200,30.5
23:20:01.154,76673,4.219,8.037,5.083,0.521,-1.595,1.299,9.000,51.150,-4.200,30.5
23:20:01.208,76727,5.734,8.078,4.602,0.383,-1.492,1.199,-10.950,48.450,-11.850,30.6
23:20:01.262,76781,5.739,7.803,4.537,0.387,-1.147,0.959,-10.950,48.450,-11.850,30.4
23:20:01.316,76835,6.381,7.219,3.407,0.371,-1.144,0.919,-18.000,46.200,-14.700,30.4
23:20:01.370,76889,6.730,6.088,3.795,0.205,-1.210,0.920,-20.850,41.250,-16.800,30.5
23:20:01.424,76943,7.582,6.661,2.777,0.233,-1.034,0.666,-20.850,41.250,-16.800,30.6
23:20:01.478,76997,8.916,5.820,2.409,0.688,-0.491,0.764,-23.550,37.650,-18.000,30.5
23:20:01.532,77051,8.739,6.314,1.269,0.231,-0.801,0.528,-23.550,37.650,-18.000,30.6
23:20:01.586,77105,8.226,6.146,1.326,0.543,-0.349,0.582,-23.550,37.650,-18.000,30.7
23:20:01.640,77159,7.685,5.514,2.219,0.628,-0.114,0.346,-23.550,37.650,-18.000,30.5
23:20:01.695,77213,8.023,6.084,1.753,0.358,-0.121,0.162,-28.650,34.350,-22.950,30.5
23:20:01.748,77267,7.728,6.768,1.867,0.124,-0.151,0.173,-28.650,34.350,-22.950,30.2
23:20:01.802,77321,8.006,6.572,1.221,-0.105,-0.029,0.088,-28.950,33.600,-23.700,30.4
23:20:01.856,77375,7.977,5.986,1.317,-0.285,0.074,-0.081,-28.950,33.600,-23.700,30.6
23:20:01.910,77429,8.203,5.976,1.776,-0.468,0.264,-0.226,-31.050,33.450,-23.100,30.7
23:20:01.964,77483,8.370,6.122,1.350,-0.364,0.536,-0.378,-31.050,33.450,-23.100,30.7
23:20:02.018,77537,8.018,6.378,2.950,-0.499,0.574,-0.655,-28.500,35.250,-21.750,30.4
23:20:02.072,77591,7.767,7.319,3.057,-0.596,1.027,-0.805,-28.500,35.250,-21.750,30.2
23:20:02.126,77645,7.386,7.087,3.697,-0.865,1.162,-1.168,-28.500,35.250,-21.750,30.4
23:20:02.180,77699,7.434,6.874,4.231,-1.003,1.341,-1.184,-21.750,39.600,-13.200,30.7
23:20:02.234,77753,6.991,8.011,4.994,-1.277,1.602,-1.368,-21.750,39.600,-13.200,30.4
23:20:02.288,77807,7.185,8.576,5.600,-1.380,1.943,-1.484,-14.700,43.500,-8.100,30.5
23:20:02.342,77861,5.188,7.333,5.827,-1.372,2.300,-1.623,-14.700,43.500,-8.100,30.5
23:20:02.396,77915,2.866,6.855,7.020,-1.016,2.135,-1.646,-4.200,45.000,-4.500,30.5
23:20:02.450,77969,2.552,6.955,7.216,-0.699,2.291,-1.501,-4.200,45.000,-4.500,30.4
23:20:02.504,78023,0.680,6.752,8.013,-0.627,2.306,-1.610,8.700,49.650,-1.500,30.7
23:20:02.558,78077,-1.166,5.942,8.016,-0.758,2.390,-1.767,8.700,49.650,-1.500,30.6
23:20:02.612,78131,-3.010,4.499,6.833,-0.920,2.297,-1.753,8.700,49.650,-1.500,30.5
23:20:02.666,78185,-4.389,4.152,6.812,-0.600,2.425,-1.747,35.550,48.900,3.000,30.4
23:20:02.720,78239,-5.600,3.445,6.361,-0.754,2.245,-1.692,35.550,48.900,3.000,30.2
23:20:02.774,78293,-6.230,2.531,5.495,-0.624,1.976,-1.669,47.400,41.850,3.000,30.7
23:20:02.828,78347,-6.589,1.441,4.585,-0.723,1.667,-1.557,47.400,41.850,3.000,30.4
23:20:02.882,78401,-6.857,-0.491,3.598,-0.121,1.193,-1.708,54.750,37.050,1.800,30.5
23:20:02.936,78455,-6.701,-0.299,2.907,0.080,0.693,-1.470,54.750,37.050,1.800,30.7
23:20:02.990,78509,-6.859,-1.113,2.442,0.674,0.296,-0.736,57.750,30.900,0.300,30.7
23:20:03.044,78563,-7.336,-1.391,2.471,0.598,-0.097,0.453,57.750,30.900,0.300,30.5
23:20:03.098,78617,-8.128,-1.334,3.338,0.481,-0.453,1.083,57.750,30.900,0.300,30.5
23:20:03.152,78671,-7.819,-0.563,2.832,0.431,-0.731,1.614,57.750,30.900,0.300,30.2
23:20:03.206,78725,-7.678,0.922,3.831,0.395,-0.797,2.174,55.800,36.600,-0.300,30.5
23:20:03.260,78779,-7.896,2.614,5.782,1.098,-1.377,2.506,50.550,45.600,-1.800,30.4
23:20:03.314,78833,-6.148,3.984,6.891,1.985,-1.561,2.644,50.550,45.600,-1.800,30.7
23:20:03.368,78887,-4.755,6.268,5.231,0.945,-1.152,1.797,38.550,53.850,-5.250,30.4
23:20:03.422,78941,-4.458,7.515,6.019,0.463,-1.308,1.444,38.550,53.850,-5.250,30.7
23:20:03.476,78995,-3.426,7.408,5.574,0.389,-1.234,1.592,31.200,55.200,-11.700,30.4
23:20:03.530,79049,-3.163,8.241,5.794,0.277,-1.326,1.791,31.200,55.200,-11.700,30.4
23:20:03.585,79103,-1.583,6.460,5.488,0.347,-1.240,1.599,31.200,55.200,-11.700,30.5
23:20:03.642,79157,-0.649,9.045,6.457,0.398,-1.388,1.692,31.200,55.200,-11.700,30.2
23:20:03.696,79211,0.532,6.960,4.767,1.073,-1.080,1.228,11.250,52.350,-8.550,30.4
23:20:03.750,79265,2.234,8.765,5.365,0.642,-1.294,1.507,11.250,52.350,-8.550,30.7
23:20:03.804,79319,2.868,9.115,5.083,0.857,-0.940,1.300,3.150,51.150,-7.350,30.7
23:20:03.858,79373,3.536,8.631,4.080,0.467,-1.040,1.467,-4.650,49.200,-7.350,30.6
23:20:03.912,79427,4.013,8.152,4.841,0.401,-0.921,1.520,-4.650,49.200,-7.350,30.2
23:20:03.966,79481,5.576,7.882,1.887,0.277,-0.822,1.425,-12.900,45.600,-7.950,30.6
23:20:04.016,79535,6.306,7.805,4.353,0.649,-0.678,1.345,-12.900,45.600,-7.950,30.7
23:20:04.070,79589,6.721,7.333,2.634,0.938,-0.596,1.166,-20.850,42.900,-9.450,30.7
23:20:04.124,79643,6.582,7.721,3.385,1.183,-0.341,0.977,-20.850,42.900,-9.450,30.2
23:20:04.178,79697,7.187,7.556,1.812,1.426,0.016,0.938,-21.600,38.250,-14.550,30.4
23:20:04.232,79751,6.981,7.982,2.150,1.100,0.116,0.725,-21.600,38.250,-14.550,30.2
23:20:04.286,79805,6.768,7.142,0.912,0.996,0.195,0.631,-24.900,39.000,-14.550,30.6
23:20:04.340,79859,6.907,7.417,1.003,0.888,0.101,0.527,-24.900,39.000,-14.550,30.7
23:20:04.394,79913,7.384,7.046,0.426,0.596,0.114,0.440,-24.900,39.000,-14.550,30.4
23:20:04.448,79967,7.843,6.642,0.036,0.533,0.084,0.275,-27.300,35.250,-15.450,30.5
23:20:04.502,80021,8.009,6.148,0.065,0.493,0.155,0.068,-27.300,35.250,-15.450,30.7
23:20:04.556,80075,7.930,5.787,-0.266,0.374,0.085,-0.019,-25.950,34.800,-16.050,30.5
23:20:04.610,80129,7.966,5.906,-0.579,0.275,0.013,-0.121,-25.950,34.800,-16.050,30.4
23:20:04.664,80183,7.939,6.014,0.170,0.024,-0.073,-0.166,-26.700,37.050,-15.300,30.4
23:20:04.718,80237,7.853,6.304,0.050,-0.446,-0.099,-0.222,-26.700,37.050,-15.300,30.6
23:20:04.772,80291,7.702,6.299,0.888,-1.056,-0.230,-0.371,-26.400,36.600,-16.050,30.5
23:20:04.826,80345,7.429,6.773,0.529,-1.654,-0.260,-0.432,-26.400,36.600,-16.050,30.5
23:20:04.880,80399,7.307,6.972,1.741,-1.802,-0.276,-0.600,-26.400,36.600,-16.050,30.6
23:20:04.934,80453,7.144,7.118,1.520,-1.806,-0.072,-0.673,-26.400,36.600,-16.050,30.5
23:20:04.988,80507,6.630,6.450,1.504,-1.127,0.018,-0.784,-24.300,38.400,-13.950,30.4
23:20:05.042,80561,6.749,6.754,2.983,-0.753,0.232,-0.633,-24.300,38.400,-13.950,30.7
23:20:05.096,80615,6.902,7.104,2.825,-0.282,0.233,-0.531,-22.500,40.350,-12.600,30.0
23:20:05.150,80669,6.630,6.974,3.249,-0.265,0.484,-0.733,-20.250,40.350,-11.100,30.7
23:20:05.204,80723,6.050,7.151,3.735,-0.462,0.566,-0.854,-20.250,40.350,-11.100,30.5
23:20:05.258,80777,5.880,7.966,4.676,-1.015,0.504,-0.958,-16.650,43.950,-10.950,30.7
23:20:05.312,80831,5.073,8.447,5.586,-1.536,0.578,-1.135,-16.650,43.950,-10.950,30.6
23:20:05.366,80885,3.713,7.389,5.715,-1.793,0.646,-1.035,-16.650,43.950,-10.950,30.2
23:20:05.420,80939,3.481,7.207,6.258,-1.893,0.743,-0.910,-16.650,43.950,-10.950,30.5
23:20:05.474,80993,3.259,7.118,6.735,-1.729,0.895,-0.873,-7.350,43.950,-3.600,30.5
23:20:05.528,81047,2.634,6.515,7.992,-1.840,0.921,-0.885,-7.350,43.950,-3.600,30.2
23:20:05.582,81101,1.863,5.485,8.028,-1.669,1.110,-0.821,-2.700,44.250,-1.500,30.4
23:20:05.636,81155,1.264,4.721,8.595,-1.352,1.270,-0.855,-2.700,44.250,-1.500,30.4
23:20:05.690,81209,1.020,4.214,9.062,-1.275,1.422,-0.699,5.550,45.600,1.800,30.4
23:20:05.744,81263,-0.175,3.479,8.985,-0.841,1.649,-0.745,13.500,45.750,5.550,30.6
23:20:05.798,81317,-1.238,2.066,8.586,-0.725,1.659,-0.607,13.500,45.750,5.550,30.5
23:20:05.852,81371,-2.155,1.755,8.504,-0.463,1.556,-0.585,13.500,45.750,5.550,30.6
23:20:05.906,81425,-2.638,2.143,9.021,-0.736,1.375,-0.583,13.500,45.750,5.550,30.5
23:20:05.960,81479,-4.080,1.690,9.273,-1.021,1.431,-0.775,29.550,41.550,12.600,30.7
23:20:06.014,81533,-4.954,1.547,8.626,-1.069,1.407,-0.889,29.550,41.550,12.600,30.2
23:20:06.068,81587,-4.925,0.512,7.930,-1.048,1.478,-0.913,35.400,35.550,15.600,30.4
23:20:06.122,81641,-5.602,-0.488,6.962,-0.910,1.460,-0.780,35.400,35.550,15.600,30.5
23:20:06.176,81695,-5.909,-0.469,7.951,-0.979,1.320,-0.702,41.550,28.800,14.400,30.7
23:20:06.230,81749,-6.012,-1.654,7.063,-1.006,1.290,-0.654,41.550,28.800,14.400,30.5
23:20:06.284,81803,-6.558,-2.591,6.115,-0.477,1.405,-0.702,46.200,21.150,14.250,30.6
23:20:06.338,81857,-7.163,-3.237,5.013,0.230,1.341,-0.560,46.200,21.150,14.250,30.4
23:20:06.392,81911,-7.549,-2.794,4.403,0.706,1.261,-0.285,46.200,21.150,14.250,30.6
23:20:06.446,81965,-7.908,-2.715,4.233,0.659,1.148,-0.170,55.200,19.050,6.750,30.7
23:20:06.500,82019,-8.483,-3.297,3.534,0.614,1.211,-0.220,55.200,19.050,6.750,30.2
23:20:06.558,82073,-8.859,-3.203,2.263,0.778,0.976,-0.064,58.800,18.150,4.650,30.1
23:20:06.608,82127,-8.950,-3.079,2.131,0.544,0.436,0.361,58.800,18.150,4.650,30.5
23:20:06.662,82181,-8.724,-2.488,0.730,0.343,-0.124,0.816,58.800,18.150,4.650,30.6
23:20:06.716,82235,-8.408,-2.550,1.350,0.573,-0.914,1.215,58.800,18.150,4.650,30.5
23:20:06.770,82289,-7.774,-2.054,1.446,1.594,-1.510,1.693,58.800,26.550,3.600,30.7
23:20:06.824,82343,-7.034,-0.745,2.231,2.195,-1.954,2.011,58.800,26.550,3.600,30.6
23:20:06.878,82397,-6.021,1.642,3.996,2.624,-2.091,2.633,52.500,38.550,3.900,30.5
23:20:06.932,82451,-4.367,4.293,6.237,3.580,-1.954,3.090,41.700,53.700,-5.100,30.5
23:20:06.986,82505,-3.560,7.585,7.817,2.827,-1.723,2.837,41.700,53.700,-5.100,30.4
23:20:07.040,82559,-1.288,7.848,3.211,2.614,-0.561,2.169,28.800,55.800,-17.250,30.4
23:20:07.094,82613,-0.038,10.384,3.869,1.613,-0.521,2.354,28.800,55.800,-17.250,30.7
23:20:07.148,82667,-0.105,10.496,2.892,1.347,0.213,1.866,28.800,55.800,-17.250,30.5
23:20:07.202,82721,-0.053,10.482,2.703,0.815,0.039,1.883,28.800,55.800,-17.250,30.4
23:20:07.256,82775,1.176,10.606,2.303,1.082,-0.005,1.913,7.800,49.500,-18.600,30.5
23:20:07.310,82829,1.470,10.065,0.031,0.695,-0.256,1.689,7.800,49.500,-18.600,30.5
23:20:07.364,82883,2.169,11.181,1.429,0.480,-0.353,1.859,-0.450,47.250,-15.150,30.7
23:20:07.418,82937,2.775,9.421,1.697,-0.070,-0.885,1.687,-0.450,47.250,-15.150,30.5
23:20:07.472,82991,4.377,9.704,1.358,-0.317,-0.845,1.521,-8.250,48.450,-12.900,30.2
23:20:07.526,83045,5.045,8.777,-0.215,-0.153,-0.886,1.390,-8.250,48.450,-12.900,30.4
23:20:07.580,83099,6.299,7.611,0.393,0.112,-0.856,1.276,-13.950,45.300,-12.900,30.4
23:20:07.634,83153,6.431,8.928,0.558,-0.157,-0.679,1.329,-13.950,45.300,-12.900,30.4
23:20:07.688,83207,6.962,6.637,1.338,0.362,-0.523,1.100,-13.950,45.300,-12.900,30.6
23:20:07.742,83261,6.531,7.549,0.297,0.161,-0.412,1.185,-23.400,39.300,-18.600,30.6
23:20:07.796,83315,7.259,6.457,1.322,0.341,-0.527,1.204,-23.400,39.300,-18.600,30.4
23:20:07.850,83369,7.803,5.849,1.434,0.240,-0.468,0.914,-26.250,35.250,-19.500,30.4
23:20:07.904,83423,8.952,5.744,-1.733,0.328,-0.442,0.470,-26.250,35.250,-19.500,30.5
23:20:07.958,83477,8.432,6.709,-0.747,0.456,-0.001,0.384,-28.050,32.250,-21.300,30.0
23:20:08.012,83531,8.080,6.062,-0.208,0.310,0.116,0.260,-28.050,32.250,-21.300,30.5
23:20:08.066,83585,7.776,6.800,0.170,-0.049,0.049,0.197,-28.650,31.200,-21.900,30.7
23:20:08.120,83639,8.406,4.901,-0.333,-0.319,0.066,-0.236,-28.650,31.200,-21.900,30.6
23:20:08.174,83693,8.368,7.424,-0.285,-0.737,0.152,-0.571,-28.650,31.200,-21.900,30.5
23:20:08.228,83747,8.219,7.702,-0.675,-0.731,0.566,-1.110,-26.550,33.750,-19.050,30.5
23:20:08.282,83801,7.331,7.412,1.106,-0.809,0.567,-1.430,-26.550,33.750,-19.050,30.7
23:20:08.336,83855,7.377,8.416,0.673,-0.895,0.668,-1.784,-24.300,38.400,-16.200,30.5
23:20:08.390,83909,6.922,9.395,2.689,-1.409,0.853,-2.075,-24.300,38.400,-16.200,30.5
23:20:08.444,83963,6.148,8.993,1.863,-1.503,0.991,-2.218,-18.150,40.950,-10.500,30.2
23:20:08.498,84017,5.073,9.445,3.567,-1.548,1.002,-2.260,-18.150,40.950,-10.500,30.5
23:20:08.552,84071,4.733,8.954,3.383,-1.500,1.266,-2.217,-7.500,45.750,-8.550,30.7
23:20:08.606,84125,3.366,9.246,5.559,-1.668,1.532,-2.207,-7.500,45.750,-8.550,30.6
23:20:08.660,84179,2.818,8.377,5.370,-2.047,1.539,-2.188,-7.500,45.750,-8.550,30.7
23:20:08.714,84233,0.340,7.298,6.196,-2.066,1.791,-2.245,-7.500,45.750,-8.550,30.6
23:20:08.768,84287,-1.386,6.476,6.045,-1.751,1.612,-2.131,17.700,50.850,-8.550,30.5
23:20:08.822,84341,-2.502,5.023,6.290,-1.470,1.852,-1.843,31.350,53.850,-2.700,30.6
23:20:08.876,84395,-4.099,4.240,6.206,-0.975,1.951,-1.709,31.350,53.850,-2.700,30.5
23:20:08.930,84449,-5.356,3.469,6.579,-1.087,1.718,-1.382,42.600,52.350,3.750,30.4
23:20:08.984,84503,-6.021,1.073,4.911,-0.750,1.698,-1.312,42.600,52.350,3.750,30.5
23:20:09.038,84557,-6.831,0.943,4.903,-0.822,1.704,-1.166,48.300,44.400,5.850,30.5
23:20:09.092,84611,-7.721,0.472,4.774,-0.667,1.565,-1.012,48.300,44.400,5.850,30.5
23:20:09.146,84665,-7.906,0.342,3.687,-0.457,1.474,-0.969,48.300,44.400,5.850,30.6
23:20:09.200,84719,-8.226,-0.419,3.189,-0.132,1.349,-0.857,48.300,44.400,5.850,30.4
23:20:09.254,84773,-8.210,-1.006,2.322,0.150,0.884,-0.601,59.250,30.450,1.050,30.4
23:20:09.308,84827,-8.294,-1.556,2.155,0.399,0.288,0.029,59.250,30.450,1.050,30.4
23:20:09.364,84881,-8.056,-1.530,1.087,0.454,-0.442,0.972,61.050,29.700,-0.600,30.5
23:20:09.420,84935,-8.135,-1.774,0.831,0.988,-0.952,1.377,59.700,35.700,-0.900,30.2
23:20:09.474,84989,-8.222,-0.385,1.987,1.688,-1.337,1.765,59.700,35.700,-0.900,30.4
23:20:09.524,85043,-9.163,8.459,2.631,-1.332,-2.861,1.340,54.000,43.950,0.300,30.5
23:20:09.578,85097,-5.672,-1.324,4.417,-0.380,-2.001,0.746,54.000,43.950,0.300,30.4
23:20:09.632,85151,-7.379,3.400,7.561,0.871,-2.545,1.304,54.000,43.950,0.300,30.5
23:20:09.687,85205,-3.697,3.345,4.702,1.259,-2.448,1.091,54.000,43.950,0.300,30.5
23:20:09.740,85259,-2.174,6.029,7.238,1.231,-1.900,0.974,36.300,51.600,0.450,30.6
23:20:09.794,85313,-1.741,4.695,7.673,0.916,-1.918,1.462,36.300,51.600,0.450,30.5
23:20:09.848,85367,-0.850,8.226,7.573,0.777,-1.726,1.479,27.300,52.350,-0.150,30.5
23:20:09.902,85421,-0.496,5.679,7.281,0.137,-1.692,1.437,27.300,52.350,-0.150,30.5
23:20:09.956,85475,0.278,6.668,8.394,0.573,-1.964,1.276,27.300,52.350,-0.150,30.7
23:20:10.010,85529,2.634,5.466,5.571,0.893,-1.595,1.133,3.600,47.850,-1.800,30.7
23:20:10.064,85583,2.749,7.764,8.801,0.823,-1.988,1.209,3.600,47.850,-1.800,30.5
23:20:10.118,85637,4.693,6.479,5.361,1.318,-1.290,1.148,-5.100,47.550,-5.400,30.7
23:20:10.172,85691,4.793,7.738,6.967,0.970,-1.534,1.343,-5.100,47.550,-5.400,30.5
23:20:10.226,85745,5.849,7.209,3.886,1.447,-1.018,1.229,-13.650,44.850,-8.700,30.4
23:20:10.280,85799,6.340,6.941,4.233,1.364,-1.463,1.553,-13.650,44.850,-8.700,30.6
23:20:10.334,85853,7.939,7.022,2.686,1.486,-1.043,1.435,-20.850,41.250,-14.550,30.2
23:20:10.388,85907,7.903,6.706,2.701,1.569,-0.910,1.421,-20.850,41.250,-14.550,30.4
23:20:10.442,85961,8.729,5.634,1.355,1.096,-0.982,1.390,-20.850,41.250,-14.550,30.8
23:20:10.496,86015,8.564,5.753,0.862,0.794,-0.667,1.111,-20.850,41.250,-14.550,30.7
23:20:10.550,86069,9.139,6.000,0.081,0.564,-0.226,0.687,-29.550,31.800,-24.300,30.2
23:20:10.604,86123,8.277,6.462,0.900,0.438,-0.022,0.283,-29.550,31.800,-24.300,30.4
23:20:10.658,86177,8.241,6.258,0.409,0.656,0.292,0.054,-30.450,29.250,-26.250,30.7
23:20:10.712,86231,8.131,6.086,0.706,0.662,0.394,-0.123,-31.350,29.850,-25.350,30.4
23:20:10.766,86285,8.459,6.249,0.208,0.822,0.521,-0.320,-31.350,29.850,-25.350,30.7
23:20:10.820,86339,8.097,6.249,0.594,0.979,0.366,-0.435,-29.550,29.100,-22.800,30.3
23:20:10.874,86393,8.746,6.175,0.491,0.896,0.427,-0.484,-29.550,29.100,-22.800,30.5
23:20:10.928,86447,9.342,5.334,-1.592,1.842,0.685,-0.952,-29.550,29.100,-22.800,30.4
23:20:10.982,86501,8.310,4.717,-0.783,1.681,0.753,-1.003,-29.550,29.100,-22.800,30.5
23:20:11.036,86555,7.815,5.978,-0.771,2.054,0.472,-1.424,-26.250,36.150,-21.300,30.7
23:20:11.090,86609,7.889,7.494,-1.987,0.718,0.324,-1.707,-26.250,36.150,-21.300,30.6
23:20:11.144,86663,7.082,7.633,-1.456,-0.772,0.341,-1.786,-23.250,42.300,-21.300,30.7
23:20:11.198,86717,6.187,8.523,-1.056,-1.640,0.270,-1.858,-23.250,42.300,-21.300,30.4
23:20:11.252,86771,5.574,9.170,-0.342,-2.274,0.288,-2.051,-18.900,47.550,-18.600,30.4
23:20:11.306,86825,5.344,10.285,1.099,-2.811,0.599,-2.205,-11.850,48.600,-14.850,30.4
23:20:11.360,86879,3.536,9.855,2.854,-2.174,0.597,-2.373,-11.850,48.600,-14.850,30.5
23:20:11.414,86933,2.057,10.915,4.762,-2.685,0.297,-2.336,-11.850,48.600,-14.850,30.6
23:20:11.468,86987,1.267,9.342,4.472,-1.907,0.782,-2.601,-11.850,48.600,-14.850,30.6
23:20:11.522,87041,-0.014,7.946,5.590,-2.303,0.876,-2.447,10.800,51.000,-7.950,30.5
23:20:11.576,87095,-0.735,7.582,6.330,-1.664,1.200,-2.140,10.800,51.000,-7.950,30.7
23:20:11.630,87149,-2.188,5.617,7.084,-1.867,1.659,-2.225,23.850,52.200,-4.650,30.2
23:20:11.684,87203,-3.575,4.530,7.178,-2.320,1.359,-2.187,23.850,52.200,-4.650,30.4
23:20:11.738,87257,-4.784,2.234,7.405,-2.670,1.289,-2.155,23.850,52.200,-4.650,30.2
23:20:11.792,87311,-5.875,1.535,6.879,-1.483,1.437,-2.083,23.850,52.200,-4.650,30.4
23:20:11.846,87365,-5.765,-0.302,5.770,-0.965,1.494,-1.783,45.000,39.000,9.750,30.7
23:20:11.900,87419,-6.507,-0.553,5.739,-0.410,1.515,-1.758,51.300,30.150,8.700,30.3
23:20:11.954,87473,-6.967,-1.721,4.453,0.147,1.552,-1.353,51.300,30.150,8.700,30.7
23:20:12.008,87527,-7.570,-1.571,4.231,0.800,1.650,-1.018,57.150,25.650,3.750,30.7
23:20:12.062,87581,-7.989,-1.654,3.120,1.109,1.556,-0.981,57.150,25.650,3.750,30.6
23:20:12.116,87635,-8.344,-2.444,3.716,1.021,1.534,-1.289,60.450,22.200,-1.950,30.5
23:20:12.170,87689,-8.724,-3.730,4.276,0.596,1.151,-1.045,60.450,22.200,-1.950,30.7
23:20:12.224,87743,-7.980,-3.469,2.823,0.080,0.506,-0.186,60.450,22.200,-1.950,30.2
23:20:12.278,87797,-7.477,-5.239,-0.034,0.195,0.247,0.735,60.450,22.200,-1.950,30.2
23:20:12.332,87851,-8.322,-4.384,0.838,0.555,-0.127,1.583,62.850,20.850,-7.650,30.7
23:20:12.386,87905,-8.301,-4.070,1.537,0.788,-0.770,2.207,62.850,20.850,-7.650,30.5
23:20:12.440,87959,-8.124,-2.073,2.150,0.969,-1.164,2.757,62.400,28.800,-8.100,30.7
23:20:12.494,88013,-8.341,0.287,3.239,1.075,-1.509,2.834,57.900,41.100,-7.350,30.6
23:20:12.548,88067,-7.266,1.640,3.697,1.401,-1.465,2.793,57.900,41.100,-7.350,30.4
23:20:12.602,88121,-5.885,5.253,5.102,1.411,-1.449,2.992,46.650,49.950,-10.050,30.5
23:20:12.656,88175,-3.651,5.614,3.663,1.700,-1.418,2.684,46.650,49.950,-10.050,30.6
23:20:12.710,88229,-2.351,6.742,4.058,1.243,-1.198,2.545,46.650,49.950,-10.050,30.5
23:20:12.764,88283,-1.195,10.786,5.018,0.859,-1.227,2.515,46.650,49.950,-10.050,30.2
23:20:12.818,88337,-0.354,9.256,3.637,0.778,-0.971,2.314,22.500,55.050,-14.400,30.7
23:20:12.872,88391,0.800,9.400,2.789,0.141,-1.454,2.353,22.500,55.050,-14.400,30.5
23:20:12.926,88445,1.257,11.205,5.966,0.406,-1.428,2.105,9.000,53.850,-12.600,30.7
23:20:12.980,88499,3.335,8.052,1.269,0.066,-1.577,1.859,9.000,53.850,-12.600,30.5
23:20:13.034,88553,4.372,10.058,4.752,-0.093,-1.873,2.052,-1.950,52.350,-10.350,30.5
23:20:13.088,88607,5.179,7.932,2.468,-0.124,-1.842,1.733,-13.350,52.350,-10.350,30.6
23:20:13.142,88661,6.649,8.449,4.492,-0.468,-2.231,1.759,-13.350,48.600,-13.050,30.7
23:20:13.196,88715,8.143,7.508,2.926,-0.500,-1.559,1.389,-13.350,48.600,-13.050,30.4
23:20:13.250,88769,7.736,7.733,3.235,-0.248,-1.209,0.875,-13.350,48.600,-13.050,30.5
23:20:13.304,88823,7.807,6.946,2.962,-0.161,-0.989,0.741,-24.900,37.800,-21.150,30.5
23:20:13.358,88877,7.458,7.063,2.909,0.358,-0.683,0.505,-24.900,37.800,-21.150,30.4
23:20:13.412,88931,8.021,6.541,2.473,0.707,-0.337,0.371,-26.400,36.600,-24.450,30.7
23:20:13.466,88985,7.673,5.827,2.025,0.899,-0.035,0.093,-26.400,36.600,-24.450,30.6
23:20:13.520,89039,7.549,6.139,1.805,0.885,0.120,0.052,-26.400,36.600,-24.450,30.6
23:20:13.574,89093,7.829,6.304,1.125,0.674,0.212,0.036,-26.400,36.600,-24.450,30.6
23:20:13.628,89147,7.511,6.407,1.293,0.523,0.174,0.206,-27.450,35.100,-26.550,30.4
23:20:13.682,89201,8.813,6.285,-1.654,0.655,0.470,0.042,-27.450,35.100,-26.550,30.4
23:20:13.736,89255,8.605,5.614,1.417,0.318,0.284,0.157,-29.550,34.950,-24.900,30.7
23:20:13.790,89309,8.638,6.512,-0.826,0.717,0.712,-0.104,-27.450,33.150,-24.450,30.6
23:20:13.844,89363,7.453,5.744,0.996,1.023,0.573,0.041,-27.450,33.150,-24.450,30.5
23:20:13.898,89417,8.162,6.002,-0.230,1.018,0.335,0.014,-26.550,32.250,-23.550,30.5
23:20:13.952,89471,8.861,5.133,-0.330,0.583,0.241,-0.122,-26.550,32.250,-23.550,30.4
23:20:14.006,89525,8.882,7.381,-0.263,-0.343,0.600,-0.191,-26.550,32.250,-23.550,30.6
23:20:14.060,89579,7.755,8.231,1.465,-0.875,0.723,-0.990,-26.550,32.250,-23.550,30.4
23:20:14.114,89633,7.391,7.487,2.064,-0.987,0.655,-1.611,-23.550,34.200,-19.800,30.6
23:20:14.168,89687,7.233,8.497,2.636,-1.433,0.628,-1.641,-23.550,34.200,-19.800,30.3
23:20:14.222,89741,7.367,7.920,3.081,-2.321,0.809,-1.637,-18.150,42.900,-17.100,30.6
23:20:14.276,89795,6.740,8.435,5.243,-2.556,1.308,-1.737,-18.150,42.900,-17.100,30.5
23:20:14.330,89849,5.612,6.594,6.558,-2.651,1.641,-1.471,-11.550,46.350,-13.050,30.5
23:20:14.384,89903,4.614,7.791,7.889,-2.016,2.094,-1.547,-0.900,48.450,-6.000,30.7
23:20:14.438,89957,3.206,6.400,6.527,-0.924,2.598,-1.348,-0.900,48.450,-6.000,30.5
23:20:14.492,90011,2.849,6.953,6.709,-0.373,2.753,-1.103,-0.900,48.450,-6.000,30.4
23:20:14.546,90065,1.178,5.868,7.269,-0.541,3.002,-1.261,-0.900,48.450,-6.000,30.7
23:20:14.600,90119,-1.798,5.152,8.361,-1.054,2.664,-1.383,23.550,50.400,4.200,30.4
23:20:14.654,90173,-3.237,4.408,6.275,-0.821,2.496,-1.443,23.550,50.400,4.200,30.4
23:20:14.708,90227,-4.070,3.383,6.668,-0.517,2.433,-1.565,33.600,46.200,6.000,30.4
23:20:14.762,90281,-4.535,1.724,4.535,-0.548,2.689,-1.650,33.600,46.200,6.000,30.2
23:20:14.816,90335,-5.696,2.164,5.392,-0.912,2.299,-1.642,42.750,41.250,4.350,30.7
23:20:14.870,90389,-6.534,0.826,2.641,-0.419,2.229,-1.580,42.750,41.250,4.350,30.5
23:20:14.924,90443,-7.609,0.139,3.105,0.162,2.154,-1.642,51.750,34.350,1.800,30.7
23:20:14.978,90497,-8.291,-0.460,1.894,0.420,1.738,-1.530,51.750,34.350,1.800,30.6
23:20:15.032,90551,-8.693,-1.130,1.214,0.637,1.615,-1.433,51.750,34.350,1.800,30.6
23:20:15.086,90605,-8.638,-1.192,0.127,0.986,1.409,-0.927,63.450,23.700,-10.050,30.5
23:20:15.140,90659,-9.661,-1.930,-0.769,1.547,1.461,-0.628,63.450,23.700,-10.050,30.5
23:20:15.194,90713,-9.670,-2.993,-1.815,2.070,1.311,-0.218,66.600,22.800,-16.350,30.7
23:20:15.248,90767,-9.323,-3.445,-0.754,2.115,0.887,0.066,66.600,22.800,-16.350,30.4
23:20:15.301,90821,-8.212,-2.938,-1.458,1.034,0.329,1.015,66.600,22.800,-16.350,30.6
23:20:15.356,90875,-8.777,-2.911,-0.658,0.390,-0.163,1.596,66.600,22.800,-16.350,30.4
23:20:15.410,90929,-8.875,-2.361,-0.699,0.090,-0.638,2.267,65.850,28.500,-25.950,30.5
23:20:15.464,90983,-8.655,-1.156,-0.788,0.246,-0.849,2.725,65.850,28.500,-25.950,30.5
23:20:15.518,91037,-7.779,1.523,-0.273,0.450,-1.083,3.196,65.850,28.500,-25.950,30.2
23:20:15.572,91091,-7.664,3.464,0.517,-0.144,-1.260,3.799,57.300,47.850,-22.950,30.2
23:20:15.626,91145,-6.033,6.711,1.707,-0.565,-1.514,3.733,57.300,47.850,-22.950,30.4
23:20:15.680,91199,-4.834,7.757,1.192,-0.004,-1.352,3.419,45.000,56.700,-23.400,30.7
23:20:15.734,91253,-3.417,9.579,3.651,-1.446,-1.859,3.275,45.000,56.700,-23.400,30.4
23:20:15.788,91307,-1.669,9.316,2.531,-0.642,-1.635,2.709,30.900,55.650,-20.400,30.4
23:20:15.842,91361,-0.165,7.901,2.497,-0.608,-1.856,2.630,30.900,55.650,-20.400,30.7
23:20:15.896,91415,1.130,10.805,6.294,-0.393,-2.081,2.476,16.500,52.650,-14.700,30.5
23:20:15.950,91469,2.799,10.077,4.645,0.448,-1.650,2.361,16.500,52.650,-14.700,30.5
23:20:16.004,91523,5.543,8.200,3.713,0.459,-1.664,1.884,16.500,52.650,-14.700,30.4
23:20:16.058,91577,5.107,8.607,3.582,0.643,-1.144,1.748,16.500,52.650,-14.700,30.2
23:20:16.112,91631,5.928,8.279,3.304,0.593,-1.055,1.602,-7.200,44.250,-15.450,30.2
23:20:16.166,91685,6.361,8.590,2.832,0.816,-0.795,1.390,-7.200,44.250,-15.450,30.5
23:20:16.220,91739,6.902,7.937,2.006,0.745,-0.897,1.350,-14.700,40.350,-17.700,30.4
23:20:16.274,91793,7.216,7.204,1.307,0.698,-0.808,1.227,-19.650,36.600,-19.650,30.5
23:20:16.328,91847,7.587,6.737,0.745,0.867,-0.628,0.997,-19.650,36.600,-19.650,30.7
23:20:16.382,91901,7.714,6.591,0.747,0.802,-0.423,0.827,-22.650,34.350,-22.200,30.7
23:20:16.436,91955,8.305,6.953,-0.314,0.294,-0.325,0.676,-22.650,34.350,-22.200,30.5
23:20:16.490,92009,7.707,5.808,0.692,0.869,-0.191,0.444,-22.650,34.350,-22.200,30.5
23:20:16.544,92063,7.968,5.701,0.383,0.563,-0.292,0.370,-22.650,34.350,-22.200,30.5
23:20:16.598,92117,8.586,6.819,0.067,0.418,-0.029,0.117,-25.200,29.700,-24.450,30.5
23:20:16.652,92171,9.024,7.106,-1.101,-0.292,0.331,-0.080,-25.200,29.700,-24.450,30.7
23:20:16.706,92225,7.183,6.701,2.263,-0.746,0.358,-0.353,-25.950,30.900,-24.450,30.7
23:20:16.760,92279,8.100,6.318,0.206,-0.280,0.251,-0.978,-25.950,30.900,-24.450,30.2
23:20:16.814,92333,8.861,7.154,-1.077,-0.468,0.824,-1.415,-26.250,33.000,-23.550,30.5
23:20:16.868,92387,7.930,8.411,1.623,-0.730,1.229,-1.945,-22.350,36.600,-21.150,30.5
23:20:16.922,92441,7.638,8.552,2.002,-0.612,1.344,-2.386,-22.350,36.600,-21.150,30.4
23:20:16.976,92495,6.467,9.768,2.579,-1.409,1.346,-2.541,-22.350,36.600,-21.150,30.4
23:20:17.030,92549,5.454,9.407,3.692,-1.434,1.282,-2.495,-22.350,36.600,-21.150,30.2
23:20:17.084,92603,4.535,9.986,4.046,-1.605,1.443,-2.594,-2.400,48.450,-15.450,30.4
23:20:17.138,92657,4.527,9.385,4.391,-1.808,1.589,-2.631,-2.400,48.450,-15.450,30.7
23:20:17.192,92711,3.100,9.426,5.964,-2.382,1.906,-2.779,10.950,53.550,-11.400,30.6
23:20:17.246,92765,-0.132,8.174,6.704,-2.750,2.256,-2.718,10.950,53.550,-11.400,30.5
23:20:17.300,92819,-2.895,5.476,5.813,-2.244,2.558,-2.472,25.950,53.700,-2.100,30.5
23:20:17.354,92873,-3.646,3.496,5.799,-1.236,2.347,-2.249,25.950,53.700,-2.100,30.7
23:20:17.408,92927,-4.693,2.397,5.734,-0.663,2.352,-2.128,40.050,46.500,6.300,30.4
23:20:17.462,92981,-6.177,1.525,4.511,-0.111,2.231,-2.184,40.050,46.500,6.300,30.2
23:20:17.516,93035,-6.974,0.613,3.577,0.280,1.890,-2.176,40.050,46.500,6.300,30.5
23:20:17.570,93089,-7.175,-0.151,3.261,0.425,1.662,-1.789,58.050,31.650,0.300,30.7
23:20:17.624,93143,-7.908,-0.967,3.393,0.670,1.352,-1.643,58.050,31.650,0.300,30.5
23:20:17.678,93197,-8.516,-2.136,2.277,0.476,0.749,-0.981,61.350,27.450,-5.100,30.3
23:20:17.732,93251,-9.112,-5.061,-0.376,0.310,0.797,-0.496,61.350,27.450,-5.100,30.5
23:20:17.785,93305,-9.222,-3.184,0.373,0.501,0.233,0.240,61.350,27.450,-5.100,30.6
23:20:17.840,93359,-8.995,-3.697,0.771,0.518,-0.245,0.828,61.350,27.450,-5.100,30.5
23:20:17.894,93413,-8.976,-2.447,1.331,0.527,-0.553,1.330,64.650,26.400,-8.100,30.4
23:20:17.948,93467,-8.784,-1.255,1.999,0.499,-0.918,1.872,64.650,26.400,-8.100,30.6
23:20:18.002,93521,-8.337,0.172,2.061,0.438,-1.033,2.083,62.100,34.350,-6.900,30.4
23:20:18.056,93575,-7.915,1.070,2.758,0.684,-0.953,2.352,58.200,42.600,-7.350,30.7
23:20:18.110,93629,-7.216,4.209,4.314,0.478,-1.158,2.826,58.200,42.600,-7.350,30.7
23:20:18.164,93683,-5.114,5.341,4.511,1.379,-1.318,2.624,49.050,52.500,-10.200,30.5
23:20:18.218,93737,-4.310,7.089,3.074,-0.106,-1.189,2.493,49.050,52.500,-10.200,30.4
23:20:18.272,93791,-3.603,8.052,4.994,0.557,-1.318,2.199,49.050,52.500,-10.200,30.9
23:20:18.326,93845,-2.811,7.535,3.156,0.149,-1.216,2.353,49.050,52.500,-10.200,30.6
23:20:18.379,93899,-1.063,9.720,4.865,0.537,-1.554,2.025,30.150,56.400,-12.750,30.4
23:20:18.434,93953,-0.769,8.380,4.434,0.771,-1.150,1.911,30.150,56.400,-12.750,30.5
23:20:18.488,94007,1.190,8.921,3.019,0.465,-1.456,1.718,18.900,52.950,-14.550,30.4
23:20:18.542,94061,0.900,10.032,6.098,0.388,-1.137,1.927,18.900,52.950,-14.550,30.5
23:20:18.595,94115,3.115,8.303,3.115,0.734,-1.236,1.588,7.050,49.800,-14.250,30.5
23:20:18.650,94169,4.108,8.174,3.876,0.430,-1.072,1.750,-2.550,49.050,-15.600,30.4
23:20:18.704,94223,5.514,8.545,2.911,0.434,-1.131,1.588,-2.550,49.050,-15.600,30.5
23:20:18.758,94277,6.285,8.832,3.280,0.364,-0.846,1.480,-2.550,49.050,-15.600,30.6
23:20:18.812,94331,6.316,8.475,2.392,0.173,-1.058,1.406,-2.550,49.050,-15.600,30.5
23:20:18.866,94385,6.472,7.910,2.140,0.302,-0.934,1.234,-15.600,40.950,-17.850,30.4
23:20:18.920,94439,7.168,7.262,1.223,0.600,-0.703,1.041,-15.600,40.950,-17.850,30.3
23:20:18.973,94493,7.398,7.858,1.015,0.326,-0.818,0.858,-20.400,35.550,-19.350,30.2
23:20:19.028,94547,7.915,7.144,0.385,0.152,-0.382,0.553,-20.400,35.550,-19.350,30.6
23:20:19.082,94601,7.329,7.094,1.712,0.007,-0.317,0.222,-20.400,35.550,-19.350,30.6
23:20:19.136,94655,7.195,7.317,1.314,0.118,-0.234,0.112,-20.400,35.550,-19.350,30.5
23:20:19.191,94709,7.398,6.752,0.764,-0.190,-0.041,-0.352,-23.400,33.900,-22.950,30.4
23:20:19.243,94763,7.575,7.915,1.717,-0.451,0.284,-0.462,-23.400,33.900,-22.950,30.6
23:20:19.298,94817,7.901,7.147,0.716,-0.949,0.472,-0.826,-23.250,34.950,-23.100,30.5
23:20:19.352,94871,6.586,8.667,3.505,-1.136,0.841,-0.950,-21.000,37.950,-19.800,30.7
23:20:19.406,94925,6.970,8.880,2.909,-1.251,1.001,-1.305,-21.000,37.950,-19.800,30.4
23:20:19.460,94979,6.888,8.547,3.062,-1.193,1.361,-1.461,-15.900,40.950,-16.350,30.7
23:20:19.514,95033,6.318,8.286,3.227,-1.006,1.677,-1.560,-15.900,40.950,-16.350,30.4
23:20:19.568,95087,5.069,8.308,4.621,-0.852,1.600,-1.605,-15.900,40.950,-16.350,30.4
23:20:19.622,95141,3.926,7.458,5.250,-1.115,1.485,-1.688,-15.900,40.950,-16.350,30.6
23:20:19.675,95195,3.062,8.298,6.088,-1.265,1.397,-1.359,2.100,49.800,-9.450,30.5
23:20:19.730,95249,2.796,5.148,4.300,-1.103,1.628,-1.185,2.100,49.800,-9.450,30.6
23:20:19.784,95303,0.711,8.200,6.572,-1.053,1.543,-1.278,10.800,49.800,-5.100,30.4
23:20:19.838,95357,-0.132,7.063,6.402,-1.383,1.541,-1.116,10.800,49.800,-5.100,30.6
23:20:19.891,95411,-1.609,5.143,6.586,-1.438,1.825,-1.208,19.650,51.750,1.050,30.2
23:20:19.945,95465,-2.828,6.491,7.951,-1.731,1.766,-1.339,28.950,49.800,5.400,30.4
23:20:20.000,95519,-4.331,3.349,6.409,-1.642,1.830,-1.364,28.950,49.800,5.400,30.6
23:20:20.054,95573,-5.416,3.306,7.013,-1.129,1.669,-1.312,28.950,49.800,5.400,30.5
23:20:20.107,95627,-5.277,0.996,6.067,-0.706,1.513,-1.011,28.950,49.800,5.400,30.6
23:20:20.162,95681,-6.069,1.767,6.553,-0.637,1.642,-1.136,42.000,37.800,10.200,30.6
23:20:20.216,95735,-6.615,1.207,5.966,-0.495,1.621,-0.896,42.000,37.800,10.200,30.5
23:20:20.270,95789,-7.029,0.560,5.756,-0.835,1.578,-0.957,49.800,31.650,8.700,30.5
23:20:20.324,95843,-7.652,-0.520,4.628,-0.964,1.685,-0.997,49.800,31.650,8.700,30.2
23:20:20.378,95897,-8.291,-1.056,3.519,-0.468,1.731,-0.887,49.800,31.650,8.700,30.3
23:20:20.431,95951,-8.021,-1.982,1.997,0.045,1.737,-0.753,49.800,31.650,8.700,30.5
23:20:20.485,96005,-8.006,-1.994,1.681,0.455,1.519,-0.529,58.050,19.650,1.800,30.6
23:20:20.539,96059,-8.279,-2.325,0.627,0.668,1.009,0.035,61.800,21.150,-3.150,30.7
23:20:20.594,96113,-9.591,-2.265,-0.256,0.636,0.621,0.239,61.800,21.150,-3.150,30.6
23:20:20.648,96167,-9.792,-2.428,-0.280,0.603,0.234,0.638,65.100,20.100,-6.450,30.6
23:20:20.702,96221,-9.550,-1.322,0.158,0.266,-0.224,0.721,65.100,20.100,-6.450,30.7
23:20:20.756,96275,-9.261,-1.147,-0.127,0.359,-0.706,0.916,64.350,25.800,-5.850,30.5
23:20:20.810,96329,-9.280,-1.046,0.172,0.899,-1.323,0.941,64.350,25.800,-5.850,30.2
23:20:20.864,96383,-9.108,0.048,0.345,1.086,-1.664,1.261,64.350,25.800,-5.850,30.2
23:20:20.918,96437,-8.720,0.989,2.150,1.113,-1.908,1.505,64.350,25.800,-5.850,30.7
23:20:20.971,96491,-7.609,1.760,3.417,1.322,-1.921,1.755,55.650,38.850,-0.150,30.5
23:20:21.026,96545,-6.943,3.249,4.671,0.991,-1.926,1.977,55.650,38.850,-0.150,30.6
23:20:21.079,96599,-5.741,4.719,5.734,0.998,-2.079,2.093,47.100,47.700,-0.150,30.2
23:20:21.134,96653,-4.164,5.516,5.464,0.488,-1.901,1.836,39.300,53.100,-0.900,30.5
23:20:21.188,96707,-3.043,6.522,6.869,0.312,-1.891,1.590,39.300,53.100,-0.900,30.6
23:20:21.242,96761,-2.255,6.668,6.019,0.268,-1.742,1.521,28.500,54.600,-3.000,30.5
23:20:21.296,96815,-1.180,7.925,6.361,0.565,-1.943,1.580,28.500,54.600,-3.000,30.2
23:20:21.350,96869,-0.251,8.083,7.135,0.693,-1.701,1.494,28.500,54.600,-3.000,30.4
23:20:21.404,96923,1.319,8.569,5.906,0.568,-1.881,1.552,28.500,54.600,-3.000,30.3
23:20:21.457,96977,2.049,9.266,6.467,0.717,-1.309,1.296,8.250,52.350,-9.600,30.7
23:20:21.512,97031,3.543,7.604,4.005,0.644,-1.338,1.265,8.250,52.350,-9.600,30.5
23:20:21.566,97085,3.984,9.541,6.893,0.654,-1.522,1.395,0.600,50.550,-11.250,30.7
23:20:21.619,97139,5.253,7.506,3.455,0.720,-1.299,1.233,0.600,50.550,-11.250,30.6
23:20:21.674,97193,5.765,8.765,4.266,0.553,-1.268,1.126,-7.500,46.200,-15.150,30.5
23:20:21.727,97247,5.839,8.112,3.627,0.425,-1.107,1.064,-7.500,46.200,-15.150,30.4
23:20:21.782,97301,6.474,8.004,3.661,0.641,-0.930,0.813,-14.250,42.600,-16.950,30.4
23:20:21.836,97355,6.891,7.824,2.928,0.698,-0.664,0.752,-14.250,42.600,-16.950,30.4
23:20:21.894,97409,6.780,7.458,3.017,0.756,-0.635,0.701,-14.250,42.600,-16.950,30.5
23:20:21.947,97463,7.441,7.602,3.014,0.603,-0.412,0.569,-20.100,37.800,-21.450,30.7
23:20:22.002,97517,7.642,7.123,0.654,0.347,0.006,0.233,-20.100,37.800,-21.450,30.5
23:20:22.052,97571,6.771,7.970,2.928,0.391,0.254,0.019,-22.800,37.950,-23.550,30.7
23:20:22.105,97625,7.599,6.517,0.362,0.044,0.380,-0.261,-22.800,37.950,-23.550,30.5
23:20:22.159,97679,7.199,7.958,2.444,-0.288,0.316,-0.236,-21.750,37.200,-21.000,30.7
23:20:22.214,97733,7.456,7.889,0.888,-0.619,0.678,-0.670,-21.750,37.200,-21.000,30.7
23:20:22.268,97787,6.812,7.985,2.535,-1.188,0.929,-0.796,-18.900,35.850,-20.400,30.4
23:20:22.322,97841,6.965,9.074,4.635,-1.913,1.249,-1.001,-18.900,35.850,-20.400,30.5
23:20:22.375,97895,6.299,9.692,6.045,-2.164,1.754,-1.336,-18.900,35.850,-20.400,30.5
23:20:22.430,97949,4.879,8.598,6.670,-2.149,2.207,-1.587,-6.750,41.850,-11.850,30.2
23:20:22.483,98003,4.379,8.004,6.917,-1.916,2.345,-1.473,-6.750,41.850,-11.850,30.5
23:20:22.538,98057,3.464,7.183,8.626,-1.883,2.795,-1.447,4.650,47.700,-5.250,30.5
23:20:22.592,98111,1.630,5.602,8.176,-1.255,3.050,-1.581,4.650,47.700,-5.250,30.7
23:20:22.645,98165,0.948,5.133,7.951,-0.816,3.194,-1.569,18.300,49.650,4.200,30.7
23:20:22.700,98219,-1.307,5.394,6.160,-0.658,3.586,-1.434,18.300,49.650,4.200,30.7
23:20:22.753,98273,-4.113,3.644,7.822,-0.432,3.290,-1.674,31.200,47.550,8.700,30.3
23:20:22.808,98327,-5.270,2.109,5.306,-0.245,2.896,-1.682,31.200,47.550,8.700,30.5
23:20:22.861,98381,-6.273,2.143,3.950,-0.266,2.565,-1.650,31.200,47.550,8.700,30.7
23:20:22.916,98435,-6.843,1.501,3.917,-0.032,2.099,-1.654,31.200,47.550,8.700,30.2
23:20:22.970,98489,-7.611,0.524,2.840,0.256,1.857,-1.402,53.250,33.150,2.100,30.4
23:20:23.024,98543,-8.502,-0.333,1.908,0.421,1.664,-1.365,59.700,28.350,-1.950,30.5
23:20:23.077,98597,-8.418,-0.668,1.298,0.444,1.398,-1.128,59.700,28.350,-1.950,30.7
23:20:23.131,98651,-8.406,-1.568,0.874,0.895,1.186,-0.897,62.550,23.850,-8.400,30.4
23:20:23.186,98705,-8.090,-2.653,-0.450,1.043,0.924,-0.401,62.550,23.850,-8.400,30.5
23:20:23.240,98759,-9.117,-2.389,-0.634,0.937,0.528,-0.025,65.100,23.850,-10.500,30.3
23:20:23.293,98813,-9.718,-2.957,-1.501,0.371,-0.202,0.561,65.100,23.850,-10.500,30.7
23:20:23.348,98867,-10.096,-2.705,-0.723,0.275,-0.694,0.966,65.100,23.850,-10.500,30.7
23:20:23.402,98921,-9.902,-2.002,-1.065,0.549,-0.982,1.157,65.100,23.850,-10.500,30.5
23:20:23.456,98975,-9.244,-1.544,0.316,0.840,-1.259,1.304,64.650,29.100,-10.650,30.5
23:20:23.510,99029,-8.574,-0.242,1.085,1.058,-1.350,1.798,64.650,29.100,-10.650,30.7
23:20:23.563,99083,-8.255,1.267,2.605,1.092,-1.452,2.192,61.050,37.500,-8.700,30.6
23:20:23.618,99137,-7.135,2.531,2.495,1.025,-1.320,2.931,61.050,37.500,-8.700,30.5
23:20:23.672,99191,-5.655,3.057,2.842,1.247,-1.039,2.708,61.050,37.500,-8.700,30.5
23:20:23.726,99245,-4.748,6.476,4.276,0.934,-1.259,3.405,43.500,54.450,-14.250,30.3
23:20:23.779,99299,-2.576,9.596,3.053,0.768,-1.090,2.983,43.500,54.450,-14.250,30.2
23:20:23.833,99353,-1.817,9.215,3.924,0.504,-1.070,2.971,32.550,57.300,-18.000,30.5
23:20:23.888,99407,-0.285,9.708,1.798,-0.001,-1.190,2.941,32.550,57.300,-18.000,30.5
23:20:23.942,99461,2.389,10.319,3.455,0.665,-1.010,2.753,18.150,54.000,-19.650,30.5
23:20:23.996,99515,3.381,10.297,1.829,0.269,-1.121,2.482,18.150,54.000,-19.650,30.5
23:20:24.049,99569,3.852,9.984,2.753,0.533,-1.089,2.255,5.700,49.650,-18.750,30.5
23:20:24.104,99623,4.990,9.859,1.911,0.581,-1.215,2.021,5.700,49.650,-18.750,30.5
23:20:24.158,99677,5.016,10.017,2.131,0.403,-1.285,1.925,5.700,49.650,-18.750,30.3
23:20:24.212,99731,6.021,8.957,1.135,0.221,-1.333,1.670,-13.650,39.000,-18.150,30.4
23:20:24.266,99785,6.472,8.854,1.168,-0.039,-1.318,1.553,-13.650,39.000,-18.150,30.6
23:20:24.320,99839,6.943,8.291,0.845,-0.051,-1.401,1.313,-19.350,35.850,-20.400,30.5
23:20:24.374,99893,7.554,8.040,1.188,-0.129,-1.294,1.177,-19.350,35.850,-20.400,30.4
23:20:24.428,99947,8.440,5.854,-1.008,0.035,-0.925,0.818,-23.100,34.350,-22.650,30.4
23:20:24.482,100001,8.167,6.833,0.414,-0.021,-0.567,0.497,-23.100,34.350,-22.650,30.5
23:20:24.535,100055,8.614,5.595,-0.450,0.018,-0.048,0.249,-24.900,32.850,-27.750,30.5
23:20:24.589,100109,7.834,6.563,0.424,0.108,0.171,0.169,-24.900,32.850,-27.750,30.5
23:20:24.643,100163,8.207,5.928,0.165,0.143,0.260,0.075,-24.900,32.850,-27.750,30.5
23:20:24.697,100217,7.956,7.192,0.318,-0.076,0.405,-0.164,-24.900,32.850,-27.750,30.4
23:20:24.752,100271,8.243,6.340,-0.031,-0.782,0.823,-0.831,-24.750,31.800,-26.100,30.6
23:20:24.806,100325,7.803,8.499,2.205,-1.313,1.040,-1.201,-24.750,31.800,-26.100,30.4
23:20:24.859,100379,7.779,9.948,2.514,-1.750,1.437,-1.670,-23.850,36.300,-22.650,30.5
23:20:24.914,100433,6.965,9.455,2.983,-1.550,1.677,-2.052,-17.850,39.300,-17.550,30.6
23:20:24.968,100487,6.440,9.383,3.979,-1.285,1.888,-2.176,-17.850,39.300,-17.550,30.6
23:20:25.022,100541,5.349,8.215,3.625,-1.110,2.068,-2.213,-8.550,44.850,-12.300,30.7
23:20:25.076,100595,4.791,8.610,5.279,-1.206,2.002,-2.271,-8.550,44.850,-12.300,30.4
23:20:25.130,100649,3.268,8.724,5.394,-1.913,1.906,-2.229,-8.550,44.850,-12.300,30.4
23:20:25.184,100703,0.524,7.719,6.297,-1.401,2.073,-2.368,-8.550,44.850,-12.300,30.6
23:20:25.238,100757,-0.211,6.606,6.203,-1.502,2.082,-2.162,18.750,52.350,-4.500,30.5
23:20:25.292,100811,-2.425,6.302,6.232,-1.164,2.297,-2.009,18.750,52.350,-4.500,30.7
23:20:25.345,100865,-4.408,4.990,7.197,-0.682,2.134,-1.985,32.850,52.650,1.200,30.7
23:20:25.399,100919,-5.966,2.895,5.772,-0.234,2.217,-1.818,32.850,52.650,1.200,30.7
23:20:25.453,100973,-6.134,3.045,5.598,-0.207,1.839,-1.661,43.650,46.950,2.700,30.4
23:20:25.507,101027,-6.488,1.863,3.740,-0.166,1.789,-1.266,50.550,40.200,2.100,30.4
23:20:25.561,101081,-7.314,1.987,3.512,-0.531,1.762,-1.243,50.550,40.200,2.100,30.7
23:20:25.615,101135,-8.023,0.907,2.763,-0.314,1.537,-1.009,50.550,40.200,2.100,30.2
23:20:25.670,101189,-8.645,0.690,2.263,-0.114,1.304,-1.037,50.550,40.200,2.100,30.5
23:20:25.723,101243,-8.576,-0.232,1.123,0.169,1.057,-0.897,61.200,31.050,-4.200,30.7
23:20:25.778,101297,-8.693,-0.551,1.013,0.472,1.004,-0.630,61.200,31.050,-4.200,30.7
23:20:25.832,101351,-8.878,-0.728,0.397,1.055,0.820,-0.332,64.200,29.550,-8.100,30.7
23:20:25.885,101405,-8.988,-0.692,0.067,1.471,0.483,0.165,64.200,29.550,-8.100,30.4
23:20:25.939,101459,-9.167,-1.367,-0.263,1.691,0.272,0.392,65.100,29.250,-12.300,30.5
23:20:25.994,101513,-9.503,-0.833,0.139,1.083,-0.059,0.920,65.100,29.250,-12.300,30.5
23:20:26.048,101567,-9.756,-0.488,-0.249,0.700,-0.256,1.396,65.400,32.250,-15.150,30.5
23:20:26.102,101621,-9.426,0.101,-0.244,0.528,-0.480,1.594,65.400,32.250,-15.150,30.4
23:20:26.155,101675,-9.345,1.077,0.101,0.694,-0.614,1.832,65.400,32.250,-15.150,30.4
23:20:26.209,101729,-8.535,3.110,0.350,0.605,-0.738,2.099,59.250,46.350,-18.900,30.5
23:20:26.264,101783,-7.827,3.735,0.630,0.638,-0.636,2.315,59.250,46.350,-18.900,30.7
23:20:26.318,101837,-7.032,5.811,1.401,0.540,-0.838,2.424,51.300,53.700,-21.900,30.5
23:20:26.371,101891,-5.521,5.895,1.293,0.807,-0.715,2.358,51.300,53.700,-21.900,30.5
23:20:26.425,101945,-4.314,7.468,1.154,0.386,-0.973,2.762,51.300,53.700,-21.900,30.1
23:20:26.479,101999,-2.875,11.090,3.357,0.601,-0.557,2.436,51.300,53.700,-21.900,30.7
23:20:26.533,102053,-2.653,7.673,0.189,-0.325,-0.927,2.781,35.550,57.750,-28.200,30.1
23:20:26.587,102107,-1.020,12.586,5.215,-0.059,-1.166,2.617,35.550,57.750,-28.200,30.1
23:20:26.642,102161,0.433,8.799,-1.688,-0.118,-0.967,2.372,22.650,54.450,-27.000,30.5
23:20:26.696,102215,2.421,11.270,2.332,-0.163,-1.278,2.465,10.350,51.000,-21.900,30.5
23:20:26.749,102269,2.018,10.314,2.483,0.466,-0.878,1.993,10.350,51.000,-21.900,30.5
23:20:26.803,102323,3.757,9.218,1.365,0.344,-0.993,1.741,-2.100,47.850,-21.150,30.6
23:20:26.858,102377,4.796,9.811,2.593,-0.114,-1.246,1.739,-2.100,47.850,-21.150,30.5
23:20:26.912,102431,4.815,9.821,1.796,-0.027,-1.011,1.474,-2.100,47.850,-21.150,30.4
23:20:26.965,102485,5.696,8.128,2.047,0.057,-1.012,1.292,-2.100,47.850,-21.150,30.4
23:20:27.019,102539,6.098,8.392,1.101,0.120,-0.804,0.943,-15.750,39.900,-21.000,30.2
23:20:27.073,102593,6.972,7.451,1.302,-0.242,-0.849,0.966,-15.750,39.900,-21.000,30.2
23:20:27.128,102647,7.537,7.594,0.867,-0.523,-0.904,0.891,-19.500,39.600,-21.000,30.5
23:20:27.182,102701,7.896,7.446,-0.460,-0.281,-0.615,0.767,-19.500,39.600,-21.000,30.5
23:20:27.235,102755,7.456,6.938,0.907,0.054,-0.205,0.583,-21.750,36.150,-22.350,30.5
23:20:27.289,102809,7.204,6.938,0.692,0.135,-0.216,0.243,-21.750,36.150,-22.350,30.6
23:20:27.344,102863,7.204,7.041,0.333,0.444,-0.145,0.175,-23.550,33.450,-22.350,30.5
23:20:27.397,102917,7.633,6.938,-0.445,0.381,0.019,-0.002,-23.550,33.450,-22.350,30.5
23:20:27.451,102971,7.580,6.524,-0.084,0.147,0.064,-0.070,-23.550,33.450,-22.350,30.4
23:20:27.505,103025,7.331,6.732,0.235,-0.120,-0.026,-0.028,-25.200,32.850,-23.700,30.2
23:20:27.559,103079,7.422,5.590,-0.802,-0.287,-0.047,-0.037,-25.200,32.850,-23.700,30.4
23:20:27.614,103133,7.221,6.163,0.199,-0.484,0.003,-0.161,-24.000,33.450,-22.350,30.5
23:20:27.667,103187,7.319,6.230,-0.534,-0.633,-0.116,-0.100,-24.000,33.450,-22.350,30.5
23:20:27.721,103241,7.302,6.479,-0.706,-0.538,-0.103,-0.027,-23.250,34.200,-20.550,30.6
23:20:27.775,103295,8.215,5.531,-1.578,-0.339,-0.265,0.205,-23.250,34.200,-20.550,30.4
23:20:27.830,103349,8.358,6.534,-0.838,-0.366,-0.066,0.242,-23.850,34.800,-22.200,30.6
23:20:27.883,103403,8.157,6.340,-0.103,-0.347,0.253,0.201,-23.850,34.800,-22.200,30.5
23:20:27.938,103457,7.032,5.952,2.037,-0.475,0.072,0.205,-23.850,34.800,-22.200,30.4
23:20:27.991,103511,7.855,5.868,0.661,-0.145,-0.245,0.193,-25.200,32.400,-22.950,30.5
23:20:28.045,103565,8.212,6.773,0.438,-0.490,-0.085,0.078,-25.200,32.400,-22.950,30.6
23:20:28.099,103619,7.834,6.661,1.513,-0.442,0.143,-0.166,-24.900,33.150,-22.200,30.5
23:20:28.154,103673,7.939,7.992,2.164,-0.979,0.337,-0.846,-24.900,33.150,-22.200,30.5
23:20:28.207,103727,7.393,9.424,4.341,-1.098,0.939,-1.357,-23.250,34.950,-21.300,30.6
23:20:28.261,103781,6.998,10.206,4.329,-1.345,1.363,-2.043,-23.250,34.950,-21.300,30.2
23:20:28.315,103835,6.541,10.075,5.375,-1.446,2.001,-2.439,-18.900,42.150,-16.350,30.7
23:20:28.369,103889,5.643,9.067,5.693,-1.324,2.299,-2.635,-18.900,42.150,-16.350,30.4
23:20:28.423,103943,5.320,9.445,5.483,-1.051,2.586,-2.835,-4.350,49.800,-10.500,30.5
23:20:28.477,103997,3.680,9.069,6.967,-1.324,2.621,-3.066,-4.350,49.800,-10.500,30.1
23:20:28.531,104051,1.080,8.308,6.804,-1.483,2.746,-3.018,14.250,52.650,-8.850,30.5
23:20:28.585,104105,-0.986,6.979,5.727,-0.856,2.666,-2.943,33.450,53.700,-4.650,30.2
23:20:28.640,104159,-2.990,4.700,4.841,-0.920,2.486,-2.803,33.450,53.700,-4.650,30.4
23:20:28.694,104213,-4.525,3.328,4.537,-0.591,2.174,-2.500,33.450,53.700,-4.650,30.5
23:20:28.747,104267,-5.411,1.539,3.179,-0.554,1.844,-2.131,33.450,53.700,-4.650,30.6
23:20:28.801,104321,-6.524,0.915,3.359,-0.552,1.688,-1.708,55.050,39.750,-1.800,30.5
23:20:28.855,104375,-7.614,-0.670,2.251,0.181,1.299,-1.133,55.050,39.750,-1.800,30.5
23:20:28.910,104429,-8.143,-0.534,1.846,0.435,0.743,-0.545,58.950,34.200,-6.000,30.0
23:20:28.964,104483,-8.880,-0.974,0.991,0.578,0.282,0.006,58.950,34.200,-6.000,30.2
23:20:29.017,104537,-9.512,-1.358,0.673,0.468,0.047,0.545,62.100,35.550,-7.200,30.4
23:20:29.071,104591,-9.428,-1.061,1.324,0.476,-0.279,1.212,62.100,35.550,-7.200,30.7
23:20:29.125,104645,-8.866,-0.670,1.595,0.790,-0.699,1.791,59.850,39.000,-9.450,30.3
23:20:29.179,104699,-8.124,1.046,1.393,0.806,-0.938,2.283,59.850,39.000,-9.450,30.5
23:20:29.233,104753,-7.039,2.014,2.636,0.949,-1.111,2.707,59.850,39.000,-9.450,30.5
23:20:29.287,104807,-5.974,3.926,4.159,0.838,-1.527,3.251,47.400,54.300,-14.400,30.6
23:20:29.341,104861,-3.759,6.376,4.697,1.344,-1.238,2.919,47.400,54.300,-14.400,30.6
23:20:29.396,104915,-2.234,7.915,2.749,0.271,-1.456,3.176,35.400,57.600,-17.550,30.2
23:20:29.449,104969,0.057,13.384,4.417,-0.712,-1.597,2.737,35.400,57.600,-17.550,30.2
23:20:29.503,105023,0.716,5.643,4.075,-0.554,-0.997,2.205,35.400,57.600,-17.550,30.5
23:20:29.557,105077,1.472,10.817,4.369,0.377,-1.074,2.177,35.400,57.600,-17.550,30.2
23:20:29.611,105131,2.145,8.487,4.386,0.642,-1.000,1.807,9.750,51.600,-13.950,30.4
23:20:29.665,105185,3.400,10.776,4.808,1.090,-1.025,1.546,9.750,51.600,-13.950,30.5
23:20:29.719,105239,4.118,8.626,2.466,0.663,-0.946,1.304,-0.600,47.850,-14.850,30.6
23:20:29.773,105293,4.233,8.574,3.570,0.315,-0.865,1.361,-8.700,47.250,-15.900,30.5
23:20:29.828,105347,4.587,9.141,3.910,0.564,-1.061,1.396,-8.700,47.250,-15.900,30.7
23:20:29.881,105401,5.950,7.851,2.334,0.560,-0.855,1.077,-13.650,42.900,-16.800,30.4
23:20:29.935,105455,5.861,8.114,2.875,0.089,-0.919,1.239,-13.650,42.900,-16.800,30.2
23:20:29.989,105509,7.233,7.973,2.093,0.311,-0.898,1.112,-13.650,42.900,-16.800,30.5
23:20:30.043,105563,7.434,7.410,1.326,0.053,-0.674,0.981,-13.650,42.900,-16.800,30.5
23:20:30.097,105617,7.432,7.441,1.863,-0.002,-0.555,0.750,-22.500,36.150,-18.450,30.5
23:20:30.151,105671,7.245,7.985,1.717,-0.039,-0.282,0.298,-22.500,36.150,-18.450,30.5
23:20:30.205,105725,7.029,8.392,1.810,-0.047,-0.142,0.069,-25.200,33.900,-18.900,30.6
23:20:30.260,105779,7.369,7.922,1.341,-0.176,0.180,-0.310,-25.200,33.900,-18.900,30.6
23:20:30.313,105833,7.640,7.719,2.677,-0.672,0.308,-0.517,-23.550,34.500,-21.000,30.5
23:20:30.367,105887,7.954,9.072,1.247,-1.542,0.611,-1.334,-23.550,34.500,-21.000,30.1
23:20:30.421,105941,7.391,8.643,3.084,-1.902,0.955,-1.773,-22.050,39.150,-19.050,30.2
23:20:30.475,105995,7.046,8.554,3.349,-1.931,1.351,-2.204,-22.050,39.150,-19.050,30.5
23:20:30.529,106049,5.698,8.997,4.688,-1.426,1.710,-2.267,-22.050,39.150,-19.050,30.2
23:20:30.583,106103,4.434,9.134,5.772,-0.871,1.949,-2.231,-4.200,50.400,-9.300,30.5
23:20:30.637,106157,4.264,8.507,6.299,-1.273,1.967,-2.458,-4.200,50.400,-9.300,30.7
23:20:30.692,106211,2.725,9.029,6.797,-1.755,1.793,-2.785,9.750,54.300,-6.300,30.4
23:20:30.745,106265,-0.017,5.708,5.930,-1.684,2.399,-2.668,9.750,54.300,-6.300,30.4
23:20:30.799,106319,-2.179,5.598,7.432,-1.034,2.235,-2.441,26.400,54.000,0.000,30.5
23:20:30.854,106373,-3.215,3.536,5.820,-0.534,2.065,-2.445,26.400,54.000,0.000,30.4
23:20:30.907,106427,-4.475,5.449,9.704,0.516,1.577,-2.376,38.550,48.000,4.200,30.5
23:20:30.961,106481,-4.776,-0.110,1.228,1.314,1.021,-2.254,38.550,48.000,4.200,30.4
23:20:31.015,106535,-5.464,-1.219,0.891,0.391,1.501,-2.846,38.550,48.000,4.200,30.5
23:20:31.069,106589,-7.204,0.192,4.788,0.539,1.155,-2.474,55.950,35.700,-3.450,30.5
23:20:31.123,106643,-7.140,0.218,3.285,-0.748,0.799,-1.545,55.950,35.700,-3.450,30.4
23:20:31.177,106697,-8.562,-1.207,3.826,-0.686,1.126,-1.696,61.650,28.350,-7.050,30.6
23:20:31.231,106751,-10.525,-0.682,4.767,-0.773,0.239,-0.346,61.650,28.350,-7.050,30.7
23:20:31.285,106805,-8.480,-4.549,-0.649,0.128,-0.337,0.565,63.300,27.750,-6.450,30.6
23:20:31.339,106859,-8.868,-4.262,0.778,-1.519,-0.086,1.105,63.300,27.750,-6.450,30.5
23:20:31.393,106913,-8.495,-3.685,2.339,-0.508,-0.937,1.510,62.550,27.450,-3.600,30.5
23:20:31.447,106967,-7.499,-2.691,1.865,-0.074,-1.239,1.828,62.550,27.450,-3.600,30.4
23:20:31.502,107021,-7.513,-0.453,4.413,0.929,-1.769,2.266,62.550,27.450,-3.600,30.6
23:20:31.555,107075,-5.152,1.374,1.204,1.952,-2.029,2.633,62.550,27.450,-3.600,30.5
23:20:31.610,107129,-4.058,4.611,6.443,1.558,-1.446,2.897,49.650,44.250,-0.900,30.4
23:20:31.663,107183,-2.538,8.440,5.871,1.873,-1.902,3.062,38.250,53.250,-5.850,30.6
23:20:31.717,107237,-1.781,7.343,5.461,1.818,-1.350,2.759,38.250,53.250,-5.850,30.5
23:20:31.771,107291,-0.326,10.065,3.874,0.714,-1.672,2.777,38.250,53.250,-5.850,30.3
23:20:31.825,107345,0.455,11.480,6.100,0.735,-1.397,2.577,38.250,53.250,-5.850,30.4
23:20:31.879,107399,2.461,9.062,3.711,0.517,-1.727,2.372,12.450,55.350,-12.900,30.5
23:20:31.933,107453,3.376,10.455,4.741,0.120,-1.598,2.063,12.450,55.350,-12.900,30.5
23:20:31.987,107507,3.642,9.670,5.162,0.075,-1.674,1.920,-1.050,51.750,-13.500,30.5
23:20:32.041,107561,5.476,8.265,3.663,0.334,-1.471,1.652,-1.050,51.750,-13.500,30.4
23:20:32.095,107615,6.036,8.384,4.266,0.161,-1.413,1.460,-10.950,49.200,-14.700,30.5
23:20:32.149,107669,5.737,7.286,3.369,0.091,-1.279,1.276,-10.950,49.200,-14.700,30.6
23:20:32.204,107723,7.872,7.240,2.559,-0.166,-1.167,1.159,-18.750,46.200,-18.450,30.6
23:20:32.257,107777,8.262,7.159,1.714,-0.395,-0.687,0.778,-18.750,46.200,-18.450,30.2
23:20:32.312,107831,7.331,7.618,3.541,-0.611,-0.625,0.596,-18.750,46.200,-18.450,30.2
23:20:32.366,107885,7.137,6.235,3.038,-0.071,-0.547,0.404,-24.750,39.600,-21.750,30.7
23:20:32.419,107939,8.016,6.086,2.483,0.009,-0.435,0.258,-24.750,39.600,-21.750,30.5
23:20:32.473,107993,8.358,6.323,2.059,0.136,0.088,-0.022,-25.050,37.200,-24.300,30.7
23:20:32.527,108047,8.303,6.036,2.509,0.196,0.395,-0.290,-25.050,37.200,-24.300,30.5
23:20:32.581,108101,7.927,6.747,3.642,0.188,0.643,-0.454,-24.450,39.000,-22.200,30.4
23:20:32.635,108155,7.781,6.395,2.715,0.351,0.981,-0.797,-24.450,39.000,-22.200,30.7
23:20:32.689,108209,7.810,7.226,3.026,0.209,1.461,-1.151,-21.300,42.600,-20.250,30.5
23:20:32.744,108263,6.663,9.711,4.444,-0.286,2.133,-1.543,-21.300,42.600,-20.250,30.2
23:20:32.798,108317,5.119,8.684,5.215,-0.115,2.077,-1.868,-21.300,42.600,-20.250,30.2
23:20:32.852,108371,4.398,9.404,4.805,-0.293,1.802,-2.093,-21.300,42.600,-20.250,30.4
23:20:32.909,108425,3.979,8.712,4.527,-0.300,1.626,-2.178,-6.600,50.250,-13.050,30.5
23:20:32.963,108479,3.663,9.404,4.966,-0.468,1.628,-2.279,7.200,53.550,-10.650,30.4
23:20:33.014,108533,1.575,9.052,4.690,-0.441,1.669,-2.360,7.200,53.550,-10.650,30.5
23:20:33.067,108587,0.024,8.583,5.339,-0.461,1.494,-2.322,18.900,55.650,-9.450,30.7
23:20:33.122,108641,-1.415,6.812,4.374,-0.555,1.506,-2.225,18.900,55.650,-9.450,30.4
23:20:33.175,108695,-2.533,7.420,5.341,-0.938,1.247,-2.013,30.900,55.200,-10.500,30.7
23:20:33.230,108749,-4.120,6.009,4.855,-1.142,1.418,-2.072,30.900,55.200,-10.500,30.4
23:20:33.283,108803,-5.959,4.503,5.047,-1.353,1.335,-1.835,42.000,51.750,-7.200,30.2
23:20:33.337,108857,-6.826,2.586,4.080,-0.853,1.402,-1.707,42.000,51.750,-7.200,30.7
23:20:33.391,108911,-7.288,2.602,4.113,-1.417,1.328,-1.181,48.150,48.000,-4.200,30.6
23:20:33.445,108965,-7.333,1.089,4.123,-1.534,1.247,-0.682,48.150,48.000,-4.200,30.7
23:20:33.499,109019,-8.135,2.265,4.003,-2.150,0.763,-0.367,52.650,44.550,-3.450,30.4
23:20:33.553,109073,-8.341,1.022,3.017,-2.348,0.611,-0.371,52.650,44.550,-3.450,30.7
23:20:33.607,109127,-8.940,0.280,2.081,-0.944,1.067,-0.426,52.650,44.550,-3.450,30.4
23:20:33.661,109181,-10.484,0.910,1.369,2.765,0.760,-0.121,61.050,32.850,1.350,30.6
23:20:33.716,109235,-9.148,-2.753,-1.180,1.267,-0.318,0.452,61.050,32.850,1.350,30.2
23:20:33.769,109289,-8.167,-0.950,0.105,1.250,-0.931,0.801,59.250,39.000,-1.050,30.4
23:20:33.823,109343,-7.561,-0.651,2.052,1.558,-1.569,1.265,59.250,39.000,-1.050,30.4
23:20:33.877,109397,-7.154,1.899,3.474,1.265,-2.326,2.221,54.000,43.950,-1.800,30.6
23:20:33.931,109451,-5.650,3.493,5.227,1.724,-2.177,2.189,54.000,43.950,-1.800,30.6
23:20:33.985,109505,-2.993,4.123,3.077,1.611,-1.707,2.570,46.200,53.250,-3.600,30.5
23:20:34.039,109559,-1.417,9.651,6.713,1.438,-1.939,3.030,46.200,53.250,-3.600,30.5
23:20:34.093,109613,1.171,9.996,4.068,1.209,-1.469,2.700,46.200,53.250,-3.600,30.4
23:20:34.147,109667,1.149,9.232,5.080,0.377,-1.498,2.605,18.000,53.550,-15.450,30.5
23:20:34.201,109721,0.453,9.254,3.742,0.887,-1.247,2.537,18.000,53.550,-15.450,30.1
23:20:34.255,109775,3.194,8.818,2.892,1.355,-1.256,2.280,4.650,50.850,-15.150,30.4
23:20:34.309,109829,4.283,10.446,4.908,0.642,-1.541,2.456,4.650,50.850,-15.150,30.7
23:20:34.363,109883,7.015,10.274,1.578,0.190,-1.124,1.795,-7.200,45.750,-14.700,30.7
23:20:34.417,109937,5.234,9.685,3.646,0.131,-1.211,1.779,-7.200,45.750,-14.700,30.5
23:20:34.472,109991,6.393,7.997,1.753,0.017,-1.293,1.560,-16.950,40.650,-17.700,30.7
23:20:34.525,110045,7.594,7.317,1.939,-0.054,-1.156,1.453,-16.950,40.650,-17.700,30.7
23:20:34.579,110099,8.231,7.123,2.045,-0.086,-1.014,1.106,-16.950,40.650,-17.700,30.7
23:20:34.633,110153,7.784,6.572,1.214,-0.067,-1.043,0.876,-16.950,40.650,-17.700,30.4
23:20:34.687,110207,8.875,5.799,1.511,0.136,-0.605,0.594,-25.500,33.450,-21.300,30.2
23:20:34.742,110261,8.464,5.933,-0.141,-0.496,-0.848,0.388,-26.700,30.450,-24.450,30.4
23:20:34.795,110315,8.207,6.170,0.488,-0.018,-0.456,0.318,-26.700,30.450,-24.450,30.4
23:20:34.849,110369,8.179,4.925,0.848,0.086,-0.218,0.188,-26.250,30.600,-26.850,30.6
23:20:34.903,110423,7.992,5.875,1.164,-0.349,-0.222,0.053,-26.250,30.600,-26.850,30.7
23:20:34.957,110477,8.593,6.218,0.919,-0.232,-0.070,0.011,-27.300,30.300,-27.150,30.4
23:20:35.011,110531,9.064,6.354,1.130,-1.071,0.198,-0.199,-27.300,30.300,-27.150,30.4
23:20:35.065,110585,8.444,7.070,2.248,-1.397,0.771,-0.339,-27.300,30.300,-27.150,30.7
23:20:35.119,110639,7.937,6.632,2.931,-1.080,0.932,-0.930,-27.300,30.300,-27.150,30.2
23:20:35.173,110693,8.966,7.238,2.143,-0.678,1.513,-1.452,-25.950,34.800,-21.450,30.2
23:20:35.227,110747,8.215,9.213,4.583,-0.499,2.060,-1.958,-25.950,34.800,-21.450,30.7
23:20:35.281,110801,7.412,9.538,5.497,-0.846,2.444,-2.322,-20.400,39.000,-15.600,30.2
23:20:35.335,110855,5.823,9.661,6.546,-1.394,2.522,-2.528,-20.400,39.000,-15.600,30.6
23:20:35.389,110909,5.351,9.354,6.359,-1.817,2.722,-2.654,-20.400,39.000,-15.600,30.7
23:20:35.444,110963,2.583,7.805,6.493,-1.875,2.874,-2.641,10.200,50.850,-3.450,30.6
23:20:35.497,111017,1.446,7.386,6.297,-1.510,2.924,-2.546,10.200,50.850,-3.450,30.5
23:20:35.552,111071,-0.543,4.817,6.373,-1.235,2.845,-2.560,27.900,51.300,1.800,30.5
23:20:35.606,111125,-2.272,4.372,6.716,-1.170,2.528,-2.376,27.900,51.300,1.800,30.2
23:20:35.659,111179,-3.208,2.602,3.780,-0.821,2.211,-1.976,40.050,43.050,4.800,30.4
23:20:35.713,111233,-5.037,1.602,3.955,-0.704,1.953,-1.804,40.050,43.050,4.800,30.6
23:20:35.767,111287,-6.220,0.697,3.682,-0.549,1.543,-1.367,51.000,39.300,3.150,30.5
23:20:35.821,111341,-7.415,0.539,3.098,-0.297,1.375,-1.275,51.000,39.300,3.150,30.6
23:20:35.875,111395,-8.612,-0.857,3.048,-0.390,1.373,-1.172,51.000,39.300,3.150,30.5
23:20:35.929,111449,-9.206,-1.477,3.304,-0.671,1.268,-1.035,51.000,39.300,3.150,30.7
23:20:35.983,111503,-9.699,-1.681,1.978,-0.298,1.163,-0.998,61.650,27.150,-1.950,30.5
23:20:36.037,111557,-9.347,-3.383,0.481,-0.084,0.653,-0.311,64.050,23.100,-4.350,30.5
23:20:36.091,111611,-9.194,-4.173,0.036,0.760,0.224,0.172,64.050,23.100,-4.350,30.2
23:20:36.145,111665,-9.143,-3.419,0.168,0.752,-0.274,0.677,65.400,26.100,-7.050,30.5
23:20:36.199,111719,-9.151,-3.215,1.322,0.601,-0.826,1.132,65.400,26.100,-7.050,30.7
23:20:36.253,111773,-8.559,-1.992,1.528,0.204,-1.248,1.854,61.800,30.450,-3.150,30.5
23:20:36.307,111827,-7.640,-1.195,1.719,0.463,-1.520,2.265,61.800,30.450,-3.150,30.6
23:20:36.362,111881,-7.041,1.082,3.249,0.886,-2.033,2.654,61.800,30.450,-3.150,30.5
23:20:36.415,111935,-5.274,3.553,3.656,1.732,-1.914,3.159,61.800,30.450,-3.150,30.5
23:20:36.469,111989,-2.775,4.183,3.254,1.915,-1.918,2.891,48.600,48.900,-4.500,30.5
23:20:36.523,112043,-1.614,7.350,6.292,1.028,-1.710,3.194,48.600,48.900,-4.500,30.7
23:20:36.577,112097,0.335,12.182,6.146,0.293,-1.983,2.848,33.600,54.600,-9.600,30.2
23:20:36.631,112151,-0.735,7.491,5.013,0.108,-1.881,2.597,20.100,52.950,-7.950,30.2
23:20:36.691,112205,1.659,9.203,5.385,-0.116,-2.176,2.657,20.100,52.950,-7.950,30.6
23:20:36.739,112259,2.734,8.581,4.808,0.857,-1.590,1.850,5.550,49.500,-10.500,30.4
23:20:36.793,112313,4.587,7.760,4.451,0.733,-1.796,1.738,5.550,49.500,-10.500,30.5
23:20:36.848,112367,4.635,10.467,6.065,0.423,-1.827,1.969,5.550,49.500,-10.500,30.7
23:20:36.901,112421,7.657,8.092,1.930,0.592,-1.290,1.290,5.550,49.500,-10.500,30.7
23:20:36.955,112475,6.823,7.475,3.498,0.747,-1.139,1.394,-15.000,41.550,-16.200,30.7
23:20:37.009,112529,6.950,7.458,2.914,0.850,-0.987,1.346,-15.000,41.550,-16.200,30.5
23:20:37.063,112583,8.109,7.501,1.824,0.912,-0.327,1.067,-19.650,37.800,-18.600,30.2
23:20:37.118,112637,7.283,7.439,2.851,0.733,-0.458,0.933,-19.650,37.800,-18.600,30.4
23:20:37.171,112691,7.719,6.812,1.164,0.618,-0.410,0.928,-19.650,37.800,-18.600,30.5
23:20:37.225,112745,7.750,6.349,0.907,0.778,-0.431,0.626,-25.200,32.400,-23.400,30.7
23:20:37.279,112799,8.119,5.535,0.922,0.304,-0.312,0.497,-25.200,32.400,-23.400,30.5
23:20:37.333,112853,9.148,4.733,0.584,-0.579,-0.115,0.172,-27.000,30.600,-23.850,30.7
23:20:37.387,112907,8.918,6.764,0.472,-0.874,0.195,-0.297,-27.000,30.600,-23.850,30.4
23:20:37.441,112961,7.745,6.783,2.069,-0.972,0.152,-0.259,-27.750,32.250,-24.300,30.4
23:20:37.495,113015,7.389,5.904,1.437,-0.960,0.198,-0.557,-27.750,32.250,-24.300,30.3
23:20:37.549,113069,8.337,6.754,2.131,-0.949,0.448,-0.728,-25.200,33.900,-22.200,30.3
23:20:37.603,113123,8.748,7.333,2.361,-0.641,0.995,-0.980,-25.200,33.900,-22.200,30.7
23:20:37.657,113177,7.930,7.096,3.328,-0.354,1.296,-1.202,-25.200,33.900,-22.200,30.5
23:20:37.711,113231,7.513,8.243,4.283,-0.212,1.820,-1.572,-25.200,33.900,-22.200,30.7
23:20:37.765,113285,6.445,9.244,5.207,-0.481,2.105,-1.999,-18.000,41.100,-14.400,30.5
23:20:37.819,113339,5.344,8.732,5.222,-1.000,2.329,-2.216,-7.350,44.850,-10.500,30.5
23:20:37.873,113393,3.649,8.746,6.440,-1.005,2.086,-2.290,-7.350,44.850,-10.500,30.5
23:20:37.927,113447,2.825,7.908,5.375,-1.116,2.185,-2.066,4.800,49.800,-7.950,30.7
23:20:37.981,113501,0.716,7.640,6.065,-0.759,2.103,-2.041,4.800,49.800,-7.950,30.2
23:20:38.039,113555,0.211,7.558,5.863,-0.913,1.898,-1.811,19.650,52.500,-6.150,30.3
23:20:38.094,113609,-1.860,6.481,5.576,-0.545,2.026,-1.790,19.650,52.500,-6.150,30.7
23:20:38.147,113663,-3.266,6.084,6.122,-0.606,1.826,-1.699,19.650,52.500,-6.150,30.5
23:20:38.198,113717,-5.004,3.761,4.444,0.213,1.881,-1.621,19.650,52.500,-6.150,30.5
23:20:38.251,113771,-5.866,4.824,4.401,-0.598,1.495,-1.463,41.850,53.100,-3.450,30.7
23:20:38.305,113825,-7.017,3.352,3.836,-0.328,1.204,-1.347,41.850,53.100,-3.450,30.7
23:20:38.359,113879,-7.654,2.914,3.934,-0.579,1.133,-1.188,49.800,47.850,-3.900,30.4
23:20:38.413,113933,-8.095,2.962,3.644,-0.541,0.789,-0.905,49.800,47.850,-3.900,30.7
23:20:38.467,113987,-8.492,2.274,3.699,-0.492,0.640,-0.933,52.800,43.200,-2.100,30.4
23:20:38.521,114041,-8.626,2.148,3.630,-0.255,0.628,-0.931,56.400,39.600,-3.450,30.5
23:20:38.575,114095,-8.224,1.602,3.053,-0.209,0.615,-0.940,56.400,39.600,-3.450,30.6
23:20:38.629,114149,-8.830,1.630,4.480,-0.712,0.833,-1.075,58.200,35.700,-2.700,30.5
23:20:38.683,114203,-8.878,0.864,3.412,-1.122,0.771,-0.972,58.200,35.700,-2.700,30.5
23:20:38.737,114257,-9.325,-0.534,2.394,-1.074,0.830,-1.112,63.600,29.700,-2.850,30.7
23:20:38.791,114311,-9.505,-1.154,1.671,-0.514,0.778,-0.972,63.600,29.700,-2.850,30.5
23:20:38.845,114365,-9.476,-2.049,0.491,0.126,0.693,-0.627,64.050,23.850,-5.100,30.6
23:20:38.900,114419,-9.165,-2.914,0.012,0.534,0.427,-0.266,64.050,23.850,-5.100,30.5
23:20:38.953,114473,-8.950,-3.304,-0.395,0.861,0.177,0.205,64.050,23.850,-5.100,30.2
23:20:39.008,114527,-9.230,-3.594,-0.139,0.677,-0.192,0.644,64.050,23.850,-5.100,30.2
23:20:39.061,114581,-8.892,-2.392,0.417,0.750,-0.827,1.345,65.700,23.700,-8.100,30.4
23:20:39.115,114635,-8.610,-1.987,0.223,0.864,-1.093,1.968,63.300,31.650,-7.200,30.6
23:20:39.169,114689,-7.767,-0.484,1.233,1.283,-1.250,2.373,63.300,31.650,-7.200,30.5
23:20:39.223,114743,-6.936,1.863,1.448,1.888,-1.156,2.991,59.250,42.450,-8.400,30.2
23:20:39.277,114797,-5.588,3.924,2.456,2.225,-1.110,3.331,59.250,42.450,-8.400,30.4
23:20:39.331,114851,-4.228,6.266,3.421,2.601,-0.609,3.628,49.500,54.000,-16.800,30.7
23:20:39.385,114905,-1.542,9.021,-1.022,2.349,-0.274,3.303,49.500,54.000,-16.800,30.5
23:20:39.439,114959,-1.346,9.809,1.812,2.299,0.032,3.311,49.500,54.000,-16.800,30.2
23:20:39.493,115013,0.498,12.910,-1.156,0.791,0.507,3.114,49.500,54.000,-16.800,30.4
23:20:39.547,115067,1.267,11.169,-0.419,0.595,0.281,2.933,21.150,49.500,-29.850,30.6
23:20:39.601,115121,1.851,11.205,-0.927,0.328,0.217,2.830,21.150,49.500,-29.850,30.5
23:20:39.655,115175,2.571,10.700,-0.417,0.418,-0.228,2.577,6.450,46.500,-26.100,30.5
23:20:39.709,115229,4.448,10.937,-2.145,0.309,-0.212,2.030,-5.550,44.400,-22.200,30.4
23:20:39.764,115283,4.470,9.646,-3.335,0.309,-0.305,1.919,-5.550,44.400,-22.200,30.4
23:20:39.817,115337,5.401,9.376,-0.632,0.180,-0.190,2.057,-11.700,43.050,-21.000,30.5
23:20:39.871,115391,6.306,8.815,-0.764,-0.001,-0.370,1.807,-11.700,43.050,-21.000,30.7
23:20:39.925,115445,7.070,8.468,-2.471,-0.532,-0.408,1.905,-11.700,43.050,-21.000,30.4
23:20:39.979,115499,6.912,7.511,-1.075,-0.601,-0.493,1.700,-11.700,43.050,-21.000,30.6
23:20:40.033,115553,7.659,6.491,-1.937,-0.593,-0.728,1.283,-21.000,36.450,-20.550,30.4
23:20:40.087,115607,7.973,5.356,-1.056,-0.385,-0.615,1.004,-21.000,36.450,-20.550,30.5
23:20:40.141,115661,8.305,6.800,-1.666,-0.644,-0.534,0.984,-24.300,31.050,-22.350,30.5
23:20:40.195,115715,8.456,5.023,-1.595,-0.225,-0.223,0.691,-24.300,31.050,-22.350,30.6
23:20:40.249,115769,8.332,5.710,-0.833,-0.314,-0.085,0.312,-27.300,26.400,-25.650,30.7
23:20:40.303,115823,8.411,5.854,-1.022,-0.078,0.128,-0.309,-26.400,27.000,-25.200,30.5
23:20:40.358,115877,8.325,6.359,-1.034,-0.378,0.337,-0.456,-26.400,27.000,-25.200,30.4
23:20:40.411,115931,7.989,6.440,-0.306,-0.456,0.352,-0.800,-26.400,27.000,-25.200,30.4
23:20:40.465,115985,7.961,7.271,-1.935,-0.328,0.596,-0.921,-26.400,27.000,-25.200,30.4
23:20:40.519,116039,7.930,6.505,0.194,-0.646,0.671,-1.282,-23.850,33.600,-20.100,30.4
23:20:40.573,116093,7.326,7.204,-0.010,-0.948,0.427,-1.592,-23.850,33.600,-20.100,30.5
23:20:40.627,116147,7.580,7.111,-0.572,-0.870,0.387,-1.690,-20.850,36.300,-17.850,30.5
23:20:40.681,116201,7.173,8.119,0.086,-1.326,0.618,-1.718,-20.850,36.300,-17.850,30.5
23:20:40.735,116255,6.021,9.110,2.150,-1.508,0.526,-1.820,-15.900,38.550,-15.300,30.5
23:20:40.789,116309,5.713,8.337,1.563,-1.637,0.733,-1.780,-15.900,38.550,-15.300,30.6
23:20:40.844,116363,4.594,8.760,3.074,-1.456,0.937,-1.699,-8.550,43.200,-13.050,30.2
23:20:40.897,116417,3.235,8.734,4.226,-1.245,1.009,-1.666,-8.550,43.200,-13.050,30.4
23:20:40.951,116471,2.066,8.174,4.750,-0.670,1.146,-1.645,-8.550,43.200,-13.050,30.5
23:20:41.005,116525,1.377,8.629,4.386,-0.847,1.215,-1.712,8.550,50.550,-13.050,30.7
23:20:41.059,116579,0.108,7.958,5.205,-0.639,1.310,-1.613,8.550,50.550,-13.050,30.5
23:20:41.113,116633,-1.276,7.829,5.109,-0.582,1.349,-1.661,18.600,54.000,-11.250,30.4
23:20:41.167,116687,-2.559,6.867,5.332,-0.415,1.397,-1.628,18.600,54.000,-11.250,30.5
23:20:41.221,116741,-3.704,6.610,5.064,-0.351,1.312,-1.674,27.750,58.200,-11.100,30.5
23:20:41.275,116795,-4.355,6.744,5.080,-0.365,1.239,-1.558,27.750,58.200,-11.100,30.5
23:20:41.329,116849,-5.148,5.880,4.561,-0.060,1.257,-1.526,36.750,56.700,-10.500,30.4
23:20:41.383,116903,-5.859,6.069,5.143,-0.242,1.176,-1.537,36.750,56.700,-10.500,30.2
23:20:41.437,116957,-6.855,4.896,4.180,-0.278,1.076,-1.517,36.750,56.700,-10.500,30.5
23:20:41.491,117011,-7.906,4.235,3.644,-0.540,0.958,-1.596,36.750,56.700,-10.500,30.4
23:20:41.545,117065,-8.229,2.895,3.019,0.001,0.818,-1.430,49.800,48.600,-5.850,30.5
23:20:41.599,117119,-7.999,2.490,3.194,0.022,0.768,-1.345,53.700,43.800,-6.750,30.2
23:20:41.653,117173,-8.353,2.430,3.218,-0.162,0.632,-1.314,53.700,43.800,-6.750,30.4
23:20:41.707,117227,-8.507,1.393,2.679,-0.224,0.513,-1.126,53.700,43.800,-6.750,30.5
23:20:41.761,117281,-8.226,0.673,1.666,-0.349,0.378,-0.984,53.700,43.800,-6.750,30.6
23:20:41.815,117335,-8.401,-0.426,1.597,-0.435,0.242,-0.554,61.200,34.200,-6.000,30.5
23:20:41.869,117389,-8.466,-0.474,1.211,-0.365,-0.002,-0.020,61.200,34.200,-6.000,30.2
23:20:41.923,117443,-8.698,-1.401,1.501,0.215,-0.375,0.424,60.600,31.200,-5.100,30.5
23:20:41.977,117497,-9.115,-0.486,1.827,0.702,-0.681,1.073,60.600,31.200,-5.100,30.5
23:20:42.031,117551,-8.899,-0.170,2.358,1.027,-0.865,1.508,59.850,34.350,-5.400,30.3
23:20:42.085,117605,-8.543,1.425,3.021,0.897,-1.044,1.951,59.850,34.350,-5.400,30.4
23:20:42.139,117659,-7.908,2.983,3.587,0.754,-1.185,2.335,56.250,42.450,-6.150,30.5
23:20:42.193,117713,-6.579,4.741,4.233,0.460,-1.172,2.433,56.250,42.450,-6.150,30.6
23:20:42.247,117767,-5.631,5.655,4.827,0.181,-1.140,2.269,56.250,42.450,-6.150,30.6
23:20:42.301,117821,-4.401,7.001,4.709,0.451,-1.072,2.087,40.200,56.700,-11.700,30.3
23:20:42.355,117875,-3.584,7.204,4.796,-0.278,-1.170,2.269,40.200,56.700,-11.700,30.4
23:20:42.410,117929,-2.351,8.574,5.078,0.717,-1.258,1.900,31.200,55.950,-12.300,30.7
23:20:42.463,117983,-0.816,7.005,3.455,0.304,-1.345,2.102,31.200,55.950,-12.300,30.5
23:20:42.517,118037,0.383,10.360,4.597,1.054,-1.469,1.956,19.350,52.200,-14.550,30.7
23:20:42.571,118091,1.999,6.991,2.069,1.301,-1.092,1.761,19.350,52.200,-14.550,30.4
23:20:42.625,118145,3.268,10.671,3.989,1.043,-1.550,1.993,6.300,49.500,-14.850,30.7
23:20:42.679,118199,3.211,9.347,3.158,1.046,-1.220,1.687,6.300,49.500,-14.850,30.5
23:20:42.733,118253,4.738,7.776,3.508,0.680,-1.605,1.852,6.300,49.500,-14.850,30.5
23:20:42.787,118307,5.006,10.010,2.552,0.048,-1.582,2.000,-11.850,42.450,-17.100,30.2
23:20:42.841,118361,8.033,6.759,1.882,0.484,-1.136,1.456,-11.850,42.450,-17.100,30.5
23:20:42.895,118415,7.278,7.977,1.432,0.331,-0.964,1.377,-18.150,40.200,-16.800,30.5
23:20:42.949,118469,7.530,7.494,1.288,0.804,-0.810,1.470,-18.150,40.200,-16.800,30.4
23:20:43.003,118523,8.018,7.319,0.752,0.779,-0.637,1.224,-24.000,36.900,-19.050,30.5
23:20:43.057,118577,7.614,6.574,1.109,0.374,-0.209,0.944,-24.000,36.900,-19.050,30.5
23:20:43.111,118631,7.884,7.499,1.456,0.019,-0.133,0.676,-26.250,30.600,-22.050,30.7
23:20:43.165,118685,7.930,5.320,-0.283,0.437,-0.143,0.579,-26.250,30.600,-22.050,30.5
23:20:43.219,118739,8.514,7.942,0.103,0.314,0.190,0.422,-26.250,30.600,-22.050,30.6
23:20:43.273,118793,9.108,5.586,-1.810,0.272,0.374,-0.428,-26.250,30.600,-22.050,30.4
23:20:43.327,118847,8.806,5.306,0.093,-0.104,0.644,-1.077,-26.550,27.600,-20.550,30.5
23:20:43.382,118901,8.222,7.851,1.537,-0.707,0.772,-1.512,-25.050,32.550,-17.700,30.5
23:20:43.435,118955,7.554,8.871,1.350,-1.260,0.728,-1.840,-25.050,32.550,-17.700,30.6
23:20:43.493,119009,7.633,9.440,1.796,-1.951,1.116,-2.098,-22.350,38.250,-14.550,30.6
23:20:43.547,119063,5.993,8.768,3.809,-1.980,1.275,-1.986,-22.350,38.250,-14.550,30.5
23:20:43.601,119117,5.641,8.329,4.417,-1.786,1.327,-1.977,-14.250,39.900,-8.850,30.6
23:20:43.652,119171,5.246,7.274,4.987,-1.349,1.678,-1.770,-14.250,39.900,-8.850,30.5
23:20:43.710,119225,4.156,7.788,6.572,-1.288,1.906,-1.770,-14.250,39.900,-8.850,30.4
23:20:43.759,119279,3.033,7.523,6.232,-1.155,2.065,-1.623,-14.250,39.900,-8.850,30.4
23:20:43.813,119333,1.408,7.166,6.694,-0.829,2.118,-1.457,8.550,46.650,-6.450,30.2
23:20:43.867,119387,-0.414,6.527,6.431,-0.637,2.179,-1.289,8.550,46.650,-6.450,30.5
23:20:43.921,119441,-1.846,6.450,6.634,-0.254,2.124,-1.038,21.150,48.600,-5.850,30.4
23:20:43.975,119495,-2.502,4.532,4.745,-0.419,1.818,-0.772,21.150,48.600,-5.850,30.7
23:20:44.029,119549,-4.274,6.072,6.364,-0.062,1.736,-0.974,30.900,52.950,-2.550,30.7
23:20:44.083,119603,-4.295,4.786,5.574,-0.176,1.705,-1.213,39.300,54.300,-0.450,30.4
23:20:44.137,119657,-6.225,5.037,5.962,-0.450,1.687,-1.340,39.300,54.300,-0.450,30.5
23:20:44.191,119711,-7.015,3.843,5.138,-0.669,1.469,-1.333,39.300,54.300,-0.450,30.4
23:20:44.245,119765,-7.831,3.285,4.700,-0.456,1.326,-1.558,39.300,54.300,-0.450,30.0
23:20:44.299,119819,-8.035,2.387,3.953,-0.511,1.276,-1.419,51.900,43.800,1.200,30.5
23:20:44.353,119873,-8.454,2.090,3.414,-0.226,1.195,-1.412,51.900,43.800,1.200,30.4
23:20:44.407,119927,-8.492,1.525,3.196,-0.053,0.843,-1.174,57.000,36.300,-0.300,30.6
23:20:44.461,119981,-9.067,0.431,3.060,0.169,0.657,-1.328,57.000,36.300,-0.300,30.3
23:20:44.515,120035,-8.727,0.306,2.452,0.100,0.749,-1.220,59.700,29.550,-2.700,30.5
23:20:44.569,120089,-8.703,-0.948,2.938,-0.194,0.782,-1.197,59.700,29.550,-2.700,30.7
23:20:44.623,120143,-8.787,-1.480,2.758,-0.485,0.703,-1.062,61.950,25.650,-5.550,30.5
23:20:44.677,120197,-8.272,-2.028,1.453,-0.710,0.315,-0.704,64.350,21.600,-5.100,30.3
23:20:44.731,120251,-8.950,-3.440,-0.223,-0.608,0.103,-0.239,64.350,21.600,-5.100,30.5
23:20:44.785,120305,-9.005,-3.977,-0.728,-0.035,-0.570,0.238,64.050,19.200,-6.450,30.6
23:20:44.839,120359,-9.213,-3.407,0.163,0.698,-1.080,0.553,64.050,19.200,-6.450,30.4
23:20:44.893,120413,-8.593,-2.523,0.898,1.136,-1.843,1.282,62.100,22.350,-3.150,30.4
23:20:44.947,120467,-7.554,-1.492,1.288,1.575,-2.000,1.761,62.100,22.350,-3.150,30.5
23:20:45.002,120521,-7.702,0.388,3.543,1.629,-2.046,2.289,62.100,22.350,-3.150,30.4
23:20:45.055,120575,-7.051,2.356,4.882,1.683,-2.115,2.762,62.100,22.350,-3.150,30.2
23:20:45.109,120629,-5.083,3.033,4.891,1.536,-1.885,2.863,48.300,45.900,1.050,30.7
23:20:45.163,120683,-3.412,6.577,5.935,1.467,-2.017,2.904,48.300,45.900,1.050,30.2
23:20:45.217,120737,-1.939,7.812,6.510,1.469,-1.747,2.510,37.950,53.700,-6.150,30.2
23:20:45.271,120791,-0.589,8.578,6.184,1.049,-1.764,2.439,23.100,52.200,-10.950,30.6
23:20:45.325,120845,-0.280,10.841,6.754,1.047,-1.376,2.212,23.100,52.200,-10.950,30.6
23:20:45.379,120899,2.263,8.428,4.798,1.430,-1.188,2.358,9.300,49.050,-11.700,30.4
23:20:45.434,120953,3.378,10.276,5.171,0.956,-1.145,2.159,9.300,49.050,-11.700,30.5
23:20:45.487,121007,3.972,9.646,3.955,0.832,-0.923,1.852,9.300,49.050,-11.700,30.5
23:20:45.541,121061,5.169,8.645,3.019,0.663,-0.816,1.626,9.300,49.050,-11.700,30.7
23:20:45.595,121115,4.975,9.309,3.338,0.700,-0.642,1.465,-11.700,42.300,-11.100,30.4
23:20:45.649,121169,5.071,8.368,1.844,0.581,-0.731,1.198,-11.700,42.300,-11.100,30.3
23:20:45.703,121223,4.990,8.636,2.710,0.348,-0.853,1.230,-16.950,41.100,-10.350,30.5
23:20:45.757,121277,5.598,7.635,1.982,0.354,-1.034,1.407,-16.950,41.100,-10.350,30.5
23:20:45.811,121331,6.965,7.338,0.792,0.563,-1.192,1.669,-21.750,39.600,-11.850,30.4
23:20:45.865,121385,9.285,5.143,-0.342,0.516,-1.012,1.372,-26.250,35.700,-16.200,30.3
23:20:45.919,121439,9.869,6.203,-2.018,0.145,-0.720,0.970,-26.250,35.700,-16.200,30.4
23:20:45.973,121493,8.571,6.713,0.316,0.319,-0.263,0.668,-26.250,35.700,-16.200,30.4
23:20:46.027,121547,7.774,5.363,0.642,0.460,-0.427,0.576,-26.250,35.700,-16.200,30.5
23:20:46.081,121601,8.210,5.866,0.014,0.243,-0.288,0.370,-28.800,29.550,-22.350,30.5
23:20:46.135,121655,8.382,5.636,0.022,0.069,-0.308,0.311,-28.800,29.550,-22.350,30.2
23:20:46.189,121709,8.222,6.402,0.129,-0.544,-0.020,0.096,-29.250,29.550,-24.600,30.7
23:20:46.243,121763,8.669,5.059,-0.625,-0.780,0.085,-0.399,-29.250,29.550,-24.600,30.5
23:20:46.297,121817,8.267,6.330,0.503,-0.752,0.452,-0.614,-29.400,28.500,-23.700,30.6
23:20:46.351,121871,8.179,5.813,0.290,-0.589,0.435,-0.823,-29.400,28.500,-23.700,30.4
23:20:46.405,121925,8.006,6.519,0.883,-0.584,0.574,-0.881,-29.250,32.250,-21.750,30.5
23:20:46.459,121979,8.605,5.423,-0.108,-0.489,0.657,-1.071,-29.250,32.250,-21.750,30.5
23:20:46.513,122033,8.430,7.029,1.520,-0.557,0.946,-1.373,-29.250,32.250,-21.750,30.4
23:20:46.567,122087,7.966,7.372,0.958,-0.549,1.229,-1.630,-21.000,37.950,-12.900,30.2
23:20:46.621,122141,6.881,8.375,3.074,-0.574,1.273,-1.801,-21.000,37.950,-12.900,30.2
23:20:46.675,122195,6.076,8.004,2.385,-0.509,1.399,-1.834,-15.450,43.500,-10.350,30.7
23:20:46.729,122249,5.298,8.674,3.713,-0.935,1.535,-1.894,-15.450,43.500,-10.350,30.5
23:20:46.783,122303,4.247,8.459,3.481,-1.244,1.453,-1.941,-5.850,44.850,-8.700,30.4
23:20:46.837,122357,2.289,8.811,4.927,-1.157,1.624,-1.946,-5.850,44.850,-8.700,30.4
23:20:46.891,122411,1.202,8.294,4.204,-0.782,1.629,-2.021,3.900,46.950,-8.550,30.5
23:20:46.945,122465,0.273,8.571,4.702,-0.461,1.560,-1.950,3.900,46.950,-8.550,30.5
23:20:46.999,122519,-1.065,8.329,5.377,-0.542,1.472,-1.951,3.900,46.950,-8.550,30.6
23:20:47.053,122573,-2.387,7.226,5.842,-0.548,1.500,-2.092,3.900,46.950,-8.550,30.3
23:20:47.107,122627,-4.264,5.954,5.353,-0.716,1.455,-2.133,29.700,50.550,-9.750,30.1
23:20:47.162,122681,-5.437,6.172,5.444,-0.418,1.220,-2.123,39.750,52.200,-7.650,30.4
23:20:47.215,122735,-6.108,4.429,4.743,-0.406,1.242,-2.005,39.750,52.200,-7.650,30.6
23:20:47.269,122789,-6.835,3.850,4.525,-0.418,1.137,-1.928,47.400,46.200,-4.500,30.5
23:20:47.323,122843,-6.754,3.242,4.341,-0.426,0.811,-1.761,47.400,46.200,-4.500,30.4
23:20:47.377,122897,-7.027,1.793,4.444,-0.569,0.681,-1.783,54.300,41.250,-2.850,30.4
23:20:47.431,122951,-7.137,0.785,4.360,-0.822,0.566,-1.701,54.300,41.250,-2.850,30.2
23:20:47.485,123005,-7.930,-0.539,2.962,-0.567,0.513,-1.391,54.300,41.250,-2.850,30.5
23:20:47.539,123059,-8.430,-1.396,2.849,0.116,0.556,-1.122,54.300,41.250,-2.850,30.4
23:20:47.593,123113,-8.844,-1.571,2.485,0.229,0.554,-0.760,59.850,27.000,-0.300,30.4
23:20:47.647,123167,-9.816,-2.207,2.567,0.463,0.671,-0.517,59.850,27.000,-0.300,30.5
23:20:47.701,123221,-10.032,-2.952,2.557,0.417,0.679,-0.389,61.800,26.550,-3.900,30.5
23:20:47.755,123275,-9.342,-2.612,2.550,0.317,0.774,-0.401,61.800,26.550,-3.900,30.5
23:20:47.809,123329,-8.835,-2.279,1.453,0.126,0.496,-0.011,61.800,26.550,-3.900,30.5
23:20:47.863,123383,-8.720,-2.334,0.788,-0.074,0.111,0.305,64.800,25.050,-10.500,30.4
23:20:47.917,123437,-9.103,-2.653,0.117,-0.150,-0.373,0.875,64.800,25.050,-10.500,30.5
23:20:47.971,123491,-9.385,-2.332,1.013,0.238,-1.013,1.178,64.350,27.450,-9.450,30.5
23:20:48.025,123545,-8.411,-1.413,0.666,0.857,-1.402,1.829,64.350,27.450,-9.450,30.5
23:20:48.079,123599,-7.788,-0.397,1.930,1.229,-1.498,2.055,60.300,35.100,-5.400,30.2
23:20:48.133,123653,-7.266,2.418,3.373,1.827,-1.271,2.776,60.300,35.100,-5.400,30.4
23:20:48.187,123707,-6.256,5.346,4.915,2.565,-1.034,2.863,54.000,45.150,-7.200,30.2
23:20:48.241,123761,-5.097,5.643,3.900,2.160,-0.662,2.974,54.000,45.150,-7.200,30.7
23:20:48.295,123815,-3.716,9.663,2.602,1.011,-0.121,2.636,54.000,45.150,-7.200,30.5
23:20:48.349,123869,-2.399,8.155,2.059,1.519,-0.211,2.630,33.300,53.100,-21.300,30.6
23:20:48.403,123923,-1.609,9.515,1.487,0.439,-0.543,2.548,33.300,53.100,-21.300,30.5
23:20:48.457,123977,-0.048,10.942,0.335,1.204,-0.398,2.214,21.750,52.350,-21.300,30.5
23:20:48.511,124031,0.215,10.161,-0.314,1.282,0.205,1.821,21.750,52.350,-21.300,30.4
23:20:48.565,124085,0.285,12.246,2.346,1.150,0.139,2.036,11.250,49.650,-23.100,30.5
23:20:48.619,124139,2.241,10.147,-0.376,0.687,0.096,1.814,11.250,49.650,-23.100,30.4
23:20:48.673,124193,2.715,10.805,0.670,0.062,-0.163,1.744,1.200,49.650,-21.000,30.5
23:20:48.727,124247,3.658,9.603,-0.905,-0.099,-0.242,1.463,1.200,49.650,-21.000,30.5
23:20:48.781,124301,3.725,10.163,0.043,-0.151,-0.358,1.652,1.200,49.650,-21.000,30.6
23:20:48.835,124355,4.482,9.455,-0.845,-0.111,-0.299,1.427,1.200,49.650,-21.000,30.6
23:20:48.894,124409,4.420,9.076,-0.297,-0.096,-0.288,1.552,-9.600,45.900,-16.050,30.5
23:20:48.945,124463,4.966,8.265,-0.788,0.186,-0.192,1.507,-16.200,45.750,-13.200,30.3
23:20:48.997,124517,5.614,8.638,-0.517,0.300,-0.380,1.633,-16.200,45.750,-13.200,30.2
23:20:49.053,124571,6.491,8.727,-0.510,0.207,-0.554,1.523,-21.300,41.550,-16.200,30.6
23:20:49.109,124625,7.187,8.286,-0.402,0.086,-0.570,1.508,-21.300,41.550,-16.200,30.4
23:20:49.159,124679,7.738,7.274,-1.142,-0.266,-0.608,0.980,-25.650,35.550,-18.600,30.5
23:20:49.213,124733,7.604,7.221,-0.634,-0.718,-0.480,0.868,-25.650,35.550,-18.600,30.5
23:20:49.267,124787,7.982,6.740,-1.022,-0.789,-0.548,0.453,-25.650,35.550,-18.600,30.5
23:20:49.321,124841,8.317,5.969,-1.085,-1.224,-0.377,0.273,-25.650,35.550,-18.600,30.6
23:20:49.375,124895,8.583,6.534,-0.625,-1.459,0.079,-0.084,-27.300,31.050,-21.750,30.5
23:20:49.429,124949,8.100,6.483,0.682,-1.430,0.478,-0.641,-27.300,31.050,-21.750,30.2
23:20:49.483,125003,7.796,6.551,1.877,-1.127,0.762,-0.861,-26.400,32.850,-20.100,30.2
23:20:49.537,125057,7.745,7.192,1.573,-0.676,0.914,-1.168,-26.400,32.850,-20.100,30.5
23:20:49.591,125111,7.350,7.819,2.636,-0.663,1.133,-1.519,-24.750,36.150,-14.700,30.4
23:20:49.645,125165,6.900,8.880,3.304,-0.541,1.334,-1.769,-18.750,40.350,-13.200,30.5
23:20:49.699,125219,6.177,9.383,3.733,-0.594,1.524,-2.057,-18.750,40.350,-13.200,30.6
23:20:49.753,125273,5.035,9.543,4.448,-0.806,1.522,-2.204,-18.750,40.350,-13.200,30.4
23:20:49.807,125327,3.991,9.637,4.597,-0.953,1.637,-2.461,-18.750,40.350,-13.200,30.5
23:20:49.861,125381,3.048,10.106,5.562,-1.282,1.860,-2.488,-0.450,47.700,-11.100,30.4
23:20:49.915,125435,0.821,9.503,5.466,-1.213,2.087,-2.757,-0.450,47.700,-11.100,30.4
23:20:49.969,125489,-0.522,7.824,5.600,-0.984,2.240,-2.737,16.200,52.650,-10.650,30.1
23:20:50.023,125543,-2.423,6.218,4.918,-0.882,2.312,-2.756,16.200,52.650,-10.650,30.6
23:20:50.077,125597,-4.094,5.753,4.958,-0.260,2.018,-2.573,16.200,52.650,-10.650,30.4
23:20:50.131,125651,-5.066,3.685,3.505,-0.599,1.607,-2.355,16.200,52.650,-10.650,30.4
23:20:50.185,125705,-6.302,4.034,4.128,-0.662,1.568,-2.349,43.650,48.000,-3.450,30.4
23:20:50.239,125759,-6.910,2.782,3.096,-0.418,1.514,-2.025,53.250,40.950,-1.800,30.6
23:20:50.293,125813,-7.894,1.441,2.715,-0.300,1.607,-1.940,53.250,40.950,-1.800,30.7
23:20:50.347,125867,-9.108,0.405,2.207,0.237,1.543,-1.702,60.450,31.500,-4.500,30.7
23:20:50.401,125921,-8.921,-0.189,1.999,0.203,1.109,-1.501,60.450,31.500,-4.500,30.1
23:20:50.455,125975,-8.629,-0.797,2.014,0.012,0.988,-1.585,62.850,25.800,-8.700,30.2
23:20:50.509,126029,-7.740,-1.204,1.889,-0.317,0.853,-1.470,62.850,25.800,-8.700,30.7
23:20:50.563,126083,-7.252,-1.827,1.140,-0.291,0.851,-1.340,62.850,25.800,-8.700,30.5
23:20:50.617,126137,-7.460,-2.272,-0.316,0.072,0.862,-1.164,62.850,25.800,-8.700,30.7
23:20:50.671,126191,-8.681,-4.683,-1.932,0.527,0.835,-0.792,64.200,15.150,-14.400,30.5
23:20:50.725,126245,-8.622,-6.692,-2.890,0.467,0.242,-0.142,64.200,15.150,-14.400,30.6
23:20:50.779,126299,-8.519,-5.995,-1.666,0.558,-0.468,0.997,66.000,11.700,-16.500,30.6
23:20:50.833,126353,-8.516,-5.078,-1.116,0.382,-0.669,1.639,65.700,17.100,-16.500,30.4
23:20:50.887,126407,-8.942,-3.900,-0.486,0.378,-1.008,1.929,65.700,17.100,-16.500,30.2
23:20:50.941,126461,-9.129,-2.622,0.553,0.621,-1.115,1.873,67.350,25.050,-14.250,30.3
23:20:50.995,126515,-8.389,-0.436,0.929,0.775,-1.120,2.481,67.350,25.050,-14.250,30.5
23:20:51.049,126569,-8.210,0.781,1.262,0.427,-0.628,2.937,67.350,25.050,-14.250,30.6
23:20:51.103,126623,-8.198,2.054,1.805,0.575,-0.356,3.154,67.350,25.050,-14.250,30.5
23:20:51.157,126677,-6.955,3.469,1.911,0.922,-0.575,3.392,55.650,46.500,-15.900,30.5
23:20:51.211,126731,-4.863,7.266,2.619,0.864,-0.856,3.248,55.650,46.500,-15.900,30.6
23:20:51.265,126785,-3.505,7.013,1.197,1.778,-0.592,2.502,45.900,53.550,-18.750,30.5
23:20:51.319,126839,-2.571,8.837,0.924,0.850,-0.591,2.711,45.900,53.550,-18.750,30.6
23:20:51.373,126893,-1.374,10.657,0.687,1.691,0.084,2.527,35.400,55.200,-24.450,30.2
23:20:51.427,126947,-0.460,11.760,1.190,1.042,-0.173,2.510,21.600,52.500,-26.550,30.7
23:20:51.481,127001,0.577,10.010,-1.137,1.166,0.341,2.196,21.600,52.500,-26.550,30.5
23:20:51.535,127055,1.113,10.676,-0.955,0.815,0.156,2.162,21.600,52.500,-26.550,30.6
23:20:51.589,127109,1.638,11.155,-0.814,0.335,0.093,2.070,21.600,52.500,-26.550,30.5
23:20:51.643,127163,2.315,9.476,-1.760,0.260,-0.182,1.960,0.000,47.850,-20.700,30.4
23:20:51.697,127217,3.397,10.951,-1.255,-0.030,-0.367,2.033,0.000,47.850,-20.700,30.6
23:20:51.751,127271,3.974,8.811,-2.368,-0.025,-0.191,1.974,-8.550,48.600,-19.650,30.6
23:20:51.805,127325,5.547,9.613,-0.417,-0.177,-0.374,2.123,-8.550,48.600,-19.650,30.5
23:20:51.859,127379,5.514,8.021,-2.167,-0.017,-0.593,1.787,-8.550,48.600,-19.650,30.2
23:20:51.913,127433,6.802,8.535,-0.943,-0.344,-0.513,1.730,-8.550,48.600,-19.650,30.5
23:20:51.967,127487,7.262,7.501,-1.860,-0.254,-0.613,1.419,-19.500,42.600,-20.550,30.5
23:20:52.022,127541,7.305,7.415,-1.573,-0.133,-0.513,1.401,-23.850,42.600,-20.550,30.4
23:20:52.075,127595,8.080,5.993,-1.551,-0.172,-0.384,1.147,-23.850,37.050,-21.450,30.7
23:20:52.129,127649,8.253,5.957,-1.413,-0.319,-0.380,0.786,-29.250,36.150,-23.850,30.4
23:20:52.183,127703,8.636,6.855,-2.195,-0.706,-0.118,0.494,-29.250,36.150,-23.850,30.5
23:20:52.237,127757,7.092,6.457,-0.373,-0.879,-0.210,0.212,-28.500,33.000,-22.800,30.7
23:20:52.291,127811,8.092,5.849,-1.269,-0.677,-0.063,-0.161,-28.500,33.000,-22.800,30.2
23:20:52.345,127865,7.992,6.105,-1.137,-0.254,0.079,-0.265,-28.500,33.000,-22.800,30.3
23:20:52.399,127919,7.846,6.163,-0.476,-0.358,0.230,-0.455,-28.500,33.000,-22.800,30.4
23:20:52.453,127973,7.975,5.988,-0.527,-0.472,0.259,-0.758,-25.950,32.850,-22.650,30.5
23:20:52.507,128027,8.025,7.123,0.012,-1.018,0.443,-1.099,-25.950,32.850,-22.650,30.5
23:20:52.561,128081,7.999,7.451,-0.005,-1.421,0.538,-1.317,-25.500,36.450,-20.250,30.4
23:20:52.615,128135,7.626,8.294,0.725,-1.826,0.666,-1.543,-25.500,36.450,-20.250,30.5
23:20:52.669,128189,6.582,9.143,1.592,-1.515,0.904,-1.798,-20.250,39.600,-16.500,30.5
23:20:52.723,128243,6.062,9.131,1.611,-1.238,1.094,-1.871,-15.000,42.600,-13.650,30.5
23:20:52.777,128297,5.442,9.895,3.436,-1.739,1.155,-1.974,-15.000,42.600,-13.650,30.2
23:20:52.831,128351,4.539,9.266,4.250,-2.289,1.407,-1.972,-15.000,42.600,-13.650,30.4
23:20:52.885,128405,2.339,9.129,6.414,-2.272,1.519,-2.147,-15.000,42.600,-13.650,30.5
23:20:52.939,128459,1.597,7.915,6.388,-1.556,1.706,-1.967,4.950,48.450,-5.550,30.7
23:20:52.993,128513,-0.034,8.933,8.100,-0.796,1.736,-1.893,4.950,48.450,-5.550,30.5
23:20:53.047,128567,-0.536,6.393,6.031,-0.108,2.081,-2.151,17.250,52.350,-0.450,30.2
23:20:53.101,128621,-3.050,6.366,6.783,0.784,2.147,-2.358,17.250,52.350,-0.450,30.5
23:20:53.155,128675,-3.907,5.511,6.519,0.530,1.737,-2.425,29.850,51.900,-0.450,30.4
23:20:53.209,128729,-5.643,4.439,5.880,0.260,1.612,-2.295,29.850,51.900,-0.450,30.4
23:20:53.263,128783,-6.764,3.979,4.530,0.374,1.469,-2.288,40.500,49.050,-1.800,30.3
23:20:53.317,128837,-7.664,3.196,4.566,0.474,1.322,-2.279,40.500,49.050,-1.800,30.2
23:20:53.371,128891,-7.685,1.820,3.953,0.300,1.174,-2.131,40.500,49.050,-1.800,30.4
23:20:53.425,128945,-8.164,0.979,3.371,0.148,1.109,-2.099,56.250,34.800,-6.150,30.4
23:20:53.479,128999,-8.310,0.012,2.670,-0.302,1.164,-2.038,56.250,34.800,-6.150,30.5
23:20:53.533,129053,-9.072,-0.362,2.684,-0.340,1.047,-1.761,59.850,26.550,-8.700,30.6
23:20:53.587,129107,-9.060,-2.160,1.805,-0.146,1.122,-1.764,59.850,26.550,-8.700,30.5
23:20:53.641,129161,-9.170,-2.555,1.132,-0.027,1.090,-1.647,62.850,20.100,-9.750,30.4
23:20:53.695,129215,-8.681,-3.809,0.417,-0.226,0.951,-1.549,62.850,20.100,-9.750,30.7
23:20:53.749,129269,-7.745,-3.776,-0.500,-0.520,0.878,-1.192,65.400,13.200,-14.400,30.1
23:20:53.803,129323,-7.745,-4.424,-0.903,-0.906,0.831,-1.100,65.400,13.200,-14.400,30.3
23:20:53.857,129377,-7.731,-4.520,-1.125,-0.649,0.812,-1.159,63.150,9.450,-18.000,30.4
23:20:53.911,129431,-7.333,-4.506,-1.530,-0.323,0.681,-1.183,63.450,4.800,-22.800,30.3
23:20:53.965,129485,-6.388,-7.075,-3.871,-0.299,0.488,-0.864,63.450,4.800,-22.800,30.6
23:20:54.019,129539,-6.522,-7.762,-4.891,-0.476,-0.531,0.361,62.400,1.650,-22.350,30.6
23:20:54.073,129593,-6.464,-6.974,-3.393,-0.104,-1.251,1.373,62.400,1.650,-22.350,30.6
23:20:54.127,129647,-6.491,-5.768,-2.564,0.148,-1.592,2.042,62.400,1.650,-22.350,30.5
23:20:54.181,129701,-7.266,-4.635,-1.702,0.282,-1.548,2.345,62.400,1.650,-22.350,30.4
23:20:54.235,129755,-8.174,-3.153,-0.388,0.891,-1.703,2.412,65.100,14.250,-15.600,30.2
23:20:54.289,129809,-8.408,-1.583,0.129,1.213,-1.561,2.652,65.100,14.250,-15.600,30.2
23:20:54.343,129863,-8.222,-0.048,2.239,1.078,-1.489,2.633,63.450,25.650,-11.100,30.5
23:20:54.401,129917,-7.829,2.327,2.373,1.152,-1.405,2.833,63.450,25.650,-11.100,30.5
23:20:54.451,129971,-7.099,3.395,3.223,0.896,-1.149,2.842,56.700,36.900,-8.100,30.2
23:20:54.559,130025,-6.440,6.184,3.486,1.001,-0.890,2.686,49.500,47.100,-9.450,30.4
23:20:54.560,130079,-5.677,7.602,3.591,0.824,-0.669,2.330,49.500,47.100,-9.450,30.4
23:20:54.613,130133,-5.406,7.829,4.061,0.280,-0.663,2.393,49.500,47.100,-9.450,30.4
23:20:54.667,130187,-4.599,8.600,4.168,0.318,-0.714,2.350,49.500,47.100,-9.450,30.6
23:20:54.721,130241,-3.364,7.724,2.804,0.749,-0.668,2.204,29.850,55.350,-15.900,30.0
23:20:54.775,130295,-2.418,9.663,3.783,0.616,-0.887,2.436,29.850,55.350,-15.900,30.4
23:20:54.829,130349,-1.537,8.830,2.619,1.545,-0.440,2.143,19.050,55.050,-18.750,30.7
23:20:54.883,130403,0.043,8.739,1.437,0.642,-0.482,2.264,19.050,55.050,-18.750,30.5
23:20:54.937,130457,0.814,11.715,3.089,0.903,-0.661,2.290,8.850,52.500,-20.400,30.5
23:20:54.991,130511,2.602,9.946,1.243,0.454,-0.589,2.142,8.850,52.500,-20.400,30.4
23:20:55.045,130565,3.373,10.216,1.518,-0.030,-1.014,2.304,-2.550,50.550,-19.650,30.7
23:20:55.099,130619,5.193,9.711,0.917,-0.035,-1.120,1.969,-2.550,50.550,-19.650,30.5
23:20:55.153,130673,5.904,8.102,1.065,-0.339,-1.330,1.592,-2.550,50.550,-19.650,30.2
23:20:55.207,130727,6.476,8.456,1.322,-0.468,-1.488,1.373,-15.900,42.450,-18.600,30.3
23:20:55.261,130781,7.424,8.085,-0.108,-0.166,-1.016,1.248,-15.900,42.450,-18.600,30.4
23:20:55.315,130835,7.477,6.843,-0.213,-0.086,-0.869,1.236,-20.850,39.300,-20.400,30.2
23:20:55.369,130889,7.724,6.907,0.876,-0.026,-0.728,1.166,-20.850,39.300,-20.400,30.4
23:20:55.423,130943,8.291,7.520,-1.226,-0.060,-0.818,0.963,-20.850,39.300,-20.400,30.4
23:20:55.477,130997,8.128,5.634,-0.737,0.191,-0.417,0.961,-20.850,39.300,-20.400,30.4
23:20:55.531,131051,7.867,6.907,0.986,0.554,-0.198,0.787,-26.550,32.250,-26.100,30.6
23:20:55.585,131105,9.029,5.080,-0.809,0.500,-0.075,0.261,-26.550,32.250,-26.100,30.5
23:20:55.639,131159,7.810,6.074,0.187,0.320,-0.049,0.206,-28.800,32.250,-27.150,30.2
23:20:55.693,131213,8.727,6.201,-0.982,0.442,0.193,0.004,-28.800,32.250,-27.150,30.0
23:20:55.747,131267,7.848,5.581,0.220,0.911,0.179,0.081,-29.700,30.450,-27.300,30.4
23:20:55.801,131321,8.674,5.224,-1.403,1.319,0.290,0.029,-28.200,28.950,-27.000,30.7
23:20:55.855,131375,8.801,3.328,-1.607,1.325,0.189,0.121,-28.200,28.950,-27.000,30.4
23:20:55.909,131429,9.110,3.287,-2.207,1.933,0.294,-0.239,-28.200,28.950,-27.000,30.4
23:20:55.963,131483,8.475,3.670,-2.356,1.962,0.472,-0.637,-28.200,28.950,-27.000,30.5
23:20:56.017,131537,8.595,4.724,-2.741,1.523,0.486,-0.739,-27.000,29.850,-24.900,30.4
23:20:56.071,131591,8.337,4.118,-2.356,0.952,0.273,-0.679,-27.000,29.850,-24.900,30.5
23:20:56.125,131645,8.246,5.126,-3.112,0.491,0.203,-0.820,-25.200,30.900,-23.400,30.2
23:20:56.179,131699,8.351,3.467,-2.753,-0.371,0.038,-0.770,-25.200,30.900,-23.400,30.3
23:20:56.233,131753,8.100,5.377,-1.903,-0.440,0.184,-0.859,-25.950,34.350,-23.700,30.5
23:20:56.287,131807,7.939,5.035,-2.090,-0.539,0.253,-0.709,-25.950,34.350,-23.700,30.5
23:20:56.341,131861,7.345,4.010,-1.099,-0.470,0.330,-0.313,-23.850,37.800,-21.150,30.5
23:20:56.395,131915,7.106,4.657,-1.173,0.156,0.077,0.041,-23.850,37.800,-21.150,30.3
23:20:56.449,131969,7.738,4.393,-1.937,0.311,0.022,0.343,-23.850,37.800,-21.150,30.6
23:20:56.503,132023,8.260,4.769,-2.844,0.484,0.158,0.455,-22.800,36.150,-19.500,30.4
23:20:56.557,132077,8.282,3.943,-2.921,0.721,0.279,0.358,-22.800,36.150,-19.500,30.5
23:20:56.611,132131,7.824,5.066,-2.456,0.756,0.141,0.589,-24.150,36.300,-20.400,30.2
23:20:56.665,132185,8.001,4.377,-2.339,0.734,-0.083,0.783,-24.150,36.300,-20.400,30.4
23:20:56.719,132239,7.980,4.927,-3.199,0.458,-0.159,0.893,-24.750,34.500,-19.800,30.5
23:20:56.773,132293,8.471,4.913,-2.861,-0.220,-0.365,0.920,-24.750,34.500,-19.800,30.5
23:20:56.827,132347,8.811,4.870,-3.263,-0.538,-0.431,0.808,-28.500,30.600,-22.800,30.4
23:20:56.881,132401,8.866,4.590,-2.782,-0.979,-0.416,0.533,-28.500,30.600,-22.800,30.5
23:20:56.935,132455,8.995,4.317,-3.074,-1.179,-0.367,0.242,-28.500,30.600,-22.800,30.6
23:20:56.989,132509,9.076,4.650,-2.387,-1.557,-0.132,-0.002,-29.250,28.350,-25.350,30.4
23:20:57.043,132563,8.710,5.375,-1.247,-1.809,-0.125,-0.226,-29.250,28.350,-25.350,30.7
23:20:57.097,132617,8.217,5.753,-0.941,-1.657,-0.075,-0.366,-26.700,28.950,-25.500,30.2
23:20:57.151,132671,8.435,4.772,-0.960,-1.236,-0.093,-0.314,-26.700,28.950,-25.500,30.4
23:20:57.205,132725,8.897,5.107,-1.580,-0.770,0.067,-0.354,-27.900,31.950,-24.000,30.5
23:20:57.259,132779,9.117,4.334,-1.872,-0.481,0.308,-0.586,-27.900,31.950,-24.000,30.7
23:20:57.313,132833,7.788,4.616,-1.003,0.164,0.281,-0.668,-27.300,34.200,-25.650,30.5
23:20:57.367,132887,7.898,4.108,-1.504,0.500,0.221,-0.679,-27.300,34.200,-25.650,30.5
23:20:57.421,132941,7.714,5.646,-1.848,0.374,0.092,-0.420,-27.300,34.200,-25.650,30.5
23:20:57.475,132995,7.436,4.927,-1.288,0.338,-0.157,-0.116,-27.300,34.200,-25.650,30.5
23:20:57.529,133049,7.626,4.448,-1.331,-0.256,-0.450,0.197,-23.400,35.550,-22.950,30.3
23:20:57.583,133103,7.616,4.784,-1.889,-0.832,-0.319,0.071,-22.800,35.700,-25.650,30.2
23:20:57.637,133157,7.530,5.260,-0.821,-1.127,-0.363,0.077,-22.800,35.700,-25.650,30.2
23:20:57.691,133211,7.487,5.887,-0.910,-1.478,-0.447,0.134,-22.500,36.150,-26.100,30.5
23:20:57.745,133265,8.554,5.782,-0.819,-1.213,-0.277,0.071,-22.500,36.150,-26.100,30.5
23:20:57.799,133319,8.645,6.744,-1.034,-1.230,-0.127,-0.407,-22.800,37.650,-23.850,30.6
23:20:57.853,133373,7.870,6.618,1.681,-0.155,0.460,-0.997,-22.800,37.650,-23.850,30.5
23:20:57.907,133427,7.470,7.695,0.692,-0.055,0.912,-1.425,-22.800,37.650,-23.850,30.4
23:20:57.961,133481,6.800,9.124,2.526,0.095,1.017,-1.869,-22.800,37.650,-23.850,30.6
23:20:58.015,133535,6.656,10.415,2.440,-0.852,1.076,-2.360,-18.150,45.600,-21.900,30.4
23:20:58.069,133589,5.212,10.800,3.548,-1.487,1.184,-2.748,-18.150,45.600,-21.900,30.3
23:20:58.123,133643,2.933,9.711,3.776,-0.873,1.417,-2.809,-8.250,49.650,-18.450,30.5
23:20:58.180,133697,2.641,10.180,4.049,-0.477,1.515,-2.851,-8.250,49.650,-18.450,30.4
23:20:58.231,133751,1.008,10.046,3.658,-0.127,1.575,-3.194,4.350,54.000,-15.600,30.5
23:20:58.285,133805,0.541,9.895,3.831,-0.791,1.167,-3.126,18.750,56.250,-16.500,30.5
23:20:58.339,133859,-2.174,9.055,3.069,-0.975,1.195,-3.549,18.750,56.250,-16.500,30.3
23:20:58.393,133913,-4.726,6.639,3.065,-0.330,1.443,-3.591,18.750,56.250,-16.500,30.2
23:20:58.447,133967,-5.684,5.186,2.215,0.328,1.170,-3.275,18.750,56.250,-16.500,30.2
23:20:58.501,134021,-6.536,3.144,1.784,0.717,1.318,-3.084,48.600,46.200,-13.950,30.0
23:20:58.555,134075,-7.887,2.564,1.626,1.074,1.153,-2.802,48.600,46.200,-13.950,30.2
23:20:58.609,134129,-8.861,1.204,1.111,1.271,1.179,-2.484,56.550,38.250,-17.850,30.5
23:20:58.663,134183,-8.993,1.288,1.329,1.392,1.215,-2.453,56.550,38.250,-17.850,30.5
23:20:58.717,134237,-8.643,-0.910,0.555,1.000,1.108,-2.015,56.550,38.250,-17.850,30.3
23:20:58.771,134291,-7.827,-1.511,0.002,0.462,0.800,-1.820,56.550,38.250,-17.850,30.3
23:20:58.829,134345,-8.164,-2.248,0.158,-0.525,0.294,-1.535,64.200,22.950,-27.600,30.7
23:20:58.879,134399,-8.490,-1.484,-0.041,-0.389,-0.183,-1.186,64.650,18.300,-27.900,30.4
23:20:58.933,134453,-8.320,-3.816,-1.788,-0.256,-0.361,-1.037,64.650,18.300,-27.900,30.7
23:20:58.987,134507,-7.982,-5.373,-1.741,-0.536,-0.354,-0.190,65.700,14.100,-27.150,30.5
23:20:59.041,134561,-8.128,-6.682,-1.808,-0.954,-0.108,0.271,65.700,14.100,-27.150,30.4
23:20:59.095,134615,-8.519,-4.635,-1.427,-0.504,-0.298,1.482,65.100,15.000,-27.000,30.5
23:20:59.149,134669,-7.970,-3.780,-1.355,-0.112,-0.277,2.070,65.100,15.000,-27.000,30.5
23:20:59.203,134723,-8.294,-2.756,-0.618,0.152,-0.362,2.318,65.100,15.000,-27.000,30.5
23:20:59.258,134777,-8.569,-0.953,-0.725,0.920,-0.263,2.701,65.100,15.000,-27.000,30.4
23:20:59.311,134831,-8.526,0.828,-0.661,0.857,-0.087,2.887,62.400,29.850,-27.600,30.5
23:20:59.365,134885,-8.162,1.760,-0.141,0.985,0.114,2.952,62.400,29.850,-27.600,30.5
23:20:59.419,134939,-7.080,4.180,-0.668,1.068,0.251,3.048,55.800,40.950,-28.500,30.5
23:20:59.473,134993,-5.926,6.278,-1.422,0.721,0.574,2.865,45.900,48.450,-36.300,30.2
23:20:59.527,135047,-5.351,8.155,-1.879,0.255,0.599,2.659,45.900,48.450,-36.300,30.2
23:20:59.581,135101,-4.343,10.113,-0.534,-0.136,0.398,2.488,36.300,51.900,-38.550,30.2
23:20:59.635,135155,-3.831,9.416,-1.946,-0.092,0.400,2.275,36.300,51.900,-38.550,30.5
23:20:59.689,135209,-3.352,7.877,-1.221,-1.199,0.547,2.290,36.300,51.900,-38.550,30.4
23:20:59.743,135263,-2.571,8.947,-2.076,-0.531,0.440,2.037,36.300,51.900,-38.550,30.4
23:20:59.797,135317,-1.513,8.576,-1.781,-0.330,0.220,2.294,16.200,54.600,-34.800,30.5
23:20:59.851,135371,-0.055,10.427,-2.097,0.346,0.282,2.233,16.200,54.600,-34.800,30.6
23:20:59.908,135425,1.030,7.156,-2.301,0.327,0.107,2.402,7.200,52.350,-30.450,30.5
23:20:59.963,135479,3.618,11.732,-1.245,0.338,-0.066,2.514,7.200,52.350,-30.450,30.0
23:21:00.017,135533,4.508,8.394,-2.911,-0.113,-0.119,2.080,-4.050,49.500,-24.000,30.4
23:21:00.067,135587,5.437,9.249,-1.755,-0.144,-0.209,1.947,-12.000,48.450,-22.350,30.5
23:21:00.121,135641,5.562,9.462,-2.717,-0.368,-0.162,1.804,-12.000,48.450,-22.350,30.5
23:21:00.175,135695,6.431,7.582,-1.034,-0.280,-0.434,1.671,-12.000,48.450,-22.350,30.4
23:21:00.229,135749,6.606,8.507,-2.114,-0.405,-0.480,1.551,-12.000,48.450,-22.350,30.4
23:21:00.283,135803,6.986,6.970,-1.508,-0.321,-0.448,1.377,-22.350,40.950,-21.900,30.3
23:21:00.337,135857,7.348,7.113,-1.413,-0.369,-0.339,1.215,-22.350,40.950,-21.900,30.4
23:21:00.391,135911,7.537,6.812,-1.111,-0.278,-0.422,1.225,-25.950,37.500,-22.650,30.5
23:21:00.444,135965,7.843,6.826,-1.386,-0.294,-0.454,1.139,-25.950,37.500,-22.650,30.2
23:21:00.499,136019,8.282,5.693,-1.697,-0.563,-0.354,0.776,-25.950,37.500,-22.650,30.5
23:21:00.553,136073,8.349,6.656,-1.022,-1.090,-0.283,0.567,-25.950,37.500,-22.650,30.5
23:21:00.606,136127,8.650,4.848,-1.408,-1.166,-0.181,-0.029,-29.550,31.500,-26.100,30.2
23:21:00.661,136181,8.466,6.438,-0.582,-1.288,-0.081,-0.105,-29.550,31.500,-26.100,30.2
23:21:00.715,136235,8.770,5.696,-0.850,-1.071,0.122,-0.313,-29.550,31.500,-26.100,30.2
23:21:00.769,136289,8.583,6.318,0.433,-1.528,0.236,-0.637,-27.750,33.750,-23.100,30.5
23:21:00.823,136343,8.667,6.230,0.560,-1.008,0.722,-1.053,-27.750,33.750,-23.100,30.6
23:21:00.877,136397,7.767,7.034,2.030,-1.009,1.209,-1.284,-26.550,36.150,-19.800,30.4
23:21:00.931,136451,6.795,7.223,2.610,-0.620,1.090,-1.396,-26.550,36.150,-19.800,30.2
23:21:00.985,136505,7.003,7.053,1.659,-0.374,0.932,-1.332,-26.550,36.150,-19.800,30.5
23:21:01.039,136559,6.943,7.654,2.143,-0.819,1.025,-1.306,-26.550,36.150,-19.800,30.5
23:21:01.093,136613,6.539,8.566,3.395,-1.343,1.226,-1.354,-16.950,45.000,-13.950,30.5
23:21:01.147,136667,5.260,8.346,4.415,-1.270,1.414,-1.499,-16.950,45.000,-13.950,30.6
23:21:01.201,136721,4.271,9.098,5.143,-0.865,1.460,-1.697,-9.600,45.900,-9.450,30.3
23:21:01.254,136775,4.166,8.677,4.685,-0.824,1.974,-1.965,-9.600,45.900,-9.450,30.5
23:21:01.309,136829,1.255,8.392,5.995,-0.622,1.867,-2.145,1.350,48.300,-7.650,30.5
23:21:01.363,136883,0.098,8.382,6.536,-0.683,1.865,-2.172,13.500,51.600,-6.750,30.2
23:21:01.417,136937,-1.190,7.767,6.179,-0.468,1.836,-2.263,13.500,51.600,-6.750,30.1
23:21:01.471,136991,-2.061,6.670,6.340,-0.838,1.779,-2.121,13.500,51.600,-6.750,30.4
23:21:01.525,137045,-3.718,5.976,5.468,-0.935,1.701,-2.170,13.500,51.600,-6.750,30.5
23:21:01.579,137099,-5.203,4.683,6.357,-0.885,1.681,-2.182,37.050,49.950,-1.500,30.4
23:21:01.633,137153,-5.691,3.677,4.736,-1.240,1.453,-1.984,37.050,49.950,-1.500,30.4
23:21:01.687,137207,-6.644,2.105,4.123,-0.952,1.701,-2.053,49.350,43.800,1.950,30.6
23:21:01.740,137261,-7.147,1.439,3.900,-1.020,1.411,-1.656,49.350,43.800,1.950,30.4
23:21:01.795,137315,-7.403,0.577,3.388,-0.826,1.286,-1.415,55.800,35.100,1.350,30.7
23:21:01.849,137369,-7.834,-0.594,2.629,-0.646,1.065,-1.210,55.800,35.100,1.350,30.4
23:21:01.903,137423,-8.605,-1.523,2.155,-0.347,1.005,-1.049,59.400,27.600,0.900,30.0
23:21:01.957,137477,-8.966,-1.566,1.774,-0.201,0.863,-0.738,59.400,27.600,0.900,30.5
23:21:02.011,137531,-9.239,-1.903,2.167,-0.331,0.850,-0.829,59.400,27.600,0.900,30.4
23:21:02.065,137585,-9.031,-2.725,1.322,-0.495,0.819,-0.619,63.300,20.850,-8.400,30.4
23:21:02.119,137639,-9.972,-2.567,1.202,0.076,0.093,-0.319,63.300,20.850,-8.400,30.5
23:21:02.173,137693,-9.167,-4.803,-1.149,0.803,-0.379,0.193,64.050,18.450,-6.900,30.4
23:21:02.226,137747,-8.497,-3.450,-0.773,1.288,-0.532,0.849,64.050,18.450,-6.900,30.4
23:21:02.281,137801,-8.504,-2.354,0.457,1.325,-0.770,1.272,63.300,22.800,-4.350,30.7
23:21:02.334,137855,-8.317,-2.049,1.331,1.059,-1.009,1.723,63.300,22.800,-4.350,30.2
23:21:02.389,137909,-8.334,-1.238,2.658,1.100,-1.068,1.952,61.200,29.550,-4.500,30.1
23:21:02.442,137963,-7.807,0.773,2.765,1.235,-1.212,2.305,61.200,29.550,-4.500,30.5
23:21:02.497,138017,-6.759,2.648,3.383,1.204,-1.512,2.680,61.200,29.550,-4.500,30.4
23:21:02.551,138071,-6.201,3.768,5.315,0.907,-1.474,2.543,47.250,49.800,-6.150,30.7
23:21:02.605,138125,-4.642,7.262,4.231,0.927,-1.615,2.744,47.250,49.800,-6.150,30.7
23:21:02.659,138179,-3.168,8.006,4.446,1.247,-0.832,2.200,35.850,54.300,-12.150,30.6
23:21:02.713,138233,-2.655,7.757,3.536,0.710,-1.191,2.432,35.850,54.300,-12.150,30.8
23:21:02.767,138287,-1.279,10.369,6.438,0.759,-1.017,2.147,35.850,54.300,-12.150,30.2
23:21:02.821,138341,-0.615,8.849,3.249,0.798,-1.039,2.014,35.850,54.300,-12.150,30.0
23:21:02.875,138395,1.075,9.572,4.209,0.046,-1.017,2.000,13.500,53.850,-14.700,30.4
23:21:02.929,138449,0.862,10.058,4.118,0.124,-1.037,1.919,13.500,53.850,-14.700,30.5
23:21:02.983,138503,2.684,9.268,3.634,0.343,-0.890,1.633,0.300,52.200,-13.800,30.4
23:21:03.037,138557,2.959,9.459,4.776,0.097,-1.044,1.510,0.300,52.200,-13.800,30.5
23:21:03.091,138611,3.124,9.373,3.359,0.386,-0.966,1.369,-6.750,48.000,-13.950,30.7
23:21:03.145,138665,4.616,9.021,3.730,-0.066,-1.031,1.363,-12.900,46.650,-12.750,30.4
23:21:03.199,138719,5.337,8.155,3.361,0.206,-0.832,1.266,-12.900,46.650,-12.750,30.6
23:21:03.253,138773,6.390,7.128,2.045,0.627,-0.707,1.161,-12.900,46.650,-12.750,30.4
23:21:03.307,138827,6.357,8.329,2.931,1.280,-0.704,1.105,-12.900,46.650,-12.750,30.2
23:21:03.360,138881,7.676,6.874,-0.369,1.863,-0.150,0.759,-21.900,41.250,-17.850,30.4
23:21:03.415,138935,6.924,6.749,1.034,2.196,0.169,0.903,-21.900,41.250,-17.850,30.5
23:21:03.469,138989,8.119,5.756,-1.197,2.560,0.298,0.634,-24.300,39.600,-18.450,30.4
23:21:03.523,139043,7.906,7.123,-1.544,2.796,0.822,0.424,-24.300,39.600,-18.450,30.6
23:21:03.577,139097,7.920,5.576,-1.279,2.995,0.938,0.272,-25.500,36.900,-22.350,30.4
23:21:03.631,139151,7.853,5.650,-2.351,2.926,1.051,0.143,-25.500,36.900,-22.350,30.5
23:21:03.685,139205,8.107,5.669,-2.959,3.165,1.255,0.084,-26.550,33.750,-22.800,30.5
23:21:03.739,139259,8.217,4.499,-3.144,2.717,1.374,0.052,-26.550,33.750,-22.800,30.2
23:21:03.793,139313,8.538,3.596,-2.258,2.358,1.020,0.282,-26.550,33.750,-22.800,30.2
23:21:03.847,139367,8.665,2.974,-3.886,3.002,0.840,0.116,-25.800,33.750,-20.250,30.6
23:21:03.901,139421,8.978,2.784,-3.010,2.271,0.712,0.215,-25.800,33.750,-20.250,30.2
23:21:03.955,139475,9.239,2.667,-3.948,1.696,0.265,-0.009,-24.900,33.600,-18.900,30.3
23:21:04.009,139529,8.748,2.358,-3.812,1.535,0.090,-0.165,-24.900,33.600,-18.900,30.4
23:21:04.062,139583,8.777,1.657,-3.730,1.359,-0.154,-0.192,-23.400,32.850,-22.650,30.3
23:21:04.117,139637,8.064,2.610,-2.713,1.082,-0.468,-0.329,-23.400,32.850,-22.650,30.5
23:21:04.170,139691,8.916,4.116,-5.018,0.407,-1.043,-0.938,-24.300,33.000,-24.600,30.7
23:21:04.225,139745,8.966,4.135,-5.825,-0.840,-1.102,-0.692,-24.300,33.000,-24.600,30.2
23:21:04.279,139799,8.088,4.808,-4.688,-2.793,-1.499,-1.187,-24.300,33.000,-24.600,30.1
23:21:04.333,139853,7.640,6.438,-4.853,-3.787,-1.836,-1.653,-24.300,33.000,-24.600,30.4
23:21:04.387,139907,6.790,7.767,-4.671,-3.951,-1.688,-1.850,-18.300,42.300,-28.650,30.6
23:21:04.441,139961,5.794,7.298,-2.931,-3.214,-1.337,-2.305,-11.100,46.350,-21.450,30.3
23:21:04.495,140015,4.549,11.145,-2.866,-1.854,-1.112,-2.463,-11.100,46.350,-21.450,30.5
23:21:04.549,140069,3.663,11.054,-2.528,-0.930,-0.592,-2.718,-11.100,46.350,-21.450,30.4
23:21:04.603,140123,3.110,10.362,-2.107,-1.275,-0.139,-3.028,-11.100,46.350,-21.450,30.5
23:21:04.657,140177,0.764,11.241,0.091,-1.458,-0.156,-3.068,6.750,46.500,-26.400,30.5
23:21:04.711,140231,-0.546,9.950,0.314,-1.301,-0.049,-3.124,6.750,46.500,-26.400,30.2
23:21:04.765,140285,-1.575,8.332,0.043,-1.583,0.070,-2.965,21.300,52.350,-34.050,30.2
23:21:04.818,140339,-2.624,8.566,1.745,-1.964,0.114,-2.713,21.300,52.350,-34.050,30.5
23:21:04.873,140393,-3.780,6.821,1.415,-1.680,0.420,-2.563,38.700,59.850,-29.550,30.7
23:21:04.926,140447,-5.040,7.003,2.579,-1.707,0.505,-2.307,38.700,59.850,-29.550,30.5
23:21:04.981,140501,-5.677,5.511,2.631,-1.464,0.780,-2.112,46.350,58.500,-12.150,30.6
23:21:05.034,140555,-6.744,4.300,3.168,-1.560,0.881,-1.838,46.350,58.500,-12.150,30.4
23:21:05.089,140609,-7.118,2.559,2.708,-1.328,0.870,-1.568,46.350,58.500,-12.150,30.4
23:21:05.143,140663,-7.518,1.355,1.970,-1.106,0.958,-1.503,58.800,38.250,-1.050,30.5
23:21:05.197,140717,-8.121,1.006,2.263,-0.879,0.763,-1.286,58.800,38.250,-1.050,30.2
23:21:05.251,140771,-8.679,0.857,1.446,-0.750,0.537,-0.927,61.200,31.050,-0.900,30.4
23:21:05.305,140825,-9.096,-1.085,0.663,-0.250,0.455,-0.705,61.200,31.050,-0.900,30.6
23:21:05.359,140879,-10.156,-0.936,0.759,0.233,0.336,-0.419,62.100,27.450,-0.300,30.5
23:21:05.413,140933,-10.329,-1.487,0.227,0.596,0.151,-0.026,62.100,27.450,-0.300,30.2
23:21:05.467,140987,-9.943,-1.990,0.060,0.695,-0.205,0.389,63.150,26.400,-3.000,30.5
23:21:05.520,141041,-9.536,-1.539,0.417,0.446,-0.627,0.710,63.150,26.400,-3.000,30.5
23:21:05.574,141095,-8.933,-1.080,0.527,0.653,-1.039,1.128,63.150,26.400,-3.000,30.4
23:21:05.628,141149,-8.607,-0.735,0.994,0.852,-1.448,1.494,58.800,35.100,0.000,30.7
23:21:05.683,141203,-7.463,0.934,0.864,1.135,-1.893,2.116,58.800,35.100,0.000,30.2
23:21:05.736,141257,-6.108,2.081,2.128,1.030,-2.254,2.455,49.650,48.000,0.900,30.0
23:21:05.790,141311,-4.178,5.018,3.249,0.909,-2.567,2.871,49.650,48.000,0.900,30.7
23:21:05.845,141365,-1.925,5.641,4.915,0.675,-2.624,2.698,38.250,54.000,-0.600,30.4
23:21:05.898,141419,0.429,7.092,3.757,0.928,-2.838,2.771,38.250,54.000,-0.600,30.4
23:21:05.952,141473,2.253,9.867,5.746,0.938,-2.453,2.507,24.150,55.200,-5.400,30.2
23:21:06.006,141527,2.485,10.048,5.128,1.128,-1.960,2.203,24.150,55.200,-5.400,30.5
23:21:06.061,141581,3.792,9.500,4.216,0.993,-1.768,2.066,24.150,55.200,-5.400,30.4
23:21:06.115,141635,3.100,11.032,6.275,0.650,-1.751,1.989,24.150,55.200,-5.400,30.5
23:21:06.169,141689,4.635,9.220,4.278,0.444,-1.609,1.532,-1.200,47.700,-12.600,30.3
23:21:06.222,141743,5.411,9.060,4.503,0.128,-1.646,1.443,-1.200,47.700,-12.600,30.4
23:21:06.277,141797,6.383,7.700,3.139,0.042,-1.478,1.153,-9.000,42.600,-14.400,30.5
23:21:06.331,141851,7.027,7.199,2.849,0.044,-1.422,1.035,-17.400,39.750,-17.550,30.5
23:21:06.384,141905,7.499,6.955,2.042,0.068,-1.154,0.953,-17.400,39.750,-17.550,30.7
23:21:06.439,141959,7.681,6.864,1.975,-0.057,-0.973,0.826,-19.800,36.900,-18.750,30.5
23:21:06.493,142013,7.592,6.493,1.985,-0.130,-0.853,0.697,-19.800,36.900,-18.750,30.2
23:21:06.547,142067,7.896,6.270,2.090,-0.239,-0.897,0.688,-19.800,36.900,-18.750,30.4
23:21:06.601,142121,8.557,7.034,1.018,-0.012,-0.848,0.695,-19.800,36.900,-18.750,30.3
23:21:06.654,142175,8.456,5.916,0.771,-0.169,-0.748,0.635,-26.250,31.800,-24.600,30.1
23:21:06.708,142229,8.226,6.141,1.164,-0.283,-0.351,0.075,-26.250,31.800,-24.600,30.5
23:21:06.762,142283,8.655,6.053,0.417,-0.226,0.077,-0.120,-26.550,30.300,-25.350,30.7
23:21:06.817,142337,8.710,5.713,1.982,-0.240,0.403,-0.344,-26.550,30.300,-25.350,30.5
23:21:06.871,142391,8.698,5.976,2.047,-0.610,0.588,-0.407,-25.650,30.150,-25.200,30.6
23:21:06.924,142445,8.229,6.615,2.535,-0.914,0.776,-0.502,-23.850,31.950,-23.400,30.5
23:21:06.978,142499,8.614,5.954,1.824,-0.908,1.140,-0.880,-23.850,31.950,-23.400,30.2
23:21:07.032,142553,7.776,7.192,3.915,-0.637,1.472,-0.880,-23.850,31.950,-23.400,30.5
23:21:07.087,142607,7.705,7.566,3.651,-0.304,1.974,-1.308,-23.850,31.950,-23.400,30.5
23:21:07.141,142661,7.063,7.367,4.247,-0.544,2.194,-1.439,-17.400,39.000,-15.600,30.5
23:21:07.194,142715,5.954,7.958,5.409,-0.376,2.138,-1.540,-17.400,39.000,-15.600,30.2
23:21:07.249,142769,4.427,7.920,6.354,-0.379,2.179,-1.713,-8.100,44.850,-11.250,30.4
23:21:07.303,142823,3.766,8.868,6.179,-0.782,2.142,-1.750,-8.100,44.850,-11.250,30.2
23:21:07.356,142877,1.525,7.633,6.876,-1.072,2.179,-1.940,3.300,48.600,-5.400,30.4
23:21:07.410,142931,0.103,7.975,7.046,-1.061,2.034,-1.751,3.300,48.600,-5.400,30.7
23:21:07.465,142985,-0.436,6.766,6.500,-0.467,2.248,-1.856,15.150,51.000,-1.050,30.4
23:21:07.518,143039,-1.961,5.796,6.697,-0.409,2.176,-1.954,15.150,51.000,-1.050,30.5
23:21:07.572,143093,-3.007,5.655,6.902,-0.477,1.954,-1.985,15.150,51.000,-1.050,30.2
23:21:07.626,143147,-4.283,5.344,6.414,-0.668,1.914,-2.045,39.450,47.850,1.800,30.4
23:21:07.680,143201,-4.793,3.613,5.653,-1.549,1.564,-1.939,39.450,47.850,1.800,30.6
23:21:07.735,143255,-6.505,2.073,4.571,-1.788,1.582,-1.829,48.300,40.200,4.650,30.5
23:21:07.789,143309,-7.262,0.302,3.634,-1.606,1.536,-1.692,48.300,40.200,4.650,30.7
23:21:07.842,143363,-8.150,-0.620,3.134,-0.938,1.548,-1.418,53.100,31.500,5.550,30.5
23:21:07.896,143417,-8.715,-1.338,2.753,-0.410,1.480,-1.186,53.100,31.500,5.550,30.5
23:21:07.950,143471,-8.906,-1.817,1.870,-0.078,1.459,-1.007,58.200,23.700,0.450,30.5
23:21:08.004,143525,-8.894,-2.370,1.453,-0.018,1.520,-0.891,58.200,23.700,0.450,30.5
23:21:08.058,143579,-8.930,-2.138,0.931,0.160,1.331,-0.829,58.200,23.700,0.450,30.0
23:21:08.112,143633,-9.354,-2.914,0.713,0.427,1.127,-0.755,64.650,15.150,-7.800,30.2
23:21:08.166,143687,-9.155,-3.177,-0.453,0.172,0.635,-0.572,64.650,15.150,-7.800,30.4
23:21:08.220,143741,-9.364,-3.472,-0.460,-0.009,0.185,-0.187,64.650,13.650,-11.400,30.7
23:21:08.275,143795,-9.120,-3.701,-0.630,-0.467,-0.090,0.100,64.650,13.650,-11.400,30.5
23:21:08.329,143849,-9.373,-3.790,-0.680,-0.605,-0.224,0.317,65.550,13.050,-10.950,30.5
23:21:08.382,143903,-9.457,-3.196,-0.247,-0.194,-0.357,0.326,65.550,13.050,-10.950,30.6
23:21:08.437,143957,-8.966,-3.428,-0.496,0.275,-0.570,0.632,65.100,14.550,-9.000,30.7
23:21:08.490,144011,-8.985,-3.270,0.124,0.563,-0.787,0.819,65.100,14.550,-9.000,30.6
23:21:08.544,144065,-8.945,-2.222,0.737,0.642,-1.074,1.264,65.100,14.550,-9.000,30.5
23:21:08.598,144119,-8.679,-1.678,1.085,0.846,-1.144,1.484,65.100,14.550,-9.000,30.2
23:21:08.652,144173,-8.423,-0.804,1.676,1.016,-1.275,1.884,62.100,25.500,-5.100,30.8
23:21:08.706,144227,-8.059,0.110,1.650,1.285,-1.405,2.209,58.200,33.000,-0.900,30.6
23:21:08.761,144281,-7.513,2.418,2.016,1.070,-1.177,2.478,58.200,33.000,-0.900,30.4
23:21:08.814,144335,-7.039,2.768,4.877,1.738,-1.245,2.301,58.200,33.000,-0.900,30.5
23:21:08.869,144389,-6.122,5.875,4.697,0.903,-1.482,2.737,58.200,33.000,-0.900,30.3
23:21:08.923,144443,-5.243,5.059,3.108,1.259,-1.582,2.608,42.450,51.300,-5.850,30.7
23:21:08.976,144497,-3.687,6.565,3.213,0.211,-1.717,2.989,42.450,51.300,-5.850,30.7
23:21:09.030,144551,-1.312,11.044,4.633,0.771,-1.326,2.758,30.150,55.650,-9.000,30.2
23:21:09.084,144605,2.373,5.167,2.622,0.233,-1.978,2.512,30.150,55.650,-9.000,30.4
23:21:09.138,144659,1.887,10.774,4.922,0.267,-1.893,2.358,15.900,54.000,-9.450,30.5
23:21:09.192,144713,4.190,8.531,3.780,0.967,-1.568,2.009,15.900,54.000,-9.450,30.5
23:21:09.246,144767,4.762,9.541,4.403,-0.018,-1.740,2.038,3.300,49.800,-11.250,30.4
23:21:09.300,144821,4.851,8.078,4.013,0.232,-1.516,1.715,3.300,49.800,-11.250,30.5
23:21:09.354,144875,6.404,8.083,4.164,0.072,-1.593,1.821,3.300,49.800,-11.250,30.6
23:21:09.409,144929,6.768,7.887,3.670,0.011,-1.280,1.646,-12.150,39.750,-15.600,30.4
23:21:09.462,144983,8.095,6.584,2.588,0.314,-0.945,1.317,-12.150,39.750,-15.600,30.5
23:21:09.517,145037,8.370,6.895,2.464,0.297,-0.883,1.179,-20.250,34.200,-16.200,30.4
23:21:09.571,145091,8.519,6.103,1.894,0.314,-0.670,0.997,-20.250,34.200,-16.200,30.7
23:21:09.628,145145,8.772,6.218,1.693,0.162,-0.457,0.799,-23.550,31.050,-18.000,30.6
23:21:09.683,145199,8.270,6.007,1.860,0.273,-0.521,0.713,-23.550,31.050,-18.000,30.7
23:21:09.736,145253,8.267,5.641,1.738,0.421,-0.422,0.531,-24.150,26.550,-19.650,30.4
23:21:09.786,145307,8.631,5.624,0.852,0.168,-0.358,0.368,-24.150,26.550,-19.650,30.5
23:21:09.840,145361,9.014,6.486,0.922,-0.475,-0.137,0.129,-24.150,26.550,-19.650,30.7
23:21:09.895,145415,9.038,8.624,2.629,-0.880,0.536,-0.539,-24.150,26.550,-19.650,30.5
23:21:09.949,145469,8.464,7.578,4.702,-1.841,0.615,-0.886,-26.250,26.850,-20.250,30.4
23:21:10.002,145523,9.524,6.548,1.978,-1.508,1.323,-1.568,-22.800,29.850,-17.700,30.4
23:21:10.056,145577,8.478,8.030,3.783,-0.647,1.952,-2.037,-22.800,29.850,-17.700,30.4
23:21:10.110,145631,8.353,7.661,4.525,-0.362,2.273,-2.217,-17.400,36.600,-13.500,30.5
23:21:10.165,145685,7.314,8.691,6.479,-1.018,2.284,-2.565,-17.400,36.600,-13.500,30.5
23:21:10.218,145739,6.024,8.432,5.859,-1.527,2.409,-2.680,-5.550,42.900,-9.000,30.2
23:21:10.272,145793,3.771,7.647,5.811,-1.301,2.500,-2.593,-5.550,42.900,-9.000,30.5
23:21:10.326,145847,2.018,6.045,6.127,-0.851,2.616,-2.462,-5.550,42.900,-9.000,30.5
23:21:10.380,145901,0.108,5.169,6.713,-0.532,2.403,-2.273,-5.550,42.900,-9.000,30.7
23:21:10.434,145955,-0.860,4.116,5.626,-0.236,2.062,-2.094,24.450,49.800,2.100,30.2
23:21:10.488,146009,-3.364,5.294,5.619,-0.614,1.632,-2.087,24.450,49.800,2.100,30.2
23:21:10.542,146063,-5.624,2.938,5.320,-1.463,1.903,-2.051,37.800,46.950,3.750,30.4
23:21:10.597,146117,-6.448,2.682,5.035,-1.217,1.634,-1.763,46.200,40.500,5.100,30.2
23:21:10.650,146171,-6.522,0.871,3.788,-0.819,1.323,-1.397,46.200,40.500,5.100,30.4
23:21:10.704,146225,-7.053,0.249,3.761,-0.607,1.336,-1.279,53.250,33.900,3.600,30.3
23:21:10.758,146279,-7.824,0.072,3.919,-0.830,1.093,-0.834,53.250,33.900,3.600,30.6
23:21:10.812,146333,-8.519,-0.074,3.666,-0.661,1.121,-0.755,53.250,33.900,3.600,30.6
23:21:10.867,146387,-9.093,-1.408,3.124,-1.074,1.073,-0.701,53.250,33.900,3.600,30.5
23:21:10.921,146441,-9.318,-1.111,2.840,-0.955,0.936,-0.686,60.600,25.050,1.350,30.4
23:21:10.975,146495,-9.285,-1.815,1.688,-0.914,0.743,-0.536,60.600,25.050,1.350,30.1
23:21:11.029,146549,-9.366,-2.109,0.618,-0.694,0.705,-0.521,63.150,20.250,-0.900,30.5
23:21:11.082,146603,-9.543,-3.203,1.365,-0.249,0.737,-0.616,63.150,20.250,-0.900,30.2
23:21:11.136,146657,-9.565,-2.538,0.790,-0.300,0.350,-0.387,63.150,20.250,-0.900,30.2
23:21:11.191,146711,-9.634,-3.543,0.314,-0.002,0.284,-0.382,64.200,14.850,-5.550,30.4
23:21:11.244,146765,-9.876,-3.512,0.378,0.280,-0.214,0.008,64.200,14.850,-5.550,30.4
23:21:11.299,146819,-9.045,-3.349,0.558,0.141,-0.348,0.207,64.650,16.800,-4.800,30.4
23:21:11.352,146873,-9.098,-2.725,1.913,-0.090,-0.268,0.229,64.650,16.800,-4.800,30.4
23:21:11.406,146927,-9.297,-2.638,1.700,-0.205,-0.079,0.155,64.050,14.550,-3.600,30.3
23:21:11.460,146981,-9.668,-2.246,1.223,0.007,-0.014,0.046,64.050,14.550,-3.600,30.1
23:21:11.514,147035,-9.390,-2.947,0.491,0.389,-0.220,0.141,62.700,15.900,-3.750,30.4
23:21:11.569,147089,-8.629,-3.275,-0.029,0.564,-0.505,0.451,62.700,15.900,-3.750,30.4
23:21:11.622,147143,-8.679,-2.959,1.061,0.627,-1.138,0.800,62.700,15.900,-3.750,30.5
23:21:11.676,147197,-8.516,-2.571,1.590,0.687,-1.580,1.230,62.700,15.900,-3.750,30.5
23:21:11.730,147251,-8.068,-1.358,2.310,0.900,-1.621,1.379,60.900,24.150,0.150,30.4
23:21:11.784,147305,-7.628,-0.673,3.014,1.304,-1.728,1.816,60.900,24.150,0.150,30.2
23:21:11.838,147359,-6.560,0.079,3.575,1.897,-1.921,2.164,56.400,33.000,3.750,30.6
23:21:11.892,147413,-5.708,2.516,4.922,2.421,-2.369,2.805,47.400,42.600,2.700,30.5
23:21:11.946,147467,-3.934,4.424,5.181,2.398,-2.248,2.728,47.400,42.600,2.700,30.5
23:21:12.000,147521,-1.441,7.120,4.580,1.296,-2.079,2.890,32.550,49.650,-2.250,30.6
23:21:12.054,147575,-0.254,9.424,5.322,1.205,-1.977,2.317,32.550,49.650,-2.250,30.5
23:21:12.109,147629,0.460,8.545,4.264,0.923,-1.681,2.246,32.550,49.650,-2.250,30.4
23:21:12.163,147683,1.616,10.831,6.065,1.127,-1.896,2.191,32.550,49.650,-2.250,30.4
23:21:12.216,147737,3.934,10.283,4.451,1.406,-1.319,1.951,7.050,50.250,-8.400,30.6
23:21:12.271,147791,5.394,8.475,3.656,0.508,-1.196,1.570,7.050,50.250,-8.400,30.5
23:21:12.325,147845,4.676,9.019,4.290,0.262,-0.980,1.426,-3.150,46.200,-12.600,30.4
23:21:12.378,147899,5.169,8.203,3.326,0.314,-1.153,1.329,-3.150,46.200,-12.600,30.2
23:21:12.432,147953,5.883,7.817,3.584,0.569,-0.986,1.241,-8.850,43.200,-13.050,30.4
23:21:12.486,148007,6.182,6.898,2.389,0.321,-1.074,1.360,-15.150,40.500,-15.600,30.5
23:21:12.540,148061,6.838,7.345,2.418,0.219,-1.005,1.429,-15.150,40.500,-15.600,30.5
23:21:12.594,148115,8.188,6.261,1.776,0.257,-0.759,1.074,-15.150,40.500,-15.600,30.3
23:21:12.648,148169,7.966,7.096,1.894,0.247,-0.766,1.192,-15.150,40.500,-15.600,30.6
23:21:12.703,148223,7.930,5.981,1.111,0.418,-0.698,1.203,-23.400,31.650,-19.650,30.5
23:21:12.757,148277,8.543,5.727,1.003,0.308,-0.616,0.969,-23.400,31.650,-19.650,30.5
23:21:12.810,148331,9.957,4.755,-1.350,0.229,-0.278,0.587,-25.200,26.550,-21.150,30.3
23:21:12.865,148385,8.897,4.798,0.405,0.144,-0.198,0.480,-25.200,26.550,-21.150,30.1
23:21:12.918,148439,9.345,5.023,0.036,-0.470,0.130,0.026,-26.250,25.200,-23.550,30.4
23:21:12.973,148493,7.855,6.017,1.626,-0.452,0.097,-0.038,-26.250,25.200,-23.550,30.5
23:21:13.026,148547,8.473,3.840,-0.266,-0.334,-0.066,0.102,-25.500,25.200,-21.300,30.5
23:21:13.080,148601,8.741,4.784,0.941,-0.244,0.098,-0.205,-25.500,25.200,-21.300,30.5
23:21:13.134,148655,8.911,4.367,-0.132,-0.148,0.274,-0.392,-25.500,25.200,-21.300,30.5
23:21:13.188,148709,8.665,5.667,0.730,-0.227,0.300,-0.389,-26.250,26.850,-20.550,30.4
23:21:13.242,148763,8.698,5.923,1.358,-0.713,0.338,-0.385,-26.250,26.850,-20.550,30.5
23:21:13.296,148817,9.064,5.016,2.303,-0.964,0.547,-1.103,-25.950,27.000,-19.650,30.2
23:21:13.350,148871,8.095,6.788,3.718,-1.151,1.007,-0.977,-25.950,27.000,-19.650,30.2
23:21:13.404,148925,7.714,6.321,3.534,-0.841,1.218,-1.214,-25.950,27.000,-19.650,30.4
23:21:13.459,148979,8.310,7.343,2.895,-0.448,1.703,-1.573,-25.950,27.000,-19.650,30.5
23:21:13.512,149033,6.905,7.982,5.255,-0.284,2.062,-1.814,-16.350,36.300,-13.500,30.4
23:21:13.566,149087,5.952,8.289,5.521,-0.593,1.977,-1.976,-16.350,36.300,-13.500,30.5
23:21:13.620,149141,4.963,7.815,5.413,-0.950,1.970,-2.025,-9.000,41.100,-8.100,30.5
23:21:13.674,149195,3.745,7.908,5.825,-1.167,1.970,-2.092,2.550,47.100,-5.100,30.5
23:21:13.728,149249,2.380,8.250,7.451,-1.307,2.156,-2.087,2.550,47.100,-5.100,30.6
23:21:13.782,149303,1.082,7.714,7.209,-1.041,2.248,-2.172,15.900,48.300,-1.800,30.3
23:21:13.836,149357,-1.135,7.116,8.042,-0.783,2.556,-2.230,15.900,48.300,-1.800,30.4
23:21:13.890,149411,-3.508,5.353,7.422,-0.819,2.260,-2.186,15.900,48.300,-1.800,30.5
23:21:13.944,149465,-4.152,3.515,6.148,-0.839,2.058,-2.012,15.900,48.300,-1.800,30.6
23:21:13.998,149519,-4.922,3.431,5.303,-0.849,1.435,-1.563,43.650,43.800,4.500,30.5
23:21:14.052,149573,-5.933,2.126,4.942,-0.827,1.250,-1.270,43.650,43.800,4.500,30.6
23:21:14.106,149627,-6.788,1.429,5.069,-0.489,1.088,-1.283,48.750,40.500,3.900,30.6
23:21:14.160,149681,-6.891,1.034,4.302,-0.698,1.261,-1.221,48.750,40.500,3.900,30.6
23:21:14.214,149735,-8.210,0.567,4.566,-0.704,1.110,-1.023,54.000,35.850,3.900,30.5
23:21:14.268,149789,-8.839,-0.543,3.778,-0.841,1.014,-0.880,57.000,29.700,2.550,30.2
23:21:14.322,149843,-9.407,-1.549,2.923,-0.501,1.221,-1.013,57.000,29.700,2.550,30.1
23:21:14.376,149897,-9.404,-1.480,2.701,-0.471,1.204,-0.868,57.000,29.700,2.550,30.2
23:21:14.430,149951,-8.911,-2.368,1.870,-0.488,1.089,-0.722,57.000,29.700,2.550,30.5
23:21:14.484,150005,-8.827,-3.318,0.996,-0.362,0.979,-0.665,62.100,20.100,-3.900,30.2
23:21:14.538,150059,-9.306,-2.907,0.326,-0.157,0.481,-0.412,62.100,20.100,-3.900,30.3
23:21:14.593,150113,-9.268,-3.330,-0.421,0.194,0.116,-0.129,64.950,16.800,-4.800,30.5
23:21:14.646,150167,-9.663,-3.601,0.575,0.052,-0.347,0.211,64.950,16.800,-4.800,30.6
23:21:14.700,150221,-9.519,-2.978,1.487,-0.003,-0.475,0.248,64.350,16.950,-5.850,30.4
23:21:14.754,150275,-9.369,-2.591,1.824,-0.265,-0.351,0.145,64.350,16.950,-5.850,30.1
23:21:14.809,150329,-9.421,-2.425,1.994,-0.200,-0.202,0.026,63.600,16.500,-5.100,30.6
23:21:14.862,150383,-9.361,-2.349,1.891,-0.080,-0.070,-0.023,63.600,16.500,-5.100,30.6
23:21:14.916,150437,-9.364,-2.461,1.664,0.120,0.024,0.027,63.600,16.500,-5.100,30.5
23:21:14.970,150491,-9.459,-2.650,1.906,0.161,0.033,-0.010,62.550,16.950,-3.900,30.7
23:21:15.024,150545,-9.347,-2.512,1.678,0.200,0.032,0.035,62.550,16.950,-3.900,30.5
23:21:15.082,150599,-9.524,-2.725,1.669,0.122,-0.004,-0.014,64.050,18.150,-3.900,30.4
23:21:15.132,150653,-9.345,-2.624,1.879,-0.069,-0.003,-0.006,64.050,18.150,-3.900,30.5
23:21:15.187,150707,-9.407,-2.749,1.645,0.010,-0.054,0.041,63.150,18.750,-3.000,30.5
23:21:15.243,150761,-9.335,-3.029,0.855,0.430,-0.139,0.216,63.150,18.750,-3.000,30.2
23:21:15.298,150815,-9.167,-3.007,0.735,0.729,-0.399,0.485,63.600,20.100,-2.100,30.4
23:21:15.348,150869,-9.033,-2.765,1.286,1.049,-0.734,0.745,63.600,20.100,-2.100,30.7
23:21:15.402,150923,-8.823,-2.313,1.903,1.134,-1.112,1.098,63.600,20.100,-2.100,30.7
23:21:15.456,150977,-8.408,-1.463,2.478,1.035,-1.392,1.347,63.600,20.100,-2.100,30.2
23:21:15.511,151031,-7.772,-0.373,3.067,0.879,-1.651,1.688,59.850,28.500,-0.300,30.4
23:21:15.565,151085,-7.118,0.632,3.974,0.912,-1.854,1.843,52.650,38.400,1.200,30.5
23:21:15.619,151139,-6.002,2.919,5.411,1.275,-2.059,2.101,52.650,38.400,1.200,30.7
23:21:15.675,151193,-4.671,3.644,5.971,0.944,-1.954,2.254,45.000,45.150,1.800,30.1
23:21:15.730,151247,-3.730,5.557,6.376,1.198,-1.853,2.067,45.000,45.150,1.800,30.2
23:21:15.784,151301,-2.229,6.033,6.529,0.553,-1.697,2.341,31.950,49.500,-0.300,30.4
23:21:15.834,151355,-0.407,8.042,7.511,0.620,-1.684,2.106,31.950,49.500,-0.300,30.4
23:21:15.888,151409,0.014,7.149,6.175,0.192,-1.518,1.729,31.950,49.500,-0.300,30.4
23:21:15.942,151463,0.424,8.100,7.293,0.468,-1.533,1.456,31.950,49.500,-0.300,30.4
23:21:15.996,151517,0.950,7.987,7.037,0.862,-1.224,1.316,10.200,48.450,-2.700,30.5
23:21:16.050,151571,2.107,7.841,6.634,0.853,-1.274,1.197,10.200,48.450,-2.700,30.4
23:21:16.104,151625,3.251,8.138,6.201,0.335,-1.161,1.119,2.700,46.200,-6.000,30.2
23:21:16.158,151679,4.058,7.810,5.787,0.123,-1.142,0.900,-2.850,44.400,-7.650,30.4
23:21:16.213,151733,3.677,7.355,5.547,0.264,-0.958,0.856,-2.850,44.400,-7.650,30.5
23:21:16.266,151787,6.390,7.168,4.934,0.493,-1.067,0.879,-9.300,41.250,-9.750,30.6
23:21:16.320,151841,6.002,7.128,4.587,0.551,-0.925,0.846,-9.300,41.250,-9.750,30.5
23:21:16.374,151895,6.474,6.570,3.895,0.512,-0.847,0.953,-9.300,41.250,-9.750,30.5
23:21:16.428,151949,6.938,6.371,3.431,0.334,-0.722,1.104,-9.300,41.250,-9.750,30.4
23:21:16.482,152003,7.041,6.096,3.766,0.155,-0.803,1.200,-17.100,34.800,-13.500,30.4
23:21:16.537,152057,8.064,5.986,3.096,0.405,-0.775,1.100,-17.100,34.800,-13.500,30.5
23:21:16.590,152111,7.985,5.777,2.677,0.305,-0.715,0.812,-21.000,32.550,-14.700,30.6
23:21:16.645,152165,7.956,5.995,2.768,0.828,-0.489,0.679,-21.000,32.550,-14.700,30.3
23:21:16.698,152219,7.915,5.461,2.437,0.828,-0.589,0.510,-25.800,29.100,-16.950,30.3
23:21:16.752,152273,8.882,5.966,1.413,0.471,-0.496,0.374,-25.050,28.800,-18.450,30.6
23:21:16.806,152327,8.815,6.223,1.935,0.169,-0.048,0.244,-25.050,28.800,-18.450,30.5
23:21:16.860,152381,8.169,5.816,2.586,-0.189,0.013,0.148,-25.050,28.800,-18.450,30.6
23:21:16.914,152435,8.464,4.774,2.169,-0.266,0.111,-0.153,-25.050,28.800,-18.450,30.2
23:21:16.968,152489,8.528,5.557,2.100,-0.223,0.385,-0.342,-25.800,26.850,-19.500,30.4
23:21:17.022,152543,8.459,6.029,2.564,-0.555,0.530,-0.466,-25.800,26.850,-19.500,30.7
23:21:17.076,152597,8.720,5.808,2.531,-0.662,0.877,-0.884,-25.500,28.800,-17.250,30.4
23:21:17.130,152651,7.810,6.756,3.929,-0.828,1.068,-1.248,-25.500,28.800,-17.250,30.2
23:21:17.184,152705,7.994,7.489,3.984,-0.809,1.309,-1.599,-25.500,28.800,-17.250,30.3
23:21:17.238,152759,7.389,8.298,5.507,-0.913,1.674,-1.943,-25.500,28.800,-17.250,30.5
23:21:17.292,152813,6.108,8.181,5.851,-0.998,1.877,-2.148,-15.600,37.800,-11.250,30.5
23:21:17.347,152867,5.205,7.743,6.134,-0.973,1.941,-2.138,-15.600,37.800,-11.250,30.4
23:21:17.400,152921,4.204,7.460,6.785,-1.110,1.970,-2.163,-4.950,43.500,-4.800,30.4
23:21:17.454,152975,3.254,7.235,7.420,-1.278,2.009,-2.083,7.200,46.200,-1.200,30.4
23:21:17.508,153029,1.937,7.149,7.951,-1.309,2.238,-2.136,7.200,46.200,-1.200,30.7
23:21:17.562,153083,-0.481,5.557,6.816,-1.374,2.486,-2.196,20.250,46.500,3.450,30.7
23:21:17.616,153137,-2.832,4.295,7.398,-1.222,2.419,-2.044,20.250,46.500,3.450,30.3
23:21:17.671,153191,-4.142,3.326,5.954,-1.081,2.057,-1.698,20.250,46.500,3.450,30.7
23:21:17.724,153245,-4.254,2.653,5.911,-1.108,1.887,-1.515,20.250,46.500,3.450,30.4
23:21:17.778,153299,-5.746,1.614,5.116,-0.846,1.895,-1.357,44.700,37.500,8.700,30.4
23:21:17.832,153353,-6.740,0.632,4.168,-0.459,1.781,-1.021,44.700,37.500,8.700,30.4
23:21:17.886,153407,-8.064,0.055,4.623,-0.154,1.539,-0.998,52.500,33.900,4.650,30.4
23:21:17.940,153461,-8.135,-0.421,3.685,-0.167,1.307,-0.900,52.500,33.900,4.650,30.7
23:21:17.995,153515,-8.523,-0.699,3.314,-0.380,1.115,-0.807,57.150,30.300,2.700,30.5
23:21:18.048,153569,-9.220,-1.666,2.988,-0.666,0.991,-0.718,61.050,23.850,-2.100,30.5
23:21:18.102,153623,-9.268,-1.544,1.913,-0.748,0.805,-0.561,61.050,23.850,-2.100,30.4
23:21:18.156,153677,-9.613,-2.126,1.748,-0.670,0.774,-0.614,61.050,23.850,-2.100,30.7
23:21:18.210,153731,-9.225,-2.535,1.923,-0.416,0.708,-0.577,61.050,23.850,-2.100,30.4
23:21:18.264,153785,-9.110,-2.263,1.444,-0.345,0.537,-0.401,63.450,17.100,-4.800,30.5
23:21:18.318,153839,-9.103,-2.751,0.838,-0.324,0.534,-0.470,63.450,17.100,-4.800,30.5
23:21:18.372,153893,-9.388,-3.268,1.025,-0.409,0.420,-0.545,65.400,15.600,-6.750,30.6
23:21:18.426,153947,-9.031,-3.733,-0.096,-0.181,0.222,-0.467,65.400,15.600,-6.750,30.5
23:21:18.480,154001,-9.445,-4.743,-0.431,0.116,-0.090,-0.210,64.200,12.900,-7.800,30.5
23:21:18.534,154055,-9.045,-3.955,0.589,0.096,-0.194,0.143,64.200,12.900,-7.800,30.4
23:21:18.588,154109,-9.124,-3.560,0.812,-0.021,-0.114,0.183,65.550,12.750,-7.950,30.4
23:21:18.642,154163,-9.148,-3.179,0.694,-0.022,-0.029,0.100,65.550,12.750,-7.950,30.4
23:21:18.696,154217,-9.333,-3.067,0.860,0.118,0.000,0.049,65.550,12.750,-7.950,30.6
23:21:18.750,154271,-9.290,-3.424,0.570,0.234,-0.036,0.114,64.350,13.500,-7.650,30.6
23:21:18.805,154325,-9.084,-3.345,0.508,0.431,-0.155,0.229,64.350,13.500,-7.650,30.5
23:21:18.858,154379,-9.029,-4.113,0.223,0.422,-0.424,0.552,64.950,14.400,-6.750,30.5
23:21:18.912,154433,-9.074,-3.524,0.364,0.620,-0.907,0.887,64.950,14.400,-6.750,30.5
23:21:18.966,154487,-8.847,-3.175,0.601,0.843,-1.226,1.101,64.950,14.400,-6.750,30.5
23:21:19.020,154541,-8.729,-2.344,1.460,0.954,-1.417,1.313,64.950,14.400,-6.750,30.2
23:21:19.074,154595,-8.092,-1.530,2.114,1.174,-1.702,1.655,60.600,23.550,0.300,30.4
23:21:19.128,154649,-7.429,-0.165,3.029,1.288,-1.913,1.996,60.600,23.550,0.300,30.5
23:21:19.182,154703,-6.778,1.633,4.180,1.334,-2.063,2.333,55.800,33.900,1.350,30.5
23:21:19.236,154757,-5.753,3.994,7.796,1.918,-2.375,2.542,46.350,42.300,2.250,30.4
23:21:19.290,154811,-4.156,4.480,3.797,1.450,-1.855,1.909,46.350,42.300,2.250,30.5
23:21:19.344,154865,-2.409,7.077,6.507,1.615,-2.087,2.186,33.600,49.650,-0.150,30.7
23:21:19.399,154919,-0.831,6.060,3.400,0.522,-1.858,2.366,33.600,49.650,-0.150,30.3
23:21:19.452,154973,1.051,8.246,5.562,1.225,-1.854,2.198,33.600,49.650,-0.150,30.5
23:21:19.506,155027,2.442,8.114,5.799,0.885,-1.509,2.365,33.600,49.650,-0.150,30.4
23:21:19.560,155081,3.354,9.807,7.585,0.825,-1.827,2.349,7.950,48.900,-6.300,30.4
23:21:19.615,155135,4.985,9.115,5.236,0.482,-1.412,1.905,7.950,48.900,-6.300,30.5
23:21:19.668,155189,4.645,9.843,5.885,0.460,-1.346,1.767,-2.400,47.250,-10.650,30.6
23:21:19.722,155243,5.569,7.803,4.209,0.710,-1.199,1.477,-2.400,47.250,-10.650,30.7
23:21:19.776,155297,5.988,7.855,4.271,0.711,-1.148,1.398,-10.500,39.900,-12.150,30.5
23:21:19.830,155351,7.242,7.142,3.146,0.581,-1.053,1.352,-17.700,37.950,-13.950,30.4
23:21:19.884,155405,7.558,6.424,2.784,0.609,-0.734,1.009,-17.700,37.950,-13.950,30.4
23:21:19.938,155459,8.320,6.653,2.392,0.502,-0.686,0.854,-17.700,37.950,-13.950,30.3
23:21:19.992,155513,8.301,6.864,2.349,0.309,-0.412,0.761,-17.700,37.950,-13.950,30.0
23:21:20.046,155567,7.736,6.029,2.447,0.244,-0.445,0.637,-22.650,31.200,-18.150,30.4
23:21:20.100,155621,7.259,5.672,1.788,0.204,-0.447,0.508,-22.650,31.200,-18.150,30.2
23:21:20.154,155675,7.140,5.978,1.523,0.606,-0.298,0.460,-25.650,29.700,-20.400,30.4
23:21:20.208,155729,8.598,6.407,1.070,0.557,-0.251,0.691,-25.650,29.700,-20.400,30.7
23:21:20.262,155783,10.159,4.774,-1.468,0.319,0.215,0.267,-25.050,26.100,-19.050,30.5
23:21:20.316,155837,8.724,5.119,1.865,0.648,0.577,0.085,-25.050,26.100,-19.050,30.4
23:21:20.370,155891,7.626,4.736,2.581,0.886,-0.039,0.054,-26.250,27.600,-17.700,30.5
23:21:20.424,155945,8.758,5.310,-0.828,0.824,0.014,0.048,-26.250,27.600,-17.700,30.7
23:21:20.478,155999,9.002,6.510,0.091,0.470,0.195,0.054,-26.250,27.600,-17.700,30.5
23:21:20.533,156053,9.402,4.741,-0.802,0.022,0.232,-0.311,-25.800,27.900,-17.700,30.7
23:21:20.586,156107,8.808,5.042,1.154,-0.420,0.373,-0.399,-25.800,27.900,-17.700,30.7
23:21:20.640,156161,8.815,6.709,0.443,-0.181,0.811,-1.338,-24.300,27.900,-18.450,30.5
23:21:20.694,156215,7.585,7.669,2.622,-0.259,0.888,-1.705,-24.300,27.900,-18.450,30.5
23:21:20.748,156269,7.707,9.014,2.938,-0.446,0.960,-2.406,-24.300,27.900,-18.450,30.7
23:21:20.802,156323,7.855,10.242,2.761,-0.902,1.200,-2.816,-24.300,27.900,-18.450,30.6
23:21:20.856,156377,6.783,11.763,3.986,-1.288,1.558,-3.271,-13.650,39.750,-13.500,30.7
23:21:20.910,156431,4.779,10.247,2.875,-0.706,1.624,-3.541,-13.650,39.750,-13.500,30.4
23:21:20.964,156485,2.840,9.893,4.164,-0.141,1.536,-3.565,1.950,48.450,-12.900,30.4
23:21:21.018,156539,1.566,8.801,2.856,0.650,1.175,-3.591,1.950,48.450,-12.900,30.7
23:21:21.072,156593,0.129,10.180,4.245,-0.544,1.232,-3.529,18.150,54.000,-14.850,30.3
23:21:21.126,156647,-1.671,5.385,1.674,-1.164,1.021,-3.441,33.900,54.000,-13.800,30.5
23:21:21.180,156701,-4.324,5.586,4.082,-2.429,1.298,-3.101,33.900,54.000,-13.800,30.4
23:21:21.236,156755,-5.655,3.620,3.165,-1.694,0.896,-2.427,33.900,54.000,-13.800,30.4
23:21:21.292,156809,-6.115,2.164,2.617,-1.208,0.775,-2.137,33.900,54.000,-13.800,30.6
23:21:21.346,156863,-6.972,0.905,3.524,-0.965,0.806,-1.484,53.700,40.650,-3.000,30.7
23:21:21.400,156917,-7.731,1.197,2.557,-0.540,0.654,-1.188,53.700,40.650,-3.000,30.2
23:21:21.450,156971,-8.289,0.338,3.199,-0.861,0.644,-0.941,58.800,35.850,-3.600,30.2
23:21:21.504,157025,-9.261,0.098,3.737,-0.944,0.508,-0.909,58.800,35.850,-3.600,30.5
23:21:21.558,157079,-9.184,-0.560,2.928,-1.203,0.660,-0.784,62.850,28.500,-2.850,30.4
23:21:21.612,157133,-9.340,-1.298,2.528,-1.387,0.667,-0.995,62.850,28.500,-2.850,30.5
23:21:21.666,157187,-9.148,-2.313,1.970,-1.208,0.575,-1.021,62.700,22.950,-2.250,30.6
23:21:21.720,157241,-9.522,-2.344,1.164,-1.099,0.218,-0.861,62.700,22.950,-2.250,30.5
23:21:21.774,157295,-9.536,-3.958,0.297,-0.514,0.023,-0.552,62.700,22.950,-2.250,30.3
23:21:21.828,157349,-9.268,-4.669,1.113,-0.128,-0.144,-0.228,62.850,16.500,-3.900,30.6
23:21:21.882,157403,-9.074,-4.166,1.961,-0.030,-0.499,0.232,62.850,16.500,-3.900,30.2
23:21:21.936,157457,-8.641,-3.587,1.994,-0.112,-0.530,0.473,62.400,17.550,-2.700,30.4
23:21:21.990,157511,-9.005,-2.813,2.459,-0.105,-0.451,0.539,62.400,17.550,-2.700,30.4
23:21:22.045,157565,-9.220,-2.595,2.401,0.040,-0.421,0.578,61.050,18.450,1.050,30.4
23:21:22.098,157619,-9.292,-2.210,1.853,0.522,-0.341,0.708,61.050,18.450,1.050,30.6
23:21:22.152,157673,-8.827,-1.935,2.009,1.019,-0.522,0.808,62.550,21.600,0.300,30.5
23:21:22.206,157727,-8.545,-1.513,2.387,1.301,-0.733,1.077,62.550,21.600,0.300,30.7
23:21:22.260,157781,-8.562,-0.694,3.048,1.503,-0.860,1.332,62.550,21.600,0.300,30.7
23:21:22.314,157835,-8.406,0.982,3.718,1.407,-1.000,1.575,57.900,36.150,0.150,30.2
23:21:22.368,157889,-7.736,1.575,3.388,1.400,-0.826,1.692,57.900,36.150,0.150,30.4
23:21:22.422,157943,-7.053,2.614,4.568,1.040,-0.660,2.043,52.650,42.300,-0.900,30.2
23:21:22.476,157997,-6.337,4.094,5.492,0.475,-0.963,2.352,52.650,42.300,-0.900,30.7
23:21:22.530,158051,-5.162,4.556,5.057,0.789,-1.006,2.080,52.650,42.300,-0.900,30.7
23:21:22.584,158105,-4.788,5.679,4.939,0.462,-1.204,2.081,52.650,42.300,-0.900,30.5
23:21:22.639,158159,-3.589,7.908,4.865,0.666,-1.313,2.089,37.200,51.300,-5.400,30.7
23:21:22.692,158213,-2.160,6.421,3.974,1.064,-1.173,2.006,37.200,51.300,-5.400,30.5
23:21:22.746,158267,-0.553,9.955,4.860,0.758,-1.483,2.377,26.550,51.600,-8.850,30.5
23:21:22.800,158321,0.079,8.224,4.597,1.381,-1.073,1.983,26.550,51.600,-8.850,30.5
23:21:22.854,158375,1.841,8.981,3.974,0.786,-1.270,2.167,13.950,51.150,-11.850,30.4
23:21:22.908,158429,2.713,10.537,5.389,0.577,-1.151,1.952,13.950,51.150,-11.850,30.2
23:21:22.962,158483,3.725,9.218,3.239,0.364,-0.994,1.647,1.800,48.300,-12.000,30.5
23:21:23.016,158537,4.556,9.347,3.953,0.223,-1.035,1.625,1.800,48.300,-12.000,30.4
23:21:23.070,158591,4.927,8.842,2.071,0.438,-0.995,1.429,1.800,48.300,-12.000,30.5
23:21:23.124,158645,6.033,8.435,2.614,0.354,-0.970,1.407,-10.800,41.250,-14.550,30.6
23:21:23.178,158699,7.259,6.651,1.190,0.283,-0.794,1.319,-10.800,41.250,-14.550,30.5
23:21:23.232,158753,7.228,7.130,2.207,0.221,-0.671,1.193,-16.200,36.900,-15.450,30.6
23:21:23.286,158807,7.628,6.893,1.334,0.434,-0.641,1.091,-16.200,36.900,-15.450,30.4
23:21:23.340,158861,7.760,5.962,1.413,0.585,-0.630,1.070,-18.750,33.450,-18.450,30.4
23:21:23.394,158915,8.543,5.890,0.352,0.847,-0.318,0.760,-18.750,33.450,-18.450,30.6
23:21:23.448,158969,8.095,6.196,1.654,0.482,-0.307,0.701,-21.750,30.600,-18.750,30.5
23:21:23.502,159023,8.514,6.443,0.261,0.153,-0.286,0.448,-21.750,30.600,-18.750,30.9
23:21:23.557,159077,8.612,6.766,0.067,0.333,0.044,0.273,-21.750,30.600,-18.750,30.8
23:21:23.610,159131,7.906,6.208,1.314,0.196,0.299,-0.181,-22.350,28.500,-18.600,30.5
23:21:23.665,159185,7.669,6.687,0.960,-0.002,0.268,-0.397,-22.350,28.500,-18.600,30.5
23:21:23.718,159239,8.425,7.080,0.587,-0.318,0.532,-0.931,-23.550,27.900,-19.050,30.5
23:21:23.772,159293,8.191,7.554,1.171,-0.590,0.730,-1.577,-23.550,27.900,-19.050,30.0
23:21:23.826,159347,7.611,8.562,1.609,-0.512,0.878,-1.868,-18.300,32.550,-17.700,30.4
23:21:23.880,159401,6.850,8.528,2.143,-0.587,0.980,-2.184,-18.300,32.550,-17.700,30.6
23:21:23.934,159455,6.833,9.230,2.109,-0.850,1.092,-2.430,-14.400,39.300,-15.300,30.7
23:21:23.988,159509,5.643,9.282,3.311,-1.172,1.220,-2.547,-14.400,39.300,-15.300,30.5
23:21:24.042,159563,4.776,9.500,3.431,-1.205,1.287,-2.584,-14.400,39.300,-15.300,30.7
23:21:24.096,159617,3.043,9.112,3.759,-1.150,1.483,-2.524,-14.400,39.300,-15.300,30.7
23:21:24.153,159671,1.901,8.689,4.322,-1.166,1.548,-2.485,7.950,50.400,-12.150,30.7
23:21:24.204,159725,0.510,8.768,5.140,-1.384,1.509,-2.369,19.650,52.200,-6.150,30.5
23:21:24.258,159779,-1.358,7.223,5.004,-1.216,1.559,-2.302,19.650,52.200,-6.150,30.3
23:21:24.312,159833,-2.614,7.140,5.904,-1.411,1.488,-2.084,32.700,51.300,-3.600,30.5
23:21:24.366,159887,-4.293,4.369,4.539,-1.108,1.569,-2.181,32.700,51.300,-3.600,30.7
23:21:24.420,159941,-5.612,4.803,5.016,-1.133,1.356,-1.815,42.000,48.600,0.600,30.7
23:21:24.474,159995,-6.567,3.414,4.511,-1.154,1.122,-1.548,42.000,48.600,0.600,30.5
23:21:24.528,160049,-7.209,1.779,3.903,-1.056,1.006,-1.534,42.000,48.600,0.600,30.5
23:21:24.582,160103,-7.954,0.936,3.838,-0.868,0.969,-1.474,42.000,48.600,0.600,30.5
23:21:24.636,160157,-8.380,0.960,4.061,-0.693,0.716,-1.341,53.400,34.500,3.750,30.7
23:21:24.690,160211,-8.660,-0.259,3.977,-0.424,0.645,-1.292,53.400,34.500,3.750,30.8
23:21:24.744,160265,-9.009,-1.300,3.519,-0.234,0.626,-1.195,57.750,27.750,2.850,30.5
23:21:24.798,160319,-8.950,-1.188,3.412,-0.202,0.495,-0.965,57.750,27.750,2.850,30.4
23:21:24.852,160373,-8.844,-2.466,3.230,-0.168,0.452,-0.849,57.750,27.750,2.850,30.5
23:21:24.906,160427,-8.820,-2.433,3.213,-0.312,0.402,-0.832,58.650,19.800,0.900,30.5
23:21:24.960,160481,-8.648,-2.828,3.089,-0.521,0.212,-0.779,58.650,19.800,0.900,30.7
23:21:25.014,160535,-8.739,-3.402,2.547,-0.541,0.208,-0.459,58.650,19.800,0.900,30.2
23:21:25.068,160589,-8.859,-4.061,1.765,-0.233,0.181,-0.243,58.650,19.800,0.900,30.5
23:21:25.123,160643,-8.954,-4.362,1.805,0.094,-0.015,0.003,61.200,12.900,-0.450,30.5
23:21:25.176,160697,-8.887,-4.022,2.157,0.399,-0.068,0.129,61.200,12.900,-0.450,30.7
23:21:25.230,160751,-8.880,-3.687,2.358,0.359,-0.200,0.406,61.800,13.050,0.000,30.1
23:21:25.284,160805,-8.842,-3.651,2.088,0.263,-0.274,0.565,61.800,13.050,0.000,30.2
23:21:25.338,160859,-8.892,-3.306,2.093,0.321,-0.561,0.816,61.800,13.050,0.000,30.2
23:21:25.392,160913,-8.672,-2.887,1.956,0.462,-0.885,1.042,59.250,19.650,4.350,30.7
23:21:25.446,160967,-8.365,-2.346,2.490,0.830,-1.350,1.306,59.250,19.650,4.350,30.5
23:21:25.500,161021,-7.673,-1.621,3.158,1.282,-1.708,1.643,56.250,27.450,4.350,30.5
23:21:25.554,161075,-7.178,0.385,4.611,1.248,-1.952,1.983,56.250,27.450,4.350,30.5
23:21:25.608,161129,-5.883,1.635,6.024,1.359,-1.979,2.303,47.850,37.950,5.550,30.5
23:21:25.662,161183,-4.286,2.490,5.148,0.995,-2.032,1.962,47.850,37.950,5.550,30.4
23:21:25.716,161237,-3.326,5.303,7.324,0.571,-1.918,2.176,37.950,43.950,5.400,30.1
23:21:25.770,161291,-1.769,6.304,6.404,0.812,-1.761,1.832,37.950,43.950,5.400,30.2
23:21:25.824,161345,-1.535,6.170,7.389,0.746,-1.625,1.839,37.950,43.950,5.400,30.5
23:21:25.878,161399,-0.706,7.757,7.590,0.687,-1.634,1.760,37.950,43.950,5.400,30.8
23:21:25.932,161453,0.397,6.756,7.161,0.899,-1.517,1.519,17.400,49.050,2.100,30.5
23:21:25.986,161507,0.881,8.140,8.483,0.514,-1.818,1.570,17.400,49.050,2.100,30.5
23:21:26.040,161561,3.120,7.683,6.570,0.722,-1.645,1.329,8.700,48.450,-3.000,30.5
23:21:26.094,161615,4.317,7.491,6.000,0.402,-1.668,1.189,-2.550,45.600,-7.200,30.5
23:21:26.148,161669,4.252,7.903,6.021,0.566,-1.532,1.089,-2.550,45.600,-7.200,30.7
23:21:26.202,161723,5.353,7.456,4.573,0.631,-1.484,0.919,-9.300,45.600,-10.500,30.5
23:21:26.256,161777,5.811,7.781,5.535,0.653,-1.386,0.822,-9.300,45.600,-10.500,30.2
23:21:26.310,161831,7.020,6.742,2.564,0.605,-1.382,0.920,-12.450,39.900,-13.950,30.2
23:21:26.364,161885,7.831,6.546,3.354,0.746,-1.066,0.788,-12.450,39.900,-13.950,30.4
23:21:26.423,161939,7.743,6.670,2.291,0.905,-0.730,0.638,-16.200,37.950,-16.950,30.5
23:21:26.476,161993,7.748,5.885,2.076,1.083,-0.548,0.674,-16.200,37.950,-16.950,30.5
23:21:26.526,162047,7.786,5.734,1.882,1.407,-0.370,0.565,-16.200,37.950,-16.950,30.5
23:21:26.580,162101,7.987,5.995,1.518,1.399,-0.177,0.513,-16.200,37.950,-16.950,30.7
23:21:26.634,162155,8.143,6.582,1.537,1.085,-0.124,0.573,-21.000,32.550,-21.000,30.5
23:21:26.688,162209,8.061,6.450,0.563,0.975,-0.375,0.629,-23.550,31.800,-23.550,30.2
23:21:26.742,162263,8.612,5.574,-0.522,0.528,-0.233,0.600,-23.550,31.800,-23.550,30.5
23:21:26.796,162317,8.124,6.036,0.464,0.421,-0.205,0.536,-24.750,29.550,-22.800,30.5
23:21:26.850,162371,8.777,5.588,-0.194,0.040,-0.018,0.254,-24.750,29.550,-22.800,30.4
23:21:26.904,162425,8.332,5.629,0.067,-0.216,-0.020,0.021,-24.150,26.250,-24.000,30.5
23:21:26.958,162479,8.394,6.045,0.141,-0.434,-0.006,-0.181,-24.150,26.250,-24.000,30.7
23:21:27.012,162533,8.921,5.681,0.158,-0.752,0.152,-0.317,-24.150,26.250,-24.000,30.6
23:21:27.066,162587,8.672,7.025,0.108,-0.952,0.473,-0.864,-24.150,26.250,-24.000,30.5
23:21:27.124,162641,8.346,7.496,1.053,-1.138,0.929,-1.232,-23.850,28.950,-21.900,30.2
23:21:27.174,162695,8.090,7.393,1.930,-1.208,0.954,-1.472,-23.850,28.950,-21.900,30.2
23:21:27.228,162749,7.848,7.520,2.686,-1.256,1.217,-1.670,-23.850,28.950,-21.900,30.4
23:21:27.282,162803,7.568,8.344,3.460,-1.122,1.482,-1.865,-16.500,40.650,-15.450,30.7
23:21:27.336,162857,7.077,8.162,4.314,-1.442,1.896,-1.994,-16.500,40.650,-15.450,30.5
23:21:27.390,162911,5.286,7.678,5.112,-1.528,1.773,-2.024,-8.550,45.150,-10.200,30.2
23:21:27.444,162965,4.171,7.848,5.430,-1.265,1.701,-1.919,-8.550,45.150,-10.200,30.5
23:21:27.498,163019,3.206,7.398,6.270,-1.075,1.748,-1.773,2.100,49.050,-3.900,30.5
23:21:27.552,163073,1.647,8.116,7.669,-1.132,1.922,-1.766,2.100,49.050,-3.900,30.6
23:21:27.606,163127,-0.472,6.026,7.207,-1.142,2.047,-1.965,13.650,49.800,-1.050,30.4
23:21:27.660,163181,-2.871,5.543,7.542,-0.945,2.137,-1.828,13.650,49.800,-1.050,30.4
23:21:27.714,163235,-3.402,4.357,6.603,-0.759,1.944,-1.767,13.650,49.800,-1.050,30.5
23:21:27.768,163289,-4.298,4.266,7.319,-0.946,1.966,-1.678,13.650,49.800,-1.050,30.5
23:21:27.822,163343,-5.368,3.074,6.871,-0.913,1.837,-1.573,37.350,44.550,3.750,30.5
23:21:27.876,163397,-5.777,2.452,5.698,-1.087,1.808,-1.419,46.350,38.400,4.800,30.4
23:21:27.930,163451,-6.962,1.307,5.447,-0.927,1.630,-1.386,46.350,38.400,4.800,30.5
23:21:27.984,163505,-7.661,0.151,4.453,-1.109,1.461,-1.188,52.800,31.950,5.100,30.6
23:21:28.038,163559,-8.475,-0.163,3.979,-1.066,1.340,-1.045,52.800,31.950,5.100,30.7
23:21:28.092,163613,-8.514,-0.816,3.297,-0.950,1.249,-0.905,56.550,25.800,2.550,30.4
23:21:28.146,163667,-8.894,-1.207,2.804,-0.838,1.155,-0.769,56.550,25.800,2.550,30.4
23:21:28.200,163721,-9.043,-1.832,1.889,-0.550,1.170,-0.806,56.550,25.800,2.550,30.4
23:21:28.254,163775,-8.957,-2.334,1.310,-0.167,1.061,-0.628,56.550,25.800,2.550,30.6
23:21:28.308,163829,-8.911,-2.373,1.226,-0.056,1.022,-0.663,62.100,16.200,-3.150,30.7
23:21:28.362,163883,-8.878,-3.235,0.464,-0.282,0.795,-0.475,62.100,16.200,-3.150,30.7
23:21:28.416,163937,-8.906,-3.570,0.347,-0.695,0.487,-0.309,63.150,14.400,-7.050,30.5
23:21:28.470,163991,-9.151,-4.331,0.069,-0.790,0.145,-0.071,65.700,12.150,-8.850,30.5
23:21:28.524,164045,-9.225,-4.415,-1.269,-0.424,-0.107,0.036,65.700,12.150,-8.850,30.6
23:21:28.578,164099,-9.553,-4.259,-1.039,0.172,-0.274,0.132,63.450,12.450,-8.550,30.4
23:21:28.632,164153,-9.404,-3.867,-0.326,0.463,-0.469,0.327,63.450,12.450,-8.550,30.3
23:21:28.686,164207,-9.096,-3.474,0.225,0.459,-0.584,0.480,63.450,12.450,-8.550,30.7
23:21:28.740,164261,-9.067,-2.820,0.584,0.492,-0.719,0.693,63.450,12.450,-8.550,30.5
23:21:28.794,164315,-8.959,-2.466,0.819,0.631,-0.770,0.892,63.600,16.200,-4.650,30.5
23:21:28.848,164369,-9.041,-1.994,1.152,0.951,-1.035,1.100,63.600,16.200,-4.650,30.5
23:21:28.902,164423,-8.538,-1.202,1.494,1.205,-1.290,1.338,62.550,23.550,-2.850,30.5
23:21:28.956,164477,-8.272,-0.057,2.109,1.282,-1.592,1.741,62.550,23.550,-2.850,30.5
23:21:29.010,164531,-7.470,1.377,2.523,1.518,-1.653,1.814,57.450,32.250,0.450,30.4
23:21:29.064,164585,-6.914,3.010,4.252,1.360,-1.629,2.024,57.450,32.250,0.450,30.4
23:21:29.118,164639,-6.507,3.249,5.092,1.183,-1.579,1.979,50.850,40.350,1.500,30.2
23:21:29.176,164693,-5.607,5.274,6.397,0.757,-1.699,2.122,50.850,40.350,1.500,30.7
23:21:29.226,164747,-4.741,5.636,6.115,0.246,-1.719,1.718,50.850,40.350,1.500,30.5
23:21:29.280,164801,-3.642,7.025,6.737,0.252,-1.601,1.616,33.450,50.550,-1.350,30.7
23:21:29.334,164855,-2.538,6.500,5.516,0.370,-1.518,1.444,33.450,50.550,-1.350,30.4
23:21:29.388,164909,-1.628,8.224,7.070,0.585,-1.598,1.268,23.550,52.350,-2.700,30.3
23:21:29.442,164963,-0.924,6.579,5.748,0.804,-1.267,1.273,23.550,52.350,-2.700,30.5
23:21:29.496,165017,0.816,8.413,6.100,0.541,-1.611,1.378,15.000,53.100,-5.250,30.7
23:21:29.550,165071,1.142,8.504,7.075,0.588,-1.227,1.267,15.000,53.100,-5.250,30.2
23:21:29.604,165125,2.011,7.568,5.588,0.384,-1.509,1.084,5.400,49.950,-6.300,30.5
23:21:29.658,165179,3.254,8.430,6.297,0.144,-1.475,1.306,5.400,49.950,-6.300,30.5
23:21:29.712,165233,4.460,6.448,3.390,0.329,-1.512,1.005,-1.050,47.100,-8.700,30.7
23:21:29.766,165287,4.714,8.329,5.454,0.081,-1.479,1.263,-7.350,44.850,-10.200,30.4
23:21:29.820,165341,5.890,6.891,4.017,0.153,-1.424,1.014,-7.350,44.850,-10.200,30.5
23:21:29.874,165395,6.354,7.499,3.759,0.353,-1.130,1.079,-12.600,42.150,-12.750,30.5
23:21:29.928,165449,6.735,6.586,3.414,0.383,-0.965,1.012,-12.600,42.150,-12.750,30.7
23:21:29.982,165503,7.207,7.025,3.270,0.858,-0.741,1.036,-12.600,42.150,-12.750,30.4
23:21:30.036,165557,7.841,5.497,1.753,1.074,-0.608,0.954,-12.600,42.150,-12.750,30.4
23:21:30.090,165611,8.406,5.057,1.652,1.145,-0.477,0.916,-20.400,35.850,-20.100,30.5
23:21:30.144,165665,8.009,6.833,1.408,1.352,-0.276,0.745,-20.400,35.850,-20.100,30.7
23:21:30.198,165719,7.726,5.449,1.171,1.365,-0.148,0.885,-22.800,31.050,-22.350,30.7
23:21:30.252,165773,8.404,6.012,0.917,1.954,-0.134,0.919,-22.800,31.050,-22.350,30.4
23:21:30.306,165827,9.335,4.085,-0.450,2.017,-0.135,0.929,-23.400,28.200,-21.150,30.7
23:21:30.360,165881,9.127,4.156,-0.960,1.931,-0.234,0.520,-26.250,24.450,-22.050,30.4
23:21:30.414,165935,9.048,5.155,-1.786,1.263,0.162,0.254,-26.250,24.450,-22.050,30.5
23:21:30.468,165989,8.981,5.454,-1.120,-0.426,0.377,-0.013,-26.250,24.450,-22.050,30.4
23:21:30.522,166043,8.554,5.131,-0.520,-0.893,0.113,-0.189,-26.250,24.450,-22.050,30.4
23:21:30.576,166097,8.595,4.405,-0.979,-1.016,0.122,-0.292,-25.800,25.200,-21.300,30.5
23:21:30.630,166151,8.636,5.004,-0.304,-1.273,-0.087,-0.293,-25.800,25.200,-21.300,30.6
23:21:30.684,166205,9.060,3.508,-0.824,-0.614,-0.086,-0.379,-26.250,26.400,-21.300,30.7
23:21:30.738,166259,8.947,3.991,-1.178,-0.140,0.100,-0.440,-26.250,26.400,-21.300,30.5
23:21:30.792,166313,8.729,3.716,-0.359,0.171,0.100,-0.399,-26.400,26.550,-22.650,30.5
23:21:30.846,166367,8.720,3.474,0.168,-0.052,-0.126,-0.140,-26.400,26.550,-22.650,30.6
23:21:30.900,166421,8.954,6.560,-1.123,-0.236,0.033,-0.682,-24.150,28.950,-22.200,30.5
23:21:30.954,166475,8.499,5.772,-0.062,-1.059,0.513,-0.931,-24.150,28.950,-22.200,30.1
23:21:31.008,166529,7.822,6.031,2.756,-1.766,0.424,-0.870,-24.150,28.950,-22.200,30.4
23:21:31.062,166583,7.714,7.214,0.716,-1.553,0.632,-1.260,-21.750,36.450,-18.450,30.5
23:21:31.116,166637,6.924,6.931,3.788,-1.441,0.724,-1.252,-21.750,36.450,-18.450,30.4
23:21:31.170,166691,7.216,8.787,3.134,-1.333,0.823,-1.520,-18.000,39.600,-15.450,30.6
23:21:31.224,166745,7.195,7.496,3.982,-1.362,1.006,-1.648,-18.000,39.600,-15.450,30.6
23:21:31.278,166799,6.620,7.305,4.288,-1.781,1.252,-1.614,-11.700,43.050,-12.600,30.7
23:21:31.332,166853,4.851,7.532,5.758,-1.130,1.445,-1.668,-11.700,43.050,-12.600,30.6
23:21:31.386,166907,3.965,7.652,6.227,-0.923,1.678,-1.721,-6.450,47.700,-8.100,30.5
23:21:31.440,166961,2.899,8.631,7.295,-1.513,1.742,-1.790,-6.450,47.700,-8.100,30.4
23:21:31.494,167015,0.917,7.336,8.248,-1.579,1.787,-1.889,-6.450,47.700,-8.100,30.4
23:21:31.548,167069,-0.153,6.488,7.250,-1.706,1.931,-1.945,-6.450,47.700,-8.100,30.4
23:21:31.602,167123,-2.382,4.276,7.671,-1.256,2.053,-1.957,15.000,49.200,3.750,30.4
23:21:31.656,167177,-2.983,4.422,8.243,-1.243,1.835,-1.809,26.700,44.850,7.200,30.6
23:21:31.710,167231,-3.508,3.338,7.286,-1.043,1.980,-1.563,26.700,44.850,7.200,30.7
23:21:31.764,167285,-4.408,2.705,7.132,-1.049,1.939,-1.487,36.750,37.800,10.200,30.7
23:21:31.822,167339,-5.416,1.520,7.424,-1.213,1.577,-1.234,36.750,37.800,10.200,30.7
23:21:31.876,167393,-5.957,0.333,5.780,-1.248,1.542,-1.196,44.250,32.400,8.700,30.4
23:21:31.926,167447,-6.876,-0.527,5.339,-1.258,1.557,-1.186,44.250,32.400,8.700,30.2
23:21:31.980,167501,-7.597,-1.630,4.752,-1.158,1.325,-0.931,44.250,32.400,8.700,30.7
23:21:32.034,167555,-8.375,-2.255,3.852,-0.915,1.240,-0.768,44.250,32.400,8.700,30.6
23:21:32.088,167609,-8.667,-2.485,3.069,-0.693,1.126,-0.671,53.400,19.050,4.200,30.5
23:21:32.142,167663,-8.854,-3.551,2.399,-0.393,1.181,-0.641,53.400,19.050,4.200,30.7
23:21:32.196,167717,-8.756,-3.144,2.404,-0.093,1.035,-0.633,57.000,15.450,1.350,30.6
23:21:32.250,167771,-8.715,-3.414,1.944,0.077,1.019,-0.747,57.000,15.450,1.350,30.5
23:21:32.304,167825,-8.368,-3.508,1.331,0.236,0.899,-0.498,57.000,15.450,1.350,30.4
23:21:32.358,167879,-7.810,-4.125,1.489,-0.188,0.798,-0.249,59.700,9.750,-5.250,30.5
23:21:32.412,167933,-8.392,-4.187,1.769,-0.261,0.341,-0.182,59.700,9.750,-5.250,30.5
23:21:32.466,167987,-8.456,-4.865,0.512,-0.223,0.009,0.140,60.900,9.000,-7.050,30.7
23:21:32.520,168041,-9.179,-4.908,-0.527,-0.196,-0.152,0.154,60.900,9.000,-7.050,30.4
23:21:32.574,168095,-9.625,-5.308,-0.177,0.002,-0.201,0.228,61.650,9.450,-6.300,30.7
23:21:32.628,168149,-9.582,-4.468,0.098,0.188,-0.222,0.381,61.650,9.450,-6.300,30.4
23:21:32.682,168203,-8.844,-3.797,0.644,0.226,-0.461,0.423,62.400,10.500,-6.300,30.6
23:21:32.736,168257,-8.325,-3.627,1.085,0.042,-0.792,0.645,62.400,10.500,-6.300,30.6
23:21:32.790,168311,-8.162,-3.579,1.185,-0.122,-1.307,1.007,62.400,10.500,-6.300,30.6
23:21:32.844,168365,-8.279,-3.345,1.470,0.256,-1.653,1.245,58.650,16.350,-0.450,30.2
23:21:32.898,168419,-8.543,-2.710,1.906,0.703,-1.796,1.483,58.650,16.350,-0.450,30.4
23:21:32.952,168473,-8.698,-1.834,2.447,1.261,-1.660,1.474,53.250,23.550,5.400,30.5
23:21:33.006,168527,-8.322,-0.713,4.290,1.397,-1.673,1.629,53.250,23.550,5.400,30.8
23:21:33.060,168581,-7.032,1.288,5.327,1.724,-1.681,1.959,48.750,32.850,6.450,30.4
23:21:33.114,168635,-5.643,2.169,5.839,1.513,-1.714,1.907,48.750,32.850,6.450,30.7
23:21:33.168,168689,-3.994,4.343,5.938,1.463,-1.906,2.109,40.350,41.550,5.250,30.5
23:21:33.222,168743,-2.550,5.677,5.995,1.151,-2.019,2.090,40.350,41.550,5.250,30.7
23:21:33.276,168797,-1.765,6.390,6.474,1.186,-1.963,1.906,40.350,41.550,5.250,30.7
23:21:33.330,168851,0.496,7.372,5.770,0.715,-2.039,1.861,40.350,41.550,5.250,30.4
23:21:33.384,168905,1.563,8.552,7.082,0.602,-2.044,1.750,17.400,50.550,0.600,30.4
23:21:33.439,168959,2.306,7.623,5.995,0.739,-1.775,1.495,7.800,50.250,-3.150,30.4
23:21:33.492,169013,3.445,8.803,6.979,0.519,-1.871,1.439,7.800,50.250,-3.150,30.6
23:21:33.546,169067,3.400,7.755,5.516,0.577,-1.592,1.198,-0.600,46.350,-5.850,30.5
23:21:33.600,169121,3.713,7.769,6.335,0.357,-1.887,1.223,-0.600,46.350,-5.850,30.7
23:21:33.654,169175,4.709,7.051,4.082,0.776,-1.682,1.254,-8.700,44.250,-10.050,30.6
23:21:33.708,169229,6.778,7.630,4.065,0.737,-1.479,1.144,-8.700,44.250,-10.050,30.9
23:21:33.762,169283,7.307,7.997,3.711,0.868,-1.065,0.932,-8.700,44.250,-10.050,30.6
23:21:33.816,169337,7.487,7.168,3.400,0.674,-0.813,0.604,-8.700,44.250,-10.050,30.4
23:21:33.870,169391,7.432,7.386,3.079,0.580,-0.529,0.510,-19.350,38.550,-18.900,30.2
23:21:33.924,169445,7.262,6.345,2.933,0.157,-0.627,0.441,-19.350,38.550,-18.900,30.7
23:21:33.978,169499,6.960,6.792,2.868,0.151,-0.642,0.500,-21.150,38.250,-20.700,30.7
23:21:34.032,169553,7.683,5.523,1.975,0.040,-0.630,0.476,-21.300,35.700,-20.250,30.5
23:21:34.086,169607,8.459,5.861,1.164,-0.200,-0.475,0.371,-21.300,35.700,-20.250,30.6
23:21:34.141,169661,8.076,5.418,1.178,-0.468,-0.498,0.476,-23.550,34.500,-22.350,30.7
23:21:34.194,169715,8.384,6.495,1.401,0.019,-0.127,0.316,-23.550,34.500,-22.350,30.7
23:21:34.248,169769,8.155,5.030,1.468,-0.376,-0.186,0.448,-23.250,32.550,-23.550,30.7
23:21:34.302,169823,8.586,6.088,1.413,-0.382,0.069,0.287,-23.250,32.550,-23.550,30.4
23:21:34.356,169877,7.839,5.648,1.573,-0.242,0.156,0.335,-25.050,30.300,-23.550,30.2
23:21:34.410,169931,8.430,4.475,1.161,0.086,0.077,0.076,-25.050,30.300,-23.550,30.7
23:21:34.464,169985,8.418,5.140,1.403,0.058,0.127,-0.109,-24.750,29.100,-22.800,30.4
23:21:34.518,170039,8.320,6.055,1.836,-0.139,0.169,-0.103,-24.750,29.100,-22.800,30.4
23:21:34.572,170093,8.456,5.030,2.382,-0.748,0.387,-0.461,-24.750,29.100,-22.800,30.4
23:21:34.626,170147,8.478,6.208,2.602,-0.694,0.703,-0.768,-24.750,29.100,-22.800,30.2
23:21:34.680,170201,8.224,6.483,4.125,-0.900,0.822,-0.952,-23.550,33.450,-20.550,30.7
23:21:34.734,170255,8.303,6.812,5.013,-1.239,1.439,-1.199,-21.150,34.350,-18.150,30.7
23:21:34.789,170309,7.326,7.298,6.278,-1.690,1.787,-1.511,-21.150,34.350,-18.150,30.4
23:21:34.842,170363,6.474,7.068,7.271,-2.038,2.040,-1.615,-12.750,39.600,-11.850,30.5
23:21:34.896,170417,6.263,7.032,6.534,-2.118,2.242,-1.568,-12.750,39.600,-11.850,30.4
23:21:34.950,170471,5.847,6.479,7.774,-2.476,2.435,-1.498,-6.300,42.450,-1.800,30.4
23:21:35.004,170525,4.108,5.013,7.915,-2.555,2.637,-1.408,-6.300,42.450,-1.800,30.7
23:21:35.058,170579,1.288,2.306,8.387,-2.211,2.552,-1.172,-6.300,42.450,-1.800,30.6
23:21:35.112,170633,1.190,2.061,7.125,-2.252,2.412,-0.908,-6.300,42.450,-1.800,30.7
23:21:35.166,170687,-1.140,0.795,7.920,-1.836,2.204,-0.818,16.950,34.500,13.950,30.6
23:21:35.220,170741,-2.509,-0.146,6.998,-1.367,2.244,-0.710,16.950,34.500,13.950,30.4
23:21:35.274,170795,-3.713,-0.407,8.215,-0.782,1.679,-0.598,26.400,27.750,16.050,30.4
23:21:35.328,170849,-4.666,-1.463,6.519,-0.624,1.613,-0.470,33.900,25.050,16.050,30.6
23:21:35.382,170903,-5.308,-1.657,7.063,-0.512,1.064,-0.452,33.900,25.050,16.050,30.5
23:21:35.436,170957,-5.531,-2.260,7.623,-0.645,1.135,-0.054,38.550,22.200,16.500,30.5
23:21:35.490,171011,-6.211,-2.545,7.283,-0.517,1.124,-0.129,38.550,22.200,16.500,30.8
23:21:35.544,171065,-6.788,-3.132,6.907,-0.707,1.369,-0.203,42.600,17.100,12.150,30.7
23:21:35.598,171119,-7.673,-2.689,5.966,-0.543,1.533,-0.353,42.600,17.100,12.150,30.5
23:21:35.652,171173,-8.052,-2.512,5.258,-0.408,1.630,-0.252,46.950,16.200,7.950,30.7
23:21:35.706,171227,-8.188,-2.816,4.073,-0.198,1.739,-0.273,46.950,16.200,7.950,30.2
23:21:35.760,171281,-8.179,-2.914,3.364,-0.319,1.701,-0.330,52.500,12.750,3.900,30.2
23:21:35.814,171335,-8.090,-2.976,2.713,-0.366,1.519,-0.429,52.500,12.750,3.900,30.7
23:21:35.868,171389,-8.023,-3.622,1.786,-0.489,1.461,-0.481,52.500,12.750,3.900,30.6
23:21:35.922,171443,-8.037,-3.349,1.001,-0.499,1.265,-0.398,60.450,7.800,-6.000,30.5
23:21:35.976,171497,-8.131,-4.314,0.093,-0.685,1.102,-0.433,60.450,7.800,-6.000,30.4
23:21:36.030,171551,-8.042,-5.148,-1.595,-0.200,0.820,-0.310,60.600,4.500,-9.000,30.6
23:21:36.084,171605,-8.473,-5.581,-2.545,0.524,0.482,-0.179,60.600,4.500,-9.000,30.5
23:21:36.138,171659,-8.847,-6.359,-1.956,0.791,0.300,0.055,61.050,5.700,-12.000,30.5
23:21:36.192,171713,-8.799,-5.816,-1.015,0.152,0.020,0.431,61.050,5.700,-12.000,30.2
23:21:36.246,171767,-8.811,-5.085,-0.690,-0.111,-0.148,0.398,62.400,5.100,-11.100,30.2
23:21:36.300,171821,-8.353,-4.911,-0.979,-0.140,-0.451,0.599,62.400,5.100,-11.100,30.5
23:21:36.354,171875,-8.272,-4.460,-0.728,0.047,-0.976,0.985,62.400,5.100,-11.100,30.7
23:21:36.408,171929,-8.514,-3.716,-0.160,0.074,-1.375,1.399,62.400,5.100,-11.100,30.7
23:21:36.462,171983,-8.985,-3.215,0.752,0.079,-1.470,1.504,62.400,13.200,-6.750,30.7
23:21:36.516,172037,-8.830,-2.346,0.883,0.618,-1.420,1.661,61.050,19.650,-2.100,30.7
23:21:36.570,172091,-8.456,-1.499,1.456,1.326,-1.449,1.597,61.050,19.650,-2.100,30.5
23:21:36.624,172145,-8.135,0.283,3.072,1.510,-1.364,1.957,56.700,29.100,1.500,30.8
23:21:36.678,172199,-7.645,1.879,4.221,1.981,-1.426,2.292,56.700,29.100,1.500,30.2
23:21:36.732,172253,-6.620,3.136,4.283,1.599,-1.523,2.438,52.650,38.400,1.200,30.5
23:21:36.786,172307,-6.572,5.138,5.150,1.334,-1.632,2.293,52.650,38.400,1.200,30.5
23:21:36.840,172361,-4.994,5.516,3.989,1.056,-1.527,2.258,52.650,38.400,1.200,30.5
23:21:36.894,172415,-3.625,8.432,3.055,0.460,-1.520,2.414,52.650,38.400,1.200,30.7
23:21:36.948,172469,-2.739,7.724,5.545,1.245,-1.496,2.196,33.300,54.300,-5.550,30.5
23:21:37.002,172523,-0.955,7.705,3.151,0.330,-1.713,2.362,33.300,54.300,-5.550,30.5
23:21:37.056,172577,1.032,11.837,6.919,0.674,-1.557,2.040,20.100,54.000,-7.650,30.7
23:21:37.110,172631,1.085,7.592,2.722,0.590,-1.196,1.744,20.100,54.000,-7.650,30.7
23:21:37.164,172685,3.587,9.476,6.129,0.115,-1.811,1.814,20.100,54.000,-7.650,30.4
23:21:37.218,172739,3.072,9.239,4.166,0.378,-1.215,1.638,1.800,47.850,-12.000,30.2
23:21:37.272,172793,4.745,7.772,4.281,-0.048,-1.549,1.567,1.800,47.850,-12.000,30.6
23:21:37.326,172847,4.542,8.586,3.572,0.577,-1.185,1.583,-6.750,44.250,-12.900,30.5
23:21:37.380,172901,6.263,7.769,2.605,0.597,-1.122,1.468,-6.750,44.250,-12.900,30.7
23:21:37.434,172955,7.448,7.578,2.856,0.626,-0.961,1.341,-14.400,40.200,-14.850,30.6
23:21:37.488,173009,7.214,7.683,3.826,0.491,-1.077,0.961,-14.400,40.200,-14.850,30.4
23:21:37.542,173063,7.594,8.083,-0.163,0.620,-0.685,0.956,-17.100,37.050,-15.300,30.6
23:21:37.596,173117,7.238,7.309,1.494,0.570,-0.534,0.604,-17.100,37.050,-15.300,30.5
23:21:37.650,173171,7.293,6.977,1.338,0.486,-0.367,0.429,-17.100,37.050,-15.300,30.5
23:21:37.704,173225,6.498,6.984,2.169,0.199,-0.613,0.554,-17.100,37.050,-15.300,30.4
23:21:37.758,173279,7.843,6.735,0.601,0.183,-0.549,0.494,-20.850,33.900,-18.900,30.5
23:21:37.812,173333,8.138,5.775,-0.146,-0.317,-0.306,0.383,-25.050,33.750,-20.250,30.5
23:21:37.866,173387,8.006,6.239,0.208,-0.462,-0.070,-0.080,-25.050,33.750,-20.250,30.6
23:21:37.920,173441,7.776,6.340,0.077,-0.256,0.072,-0.149,-24.150,32.400,-20.700,30.7
23:21:37.974,173495,8.138,5.909,0.139,-0.208,0.116,-0.270,-24.150,32.400,-20.700,30.5
23:21:38.028,173549,8.631,5.861,-0.742,-0.436,0.243,-0.263,-23.550,31.500,-21.000,30.7
23:21:38.082,173603,8.169,6.515,0.955,-0.702,0.597,-0.489,-23.550,31.500,-21.000,30.5
23:21:38.136,173657,7.441,7.544,2.267,-1.375,0.448,-0.548,-23.550,31.500,-21.000,30.4
23:21:38.190,173711,7.140,7.262,3.378,-1.620,0.525,-0.820,-23.550,31.500,-21.000,30.4
23:21:38.244,173765,7.444,7.238,1.901,-1.642,0.555,-0.731,-21.150,36.300,-17.550,30.5
23:21:38.298,173819,6.874,7.657,4.175,-1.466,0.856,-0.998,-21.150,36.300,-17.550,30.5
23:21:38.352,173873,6.091,7.137,4.702,-1.371,0.901,-1.031,-17.700,36.150,-13.950,30.7
23:21:38.406,173927,6.479,7.142,4.671,-1.491,0.970,-0.978,-12.750,38.850,-11.400,30.6
23:21:38.460,173981,5.792,7.309,6.551,-1.114,1.432,-1.043,-12.750,38.850,-11.400,30.7
23:21:38.514,174035,5.133,5.555,6.280,-1.196,1.544,-0.995,-7.050,40.500,-6.150,30.7
23:21:38.568,174089,3.931,7.190,7.925,-0.447,2.139,-1.278,-7.050,40.500,-6.150,30.4
23:21:38.622,174143,2.528,6.055,6.778,-0.642,2.219,-1.306,-7.050,40.500,-6.150,30.2
23:21:38.676,174197,0.311,7.101,9.179,-0.323,2.489,-1.665,-7.050,40.500,-6.150,30.7
23:21:38.730,174251,-0.419,5.906,8.085,-0.622,2.364,-1.625,14.700,48.900,2.700,30.6
23:21:38.784,174305,-1.911,5.535,7.477,-0.344,2.589,-1.688,14.700,48.900,2.700,30.5
23:21:38.838,174359,-3.443,5.397,7.269,-0.472,2.430,-1.603,27.300,48.900,4.200,30.6
23:21:38.892,174413,-4.221,4.626,5.947,-0.841,2.236,-1.604,27.300,48.900,4.200,30.7
23:21:38.946,174467,-5.466,3.419,5.734,-0.824,2.075,-1.867,37.050,45.750,6.000,30.7
23:21:39.000,174521,-6.491,2.373,5.119,-0.670,1.829,-1.680,45.450,38.250,6.900,30.7
23:21:39.054,174575,-7.257,0.893,4.276,-0.475,1.835,-1.671,45.450,38.250,6.900,30.2
23:21:39.108,174629,-7.973,0.792,3.903,-0.424,1.628,-1.393,45.450,38.250,6.900,30.2
23:21:39.162,174683,-8.535,-0.512,3.445,-0.255,1.703,-1.351,45.450,38.250,6.900,30.7
23:21:39.216,174737,-9.021,-1.618,2.761,-0.227,1.615,-1.244,58.050,25.500,-0.600,30.4
23:21:39.270,174791,-8.851,-2.521,1.683,-0.339,1.666,-1.057,58.050,25.500,-0.600,30.5
23:21:39.323,174845,-8.954,-2.222,1.183,-0.208,1.602,-1.090,61.800,18.900,-6.150,30.6
23:21:39.379,174899,-8.665,-3.249,-0.220,-0.261,1.484,-0.963,61.800,18.900,-6.150,30.5
23:21:39.432,174953,-8.152,-2.813,-1.056,-0.324,1.191,-0.783,63.450,14.100,-12.150,30.5
23:21:39.486,175007,-7.944,-3.603,-1.719,-0.406,0.702,-0.446,63.450,14.100,-12.150,30.7
23:21:39.540,175061,-8.274,-4.446,-2.828,-0.164,0.044,0.145,64.800,11.100,-15.300,30.2
23:21:39.594,175115,-8.765,-4.587,-2.847,0.136,-0.595,0.636,64.800,11.100,-15.300,30.4
23:21:39.648,175169,-9.105,-4.049,-2.037,0.270,-0.980,1.021,64.800,11.100,-15.300,30.7
23:21:39.702,175223,-9.716,-3.280,-1.199,0.210,-1.090,0.974,64.950,14.850,-14.400,30.6
23:21:39.756,175277,-9.510,-2.591,-0.326,0.052,-1.289,1.035,64.950,14.850,-14.400,30.6
23:21:39.810,175331,-9.196,-2.186,-0.057,0.187,-1.506,1.143,63.900,21.450,-7.800,30.5
23:21:39.864,175385,-8.988,-1.197,0.364,0.382,-1.532,1.259,63.900,21.450,-7.800,30.5
23:21:39.918,175439,-8.497,-0.007,1.223,1.041,-1.618,1.512,60.150,26.400,-3.750,30.5
23:21:39.972,175493,-8.018,0.484,1.664,1.078,-1.661,1.932,60.150,26.400,-3.750,30.4
23:21:40.026,175547,-7.475,1.580,3.158,1.453,-1.760,2.224,55.650,35.700,0.150,30.4
23:21:40.080,175601,-6.534,3.371,4.130,1.182,-1.873,2.805,55.650,35.700,0.150,30.4
23:21:40.134,175655,-4.690,4.820,4.477,1.430,-1.878,2.612,55.650,35.700,0.150,30.5
23:21:40.188,175709,-3.239,5.787,5.643,0.836,-1.921,2.758,55.650,35.700,0.150,30.5
23:21:40.242,175763,-1.899,8.056,3.970,1.130,-1.795,2.273,34.350,52.350,-3.750,30.7
23:21:40.295,175817,-0.347,7.693,4.075,0.796,-1.758,2.272,23.400,53.250,-6.450,30.6
23:21:40.350,175871,0.553,10.353,5.569,0.546,-1.929,2.224,23.400,53.250,-6.450,30.7
23:21:40.404,175925,1.650,8.796,5.112,0.698,-1.537,1.887,11.850,50.250,-9.000,30.9
23:21:40.458,175979,3.323,8.128,3.591,0.151,-1.887,1.934,11.850,50.250,-9.000,30.8
23:21:40.512,176033,4.204,9.926,5.499,0.205,-1.606,1.661,1.050,47.100,-9.750,30.4
23:21:40.566,176087,5.100,8.973,3.124,0.318,-1.286,1.402,1.050,47.100,-9.750,30.4
23:21:40.620,176141,5.131,8.794,4.518,0.430,-1.152,1.182,1.050,47.100,-9.750,30.7
23:21:40.674,176195,5.825,8.461,3.098,0.484,-1.067,0.969,1.050,47.100,-9.750,30.6
23:21:40.732,176249,5.768,8.878,4.032,0.154,-1.053,0.956,-12.750,39.900,-13.650,30.7
23:21:40.782,176303,6.017,7.302,1.949,0.238,-1.003,0.814,-12.750,39.900,-13.650,30.7
23:21:40.836,176357,7.175,7.661,2.919,0.091,-1.045,0.866,-17.250,38.850,-15.150,30.7
23:21:40.890,176411,7.676,6.098,0.955,-0.099,-0.941,0.746,-20.550,36.150,-16.500,30.6
23:21:40.943,176465,7.479,7.058,1.767,0.052,-0.539,0.548,-20.550,36.150,-16.500,30.6
23:21:40.998,176519,7.851,5.832,0.244,-0.000,-0.487,0.761,-21.150,33.600,-19.650,30.5
23:21:41.052,176573,8.030,6.199,1.159,0.175,-0.532,0.530,-21.150,33.600,-19.650,30.4
23:21:41.106,176627,8.619,5.782,-0.721,0.375,-0.178,0.427,-21.150,33.600,-19.650,30.8
23:21:41.160,176681,7.633,5.863,1.262,0.408,-0.073,0.507,-21.150,33.600,-19.650,30.6
23:21:41.214,176735,8.420,4.628,-0.244,0.414,-0.172,0.438,-25.800,32.250,-23.100,30.7
23:21:41.268,176789,8.521,5.456,0.139,0.689,-0.070,0.343,-25.800,32.250,-23.100,30.4
23:21:41.322,176843,8.569,5.083,-0.996,0.455,0.069,0.287,-26.400,28.950,-20.700,30.4
23:21:41.375,176897,8.590,5.483,0.271,0.830,0.283,0.108,-26.400,28.950,-20.700,30.7
23:21:41.430,176951,9.074,5.006,-1.336,0.926,0.707,-0.119,-26.400,28.950,-20.700,30.4
23:21:41.484,177005,8.595,5.416,0.409,1.404,0.725,-0.420,-27.000,30.600,-22.050,30.5
23:21:41.538,177059,8.411,5.653,-0.804,1.611,1.080,-0.511,-27.000,30.600,-22.050,30.5
23:21:41.592,177113,7.515,5.253,1.535,1.978,0.837,-0.868,-27.000,32.550,-17.250,30.5
23:21:41.646,177167,8.380,7.944,-0.907,1.881,0.820,-1.633,-27.000,32.550,-17.250,30.6
23:21:41.700,177221,7.594,9.414,-0.551,0.338,0.806,-1.992,-23.100,38.550,-16.350,30.5
23:21:41.754,177275,6.574,8.990,0.180,-0.750,0.358,-2.095,-23.100,38.550,-16.350,30.5
23:21:41.808,177329,6.409,9.907,-0.376,-1.366,0.133,-2.235,-17.700,40.350,-16.950,30.4
23:21:41.862,177383,5.641,9.574,-0.069,-1.189,0.251,-2.520,-17.700,40.350,-16.950,30.7
23:21:41.916,177437,5.890,9.950,0.017,-1.095,0.441,-2.702,-17.700,40.350,-16.950,30.3
23:21:41.970,177491,4.451,11.219,1.288,-1.328,0.666,-2.892,-17.700,40.350,-16.950,30.5
23:21:42.024,177545,2.990,10.597,2.217,-1.528,0.711,-3.095,0.150,48.450,-16.500,30.5
23:21:42.078,177599,0.637,10.046,3.488,-1.473,0.832,-3.183,15.000,50.400,-14.700,30.7
23:21:42.132,177653,-0.555,9.266,3.749,-1.527,1.081,-3.155,15.000,50.400,-14.700,30.6
23:21:42.185,177707,-2.899,7.769,4.310,-1.001,1.388,-3.186,29.250,55.050,-9.300,30.5
23:21:42.240,177761,-4.480,7.671,5.696,-0.684,1.325,-2.982,29.250,55.050,-9.300,30.5
23:21:42.294,177815,-5.229,4.171,3.282,-0.666,1.362,-3.038,43.200,48.600,-6.450,30.5
23:21:42.348,177869,-7.029,3.934,4.065,-0.539,1.296,-2.883,43.200,48.600,-6.450,30.6
23:21:42.402,177923,-6.802,1.800,2.631,-0.149,1.041,-2.367,43.200,48.600,-6.450,30.5
23:21:42.456,177977,-7.841,1.513,3.170,-0.531,1.232,-2.264,43.200,48.600,-6.450,30.4
23:21:42.509,178031,-7.901,0.005,1.765,-0.324,1.084,-1.851,58.950,34.200,-6.000,30.7
23:21:42.564,178085,-8.224,-0.924,1.705,-0.785,1.172,-1.653,58.950,34.200,-6.000,30.7
23:21:42.617,178139,-9.072,-1.451,1.891,-0.360,0.908,-1.656,61.950,26.100,-10.350,30.6
23:21:42.672,178193,-8.645,-2.523,0.369,-0.600,1.036,-1.449,61.950,26.100,-10.350,30.7
23:21:42.726,178247,-8.849,-2.291,0.134,-0.221,0.847,-1.320,62.550,18.450,-12.000,30.7
23:21:42.780,178301,-8.401,-3.689,-0.567,-0.647,0.934,-1.307,65.550,13.800,-16.050,30.9
23:21:42.834,178355,-7.887,-3.194,-0.491,-0.496,0.723,-1.123,65.550,13.800,-16.050,30.6
23:21:42.888,178409,-7.216,-5.126,-2.160,-0.436,0.778,-1.003,65.550,13.800,-16.050,30.3
23:21:42.942,178463,-8.468,-6.230,-3.211,-0.053,0.184,-0.417,65.550,13.800,-16.050,30.4
23:21:42.996,178517,-7.247,-7.491,-3.184,0.000,-0.746,0.561,64.350,5.400,-20.700,30.7
23:21:43.049,178571,-7.915,-5.813,-1.748,-0.081,-0.932,1.176,64.350,5.400,-20.700,30.9
23:21:43.104,178625,-8.246,-5.198,-0.685,0.307,-1.156,1.443,65.400,7.800,-16.500,30.7
23:21:43.158,178679,-7.989,-3.979,-0.620,0.444,-1.377,1.751,65.400,7.800,-16.500,30.7
23:21:43.211,178733,-8.229,-3.134,-0.043,0.606,-1.402,1.888,65.400,7.800,-16.500,30.4
23:21:43.265,178787,-8.554,-1.604,0.749,0.693,-1.580,2.140,65.400,7.800,-16.500,30.5
23:21:43.319,178841,-8.289,0.187,2.195,1.249,-1.825,2.409,63.150,25.200,-7.800,30.6
23:21:43.374,178895,-7.456,0.934,1.393,1.205,-1.510,2.837,57.000,35.850,-4.350,30.2
23:21:43.428,178949,-7.214,3.347,3.201,1.362,-1.205,2.733,57.000,35.850,-4.350,30.0
23:21:43.481,179003,-6.474,4.836,4.190,1.115,-1.316,2.894,49.650,48.000,-4.800,30.5
23:21:43.536,179057,-5.291,5.397,2.942,0.961,-1.193,2.551,49.650,48.000,-4.800,30.4
23:21:43.590,179111,-4.216,6.675,4.209,0.670,-0.973,2.517,38.250,54.900,-7.200,30.7
23:21:43.644,179165,-2.413,6.993,3.515,0.554,-1.332,2.455,38.250,54.900,-7.200,30.6
23:21:43.698,179219,-1.372,10.604,6.139,0.528,-1.035,2.262,38.250,54.900,-7.200,30.6
23:21:43.752,179273,-0.385,8.361,4.197,1.042,-1.239,2.074,38.250,54.900,-7.200,30.7
23:21:43.805,179327,0.371,10.190,4.609,0.748,-1.324,2.292,14.700,54.600,-12.900,30.5
23:21:43.860,179381,1.980,9.500,3.158,0.541,-1.330,1.866,14.700,54.600,-12.900,30.5
23:21:43.914,179435,3.275,8.976,3.388,-0.144,-1.360,1.802,3.600,52.950,-15.300,30.5
23:21:43.968,179489,3.496,9.874,4.027,-0.325,-1.381,1.780,-5.100,49.500,-13.800,30.7
23:21:44.022,179543,5.143,8.298,2.109,0.020,-1.272,1.544,-5.100,49.500,-13.800,30.6
23:21:44.075,179597,5.748,9.261,3.187,0.356,-1.087,1.462,-10.050,44.850,-16.350,30.7
23:21:44.130,179651,6.302,7.980,1.611,0.774,-0.907,1.313,-10.050,44.850,-16.350,30.7
23:21:44.184,179705,7.350,7.812,1.851,0.707,-0.854,1.290,-10.050,44.850,-16.350,30.4
23:21:44.238,179759,7.659,7.061,0.984,0.594,-0.633,1.128,-10.050,44.850,-16.350,30.7
23:21:44.292,179813,7.573,7.159,1.405,0.268,-0.487,0.865,-19.800,36.150,-19.050,30.4
23:21:44.345,179867,7.800,6.457,0.709,-0.101,-0.429,0.738,-19.800,36.150,-19.050,30.2
23:21:44.399,179921,7.776,6.402,0.565,0.101,-0.422,0.776,-22.650,34.350,-20.400,30.5
23:21:44.454,179975,8.217,6.172,0.500,0.070,-0.416,0.679,-22.650,34.350,-20.400,30.7
23:21:44.510,180029,8.777,6.505,0.532,-0.209,-0.412,0.517,-23.850,30.150,-22.200,30.7
23:21:44.561,180083,7.927,5.045,-0.381,0.294,-0.212,0.354,-23.850,27.450,-22.200,30.5
23:21:44.616,180137,8.605,5.674,0.163,0.086,0.025,0.124,-23.850,27.450,-22.200,30.5
23:21:44.670,180191,8.516,5.875,0.113,0.154,0.203,-0.190,-23.850,27.450,-22.200,30.5
23:21:44.724,180245,8.131,5.816,0.618,-0.026,0.103,-0.177,-23.850,27.450,-22.200,30.5
23:21:44.778,180299,8.033,5.353,0.069,-0.221,0.130,-0.243,-24.300,29.550,-23.100,30.4
23:21:44.832,180353,8.049,5.837,0.666,-0.541,0.064,-0.294,-24.300,29.550,-23.100,30.4
23:21:44.889,180407,8.382,6.414,0.419,-0.750,0.247,-0.425,-23.850,30.900,-22.950,30.7
23:21:44.939,180461,8.274,5.854,0.146,-1.091,0.235,-0.336,-23.850,30.900,-22.950,30.5
23:21:44.994,180515,7.621,6.163,1.590,-1.097,0.131,-0.317,-24.450,31.650,-20.400,30.5
23:21:45.048,180569,7.707,5.157,0.414,-0.919,0.030,-0.390,-24.450,31.650,-20.400,30.6
23:21:45.102,180623,7.635,5.804,1.008,-0.564,0.130,-0.294,-21.900,34.800,-18.600,30.9
23:21:45.155,180677,7.702,5.104,1.587,-0.392,0.091,-0.321,-21.900,34.800,-18.600,30.7
23:21:45.209,180731,8.097,6.223,1.255,-0.407,0.216,-0.442,-21.900,34.800,-18.600,30.7
23:21:45.264,180785,7.558,6.510,2.174,-0.237,0.373,-0.570,-18.300,36.150,-16.500,30.4
23:21:45.318,180839,7.185,6.407,1.872,-0.368,0.388,-0.573,-18.300,36.150,-16.500,30.4
23:21:45.372,180893,7.381,6.946,3.809,-0.814,0.558,-0.533,-18.750,39.600,-15.150,30.5
23:21:45.430,180947,6.948,6.704,3.745,-0.876,0.856,-0.659,-18.750,39.600,-15.150,30.8
23:21:45.481,181001,6.498,6.402,4.781,-1.166,1.012,-0.909,-18.750,39.600,-15.150,30.4
23:21:45.536,181055,5.684,7.638,6.117,-1.306,1.251,-0.995,-18.750,39.600,-15.150,30.6
23:21:45.590,181109,4.559,7.915,6.728,-1.171,1.475,-1.099,-11.550,41.700,-8.400,30.6
23:21:45.641,181163,4.226,7.326,7.286,-1.270,1.740,-1.248,-11.550,41.700,-8.400,30.8
23:21:45.695,181217,3.148,7.017,7.587,-1.318,1.948,-1.324,-6.000,45.000,-4.200,30.6
23:21:45.749,181271,2.449,7.666,8.626,-1.498,2.079,-1.327,-6.000,45.000,-4.200,30.2
23:21:45.804,181325,2.286,6.728,9.239,-1.505,2.282,-1.519,3.150,45.750,0.900,30.4
23:21:45.858,181379,-0.412,5.459,8.914,-1.063,2.300,-1.602,16.350,44.850,5.100,30.7
23:21:45.912,181433,-1.393,3.972,7.760,-0.594,2.455,-1.469,16.350,44.850,5.100,30.5
23:21:45.966,181487,-3.033,2.708,6.469,-0.268,2.368,-1.320,16.350,44.850,5.100,30.5
23:21:46.020,181541,-3.919,3.488,7.424,-0.274,2.022,-1.211,16.350,44.850,5.100,30.7
23:21:46.073,181595,-5.267,2.823,5.818,-0.525,2.085,-1.381,39.000,42.900,6.450,30.7
23:21:46.128,181649,-6.845,2.184,5.509,-0.744,1.802,-1.456,39.000,42.900,6.450,30.5
23:21:46.182,181703,-7.242,0.634,4.156,-0.528,1.516,-1.351,47.400,37.650,3.450,30.4
23:21:46.236,181757,-7.872,0.306,3.857,-0.367,1.431,-1.055,47.400,37.650,3.450,30.4
23:21:46.290,181811,-8.461,0.139,3.608,-0.127,1.306,-1.241,53.250,31.650,3.150,30.5
23:21:46.343,181865,-8.741,-1.238,3.261,-0.022,1.343,-1.018,53.250,31.650,3.150,30.5
23:21:46.398,181919,-8.988,-0.702,3.661,-0.033,1.300,-1.147,56.700,26.400,-0.900,30.5
23:21:46.452,181973,-8.607,-1.566,2.437,0.074,1.183,-0.926,56.700,26.400,-0.900,30.7
23:21:46.510,182027,-8.748,-2.066,1.666,0.388,0.974,-0.923,56.700,26.400,-0.900,30.7
23:21:46.560,182081,-8.650,-3.201,1.386,0.547,0.643,-0.752,63.300,18.900,-8.400,30.5
23:21:46.614,182135,-9.278,-3.728,0.962,0.642,0.448,-0.390,63.300,18.900,-8.400,30.7
23:21:46.668,182189,-9.002,-3.656,0.685,0.654,0.290,-0.130,63.300,18.450,-8.700,30.7
23:21:46.721,182243,-9.361,-3.618,0.579,0.524,0.226,0.109,63.300,18.450,-8.700,30.4
23:21:46.776,182297,-9.400,-3.766,-0.089,0.322,-0.035,0.292,64.800,17.400,-9.450,30.7
23:21:46.830,182351,-9.230,-3.132,0.148,0.646,-0.491,0.413,64.800,17.400,-9.450,30.5
23:21:46.884,182405,-9.019,-2.351,0.484,0.804,-1.091,0.684,62.100,20.400,-9.750,30.5
23:21:46.937,182459,-8.873,-2.097,0.816,1.025,-1.332,0.818,62.100,20.400,-9.750,30.6
23:21:46.992,182513,-8.689,-1.154,1.949,1.168,-1.540,1.105,62.100,20.400,-9.750,30.5
23:21:47.045,182567,-8.114,-0.697,3.235,1.256,-1.602,1.232,57.150,29.550,-3.750,30.7
23:21:47.099,182621,-7.084,0.397,4.044,1.221,-1.793,1.828,57.150,29.550,-3.750,30.5
23:21:47.153,182675,-6.651,0.625,4.985,0.751,-1.860,1.991,50.100,38.400,-0.900,30.5
23:21:47.207,182729,-5.650,3.139,5.880,0.808,-1.983,2.350,50.100,38.400,-0.900,30.2
23:21:47.261,182783,-4.439,3.469,6.409,0.335,-2.073,2.204,50.100,38.400,-0.900,30.4
23:21:47.315,182837,-3.199,4.822,6.812,0.277,-2.212,2.123,50.100,38.400,-0.900,30.7
23:21:47.370,182891,-2.073,6.043,7.638,0.344,-2.238,1.846,27.150,47.100,5.100,30.5
23:21:47.423,182945,-0.151,5.789,8.698,0.693,-2.197,1.974,27.150,47.100,5.100,30.7
23:21:47.478,182999,1.231,7.566,7.875,0.272,-2.031,1.777,14.700,50.400,3.000,30.5
23:21:47.531,183053,1.776,7.748,8.586,0.895,-2.042,1.617,14.700,50.400,3.000,30.6
23:21:47.589,183107,4.724,6.591,6.395,0.766,-1.998,1.523,3.600,48.600,0.600,30.5
23:21:47.644,183161,4.051,7.254,6.759,0.673,-1.921,1.440,-4.050,46.350,-5.400,30.3
23:21:47.693,183215,6.574,6.771,5.674,0.831,-1.599,1.103,-4.050,46.350,-5.400,30.2
23:21:47.748,183269,5.890,7.235,5.813,0.781,-1.403,1.102,-4.050,46.350,-5.400,30.6
23:21:47.801,183323,7.202,6.735,5.042,0.869,-1.109,0.950,-4.050,46.350,-5.400,30.5
23:21:47.856,183377,7.599,7.096,4.357,1.075,-0.702,0.832,-15.450,39.900,-15.450,30.7
23:21:47.910,183431,7.348,6.536,3.886,1.261,-0.715,0.872,-15.450,39.900,-15.450,30.2
23:21:47.964,183485,7.887,5.748,2.823,1.226,-0.633,0.950,-19.350,39.750,-19.350,30.6
23:21:48.020,183539,8.135,5.593,1.951,1.359,-0.261,0.515,-19.350,39.750,-19.350,30.7
23:21:48.071,183593,7.925,5.935,1.729,1.124,-0.076,0.293,-21.150,34.350,-24.750,30.8
23:21:48.126,183647,7.738,5.344,2.160,0.907,-0.100,0.271,-21.150,34.350,-24.750,30.2
23:21:48.179,183701,8.349,6.146,0.955,0.989,-0.012,0.298,-22.800,34.200,-25.650,30.4
23:21:48.234,183755,8.602,6.335,1.061,0.976,0.207,0.137,-22.800,34.200,-25.650,30.5
23:21:48.287,183809,8.444,5.054,0.895,1.157,0.248,0.035,-22.800,34.200,-25.650,30.5
23:21:48.341,183863,8.368,6.115,0.721,1.190,0.549,-0.262,-23.250,30.600,-24.900,30.5
23:21:48.395,183917,7.784,6.589,0.699,1.353,0.768,-0.534,-23.250,30.600,-24.900,30.4
23:21:48.449,183971,8.042,6.428,-0.024,1.539,0.638,-0.464,-22.350,33.600,-24.450,30.7
23:21:48.503,184025,7.784,5.215,0.280,1.340,0.487,-0.316,-22.350,33.600,-24.450,30.6
23:21:48.557,184079,7.412,6.694,0.697,0.695,0.404,-0.287,-21.150,32.850,-24.750,30.7
23:21:48.612,184133,7.805,7.044,-0.565,0.273,0.407,-0.589,-21.150,32.850,-24.750,30.4
23:21:48.665,184187,7.853,5.957,0.050,-0.720,0.415,-0.741,-20.400,35.550,-24.000,30.2
23:21:48.719,184241,7.360,8.088,-0.335,-1.117,0.487,-1.131,-20.400,35.550,-24.000,30.7
23:21:48.774,184295,6.891,8.219,1.362,-1.212,0.314,-1.331,-20.400,35.550,-24.000,30.7
23:21:48.827,184349,6.701,8.736,1.223,-1.126,0.385,-1.506,-20.400,35.550,-24.000,30.5
23:21:48.881,184403,5.322,8.681,2.272,-1.395,0.673,-1.636,-13.500,42.300,-21.300,30.5
23:21:48.936,184457,4.453,8.856,2.708,-0.787,0.533,-1.766,-9.750,46.500,-16.200,30.5
23:21:48.990,184511,4.650,8.756,2.444,-0.520,0.850,-1.953,-9.750,46.500,-16.200,30.7
23:21:49.043,184565,3.519,9.594,3.888,-0.745,0.787,-2.126,-0.300,51.000,-14.850,30.5
23:21:49.097,184619,2.260,9.969,4.614,-0.857,0.899,-2.101,-0.300,51.000,-14.850,30.4
23:21:49.152,184673,1.377,8.928,4.329,-0.652,0.911,-2.366,8.100,54.900,-10.500,30.2
23:21:49.205,184727,0.034,8.691,4.858,-1.000,1.142,-2.450,8.100,54.900,-10.500,30.6
23:21:49.259,184781,-2.105,7.554,4.444,-0.707,1.241,-2.521,8.100,54.900,-10.500,30.7
23:21:49.313,184835,-3.462,7.530,4.875,-0.478,1.285,-2.403,8.100,54.900,-10.500,30.7
23:21:49.367,184889,-4.762,6.033,4.101,-0.033,1.185,-2.321,30.900,52.200,-6.150,30.5
23:21:49.421,184943,-5.353,6.244,5.114,-0.137,1.040,-2.270,30.900,52.200,-6.150,30.5
23:21:49.476,184997,-6.515,4.865,5.009,-0.538,0.969,-2.351,40.200,50.250,-7.950,30.5
23:21:49.530,185051,-7.192,3.938,4.575,-0.709,0.872,-2.238,48.900,43.800,-8.100,30.5
23:21:49.583,185105,-7.525,2.456,3.606,-0.709,0.907,-2.228,48.900,43.800,-8.100,30.4
23:21:49.637,185159,-8.104,1.190,3.469,-0.975,0.932,-2.198,54.900,36.900,-7.050,30.7
23:21:49.691,185213,-8.447,0.582,2.866,-0.922,0.879,-1.899,54.900,36.900,-7.050,30.6
23:21:49.745,185267,-8.437,-0.682,2.243,-0.832,0.836,-1.745,54.900,36.900,-7.050,30.7
23:21:49.800,185321,-8.581,-1.384,1.676,-0.751,0.799,-1.610,54.900,36.900,-7.050,30.5
23:21:49.853,185375,-8.253,-2.047,1.472,-0.836,0.535,-1.312,61.800,20.400,-9.450,30.7
23:21:49.907,185429,-8.150,-2.418,1.238,-0.707,0.403,-1.341,61.800,20.400,-9.450,30.5
23:21:49.961,185483,-8.835,-4.235,1.080,-0.641,0.314,-1.301,63.150,15.600,-11.400,30.6
23:21:50.015,185537,-8.267,-5.660,-0.728,-0.056,0.341,-0.918,63.150,15.600,-11.400,30.7
23:21:50.070,185591,-8.155,-8.717,-1.532,-0.171,-0.005,-0.203,63.150,15.600,-11.400,30.5
23:21:50.124,185645,-7.527,-6.840,-0.227,-0.355,-0.491,1.059,63.450,11.400,-11.850,30.7
23:21:50.177,185699,-7.714,-5.550,-0.057,-0.284,-0.607,1.690,63.450,11.400,-11.850,30.5
23:21:50.231,185753,-8.176,-4.839,0.922,0.116,-0.733,1.813,63.900,15.900,-11.400,30.5
23:21:50.285,185807,-8.437,-3.182,1.319,0.561,-0.806,2.088,63.900,15.900,-11.400,30.7
23:21:50.340,185861,-8.183,-1.884,1.621,1.118,-0.722,2.338,63.150,24.450,-8.100,30.5
23:21:50.393,185915,-7.602,0.536,1.712,1.778,-0.605,2.514,63.150,24.450,-8.100,30.7
23:21:50.447,185969,-7.274,1.903,1.513,1.794,-0.213,2.850,59.250,35.850,-9.000,30.5
23:21:50.502,186023,-6.685,5.121,2.591,1.322,-0.003,3.116,59.250,35.850,-9.000,30.4
23:21:50.555,186077,-6.330,6.792,3.402,-0.043,-0.059,3.113,59.250,35.850,-9.000,30.5
23:21:50.610,186131,-6.141,6.431,0.055,-0.472,-0.313,2.776,59.250,35.850,-9.000,30.7
23:21:50.663,186185,-5.069,8.756,3.776,-0.996,-0.442,2.630,42.450,51.300,-16.800,30.5
23:21:50.718,186239,-4.518,6.378,1.367,0.440,-0.706,2.809,31.650,55.950,-16.350,30.7
23:21:50.775,186293,-2.033,9.129,2.684,0.227,-1.252,2.832,31.650,55.950,-16.350,30.4
23:21:50.825,186347,-1.302,8.789,1.183,-0.167,-1.137,2.674,19.500,53.850,-16.200,30.5
23:21:50.883,186401,0.618,9.534,2.660,0.189,-1.567,2.333,19.500,53.850,-16.200,30.5
23:21:50.934,186455,1.839,11.339,3.077,-0.504,-1.747,2.633,6.600,50.550,-15.600,30.5
23:21:50.987,186509,3.666,10.477,3.045,-0.056,-1.619,2.238,6.600,50.550,-15.600,30.3
23:21:51.041,186563,4.463,9.254,2.471,-0.045,-1.503,2.265,6.600,50.550,-15.600,30.4
23:21:51.095,186617,6.175,7.944,2.397,-0.034,-1.686,1.971,6.600,50.550,-15.600,30.7
23:21:51.150,186671,6.831,7.992,1.810,0.176,-1.551,1.872,-11.850,41.250,-16.800,30.6
23:21:51.203,186725,7.853,7.769,1.422,0.161,-1.150,1.489,-11.850,41.250,-16.800,30.5
23:21:51.258,186779,7.898,7.439,2.368,-0.373,-1.353,1.203,-18.000,36.150,-19.800,30.6
23:21:51.311,186833,8.401,6.129,0.864,-0.312,-1.220,1.099,-18.000,36.150,-19.800,30.7
23:21:51.365,186887,8.025,6.840,0.939,0.027,-0.821,0.661,-21.750,35.250,-22.050,30.5
23:21:51.419,186941,8.351,6.328,0.862,-0.105,-0.592,0.503,-24.750,31.500,-25.650,30.7
23:21:51.474,186995,8.320,6.862,0.704,-0.033,-0.245,0.231,-24.750,31.500,-25.650,30.5
23:21:51.527,187049,8.667,6.539,1.046,0.156,0.094,-0.028,-24.750,31.500,-25.650,30.5
23:21:51.581,187103,8.610,7.080,0.840,-0.202,0.449,-0.518,-24.750,31.500,-25.650,30.7
23:21:51.635,187157,8.444,6.452,1.542,-0.213,0.912,-0.999,-24.450,31.950,-25.500,30.7
23:21:51.689,187211,7.767,7.233,2.411,-0.363,1.057,-0.982,-24.450,31.950,-25.500,30.5
23:21:51.743,187265,8.559,6.692,0.618,-0.487,1.294,-1.499,-21.900,36.300,-22.650,30.6
23:21:51.798,187319,7.652,7.738,2.061,-0.544,1.537,-1.529,-21.900,36.300,-22.650,30.3
23:21:51.851,187373,7.343,7.740,2.411,-0.587,1.529,-1.660,-16.500,38.850,-19.800,30.5
23:21:51.905,187427,6.340,8.267,2.940,-0.735,1.638,-1.924,-16.500,38.850,-19.800,30.5
23:21:51.959,187481,5.655,8.746,3.148,-0.737,1.616,-2.105,-9.000,43.500,-15.150,30.2
23:21:52.013,187535,3.891,9.055,4.276,-0.765,1.628,-2.107,-9.000,43.500,-15.150,30.3
23:21:52.068,187589,2.191,9.294,4.585,-0.623,1.473,-2.248,-9.000,43.500,-15.150,30.5
23:21:52.121,187643,1.369,8.710,4.226,-0.605,1.477,-2.210,11.100,51.300,-8.400,30.2
23:21:52.176,187697,-0.062,8.528,4.784,-0.622,1.390,-2.327,11.100,51.300,-8.400,30.5
23:21:52.229,187751,-1.235,8.583,5.578,-0.806,1.260,-2.283,19.050,51.900,-4.500,30.5
23:21:52.283,187805,-3.249,6.936,5.193,-0.579,1.379,-2.446,19.050,51.900,-4.500,30.6
23:21:52.338,187859,-4.159,5.274,5.104,0.042,1.267,-2.451,32.550,49.200,-1.950,30.5
23:21:52.391,187913,-5.107,5.796,5.308,-0.035,1.158,-2.309,32.550,49.200,-1.950,30.6
23:21:52.445,187967,-6.414,3.986,4.934,0.036,1.028,-2.423,42.750,45.150,-2.850,30.0
23:21:52.499,188021,-7.223,2.940,4.614,-0.475,0.913,-2.345,42.750,45.150,-2.850,30.6
23:21:52.553,188075,-8.188,1.401,3.847,-0.232,0.784,-2.251,42.750,45.150,-2.850,30.7
23:21:52.607,188129,-8.440,0.551,3.929,-0.402,0.828,-2.147,57.000,31.650,-5.100,30.6
23:21:52.662,188183,-8.473,-0.469,3.220,-0.444,0.781,-1.952,57.000,31.650,-5.100,30.7
23:21:52.715,188237,-8.384,-1.152,3.103,-0.548,0.633,-1.841,59.250,27.000,-6.150,30.6
23:21:52.769,188291,-8.303,-2.016,2.880,-0.861,0.471,-1.560,59.250,27.000,-6.150,30.5
23:21:52.824,188345,-7.305,-3.428,2.363,-0.622,0.521,-1.038,61.800,18.450,-6.150,30.4
23:21:52.877,188399,-7.365,-5.217,1.190,-0.969,0.462,-0.194,61.800,18.450,-6.150,30.2
23:21:52.931,188453,-7.879,-5.174,0.687,-0.570,0.444,0.570,63.450,17.100,-8.850,30.3
23:21:52.985,188507,-8.720,-4.951,0.256,0.315,0.108,1.161,63.450,17.100,-8.850,30.7
23:21:53.039,188561,-8.820,-3.438,0.807,0.500,0.060,1.540,63.450,17.100,-8.850,30.6
23:21:53.093,188615,-9.146,-2.497,0.953,0.242,0.252,1.933,63.450,17.100,-8.850,30.7
23:21:53.147,188669,-9.009,-1.082,0.469,0.412,0.212,2.139,64.650,24.150,-11.100,30.5
23:21:53.202,188723,-8.368,0.318,0.388,0.876,-0.076,2.401,62.700,33.750,-13.200,30.5
23:21:53.255,188777,-7.884,1.980,0.170,0.958,-0.326,2.591,62.700,33.750,-13.200,30.4
23:21:53.310,188831,-7.475,3.802,0.551,0.773,-0.448,2.950,58.800,43.950,-16.800,30.7
23:21:53.363,188885,-6.797,5.521,0.321,0.509,-0.549,3.151,58.800,43.950,-16.800,30.4
23:21:53.417,188939,-6.155,6.194,1.046,0.441,-0.530,2.938,47.400,52.350,-19.050,30.3
23:21:53.471,188993,-4.688,7.082,0.163,1.195,-0.503,2.760,47.400,52.350,-19.050,30.6
23:21:53.526,189047,-3.225,8.933,0.656,0.756,-0.585,2.640,47.400,52.350,-19.050,30.6
23:21:53.579,189101,-2.186,9.965,0.484,0.662,-0.339,2.688,47.400,52.350,-19.050,30.6
23:21:53.634,189155,-0.213,10.080,0.069,0.470,-0.578,2.566,24.750,53.100,-23.850,30.7
23:21:53.687,189209,0.608,10.635,0.723,-0.512,-0.913,2.717,24.750,53.100,-23.850,30.7
23:21:53.742,189263,1.700,10.247,1.183,-0.633,-1.157,2.437,12.750,52.650,-22.050,30.4
23:21:53.796,189317,2.926,10.554,0.417,-0.611,-1.035,2.280,2.850,52.650,-22.050,30.7
23:21:53.849,189371,3.673,9.570,1.520,-0.379,-1.227,2.083,2.850,47.850,-19.650,30.4
23:21:53.903,189425,5.205,8.918,0.833,-0.270,-1.191,1.888,-5.550,43.650,-18.600,30.5
23:21:53.957,189479,5.430,9.088,1.468,-0.159,-0.964,1.648,-5.550,43.650,-18.600,30.5
23:21:54.011,189533,5.701,7.796,1.587,-0.027,-1.090,1.654,-5.550,43.650,-18.600,30.7
23:21:54.065,189587,7.544,7.843,1.199,-0.019,-0.990,1.594,-5.550,43.650,-18.600,30.7
23:21:54.119,189641,8.428,6.900,0.582,-0.123,-0.393,1.366,-17.400,36.600,-20.100,30.5
23:21:54.173,189695,7.580,7.278,1.288,-0.278,-0.461,1.121,-17.400,36.600,-20.100,30.7
23:21:54.228,189749,7.654,7.669,1.152,-0.630,-0.484,0.629,-21.000,33.000,-19.500,30.5
23:21:54.281,189803,7.135,7.810,0.821,-0.778,-0.313,0.325,-21.000,33.000,-19.500,30.6
23:21:54.335,189857,8.071,6.883,0.247,-0.061,0.099,0.011,-23.400,30.150,-19.650,30.2
23:21:54.389,189911,7.906,6.869,1.367,-0.475,-0.054,-0.171,-23.400,30.150,-19.650,30.4
23:21:54.443,189965,7.920,6.366,0.766,-0.601,-0.021,-0.274,-22.800,30.600,-20.550,30.7
23:21:54.497,190019,7.843,6.359,1.209,-0.738,0.049,-0.489,-22.800,30.600,-20.550,30.6
23:21:54.551,190073,7.800,6.993,1.731,-1.053,0.197,-0.641,-22.800,30.600,-20.550,30.5
23:21:54.607,190127,7.793,7.573,2.066,-1.249,0.488,-0.831,-21.150,35.550,-18.600,30.6
23:21:54.659,190181,7.494,6.852,2.847,-1.134,0.659,-1.103,-21.150,35.550,-18.600,30.5
23:21:54.713,190235,7.070,6.981,3.146,-1.089,1.050,-1.248,-16.200,38.400,-15.900,30.6
23:21:54.767,190289,6.383,8.478,4.106,-0.981,1.178,-1.437,-16.200,38.400,-15.900,30.7
23:21:54.822,190343,6.184,8.085,4.544,-0.707,1.529,-1.622,-12.750,41.550,-12.150,30.2
23:21:54.875,190397,5.092,9.194,6.065,-0.819,1.699,-1.622,-12.750,41.550,-12.150,30.5
23:21:54.929,190451,3.960,8.140,5.679,-1.275,1.743,-2.088,-5.100,43.950,-9.750,30.5
23:21:54.983,190505,2.241,8.377,6.419,-1.167,1.521,-2.197,-5.100,43.950,-9.750,30.7
23:21:55.037,190559,1.245,7.573,6.163,-0.794,1.500,-2.150,-5.100,43.950,-9.750,30.7
23:21:55.091,190613,0.481,7.707,6.795,-0.559,1.504,-2.181,16.950,49.950,-0.150,30.4
23:21:55.146,190667,-0.927,6.510,6.385,-0.745,1.525,-2.126,16.950,49.950,-0.150,30.5
23:21:55.199,190721,-2.574,5.411,6.713,-1.385,1.446,-2.126,28.050,48.000,1.500,30.7
23:21:55.253,190775,-4.616,2.959,5.988,-1.292,1.477,-1.972,28.050,48.000,1.500,30.5
23:21:55.307,190829,-5.341,4.051,6.883,-0.814,1.487,-1.979,37.950,43.950,3.600,30.2
23:21:55.362,190883,-6.029,1.729,5.279,-0.792,1.600,-2.018,37.950,43.950,3.600,30.5
23:21:55.415,190937,-6.974,2.461,5.906,-1.039,1.417,-1.861,46.350,36.450,4.200,30.5
23:21:55.469,190991,-7.379,0.644,5.229,-0.618,1.415,-1.867,46.350,36.450,4.200,30.5
23:21:55.523,191045,-7.664,-1.238,4.233,-0.447,1.349,-1.572,46.350,36.450,4.200,30.5
23:21:55.577,191099,-7.891,-0.886,3.694,0.010,1.259,-1.280,46.350,36.450,4.200,30.5
23:21:55.631,191153,-7.688,-2.310,2.856,-0.025,1.126,-1.125,56.700,24.900,0.150,30.7
23:21:55.685,191207,-8.315,-2.569,3.290,-0.273,1.000,-1.187,59.550,19.650,-3.150,30.4
23:21:55.739,191261,-8.181,-3.338,2.205,-0.481,0.814,-0.773,59.550,19.650,-3.150,30.6
23:21:55.793,191315,-8.559,-3.725,1.439,-0.653,0.863,-0.896,61.200,15.600,-6.000,30.2
23:21:55.847,191369,-8.894,-4.065,0.910,-0.521,0.739,-0.753,61.200,15.600,-6.000,30.5
23:21:55.901,191423,-8.887,-5.018,-0.486,-0.161,0.676,-0.706,61.800,11.850,-10.200,30.7
23:21:55.955,191477,-8.665,-5.847,-0.900,0.153,0.289,-0.224,61.800,11.850,-10.200,30.5
23:21:56.009,191531,-8.284,-6.630,-0.572,0.294,-0.136,0.467,61.800,11.850,-10.200,30.5
23:21:56.064,191585,-8.035,-5.787,-0.263,0.216,-0.673,1.173,61.800,11.850,-10.200,30.5
23:21:56.117,191639,-8.401,-4.772,0.946,0.014,-1.022,1.380,63.300,13.050,-9.450,30.7
23:21:56.171,191693,-8.456,-3.816,1.271,-0.005,-1.354,1.583,63.300,13.050,-9.450,30.5
23:21:56.225,191747,-8.320,-2.636,1.235,0.286,-1.449,1.763,61.050,19.200,-5.100,30.2
23:21:56.279,191801,-8.361,-1.741,2.198,0.918,-1.450,1.810,61.050,19.200,-5.100,30.2
23:21:56.333,191855,-7.750,-0.373,2.907,1.496,-1.470,2.238,61.050,19.200,-5.100,30.7
23:21:56.387,191909,-6.905,1.513,3.785,1.887,-1.519,2.515,52.800,36.600,0.000,30.7
23:21:56.442,191963,-5.674,2.650,4.542,1.624,-1.538,2.872,52.800,36.600,0.000,30.5
23:21:56.495,192017,-4.008,5.954,4.810,1.459,-1.564,2.973,42.600,47.700,-0.900,30.4
23:21:56.550,192071,-1.700,7.367,4.252,1.370,-1.554,2.781,42.600,47.700,-0.900,30.6
23:21:56.603,192125,-0.836,7.961,3.790,0.875,-1.386,2.790,30.300,52.650,-4.200,30.6
23:21:56.658,192179,0.053,8.844,5.059,0.950,-1.386,2.497,30.300,52.650,-4.200,30.5
23:21:56.711,192233,1.511,9.414,4.602,0.887,-1.189,2.262,16.500,53.550,-6.000,30.5
23:21:56.765,192287,1.460,9.548,4.037,0.986,-1.235,2.116,16.500,53.550,-6.000,30.5
23:21:56.820,192341,2.665,9.799,4.338,0.840,-1.123,2.036,16.500,53.550,-6.000,30.5
23:21:56.874,192395,3.512,9.335,4.085,0.818,-1.316,1.969,16.500,53.550,-6.000,30.4
23:21:56.930,192449,4.865,9.689,3.323,0.664,-1.228,1.824,-3.300,46.650,-13.500,30.5
23:21:56.981,192503,6.246,8.502,2.689,0.264,-1.236,1.496,-11.100,44.850,-16.800,30.5
23:21:57.035,192557,6.110,8.588,3.105,-0.059,-1.009,1.442,-11.100,44.850,-16.800,30.3
23:21:57.089,192611,6.251,7.398,2.784,-0.123,-1.163,1.409,-18.150,40.950,-19.350,30.6
23:21:57.143,192665,7.992,7.906,0.991,-0.292,-1.106,1.121,-18.150,40.950,-19.350,30.5
23:21:57.197,192719,8.033,6.974,1.520,-0.202,-0.670,0.764,-19.500,36.900,-17.700,30.2
23:21:57.251,192773,7.906,6.620,1.343,-0.072,-0.542,0.577,-19.500,36.900,-17.700,30.4
23:21:57.305,192827,7.970,6.716,1.559,-0.024,-0.410,0.466,-19.500,36.900,-17.700,30.4
23:21:57.359,192881,8.507,5.662,1.336,0.172,-0.287,0.349,-19.500,36.900,-17.700,30.7
23:21:57.413,192935,8.262,5.717,0.857,0.229,-0.168,0.307,-25.200,31.950,-21.150,30.7
23:21:57.467,192989,8.195,5.930,1.195,0.431,-0.030,0.256,-25.200,31.950,-21.150,30.7
23:21:57.521,193043,8.222,5.169,0.314,0.204,0.078,0.209,-25.650,31.650,-21.150,30.7
23:21:57.575,193097,8.420,5.490,0.893,0.469,0.265,0.047,-27.300,29.100,-21.300,30.7
23:21:57.629,193151,8.195,5.691,1.468,0.342,0.226,0.017,-27.300,29.100,-21.300,30.7
23:21:57.683,193205,8.432,5.792,1.171,0.050,0.240,-0.303,-24.450,30.150,-21.450,30.4
23:21:57.737,193259,8.430,5.847,-0.038,-0.147,0.598,-0.228,-24.450,30.150,-21.450,30.4
23:21:57.791,193313,8.116,6.110,1.812,-0.118,0.588,-0.453,-24.450,30.150,-21.450,30.4
23:21:57.845,193367,8.243,6.912,1.978,-0.389,0.596,-0.608,-24.450,30.150,-21.450,30.7
23:21:57.899,193421,7.582,6.948,2.057,-0.108,0.791,-0.844,-24.000,33.750,-17.700,30.5
23:21:57.954,193475,7.254,7.302,2.289,-0.220,0.740,-0.835,-24.000,33.750,-17.700,30.7
23:21:58.007,193529,7.262,6.917,2.387,-0.452,0.699,-0.957,-21.900,36.600,-15.300,30.5
23:21:58.061,193583,6.993,6.850,2.902,-0.769,0.887,-1.140,-21.900,36.600,-15.300,30.7
23:21:58.116,193637,6.179,7.697,4.020,-0.916,0.769,-1.304,-17.100,39.750,-14.550,30.6
23:21:58.169,193691,5.423,8.308,3.785,-0.685,0.886,-1.208,-11.550,41.700,-10.500,30.2
23:21:58.223,193745,5.691,8.751,4.920,-1.359,1.165,-1.542,-11.550,41.700,-10.500,30.2
23:21:58.278,193799,3.780,8.164,5.713,-1.225,1.474,-1.614,-11.550,41.700,-10.500,30.8
23:21:58.331,193853,2.904,7.585,6.155,-1.065,1.618,-1.491,-11.550,41.700,-10.500,30.7
23:21:58.385,193907,1.891,8.212,7.558,-0.804,1.644,-1.588,0.900,45.750,-5.550,30.5
23:21:58.439,193961,0.445,7.333,7.108,-0.855,1.679,-1.716,0.900,45.750,-5.550,30.5
23:21:58.493,194015,-0.390,6.610,7.156,-0.782,1.589,-1.677,11.550,49.050,-1.050,30.7
23:21:58.547,194069,-1.630,6.163,7.262,-0.487,1.593,-1.718,11.550,49.050,-1.050,30.5
23:21:58.601,194123,-2.629,5.562,7.041,-0.418,1.617,-1.712,11.550,49.050,-1.050,30.5
23:21:58.655,194177,-3.273,5.334,7.298,-0.762,1.588,-1.734,11.550,49.050,-1.050,30.3
23:21:58.709,194231,-4.247,4.041,6.469,-1.097,1.638,-1.796,31.800,46.200,1.950,30.6
23:21:58.766,194285,-4.944,3.874,6.354,-1.038,1.373,-1.646,41.850,40.350,6.000,30.7
23:21:58.817,194339,-6.110,3.309,5.942,-0.680,1.573,-1.588,41.850,40.350,6.000,30.2
23:21:58.871,194393,-7.166,1.343,5.131,-0.569,1.652,-1.534,48.750,35.100,4.350,30.5
23:21:58.925,194447,-7.891,0.797,4.475,-0.701,1.583,-1.465,48.750,35.100,4.350,30.5
23:21:58.979,194501,-8.375,-0.644,3.414,-0.483,1.484,-1.386,55.950,27.900,3.450,30.5
23:21:59.033,194555,-8.495,-1.329,2.926,-0.284,1.442,-1.346,55.950,27.900,3.450,30.7
23:21:59.087,194609,-8.459,-2.200,2.327,-0.245,1.201,-1.116,55.950,27.900,3.450,30.5
23:21:59.141,194663,-8.430,-2.488,1.791,-0.037,0.973,-0.942,55.950,27.900,3.450,30.5
23:21:59.195,194717,-8.760,-4.096,1.030,0.092,0.646,-0.677,61.800,20.100,-5.100,30.4
23:21:59.249,194771,-8.856,-4.559,0.211,0.323,0.245,-0.119,61.800,20.100,-5.100,30.6
23:21:59.303,194825,-8.626,-4.183,-0.012,0.400,-0.290,0.765,63.150,17.850,-6.300,30.5
23:21:59.357,194879,-8.878,-3.754,0.405,0.471,-0.683,1.372,63.150,21.450,-4.800,30.5
23:21:59.411,194933,-9.153,-2.998,1.006,0.774,-1.084,1.784,63.150,21.450,-4.800,30.7
23:21:59.466,194987,-8.413,-1.384,1.312,1.108,-1.068,2.124,59.250,30.150,-2.100,30.7
23:21:59.520,195041,-7.673,0.397,2.246,1.623,-1.298,2.280,59.250,30.150,-2.100,30.4
23:21:59.573,195095,-6.823,1.542,2.883,1.771,-1.308,2.754,59.250,30.150,-2.100,30.5
23:21:59.627,195149,-6.184,4.920,4.784,1.525,-1.468,3.181,59.250,30.150,-2.100,30.3
23:21:59.681,195203,-4.817,7.238,5.612,0.011,-1.574,3.319,42.600,49.650,-7.050,30.5
23:21:59.735,195257,-2.538,7.163,3.390,-0.108,-1.565,2.818,42.600,49.650,-7.050,30.7
23:21:59.789,195311,-3.179,8.322,5.674,-0.836,-1.517,2.698,29.850,53.850,-6.300,30.7
23:21:59.844,195365,-0.192,8.236,4.496,0.481,-1.589,2.176,29.850,53.850,-6.300,30.6
23:21:59.951,195419,0.412,8.638,6.129,0.200,-1.871,2.042,17.250,52.650,-5.550,30.7
23:21:59.952,195473,1.279,8.966,5.339,0.765,-2.017,1.915,17.250,52.650,-5.550,30.7
23:22:00.005,195527,4.446,8.380,3.862,0.631,-1.929,1.766,4.650,50.400,-7.050,30.7
23:22:00.060,195581,4.168,8.655,4.791,0.282,-2.031,1.836,4.650,50.400,-7.050,30.4
