timestamp,elapsed_ms,accel_x_ms2,accel_y_ms2,accel_z_ms2,gyro_x_rads,gyro_y_rads,gyro_z_rads,mag_x_uT,mag_y_uT,mag_z_uT,temp_c
16:09:10.153,2160578,-0.101,5.339,8.660,0.614,-2.510,0.883,-32.850,36.900,61.200,35.8
16:09:10.214,2160632,1.681,5.564,8.763,0.634,-2.521,0.909,-54.300,37.500,49.350,35.9
16:09:10.274,2160686,2.473,6.009,8.693,0.377,-2.493,0.853,-54.300,37.500,49.350,36.0
16:09:10.318,2160740,4.144,5.298,7.791,0.579,-2.355,0.785,-72.450,32.550,30.150,36.0
16:09:10.378,2160794,5.215,5.665,8.186,0.129,-2.256,0.706,-84.900,26.250,8.400,35.9
16:09:10.424,2160848,5.456,6.675,7.599,0.341,-2.122,0.640,-84.900,26.250,8.400,35.8
16:09:10.485,2160902,7.321,5.255,5.148,0.469,-1.880,0.611,-87.000,19.050,-12.600,36.0
16:09:10.543,2160956,7.381,6.045,7.384,0.236,-1.874,0.653,-87.000,19.050,-12.600,36.0
16:09:10.589,2161010,7.594,5.586,4.453,0.410,-1.536,0.472,-83.550,10.950,-28.200,36.1
16:09:10.650,2161064,8.902,5.006,4.142,0.134,-1.381,0.443,-83.550,10.950,-28.200,36.0
16:09:10.693,2161118,7.776,6.053,5.428,0.200,-1.172,0.369,-83.550,10.950,-28.200,35.8
16:09:10.755,2161172,8.815,4.288,2.899,0.428,-0.879,0.324,-83.550,10.950,-28.200,36.0
16:09:10.815,2161226,8.085,5.088,3.129,0.310,-0.895,0.258,-74.250,-0.450,-50.550,36.0
16:09:10.860,2161280,8.708,4.932,1.911,0.345,-0.711,0.310,-74.250,-0.450,-50.550,35.8
16:09:10.922,2161334,8.760,4.824,1.595,0.354,-0.426,0.293,-67.950,-4.350,-55.650,35.7
16:09:10.965,2161388,8.983,4.851,2.114,0.322,-0.208,0.163,-67.950,-4.350,-55.650,36.0
16:09:11.024,2161442,8.878,4.887,1.640,0.196,0.065,0.058,-65.100,-8.400,-59.550,36.0
16:09:11.084,2161496,8.916,5.861,2.614,-0.220,0.250,-0.163,-64.350,-10.050,-59.550,36.1
16:09:11.128,2161550,9.153,5.942,2.837,-0.648,0.767,-0.438,-64.350,-10.050,-59.550,36.1
16:09:11.190,2161604,9.297,6.359,4.075,-0.859,1.298,-0.657,-69.300,-3.750,-54.750,35.9
16:09:11.234,2161658,9.129,5.547,4.776,-0.845,1.880,-0.823,-69.300,-3.750,-54.750,36.0
16:09:11.295,2161712,9.146,5.854,5.667,-0.687,2.318,-0.899,-80.850,7.200,-39.750,36.0
16:09:11.355,2161766,8.492,5.634,6.323,-0.689,2.666,-0.957,-80.850,7.200,-39.750,35.9
16:09:11.399,2161820,7.027,5.796,6.926,-0.671,2.876,-0.984,-80.850,7.200,-39.750,35.9
16:09:11.459,2161874,6.103,5.322,6.730,-0.758,3.110,-0.850,-80.850,7.200,-39.750,36.0
16:09:11.505,2161928,4.089,5.363,8.720,-0.585,3.108,-0.769,-81.300,29.850,12.600,35.9
16:09:11.595,2161982,3.725,4.142,7.712,-0.207,3.080,-0.720,-81.300,29.850,12.600,36.1
16:09:11.654,2162036,1.128,5.116,7.635,-0.212,2.836,-0.663,-66.450,34.500,39.900,35.9
16:09:11.715,2162090,-0.536,3.888,6.500,-0.190,2.564,-0.559,-43.200,36.300,56.250,35.9
16:09:11.774,2162144,-1.870,4.178,7.257,-0.322,2.156,-0.424,-43.200,36.300,56.250,36.0
16:09:11.774,2162198,-3.100,3.737,5.751,-0.378,1.791,-0.326,-21.150,35.100,64.650,36.0
16:09:11.834,2162252,-4.149,3.390,5.600,-0.142,1.225,-0.261,-21.150,35.100,64.650,36.0
16:09:11.893,2162306,-4.499,3.721,5.906,0.119,0.838,-0.143,-7.050,33.150,66.450,36.0
16:09:11.955,2162360,-5.430,4.281,5.279,0.105,0.520,-0.159,-7.050,33.150,66.450,35.8
16:09:12.015,2162414,-5.890,3.318,6.900,0.132,0.319,-0.066,-7.050,33.150,66.450,35.9
16:09:12.074,2162468,-6.062,4.834,7.013,-0.016,0.026,0.001,-7.050,33.150,66.450,36.0
16:09:12.133,2162522,-5.595,3.685,6.462,-0.053,-0.023,-0.046,-7.050,33.150,66.450,36.1
16:09:12.193,2162576,-5.760,4.602,7.458,-0.069,-0.034,-0.035,-7.050,33.150,66.450,36.0
16:09:12.254,2162630,-5.753,4.029,6.637,-0.002,-0.069,0.013,0.600,35.100,68.250,36.0
16:09:12.313,2162684,-5.703,4.077,7.312,0.006,-0.100,-0.007,0.600,35.100,68.250,35.9
16:09:12.314,2162738,-5.598,4.223,6.603,-0.067,-0.171,0.007,-0.900,34.200,67.050,35.8
16:09:12.373,2162792,-5.677,3.917,6.735,-0.041,-0.321,0.054,-0.600,33.900,67.200,36.0
16:09:12.434,2162846,-4.951,3.417,5.909,0.028,-0.541,0.059,-0.600,33.900,67.200,36.0
16:09:12.494,2162900,-4.836,3.508,5.617,0.156,-0.949,0.187,-5.850,35.550,66.900,36.0
16:09:12.553,2162954,-4.240,3.531,5.887,0.481,-1.354,0.320,-5.850,35.550,66.900,36.0
16:09:12.614,2163008,-3.024,3.555,4.427,0.576,-1.755,0.475,-18.750,38.400,63.750,36.0
16:09:12.675,2163062,-2.105,4.621,7.338,0.436,-2.066,0.594,-18.750,38.400,63.750,36.0
16:09:12.735,2163116,-1.223,5.030,7.341,0.388,-2.198,0.782,-18.750,38.400,63.750,36.0
16:09:12.794,2163170,0.474,4.757,7.420,0.092,-2.152,0.867,-18.750,38.400,63.750,35.8
16:09:12.855,2163224,0.910,6.005,7.949,0.157,-2.162,0.877,-58.650,39.900,44.400,35.9
16:09:12.857,2163278,2.512,5.179,7.140,0.484,-2.086,0.807,-58.650,39.900,44.400,36.0
16:09:12.914,2163332,3.663,5.538,7.302,0.613,-1.991,0.849,-72.150,34.350,29.850,35.9
16:09:12.975,2163386,4.695,6.376,7.365,0.077,-1.952,0.827,-82.800,27.900,12.150,36.0
16:09:13.035,2163440,5.104,6.302,7.465,0.137,-1.949,0.739,-82.800,27.900,12.150,35.9
16:09:13.094,2163494,6.371,4.733,4.786,0.508,-1.744,0.738,-86.400,19.200,-6.900,36.1
16:09:13.155,2163548,7.728,5.777,5.722,0.420,-1.637,0.636,-86.400,19.200,-6.900,36.0
16:09:13.215,2163602,7.403,6.579,6.050,0.446,-1.645,0.644,-86.250,10.200,-23.100,36.1
16:09:13.275,2163656,8.495,5.425,3.033,0.411,-1.380,0.581,-86.250,10.200,-23.100,35.9
16:09:13.335,2163710,8.466,5.236,5.037,0.189,-1.475,0.505,-79.500,2.400,-36.600,35.8
16:09:13.394,2163764,9.306,4.788,2.081,0.398,-1.072,0.441,-79.500,2.400,-36.600,35.9
16:09:13.455,2163818,9.153,4.721,2.844,0.206,-0.908,0.357,-79.500,2.400,-36.600,36.0
16:09:13.455,2163872,9.060,4.422,2.234,0.272,-0.619,0.364,-79.500,2.400,-36.600,36.1
16:09:13.513,2163926,8.545,4.549,2.227,0.290,-0.526,0.319,-68.700,-10.200,-56.100,35.9
16:09:13.575,2163980,8.624,4.755,2.227,0.262,-0.321,0.188,-64.200,-12.900,-57.450,36.1
16:09:13.633,2164034,8.813,4.827,2.224,0.148,-0.023,0.030,-64.200,-12.900,-57.450,36.0
16:09:13.694,2164088,9.208,5.569,2.320,-0.115,0.303,-0.135,-63.150,-15.600,-59.400,36.2
16:09:13.755,2164142,9.270,5.409,2.928,-0.634,0.703,-0.466,-63.150,-15.600,-59.400,35.5
16:09:13.815,2164196,9.457,5.363,3.263,-0.794,1.215,-0.651,-68.850,-8.400,-55.200,35.8
16:09:13.874,2164250,9.895,6.033,4.520,-0.948,1.844,-0.869,-68.850,-8.400,-55.200,36.0
16:09:13.934,2164304,8.942,5.859,5.234,-0.733,2.253,-1.002,-78.750,1.350,-41.400,35.9
16:09:13.935,2164358,8.241,6.112,5.942,-0.366,2.636,-1.064,-78.750,1.350,-41.400,35.9
16:09:13.995,2164412,7.412,5.811,6.565,-0.261,2.844,-1.083,-87.450,15.750,-16.350,35.9
16:09:14.055,2164466,5.610,5.780,7.266,-0.330,2.879,-1.089,-87.450,15.750,-16.350,36.0
16:09:14.235,2164520,4.750,5.689,7.324,-0.369,2.918,-0.978,-87.450,15.750,-16.350,36.0
16:09:14.237,2164574,3.357,6.270,8.643,-0.763,2.884,-0.813,-87.450,15.750,-16.350,36.0
16:09:14.238,2164628,1.516,5.124,8.083,-1.298,2.992,-0.601,-68.700,36.450,34.500,35.5
16:09:14.294,2164682,-0.268,3.230,6.134,-0.958,2.870,-0.434,-46.200,31.950,57.000,35.8
16:09:14.355,2164736,-1.666,3.986,7.063,0.143,2.473,-0.418,-46.200,31.950,57.000,36.2
16:09:14.475,2164790,-2.957,4.025,6.000,0.183,1.960,-0.396,-20.250,32.250,64.800,36.0
16:09:14.477,2164844,-3.809,4.075,5.952,-0.037,1.534,-0.283,-20.250,32.250,64.800,36.0
16:09:14.477,2164898,-4.695,4.554,5.890,0.184,1.114,-0.257,-4.800,33.150,64.650,36.2
16:09:14.535,2164952,-5.346,3.737,4.566,0.253,0.639,-0.279,-4.800,33.150,64.650,35.9
16:09:14.593,2165006,-5.763,4.535,6.922,0.096,0.160,-0.228,4.200,34.950,67.350,36.0
16:09:14.654,2165060,-6.203,3.998,5.092,-0.036,-0.019,-0.184,4.200,34.950,67.350,36.0
16:09:14.715,2165114,-6.323,4.652,6.852,-0.198,-0.233,-0.082,4.200,34.950,67.350,35.5
16:09:14.774,2165168,-5.842,3.943,6.505,-0.121,-0.177,-0.076,4.200,34.950,67.350,35.8
16:09:14.834,2165222,-6.041,4.791,7.219,-0.033,-0.132,-0.085,4.200,34.950,67.350,36.1
16:09:14.895,2165276,-5.806,3.584,5.454,0.019,-0.241,0.032,2.400,36.450,67.050,36.0
16:09:15.015,2165330,-5.744,4.085,6.560,0.171,-0.383,0.136,2.400,36.450,67.050,35.9
16:09:15.017,2165384,-4.585,3.328,4.908,0.370,-0.759,0.230,-2.550,34.800,66.150,35.9
16:09:15.017,2165438,-4.089,4.355,5.200,0.366,-1.211,0.349,-2.550,34.800,66.150,36.0
16:09:15.075,2165492,-3.426,4.039,6.615,0.519,-1.845,0.535,-14.100,38.550,64.650,36.0
16:09:15.133,2165546,-2.394,3.302,4.724,0.574,-2.125,0.707,-14.100,38.550,64.650,36.0
16:09:15.195,2165600,-1.489,4.657,7.616,0.239,-2.315,0.834,-34.200,41.700,57.750,36.0
16:09:15.254,2165654,-0.383,5.873,7.496,0.251,-2.460,0.925,-34.200,41.700,57.750,35.8
16:09:15.314,2165708,1.750,4.185,5.114,0.823,-2.357,0.909,-55.200,37.950,45.450,36.0
16:09:15.375,2165762,2.399,7.451,9.232,0.577,-2.360,0.717,-55.200,37.950,45.450,36.0
16:09:15.434,2165816,3.869,7.468,7.626,0.184,-2.214,0.718,-55.200,37.950,45.450,36.0
16:09:15.495,2165870,4.575,6.194,7.223,0.053,-2.026,0.612,-55.200,37.950,45.450,35.9
16:09:15.555,2165924,5.703,6.555,7.288,-0.014,-1.943,0.499,-55.200,37.950,45.450,36.0
16:09:15.556,2165978,5.763,6.938,7.626,0.281,-1.923,0.557,-85.800,22.950,-9.300,35.9
16:09:15.615,2166032,7.173,5.629,3.519,0.296,-1.518,0.625,-85.800,22.950,-9.300,35.8
16:09:15.673,2166086,7.561,6.859,6.869,0.002,-1.569,0.546,-83.700,16.200,-26.550,35.8
16:09:15.734,2166140,7.604,6.038,4.094,0.325,-1.282,0.479,-83.700,16.200,-26.550,35.9
16:09:15.795,2166194,7.853,5.547,3.692,0.249,-1.026,0.455,-80.850,9.150,-39.000,36.0
16:09:15.855,2166248,7.786,6.153,4.949,0.339,-0.829,0.369,-80.850,9.150,-39.000,36.1
16:09:15.915,2166302,8.176,5.713,3.625,0.403,-0.433,0.265,-75.150,3.450,-46.350,35.9
16:09:15.975,2166356,8.643,5.952,4.226,0.213,0.050,-0.025,-75.150,3.450,-46.350,36.2
16:09:16.095,2166410,8.614,6.045,3.692,-0.112,0.494,-0.126,-74.850,1.800,-48.600,36.0
16:09:16.097,2166464,8.100,5.895,4.836,-0.429,0.901,-0.275,-74.850,1.800,-48.600,36.0
16:09:16.098,2166518,8.088,6.019,4.970,-0.552,1.327,-0.480,-74.850,1.800,-48.600,35.9
16:09:16.153,2166572,8.284,6.395,5.605,-0.574,1.695,-0.628,-82.350,12.300,-31.800,36.0
16:09:16.215,2166626,7.743,6.364,5.986,-0.563,2.078,-0.707,-82.350,12.300,-31.800,36.0
16:09:16.275,2166680,7.080,6.146,6.019,-0.492,2.320,-0.726,-85.200,19.650,-12.000,36.0
16:09:16.335,2166734,6.012,6.302,7.961,-0.541,2.574,-0.763,-85.200,19.650,-12.000,36.0
16:09:16.395,2166788,4.865,5.744,7.386,-0.600,2.842,-0.751,-83.550,27.150,12.150,36.0
16:09:16.454,2166842,3.060,5.059,7.372,-0.388,2.921,-0.816,-83.550,27.150,12.150,36.0
16:09:16.515,2166896,1.688,5.607,7.082,-0.133,2.913,-0.842,-68.550,32.850,36.900,36.0
16:09:16.575,2166950,-0.043,5.224,7.954,-0.126,2.766,-0.772,-68.550,32.850,36.900,36.0
16:09:16.633,2167004,-1.463,4.513,7.496,-0.196,2.592,-0.681,-44.250,38.250,53.250,36.0
16:09:16.634,2167058,-2.425,4.281,7.065,-0.104,2.339,-0.626,-44.250,38.250,53.250,35.8
16:09:16.695,2167112,-3.797,4.369,5.605,-0.163,1.944,-0.503,-19.650,37.500,62.850,35.9
16:09:16.755,2167166,-3.941,3.177,5.236,0.171,1.709,-0.460,-19.650,37.500,62.850,36.0
16:09:16.816,2167220,-5.562,3.306,3.833,0.334,1.162,-0.335,-19.650,37.500,62.850,35.9
16:09:16.875,2167274,-6.342,4.010,5.394,0.198,0.605,-0.274,12.000,39.600,64.050,36.1
16:09:16.935,2167328,-6.723,3.982,5.006,0.087,0.339,-0.226,12.000,39.600,64.050,36.0
16:09:16.995,2167382,-6.919,4.262,5.145,-0.146,0.082,-0.144,17.250,39.600,63.000,36.0
16:09:17.055,2167436,-6.718,4.899,5.892,-0.038,-0.011,-0.058,17.250,39.600,63.000,36.0
16:09:17.114,2167490,-6.974,3.888,4.824,0.132,-0.065,0.029,17.700,38.400,64.500,35.6
16:09:17.174,2167544,-6.833,4.288,5.698,0.002,-0.157,0.073,17.700,38.400,64.500,35.9
16:09:17.234,2167598,-6.574,4.245,4.918,-0.206,-0.367,0.173,15.900,39.000,63.150,36.0
16:09:17.234,2167652,-6.297,3.809,4.424,-0.248,-0.771,0.360,15.900,39.000,63.150,36.2
16:09:17.354,2167706,-5.669,2.899,4.360,0.196,-1.188,0.399,11.550,39.000,63.900,35.9
16:09:17.354,2167760,-4.870,4.436,5.892,0.377,-1.762,0.651,11.550,39.000,63.900,36.0
16:09:17.415,2167814,-3.405,3.965,4.125,0.285,-2.106,0.808,11.550,39.000,63.900,36.0
16:09:17.475,2167868,-2.523,4.688,7.187,0.326,-2.404,0.973,11.550,39.000,63.900,35.9
16:09:17.533,2167922,-1.408,5.559,7.482,0.255,-2.554,1.042,11.550,39.000,63.900,36.0
16:09:17.595,2167976,0.378,4.635,5.332,0.374,-2.488,1.120,-47.700,39.750,51.150,35.8
16:09:17.655,2168030,2.167,5.875,8.212,0.165,-2.495,1.094,-47.700,39.750,51.150,35.8
16:09:17.714,2168084,2.605,7.151,8.794,0.389,-2.394,1.047,-70.950,35.250,34.500,36.0
16:09:17.714,2168138,4.487,4.599,5.636,0.690,-2.094,1.033,-70.950,35.250,34.500,36.0
16:09:17.774,2168192,6.433,7.080,8.722,0.547,-2.096,0.991,-80.850,27.000,15.600,36.0
16:09:17.834,2168246,5.420,7.551,7.331,0.212,-2.047,0.926,-80.850,27.000,15.600,36.0
16:09:17.895,2168300,7.271,5.895,6.716,0.278,-1.759,0.971,-87.300,17.100,-5.250,35.9
16:09:17.955,2168354,7.487,6.790,6.462,0.200,-1.749,0.783,-87.300,17.100,-5.250,36.0
16:09:18.015,2168408,8.303,5.212,3.622,0.404,-1.375,0.686,-85.650,9.150,-21.900,36.2
16:09:18.073,2168462,8.013,6.433,4.901,0.197,-1.447,0.562,-85.650,9.150,-21.900,35.8
16:09:18.133,2168516,8.593,5.219,2.837,0.249,-1.160,0.528,-85.650,9.150,-21.900,35.5
16:09:18.195,2168570,8.887,5.420,2.904,0.137,-1.025,0.518,-76.200,-9.750,-45.150,36.1
16:09:18.253,2168624,9.026,4.487,1.745,0.363,-0.844,0.468,-76.200,-9.750,-45.150,36.3
16:09:18.254,2168678,8.868,4.420,1.432,0.388,-0.709,0.392,-69.600,-13.050,-51.900,36.0
16:09:18.315,2168732,8.959,4.781,1.413,0.336,-0.588,0.335,-69.600,-13.050,-51.900,36.0
16:09:18.374,2168786,9.230,4.228,0.182,0.295,-0.383,0.278,-65.100,-17.400,-55.500,36.0
16:09:18.435,2168840,9.038,3.725,-0.113,0.153,-0.307,0.220,-65.100,-17.400,-55.500,36.0
16:09:18.494,2168894,8.533,3.950,0.462,0.205,-0.305,0.175,-61.950,-22.200,-57.450,36.0
16:09:18.555,2168948,9.033,3.903,-0.326,0.131,-0.234,0.165,-61.950,-22.200,-57.450,36.0
16:09:18.613,2169002,9.412,3.780,0.129,0.082,-0.091,0.056,-58.650,-24.150,-58.200,36.1
16:09:18.675,2169056,9.108,4.475,0.259,-0.169,0.030,-0.084,-58.650,-24.150,-58.200,36.0
16:09:18.735,2169110,9.658,4.932,1.183,-0.585,0.480,-0.357,-58.650,-24.150,-58.200,36.0
16:09:18.795,2169164,10.096,5.042,1.920,-1.116,0.939,-0.662,-58.650,-24.150,-58.200,36.0
16:09:18.797,2169218,10.020,5.619,2.784,-1.196,1.520,-0.856,-58.650,-24.150,-58.200,36.0
16:09:18.854,2169272,9.694,5.224,2.871,-1.099,1.915,-0.961,-72.750,-7.500,-49.500,36.0
16:09:18.913,2169326,9.522,5.629,4.432,-0.783,2.336,-1.061,-72.750,-7.500,-49.500,36.3
16:09:18.974,2169380,8.686,6.100,5.009,-0.667,2.590,-1.176,-82.650,6.450,-31.050,35.8
16:09:19.034,2169434,7.606,5.904,7.020,-0.509,2.751,-1.083,-82.650,6.450,-31.050,35.9
16:09:19.096,2169488,5.696,5.835,6.692,-0.665,2.855,-0.969,-86.550,21.450,-5.250,36.0
16:09:19.154,2169542,4.324,4.925,7.381,-0.421,2.995,-0.821,-86.550,21.450,-5.250,35.8
16:09:19.215,2169596,3.421,4.855,7.434,-0.177,2.880,-0.843,-78.150,28.200,22.950,36.0
16:09:19.273,2169650,1.951,5.464,7.137,-0.015,2.739,-0.838,-78.150,28.200,22.950,36.0
16:09:19.333,2169704,0.225,5.435,7.580,-0.280,2.532,-0.702,-59.250,34.800,43.050,36.1
16:09:19.334,2169758,-1.132,4.767,6.601,-0.407,2.281,-0.488,-59.250,34.800,43.050,36.0
16:09:19.393,2169812,-2.442,3.989,6.282,-0.164,1.936,-0.342,-59.250,34.800,43.050,35.8
16:09:19.454,2169866,-3.575,4.314,5.746,0.059,1.452,-0.287,-59.250,34.800,43.050,35.8
16:09:19.514,2169920,-3.689,4.137,5.468,0.595,1.411,-0.296,-59.250,34.800,43.050,35.8
16:09:19.574,2169974,-5.023,5.334,6.273,0.138,0.863,-0.309,-6.450,38.400,65.250,35.5
16:09:19.635,2170028,-5.538,4.168,4.772,0.224,0.520,-0.242,-6.450,38.400,65.250,36.0
16:09:19.695,2170082,-5.751,4.987,6.165,0.230,0.204,-0.183,2.100,40.500,64.350,36.2
16:09:19.756,2170136,-5.820,4.944,5.935,0.052,0.054,-0.160,2.100,40.500,64.350,35.9
16:09:19.873,2170190,-6.038,4.990,7.049,-0.120,-0.010,-0.090,3.900,40.350,64.800,35.9
16:09:19.874,2170244,-5.954,4.774,6.153,-0.029,-0.035,0.002,3.900,40.350,64.800,36.0
16:09:19.875,2170298,-5.760,4.549,6.553,0.036,-0.054,0.022,3.450,41.850,66.300,36.0
16:09:19.935,2170352,-5.811,5.181,6.256,-0.032,-0.044,0.019,2.100,40.950,64.350,35.9
16:09:19.995,2170406,-5.727,4.877,5.701,-0.145,-0.093,-0.007,2.100,40.950,64.350,35.8
16:09:20.116,2170460,-5.643,4.571,6.330,-0.094,-0.209,0.019,3.300,39.750,64.650,36.0
16:09:20.117,2170514,-5.567,4.748,5.698,-0.090,-0.341,0.078,3.300,39.750,64.650,36.0
16:09:20.175,2170568,-5.526,4.436,5.878,-0.204,-0.596,0.145,3.300,39.750,64.650,36.0
16:09:20.236,2170622,-4.841,3.790,5.533,0.334,-0.835,0.109,3.300,39.750,64.650,36.0
16:09:20.295,2170676,-3.675,4.164,4.980,0.347,-1.196,0.320,-9.000,39.600,62.700,36.0
16:09:20.354,2170730,-3.711,4.781,7.458,0.245,-1.539,0.443,-9.000,39.600,62.700,36.0
16:09:20.415,2170784,-2.777,4.583,5.849,0.112,-1.677,0.530,-21.300,40.650,60.450,36.0
16:09:20.417,2170838,-2.205,5.794,8.064,0.043,-1.804,0.608,-21.300,40.650,60.450,35.5
16:09:20.474,2170892,-1.164,5.416,6.376,0.347,-1.828,0.695,-39.300,40.350,55.650,35.5
16:09:20.533,2170946,0.113,6.615,8.547,0.538,-1.883,0.864,-39.300,40.350,55.650,35.5
16:09:20.595,2171000,1.192,6.606,6.797,0.332,-1.861,0.853,-55.050,39.750,43.800,36.0
16:09:20.655,2171054,2.387,6.522,8.408,0.154,-1.863,0.890,-69.450,34.950,32.250,36.1
16:09:20.714,2171108,3.170,7.551,8.183,0.222,-1.864,0.753,-69.450,34.950,32.250,36.0
16:09:20.834,2171162,4.463,5.368,5.631,0.272,-1.726,0.701,-79.800,29.850,15.900,36.1
16:09:20.834,2171216,5.133,7.070,7.343,0.179,-1.689,0.739,-79.800,29.850,15.900,36.0
16:09:20.893,2171270,5.229,6.524,6.857,0.500,-1.604,0.772,-79.800,29.850,15.900,35.7
16:09:20.955,2171324,6.577,5.205,3.577,0.366,-1.530,0.683,-79.800,29.850,15.900,35.5
16:09:20.956,2171378,7.515,7.010,6.469,0.285,-1.534,0.687,-85.500,13.650,-14.400,35.5
16:09:21.014,2171432,7.542,5.665,3.421,0.139,-1.294,0.492,-85.500,13.650,-14.400,36.1
16:09:21.073,2171486,7.446,5.971,4.980,-0.181,-1.354,0.434,-84.750,5.850,-27.600,36.0
16:09:21.134,2171540,8.497,4.968,2.049,0.114,-1.144,0.386,-84.750,5.850,-27.600,36.0
16:09:21.195,2171594,8.686,5.784,3.359,-0.015,-1.046,0.418,-78.300,1.350,-39.600,36.0
16:09:21.255,2171648,8.581,4.779,2.107,0.303,-0.849,0.373,-73.350,-1.800,-47.850,36.0
16:09:21.315,2171702,8.593,5.511,2.370,0.197,-0.735,0.253,-73.350,-1.800,-47.850,35.9
16:09:21.374,2171756,8.856,4.810,1.846,0.093,-0.576,0.231,-69.450,-6.750,-52.050,35.9
16:09:21.434,2171810,8.614,4.855,1.439,-0.070,-0.452,0.180,-69.450,-6.750,-52.050,35.5
16:09:21.495,2171864,8.638,4.496,1.408,-0.067,-0.403,0.240,-65.850,-10.050,-57.300,36.0
16:09:21.496,2171918,8.473,4.123,0.601,0.067,-0.373,0.289,-65.850,-10.050,-57.300,35.6
16:09:21.553,2171972,8.578,4.243,0.840,0.264,-0.296,0.264,-65.850,-10.050,-57.300,35.9
16:09:21.615,2172026,8.885,4.132,0.079,0.335,-0.257,0.260,-65.850,-10.050,-57.300,35.8
16:09:21.673,2172080,8.844,4.199,0.165,0.298,-0.216,0.205,-59.850,-15.450,-60.300,36.0
16:09:21.733,2172134,8.940,4.300,0.225,0.200,-0.219,0.194,-59.850,-15.450,-60.300,36.1
16:09:21.795,2172188,9.033,4.080,0.292,0.162,-0.210,0.155,-57.000,-17.700,-62.400,35.7
16:09:21.855,2172242,8.914,3.979,-0.271,0.243,-0.202,0.150,-54.750,-20.850,-62.400,35.8
16:09:21.913,2172296,8.985,3.716,-0.721,0.199,-0.230,0.108,-54.750,-20.850,-63.600,35.5
16:09:21.975,2172350,9.189,3.998,-0.335,0.123,-0.174,0.064,-54.900,-22.950,-64.050,36.2
16:09:22.033,2172404,9.670,4.360,-0.199,-0.017,0.004,-0.002,-54.900,-22.950,-64.050,36.0
16:09:22.034,2172458,9.708,4.403,0.419,-0.487,0.314,-0.168,-54.300,-21.900,-63.600,36.1
16:09:22.093,2172512,9.924,4.336,0.582,-0.890,0.704,-0.409,-54.300,-21.900,-63.600,36.0
16:09:22.154,2172566,9.203,5.681,2.591,-1.060,1.128,-0.819,-60.150,-18.300,-61.200,36.2
16:09:22.214,2172620,9.807,5.629,2.646,-1.220,1.583,-1.050,-60.150,-18.300,-61.200,35.9
16:09:22.273,2172674,9.357,5.885,4.319,-1.191,2.047,-1.198,-60.150,-18.300,-61.200,35.9
16:09:22.336,2172728,8.286,5.837,4.470,-0.827,2.375,-1.211,-60.150,-18.300,-61.200,35.8
16:09:22.394,2172782,7.872,5.813,5.296,-0.725,2.575,-1.040,-80.250,12.150,-37.350,35.5
16:09:22.454,2172836,7.628,5.270,5.358,-0.699,2.702,-0.895,-80.250,12.150,-37.350,36.0
16:09:22.515,2172890,5.947,6.072,8.052,-0.580,2.745,-0.901,-83.400,25.500,-8.700,36.0
16:09:22.573,2172944,4.618,5.425,6.838,-0.541,2.825,-0.852,-77.100,33.600,17.550,35.9
16:09:22.574,2172998,2.387,5.337,7.379,-0.575,2.795,-0.793,-77.100,33.600,17.550,36.2
16:09:22.636,2173052,1.063,5.684,7.594,-0.446,2.587,-0.619,-60.150,38.850,40.350,36.1
16:09:22.693,2173106,0.208,4.460,5.878,-0.322,2.447,-0.515,-60.150,38.850,40.350,36.3
16:09:22.755,2173160,-1.779,5.021,7.321,-0.402,2.105,-0.442,-42.450,40.950,54.450,36.0
16:09:22.814,2173214,-2.289,4.271,7.015,-0.295,1.808,-0.309,-42.450,40.950,54.450,35.5
16:09:22.875,2173268,-3.309,4.142,5.521,-0.287,1.552,-0.182,-22.800,37.200,62.700,35.7
16:09:22.934,2173322,-4.444,3.124,5.253,0.170,1.224,-0.173,-22.800,37.200,62.700,36.0
16:09:22.995,2173376,-5.148,4.125,5.899,0.419,0.881,-0.186,-22.800,37.200,62.700,36.0
16:09:23.053,2173430,-5.713,3.656,5.890,0.307,0.480,-0.176,-22.800,37.200,62.700,36.0
16:09:23.114,2173484,-5.564,3.998,6.424,0.157,0.342,-0.199,-1.350,39.300,63.150,35.9
16:09:23.115,2173538,-5.770,4.336,5.545,-0.038,0.087,-0.131,0.600,38.550,63.150,36.0
16:09:23.174,2173592,-5.732,4.470,6.723,0.010,-0.051,0.095,0.600,38.550,63.150,36.0
16:09:23.234,2173646,-5.983,4.190,6.754,-0.058,-0.194,0.126,1.350,40.200,63.600,36.0
16:09:23.296,2173700,-5.545,3.926,7.113,-0.262,-0.151,0.146,1.350,40.200,63.600,35.6
16:09:23.355,2173754,-5.782,4.575,6.203,-0.363,-0.240,0.159,0.000,37.800,64.650,35.9
16:09:23.413,2173808,-5.468,3.881,5.866,0.035,-0.389,0.234,0.000,37.800,64.650,35.9
16:09:23.474,2173862,-5.073,4.434,6.304,0.284,-0.730,0.295,-4.350,38.250,65.400,35.9
16:09:23.534,2173916,-3.996,3.730,5.363,0.098,-1.121,0.436,-4.350,38.250,65.400,35.9
16:09:23.593,2173970,-3.455,4.199,5.921,0.089,-1.585,0.508,-15.150,38.550,62.850,36.0
16:09:23.656,2174024,-2.662,4.037,6.187,0.396,-1.821,0.577,-15.150,38.550,62.850,36.0
16:09:23.656,2174078,-2.246,5.059,8.104,0.442,-1.963,0.679,-15.150,38.550,62.850,36.1
16:09:23.716,2174132,-0.599,5.397,6.574,0.319,-1.988,0.708,-15.150,38.550,62.850,36.1
16:09:23.774,2174186,0.498,5.332,7.618,0.421,-1.874,0.706,-15.150,38.550,62.850,35.9
16:09:23.836,2174240,1.686,6.637,9.704,0.213,-1.814,0.667,-64.350,35.550,36.900,35.9
16:09:23.893,2174294,2.447,6.527,7.918,0.215,-1.697,0.622,-64.350,35.550,36.900,36.0
16:09:23.956,2174348,3.539,6.821,8.423,0.320,-1.602,0.585,-75.000,33.450,22.050,35.9
16:09:24.013,2174402,4.073,5.933,7.781,0.338,-1.515,0.584,-75.000,33.450,22.050,35.8
16:09:24.074,2174456,4.932,6.160,6.596,0.342,-1.422,0.519,-83.250,29.850,9.300,36.0
16:09:24.136,2174510,5.423,6.680,7.180,0.292,-1.376,0.546,-83.250,29.850,9.300,36.0
16:09:24.196,2174564,5.535,5.883,5.969,0.145,-1.320,0.487,-84.450,21.900,-4.650,36.0
16:09:24.197,2174618,6.713,5.595,4.899,0.175,-1.216,0.438,-84.450,21.900,-4.650,36.0
16:09:24.255,2174672,6.859,6.443,5.310,0.229,-1.147,0.364,-85.950,17.400,-15.600,35.8
16:09:24.314,2174726,7.240,5.701,4.367,0.272,-0.901,0.396,-85.950,17.400,-15.600,35.8
16:09:24.376,2174780,7.432,5.866,4.970,0.288,-0.837,0.336,-85.950,17.400,-15.600,36.2
16:09:24.433,2174834,7.470,5.361,3.184,0.234,-0.744,0.331,-85.950,17.400,-15.600,36.0
16:09:24.494,2174888,7.834,5.382,3.460,0.177,-0.645,0.323,-85.950,17.400,-15.600,35.9
16:09:24.556,2174942,7.877,5.420,3.484,0.087,-0.537,0.331,-77.250,1.650,-41.100,35.9
16:09:24.613,2174996,7.745,4.853,2.468,0.317,-0.499,0.301,-77.250,1.650,-41.100,35.9
16:09:24.674,2175050,7.961,5.181,2.591,0.326,-0.458,0.290,-76.500,-1.350,-44.700,36.0
16:09:24.736,2175104,8.131,5.102,1.937,0.184,-0.453,0.298,-76.500,-1.350,-44.700,36.0
16:09:24.736,2175158,8.279,4.506,1.650,0.250,-0.456,0.266,-72.000,-5.850,-49.050,35.9
16:09:24.794,2175212,8.437,5.303,1.743,0.222,-0.486,0.293,-72.000,-5.850,-49.050,35.8
16:09:24.856,2175266,8.619,4.575,1.125,0.263,-0.415,0.339,-69.300,-9.600,-52.650,36.1
16:09:24.915,2175320,8.772,4.717,0.919,0.285,-0.424,0.279,-69.300,-9.600,-52.650,36.0
16:09:24.975,2175374,8.789,4.156,0.783,0.319,-0.430,0.299,-64.800,-13.500,-54.000,35.9
16:09:25.036,2175428,8.878,4.731,0.792,0.232,-0.353,0.224,-64.800,-13.500,-54.000,36.2
16:09:25.094,2175482,8.909,3.917,0.340,0.110,-0.325,0.219,-64.800,-13.500,-54.000,36.0
16:09:25.156,2175536,8.971,4.104,0.172,0.185,-0.270,0.155,-64.800,-13.500,-54.000,36.3
16:09:25.216,2175590,8.940,3.802,-0.330,0.100,-0.259,0.151,-64.800,-13.500,-54.000,35.9
16:09:25.276,2175644,8.930,4.034,-0.038,0.053,-0.243,0.116,-58.500,-18.900,-59.850,35.8
16:09:25.277,2175698,9.017,4.140,-0.280,-0.014,-0.244,0.073,-58.500,-18.900,-59.850,36.0
16:09:25.335,2175752,9.100,3.967,-0.278,-0.109,-0.171,0.068,-55.650,-21.750,-60.750,36.0
16:09:25.394,2175806,8.780,4.525,0.213,-0.316,-0.201,-0.021,-55.650,-21.750,-60.750,36.0
16:09:25.454,2175860,9.179,4.520,-0.093,-0.412,-0.025,-0.133,-55.050,-19.650,-63.150,36.0
16:09:25.514,2175914,9.644,4.640,0.922,-0.557,0.406,-0.394,-55.050,-19.650,-63.150,35.9
16:09:25.576,2175968,10.278,5.124,1.410,-0.779,0.965,-0.676,-58.200,-16.800,-62.700,36.1
16:09:25.635,2176022,9.522,4.937,2.526,-0.829,1.426,-0.814,-58.200,-16.800,-62.700,36.0
16:09:25.693,2176076,9.005,6.019,2.421,-0.675,1.652,-0.891,-64.650,-7.800,-56.100,35.9
16:09:25.756,2176130,8.921,5.693,3.879,-0.629,1.888,-1.056,-64.650,-7.800,-56.100,35.5
16:09:25.814,2176184,7.851,6.577,4.635,-0.751,2.073,-1.093,-64.650,-7.800,-56.100,36.0
16:09:25.815,2176238,7.302,5.772,5.243,-0.556,2.247,-1.079,-64.650,-7.800,-56.100,36.2
16:09:25.874,2176292,5.693,6.244,5.878,-0.403,2.250,-1.082,-64.650,-7.800,-56.100,36.0
16:09:25.934,2176346,5.851,5.820,5.564,-0.593,2.327,-1.042,-83.250,28.800,-2.250,36.0
16:09:25.994,2176400,3.910,5.914,6.960,-0.679,2.361,-0.946,-83.250,28.800,-2.250,36.0
16:09:26.055,2176454,2.837,5.959,7.348,-0.503,2.389,-0.813,-73.200,37.650,21.300,36.0
16:09:26.114,2176508,1.283,5.777,7.671,-0.443,2.343,-0.719,-73.200,37.650,21.300,36.0
16:09:26.174,2176562,0.546,4.946,7.151,-0.463,2.229,-0.511,-60.150,41.100,39.600,36.0
16:09:26.236,2176616,-0.979,5.088,7.566,-0.481,2.033,-0.442,-60.150,41.100,39.600,35.9
16:09:26.295,2176670,-1.829,4.966,6.170,-0.383,1.761,-0.407,-42.450,43.650,52.950,36.0
16:09:26.356,2176724,-2.861,3.615,7.958,-0.126,1.561,-0.351,-26.400,40.950,60.600,36.0
16:09:26.356,2176778,-3.649,4.930,6.330,-0.162,1.268,-0.216,-26.400,40.950,60.600,36.2
16:09:26.413,2176832,-4.276,3.970,6.522,-0.268,1.103,-0.158,-26.400,40.950,60.600,36.0
16:09:26.476,2176886,-5.097,4.257,6.062,-0.058,0.804,-0.160,-26.400,40.950,60.600,35.8
16:09:26.533,2176940,-5.009,4.017,5.361,0.294,0.561,-0.133,-26.400,40.950,60.600,36.0
16:09:26.596,2176994,-5.760,4.350,6.531,0.184,0.269,-0.091,-26.400,40.950,60.600,35.9
16:09:26.654,2177048,-5.765,4.348,6.002,0.202,0.007,0.011,-1.050,40.500,63.150,35.7
16:09:26.717,2177102,-5.545,4.427,6.527,-0.117,-0.036,-0.031,-1.050,40.500,63.150,35.6
16:09:26.774,2177156,-5.509,4.427,7.175,-0.274,-0.003,-0.031,-0.300,42.150,63.600,36.0
16:09:26.835,2177210,-5.660,4.374,6.366,-0.028,0.000,0.053,-0.300,42.150,63.600,36.0
16:09:26.896,2177264,-5.638,4.659,6.656,0.037,-0.172,0.141,-1.650,39.900,64.500,36.0
16:09:26.896,2177318,-5.353,4.537,5.804,-0.105,-0.400,0.172,-1.650,39.900,64.500,36.0
16:09:26.956,2177372,-5.121,4.312,6.586,-0.299,-0.614,0.268,-3.450,39.150,63.750,36.0
16:09:27.016,2177426,-4.609,3.955,6.239,0.184,-0.829,0.270,-9.600,39.000,62.850,36.0
16:09:27.076,2177480,-4.049,4.185,5.918,0.456,-1.022,0.348,-9.600,39.000,62.850,36.0
16:09:27.135,2177534,-3.752,4.899,6.984,0.408,-1.235,0.525,-9.600,39.000,62.850,35.9
16:09:27.193,2177588,-2.768,5.255,6.395,0.256,-1.359,0.607,-9.600,39.000,62.850,35.8
16:09:27.256,2177642,-1.856,5.169,6.716,0.230,-1.476,0.618,-34.050,41.550,56.100,36.0
16:09:27.316,2177696,-1.346,5.025,7.635,0.648,-1.558,0.646,-34.050,41.550,56.100,36.1
16:09:27.374,2177750,-0.172,6.072,6.517,0.408,-1.633,0.678,-47.250,42.900,48.600,36.0
16:09:27.434,2177804,0.658,7.032,8.595,0.193,-1.740,0.768,-47.250,42.900,48.600,36.0
16:09:27.434,2177858,1.899,5.318,6.179,0.339,-1.663,0.718,-61.800,40.500,38.700,36.0
16:09:27.496,2177912,2.531,6.115,7.429,0.175,-1.694,0.665,-61.800,40.500,38.700,36.0
16:09:27.554,2177966,2.567,6.244,7.961,0.389,-1.759,0.682,-72.900,35.550,25.200,36.0
16:09:27.616,2178020,5.013,5.739,4.571,0.206,-1.676,0.635,-80.400,30.150,9.750,35.5
16:09:27.676,2178074,5.533,6.498,7.563,0.012,-1.618,0.581,-80.400,30.150,9.750,35.5
16:09:27.736,2178128,5.576,5.911,6.129,0.009,-1.505,0.646,-85.950,21.600,-5.400,36.0
16:09:27.794,2178182,7.178,6.076,4.061,0.283,-1.277,0.581,-85.950,21.600,-5.400,36.0
16:09:27.854,2178236,6.677,6.565,6.800,0.361,-1.221,0.621,-85.950,21.600,-5.400,35.8
16:09:27.914,2178290,7.307,6.179,3.591,0.414,-0.978,0.541,-85.950,21.600,-5.400,36.0
16:09:27.976,2178344,7.645,5.672,4.954,0.190,-0.969,0.564,-83.100,8.850,-29.550,35.9
16:09:27.978,2178398,7.939,6.189,3.510,0.098,-0.780,0.389,-83.100,8.850,-29.550,36.0
16:09:28.034,2178452,7.867,5.488,3.721,0.008,-0.753,0.371,-78.750,2.850,-37.800,36.0
16:09:28.093,2178506,8.246,5.382,2.765,0.140,-0.636,0.288,-78.750,2.850,-37.800,36.0
16:09:28.155,2178560,8.320,5.167,2.691,0.284,-0.541,0.312,-76.200,0.150,-43.200,35.9
16:09:28.214,2178614,8.114,4.922,2.162,0.270,-0.535,0.197,-75.450,-6.300,-48.000,35.9
16:09:28.276,2178668,8.222,4.602,2.119,0.162,-0.516,0.204,-75.450,-6.300,-48.000,35.9
16:09:28.334,2178722,8.641,4.906,1.882,0.106,-0.485,0.266,-70.050,-5.400,-51.450,36.0
16:09:28.396,2178776,8.705,4.590,1.255,0.181,-0.432,0.239,-70.050,-5.400,-51.450,35.8
16:09:28.456,2178830,8.827,4.391,1.037,0.164,-0.393,0.228,-70.050,-5.400,-51.450,36.0
16:09:28.516,2178884,8.614,4.599,1.223,0.065,-0.361,0.169,-70.050,-5.400,-51.450,36.0
16:09:28.517,2178938,8.662,4.257,0.168,-0.002,-0.386,0.151,-70.050,-5.400,-51.450,35.9
16:09:28.574,2178992,8.923,4.192,0.587,-0.013,-0.379,0.151,-70.050,-5.400,-51.450,35.5
16:09:28.633,2179046,8.751,4.209,0.326,0.086,-0.339,0.135,-63.900,-13.200,-58.950,36.0
16:09:28.696,2179100,8.880,4.199,0.304,0.091,-0.332,0.141,-63.900,-13.200,-58.950,35.8
16:09:28.756,2179154,8.942,3.888,-0.163,0.031,-0.347,0.136,-60.150,-18.750,-63.300,36.0
16:09:28.814,2179208,8.892,4.053,-0.127,0.033,-0.365,0.174,-60.150,-18.750,-63.300,36.0
16:09:28.875,2179262,8.950,3.383,-0.749,0.203,-0.277,0.153,-56.550,-17.700,-64.350,35.9
16:09:28.936,2179316,8.909,3.740,-0.752,0.251,-0.224,0.148,-53.550,-21.600,-64.950,36.0
16:09:28.994,2179370,9.012,3.692,-0.484,0.177,-0.238,0.128,-53.550,-21.600,-64.950,36.0
16:09:29.056,2179424,9.041,4.140,-0.467,-0.078,-0.203,0.094,-53.250,-21.150,-66.450,35.8
16:09:29.058,2179478,9.060,3.376,-1.152,-0.069,-0.131,0.060,-53.250,-21.150,-66.450,35.8
16:09:29.114,2179532,9.026,3.474,-0.874,-0.018,-0.188,0.065,-53.250,-21.150,-66.450,36.0
16:09:29.176,2179586,9.151,4.003,-0.857,0.061,-0.102,-0.004,-53.250,-21.150,-66.450,36.0
16:09:29.236,2179640,9.220,4.017,-0.192,-0.004,0.027,-0.066,-53.250,-21.150,-66.450,35.9
16:09:29.294,2179694,9.507,4.180,0.156,-0.041,0.264,-0.181,-53.250,-21.150,-66.450,35.9
16:09:29.356,2179748,10.211,4.949,0.862,-0.787,0.901,-0.510,-51.900,-19.800,-68.850,36.0
16:09:29.416,2179802,10.022,5.234,1.238,-1.114,1.569,-0.728,-51.900,-19.800,-68.850,36.1
16:09:29.476,2179856,9.658,4.750,2.696,-1.078,1.915,-0.916,-60.450,-10.950,-62.700,36.1
16:09:29.536,2179910,9.522,5.768,3.117,-0.885,2.308,-0.951,-73.200,2.100,-49.050,35.5
16:09:29.594,2179964,9.103,5.653,4.310,-0.844,2.530,-0.964,-73.200,2.100,-49.050,35.9
16:09:29.594,2180018,7.760,6.031,5.143,-0.715,2.725,-0.941,-83.100,13.800,-25.950,36.3
16:09:29.656,2180072,6.993,5.444,6.165,-0.677,2.823,-0.876,-83.100,13.800,-25.950,36.0
16:09:29.717,2180126,6.361,5.282,6.088,-0.866,2.981,-0.826,-83.700,25.500,1.050,36.1
16:09:29.774,2180180,3.555,5.375,7.156,-0.827,2.781,-0.709,-83.700,25.500,1.050,36.0
16:09:29.836,2180234,3.273,3.469,6.124,-0.914,2.689,-0.410,-73.950,31.500,28.950,35.9
16:09:29.896,2180288,0.654,4.513,7.446,-0.941,2.453,-0.342,-73.950,31.500,28.950,36.0
16:09:29.956,2180342,-0.122,3.457,6.948,-0.532,2.121,-0.329,-73.950,31.500,28.950,35.9
16:09:30.013,2180396,-0.709,3.735,6.838,-0.165,1.789,-0.342,-73.950,31.500,28.950,35.9
16:09:30.074,2180450,-1.968,3.481,7.137,0.030,1.573,-0.333,-38.850,29.100,61.200,35.8
16:09:30.137,2180504,-2.880,3.912,7.501,0.021,1.296,-0.347,-38.850,29.100,61.200,36.0
16:09:30.139,2180558,-3.651,3.491,7.408,0.068,1.073,-0.393,-25.050,30.300,64.050,36.0
16:09:30.194,2180612,-4.434,3.685,7.214,0.155,0.944,-0.414,-13.950,29.850,66.300,36.0
16:09:30.254,2180666,-5.133,2.710,6.668,0.539,0.695,-0.285,-13.950,29.850,66.300,35.6
16:09:30.316,2180720,-5.689,3.785,6.721,0.461,0.457,-0.187,-6.300,35.850,66.450,36.0
16:09:30.374,2180774,-5.619,3.467,5.859,0.029,0.191,-0.155,-6.300,35.850,66.450,36.0
16:09:30.434,2180828,-5.382,2.816,7.400,0.002,0.114,-0.096,-4.200,37.200,65.250,36.2
16:09:30.494,2180882,-5.741,4.573,7.728,0.100,-0.066,0.002,-4.200,37.200,65.250,35.7
16:09:30.556,2180936,-5.691,4.085,6.651,0.099,-0.088,0.038,-4.200,37.200,65.250,35.9
16:09:30.614,2180990,-5.631,4.243,7.764,-0.014,-0.121,0.072,-4.200,37.200,65.250,35.8
16:09:30.674,2181044,-5.107,3.019,6.199,-0.011,-0.205,0.097,-4.200,37.200,65.250,36.0
16:09:30.675,2181098,-5.325,3.797,6.823,0.096,-0.362,0.126,-4.200,37.200,65.250,36.0
16:09:30.734,2181152,-5.035,3.783,6.328,0.177,-0.598,0.098,-6.300,35.100,65.400,36.0
16:09:30.794,2181206,-4.750,4.254,6.953,0.157,-0.846,0.193,-12.150,38.250,62.100,36.0
16:09:30.856,2181260,-3.960,3.989,6.053,0.061,-1.041,0.308,-12.150,38.250,62.100,36.0
16:09:30.914,2181314,-3.795,3.603,7.013,0.210,-1.268,0.382,-21.750,37.950,60.750,36.0
16:09:31.036,2181368,-2.761,4.207,6.328,0.642,-1.504,0.496,-21.750,37.950,60.750,35.9
16:09:31.036,2181422,-1.525,3.989,6.117,0.591,-1.661,0.655,-36.300,41.550,56.100,36.1
16:09:31.096,2181476,-0.752,5.763,8.964,0.247,-1.745,0.701,-36.300,41.550,56.100,36.0
16:09:31.156,2181530,0.201,4.475,6.440,0.470,-1.731,0.631,-51.000,42.450,47.400,36.2
16:09:31.214,2181584,0.917,5.071,6.596,0.585,-1.711,0.657,-51.000,42.450,47.400,36.0
16:09:31.214,2181638,1.920,7.839,8.246,0.244,-1.684,0.742,-51.000,42.450,47.400,36.0
16:09:31.273,2181692,2.770,6.256,7.408,0.208,-1.649,0.743,-51.000,42.450,47.400,35.9
16:09:31.333,2181746,3.450,4.982,6.225,0.352,-1.610,0.667,-75.900,35.550,21.900,36.0
16:09:31.393,2181800,4.511,6.594,7.168,0.380,-1.570,0.649,-81.900,30.450,6.450,35.9
16:09:31.453,2181854,5.193,6.948,6.812,0.374,-1.546,0.670,-81.900,30.450,6.450,35.5
16:09:31.513,2181908,5.760,5.883,5.250,0.233,-1.407,0.609,-84.900,23.100,-7.650,36.0
16:09:31.573,2181962,6.936,6.050,6.938,0.224,-1.362,0.612,-84.900,23.100,-7.650,36.0
16:09:31.633,2182016,6.855,5.720,4.429,0.756,-1.098,0.400,-85.500,15.150,-21.300,36.0
16:09:31.693,2182070,7.173,5.871,4.104,0.313,-1.170,0.535,-85.500,15.150,-21.300,36.0
16:09:31.753,2182124,8.016,6.359,4.451,-0.031,-1.051,0.569,-83.100,7.650,-32.850,36.0
16:09:31.754,2182178,8.150,5.011,3.347,-0.107,-0.947,0.423,-83.100,7.650,-32.850,35.9
16:09:31.813,2182232,8.210,5.538,3.096,0.016,-0.778,0.339,-76.500,3.600,-42.150,36.0
16:09:31.873,2182286,7.906,5.191,3.151,0.072,-0.747,0.355,-76.500,3.600,-42.150,35.8
16:09:31.933,2182340,8.313,5.066,2.389,0.140,-0.652,0.308,-76.500,3.600,-42.150,35.9
16:09:31.994,2182394,8.442,4.920,2.401,0.046,-0.657,0.305,-76.500,3.600,-42.150,36.0
16:09:32.053,2182448,8.648,4.867,1.585,0.091,-0.519,0.274,-69.450,-4.800,-53.100,35.9
16:09:32.113,2182502,8.435,4.305,1.566,0.123,-0.535,0.242,-66.000,-8.700,-58.200,35.9
16:09:32.173,2182556,8.854,4.492,0.879,0.169,-0.487,0.242,-66.000,-8.700,-58.200,36.0
16:09:32.233,2182610,8.796,4.355,0.912,0.264,-0.456,0.250,-61.950,-10.950,-58.950,36.0
16:09:32.293,2182664,8.868,4.233,0.754,0.325,-0.422,0.220,-61.950,-10.950,-58.950,36.0
16:09:32.294,2182718,8.892,3.955,0.273,0.177,-0.424,0.214,-59.250,-15.450,-63.600,35.8
16:09:32.353,2182772,9.088,4.022,0.792,0.078,-0.405,0.171,-59.250,-15.450,-63.600,35.4
16:09:32.413,2182826,9.048,3.859,-0.093,0.129,-0.350,0.159,-56.400,-16.350,-64.050,35.5
16:09:32.476,2182880,9.079,3.847,-0.429,0.158,-0.306,0.172,-56.400,-16.350,-64.050,36.1
16:09:32.536,2182934,9.084,3.773,-0.359,0.177,-0.304,0.181,-53.100,-19.800,-67.350,35.8
16:09:32.596,2182988,8.830,3.783,-0.493,0.209,-0.292,0.143,-53.100,-19.800,-67.350,36.0
16:09:32.656,2183042,9.060,3.764,-0.761,0.090,-0.202,0.094,-53.100,-19.800,-67.350,36.0
16:09:32.714,2183096,8.832,3.371,-1.130,0.127,-0.195,0.070,-50.100,-22.200,-69.150,36.0
16:09:32.774,2183150,9.069,3.761,-1.068,0.082,-0.133,0.026,-50.100,-22.200,-69.150,36.0
16:09:32.834,2183204,9.297,3.879,-0.345,-0.091,-0.009,-0.071,-47.250,-23.550,-67.950,36.0
16:09:32.835,2183258,9.450,4.293,-0.479,-0.323,0.280,-0.248,-47.250,-23.550,-67.950,35.5
16:09:32.894,2183312,9.821,4.398,0.900,-0.757,0.690,-0.458,-48.150,-19.050,-68.550,35.5
16:09:32.954,2183366,9.720,4.353,1.199,-0.929,1.074,-0.575,-48.150,-19.050,-68.550,36.0
16:09:33.016,2183420,9.550,4.966,1.923,-0.767,1.482,-0.653,-57.300,-10.800,-65.400,36.0
16:09:33.076,2183474,9.524,5.552,3.038,-0.564,1.883,-0.813,-57.300,-10.800,-65.400,36.0
16:09:33.134,2183528,9.452,5.741,3.960,-0.707,2.231,-0.954,-67.950,-1.350,-53.550,36.0
16:09:33.193,2183582,8.818,5.856,4.482,-0.808,2.379,-1.042,-67.950,-1.350,-53.550,35.8
16:09:33.255,2183636,7.688,5.849,5.042,-0.774,2.515,-1.029,-79.800,11.700,-34.050,36.0
16:09:33.316,2183690,6.809,5.851,6.045,-0.696,2.510,-1.013,-79.800,11.700,-34.050,36.3
16:09:33.376,2183744,5.562,5.179,6.412,-0.758,2.579,-0.965,-79.800,11.700,-34.050,35.8
16:09:33.376,2183798,4.252,5.286,6.299,-0.484,2.519,-0.814,-78.000,32.550,16.950,35.5
16:09:33.436,2183852,3.278,5.432,7.281,-0.417,2.359,-0.654,-78.000,32.550,16.950,35.9
16:09:33.496,2183906,1.293,4.987,7.542,-0.365,2.155,-0.554,-64.800,36.600,36.150,36.0
16:09:33.556,2183960,0.321,4.053,7.211,-0.197,1.928,-0.553,-64.800,36.600,36.150,35.8
16:09:33.614,2184014,-0.974,4.733,7.762,-0.034,1.634,-0.485,-49.050,39.750,48.150,36.0
16:09:33.674,2184068,-1.800,4.678,7.187,-0.080,1.424,-0.416,-49.050,39.750,48.150,35.9
16:09:33.734,2184122,-2.686,4.226,7.137,-0.419,1.142,-0.371,-36.600,39.600,55.650,36.0
16:09:33.796,2184176,-3.187,3.670,6.661,-0.179,0.912,-0.355,-36.600,39.600,55.650,36.0
16:09:33.856,2184230,-3.481,4.178,7.254,-0.031,0.674,-0.277,-24.300,38.850,59.400,35.8
16:09:33.916,2184284,-4.190,4.140,7.446,0.050,0.463,-0.196,-24.300,38.850,59.400,35.9
16:09:33.918,2184338,-4.621,3.445,7.216,0.095,0.379,-0.156,-24.300,38.850,59.400,35.6
16:09:33.973,2184392,-4.714,4.295,7.276,-0.081,0.179,-0.067,-14.700,39.900,62.700,36.0
16:09:34.036,2184446,-4.812,3.529,5.839,0.109,0.063,-0.033,-14.700,39.900,62.700,36.0
16:09:34.096,2184500,-4.369,4.741,7.807,0.183,-0.108,0.115,-13.650,39.300,61.050,36.1
16:09:34.156,2184554,-4.298,4.621,7.975,-0.015,-0.157,0.111,-13.650,39.300,61.050,35.8
16:09:34.216,2184608,-4.501,4.120,7.736,-0.211,-0.130,0.055,-15.450,40.350,61.500,36.0
16:09:34.274,2184662,-4.609,4.477,8.112,-0.018,-0.038,0.004,-15.450,40.350,61.500,36.0
16:09:34.336,2184716,-4.599,4.738,7.439,0.245,0.022,0.059,-17.250,37.200,61.500,35.7
16:09:34.394,2184770,-4.357,4.511,7.015,0.076,-0.021,0.107,-17.250,37.200,61.500,35.8
16:09:34.456,2184824,-4.432,4.688,6.883,0.035,-0.224,0.156,-17.400,40.500,61.050,36.0
16:09:34.516,2184878,-3.979,3.694,5.887,0.302,-0.553,0.203,-17.400,40.500,61.050,36.0
16:09:34.518,2184932,-3.675,4.618,7.183,0.298,-0.893,0.282,-19.500,42.300,58.200,36.0
16:09:34.576,2184986,-3.359,4.116,6.139,0.306,-1.222,0.374,-19.500,42.300,58.200,36.0
16:09:34.636,2185040,-2.215,3.728,6.189,0.301,-1.483,0.435,-19.500,42.300,58.200,36.0
16:09:34.696,2185094,-1.384,5.047,7.800,0.242,-1.661,0.512,-42.750,44.400,51.450,36.0
16:09:34.753,2185148,-0.175,5.212,7.594,0.333,-1.713,0.673,-42.750,44.400,51.450,35.9
16:09:34.814,2185202,1.202,5.052,7.561,0.544,-1.695,0.764,-57.750,42.150,40.950,36.0
16:09:34.874,2185256,1.595,6.457,8.380,0.431,-1.678,0.800,-57.750,42.150,40.950,35.9
16:09:34.933,2185310,2.753,6.699,6.981,0.489,-1.583,0.797,-69.600,39.000,28.050,36.1
16:09:35.056,2185364,3.306,6.443,8.310,0.302,-1.594,0.754,-69.600,39.000,28.050,36.0
16:09:35.058,2185418,4.310,6.642,6.285,0.261,-1.492,0.712,-79.500,34.500,13.650,36.0
16:09:35.058,2185472,4.808,6.242,7.427,0.300,-1.468,0.657,-79.500,34.500,13.650,35.8
16:09:35.116,2185526,5.476,6.155,5.442,0.371,-1.409,0.583,-83.100,26.250,-0.600,36.0
16:09:35.176,2185580,6.613,5.897,6.196,0.200,-1.284,0.563,-83.100,26.250,-0.600,36.0
16:09:35.236,2185634,6.256,6.359,5.507,0.148,-1.332,0.488,-84.750,19.800,-13.650,36.0
16:09:35.296,2185688,7.405,4.752,3.912,0.126,-1.135,0.466,-84.750,19.800,-13.650,35.5
16:09:35.353,2185742,7.441,6.290,4.836,-0.012,-1.119,0.398,-84.750,19.800,-13.650,36.2
16:09:35.414,2185796,7.841,5.397,4.180,0.039,-0.976,0.451,-80.250,8.250,-37.050,35.9
16:09:35.474,2185850,7.882,5.306,2.914,0.052,-0.831,0.375,-80.250,8.250,-37.050,36.0
16:09:35.536,2185904,7.987,5.296,3.534,0.248,-0.818,0.341,-76.200,3.600,-44.700,36.0
16:09:35.537,2185958,8.346,5.121,2.447,0.427,-0.633,0.313,-76.200,3.600,-44.700,35.9
16:09:35.596,2186012,8.420,4.846,2.526,0.360,-0.593,0.302,-72.600,-0.750,-50.400,36.0
16:09:35.656,2186066,8.516,5.016,1.872,0.264,-0.547,0.293,-72.600,-0.750,-50.400,36.0
16:09:35.714,2186120,8.396,4.769,2.105,0.247,-0.474,0.268,-68.550,-4.950,-55.200,35.8
16:09:35.774,2186174,8.492,4.786,1.152,0.141,-0.461,0.310,-68.550,-4.950,-55.200,35.8
16:09:35.834,2186228,8.748,4.520,1.657,0.063,-0.486,0.297,-64.200,-8.250,-57.150,36.0
16:09:35.895,2186282,9.105,4.041,0.699,0.256,-0.474,0.301,-64.200,-8.250,-57.150,36.0
16:09:35.953,2186336,8.851,4.065,0.153,0.300,-0.354,0.318,-64.200,-8.250,-57.150,35.8
16:09:36.013,2186390,9.069,3.788,0.017,0.179,-0.402,0.273,-55.500,-15.450,-63.600,35.8
16:09:36.075,2186444,8.966,3.948,-0.196,0.134,-0.349,0.249,-55.500,-15.450,-63.600,36.0
16:09:36.076,2186498,8.973,3.843,-0.113,0.178,-0.355,0.200,-53.700,-18.750,-64.050,36.2
16:09:36.135,2186552,8.942,3.943,-0.151,0.170,-0.337,0.152,-53.700,-18.750,-64.050,36.0
16:09:36.193,2186606,9.278,3.982,-0.546,0.024,-0.315,0.116,-50.550,-21.150,-65.400,35.3
16:09:36.255,2186660,9.177,3.716,-0.625,-0.077,-0.262,0.070,-50.550,-21.150,-65.400,35.8
16:09:36.315,2186714,9.103,3.658,-0.407,-0.069,-0.272,0.048,-49.050,-20.850,-69.000,36.0
16:09:36.373,2186768,9.191,3.594,-0.848,0.054,-0.227,0.034,-49.050,-20.850,-69.000,36.0
16:09:36.435,2186822,9.431,3.792,-0.225,0.015,-0.060,0.026,-48.000,-21.600,-68.250,36.3
16:09:36.493,2186876,9.421,3.323,-0.493,0.005,0.303,-0.102,-48.000,-21.600,-68.250,36.0
16:09:36.553,2186930,10.190,5.143,1.152,-0.414,0.646,-0.450,-48.000,-21.600,-68.250,35.9
16:09:36.615,2186984,10.104,5.650,1.992,-0.971,1.320,-0.799,-54.000,-15.450,-65.700,36.0
16:09:36.615,2187038,9.759,5.286,1.528,-1.215,1.673,-1.072,-54.000,-15.450,-65.700,36.1
16:09:36.675,2187092,9.210,6.112,2.768,-1.150,2.053,-1.061,-66.600,-1.500,-57.750,36.0
16:09:36.735,2187146,9.050,5.521,3.381,-0.731,2.253,-1.092,-66.600,-1.500,-57.750,35.9
16:09:36.793,2187200,8.150,6.282,4.721,-0.553,2.416,-1.029,-78.750,12.150,-38.550,36.0
16:09:36.855,2187254,7.578,5.708,5.344,-0.490,2.531,-0.992,-78.750,12.150,-38.550,36.0
16:09:36.913,2187308,6.383,5.657,6.342,-0.731,2.545,-0.953,-81.900,25.050,-15.600,35.9
16:09:36.973,2187362,5.078,5.993,6.579,-0.829,2.530,-0.881,-81.900,25.050,-15.600,35.5
16:09:37.035,2187416,4.041,5.636,7.645,-0.695,2.582,-0.829,-80.100,33.900,10.200,36.0
16:09:37.093,2187470,2.334,5.454,7.549,-0.839,2.455,-0.770,-80.100,33.900,10.200,36.1
16:09:37.155,2187524,0.769,4.774,7.080,-0.640,2.336,-0.666,-68.100,37.800,33.150,36.0
16:09:37.156,2187578,-0.385,4.233,7.250,-0.487,2.099,-0.509,-68.100,37.800,33.150,35.6
16:09:37.213,2187632,-1.717,3.886,6.800,-0.245,1.756,-0.365,-68.100,37.800,33.150,35.8
16:09:37.273,2187686,-2.521,3.728,7.456,-0.169,1.414,-0.318,-32.700,38.550,57.750,36.0
16:09:37.333,2187740,-3.409,3.543,7.654,-0.123,1.082,-0.334,-32.700,38.550,57.750,36.0
16:09:37.395,2187794,-3.790,3.512,7.609,-0.217,0.872,-0.316,-22.500,36.450,63.000,36.0
16:09:37.455,2187848,-3.958,3.838,7.611,-0.248,0.732,-0.262,-22.500,36.450,63.000,36.2
16:09:37.515,2187902,-5.069,3.136,7.884,-0.162,0.666,-0.215,-11.550,35.550,64.350,36.0
16:09:37.573,2187956,-5.555,3.127,6.280,0.030,0.668,-0.149,-11.550,35.550,64.350,36.1
16:09:37.635,2188010,-5.643,3.452,6.740,0.109,0.555,-0.084,-4.950,35.250,64.800,36.0
16:09:37.695,2188064,-5.765,3.788,6.304,0.104,0.399,-0.044,-4.950,35.250,64.800,35.4
16:09:37.696,2188118,-5.820,3.261,7.178,0.043,0.253,-0.120,-1.800,35.100,64.350,36.0
16:09:37.753,2188172,-5.923,3.608,6.912,0.066,0.149,-0.137,-1.800,35.100,64.350,36.0
16:09:37.814,2188226,-5.971,3.682,6.548,0.067,0.010,-0.085,-1.800,35.100,64.350,36.1
16:09:37.875,2188280,-5.974,3.510,6.620,-0.046,0.033,-0.008,-1.800,35.100,64.350,36.1
16:09:37.935,2188334,-6.266,3.529,7.738,0.016,0.005,-0.022,-1.800,35.100,64.350,36.0
16:09:37.993,2188388,-5.981,3.886,6.914,0.064,0.014,-0.000,2.550,35.850,64.950,35.9
16:09:38.055,2188442,-6.249,3.419,6.986,-0.102,0.076,-0.013,2.550,35.850,64.950,35.8
16:09:38.113,2188496,-5.871,3.591,6.548,-0.017,0.068,0.053,3.300,35.550,64.950,35.8
16:09:38.175,2188550,-6.328,3.694,6.424,0.103,-0.116,0.075,3.300,35.550,64.950,35.4
16:09:38.235,2188604,-5.995,3.510,5.753,0.038,-0.375,0.108,2.550,34.800,63.900,36.0
16:09:38.235,2188658,-5.607,3.010,6.122,0.129,-0.641,0.119,2.550,34.800,63.900,36.1
16:09:38.293,2188712,-4.956,3.361,6.117,0.326,-1.060,0.189,-2.400,35.250,63.750,36.0
16:09:38.353,2188766,-4.681,3.266,6.000,0.396,-1.302,0.303,-2.400,35.250,63.750,35.7
16:09:38.413,2188820,-3.838,4.008,6.637,0.605,-1.645,0.415,-11.100,40.200,61.650,36.0
16:09:38.474,2188874,-2.782,4.173,6.426,0.275,-1.744,0.563,-11.100,40.200,61.650,35.5
16:09:38.535,2188928,-1.994,4.530,8.124,0.427,-1.772,0.630,-11.100,40.200,61.650,36.1
16:09:38.595,2188982,-1.164,5.638,7.403,0.551,-1.805,0.651,-44.250,44.850,48.900,35.5
16:09:38.655,2189036,0.225,5.598,7.633,0.497,-1.705,0.711,-44.250,44.850,48.900,35.7
16:09:38.715,2189090,0.761,5.622,9.278,0.063,-1.794,0.743,-59.850,44.400,39.000,36.0
16:09:38.774,2189144,1.808,5.636,7.058,0.408,-1.723,0.693,-59.850,44.400,39.000,36.0
16:09:38.774,2189198,3.017,5.550,7.989,0.541,-1.745,0.718,-71.700,40.350,25.650,36.0
16:09:38.835,2189252,3.824,6.515,7.616,0.670,-1.718,0.758,-71.700,40.350,25.650,35.9
16:09:38.893,2189306,4.226,5.119,6.517,0.626,-1.711,0.774,-79.050,33.750,8.550,36.0
16:09:38.953,2189360,5.641,6.831,5.988,0.088,-1.712,0.764,-79.050,33.750,8.550,36.0
16:09:39.013,2189414,6.072,5.916,6.929,0.359,-1.716,0.774,-79.050,33.750,8.550,36.1
16:09:39.075,2189468,7.731,5.914,4.099,0.300,-1.463,0.725,-79.050,33.750,8.550,36.0
16:09:39.134,2189522,7.831,5.483,5.710,0.330,-1.293,0.655,-79.050,33.750,8.550,35.5
16:09:39.193,2189576,8.009,6.208,4.472,0.177,-1.199,0.520,-79.500,10.200,-36.000,35.9
16:09:39.253,2189630,8.056,4.824,2.859,0.136,-0.936,0.472,-79.500,10.200,-36.000,36.3
16:09:39.313,2189684,7.949,4.554,3.663,0.358,-0.917,0.409,-75.900,4.500,-45.300,36.0
16:09:39.315,2189738,8.301,4.975,2.564,0.492,-0.861,0.395,-75.900,4.500,-45.300,36.0
16:09:39.373,2189792,8.363,4.920,1.963,0.339,-0.772,0.435,-69.300,-1.500,-53.250,36.1
16:09:39.433,2189846,8.686,4.441,1.968,0.370,-0.735,0.357,-69.300,-1.500,-53.250,36.0
16:09:39.493,2189900,8.677,4.743,0.979,0.373,-0.702,0.339,-64.950,-7.050,-59.400,36.0
16:09:39.553,2189954,9.064,4.298,0.857,0.207,-0.607,0.349,-64.950,-7.050,-59.400,35.5
16:09:39.615,2190008,8.842,4.434,0.417,0.148,-0.614,0.321,-61.950,-10.500,-63.000,35.7
16:09:39.673,2190062,9.033,3.960,-0.194,0.278,-0.543,0.277,-61.950,-10.500,-63.000,35.9
16:09:39.734,2190116,9.045,4.219,0.129,0.222,-0.487,0.226,-61.950,-10.500,-63.000,36.2
16:09:39.793,2190170,9.165,3.991,-0.484,0.109,-0.425,0.163,-49.500,-18.150,-68.250,36.0
16:09:39.854,2190224,9.273,4.041,-0.239,-0.016,-0.321,0.120,-49.500,-18.150,-68.250,36.0
16:09:39.855,2190278,9.141,3.067,-0.680,-0.212,-0.195,0.110,-48.000,-17.400,-68.700,35.9
16:09:39.913,2190332,8.899,3.409,-0.292,-0.003,-0.124,0.057,-48.000,-17.400,-68.700,36.1
16:09:39.974,2190386,8.928,3.594,-0.766,0.116,-0.167,0.061,-47.850,-19.500,-69.600,35.9
16:09:40.033,2190440,8.806,3.584,-0.769,0.132,-0.091,0.035,-47.850,-19.500,-69.600,35.7
16:09:40.093,2190494,9.474,4.357,-0.034,-0.252,0.029,-0.075,-46.350,-18.750,-71.100,35.6
16:09:40.153,2190548,9.395,4.302,-0.127,-0.769,0.307,-0.238,-46.350,-18.750,-71.100,36.0
16:09:40.215,2190602,9.601,4.618,0.958,-0.850,0.697,-0.483,-48.600,-16.800,-70.350,35.9
16:09:40.274,2190656,9.744,5.167,1.185,-0.803,1.164,-0.669,-48.600,-16.800,-70.350,36.0
16:09:40.333,2190710,9.838,4.994,2.394,-0.960,1.652,-0.801,-54.000,-8.400,-68.250,36.0
16:09:40.393,2190764,9.816,5.143,2.945,-0.948,2.047,-0.917,-54.000,-8.400,-68.250,35.9
16:09:40.394,2190818,9.050,5.698,4.082,-0.982,2.337,-0.936,-54.000,-8.400,-68.250,35.6
16:09:40.453,2190872,8.229,5.578,4.470,-0.847,2.576,-0.940,-78.600,16.950,-37.650,35.9
16:09:40.513,2190926,7.161,5.490,5.899,-0.511,2.694,-0.860,-78.600,16.950,-37.650,35.8
16:09:40.574,2190980,5.969,5.686,6.100,-0.358,2.830,-0.870,-82.800,26.850,-13.200,36.0
16:09:40.635,2191034,4.779,5.270,7.003,-0.414,2.739,-0.810,-82.800,26.850,-13.200,36.0
16:09:40.755,2191088,3.689,5.258,7.235,-0.443,2.691,-0.767,-77.850,35.850,14.250,36.0
16:09:40.756,2191142,1.810,4.398,6.735,-0.551,2.500,-0.698,-77.850,35.850,14.250,35.9
16:09:40.814,2191196,0.613,5.045,6.594,-0.357,2.234,-0.493,-62.400,40.650,36.600,35.8
16:09:40.873,2191250,-0.457,4.427,7.470,-0.275,2.054,-0.281,-62.400,40.650,36.600,35.9
16:09:40.933,2191304,-1.796,4.743,7.937,-0.049,1.765,-0.287,-46.350,41.550,50.250,35.9
16:09:40.934,2191358,-2.504,4.319,7.958,0.276,1.534,-0.336,-46.350,41.550,50.250,36.0
16:09:40.995,2191412,-3.074,5.516,7.312,0.070,1.403,-0.407,-46.350,41.550,50.250,35.6
16:09:41.055,2191466,-3.931,4.515,7.927,-0.078,1.175,-0.353,-46.350,41.550,50.250,36.0
16:09:41.114,2191520,-4.645,5.009,6.802,-0.165,0.964,-0.355,-46.350,41.550,50.250,35.9
16:09:41.175,2191574,-5.363,3.917,5.952,-0.086,0.777,-0.381,-4.050,43.950,62.100,36.0
16:09:41.233,2191628,-5.533,4.503,6.488,0.025,0.628,-0.324,-4.050,43.950,62.100,36.1
16:09:41.293,2191682,-6.127,3.349,5.267,0.054,0.466,-0.188,1.650,42.600,61.500,36.0
16:09:41.354,2191736,-6.395,3.673,6.354,0.185,0.216,-0.082,1.650,42.600,61.500,35.8
16:09:41.413,2191790,-6.120,4.254,5.914,0.132,0.054,-0.029,5.100,43.200,61.350,36.0
16:09:41.474,2191844,-6.381,4.381,7.252,-0.114,-0.024,-0.032,5.100,43.200,61.350,35.9
16:09:41.474,2191898,-6.476,4.752,6.043,-0.168,-0.047,-0.116,6.450,43.050,61.200,35.9
16:09:41.533,2191952,-6.395,4.616,6.189,0.141,-0.021,-0.081,6.450,43.050,61.200,36.0
16:09:41.593,2192006,-6.385,4.391,6.424,0.305,-0.027,0.016,7.050,43.200,60.300,36.0
16:09:41.653,2192060,-6.483,4.398,5.291,0.133,-0.113,0.030,7.050,43.200,60.300,35.8
16:09:41.715,2192114,-6.076,3.893,5.660,0.264,-0.201,0.066,7.050,43.200,60.300,35.8
16:09:41.833,2192168,-5.753,4.575,5.748,0.223,-0.441,0.081,7.050,43.200,60.300,35.8
16:09:41.834,2192222,-5.590,3.833,5.868,0.252,-0.654,0.167,7.050,43.200,60.300,36.2
16:09:41.893,2192276,-5.380,4.585,6.349,0.080,-0.834,0.236,-1.200,48.000,59.700,36.0
16:09:41.953,2192330,-5.052,4.652,6.354,-0.005,-0.972,0.290,-1.200,48.000,59.700,35.5
16:09:42.013,2192384,-4.494,4.405,5.990,0.175,-1.129,0.390,-9.000,49.650,58.200,36.0
16:09:42.014,2192438,-4.173,5.030,6.984,0.352,-1.272,0.498,-9.000,49.650,58.200,36.1
16:09:42.073,2192492,-3.232,5.250,6.857,0.217,-1.362,0.578,-23.100,50.550,54.450,36.0
16:09:42.133,2192546,-2.933,4.951,8.212,0.407,-1.485,0.634,-23.100,50.550,54.450,35.8
16:09:42.193,2192600,-1.609,4.999,5.550,0.463,-1.506,0.720,-35.850,50.850,50.250,35.8
16:09:42.255,2192654,-0.524,6.325,8.844,0.324,-1.577,0.790,-49.350,51.900,41.100,36.0
16:09:42.313,2192708,0.278,6.479,7.942,0.311,-1.616,0.836,-49.350,51.900,41.100,36.1
16:09:42.373,2192762,1.516,6.220,6.907,0.418,-1.548,0.890,-49.350,51.900,41.100,36.0
16:09:42.433,2192816,1.788,7.223,7.843,0.404,-1.629,0.905,-49.350,51.900,41.100,36.0
16:09:42.493,2192870,2.974,5.820,4.970,0.455,-1.551,0.922,-76.350,41.700,16.350,35.8
16:09:42.553,2192924,4.408,6.115,5.531,0.713,-1.599,0.972,-76.350,41.700,16.350,36.0
16:09:42.554,2192978,5.447,8.401,8.188,0.571,-1.646,1.120,-80.850,33.900,0.000,36.0
16:09:42.615,2193032,6.019,6.457,4.195,-0.148,-1.532,1.067,-80.850,33.900,0.000,36.0
16:09:42.674,2193086,6.366,6.378,6.464,0.182,-1.482,0.999,-83.700,22.350,-13.800,35.8
16:09:42.733,2193140,6.776,6.227,3.543,0.488,-1.457,0.843,-83.700,22.350,-13.800,35.9
16:09:42.793,2193194,8.001,5.657,3.977,0.451,-1.288,0.907,-83.250,11.700,-29.700,36.0
16:09:42.853,2193248,8.437,5.495,3.613,0.084,-1.274,0.867,-77.550,2.100,-41.100,36.0
16:09:42.913,2193302,8.966,5.310,1.884,-0.006,-1.171,0.749,-77.550,2.100,-41.100,35.9
16:09:42.973,2193356,9.352,4.506,2.495,0.065,-1.111,0.669,-70.800,-6.450,-50.400,35.9
16:09:43.033,2193410,9.455,4.848,1.537,0.105,-0.932,0.568,-70.800,-6.450,-50.400,36.0
16:09:43.095,2193464,8.954,4.096,1.346,0.171,-0.760,0.456,-70.800,-6.450,-50.400,36.0
16:09:43.095,2193518,9.052,4.044,0.800,0.177,-0.700,0.419,-70.800,-6.450,-50.400,36.1
16:09:43.153,2193572,9.347,3.749,0.579,0.146,-0.641,0.429,-58.200,-17.550,-62.250,36.0
16:09:43.213,2193626,9.292,2.909,0.333,0.284,-0.556,0.413,-58.200,-17.550,-62.250,36.1
16:09:43.333,2193680,9.136,3.610,-0.577,0.538,-0.562,0.455,-53.550,-19.650,-65.700,36.0
16:09:43.335,2193734,9.522,2.772,-1.053,0.300,-0.463,0.411,-53.550,-19.650,-65.700,35.9
16:09:43.393,2193788,9.201,3.177,-0.551,0.131,-0.356,0.359,-48.150,-24.900,-67.800,35.8
16:09:43.453,2193842,9.081,2.672,-1.097,0.121,-0.313,0.344,-48.150,-24.900,-67.800,36.0
16:09:43.513,2193896,9.313,2.478,-0.998,0.125,-0.210,0.260,-42.750,-28.200,-68.250,36.0
16:09:43.574,2193950,9.620,2.409,-1.448,0.183,-0.145,0.234,-40.500,-29.700,-69.750,36.0
16:09:43.633,2194004,9.637,2.184,-1.310,0.007,-0.111,0.208,-40.500,-29.700,-69.750,35.9
16:09:43.634,2194058,9.328,2.337,-1.159,-0.034,-0.044,0.100,-37.500,-32.400,-70.200,36.0
16:09:43.693,2194112,9.505,2.164,-1.417,-0.017,-0.034,0.086,-37.500,-32.400,-70.200,36.0
16:09:43.753,2194166,9.436,2.588,-1.216,0.027,0.020,0.007,-37.500,-32.400,-70.200,36.0
16:09:43.813,2194220,9.708,2.674,-1.252,-0.033,0.038,-0.040,-37.500,-32.400,-70.200,36.0
16:09:43.873,2194274,9.627,3.508,0.292,-0.308,0.285,-0.304,-37.950,-31.200,-68.250,35.8
16:09:43.933,2194328,10.324,3.836,0.625,-0.841,0.858,-0.678,-37.950,-31.200,-68.250,35.9
16:09:43.993,2194382,10.590,3.895,1.166,-1.309,1.263,-1.035,-44.400,-25.650,-68.100,35.9
16:09:44.054,2194436,10.764,4.391,1.523,-1.409,1.806,-1.183,-44.400,-25.650,-68.100,35.9
16:09:44.113,2194490,10.350,4.434,2.124,-1.140,2.136,-1.213,-56.550,-12.300,-64.650,36.0
16:09:44.173,2194544,9.227,4.798,3.038,-0.731,2.319,-1.022,-71.250,3.600,-51.000,36.1
16:09:44.233,2194598,8.569,5.358,4.398,-0.488,2.458,-0.942,-71.250,3.600,-51.000,36.0
16:09:44.293,2194652,7.815,5.375,5.634,-0.474,2.575,-0.933,-81.600,14.250,-28.050,36.0
16:09:44.294,2194706,6.816,4.712,5.610,-0.640,2.543,-0.832,-81.600,14.250,-28.050,35.9
16:09:44.353,2194760,5.902,5.102,7.123,-0.910,2.491,-0.765,-83.550,25.650,-1.950,35.8
16:09:44.414,2194814,4.762,4.578,7.606,-0.837,2.579,-0.583,-83.550,25.650,-1.950,35.9
16:09:44.473,2194868,3.079,3.859,7.274,-0.346,2.360,-0.480,-83.550,25.650,-1.950,35.9
16:09:44.533,2194922,1.796,4.638,7.695,-0.013,2.101,-0.433,-83.550,25.650,-1.950,36.0
16:09:44.593,2194976,0.953,4.238,8.121,0.047,1.841,-0.400,-63.150,33.000,38.850,36.0
16:09:44.653,2195030,0.558,4.968,8.150,0.089,1.636,-0.379,-63.150,33.000,38.850,36.0
16:09:44.715,2195084,-1.257,4.647,7.427,-0.220,1.373,-0.471,-49.800,36.600,49.950,36.1
16:09:44.715,2195138,-2.088,3.970,7.578,-0.324,1.163,-0.434,-49.800,36.600,49.950,35.9
16:09:44.773,2195192,-2.509,4.199,7.848,-0.274,0.943,-0.423,-37.800,37.650,57.900,36.0
16:09:44.833,2195246,-3.089,3.555,7.496,-0.288,0.823,-0.424,-26.700,34.800,61.650,35.8
16:09:44.893,2195300,-4.154,2.655,6.668,-0.016,0.707,-0.430,-26.700,34.800,61.650,36.0
16:09:44.953,2195354,-4.276,3.062,7.254,0.237,0.515,-0.325,-19.650,35.100,61.350,35.8
16:09:45.014,2195408,-4.575,3.591,7.724,0.105,0.274,-0.223,-19.650,35.100,61.350,35.9
16:09:45.073,2195462,-4.662,2.701,7.154,0.044,0.149,-0.182,-14.400,37.050,63.600,35.8
16:09:45.133,2195516,-4.824,3.687,7.681,0.070,-0.003,-0.082,-14.400,37.050,63.600,35.8
16:09:45.193,2195570,-4.606,3.610,7.992,-0.062,-0.052,0.006,-14.400,37.050,63.600,36.0
16:09:45.253,2195624,-4.999,3.179,7.259,-0.182,-0.058,0.079,-14.400,37.050,63.600,36.0
16:09:45.254,2195678,-4.793,3.730,7.563,-0.036,-0.072,0.102,-15.750,37.200,63.300,35.7
16:09:45.313,2195732,-4.472,4.130,8.203,-0.103,-0.124,0.089,-15.750,37.200,63.300,35.8
16:09:45.375,2195786,-4.645,3.105,7.549,-0.124,-0.203,0.075,-16.500,37.200,63.000,36.0
16:09:45.434,2195840,-4.214,3.285,7.539,0.096,-0.370,0.090,-19.050,36.450,62.700,36.0
16:09:45.494,2195894,-3.960,3.067,6.797,0.301,-0.677,0.164,-19.050,36.450,62.700,36.0
16:09:45.554,2195948,-3.505,3.630,7.527,0.357,-1.057,0.339,-25.800,38.850,61.950,35.9
16:09:45.613,2196002,-3.053,4.073,8.569,0.349,-1.315,0.468,-25.800,38.850,61.950,36.0
16:09:45.673,2196056,-1.745,3.687,7.669,0.253,-1.497,0.617,-37.350,39.900,57.150,36.0
16:09:45.733,2196110,-1.161,3.716,7.520,0.201,-1.583,0.670,-37.350,39.900,57.150,36.0
16:09:45.793,2196164,0.637,5.097,7.975,0.359,-1.591,0.735,-52.350,39.150,49.500,35.8
16:09:45.794,2196218,1.051,5.787,8.902,0.491,-1.601,0.734,-52.350,39.150,49.500,35.9
16:09:45.853,2196272,1.841,5.361,7.774,0.400,-1.517,0.713,-52.350,39.150,49.500,36.0
16:09:45.913,2196326,1.930,6.246,9.459,0.531,-1.594,0.729,-52.350,39.150,49.500,35.9
16:09:45.973,2196380,3.481,5.097,6.831,0.720,-1.541,0.663,-74.700,34.200,24.900,36.0
16:09:46.033,2196434,4.472,4.975,6.967,0.478,-1.551,0.576,-81.900,29.250,9.000,36.0
16:09:46.093,2196488,5.286,6.098,7.286,0.357,-1.590,0.605,-81.900,29.250,9.000,36.0
16:09:46.153,2196542,5.155,5.212,5.796,0.472,-1.582,0.632,-85.500,22.200,-5.550,36.0
16:09:46.275,2196596,6.701,5.260,4.736,0.508,-1.492,0.570,-85.500,22.200,-5.550,35.8
16:09:46.275,2196650,6.943,6.093,6.088,0.345,-1.601,0.684,-83.400,14.250,-20.700,35.9
16:09:46.333,2196704,7.853,5.444,3.148,0.286,-1.408,0.683,-83.400,14.250,-20.700,35.8
16:09:46.334,2196758,8.626,4.628,4.156,-0.179,-1.420,0.712,-80.100,7.650,-35.400,36.0
16:09:46.393,2196812,8.552,4.551,3.517,0.038,-1.298,0.617,-80.100,7.650,-35.400,36.0
16:09:46.453,2196866,8.789,4.460,2.409,0.226,-1.155,0.545,-74.400,0.750,-47.100,35.9
16:09:46.515,2196920,8.854,4.568,1.951,0.323,-1.015,0.604,-74.400,0.750,-47.100,36.0
16:09:46.573,2196974,9.232,3.888,1.899,0.539,-0.869,0.535,-74.400,0.750,-47.100,35.8
16:09:46.633,2197028,9.445,4.362,1.528,0.374,-0.769,0.501,-74.400,0.750,-47.100,36.0
16:09:46.693,2197082,9.203,3.881,1.034,0.291,-0.665,0.431,-74.400,0.750,-47.100,35.9
16:09:46.753,2197136,9.469,3.651,0.723,0.026,-0.505,0.355,-55.050,-16.500,-64.350,35.8
16:09:46.813,2197190,9.328,2.885,0.486,0.052,-0.393,0.342,-55.050,-16.500,-64.350,35.9
16:09:46.873,2197244,9.321,2.976,0.086,0.334,-0.338,0.348,-50.850,-20.250,-67.800,35.9
16:09:46.874,2197298,9.608,3.005,0.062,0.552,-0.218,0.264,-50.850,-20.250,-67.800,36.2
16:09:46.933,2197352,9.594,3.196,-0.699,0.474,-0.071,0.171,-46.650,-24.450,-67.350,35.9
16:09:46.993,2197406,9.402,2.787,-0.496,0.259,-0.088,0.127,-46.650,-24.450,-67.350,36.0
16:09:47.053,2197460,9.431,2.602,-0.977,0.156,-0.124,0.102,-46.950,-26.250,-66.900,36.0
16:09:47.113,2197514,9.172,2.780,-0.512,0.072,-0.171,0.037,-46.950,-26.250,-66.900,36.0
16:09:47.174,2197568,9.527,2.298,-1.130,0.077,-0.087,0.071,-44.250,-28.950,-66.450,36.0
16:09:47.234,2197622,9.433,2.413,-0.441,0.221,-0.020,0.048,-44.250,-28.950,-66.450,35.8
16:09:47.293,2197676,9.536,2.461,-0.850,0.149,0.107,-0.030,-44.250,-28.950,-66.450,36.0
16:09:47.353,2197730,9.517,3.033,-0.057,-0.064,0.210,-0.088,-45.000,-29.250,-64.950,35.8
16:09:47.414,2197784,10.534,3.500,-0.108,-0.811,0.626,-0.415,-45.000,-29.250,-64.950,35.8
16:09:47.415,2197838,10.599,4.362,1.573,-1.082,1.017,-0.595,-51.600,-23.700,-65.250,36.2
16:09:47.474,2197892,10.092,3.857,1.793,-0.903,1.373,-0.819,-51.600,-23.700,-65.250,35.9
16:09:47.533,2197946,9.653,4.642,2.523,-0.659,1.757,-1.091,-59.550,-13.500,-59.850,36.1
16:09:47.593,2198000,9.773,4.867,3.836,-0.876,1.988,-1.124,-59.550,-13.500,-59.850,36.0
16:09:47.653,2198054,8.686,5.363,4.654,-0.841,2.198,-1.208,-75.150,-1.050,-45.600,35.5
16:09:47.713,2198108,8.018,4.611,4.707,-0.721,2.317,-1.179,-75.150,-1.050,-45.600,35.7
16:09:47.773,2198162,7.259,4.817,5.763,-0.519,2.361,-1.084,-82.650,12.300,-24.450,35.9
16:09:47.833,2198216,6.816,5.514,6.474,-0.481,2.380,-1.071,-82.650,12.300,-24.450,35.8
16:09:47.893,2198270,5.334,5.373,7.657,-0.607,2.357,-0.920,-84.450,26.250,0.000,36.0
16:09:47.953,2198324,3.639,4.990,7.240,-0.487,2.244,-0.794,-84.450,26.250,0.000,35.8
16:09:47.954,2198378,2.677,4.575,7.065,-0.382,2.069,-0.614,-84.450,26.250,0.000,35.9
16:09:48.014,2198432,0.994,4.544,7.465,-0.120,1.868,-0.537,-64.200,36.900,37.050,36.0
16:09:48.073,2198486,0.110,4.190,8.662,-0.071,1.619,-0.575,-64.200,36.900,37.050,35.8
16:09:48.133,2198540,-0.807,4.863,7.417,-0.548,1.452,-0.557,-51.000,39.750,48.600,35.9
16:09:48.193,2198594,-1.563,4.065,7.815,-0.454,1.266,-0.494,-51.000,39.750,48.600,35.8
16:09:48.253,2198648,-2.306,3.840,6.385,-0.204,1.095,-0.448,-37.500,38.250,56.550,36.0
16:09:48.313,2198702,-3.129,3.074,8.224,-0.071,0.889,-0.375,-37.500,38.250,56.550,36.0
16:09:48.373,2198756,-3.534,4.271,7.757,0.092,0.691,-0.359,-27.000,37.200,58.650,36.0
16:09:48.433,2198810,-4.322,3.383,8.243,-0.078,0.551,-0.312,-27.000,37.200,58.650,36.0
16:09:48.493,2198864,-4.468,2.557,5.950,0.105,0.328,-0.148,-19.650,37.500,61.650,36.0
16:09:48.494,2198918,-4.475,3.560,8.739,-0.024,0.236,-0.086,-19.650,37.500,61.650,36.0
16:09:48.555,2198972,-4.951,4.099,7.657,-0.428,0.063,-0.129,-16.950,36.450,61.950,36.0
16:09:48.613,2199026,-4.252,2.938,7.180,-0.244,-0.094,-0.124,-16.950,36.450,61.950,35.7
16:09:48.733,2199080,-3.867,3.536,7.958,-0.212,-0.268,0.046,-16.950,36.450,61.950,35.8
16:09:48.734,2199134,-4.556,3.127,8.447,-0.056,-0.334,0.176,-17.850,34.800,62.850,36.0
16:09:48.793,2199188,-4.482,3.505,8.497,-0.007,-0.229,0.147,-17.850,34.800,62.850,36.0
16:09:48.853,2199242,-4.219,3.306,8.164,0.129,-0.212,0.155,-20.850,34.350,62.100,35.9
16:09:48.914,2199296,-4.001,3.261,6.685,0.401,-0.514,0.169,-20.850,34.350,62.100,35.8
16:09:48.973,2199350,-2.969,3.079,6.191,0.819,-0.945,0.272,-24.750,36.150,60.450,36.0
16:09:49.034,2199404,-2.320,3.898,6.912,0.760,-1.452,0.409,-24.750,36.150,60.450,36.0
16:09:49.034,2199458,-2.016,4.820,8.337,0.381,-1.692,0.546,-34.650,40.500,56.250,35.8
16:09:49.093,2199512,-0.953,4.506,8.528,0.404,-1.838,0.565,-34.650,40.500,56.250,35.6
16:09:49.153,2199566,0.223,3.991,6.795,0.553,-1.794,0.634,-50.550,41.250,45.300,35.5
16:09:49.214,2199620,1.247,6.144,8.882,0.643,-1.814,0.714,-67.050,40.950,31.350,36.0
16:09:49.274,2199674,2.277,6.129,7.204,0.665,-1.820,0.781,-67.050,40.950,31.350,35.9
16:09:49.334,2199728,3.831,5.284,5.887,0.433,-1.753,0.820,-67.050,40.950,31.350,36.0
16:09:49.395,2199782,4.298,6.766,8.583,0.303,-1.862,0.848,-67.050,40.950,31.350,35.9
16:09:49.455,2199836,5.069,5.643,5.588,0.537,-1.665,0.818,-82.500,30.300,-0.150,36.0
16:09:49.513,2199890,6.591,6.321,6.498,-0.071,-1.615,0.860,-82.500,30.300,-0.150,36.0
16:09:49.573,2199944,6.802,5.880,7.594,-0.284,-1.467,0.730,-84.450,22.350,-15.300,36.0
16:09:49.574,2199998,7.379,5.301,4.240,0.358,-1.263,0.433,-84.450,22.350,-15.300,35.8
16:09:49.633,2200052,7.949,5.883,5.794,0.282,-1.087,0.484,-83.100,13.800,-29.850,35.5
16:09:49.693,2200106,7.199,4.683,3.223,0.673,-1.045,0.485,-83.100,13.800,-29.850,35.8
16:09:49.753,2200160,8.260,4.693,3.287,0.611,-0.960,0.511,-78.900,9.150,-39.000,35.5
16:09:49.813,2200214,8.444,4.815,3.711,0.318,-1.038,0.507,-78.900,9.150,-39.000,36.0
16:09:49.873,2200268,8.758,4.695,1.911,0.203,-0.960,0.425,-72.150,1.800,-47.850,35.9
16:09:49.933,2200322,8.866,4.106,2.121,0.182,-0.927,0.397,-72.150,1.800,-47.850,36.0
16:09:49.994,2200376,9.124,4.429,1.721,0.352,-0.976,0.358,-72.150,1.800,-47.850,36.0
16:09:50.053,2200430,9.534,4.164,0.838,0.300,-0.773,0.353,-72.150,1.800,-47.850,36.0
16:09:50.114,2200484,8.993,4.092,1.032,0.201,-0.731,0.351,-72.150,1.800,-47.850,35.6
16:09:50.114,2200538,9.146,3.749,0.108,0.319,-0.636,0.277,-55.650,-12.450,-66.300,36.2
16:09:50.233,2200592,9.050,3.654,0.086,0.237,-0.543,0.256,-55.650,-12.450,-66.300,35.9
16:09:50.234,2200646,9.201,3.536,-0.139,0.193,-0.416,0.175,-51.600,-16.350,-69.150,36.1
16:09:50.293,2200700,8.880,3.464,-0.266,0.151,-0.374,0.183,-51.600,-16.350,-69.150,35.8
16:09:50.353,2200754,9.246,3.247,-0.922,0.143,-0.334,0.195,-47.100,-18.750,-70.350,35.8
16:09:50.414,2200808,9.285,3.189,-0.895,0.210,-0.226,0.161,-47.100,-18.750,-70.350,36.1
16:09:50.475,2200862,9.385,3.182,-0.804,0.160,-0.100,0.099,-44.100,-19.800,-72.150,36.0
16:09:50.595,2200916,8.985,3.223,-1.032,0.172,-0.071,0.081,-42.900,-22.500,-72.150,36.0
16:09:50.595,2200970,9.079,3.069,-1.343,0.112,-0.025,0.054,-42.900,-22.500,-72.150,35.8
16:09:50.653,2201024,9.227,3.139,-1.171,0.041,0.035,-0.001,-42.900,-22.500,-72.150,36.0
16:09:50.654,2201078,9.431,3.227,-1.013,-0.208,0.100,-0.059,-42.900,-22.500,-72.150,36.0
16:09:50.713,2201132,9.637,3.620,-0.115,-0.551,0.360,-0.221,-44.250,-21.600,-72.750,36.1
16:09:50.773,2201186,10.142,4.156,0.369,-0.891,0.809,-0.496,-44.250,-21.600,-72.750,36.0
16:09:50.833,2201240,9.766,4.187,1.255,-1.117,1.204,-0.755,-48.900,-14.400,-70.350,36.0
16:09:50.893,2201294,9.766,4.731,1.748,-0.930,1.515,-0.890,-48.900,-14.400,-70.350,36.1
16:09:50.953,2201348,9.522,4.932,2.682,-0.825,1.757,-0.917,-61.350,-3.750,-63.150,36.0
16:09:51.015,2201402,8.782,4.791,3.211,-0.475,1.937,-0.905,-61.350,-3.750,-63.150,35.8
16:09:51.074,2201456,8.509,5.411,3.816,-0.380,2.049,-0.928,-73.500,9.450,-50.550,35.8
16:09:51.133,2201510,8.121,5.531,4.975,-0.567,2.172,-0.908,-73.500,9.450,-50.550,36.0
16:09:51.195,2201564,7.034,5.409,5.708,-0.633,2.182,-0.893,-80.400,17.700,-31.800,36.0
16:09:51.195,2201618,6.100,5.559,6.086,-0.538,2.192,-0.854,-84.150,28.200,-8.400,36.0
16:09:51.253,2201672,4.750,5.119,6.493,-0.443,2.203,-0.769,-84.150,28.200,-8.400,35.8
16:09:51.314,2201726,3.778,5.538,7.211,-0.162,2.089,-0.667,-84.150,28.200,-8.400,35.8
16:09:51.374,2201780,2.514,5.598,8.236,-0.128,1.969,-0.610,-84.150,28.200,-8.400,36.1
16:09:51.493,2201834,1.563,4.903,7.618,-0.337,1.851,-0.585,-69.750,40.650,28.650,35.9
16:09:51.494,2201888,0.266,5.138,7.815,-0.447,1.704,-0.530,-69.750,40.650,28.650,35.9
16:09:51.553,2201942,-0.110,4.535,8.040,-0.341,1.581,-0.486,-57.000,42.900,42.750,35.9
16:09:51.614,2201996,-0.989,4.518,7.075,-0.159,1.422,-0.537,-57.000,42.900,42.750,36.0
16:09:51.734,2202050,-2.265,4.353,7.772,-0.067,1.278,-0.458,-43.350,43.500,50.550,35.9
16:09:51.794,2202104,-3.120,4.240,6.553,-0.281,1.020,-0.388,-43.350,43.500,50.550,35.9
16:09:51.794,2202158,-3.426,4.283,7.681,-0.321,0.709,-0.260,-29.850,43.800,55.650,36.0
16:09:51.795,2202212,-3.819,4.221,7.259,-0.201,0.521,-0.245,-22.650,42.450,60.300,35.9
16:09:51.854,2202266,-4.061,3.421,7.642,-0.087,0.415,-0.171,-22.650,42.450,60.300,35.9
16:09:51.914,2202320,-4.377,4.175,7.793,-0.286,0.427,-0.175,-16.350,42.450,61.050,35.5
16:09:51.973,2202374,-4.772,3.335,6.879,-0.005,0.468,-0.184,-16.350,42.450,61.050,35.8
16:09:52.034,2202428,-4.867,4.147,7.367,0.267,0.330,-0.139,-16.350,42.450,61.050,35.9
16:09:52.094,2202482,-4.966,3.783,7.044,0.226,0.168,-0.095,-16.350,42.450,61.050,36.0
16:09:52.153,2202536,-5.162,3.898,7.219,0.058,0.120,-0.074,-12.450,43.500,60.750,35.8
16:09:52.213,2202590,-5.061,3.982,7.305,-0.001,-0.069,-0.022,-12.450,43.500,60.750,35.8
16:09:52.273,2202644,-5.021,4.005,7.767,0.054,-0.134,-0.012,-9.450,43.800,61.200,35.8
16:09:52.274,2202698,-4.841,4.436,7.640,-0.062,-0.167,-0.015,-9.450,43.800,61.200,35.9
16:09:52.334,2202752,-4.942,3.824,7.247,-0.075,-0.252,0.017,-10.950,44.250,61.200,35.9
16:09:52.394,2202806,-4.709,4.259,7.609,0.032,-0.320,0.090,-12.900,42.150,61.050,36.1
16:09:52.454,2202860,-4.310,3.804,7.247,0.123,-0.483,0.169,-12.900,42.150,61.050,35.5
16:09:52.514,2202914,-4.293,3.833,7.556,0.194,-0.600,0.212,-19.050,43.800,60.450,36.0
16:09:52.574,2202968,-3.977,4.233,7.161,0.137,-0.765,0.244,-19.050,43.800,60.450,36.0
16:09:52.635,2203022,-3.359,3.730,7.039,0.187,-0.919,0.343,-25.050,43.800,57.450,35.9
16:09:52.694,2203076,-2.392,4.070,7.649,0.132,-1.152,0.408,-25.050,43.800,57.450,36.1
16:09:52.755,2203130,-1.767,4.472,7.001,0.237,-1.303,0.485,-25.050,43.800,57.450,35.6
16:09:52.813,2203184,-1.386,5.073,8.135,0.191,-1.429,0.502,-25.050,43.800,57.450,36.0
16:09:52.814,2203238,-0.776,4.645,7.314,0.370,-1.521,0.548,-25.050,43.800,57.450,35.9
16:09:52.873,2203292,0.041,4.985,8.025,0.323,-1.574,0.578,-25.050,43.800,57.450,36.0
16:09:52.933,2203346,1.140,5.353,9.108,0.361,-1.535,0.601,-62.550,42.900,34.650,35.7
16:09:52.993,2203400,1.638,5.397,7.286,0.534,-1.582,0.556,-62.550,42.900,34.650,35.8
16:09:53.115,2203454,3.251,6.270,8.619,0.352,-1.466,0.638,-72.900,41.250,22.650,36.0
16:09:53.115,2203508,3.654,6.548,8.851,0.100,-1.398,0.557,-80.250,36.900,8.100,35.9
16:09:53.174,2203562,4.175,5.617,7.137,0.328,-1.236,0.423,-80.250,36.900,8.100,36.0
16:09:53.233,2203616,4.839,5.648,7.558,0.430,-1.207,0.461,-84.450,31.650,-2.100,36.0
16:09:53.293,2203670,5.461,6.132,6.570,0.497,-1.110,0.519,-84.450,31.650,-2.100,36.0
16:09:53.355,2203724,5.861,5.806,5.593,0.347,-1.119,0.542,-84.300,27.600,-13.950,35.8
16:09:53.355,2203778,6.639,5.813,5.246,0.190,-1.159,0.685,-84.300,27.600,-13.950,36.0
16:09:53.414,2203832,7.183,4.855,4.221,0.379,-1.128,0.623,-84.300,27.600,-13.950,35.8
16:09:53.474,2203886,7.415,5.277,5.004,0.474,-1.162,0.596,-84.300,27.600,-13.950,35.9
16:09:53.535,2203940,7.939,5.186,3.486,0.386,-1.103,0.624,-84.300,27.600,-13.950,36.0
16:09:53.594,2203994,8.401,4.966,3.828,0.209,-0.986,0.506,-84.300,27.600,-13.950,36.0
16:09:53.653,2204048,8.377,4.975,3.055,0.201,-1.033,0.497,-77.250,4.350,-48.300,36.0
16:09:53.715,2204102,8.514,4.226,1.975,0.544,-1.002,0.444,-69.450,1.350,-55.350,35.9
16:09:53.773,2204156,8.839,4.879,2.045,0.378,-1.002,0.417,-69.450,1.350,-55.350,35.8
16:09:53.833,2204210,9.376,4.621,1.109,-0.007,-0.790,0.436,-63.900,-6.300,-60.000,36.0
16:09:53.893,2204264,9.000,4.022,0.879,0.019,-0.723,0.335,-63.900,-6.300,-60.000,35.5
16:09:53.894,2204318,8.808,4.037,0.261,0.192,-0.710,0.330,-57.300,-9.150,-65.700,35.9
16:09:53.953,2204372,9.031,3.893,0.227,0.325,-0.609,0.343,-57.300,-9.150,-65.700,36.0
16:09:54.013,2204426,9.131,3.393,-0.421,0.464,-0.566,0.341,-51.750,-15.000,-69.450,36.0
16:09:54.073,2204480,9.215,3.517,-0.110,0.410,-0.576,0.318,-51.750,-15.000,-69.450,36.0
16:09:54.133,2204534,9.227,3.239,-1.346,0.328,-0.426,0.276,-51.750,-15.000,-69.450,36.2
16:09:54.193,2204588,9.342,3.244,-0.541,0.127,-0.275,0.191,-51.750,-15.000,-69.450,36.0
16:09:54.253,2204642,9.294,2.895,-1.398,0.090,-0.067,0.091,-51.750,-15.000,-69.450,35.9
16:09:54.313,2204696,9.160,3.261,-0.637,0.146,-0.028,0.041,-42.450,-21.900,-72.000,36.0
16:09:54.374,2204750,9.474,3.723,-0.541,0.017,0.138,-0.096,-42.450,-21.900,-72.000,35.5
16:09:54.433,2204804,9.321,3.948,-0.223,-0.229,0.418,-0.277,-42.150,-22.950,-72.150,35.5
16:09:54.434,2204858,10.084,4.199,-0.019,-0.766,0.779,-0.521,-42.150,-22.950,-72.150,36.0
16:09:54.494,2204912,9.895,4.183,1.501,-0.945,1.175,-0.692,-49.350,-15.900,-69.600,35.9
16:09:54.555,2204966,9.440,4.338,1.501,-0.917,1.409,-0.746,-49.350,-15.900,-69.600,36.0
16:09:54.614,2205020,9.809,4.954,2.315,-0.679,1.744,-0.848,-60.600,-4.200,-63.900,36.0
16:09:54.673,2205074,9.452,5.332,3.067,-0.491,2.004,-0.856,-60.600,-4.200,-63.900,36.0
16:09:54.734,2205128,8.392,5.459,4.199,-0.391,2.131,-0.874,-72.750,4.800,-48.000,36.0
16:09:54.793,2205182,8.073,5.332,4.343,-0.509,2.203,-0.844,-72.750,4.800,-48.000,35.8
16:09:54.855,2205236,6.737,5.033,4.894,-0.341,2.186,-0.838,-72.750,4.800,-48.000,35.9
16:09:54.913,2205290,6.227,5.351,5.329,-0.295,2.066,-0.770,-72.750,4.800,-48.000,35.5
16:09:54.973,2205344,5.483,5.387,6.682,-0.404,2.051,-0.768,-72.750,4.800,-48.000,36.0
16:09:54.974,2205398,4.326,5.363,6.534,-0.402,1.943,-0.756,-79.650,33.900,10.500,36.0
16:09:55.033,2205452,3.567,5.066,7.628,-0.091,1.903,-0.703,-79.650,33.900,10.500,35.8
16:09:55.094,2205506,1.638,5.377,6.768,-0.296,1.770,-0.724,-69.300,37.800,27.000,36.0
16:09:55.153,2205560,0.747,4.920,7.281,0.111,1.674,-0.673,-69.300,37.800,27.000,36.0
16:09:55.213,2205614,-0.232,5.138,7.020,0.039,1.438,-0.599,-59.250,42.900,38.250,35.9
16:09:55.273,2205668,-0.972,5.284,6.970,-0.092,1.227,-0.550,-59.250,42.900,38.250,36.0
16:09:55.334,2205722,-1.836,5.097,7.389,-0.281,1.041,-0.490,-46.350,46.200,45.750,35.8
16:09:55.393,2205776,-2.210,4.482,6.838,-0.227,0.868,-0.411,-46.350,46.200,45.750,35.9
16:09:55.454,2205830,-2.638,5.128,7.705,-0.030,0.631,-0.308,-36.750,46.350,54.450,36.0
16:09:55.513,2205884,-2.732,5.239,6.950,-0.272,0.453,-0.212,-36.750,46.350,54.450,36.0
16:09:55.514,2205938,-3.321,4.642,7.551,-0.391,0.379,-0.191,-36.750,46.350,54.450,36.0
16:09:55.573,2205992,-3.541,4.717,7.599,-0.206,0.242,-0.150,-36.750,46.350,54.450,35.9
16:09:55.634,2206046,-4.020,4.216,6.977,0.149,0.180,-0.124,-36.750,46.350,54.450,36.0
16:09:55.693,2206100,-3.958,4.717,8.088,0.385,0.095,-0.079,-23.850,43.950,55.800,36.0
16:09:55.754,2206154,-3.706,4.906,6.929,0.051,-0.006,-0.029,-23.850,43.950,55.800,36.0
16:09:55.813,2206208,-3.709,4.338,7.240,-0.076,-0.141,-0.004,-25.050,45.300,56.850,35.9
16:09:55.873,2206262,-3.412,4.113,6.984,0.392,-0.347,0.078,-25.050,45.300,56.850,35.9
16:09:55.935,2206316,-3.165,4.839,6.551,0.590,-0.652,0.204,-26.550,47.250,53.850,35.9
16:09:55.993,2206370,-2.653,4.587,6.613,0.354,-1.012,0.400,-26.550,47.250,53.850,36.0
16:09:56.053,2206424,-2.334,4.982,6.132,0.230,-1.328,0.530,-34.800,48.900,51.600,35.9
16:09:56.054,2206478,-1.664,5.136,6.642,0.310,-1.502,0.661,-34.800,48.900,51.600,36.0
16:09:56.113,2206532,-0.654,5.361,7.726,0.338,-1.535,0.783,-48.000,49.800,42.750,36.1
16:09:56.173,2206586,0.383,6.017,7.439,0.496,-1.567,0.853,-48.000,49.800,42.750,36.0
16:09:56.233,2206640,1.599,6.658,7.391,0.400,-1.555,0.908,-48.000,49.800,42.750,35.9
16:09:56.294,2206694,3.012,6.637,7.072,0.480,-1.475,0.983,-48.000,49.800,42.750,35.5
16:09:56.354,2206748,2.962,6.170,6.697,0.757,-1.478,1.030,-48.000,49.800,42.750,35.5
16:09:56.414,2206802,5.104,6.642,4.762,0.553,-1.456,1.069,-81.150,35.850,6.150,36.2
16:09:56.473,2206856,5.183,7.118,7.041,0.156,-1.429,1.033,-81.150,35.850,6.150,36.0
16:09:56.533,2206910,5.737,6.955,6.211,-0.047,-1.545,0.899,-85.050,25.200,-9.600,35.8
16:09:56.593,2206964,6.572,6.493,4.583,-0.095,-1.415,0.756,-85.050,25.200,-9.600,35.8
16:09:56.594,2207018,7.269,5.641,5.119,0.149,-1.515,0.674,-84.750,16.350,-23.850,36.0
16:09:56.653,2207072,7.410,5.586,2.586,0.436,-1.406,0.559,-84.750,16.350,-23.850,35.9
16:09:56.715,2207126,8.559,5.253,3.213,0.125,-1.088,0.614,-80.850,7.650,-34.650,35.8
16:09:56.774,2207180,7.817,4.786,3.850,0.563,-1.277,0.571,-80.850,7.650,-34.650,35.9
16:09:56.833,2207234,9.045,5.669,1.214,0.455,-1.015,0.563,-74.400,1.050,-44.850,36.0
16:09:56.894,2207288,8.746,4.786,2.605,0.228,-1.011,0.527,-74.400,1.050,-44.850,36.0
16:09:56.953,2207342,8.792,4.788,1.518,0.014,-0.940,0.616,-74.400,1.050,-44.850,36.0
16:09:57.013,2207396,8.720,4.017,1.259,0.278,-0.868,0.450,-74.400,1.050,-44.850,36.0
16:09:57.073,2207450,9.493,4.231,0.158,0.337,-0.688,0.379,-74.400,1.050,-44.850,35.8
16:09:57.134,2207504,9.407,3.900,0.373,0.093,-0.516,0.333,-58.050,-16.200,-63.900,35.8
16:09:57.135,2207558,9.021,3.776,-0.211,0.181,-0.438,0.317,-58.050,-16.200,-63.900,35.8
16:09:57.193,2207612,9.151,3.503,-0.498,0.246,-0.375,0.318,-51.150,-17.100,-66.300,35.9
16:09:57.253,2207666,9.242,3.527,-0.888,0.299,-0.296,0.278,-51.150,-17.100,-66.300,35.7
16:09:57.313,2207720,9.256,3.366,-0.974,0.154,-0.211,0.203,-47.700,-21.600,-67.200,36.1
16:09:57.373,2207774,9.196,3.196,-1.240,0.034,-0.210,0.199,-47.700,-21.600,-67.200,36.0
16:09:57.433,2207828,9.175,3.038,-1.238,0.026,-0.181,0.159,-45.450,-21.900,-68.250,35.8
16:09:57.495,2207882,9.342,2.926,-1.259,0.039,-0.126,0.134,-42.000,-23.550,-68.250,36.0
16:09:57.553,2207936,9.086,3.266,-1.104,0.071,-0.089,0.103,-42.000,-23.550,-68.250,35.9
16:09:57.613,2207990,9.110,2.811,-1.142,0.088,-0.063,0.071,-42.000,-23.550,-68.250,36.0
16:09:57.673,2208044,9.203,2.861,-1.314,0.014,-0.079,0.041,-42.000,-23.550,-68.250,36.0
16:09:57.674,2208098,9.385,3.036,-1.377,-0.002,-0.012,-0.006,-42.000,-25.800,-69.000,35.9
16:09:57.734,2208152,9.644,3.407,-0.986,0.144,0.136,-0.154,-42.000,-25.800,-69.000,35.8
16:09:57.793,2208206,9.864,4.096,-0.168,-0.136,0.494,-0.455,-41.250,-26.250,-68.250,36.0
16:09:57.853,2208260,9.941,4.494,0.785,-0.688,1.047,-0.762,-41.250,-26.250,-68.250,36.0
16:09:57.913,2208314,9.725,4.341,1.477,-0.808,1.275,-0.957,-51.600,-21.000,-67.350,35.9
16:09:57.973,2208368,9.457,4.772,1.530,-1.108,1.533,-1.085,-51.600,-21.000,-67.350,35.9
16:09:58.033,2208422,9.766,5.399,2.363,-1.399,1.866,-1.118,-61.800,-8.400,-60.300,36.1
16:09:58.093,2208476,9.069,5.543,3.215,-1.299,2.074,-1.074,-61.800,-8.400,-60.300,36.0
16:09:58.153,2208530,8.152,5.583,3.874,-0.872,2.191,-1.045,-75.600,6.900,-46.800,35.9
16:09:58.214,2208584,7.879,6.088,5.119,-0.718,2.308,-0.925,-81.150,21.900,-26.250,35.7
16:09:58.215,2208638,6.115,5.526,5.813,-0.765,2.238,-0.841,-81.150,21.900,-26.250,35.5
16:09:58.273,2208692,5.320,5.590,6.325,-0.714,2.134,-0.708,-81.150,21.900,-26.250,36.0
16:09:58.334,2208746,4.441,5.356,7.312,-0.740,2.090,-0.666,-81.150,21.900,-26.250,36.1
16:09:58.393,2208800,3.376,4.932,7.072,-0.617,2.090,-0.612,-77.100,34.800,16.350,36.0
16:09:58.453,2208854,2.212,4.657,7.817,-0.262,2.018,-0.459,-77.100,34.800,16.350,36.0
16:09:58.513,2208908,1.109,4.444,6.934,-0.282,1.905,-0.316,-65.700,38.850,34.500,35.9
16:09:58.573,2208962,0.072,4.345,7.642,-0.470,1.765,-0.225,-65.700,38.850,34.500,35.8
16:09:58.634,2209016,-0.807,4.312,7.456,-0.563,1.585,-0.220,-53.100,38.400,45.750,36.0
16:09:58.693,2209070,-2.095,3.010,7.482,-0.311,1.272,-0.281,-53.100,38.400,45.750,35.8
16:09:58.753,2209124,-2.758,3.060,6.728,0.071,0.879,-0.277,-40.500,35.850,54.750,35.5
16:09:58.754,2209178,-2.863,4.357,8.938,0.033,0.561,-0.273,-31.950,37.050,55.800,36.0
16:09:58.813,2209232,-3.517,3.455,6.515,-0.458,0.448,-0.337,-31.950,37.050,55.800,36.2
16:09:58.873,2209286,-3.668,2.942,9.445,-0.600,0.412,-0.342,-26.550,33.450,60.450,36.0
16:09:58.933,2209340,-3.639,3.780,7.523,-0.089,0.295,-0.279,-26.550,33.450,60.450,36.0
16:09:58.993,2209394,-4.101,3.055,8.114,0.295,0.263,-0.120,-26.550,33.450,60.450,36.0
16:09:59.053,2209448,-4.219,3.840,9.330,0.068,0.062,-0.006,-26.550,33.450,60.450,36.0
16:09:59.113,2209502,-4.135,3.227,7.439,0.080,0.068,-0.023,-20.100,35.100,60.300,36.2
16:09:59.174,2209556,-4.492,2.725,8.423,0.037,0.036,0.003,-20.100,35.100,60.300,35.5
16:09:59.235,2209610,-4.348,3.364,7.219,0.163,-0.092,0.046,-19.800,33.000,61.500,35.4
16:09:59.295,2209664,-3.907,3.376,7.831,0.378,-0.235,0.179,-19.800,33.000,61.500,35.9
16:09:59.295,2209718,-3.570,3.603,7.132,0.342,-0.551,0.331,-21.900,35.550,60.300,36.0
16:09:59.353,2209772,-3.462,3.345,7.195,0.376,-0.836,0.376,-21.900,35.550,60.300,36.0
16:09:59.413,2209826,-2.794,4.156,7.585,0.193,-1.102,0.415,-27.900,39.000,58.500,36.3
16:09:59.473,2209880,-2.327,3.970,7.985,0.242,-1.291,0.488,-39.300,38.850,52.350,35.6
16:09:59.533,2209934,-1.377,4.386,8.375,0.386,-1.464,0.563,-39.300,38.850,52.350,36.2
16:09:59.593,2209988,-0.230,4.872,7.731,0.420,-1.469,0.562,-52.800,39.000,45.600,35.8
16:09:59.653,2210042,0.500,5.411,8.976,0.265,-1.533,0.479,-52.800,39.000,45.600,35.4
16:09:59.713,2210096,0.974,5.772,8.516,0.367,-1.674,0.466,-52.800,39.000,45.600,36.0
16:09:59.773,2210150,2.143,4.465,6.007,0.563,-1.619,0.617,-52.800,39.000,45.600,35.9
16:09:59.834,2210204,3.735,5.806,7.851,0.567,-1.591,0.678,-74.250,36.450,23.100,36.0
16:09:59.834,2210258,3.754,5.880,6.807,0.440,-1.429,0.629,-74.250,36.450,23.100,36.2
16:09:59.894,2210312,4.942,5.526,6.507,0.319,-1.366,0.468,-81.900,30.900,7.200,36.2
16:09:59.953,2210366,4.982,6.282,8.085,0.193,-1.530,0.509,-81.900,30.900,7.200,35.9
16:10:00.013,2210420,5.385,5.248,4.334,0.311,-1.502,0.479,-85.650,25.500,-5.850,36.0
16:10:00.073,2210474,6.788,5.380,6.922,0.337,-1.383,0.587,-83.400,21.600,-21.900,35.6
16:10:00.135,2210528,6.706,6.079,5.449,0.195,-1.505,0.578,-83.400,21.600,-21.900,36.0
16:10:00.193,2210582,8.009,5.006,3.584,0.467,-1.318,0.574,-82.650,11.850,-34.350,36.0
16:10:00.254,2210636,7.927,4.985,5.126,0.150,-1.454,0.610,-82.650,11.850,-34.350,36.0
16:10:00.313,2210690,8.734,5.174,2.411,0.055,-1.250,0.600,-82.650,11.850,-34.350,36.0
16:10:00.374,2210744,8.835,4.065,2.842,0.150,-1.321,0.618,-82.650,11.850,-34.350,36.0
16:10:00.375,2210798,9.239,4.654,1.432,0.523,-1.237,0.557,-82.650,11.850,-34.350,36.0
16:10:00.433,2210852,9.639,4.609,1.863,0.259,-1.020,0.463,-82.650,11.850,-34.350,36.0
16:10:00.493,2210906,9.893,4.549,1.101,-0.107,-0.683,0.361,-58.950,-6.750,-65.550,35.7
16:10:00.553,2210960,8.957,3.685,1.650,0.030,-0.638,0.379,-58.950,-6.750,-65.550,35.9
16:10:00.613,2211014,8.648,3.812,0.208,0.345,-0.574,0.330,-53.550,-9.600,-68.700,35.4
16:10:00.673,2211068,9.352,3.807,0.340,0.330,-0.478,0.399,-47.400,-14.850,-71.100,35.8
16:10:00.733,2211122,9.342,2.562,-0.800,0.220,-0.439,0.365,-47.400,-14.850,-71.100,36.0
16:10:00.793,2211176,9.366,2.995,-0.311,0.252,-0.383,0.312,-45.000,-18.450,-71.250,35.8
16:10:00.855,2211230,9.187,2.504,-1.211,0.331,-0.400,0.368,-45.000,-18.450,-71.250,36.0
16:10:00.913,2211284,9.191,2.638,-1.094,0.407,-0.324,0.288,-40.200,-21.150,-72.750,35.9
16:10:00.914,2211338,9.438,2.614,-1.798,0.250,-0.300,0.235,-40.200,-21.150,-72.750,35.8
16:10:00.973,2211392,9.191,2.861,-0.831,0.061,-0.236,0.163,-40.200,-21.150,-72.750,36.0
16:10:01.033,2211446,9.325,2.638,-1.264,-0.113,-0.145,0.071,-40.200,-21.150,-72.750,35.7
16:10:01.093,2211500,9.445,2.854,-0.567,-0.193,0.065,-0.142,-33.900,-25.050,-72.750,35.8
16:10:01.153,2211554,9.562,3.455,-0.460,-0.383,0.397,-0.353,-33.900,-25.050,-72.750,35.8
16:10:01.213,2211608,10.312,3.397,-0.189,-0.733,0.898,-0.699,-37.950,-22.800,-73.800,36.0
16:10:01.273,2211662,10.008,4.343,0.977,-0.786,1.396,-0.835,-37.950,-22.800,-73.800,36.0
16:10:01.333,2211716,9.852,3.953,1.441,-0.459,1.740,-0.956,-47.700,-13.800,-70.800,36.0
16:10:01.393,2211770,10.003,4.803,2.397,-0.408,2.013,-1.059,-62.850,-4.200,-61.050,36.0
16:10:01.453,2211824,9.503,5.061,2.823,-0.578,2.191,-1.065,-62.850,-4.200,-61.050,36.0
16:10:01.454,2211878,8.696,5.059,4.183,-0.779,2.269,-0.976,-77.850,7.200,-44.550,36.0
16:10:01.513,2211932,7.894,5.229,4.820,-0.908,2.250,-0.831,-77.850,7.200,-44.550,35.8
16:10:01.573,2211986,7.166,5.365,5.626,-0.857,2.279,-0.813,-77.850,7.200,-44.550,35.9
16:10:01.633,2212040,6.084,4.975,6.472,-0.520,2.174,-0.758,-77.850,7.200,-44.550,35.9
16:10:01.693,2212094,5.339,4.851,6.076,-0.445,2.141,-0.652,-77.850,7.200,-44.550,35.9
16:10:01.753,2212148,4.417,5.514,8.375,-0.821,2.188,-0.474,-77.850,7.200,-44.550,36.0
16:10:01.813,2212202,3.814,4.168,6.795,-0.936,2.118,-0.347,-78.000,34.500,18.750,36.0
16:10:01.873,2212256,1.317,3.460,8.253,-0.462,1.972,-0.349,-78.000,34.500,18.750,35.9
16:10:01.933,2212310,0.673,4.207,8.289,0.162,1.823,-0.354,-68.100,33.600,36.450,35.9
16:10:01.993,2212364,-0.330,4.142,8.109,-0.178,1.694,-0.362,-52.350,35.700,48.300,35.8
16:10:01.994,2212418,-1.374,3.721,7.604,-0.429,1.495,-0.284,-52.350,35.700,48.300,35.8
16:10:02.053,2212472,-1.997,3.464,8.301,-0.366,1.316,-0.329,-39.000,34.800,56.250,35.5
16:10:02.113,2212526,-2.919,3.397,7.341,-0.143,1.082,-0.341,-39.000,34.800,56.250,35.9
16:10:02.173,2212580,-3.558,3.067,7.532,-0.075,0.848,-0.326,-27.450,32.850,61.350,36.0
16:10:02.233,2212634,-3.888,2.849,6.783,0.173,0.628,-0.269,-27.450,32.850,61.350,35.8
16:10:02.293,2212688,-4.029,2.794,7.168,0.136,0.367,-0.226,-27.450,32.850,61.350,35.8
16:10:02.354,2212742,-4.372,3.098,7.805,0.041,0.157,-0.097,-27.450,32.850,61.350,36.0
16:10:02.413,2212796,-4.573,3.005,8.133,0.001,0.121,-0.043,-27.450,32.850,61.350,36.0
16:10:02.474,2212850,-4.635,3.160,7.817,0.028,0.017,-0.008,-27.450,32.850,61.350,35.9
16:10:02.593,2212904,-4.532,3.467,8.334,0.080,-0.001,-0.041,-17.400,33.150,62.100,35.8
16:10:02.595,2212958,-4.781,3.551,8.018,-0.084,-0.046,-0.036,-17.400,33.150,62.100,35.7
16:10:02.595,2213012,-4.587,3.632,7.702,-0.062,-0.021,0.048,-16.950,34.200,62.700,35.9
16:10:02.653,2213066,-4.360,3.338,8.001,-0.155,-0.145,0.119,-17.400,33.600,63.600,36.0
16:10:02.713,2213120,-4.278,2.679,6.644,0.280,-0.358,0.139,-17.400,33.600,63.600,36.0
16:10:02.773,2213174,-3.625,3.428,7.113,0.521,-0.726,0.192,-20.550,35.700,63.300,36.0
16:10:02.834,2213228,-3.369,3.589,7.056,0.497,-1.062,0.278,-20.550,35.700,63.300,36.0
16:10:02.893,2213282,-2.653,3.819,8.006,0.325,-1.366,0.379,-30.600,37.200,58.200,36.0
16:10:03.013,2213336,-1.846,4.314,8.301,0.408,-1.558,0.465,-30.600,37.200,58.200,36.0
16:10:03.014,2213390,-0.974,4.496,8.794,0.423,-1.673,0.540,-30.600,37.200,58.200,35.8
16:10:03.073,2213444,-0.151,4.472,7.908,0.396,-1.628,0.607,-30.600,37.200,58.200,35.9
16:10:03.074,2213498,0.587,5.334,8.813,0.194,-1.672,0.631,-30.600,37.200,58.200,36.0
16:10:03.133,2213552,1.343,5.224,8.765,0.518,-1.685,0.665,-30.600,37.200,58.200,35.9
16:10:03.195,2213606,2.519,4.223,6.031,0.310,-1.610,0.758,-70.050,36.600,28.800,36.0
16:10:03.255,2213660,3.627,5.674,8.847,0.385,-1.696,0.814,-79.050,33.750,14.400,35.8
16:10:03.314,2213714,4.329,4.980,7.331,0.539,-1.536,0.765,-79.050,33.750,14.400,36.2
16:10:03.373,2213768,5.971,4.621,4.410,0.173,-1.606,0.695,-84.150,25.500,-0.300,35.9
16:10:03.433,2213822,6.536,6.735,7.633,0.019,-1.845,0.736,-84.150,25.500,-0.300,35.8
16:10:03.493,2213876,6.891,4.448,3.692,0.540,-1.564,0.670,-85.950,17.400,-16.350,35.5
16:10:03.553,2213930,7.908,4.748,5.825,0.570,-1.562,0.739,-85.950,17.400,-16.350,36.0
16:10:03.614,2213984,7.913,4.355,3.867,0.746,-1.538,0.755,-83.100,8.400,-33.600,36.0
16:10:03.614,2214038,8.387,5.126,4.810,0.660,-1.572,0.752,-83.100,8.400,-33.600,35.9
16:10:03.674,2214092,9.503,5.045,1.724,0.412,-1.371,0.726,-83.100,8.400,-33.600,35.9
16:10:03.733,2214146,9.431,4.135,2.452,0.367,-1.286,0.670,-83.100,8.400,-33.600,35.9
16:10:03.795,2214200,9.692,4.334,1.384,0.411,-1.079,0.578,-65.700,-9.750,-56.850,35.8
16:10:03.855,2214254,9.579,3.905,1.257,0.249,-0.814,0.547,-58.050,-15.000,-64.650,36.0
16:10:03.913,2214308,9.620,3.402,1.068,0.459,-0.638,0.508,-58.050,-15.000,-64.650,35.9
16:10:03.973,2214362,8.976,3.725,0.812,0.325,-0.624,0.523,-52.650,-19.800,-64.800,35.5
16:10:04.033,2214416,9.323,3.184,0.077,0.238,-0.560,0.452,-52.650,-19.800,-64.800,36.1
16:10:04.093,2214470,9.582,2.897,-0.029,0.084,-0.437,0.316,-44.850,-24.450,-67.050,35.8
16:10:04.153,2214524,9.515,2.749,-0.881,0.090,-0.354,0.316,-44.850,-24.450,-67.050,35.8
16:10:04.154,2214578,9.493,2.267,-1.614,0.219,-0.246,0.216,-41.100,-26.400,-67.800,36.0
16:10:04.213,2214632,9.282,2.308,-1.417,0.348,-0.137,0.150,-41.100,-26.400,-67.800,35.8
16:10:04.274,2214686,9.366,2.334,-1.360,0.208,-0.124,0.067,-38.550,-30.600,-68.850,36.0
16:10:04.335,2214740,9.428,2.545,-1.049,-0.045,-0.031,0.011,-38.550,-30.600,-68.850,36.0
16:10:04.395,2214794,9.601,2.588,-0.771,-0.285,0.082,-0.102,-38.550,-30.600,-68.850,35.5
16:10:04.455,2214848,9.831,3.175,0.136,-0.447,0.387,-0.323,-38.550,-30.600,-68.850,35.5
16:10:04.513,2214902,10.281,3.199,-0.127,-0.817,0.858,-0.640,-40.350,-28.800,-67.350,36.0
16:10:04.573,2214956,10.068,4.164,1.221,-0.826,1.190,-0.833,-47.850,-21.450,-67.800,35.8
16:10:04.633,2215010,9.962,4.482,1.556,-0.926,1.487,-1.021,-47.850,-21.450,-67.800,36.0
16:10:04.694,2215064,9.845,4.544,1.978,-0.555,1.872,-1.139,-61.650,-8.250,-60.000,36.0
16:10:04.695,2215118,9.285,5.332,3.177,-0.381,2.056,-1.124,-61.650,-8.250,-60.000,36.0
16:10:04.754,2215172,8.772,5.358,3.898,-0.609,2.204,-1.080,-76.350,3.750,-45.300,35.9
16:10:04.813,2215226,7.819,5.059,5.160,-0.615,2.218,-1.069,-76.350,3.750,-45.300,36.0
16:10:04.875,2215280,7.424,5.605,5.380,-0.535,2.260,-1.026,-83.550,16.800,-26.100,35.9
16:10:04.934,2215334,6.584,5.409,6.340,-0.521,2.262,-0.947,-83.550,16.800,-26.100,35.7
16:10:04.995,2215388,5.574,5.260,6.555,-0.664,2.184,-0.799,-84.750,26.100,-2.700,36.0
16:10:05.055,2215442,4.503,4.417,7.149,-0.764,2.186,-0.834,-84.750,26.100,-2.700,36.0
16:10:05.114,2215496,2.435,4.599,7.733,-0.415,2.001,-0.716,-84.750,26.100,-2.700,35.8
16:10:05.175,2215550,1.551,4.767,6.802,0.289,1.740,-0.487,-66.450,39.600,35.250,36.0
16:10:05.233,2215604,0.359,4.736,7.005,0.184,1.558,-0.349,-66.450,39.600,35.250,35.8
16:10:05.234,2215658,-0.333,4.688,7.410,-0.229,1.308,-0.257,-57.150,41.550,43.650,36.0
16:10:05.293,2215712,-0.848,4.527,7.697,-0.389,1.147,-0.315,-57.150,41.550,43.650,36.2
16:10:05.353,2215766,-1.662,4.614,8.976,-0.385,1.014,-0.368,-43.350,39.900,52.800,35.9
16:10:05.474,2215820,-2.425,4.774,8.454,-0.214,0.979,-0.375,-43.350,39.900,52.800,35.9
16:10:05.474,2215874,-3.146,4.530,8.617,-0.291,0.970,-0.373,-34.050,40.650,56.400,35.8
16:10:05.653,2215928,-3.383,4.544,7.709,-0.246,0.954,-0.341,-34.050,40.650,56.400,36.2
16:10:05.654,2215982,-3.840,3.754,7.106,-0.174,0.917,-0.356,-24.450,39.000,60.600,35.9
16:10:05.655,2216036,-4.187,3.931,6.847,0.198,0.756,-0.278,-24.450,39.000,60.600,36.0
16:10:05.714,2216090,-4.451,4.073,8.042,0.223,0.587,-0.265,-24.450,39.000,60.600,36.0
16:10:05.773,2216144,-5.310,4.156,7.554,0.130,0.396,-0.264,-24.450,39.000,60.600,36.0
16:10:05.774,2216198,-5.397,3.661,7.142,0.157,0.242,-0.200,-24.450,39.000,60.600,36.2
16:10:05.833,2216252,-5.169,4.496,7.393,0.106,0.044,-0.189,-6.000,40.350,63.300,36.0
16:10:05.893,2216306,-5.308,3.596,6.141,0.045,-0.035,-0.058,-6.000,40.350,63.300,35.9
16:10:05.953,2216360,-5.205,4.089,7.338,-0.131,-0.147,0.000,-6.600,40.500,61.650,36.0
16:10:06.013,2216414,-4.925,3.780,7.082,-0.195,-0.312,0.080,-6.600,40.500,61.650,35.8
16:10:06.073,2216468,-5.164,3.105,6.474,0.029,-0.327,0.172,-10.050,40.950,62.400,36.0
16:10:06.133,2216522,-4.755,3.316,6.651,0.152,-0.617,0.206,-10.050,40.950,62.400,36.0
16:10:06.193,2216576,-4.673,3.685,6.804,0.228,-0.869,0.288,-15.150,41.250,62.100,35.8
16:10:06.253,2216630,-3.821,3.464,6.433,0.218,-1.229,0.480,-15.150,41.250,62.100,36.1
16:10:06.315,2216684,-2.624,4.219,6.996,0.172,-1.493,0.665,-24.900,43.200,57.750,36.0
16:10:06.315,2216738,-2.112,4.094,7.812,0.307,-1.632,0.693,-24.900,43.200,57.750,36.0
16:10:06.375,2216792,-0.974,4.906,7.338,0.411,-1.708,0.764,-24.900,43.200,57.750,36.0
16:10:06.434,2216846,0.060,6.316,9.515,0.564,-1.778,0.869,-24.900,43.200,57.750,35.8
16:10:06.494,2216900,0.718,5.698,8.052,0.532,-1.698,0.928,-24.900,43.200,57.750,35.9
16:10:06.554,2216954,2.203,5.241,6.072,0.563,-1.644,0.911,-70.050,38.550,29.550,36.0
16:10:06.613,2217008,3.287,6.555,8.380,0.775,-1.725,0.946,-70.050,38.550,29.550,36.0
16:10:06.673,2217062,4.410,6.864,6.539,0.581,-1.632,0.856,-80.250,33.450,15.900,36.0
16:10:06.733,2217116,5.478,5.490,5.921,0.201,-1.674,0.880,-80.250,33.450,15.900,36.0
16:10:06.793,2217170,6.086,6.584,6.515,0.105,-1.750,0.896,-85.800,26.400,-1.200,35.6
16:10:06.853,2217224,6.409,5.437,5.224,0.317,-1.566,0.746,-85.800,26.400,-1.200,35.8
16:10:06.854,2217278,7.384,5.794,6.340,0.219,-1.410,0.685,-87.000,17.850,-17.700,36.1
16:10:06.913,2217332,7.293,6.014,5.246,0.005,-1.333,0.566,-87.000,17.850,-17.700,36.0
16:10:06.973,2217386,7.776,5.346,4.355,0.131,-1.111,0.507,-82.650,9.600,-29.850,36.0
16:10:07.033,2217440,7.977,5.291,4.475,0.201,-1.051,0.476,-82.650,9.600,-29.850,36.0
16:10:07.093,2217494,8.413,4.585,2.581,0.249,-0.798,0.463,-82.650,9.600,-29.850,35.9
16:10:07.153,2217548,8.490,4.645,3.385,0.182,-0.868,0.459,-82.650,9.600,-29.850,35.6
16:10:07.213,2217602,8.775,4.310,2.025,0.309,-0.760,0.423,-82.650,9.600,-29.850,35.9
16:10:07.273,2217656,8.830,4.305,1.671,0.299,-0.713,0.384,-69.300,-10.350,-54.450,35.8
16:10:07.333,2217710,9.273,4.477,1.523,0.159,-0.654,0.381,-69.300,-10.350,-54.450,35.8
16:10:07.393,2217764,9.103,3.773,0.773,0.175,-0.618,0.376,-64.800,-14.250,-56.250,36.0
16:10:07.394,2217818,9.096,3.845,0.611,0.217,-0.611,0.339,-64.800,-14.250,-56.250,35.8
16:10:07.453,2217872,8.993,3.428,0.223,0.296,-0.578,0.346,-57.450,-18.750,-60.000,35.9
16:10:07.513,2217926,9.251,3.632,0.335,0.382,-0.524,0.326,-57.450,-18.750,-60.000,35.8
16:10:07.573,2217980,9.378,3.388,-0.232,0.335,-0.444,0.300,-52.800,-23.850,-63.600,36.0
16:10:07.634,2218034,9.323,3.206,-0.287,0.386,-0.404,0.301,-52.800,-23.850,-63.600,36.0
16:10:07.693,2218088,9.438,2.626,-0.939,0.445,-0.348,0.282,-49.350,-24.150,-65.850,36.2
16:10:07.755,2218142,9.412,2.717,-1.006,0.421,-0.277,0.242,-49.350,-24.150,-65.850,35.7
16:10:07.815,2218196,9.469,2.658,-1.152,0.310,-0.278,0.199,-49.350,-24.150,-65.850,35.8
16:10:07.874,2218250,9.309,3.191,-0.812,0.028,-0.063,0.012,-42.750,-31.650,-65.700,36.0
16:10:07.934,2218304,9.488,2.966,-0.517,-0.292,0.100,-0.140,-42.750,-31.650,-65.700,36.0
16:10:07.935,2218358,10.008,3.780,-0.105,-0.541,0.532,-0.440,-44.250,-31.200,-64.650,36.0
16:10:07.995,2218412,10.022,3.859,1.075,-0.840,0.935,-0.705,-44.250,-31.200,-64.650,36.0
16:10:08.053,2218466,10.089,4.436,1.135,-0.718,1.294,-0.829,-51.000,-23.850,-64.650,36.0
16:10:08.113,2218520,10.123,4.144,1.664,-0.614,1.709,-1.023,-51.000,-23.850,-64.650,36.0
16:10:08.233,2218574,9.867,5.095,1.769,-0.585,2.002,-1.053,-64.050,-13.500,-57.750,35.8
16:10:08.234,2218628,9.206,4.836,3.084,-0.507,2.180,-1.018,-64.050,-13.500,-57.750,35.8
16:10:08.294,2218682,8.562,5.478,3.903,-0.445,2.194,-1.005,-78.000,-0.450,-42.150,35.5
16:10:08.355,2218736,7.616,5.490,4.968,-0.587,2.214,-0.929,-86.550,12.450,-22.350,36.0
16:10:08.473,2218790,6.572,5.162,5.076,-0.622,2.153,-0.891,-86.550,12.450,-22.350,36.0
16:10:08.474,2218844,5.966,5.602,6.199,-0.745,2.101,-0.767,-86.550,12.450,-22.350,36.0
16:10:08.475,2218898,4.853,5.186,7.190,-0.804,2.068,-0.665,-86.550,12.450,-22.350,35.9
16:10:08.533,2218952,3.687,4.812,7.269,-0.481,2.055,-0.690,-80.850,27.750,19.650,36.0
16:10:08.594,2219006,2.195,5.049,7.728,-0.176,1.891,-0.565,-80.850,27.750,19.650,36.0
16:10:08.654,2219060,1.721,4.767,7.075,-0.206,1.795,-0.465,-66.750,32.550,35.250,35.9
16:10:08.773,2219114,0.393,5.260,7.939,-0.496,1.535,-0.395,-66.750,32.550,35.250,35.5
16:10:08.774,2219168,-0.321,3.972,7.049,-0.200,1.308,-0.335,-57.450,32.550,48.300,36.0
16:10:08.834,2219222,-0.958,3.917,8.155,-0.071,1.132,-0.342,-57.450,32.550,48.300,35.9
16:10:08.893,2219276,-1.590,4.266,7.834,-0.185,0.910,-0.349,-44.400,34.200,54.600,35.8
16:10:08.953,2219330,-2.215,4.077,7.465,-0.173,0.729,-0.303,-44.400,34.200,54.600,36.0
16:10:09.013,2219384,-2.787,3.560,8.083,0.015,0.501,-0.248,-35.850,33.000,59.700,35.9
16:10:09.074,2219438,-2.887,4.197,8.277,-0.011,0.366,-0.207,-29.250,32.550,60.450,36.0
16:10:09.075,2219492,-2.988,4.003,8.021,-0.069,0.310,-0.186,-29.250,32.550,60.450,36.0
16:10:09.133,2219546,-3.733,3.776,8.430,-0.377,0.296,-0.175,-29.250,32.550,60.450,36.2
16:10:09.194,2219600,-3.821,3.270,7.089,0.127,0.236,-0.136,-29.250,32.550,60.450,35.8
16:10:09.253,2219654,-3.682,4.183,8.358,0.217,0.179,-0.118,-24.300,32.550,61.500,36.0
16:10:09.313,2219708,-3.757,4.075,8.013,0.171,0.148,-0.090,-24.300,32.550,61.500,35.8
16:10:09.373,2219762,-3.886,4.709,8.255,-0.100,0.089,-0.115,-22.350,34.350,62.850,35.8
16:10:09.433,2219816,-4.135,4.185,7.887,-0.092,0.028,-0.060,-22.350,34.350,62.850,36.0
16:10:09.493,2219870,-4.063,3.862,8.487,0.151,0.034,-0.063,-21.150,33.600,62.850,36.0
16:10:09.553,2219924,-4.037,4.214,7.630,0.106,-0.031,-0.051,-21.150,33.600,62.850,36.0
16:10:09.554,2219978,-4.152,4.192,8.080,0.108,-0.055,-0.021,-21.300,36.450,62.700,36.0
16:10:09.613,2220032,-4.003,4.298,7.678,-0.129,-0.126,0.043,-21.000,36.150,61.500,35.6
16:10:09.673,2220086,-3.946,3.721,7.228,0.102,-0.143,0.068,-21.000,36.150,61.500,35.9
16:10:09.734,2220140,-3.713,3.730,7.381,0.463,-0.433,0.116,-22.350,37.500,62.400,35.6
16:10:09.793,2220194,-3.378,4.278,6.285,0.558,-0.724,0.255,-22.350,37.500,62.400,36.0
16:10:09.853,2220248,-2.523,4.175,7.049,0.497,-1.087,0.528,-22.350,37.500,62.400,36.0
16:10:09.913,2220302,-1.970,4.403,7.367,0.485,-1.385,0.653,-22.350,37.500,62.400,36.0
16:10:09.974,2220356,-0.646,4.944,5.729,0.764,-1.559,0.763,-41.850,39.600,52.050,36.0
16:10:10.034,2220410,-0.352,5.684,8.114,0.679,-1.663,0.918,-41.850,39.600,52.050,36.0
16:10:10.093,2220464,0.845,5.918,6.433,0.576,-1.622,1.018,-57.300,40.950,40.950,36.0
16:10:10.094,2220518,1.697,5.657,7.930,0.442,-1.597,1.033,-57.300,40.950,40.950,35.8
16:10:10.153,2220572,2.811,6.012,6.354,0.390,-1.616,0.920,-72.450,38.400,30.450,35.5
16:10:10.273,2220626,4.415,6.704,6.625,0.365,-1.608,0.828,-80.400,31.200,16.350,36.0
16:10:10.274,2220680,4.834,6.467,8.265,0.324,-1.589,0.872,-80.400,31.200,16.350,36.1
16:10:10.333,2220734,5.617,6.026,3.735,0.224,-1.531,0.798,-87.000,22.500,0.150,36.0
16:10:10.393,2220788,6.491,5.708,7.633,0.182,-1.522,0.954,-87.000,22.500,0.150,36.0
16:10:10.455,2220842,6.713,6.383,4.523,0.200,-1.478,0.827,-87.000,22.500,0.150,36.0
16:10:10.513,2220896,8.219,6.029,4.049,0.364,-1.233,0.813,-87.000,22.500,0.150,35.9
16:10:10.574,2220950,7.707,5.061,5.586,-0.188,-1.302,0.729,-87.000,22.500,0.150,36.0
16:10:10.633,2221004,8.722,5.279,2.392,0.063,-1.070,0.573,-87.000,22.500,0.150,35.7
16:10:10.634,2221058,8.633,4.583,3.728,0.272,-1.022,0.548,-78.600,-3.450,-39.000,35.8
16:10:10.693,2221112,8.612,5.033,2.040,0.400,-0.893,0.559,-78.600,-3.450,-39.000,35.9
16:10:10.813,2221166,8.598,4.207,2.351,0.447,-0.926,0.568,-73.650,-10.050,-46.350,36.0
16:10:10.814,2221220,9.538,4.357,1.168,0.185,-0.867,0.522,-73.650,-10.050,-46.350,36.0
16:10:10.874,2221274,9.131,3.943,1.312,0.085,-0.776,0.512,-65.700,-16.350,-53.100,36.0
16:10:10.935,2221328,9.402,3.632,0.371,0.317,-0.685,0.436,-59.400,-22.200,-58.650,36.0
16:10:10.993,2221382,9.330,3.467,0.232,0.451,-0.566,0.409,-59.400,-22.200,-58.650,36.0
16:10:11.053,2221436,9.273,3.426,-0.017,0.515,-0.558,0.369,-55.050,-27.000,-58.800,35.9
16:10:11.113,2221490,9.297,3.196,-0.716,0.235,-0.501,0.321,-55.050,-27.000,-58.800,35.8
16:10:11.173,2221544,9.242,2.942,-0.704,-0.033,-0.446,0.226,-55.050,-27.000,-58.800,35.5
16:10:11.174,2221598,9.380,2.866,-0.984,-0.109,-0.315,0.126,-55.050,-27.000,-58.800,35.8
16:10:11.233,2221652,9.359,2.638,-0.886,-0.003,-0.235,0.076,-55.050,-27.000,-58.800,36.0
16:10:11.293,2221706,9.206,2.365,-1.386,0.103,-0.151,0.079,-55.050,-27.000,-58.800,35.9
16:10:11.353,2221760,9.244,2.650,-1.053,0.146,-0.133,0.079,-43.650,-32.250,-64.500,35.8
16:10:11.414,2221814,9.232,2.636,-1.176,0.145,-0.108,0.078,-43.650,-32.250,-64.500,36.0
16:10:11.473,2221868,9.098,2.579,-1.288,0.093,-0.028,0.055,-42.750,-33.900,-62.850,36.0
16:10:11.535,2221922,9.407,2.693,-1.053,-0.059,0.066,-0.068,-44.250,-32.400,-63.150,36.0
16:10:11.593,2221976,9.821,3.309,-0.503,-0.268,0.275,-0.225,-44.250,-32.400,-63.150,35.8
16:10:11.655,2222030,10.226,3.531,-0.266,-0.719,0.678,-0.527,-48.150,-31.800,-64.500,35.6
16:10:11.713,2222084,10.453,4.300,0.637,-0.889,1.269,-0.874,-48.150,-31.800,-64.500,36.0
16:10:11.714,2222138,10.209,4.087,1.197,-0.869,1.662,-1.011,-57.150,-21.000,-60.000,35.9
16:10:11.773,2222192,9.862,5.167,2.545,-0.986,1.924,-1.144,-57.150,-21.000,-60.000,36.1
16:10:11.833,2222246,9.534,4.815,3.596,-0.990,2.172,-1.200,-57.150,-21.000,-60.000,36.0
16:10:11.894,2222300,8.760,5.246,3.517,-0.881,2.263,-1.206,-57.150,-21.000,-60.000,35.8
16:10:11.953,2222354,8.040,5.318,5.121,-0.611,2.366,-1.108,-57.150,-21.000,-60.000,35.6
16:10:12.013,2222408,6.823,5.373,5.243,-0.508,2.400,-1.059,-57.150,-21.000,-60.000,36.0
16:10:12.073,2222462,6.139,5.847,7.068,-0.295,2.390,-0.981,-86.400,20.100,-10.200,35.5
16:10:12.134,2222516,4.547,5.698,7.082,-0.371,2.283,-0.954,-80.850,25.800,14.550,35.8
16:10:12.193,2222570,3.041,5.454,6.565,-0.255,2.208,-0.844,-80.850,25.800,14.550,35.9
16:10:12.253,2222624,2.588,5.128,7.175,-0.138,2.107,-0.761,-69.750,34.950,32.250,35.9
16:10:12.254,2222678,0.876,5.564,7.259,-0.098,1.941,-0.780,-69.750,34.950,32.250,36.0
16:10:12.313,2222732,-0.651,5.229,7.269,-0.114,1.693,-0.666,-52.650,39.900,44.400,35.8
16:10:12.373,2222786,-1.583,4.851,6.723,-0.297,1.524,-0.627,-52.650,39.900,44.400,36.0
16:10:12.434,2222840,-2.076,4.774,6.685,-0.500,1.273,-0.547,-35.400,40.500,54.750,36.1
16:10:12.493,2222894,-2.768,4.357,7.331,-0.620,1.053,-0.516,-35.400,40.500,54.750,36.0
16:10:12.553,2222948,-3.615,3.555,6.744,-0.126,0.694,-0.445,-35.400,40.500,54.750,35.9
16:10:12.614,2223002,-3.670,3.740,6.735,-0.091,0.479,-0.337,-35.400,40.500,54.750,36.0
16:10:12.674,2223056,-4.609,3.733,6.522,-0.335,0.234,-0.272,-35.400,40.500,54.750,35.6
16:10:12.735,2223110,-4.506,3.929,7.843,-0.200,0.097,-0.208,-35.400,40.500,54.750,36.0
16:10:12.795,2223164,-4.470,3.730,6.778,-0.244,0.059,-0.068,-16.350,35.850,63.150,36.0
16:10:12.795,2223218,-4.793,3.127,7.580,-0.108,0.056,0.030,-14.400,34.800,63.900,36.0
16:10:12.853,2223272,-4.216,4.266,8.088,-0.013,0.046,0.062,-14.400,34.800,63.900,36.0
16:10:12.914,2223326,-4.583,3.642,7.295,0.166,0.023,0.010,-15.750,34.500,62.250,35.9
16:10:12.973,2223380,-4.738,3.938,7.719,0.109,-0.071,0.018,-15.750,34.500,62.250,36.0
16:10:13.033,2223434,-4.599,3.790,7.142,-0.122,-0.156,-0.052,-12.750,34.950,63.000,35.5
16:10:13.093,2223488,-4.104,3.414,6.100,0.224,-0.386,0.020,-12.750,34.950,63.000,35.9
16:10:13.153,2223542,-3.907,3.812,7.511,0.222,-0.602,0.246,-15.600,35.100,63.150,35.9
16:10:13.213,2223596,-3.606,3.876,6.984,0.236,-0.811,0.434,-15.600,35.100,63.150,36.0
16:10:13.273,2223650,-3.115,3.869,7.628,0.387,-0.991,0.537,-15.600,35.100,63.150,35.9
16:10:13.333,2223704,-2.516,4.468,6.912,0.316,-1.204,0.576,-15.600,35.100,63.150,36.0
16:10:13.334,2223758,-1.877,4.484,7.568,0.362,-1.381,0.636,-35.400,39.000,55.500,35.7
16:10:13.393,2223812,-0.857,5.045,8.466,0.309,-1.442,0.785,-49.500,37.050,48.900,36.0
16:10:13.453,2223866,0.223,5.452,7.113,0.232,-1.613,0.842,-49.500,37.050,48.900,35.4
16:10:13.514,2223920,0.642,5.339,8.497,0.439,-1.705,0.888,-64.050,35.850,37.200,35.4
16:10:13.574,2223974,2.239,5.114,6.905,0.456,-1.686,0.891,-64.050,35.850,37.200,36.0
16:10:13.633,2224028,3.632,6.160,6.519,0.451,-1.715,0.883,-75.000,30.600,24.300,36.0
16:10:13.693,2224082,4.096,6.646,8.310,0.521,-1.793,0.900,-75.000,30.600,24.300,36.0
16:10:13.753,2224136,5.258,4.975,4.420,0.482,-1.693,0.926,-81.600,24.300,10.200,36.0
16:10:13.813,2224190,6.194,5.918,7.209,0.514,-1.724,0.932,-81.600,24.300,10.200,35.8
16:10:13.873,2224244,7.008,6.227,4.707,-0.011,-1.672,0.895,-86.250,14.100,-7.800,35.9
16:10:13.874,2224298,7.616,4.930,5.832,0.088,-1.569,0.779,-86.250,14.100,-7.800,36.0
16:10:13.933,2224352,8.246,5.013,4.836,0.175,-1.510,0.636,-86.250,14.100,-7.800,35.7
16:10:13.993,2224406,8.720,4.796,2.686,0.349,-1.265,0.637,-86.250,14.100,-7.800,35.4
16:10:14.053,2224460,8.243,4.542,3.230,0.468,-1.422,0.588,-81.600,-3.000,-36.150,36.0
16:10:14.113,2224514,9.318,4.597,2.021,0.344,-1.327,0.649,-73.350,-10.350,-47.100,35.9
16:10:14.173,2224568,9.625,3.752,2.169,-0.075,-1.172,0.648,-73.350,-10.350,-47.100,35.8
16:10:14.233,2224622,9.428,3.869,1.305,0.277,-1.041,0.474,-64.050,-15.450,-56.250,35.9
16:10:14.294,2224676,9.366,3.972,0.546,0.165,-1.015,0.521,-64.050,-15.450,-56.250,36.0
16:10:14.353,2224730,9.455,3.328,0.283,0.226,-0.831,0.480,-57.150,-20.550,-59.700,36.0
16:10:14.413,2224784,9.855,3.309,0.120,0.255,-0.630,0.412,-57.150,-20.550,-59.700,36.0
16:10:14.414,2224838,9.388,3.472,-0.287,0.148,-0.407,0.307,-50.400,-27.150,-64.500,36.0
16:10:14.473,2224892,9.227,2.978,0.031,0.245,-0.339,0.284,-50.400,-27.150,-64.500,35.4
16:10:14.533,2224946,9.309,2.152,-0.409,0.219,-0.189,0.127,-50.400,-27.150,-64.500,36.0
16:10:14.594,2225000,9.280,3.017,-0.259,0.025,0.047,0.031,-50.400,-27.150,-64.500,36.0
16:10:14.654,2225054,9.419,3.151,-1.020,-0.124,0.153,-0.095,-50.400,-27.150,-64.500,35.9
16:10:14.714,2225108,9.495,3.285,-0.670,0.339,0.357,-0.235,-44.250,-28.950,-63.600,36.0
16:10:14.773,2225162,9.455,3.349,0.309,0.031,0.609,-0.402,-44.250,-28.950,-63.600,36.0
16:10:14.833,2225216,9.816,3.924,0.620,-0.580,0.803,-0.561,-51.900,-27.600,-62.250,36.1
16:10:14.893,2225270,9.859,3.857,0.761,-1.005,0.918,-0.640,-51.900,-27.600,-62.250,35.8
16:10:14.953,2225324,9.682,4.207,1.695,-0.721,1.157,-0.810,-60.150,-18.750,-58.200,35.5
16:10:14.954,2225378,10.082,4.709,1.724,-0.626,1.460,-0.943,-60.150,-18.750,-58.200,35.8
16:10:15.013,2225432,9.345,5.164,3.871,-0.723,1.788,-1.059,-70.200,-9.000,-50.250,36.0
16:10:15.074,2225486,8.861,5.722,4.123,-0.900,1.904,-1.078,-70.200,-9.000,-50.250,36.0
16:10:15.134,2225540,8.229,5.332,5.126,-0.749,2.053,-1.088,-79.800,4.350,-36.000,36.0
16:10:15.193,2225594,7.726,5.303,4.796,-0.600,2.170,-1.043,-79.800,4.350,-36.000,35.8
16:10:15.253,2225648,6.258,5.059,6.816,-0.521,2.200,-0.974,-79.800,4.350,-36.000,35.9
16:10:15.313,2225702,5.291,5.681,5.789,-0.366,2.146,-0.931,-79.800,4.350,-36.000,35.8
16:10:15.373,2225756,4.125,5.411,7.197,-0.345,2.105,-0.882,-79.800,4.350,-36.000,36.0
16:10:15.433,2225810,3.132,5.504,7.525,-0.469,1.993,-0.792,-76.950,33.750,24.300,35.5
16:10:15.493,2225864,1.750,5.602,7.724,-0.414,1.877,-0.735,-76.950,33.750,24.300,36.0
16:10:15.494,2225918,0.699,5.116,7.712,-0.492,1.828,-0.657,-62.700,36.900,40.350,36.0
16:10:15.553,2225972,-0.242,4.362,7.393,-0.449,1.707,-0.600,-62.700,36.900,40.350,36.0
16:10:15.613,2226026,-0.950,4.300,7.037,-0.352,1.559,-0.540,-45.450,38.550,52.650,35.9
16:10:15.674,2226080,-2.083,3.955,8.128,-0.099,1.253,-0.462,-45.450,38.550,52.650,35.9
16:10:15.733,2226134,-2.444,3.802,7.870,0.001,1.092,-0.409,-32.100,39.900,57.900,36.0
16:10:15.793,2226188,-3.251,4.235,7.626,-0.392,0.866,-0.352,-32.100,39.900,57.900,36.1
16:10:15.853,2226242,-4.202,3.378,5.780,-0.220,0.690,-0.299,-21.900,38.550,61.650,36.0
16:10:15.913,2226296,-4.571,3.045,7.913,0.150,0.554,-0.238,-21.900,38.550,61.650,35.5
16:10:15.973,2226350,-4.942,4.583,8.018,0.213,0.400,-0.196,-21.900,38.550,61.650,36.0
16:10:16.034,2226404,-4.894,3.733,6.907,-0.031,0.286,-0.165,-9.450,37.950,62.250,36.0
16:10:16.035,2226458,-5.131,3.172,7.740,0.065,0.149,-0.087,-9.450,37.950,62.250,35.8
16:10:16.093,2226512,-4.990,4.180,7.671,-0.003,-0.011,0.003,-9.750,38.400,63.000,36.2
16:10:16.153,2226566,-5.250,3.428,6.943,-0.023,-0.048,0.064,-9.750,38.400,63.000,35.8
16:10:16.213,2226620,-5.023,4.434,8.408,-0.080,-0.149,0.071,-8.700,38.400,62.700,35.8
16:10:16.273,2226674,-5.296,4.405,7.288,-0.067,-0.042,0.057,-8.700,38.400,62.700,35.8
16:10:16.333,2226728,-5.282,3.900,7.128,-0.196,-0.107,0.097,-9.600,36.600,63.900,35.4
16:10:16.395,2226782,-4.887,3.455,7.025,0.233,-0.338,0.191,-9.600,36.600,63.900,35.5
16:10:16.453,2226836,-3.907,3.673,6.115,0.367,-0.645,0.331,-12.450,37.650,63.750,36.0
16:10:16.513,2226890,-3.891,4.073,7.669,0.282,-0.935,0.447,-12.450,37.650,63.750,36.0
16:10:16.574,2226944,-3.400,4.295,6.812,0.027,-1.227,0.475,-19.050,40.650,60.750,35.9
16:10:16.574,2226998,-2.682,3.740,7.147,0.188,-1.355,0.500,-19.050,40.650,60.750,36.0
16:10:16.633,2227052,-1.784,5.121,8.171,0.329,-1.458,0.518,-19.050,40.650,60.750,35.9
16:10:16.693,2227106,-1.075,5.071,7.683,0.185,-1.476,0.577,-46.950,39.750,49.650,35.9
16:10:16.753,2227160,-0.359,4.966,9.565,0.035,-1.592,0.670,-46.950,39.750,49.650,35.8
16:10:16.813,2227214,0.797,5.485,7.628,0.414,-1.527,0.553,-59.250,38.250,42.750,35.9
16:10:16.875,2227268,1.518,5.042,9.201,0.667,-1.444,0.609,-59.250,38.250,42.750,35.8
16:10:16.934,2227322,2.282,6.582,8.260,0.516,-1.494,0.665,-71.700,35.700,29.400,36.0
16:10:16.993,2227376,2.847,5.959,7.702,0.323,-1.472,0.762,-71.700,35.700,29.400,36.2
16:10:17.055,2227430,4.044,7.116,8.473,0.274,-1.444,0.744,-80.100,31.650,16.350,36.0
16:10:17.115,2227484,4.401,5.229,5.114,0.551,-1.398,0.716,-80.100,31.650,16.350,36.0
16:10:17.115,2227538,5.301,5.234,6.263,0.725,-1.443,0.719,-85.650,25.500,5.400,35.9
16:10:17.174,2227592,5.804,6.625,6.661,0.368,-1.410,0.869,-85.650,25.500,5.400,36.0
16:10:17.233,2227646,6.888,4.975,3.874,0.258,-1.202,0.719,-85.650,25.500,5.400,36.0
16:10:17.294,2227700,7.381,5.569,6.519,0.014,-1.092,0.648,-85.650,25.500,5.400,35.5
16:10:17.353,2227754,7.398,5.140,3.235,-0.351,-1.054,0.529,-85.650,25.500,5.400,35.8
16:10:17.413,2227808,7.544,4.688,4.317,0.106,-1.100,0.521,-81.750,2.850,-34.050,36.0
16:10:17.473,2227862,8.440,4.831,2.365,0.440,-1.005,0.481,-81.750,2.850,-34.050,35.9
16:10:17.533,2227916,9.345,4.362,3.127,0.295,-0.948,0.553,-75.600,-3.450,-42.300,36.0
16:10:17.593,2227970,9.103,4.254,2.021,0.313,-0.900,0.484,-75.600,-3.450,-42.300,35.9
16:10:17.653,2228024,8.744,4.058,2.425,0.538,-0.854,0.445,-72.450,-10.200,-48.000,35.5
16:10:17.654,2228078,9.134,4.226,1.073,0.446,-0.769,0.423,-72.450,-10.200,-48.000,36.0
16:10:17.715,2228132,9.155,4.111,1.638,0.309,-0.639,0.351,-65.400,-15.900,-54.150,36.0
16:10:17.773,2228186,9.333,4.183,0.757,0.093,-0.498,0.266,-65.400,-15.900,-54.150,35.9
16:10:17.835,2228240,9.098,3.618,1.073,0.034,-0.411,0.227,-60.450,-19.050,-59.700,35.8
16:10:17.894,2228294,9.076,3.515,0.438,0.080,-0.347,0.181,-60.450,-19.050,-59.700,36.0
16:10:17.955,2228348,9.136,3.591,0.529,0.225,-0.314,0.198,-60.450,-19.050,-59.700,35.8
16:10:18.013,2228402,9.270,3.115,-0.316,0.359,-0.276,0.211,-54.900,-26.850,-59.700,35.8
16:10:18.073,2228456,9.170,3.259,0.060,0.491,-0.246,0.221,-54.900,-26.850,-59.700,36.0
16:10:18.133,2228510,9.402,2.988,-0.986,0.474,-0.208,0.201,-51.600,-26.850,-61.200,35.9
16:10:18.193,2228564,9.335,3.148,-0.599,0.241,-0.176,0.158,-51.600,-26.850,-61.200,36.0
16:10:18.194,2228618,9.378,2.921,-1.056,0.060,-0.133,0.083,-49.350,-30.300,-59.700,36.0
16:10:18.253,2228672,9.306,3.014,-0.194,-0.041,-0.019,-0.042,-49.350,-30.300,-59.700,35.5
16:10:18.313,2228726,9.620,3.294,-0.737,-0.300,0.250,-0.236,-50.400,-31.500,-59.700,36.0
16:10:18.375,2228780,9.893,3.962,0.666,-0.714,0.503,-0.426,-50.400,-31.500,-59.700,35.8
16:10:18.433,2228834,9.771,4.664,1.925,-0.928,0.780,-0.603,-53.400,-27.600,-60.450,35.9
16:10:18.493,2228888,9.967,4.195,1.281,-0.877,1.220,-0.929,-53.400,-27.600,-60.450,36.0
16:10:18.555,2228942,10.139,5.104,2.780,-0.855,1.670,-1.039,-53.400,-27.600,-60.450,35.8
16:10:18.613,2228996,9.898,5.303,3.304,-0.819,2.057,-1.159,-53.400,-27.600,-60.450,36.0
16:10:18.673,2229050,8.801,5.655,4.324,-0.673,2.296,-1.216,-53.400,-27.600,-60.450,35.8
16:10:18.793,2229104,7.537,5.162,4.329,-0.469,2.393,-1.237,-84.000,7.050,-28.200,36.0
16:10:18.794,2229158,6.543,5.502,6.091,-0.384,2.378,-1.210,-84.000,7.050,-28.200,35.5
16:10:18.795,2229212,5.555,5.897,6.282,-0.557,2.360,-1.108,-85.500,23.700,-6.300,36.0
16:10:18.854,2229266,5.648,4.606,5.466,-1.648,2.249,-1.069,-85.500,23.700,-6.300,35.9
16:10:18.913,2229320,3.156,6.261,7.942,-1.268,2.241,-0.887,-79.350,31.200,16.350,36.0
16:10:18.974,2229374,1.858,4.891,7.120,-0.016,2.134,-0.557,-79.350,31.200,16.350,35.6
16:10:19.033,2229428,1.118,4.870,6.998,0.378,1.845,-0.339,-65.400,37.200,37.350,35.8
16:10:19.093,2229482,-0.014,4.937,8.126,-0.160,1.647,-0.304,-65.400,37.200,37.350,36.0
16:10:19.153,2229536,-1.178,4.331,7.580,-0.408,1.361,-0.317,-51.000,37.800,47.850,35.9
16:10:19.214,2229590,-1.879,4.068,6.926,-0.072,1.130,-0.349,-51.000,37.800,47.850,35.8
16:10:19.273,2229644,-2.401,4.482,7.714,0.058,1.047,-0.367,-51.000,37.800,47.850,35.5
16:10:19.274,2229698,-2.933,4.987,7.671,-0.298,0.893,-0.345,-27.450,37.800,59.550,36.0
16:10:19.333,2229752,-3.893,4.377,7.920,-0.418,0.789,-0.338,-27.450,37.800,59.550,36.1
16:10:19.393,2229806,-4.061,3.615,6.510,-0.032,0.673,-0.287,-19.500,36.150,61.500,35.6
16:10:19.455,2229860,-4.228,4.381,7.319,0.042,0.542,-0.269,-19.500,36.150,61.500,36.0
16:10:19.514,2229914,-4.913,4.183,6.103,0.155,0.492,-0.191,-13.350,35.850,63.150,36.0
16:10:19.573,2229968,-4.712,3.697,7.585,0.015,0.353,-0.187,-13.350,35.850,63.150,36.0
16:10:19.633,2230022,-4.949,3.381,6.632,0.294,0.309,-0.209,-9.750,38.400,63.000,36.0
16:10:19.695,2230076,-5.306,4.609,7.252,0.288,0.135,-0.076,-9.750,38.400,63.000,35.5
16:10:19.753,2230130,-5.155,4.563,7.226,0.173,-0.013,0.019,-6.000,37.200,62.700,35.5
16:10:19.813,2230184,-5.346,3.958,6.165,-0.151,-0.074,0.069,-5.400,38.400,61.950,36.0
16:10:19.814,2230238,-5.243,3.883,7.242,-0.044,-0.034,0.064,-5.400,38.400,61.950,35.8
16:10:19.873,2230292,-5.037,4.535,6.361,0.008,-0.126,0.054,-5.400,38.400,61.950,35.9
16:10:19.933,2230346,-5.057,4.209,6.852,0.139,-0.204,0.092,-5.400,38.400,61.950,35.8
16:10:19.993,2230400,-4.664,4.367,6.443,0.205,-0.534,0.189,-8.550,37.800,63.150,36.0
16:10:20.053,2230454,-4.214,3.855,6.057,0.226,-0.859,0.307,-8.550,37.800,63.150,35.9
16:10:20.113,2230508,-3.596,4.264,6.919,0.364,-1.197,0.468,-15.450,39.900,61.200,36.0
16:10:20.173,2230562,-3.112,3.840,6.017,0.333,-1.546,0.589,-15.450,39.900,61.200,35.5
16:10:20.234,2230616,-2.203,5.528,7.525,0.282,-1.781,0.711,-29.850,42.300,55.350,35.5
16:10:20.294,2230670,-1.037,4.743,6.553,0.103,-1.796,0.813,-29.850,42.300,55.350,36.1
16:10:20.353,2230724,-0.151,6.333,9.175,0.304,-1.839,0.896,-48.900,41.550,48.300,36.0
16:10:20.354,2230778,0.804,6.395,7.099,0.498,-1.865,0.927,-48.900,41.550,48.300,36.0
16:10:20.414,2230832,2.409,5.033,6.912,0.426,-1.817,0.938,-64.350,38.250,36.150,35.9
16:10:20.474,2230886,3.206,5.677,7.774,0.359,-1.786,0.926,-64.350,38.250,36.150,35.9
16:10:20.533,2230940,4.628,5.952,5.215,0.520,-1.773,0.901,-64.350,38.250,36.150,36.1
16:10:20.594,2230994,5.526,5.914,7.204,0.219,-1.859,0.983,-64.350,38.250,36.150,35.9
16:10:20.653,2231048,5.940,5.772,5.895,0.353,-1.869,0.968,-64.350,38.250,36.150,36.0
16:10:20.715,2231102,7.707,5.990,3.668,0.517,-1.784,0.998,-86.700,14.550,-13.050,35.5
16:10:20.773,2231156,8.540,6.206,6.002,0.208,-1.697,1.002,-86.700,14.550,-13.050,36.0
16:10:20.833,2231210,8.566,5.286,2.902,0.057,-1.456,0.754,-81.750,3.600,-27.900,35.9
16:10:20.893,2231264,8.265,4.583,3.771,0.467,-1.472,0.657,-81.750,3.600,-27.900,36.0
16:10:20.894,2231318,9.196,5.380,1.729,0.304,-1.320,0.744,-76.500,-4.800,-42.450,35.8
16:10:20.953,2231372,9.357,4.820,2.842,0.395,-1.201,0.637,-76.500,-4.800,-42.450,36.0
16:10:21.015,2231426,9.799,4.621,1.302,0.179,-0.984,0.551,-69.600,-13.050,-52.200,35.9
16:10:21.074,2231480,9.019,3.790,1.279,0.353,-0.804,0.410,-59.550,-18.900,-57.750,36.0
16:10:21.195,2231534,9.275,3.536,0.409,0.422,-0.752,0.447,-59.550,-18.900,-57.750,36.0
16:10:21.195,2231588,9.184,3.431,0.045,0.357,-0.662,0.410,-59.550,-18.900,-57.750,35.8
16:10:21.253,2231642,9.491,3.304,-0.230,0.252,-0.529,0.367,-59.550,-18.900,-57.750,35.9
16:10:21.314,2231696,9.270,3.148,-0.919,0.293,-0.354,0.330,-50.250,-27.750,-62.100,36.1
16:10:21.375,2231750,9.318,2.849,-0.965,0.423,-0.298,0.264,-50.250,-27.750,-62.100,35.9
16:10:21.435,2231804,9.170,3.002,-1.051,0.331,-0.185,0.139,-45.450,-31.650,-62.850,36.0
16:10:21.435,2231858,9.234,3.065,-0.939,0.083,-0.128,0.065,-45.450,-31.650,-62.850,36.0
16:10:21.493,2231912,9.340,2.993,-1.003,-0.064,0.089,-0.132,-45.900,-31.050,-61.950,35.9
16:10:21.553,2231966,9.378,3.479,-0.421,-0.196,0.236,-0.294,-45.900,-31.050,-61.950,35.8
16:10:21.614,2232020,9.565,3.598,-0.086,-0.411,0.517,-0.484,-46.650,-31.800,-62.250,35.5
16:10:21.673,2232074,9.807,3.699,0.697,-0.839,0.863,-0.717,-51.150,-26.400,-61.950,36.0
16:10:21.733,2232128,9.955,4.463,1.152,-0.920,1.132,-0.839,-51.150,-26.400,-61.950,36.0
16:10:21.793,2232182,9.586,4.123,1.551,-0.706,1.499,-0.926,-61.200,-14.400,-59.400,35.9
16:10:21.854,2232236,9.637,5.193,2.705,-0.702,1.802,-0.926,-61.200,-14.400,-59.400,36.0
16:10:21.914,2232290,9.117,5.519,3.484,-0.495,2.024,-0.949,-61.200,-14.400,-59.400,35.8
16:10:21.973,2232344,8.507,5.966,3.960,-0.550,2.105,-0.972,-61.200,-14.400,-59.400,35.9
16:10:21.974,2232398,8.147,5.461,5.160,-1.047,2.212,-0.892,-82.350,7.650,-28.050,36.0
16:10:22.034,2232452,6.998,5.298,5.959,-1.213,2.265,-0.814,-82.350,7.650,-28.050,35.8
16:10:22.093,2232506,6.620,5.181,5.916,-0.930,2.300,-0.770,-86.700,17.700,-6.450,35.8
16:10:22.153,2232560,5.097,4.652,6.517,-0.369,2.325,-0.686,-86.700,17.700,-6.450,36.0
16:10:22.213,2232614,4.453,5.227,8.004,-0.045,2.262,-0.599,-81.150,25.800,15.600,35.8
16:10:22.273,2232668,2.337,5.080,7.058,-0.217,2.225,-0.552,-81.150,25.800,15.600,36.3
16:10:22.334,2232722,1.437,4.973,9.373,-0.150,2.067,-0.523,-70.950,30.300,35.550,36.0
16:10:22.393,2232776,0.127,5.380,7.578,-0.133,1.925,-0.615,-54.450,33.450,48.750,35.6
16:10:22.453,2232830,-0.728,4.369,8.703,-0.013,1.842,-0.597,-54.450,33.450,48.750,35.9
16:10:22.515,2232884,-1.082,4.587,8.368,-0.339,1.815,-0.529,-54.450,33.450,48.750,36.0
16:10:22.516,2232938,-3.292,3.946,6.215,-0.252,1.728,-0.461,-54.450,33.450,48.750,35.5
16:10:22.573,2232992,-4.080,3.728,6.187,0.505,1.382,-0.371,-54.450,33.450,48.750,35.8
16:10:22.633,2233046,-5.013,4.417,6.383,0.584,0.896,-0.308,-54.450,33.450,48.750,35.9
16:10:22.693,2233100,-4.994,3.436,6.412,-0.059,0.674,-0.438,-7.950,35.700,63.000,36.0
16:10:22.753,2233154,-5.018,4.571,6.661,-0.185,0.438,-0.316,-7.950,35.700,63.000,35.8
16:10:22.814,2233208,-5.586,3.208,6.649,0.066,0.274,-0.134,-0.450,34.950,64.050,36.0
16:10:22.873,2233262,-6.062,4.281,6.491,0.391,0.189,0.042,-0.450,34.950,64.050,35.8
16:10:22.995,2233316,-5.693,4.243,6.342,-0.045,0.023,0.116,3.150,37.950,64.050,36.0
16:10:22.995,2233370,-5.665,4.484,6.048,-0.157,-0.059,0.076,2.850,36.300,62.850,36.0
16:10:23.054,2233424,-5.646,4.223,7.185,0.133,-0.108,0.017,2.850,36.300,62.850,35.8
16:10:23.055,2233478,-5.844,4.930,6.776,0.004,-0.079,-0.040,1.200,36.900,64.500,35.4
16:10:23.173,2233532,-5.772,4.166,6.862,0.056,-0.037,-0.054,1.200,36.900,64.500,35.9
16:10:23.174,2233586,-5.535,4.317,6.570,0.000,-0.043,-0.062,1.200,36.900,64.500,36.0
16:10:23.295,2233640,-5.856,4.626,6.970,0.099,0.010,-0.027,1.200,36.900,64.500,36.1
16:10:23.295,2233694,-5.351,4.302,6.701,-0.068,-0.119,0.011,1.200,36.900,64.500,36.0
16:10:23.354,2233748,-5.648,4.027,6.012,0.244,-0.291,0.084,1.200,36.900,64.500,35.9
16:10:23.413,2233802,-5.114,4.118,6.093,0.361,-0.651,0.241,1.350,37.800,62.850,36.0
16:10:23.473,2233856,-4.604,4.300,6.369,0.098,-0.826,0.286,1.350,37.800,62.850,36.0
16:10:23.593,2233910,-4.386,4.343,6.831,-0.101,-1.021,0.315,-6.750,40.650,63.300,35.5
16:10:23.594,2233964,-3.733,4.436,6.249,0.137,-1.188,0.343,-18.750,41.550,63.300,35.5
16:10:23.595,2234018,-3.476,4.743,7.017,0.296,-1.402,0.365,-18.750,41.550,61.950,35.5
16:10:23.653,2234072,-2.363,5.078,6.615,0.349,-1.561,0.414,-32.700,43.200,57.750,36.0
16:10:23.713,2234126,-1.870,4.918,7.326,0.215,-1.645,0.496,-32.700,43.200,57.750,36.0
16:10:23.773,2234180,-0.589,5.708,7.733,0.156,-1.762,0.536,-48.150,42.600,48.300,35.9
16:10:23.833,2234234,0.565,5.578,7.159,0.256,-1.673,0.488,-48.150,42.600,48.300,35.8
16:10:23.893,2234288,0.972,6.275,8.375,0.149,-1.536,0.452,-48.150,42.600,48.300,35.9
16:10:23.954,2234342,1.800,6.747,7.752,0.309,-1.403,0.399,-48.150,42.600,48.300,36.1
16:10:24.013,2234396,2.155,6.436,8.777,0.010,-1.291,0.306,-48.150,42.600,48.300,35.8
16:10:24.073,2234450,2.614,6.163,7.424,0.036,-1.219,0.269,-48.150,42.600,48.300,35.8
16:10:24.133,2234504,3.316,5.490,6.996,0.264,-1.154,0.286,-80.100,36.300,14.850,35.8
16:10:24.134,2234558,3.567,6.376,7.288,0.080,-1.223,0.393,-80.100,36.300,14.850,35.9
16:10:24.193,2234612,4.578,5.387,4.992,0.367,-1.191,0.365,-84.000,33.750,7.050,35.9
16:10:24.253,2234666,5.018,5.499,7.369,0.182,-1.266,0.461,-85.950,28.950,-7.650,36.0
16:10:24.313,2234720,5.648,6.371,5.071,-0.005,-1.274,0.410,-85.950,28.950,-7.650,35.9
16:10:24.374,2234774,5.964,5.169,6.383,-0.094,-1.317,0.426,-84.900,23.550,-19.650,36.0
16:10:24.433,2234828,6.847,5.940,4.647,0.001,-1.175,0.385,-84.900,23.550,-19.650,36.1
16:10:24.493,2234882,7.566,5.705,5.801,-0.020,-1.175,0.371,-83.700,18.150,-29.550,35.5
16:10:24.553,2234936,7.934,5.588,3.673,0.260,-0.889,0.295,-83.700,18.150,-29.550,35.8
16:10:24.615,2234990,8.270,5.710,4.745,0.203,-0.833,0.310,-83.700,18.150,-29.550,36.0
16:10:24.673,2235044,7.977,4.810,2.538,0.374,-0.699,0.299,-83.700,18.150,-29.550,35.5
16:10:24.674,2235098,7.819,5.013,4.369,0.404,-0.787,0.353,-78.900,9.150,-46.800,35.9
16:10:24.733,2235152,8.394,5.100,2.071,0.297,-0.604,0.273,-78.900,9.150,-46.800,36.0
16:10:24.793,2235206,8.329,5.028,2.749,-0.019,-0.683,0.302,-74.700,5.100,-53.850,36.0
16:10:24.855,2235260,8.449,4.513,1.731,-0.017,-0.700,0.309,-69.000,1.350,-60.000,36.0
16:10:24.915,2235314,8.684,4.760,1.791,-0.035,-0.641,0.315,-69.000,1.350,-60.000,35.8
16:10:24.975,2235368,8.899,4.463,1.276,0.126,-0.462,0.277,-65.700,-0.900,-61.950,35.4
16:10:25.034,2235422,9.062,4.429,1.815,0.144,-0.282,0.239,-65.700,-0.900,-61.950,36.0
16:10:25.093,2235476,9.318,4.202,1.451,0.226,-0.164,0.264,-62.850,-3.000,-64.350,36.0
16:10:25.155,2235530,8.935,4.238,1.535,0.119,0.000,0.149,-62.850,-3.000,-64.350,35.8
16:10:25.213,2235584,8.332,4.520,1.422,0.090,0.179,0.002,-60.900,-4.350,-64.500,35.9
16:10:25.214,2235638,8.186,4.293,1.599,-0.269,0.212,-0.104,-60.900,-4.350,-64.500,35.8
16:10:25.274,2235692,8.377,4.877,2.049,-0.401,0.162,-0.097,-60.900,-4.350,-64.500,36.0
16:10:25.335,2235746,9.076,4.537,1.877,-0.465,0.337,-0.135,-60.900,-4.350,-64.500,35.7
16:10:25.394,2235800,9.558,5.250,2.306,-0.651,0.685,-0.346,-64.950,-1.650,-62.250,36.0
16:10:25.454,2235854,9.127,5.428,3.864,-0.659,0.939,-0.447,-64.950,-1.650,-62.250,35.3
16:10:25.513,2235908,8.803,5.409,4.288,-0.812,1.312,-0.600,-67.950,3.600,-57.450,35.9
16:10:25.573,2235962,8.997,5.239,4.705,-0.987,1.639,-0.718,-75.900,13.050,-46.800,36.0
16:10:25.633,2236016,8.066,5.021,5.995,-0.999,1.873,-0.892,-75.900,13.050,-46.800,36.0
16:10:25.694,2236070,7.022,5.138,6.512,-0.816,2.032,-0.945,-81.900,24.300,-29.550,35.8
16:10:25.753,2236124,5.880,4.894,6.718,-0.467,2.081,-0.859,-81.900,24.300,-29.550,35.9
16:10:25.754,2236178,5.339,4.908,7.056,-0.402,2.029,-0.802,-81.900,33.900,-7.950,35.9
16:10:25.814,2236232,4.046,5.021,7.875,-0.268,1.967,-0.739,-81.900,33.900,-7.950,36.0
16:10:25.874,2236286,3.510,4.798,8.164,-0.477,1.893,-0.691,-81.900,33.900,-7.950,35.8
16:10:25.934,2236340,2.294,5.116,8.298,-0.479,1.818,-0.685,-81.900,33.900,-7.950,35.6
16:10:25.994,2236394,0.950,4.499,8.681,-0.543,1.727,-0.599,-81.900,33.900,-7.950,35.9
16:10:26.055,2236448,0.352,4.322,8.722,-0.401,1.672,-0.516,-81.900,33.900,-7.950,36.0
16:10:26.113,2236502,-1.015,4.211,8.411,-0.350,1.538,-0.535,-53.250,45.900,43.500,35.9
16:10:26.175,2236556,-1.288,3.498,8.100,-0.174,1.540,-0.442,-39.750,44.400,52.950,35.9
16:10:26.233,2236610,-2.579,4.355,9.256,-0.182,1.445,-0.419,-39.750,44.400,52.950,35.9
16:10:26.293,2236664,-3.455,3.752,7.544,0.122,1.337,-0.412,-24.900,45.600,56.550,35.8
16:10:26.353,2236718,-4.401,3.713,7.645,0.212,1.111,-0.396,-24.900,45.600,56.550,36.0
16:10:26.354,2236772,-4.549,3.407,6.979,0.059,1.009,-0.171,-13.350,48.300,59.100,35.4
16:10:26.413,2236826,-5.155,2.693,5.909,0.067,0.771,-0.118,-13.350,48.300,59.100,35.5
16:10:26.474,2236880,-5.490,3.773,6.886,0.454,0.522,-0.105,-5.400,47.700,60.000,35.8
16:10:26.535,2236934,-5.770,3.460,6.268,0.294,0.314,-0.055,-5.400,47.700,60.000,36.0
16:10:26.594,2236988,-5.952,4.080,7.558,0.037,0.084,0.005,-5.400,47.700,60.000,35.9
16:10:26.654,2237042,-5.825,3.445,6.146,-0.195,-0.077,0.076,-5.400,47.700,60.000,35.8
16:10:26.714,2237096,-5.626,3.938,7.776,-0.039,-0.033,0.037,-2.400,49.950,58.650,36.0
16:10:26.773,2237150,-5.997,4.113,7.262,-0.074,-0.044,0.052,-1.200,49.200,59.700,36.0
16:10:26.835,2237204,-5.765,3.807,6.912,-0.080,-0.012,-0.007,-1.200,49.200,59.700,35.9
16:10:26.835,2237258,-5.983,3.524,7.286,-0.021,-0.051,-0.013,-2.850,48.300,59.550,35.5
16:10:26.893,2237312,-5.535,3.405,5.653,-0.179,-0.225,0.057,-2.850,48.300,59.550,35.5
16:10:26.954,2237366,-5.248,3.433,7.058,0.012,-0.509,0.021,-5.100,48.600,59.550,36.0
16:10:27.013,2237420,-4.889,2.899,5.183,0.212,-0.743,0.187,-5.100,48.600,59.550,36.0
16:10:27.075,2237474,-4.451,3.393,7.120,0.301,-1.187,0.349,-10.200,48.000,57.450,36.0
16:10:27.133,2237528,-4.037,4.116,6.309,0.346,-1.330,0.523,-10.200,48.000,57.450,35.9
16:10:27.194,2237582,-3.093,4.259,6.469,0.293,-1.529,0.677,-23.400,50.550,54.450,35.9
16:10:27.255,2237636,-2.392,4.645,6.752,0.810,-1.684,0.784,-23.400,50.550,54.450,35.9
16:10:27.314,2237690,-0.625,5.080,7.424,0.994,-1.700,0.928,-23.400,50.550,54.450,36.0
16:10:27.375,2237744,0.227,6.167,7.705,0.345,-1.693,1.051,-23.400,50.550,54.450,35.8
16:10:27.375,2237798,0.809,5.741,8.171,0.307,-1.689,0.994,-54.300,51.300,35.400,35.8
16:10:27.434,2237852,2.193,5.488,7.767,0.369,-1.572,0.912,-68.550,47.100,20.700,36.0
16:10:27.495,2237906,2.926,7.010,9.093,0.313,-1.526,0.960,-68.550,47.100,20.700,36.0
16:10:27.555,2237960,3.795,6.776,6.689,0.511,-1.398,0.866,-76.650,39.300,7.950,35.9
16:10:27.614,2238014,4.429,5.610,5.887,0.747,-1.342,0.795,-76.650,39.300,7.950,35.8
16:10:27.738,2238068,5.341,6.414,7.513,0.496,-1.403,0.836,-81.300,34.200,-7.050,35.9
16:10:27.738,2238122,5.535,5.686,4.029,0.204,-1.321,0.791,-81.300,34.200,-7.050,36.0
16:10:27.793,2238176,7.104,6.819,6.898,-0.001,-1.327,0.812,-84.000,24.450,-21.000,35.9
16:10:27.853,2238230,6.632,5.253,3.057,0.293,-1.353,0.660,-84.000,24.450,-21.000,36.0
16:10:27.915,2238284,8.238,4.920,4.238,0.161,-1.114,0.633,-81.000,15.600,-33.000,35.3
16:10:27.915,2238338,8.001,5.016,3.634,0.156,-1.227,0.576,-81.000,15.600,-33.000,36.0
16:10:27.975,2238392,8.504,4.647,3.010,0.198,-0.964,0.570,-81.000,15.600,-33.000,35.9
16:10:28.034,2238446,8.399,4.367,3.259,0.183,-0.953,0.465,-71.550,3.450,-54.450,35.8
16:10:28.093,2238500,8.447,4.896,2.550,0.459,-0.901,0.383,-71.550,3.450,-54.450,35.9
16:10:28.153,2238554,9.100,5.100,1.856,0.279,-0.842,0.439,-66.000,-0.900,-58.950,35.9
16:10:28.213,2238608,8.952,4.195,1.666,0.311,-0.706,0.371,-66.000,-0.900,-58.950,36.0
16:10:28.275,2238662,8.945,4.427,0.850,0.460,-0.617,0.269,-59.250,-6.900,-64.350,36.0
16:10:28.333,2238716,9.098,4.070,0.627,0.423,-0.451,0.240,-59.250,-6.900,-64.350,35.5
16:10:28.394,2238770,9.043,4.334,0.891,0.323,-0.383,0.158,-54.900,-10.950,-66.300,36.0
16:10:28.455,2238824,9.100,4.185,0.388,0.179,-0.260,0.140,-54.900,-10.950,-66.300,35.9
16:10:28.455,2238878,9.208,3.965,0.642,-0.052,-0.206,0.026,-53.100,-14.100,-68.100,35.9
16:10:28.513,2238932,8.679,3.804,-0.283,-0.159,-0.026,-0.011,-53.100,-14.100,-68.100,35.9
16:10:28.573,2238986,9.349,4.092,0.718,-0.182,0.119,-0.078,-53.250,-13.500,-68.700,36.0
16:10:28.633,2239040,9.629,4.446,0.807,-0.341,0.460,-0.260,-53.250,-13.500,-68.700,35.8
16:10:28.693,2239094,9.728,4.413,2.035,-0.847,0.946,-0.453,-53.250,-13.500,-68.700,35.9
16:10:28.753,2239148,9.448,5.124,2.547,-0.986,1.369,-0.653,-61.650,-3.150,-63.300,35.5
16:10:28.813,2239202,9.153,4.822,2.538,-1.007,1.669,-0.746,-61.650,-3.150,-63.300,35.9
16:10:28.873,2239256,9.325,5.516,4.266,-0.885,2.023,-0.878,-71.100,7.650,-52.950,35.9
16:10:28.933,2239310,8.159,5.911,5.073,-0.680,2.156,-0.868,-71.100,7.650,-52.950,36.0
16:10:28.993,2239364,7.281,5.923,6.397,-0.538,2.316,-0.997,-79.350,19.200,-32.850,36.1
16:10:28.994,2239418,6.560,5.253,6.469,-0.631,2.416,-0.930,-79.350,19.200,-32.850,35.8
16:10:29.053,2239472,5.298,5.624,6.981,-0.569,2.402,-0.913,-81.000,29.550,-9.600,35.9
16:10:29.113,2239526,4.314,5.057,6.586,-0.268,2.348,-0.788,-81.000,29.550,-9.600,36.0
16:10:29.173,2239580,3.280,5.502,8.586,-0.321,2.286,-0.744,-77.250,37.950,12.900,36.2
16:10:29.233,2239634,1.729,4.786,7.891,-0.336,2.234,-0.671,-77.250,37.950,12.900,35.5
16:10:29.293,2239688,0.134,4.966,8.329,-0.332,2.019,-0.620,-63.600,40.950,32.400,35.9
16:10:29.353,2239742,-0.527,4.518,7.958,-0.238,1.822,-0.495,-63.600,40.950,32.400,36.0
16:10:29.413,2239796,-1.856,4.027,7.499,0.033,1.659,-0.516,-63.600,40.950,32.400,36.0
16:10:29.473,2239850,-2.045,4.403,8.782,0.049,1.338,-0.483,-33.300,45.300,53.100,35.8
16:10:29.534,2239904,-3.417,3.127,6.455,0.016,1.243,-0.420,-33.300,45.300,53.100,36.1
16:10:29.535,2239958,-3.680,4.032,6.323,-0.186,1.006,-0.452,-20.850,46.350,58.800,36.0
16:10:29.593,2240012,-4.125,4.080,7.290,0.060,0.943,-0.257,-20.850,46.350,58.800,36.0
16:10:29.653,2240066,-5.567,3.431,5.497,0.663,1.023,-0.082,-10.800,47.100,60.300,36.0
16:10:29.713,2240120,-5.720,5.648,7.001,0.626,0.743,-0.013,-10.800,47.100,60.300,35.9
16:10:29.773,2240174,-5.801,4.025,4.793,0.537,0.360,0.066,-3.300,54.900,58.050,35.7
16:10:29.833,2240228,-5.569,5.116,6.309,0.369,0.174,-0.037,-3.300,54.900,58.050,35.9
16:10:29.893,2240282,-6.024,5.746,7.475,0.261,0.117,-0.023,0.600,57.150,57.000,36.0
16:10:29.953,2240336,-6.005,4.278,4.207,0.012,0.021,-0.018,2.400,56.550,53.850,35.9
16:10:30.014,2240390,-5.643,5.191,6.888,-0.014,-0.002,-0.003,2.400,56.550,53.850,36.0
16:10:30.073,2240444,-5.899,5.789,5.945,-0.137,-0.102,-0.017,2.400,56.550,53.850,36.0
16:10:30.135,2240498,-5.818,4.709,5.231,0.005,-0.067,-0.038,2.400,56.550,53.850,36.0
16:10:30.193,2240552,-5.926,5.140,6.857,-0.059,-0.126,-0.041,2.100,57.150,54.450,36.0
16:10:30.194,2240606,-5.926,4.963,5.495,-0.133,-0.105,0.025,2.100,57.150,54.450,35.7
16:10:30.254,2240660,-5.768,4.920,6.268,-0.202,-0.146,0.044,-0.150,56.250,54.900,35.4
16:10:30.314,2240714,-5.521,5.116,5.792,-0.218,-0.319,0.126,-0.150,56.250,54.900,35.8
16:10:30.373,2240768,-5.351,3.893,5.353,0.180,-0.480,0.116,-1.350,54.450,57.000,35.9
16:10:30.433,2240822,-4.865,4.590,5.296,0.402,-0.798,0.262,-1.350,54.450,57.000,36.0
16:10:30.494,2240876,-4.477,3.977,4.396,0.599,-1.184,0.433,-6.450,54.300,53.100,36.0
16:10:30.553,2240930,-3.493,5.502,6.258,0.446,-1.587,0.588,-6.450,54.300,53.100,35.9
16:10:30.613,2240984,-2.981,6.239,5.653,0.164,-1.748,0.786,-19.350,59.100,50.700,35.7
16:10:30.614,2241038,-1.707,4.980,5.878,0.043,-1.918,0.891,-19.350,59.100,50.700,35.8
16:10:30.673,2241092,-0.917,5.689,7.266,0.501,-1.953,0.937,-19.350,59.100,50.700,35.5
16:10:30.734,2241146,0.675,5.492,5.966,0.412,-1.865,1.009,-19.350,59.100,50.700,35.7
16:10:30.795,2241200,1.951,7.688,7.843,0.448,-1.948,1.050,-19.350,59.100,50.700,35.9
16:10:30.853,2241254,2.914,6.790,5.461,0.406,-1.715,1.058,-68.100,49.800,14.850,36.0
16:10:30.914,2241308,4.666,6.294,7.369,0.033,-1.824,1.051,-68.100,49.800,14.850,35.7
16:10:30.974,2241362,3.974,6.907,4.132,0.286,-1.784,0.951,-79.350,39.000,-0.600,35.8
16:10:31.033,2241416,5.684,6.041,6.630,0.352,-1.646,1.018,-79.350,39.000,-0.600,36.0
16:10:31.094,2241470,5.713,8.413,6.122,0.075,-1.953,1.055,-82.050,29.850,-16.200,36.0
16:10:31.155,2241524,7.602,5.073,3.680,0.352,-1.543,1.015,-82.050,29.850,-16.200,35.9
16:10:31.155,2241578,8.025,7.365,4.216,0.109,-1.858,1.003,-80.400,19.650,-32.400,35.8
16:10:31.215,2241632,8.722,5.104,2.787,0.501,-1.414,0.834,-74.100,8.400,-47.850,36.1
16:10:31.273,2241686,8.909,5.483,2.751,0.515,-1.450,0.719,-74.100,8.400,-47.850,35.8
16:10:31.333,2241740,9.230,5.356,1.654,0.547,-1.209,0.682,-74.100,8.400,-47.850,36.0
16:10:31.393,2241794,9.191,4.949,1.525,0.198,-1.044,0.511,-74.100,8.400,-47.850,35.8
16:10:31.453,2241848,9.026,4.647,1.094,0.070,-0.845,0.412,-58.500,-8.100,-65.700,35.9
16:10:31.513,2241902,9.060,4.446,0.977,-0.114,-0.811,0.346,-58.500,-8.100,-65.700,36.0
16:10:31.573,2241956,9.076,4.108,0.486,0.106,-0.669,0.403,-49.500,-8.850,-71.250,36.0
16:10:31.633,2242010,9.546,3.754,-0.493,0.373,-0.423,0.272,-49.500,-8.850,-71.250,35.9
16:10:31.693,2242064,9.014,3.898,-0.244,0.425,-0.270,0.238,-44.400,-14.100,-72.450,35.5
16:10:31.694,2242118,8.823,3.792,-0.467,0.242,-0.081,0.131,-44.400,-14.100,-72.450,35.6
16:10:31.753,2242172,9.199,4.022,-0.280,-0.238,0.070,-0.011,-43.350,-15.900,-71.700,35.8
16:10:31.813,2242226,9.007,4.334,0.220,-0.441,0.219,-0.112,-43.350,-15.900,-71.700,35.8
16:10:31.873,2242280,9.337,4.681,0.024,-0.645,0.471,-0.287,-45.750,-14.550,-73.350,35.8
16:10:31.933,2242334,9.251,4.925,0.915,-0.582,0.787,-0.431,-45.750,-14.550,-73.350,35.8
16:10:31.993,2242388,9.522,4.662,1.173,-0.648,1.068,-0.574,-45.750,-14.550,-73.350,36.0
16:10:32.053,2242442,9.242,5.327,2.282,-0.629,1.334,-0.695,-45.750,-14.550,-73.350,35.8
16:10:32.113,2242496,9.562,5.308,2.413,-0.637,1.648,-0.808,-45.750,-14.550,-73.350,35.5
16:10:32.173,2242550,9.194,6.086,3.426,-0.689,1.813,-0.853,-67.350,6.450,-57.300,35.4
16:10:32.233,2242604,8.569,5.782,4.140,-0.686,2.012,-0.850,-67.350,6.450,-57.300,36.0
16:10:32.234,2242658,8.037,5.940,5.286,-0.569,2.147,-0.908,-76.200,17.850,-40.350,36.0
16:10:32.293,2242712,7.144,5.909,5.605,-0.519,2.257,-0.955,-76.200,17.850,-40.350,35.6
16:10:32.353,2242766,5.756,6.007,6.665,-0.557,2.249,-0.965,-81.600,28.200,-20.400,35.8
16:10:32.413,2242820,5.059,5.492,6.898,-0.744,2.398,-0.775,-81.600,28.200,-20.400,35.9
16:10:32.473,2242874,3.405,5.152,7.774,-0.691,2.208,-0.748,-79.650,37.800,2.850,36.0
16:10:32.533,2242928,2.088,4.896,7.123,-0.228,2.073,-0.728,-69.600,43.200,23.700,35.9
16:10:32.593,2242982,1.173,4.506,6.428,0.222,1.892,-0.660,-69.600,43.200,23.700,35.4
16:10:32.653,2243036,0.618,5.385,9.522,0.071,1.727,-0.607,-69.600,43.200,23.700,35.5
16:10:32.713,2243090,-0.819,5.025,6.948,-0.319,1.572,-0.540,-69.600,43.200,23.700,35.9
16:10:32.773,2243144,-1.389,4.456,8.282,-0.480,1.331,-0.523,-41.850,49.650,48.300,35.6
16:10:32.774,2243198,-2.267,3.960,7.626,-0.360,1.392,-0.485,-41.850,49.650,48.300,36.0
16:10:32.835,2243252,-3.642,4.743,8.258,-0.140,1.176,-0.563,-28.950,47.100,55.200,35.8
16:10:32.893,2243306,-3.692,3.426,6.436,0.061,1.086,-0.402,-28.950,47.100,55.200,35.8
16:10:32.953,2243360,-4.738,4.369,6.778,0.161,0.884,-0.350,-15.750,47.250,59.400,35.5
16:10:33.013,2243414,-4.707,3.498,6.610,0.192,0.836,-0.262,-15.750,47.250,59.400,35.5
16:10:33.073,2243468,-5.638,4.310,6.529,-0.015,0.597,-0.281,-7.500,47.700,57.150,35.8
16:10:33.133,2243522,-5.619,3.658,6.340,0.151,0.471,-0.255,1.050,49.050,58.800,35.9
16:10:33.193,2243576,-5.519,3.836,6.230,0.088,0.245,-0.157,1.050,49.050,58.800,35.5
16:10:33.254,2243630,-5.873,4.434,7.508,0.130,0.089,-0.135,3.450,51.150,56.850,36.0
16:10:33.314,2243684,-6.249,3.816,5.440,0.105,0.005,-0.043,3.450,51.150,56.850,36.0
16:10:33.314,2243738,-6.297,3.613,6.294,0.064,-0.172,0.018,3.450,51.150,56.850,35.8
16:10:33.373,2243792,-6.076,4.398,6.721,0.096,-0.171,0.015,3.450,51.150,56.850,35.9
16:10:33.433,2243846,-5.794,3.785,6.294,0.013,-0.174,0.021,1.350,51.000,57.750,35.9
16:10:33.493,2243900,-5.981,5.001,7.214,-0.029,-0.173,0.010,1.350,51.000,57.750,35.8
16:10:33.553,2243954,-5.832,3.563,5.784,0.211,-0.230,0.037,1.200,53.550,57.150,35.5
16:10:33.614,2244008,-5.574,4.029,6.385,0.300,-0.374,0.077,1.200,53.550,57.150,35.4
16:10:33.673,2244062,-5.193,4.271,5.969,0.297,-0.657,0.177,-2.100,53.700,56.550,36.0
16:10:33.733,2244116,-4.793,4.408,7.523,0.060,-0.958,0.290,-2.100,53.700,56.550,36.4
16:10:33.794,2244170,-4.422,4.626,6.153,-0.056,-1.113,0.371,-9.750,55.800,53.850,36.0
16:10:33.853,2244224,-3.862,4.374,7.187,0.056,-1.280,0.421,-20.850,55.200,51.450,36.0
16:10:33.854,2244278,-3.268,5.227,7.827,0.222,-1.353,0.498,-20.850,55.200,51.450,35.8
16:10:33.974,2244332,-2.830,4.329,7.209,0.348,-1.345,0.557,-34.050,54.300,48.300,36.0
16:10:34.033,2244386,-1.853,5.607,9.038,0.330,-1.376,0.598,-34.050,54.300,48.300,36.0
16:10:34.034,2244440,-0.563,5.954,7.602,0.311,-1.247,0.605,-34.050,54.300,48.300,35.4
16:10:34.093,2244494,0.285,4.762,7.362,0.308,-1.228,0.663,-34.050,54.300,48.300,36.0
16:10:34.153,2244548,0.120,6.309,8.033,0.578,-1.344,0.714,-58.200,51.900,31.950,36.0
16:10:34.213,2244602,1.281,5.703,6.445,0.429,-1.228,0.796,-58.200,51.900,31.950,36.0
16:10:34.274,2244656,2.049,6.275,7.604,-0.088,-1.282,0.636,-68.100,48.600,21.150,35.5
16:10:34.333,2244710,2.703,6.469,7.987,-0.035,-1.372,0.548,-68.100,48.600,21.150,35.7
16:10:34.393,2244764,4.020,5.600,5.538,0.065,-1.306,0.613,-74.400,45.150,9.450,35.8
16:10:34.394,2244818,4.463,6.012,8.071,0.536,-1.412,0.842,-79.500,39.150,-2.700,35.8
16:10:34.453,2244872,5.049,5.440,4.391,0.785,-1.322,0.785,-79.500,39.150,-2.700,36.0
16:10:34.514,2244926,6.357,6.251,7.915,0.489,-1.277,0.742,-82.650,30.900,-17.550,35.5
16:10:34.574,2244980,6.270,7.178,5.478,0.014,-1.310,0.586,-82.650,30.900,-17.550,36.0
16:10:34.633,2245034,7.001,5.605,5.049,0.041,-1.083,0.555,-82.650,30.900,-17.550,35.9
16:10:34.695,2245088,7.072,6.105,4.896,-0.144,-1.032,0.445,-82.650,30.900,-17.550,36.0
16:10:34.754,2245142,7.204,5.085,3.938,0.000,-0.829,0.389,-82.650,30.900,-17.550,36.0
16:10:34.814,2245196,7.211,5.392,3.845,0.258,-0.941,0.391,-82.650,30.900,-17.550,35.9
16:10:34.874,2245250,7.745,5.069,2.902,0.554,-0.766,0.447,-74.400,13.500,-47.400,35.9
16:10:34.933,2245304,7.980,5.471,3.673,0.566,-0.920,0.479,-74.400,13.500,-47.400,36.1
16:10:34.934,2245358,8.976,5.507,2.018,0.252,-0.763,0.522,-69.600,8.100,-54.450,35.5
16:10:34.995,2245412,8.768,4.223,2.059,0.321,-0.741,0.427,-69.600,8.100,-54.450,35.5
16:10:35.055,2245466,8.499,5.227,1.322,0.308,-0.664,0.390,-65.400,3.150,-60.750,36.0
16:10:35.113,2245520,8.748,4.585,1.544,0.204,-0.593,0.389,-61.200,-2.100,-65.250,35.8
16:10:35.174,2245574,8.969,4.537,0.895,0.114,-0.537,0.302,-61.200,-2.100,-65.250,36.0
16:10:35.234,2245628,8.727,4.432,1.142,0.157,-0.528,0.316,-55.050,-5.700,-67.500,36.0
16:10:35.294,2245682,8.837,4.140,0.158,0.296,-0.358,0.173,-55.050,-5.700,-67.500,36.1
16:10:35.353,2245736,9.112,4.314,0.627,0.158,-0.256,0.121,-55.050,-5.700,-67.500,36.0
16:10:35.414,2245790,9.199,4.377,0.524,0.042,-0.120,0.019,-55.050,-5.700,-67.500,36.0
16:10:35.473,2245844,9.074,4.492,0.848,-0.305,0.098,-0.137,-51.150,-10.500,-70.650,35.5
16:10:35.474,2245898,9.337,5.004,1.132,-0.653,0.398,-0.323,-51.150,-10.500,-70.650,35.8
16:10:35.535,2245952,9.558,5.176,1.757,-0.784,0.871,-0.569,-53.250,-5.400,-72.000,36.0
16:10:35.594,2246006,9.155,5.294,2.334,-0.706,1.165,-0.733,-53.250,-5.400,-72.000,35.8
16:10:35.654,2246060,9.237,5.538,2.835,-0.669,1.616,-0.897,-59.400,3.150,-66.300,35.9
16:10:35.714,2246114,8.519,5.729,3.984,-0.588,1.834,-0.926,-69.300,12.750,-55.500,35.8
16:10:35.773,2246168,8.368,5.878,4.554,-0.422,2.048,-1.000,-69.300,12.750,-55.500,36.0
16:10:35.835,2246222,7.573,5.885,5.325,-0.264,2.173,-0.993,-77.250,24.150,-37.050,35.9
16:10:35.895,2246276,6.756,5.971,5.066,-0.218,2.184,-1.021,-77.250,24.150,-37.050,36.0
16:10:35.953,2246330,5.064,5.816,6.115,-0.029,2.148,-0.998,-80.550,34.500,-16.200,35.5
16:10:36.013,2246384,4.345,6.419,6.457,0.056,2.038,-0.895,-80.550,34.500,-16.200,35.9
16:10:36.014,2246438,4.288,6.503,6.850,-0.294,1.965,-0.803,-80.550,34.500,-16.200,35.7
16:10:36.073,2246492,2.523,6.337,7.556,-0.445,1.833,-0.790,-80.550,34.500,-16.200,35.8
16:10:36.133,2246546,1.300,6.019,6.847,-0.379,1.715,-0.791,-66.600,49.800,22.650,36.0
16:10:36.193,2246600,0.065,5.569,7.882,-0.250,1.653,-0.799,-66.600,49.800,22.650,35.9
16:10:36.253,2246654,-0.759,5.389,5.464,-0.233,1.543,-0.777,-55.050,52.950,34.350,35.8
16:10:36.313,2246708,-1.671,5.320,7.132,-0.390,1.446,-0.697,-37.800,56.250,43.950,35.9
16:10:36.373,2246762,-2.322,6.050,7.118,-0.192,1.391,-0.605,-37.800,56.250,43.950,36.0
16:10:36.433,2246816,-3.484,5.459,6.823,-0.253,1.272,-0.521,-25.800,55.800,49.050,35.8
16:10:36.493,2246870,-4.341,4.697,6.651,-0.126,1.181,-0.475,-25.800,55.800,49.050,35.4
16:10:36.553,2246924,-4.645,4.614,5.610,-0.246,1.006,-0.440,-12.600,54.900,52.200,35.8
16:10:36.554,2246978,-5.703,3.917,6.232,-0.110,0.849,-0.463,-12.600,54.900,52.200,36.0
16:10:36.613,2247032,-5.590,3.881,5.258,0.348,0.642,-0.322,-2.850,53.250,55.800,35.9
16:10:36.673,2247086,-5.497,4.985,5.409,0.066,0.383,-0.213,-2.850,53.250,55.800,35.9
16:10:36.733,2247140,-5.916,4.420,6.033,-0.109,0.294,-0.116,-2.850,53.250,55.800,36.0
16:10:36.794,2247194,-6.029,4.772,5.986,-0.067,0.117,-0.103,-2.850,53.250,55.800,35.8
16:10:36.854,2247248,-6.069,3.977,4.511,0.123,0.009,-0.047,4.050,54.450,55.200,36.0
16:10:36.915,2247302,-6.194,4.920,6.914,0.100,-0.038,-0.028,4.050,54.450,55.200,35.5
16:10:36.974,2247356,-6.472,4.827,5.619,-0.154,-0.037,0.012,5.850,55.200,54.450,35.8
16:10:37.035,2247410,-6.163,4.822,6.926,-0.033,-0.035,0.019,5.700,55.050,55.350,36.0
16:10:37.093,2247464,-6.172,4.829,5.722,0.086,-0.144,-0.043,5.700,55.050,55.350,35.9
16:10:37.094,2247518,-5.981,4.386,5.485,0.090,-0.309,0.007,4.950,54.600,53.550,35.9
16:10:37.153,2247572,-5.842,4.587,5.959,-0.018,-0.376,0.034,4.950,54.600,53.550,36.0
16:10:37.214,2247626,-5.622,3.828,4.870,0.030,-0.528,0.086,1.350,55.650,55.200,35.8
16:10:37.273,2247680,-5.413,4.942,7.149,0.261,-0.801,0.187,1.350,55.650,55.200,36.0
16:10:37.333,2247734,-4.817,3.608,5.394,0.430,-1.001,0.325,-3.600,56.400,52.950,36.0
16:10:37.394,2247788,-4.468,5.140,6.685,0.353,-1.342,0.479,-3.600,56.400,52.950,35.5
16:10:37.453,2247842,-3.685,4.618,5.918,0.382,-1.406,0.659,-3.600,56.400,52.950,36.0
16:10:37.514,2247896,-2.648,5.057,7.087,0.224,-1.579,0.705,-3.600,56.400,52.950,35.8
16:10:37.573,2247950,-2.116,5.344,6.682,0.431,-1.624,0.715,-31.200,60.300,43.500,35.9
16:10:37.633,2248004,-0.788,5.725,6.972,0.749,-1.660,0.804,-46.950,59.550,34.650,36.0
16:10:37.634,2248058,-0.067,6.828,6.481,0.437,-1.710,0.931,-46.950,59.550,34.650,35.8
16:10:37.693,2248112,1.334,6.254,7.008,0.265,-1.621,0.960,-60.600,57.600,22.200,35.9
16:10:37.754,2248166,1.791,6.393,7.841,0.259,-1.689,0.969,-60.600,57.600,22.200,35.9
16:10:37.813,2248220,3.876,5.540,3.962,0.140,-1.610,0.941,-72.600,51.300,6.900,35.8
16:10:37.873,2248274,3.948,6.661,8.351,0.369,-1.636,1.023,-72.600,51.300,6.900,35.9
16:10:37.934,2248328,5.090,6.902,4.113,0.415,-1.421,0.915,-77.100,42.150,-7.950,35.8
16:10:37.994,2248382,5.100,7.025,7.599,-0.067,-1.480,0.973,-77.100,42.150,-7.950,35.8
16:10:38.053,2248436,6.199,6.421,4.197,-0.590,-1.394,0.836,-79.050,33.000,-21.750,36.0
16:10:38.115,2248490,6.934,5.440,6.677,-0.340,-1.252,0.610,-79.050,33.000,-21.750,36.1
16:10:38.173,2248544,7.238,6.120,3.962,0.197,-1.053,0.438,-79.050,33.000,-21.750,36.1
16:10:38.174,2248598,7.400,5.124,3.946,0.475,-0.860,0.478,-75.750,20.250,-44.400,35.8
16:10:38.233,2248652,7.400,6.177,4.755,0.297,-0.954,0.551,-75.750,20.250,-44.400,35.9
16:10:38.293,2248706,8.179,5.490,2.777,0.102,-0.758,0.596,-70.500,13.200,-49.500,35.8
16:10:38.353,2248760,7.757,4.592,2.981,0.689,-0.947,0.414,-70.500,13.200,-49.500,35.4
16:10:38.413,2248814,8.602,5.107,1.741,0.828,-1.028,0.467,-65.550,7.200,-58.800,35.5
16:10:38.473,2248868,8.950,4.678,1.448,0.345,-0.917,0.496,-65.550,7.200,-58.800,36.3
16:10:38.533,2248922,9.278,4.549,1.281,0.247,-0.767,0.345,-60.600,1.500,-64.950,36.0
16:10:38.593,2248976,9.029,4.336,1.097,0.180,-0.662,0.311,-60.600,1.500,-64.950,35.9
16:10:38.653,2249030,8.882,4.027,0.788,0.156,-0.524,0.331,-53.550,-3.000,-68.250,35.9
16:10:38.713,2249084,8.882,3.812,0.352,0.432,-0.508,0.387,-53.550,-3.000,-68.250,35.8
16:10:38.714,2249138,9.098,3.977,0.194,0.538,-0.420,0.393,-50.400,-6.300,-71.100,36.0
16:10:38.773,2249192,9.131,4.041,-0.048,0.362,-0.339,0.311,-50.400,-6.300,-71.100,35.5
16:10:38.833,2249246,9.139,3.555,-0.735,0.318,-0.221,0.234,-50.400,-6.300,-71.100,35.9
16:10:38.893,2249300,9.242,3.917,-0.450,0.418,-0.026,0.130,-44.250,-14.550,-71.550,36.0
16:10:38.953,2249354,8.914,3.970,0.007,0.405,0.087,0.029,-44.250,-14.550,-71.550,35.9
16:10:39.013,2249408,8.926,4.017,-0.338,-0.052,0.131,-0.072,-44.100,-17.100,-71.100,35.8
16:10:39.075,2249462,9.409,4.343,0.510,-0.389,0.288,-0.257,-44.100,-17.100,-71.100,36.0
16:10:39.133,2249516,9.586,4.472,0.108,-0.811,0.766,-0.585,-44.850,-13.200,-70.650,35.9
16:10:39.193,2249570,9.601,4.638,1.360,-0.788,1.135,-0.839,-44.850,-13.200,-70.650,36.0
16:10:39.253,2249624,9.459,5.296,1.721,-0.630,1.364,-0.967,-56.400,-5.100,-67.350,35.9
16:10:39.254,2249678,9.448,5.224,2.629,-0.649,1.687,-1.134,-56.400,-5.100,-67.350,35.8
16:10:39.313,2249732,9.050,6.230,2.830,-0.868,1.823,-1.170,-66.600,5.700,-57.300,35.5
16:10:39.374,2249786,8.571,6.160,4.867,-0.819,2.029,-1.249,-66.600,5.700,-57.300,36.0
16:10:39.434,2249840,7.824,6.924,5.918,-0.770,2.205,-1.216,-66.600,5.700,-57.300,36.0
16:10:39.493,2249894,6.656,5.816,5.794,-0.529,2.441,-1.213,-66.600,5.700,-57.300,35.8
16:10:39.553,2249948,5.267,5.488,6.874,-0.582,2.487,-1.249,-66.600,5.700,-57.300,35.8
16:10:39.613,2250002,3.677,6.613,7.468,-0.673,2.478,-1.179,-74.250,44.550,5.250,35.8
16:10:39.673,2250056,2.629,5.181,6.347,-0.847,2.595,-1.092,-74.250,44.550,5.250,36.0
16:10:39.733,2250110,0.587,4.451,7.570,-0.534,2.516,-1.042,-58.950,49.200,27.150,36.0
16:10:39.793,2250164,-0.862,4.822,6.235,0.277,2.311,-0.883,-58.950,49.200,27.150,35.5
16:10:39.794,2250218,-1.796,5.370,7.056,-0.054,2.174,-0.618,-38.700,55.650,42.300,35.5
16:10:39.853,2250272,-2.361,5.361,7.846,-0.644,1.998,-0.459,-38.700,55.650,42.300,35.8
16:10:39.914,2250326,-3.436,4.135,6.706,-0.320,1.610,-0.609,-21.150,53.700,52.950,35.8
16:10:39.974,2250380,-4.240,4.302,5.921,0.251,1.375,-0.621,-21.150,53.700,52.950,36.0
16:10:40.033,2250434,-4.987,3.457,4.901,0.301,1.131,-0.492,-5.100,53.700,53.700,35.8
16:10:40.093,2250488,-6.213,4.568,5.555,0.151,0.858,-0.424,-5.100,53.700,53.700,35.8
16:10:40.153,2250542,-6.414,4.085,4.721,0.014,0.575,-0.323,-5.100,53.700,53.700,35.8
16:10:40.214,2250596,-6.826,4.487,5.267,-0.017,0.395,-0.229,-5.100,53.700,53.700,36.0
16:10:40.273,2250650,-7.159,4.499,5.442,-0.217,0.252,-0.143,-5.100,53.700,53.700,35.5
16:10:40.333,2250704,-7.082,3.352,4.839,-0.178,0.131,-0.097,15.000,53.850,55.650,35.5
16:10:40.334,2250758,-7.367,2.907,4.590,-0.026,0.027,-0.112,15.000,53.850,55.650,35.8
16:10:40.393,2250812,-6.874,4.120,5.145,0.212,-0.133,0.038,16.950,55.350,55.650,36.0
16:10:40.453,2250866,-6.852,3.840,4.520,-0.052,-0.133,0.029,16.950,55.350,55.650,35.5
16:10:40.513,2250920,-7.001,4.743,6.065,-0.211,-0.092,-0.012,17.100,53.250,53.700,36.0
16:10:40.574,2250974,-7.211,4.398,4.863,-0.169,-0.075,0.078,17.100,53.250,53.700,35.9
16:10:40.633,2251028,-6.646,4.032,5.835,-0.182,-0.256,0.071,14.400,52.950,56.550,35.7
16:10:40.693,2251082,-6.711,3.445,4.276,0.095,-0.424,0.101,14.400,52.950,56.550,36.0
16:10:40.754,2251136,-6.014,3.330,4.578,0.742,-0.889,0.247,11.250,51.600,55.650,35.8
16:10:40.814,2251190,-5.325,3.955,4.513,0.893,-1.334,0.502,3.450,55.800,52.050,35.8
16:10:40.873,2251244,-4.820,4.690,6.148,0.443,-1.653,0.753,3.450,55.800,52.050,35.8
16:10:40.874,2251298,-4.195,5.270,6.649,0.013,-1.779,0.842,3.450,55.800,52.050,36.0
16:10:40.934,2251352,-3.194,4.697,5.071,-0.004,-1.772,0.755,3.450,55.800,52.050,35.7
16:10:40.993,2251406,-2.296,6.076,8.071,0.414,-1.865,0.745,-30.150,60.600,43.050,35.8
16:10:41.053,2251460,-1.314,7.049,6.752,0.811,-1.773,0.885,-30.150,60.600,43.050,36.0
16:10:41.115,2251514,0.261,4.702,6.433,0.448,-1.895,1.014,-47.250,60.300,31.800,35.9
16:10:41.174,2251568,0.855,8.054,8.586,0.493,-1.859,0.976,-47.250,60.300,31.800,36.0
16:10:41.233,2251622,2.337,5.437,5.028,0.637,-1.599,0.818,-63.600,54.000,17.850,36.0
16:10:41.353,2251676,3.026,6.828,7.755,0.234,-1.550,0.839,-63.600,54.000,17.850,35.9
16:10:41.354,2251730,2.859,8.078,7.336,0.190,-1.580,0.821,-71.250,49.650,3.000,35.8
16:10:41.413,2251784,4.614,6.390,5.018,0.292,-1.372,0.779,-75.600,43.650,27.900,35.9
16:10:41.414,2251838,5.169,7.427,7.604,0.395,-1.515,0.870,-75.600,43.650,-10.500,36.0
16:10:41.475,2251892,5.590,7.180,3.132,0.737,-1.321,0.729,-78.750,34.500,-23.850,35.8
16:10:41.533,2251946,7.041,5.837,6.290,0.277,-1.349,0.908,-78.750,34.500,-23.850,35.9
16:10:41.593,2252000,6.958,7.578,3.519,-0.056,-1.269,0.688,-78.750,34.500,-23.850,35.9
16:10:41.653,2252054,7.982,5.669,3.409,0.286,-1.018,0.588,-78.750,34.500,-23.850,35.5
16:10:41.713,2252108,7.230,6.732,2.461,0.208,-1.057,0.578,-73.950,17.850,-47.700,35.5
16:10:41.773,2252162,7.578,5.322,3.886,0.349,-0.994,0.680,-73.950,17.850,-47.700,36.1
16:10:41.833,2252216,8.260,6.227,1.765,0.212,-1.049,0.602,-67.500,12.150,-56.850,36.0
16:10:41.893,2252270,8.538,5.066,2.143,0.145,-0.877,0.611,-67.500,12.150,-56.850,35.8
16:10:41.953,2252324,8.930,4.987,1.099,0.233,-0.829,0.474,-61.200,6.300,-64.050,35.8
16:10:41.954,2252378,8.820,5.239,1.068,0.167,-0.673,0.474,-61.200,6.300,-64.050,36.0
16:10:42.013,2252432,8.689,4.652,0.587,0.184,-0.576,0.401,-56.550,0.300,-69.450,36.0
16:10:42.073,2252486,8.583,4.398,0.244,0.184,-0.566,0.391,-52.350,-2.850,-70.650,36.0
16:10:42.133,2252540,9.005,4.118,-0.369,0.197,-0.480,0.353,-52.350,-2.850,-70.650,35.5
16:10:42.193,2252594,8.815,4.005,-0.601,0.146,-0.486,0.353,-47.400,-7.500,-75.000,35.8
16:10:42.253,2252648,8.871,3.723,-0.534,0.185,-0.532,0.333,-47.400,-7.500,-75.000,36.0
16:10:42.313,2252702,9.258,3.551,-0.898,0.104,-0.488,0.323,-47.400,-7.500,-75.000,36.0
16:10:42.373,2252756,9.290,3.488,-1.015,-0.039,-0.281,0.211,-47.400,-7.500,-75.000,35.5
16:10:42.433,2252810,9.349,3.570,-0.682,-0.185,-0.261,0.222,-39.450,-11.100,-77.850,36.0
16:10:42.493,2252864,8.856,3.091,-1.259,-0.136,-0.191,0.178,-39.450,-11.100,-77.850,36.0
16:10:42.494,2252918,8.914,3.496,-1.195,0.135,-0.046,0.104,-36.450,-9.150,-78.600,36.0
16:10:42.553,2252972,9.201,2.933,-1.293,0.181,-0.015,0.028,-36.450,-9.150,-78.600,36.0
16:10:42.613,2253026,9.009,4.427,-0.476,0.072,0.215,-0.162,-34.200,-12.750,-79.200,35.5
16:10:42.673,2253080,9.354,3.958,-0.141,-0.292,0.439,-0.398,-38.100,-11.700,-78.300,35.9
16:10:42.733,2253134,10.274,5.547,0.575,-1.049,1.022,-0.875,-38.100,-11.700,-78.300,36.0
16:10:42.794,2253188,9.876,5.442,1.628,-1.273,1.494,-1.096,-46.200,-3.450,-74.100,35.8
16:10:42.853,2253242,9.847,6.134,1.896,-1.035,1.912,-1.311,-46.200,-3.450,-74.100,35.9
16:10:42.913,2253296,9.608,6.546,3.021,-0.880,2.196,-1.282,-59.700,12.900,-64.500,35.7
16:10:42.973,2253350,8.449,6.280,3.512,-0.683,2.300,-1.303,-59.700,12.900,-64.500,36.0
16:10:43.034,2253404,7.532,6.333,4.432,-0.462,2.429,-1.241,-59.700,12.900,-64.500,35.9
16:10:43.035,2253458,6.725,6.043,5.227,-0.341,2.479,-1.221,-59.700,12.900,-64.500,36.0
16:10:43.094,2253512,5.780,6.936,6.196,-0.484,2.484,-1.223,-76.950,41.850,-23.850,35.8
16:10:43.154,2253566,4.781,6.584,7.424,-0.715,2.556,-1.162,-76.950,41.850,-23.850,35.8
16:10:43.213,2253620,2.914,6.093,7.049,-0.638,2.547,-1.131,-71.250,51.600,3.450,35.9
16:10:43.273,2253674,1.070,5.945,6.941,-0.292,2.484,-0.977,-71.250,51.600,3.450,36.0
16:10:43.333,2253728,0.271,5.839,7.551,-0.363,2.467,-0.892,-56.550,59.550,25.200,36.1
16:10:43.393,2253782,-1.355,5.619,7.314,-0.581,2.454,-0.862,-37.200,62.250,40.200,36.0
16:10:43.453,2253836,-2.931,4.530,5.435,-0.396,2.300,-0.788,-37.200,62.250,40.200,35.9
16:10:43.513,2253890,-3.874,5.011,5.883,-0.175,1.966,-0.632,-15.000,60.900,49.800,36.0
16:10:43.573,2253944,-5.073,4.029,6.431,-0.217,1.753,-0.481,-15.000,60.900,49.800,35.9
16:10:43.574,2253998,-4.901,2.693,2.409,-0.061,1.464,-0.422,2.100,57.900,51.900,35.5
16:10:43.693,2254052,-6.455,4.271,4.798,0.238,1.132,-0.344,2.100,57.900,51.900,36.0
16:10:43.694,2254106,-6.519,3.543,2.567,0.099,0.626,-0.130,2.100,57.900,51.900,35.8
16:10:43.753,2254160,-7.130,3.213,4.439,0.130,0.338,0.035,2.100,57.900,51.900,35.9
16:10:43.814,2254214,-7.065,4.721,4.626,0.034,-0.018,0.050,2.100,57.900,51.900,35.8
16:10:43.873,2254268,-6.910,4.029,4.132,-0.143,-0.170,0.095,2.100,57.900,51.900,35.9
16:10:43.934,2254322,-7.398,4.690,5.444,-0.155,-0.087,-0.023,18.000,60.900,52.050,35.8
16:10:44.055,2254376,-7.010,5.095,4.482,-0.127,-0.140,-0.006,17.700,59.250,51.300,35.8
16:10:44.055,2254430,-7.494,4.283,5.253,0.108,0.017,0.004,17.700,59.250,51.300,35.9
16:10:44.113,2254484,-7.017,4.554,5.150,-0.070,-0.074,0.012,16.350,59.100,51.450,35.8
16:10:44.114,2254538,-7.008,4.475,4.381,-0.063,-0.211,0.005,16.350,59.100,51.450,36.0
16:10:44.233,2254592,-6.986,4.314,5.033,-0.091,-0.322,0.041,15.750,56.550,51.600,36.1
16:10:44.234,2254646,-6.416,4.729,4.609,0.175,-0.619,0.004,15.750,56.550,51.600,35.8
16:10:44.293,2254700,-6.347,4.530,5.449,0.255,-0.911,0.264,11.700,59.250,51.300,36.0
16:10:44.353,2254754,-5.399,4.918,4.281,0.141,-1.257,0.430,11.700,59.250,51.300,35.5
16:10:44.413,2254808,-5.140,3.239,4.846,0.560,-1.525,0.567,11.700,59.250,51.300,35.9
16:10:44.473,2254862,-4.144,4.836,6.155,0.602,-1.743,0.771,11.700,59.250,51.300,35.5
16:10:44.533,2254916,-3.194,5.607,5.976,0.032,-1.883,0.868,11.700,59.250,51.300,35.5
16:10:44.593,2254970,-2.423,5.885,8.466,-0.160,-1.861,0.844,-35.100,63.900,38.850,35.8
16:10:44.653,2255024,-1.528,7.242,7.836,0.480,-1.811,0.752,-35.100,63.900,38.850,36.0
16:10:44.654,2255078,-0.292,5.904,5.923,0.631,-1.733,0.889,-48.300,64.050,31.050,35.8
16:10:44.713,2255132,0.261,7.094,8.554,0.320,-1.778,1.039,-48.300,64.050,31.050,36.0
16:10:44.773,2255186,1.599,6.373,5.693,0.358,-1.673,1.024,-60.150,56.250,16.500,36.0
16:10:44.833,2255240,2.622,6.673,7.242,0.458,-1.636,0.878,-60.150,56.250,16.500,35.9
16:10:44.894,2255294,3.788,8.940,8.868,0.323,-1.708,0.973,-72.000,50.850,1.500,36.0
16:10:44.953,2255348,4.173,6.646,6.026,-0.013,-1.677,0.945,-72.000,50.850,1.500,35.9
16:10:45.014,2255402,5.073,6.761,7.230,0.356,-1.542,0.934,-78.150,43.200,-14.550,35.4
16:10:45.073,2255456,6.167,6.493,2.880,0.312,-1.372,0.820,-78.150,43.200,-14.550,35.6
16:10:45.134,2255510,6.522,5.499,6.756,0.005,-1.274,0.777,-78.150,43.200,-14.550,36.0
16:10:45.195,2255564,7.051,7.207,3.553,-0.291,-1.376,0.651,-78.150,43.200,-14.550,35.8
16:10:45.195,2255618,8.107,5.229,4.171,0.005,-1.120,0.684,-78.150,43.200,-14.550,36.0
16:10:45.253,2255672,7.582,5.277,3.931,0.177,-1.165,0.657,-71.250,17.850,-50.250,35.9
16:10:45.314,2255726,8.076,4.688,2.042,0.728,-1.047,0.633,-71.250,17.850,-50.250,36.0
16:10:45.375,2255780,8.583,5.351,3.654,0.526,-1.082,0.566,-63.900,10.950,-59.400,36.0
16:10:45.434,2255834,9.424,5.923,1.513,0.302,-0.684,0.460,-63.900,10.950,-59.400,35.9
16:10:45.495,2255888,8.545,4.302,2.112,-0.079,-0.636,0.334,-57.300,4.500,-65.700,35.8
16:10:45.554,2255942,8.478,4.642,1.243,0.026,-0.598,0.333,-57.300,4.500,-65.700,35.9
16:10:45.613,2255996,8.811,4.209,0.967,0.082,-0.588,0.360,-53.550,1.800,-71.250,36.0
16:10:45.674,2256050,8.938,4.211,0.498,0.231,-0.472,0.330,-53.550,1.800,-71.250,35.8
16:10:45.735,2256104,9.079,4.142,0.338,0.322,-0.431,0.335,-48.750,-2.250,-71.550,36.0
16:10:45.736,2256158,9.237,3.709,-0.024,0.299,-0.356,0.301,-48.750,-2.250,-71.550,36.0
16:10:45.793,2256212,9.148,3.828,-0.309,0.215,-0.297,0.301,-48.750,-2.250,-71.550,35.9
16:10:45.853,2256266,9.155,3.388,-0.769,0.173,-0.254,0.253,-48.750,-2.250,-71.550,35.9
16:10:45.914,2256320,9.163,3.254,-0.553,0.153,-0.191,0.193,-48.750,-2.250,-71.550,35.9
16:10:45.973,2256374,9.270,3.924,-0.213,0.060,-0.116,0.118,-39.300,-9.000,-75.450,35.5
16:10:46.034,2256428,8.995,3.146,-0.713,-0.076,-0.154,0.135,-39.300,-9.000,-75.450,35.7
16:10:46.094,2256482,9.213,3.117,-0.713,-0.016,-0.124,0.110,-37.950,-10.800,-77.850,35.9
16:10:46.155,2256536,8.861,3.417,-0.907,-0.030,-0.094,0.129,-37.950,-10.800,-77.850,35.9
16:10:46.213,2256590,9.215,3.302,-0.524,0.037,-0.029,0.034,-36.750,-9.600,-78.900,35.9
16:10:46.273,2256644,9.117,3.601,-0.757,-0.046,0.090,-0.034,-36.750,-9.600,-78.900,36.0
16:10:46.274,2256698,8.959,3.522,-0.450,0.013,0.160,-0.117,-37.350,-10.200,-78.300,36.0
16:10:46.333,2256752,9.740,4.381,0.206,-0.338,0.376,-0.380,-37.350,-10.200,-78.300,36.0
16:10:46.393,2256806,9.792,4.499,0.704,-0.750,0.699,-0.599,-40.200,-9.600,-77.400,36.0
16:10:46.453,2256860,9.680,4.664,1.166,-1.031,0.994,-0.782,-40.200,-9.600,-77.400,35.5
16:10:46.513,2256914,10.187,5.291,1.695,-1.114,1.410,-0.929,-40.200,-9.600,-77.400,35.5
16:10:46.573,2256968,9.661,5.169,2.614,-0.705,1.838,-1.055,-40.200,-9.600,-77.400,35.9
16:10:46.635,2257022,8.966,5.693,3.419,-0.382,2.091,-1.115,-40.200,-9.600,-77.400,35.8
16:10:46.693,2257076,8.272,5.789,4.934,-0.279,2.267,-1.144,-68.850,23.100,-49.350,35.8
16:10:46.753,2257130,7.187,6.100,5.567,-0.377,2.350,-1.199,-68.850,23.100,-49.350,36.0
16:10:46.813,2257184,6.685,6.182,6.270,-0.487,2.447,-1.163,-77.250,35.700,-27.900,35.8
16:10:46.814,2257238,5.763,5.866,6.531,-0.302,2.588,-1.155,-77.250,35.700,-27.900,35.9
16:10:46.873,2257292,3.917,5.859,7.345,-0.126,2.556,-1.081,-72.900,47.550,-3.900,35.8
16:10:46.934,2257346,2.679,6.242,6.656,-0.280,2.458,-0.986,-72.900,47.550,-3.900,35.5
16:10:46.993,2257400,1.470,5.799,6.833,-0.507,2.244,-0.963,-63.600,54.000,17.100,35.8
16:10:47.053,2257454,0.342,5.902,7.764,-0.575,2.207,-0.911,-63.600,54.000,17.100,35.9
16:10:47.113,2257508,-1.506,4.803,6.388,-0.205,1.985,-0.807,-47.250,58.350,35.400,35.9
16:10:47.173,2257562,-1.961,5.461,6.582,-0.447,1.821,-0.588,-28.050,58.950,44.400,36.1
16:10:47.233,2257616,-3.211,5.559,7.942,-0.413,1.614,-0.484,-28.050,58.950,44.400,35.9
16:10:47.293,2257670,-4.159,3.857,4.671,-0.225,1.419,-0.396,-28.050,58.950,44.400,36.0
16:10:47.355,2257724,-4.867,4.673,6.986,-0.135,1.226,-0.381,-28.050,58.950,44.400,36.0
16:10:47.473,2257778,-5.679,3.160,4.343,-0.161,1.086,-0.377,-2.100,56.700,52.200,35.7
16:10:47.474,2257832,-6.144,3.469,5.207,-0.110,0.720,-0.361,-2.100,56.700,52.200,36.0
16:10:47.475,2257886,-6.558,3.120,4.673,0.500,0.495,-0.106,8.100,55.950,53.700,35.6
16:10:47.593,2257940,-6.462,4.721,4.815,0.202,0.120,-0.058,8.100,55.950,53.700,35.9
16:10:47.594,2257994,-6.773,4.140,5.571,-0.250,-0.022,-0.039,11.250,58.500,52.050,35.8
16:10:47.653,2258048,-6.795,3.790,5.231,-0.320,-0.052,-0.011,11.250,58.500,52.050,36.0
16:10:47.713,2258102,-6.656,4.130,6.390,-0.091,-0.042,0.017,11.250,57.000,53.100,35.8
16:10:47.773,2258156,-6.835,4.058,5.193,-0.026,-0.094,0.065,11.700,55.050,54.600,35.9
16:10:47.833,2258210,-6.627,4.240,6.194,-0.013,-0.030,0.023,11.700,55.050,54.600,35.9
16:10:47.893,2258264,-6.874,4.515,6.206,0.076,-0.093,0.043,8.700,55.050,54.600,35.8
16:10:47.894,2258318,-6.548,4.286,4.820,-0.042,-0.077,0.104,8.700,55.050,54.600,35.9
16:10:47.953,2258372,-6.634,4.566,6.680,-0.091,-0.129,-0.005,8.700,55.050,54.600,36.0
16:10:48.013,2258426,-6.479,4.281,4.695,0.026,-0.175,-0.002,8.700,55.050,54.600,35.9
16:10:48.073,2258480,-5.832,3.773,5.483,0.107,-0.522,0.040,7.800,53.250,54.450,35.8
16:10:48.134,2258534,-5.782,3.409,4.815,0.451,-0.852,0.197,7.800,53.250,54.450,35.8
16:10:48.195,2258588,-5.322,4.345,5.995,0.477,-1.309,0.385,2.400,57.000,53.550,35.9
16:10:48.255,2258642,-4.594,4.872,5.885,0.208,-1.591,0.508,2.400,57.000,53.550,35.9
16:10:48.314,2258696,-3.773,4.489,6.493,-0.029,-1.721,0.608,-10.950,58.950,47.700,36.0
16:10:48.373,2258750,-2.856,5.444,7.688,0.344,-1.749,0.663,-10.950,58.950,47.700,35.5
16:10:48.433,2258804,-2.172,5.430,6.692,0.795,-1.678,0.673,-28.950,59.850,44.550,35.5
16:10:48.434,2258858,-1.199,6.383,7.774,0.597,-1.713,0.825,-45.600,60.900,33.750,35.9
16:10:48.493,2258912,-0.436,6.905,8.037,0.550,-1.706,0.851,-45.600,60.900,33.750,35.9
16:10:48.555,2258966,1.109,6.201,6.397,0.282,-1.645,0.915,-58.500,58.650,21.150,36.0
16:10:48.613,2259020,2.052,6.776,7.930,0.217,-1.757,0.885,-58.500,58.650,21.150,35.9
16:10:48.673,2259074,3.165,7.472,6.505,0.453,-1.600,0.810,-58.500,58.650,21.150,35.8
16:10:48.733,2259128,3.867,6.318,6.347,0.345,-1.483,0.839,-58.500,58.650,21.150,35.9
16:10:48.794,2259182,3.508,7.034,6.809,0.296,-1.597,0.832,-75.600,47.100,-7.950,35.9
16:10:48.853,2259236,5.660,6.761,4.374,0.137,-1.383,0.748,-75.600,47.100,-7.950,35.5
16:10:48.914,2259290,5.483,6.596,6.646,0.141,-1.656,0.922,-78.600,38.550,-22.200,35.5
16:10:48.975,2259344,6.555,5.921,2.504,0.530,-1.588,0.810,-78.600,38.550,-22.200,36.0
16:10:48.975,2259398,7.604,6.213,6.163,-0.021,-1.738,1.044,-76.500,30.300,-38.550,36.0
16:10:49.034,2259452,8.349,5.909,2.203,0.076,-1.428,0.790,-71.850,20.850,-52.200,35.9
16:10:49.094,2259506,8.588,5.088,3.160,0.526,-1.355,0.669,-71.850,20.850,-52.200,36.0
16:10:49.154,2259560,9.067,5.634,1.645,0.616,-1.138,0.653,-61.950,12.450,-62.700,35.8
16:10:49.214,2259614,8.729,4.942,1.992,0.505,-1.119,0.655,-61.950,12.450,-62.700,35.5
16:10:49.273,2259668,9.031,5.064,0.807,0.446,-0.936,0.607,-54.300,3.450,-70.500,35.9
16:10:49.333,2259722,9.002,4.743,0.656,0.356,-0.838,0.544,-54.300,3.450,-70.500,35.5
16:10:49.394,2259776,9.431,4.441,0.357,0.272,-0.820,0.588,-54.300,3.450,-70.500,35.8
16:10:49.453,2259830,9.464,3.711,-0.426,0.255,-0.620,0.513,-54.300,3.450,-70.500,35.8
16:10:49.513,2259884,9.194,4.154,-0.041,0.203,-0.414,0.419,-54.300,3.450,-70.500,36.1
16:10:49.514,2259938,9.234,3.261,-0.730,0.253,-0.273,0.300,-54.300,3.450,-70.500,35.9
16:10:49.575,2259992,9.100,3.986,-0.342,0.173,-0.126,0.176,-36.450,-9.150,-77.850,36.0
16:10:49.634,2260046,9.146,2.990,-1.429,0.119,-0.195,0.257,-36.450,-9.150,-77.850,36.0
16:10:49.695,2260100,9.213,3.383,-1.398,0.123,-0.049,0.163,-35.700,-11.850,-79.650,36.0
16:10:49.753,2260154,9.129,3.112,-1.650,0.172,-0.084,0.145,-33.450,-14.550,-78.900,36.0
16:10:49.813,2260208,9.287,3.091,-1.470,0.164,0.049,-0.002,-33.450,-14.550,-78.900,35.8
16:10:49.874,2260262,9.060,3.165,-1.156,0.172,0.071,0.006,-33.600,-15.600,-78.750,35.8
16:10:49.933,2260316,8.904,3.687,-0.994,0.038,0.180,-0.137,-33.600,-15.600,-78.750,35.8
16:10:49.993,2260370,9.299,3.998,-0.649,-0.134,0.327,-0.312,-35.550,-14.400,-79.050,35.8
16:10:50.054,2260424,9.962,4.408,-0.098,-0.644,0.579,-0.553,-35.550,-14.400,-79.050,35.8
16:10:50.055,2260478,10.125,5.842,0.508,-1.430,1.101,-0.965,-35.550,-14.400,-79.050,36.0
16:10:50.115,2260532,10.113,4.082,0.213,-1.705,1.455,-1.075,-35.550,-14.400,-79.050,36.0
16:10:50.173,2260586,10.099,5.289,2.820,-1.286,1.949,-1.262,-52.650,4.050,-71.100,35.9
16:10:50.234,2260640,8.868,5.150,3.266,-0.686,2.229,-1.243,-52.650,4.050,-71.100,36.0
16:10:50.294,2260694,8.346,5.669,4.432,-0.403,2.386,-1.200,-64.350,20.850,-57.750,35.8
16:10:50.354,2260748,7.623,5.715,5.255,-0.350,2.490,-1.097,-74.250,32.250,-36.000,35.5
16:10:50.415,2260802,6.340,5.969,6.041,-0.505,2.402,-1.056,-74.250,32.250,-36.000,36.0
16:10:50.474,2260856,5.121,6.103,6.665,-0.533,2.438,-0.944,-75.900,42.900,-13.800,35.8
16:10:50.534,2260910,4.401,4.992,6.311,-0.952,2.495,-0.777,-75.900,42.900,-13.800,35.9
16:10:50.595,2260964,2.713,4.946,6.524,-0.237,2.463,-0.723,-70.350,50.250,11.250,36.0
16:10:50.595,2261018,1.324,5.346,7.468,0.197,2.306,-0.808,-70.350,50.250,11.250,35.9
16:10:50.653,2261072,0.831,6.634,8.380,-0.220,2.273,-0.748,-56.250,55.200,28.800,35.8
16:10:50.714,2261126,-1.097,5.437,7.144,-0.529,2.075,-0.683,-56.250,55.200,28.800,36.0
16:10:50.773,2261180,-2.219,5.203,7.163,-0.201,1.871,-0.646,-56.250,55.200,28.800,35.9
16:10:50.834,2261234,-2.916,5.071,6.876,-0.198,1.708,-0.589,-56.250,55.200,28.800,36.0
16:10:50.893,2261288,-3.845,4.470,5.485,-0.305,1.455,-0.536,-21.750,58.200,49.800,36.0
16:10:50.953,2261342,-4.606,4.322,6.764,-0.229,1.201,-0.475,-7.200,54.600,54.150,36.1
16:10:51.013,2261396,-5.260,4.104,5.380,-0.130,0.992,-0.415,-7.200,54.600,54.150,35.6
16:10:51.073,2261450,-5.689,4.266,6.965,-0.309,0.884,-0.252,2.400,55.050,56.100,35.9
16:10:51.133,2261504,-6.337,2.370,3.943,0.127,0.845,-0.193,2.400,55.050,56.100,35.8
16:10:51.134,2261558,-6.637,4.077,5.363,0.434,0.800,-0.218,12.150,54.450,55.200,36.0
16:10:51.193,2261612,-6.910,4.334,3.728,0.427,0.554,-0.149,12.150,54.450,55.200,35.7
16:10:51.255,2261666,-7.441,3.905,4.508,0.293,0.333,-0.039,17.700,58.200,53.100,35.8
16:10:51.315,2261720,-6.991,4.638,4.041,0.005,0.027,0.040,17.700,58.200,53.100,36.0
16:10:51.373,2261774,-7.192,4.128,5.569,-0.057,-0.096,0.073,19.500,56.550,52.350,36.0
16:10:51.434,2261828,-7.195,4.575,5.612,-0.248,-0.135,-0.002,19.500,56.550,52.350,35.9
16:10:51.494,2261882,-7.312,4.477,4.513,-0.174,-0.131,-0.013,19.500,56.550,52.350,35.9
16:10:51.553,2261936,-7.250,4.298,5.569,0.022,-0.076,-0.036,19.500,56.550,52.350,36.0
16:10:51.614,2261990,-7.015,4.997,4.980,-0.063,-0.098,-0.050,18.600,56.400,53.700,36.0
16:10:51.673,2262044,-7.247,4.132,5.928,-0.060,-0.039,-0.067,16.950,55.350,52.800,35.9
16:10:51.674,2262098,-7.104,4.283,5.495,0.035,-0.014,-0.055,16.950,55.350,52.800,35.6
16:10:51.733,2262152,-7.130,4.204,4.695,0.124,-0.115,-0.021,15.600,55.200,52.200,35.5
16:10:51.793,2262206,-6.929,3.996,4.614,0.302,-0.223,0.040,15.600,55.200,52.200,35.7
16:10:51.853,2262260,-6.637,3.742,4.666,0.287,-0.524,0.088,16.500,57.750,51.000,35.7
16:10:51.913,2262314,-5.976,3.606,3.618,0.142,-0.889,0.243,16.500,57.750,51.000,35.9
16:10:51.973,2262368,-6.074,3.594,4.719,0.354,-1.270,0.417,9.000,59.700,51.300,35.6
16:10:52.034,2262422,-5.112,4.216,4.676,0.347,-1.571,0.576,9.000,59.700,51.300,35.9
16:10:52.094,2262476,-4.353,4.561,6.354,0.357,-1.702,0.747,9.000,59.700,51.300,35.9
16:10:52.154,2262530,-3.577,5.140,5.703,0.209,-1.838,0.839,9.000,59.700,51.300,36.0
16:10:52.215,2262584,-2.653,5.830,7.456,0.490,-1.917,0.945,9.000,59.700,51.300,35.6
16:10:52.274,2262638,-1.798,5.588,6.488,0.535,-1.928,1.019,-40.050,64.350,35.250,35.5
16:10:52.275,2262692,0.247,6.383,6.254,0.407,-1.950,1.055,-40.050,64.350,35.250,35.6
16:10:52.333,2262746,0.757,7.590,9.438,0.037,-2.033,1.078,-58.200,60.000,20.550,35.9
16:10:52.394,2262800,2.538,7.197,4.848,-0.203,-1.960,0.991,-58.200,60.000,20.550,35.7
16:10:52.454,2262854,3.563,6.021,7.307,0.456,-1.790,0.930,-70.800,51.300,6.450,36.0
16:10:52.514,2262908,3.196,7.058,8.660,0.557,-1.777,0.867,-70.800,51.300,6.450,35.8
16:10:52.634,2262962,5.495,7.317,6.244,-0.074,-1.554,0.839,-76.350,44.400,-10.500,36.0
16:10:52.635,2263016,4.511,6.388,8.657,0.058,-1.722,0.849,-76.350,44.400,-10.500,35.9
16:10:52.693,2263070,6.670,5.820,2.557,0.459,-1.517,0.780,-77.250,35.250,-25.650,35.5
16:10:52.755,2263124,7.207,5.595,6.687,0.095,-1.447,0.909,-77.250,35.250,-25.650,35.7
16:10:52.755,2263178,7.875,6.366,3.426,-0.248,-1.321,0.706,-77.250,35.250,-25.650,36.0
16:10:52.813,2263232,7.724,4.812,4.611,0.444,-1.200,0.674,-77.250,35.250,-25.650,36.0
16:10:52.874,2263286,8.320,5.198,2.203,0.658,-1.128,0.715,-77.250,35.250,-25.650,35.8
16:10:52.933,2263340,8.456,5.011,2.624,0.702,-1.018,0.739,-64.650,10.500,-60.750,35.8
16:10:52.993,2263394,9.155,5.054,1.939,0.434,-0.957,0.677,-64.650,10.500,-60.750,35.8
16:10:53.053,2263448,9.062,4.709,1.439,0.256,-0.928,0.576,-56.700,2.850,-66.600,36.0
16:10:53.114,2263502,9.290,4.618,0.481,0.147,-0.756,0.497,-56.700,2.850,-66.600,35.9
16:10:53.174,2263556,9.009,4.058,0.730,0.092,-0.653,0.453,-51.750,-0.750,-72.750,35.8
16:10:53.233,2263610,9.057,3.589,0.263,0.286,-0.596,0.388,-51.750,-0.750,-72.750,35.4
16:10:53.295,2263664,9.225,3.991,-0.127,0.301,-0.532,0.374,-44.400,-4.350,-75.450,35.9
16:10:53.295,2263718,9.321,3.594,-0.460,0.180,-0.464,0.302,-44.400,-4.350,-75.450,36.0
16:10:53.354,2263772,9.218,3.601,-0.958,0.195,-0.429,0.312,-41.700,-9.150,-77.400,35.9
16:10:53.413,2263826,9.380,3.122,-0.603,0.012,-0.214,0.184,-41.700,-9.150,-77.400,35.9
16:10:53.475,2263880,9.120,3.349,-0.606,0.029,-0.114,0.069,-41.700,-9.150,-77.400,36.0
16:10:53.534,2263934,8.911,3.005,-1.070,0.020,-0.105,0.094,-41.700,-9.150,-77.400,36.0
16:10:53.595,2263988,8.971,3.211,-1.097,0.185,-0.047,0.043,-41.700,-9.150,-77.400,36.0
16:10:53.654,2264042,9.373,3.160,-1.118,0.192,0.039,-0.044,-35.850,-12.900,-78.300,35.7
16:10:53.713,2264096,9.270,3.598,-0.364,-0.043,0.165,-0.163,-35.850,-12.900,-78.300,36.0
16:10:53.773,2264150,9.500,4.099,0.412,-0.321,0.382,-0.351,-36.000,-11.100,-78.600,35.8
16:10:53.835,2264204,10.226,4.355,0.278,-0.883,0.865,-0.679,-36.000,-11.100,-78.600,36.0
16:10:53.835,2264258,9.823,4.872,1.219,-1.006,1.280,-0.856,-42.150,-5.100,-75.000,35.9
16:10:53.894,2264312,9.572,4.944,1.954,-0.738,1.592,-0.988,-42.150,-5.100,-75.000,36.0
16:10:53.953,2264366,9.598,5.547,2.342,-0.662,1.825,-1.095,-54.300,4.500,-69.750,35.6
16:10:54.013,2264420,9.182,5.823,3.280,-0.582,2.053,-1.106,-54.300,4.500,-69.750,35.8
16:10:54.073,2264474,8.444,5.617,4.130,-0.628,2.128,-1.122,-67.350,15.450,-56.250,35.7
16:10:54.133,2264528,7.422,5.346,4.585,-0.444,2.223,-1.044,-67.350,15.450,-56.250,35.8
16:10:54.193,2264582,7.027,5.595,6.172,-0.399,2.295,-1.001,-67.350,15.450,-56.250,35.9
16:10:54.254,2264636,5.801,6.546,6.369,-0.637,2.381,-1.030,-78.000,38.850,-14.700,36.0
16:10:54.313,2264690,4.214,5.423,7.137,-0.627,2.361,-0.996,-78.000,38.850,-14.700,36.0
16:10:54.373,2264744,2.988,5.935,6.843,-0.519,2.339,-0.956,-70.500,48.000,9.600,35.9
16:10:54.374,2264798,1.482,5.538,7.566,-0.412,2.253,-0.840,-70.500,48.000,9.600,35.8
16:10:54.433,2264852,0.110,5.179,7.446,-0.376,2.212,-0.722,-57.900,54.300,27.900,35.8
16:10:54.495,2264906,-0.728,5.009,7.140,-0.335,2.078,-0.679,-57.900,54.300,27.900,36.1
16:10:54.553,2264960,-1.891,4.300,7.336,-0.071,1.891,-0.646,-40.950,55.200,42.000,35.8
16:10:54.613,2265014,-2.605,4.312,6.153,-0.179,1.595,-0.576,-40.950,55.200,42.000,35.5
16:10:54.674,2265068,-3.560,4.990,7.434,-0.272,1.279,-0.455,-23.550,54.600,47.700,36.0
16:10:54.734,2265122,-4.259,3.948,6.998,-0.330,1.059,-0.405,-23.550,54.600,47.700,35.8
16:10:54.793,2265176,-4.695,3.792,5.835,-0.410,0.703,-0.348,-11.550,54.900,52.650,36.0
16:10:54.854,2265230,-5.732,4.173,6.950,-0.092,0.517,-0.306,-11.550,54.900,52.650,36.0
16:10:54.915,2265284,-5.476,3.522,6.325,-0.093,0.391,-0.327,-11.550,54.900,52.650,35.9
16:10:54.915,2265338,-6.610,4.077,5.916,0.100,0.291,-0.266,1.050,53.250,54.000,36.0
16:10:54.973,2265392,-6.019,2.729,4.630,0.116,0.148,-0.150,1.050,53.250,54.000,36.0
16:10:55.033,2265446,-6.256,4.508,6.962,0.398,0.033,-0.106,3.900,53.550,56.100,35.4
16:10:55.093,2265500,-5.547,2.598,5.686,0.441,0.068,-0.056,3.900,53.550,56.100,35.7
16:10:55.153,2265554,-6.366,5.042,7.618,0.140,-0.035,-0.058,4.200,57.000,54.150,35.8
16:10:55.214,2265608,-6.304,3.036,5.471,0.043,0.068,-0.015,4.200,57.000,54.150,35.8
16:10:55.273,2265662,-6.804,4.348,6.859,-0.131,-0.072,0.029,3.900,56.250,53.850,35.8
16:10:55.333,2265716,-6.359,4.580,6.278,0.174,-0.147,0.092,3.900,56.250,53.850,36.1
16:10:55.394,2265770,-6.041,3.433,4.484,0.189,-0.402,0.233,3.600,55.950,52.200,36.0
16:10:55.455,2265824,-5.511,3.598,5.646,0.483,-0.751,0.377,0.300,58.650,51.900,36.0
16:10:55.456,2265878,-4.879,3.716,5.760,0.772,-1.114,0.492,0.300,58.650,51.900,35.5
16:10:55.514,2265932,-3.802,5.107,5.705,0.286,-1.458,0.670,0.300,58.650,51.900,35.3
16:10:55.574,2265986,-3.761,5.262,6.572,-0.115,-1.630,0.792,0.300,58.650,51.900,35.5
16:10:55.634,2266040,-2.672,4.863,5.794,0.091,-1.849,0.776,-27.150,60.600,44.550,36.0
16:10:55.694,2266094,-1.058,4.020,5.164,0.446,-2.073,0.933,-27.150,60.600,44.550,35.9
16:10:55.754,2266148,-0.242,6.622,7.867,0.742,-2.072,1.024,-45.450,62.250,35.100,35.8
16:10:55.813,2266202,1.013,6.340,6.941,0.612,-2.146,1.107,-45.450,62.250,35.100,35.9
16:10:55.874,2266256,2.540,6.962,7.930,0.182,-2.132,1.189,-62.700,57.750,16.950,35.9
16:10:55.934,2266310,3.757,7.336,8.574,0.189,-2.140,1.067,-62.700,57.750,16.950,35.8
16:10:55.995,2266364,4.254,6.072,4.101,0.581,-1.985,1.018,-73.650,51.000,-1.800,36.0
16:10:55.995,2266418,6.167,6.127,8.114,0.303,-1.770,0.991,-73.650,51.000,-1.800,35.8
16:10:56.053,2266472,6.254,8.380,5.863,-0.019,-1.645,0.796,-77.850,38.550,-19.650,35.5
16:10:56.114,2266526,8.164,5.974,4.360,0.152,-1.377,0.645,-77.850,38.550,-19.650,35.8
16:10:56.174,2266580,6.991,6.637,5.751,0.021,-1.418,0.581,-77.850,38.550,-19.650,35.9
16:10:56.234,2266634,7.875,5.823,3.553,0.151,-1.069,0.601,-77.850,38.550,-19.650,35.8
16:10:56.293,2266688,7.537,5.318,4.231,0.333,-1.198,0.540,-77.850,38.550,-19.650,35.8
16:10:56.354,2266742,8.337,5.155,1.966,0.658,-1.087,0.613,-64.800,18.450,-55.800,35.9
16:10:56.414,2266796,8.887,5.186,2.093,0.658,-1.113,0.618,-64.800,18.450,-55.800,36.0
16:10:56.475,2266850,9.079,4.870,1.355,0.493,-0.972,0.627,-61.650,8.700,-64.800,35.9
16:10:56.533,2266904,9.263,4.975,1.207,0.162,-0.774,0.450,-61.650,8.700,-64.800,35.8
16:10:56.534,2266958,9.043,4.492,1.006,0.005,-0.608,0.364,-50.850,2.850,-71.700,35.9
16:10:56.594,2267012,8.801,4.240,0.642,-0.099,-0.544,0.337,-50.850,2.850,-71.700,35.8
16:10:56.654,2267066,8.894,4.037,0.666,0.033,-0.538,0.365,-47.700,1.500,-74.550,35.5
16:10:56.715,2267120,9.019,3.496,-0.072,0.118,-0.430,0.356,-43.950,-0.300,-77.400,35.8
16:10:56.773,2267174,8.787,3.713,-0.117,0.136,-0.340,0.294,-43.950,-0.300,-77.400,36.0
16:10:56.833,2267228,9.335,3.357,-0.898,0.245,-0.304,0.333,-43.950,-0.300,-77.400,35.9
16:10:56.893,2267282,9.263,3.397,-0.651,0.189,-0.241,0.289,-43.950,-0.300,-77.400,35.8
16:10:56.954,2267336,9.251,3.115,-1.137,0.184,-0.216,0.254,-43.950,-0.300,-77.400,36.0
16:10:57.013,2267390,9.196,3.347,-0.804,0.172,-0.104,0.170,-43.950,-0.300,-77.400,35.7
16:10:57.073,2267444,9.196,3.670,-0.462,0.031,0.017,0.030,-33.300,-9.450,-80.250,36.0
16:10:57.074,2267498,8.911,3.105,-0.991,-0.017,0.228,-0.117,-33.300,-9.450,-80.250,35.9
16:10:57.133,2267552,8.832,3.965,0.060,-0.384,0.374,-0.348,-36.000,-8.100,-80.400,35.8
16:10:57.193,2267606,9.625,4.520,0.156,-0.498,0.559,-0.441,-36.000,-8.100,-80.400,35.8
16:10:57.254,2267660,9.967,3.795,0.096,-0.640,0.695,-0.540,-40.200,-4.200,-78.150,36.0
16:10:57.313,2267714,9.548,4.482,1.041,-0.464,0.807,-0.579,-45.600,1.650,-75.450,35.8
16:10:57.373,2267768,9.290,4.714,1.415,-0.419,1.167,-0.841,-45.600,1.650,-75.450,35.6
16:10:57.434,2267822,9.749,4.994,2.761,-0.849,1.565,-0.992,-55.650,9.000,-68.550,35.7
16:10:57.494,2267876,9.203,5.507,3.498,-1.077,1.799,-1.023,-55.650,9.000,-68.550,35.4
16:10:57.554,2267930,8.564,5.543,4.683,-0.720,2.103,-1.104,-55.650,9.000,-68.550,36.0
16:10:57.615,2267984,7.705,5.648,5.250,-0.487,2.214,-1.069,-55.650,9.000,-68.550,35.9
16:10:57.615,2268038,6.486,5.590,6.266,-0.285,2.287,-0.989,-55.650,9.000,-68.550,36.0
16:10:57.673,2268092,5.954,5.634,6.045,-0.307,2.339,-0.980,-55.650,9.000,-68.550,35.9
16:10:57.734,2268146,5.028,5.957,6.859,-0.442,2.268,-0.873,-76.500,45.000,-12.600,35.6
16:10:57.793,2268200,3.275,5.413,6.328,-0.136,2.168,-0.778,-76.500,45.000,-12.600,35.8
16:10:57.853,2268254,2.169,5.315,7.056,-0.191,2.024,-0.721,-68.100,51.750,7.200,35.6
16:10:57.913,2268308,0.953,5.959,7.709,-0.367,1.941,-0.624,-68.100,51.750,7.200,35.5
16:10:57.974,2268362,0.311,5.655,7.321,-0.203,1.804,-0.587,-58.800,57.900,23.700,35.7
16:10:58.035,2268416,-0.582,5.437,7.724,-0.314,1.699,-0.487,-46.950,59.100,36.450,36.0
16:10:58.093,2268470,-1.915,4.922,7.195,-0.405,1.674,-0.497,-46.950,59.100,36.450,35.8
16:10:58.154,2268524,-3.132,4.745,7.386,-0.258,1.570,-0.416,-30.300,58.200,45.450,35.8
16:10:58.155,2268578,-3.673,5.033,6.531,-0.055,1.383,-0.386,-30.300,58.200,45.450,35.8
16:10:58.213,2268632,-4.015,5.104,7.113,-0.108,1.280,-0.298,-30.300,58.200,45.450,36.0
16:10:58.273,2268686,-4.532,4.585,6.926,-0.252,1.114,-0.265,-30.300,58.200,45.450,36.0
16:10:58.334,2268740,-4.899,5.176,5.789,-0.329,0.968,-0.274,-30.300,58.200,45.450,35.5
16:10:58.394,2268794,-5.473,3.531,5.523,-0.096,0.842,-0.238,-30.300,58.200,45.450,35.9
16:10:58.454,2268848,-6.182,4.618,6.400,0.304,0.787,-0.210,1.950,55.800,54.900,35.5
16:10:58.514,2268902,-6.325,3.251,3.699,0.490,0.572,-0.077,1.950,55.800,54.900,35.8
16:10:58.574,2268956,-6.692,4.793,6.457,0.059,0.313,-0.101,8.850,57.600,55.200,35.9
16:10:58.635,2269010,-7.044,4.063,4.073,0.096,0.213,-0.013,12.750,57.750,52.800,35.8
16:10:58.695,2269064,-7.080,4.286,5.911,-0.011,-0.002,0.077,12.750,57.750,52.800,36.0
16:10:58.695,2269118,-6.567,4.863,5.013,-0.144,-0.123,0.082,11.850,59.550,53.250,35.9
16:10:58.754,2269172,-6.823,3.910,4.760,-0.176,-0.146,0.042,11.850,59.550,53.250,36.0
16:10:58.813,2269226,-6.658,4.587,6.160,-0.121,-0.221,0.063,11.250,56.550,54.600,35.9
16:10:58.874,2269280,-6.337,4.966,5.665,-0.070,-0.265,0.059,11.250,56.550,54.600,35.7
16:10:58.934,2269334,-6.381,4.441,6.148,-0.033,-0.250,0.050,11.250,56.550,54.600,35.5
16:10:58.994,2269388,-6.258,4.547,5.488,0.084,-0.395,0.018,11.250,56.550,54.600,36.0
16:10:59.053,2269442,-6.172,4.116,5.899,0.094,-0.569,0.118,6.450,57.750,54.600,35.9
16:10:59.114,2269496,-5.986,4.788,6.273,0.161,-0.756,0.244,6.450,57.750,54.600,36.0
16:10:59.173,2269550,-5.442,3.833,5.191,0.144,-0.950,0.328,1.050,57.900,52.950,35.8
16:10:59.233,2269604,-4.448,4.513,6.337,0.228,-1.093,0.403,-9.000,59.700,51.600,35.8
16:10:59.234,2269658,-4.008,5.059,6.220,0.322,-1.167,0.435,-9.000,59.700,51.600,35.8
16:10:59.294,2269712,-3.575,4.530,6.792,0.237,-1.248,0.511,-21.600,62.550,47.100,35.9
16:10:59.354,2269766,-2.998,5.497,7.547,0.153,-1.316,0.543,-21.600,62.550,47.100,35.5
16:10:59.475,2269820,-2.263,5.959,7.151,0.290,-1.371,0.512,-32.400,62.250,43.500,36.2
16:10:59.476,2269874,-1.686,5.753,7.075,0.354,-1.494,0.619,-32.400,62.250,43.500,36.0
16:10:59.535,2269928,-0.704,5.650,7.638,0.339,-1.476,0.759,-32.400,62.250,43.500,35.9
16:10:59.593,2269982,0.227,6.541,7.525,0.307,-1.509,0.758,-32.400,62.250,43.500,35.8
16:10:59.654,2270036,0.730,6.596,7.906,0.345,-1.503,0.698,-32.400,62.250,43.500,35.7
16:10:59.714,2270090,1.721,5.653,6.155,0.211,-1.443,0.689,-32.400,62.250,43.500,35.8
16:10:59.773,2270144,2.552,7.168,8.638,0.154,-1.526,0.804,-66.750,53.850,10.350,36.0
16:10:59.833,2270198,3.677,7.458,5.215,0.117,-1.518,0.845,-66.750,53.850,10.350,35.9
16:10:59.834,2270252,4.808,6.211,7.128,0.066,-1.427,0.818,-76.200,45.750,-2.700,35.8
16:10:59.893,2270306,4.908,6.637,7.400,0.236,-1.519,0.735,-78.900,39.750,-13.050,36.0
16:10:59.953,2270360,6.141,5.468,3.227,0.307,-1.310,0.726,-78.900,39.750,-13.050,35.9
16:11:00.013,2270414,6.677,6.723,6.795,0.454,-1.397,0.777,-79.350,31.200,-29.850,35.8
16:11:00.073,2270468,7.087,6.563,2.940,0.417,-1.195,0.673,-79.350,31.200,-29.850,36.0
16:11:00.134,2270522,7.784,5.586,5.262,0.155,-1.151,0.654,-75.600,22.800,-41.550,36.0
16:11:00.193,2270576,7.556,6.273,3.043,0.148,-1.004,0.458,-75.600,22.800,-41.550,36.0
16:11:00.253,2270630,7.985,5.538,3.797,0.196,-0.819,0.353,-75.600,22.800,-41.550,35.9
16:11:00.313,2270684,7.661,5.021,2.538,0.305,-0.925,0.389,-75.600,22.800,-41.550,35.5
16:11:00.314,2270738,8.382,5.746,2.722,0.180,-0.817,0.482,-65.550,13.800,-59.850,35.5
16:11:00.374,2270792,8.861,5.145,1.523,0.251,-0.790,0.399,-65.550,13.800,-59.850,35.9
16:11:00.434,2270846,8.499,4.946,1.441,0.167,-0.662,0.378,-60.300,7.650,-64.350,35.8
16:11:00.493,2270900,8.528,4.611,0.867,0.071,-0.535,0.281,-55.800,4.200,-68.250,35.8
16:11:00.554,2270954,8.674,4.851,1.255,0.078,-0.438,0.293,-55.800,4.200,-68.250,36.0
16:11:00.614,2271008,8.815,4.310,0.946,0.181,-0.401,0.292,-50.250,1.050,-70.800,35.8
16:11:00.673,2271062,8.851,4.805,0.405,0.199,-0.342,0.327,-50.250,1.050,-70.800,35.9
16:11:00.734,2271116,8.926,4.056,0.055,0.234,-0.344,0.304,-49.350,-1.350,-73.950,36.0
16:11:00.794,2271170,8.947,4.187,-0.172,0.302,-0.283,0.242,-49.350,-1.350,-73.950,35.8
16:11:00.855,2271224,8.938,4.178,0.084,0.255,-0.233,0.193,-49.350,-1.350,-73.950,35.5
16:11:00.915,2271278,9.301,4.441,0.474,-0.073,-0.015,-0.063,-49.350,-1.350,-73.950,35.8
16:11:00.915,2271332,9.165,4.867,0.986,-0.509,0.169,-0.229,-49.350,-1.350,-73.950,35.8
16:11:00.974,2271386,9.333,4.599,0.618,-0.880,0.543,-0.454,-49.350,-1.350,-73.950,36.0
16:11:01.035,2271440,9.143,5.389,1.906,-1.040,0.746,-0.607,-47.400,0.150,-75.750,35.8
16:11:01.094,2271494,9.622,5.409,1.836,-0.956,1.298,-0.896,-47.400,0.150,-75.750,35.9
16:11:01.153,2271548,9.443,6.175,3.163,-1.206,1.650,-1.056,-54.000,10.800,-70.800,35.8
16:11:01.213,2271602,8.724,6.199,4.221,-1.187,1.945,-1.106,-67.350,22.800,-55.800,35.8
16:11:01.273,2271656,7.896,6.041,4.817,-0.881,2.122,-1.058,-67.350,22.800,-55.800,35.8
16:11:01.333,2271710,7.065,5.581,5.806,-0.579,2.298,-0.996,-73.650,36.600,-36.150,35.5
16:11:01.393,2271764,5.969,5.871,6.445,-0.358,2.303,-0.957,-73.650,36.600,-36.150,36.1
16:11:01.394,2271818,5.329,6.414,7.786,-0.490,2.313,-0.872,-73.950,45.300,-13.950,35.8
16:11:01.453,2271872,3.749,4.918,6.378,-0.753,2.401,-0.801,-73.950,45.300,-13.950,35.5
16:11:01.513,2271926,2.435,5.933,7.951,-0.765,2.228,-0.690,-73.950,45.300,-13.950,35.9
16:11:01.573,2271980,1.336,5.188,7.475,-0.360,2.151,-0.636,-73.950,45.300,-13.950,36.0
16:11:01.633,2272034,0.034,4.673,7.400,-0.112,1.926,-0.605,-56.550,54.900,26.550,35.5
16:11:01.693,2272088,-0.924,5.100,7.810,-0.283,1.738,-0.478,-56.550,54.900,26.550,36.0
16:11:01.753,2272142,-1.824,4.444,6.603,-0.138,1.508,-0.406,-41.250,58.350,39.000,35.5
16:11:01.873,2272196,-2.873,4.578,7.362,-0.179,1.259,-0.436,-28.500,57.750,46.950,35.8
16:11:01.874,2272250,-3.598,3.474,6.112,0.085,1.076,-0.423,-28.500,57.750,46.950,35.8
16:11:01.933,2272304,-3.685,4.707,7.910,0.063,0.820,-0.409,-19.350,56.700,50.400,36.0
16:11:01.934,2272358,-4.554,4.628,7.537,0.076,0.804,-0.303,-19.350,56.700,50.400,35.8
16:11:01.993,2272412,-4.664,3.907,6.445,-0.169,0.608,-0.279,-10.350,58.650,49.950,35.9
16:11:02.053,2272466,-5.533,4.532,8.124,-0.099,0.630,-0.261,-10.350,58.650,49.950,35.8
16:11:02.113,2272520,-5.885,3.249,6.558,-0.113,0.679,-0.276,-4.050,58.650,52.950,36.0
16:11:02.173,2272574,-6.357,4.130,6.141,-0.099,0.600,-0.254,-4.050,58.650,52.950,36.0
16:11:02.233,2272628,-6.325,4.130,5.823,0.246,0.456,-0.130,-4.050,58.650,52.950,35.7
16:11:02.293,2272682,-6.314,3.409,5.339,0.238,0.374,-0.070,-4.050,58.650,52.950,35.5
16:11:02.353,2272736,-6.689,4.089,6.730,0.124,0.208,-0.058,7.950,56.250,50.250,35.7
16:11:02.414,2272790,-6.663,3.349,4.930,0.068,0.215,0.046,9.750,58.200,51.600,35.8
16:11:02.474,2272844,-6.524,4.413,6.127,-0.029,0.119,-0.012,9.750,58.200,51.600,36.0
16:11:02.475,2272898,-6.668,4.259,6.036,-0.109,-0.024,0.047,10.500,57.300,51.000,36.0
16:11:02.534,2272952,-6.718,3.859,4.853,-0.072,-0.058,0.068,10.500,57.300,51.000,35.9
16:11:02.595,2273006,-6.546,4.185,6.541,-0.067,-0.045,0.062,10.350,57.600,50.700,35.8
16:11:02.654,2273060,-6.651,4.092,5.990,0.021,-0.050,0.056,10.350,57.600,50.700,35.5
16:11:02.714,2273114,-6.682,3.620,5.765,-0.039,-0.102,0.097,8.550,57.900,52.200,35.8
16:11:02.773,2273168,-6.651,3.713,5.543,-0.080,-0.306,0.034,8.550,57.900,52.200,36.0
16:11:02.835,2273222,-6.045,3.464,4.946,0.068,-0.547,0.121,8.550,57.900,52.200,36.0
16:11:02.894,2273276,-5.631,4.192,6.136,0.271,-0.845,0.311,8.550,57.900,52.200,35.9
16:11:02.954,2273330,-5.444,4.051,5.440,0.416,-1.044,0.374,8.550,57.900,52.200,35.5
16:11:03.014,2273384,-4.472,3.960,6.117,0.117,-1.237,0.465,8.550,57.900,52.200,35.8
16:11:03.015,2273438,-4.080,5.004,6.510,0.150,-1.422,0.511,-9.300,61.350,49.350,35.9
16:11:03.073,2273492,-3.069,4.336,6.189,0.166,-1.495,0.571,-23.100,64.050,46.050,35.9
16:11:03.133,2273546,-2.550,5.701,8.684,0.306,-1.620,0.619,-23.100,64.050,46.050,35.9
16:11:03.193,2273600,-1.590,6.191,7.049,0.354,-1.464,0.674,-38.250,61.800,37.950,35.5
16:11:03.253,2273654,-0.606,5.770,8.614,0.034,-1.478,0.669,-38.250,61.800,37.950,35.8
16:11:03.314,2273708,-0.242,7.180,8.301,0.510,-1.381,0.641,-51.600,58.950,29.400,36.0
16:11:03.373,2273762,0.476,5.310,8.092,0.514,-1.359,0.709,-51.600,58.950,29.400,35.8
16:11:03.434,2273816,0.929,6.665,7.848,0.729,-1.501,0.742,-61.650,60.000,16.200,36.0
16:11:03.494,2273870,3.007,5.583,6.124,0.535,-1.452,0.832,-61.650,60.000,16.200,35.8
16:11:03.555,2273924,3.400,7.298,8.954,0.133,-1.648,0.865,-61.650,60.000,16.200,35.9
16:11:03.555,2273978,3.795,6.206,5.703,0.122,-1.535,0.808,-61.650,60.000,16.200,36.0
16:11:03.614,2274032,5.753,5.341,5.696,0.131,-1.431,0.786,-61.650,60.000,16.200,35.7
16:11:03.674,2274086,5.179,7.029,6.342,0.297,-1.592,0.726,-76.500,38.850,-25.350,35.5
16:11:03.733,2274140,6.902,4.872,4.278,0.225,-1.294,0.739,-76.500,38.850,-25.350,36.0
16:11:03.793,2274194,6.857,6.716,5.586,-0.270,-1.439,0.539,-75.600,31.950,-37.200,35.8
16:11:03.853,2274248,7.448,4.788,3.994,-0.373,-1.246,0.469,-75.600,31.950,-37.200,36.0
16:11:03.913,2274302,8.523,5.399,3.582,-0.388,-1.239,0.340,-70.500,24.900,-48.750,36.0
16:11:03.974,2274356,7.994,4.561,3.419,0.372,-1.154,0.407,-70.500,24.900,-48.750,35.5
16:11:04.034,2274410,8.349,5.090,3.134,1.030,-1.053,0.504,-63.300,23.100,-58.800,35.5
16:11:04.093,2274464,8.665,5.023,1.937,1.102,-1.000,0.472,-63.300,23.100,-58.800,35.9
16:11:04.154,2274518,8.655,4.956,2.710,0.726,-0.848,0.459,-57.300,13.800,-66.450,35.3
16:11:04.155,2274572,9.230,4.618,1.185,0.210,-0.690,0.390,-57.300,13.800,-66.450,35.4
16:11:04.214,2274626,9.043,4.882,1.518,-0.414,-0.606,0.312,-57.300,13.800,-66.450,35.9
16:11:04.274,2274680,8.849,3.795,0.656,-0.215,-0.559,0.357,-57.300,13.800,-66.450,36.0
16:11:04.333,2274734,8.933,4.020,0.328,0.311,-0.471,0.354,-57.300,13.800,-66.450,35.9
16:11:04.393,2274788,9.172,3.838,-0.304,0.685,-0.383,0.398,-42.900,2.400,-78.750,35.9
16:11:04.453,2274842,9.452,3.828,0.244,0.816,-0.336,0.362,-42.900,2.400,-78.750,35.9
16:11:04.514,2274896,9.323,3.898,-0.256,0.553,-0.176,0.271,-39.450,-5.700,-77.850,36.0
16:11:04.574,2274950,8.885,4.180,-0.136,0.130,-0.049,0.155,-39.450,-5.700,-77.850,35.8
16:11:04.635,2275004,9.141,4.180,0.493,-0.208,0.098,-0.139,-37.050,-7.050,-78.750,35.9
16:11:04.635,2275058,9.366,4.501,0.251,-0.564,0.374,-0.412,-37.050,-7.050,-78.750,35.8
16:11:04.693,2275112,9.215,4.685,1.178,-0.831,0.686,-0.622,-40.500,-3.000,-78.900,36.0
16:11:04.753,2275166,9.538,5.033,1.255,-0.944,0.991,-0.812,-40.500,-3.000,-78.900,36.0
16:11:04.814,2275220,9.735,5.341,1.958,-0.907,1.403,-0.980,-47.850,5.850,-74.400,35.9
16:11:04.873,2275274,9.208,5.672,2.713,-0.942,1.626,-1.041,-47.850,5.850,-74.400,36.0
16:11:04.933,2275328,8.605,5.432,3.821,-0.885,1.762,-1.085,-47.850,5.850,-74.400,36.0
16:11:04.993,2275382,8.308,5.468,3.788,-0.791,1.969,-1.096,-47.850,5.850,-74.400,35.9
16:11:05.054,2275436,7.197,5.732,5.351,-0.659,2.063,-1.007,-47.850,5.850,-74.400,35.7
16:11:05.114,2275490,5.904,5.286,5.617,-0.391,2.099,-0.821,-71.100,43.200,-29.850,35.8
16:11:05.174,2275544,4.556,5.373,5.792,-0.212,1.963,-0.719,-71.100,43.200,-29.850,35.5
16:11:05.175,2275598,4.156,5.622,6.780,-0.073,1.831,-0.660,-73.350,50.550,-10.500,35.5
16:11:05.234,2275652,3.196,6.017,6.785,-0.314,1.726,-0.613,-73.350,50.550,-10.500,35.9
16:11:05.294,2275706,2.768,5.667,7.590,-0.484,1.650,-0.578,-67.800,55.200,4.650,35.8
16:11:05.353,2275760,1.439,5.430,6.706,-0.401,1.556,-0.602,-67.800,55.200,4.650,35.8
16:11:05.414,2275814,0.405,5.701,7.848,-0.242,1.491,-0.580,-58.650,58.500,16.500,35.9
16:11:05.474,2275868,-0.223,5.351,7.219,-0.100,1.479,-0.491,-58.650,58.500,16.500,35.8
16:11:05.534,2275922,-1.300,5.291,7.523,-0.077,1.382,-0.464,-49.050,60.300,29.850,35.9
16:11:05.594,2275976,-1.817,4.633,7.329,-0.187,1.225,-0.382,-49.050,60.300,29.850,35.8
16:11:05.655,2276030,-2.507,5.665,8.425,-0.122,1.126,-0.389,-49.050,60.300,29.850,35.5
16:11:05.714,2276084,-2.931,4.118,6.211,-0.158,1.009,-0.310,-28.650,61.350,41.250,35.8
16:11:05.715,2276138,-3.426,5.871,8.590,0.124,0.919,-0.308,-28.650,61.350,41.250,35.7
16:11:05.773,2276192,-4.202,3.788,6.424,0.101,0.844,-0.280,-18.300,62.400,45.450,35.9
16:11:05.833,2276246,-4.659,5.296,7.764,-0.054,0.687,-0.250,-18.300,62.400,45.450,36.0
16:11:05.893,2276300,-4.590,4.793,7.111,-0.172,0.796,-0.188,-12.150,63.000,45.300,35.8
16:11:05.954,2276354,-5.140,5.327,7.513,-0.508,0.719,-0.175,-12.150,63.000,45.300,35.8
16:11:06.015,2276408,-5.274,5.080,6.826,-0.339,0.805,-0.237,-5.400,60.900,49.500,35.9
16:11:06.074,2276462,-5.739,4.041,5.974,-0.305,0.728,-0.232,-5.400,60.900,49.500,35.5
16:11:06.133,2276516,-6.239,4.764,4.932,0.090,0.564,-0.202,0.900,58.500,50.250,35.9
16:11:06.195,2276570,-6.464,3.287,4.338,0.227,0.296,-0.077,0.900,58.500,50.250,36.0
16:11:06.254,2276624,-6.512,4.685,7.271,0.120,0.102,-0.006,0.900,58.500,50.250,35.9
16:11:06.255,2276678,-6.335,4.187,6.093,-0.105,-0.044,0.020,0.900,58.500,50.250,35.9
16:11:06.314,2276732,-6.469,4.001,6.304,-0.127,-0.115,0.045,0.900,58.500,50.250,35.6
16:11:06.373,2276786,-6.144,5.411,6.618,-0.174,-0.134,0.012,7.500,58.200,50.550,35.5
16:11:06.433,2276840,-6.412,3.802,5.756,-0.229,-0.105,0.047,7.500,58.200,50.550,36.0
16:11:06.494,2276894,-6.383,4.568,6.337,-0.122,-0.095,0.069,5.550,58.350,51.150,35.9
16:11:06.554,2276948,-6.299,3.912,5.758,-0.016,-0.112,0.013,5.550,58.350,51.150,35.9
16:11:06.614,2277002,-6.256,4.075,6.378,0.044,-0.138,0.010,3.150,57.000,51.300,35.9
16:11:06.674,2277056,-6.088,4.865,6.373,0.153,-0.214,0.024,3.150,57.000,51.300,35.5
16:11:06.733,2277110,-5.906,3.546,5.689,0.336,-0.347,0.104,3.150,59.250,51.000,36.0
16:11:06.794,2277164,-5.437,4.571,6.680,0.191,-0.585,0.163,3.150,59.250,51.000,35.8
16:11:06.794,2277218,-5.236,4.535,5.509,0.153,-0.776,0.270,0.000,59.850,50.700,35.7
16:11:06.854,2277272,-4.812,3.778,5.904,0.207,-1.066,0.416,0.000,59.850,50.700,36.0
16:11:06.913,2277326,-4.245,5.088,6.237,0.315,-1.241,0.483,0.000,59.850,50.700,36.0
16:11:06.974,2277380,-3.649,4.858,7.008,0.234,-1.355,0.535,0.000,59.850,50.700,35.7
16:11:07.035,2277434,-2.784,5.629,6.912,0.191,-1.534,0.624,0.000,59.850,50.700,35.3
16:11:07.094,2277488,-1.453,6.043,7.961,0.560,-1.591,0.703,-34.050,63.150,37.800,35.9
16:11:07.153,2277542,-0.871,6.519,8.234,0.987,-1.634,0.779,-34.050,63.150,37.800,35.5
16:11:07.214,2277596,-0.031,5.768,7.319,0.534,-1.693,0.881,-47.700,61.050,25.200,36.0
16:11:07.273,2277650,0.563,7.434,7.736,0.177,-1.830,0.958,-47.700,61.050,25.200,35.8
16:11:07.334,2277704,2.205,5.076,6.024,0.380,-1.701,0.937,-62.100,58.650,12.300,36.1
16:11:07.335,2277758,2.942,6.455,7.379,0.289,-1.806,0.881,-62.100,58.650,12.300,36.0
16:11:07.393,2277812,3.814,7.556,6.081,0.535,-1.731,0.941,-69.450,51.900,-1.950,36.0
16:11:07.453,2277866,6.009,5.890,5.193,0.446,-1.505,0.885,-69.450,51.900,-1.950,35.5
16:11:07.513,2277920,6.038,8.322,7.317,0.098,-1.630,0.912,-73.350,43.200,-18.600,35.8
16:11:07.573,2277974,6.608,5.701,3.132,0.267,-1.319,0.773,-73.350,43.200,-18.600,36.0
16:11:07.634,2278028,7.135,6.687,6.220,0.185,-1.480,0.761,-73.350,43.200,-18.600,36.0
16:11:07.695,2278082,7.288,6.632,2.631,0.246,-1.213,0.648,-70.500,26.850,-46.200,35.8
16:11:07.754,2278136,8.258,5.028,3.871,-0.138,-1.233,0.740,-70.500,26.850,-46.200,35.8
16:11:07.813,2278190,8.351,5.842,3.029,0.074,-1.114,0.565,-64.950,19.050,-55.350,35.8
16:11:07.874,2278244,8.631,4.757,2.571,0.349,-0.929,0.541,-64.950,19.050,-55.350,35.8
16:11:07.874,2278298,8.533,5.066,1.956,0.478,-0.922,0.502,-60.300,16.500,-63.150,36.0
16:11:07.933,2278352,8.729,4.822,1.963,0.496,-0.854,0.525,-60.300,16.500,-63.150,35.8
16:11:07.993,2278406,8.930,5.021,1.022,0.204,-0.726,0.480,-52.650,7.500,-69.600,35.7
16:11:08.053,2278460,9.323,4.566,1.338,-0.110,-0.524,0.385,-52.650,7.500,-69.600,36.0
16:11:08.113,2278514,8.909,4.803,0.953,-0.222,-0.361,0.287,-47.400,5.100,-73.200,35.9
16:11:08.173,2278568,8.748,4.053,0.790,0.056,-0.226,0.310,-43.950,3.000,-76.050,36.0
16:11:08.233,2278622,8.638,3.747,0.512,0.281,-0.241,0.276,-43.950,3.000,-76.050,35.9
16:11:08.294,2278676,8.866,3.893,0.225,0.245,-0.215,0.199,-43.950,3.000,-76.050,36.0
16:11:08.355,2278730,8.978,4.350,-0.144,0.007,-0.129,0.124,-43.950,3.000,-76.050,35.8
16:11:08.413,2278784,9.246,3.962,0.400,-0.029,0.083,-0.029,-40.200,0.000,-77.850,35.8
16:11:08.414,2278838,9.000,4.975,1.118,-0.321,0.278,-0.266,-40.200,0.000,-77.850,35.5
16:11:08.474,2278892,9.007,4.468,0.757,-0.508,0.439,-0.318,-41.850,1.650,-76.950,35.8
16:11:08.533,2278946,9.266,4.436,1.367,-0.484,0.761,-0.501,-41.850,1.650,-76.950,35.8
16:11:08.594,2279000,9.483,4.999,1.767,-0.389,1.015,-0.629,-47.400,6.300,-72.900,35.7
16:11:08.653,2279054,9.503,4.764,1.946,-0.386,1.262,-0.713,-47.400,6.300,-72.900,35.7
16:11:08.715,2279108,9.400,5.440,3.472,-0.439,1.533,-0.883,-56.400,15.600,-67.800,35.8
16:11:08.773,2279162,8.722,5.734,3.232,-0.723,1.726,-0.944,-66.300,23.100,-57.750,35.8
16:11:08.833,2279216,8.013,5.511,4.918,-0.613,1.880,-0.955,-66.300,23.100,-57.750,36.0
16:11:08.893,2279270,7.183,5.792,5.246,-0.531,2.004,-0.947,-73.950,34.200,-37.350,35.8
16:11:08.954,2279324,6.266,5.746,6.574,-0.387,2.094,-0.889,-73.950,34.200,-37.350,35.5
16:11:08.955,2279378,5.083,5.825,6.469,-0.191,2.070,-0.919,-73.950,34.200,-37.350,35.8
16:11:09.014,2279432,4.314,6.215,7.072,-0.311,2.055,-0.843,-73.950,34.200,-37.350,35.8
16:11:09.074,2279486,3.455,6.041,7.348,-0.543,2.040,-0.722,-70.950,51.600,-0.450,35.8
16:11:09.134,2279540,2.370,5.799,7.927,-0.366,2.020,-0.669,-70.950,51.600,-0.450,36.2
16:11:09.193,2279594,1.506,5.301,7.266,-0.121,1.976,-0.667,-61.200,55.050,19.500,35.9
16:11:09.254,2279648,0.318,5.918,8.696,-0.161,1.880,-0.649,-61.200,55.050,19.500,35.8
16:11:09.313,2279702,-0.912,5.363,6.833,-0.235,1.788,-0.615,-49.500,58.650,29.850,35.8
16:11:09.374,2279756,-1.853,4.963,8.538,-0.553,1.674,-0.553,-49.500,58.650,29.850,35.8
16:11:09.433,2279810,-3.213,4.695,6.653,-0.568,1.645,-0.538,-33.900,60.300,41.250,35.4
16:11:09.493,2279864,-3.929,4.096,6.795,-0.277,1.467,-0.458,-18.300,58.500,51.000,36.0
16:11:09.494,2279918,-4.274,4.070,5.468,-0.072,1.288,-0.333,-18.300,58.500,51.000,36.0
16:11:09.553,2279972,-4.903,4.741,7.163,-0.084,1.074,-0.312,-18.300,58.500,51.000,36.1
16:11:09.613,2280026,-5.768,3.845,5.911,0.027,0.895,-0.311,-18.300,58.500,51.000,35.9
16:11:09.674,2280080,-6.038,3.649,4.946,0.120,0.594,-0.147,-18.300,58.500,51.000,35.9
16:11:09.734,2280134,-6.093,4.745,6.627,0.367,0.459,-0.127,-18.300,58.500,51.000,36.0
16:11:09.793,2280188,-6.026,3.589,5.035,0.021,0.415,-0.091,9.450,57.300,52.800,35.9
16:11:09.853,2280242,-6.474,4.798,6.699,-0.159,0.229,-0.074,9.450,57.300,52.800,35.8
16:11:09.914,2280296,-6.761,4.135,5.861,0.019,0.300,-0.118,11.250,55.350,52.050,35.4
16:11:09.975,2280350,-7.008,3.859,5.868,-0.080,0.297,-0.085,11.250,55.350,52.050,36.0
16:11:10.033,2280404,-7.010,4.587,6.036,0.181,0.268,-0.082,15.600,55.950,53.250,36.0
16:11:10.034,2280458,-7.010,3.699,5.102,0.212,0.292,-0.022,16.500,58.500,51.600,35.8
16:11:10.094,2280512,-7.151,4.544,5.993,0.079,0.197,-0.003,16.500,58.500,51.600,36.1
16:11:10.153,2280566,-7.441,4.515,5.296,-0.005,0.196,-0.014,19.500,57.000,52.350,35.6
16:11:10.213,2280620,-7.302,3.845,4.226,0.014,0.014,0.027,19.500,57.000,52.350,35.8
16:11:10.273,2280674,-6.948,4.575,5.234,0.059,-0.031,-0.003,19.500,57.000,52.350,35.8
16:11:10.333,2280728,-7.001,3.898,5.789,-0.051,-0.037,-0.037,19.500,57.000,52.350,35.4
16:11:10.395,2280782,-7.211,4.295,5.272,-0.052,-0.044,-0.082,19.500,57.000,52.350,35.7
16:11:10.453,2280836,-7.278,4.254,5.227,-0.037,-0.128,-0.014,19.500,57.000,52.350,35.8
16:11:10.514,2280890,-7.137,3.843,4.492,-0.028,-0.154,0.028,17.700,59.250,51.300,35.9
16:11:10.574,2280944,-6.946,3.924,4.741,-0.081,-0.402,0.129,17.700,59.250,51.300,35.8
16:11:10.575,2280998,-6.160,3.701,3.862,0.189,-0.632,0.183,16.350,57.600,51.450,35.9
16:11:10.634,2281052,-5.672,3.759,4.535,0.386,-1.188,0.382,16.350,57.600,51.450,36.0
16:11:10.694,2281106,-5.109,4.010,4.453,0.412,-1.637,0.640,9.600,61.050,49.950,36.0
16:11:10.753,2281160,-4.226,3.879,4.736,0.105,-1.975,0.850,-6.600,61.800,48.150,36.0
16:11:10.813,2281214,-3.072,4.697,6.783,0.123,-2.173,1.023,-6.600,61.800,48.150,35.5
16:11:10.874,2281268,-2.289,4.772,5.739,0.653,-2.157,1.018,-27.900,61.800,42.750,35.5
16:11:10.933,2281322,-0.888,6.079,6.005,0.930,-2.188,1.127,-27.900,61.800,42.750,35.8
16:11:10.993,2281376,0.206,8.332,6.881,1.326,-2.162,1.229,-27.900,61.800,42.750,35.9
16:11:11.054,2281430,1.726,6.586,6.730,0.596,-2.025,1.375,-27.900,61.800,42.750,35.9
16:11:11.114,2281484,3.093,8.583,8.657,-0.207,-2.015,1.126,-27.900,61.800,42.750,36.0
16:11:11.115,2281538,3.867,6.948,6.946,0.316,-1.851,0.934,-27.900,61.800,42.750,36.0
16:11:11.174,2281592,5.425,6.728,6.110,0.151,-1.495,0.780,-75.750,48.450,-7.800,35.6
16:11:11.233,2281646,5.219,7.659,8.679,-0.277,-1.483,0.777,-75.750,48.450,-7.800,35.7
16:11:11.294,2281700,5.729,5.732,3.474,-0.326,-1.161,0.549,-77.100,39.000,-21.900,35.5
16:11:11.354,2281754,5.801,6.060,6.560,-0.047,-1.451,0.553,-75.900,33.600,-31.050,35.5
16:11:11.414,2281808,6.385,5.741,2.260,0.710,-1.379,0.669,-75.900,33.600,-31.050,35.9
16:11:11.474,2281862,8.088,5.152,3.821,0.448,-1.226,0.838,-71.700,26.100,-46.500,35.6
16:11:11.533,2281916,8.384,5.878,3.958,0.345,-1.317,0.751,-71.700,26.100,-46.500,36.0
16:11:11.594,2281970,8.691,5.497,2.045,0.331,-1.083,0.698,-66.600,17.400,-56.550,35.8
16:11:11.654,2282024,8.459,5.109,1.839,0.275,-1.186,0.670,-66.600,17.400,-56.550,35.9
16:11:11.655,2282078,8.583,4.958,1.997,0.481,-0.991,0.703,-66.600,17.400,-56.550,36.0
16:11:11.714,2282132,9.359,4.772,1.554,0.325,-0.847,0.592,-66.600,17.400,-56.550,36.1
16:11:11.773,2282186,8.978,4.652,1.195,0.218,-0.637,0.476,-50.100,4.050,-71.100,35.8
16:11:11.834,2282240,8.703,3.960,0.560,0.096,-0.674,0.485,-50.100,4.050,-71.100,35.7
16:11:11.894,2282294,8.897,3.824,0.359,0.244,-0.600,0.445,-45.000,0.000,-75.300,36.0
16:11:11.954,2282348,9.215,4.070,-0.290,0.265,-0.525,0.309,-40.200,-3.000,-77.400,35.7
16:11:12.013,2282402,9.555,4.104,-0.060,-0.047,-0.337,0.263,-40.200,-3.000,-77.400,35.8
16:11:12.074,2282456,9.294,3.723,0.110,-0.089,-0.119,0.101,-37.050,-6.300,-78.750,35.9
16:11:12.134,2282510,9.517,3.484,0.383,-0.286,0.070,-0.100,-37.050,-6.300,-78.750,36.0
16:11:12.194,2282564,9.388,4.906,0.584,-0.343,0.665,-0.389,-37.950,-4.500,-79.650,36.0
16:11:12.195,2282618,9.045,3.807,1.262,-0.102,1.038,-0.502,-37.950,-4.500,-79.650,35.8
16:11:12.254,2282672,9.610,3.924,0.022,-0.181,1.049,-0.693,-37.950,-4.500,-79.650,35.8
16:11:12.314,2282726,9.668,5.550,1.300,-0.778,1.314,-0.826,-37.950,-4.500,-79.650,35.8
16:11:12.374,2282780,9.316,5.691,2.569,-0.828,1.570,-0.960,-54.300,7.200,-68.700,35.8
16:11:12.434,2282834,8.454,5.140,2.861,-0.664,1.663,-1.006,-54.300,7.200,-68.700,36.1
16:11:12.494,2282888,7.887,5.789,3.891,-0.534,1.761,-0.915,-64.950,18.300,-57.450,36.0
16:11:12.554,2282942,7.709,5.162,4.288,-0.362,1.897,-0.982,-64.950,18.300,-57.450,36.0
16:11:12.613,2282996,7.195,6.036,5.854,-0.274,1.937,-1.016,-72.750,27.150,-41.850,35.6
16:11:12.673,2283050,6.196,6.407,6.302,-0.504,1.926,-0.968,-76.350,39.300,-22.650,35.7
16:11:12.734,2283104,4.616,5.610,6.333,-0.663,1.941,-0.860,-76.350,39.300,-22.650,35.7
16:11:12.735,2283158,3.716,5.497,7.331,-0.632,1.994,-0.744,-74.700,47.250,-3.450,35.7
16:11:12.794,2283212,2.854,7.130,9.603,-0.570,2.068,-0.714,-74.700,47.250,-3.450,35.8
16:11:12.855,2283266,2.030,4.865,7.772,-1.229,2.389,-0.598,-74.700,47.250,-3.450,36.0
16:11:12.915,2283320,0.455,4.468,8.294,-0.744,2.265,-0.669,-74.700,47.250,-3.450,35.6
16:11:12.974,2283374,-0.541,4.231,6.764,0.127,2.142,-0.686,-74.700,47.250,-3.450,35.7
16:11:13.033,2283428,-1.779,4.671,7.539,0.365,1.958,-0.556,-74.700,47.250,-3.450,35.9
16:11:13.093,2283482,-2.626,4.542,6.936,-0.028,1.854,-0.508,-33.450,55.950,47.100,36.0
16:11:13.153,2283536,-3.625,4.587,7.290,-0.242,1.595,-0.458,-33.450,55.950,47.100,36.0
16:11:13.213,2283590,-4.231,3.926,7.216,0.062,1.429,-0.403,-17.250,55.800,50.550,35.5
16:11:13.274,2283644,-4.764,5.023,6.486,0.072,1.216,-0.413,-3.300,55.950,54.750,35.5
16:11:13.275,2283698,-5.854,3.768,5.533,-0.104,1.126,-0.402,-3.300,55.950,54.750,35.9
16:11:13.334,2283752,-6.464,4.111,5.859,0.151,0.968,-0.352,7.350,55.200,54.000,36.0
16:11:13.394,2283806,-6.888,3.527,4.195,0.418,0.725,-0.173,7.350,55.200,54.000,35.7
16:11:13.454,2283860,-6.984,4.166,5.650,0.225,0.524,-0.167,15.450,56.550,52.050,35.9
16:11:13.513,2283914,-7.156,4.724,6.019,0.381,0.479,-0.152,15.450,56.550,52.050,36.0
16:11:13.574,2283968,-7.678,3.060,4.673,0.570,0.373,-0.136,15.450,56.550,52.050,36.0
16:11:13.633,2284022,-7.309,4.831,5.533,0.180,0.300,-0.177,15.450,56.550,52.050,36.0
16:11:13.694,2284076,-7.781,3.761,4.369,-0.114,0.220,-0.118,24.450,61.350,48.900,35.5
16:11:13.754,2284130,-8.016,4.185,4.580,0.042,0.149,-0.091,24.450,61.350,48.900,35.8
16:11:13.813,2284184,-7.676,4.324,3.721,0.064,-0.115,0.006,27.150,58.650,48.900,36.0
16:11:13.814,2284238,-8.222,3.668,3.970,0.086,-0.134,0.016,25.200,58.650,48.900,36.1
16:11:13.874,2284292,-7.544,4.472,4.755,-0.281,-0.246,0.005,25.200,58.650,48.900,36.1
16:11:13.934,2284346,-7.585,3.558,3.785,-0.195,-0.300,0.028,24.900,59.100,48.600,35.9
16:11:13.993,2284400,-7.302,4.104,5.097,-0.071,-0.291,0.064,24.900,59.100,48.600,36.0
16:11:14.053,2284454,-7.187,4.413,4.314,0.149,-0.511,0.140,21.750,58.200,49.500,35.8
16:11:14.113,2284508,-6.749,3.826,4.702,0.147,-0.735,0.267,21.750,58.200,49.500,36.0
16:11:14.174,2284562,-6.172,4.305,4.063,0.059,-1.059,0.464,21.750,58.200,49.500,35.5
16:11:14.234,2284616,-5.914,3.414,5.200,-0.018,-1.294,0.571,21.750,58.200,49.500,35.5
16:11:14.293,2284670,-5.310,4.448,5.713,0.028,-1.570,0.652,21.750,58.200,49.500,35.8
16:11:14.354,2284724,-4.693,3.747,5.085,0.306,-1.691,0.654,21.750,58.200,49.500,35.5
16:11:14.355,2284778,-3.800,4.669,6.510,0.265,-1.957,0.788,-13.650,62.250,48.600,36.0
16:11:14.414,2284832,-2.461,5.947,6.874,0.351,-1.891,0.962,-13.650,62.250,48.600,36.0
16:11:14.473,2284886,-1.331,4.733,6.402,0.346,-1.803,0.969,-31.350,63.900,41.400,35.9
16:11:14.533,2284940,-0.555,7.053,8.509,0.516,-1.928,0.965,-48.600,61.650,29.700,36.0
16:11:14.595,2284994,0.474,6.199,5.234,0.735,-1.754,0.949,-48.600,61.650,29.700,35.8
16:11:14.653,2285048,2.433,6.409,7.477,0.321,-1.993,1.103,-61.350,57.600,13.500,35.5
16:11:14.714,2285102,3.074,8.018,7.633,0.386,-1.909,1.024,-61.350,57.600,13.500,35.5
16:11:14.773,2285156,4.405,5.746,6.402,0.011,-1.885,0.958,-73.950,46.500,-3.750,36.0
16:11:14.833,2285210,5.229,6.919,7.290,0.110,-1.776,0.880,-73.950,46.500,-3.750,36.0
16:11:14.893,2285264,4.949,5.669,3.941,0.371,-1.881,0.819,-73.950,46.500,-3.750,35.9
16:11:14.894,2285318,6.883,5.988,5.727,0.219,-1.753,0.832,-73.950,46.500,-3.750,35.9
16:11:14.954,2285372,7.274,6.704,5.205,0.047,-1.905,0.879,-75.150,29.700,-37.200,35.9
16:11:15.014,2285426,9.720,5.349,3.467,-0.105,-1.344,0.573,-75.150,29.700,-37.200,35.9
16:11:15.074,2285480,8.246,5.727,4.120,-0.100,-1.399,0.529,-68.850,22.350,-54.000,35.8
16:11:15.133,2285534,8.566,5.612,3.117,-0.147,-1.103,0.436,-59.850,19.650,-63.150,35.4
16:11:15.193,2285588,8.246,4.226,2.243,0.151,-1.064,0.443,-59.850,19.650,-63.150,35.6
16:11:15.253,2285642,8.720,5.380,2.284,0.366,-0.955,0.451,-54.900,13.650,-71.100,35.8
16:11:15.313,2285696,8.777,4.506,1.348,0.095,-0.848,0.406,-54.900,13.650,-71.100,35.8
16:11:15.374,2285750,9.270,4.709,1.539,0.013,-0.706,0.280,-48.000,8.850,-74.550,36.0
16:11:15.433,2285804,8.947,3.888,0.414,-0.106,-0.476,0.244,-48.000,8.850,-74.550,35.9
16:11:15.434,2285858,9.052,4.630,1.384,-0.066,-0.358,0.191,-42.900,9.000,-78.300,36.0
16:11:15.494,2285912,8.598,3.558,1.008,0.238,-0.175,0.181,-42.900,9.000,-78.300,36.0
16:11:15.555,2285966,9.017,4.848,0.433,-0.490,-0.195,0.069,-42.900,9.000,-78.300,35.8
16:11:15.613,2286020,8.784,4.228,1.190,-0.480,0.015,-0.057,-42.900,9.000,-78.300,35.8
16:11:15.673,2286074,9.057,4.460,1.580,-0.459,0.291,-0.212,-40.500,10.350,-81.900,35.6
16:11:15.734,2286128,9.457,5.052,1.051,-0.618,0.717,-0.328,-40.500,10.350,-81.900,36.0
16:11:15.794,2286182,9.476,4.978,2.406,-0.833,1.109,-0.516,-42.900,14.100,-78.000,36.0
16:11:15.854,2286236,9.603,5.073,2.327,-1.135,1.287,-0.548,-50.100,23.250,-72.150,36.0
16:11:15.914,2286290,9.385,5.456,3.735,-0.929,1.691,-0.621,-50.100,23.250,-72.150,35.8
16:11:15.975,2286344,8.437,5.363,5.061,-0.533,1.970,-0.646,-60.900,32.550,-58.950,36.0
16:11:15.975,2286398,7.930,5.270,5.499,-0.238,2.212,-0.754,-60.900,32.550,-58.950,35.9
16:11:16.034,2286452,6.917,5.231,5.748,-0.242,2.300,-0.730,-68.700,41.100,-41.100,35.8
16:11:16.094,2286506,6.632,4.973,6.189,-0.266,2.360,-0.687,-68.700,41.100,-41.100,35.4
16:11:16.153,2286560,5.025,3.711,7.575,0.375,2.413,-0.544,-68.700,41.100,-41.100,35.9
16:11:16.213,2286614,4.611,4.942,8.059,-0.437,2.371,-0.617,-68.700,41.100,-41.100,36.0
16:11:16.273,2286668,2.567,5.255,7.329,-0.205,2.371,-0.702,-68.700,41.100,-41.100,35.7
16:11:16.333,2286722,1.951,5.449,8.483,-0.309,2.305,-0.721,-68.700,41.100,-41.100,35.9
16:11:16.394,2286776,-1.932,3.912,6.902,0.519,2.232,-0.609,-58.050,56.700,20.700,36.0
16:11:16.454,2286830,-0.860,7.819,8.746,-0.023,2.101,-0.827,-41.250,59.850,34.650,36.1
16:11:16.514,2286884,-1.211,4.460,8.521,-0.240,2.056,-0.713,-41.250,59.850,34.650,36.0
16:11:16.515,2286938,-3.096,4.975,7.032,-0.465,1.960,-0.791,-24.900,61.050,45.600,35.8
16:11:16.574,2286992,-3.694,3.855,6.797,-0.095,1.807,-0.699,-24.900,61.050,45.600,35.5
16:11:16.634,2287046,-4.602,4.199,5.250,-0.274,1.581,-0.499,-7.050,60.600,51.150,35.9
16:11:16.693,2287100,-5.768,3.165,5.588,-0.359,1.353,-0.392,-7.050,60.600,51.150,35.8
16:11:16.754,2287154,-5.497,2.480,4.640,-0.063,1.044,-0.318,8.250,58.500,50.550,36.0
16:11:16.815,2287208,-6.668,3.622,5.377,0.069,0.780,-0.239,8.250,58.500,50.550,35.9
16:11:16.874,2287262,-7.298,2.519,3.752,0.384,0.561,-0.174,8.250,58.500,50.550,35.9
16:11:16.933,2287316,-7.314,3.680,5.401,0.224,0.363,-0.064,8.250,58.500,50.550,35.9
16:11:16.994,2287370,-7.786,3.529,4.113,0.149,0.193,0.004,21.600,57.900,50.400,35.8
16:11:17.054,2287424,-7.549,3.905,5.878,0.021,0.068,0.023,22.650,60.300,48.900,35.5
16:11:17.055,2287478,-7.365,4.365,5.392,-0.076,-0.020,0.011,22.650,60.300,48.900,35.8
16:11:17.113,2287532,-7.633,3.194,4.089,-0.119,-0.016,0.001,21.600,58.650,49.950,35.7
16:11:17.174,2287586,-7.594,3.955,4.882,-0.019,-0.000,-0.039,21.600,58.650,49.950,35.8
16:11:17.233,2287640,-7.487,3.790,4.848,-0.002,-0.199,0.074,23.550,58.950,50.250,36.0
16:11:17.293,2287694,-7.266,3.211,4.144,0.040,-0.416,0.177,23.550,58.950,50.250,35.8
16:11:17.354,2287748,-6.747,4.300,5.265,-0.139,-0.689,0.238,20.100,59.100,50.400,36.0
16:11:17.413,2287802,-6.335,2.988,4.515,-0.174,-1.050,0.325,20.100,59.100,50.400,36.0
16:11:17.474,2287856,-5.598,3.309,5.358,0.165,-1.523,0.527,20.100,59.100,50.400,35.8
16:11:17.534,2287910,-5.179,3.843,4.808,0.364,-1.878,0.726,20.100,59.100,50.400,35.5
16:11:17.593,2287964,-3.900,4.017,6.246,0.216,-2.027,0.876,20.100,59.100,50.400,35.8
16:11:17.594,2288018,-3.280,5.392,8.179,0.273,-2.283,1.016,20.100,59.100,50.400,35.6
16:11:17.654,2288072,-1.674,5.188,6.948,0.577,-2.230,1.020,-26.250,61.950,42.900,36.0
16:11:17.713,2288126,-0.048,4.721,6.862,0.688,-2.339,1.115,-46.950,61.050,29.550,36.0
16:11:17.773,2288180,1.353,7.252,8.744,0.230,-2.497,1.099,-46.950,61.050,29.550,35.9
16:11:17.834,2288234,2.624,6.182,7.032,0.112,-2.356,1.167,-63.450,55.050,13.650,35.9
16:11:17.894,2288288,4.274,5.641,6.589,0.139,-2.355,1.136,-63.450,55.050,13.650,35.8
16:11:17.955,2288342,5.476,7.372,8.854,0.886,-2.378,1.183,-73.200,46.950,-9.300,35.5
16:11:18.013,2288396,6.879,7.008,6.390,-0.270,-2.068,1.260,-73.200,46.950,-9.300,35.8
16:11:18.073,2288450,6.764,5.590,8.827,-0.362,-2.166,1.174,-75.450,35.700,-30.150,35.5
16:11:18.134,2288504,8.471,4.963,3.711,-0.230,-1.909,0.787,-75.450,35.700,-30.150,35.9
16:11:18.194,2288558,8.341,5.128,6.033,0.250,-1.740,0.802,-75.450,35.700,-30.150,36.0
16:11:18.194,2288612,8.839,4.645,2.294,0.877,-1.667,0.722,-75.450,35.700,-30.150,35.9
16:11:18.254,2288666,9.467,5.533,3.843,0.768,-1.381,0.751,-62.550,16.950,-60.300,35.7
16:11:18.314,2288720,9.862,4.147,1.844,0.336,-1.160,0.524,-50.550,10.800,-70.500,36.0
16:11:18.374,2288774,9.246,4.154,1.990,0.074,-0.866,0.362,-50.550,10.800,-70.500,35.6
16:11:18.434,2288828,9.000,3.579,1.518,-0.048,-0.686,0.257,-45.450,7.200,-75.300,36.0
16:11:18.494,2288882,8.669,3.354,1.013,0.017,-0.545,0.254,-45.450,7.200,-75.300,35.8
16:11:18.554,2288936,9.091,3.256,0.615,0.108,-0.455,0.238,-40.050,3.150,-79.800,35.8
16:11:18.613,2288990,8.976,2.942,0.481,0.257,-0.269,0.215,-40.050,3.150,-79.800,35.9
16:11:18.673,2289044,9.189,2.643,0.031,0.345,-0.300,0.212,-37.200,1.500,-79.950,35.5
16:11:18.674,2289098,10.618,3.730,-0.441,0.232,-0.187,0.305,-37.200,1.500,-79.950,35.8
16:11:18.734,2289152,10.027,2.995,-0.048,0.229,0.096,0.002,-37.200,1.500,-79.950,35.5
16:11:18.793,2289206,8.990,4.214,0.436,0.061,0.440,-0.311,-37.200,1.500,-79.950,36.0
16:11:18.853,2289260,9.428,3.998,1.058,-0.435,0.663,-0.486,-37.200,1.500,-79.950,36.0
16:11:18.914,2289314,9.673,4.621,1.513,-0.622,0.851,-0.686,-37.200,1.500,-79.950,35.8
16:11:18.974,2289368,10.053,4.841,1.848,-0.831,1.256,-0.907,-44.100,4.800,-78.300,35.6
16:11:19.034,2289422,9.888,4.985,2.727,-0.712,1.689,-1.060,-52.800,15.000,-71.250,36.0
16:11:19.094,2289476,8.909,5.315,4.240,-0.610,1.880,-1.062,-52.800,15.000,-71.250,36.0
16:11:19.154,2289530,8.045,5.150,4.475,-0.304,2.066,-1.081,-64.950,25.200,-56.400,35.9
16:11:19.214,2289584,8.049,5.519,5.325,-0.407,2.179,-1.087,-64.950,25.200,-56.400,35.9
16:11:19.215,2289638,6.886,5.844,6.503,-0.464,2.241,-1.023,-71.250,36.450,-37.800,35.5
16:11:19.275,2289692,6.419,5.555,6.318,-0.521,2.316,-0.985,-71.250,36.450,-37.800,36.0
16:11:19.333,2289746,5.090,6.062,7.264,-0.443,2.350,-0.901,-74.250,46.500,-15.450,35.9
16:11:19.394,2289800,3.926,5.574,7.123,-0.109,2.407,-0.805,-74.250,46.500,-15.450,35.5
16:11:19.454,2289854,2.243,5.413,7.384,0.143,2.380,-0.868,-74.250,46.500,-15.450,35.8
16:11:19.514,2289908,1.068,6.041,8.507,-0.183,2.265,-0.867,-74.250,46.500,-15.450,35.8
16:11:19.574,2289962,0.232,5.499,7.013,-0.659,2.189,-0.720,-53.250,59.100,22.950,36.0
16:11:19.634,2290016,-1.120,4.156,6.665,-0.452,2.050,-0.515,-36.750,61.800,39.000,35.9
16:11:19.753,2290070,-2.409,4.920,6.677,0.137,1.799,-0.427,-36.750,61.800,39.000,35.9
16:11:19.754,2290124,-3.254,5.629,6.689,0.005,1.548,-0.399,-22.500,60.900,45.150,35.8
16:11:19.755,2290178,-4.077,4.815,6.211,-0.656,1.375,-0.387,-22.500,60.900,45.150,35.9
16:11:19.813,2290232,-5.346,4.259,6.450,-0.682,1.213,-0.405,-9.750,57.300,49.800,35.9
16:11:19.874,2290286,-5.619,3.874,5.555,0.273,0.983,-0.313,-9.750,57.300,49.800,35.5
16:11:19.933,2290340,-5.744,4.408,5.279,0.404,0.669,-0.190,1.950,58.200,51.300,35.7
16:11:19.994,2290394,-6.007,3.364,4.851,0.176,0.557,-0.051,1.950,58.200,51.300,35.8
16:11:20.055,2290448,-6.452,3.716,5.600,0.074,0.164,-0.056,6.600,60.300,51.450,35.7
16:11:20.114,2290502,-6.469,4.408,5.028,0.157,-0.054,-0.075,6.600,60.300,51.450,35.8
16:11:20.174,2290556,-6.630,4.334,6.637,-0.189,-0.038,-0.054,6.600,60.300,51.450,35.8
16:11:20.234,2290610,-6.974,4.719,4.939,-0.264,-0.038,-0.037,8.550,57.900,51.900,35.9
16:11:20.294,2290664,-6.622,4.180,5.820,0.186,0.014,-0.020,8.550,57.900,51.900,36.0
16:11:20.295,2290718,-6.589,4.511,6.297,0.079,-0.013,0.008,10.200,58.950,49.800,35.9
16:11:20.353,2290772,-6.816,4.413,5.607,0.046,0.018,-0.002,10.200,58.950,49.800,35.8
16:11:20.414,2290826,-6.515,4.405,5.928,-0.053,-0.036,0.006,9.000,58.950,49.800,35.7
16:11:20.474,2290880,-6.476,4.075,5.078,0.136,-0.140,0.027,9.000,58.950,49.800,36.0
16:11:20.534,2290934,-5.933,4.089,5.138,0.251,-0.340,0.087,10.350,59.100,49.650,35.9
16:11:20.594,2290988,-5.897,3.795,4.525,0.381,-0.643,0.211,10.350,59.100,49.650,36.0
16:11:20.654,2291042,-5.483,4.039,5.303,0.583,-1.067,0.382,4.650,61.650,48.000,35.8
16:11:20.713,2291096,-5.085,4.508,4.226,0.369,-1.424,0.555,4.650,61.650,48.000,36.0
16:11:20.774,2291150,-4.293,4.887,5.638,0.428,-1.765,0.729,4.650,61.650,48.000,35.9
16:11:20.833,2291204,-3.086,4.846,5.428,0.669,-1.937,0.812,4.650,61.650,48.000,35.9
16:11:20.834,2291258,-1.762,6.809,6.534,0.592,-2.121,1.011,4.650,61.650,48.000,35.6
16:11:20.894,2291312,-0.879,7.087,7.851,0.212,-2.046,1.188,-43.500,66.900,24.450,35.8
16:11:20.954,2291366,1.142,6.352,6.515,0.085,-2.092,1.139,-43.500,66.900,24.450,35.5
16:11:21.014,2291420,1.908,7.132,7.087,0.450,-2.084,1.136,-59.850,62.250,10.500,35.7
16:11:21.074,2291474,3.136,6.919,6.991,0.300,-1.816,1.137,-59.850,62.250,10.500,35.8
16:11:21.134,2291528,4.714,7.590,6.938,0.141,-1.811,1.166,-70.200,52.650,-6.000,36.0
16:11:21.193,2291582,4.542,6.867,6.378,0.234,-1.833,1.097,-70.200,52.650,-6.000,35.7
16:11:21.254,2291636,5.983,6.752,5.681,-0.106,-1.618,1.119,-75.900,42.450,-22.950,35.8
16:11:21.314,2291690,6.598,7.118,6.179,0.417,-1.758,1.037,-75.900,42.450,-22.950,36.0
16:11:21.373,2291744,7.300,5.981,4.597,0.340,-1.560,0.884,-73.500,30.300,-37.800,35.8
16:11:21.374,2291798,7.760,7.326,4.420,0.054,-1.574,0.764,-73.500,30.300,-37.800,35.5
16:11:21.434,2291852,8.265,5.210,4.436,-0.717,-1.194,0.588,-73.500,30.300,-37.800,35.8
16:11:21.494,2291906,8.226,5.612,2.471,0.106,-1.204,0.463,-73.500,30.300,-37.800,35.9
16:11:21.554,2291960,8.224,4.896,2.404,0.177,-1.008,0.578,-73.500,30.300,-37.800,36.0
16:11:21.614,2292014,8.777,4.915,2.002,0.524,-0.882,0.551,-54.150,14.400,-68.100,35.9
16:11:21.675,2292068,9.199,4.772,1.379,0.370,-0.752,0.565,-54.150,14.400,-68.100,35.9
16:11:21.733,2292122,9.064,4.556,1.156,0.160,-0.625,0.383,-47.100,6.750,-72.900,35.7
16:11:21.794,2292176,8.897,4.477,1.238,0.128,-0.539,0.375,-47.100,6.750,-72.900,35.9
16:11:21.853,2292230,9.167,3.984,0.522,0.162,-0.473,0.347,-41.250,3.750,-76.050,35.8
16:11:21.914,2292284,9.000,4.132,0.304,0.181,-0.338,0.306,-41.250,3.750,-76.050,35.9
16:11:21.915,2292338,9.009,3.524,0.113,0.394,-0.250,0.197,-40.050,0.900,-79.050,35.5
16:11:21.974,2292392,9.318,4.429,0.429,0.090,-0.043,0.059,-40.050,0.900,-79.050,36.0
16:11:22.033,2292446,9.419,4.606,0.857,-0.204,0.179,-0.181,-36.450,-0.750,-78.150,35.8
16:11:22.093,2292500,9.194,4.413,1.219,-0.481,0.485,-0.404,-36.450,-0.750,-78.150,35.9
16:11:22.153,2292554,9.778,4.774,1.427,-0.485,0.796,-0.597,-36.450,-0.750,-78.150,35.8
16:11:22.213,2292608,9.256,5.341,2.667,-0.468,1.223,-0.831,-46.950,8.100,-73.800,35.9
16:11:22.273,2292662,9.644,5.796,2.562,-0.483,1.593,-1.013,-46.950,8.100,-73.800,36.0
16:11:22.334,2292716,9.067,6.026,3.766,-0.669,1.940,-1.139,-57.450,17.100,-63.750,35.5
16:11:22.393,2292770,7.982,6.285,4.518,-0.486,2.095,-1.132,-57.450,17.100,-63.750,35.8
16:11:22.454,2292824,7.506,6.390,4.520,-0.343,2.215,-1.075,-68.550,28.500,-47.400,35.8
16:11:22.455,2292878,6.780,6.148,5.636,-0.292,2.363,-1.047,-68.550,28.500,-47.400,35.9
16:11:22.514,2292932,5.827,6.821,6.685,-0.460,2.368,-1.037,-74.250,41.100,-28.200,36.0
16:11:22.574,2292986,4.824,6.486,7.575,-1.078,2.359,-0.930,-74.250,41.100,-28.200,36.0
16:11:22.634,2293040,4.511,5.739,7.709,-1.514,2.389,-0.770,-72.600,49.800,-3.150,35.9
16:11:22.694,2293094,2.090,4.156,7.994,-1.181,2.430,-0.627,-72.600,49.800,-3.150,35.8
16:11:22.754,2293148,0.893,4.319,7.836,0.077,2.333,-0.516,-61.350,53.250,22.950,35.5
16:11:22.813,2293202,-0.251,5.033,7.812,-0.131,2.274,-0.504,-61.350,53.250,22.950,35.8
16:11:22.873,2293256,-1.863,4.056,6.989,-0.212,2.130,-0.546,-61.350,53.250,22.950,36.0
16:11:22.934,2293310,-3.093,3.855,5.452,0.476,1.798,-0.474,-27.450,54.450,47.850,35.7
16:11:22.993,2293364,-3.977,4.650,5.677,0.750,1.427,-0.286,-27.450,54.450,47.850,35.9
16:11:22.994,2293418,-4.980,5.049,7.128,0.452,1.152,-0.216,-12.450,60.450,47.700,36.0
16:11:23.054,2293472,-4.956,4.166,5.657,-0.017,0.846,-0.287,-12.450,60.450,47.700,35.8
16:11:23.113,2293526,-5.729,4.360,6.333,-0.125,0.662,-0.302,-3.450,59.700,49.050,35.8
16:11:23.173,2293580,-5.662,4.688,5.337,-0.107,0.640,-0.267,-3.450,59.700,49.050,35.9
16:11:23.233,2293634,-6.256,4.128,6.704,0.143,0.613,-0.213,4.650,60.000,49.500,35.4
16:11:23.293,2293688,-6.266,4.942,5.167,0.311,0.670,-0.280,4.650,60.000,49.500,35.5
16:11:23.354,2293742,-7.166,3.560,5.052,0.413,0.559,-0.251,11.850,60.300,49.350,36.0
16:11:23.414,2293796,-6.845,5.047,4.604,0.352,0.376,-0.236,11.850,60.300,49.350,35.5
16:11:23.474,2293850,-7.116,4.614,4.499,0.169,0.148,-0.203,11.850,60.300,49.350,35.8
16:11:23.534,2293904,-7.353,4.257,4.518,0.104,0.019,-0.176,11.850,60.300,49.350,36.0
16:11:23.535,2293958,-7.331,4.068,4.410,-0.011,-0.202,-0.097,11.850,60.300,49.350,35.8
16:11:23.593,2294012,-7.070,3.936,4.135,0.112,-0.322,-0.060,18.600,63.000,45.600,35.8
16:11:23.653,2294066,-6.986,4.240,5.339,-0.246,-0.413,0.022,18.600,63.000,45.600,35.9
16:11:23.713,2294120,-6.895,3.804,4.812,-0.199,-0.545,0.067,16.650,61.800,47.100,35.3
16:11:23.773,2294174,-6.359,3.886,4.752,0.019,-0.810,0.196,16.650,61.800,47.100,35.8
16:11:23.834,2294228,-6.199,4.192,4.602,0.285,-1.112,0.345,11.100,63.000,46.350,35.8
16:11:23.894,2294282,-5.385,4.298,6.031,0.303,-1.306,0.476,11.100,63.000,46.350,36.0
16:11:23.954,2294336,-4.822,4.922,4.580,-0.069,-1.386,0.588,-1.650,64.650,46.200,35.8
16:11:24.014,2294390,-3.800,4.985,7.503,0.336,-1.533,0.726,-1.650,64.650,46.200,36.0
16:11:24.074,2294444,-3.285,5.780,6.100,0.417,-1.793,0.743,-15.000,65.850,42.450,36.0
16:11:24.075,2294498,-2.138,5.677,7.511,0.488,-1.863,0.922,-15.000,65.850,42.450,35.8
16:11:24.134,2294552,-1.279,6.414,7.664,0.061,-1.898,0.985,-15.000,65.850,42.450,36.0
16:11:24.194,2294606,0.091,7.013,7.738,0.177,-1.805,0.837,-15.000,65.850,42.450,35.8
16:11:24.254,2294660,1.240,6.244,7.527,0.363,-1.776,0.756,-15.000,65.850,42.450,35.5
16:11:24.314,2294714,1.839,6.661,8.205,0.501,-1.713,0.781,-61.650,58.500,8.550,35.8
16:11:24.374,2294768,2.804,6.673,7.113,0.290,-1.637,0.910,-61.650,58.500,8.550,35.8
16:11:24.433,2294822,3.642,6.428,6.785,0.105,-1.544,0.905,-69.000,52.350,-5.550,35.8
16:11:24.493,2294876,4.779,7.147,7.266,0.252,-1.504,0.829,-69.000,52.350,-5.550,35.5
16:11:24.555,2294930,4.583,6.486,5.167,0.208,-1.597,0.877,-73.350,45.600,-20.100,36.0
16:11:24.614,2294984,6.342,5.689,5.145,0.182,-1.408,0.770,-73.350,45.600,-20.100,35.8
16:11:24.615,2295038,5.918,5.861,6.242,0.007,-1.653,0.809,-73.350,38.550,-33.600,36.0
16:11:24.674,2295092,7.700,5.715,2.825,0.374,-1.353,0.767,-68.700,29.100,-46.950,35.6
16:11:24.733,2295146,7.743,5.859,4.817,0.199,-1.587,0.823,-68.700,29.100,-46.950,35.8
16:11:24.794,2295200,8.981,5.217,2.009,0.195,-1.207,0.746,-68.700,29.100,-46.950,35.8
16:11:24.853,2295254,8.684,4.925,3.285,0.206,-1.224,0.672,-68.700,29.100,-46.950,36.0
16:11:24.913,2295308,8.887,4.887,1.511,0.406,-1.094,0.686,-54.150,15.600,-68.100,36.0
16:11:24.973,2295362,9.254,4.875,1.860,0.340,-0.991,0.585,-54.150,15.600,-68.100,35.8
16:11:25.034,2295416,9.345,5.107,1.630,0.132,-0.773,0.486,-46.950,8.100,-74.100,35.9
16:11:25.095,2295470,9.534,4.190,0.457,0.026,-0.577,0.365,-46.950,8.100,-74.100,35.8
16:11:25.155,2295524,9.115,4.381,1.077,0.013,-0.407,0.266,-40.950,5.400,-77.850,36.0
16:11:25.155,2295578,9.036,4.360,0.376,0.055,-0.169,0.113,-40.950,5.400,-77.850,35.8
16:11:25.213,2295632,9.000,3.869,0.436,-0.042,-0.061,0.044,-38.100,4.350,-78.300,36.0
16:11:25.273,2295686,8.890,3.716,0.263,-0.035,-0.055,0.079,-38.100,1.350,-79.800,36.0
16:11:25.333,2295740,8.581,3.211,-0.007,-0.042,-0.143,0.104,-38.100,1.350,-79.800,35.5
16:11:25.394,2295794,8.782,3.139,-0.180,0.055,-0.195,0.199,-36.300,2.850,-78.300,35.8
16:11:25.454,2295848,9.024,2.923,-0.318,0.214,-0.165,0.205,-36.300,2.850,-78.300,35.9
16:11:25.513,2295902,9.376,3.620,0.189,0.339,-0.082,0.151,-36.300,2.850,-78.300,36.0
16:11:25.573,2295956,9.376,3.850,0.850,0.067,0.099,0.036,-36.300,2.850,-78.300,36.0
16:11:25.634,2296010,9.687,4.254,1.164,-0.273,0.495,-0.284,-36.450,0.300,-79.650,35.9
16:11:25.694,2296064,9.330,4.906,1.604,-0.597,0.704,-0.392,-36.450,0.300,-79.650,35.5
16:11:25.695,2296118,9.869,4.460,1.724,-0.677,1.252,-0.715,-42.600,3.600,-78.000,35.9
16:11:25.753,2296172,9.771,5.174,2.540,-0.673,1.638,-0.929,-42.600,3.600,-78.000,35.8
16:11:25.815,2296226,9.711,5.466,3.000,-0.557,2.080,-1.071,-52.650,12.150,-69.150,35.8
16:11:25.874,2296280,9.244,5.610,4.652,-0.575,2.283,-1.154,-52.650,12.150,-69.150,36.0
16:11:25.934,2296334,7.647,5.837,5.116,-0.587,2.394,-1.142,-64.350,23.100,-55.200,35.9
16:11:25.993,2296388,7.384,6.227,6.450,-0.700,2.531,-1.033,-74.100,35.100,-32.850,35.8
16:11:26.054,2296442,6.309,6.021,7.412,-0.612,2.647,-0.990,-74.100,35.100,-32.850,35.9
16:11:26.114,2296496,5.143,5.337,7.939,-0.424,2.759,-0.990,-73.650,46.350,-6.900,35.8
16:11:26.174,2296550,3.292,5.466,7.824,-0.174,2.795,-1.029,-73.650,46.350,-6.900,35.5
16:11:26.235,2296604,1.757,4.583,7.791,-0.212,2.757,-0.941,-73.650,46.350,-6.900,36.0
16:11:26.235,2296658,0.479,5.511,7.161,-0.293,2.653,-0.850,-73.650,46.350,-6.900,35.8
16:11:26.293,2296712,-0.582,4.439,6.814,-0.181,2.518,-0.763,-45.150,58.500,35.250,36.0
16:11:26.353,2296766,-2.193,5.353,7.558,-0.139,2.292,-0.705,-45.150,58.500,35.250,35.9
16:11:26.413,2296820,-3.469,4.104,5.844,-0.107,2.024,-0.564,-24.150,59.850,46.350,36.0
16:11:26.474,2296874,-4.317,4.515,7.384,-0.047,1.618,-0.374,-24.150,59.850,46.350,36.0
16:11:26.534,2296928,-5.270,3.924,4.767,-0.169,1.353,-0.387,-6.300,57.900,51.450,36.0
16:11:26.594,2296982,-5.827,3.850,5.351,-0.241,0.921,-0.286,9.300,56.700,52.950,35.9
16:11:26.654,2297036,-5.997,4.547,5.598,-0.341,0.744,-0.210,9.300,56.700,52.950,35.5
16:11:26.714,2297090,-6.711,3.235,5.593,-0.173,0.553,-0.154,15.900,55.200,53.250,35.9
16:11:26.774,2297144,-7.247,4.128,4.523,0.077,0.383,-0.102,15.900,55.200,53.250,36.0
16:11:26.774,2297198,-7.367,3.615,4.791,0.122,0.157,-0.020,15.900,55.200,53.250,36.0
16:11:26.834,2297252,-7.207,3.560,4.867,-0.011,0.039,0.028,15.900,55.200,53.250,35.8
16:11:26.894,2297306,-7.192,4.046,4.587,-0.159,-0.107,0.085,15.900,55.200,53.250,35.9
16:11:26.954,2297360,-7.154,3.268,5.308,-0.034,-0.213,0.082,15.900,55.200,53.250,35.9
16:11:27.013,2297414,-6.814,4.389,5.267,-0.094,-0.258,0.029,18.000,54.600,53.550,36.1
16:11:27.074,2297468,-6.965,3.340,5.001,-0.013,-0.336,0.028,18.000,54.600,53.550,35.5
16:11:27.133,2297522,-6.771,4.192,6.177,-0.085,-0.482,0.090,14.250,54.600,53.550,35.5
16:11:27.193,2297576,-6.594,4.178,5.964,-0.121,-0.545,0.140,14.250,54.600,53.550,36.1
16:11:27.253,2297630,-6.383,3.867,5.401,0.072,-0.653,0.175,11.700,54.300,54.600,35.8
16:11:27.314,2297684,-6.038,4.044,5.997,0.194,-0.867,0.296,4.950,54.600,53.850,36.0
16:11:27.315,2297738,-5.533,4.436,6.223,0.179,-1.002,0.337,4.950,54.600,53.850,35.7
16:11:27.375,2297792,-4.858,4.738,6.275,0.204,-1.111,0.333,-6.450,57.750,52.350,36.0
16:11:27.434,2297846,-4.384,4.599,6.780,0.293,-1.274,0.488,-6.450,57.750,52.350,36.0
16:11:27.493,2297900,-3.503,5.073,6.263,0.494,-1.377,0.561,-6.450,57.750,52.350,35.5
16:11:27.553,2297954,-3.146,5.155,7.008,0.609,-1.549,0.600,-6.450,57.750,52.350,35.4
16:11:27.615,2298008,-2.085,5.480,6.941,0.539,-1.664,0.622,-31.950,60.300,40.500,35.5
16:11:27.674,2298062,-1.252,6.448,8.282,0.269,-1.735,0.721,-31.950,60.300,40.500,35.9
16:11:27.734,2298116,-0.373,6.543,7.377,0.362,-1.745,0.694,-47.850,60.450,31.500,35.9
16:11:27.793,2298170,1.018,6.211,7.080,0.433,-1.629,0.677,-47.850,60.450,31.500,35.8
16:11:27.855,2298224,1.626,7.070,8.777,0.329,-1.594,0.601,-59.700,55.350,18.750,36.0
16:11:27.855,2298278,2.282,6.397,6.316,0.261,-1.460,0.604,-68.850,54.450,6.150,36.0
16:11:27.914,2298332,3.472,6.735,7.537,0.139,-1.488,0.671,-68.850,54.450,6.150,35.5
16:11:27.973,2298386,3.349,6.692,6.766,0.338,-1.487,0.680,-73.500,47.250,-8.100,35.8
16:11:28.033,2298440,5.179,5.660,4.798,0.413,-1.318,0.758,-73.500,47.250,-8.100,35.8
16:11:28.093,2298494,5.725,6.917,7.764,0.245,-1.447,0.792,-74.850,39.000,-22.950,35.9
16:11:28.153,2298548,6.474,6.290,4.982,0.209,-1.070,0.563,-74.850,39.000,-22.950,36.0
16:11:28.213,2298602,6.067,6.601,5.957,0.225,-1.279,0.665,-74.850,39.000,-22.950,36.1
16:11:28.274,2298656,6.991,6.172,3.156,0.234,-1.046,0.718,-74.850,39.000,-22.950,35.8
16:11:28.334,2298710,7.362,5.660,4.719,0.205,-1.156,0.718,-72.000,26.850,-45.150,36.0
16:11:28.393,2298764,7.858,5.734,2.634,0.181,-1.111,0.620,-72.000,26.850,-45.150,35.9
16:11:28.394,2298818,8.198,5.160,3.577,0.140,-1.120,0.620,-67.950,19.800,-55.350,36.0
16:11:28.454,2298872,8.643,5.540,1.882,0.189,-0.998,0.534,-59.550,14.550,-62.100,35.9
16:11:28.514,2298926,8.444,4.755,2.191,0.335,-0.996,0.570,-59.550,14.550,-62.100,35.5
16:11:28.574,2298980,8.827,4.987,1.219,0.307,-0.968,0.596,-51.000,9.150,-70.200,36.0
16:11:28.634,2299034,9.026,4.482,1.188,0.198,-0.865,0.608,-51.000,9.150,-70.200,35.9
16:11:28.693,2299088,9.359,4.477,0.666,0.074,-0.710,0.488,-46.350,1.650,-75.750,35.8
16:11:28.753,2299142,8.961,4.137,0.316,-0.136,-0.609,0.431,-46.350,1.650,-75.750,35.9
16:11:28.813,2299196,8.902,3.874,-0.172,0.060,-0.446,0.334,-46.350,1.650,-75.750,35.8
16:11:28.874,2299250,9.311,3.869,-0.103,0.126,-0.423,0.363,-46.350,1.650,-75.750,36.0
16:11:28.933,2299304,9.306,3.802,-0.268,0.184,-0.264,0.237,-46.350,1.650,-75.750,35.9
16:11:28.934,2299358,8.847,3.199,-0.491,0.115,-0.192,0.167,-46.350,1.650,-75.750,35.5
16:11:28.994,2299412,9.218,3.412,-0.280,0.023,-0.118,0.107,-34.650,-4.500,-81.150,35.5
16:11:29.053,2299466,9.244,3.017,-0.912,-0.061,-0.103,0.074,-34.650,-4.500,-81.150,35.9
16:11:29.113,2299520,9.246,3.323,-0.591,0.010,0.010,0.009,-31.200,-4.200,-81.900,35.9
16:11:29.173,2299574,9.081,3.505,-0.654,0.131,0.129,-0.078,-32.400,-4.950,-81.450,36.0
16:11:29.234,2299628,9.555,4.164,0.622,0.037,0.296,-0.297,-32.400,-4.950,-81.450,35.9
16:11:29.293,2299682,9.847,4.254,0.359,-0.519,0.697,-0.600,-35.550,-3.600,-79.050,36.0
16:11:29.354,2299736,9.586,4.954,1.633,-0.811,1.093,-0.715,-35.550,-3.600,-79.050,35.8
16:11:29.413,2299790,9.244,5.133,1.714,-0.691,1.371,-0.892,-44.400,5.550,-76.200,35.8
16:11:29.473,2299844,9.431,5.365,2.564,-0.430,1.748,-1.011,-44.400,5.550,-76.200,35.4
16:11:29.474,2299898,9.670,6.021,2.830,-0.376,2.012,-1.138,-44.400,5.550,-76.200,35.8
16:11:29.533,2299952,8.262,5.713,4.142,-0.580,2.158,-1.168,-44.400,5.550,-76.200,35.8
16:11:29.593,2300006,7.551,5.727,4.841,-0.645,2.194,-1.044,-44.400,5.550,-76.200,35.8
16:11:29.713,2300060,6.871,5.787,5.746,-0.632,2.296,-1.072,-44.400,5.550,-76.200,36.0
16:11:29.714,2300114,5.511,5.772,6.790,-0.397,2.330,-1.046,-74.250,39.150,-28.200,36.0
16:11:29.774,2300168,4.836,4.781,6.536,-0.488,2.354,-0.943,-73.950,47.250,-7.350,35.8
16:11:29.833,2300222,3.754,5.842,7.901,-0.663,2.317,-0.922,-73.950,47.250,-7.350,36.0
16:11:29.893,2300276,1.755,5.468,6.804,-0.541,2.301,-0.929,-64.050,54.000,14.550,35.9
16:11:29.953,2300330,0.611,5.107,7.326,-0.497,2.285,-0.749,-64.050,54.000,14.550,35.5
16:11:30.013,2300384,-0.725,5.392,7.350,-0.099,2.172,-0.663,-48.750,57.150,32.100,35.7
16:11:30.014,2300438,-1.626,5.255,7.389,-0.078,1.980,-0.575,-48.750,57.150,32.100,35.9
16:11:30.073,2300492,-2.751,5.459,6.768,-0.084,1.843,-0.507,-33.150,57.900,42.300,35.8
16:11:30.134,2300546,-3.718,4.666,7.693,-0.145,1.649,-0.389,-33.150,57.900,42.300,35.9
16:11:30.193,2300600,-4.446,4.860,6.395,-0.133,1.511,-0.500,-33.150,57.900,42.300,35.9
16:11:30.253,2300654,-5.341,3.302,4.729,-0.105,1.309,-0.431,-33.150,57.900,42.300,35.9
16:11:30.313,2300708,-5.473,4.501,6.481,-0.245,0.981,-0.312,-33.150,57.900,42.300,36.0
16:11:30.374,2300762,-5.839,3.972,5.720,-0.334,0.820,-0.268,-33.150,57.900,42.300,36.0
16:11:30.433,2300816,-6.577,3.893,4.642,0.082,0.718,-0.206,8.850,54.900,52.950,35.5
16:11:30.493,2300870,-6.816,3.637,4.542,0.493,0.505,-0.174,15.600,55.200,54.450,35.5
16:11:30.554,2300924,-7.046,4.401,5.207,0.448,0.216,-0.076,15.600,55.200,54.450,35.8
16:11:30.614,2300978,-7.489,4.362,5.116,-0.091,0.170,-0.038,18.300,58.950,49.500,35.9
16:11:30.615,2301032,-7.343,4.029,5.284,-0.172,0.060,-0.019,18.300,58.950,49.500,35.8
16:11:30.793,2301086,-7.252,4.120,4.135,-0.108,-0.052,-0.035,20.850,57.150,51.450,35.8
16:11:30.794,2301140,-7.439,4.034,5.250,-0.031,-0.027,-0.030,20.850,57.150,51.450,36.0
16:11:30.795,2301194,-7.298,4.353,4.805,-0.087,-0.016,-0.052,19.350,57.150,50.400,36.0
16:11:30.854,2301248,-7.259,3.689,4.693,0.008,0.007,-0.047,19.350,57.150,50.400,35.8
16:11:30.914,2301302,-7.238,3.764,5.078,0.230,-0.047,-0.013,19.350,57.150,50.400,35.8
16:11:30.975,2301356,-7.317,4.082,4.817,0.192,-0.122,0.007,19.350,57.150,50.400,35.7
16:11:31.033,2301410,-7.171,4.152,4.990,-0.075,-0.281,0.083,19.500,57.300,48.300,35.8
16:11:31.094,2301464,-6.943,4.137,4.362,-0.039,-0.463,0.116,17.400,57.150,49.350,35.9
16:11:31.095,2301518,-6.570,3.706,4.563,0.309,-0.707,0.215,17.400,57.150,49.350,35.9
16:11:31.153,2301572,-6.158,4.051,4.336,0.689,-1.042,0.402,10.950,61.650,48.750,35.8
16:11:31.214,2301626,-5.030,4.444,4.231,0.544,-1.394,0.652,10.950,61.650,48.750,35.9
16:11:31.273,2301680,-5.073,4.717,6.045,0.184,-1.701,0.854,-2.400,64.650,45.750,35.8
16:11:31.333,2301734,-3.850,4.944,5.234,0.094,-1.863,0.927,-2.400,64.650,45.750,36.0
16:11:31.393,2301788,-3.072,5.260,7.891,0.327,-2.035,1.009,-21.750,65.400,40.350,35.9
16:11:31.453,2301842,-1.973,6.029,6.151,0.436,-2.038,1.011,-21.750,65.400,40.350,36.0
16:11:31.513,2301896,-0.364,5.928,7.180,0.454,-2.020,1.072,-21.750,65.400,40.350,36.0
16:11:31.573,2301950,0.591,6.483,8.030,0.297,-2.028,1.169,-21.750,65.400,40.350,35.9
16:11:31.633,2302004,2.320,6.507,5.423,0.468,-1.928,1.059,-21.750,65.400,40.350,35.8
16:11:31.634,2302058,3.153,6.970,7.863,0.569,-1.912,1.098,-70.050,51.000,-0.300,35.8
16:11:31.693,2302112,4.037,7.336,5.112,0.254,-1.881,1.033,-70.050,51.000,-0.300,36.0
16:11:31.753,2302166,5.854,7.125,7.319,0.232,-1.684,0.984,-75.900,42.150,-16.050,36.0
16:11:31.813,2302220,5.665,7.199,6.416,0.123,-1.686,0.851,-75.900,42.150,-16.050,36.0
16:11:31.873,2302274,6.821,6.182,3.546,0.026,-1.440,0.810,-75.450,33.000,-31.950,35.5
16:11:31.933,2302328,6.603,6.163,6.184,0.209,-1.538,0.806,-75.450,33.000,-31.950,36.0
16:11:32.053,2302382,7.630,6.079,3.014,0.096,-1.250,0.747,-72.000,24.900,-45.750,35.7
16:11:32.054,2302436,7.855,5.789,4.786,0.116,-1.393,0.703,-72.000,24.900,-45.750,36.0
16:11:32.113,2302490,8.550,5.808,1.786,-0.021,-1.221,0.606,-64.350,18.450,-56.550,35.8
16:11:32.173,2302544,8.370,5.322,3.053,0.185,-1.334,0.576,-64.350,18.450,-56.550,36.1
16:11:32.174,2302598,9.242,5.344,1.082,-0.121,-1.204,0.561,-64.350,18.450,-56.550,36.0
16:11:32.233,2302652,8.801,4.508,1.863,-0.353,-1.044,0.504,-64.350,18.450,-56.550,35.9
16:11:32.293,2302706,8.799,4.666,1.097,-0.107,-0.841,0.413,-48.600,9.450,-72.450,35.8
16:11:32.354,2302760,8.887,4.025,1.051,0.130,-0.760,0.402,-41.250,8.850,-76.350,35.8
16:11:32.414,2302814,9.313,4.063,0.184,0.269,-0.524,0.336,-41.250,8.850,-76.350,35.9
16:11:32.474,2302868,9.134,3.828,0.560,0.114,-0.437,0.350,-35.850,4.350,-79.050,35.9
16:11:32.533,2302922,8.760,3.529,-0.230,0.165,-0.263,0.297,-35.850,4.350,-79.050,36.0
16:11:32.593,2302976,9.002,3.232,-0.661,0.269,-0.238,0.330,-33.900,0.750,-79.950,35.8
16:11:32.653,2303030,9.136,3.335,-0.479,0.350,-0.209,0.262,-33.900,0.750,-79.950,35.9
16:11:32.713,2303084,9.108,3.567,-0.797,0.211,-0.104,0.225,-31.650,-2.700,-81.450,36.0
16:11:32.714,2303138,9.105,3.318,-0.649,0.160,0.007,0.114,-31.650,-2.700,-81.450,36.0
16:11:32.774,2303192,9.148,3.677,-0.570,-0.100,0.051,0.001,-31.650,-2.700,-81.450,35.8
16:11:32.834,2303246,9.419,3.845,-0.225,-0.278,0.189,-0.176,-31.650,-2.700,-81.450,35.5
16:11:32.894,2303300,9.783,4.120,0.002,-0.490,0.496,-0.389,-31.650,-2.700,-81.450,35.9
16:11:32.953,2303354,9.773,4.010,0.591,-0.647,0.763,-0.532,-34.350,0.450,-80.550,36.0
16:11:33.013,2303408,9.385,4.738,1.523,-0.645,1.182,-0.676,-34.350,0.450,-80.550,35.8
16:11:33.073,2303462,9.081,4.446,2.011,-0.439,1.439,-0.719,-44.850,9.750,-74.400,36.0
16:11:33.133,2303516,9.416,5.136,2.966,-0.292,1.701,-0.873,-44.850,9.750,-74.400,36.0
16:11:33.193,2303570,9.766,5.418,3.543,-0.655,1.990,-0.937,-56.700,17.550,-64.050,36.0
16:11:33.253,2303624,8.928,5.456,4.417,-0.822,2.173,-0.951,-56.700,17.550,-64.050,36.0
16:11:33.254,2303678,7.980,5.136,4.891,-0.652,2.228,-0.879,-68.850,29.700,-48.900,35.5
16:11:33.313,2303732,7.398,5.210,5.954,-0.427,2.372,-0.782,-68.850,29.700,-48.900,35.7
16:11:33.373,2303786,6.120,5.428,6.713,-0.175,2.428,-0.731,-74.700,39.150,-25.650,35.9
16:11:33.433,2303840,5.200,5.698,7.748,-0.265,2.508,-0.689,-74.700,39.150,-25.650,36.1
16:11:33.493,2303894,3.824,5.497,7.848,-0.484,2.437,-0.613,-74.700,39.150,-25.650,35.9
16:11:33.553,2303948,2.464,5.181,6.527,-0.507,2.429,-0.585,-74.700,39.150,-25.650,36.0
16:11:33.613,2304002,0.915,4.348,7.034,-0.280,2.330,-0.498,-74.700,39.150,-25.650,35.8
16:11:33.673,2304056,-0.570,4.721,6.756,-0.110,2.176,-0.432,-48.750,52.200,35.100,35.8
16:11:33.733,2304110,-1.460,4.958,8.363,-0.360,2.068,-0.374,-48.750,52.200,35.100,35.9
16:11:33.793,2304164,-2.648,4.776,6.620,-0.258,1.930,-0.404,-33.600,51.600,46.500,35.8
16:11:33.794,2304218,-3.484,4.683,7.384,-0.156,1.742,-0.410,-33.600,51.600,46.500,35.7
16:11:33.853,2304272,-3.926,4.345,6.675,-0.085,1.558,-0.395,-16.500,52.350,52.350,36.0
16:11:33.913,2304326,-4.985,3.982,6.823,0.072,1.292,-0.356,-16.500,52.350,52.350,35.8
16:11:33.973,2304380,-5.109,3.227,4.460,0.408,1.055,-0.326,-2.400,51.600,56.100,36.0
16:11:34.034,2304434,-6.177,3.517,5.871,0.391,0.687,-0.275,-2.400,51.600,56.100,35.9
16:11:34.093,2304488,-6.172,3.685,4.685,0.320,0.408,-0.170,4.950,53.100,55.350,36.0
16:11:34.153,2304542,-6.419,4.398,6.828,0.062,0.256,-0.180,4.950,53.100,55.350,36.0
16:11:34.213,2304596,-6.383,4.987,5.564,0.034,0.190,-0.173,4.950,53.100,55.350,36.0
16:11:34.273,2304650,-7.305,3.816,5.701,0.052,0.104,-0.139,12.150,54.450,54.750,35.5
16:11:34.333,2304704,-7.058,4.501,5.219,0.261,0.054,-0.080,12.150,54.450,54.750,36.0
16:11:34.334,2304758,-6.840,4.202,5.753,0.066,-0.086,-0.030,15.000,55.800,54.900,36.0
16:11:34.393,2304812,-6.981,4.262,5.636,-0.100,0.033,-0.046,15.000,55.800,54.900,35.8
16:11:34.454,2304866,-6.986,3.862,6.141,-0.185,-0.074,-0.045,12.900,55.200,54.000,36.0
16:11:34.513,2304920,-7.020,3.960,6.148,0.124,0.008,-0.032,12.900,55.200,54.000,36.0
16:11:34.573,2304974,-6.833,4.475,5.602,-0.002,-0.108,0.018,14.250,56.550,53.550,35.8
16:11:34.633,2305028,-7.046,3.900,5.241,-0.001,-0.127,0.102,14.250,56.550,53.550,35.7
16:11:34.693,2305082,-6.594,4.247,5.411,-0.140,-0.314,0.172,11.700,55.050,52.800,35.8
16:11:34.753,2305136,-6.438,3.249,4.408,0.092,-0.513,0.192,11.700,55.050,52.800,35.4
16:11:34.813,2305190,-6.273,3.797,6.065,0.217,-0.750,0.296,8.700,54.300,53.550,35.9
16:11:34.873,2305244,-5.806,4.626,5.258,0.131,-0.883,0.345,8.700,54.300,53.550,35.9
16:11:34.874,2305298,-5.112,3.864,5.540,0.248,-1.063,0.409,8.700,54.300,53.550,35.8
16:11:34.933,2305352,-4.408,4.168,5.830,0.413,-1.313,0.581,-9.300,59.850,49.650,36.0
16:11:34.993,2305406,-3.687,5.028,5.483,0.615,-1.577,0.739,-9.300,59.850,49.650,35.9
16:11:35.053,2305460,-2.646,5.272,6.642,0.387,-1.826,0.835,-25.950,59.850,44.550,35.8
16:11:35.113,2305514,-1.520,5.693,7.223,0.247,-2.111,0.907,-25.950,59.850,44.550,36.0
16:11:35.173,2305568,-1.065,5.619,7.101,0.259,-2.206,0.947,-45.750,60.300,33.900,35.5
16:11:35.233,2305622,0.953,6.548,7.786,0.107,-2.125,0.977,-45.750,60.300,33.900,35.5
16:11:35.294,2305676,1.851,6.270,7.922,0.327,-2.113,0.973,-62.550,55.950,19.650,35.9
16:11:35.353,2305730,3.666,6.385,6.543,0.385,-1.982,0.976,-62.550,55.950,19.650,35.8
16:11:35.413,2305784,4.290,6.495,8.337,0.349,-1.850,0.875,-71.100,48.600,1.800,35.9
16:11:35.473,2305838,4.951,7.463,7.159,0.388,-1.864,0.851,-71.100,48.600,1.800,35.5
16:11:35.533,2305892,5.986,6.373,4.875,0.045,-1.623,0.824,-71.100,48.600,1.800,36.0
16:11:35.534,2305946,6.390,6.670,6.649,0.299,-1.792,0.880,-71.100,48.600,1.800,35.8
16:11:35.593,2306000,7.700,6.974,3.402,0.244,-1.522,0.694,-71.100,48.600,1.800,36.0
16:11:35.653,2306054,7.748,5.744,4.824,0.131,-1.395,0.712,-70.950,24.150,-46.500,35.8
16:11:35.713,2306108,7.958,5.713,3.191,0.355,-1.393,0.602,-70.950,24.150,-46.500,35.5
16:11:35.773,2306162,8.442,5.681,2.837,0.462,-1.090,0.547,-65.400,16.800,-57.150,36.0
16:11:35.833,2306216,8.660,5.507,2.040,0.256,-0.978,0.512,-65.400,16.800,-57.150,35.9
16:11:35.893,2306270,8.420,5.009,2.543,0.451,-0.994,0.497,-58.200,9.450,-64.500,36.0
16:11:35.953,2306324,8.758,4.669,1.207,0.391,-0.902,0.570,-58.200,9.450,-64.500,36.0
16:11:35.954,2306378,8.995,4.793,1.341,0.381,-0.651,0.467,-51.900,3.150,-71.100,35.9
16:11:36.013,2306432,9.232,4.448,0.579,0.425,-0.502,0.443,-51.900,3.150,-71.100,36.0
16:11:36.073,2306486,8.827,4.101,0.369,0.493,-0.445,0.439,-46.200,-0.750,-73.800,35.8
16:11:36.134,2306540,9.096,4.056,-0.251,0.521,-0.342,0.388,-46.200,-0.750,-73.800,35.5
16:11:36.194,2306594,8.985,3.948,-0.429,0.309,-0.264,0.324,-46.200,-0.750,-73.800,35.7
16:11:36.254,2306648,9.155,3.500,-0.294,0.129,-0.190,0.219,-37.350,-12.150,-75.000,36.0
16:11:36.313,2306702,9.084,3.716,-0.639,-0.057,-0.022,0.071,-37.350,-12.150,-75.000,35.9
16:11:36.373,2306756,9.129,3.622,-0.342,-0.141,0.106,-0.001,-36.450,-11.850,-76.650,35.7
16:11:36.433,2306810,9.294,3.666,-0.242,-0.141,0.289,-0.173,-36.450,-11.850,-76.650,36.0
16:11:36.493,2306864,9.694,4.345,0.204,-0.413,0.469,-0.357,-40.200,-8.850,-76.050,35.9
16:11:36.494,2306918,9.409,4.446,0.589,-0.707,0.832,-0.556,-40.200,-8.850,-76.050,35.9
16:11:36.553,2306972,9.668,4.805,1.432,-0.912,1.114,-0.738,-45.600,-4.050,-74.400,35.8
16:11:36.614,2307026,9.014,5.203,2.071,-0.748,1.379,-0.928,-45.600,-4.050,-74.400,35.5
16:11:36.674,2307080,9.057,5.610,2.243,-0.418,1.517,-0.953,-54.450,7.050,-68.850,35.8
16:11:36.734,2307134,8.772,6.412,3.402,-0.331,1.717,-1.085,-54.450,7.050,-68.850,35.9
16:11:36.794,2307188,7.760,6.100,4.499,-0.796,1.884,-0.996,-54.450,7.050,-68.850,35.8
16:11:36.854,2307242,7.377,5.523,5.547,-0.800,2.002,-1.059,-54.450,7.050,-68.850,35.5
16:11:36.913,2307296,6.122,6.218,6.043,-0.675,2.151,-1.100,-54.450,7.050,-68.850,35.5
16:11:36.974,2307350,5.485,5.971,7.269,-0.545,2.254,-1.074,-74.700,41.100,-19.500,35.6
16:11:37.034,2307404,4.336,6.311,7.465,-0.549,2.300,-1.066,-74.700,41.100,-19.500,35.8
16:11:37.035,2307458,3.903,5.911,8.174,-0.500,2.407,-0.992,-70.950,49.950,5.250,35.8
16:11:37.094,2307512,1.901,5.871,7.008,-0.334,2.439,-0.995,-70.950,49.950,5.250,35.8
16:11:37.154,2307566,0.539,5.152,7.724,-0.153,2.435,-0.904,-58.800,56.700,22.950,35.4
16:11:37.214,2307620,-0.354,5.318,6.958,-0.176,2.372,-0.822,-58.800,56.700,22.950,35.9
16:11:37.274,2307674,-1.757,5.303,7.987,0.026,2.290,-0.783,-39.750,60.300,38.700,35.9
16:11:37.333,2307728,-3.632,5.595,5.526,-0.088,2.128,-0.823,-39.750,60.300,38.700,36.0
16:11:37.394,2307782,-4.166,4.022,6.503,-0.284,1.630,-0.518,-16.500,61.200,47.250,35.9
16:11:37.454,2307836,-4.604,4.501,4.736,-0.407,1.412,-0.458,-16.500,61.200,47.250,35.9
16:11:37.514,2307890,-5.971,3.057,5.634,-0.169,1.069,-0.459,-16.500,61.200,47.250,36.0
16:11:37.573,2307944,-6.084,4.511,5.059,0.192,0.866,-0.371,10.950,57.000,51.600,35.9
16:11:37.574,2307998,-6.603,3.668,5.394,-0.131,0.693,-0.341,10.950,57.000,51.600,35.5
16:11:37.633,2308052,-7.219,4.389,4.559,-0.046,0.531,-0.221,17.850,55.950,51.450,35.6
16:11:37.693,2308106,-7.475,3.551,5.001,0.179,0.327,-0.139,17.850,55.950,51.450,36.0
16:11:37.754,2308160,-7.551,4.149,5.035,0.138,0.252,-0.125,22.500,57.300,52.050,35.9
16:11:37.814,2308214,-7.867,4.345,3.749,-0.067,0.130,-0.122,22.500,57.300,52.050,35.9
16:11:37.874,2308268,-7.949,4.106,5.521,0.071,0.104,-0.083,23.100,55.950,49.350,36.0
16:11:37.933,2308322,-7.482,4.070,4.808,-0.059,0.004,-0.028,23.100,55.950,49.350,35.5
16:11:37.993,2308376,-7.824,3.110,3.936,0.033,-0.025,0.007,24.900,56.700,50.700,35.8
16:11:38.113,2308430,-7.654,3.685,5.691,0.021,-0.013,0.025,24.900,56.700,50.700,35.4
16:11:38.114,2308484,-7.683,4.061,4.535,-0.047,-0.049,0.066,24.900,56.700,50.700,35.8
16:11:38.173,2308538,-7.671,3.936,4.305,0.095,-0.094,0.084,24.900,56.700,50.700,35.8
16:11:38.174,2308592,-7.535,3.938,4.901,-0.037,-0.201,0.077,24.900,56.700,50.700,36.0
16:11:38.233,2308646,-7.326,3.706,3.960,-0.069,-0.360,0.167,22.350,57.150,50.400,36.0
16:11:38.293,2308700,-7.137,3.560,5.052,-0.160,-0.563,0.254,22.350,57.150,50.400,35.9
16:11:38.353,2308754,-6.754,3.230,3.654,0.103,-0.854,0.304,19.350,57.900,51.150,35.8
16:11:38.413,2308808,-6.103,3.809,5.181,0.228,-1.145,0.418,19.350,57.900,51.150,35.8
16:11:38.533,2308862,-5.722,4.288,4.934,0.268,-1.504,0.599,7.500,58.950,50.550,35.9
16:11:38.534,2308916,-4.796,3.833,5.538,0.266,-1.711,0.756,7.500,58.950,50.550,35.5
16:11:38.593,2308970,-3.931,4.657,6.653,0.414,-1.895,0.813,-7.950,61.950,48.300,35.4
16:11:38.653,2309024,-2.756,4.863,5.380,0.331,-1.949,0.974,-7.950,61.950,48.300,35.7
16:11:38.654,2309078,-1.609,6.108,7.657,-0.031,-2.032,1.048,-28.050,63.150,42.900,36.1
16:11:38.713,2309132,-0.651,6.009,6.615,0.146,-1.953,0.977,-28.050,63.150,42.900,35.9
16:11:38.773,2309186,0.778,6.558,9.060,0.517,-2.014,1.072,-28.050,63.150,42.900,36.0
16:11:38.833,2309240,1.628,8.236,7.511,0.453,-2.000,1.103,-61.650,54.600,19.800,35.8
16:11:38.893,2309294,3.007,5.011,5.918,0.298,-1.819,1.106,-61.650,54.600,19.800,35.9
16:11:38.953,2309348,3.393,7.331,7.274,0.188,-1.964,1.013,-72.750,45.300,2.250,36.0
16:11:39.013,2309402,4.532,4.925,4.389,0.772,-1.844,0.988,-72.750,45.300,2.250,35.8
16:11:39.073,2309456,6.732,6.914,7.427,0.299,-1.711,1.046,-79.050,36.450,-13.200,35.5
16:11:39.133,2309510,5.923,7.633,6.012,0.164,-1.851,0.946,-79.050,36.450,-13.200,35.9
16:11:39.194,2309564,7.393,5.392,4.185,0.126,-1.589,0.923,-78.000,26.850,-32.250,36.0
16:11:39.195,2309618,7.819,6.414,5.124,-0.202,-1.675,0.735,-78.000,26.850,-32.250,36.0
16:11:39.254,2309672,8.760,5.121,2.907,0.152,-1.387,0.569,-72.600,17.400,-46.800,35.9
16:11:39.313,2309726,8.909,5.346,3.065,-0.017,-1.395,0.527,-66.450,13.200,-60.000,35.9
16:11:39.373,2309780,9.131,4.946,2.320,0.035,-1.096,0.517,-66.450,13.200,-60.000,35.9
16:11:39.433,2309834,9.060,4.470,1.781,0.344,-1.087,0.545,-66.450,13.200,-60.000,35.8
16:11:39.494,2309888,9.534,4.556,1.180,0.618,-0.922,0.552,-66.450,13.200,-60.000,35.5
16:11:39.553,2309942,9.634,4.920,0.915,0.600,-0.648,0.442,-50.850,0.900,-72.450,35.7
16:11:39.613,2309996,9.558,4.549,0.725,0.114,-0.469,0.215,-50.850,0.900,-72.450,35.8
16:11:39.673,2310050,8.689,4.317,0.869,-0.188,-0.327,0.113,-45.000,-4.500,-75.300,35.9
16:11:39.733,2310104,8.193,3.400,0.323,-0.207,-0.397,0.188,-45.000,-4.500,-75.300,35.9
16:11:39.734,2310158,8.325,3.397,0.534,0.133,-0.418,0.161,-41.700,-2.250,-77.100,35.9
16:11:39.793,2310212,8.856,3.357,-0.364,0.301,-0.284,0.160,-41.700,-2.250,-77.100,35.7
16:11:39.853,2310266,9.483,3.270,0.010,0.134,-0.011,0.041,-38.250,-5.700,-77.850,35.8
16:11:39.913,2310320,9.754,4.247,0.685,-0.013,0.329,-0.135,-39.750,-6.450,-77.400,35.9
16:11:39.973,2310374,9.934,4.441,1.003,-0.416,0.565,-0.299,-39.750,-6.450,-77.400,35.5
16:11:40.034,2310428,10.010,5.162,1.925,-0.644,0.940,-0.557,-39.750,-6.450,-77.400,35.8
16:11:40.093,2310482,9.883,5.064,1.968,-1.119,1.409,-0.768,-39.750,-6.450,-77.400,36.0
16:11:40.153,2310536,9.701,5.657,3.369,-1.074,1.952,-0.997,-55.050,10.050,-68.250,36.1
16:11:40.213,2310590,9.175,5.689,4.173,-0.927,2.287,-1.016,-55.050,10.050,-68.250,35.8
16:11:40.333,2310644,8.882,5.001,3.936,-0.419,2.583,-1.084,-68.100,21.150,-52.200,35.5
16:11:40.334,2310698,7.386,5.598,5.753,-0.084,2.584,-1.071,-68.100,21.150,-52.200,35.8
16:11:40.335,2310752,6.029,5.308,5.061,0.239,2.540,-0.989,-75.150,31.650,-29.250,35.8
16:11:40.394,2310806,4.994,5.488,6.812,0.236,2.292,-0.767,-75.150,31.650,-29.250,35.9
16:11:40.453,2310860,4.408,5.025,5.957,0.284,2.200,-0.795,-75.900,41.700,-7.650,35.5
16:11:40.513,2310914,3.768,6.349,8.358,-0.297,2.020,-0.857,-75.900,41.700,-7.650,35.4
16:11:40.634,2310968,2.011,7.372,7.757,-0.481,2.052,-0.965,-70.350,48.600,12.300,36.0
16:11:40.635,2311022,0.663,5.986,8.859,-0.680,2.159,-0.992,-55.500,54.900,27.300,35.8
16:11:40.694,2311076,-0.443,5.995,7.317,-0.645,2.266,-0.885,-55.500,54.900,27.300,35.9
16:11:40.753,2311130,-2.107,4.664,6.177,-0.581,2.317,-0.718,-55.500,54.900,27.300,35.9
16:11:40.813,2311184,-3.117,4.997,7.460,-0.409,2.241,-0.579,-55.500,54.900,27.300,35.8
16:11:40.814,2311238,-4.039,3.591,4.695,-0.268,2.006,-0.509,-16.200,53.850,53.100,36.0
16:11:40.874,2311292,-4.934,4.650,8.262,-0.108,1.756,-0.518,-16.200,53.850,53.100,35.9
16:11:40.933,2311346,-5.952,2.696,4.602,0.599,1.531,-0.466,1.050,51.300,56.550,35.5
16:11:40.993,2311400,-6.412,4.276,4.769,0.142,0.946,-0.327,1.050,51.300,56.550,36.0
16:11:41.053,2311454,-6.965,3.893,5.112,0.333,0.655,-0.233,14.250,52.350,56.850,36.0
16:11:41.113,2311508,-7.597,2.576,3.821,0.340,0.346,-0.012,14.250,52.350,56.850,36.0
16:11:41.173,2311562,-7.070,4.073,5.940,0.219,0.243,-0.022,19.800,55.050,53.100,35.9
16:11:41.234,2311616,-7.156,4.724,4.800,-0.177,0.221,-0.022,22.350,55.650,52.200,35.9
16:11:41.293,2311670,-7.209,4.187,5.437,-0.156,0.194,-0.059,22.350,55.650,52.200,36.0
16:11:41.353,2311724,-7.736,4.247,4.841,0.203,0.003,0.039,22.350,55.650,52.200,35.8
16:11:41.354,2311778,-7.930,4.293,4.211,0.147,-0.038,0.009,22.350,55.650,52.200,35.3
16:11:41.415,2311832,-7.444,4.472,4.621,-0.023,-0.166,0.029,24.000,57.750,52.350,35.3
16:11:41.473,2311886,-7.319,4.116,4.417,-0.087,-0.233,0.078,24.000,57.750,52.350,36.1
16:11:41.534,2311940,-7.171,4.429,4.398,-0.189,-0.461,0.092,21.900,55.200,50.700,35.9
16:11:41.594,2311994,-6.608,3.261,3.536,-0.018,-0.720,0.103,21.900,55.200,50.700,35.8
16:11:41.653,2312048,-6.009,4.231,5.368,0.093,-1.009,0.149,16.950,57.000,53.100,35.5
16:11:41.714,2312102,-6.141,4.594,4.803,0.176,-1.316,0.260,16.950,57.000,53.100,36.0
16:11:41.773,2312156,-5.461,3.871,5.701,0.134,-1.506,0.437,5.850,57.150,52.650,36.0
16:11:41.834,2312210,-4.808,5.344,6.304,0.197,-1.675,0.526,5.850,57.150,52.650,36.0
16:11:41.893,2312264,-4.140,4.537,6.352,0.478,-1.759,0.652,-9.000,57.300,51.600,35.8
16:11:41.894,2312318,-3.223,5.054,6.646,0.243,-1.911,0.786,-9.000,57.300,51.600,35.7
16:11:41.953,2312372,-2.059,5.406,6.141,0.287,-2.007,0.957,-9.000,57.300,51.600,35.9
16:11:42.013,2312426,-0.493,5.116,6.543,0.282,-2.077,1.047,-9.000,57.300,51.600,36.0
16:11:42.073,2312480,0.450,6.359,7.417,0.681,-2.122,1.027,-9.000,57.300,51.600,35.9
16:11:42.133,2312534,1.856,6.072,7.616,0.404,-2.055,1.111,-63.450,54.300,20.250,35.9
16:11:42.195,2312588,2.224,6.900,8.875,0.500,-2.228,1.221,-63.450,54.300,20.250,36.0
16:11:42.254,2312642,4.671,5.545,5.057,0.628,-1.929,1.112,-75.750,47.700,1.200,35.9
16:11:42.314,2312696,5.442,6.718,8.631,0.026,-2.008,1.153,-75.750,47.700,1.200,35.9
16:11:42.373,2312750,5.954,6.658,4.690,0.264,-2.011,0.876,-77.550,35.250,-18.450,35.5
16:11:42.435,2312804,7.276,5.341,4.266,0.674,-1.746,0.936,-77.550,35.250,-18.450,35.5
16:11:42.435,2312858,7.884,7.642,6.369,0.137,-1.848,0.951,-77.100,24.750,-35.700,35.7
16:11:42.494,2312912,9.177,6.067,3.091,-0.084,-1.300,0.727,-70.050,15.000,-50.700,35.8
16:11:42.554,2312966,8.768,5.296,3.632,-0.397,-1.404,0.462,-70.050,15.000,-50.700,36.0
16:11:42.613,2313020,8.665,4.669,2.042,-0.079,-1.209,0.444,-70.050,15.000,-50.700,35.5
16:11:42.675,2313074,8.590,4.513,2.442,0.320,-1.174,0.507,-70.050,15.000,-50.700,36.0
16:11:42.733,2313128,9.637,4.738,1.113,0.485,-0.875,0.588,-54.300,5.400,-67.500,35.9
16:11:42.793,2313182,9.397,4.398,1.578,0.440,-0.731,0.488,-54.300,5.400,-67.500,36.0
16:11:42.853,2313236,9.139,4.183,0.802,0.300,-0.621,0.470,-46.950,0.300,-73.800,35.5
16:11:42.914,2313290,9.091,3.828,0.359,0.212,-0.525,0.391,-46.950,0.300,-73.800,35.4
16:11:42.973,2313344,8.856,3.675,0.194,0.087,-0.411,0.420,-42.000,-6.150,-75.300,35.9
16:11:42.974,2313398,9.055,3.771,-0.024,0.189,-0.348,0.371,-42.000,-6.150,-75.300,35.9
16:11:43.033,2313452,9.290,3.440,-0.464,0.109,-0.269,0.262,-38.700,-8.100,-77.100,35.8
16:11:43.093,2313506,9.304,3.711,-0.156,-0.031,-0.099,0.152,-34.800,-8.250,-78.000,35.6
16:11:43.153,2313560,8.957,3.412,-0.127,-0.058,0.027,0.083,-34.800,-8.250,-78.000,35.6
16:11:43.213,2313614,8.928,3.632,-0.108,0.122,0.062,0.017,-34.800,-8.250,-78.000,35.9
16:11:43.273,2313668,9.033,3.297,-0.139,0.103,0.133,-0.044,-34.800,-8.250,-78.000,36.0
16:11:43.333,2313722,9.452,3.519,0.153,0.038,0.277,-0.157,-34.800,-8.250,-78.000,35.5
16:11:43.393,2313776,9.761,4.164,0.895,-0.137,0.534,-0.298,-34.800,-8.250,-78.000,35.7
16:11:43.453,2313830,9.792,4.166,0.656,-0.574,0.858,-0.484,-40.950,-7.200,-76.050,35.8
16:11:43.513,2313884,9.814,4.851,2.255,-0.719,1.250,-0.662,-40.950,-7.200,-76.050,35.8
16:11:43.514,2313938,9.843,4.932,2.248,-0.662,1.577,-0.823,-51.900,0.450,-72.900,35.9
16:11:43.573,2313992,9.658,5.042,2.437,-0.171,1.916,-1.075,-51.900,0.450,-72.900,36.0
16:11:43.633,2314046,8.940,5.875,3.354,-0.266,2.078,-1.197,-62.550,8.400,-60.300,36.1
16:11:43.693,2314100,8.164,5.662,5.634,-0.840,2.135,-1.223,-62.550,8.400,-60.300,35.6
16:11:43.753,2314154,8.030,6.136,5.777,-0.907,2.325,-1.292,-75.150,20.850,-43.500,36.0
16:11:43.813,2314208,6.584,5.411,7.049,-0.955,2.450,-1.270,-77.550,36.450,-21.000,35.8
16:11:43.873,2314262,5.171,5.320,7.242,-0.632,2.493,-1.211,-77.550,36.450,-21.000,35.6
16:11:43.933,2314316,3.831,5.808,7.999,-0.329,2.519,-1.206,-77.550,36.450,-21.000,35.6
16:11:43.993,2314370,2.241,5.145,7.118,-0.310,2.520,-1.032,-77.550,36.450,-21.000,35.9
16:11:44.054,2314424,1.068,5.255,8.368,-0.410,2.504,-0.846,-57.900,53.100,25.650,35.8
16:11:44.055,2314478,-0.146,5.282,8.531,-0.405,2.420,-0.762,-57.900,53.100,25.650,35.9
16:11:44.113,2314532,-1.729,4.834,7.175,-0.241,2.312,-0.729,-39.600,54.600,42.150,35.8
16:11:44.174,2314586,-2.715,3.649,5.480,-0.426,2.130,-0.686,-39.600,54.600,42.150,36.0
16:11:44.234,2314640,-4.424,3.941,6.340,-0.499,1.981,-0.614,-16.650,54.900,51.450,35.9
16:11:44.294,2314694,-5.152,3.649,6.574,-0.173,1.728,-0.438,-16.650,54.900,51.450,35.5
16:11:44.354,2314748,-6.000,2.825,3.776,0.085,1.428,-0.327,1.050,52.200,55.200,35.8
16:11:44.414,2314802,-6.665,2.361,4.752,0.202,1.046,-0.201,14.400,52.950,55.500,36.0
16:11:44.473,2314856,-6.661,4.235,5.212,0.158,0.658,-0.178,14.400,52.950,55.500,35.9
16:11:44.533,2314910,-7.207,3.110,3.984,-0.018,0.366,-0.178,14.400,52.950,55.500,36.0
16:11:44.594,2314964,-7.772,3.675,5.222,-0.119,0.217,-0.103,14.400,52.950,55.500,35.9
16:11:44.595,2315018,-7.678,4.051,5.013,-0.107,0.186,-0.001,14.400,52.950,55.500,35.8
16:11:44.653,2315072,-7.606,3.713,5.605,-0.044,0.080,0.050,14.400,52.950,55.500,35.8
16:11:44.713,2315126,-7.731,3.745,4.252,0.008,0.024,0.035,25.500,50.850,54.150,35.5
16:11:44.774,2315180,-7.676,2.598,4.113,0.043,-0.050,-0.008,25.500,50.850,54.150,35.5
16:11:44.833,2315234,-7.776,3.871,4.465,0.088,-0.063,-0.070,25.050,52.350,53.850,35.8
16:11:44.893,2315288,-7.846,3.816,4.616,0.126,-0.132,-0.006,25.050,52.350,53.850,35.9
16:11:44.954,2315342,-7.633,4.058,5.061,-0.169,-0.144,0.031,24.000,53.550,52.800,36.0
16:11:45.013,2315396,-7.300,3.364,4.800,-0.166,-0.298,-0.005,24.000,53.550,52.800,35.8
16:11:45.073,2315450,-6.919,2.974,4.063,0.200,-0.578,0.023,21.300,52.350,54.150,35.5
16:11:45.133,2315504,-6.570,3.505,4.865,0.522,-1.048,0.268,19.050,53.550,54.600,35.8
16:11:45.134,2315558,-5.830,3.670,4.829,0.524,-1.376,0.557,19.050,53.550,54.600,35.8
16:11:45.193,2315612,-5.179,4.156,5.191,0.332,-1.796,0.779,5.550,56.400,52.950,35.5
16:11:45.254,2315666,-4.379,4.096,5.713,0.367,-1.962,0.872,5.550,56.400,52.950,35.5
16:11:45.315,2315720,-3.668,5.241,6.891,0.301,-2.062,0.920,5.550,56.400,52.950,35.9
16:11:45.373,2315774,-2.658,5.717,6.548,0.293,-2.031,0.940,5.550,56.400,52.950,36.0
16:11:45.434,2315828,-1.480,5.705,6.831,0.299,-1.992,0.987,-36.600,60.450,40.350,35.8
16:11:45.493,2315882,-0.170,6.450,7.872,0.376,-2.008,1.045,-36.600,60.450,40.350,35.5
16:11:45.553,2315936,1.123,6.507,7.154,0.486,-1.921,1.070,-54.300,57.600,27.000,36.1
16:11:45.613,2315990,2.296,6.876,7.937,0.321,-1.840,1.062,-54.300,57.600,27.000,35.8
16:11:45.674,2316044,2.868,7.252,7.137,0.343,-1.822,0.993,-67.050,51.300,12.300,36.0
16:11:45.675,2316098,4.518,6.057,5.856,0.496,-1.617,0.969,-76.200,45.000,-3.450,35.4
16:11:45.733,2316152,4.755,6.381,7.377,0.296,-1.699,0.935,-76.200,45.000,-3.450,35.7
16:11:45.793,2316206,6.060,7.140,5.971,0.394,-1.620,0.790,-79.350,32.850,-21.450,36.0
16:11:45.853,2316260,6.914,6.359,5.349,0.101,-1.519,0.741,-79.350,32.850,-21.450,35.9
16:11:45.914,2316314,7.252,6.211,5.262,0.083,-1.451,0.615,-77.250,27.600,-35.250,35.8
16:11:45.974,2316368,7.475,6.050,4.295,-0.018,-1.286,0.635,-77.250,27.600,-35.250,35.9
16:11:46.033,2316422,7.223,5.164,4.963,0.240,-1.379,0.619,-77.250,27.600,-35.250,35.9
16:11:46.094,2316476,8.566,5.875,2.406,0.251,-1.053,0.580,-77.250,27.600,-35.250,35.9
16:11:46.153,2316530,8.492,5.095,3.512,0.412,-1.075,0.494,-65.100,13.500,-57.000,35.8
16:11:46.213,2316584,8.557,5.258,1.518,0.241,-0.864,0.372,-65.100,13.500,-57.000,35.5
16:11:46.214,2316638,8.514,4.482,2.459,0.121,-0.800,0.435,-58.500,6.450,-63.900,35.4
16:11:46.274,2316692,8.878,4.654,1.279,0.102,-0.734,0.439,-54.000,2.700,-69.750,35.9
16:11:46.334,2316746,9.069,4.070,0.848,0.282,-0.582,0.456,-54.000,2.700,-69.750,36.0
16:11:46.393,2316800,9.290,4.245,0.776,0.363,-0.429,0.409,-48.300,-3.000,-73.800,36.0
16:11:46.453,2316854,9.124,3.934,0.093,0.471,-0.280,0.384,-48.300,-3.000,-73.800,36.0
16:11:46.513,2316908,8.768,3.934,0.294,0.594,-0.291,0.341,-43.950,-5.700,-74.550,35.8
16:11:46.573,2316962,8.985,4.101,-0.287,0.465,-0.313,0.351,-43.950,-5.700,-74.550,36.0
16:11:46.633,2317016,9.131,3.661,-0.199,0.202,-0.337,0.304,-40.950,-11.550,-76.350,36.0
16:11:46.693,2317070,9.325,3.883,-0.402,-0.012,-0.200,0.163,-40.950,-11.550,-76.350,35.7
16:11:46.753,2317124,9.335,3.570,-0.005,-0.096,-0.059,0.019,-40.950,-11.550,-76.350,35.7
16:11:46.754,2317178,9.603,4.178,0.278,-0.233,0.289,-0.286,-40.950,-11.550,-76.350,35.8
16:11:46.813,2317232,10.099,4.554,0.838,-0.663,0.758,-0.549,-40.950,-11.550,-76.350,36.0
16:11:46.873,2317286,9.780,5.040,2.073,-0.652,1.151,-0.759,-40.950,-11.550,-76.350,36.0
16:11:46.934,2317340,9.720,4.970,2.172,-0.715,1.515,-1.015,-46.500,-4.950,-73.050,35.8
16:11:46.993,2317394,10.020,5.607,2.938,-0.760,1.952,-1.206,-58.950,5.550,-64.800,36.0
16:11:47.053,2317448,8.842,5.684,4.025,-0.659,2.232,-1.321,-58.950,5.550,-64.800,35.5
16:11:47.113,2317502,8.195,6.383,4.472,-0.442,2.371,-1.316,-72.450,20.250,-47.700,35.8
16:11:47.174,2317556,6.632,5.971,4.887,-0.229,2.521,-1.275,-72.450,20.250,-47.700,35.5
16:11:47.293,2317610,5.763,5.981,5.619,0.010,2.390,-1.223,-78.600,33.150,-25.500,35.9
16:11:47.294,2317664,4.887,6.450,5.215,-0.051,2.225,-1.067,-78.600,33.150,-25.500,35.9
16:11:47.295,2317718,3.900,5.923,6.414,-0.076,2.093,-0.958,-76.200,45.750,-4.200,35.9
16:11:47.353,2317772,2.693,7.137,7.882,-0.301,1.918,-0.994,-76.200,45.750,-4.200,35.9
16:11:47.413,2317826,1.856,6.812,7.381,-0.611,1.875,-1.002,-76.200,45.750,-4.200,35.8
16:11:47.474,2317880,0.180,5.861,6.831,-0.689,1.938,-0.947,-76.200,45.750,-4.200,35.9
16:11:47.533,2317934,-0.290,5.653,7.566,-1.072,2.041,-0.630,-76.200,45.750,-4.200,35.8
16:11:47.593,2317988,-1.896,5.420,6.783,-0.616,1.903,-0.576,-35.100,56.250,45.150,36.1
16:11:47.653,2318042,-3.153,4.149,5.643,-0.038,1.655,-0.595,-35.100,56.250,45.150,35.5
16:11:47.713,2318096,-3.699,5.950,7.051,0.034,1.421,-0.454,-18.900,55.200,50.700,35.8
16:11:47.773,2318150,-4.360,4.152,5.085,-0.249,1.210,-0.260,-18.900,55.200,50.700,35.7
16:11:47.833,2318204,-5.023,4.827,6.414,-0.339,0.948,-0.213,-6.300,55.200,52.200,36.0
16:11:47.834,2318258,-5.195,3.280,4.290,0.037,0.786,-0.187,-6.300,55.200,52.200,35.5
16:11:47.894,2318312,-5.734,5.176,6.318,0.463,0.460,-0.135,0.600,54.900,54.000,35.8
16:11:47.953,2318366,-5.938,4.556,5.057,0.324,0.306,-0.171,0.600,54.900,54.000,35.8
16:11:48.013,2318420,-6.254,4.776,5.413,-0.221,0.241,-0.177,5.700,58.200,53.100,35.5
16:11:48.074,2318474,-6.809,3.915,5.270,-0.181,0.090,-0.136,5.700,58.200,53.100,35.6
16:11:48.134,2318528,-6.771,3.788,4.233,0.196,-0.174,-0.005,5.700,58.200,53.100,35.5
16:11:48.193,2318582,-5.820,4.839,5.598,0.127,-0.398,0.102,5.700,58.200,53.100,36.0
16:11:48.253,2318636,-5.942,3.548,4.542,-0.023,-0.620,0.204,5.700,58.200,53.100,36.0
16:11:48.313,2318690,-5.394,4.070,5.617,0.118,-1.052,0.407,0.000,57.900,53.700,35.8
16:11:48.373,2318744,-4.752,4.240,4.772,0.411,-1.387,0.582,0.000,57.900,53.700,35.5
16:11:48.374,2318798,-3.773,4.338,5.227,0.341,-1.746,0.763,-12.600,57.900,48.900,35.8
16:11:48.434,2318852,-2.808,5.748,6.891,0.345,-1.887,1.005,-12.600,57.900,48.900,35.8
16:11:48.493,2318906,-1.741,5.545,6.788,0.161,-1.940,1.054,-33.150,59.550,42.300,36.0
16:11:48.553,2318960,-0.869,6.603,8.246,0.358,-1.952,1.082,-33.150,59.550,42.300,35.7
16:11:48.613,2319014,0.414,5.416,5.727,0.458,-1.966,1.082,-52.050,56.700,32.850,35.5
16:11:48.673,2319068,1.470,7.515,8.076,0.257,-2.142,1.160,-52.050,56.700,32.850,35.9
16:11:48.733,2319122,3.273,6.831,6.160,0.619,-1.974,1.039,-67.800,49.800,17.550,35.5
16:11:48.793,2319176,4.108,7.738,8.739,0.218,-2.024,1.037,-67.800,49.800,17.550,35.9
16:11:48.853,2319230,4.834,6.704,5.689,0.342,-1.913,0.847,-67.800,49.800,17.550,35.8
16:11:48.914,2319284,5.816,6.922,6.412,0.454,-1.894,0.946,-81.000,33.450,-19.800,35.9
16:11:48.915,2319338,7.017,6.852,4.978,0.105,-1.715,0.787,-81.000,33.450,-19.800,35.8
16:11:48.973,2319392,7.712,6.512,6.191,0.364,-1.733,0.768,-77.550,23.250,-35.550,36.1
16:11:49.033,2319446,7.731,6.907,3.103,0.329,-1.540,0.476,-77.550,23.250,-35.550,35.4
16:11:49.093,2319500,8.095,5.181,4.204,-0.089,-1.585,0.737,-71.850,17.400,-49.950,35.8
16:11:49.154,2319554,8.667,4.882,1.681,0.196,-1.231,0.519,-71.850,17.400,-49.950,35.9
16:11:49.214,2319608,8.454,5.095,2.368,0.314,-1.301,0.475,-64.350,10.800,-59.100,35.8
16:11:49.274,2319662,9.012,4.865,1.341,0.441,-1.058,0.498,-64.350,10.800,-59.100,36.0
16:11:49.334,2319716,8.930,5.284,1.298,0.091,-0.895,0.450,-55.650,2.100,-69.150,36.0
16:11:49.393,2319770,8.909,4.250,0.788,0.032,-0.740,0.462,-55.650,2.100,-69.150,36.0
16:11:49.453,2319824,8.485,4.226,0.627,0.125,-0.807,0.522,-47.850,-1.650,-72.900,35.6
16:11:49.454,2319878,9.172,3.903,-0.204,0.274,-0.681,0.522,-47.850,-1.650,-72.900,35.8
16:11:49.514,2319932,9.361,4.559,-0.199,0.290,-0.459,0.393,-47.850,-1.650,-72.900,35.4
16:11:49.573,2319986,9.005,3.888,-0.599,0.206,-0.289,0.310,-36.450,-7.200,-78.150,35.7
16:11:49.634,2320040,8.885,4.022,-0.450,0.170,-0.131,0.188,-36.450,-7.200,-78.150,35.9
16:11:49.693,2320094,9.093,4.106,-0.242,-0.015,0.036,0.037,-34.950,-11.550,-79.200,35.9
16:11:49.753,2320148,9.261,4.683,-0.041,-0.246,0.341,-0.263,-34.950,-11.550,-79.200,35.8
16:11:49.814,2320202,9.529,4.824,0.347,-0.772,0.850,-0.615,-37.200,-10.050,-78.900,36.0
16:11:49.873,2320256,9.883,4.944,1.041,-0.985,1.328,-0.756,-37.200,-10.050,-78.900,35.5
16:11:49.934,2320310,9.412,5.085,2.940,-1.025,1.746,-0.967,-46.500,0.300,-76.350,35.8
16:11:49.993,2320364,9.323,5.638,3.235,-0.797,2.116,-1.094,-46.500,0.300,-76.350,36.0
16:11:49.994,2320418,9.213,5.794,3.668,-0.805,2.361,-1.020,-60.600,11.850,-63.600,35.3
16:11:50.054,2320472,8.155,6.021,5.286,-0.481,2.484,-0.985,-60.600,11.850,-63.600,35.5
16:11:50.113,2320526,7.147,5.789,4.901,-0.065,2.500,-0.879,-60.600,11.850,-63.600,35.5
16:11:50.174,2320580,6.376,5.921,5.904,0.067,2.573,-0.924,-60.600,11.850,-63.600,36.0
16:11:50.234,2320634,5.138,6.474,6.500,-0.062,2.477,-0.970,-60.600,11.850,-63.600,35.7
16:11:50.294,2320688,3.831,5.619,6.551,-0.446,2.346,-0.899,-74.400,43.950,3.150,35.5
16:11:50.353,2320742,2.519,5.909,7.977,-0.067,2.308,-0.891,-74.400,43.950,3.150,35.9
16:11:50.413,2320796,2.073,5.509,6.879,0.186,2.271,-0.855,-63.900,53.850,22.800,35.8
16:11:50.474,2320850,0.251,6.682,7.740,-0.171,2.055,-0.726,-63.900,53.850,22.800,36.0
16:11:50.533,2320904,-0.761,5.610,6.182,-0.465,1.889,-0.649,-46.950,55.950,35.700,35.5
16:11:50.534,2320958,-1.968,5.480,7.166,-0.542,1.612,-0.557,-46.950,55.950,35.700,36.0
16:11:50.594,2321012,-2.828,5.267,6.371,-0.501,1.488,-0.490,-31.650,56.700,45.600,35.8
16:11:50.653,2321066,-3.517,5.430,7.578,-0.395,1.312,-0.414,-31.650,56.700,45.600,36.0
16:11:50.713,2321120,-4.264,4.846,5.741,-0.561,1.240,-0.432,-17.700,55.350,52.800,35.9
16:11:50.773,2321174,-5.171,3.637,6.476,-0.388,0.951,-0.373,-17.700,55.350,52.800,36.0
16:11:50.834,2321228,-5.734,5.282,6.424,0.298,0.803,-0.296,-17.700,55.350,52.800,36.0
16:11:50.894,2321282,-5.947,3.560,4.982,0.473,0.459,-0.151,2.400,52.650,57.150,36.0
16:11:50.953,2321336,-6.438,5.255,6.529,0.116,0.222,-0.155,2.400,52.650,57.150,35.5
16:11:51.014,2321390,-6.249,2.737,5.080,0.028,0.090,-0.073,7.350,54.000,56.250,35.5
16:11:51.073,2321444,-6.170,4.592,5.624,-0.045,0.052,-0.083,7.350,54.000,56.250,35.8
16:11:51.074,2321498,-6.560,3.476,4.829,-0.084,-0.086,0.018,7.800,54.000,55.800,35.6
16:11:51.134,2321552,-6.256,5.148,6.814,-0.115,-0.146,0.064,7.800,54.000,55.800,35.9
16:11:51.194,2321606,-6.333,5.234,6.704,-0.363,-0.210,0.059,5.100,53.700,56.550,35.8
16:11:51.254,2321660,-6.337,3.855,5.947,-0.308,-0.254,0.132,5.100,53.700,56.550,35.9
16:11:51.313,2321714,-6.081,4.460,5.495,-0.018,-0.382,0.094,2.400,48.450,58.650,35.8
16:11:51.373,2321768,-5.662,3.649,5.313,0.394,-0.624,0.187,2.400,48.450,58.650,35.6
16:11:51.434,2321822,-4.954,4.499,5.394,0.386,-1.005,0.388,2.400,48.450,58.650,35.5
16:11:51.493,2321876,-4.441,4.496,5.978,0.378,-1.337,0.564,2.400,48.450,58.650,35.5
16:11:51.554,2321930,-3.517,4.571,7.020,0.339,-1.610,0.711,2.400,48.450,58.650,35.9
16:11:51.615,2321984,-2.722,5.696,7.836,0.337,-1.817,0.792,-25.950,55.950,51.150,35.8
16:11:51.615,2322038,-1.530,4.822,5.839,0.307,-1.961,0.893,-25.950,55.950,51.150,35.8
16:11:51.673,2322092,-1.044,6.732,7.479,0.341,-2.046,0.893,-44.700,57.600,40.950,35.8
16:11:51.733,2322146,0.613,5.440,6.227,0.483,-1.957,0.912,-44.700,57.600,40.950,35.8
16:11:51.793,2322200,1.312,6.656,8.183,0.153,-2.062,0.925,-62.550,49.800,25.950,36.0
16:11:51.853,2322254,2.717,6.278,6.534,0.286,-1.884,0.869,-62.550,49.800,25.950,35.8
16:11:51.913,2322308,4.216,5.988,6.519,0.144,-1.771,0.717,-73.350,44.850,8.400,35.4
16:11:51.973,2322362,3.747,6.955,8.066,0.588,-1.783,0.762,-73.350,44.850,8.400,35.8
16:11:52.034,2322416,5.669,4.544,2.679,0.715,-1.567,0.787,-81.000,37.650,-7.800,36.0
16:11:52.093,2322470,6.661,7.681,7.970,0.126,-1.761,0.984,-81.000,37.650,-7.800,35.5
16:11:52.155,2322524,7.010,7.357,4.015,0.119,-1.408,0.741,-81.000,37.650,-7.800,35.7
16:11:52.155,2322578,7.594,5.198,5.061,0.076,-1.332,0.695,-77.850,18.900,-39.000,36.0
16:11:52.213,2322632,7.527,6.345,2.966,0.432,-1.308,0.533,-77.850,18.900,-39.000,36.0
16:11:52.273,2322686,8.272,5.088,3.175,0.512,-1.095,0.703,-73.350,13.050,-50.400,35.9
16:11:52.334,2322740,8.511,5.614,1.935,0.423,-1.090,0.557,-73.350,13.050,-50.400,35.6
16:11:52.394,2322794,8.514,5.054,2.356,0.535,-1.088,0.624,-66.300,4.200,-58.800,35.5
16:11:52.454,2322848,9.215,5.239,1.085,0.517,-0.944,0.625,-66.300,4.200,-58.800,35.4
16:11:52.513,2322902,9.151,4.503,0.895,0.346,-0.823,0.581,-59.400,-1.650,-66.300,35.8
16:11:52.573,2322956,8.997,4.341,0.690,0.331,-0.731,0.532,-59.400,-1.650,-66.300,35.5
16:11:52.633,2323010,9.024,4.530,0.292,0.221,-0.618,0.465,-51.300,-7.650,-69.000,35.9
16:11:52.694,2323064,9.029,3.991,-0.062,0.100,-0.547,0.485,-48.150,-12.150,-72.150,35.9
16:11:52.754,2323118,9.103,3.737,-0.280,0.228,-0.427,0.341,-48.150,-12.150,-72.150,35.8
16:11:52.755,2323172,9.182,3.792,-0.496,0.218,-0.270,0.272,-48.150,-12.150,-72.150,35.6
16:11:52.813,2323226,9.230,3.548,-0.819,0.115,-0.130,0.172,-48.150,-12.150,-72.150,35.8
16:11:52.874,2323280,9.081,3.673,-0.670,0.057,0.013,0.020,-40.200,-16.500,-75.600,35.4
16:11:52.933,2323334,9.005,3.972,-0.520,-0.078,0.130,-0.075,-40.200,-16.500,-75.600,35.5
16:11:52.993,2323388,9.184,4.061,-0.065,-0.130,0.321,-0.254,-42.450,-17.700,-75.300,35.8
16:11:53.054,2323442,9.704,4.654,0.031,-0.582,0.701,-0.571,-42.450,-17.700,-75.300,35.9
16:11:53.114,2323496,10.108,4.925,0.675,-0.873,1.131,-0.811,-46.350,-13.200,-72.450,36.0
16:11:53.173,2323550,9.278,5.191,1.729,-0.969,1.407,-0.979,-46.350,-13.200,-72.450,35.9
16:11:53.233,2323604,9.634,5.543,2.617,-0.962,1.691,-1.108,-56.400,-1.350,-67.800,35.8
16:11:53.234,2323658,9.366,5.875,3.160,-0.868,2.011,-1.233,-56.400,-1.350,-67.800,35.5
16:11:53.293,2323712,8.305,5.974,4.583,-0.824,2.146,-1.195,-67.500,9.750,-55.350,36.0
16:11:53.354,2323766,7.592,5.586,4.583,-0.606,2.314,-1.156,-67.500,9.750,-55.350,35.4
16:11:53.413,2323820,6.548,6.424,6.383,-0.557,2.383,-1.072,-67.500,9.750,-55.350,36.0
16:11:53.474,2323874,4.884,5.626,6.151,-0.394,2.404,-1.050,-67.500,9.750,-55.350,35.9
16:11:53.534,2323928,4.092,5.602,6.898,-0.356,2.336,-0.995,-67.500,9.750,-55.350,35.8
16:11:53.593,2323982,3.132,6.182,7.132,-0.415,2.291,-0.957,-72.750,45.000,10.050,36.0
16:11:53.654,2324036,1.901,5.389,7.226,-0.499,2.180,-0.921,-72.750,45.000,10.050,35.6
16:11:53.713,2324090,0.304,5.432,7.065,-0.258,2.085,-0.922,-58.950,50.850,28.650,35.8
16:11:53.773,2324144,-0.596,5.186,6.742,-0.352,1.850,-0.725,-58.950,50.850,28.650,35.9
16:11:53.774,2324198,-1.966,5.598,7.350,-0.154,1.700,-0.674,-41.850,54.600,41.400,36.0
16:11:53.833,2324252,-2.914,4.374,6.261,-0.330,1.503,-0.573,-41.850,54.600,41.400,35.7
16:11:53.893,2324306,-3.785,5.131,7.527,-0.307,1.318,-0.521,-27.300,53.850,48.750,35.9
16:11:53.953,2324360,-4.523,3.685,5.174,-0.199,1.169,-0.450,-10.500,53.100,54.150,35.8
16:11:54.013,2324414,-4.647,4.506,7.369,-0.055,1.003,-0.288,-10.500,53.100,54.150,35.8
16:11:54.073,2324468,-5.674,4.214,5.562,0.027,0.842,-0.293,-10.500,53.100,54.150,35.5
16:11:54.133,2324522,-5.804,3.883,5.763,0.070,0.519,-0.181,-10.500,53.100,54.150,35.9
16:11:54.193,2324576,-6.232,4.542,5.495,-0.068,0.402,-0.111,4.200,52.350,56.100,35.5
16:11:54.254,2324630,-6.409,3.931,4.997,-0.157,0.217,-0.040,4.200,52.350,56.100,36.0
16:11:54.373,2324684,-6.460,4.329,6.364,-0.021,0.081,0.016,7.350,52.200,56.550,35.5
16:11:54.374,2324738,-6.706,3.989,5.140,-0.079,-0.085,0.075,7.350,52.200,56.550,35.8
16:11:54.375,2324792,-6.551,4.132,6.474,-0.027,-0.061,0.087,7.050,51.750,57.300,35.8
16:11:54.434,2324846,-6.495,4.496,6.122,-0.102,-0.073,0.079,7.050,51.750,57.300,35.8
16:11:54.493,2324900,-6.472,3.699,5.461,-0.005,-0.081,0.001,6.750,52.350,56.400,35.8
16:11:54.554,2324954,-6.163,4.489,6.361,-0.015,-0.103,0.019,3.450,52.650,57.150,36.0
16:11:54.614,2325008,-6.021,3.761,5.598,-0.013,-0.187,0.073,3.450,52.650,57.150,35.5
16:11:54.674,2325062,-5.617,3.965,6.239,0.147,-0.479,0.196,3.600,51.300,57.300,35.9
16:11:54.734,2325116,-5.559,4.252,5.660,0.351,-0.685,0.293,3.600,51.300,57.300,35.8
16:11:54.793,2325170,-4.939,4.286,6.139,0.414,-0.980,0.413,3.600,51.300,57.300,35.5
16:11:54.853,2325224,-4.302,5.131,6.558,0.331,-1.155,0.463,3.600,51.300,57.300,35.3
16:11:54.854,2325278,-4.039,4.834,6.637,0.219,-1.244,0.544,-14.100,55.650,52.650,36.0
16:11:54.913,2325332,-3.460,5.212,6.979,0.209,-1.345,0.638,-14.100,55.650,52.650,35.9
16:11:54.974,2325386,-2.497,5.358,7.037,0.306,-1.459,0.752,-28.800,57.000,49.050,36.0
16:11:55.034,2325440,-2.172,4.944,5.559,0.603,-1.563,0.796,-28.800,57.000,49.050,35.9
16:11:55.154,2325494,0.227,6.354,7.202,0.501,-1.807,0.991,-44.100,55.350,39.300,35.7
16:11:55.155,2325548,0.860,7.755,7.740,0.426,-1.847,1.142,-44.100,55.350,39.300,36.0
16:11:55.214,2325602,2.078,6.151,6.273,0.305,-1.688,1.090,-60.150,51.900,26.400,35.7
16:11:55.274,2325656,2.768,6.792,8.487,0.402,-1.725,0.972,-72.750,45.300,11.400,35.5
16:11:55.334,2325710,3.457,7.391,6.850,0.595,-1.589,0.883,-72.750,45.300,11.400,36.0
16:11:55.393,2325764,4.839,7.063,6.716,0.433,-1.549,0.939,-72.750,45.300,11.400,35.8
16:11:55.394,2325818,4.975,7.286,6.201,0.285,-1.381,0.858,-72.750,45.300,11.400,35.9
16:11:55.454,2325872,6.364,7.518,6.857,-0.101,-1.254,0.795,-82.350,30.900,-17.850,35.8
16:11:55.514,2325926,5.756,6.347,5.155,0.122,-1.409,0.639,-82.350,30.900,-17.850,35.9
16:11:55.573,2325980,6.682,5.011,4.061,0.440,-1.196,0.723,-81.750,21.750,-28.200,36.0
16:11:55.633,2326034,7.362,7.420,4.594,0.016,-1.410,0.771,-81.750,21.750,-28.200,36.0
16:11:55.693,2326088,8.164,5.590,3.424,-0.010,-0.952,0.640,-78.300,14.400,-41.400,36.0
16:11:55.754,2326142,7.733,5.100,2.772,0.297,-1.137,0.474,-78.300,14.400,-41.400,35.5
16:11:55.814,2326196,8.100,4.702,1.798,0.774,-1.063,0.586,-71.700,5.850,-51.300,35.5
16:11:55.873,2326250,9.117,5.160,1.413,0.739,-0.967,0.727,-65.550,-2.250,-59.550,35.6
16:11:55.933,2326304,9.167,4.417,1.496,0.577,-0.788,0.685,-65.550,-2.250,-59.550,36.0
16:11:55.934,2326358,9.510,4.875,0.994,0.479,-0.535,0.514,-65.550,-2.250,-59.550,36.0
16:11:55.994,2326412,8.981,4.571,0.637,0.040,-0.365,0.347,-65.550,-2.250,-59.550,35.9
16:11:56.054,2326466,8.909,4.618,0.915,-0.161,-0.243,0.273,-65.550,-2.250,-59.550,36.0
16:11:56.113,2326520,8.631,4.583,0.611,-0.258,-0.250,0.270,-65.550,-2.250,-59.550,36.0
16:11:56.174,2326574,8.643,4.137,0.417,-0.072,-0.230,0.207,-51.900,-13.200,-67.350,35.8
16:11:56.234,2326628,8.509,3.958,0.026,0.162,-0.231,0.230,-51.900,-13.200,-67.350,35.5
16:11:56.293,2326682,9.105,3.558,-0.158,0.573,-0.199,0.318,-50.250,-16.950,-67.950,35.4
16:11:56.353,2326736,9.263,3.608,-0.488,0.641,0.021,0.173,-50.250,-16.950,-67.950,35.9
16:11:56.413,2326790,9.342,3.989,-0.419,0.297,0.270,-0.115,-47.700,-20.850,-68.250,35.8
16:11:56.473,2326844,9.325,4.717,0.893,-0.306,0.357,-0.249,-47.700,-20.850,-68.250,35.6
16:11:56.474,2326898,9.756,4.731,0.656,-0.739,0.756,-0.650,-49.050,-19.650,-66.450,36.0
16:11:56.533,2326952,9.646,5.112,1.666,-0.917,1.047,-0.814,-56.400,-13.200,-63.750,35.8
16:11:56.593,2327006,9.852,5.626,2.804,-0.802,1.488,-1.091,-56.400,-13.200,-63.750,35.8
16:11:56.653,2327060,9.476,5.717,3.290,-0.780,1.822,-1.336,-56.400,-13.200,-63.750,35.9
16:11:56.714,2327114,9.232,5.902,4.022,-1.082,2.134,-1.430,-56.400,-13.200,-63.750,35.5
16:11:56.774,2327168,7.805,5.717,4.812,-0.982,2.261,-1.430,-77.850,14.550,-39.000,35.9
16:11:56.833,2327222,7.037,5.933,5.662,-0.872,2.353,-1.352,-77.850,14.550,-39.000,35.8
16:11:56.893,2327276,5.928,6.048,6.807,-0.776,2.445,-1.240,-81.900,29.700,-15.300,35.9
16:11:56.953,2327330,4.185,5.124,6.237,-0.566,2.422,-1.133,-81.900,29.700,-15.300,36.0
16:11:57.014,2327384,3.249,5.657,6.910,-0.421,2.377,-0.946,-76.500,41.550,9.300,35.7
16:11:57.073,2327438,1.791,5.217,7.173,-0.484,2.249,-0.832,-76.500,41.550,9.300,36.0
16:11:57.074,2327492,-0.192,4.891,6.651,-0.114,2.092,-0.712,-62.100,47.550,28.500,36.0
16:11:57.134,2327546,-1.065,4.889,6.821,-0.035,1.885,-0.668,-43.200,50.550,42.000,35.8
16:11:57.193,2327600,-1.614,5.389,8.068,-0.173,1.648,-0.631,-43.200,50.550,42.000,35.5
16:11:57.253,2327654,-2.734,4.865,7.130,-0.606,1.590,-0.551,-43.200,50.550,42.000,35.8
16:11:57.314,2327708,-3.373,4.647,7.216,-0.835,1.443,-0.471,-43.200,50.550,42.000,35.5
16:11:57.374,2327762,-4.436,4.005,5.468,-0.357,1.339,-0.511,-43.200,50.550,42.000,35.8
16:11:57.433,2327816,-5.033,4.056,5.514,0.106,1.126,-0.491,-43.200,50.550,42.000,35.9
16:11:57.494,2327870,-5.368,3.953,5.756,0.639,0.993,-0.289,-0.450,47.700,60.000,35.7
16:11:57.555,2327924,-6.393,3.723,4.630,0.240,0.614,-0.187,-0.450,47.700,60.000,35.6
16:11:57.555,2327978,-6.141,3.998,4.975,0.106,0.261,-0.005,7.950,49.950,58.950,35.5
16:11:57.614,2328032,-6.450,4.159,5.361,-0.047,0.075,0.026,7.950,49.950,58.950,35.9
16:11:57.673,2328086,-6.632,4.128,6.294,-0.026,-0.002,0.018,10.800,49.800,58.050,35.4
16:11:57.734,2328140,-6.859,4.317,5.535,-0.156,0.005,0.041,11.550,48.600,57.750,35.9
16:11:57.793,2328194,-6.744,4.233,5.693,0.009,-0.006,0.063,11.550,48.600,57.750,35.9
16:11:57.855,2328248,-6.500,4.554,6.349,0.067,-0.049,0.067,10.500,48.450,59.700,35.9
16:11:57.913,2328302,-6.716,3.974,5.737,-0.056,0.023,0.048,10.500,48.450,59.700,35.9
16:11:57.974,2328356,-6.613,4.113,5.756,0.011,-0.063,0.072,10.500,48.450,59.700,35.8
16:11:58.033,2328410,-6.507,3.998,5.198,0.054,-0.264,0.098,10.500,48.450,59.700,36.1
16:11:58.094,2328464,-6.378,3.771,5.040,0.139,-0.436,0.074,9.450,49.650,57.900,35.8
16:11:58.095,2328518,-6.045,3.711,5.009,0.139,-0.753,0.286,9.450,49.650,57.900,35.2
16:11:58.154,2328572,-5.001,4.061,6.172,0.091,-0.991,0.428,1.800,50.250,56.250,35.8
16:11:58.213,2328626,-4.860,3.982,5.511,0.140,-1.202,0.505,1.800,50.250,56.250,35.7
16:11:58.274,2328680,-4.077,4.448,6.237,0.262,-1.410,0.657,-8.700,51.900,56.400,35.8
16:11:58.334,2328734,-3.247,5.519,7.343,0.438,-1.555,0.751,-8.700,51.900,56.400,35.9
16:11:58.394,2328788,-2.172,5.112,7.128,0.180,-1.593,0.806,-24.900,52.500,51.150,35.7
16:11:58.454,2328842,-1.489,6.488,8.033,0.403,-1.760,0.790,-40.800,51.600,45.750,35.8
16:11:58.514,2328896,-0.532,6.347,7.197,0.599,-1.693,0.872,-40.800,51.600,45.750,35.5
16:11:58.574,2328950,1.030,6.637,8.009,0.423,-1.755,0.938,-40.800,51.600,45.750,36.0
16:11:58.634,2329004,1.149,6.766,7.135,0.141,-1.738,0.827,-40.800,51.600,45.750,35.5
16:11:58.635,2329058,2.564,6.256,7.494,0.262,-1.677,0.853,-40.800,51.600,45.750,35.8
16:11:58.693,2329112,3.249,6.467,6.574,0.221,-1.589,0.864,-40.800,51.600,45.750,35.8
16:11:58.754,2329166,4.089,5.277,7.190,0.620,-1.514,0.877,-79.800,37.950,4.800,35.8
16:11:58.814,2329220,5.914,7.776,5.598,0.326,-1.394,0.816,-79.800,37.950,4.800,35.5
16:11:58.874,2329274,5.923,7.717,8.286,0.230,-1.507,0.891,-82.350,30.450,-10.950,35.8
16:11:58.933,2329328,6.543,6.555,4.058,0.084,-1.190,0.652,-82.350,30.450,-10.950,35.5
16:11:58.993,2329382,6.773,6.158,6.127,0.032,-1.280,0.750,-83.550,23.250,-24.600,35.5
16:11:59.053,2329436,7.187,6.072,3.397,0.303,-1.192,0.543,-80.400,13.800,-37.200,36.0
16:11:59.113,2329490,7.733,4.975,4.372,0.200,-1.015,0.516,-80.400,13.800,-37.200,35.7
16:11:59.174,2329544,7.757,5.954,4.345,0.087,-0.982,0.475,-76.950,8.250,-47.250,35.5
16:11:59.175,2329598,7.882,4.934,2.698,0.135,-0.823,0.410,-76.950,8.250,-47.250,35.5
16:11:59.234,2329652,8.657,5.428,2.840,0.217,-0.794,0.369,-76.950,8.250,-47.250,36.0
16:11:59.294,2329706,8.669,5.310,2.035,0.285,-0.593,0.321,-76.950,8.250,-47.250,36.0
16:11:59.354,2329760,8.320,4.513,2.014,0.254,-0.612,0.300,-67.500,0.900,-57.450,36.0
16:11:59.414,2329814,8.581,4.824,1.568,0.320,-0.513,0.322,-67.500,0.900,-57.450,35.8
16:11:59.473,2329868,8.880,4.348,0.771,0.180,-0.458,0.327,-63.150,-4.350,-61.500,35.8
16:11:59.533,2329922,8.746,4.365,1.032,0.215,-0.398,0.268,-63.150,-4.350,-61.500,35.9
16:11:59.593,2329976,8.768,4.207,0.697,0.196,-0.393,0.279,-61.050,-8.100,-64.950,35.5
16:11:59.653,2330030,8.921,4.221,0.352,0.189,-0.361,0.261,-54.750,-10.800,-66.900,35.5
16:11:59.713,2330084,8.942,3.883,0.362,0.127,-0.359,0.264,-54.750,-10.800,-66.900,36.0
16:11:59.714,2330138,8.954,3.943,0.180,0.143,-0.312,0.234,-54.450,-13.650,-68.550,35.7
16:11:59.773,2330192,8.954,3.668,-0.168,0.146,-0.313,0.244,-54.450,-13.650,-68.550,35.5
16:11:59.833,2330246,9.153,4.219,-0.091,0.082,-0.226,0.157,-50.850,-17.550,-69.900,35.8
16:11:59.893,2330300,9.072,3.407,-0.117,-0.077,-0.163,0.139,-50.850,-17.550,-69.900,35.8
16:11:59.953,2330354,9.189,3.405,-0.194,-0.134,0.042,-0.021,-50.850,-17.550,-69.900,35.9
16:12:00.013,2330408,9.455,4.511,0.663,-0.417,0.194,-0.154,-50.850,-17.550,-69.900,36.1
16:12:00.073,2330462,9.385,4.714,1.257,-0.592,0.509,-0.342,-48.900,-14.100,-69.900,35.8
16:12:00.134,2330516,9.531,4.810,1.381,-0.838,0.898,-0.548,-48.900,-14.100,-69.900,35.8
16:12:00.193,2330570,9.479,5.394,2.095,-0.820,1.171,-0.629,-54.900,-7.800,-68.850,35.6
16:12:00.253,2330624,9.275,5.128,2.150,-0.582,1.383,-0.774,-54.900,-7.800,-68.850,35.9
16:12:00.254,2330678,9.148,6.424,2.998,-0.629,1.662,-0.885,-63.450,1.350,-61.200,35.9
16:12:00.313,2330732,8.425,5.744,4.772,-0.731,1.868,-0.952,-74.100,12.750,-48.600,35.8
16:12:00.373,2330786,8.260,5.811,4.762,-0.590,2.119,-1.055,-74.100,12.750,-48.600,35.8
16:12:00.433,2330840,7.022,5.942,6.148,-0.583,2.285,-1.124,-80.100,23.100,-26.550,36.0
16:12:00.493,2330894,5.942,5.437,7.278,-0.625,2.393,-1.077,-80.100,23.100,-26.550,35.5
16:12:00.553,2330948,4.970,5.737,7.542,-0.683,2.426,-1.040,-80.100,23.100,-26.550,35.8
16:12:00.615,2331002,4.530,5.449,6.598,-0.845,2.384,-0.911,-80.100,23.100,-26.550,35.8
16:12:00.674,2331056,2.756,4.973,7.374,-0.355,2.358,-0.772,-80.100,23.100,-26.550,35.8
16:12:00.733,2331110,0.895,5.143,7.044,0.237,2.234,-0.714,-80.100,23.100,-26.550,35.9
16:12:00.793,2331164,-0.560,4.944,7.697,0.135,2.134,-0.697,-54.000,48.300,37.200,35.8
16:12:00.794,2331218,-1.765,5.160,7.293,-0.241,1.919,-0.685,-54.000,48.300,37.200,36.0
16:12:00.853,2331272,-2.121,4.920,6.900,-0.467,1.751,-0.564,-37.800,48.900,47.250,35.8
16:12:00.913,2331326,-4.209,4.010,6.268,-0.129,1.465,-0.551,-21.000,51.900,53.550,35.5
16:12:00.973,2331380,-4.487,3.436,5.816,0.355,1.114,-0.353,-21.000,51.900,53.550,35.5
16:12:01.033,2331434,-4.695,5.442,6.574,0.180,0.829,-0.227,-9.000,53.550,55.650,35.4
16:12:01.093,2331488,-5.210,3.903,5.619,-0.133,0.542,-0.176,-9.000,53.550,55.650,35.8
16:12:01.153,2331542,-5.468,3.730,6.706,-0.082,0.334,-0.132,-1.950,49.950,56.400,35.9
16:12:01.214,2331596,-5.854,4.367,4.551,0.209,0.191,-0.131,-1.950,49.950,56.400,35.8
16:12:01.273,2331650,-6.232,3.917,6.840,0.406,0.196,-0.011,-1.950,49.950,56.400,36.0
16:12:01.333,2331704,-5.974,5.447,5.746,0.060,-0.013,0.014,-1.950,49.950,56.400,35.9
16:12:01.334,2331758,-6.048,4.211,5.418,-0.109,-0.007,0.037,1.350,54.000,55.500,36.2
16:12:01.393,2331812,-5.911,5.121,6.658,-0.233,-0.114,0.002,1.350,54.000,55.500,35.8
16:12:01.453,2331866,-5.816,4.147,5.804,-0.147,-0.059,0.057,0.450,53.550,56.100,35.7
16:12:01.513,2331920,-5.935,4.760,6.996,-0.069,-0.101,-0.010,0.450,53.550,56.100,35.5
16:12:01.573,2331974,-5.660,5.016,6.318,0.081,-0.194,0.006,0.600,52.500,55.500,36.0
16:12:01.633,2332028,-5.581,4.190,6.177,0.047,-0.292,0.078,-1.050,52.200,55.800,35.8
16:12:01.693,2332082,-5.511,4.808,5.847,0.060,-0.470,0.156,-1.050,52.200,55.800,36.0
16:12:01.753,2332136,-4.793,3.850,5.205,0.200,-0.693,0.229,-5.850,52.950,54.750,35.8
16:12:01.813,2332190,-4.537,4.650,6.491,0.322,-0.958,0.343,-5.850,52.950,54.750,35.7
16:12:01.873,2332244,-4.152,4.341,5.794,0.470,-1.156,0.523,-14.700,55.800,51.600,35.5
16:12:01.874,2332298,-3.563,5.057,6.874,0.313,-1.329,0.646,-14.700,55.800,51.600,36.2
16:12:01.933,2332352,-2.574,5.760,6.711,0.152,-1.414,0.717,-14.700,55.800,51.600,35.5
16:12:01.993,2332406,-1.738,5.574,7.580,0.200,-1.483,0.742,-14.700,55.800,51.600,35.5
16:12:02.113,2332460,-0.989,6.172,7.427,0.284,-1.495,0.740,-42.150,56.250,41.850,35.9
16:12:02.114,2332514,-0.086,5.813,7.223,0.310,-1.475,0.795,-42.150,56.250,41.850,36.0
16:12:02.173,2332568,0.704,6.460,7.199,0.459,-1.511,0.832,-57.150,52.650,32.250,35.7
16:12:02.233,2332622,1.896,6.586,6.694,0.481,-1.487,0.852,-66.750,48.000,20.550,35.8
16:12:02.293,2332676,2.907,6.464,7.290,0.391,-1.523,0.925,-66.750,48.000,20.550,36.0
16:12:02.354,2332730,3.400,6.148,5.863,0.247,-1.532,0.917,-74.400,41.250,4.650,35.5
16:12:02.414,2332784,4.872,6.630,6.342,0.432,-1.557,0.973,-74.400,41.250,4.650,35.8
16:12:02.415,2332838,4.769,5.959,4.623,0.619,-1.601,0.938,-82.050,33.450,-9.600,35.6
16:12:02.474,2332892,6.850,7.180,7.130,0.663,-1.490,1.119,-82.050,33.450,-9.600,35.5
16:12:02.533,2332946,6.823,8.215,5.061,0.410,-1.429,0.896,-82.050,33.450,-9.600,36.0
16:12:02.594,2333000,7.389,6.409,4.942,-0.022,-1.213,0.967,-82.050,33.450,-9.600,36.0
16:12:02.653,2333054,7.831,6.426,4.336,-0.156,-1.300,0.746,-78.000,12.450,-38.100,35.5
16:12:02.714,2333108,8.150,6.048,2.399,-0.045,-1.109,0.646,-78.000,12.450,-38.100,36.0
16:12:02.774,2333162,7.786,5.023,2.435,0.452,-1.169,0.621,-72.150,3.450,-49.350,35.8
16:12:02.834,2333216,8.720,5.705,1.250,0.658,-1.097,0.708,-65.550,-3.000,-56.550,35.9
16:12:02.894,2333270,9.498,4.994,1.434,0.456,-0.955,0.717,-65.550,-3.000,-56.550,36.0
16:12:02.954,2333324,9.550,5.250,0.972,0.346,-0.712,0.482,-60.450,-8.700,-62.700,35.5
16:12:02.955,2333378,8.710,4.223,0.646,-0.112,-0.643,0.448,-60.450,-8.700,-62.700,35.7
16:12:03.013,2333432,8.976,4.135,0.486,-0.036,-0.535,0.410,-54.900,-13.200,-67.050,35.8
16:12:03.073,2333486,9.050,3.493,-0.237,0.158,-0.605,0.507,-54.900,-13.200,-67.050,35.9
16:12:03.134,2333540,9.443,3.565,0.060,0.295,-0.361,0.352,-48.150,-17.100,-69.900,36.0
16:12:03.194,2333594,9.227,3.570,-0.797,0.208,-0.216,0.242,-48.150,-17.100,-69.900,35.8
16:12:03.253,2333648,9.330,3.503,-0.347,-0.050,-0.130,0.197,-48.150,-17.100,-69.900,35.8
16:12:03.314,2333702,8.959,3.445,-0.503,-0.195,-0.038,0.118,-48.150,-17.100,-69.900,36.0
16:12:03.374,2333756,8.940,3.424,-0.596,-0.077,0.026,0.043,-42.750,-20.100,-70.800,35.5
16:12:03.433,2333810,9.170,3.563,-0.342,-0.069,0.115,-0.042,-42.750,-20.100,-70.800,35.4
16:12:03.494,2333864,9.625,4.058,0.857,-0.214,0.419,-0.275,-42.600,-19.500,-71.700,35.7
16:12:03.495,2333918,10.391,4.463,-0.012,-0.750,0.907,-0.720,-48.300,-17.700,-69.750,35.9
16:12:03.553,2333972,9.797,5.430,2.562,-1.144,1.354,-0.976,-48.300,-17.700,-69.750,35.8
16:12:03.613,2334026,10.417,5.950,2.890,-1.187,1.808,-1.224,-58.200,-5.100,-65.250,35.7
16:12:03.734,2334080,10.173,6.103,4.192,-1.272,2.295,-1.465,-58.200,-5.100,-65.250,35.8
16:12:03.735,2334134,9.725,6.895,5.088,-1.075,2.681,-1.583,-73.500,12.450,-48.750,35.9
16:12:03.793,2334188,8.282,6.167,5.454,-0.657,3.013,-1.628,-73.500,12.450,-48.750,35.9
16:12:03.853,2334242,7.269,6.924,7.262,-0.968,3.305,-1.468,-73.500,12.450,-48.750,35.5
16:12:03.915,2334296,5.373,5.521,7.247,-0.840,3.431,-1.349,-73.500,12.450,-48.750,35.5
16:12:03.975,2334350,2.907,4.396,6.895,-0.552,3.092,-1.266,-73.500,12.450,-48.750,36.0
16:12:03.975,2334404,1.156,5.212,7.209,-0.766,2.906,-0.958,-73.500,12.450,-48.750,35.6
16:12:04.033,2334458,-0.010,3.953,6.613,-0.655,2.627,-0.779,-53.400,48.450,38.850,35.8
16:12:04.093,2334512,-1.987,3.938,7.056,-0.266,2.345,-0.649,-30.450,49.800,52.650,35.9
16:12:04.153,2334566,-2.435,3.879,5.258,0.086,1.931,-0.454,-30.450,49.800,52.650,35.5
16:12:04.213,2334620,-4.422,4.238,4.899,-0.079,1.375,-0.375,-12.600,50.550,59.100,35.8
16:12:04.273,2334674,-5.413,3.776,5.413,-0.354,0.815,-0.244,-12.600,50.550,59.100,36.2
16:12:04.333,2334728,-5.504,3.836,5.602,-0.200,0.449,-0.110,-3.150,47.700,59.700,35.5
16:12:04.395,2334782,-5.691,3.977,6.029,0.067,0.217,-0.203,-3.150,47.700,59.700,35.8
16:12:04.454,2334836,-5.825,3.218,5.102,0.272,-0.009,-0.192,0.150,48.450,60.000,35.9
16:12:04.514,2334890,-6.110,4.053,6.900,0.060,-0.030,-0.264,0.150,48.450,60.000,36.0
16:12:04.574,2334944,-6.440,4.662,7.451,0.186,0.014,-0.161,0.150,48.450,60.000,35.8
16:12:04.575,2334998,-5.904,3.558,5.835,0.191,-0.064,0.067,0.150,48.450,60.000,35.8
16:12:04.633,2335052,-6.065,4.398,6.792,0.041,-0.187,0.113,1.350,50.550,58.500,36.0
16:12:04.694,2335106,-5.672,3.141,5.478,0.103,-0.308,0.114,1.350,50.550,58.500,35.9
16:12:04.754,2335160,-5.605,3.371,5.823,0.128,-0.521,0.200,0.150,51.600,58.950,35.9
16:12:04.814,2335214,-5.140,4.374,6.373,0.302,-0.800,0.341,-7.050,54.000,57.300,35.5
16:12:04.874,2335268,-4.262,3.452,5.090,0.330,-1.089,0.518,-7.050,54.000,57.300,35.8
16:12:04.934,2335322,-3.625,4.487,5.708,0.238,-1.490,0.729,-16.200,54.600,54.600,35.8
16:12:04.994,2335376,-2.806,4.654,6.780,0.509,-1.741,0.859,-16.200,54.600,54.600,36.0
16:12:05.054,2335430,-1.729,5.349,6.455,0.520,-1.938,0.987,-35.100,53.850,47.250,36.0
16:12:05.113,2335484,-0.850,7.195,7.839,0.248,-2.164,0.965,-35.100,53.850,47.250,36.1
16:12:05.114,2335538,0.800,5.717,7.726,0.626,-2.132,1.034,-35.100,53.850,47.250,35.9
16:12:05.173,2335592,2.325,6.167,6.883,0.424,-2.095,1.139,-35.100,53.850,47.250,35.9
16:12:05.233,2335646,3.694,8.351,8.387,0.783,-2.058,1.080,-35.100,53.850,47.250,35.9
16:12:05.293,2335700,3.905,5.607,3.270,1.033,-1.981,0.951,-35.100,53.850,47.250,35.5
16:12:05.354,2335754,5.459,7.010,6.905,0.242,-2.036,1.140,-78.300,39.150,-2.250,35.6
16:12:05.413,2335808,6.009,7.891,7.609,0.381,-2.022,1.186,-81.000,27.900,-21.750,35.9
16:12:05.473,2335862,7.606,4.781,2.121,0.059,-1.636,0.861,-81.000,27.900,-21.750,36.0
16:12:05.533,2335916,7.616,7.532,6.754,-0.071,-1.750,0.846,-78.150,16.200,-38.700,35.9
16:12:05.594,2335970,8.370,5.873,2.433,0.267,-1.412,0.821,-78.150,16.200,-38.700,35.9
16:12:05.653,2336024,8.897,5.131,3.445,-0.191,-1.329,0.692,-71.250,9.450,-51.600,35.8
16:12:05.654,2336078,8.418,5.377,2.380,-0.263,-0.929,0.533,-71.250,9.450,-51.600,35.7
16:12:05.713,2336132,8.246,4.994,2.761,0.178,-0.916,0.458,-63.300,5.400,-61.350,36.0
16:12:05.773,2336186,9.079,4.741,1.650,0.488,-0.623,0.381,-63.300,5.400,-61.350,35.5
16:12:05.834,2336240,9.476,5.997,2.940,-0.002,-0.233,0.186,-63.300,5.400,-61.350,36.0
16:12:05.895,2336294,9.179,5.590,2.842,-0.298,0.259,-0.173,-63.300,5.400,-61.350,35.6
16:12:05.954,2336348,9.766,6.898,4.391,-0.880,0.942,-0.657,-57.450,-1.650,-66.300,35.8
16:12:06.013,2336402,11.035,8.569,6.721,-1.532,1.715,-1.046,-64.950,8.250,-59.400,36.0
16:12:06.073,2336456,11.174,7.379,7.642,-1.933,3.084,-1.471,-64.950,8.250,-59.400,35.8
16:12:06.133,2336510,9.859,6.965,8.801,-1.774,4.027,-1.572,-75.750,29.550,-31.500,36.1
16:12:06.193,2336564,7.819,4.228,7.989,-1.574,4.744,-1.365,-75.750,29.550,-31.500,36.0
16:12:06.194,2336618,4.709,4.659,6.400,-0.778,5.014,-1.032,-72.450,43.050,14.700,35.8
16:12:06.254,2336672,4.250,4.238,6.732,-0.538,4.717,-0.765,-72.450,43.050,14.700,35.4
16:12:06.314,2336726,1.032,2.377,2.552,0.458,4.090,-0.607,-40.500,46.350,48.900,35.8
16:12:06.374,2336780,-2.502,4.305,4.676,0.473,3.295,-0.432,-40.500,46.350,48.900,35.8
16:12:06.433,2336834,-4.108,4.978,6.110,1.376,2.581,-0.457,-40.500,46.350,48.900,35.8
16:12:06.553,2336888,-5.294,2.186,0.266,0.651,1.407,-0.347,-40.500,46.350,48.900,35.8
16:12:06.554,2336942,-6.663,3.007,2.828,0.096,0.515,-0.194,-40.500,46.350,48.900,36.0
16:12:06.613,2336996,-6.847,4.374,4.867,0.126,0.110,-0.072,-40.500,46.350,48.900,35.8
16:12:06.733,2337050,-7.128,4.415,3.879,-0.090,0.005,-0.009,17.250,58.950,53.100,35.8
16:12:06.734,2337104,-7.049,5.758,6.072,-0.104,-0.048,0.133,16.500,57.300,53.100,35.8
16:12:06.735,2337158,-7.348,4.274,4.520,-0.200,-0.148,0.179,16.500,57.300,53.100,35.5
16:12:06.793,2337212,-7.061,4.231,4.113,0.051,-0.113,0.083,15.900,57.600,53.700,35.8
16:12:06.853,2337266,-6.548,5.227,5.109,0.014,-0.203,0.052,15.900,57.600,53.700,35.9
16:12:06.913,2337320,-6.553,4.338,4.712,-0.128,-0.402,0.123,13.950,57.300,53.550,35.8
16:12:06.974,2337374,-6.345,4.865,4.575,-0.344,-0.779,0.212,13.950,57.300,53.550,35.5
16:12:07.033,2337428,-4.678,1.417,2.444,0.321,-1.191,0.208,13.950,57.300,53.550,35.8
16:12:07.093,2337482,-4.369,4.202,4.633,0.601,-1.886,0.589,13.950,57.300,53.550,35.9
16:12:07.153,2337536,-3.294,4.970,5.516,0.655,-2.409,0.914,13.950,57.300,53.550,36.0
16:12:07.213,2337590,-2.042,5.859,6.658,0.119,-2.605,1.208,13.950,57.300,53.550,35.4
16:12:07.274,2337644,-1.188,4.887,4.506,0.193,-2.575,1.177,-29.250,61.650,44.700,35.8
16:12:07.275,2337698,0.409,5.590,8.231,0.090,-2.695,1.233,-53.700,56.550,30.450,35.8
16:12:07.333,2337752,2.186,8.260,9.194,0.424,-2.560,1.270,-53.700,56.550,30.450,35.8
16:12:07.393,2337806,3.922,5.411,6.160,0.299,-2.362,1.220,-72.900,47.850,11.250,35.6
16:12:07.454,2337860,5.088,7.736,8.162,0.249,-2.306,1.241,-72.900,47.850,11.250,35.5
16:12:07.514,2337914,5.358,6.565,7.242,0.746,-2.178,1.133,-79.500,36.450,-8.100,35.9
16:12:07.573,2337968,7.108,6.725,6.828,0.457,-2.037,1.013,-79.500,36.450,-8.100,35.9
16:12:07.633,2338022,7.290,7.350,5.373,-0.111,-2.120,1.046,-78.600,24.750,-30.600,35.7
16:12:07.694,2338076,8.736,4.463,2.624,-0.132,-1.633,0.816,-78.600,24.750,-30.600,35.7
16:12:07.753,2338130,8.610,6.208,3.797,0.128,-1.680,0.597,-78.600,24.750,-30.600,35.3
16:12:07.813,2338184,8.559,5.246,2.574,-0.051,-1.549,0.674,-78.600,24.750,-30.600,35.8
16:12:07.814,2338238,9.546,5.167,1.808,-0.203,-1.392,0.614,-64.200,7.500,-61.500,35.7
16:12:07.873,2338292,9.469,4.077,1.762,-0.250,-1.094,0.618,-53.250,3.450,-69.750,35.9
16:12:07.933,2338346,9.519,4.554,2.174,0.294,-0.671,0.294,-53.250,3.450,-69.750,35.9
16:12:07.994,2338400,8.784,4.480,1.257,0.366,-0.351,0.248,-47.400,0.150,-74.400,35.8
16:12:08.053,2338454,9.007,4.784,2.066,0.261,-0.080,0.059,-47.400,0.150,-74.400,36.0
16:12:08.113,2338508,9.148,4.741,1.326,-0.176,0.243,-0.098,-47.100,-2.400,-74.700,35.4
16:12:08.173,2338562,9.455,5.037,2.749,-0.528,0.758,-0.320,-47.100,-2.400,-74.700,35.4
16:12:08.233,2338616,9.565,5.035,2.631,-0.662,1.204,-0.540,-51.000,2.700,-72.300,35.7
16:12:08.293,2338670,10.685,5.981,3.582,-0.724,1.992,-0.971,-51.000,2.700,-72.300,35.8
16:12:08.353,2338724,10.101,6.821,5.181,-1.041,2.402,-1.143,-51.000,2.700,-72.300,35.8
16:12:08.354,2338778,9.402,5.976,5.962,-1.040,2.896,-1.189,-51.000,2.700,-72.300,36.0
16:12:08.414,2338832,9.093,7.080,7.130,-0.936,3.319,-1.391,-51.000,2.700,-72.300,35.9
16:12:08.473,2338886,5.777,5.856,7.918,-0.633,3.493,-1.310,-51.000,2.700,-72.300,35.7
16:12:08.593,2338940,6.120,5.109,7.144,-0.786,3.638,-1.176,-77.100,40.950,-6.900,35.8
16:12:08.594,2338994,1.693,5.775,7.628,-0.435,3.515,-1.086,-63.900,49.200,25.650,35.9
16:12:08.654,2339048,0.256,3.625,6.835,-0.340,3.113,-0.674,-63.900,49.200,25.650,35.8
16:12:08.714,2339102,-1.401,5.849,7.855,-0.005,2.740,-0.504,-38.850,50.850,47.700,35.6
16:12:08.773,2339156,-2.485,4.044,6.950,-0.101,2.179,-0.395,-38.850,50.850,47.700,35.9
16:12:08.833,2339210,-3.764,2.959,4.427,0.223,1.506,-0.324,-19.050,52.350,54.150,35.7
16:12:08.893,2339264,-3.632,3.965,7.264,0.353,1.148,-0.191,-19.050,52.350,54.150,35.9
16:12:08.894,2339318,-5.212,5.363,6.345,0.289,0.637,-0.160,-8.250,54.600,55.650,35.8
16:12:08.953,2339372,-5.789,3.912,6.457,0.252,0.258,-0.148,-8.250,54.600,55.650,35.7
16:12:09.073,2339426,-5.808,4.630,6.007,-0.374,0.228,-0.135,-8.250,54.600,55.650,35.9
16:12:09.074,2339480,-6.519,4.046,7.147,-0.654,0.126,-0.082,-8.250,54.600,55.650,35.9
16:12:09.133,2339534,-5.835,3.388,5.452,-0.073,-0.064,0.165,-8.250,54.600,55.650,35.5
16:12:09.194,2339588,-5.617,4.843,6.895,0.294,-0.063,0.063,-0.300,53.250,55.800,35.9
16:12:09.253,2339642,-6.009,4.559,6.551,-0.076,-0.024,0.003,-0.300,53.250,55.800,35.8
16:12:09.313,2339696,-6.072,4.070,6.565,-0.149,-0.070,0.053,-0.150,52.350,55.350,35.8
16:12:09.373,2339750,-5.693,5.464,7.142,0.162,-0.119,-0.004,-0.150,52.350,55.350,35.7
16:12:09.434,2339804,-5.751,3.472,5.626,0.353,-0.270,0.078,-0.900,51.600,54.900,35.9
16:12:09.434,2339858,-5.337,4.496,5.567,0.241,-0.596,0.113,-0.900,51.600,54.900,36.0
16:12:09.493,2339912,-4.767,2.976,4.046,0.371,-1.051,0.272,-7.500,55.800,54.150,35.8
16:12:09.554,2339966,-4.135,5.064,6.685,0.562,-1.494,0.519,-7.500,55.800,54.150,35.5
16:12:09.613,2340020,-3.280,5.461,6.093,0.945,-1.810,0.722,-18.150,57.900,49.650,35.7
16:12:09.673,2340074,-1.511,4.776,5.787,0.605,-2.092,1.008,-18.150,57.900,49.650,35.5
16:12:09.734,2340128,-0.467,7.367,7.235,0.288,-2.247,1.144,-18.150,57.900,49.650,35.7
16:12:09.794,2340182,0.644,6.330,6.953,0.318,-2.160,1.153,-18.150,57.900,49.650,36.0
16:12:09.853,2340236,2.169,6.692,7.535,0.157,-2.190,1.128,-57.150,56.250,27.150,35.9
16:12:09.914,2340290,2.964,7.396,8.468,0.511,-2.142,1.161,-70.950,49.200,8.850,35.6
16:12:09.973,2340344,4.465,6.299,4.654,0.591,-1.893,1.200,-70.950,49.200,8.850,35.5
16:12:10.033,2340398,6.160,6.998,6.472,0.227,-1.836,1.148,-78.150,37.800,-10.500,35.5
16:12:10.034,2340452,5.863,7.695,7.494,0.218,-1.824,1.003,-78.150,37.800,-10.500,35.5
16:12:10.093,2340506,7.532,5.449,4.911,0.209,-1.594,0.802,-79.500,27.600,-27.150,35.3
