timestamp,elapsed_ms,accel_x_ms2,accel_y_ms2,accel_z_ms2,gyro_x_rads,gyro_y_rads,gyro_z_rads,mag_x_uT,mag_y_uT,mag_z_uT,temp_c
14:43:48.754,238985,0.567,9.591,0.989,0.006,-0.173,0.050,-7.350,53.400,-1.800,34.6
14:43:48.816,239040,0.215,9.665,0.883,0.005,0.025,0.143,-8.250,53.100,-3.450,34.7
14:43:48.868,239095,0.433,9.483,1.125,0.045,-0.063,0.254,-8.250,53.100,-3.450,34.5
14:43:48.921,239150,-0.002,9.835,0.694,-0.025,-0.199,0.256,-9.900,54.300,-1.950,34.6
14:43:48.979,239205,0.771,9.728,0.627,-0.043,0.029,0.149,-9.900,54.300,-1.950,34.6
14:43:49.031,239260,1.087,9.658,1.001,-0.114,-0.162,-0.009,-8.550,51.900,-3.150,34.7
14:43:49.084,239315,0.321,10.099,0.577,-0.119,-0.009,-0.010,-8.550,51.900,-3.150,34.7
14:43:49.144,239370,1.219,9.708,1.147,-0.072,-0.112,-0.032,-8.550,51.900,-3.150,34.6
14:43:49.196,239425,0.120,9.787,0.613,-0.066,-0.071,-0.020,-8.550,51.900,-3.150,34.9
14:43:49.249,239480,1.238,9.649,0.567,-0.148,-0.018,-0.066,-9.600,52.650,-2.100,34.6
14:43:49.309,239535,0.294,9.596,0.977,-0.207,0.040,-0.080,-9.600,52.650,-2.100,34.7
14:43:49.362,239590,0.414,9.199,0.814,-0.070,0.104,-0.019,-9.600,55.500,-1.800,34.8
14:43:49.415,239645,0.333,9.543,0.757,-0.076,0.142,0.051,-6.900,54.750,-1.050,34.7
14:43:49.474,239700,0.505,9.680,1.180,0.003,-0.054,-0.009,-6.900,54.750,-1.050,34.6
14:43:49.527,239755,0.498,10.044,1.027,0.005,0.052,0.029,-10.050,54.750,-2.550,34.9
14:43:49.581,239810,0.754,9.840,0.965,-0.034,0.022,0.005,-10.050,54.750,-2.550,34.8
14:43:49.639,239865,0.182,9.033,0.871,-0.009,0.128,-0.051,-8.550,54.750,-0.300,34.6
14:43:49.693,239920,1.975,9.031,0.697,0.034,0.015,-0.061,-8.550,54.750,-0.300,34.7
14:43:49.752,239975,0.022,9.105,0.977,-0.041,0.167,-0.058,-8.550,54.750,-0.300,34.8
14:43:49.806,240030,0.591,9.280,0.608,-0.053,0.228,-0.177,-8.550,54.750,-0.300,34.4
14:43:49.858,240085,0.816,9.349,1.604,-0.028,-0.011,-0.261,-3.600,53.100,-0.450,34.6
14:43:49.911,240140,0.433,9.469,0.723,-0.066,-0.102,-0.179,-3.600,54.300,-1.500,34.9
14:43:49.969,240195,0.436,9.883,1.369,-0.024,0.189,-0.036,-3.600,54.300,-1.500,34.7
14:43:50.021,240250,-0.594,10.206,0.795,-0.046,0.184,0.128,-2.400,54.900,-0.150,34.8
14:43:50.081,240305,0.098,10.003,0.989,-0.118,0.082,0.094,-2.400,54.900,-0.150,34.7
14:43:50.136,240360,0.833,9.481,1.566,0.028,0.429,0.082,-5.700,56.250,-0.300,34.6
14:43:50.229,240415,-0.326,10.369,0.589,-0.088,-0.127,0.111,-5.700,56.250,-0.300,34.4
14:43:50.334,240470,0.338,8.890,1.068,-0.054,-0.232,-0.019,-6.300,55.350,-1.500,34.6
14:43:50.336,240525,0.486,8.708,0.345,0.001,0.108,-0.102,-6.300,55.350,-1.500,34.7
14:43:50.387,240580,0.481,9.776,1.044,-0.022,-0.114,-0.138,-6.300,55.350,-1.500,34.7
14:43:50.441,240635,0.146,10.168,0.883,-0.067,0.015,-0.161,-6.300,55.350,-1.500,34.8
14:43:50.491,240690,0.175,10.202,0.776,0.001,0.135,-0.090,-4.200,57.750,-6.150,34.8
14:43:50.544,240745,0.180,10.142,0.680,-0.018,0.359,0.150,-6.150,55.800,-5.850,34.8
14:43:50.598,240800,0.749,9.637,0.862,-0.044,0.079,0.098,-6.150,55.800,-5.850,34.7
14:43:50.649,240855,0.369,9.883,0.907,-0.016,0.056,0.012,-8.850,56.550,-6.450,34.5
14:43:50.703,240910,-0.371,9.871,0.479,-0.077,-0.252,-0.065,-8.850,56.550,-6.450,34.8
14:43:50.756,240965,0.524,9.725,0.984,-0.068,-0.069,-0.035,-6.600,55.800,-5.400,34.7
14:43:50.808,241020,-0.005,9.527,0.845,-0.128,-0.143,-0.035,-6.600,55.800,-5.400,34.8
14:43:50.860,241075,0.369,9.230,0.929,0.004,0.012,0.025,-6.750,56.100,-4.500,34.8
14:43:50.964,241130,-0.038,9.969,0.792,-0.013,-0.092,0.066,-6.750,56.100,-4.500,34.5
14:43:50.966,241185,0.215,9.993,0.749,-0.037,-0.102,0.060,-6.750,56.100,-4.500,34.6
14:43:51.017,241240,0.283,9.618,0.876,-0.061,-0.151,0.047,-7.350,55.500,-5.100,34.7
14:43:51.071,241295,0.646,9.543,0.532,-0.057,-0.173,0.052,-7.350,55.500,-5.100,34.8
14:43:51.121,241350,1.214,11.878,1.726,-0.017,-0.082,0.053,-6.000,54.900,-3.450,34.9
14:43:51.174,241405,1.954,13.970,0.352,-0.578,0.144,-0.745,-6.000,54.900,-3.450,34.7
14:43:51.279,241460,0.134,13.182,1.010,-0.743,-0.383,-1.264,-5.550,56.700,-4.200,34.6
14:43:51.332,241515,-0.888,12.383,1.700,-0.689,0.007,-1.450,-5.550,56.700,-4.200,34.7
14:43:51.384,241570,-1.709,11.401,1.686,-0.669,0.402,-1.368,2.100,56.100,-0.450,34.9
14:43:51.438,241625,-2.054,10.108,2.636,-0.606,0.749,-1.014,2.100,56.100,-0.450,34.6
14:43:51.490,241680,-2.480,9.093,1.920,-0.531,0.332,-0.818,8.850,55.800,1.800,34.8
14:43:51.541,241735,-2.811,8.983,3.381,-0.079,0.605,-0.528,8.850,55.800,1.800,34.7
14:43:51.596,241790,-5.229,8.830,2.832,0.067,0.120,-0.504,8.850,55.800,1.800,34.8
14:43:51.646,241845,-5.473,8.722,2.605,0.119,0.385,-0.298,8.850,55.800,1.800,34.8
14:43:51.699,241900,-4.053,7.903,2.792,0.054,0.057,-0.033,8.850,55.800,1.800,34.8
14:43:51.753,241955,-4.896,7.896,2.926,0.347,-0.107,0.294,27.900,60.600,-2.100,34.9
14:43:51.805,242010,-4.197,8.138,2.468,0.589,0.119,0.518,27.900,60.600,-2.100,34.3
14:43:51.858,242065,-4.271,6.814,1.482,0.574,0.310,0.718,27.750,60.450,0.900,34.6
14:43:51.910,242120,-4.044,5.799,1.824,0.953,0.144,0.564,27.750,60.450,0.900,34.8
14:43:51.963,242175,-2.600,5.150,-0.026,0.575,0.080,0.140,23.400,59.250,4.500,34.6
14:43:52.015,242230,-2.430,2.535,-1.441,0.408,0.056,-0.399,23.400,59.250,4.500,34.7
14:43:52.066,242285,0.005,2.116,-1.683,-0.221,-0.934,-1.048,26.250,58.950,2.250,34.7
14:43:52.119,242340,-2.933,2.327,-1.188,-1.010,-0.493,-1.067,26.250,58.950,2.250,34.8
14:43:52.172,242395,-3.096,4.748,0.819,-1.027,-0.087,-0.880,26.250,58.950,2.250,34.7
14:43:52.226,242450,-4.209,6.531,2.447,-0.896,-0.210,-0.897,38.400,57.750,-1.050,34.6
14:43:52.277,242505,-4.999,7.815,1.899,-0.371,-0.317,-0.516,38.400,57.750,-1.050,34.9
14:43:52.329,242560,-4.843,7.044,2.193,0.096,0.362,-0.049,36.900,56.550,-0.300,34.7
14:43:52.434,242615,-6.764,8.188,1.633,-0.031,-0.241,0.262,36.900,56.550,-0.300,34.7
14:43:52.488,242670,-5.382,8.222,1.367,0.227,-0.011,0.516,28.950,54.300,1.950,34.6
14:43:52.539,242725,-5.547,9.012,1.015,0.223,-0.294,0.807,28.950,54.300,1.950,34.8
14:43:52.591,242780,-3.529,9.357,1.202,0.114,0.076,1.187,19.950,53.850,0.900,34.3
14:43:52.644,242835,-4.068,10.460,1.183,-0.019,0.147,1.195,12.900,53.100,-0.150,34.6
14:43:52.698,242890,-2.440,9.029,3.168,0.084,-0.493,1.251,12.900,53.100,-0.150,34.8
14:43:52.749,242945,-4.958,11.169,2.308,0.159,0.104,1.185,12.900,53.100,-0.150,34.8
14:43:52.803,243000,-1.128,10.712,2.255,-0.052,-0.072,0.807,12.900,53.100,-0.150,34.7
14:43:52.855,243055,-1.094,10.865,1.393,0.012,-0.480,0.541,12.900,53.100,-0.150,34.7
14:43:52.908,243110,-0.824,9.689,2.049,0.032,-0.135,0.466,12.900,53.100,-0.150,34.9
14:43:52.959,243165,-1.379,10.657,1.267,0.144,-0.298,0.436,1.800,54.450,-2.850,34.5
14:43:53.012,243220,-0.718,9.874,1.346,0.105,-0.408,0.460,1.800,54.450,-2.850,34.6
14:43:53.066,243275,-0.340,11.372,0.582,0.165,-0.111,0.576,-2.100,53.850,-5.550,34.8
14:43:53.118,243330,-0.103,10.388,0.852,0.063,-0.286,0.365,-2.100,53.850,-5.550,34.8
14:43:53.169,243385,0.038,10.240,0.915,0.063,-0.141,0.172,-4.200,55.800,-6.450,35.0
14:43:53.223,243440,0.371,10.815,0.199,0.051,-0.280,0.101,-5.550,54.600,-5.550,34.7
14:43:53.275,243495,1.480,13.642,1.389,-0.069,0.108,-0.098,-5.550,54.600,-5.550,34.8
14:43:53.326,243550,0.431,14.032,-0.105,-0.551,0.377,-0.932,-4.800,55.650,-4.200,34.6
14:43:53.379,243605,-0.687,12.684,1.628,-0.662,0.108,-1.360,-4.800,55.650,-4.200,34.5
14:43:53.484,243660,-0.816,12.297,1.724,-0.480,0.476,-1.340,-4.800,55.650,-4.200,34.8
14:43:53.486,243715,-3.043,11.121,2.217,-0.489,0.569,-1.172,-4.800,55.650,-4.200,34.7
14:43:53.589,243770,-2.579,10.477,1.226,-0.342,0.715,-0.974,6.000,56.700,-0.450,34.8
14:43:53.695,243825,-4.233,9.139,2.574,-0.355,0.592,-1.031,6.000,56.700,-0.450,34.8
14:43:53.696,243880,-5.660,9.146,2.078,-0.165,0.624,-0.719,8.850,54.000,0.300,35.0
14:43:53.748,243935,-3.821,8.401,1.456,-0.139,0.337,-0.472,13.200,55.800,-0.600,35.0
14:43:53.801,243990,-5.286,8.054,1.800,-0.023,0.034,-0.191,13.200,55.800,-0.600,34.8
14:43:53.853,244045,-5.270,8.080,1.829,0.025,0.015,0.147,21.150,56.700,-0.450,34.8
14:43:53.906,244101,-3.417,7.791,1.590,0.153,0.093,0.313,21.150,56.700,-0.450,34.8
14:43:53.956,244155,-5.476,7.022,1.817,0.409,0.026,0.620,25.800,57.450,3.450,35.0
14:43:54.009,244210,-5.203,7.178,1.314,0.356,0.038,0.803,25.800,57.450,3.450,34.7
14:43:54.114,244265,-4.240,5.282,1.470,0.511,-0.143,0.647,25.800,57.450,3.450,34.8
14:43:54.165,244320,-2.327,2.622,0.560,0.609,-0.031,0.203,25.800,57.450,3.450,34.8
14:43:54.167,244375,-1.257,2.725,-1.111,0.416,-0.026,-0.610,25.950,57.300,9.750,34.7
14:43:54.219,244430,-0.153,1.360,0.292,0.009,-0.359,-1.232,25.950,57.300,9.750,34.8
14:43:54.273,244485,-2.581,3.563,-1.331,-0.234,0.108,-1.069,35.400,56.250,7.200,34.9
14:43:54.324,244540,-5.988,5.923,0.596,-0.499,-0.161,-0.667,41.700,55.650,1.200,34.6
14:43:54.376,244595,-7.061,8.095,0.213,-0.362,-0.250,-0.150,41.700,55.650,1.200,35.0
14:43:54.429,244650,-8.619,9.979,0.520,-0.170,-0.224,0.193,33.150,56.100,-1.500,34.7
14:43:54.482,244705,-5.744,9.122,1.499,-0.183,0.157,0.526,33.150,56.100,-1.500,34.8
14:43:54.536,244760,-6.352,8.784,1.930,-0.068,-0.758,0.598,25.650,53.700,-1.050,34.9
14:43:54.588,244815,-5.203,9.816,0.891,-0.087,-0.222,0.896,25.650,53.700,-1.050,34.6
14:43:54.640,244870,-3.122,9.026,1.958,0.014,-0.212,0.986,25.650,53.700,-1.050,35.0
14:43:54.744,244925,-4.532,9.160,1.980,-0.079,-0.402,1.201,25.650,53.700,-1.050,34.8
14:43:54.798,244980,-2.045,10.987,1.580,0.172,-0.059,0.979,25.650,53.700,-1.050,34.8
14:43:54.849,245035,-3.005,10.195,2.665,-0.064,-0.052,1.114,6.300,54.600,-3.000,34.8
14:43:54.901,245090,-0.881,10.446,2.195,0.205,0.056,0.895,6.300,54.600,-3.000,34.7
14:43:54.955,245145,-0.881,10.669,1.906,0.043,0.262,0.796,2.250,55.800,-5.100,34.8
14:43:55.059,245200,-0.649,10.611,1.796,0.172,-0.103,0.590,2.250,55.800,-5.100,34.5
14:43:55.061,245255,-1.049,10.558,0.666,0.092,0.016,0.544,-2.250,54.000,-6.150,34.8
14:43:55.113,245310,-0.156,9.977,0.991,0.151,0.101,0.571,-2.250,54.000,-6.150,34.9
14:43:55.164,245365,0.134,10.245,-0.086,0.166,-0.349,0.473,-6.150,53.400,-7.950,34.7
14:43:55.218,245420,-0.014,10.791,0.826,0.206,-0.062,0.452,-6.150,53.400,-7.950,34.9
14:43:55.322,245475,1.551,12.275,2.069,0.104,-0.017,0.319,-6.150,53.400,-7.950,34.7
14:43:55.324,245530,2.033,15.457,-0.098,-0.428,-0.292,-0.581,-6.150,53.400,-7.950,34.6
14:43:55.374,245585,1.425,14.329,0.484,-0.641,-0.210,-1.293,-6.150,53.400,-7.950,34.5
14:43:55.426,245640,0.670,13.173,0.766,-0.553,0.453,-1.579,-2.850,53.550,-3.750,34.8
14:43:55.479,245695,-0.733,10.937,2.076,-0.483,0.350,-1.533,-2.850,53.550,-3.750,34.8
14:43:55.584,245750,-2.516,9.773,1.458,-0.384,0.573,-1.259,6.300,56.400,-0.450,35.0
14:43:55.586,245805,-3.354,9.969,1.530,-0.562,0.373,-1.106,6.300,56.400,-0.450,34.8
14:43:55.636,245860,-4.647,10.137,2.236,-0.496,0.215,-0.983,10.050,55.500,-2.100,34.7
14:43:55.689,245915,-5.394,9.352,2.387,-0.126,0.153,-0.915,10.050,55.500,-2.100,34.8
14:43:55.742,245970,-5.009,8.423,2.622,0.132,0.399,-0.668,9.300,55.800,1.050,34.6
14:43:55.796,246025,-4.812,6.979,2.765,0.379,0.271,-0.219,9.300,55.800,1.050,34.9
14:43:55.900,246080,-5.641,6.144,2.263,0.415,-0.144,0.185,13.800,57.900,1.500,34.8
14:43:55.953,246135,-4.915,6.831,0.922,0.412,-0.057,0.429,13.800,57.900,1.500,34.8
14:43:56.004,246190,-4.695,5.478,0.960,0.253,0.012,0.672,13.800,57.900,1.500,34.8
14:43:56.058,246245,-0.491,1.142,1.178,0.169,-0.188,0.238,17.700,58.950,3.750,35.0
14:43:56.110,246300,-4.214,1.920,-1.041,0.363,0.013,-0.327,17.700,58.950,3.750,34.9
14:43:56.161,246355,6.847,2.375,-1.092,0.116,-0.639,-0.477,21.000,61.950,-4.350,34.6
14:43:56.214,246410,-0.682,2.667,0.747,-0.467,-0.176,-0.729,21.000,61.950,-4.350,34.8
14:43:56.268,246465,-4.812,6.122,0.579,-0.215,-0.211,-0.522,16.800,58.650,-4.800,35.1
14:43:56.321,246520,-2.354,6.455,3.251,-0.259,-0.508,-0.194,16.800,58.650,-4.800,34.9
14:43:56.371,246575,-6.953,6.919,1.961,-0.241,-0.853,0.152,18.150,55.800,-3.900,34.8
14:43:56.424,246630,-8.013,8.241,2.126,-0.278,0.292,0.723,15.450,54.750,2.550,35.0
14:43:56.478,246685,-2.957,8.466,4.005,-0.024,0.045,0.909,15.450,54.750,2.550,34.9
14:43:56.529,246740,-3.385,9.946,1.834,-0.081,-0.441,0.864,15.450,54.750,2.550,34.8
14:43:56.582,246795,-6.618,10.630,0.551,0.102,0.254,1.200,15.450,54.750,2.550,35.1
14:43:56.636,246850,-3.634,9.342,3.431,-0.079,-0.171,1.187,7.500,54.600,0.900,34.9
14:43:56.688,246905,-2.093,11.715,2.749,0.075,0.430,1.159,7.500,54.600,0.900,34.8
14:43:56.739,246960,-2.397,11.179,2.354,-0.058,-0.171,0.808,2.400,56.400,0.900,34.8
14:43:56.792,247015,-1.769,11.581,1.041,0.111,0.052,0.648,2.400,56.400,0.900,34.9
14:43:56.846,247070,-1.444,10.254,1.913,0.164,0.082,0.798,0.150,56.700,-2.700,34.9
14:43:56.898,247125,-0.060,10.274,1.695,0.299,0.067,0.779,0.150,56.700,-2.700,34.7
14:43:56.951,247180,-0.668,10.096,0.591,0.315,-0.033,0.889,-4.050,55.650,-3.450,35.0
14:43:57.056,247235,0.773,10.580,1.156,0.497,-0.244,0.905,-6.900,55.800,-5.850,34.7
14:43:57.160,247290,2.351,13.896,1.666,0.290,0.546,0.508,-6.900,55.800,-5.850,34.9
14:43:57.161,247345,3.481,14.420,0.464,-0.412,-0.234,-0.775,-6.900,55.800,-5.850,34.8
14:43:57.211,247400,1.032,13.154,1.408,-0.513,0.055,-1.355,-6.900,55.800,-5.850,34.7
14:43:57.265,247455,-0.503,12.550,0.989,-0.454,0.294,-1.492,-6.000,54.300,-3.000,34.9
14:43:57.318,247510,-0.764,11.538,2.083,-0.360,0.720,-1.412,-6.000,54.300,-3.000,34.6
14:43:57.371,247565,-1.132,10.700,2.315,-0.378,0.103,-1.460,0.300,54.000,0.300,34.7
14:43:57.421,247620,-5.227,9.819,1.293,-0.382,0.347,-1.066,0.300,54.000,0.300,34.9
14:43:57.474,247675,-4.140,9.021,3.450,-0.262,0.704,-0.830,4.950,55.500,1.800,34.8
14:43:57.526,247730,-4.719,7.851,2.753,-0.411,0.265,-0.797,6.900,54.450,4.650,34.8
14:43:57.633,247785,-4.329,7.046,2.433,-0.071,0.109,-0.440,6.900,54.450,4.650,35.1
14:43:57.635,247840,-3.563,6.888,2.837,0.087,0.210,-0.085,8.100,57.300,4.350,34.9
14:43:57.684,247895,-3.182,7.228,1.724,0.178,0.003,0.321,8.100,57.300,4.350,34.8
14:43:57.737,247950,-4.355,6.163,2.138,0.375,-0.178,0.543,8.100,57.300,4.350,34.8
14:43:57.791,248005,-4.815,5.401,1.930,0.332,-0.372,0.533,8.100,57.300,4.350,34.9
14:43:57.843,248060,-2.895,3.780,1.255,0.213,-0.359,-0.015,8.100,57.300,4.350,34.8
14:43:57.896,248115,-0.948,1.250,-0.565,0.009,-0.084,-0.655,8.100,57.300,4.350,34.7
14:43:57.948,248170,-1.264,3.072,0.390,-0.026,-0.231,-1.202,8.850,61.650,5.400,34.9
14:43:57.999,248225,-2.835,2.758,-0.790,-0.222,-0.130,-1.100,8.850,61.650,5.400,34.9
14:43:58.103,248280,-3.469,5.794,1.015,-0.269,-0.367,-0.794,8.850,57.000,1.800,34.7
14:43:58.105,248335,-4.736,6.187,4.262,0.104,0.148,-0.178,10.650,57.150,1.950,34.6
14:43:58.209,248390,-5.993,7.740,1.951,-0.188,-0.795,0.212,10.650,57.150,1.950,34.8
14:43:58.263,248445,-8.246,8.097,0.831,-0.157,-0.511,0.479,9.600,54.000,3.600,35.1
14:43:58.316,248500,-5.590,7.829,3.783,0.084,0.049,0.851,9.600,54.000,3.600,34.8
14:43:58.368,248555,-3.029,8.981,2.485,0.217,-0.302,1.021,10.800,54.450,4.650,35.0
14:43:58.421,248610,-6.668,10.269,1.913,0.101,-0.495,0.996,10.800,54.450,4.650,34.8
14:43:58.474,248665,-5.262,10.446,2.646,0.238,0.313,1.265,10.800,54.450,4.650,35.0
14:43:58.524,248720,-2.140,9.941,3.802,0.136,-0.375,1.001,10.800,54.450,4.650,34.9
14:43:58.631,248775,-2.191,11.114,1.587,0.173,0.094,0.827,7.350,55.800,1.050,35.0
14:43:58.632,248830,-2.916,10.096,2.234,0.065,0.170,0.871,1.350,57.150,-1.500,34.9
14:43:58.683,248885,-2.073,10.518,2.133,0.210,0.192,0.758,1.350,57.150,-1.500,35.0
14:43:58.734,248940,-1.470,10.408,1.599,0.171,0.100,0.590,-1.650,56.100,-4.200,34.8
14:43:58.788,248995,-1.487,10.353,1.954,0.289,-0.184,0.583,-1.650,56.100,-4.200,35.1
14:43:58.841,249050,-1.539,10.829,1.252,0.200,0.064,0.544,-3.450,54.750,-4.650,35.0
14:43:58.893,249105,-0.998,10.008,1.425,0.181,0.100,0.490,-3.450,54.750,-4.650,34.8
14:43:58.946,249160,-0.397,9.780,0.998,0.276,-0.116,0.535,-8.850,55.200,-3.900,34.8
14:43:58.996,249215,-0.340,10.159,1.020,0.256,-0.118,0.479,-8.850,55.200,-3.900,34.9
14:43:59.050,249270,0.757,10.202,1.173,0.170,0.025,0.117,-8.850,55.200,-3.900,34.9
14:43:59.103,249325,-0.098,10.005,0.570,-0.040,0.336,-0.077,-8.850,55.200,-3.900,35.1
14:43:59.156,249380,0.347,9.419,1.003,0.056,-0.006,-0.149,-15.300,53.850,-4.200,35.0
14:43:59.206,249435,0.661,9.682,0.646,-0.012,0.040,-0.079,-14.700,54.450,-6.450,35.0
14:43:59.259,249490,1.063,10.329,0.723,0.005,-0.044,-0.112,-14.700,54.450,-6.450,34.7
14:43:59.365,249545,0.515,11.387,0.594,-0.048,0.000,-0.043,-13.950,53.700,-5.100,34.9
14:43:59.418,249600,1.915,13.843,0.479,-0.277,0.514,-0.338,-13.950,53.700,-5.100,35.0
14:43:59.469,249655,1.729,13.178,1.247,-0.379,-0.295,-0.996,-12.900,53.550,-4.500,34.8
14:43:59.521,249710,-0.390,12.447,1.429,-0.362,0.247,-1.320,-12.900,53.550,-4.500,35.0
14:43:59.575,249765,0.536,11.368,2.193,-0.771,0.078,-1.250,-8.550,54.750,-3.600,35.0
14:43:59.628,249820,-2.921,11.021,1.451,-0.577,0.521,-1.279,-8.550,54.750,-3.600,34.9
14:43:59.681,249875,-3.840,10.190,0.898,-0.645,0.533,-1.087,-8.550,54.750,-3.600,34.8
14:43:59.731,249930,-4.410,9.129,1.537,-0.516,0.245,-0.883,-8.550,54.750,-3.600,35.1
14:43:59.784,249985,-5.768,8.116,2.880,-0.330,-0.009,-0.743,-8.550,54.750,-3.600,35.0
14:43:59.838,250040,-5.375,7.867,2.399,-0.236,-0.083,-0.630,11.400,57.450,-5.250,35.0
14:43:59.891,250095,-5.100,7.065,2.782,0.098,-0.195,-0.248,11.400,57.450,-5.250,34.9
14:43:59.943,250150,-4.281,6.282,3.079,0.140,-0.389,-0.116,19.950,60.450,-5.250,34.8
14:43:59.996,250205,-4.207,6.582,1.894,0.259,-0.163,0.146,19.950,60.450,-5.250,34.9
14:44:00.046,250260,-4.709,6.419,1.808,0.347,-0.267,0.244,25.050,61.500,-3.750,34.7
14:44:00.099,250315,-5.181,7.147,1.614,0.344,-0.301,0.317,25.050,61.500,-3.750,34.6
14:44:00.153,250370,-4.590,8.205,0.950,0.278,-0.016,0.512,30.450,60.000,0.150,34.8
14:44:00.204,250425,-3.630,7.041,2.260,-0.076,0.027,0.766,30.450,60.000,0.150,35.0
14:44:00.256,250480,-4.123,6.958,1.671,0.054,-0.026,0.814,30.450,60.000,0.150,35.0
14:44:00.310,250535,-2.660,5.519,1.652,0.229,0.188,0.580,30.450,60.000,0.150,35.0
14:44:00.363,250590,-1.367,6.369,1.173,0.219,0.002,0.066,30.450,60.000,0.150,34.9
14:44:00.415,250645,-2.365,7.709,0.778,-0.128,0.089,-0.127,25.350,58.950,7.800,34.7
14:44:00.519,250700,-3.163,8.406,0.373,-0.175,0.086,-0.114,25.350,58.950,7.800,34.6
14:44:00.572,250755,-3.558,7.772,0.840,-0.288,-0.044,-0.276,22.500,61.650,8.400,34.9
14:44:00.625,250810,-2.940,6.847,0.634,-0.080,-0.182,-0.606,22.500,61.650,8.400,34.7
14:44:00.678,250865,-3.428,5.040,1.822,-0.145,0.199,-0.882,23.700,60.150,8.400,34.9
14:44:00.731,250920,-3.165,5.392,1.300,0.145,-0.191,-1.083,23.700,60.150,8.400,34.9
14:44:00.781,250975,-2.765,5.873,2.114,0.086,-0.107,-0.763,29.700,59.250,6.000,34.9
14:44:00.835,251030,-4.906,7.084,1.171,-0.062,0.076,-0.411,30.300,58.050,-1.050,34.8
14:44:00.888,251085,-3.934,6.867,2.253,-0.126,-0.278,-0.137,30.300,58.050,-1.050,34.7
14:44:00.941,251140,-6.230,8.660,0.287,-0.113,0.111,0.406,30.300,58.050,-1.050,34.9
14:44:00.991,251195,-5.423,7.942,2.899,-0.113,-0.042,0.521,30.300,58.050,-1.050,34.9
14:44:01.044,251250,-5.748,10.230,0.512,0.027,-0.387,0.749,21.300,55.200,1.050,34.9
14:44:01.150,251305,-5.164,9.711,1.379,-0.257,-0.467,0.907,21.300,55.200,1.050,35.0
14:44:01.152,251360,-4.973,9.493,2.100,-0.054,0.074,0.851,12.450,54.000,1.350,34.9
14:44:01.201,251415,-3.050,9.656,1.836,0.002,-0.315,0.670,12.450,54.000,1.350,35.1
14:44:01.254,251470,-2.160,10.125,1.899,-0.107,0.030,0.688,8.550,55.500,3.150,34.8
14:44:01.359,251525,-3.302,9.936,2.907,-0.161,-0.066,0.696,3.600,56.100,0.150,34.9
14:44:01.361,251580,-2.322,10.211,1.860,0.087,-0.049,0.613,3.600,56.100,0.150,35.1
14:44:01.413,251635,-2.804,10.283,2.133,0.115,-0.196,0.691,1.350,57.450,0.900,35.1
14:44:01.466,251690,-1.815,10.520,1.894,0.216,-0.162,0.576,1.350,57.450,0.900,34.9
14:44:01.518,251745,-0.927,9.974,1.506,0.123,-0.172,0.697,1.350,57.450,0.900,35.1
14:44:01.569,251800,-1.561,11.073,1.041,0.137,-0.110,0.631,1.350,57.450,0.900,34.9
14:44:01.676,251855,-0.632,10.080,1.262,0.079,-0.063,0.520,-6.000,56.100,-1.950,34.6
14:44:01.728,251910,-0.362,10.297,0.934,0.240,-0.398,0.448,-6.000,56.100,-1.950,35.0
14:44:01.780,251965,0.014,10.599,1.396,0.336,-0.126,0.343,-8.550,55.800,-2.100,35.0
14:44:01.833,252020,0.618,11.100,1.063,0.117,-0.169,0.105,-8.550,55.800,-2.100,34.8
14:44:01.886,252075,0.318,10.228,0.651,-0.010,0.054,-0.017,-12.600,55.650,-3.750,35.0
14:44:01.938,252130,0.362,9.749,0.903,-0.023,-0.207,-0.018,-12.750,55.500,-3.150,35.1
14:44:01.989,252185,1.176,11.083,1.666,0.059,0.036,-0.105,-12.750,55.500,-3.150,34.9
14:44:02.042,252240,0.541,13.388,0.285,-0.408,0.003,-0.458,-10.800,57.000,-5.100,35.0
14:44:02.096,252295,2.014,12.280,2.105,-0.343,-0.011,-0.923,-10.800,57.000,-5.100,35.1
14:44:02.148,252350,0.852,12.505,0.749,-0.365,-0.307,-1.249,-6.750,57.150,-2.700,35.0
14:44:02.201,252405,0.000,11.265,0.302,-0.450,0.145,-1.381,-6.750,57.150,-2.700,34.8
14:44:02.253,252460,-1.228,10.652,2.464,-0.455,0.404,-1.249,-6.750,57.150,-2.700,34.8
14:44:02.304,252515,-4.403,10.551,1.326,-0.442,0.383,-1.009,-6.750,57.150,-2.700,35.0
14:44:02.358,252570,-3.326,9.900,3.026,-0.331,0.389,-0.746,4.350,56.100,-2.250,35.0
14:44:02.411,252625,-5.133,9.510,1.901,-0.195,-0.236,-0.684,5.700,56.550,-0.300,34.8
14:44:02.463,252680,-5.267,8.315,2.260,0.022,-0.096,-0.397,5.700,56.550,-0.300,34.9
14:44:02.514,252735,-4.080,7.302,3.112,0.076,-0.184,-0.161,11.550,56.250,0.000,35.1
14:44:02.566,252790,-4.621,7.254,1.767,-0.037,0.008,0.017,11.550,56.250,0.000,34.9
14:44:02.619,252845,-4.080,7.405,2.729,0.386,0.161,0.221,15.750,56.700,2.700,35.0
14:44:02.725,252900,-5.274,8.241,1.731,0.257,0.118,0.282,15.750,56.700,2.700,35.0
14:44:02.727,252955,-4.132,7.451,1.697,0.193,0.140,0.411,18.600,58.350,4.350,34.8
14:44:02.831,253010,-3.627,7.247,1.961,0.248,0.118,0.567,18.600,58.350,4.350,34.7
14:44:02.883,253065,-2.844,7.132,1.168,0.344,0.038,0.518,18.600,58.350,4.350,34.8
14:44:02.936,253120,-2.184,7.108,1.053,0.011,0.230,0.685,18.600,58.350,4.350,35.0
14:44:02.986,253175,-1.595,5.859,1.192,0.137,0.333,0.597,18.600,58.350,4.350,35.1
14:44:03.039,253230,-1.884,5.964,0.065,0.239,0.111,0.117,15.750,59.250,10.050,35.0
14:44:03.093,253285,-2.545,6.984,0.160,0.248,0.214,-0.164,15.750,59.250,10.050,35.0
14:44:03.146,253340,-1.724,8.068,0.400,0.026,0.318,-0.167,16.650,59.850,8.700,34.9
14:44:03.199,253395,-2.691,8.801,0.651,-0.081,0.056,-0.068,16.650,59.850,8.700,34.7
14:44:03.251,253450,-2.976,8.868,0.302,-0.295,0.128,-0.036,11.400,59.250,10.650,34.7
14:44:03.301,253505,-3.297,8.191,0.553,-0.284,0.133,-0.193,11.400,59.250,10.650,34.8
14:44:03.355,253560,-2.227,6.972,0.821,-0.166,0.037,-0.572,14.100,57.450,9.600,34.8
14:44:03.408,253615,-2.306,7.288,0.587,-0.292,0.123,-0.677,14.100,57.450,9.600,35.1
14:44:03.461,253670,-3.503,7.156,0.903,-0.371,-0.029,-0.733,19.500,57.900,8.850,35.0
14:44:03.513,253725,-3.498,7.400,0.512,-0.755,-0.176,-0.528,19.500,57.900,8.850,35.1
14:44:03.566,253780,-7.219,7.286,0.208,-0.558,-0.229,-0.529,19.500,57.900,8.850,34.7
14:44:03.616,253835,-5.145,6.656,2.169,-0.333,-0.192,-0.361,15.750,57.900,4.200,34.9
14:44:03.669,253890,-5.114,6.531,2.844,-0.151,-0.397,-0.250,15.750,57.900,4.200,35.1
14:44:03.775,253945,-5.052,8.660,0.445,-0.140,-0.122,0.189,17.400,57.300,5.400,34.8
14:44:03.775,254000,0.029,8.265,2.842,-0.342,-0.941,0.398,17.400,57.300,5.400,34.8
14:44:03.826,254055,-4.891,9.529,0.476,-0.598,-0.543,0.472,13.800,56.700,3.000,35.0
14:44:03.881,254110,-5.610,7.922,3.948,0.109,-0.068,0.898,13.800,56.700,3.000,34.9
14:44:03.986,254165,-3.919,10.963,1.159,0.031,-0.319,0.775,10.650,57.150,1.950,34.8
14:44:04.038,254220,-1.743,10.240,2.516,0.433,0.100,0.974,10.650,57.150,1.950,34.6
14:44:04.091,254275,-2.899,9.864,2.976,0.313,-0.261,0.891,10.200,58.650,1.950,35.1
14:44:04.143,254330,-1.429,11.691,1.547,0.367,0.450,0.908,10.200,58.650,1.950,34.9
14:44:04.196,254385,-1.405,10.599,2.500,0.165,-0.090,0.739,10.200,58.650,1.950,35.1
14:44:04.248,254440,-2.064,10.673,2.184,0.228,-0.219,0.709,10.200,58.650,1.950,34.9
14:44:04.299,254495,-0.802,10.793,1.856,0.213,0.092,0.616,10.200,58.650,1.950,35.0
14:44:04.352,254550,-0.565,10.731,0.826,0.275,-0.364,0.568,-4.050,58.650,-4.800,34.7
14:44:04.406,254605,-0.196,10.190,1.592,0.299,-0.315,0.548,-4.050,58.650,-4.800,34.7
14:44:04.458,254660,1.279,10.513,1.681,0.385,-0.128,0.589,-6.900,57.300,-5.850,35.1
14:44:04.511,254715,1.307,10.683,0.761,0.181,-0.406,0.305,-6.900,57.300,-5.850,34.9
14:44:04.561,254770,1.937,10.058,0.781,0.052,0.070,-0.002,-9.450,54.900,-4.500,34.9
14:44:04.614,254825,0.800,9.639,1.908,-0.037,-0.201,-0.073,-10.050,56.250,-6.150,34.8
14:44:04.666,254880,0.496,9.857,0.464,0.015,-0.087,-0.019,-10.050,56.250,-6.150,35.1
14:44:04.719,254935,0.874,10.556,1.353,-0.027,-0.237,-0.041,-10.650,55.650,-4.500,35.1
14:44:04.773,254990,0.630,10.795,0.433,-0.114,-0.364,-0.073,-10.650,55.650,-4.500,34.9
14:44:04.825,255045,3.282,13.439,0.840,-0.177,0.110,-0.552,-10.650,55.650,-4.500,35.1
14:44:04.929,255101,1.338,13.324,1.087,-0.612,-0.501,-1.261,-10.650,55.650,-4.500,35.1
14:44:04.931,255155,0.405,12.182,1.879,-0.576,0.050,-1.353,-3.450,55.500,-5.850,35.0
14:44:04.981,255210,-1.408,11.815,1.324,-0.523,0.728,-1.220,-3.450,55.500,-5.850,35.2
14:44:05.035,255265,-2.942,10.051,2.416,-0.417,0.586,-1.236,3.750,56.550,-3.900,35.1
14:44:05.193,255320,-3.433,9.759,1.968,-0.222,0.237,-1.034,10.200,57.900,-4.200,35.0
14:44:05.195,255375,-3.610,9.448,1.611,-0.074,0.357,-0.784,10.200,57.900,-4.200,35.0
14:44:05.246,255430,-4.175,8.164,2.933,0.033,0.037,-0.555,13.800,58.200,-6.750,35.0
14:44:05.298,255485,-4.123,7.839,1.374,-0.100,-0.036,-0.278,13.800,58.200,-6.750,34.9
14:44:05.349,255540,-4.635,7.535,2.964,0.332,0.028,-0.178,15.900,59.550,-5.850,35.2
14:44:05.403,255595,-4.882,8.049,2.076,0.324,-0.294,-0.142,15.900,59.550,-5.850,35.1
14:44:05.456,255650,-4.554,7.922,1.944,0.242,-0.300,0.102,15.900,59.550,-5.850,35.1
14:44:05.508,255705,-3.675,7.975,2.035,0.112,-0.073,0.341,15.900,59.550,-5.850,35.0
14:44:05.561,255760,-4.970,8.040,2.631,0.223,-0.128,0.563,15.900,59.550,-5.850,34.8
14:44:05.612,255815,-3.536,7.930,1.494,0.369,0.287,0.912,15.900,59.550,-5.850,34.9
14:44:05.664,255870,-2.725,6.960,1.803,0.290,0.152,1.094,22.500,57.750,7.200,35.0
14:44:05.717,255925,-2.078,6.543,1.434,0.235,0.111,0.969,14.700,58.800,12.000,35.2
14:44:05.771,255980,-0.618,5.763,0.927,-0.068,0.168,0.620,14.700,58.800,12.000,35.0
14:44:05.823,256035,-2.504,4.278,1.027,0.105,0.005,-0.223,12.000,57.000,12.300,35.0
14:44:05.875,256090,0.239,6.488,0.603,-0.125,0.309,-0.523,12.000,57.000,12.300,35.0
14:44:05.928,256145,-2.583,9.153,0.184,-0.254,0.056,-0.326,17.100,58.350,11.250,34.8
14:44:05.981,256200,-3.057,9.392,0.733,-0.387,0.159,-0.079,17.100,58.350,11.250,34.7
14:44:06.032,256255,-3.510,9.232,0.948,-0.311,0.035,-0.037,14.100,57.450,11.100,35.0
14:44:06.086,256310,-2.808,7.963,0.915,-0.314,0.289,-0.248,14.100,57.450,11.100,35.2
14:44:06.138,256365,-3.036,7.319,1.197,-0.274,0.036,-0.500,14.100,57.450,11.100,35.2
14:44:06.191,256420,-2.919,6.404,2.301,-0.095,0.170,-0.701,21.000,59.100,9.450,35.1
14:44:06.296,256475,-2.236,6.235,1.870,0.069,0.104,-1.039,21.000,59.100,9.450,35.1
14:44:06.346,256530,-3.122,8.047,-0.328,-0.373,-0.131,-0.829,25.950,58.800,2.850,35.0
14:44:06.400,256585,-5.983,7.144,1.092,-0.073,-0.172,-0.701,25.950,58.800,2.850,34.8
14:44:06.504,256640,-4.245,7.482,1.963,-0.004,0.057,-0.225,29.250,58.650,-1.500,34.8
14:44:06.506,256695,-4.829,8.128,1.140,-0.323,0.006,0.039,29.250,58.650,-1.500,35.1
14:44:06.558,256750,-4.779,8.068,2.085,-0.207,-0.192,0.405,29.550,56.550,-1.800,34.9
14:44:06.611,256805,-4.578,8.693,2.789,-0.283,0.011,0.506,29.550,56.550,-1.800,35.0
14:44:06.662,256860,-5.557,9.675,1.302,0.007,-0.563,0.428,24.450,57.750,-1.350,35.1
14:44:06.714,256915,-3.831,8.667,2.986,0.108,-0.181,0.686,24.450,57.750,-1.350,35.1
14:44:06.767,256970,-2.749,10.295,2.770,0.250,-0.206,0.786,16.800,54.900,-1.200,34.8
14:44:06.821,257025,-3.438,10.211,1.089,0.119,-0.238,0.853,16.800,54.900,-1.200,35.1
14:44:06.871,257080,-3.014,9.771,1.618,-0.131,0.000,0.848,16.800,54.900,-1.200,35.0
14:44:06.926,257135,-1.010,10.874,2.097,0.155,0.336,0.800,6.000,57.900,-1.200,34.9
14:44:07.030,257190,-2.473,10.669,2.248,0.107,-0.080,0.775,6.000,57.900,-1.200,35.1
14:44:07.033,257245,-2.229,10.460,1.554,0.139,-0.280,0.943,2.700,57.300,-1.800,35.0
14:44:07.084,257300,-0.500,10.120,1.994,0.274,0.002,1.108,2.700,57.300,-1.800,35.0
14:44:07.188,257355,-0.680,10.865,0.910,0.150,-0.297,0.942,-3.300,54.300,-3.000,35.0
14:44:07.190,257410,0.982,10.295,1.700,0.210,-0.393,0.550,-3.300,54.300,-3.000,35.0
14:44:07.239,257465,0.941,10.671,1.458,0.216,-0.303,0.323,-8.700,56.100,-4.800,35.1
14:44:07.292,257520,1.561,11.064,0.740,-0.022,-0.102,0.042,-9.900,53.850,-6.000,34.8
14:44:07.344,257575,0.936,10.348,1.590,-0.048,-0.085,-0.023,-9.900,53.850,-6.000,35.2
14:44:07.451,257630,0.220,9.797,0.955,-0.156,-0.200,0.010,-9.900,53.850,-6.000,35.0
14:44:07.504,257685,0.699,9.155,1.065,-0.020,-0.216,-0.005,-9.900,53.850,-6.000,35.0
14:44:07.554,257740,0.378,9.041,0.718,-0.178,-0.350,-0.148,-9.900,53.850,-6.000,34.9
14:44:07.608,257795,0.596,8.995,1.401,0.075,-0.057,-0.102,-9.900,53.850,-6.000,35.1
14:44:07.659,257850,1.616,12.567,1.841,0.066,-0.317,0.129,-7.050,55.650,-7.050,35.1
14:44:07.712,257905,3.598,13.886,1.568,-0.362,-0.299,-0.690,-7.050,55.650,-7.050,35.1
14:44:07.764,257960,2.466,13.357,0.979,-0.471,-0.304,-1.305,-7.350,57.000,-6.150,34.8
14:44:07.818,258015,-0.311,12.330,1.690,-0.424,0.105,-1.499,-7.350,57.000,-6.150,34.9
14:44:07.869,258070,-3.163,11.681,0.627,-0.383,0.469,-1.338,-0.150,57.150,-5.550,35.0
14:44:07.922,258125,-3.007,10.532,1.202,-0.445,0.333,-1.197,8.100,59.100,-6.150,35.1
14:44:07.976,258180,-2.895,10.065,1.544,-0.589,0.042,-1.160,8.100,59.100,-6.150,34.9
14:44:08.028,258235,-5.231,9.948,2.128,-0.352,0.102,-0.909,12.000,59.100,-6.450,35.1
14:44:08.081,258290,-3.967,8.509,3.148,-0.161,-0.009,-0.725,12.000,59.100,-6.450,35.3
14:44:08.133,258345,-4.994,7.422,2.856,-0.052,0.056,-0.355,12.000,59.100,-6.450,35.1
14:44:08.186,258400,-4.685,7.712,1.913,0.127,0.034,-0.061,12.000,59.100,-6.450,35.0
14:44:08.238,258455,-4.712,6.764,3.263,0.266,0.147,0.131,19.500,60.750,-9.300,35.2
14:44:08.291,258510,-6.206,8.147,0.996,0.088,0.128,0.227,19.500,60.750,-9.300,34.8
14:44:08.343,258565,-5.385,7.635,1.530,0.055,0.261,0.384,26.550,60.750,-6.300,34.8
14:44:08.394,258620,-3.575,7.259,2.552,-0.027,0.141,0.518,25.350,62.250,-1.950,35.1
14:44:08.447,258675,-3.515,6.586,1.963,0.012,0.064,0.689,25.350,62.250,-1.950,35.0
14:44:08.500,258730,-1.583,3.328,1.398,0.037,-0.021,0.334,20.400,63.300,0.900,35.0
14:44:08.606,258785,-1.243,5.239,0.029,0.663,-0.183,-0.107,20.400,63.300,0.900,35.2
14:44:08.658,258840,-2.502,7.381,1.262,0.027,-0.022,-0.280,23.100,61.800,1.500,35.0
14:44:08.761,258895,-2.995,8.792,0.867,-0.454,0.021,-0.180,23.100,61.800,1.500,35.1
14:44:08.763,258950,-3.508,8.226,1.745,-0.524,0.021,-0.114,23.100,61.800,1.500,35.0
14:44:08.814,259005,-3.251,7.927,1.870,-0.344,-0.060,-0.139,23.100,61.800,1.500,35.1
14:44:08.920,259060,-4.118,7.934,1.403,-0.456,0.019,-0.191,23.100,61.800,1.500,35.1
14:44:08.921,259115,-3.089,7.147,1.578,-0.487,0.082,-0.414,18.000,60.750,7.050,35.1
14:44:09.025,259170,-4.721,6.938,1.781,-0.247,0.025,-0.563,18.000,60.750,7.050,35.1
14:44:09.027,259225,-4.106,6.907,1.982,-0.034,-0.230,-0.606,21.150,58.950,4.800,35.0
14:44:09.079,259280,-2.859,6.886,2.375,0.001,-0.102,-0.603,21.150,58.950,4.800,35.1
14:44:09.131,259335,-4.341,6.986,2.488,0.333,0.156,-0.303,23.400,58.650,2.700,34.9
14:44:09.184,259390,-3.407,7.063,3.376,0.790,-0.021,-0.128,23.400,58.650,2.700,35.3
14:44:09.236,259445,-4.851,8.806,1.137,0.496,0.225,0.270,23.400,56.100,-2.250,35.1
14:44:09.288,259500,-5.157,7.561,2.576,0.097,-0.152,0.492,23.400,56.100,-2.250,35.1
14:44:09.339,259555,-4.532,8.696,0.893,-0.056,0.013,0.509,17.850,54.450,-0.600,35.0
14:44:09.393,259610,-5.593,8.346,2.456,-0.149,-0.004,0.972,17.850,54.450,-0.600,35.1
14:44:09.444,259665,-1.741,10.216,1.520,-0.221,0.064,0.931,17.850,54.450,-0.600,35.2
14:44:09.497,259720,-5.097,9.364,2.521,-0.356,0.090,1.043,7.500,53.850,-0.450,34.9
14:44:09.551,259775,-2.222,9.828,1.765,-0.538,-0.442,0.543,7.500,53.850,-0.450,35.1
14:44:09.603,259830,-3.529,9.570,2.406,-0.208,0.110,0.637,4.200,56.250,1.050,35.1
14:44:09.656,259885,-0.740,8.792,3.268,-0.199,-0.280,0.733,4.200,56.250,1.050,35.1
14:44:09.759,259940,-2.576,10.439,2.526,0.067,-0.193,0.884,3.300,58.200,-0.900,35.2
14:44:09.811,259995,-1.338,10.094,2.526,0.183,-0.294,0.889,3.300,58.200,-0.900,35.0
14:44:09.866,260050,-1.061,10.218,3.029,0.169,-0.296,0.880,3.000,59.100,-2.550,35.2
14:44:09.918,260105,0.019,10.937,1.803,0.157,-0.243,0.658,3.000,59.100,-2.550,34.8
14:44:10.022,260160,-0.357,9.816,1.604,0.238,-0.186,0.584,-0.750,59.100,-5.400,34.9
14:44:10.076,260215,0.211,9.730,1.362,0.315,-0.580,0.638,-0.750,59.100,-5.400,35.1
14:44:10.077,260270,1.140,10.534,1.798,0.405,0.044,0.486,-0.750,59.100,-5.400,35.1
14:44:10.129,260325,1.652,10.436,1.334,0.106,0.133,0.130,-0.750,59.100,-5.400,35.1
14:44:10.181,260380,1.542,10.233,1.860,0.001,0.295,-0.082,-0.750,59.100,-5.400,35.0
14:44:10.232,260435,0.486,10.163,1.183,0.010,0.020,-0.153,-6.750,56.100,-7.800,35.2
14:44:10.286,260490,1.403,9.634,1.027,0.001,-0.137,-0.176,-6.750,56.100,-7.800,35.0
14:44:10.336,260545,0.730,9.210,1.173,-0.063,0.180,-0.137,-6.600,55.500,-6.900,35.1
14:44:10.391,260600,0.776,8.928,1.568,0.053,-0.157,-0.118,-6.600,55.500,-6.900,35.2
14:44:10.443,260655,1.714,13.024,2.648,0.058,-0.138,-0.210,-7.500,56.700,-7.050,35.1
14:44:10.496,260710,2.516,13.748,0.615,-0.537,-0.210,-1.147,-7.500,56.700,-7.050,35.0
14:44:10.548,260765,1.705,12.553,1.432,-0.574,-0.242,-1.599,-6.750,55.650,-5.550,35.2
14:44:10.601,260820,-1.681,11.571,1.985,-0.484,0.674,-1.312,1.050,56.550,-4.350,35.2
14:44:10.653,260875,-1.700,11.076,1.590,-0.468,0.408,-1.169,1.050,56.550,-4.350,35.1
14:44:10.704,260930,-3.053,10.432,2.698,-0.381,0.721,-0.936,1.050,56.550,-4.350,35.1
14:44:10.757,260985,-3.484,10.197,1.844,-0.416,-0.061,-0.932,1.050,56.550,-4.350,35.1
14:44:10.811,261040,-4.788,8.897,2.023,-0.232,0.115,-0.728,6.600,57.000,-2.550,35.3
14:44:10.914,261095,-4.800,7.997,2.796,-0.159,0.117,-0.514,6.600,57.000,-2.550,35.1
14:44:10.966,261150,-3.970,6.936,2.734,-0.136,-0.115,-0.376,7.950,57.450,-1.500,35.0
14:44:11.019,261205,-4.733,6.986,2.971,0.188,0.019,-0.054,7.950,57.450,-1.500,35.1
14:44:11.074,261260,-3.230,7.128,2.186,0.466,0.305,0.255,9.300,57.750,-0.600,34.7
14:44:11.126,261315,-4.499,6.665,2.387,0.366,0.047,0.407,13.950,59.850,0.600,35.0
14:44:11.179,261370,-3.330,7.154,0.699,0.307,0.392,0.554,13.950,59.850,0.600,35.1
14:44:11.231,261425,-2.952,7.575,1.135,0.294,0.266,0.664,16.800,59.250,2.250,35.0
14:44:11.281,261480,-2.636,7.597,2.945,0.197,0.185,0.798,16.800,59.250,2.250,35.0
14:44:11.334,261535,-0.977,4.515,0.450,0.071,0.097,0.796,16.800,59.250,2.250,35.1
14:44:11.386,261590,-0.397,3.792,1.070,0.226,-0.537,-0.100,16.800,59.250,2.250,35.1
14:44:11.439,261645,-1.695,6.017,-0.450,0.113,-0.077,-0.236,16.800,59.250,2.250,35.1
14:44:11.491,261700,-3.845,7.089,0.239,-0.370,0.098,-0.480,16.800,59.250,2.250,35.1
14:44:11.543,261755,-4.065,6.292,0.785,-0.364,-0.020,-0.774,18.750,59.700,3.750,35.1
14:44:11.596,261810,-3.440,6.223,1.353,-0.343,0.152,-0.818,18.750,59.700,3.750,35.1
14:44:11.649,261865,-4.240,9.565,0.802,-0.063,-0.040,-0.562,20.100,59.550,2.850,35.2
14:44:11.806,261920,-5.425,7.645,1.386,-0.264,0.125,-0.442,19.050,57.000,2.850,35.3
14:44:11.808,261975,-6.354,8.428,0.328,-0.253,-0.004,0.013,19.050,57.000,2.850,35.3
14:44:11.810,262030,-3.859,7.001,2.875,0.014,-0.032,0.108,18.450,57.150,2.700,35.1
14:44:11.859,262085,-4.226,8.444,0.967,0.123,-0.252,0.298,18.450,57.150,2.700,35.0
14:44:11.911,262140,-3.919,8.519,2.521,-0.067,0.014,0.433,16.050,55.650,1.950,35.3
14:44:11.964,262195,-3.479,9.261,1.712,-0.247,0.093,0.665,16.050,55.650,1.950,35.1
14:44:12.069,262250,-7.008,10.008,1.369,-0.432,-0.170,0.763,16.050,55.650,1.950,35.1
14:44:12.121,262305,-2.746,9.515,1.968,-0.134,0.112,0.588,16.050,55.650,1.950,35.2
14:44:12.174,262360,-4.329,9.378,2.796,-0.078,-0.301,0.742,8.100,54.750,0.300,35.3
14:44:12.228,262415,-1.865,10.278,1.621,-0.076,-0.546,0.623,5.400,56.550,-1.050,34.9
14:44:12.279,262470,-1.870,9.414,2.528,-0.041,-0.121,0.707,5.400,56.550,-1.050,34.9
14:44:12.331,262525,-2.160,9.862,2.679,0.225,-0.310,0.831,2.850,55.650,-1.950,35.1
14:44:12.384,262580,-1.542,9.886,1.607,0.163,-0.351,0.804,2.850,55.650,-1.950,35.1
14:44:12.436,262635,-0.294,10.637,1.448,0.255,-0.184,0.668,-1.500,56.250,-3.150,35.2
14:44:12.489,262690,-0.129,10.147,1.523,0.115,-0.021,0.648,-1.500,56.250,-3.150,35.1
14:44:12.541,262745,-1.365,9.761,1.037,0.226,-0.298,0.711,-4.950,57.000,-5.400,35.1
14:44:12.594,262800,0.426,9.752,1.386,0.521,-0.284,0.949,-4.950,57.000,-5.400,35.0
14:44:12.646,262855,0.352,11.629,1.381,0.538,-0.137,0.845,-9.900,55.350,-7.050,35.0
14:44:12.699,262910,2.710,11.229,1.312,0.160,-0.152,0.067,-9.900,55.350,-7.050,35.0
14:44:12.751,262965,1.719,10.961,0.340,-0.116,-0.001,-0.273,-9.900,55.350,-7.050,35.1
14:44:12.804,263020,1.326,10.317,0.958,-0.115,-0.269,-0.185,-16.500,52.500,-8.850,35.1
14:44:12.856,263075,1.695,9.641,1.116,-0.087,-0.269,-0.110,-16.500,52.500,-8.850,35.2
14:44:12.909,263130,1.164,9.639,0.532,-0.127,-0.234,-0.156,-12.000,51.600,-6.450,35.3
14:44:12.961,263185,0.979,9.493,1.116,-0.107,-0.213,-0.202,-12.000,51.600,-6.450,35.1
14:44:13.120,263240,0.599,9.311,1.013,-0.114,-0.093,-0.121,-11.850,53.100,-7.050,35.0
14:44:13.122,263295,-0.034,9.199,0.622,-0.086,-0.162,-0.078,-11.850,53.100,-7.050,34.9
14:44:13.122,263350,1.657,8.959,1.666,-0.026,-0.182,-0.095,-9.900,51.750,-7.050,35.1
14:44:13.224,263405,0.761,9.764,0.335,0.010,-0.043,-0.068,-9.900,51.750,-7.050,35.3
14:44:13.277,263460,0.656,9.503,0.986,-0.032,-0.140,0.011,-8.550,52.200,-6.900,34.9
14:44:13.331,263515,0.670,9.404,0.946,0.019,-0.218,0.021,-8.550,52.200,-6.900,35.1
14:44:13.381,263570,1.839,11.468,0.970,0.136,0.350,0.095,-8.550,52.200,-6.900,35.5
14:44:13.487,263625,3.361,13.044,2.035,-0.362,-0.304,-1.305,-8.550,52.200,-6.900,35.1
14:44:13.488,263680,-0.582,13.688,1.061,-0.577,-0.009,-1.442,-8.550,52.200,-6.900,34.8
14:44:13.541,263735,0.292,11.990,2.289,-0.533,0.675,-1.320,-3.300,56.100,-7.800,35.1
14:44:13.594,263790,-3.591,12.263,-0.093,-0.683,0.122,-1.182,-3.300,56.100,-7.800,35.1
14:44:13.646,263845,-2.904,10.238,1.927,-0.636,0.839,-0.892,-2.100,53.850,-6.750,35.1
14:44:13.699,263900,-3.491,9.567,2.617,-0.369,0.253,-0.800,-2.100,53.850,-6.750,35.1
14:44:13.749,263955,-4.709,9.718,1.966,-0.190,0.004,-0.613,-1.650,56.400,-1.500,35.1
14:44:13.802,264010,-4.707,8.351,2.782,0.005,0.015,-0.367,3.750,55.800,-2.850,34.9
14:44:13.854,264065,-3.567,8.435,1.908,0.118,-0.176,-0.140,3.750,55.800,-2.850,35.0
14:44:13.959,264120,-3.711,7.554,1.731,0.293,0.017,0.092,13.500,57.750,-1.350,35.3
14:44:13.961,264175,-4.568,7.300,2.248,0.419,-0.300,0.286,13.500,57.750,-1.350,35.1
14:44:14.012,264230,-3.280,7.731,0.771,0.540,0.224,0.519,13.500,57.750,-1.350,35.3
14:44:14.066,264285,-2.310,6.486,1.590,0.548,-0.053,0.465,13.500,57.750,-1.350,35.1
14:44:14.171,264340,-3.141,6.412,2.631,0.632,0.066,0.499,13.500,57.750,-1.350,35.2
14:44:14.173,264395,-1.946,6.337,0.579,0.264,0.205,0.224,13.500,57.750,-1.350,35.2
14:44:14.221,264450,-1.820,2.519,0.280,0.273,0.274,-0.539,19.050,56.250,6.150,34.8
14:44:14.274,264505,-0.687,3.584,-0.445,-0.024,-0.415,-0.991,19.050,56.250,6.150,35.1
14:44:14.434,264560,-3.144,4.187,0.699,-0.809,-0.198,-1.000,24.000,55.200,4.350,35.1
14:44:14.436,264615,-4.470,6.740,0.488,-0.642,0.044,-0.699,26.250,56.400,5.250,35.1
14:44:14.485,264670,-4.508,8.157,1.166,-0.463,0.006,-0.390,26.250,56.400,5.250,35.3
14:44:14.538,264725,-3.622,9.519,0.254,-0.298,0.311,-0.110,22.650,55.350,6.750,35.1
14:44:14.591,264780,-4.331,8.835,1.781,-0.039,-0.168,-0.022,22.650,55.350,6.750,35.1
14:44:14.644,264835,-5.514,9.534,0.725,0.014,-0.166,0.132,21.300,54.750,4.350,35.0
14:44:14.696,264890,-5.260,8.294,1.293,-0.050,-0.209,0.245,21.300,54.750,4.350,35.4
14:44:14.749,264945,-4.029,8.061,1.889,-0.025,-0.355,0.328,21.300,54.750,4.350,35.1
14:44:14.799,265000,-4.199,8.780,1.496,-0.020,0.059,0.539,21.300,54.750,4.350,35.2
14:44:14.854,265055,-2.181,9.103,1.709,-0.084,-0.168,0.590,19.050,55.800,0.600,35.0
14:44:14.904,265110,-3.658,9.036,2.224,0.232,-0.310,0.773,16.050,54.300,1.500,35.2
14:44:14.957,265165,-3.809,9.680,1.506,0.102,-0.408,0.741,16.050,54.300,1.500,35.1
14:44:15.009,265220,-0.577,9.641,1.334,0.034,-0.220,0.888,11.400,54.900,-1.500,35.1
14:44:15.061,265275,-3.342,10.104,1.633,-0.159,-0.094,0.861,11.400,54.900,-1.500,35.2
14:44:15.114,265330,-0.735,10.118,2.272,-0.108,-0.051,0.606,5.550,54.600,-1.500,35.1
14:44:15.169,265385,-2.229,10.130,1.381,-0.026,-0.366,0.572,5.550,54.600,-1.500,35.3
14:44:15.219,265440,-1.061,10.039,1.657,-0.100,0.115,0.506,3.000,53.700,-3.150,35.2
14:44:15.271,265495,-0.778,9.754,2.437,-0.008,-0.049,0.479,3.000,53.700,-3.150,35.1
14:44:15.324,265550,-0.749,9.689,1.434,0.112,0.040,0.637,1.050,54.450,-3.900,35.2
14:44:15.379,265605,-0.977,10.221,2.430,0.327,-0.266,0.841,1.050,54.450,-3.900,34.7
14:44:15.431,265660,0.843,10.721,1.420,0.154,-0.107,0.460,1.050,54.450,-3.900,35.4
14:44:15.534,265715,0.687,10.697,0.558,-0.018,-0.124,-0.058,-4.050,53.850,-8.550,35.1
14:44:15.588,265770,0.146,9.515,1.415,-0.219,0.127,-0.039,-4.050,53.850,-8.550,35.1
14:44:15.642,265825,-0.479,10.058,1.460,0.093,-0.154,0.178,-6.000,55.350,-10.050,35.1
14:44:15.693,265880,0.273,10.570,1.063,0.043,-0.148,0.176,-6.000,55.350,-10.050,35.3
14:44:15.745,265935,0.790,11.047,1.369,0.025,0.148,0.046,-5.550,54.900,-10.350,35.3
14:44:15.796,265990,0.333,10.527,0.843,-0.104,-0.042,-0.006,-5.550,54.900,-10.350,35.2
14:44:15.849,266045,0.436,9.519,0.986,-0.095,0.079,0.129,-7.050,54.900,-8.850,35.1
14:44:15.901,266101,1.381,8.535,1.350,0.077,0.162,0.100,-7.050,54.900,-8.850,35.3
14:44:15.953,266155,1.331,7.982,0.742,0.010,-0.123,-0.109,-7.500,55.350,-8.100,35.2
14:44:16.006,266210,-0.072,9.577,0.800,0.028,-0.059,-0.054,-5.400,55.500,-11.250,35.3
14:44:16.059,266265,1.932,12.768,1.542,-0.070,-0.062,0.138,-5.400,55.500,-11.250,35.2
14:44:16.112,266320,2.351,13.712,0.663,-0.192,-0.219,-0.327,-5.400,55.500,-11.250,35.3
14:44:16.165,266375,1.204,13.539,0.996,-0.588,-0.190,-1.162,-5.400,55.500,-11.250,35.0
14:44:16.218,266430,-0.378,12.318,1.911,-0.581,0.468,-1.312,-3.300,56.100,-7.800,35.1
14:44:16.270,266485,-0.893,12.122,1.360,-0.613,0.351,-1.340,-3.300,56.100,-7.800,35.3
14:44:16.322,266540,-3.512,11.645,1.475,-0.390,0.355,-1.327,3.300,57.150,-6.000,35.3
14:44:16.375,266595,-2.497,10.034,2.195,-0.146,0.428,-1.234,3.300,57.150,-6.000,35.2
14:44:16.427,266650,-4.448,9.294,1.561,-0.394,0.123,-1.020,9.600,58.350,-5.850,35.1
14:44:16.480,266705,-4.164,8.231,2.358,-0.074,0.069,-0.890,9.600,58.350,-5.850,35.2
14:44:16.531,266760,-3.627,7.654,1.808,-0.056,0.215,-0.609,13.500,56.550,-2.550,35.1
14:44:16.585,266815,-3.687,6.900,2.421,-0.045,0.245,-0.349,17.700,56.700,-1.200,34.8
14:44:16.690,266870,-4.111,6.644,3.259,0.122,0.171,-0.123,17.700,56.700,-1.200,35.2
14:44:16.742,266925,-4.776,6.598,2.119,0.134,-0.115,0.046,23.250,57.750,2.550,35.1
14:44:16.793,266980,-4.044,6.404,3.484,0.362,0.141,0.313,23.250,57.750,2.550,35.3
14:44:16.846,267035,-4.609,7.649,1.997,0.321,-0.022,0.505,23.250,57.750,2.550,35.3
14:44:16.899,267090,-4.353,8.662,1.518,0.223,0.178,0.759,23.250,57.750,2.550,35.4
14:44:16.951,267145,-1.482,3.388,0.953,0.349,0.229,0.449,21.750,58.350,6.900,35.1
14:44:17.004,267200,-3.057,1.954,0.031,0.432,0.054,-0.202,21.750,58.350,6.900,35.0
14:44:17.056,267255,-0.031,2.722,0.280,0.584,-0.311,-0.882,23.250,58.050,4.650,35.1
14:44:17.110,267310,-3.074,4.202,0.261,-0.440,-0.073,-1.022,31.800,57.300,1.800,35.3
14:44:17.213,267365,-3.543,6.522,0.792,-0.304,-0.432,-0.801,31.800,57.300,1.800,35.1
14:44:17.215,267420,-3.634,7.582,1.767,-0.054,0.111,-0.196,31.200,54.300,-0.450,35.2
14:44:17.267,267475,-8.083,8.978,1.300,-0.141,-0.608,0.068,31.200,54.300,-0.450,35.3
14:44:17.320,267530,-6.929,10.022,0.419,-0.126,0.430,0.336,24.900,55.800,-0.600,35.2
14:44:17.372,267585,-3.598,9.275,1.719,-0.300,-0.149,0.369,24.900,55.800,-0.600,35.1
14:44:17.425,267640,-5.598,9.029,1.374,-0.039,-0.277,0.483,20.400,52.500,0.450,35.2
14:44:17.477,267695,-3.639,9.222,3.316,0.126,-0.001,0.519,20.400,52.500,0.450,35.3
14:44:17.529,267750,-6.084,8.897,1.645,-0.163,-0.347,0.741,20.400,52.500,0.450,35.3
14:44:17.581,267805,-2.741,9.273,1.731,-0.035,0.231,0.985,16.800,53.850,1.500,35.1
14:44:17.635,267860,-1.932,9.060,1.432,-0.255,-0.322,0.849,16.800,53.850,1.500,35.1
14:44:17.688,267915,-4.975,10.269,1.068,0.017,0.109,0.910,12.450,55.800,-1.350,35.3
14:44:17.740,267970,-1.523,9.629,1.935,-0.005,0.104,0.810,12.450,55.800,-1.350,35.1
14:44:17.844,268025,-2.648,10.367,1.642,0.022,-0.141,0.890,8.700,56.100,-2.700,35.1
14:44:17.897,268080,-0.438,10.317,1.846,0.034,0.316,0.852,8.700,56.100,-2.700,35.3
14:44:17.950,268135,-0.342,10.084,1.776,0.006,-0.074,0.709,3.450,57.750,-5.100,35.2
14:44:18.001,268190,-2.282,10.989,1.446,0.315,-0.031,0.779,3.450,57.750,-5.100,35.4
14:44:18.054,268245,0.215,10.877,1.300,0.064,-0.094,0.657,-1.500,55.800,-6.150,35.1
14:44:18.107,268300,0.086,10.580,1.080,0.104,-0.022,0.661,-1.500,55.800,-6.150,35.4
14:44:18.160,268355,0.371,10.125,1.458,0.242,-0.014,0.513,-7.650,56.250,-7.950,35.2
14:44:18.212,268410,1.063,10.398,0.886,0.182,0.085,0.354,-7.650,56.250,-7.950,35.1
14:44:18.265,268465,1.365,10.166,1.381,0.063,0.164,0.109,-7.650,56.250,-7.950,35.3
14:44:18.317,268520,1.575,10.242,1.058,0.005,0.161,-0.035,-7.650,56.250,-7.950,35.2
14:44:18.370,268575,0.759,9.929,1.180,-0.005,-0.116,-0.034,-7.650,56.250,-7.950,35.0
14:44:18.475,268630,1.405,9.538,0.965,-0.026,-0.009,-0.092,-13.800,53.550,-9.300,35.3
14:44:18.477,268685,0.955,9.081,1.032,-0.074,-0.281,-0.164,-13.800,53.550,-9.300,35.4
14:44:18.528,268740,0.441,9.057,0.919,-0.062,-0.239,-0.062,-11.550,51.600,-9.450,35.3
14:44:18.579,268795,3.883,15.206,1.314,-0.037,-0.068,-0.238,-11.550,51.600,-9.450,34.8
14:44:18.632,268850,2.351,13.637,1.650,-0.603,-0.325,-1.237,-10.500,53.400,-8.700,35.4
14:44:18.685,268905,0.912,12.340,0.709,-0.365,-0.041,-1.299,-4.950,54.750,-7.650,35.4
14:44:18.737,268960,-0.388,11.404,1.434,-0.521,0.511,-1.215,-4.950,54.750,-7.650,35.1
14:44:18.840,269015,-2.804,11.171,2.761,-0.604,-0.005,-1.425,1.500,54.000,-5.100,35.2
14:44:18.842,269070,-3.740,10.733,1.982,-0.633,0.298,-1.456,1.500,54.000,-5.100,35.2
14:44:18.894,269125,-3.888,9.141,2.483,-0.496,0.283,-1.142,1.500,54.000,-5.100,35.1
14:44:18.999,269180,-4.506,8.468,2.837,-0.309,-0.388,-0.990,1.500,54.000,-5.100,35.3
14:44:19.051,269235,-4.863,7.961,1.654,-0.105,0.149,-0.560,1.500,54.000,-5.100,35.5
14:44:19.105,269290,-5.033,7.429,2.677,-0.105,0.361,-0.242,1.500,54.000,-5.100,35.6
14:44:19.157,269345,-3.654,6.610,3.105,0.132,0.131,-0.040,9.000,56.700,0.450,35.4
14:44:19.210,269400,-4.846,7.219,2.543,0.389,0.305,0.295,9.000,56.700,0.450,35.2
14:44:19.262,269455,-4.197,7.578,1.185,0.465,0.358,0.518,13.200,58.050,-0.600,35.4
14:44:19.367,269510,-3.493,5.198,1.786,0.468,0.176,0.703,13.350,58.950,1.950,35.1
14:44:19.419,269565,-0.989,1.520,0.306,0.400,-0.274,0.317,13.350,58.950,1.950,35.0
14:44:19.420,269620,-1.640,2.919,-0.802,0.209,-0.641,-0.502,10.950,61.500,-1.950,35.1
14:44:19.472,269675,-3.124,3.103,0.505,-0.060,0.061,-0.906,10.950,61.500,-1.950,35.1
14:44:19.525,269730,-2.820,4.326,2.193,-0.085,-0.332,-0.975,13.500,60.600,-3.900,35.4
14:44:19.576,269785,-6.105,6.814,1.281,0.193,-0.415,-0.614,13.500,60.600,-3.900,35.1
14:44:19.630,269840,-4.520,8.906,0.828,-0.223,-0.288,-0.078,13.500,60.600,-3.900,35.4
14:44:19.682,269895,-4.477,8.404,1.528,-0.324,-0.389,0.265,13.500,60.600,-3.900,35.3
14:44:19.735,269950,-4.872,7.659,2.076,-0.496,-0.545,0.576,13.500,60.600,-3.900,35.0
14:44:19.787,270005,-3.991,9.723,1.480,-0.236,0.442,0.803,16.500,56.400,-4.200,35.4
14:44:19.839,270060,-3.709,8.552,3.278,-0.345,-0.891,0.535,16.500,56.400,-4.200,35.3
14:44:19.892,270115,-5.401,10.238,1.046,0.016,-0.060,0.886,16.800,58.650,-7.050,35.3
14:44:19.945,270170,-3.788,9.076,2.653,-0.098,-0.139,0.919,16.800,58.650,-7.050,35.3
14:44:19.996,270225,-4.135,9.333,2.327,0.060,-0.167,0.942,14.700,58.800,-12.000,35.3
14:44:20.048,270280,-4.389,9.831,1.879,-0.070,-0.253,1.081,14.700,58.800,-12.000,35.2
14:44:20.155,270335,0.438,9.618,2.377,0.144,0.414,1.036,11.850,57.450,-12.600,35.3
14:44:20.207,270390,-1.343,10.592,2.083,0.080,0.163,1.152,11.850,57.450,-12.600,35.3
14:44:20.259,270445,-0.891,10.036,2.107,0.172,-0.200,1.098,5.700,58.800,-14.250,34.9
14:44:20.313,270500,-0.366,10.623,1.683,0.225,0.098,0.972,5.700,58.800,-14.250,35.3
14:44:20.365,270555,0.570,10.525,1.626,0.220,-0.217,0.669,5.700,58.800,-14.250,35.4
14:44:20.417,270610,0.611,10.865,0.668,0.152,0.088,0.463,5.700,58.800,-14.250,35.3
14:44:20.470,270665,1.401,9.900,1.597,0.196,0.021,0.328,5.700,58.800,-14.250,35.4
14:44:20.522,270720,1.032,10.216,0.931,0.148,-0.285,0.359,-6.600,53.700,-13.800,35.1
14:44:20.575,270775,1.587,10.628,2.823,0.187,0.050,0.292,-6.600,53.700,-13.800,35.2
14:44:20.626,270830,2.509,11.119,0.821,-0.045,0.167,-0.027,-11.250,53.400,-13.050,35.3
14:44:20.680,270885,1.089,9.787,1.089,-0.157,-0.175,-0.201,-11.250,53.400,-13.050,35.3
14:44:20.732,270940,1.362,9.136,0.824,-0.088,-0.288,-0.105,-9.450,52.500,-10.650,35.3
14:44:20.785,270995,0.924,8.698,0.503,-0.094,-0.257,-0.029,-9.450,52.500,-10.650,35.2
14:44:20.836,271050,2.693,11.229,1.695,0.013,0.269,-0.087,-9.600,54.750,-11.250,35.3
14:44:20.889,271105,2.856,14.121,1.372,-0.539,-0.274,-0.929,-9.900,52.800,-10.050,35.3
14:44:20.942,271160,3.230,13.815,-0.158,-0.526,-0.114,-1.573,-9.900,52.800,-10.050,35.1
14:44:20.995,271215,-1.961,11.619,2.593,-0.715,0.299,-1.460,-5.250,56.100,-8.100,35.3
14:44:21.046,271270,-1.240,11.758,1.281,-0.513,0.789,-1.377,-5.250,56.100,-8.100,35.1
14:44:21.099,271325,-2.215,10.257,2.717,-0.382,0.677,-1.090,-5.250,56.100,-8.100,35.4
14:44:21.152,271380,-4.568,9.744,2.796,-0.143,0.014,-0.869,-5.250,56.100,-8.100,35.5
14:44:21.205,271435,-2.892,9.436,2.102,-0.100,0.214,-0.588,-5.250,56.100,-8.100,35.9
14:44:21.310,271490,-4.513,9.337,1.099,-0.339,-0.070,-0.544,-5.250,56.100,-8.100,35.3
14:44:21.362,271545,-4.405,8.011,0.582,-0.199,0.257,-0.183,8.250,54.900,6.300,35.1
14:44:21.415,271600,-3.546,6.931,2.789,0.064,0.479,0.243,9.900,57.150,6.000,35.4
14:44:21.467,271655,-3.136,6.981,3.215,0.651,0.134,0.619,9.900,57.150,6.000,35.5
14:44:21.520,271710,-3.098,7.594,1.695,0.693,0.019,0.912,14.700,57.750,5.400,35.3
14:44:21.571,271765,-3.994,7.211,1.027,0.233,-0.040,1.019,14.700,57.750,5.400,35.1
14:44:21.624,271820,-1.238,4.520,1.358,0.458,0.067,0.630,9.600,57.750,7.950,35.3
14:44:21.678,271875,-0.941,1.750,0.285,0.705,0.250,-0.434,9.600,57.750,7.950,35.3
14:44:21.730,271930,2.253,2.179,0.103,0.271,-0.267,-1.142,10.800,58.350,5.400,35.4
14:44:21.782,271985,-1.128,3.572,1.635,-0.403,0.074,-1.322,10.800,58.350,5.400,35.3
14:44:21.835,272040,-3.419,6.031,1.027,-0.424,0.039,-1.076,10.800,58.350,5.400,35.4
14:44:21.886,272095,-2.818,7.262,1.992,-0.025,-0.212,-0.727,10.800,58.350,5.400,35.3
14:44:21.940,272150,-6.201,9.706,0.108,-0.064,-0.069,-0.265,10.800,58.350,5.400,35.2
14:44:21.992,272205,-5.334,10.230,0.632,-0.212,-0.080,0.139,19.950,53.850,1.500,35.2
14:44:22.045,272260,-2.988,8.739,2.073,-0.086,-0.405,0.285,19.950,53.850,1.500,35.3
14:44:22.096,272315,-5.516,9.129,0.943,-0.001,-0.145,0.456,16.050,53.850,1.200,35.1
14:44:22.254,272370,-2.940,8.784,1.815,-0.066,-0.714,0.540,16.050,53.850,1.200,35.3
14:44:22.256,272425,-4.738,9.708,0.611,-0.124,0.166,0.924,14.100,52.500,1.950,35.3
14:44:22.258,272480,-3.895,10.070,2.160,-0.130,-0.098,0.915,14.100,52.500,1.950,35.4
14:44:22.307,272535,-2.313,10.250,1.590,-0.206,-0.012,0.843,10.950,53.550,-0.450,35.3
14:44:22.360,272590,-2.636,10.484,1.920,0.089,-0.110,0.832,10.950,53.550,-0.450,35.7
14:44:22.465,272645,-0.953,10.664,1.575,0.091,-0.065,0.687,5.550,53.100,-1.950,35.4
14:44:22.517,272700,-1.867,10.482,1.125,0.089,-0.114,0.749,2.400,53.850,-5.250,35.3
14:44:22.569,272755,-1.293,10.190,1.544,0.072,-0.003,0.799,2.400,53.850,-5.250,35.4
14:44:22.622,272810,-0.960,10.657,1.022,0.172,0.048,0.835,2.400,53.850,-5.250,35.3
14:44:22.675,272865,-0.450,10.264,1.482,0.130,0.158,0.823,2.400,53.850,-5.250,35.3
14:44:22.726,272920,0.096,10.685,1.089,0.196,-0.362,0.621,-7.650,53.400,-8.400,35.4
14:44:22.779,272975,0.833,10.470,1.030,0.126,-0.148,0.421,-7.650,53.400,-8.400,35.5
14:44:22.832,273030,1.573,10.364,0.845,0.059,-0.386,0.079,-10.500,52.200,-9.450,35.2
14:44:22.884,273085,1.460,10.372,0.788,-0.113,-0.091,-0.008,-10.500,52.200,-9.450,35.3
14:44:22.937,273140,1.733,9.867,0.359,-0.059,-0.072,-0.089,-10.950,51.750,-8.100,35.3
14:44:22.990,273195,0.792,9.821,0.996,-0.158,0.003,-0.124,-10.950,51.750,-8.100,35.3
14:44:23.041,273250,0.553,9.661,0.876,-0.055,-0.158,-0.103,-10.650,52.050,-6.750,35.3
14:44:23.094,273305,0.433,9.246,0.579,-0.106,-0.222,0.032,-8.700,53.550,-6.300,35.2
14:44:23.146,273360,0.433,9.203,0.905,0.003,-0.107,0.095,-8.700,53.550,-6.300,35.4
14:44:23.200,273415,1.247,9.826,1.003,0.014,-0.387,0.116,-9.300,53.700,-7.650,35.5
14:44:23.252,273470,0.079,10.369,0.395,-0.058,-0.419,0.011,-9.300,53.700,-7.650,35.0
14:44:23.305,273525,0.931,9.675,0.790,-0.124,-0.305,-0.132,-9.300,53.700,-7.650,35.3
14:44:23.357,273580,3.622,11.870,1.954,0.009,-0.217,-0.303,-9.300,53.700,-7.650,35.4
14:44:23.410,273635,1.027,13.214,1.264,-0.643,-0.240,-1.150,-9.300,53.700,-7.650,35.4
14:44:23.462,273690,-0.235,12.807,1.451,-0.637,0.162,-1.296,-9.300,53.700,-7.650,35.5
14:44:23.515,273745,-1.039,12.380,2.136,-0.508,0.140,-1.247,-2.850,54.300,-4.800,35.7
14:44:23.619,273800,-2.523,12.031,2.212,-0.491,0.353,-1.135,3.750,53.700,-0.600,35.3
14:44:23.724,273855,-3.237,10.321,3.393,-0.075,-0.348,-0.907,3.750,53.700,-0.600,35.0
14:44:23.726,273910,-2.411,9.790,1.238,-0.077,0.030,-0.776,4.200,52.650,3.600,35.1
14:44:23.777,273965,-4.949,9.072,1.549,-0.487,0.247,-0.659,4.200,52.650,3.600,35.3
14:44:23.833,274020,-3.388,9.744,0.627,-0.649,0.042,-0.634,3.750,53.700,10.950,35.5
14:44:23.881,274075,-4.274,7.721,2.447,-0.355,-0.046,-0.479,3.750,53.700,10.950,35.3
14:44:23.934,274130,-2.456,6.721,1.935,-0.047,0.175,-0.178,4.650,55.200,11.250,35.5
14:44:23.987,274185,-4.360,6.385,2.351,0.263,0.151,0.045,4.650,55.200,11.250,35.5
14:44:24.039,274240,-3.033,6.400,2.512,0.392,0.025,0.191,4.650,55.200,11.250,35.1
14:44:24.093,274295,-5.140,7.324,1.638,0.545,0.037,0.494,4.650,55.200,11.250,35.0
14:44:24.196,274350,-4.235,7.535,1.671,0.444,0.088,0.937,4.650,55.200,11.250,35.7
14:44:24.198,274405,-1.899,7.930,1.101,0.410,0.376,1.141,16.650,60.900,3.900,35.5
14:44:24.250,274460,-1.492,5.957,1.487,0.243,0.303,0.879,16.650,60.900,3.900,35.4
14:44:24.301,274515,-1.398,6.634,-0.163,0.353,-0.293,0.206,12.150,62.850,3.000,35.1
14:44:24.355,274570,-1.298,6.919,0.045,0.022,0.014,-0.147,12.150,62.850,3.000,35.3
14:44:24.407,274625,-1.190,8.231,0.455,-0.249,0.250,-0.143,12.600,61.800,2.700,35.4
14:44:24.512,274680,-2.361,9.653,0.208,-0.327,-0.213,-0.167,12.600,61.800,2.700,35.2
14:44:24.514,274735,-2.564,9.507,0.283,-0.461,0.217,-0.086,12.750,61.650,5.100,35.5
14:44:24.565,274790,-2.631,8.100,1.235,-0.265,0.051,-0.189,12.750,61.650,5.100,35.5
14:44:24.616,274845,-1.267,6.692,1.492,-0.180,0.194,-0.418,12.750,61.350,5.400,35.3
14:44:24.669,274900,-2.097,5.899,1.331,-0.087,0.116,-0.956,12.750,61.350,5.400,35.3
14:44:24.775,274955,-3.136,5.818,2.416,0.278,0.004,-1.104,12.750,61.350,5.400,35.3
14:44:24.827,275010,-4.920,7.731,0.725,-0.032,-0.146,-0.975,24.600,59.250,1.200,35.7
14:44:24.879,275065,-4.324,7.580,1.341,-0.384,0.151,-0.571,24.600,59.250,1.200,35.2
14:44:24.932,275120,-6.304,7.329,1.219,-0.302,-0.065,-0.274,22.950,59.550,-1.350,35.3
14:44:24.985,275175,-1.314,6.653,2.454,-0.120,-0.290,-0.032,22.950,59.550,-1.350,35.3
14:44:25.037,275230,-5.452,7.898,2.538,0.115,-0.377,0.158,21.300,57.000,-2.100,35.6
14:44:25.090,275285,-5.181,7.712,1.551,-0.099,-0.544,0.286,21.300,57.000,-2.100,35.7
14:44:25.141,275340,-6.699,8.298,2.456,-0.008,-0.064,0.701,21.900,56.700,1.500,35.4
14:44:25.194,275395,-2.907,9.167,2.444,-0.236,0.132,0.764,21.900,56.700,1.500,35.5
14:44:25.247,275450,-5.210,10.568,0.984,-0.088,-0.078,0.779,16.200,56.250,-0.600,35.3
14:44:25.300,275505,-2.727,10.427,1.293,-0.257,0.104,0.791,9.000,57.450,-0.900,35.3
14:44:25.352,275560,-2.258,9.989,2.002,-0.011,-0.492,0.816,9.000,57.450,-0.900,35.4
14:44:25.405,275615,-3.285,10.259,1.745,-0.009,-0.192,0.553,9.000,57.450,-0.900,35.3
14:44:25.457,275670,-2.756,10.319,1.468,-0.048,0.126,0.695,9.000,57.450,-0.900,35.3
14:44:25.562,275725,-1.149,9.890,2.212,0.050,0.213,0.705,2.250,56.550,0.300,35.3
14:44:25.564,275780,-0.802,11.138,1.324,0.003,0.189,0.576,2.250,56.550,0.300,35.8
14:44:25.615,275835,-1.300,10.527,1.757,0.095,-0.204,0.551,-2.100,56.700,-1.200,35.3
14:44:25.666,275890,-0.345,10.276,2.097,0.147,0.153,0.648,-2.100,56.700,-1.200,35.4
14:44:25.720,275945,-1.271,10.039,1.391,0.281,0.017,0.778,-3.600,57.150,-3.000,35.4
14:44:25.771,276000,0.134,10.321,0.874,0.130,-0.141,0.750,-8.700,56.400,-3.750,35.4
14:44:25.824,276055,0.441,10.312,0.977,0.102,0.031,0.511,-8.700,56.400,-3.750,35.4
14:44:25.929,276110,0.498,10.199,1.410,0.147,0.092,0.329,-10.200,56.700,-4.800,35.3
14:44:25.982,276165,1.077,10.633,1.391,0.068,0.073,0.302,-10.200,56.700,-4.800,35.4
14:44:26.033,276220,0.285,10.068,1.592,0.049,-0.364,0.176,-13.500,53.700,-5.850,35.3
14:44:26.086,276275,2.160,9.881,0.742,-0.072,-0.074,0.015,-13.500,53.700,-5.850,35.1
14:44:26.139,276330,0.654,9.574,1.001,-0.159,-0.119,-0.029,-13.500,53.700,-5.850,35.5
14:44:26.191,276385,1.039,8.914,1.183,-0.007,-0.114,-0.014,-13.500,53.700,-5.850,35.4
14:44:26.244,276440,0.955,8.933,1.075,-0.035,-0.096,-0.025,-13.500,53.700,-5.850,35.4
14:44:26.297,276495,1.358,10.949,0.869,-0.008,0.049,0.113,-13.200,58.050,-5.100,35.4
14:44:26.350,276550,1.666,12.989,1.537,-0.257,0.308,-0.148,-13.200,58.050,-5.100,35.4
14:44:26.402,276605,3.390,12.198,2.059,-0.339,0.087,-0.756,-13.350,54.600,-4.200,35.2
14:44:26.455,276660,0.251,13.139,-0.096,-0.586,0.393,-1.292,-13.350,54.600,-4.200,35.3
14:44:26.561,276715,-0.565,11.073,2.409,-0.471,0.078,-1.379,-9.300,55.800,-1.800,35.4
14:44:26.612,276770,-1.063,11.305,1.642,-0.509,0.116,-1.212,-9.300,55.800,-1.800,35.3
14:44:26.614,276825,-2.174,10.369,3.122,-0.391,-0.072,-1.206,-4.350,56.100,0.900,35.5
14:44:26.664,276880,-3.455,11.322,2.454,-0.393,-0.207,-0.967,-4.350,56.100,0.900,35.2
14:44:26.717,276935,-5.301,9.946,1.523,-0.353,0.416,-0.818,3.300,56.700,4.200,35.7
14:44:26.770,276990,-2.825,8.734,2.907,-0.435,0.386,-0.503,3.300,56.700,4.200,35.5
14:44:26.822,277045,-4.053,7.628,3.261,-0.248,-0.196,-0.345,10.950,57.900,4.200,35.3
14:44:26.875,277101,-5.095,7.298,3.606,0.219,0.344,-0.024,10.950,57.900,4.200,35.3
14:44:26.926,277155,-2.128,7.068,3.517,0.468,0.155,0.200,10.950,57.900,4.200,35.3
14:44:26.979,277210,-2.382,7.441,1.607,0.350,0.058,0.468,22.350,57.150,9.600,35.3
14:44:27.085,277265,-2.282,6.335,2.820,0.430,0.187,0.667,22.350,57.150,9.600,35.3
14:44:27.137,277320,-2.772,7.357,2.361,0.526,0.251,0.842,19.050,58.800,10.950,35.7
14:44:27.189,277375,-3.582,6.507,2.591,0.472,0.167,0.853,19.050,58.800,10.950,35.4
14:44:27.241,277430,-1.927,6.574,0.022,0.525,0.386,0.597,13.950,57.000,12.000,35.3
14:44:27.294,277485,-1.480,7.135,0.280,0.423,0.039,0.190,13.950,57.000,12.000,35.4
14:44:27.347,277540,-2.361,8.260,-0.215,0.124,-0.139,0.024,14.550,57.450,13.950,35.4
14:44:27.400,277595,-1.300,8.533,0.855,-0.129,0.130,-0.058,11.250,57.750,12.750,35.4
14:44:27.452,277650,-3.285,9.620,-0.522,-0.177,-0.044,-0.102,11.250,57.750,12.750,35.5
14:44:27.505,277705,-2.186,9.177,0.608,-0.195,0.074,-0.172,10.800,56.550,13.500,35.4
14:44:27.556,277760,-2.136,8.801,1.077,-0.211,-0.018,-0.267,10.800,56.550,13.500,35.3
14:44:27.609,277815,-1.935,7.819,0.740,-0.130,-0.108,-0.477,10.800,56.550,13.500,35.4
14:44:27.662,277870,-2.557,6.610,0.369,0.054,-0.086,-0.903,10.800,56.550,13.500,35.4
14:44:27.714,277925,-2.174,5.823,1.199,0.063,-0.244,-1.091,15.450,58.350,12.300,35.5
14:44:27.767,277980,-2.188,5.947,1.401,-0.135,-0.095,-1.075,15.450,58.350,12.300,35.5
14:44:27.819,278035,-3.515,7.807,0.316,-0.265,-0.256,-0.801,21.150,56.100,7.800,35.5
14:44:27.872,278090,-4.341,8.492,1.317,-0.184,0.007,-0.344,21.150,56.100,7.800,35.4
14:44:27.925,278145,-4.853,8.404,1.089,-0.203,-0.298,-0.227,23.700,55.200,3.900,35.4
14:44:27.978,278200,-4.901,8.696,1.477,-0.128,-0.431,-0.032,23.850,53.550,4.200,35.4
14:44:28.030,278255,-4.111,8.803,1.604,-0.091,-0.134,0.290,23.850,53.550,4.200,35.5
14:44:28.082,278310,-5.171,8.796,2.473,-0.173,-0.174,0.437,22.500,54.450,3.150,35.3
14:44:28.135,278365,-5.246,9.694,1.049,-0.390,-0.367,0.450,22.500,54.450,3.150,35.5
14:44:28.239,278420,-1.214,9.218,2.935,-0.497,0.135,0.633,18.750,55.350,4.200,35.4
14:44:28.291,278475,-4.568,8.586,3.792,-0.179,-0.354,0.694,18.750,55.350,4.200,35.8
14:44:28.345,278530,-3.077,9.510,1.990,0.083,-0.043,0.768,18.750,55.350,4.200,35.4
14:44:28.396,278585,-1.750,9.134,2.179,0.142,0.098,0.924,18.750,55.350,4.200,35.2
14:44:28.449,278640,-1.896,10.183,1.595,-0.004,0.101,1.004,8.550,55.200,3.150,35.5
14:44:28.503,278695,-1.180,10.072,2.449,0.135,0.462,1.003,2.700,54.000,0.600,35.3
14:44:28.607,278750,-1.990,10.700,2.014,0.193,-0.369,0.822,2.700,54.000,0.600,35.3
14:44:28.609,278805,-1.255,10.851,1.731,0.230,0.257,0.789,-2.400,54.600,-1.500,35.3
14:44:28.660,278860,0.168,10.942,1.041,0.102,0.096,0.779,-2.400,54.600,-1.500,35.2
14:44:28.711,278915,-0.120,10.417,1.609,0.113,0.554,0.804,-7.650,52.950,-2.550,35.5
14:44:28.764,278970,0.373,10.063,2.421,0.379,0.462,0.667,-7.650,52.950,-2.550,35.3
14:44:28.817,279025,-0.565,10.333,1.834,0.405,-0.153,0.369,-12.600,53.550,-3.750,35.1
14:44:28.870,279080,1.051,10.432,0.962,0.110,0.268,0.098,-12.600,53.550,-3.750,35.2
14:44:28.921,279135,0.615,10.518,0.816,-0.207,0.023,-0.125,-15.300,51.000,-3.000,35.7
14:44:28.974,279190,0.625,9.428,1.221,-0.056,0.085,-0.150,-15.300,51.000,-3.000,35.3
14:44:29.027,279245,0.371,9.665,1.075,-0.041,0.003,-0.096,-15.300,51.000,-3.000,35.4
14:44:29.079,279300,0.838,9.555,1.350,-0.057,0.025,-0.071,-13.950,50.400,-5.100,35.7
14:44:29.132,279355,0.426,9.304,1.173,-0.005,-0.009,-0.104,-13.950,50.400,-5.100,35.3
14:44:29.185,279410,0.548,9.419,0.960,-0.102,-0.018,-0.108,-13.950,52.950,-2.850,35.2
14:44:29.236,279465,0.268,9.479,0.919,-0.009,-0.044,-0.053,-13.950,52.950,-2.850,35.4
14:44:29.289,279520,0.438,9.625,0.845,0.032,0.051,0.004,-13.350,52.500,-1.950,35.5
14:44:29.395,279575,0.646,9.493,1.369,0.001,0.010,-0.015,-13.350,52.500,-1.950,35.5
14:44:29.446,279630,0.263,9.668,0.891,-0.007,0.066,-0.039,-15.450,51.900,-2.850,35.7
14:44:29.500,279685,0.302,9.495,1.228,0.049,-0.005,0.007,-15.450,51.900,-2.850,35.5
14:44:29.552,279740,0.007,12.254,0.931,-0.050,-0.401,0.161,-15.300,51.000,-4.500,35.6
14:44:29.605,279795,1.480,12.701,0.505,-0.240,-0.278,-0.520,-14.850,52.800,-3.750,35.2
14:44:29.657,279850,1.949,12.589,2.157,-0.652,0.021,-1.087,-14.850,52.800,-3.750,35.5
14:44:29.709,279905,-0.948,12.936,1.257,-0.381,0.065,-1.612,-14.850,52.800,-3.750,35.8
14:44:29.761,279960,-1.908,11.042,1.872,-0.480,-0.057,-1.524,-14.850,52.800,-3.750,35.3
14:44:29.815,280015,-3.237,10.010,1.872,-0.528,-0.248,-1.099,-14.850,52.800,-3.750,35.8
14:44:29.867,280070,-3.598,9.364,1.968,-0.614,0.166,-0.833,-14.850,52.800,-3.750,35.7
14:44:29.919,280125,-2.799,9.400,1.870,-0.260,0.221,-0.718,5.550,56.100,1.500,35.4
14:44:29.971,280180,-4.003,8.198,3.405,-0.257,-0.003,-0.614,5.550,56.100,1.500,35.3
14:44:30.025,280235,-4.243,8.576,2.069,-0.078,0.107,-0.424,7.350,55.800,1.350,35.5
14:44:30.077,280290,-4.769,8.200,2.248,-0.086,0.122,-0.247,7.350,55.800,1.350,35.5
14:44:30.180,280345,-5.459,7.877,2.574,0.084,-0.042,-0.135,9.900,57.900,2.250,35.8
14:44:30.182,280400,-5.181,7.989,2.035,0.324,0.159,0.133,16.650,58.350,1.050,35.5
14:44:30.234,280455,-4.841,7.635,3.553,0.516,-0.045,0.367,16.650,58.350,1.050,35.8
14:44:30.286,280510,-3.912,8.696,0.560,0.216,-0.275,0.476,17.700,58.950,0.450,35.5
14:44:30.339,280565,-3.548,7.439,2.212,0.533,0.333,0.731,17.700,58.950,0.450,35.4
14:44:30.393,280620,-0.335,6.759,1.808,0.509,-0.083,0.798,17.700,58.950,0.450,35.5
14:44:30.445,280675,-0.170,6.239,1.712,0.221,-0.429,0.833,17.700,58.950,0.450,35.7
14:44:30.550,280730,-1.092,6.163,0.081,0.414,-0.358,0.630,17.700,58.950,0.450,35.8
14:44:30.602,280785,-1.707,5.883,0.977,0.352,-0.060,0.102,17.700,58.950,0.450,35.4
14:44:30.655,280840,-1.741,6.857,0.816,0.024,0.065,-0.203,17.100,59.550,7.950,35.4
14:44:30.707,280895,-2.617,8.918,0.081,-0.232,0.088,-0.204,15.450,60.150,7.200,35.5
14:44:30.812,280950,-2.160,9.397,0.397,-0.321,0.097,-0.199,15.450,60.150,7.200,35.2
14:44:30.814,281005,-2.435,9.043,0.249,-0.301,-0.027,-0.224,14.250,58.350,6.450,35.3
14:44:30.865,281060,-2.334,7.556,0.860,-0.269,0.088,-0.255,14.250,58.350,6.450,35.6
14:44:30.916,281115,-2.933,5.990,0.833,-0.229,-0.020,-0.685,20.400,58.950,8.100,35.5
14:44:30.969,281170,-2.456,6.543,1.032,-0.144,-0.022,-0.939,20.400,58.950,8.100,35.5
14:44:31.022,281225,-1.171,6.242,2.540,-0.302,-0.258,-1.031,27.000,59.700,5.550,35.5
14:44:31.075,281280,-2.509,6.009,1.832,-0.377,-0.525,-0.714,27.000,59.700,5.550,35.5
14:44:31.127,281335,-5.401,7.609,0.378,-0.196,-0.148,-0.313,27.900,58.350,1.050,35.4
14:44:31.180,281390,-3.146,7.482,2.942,0.017,-0.109,-0.087,27.900,58.350,1.050,35.2
14:44:31.231,281445,-8.155,9.385,-0.649,-0.409,-0.359,0.023,27.900,58.350,1.050,35.8
14:44:31.284,281500,-6.886,8.689,1.674,-0.470,-0.055,0.325,27.900,58.350,1.050,35.5
14:44:31.336,281555,-3.989,9.433,2.492,0.023,-0.356,0.451,27.900,58.350,1.050,35.8
14:44:31.390,281610,-3.634,8.693,2.394,-0.034,-0.192,0.612,18.750,54.300,-0.450,35.5
14:44:31.442,281665,-6.522,9.357,2.339,-0.073,-0.351,0.676,18.750,54.300,-0.450,35.4
14:44:31.495,281720,-2.105,10.214,1.089,-0.352,-0.070,0.508,15.450,55.800,-0.600,35.1
14:44:31.547,281775,-3.606,9.206,3.457,0.096,-0.317,0.512,15.450,55.800,-0.600,35.3
14:44:31.600,281830,-4.250,10.630,1.106,0.176,-0.340,0.772,13.800,57.450,-4.200,35.8
14:44:31.755,281885,-1.199,9.728,2.737,0.245,-0.156,0.826,13.800,57.450,-4.200,35.9
14:44:31.757,281940,-2.787,11.238,1.784,0.273,-0.404,0.916,9.900,57.150,-6.000,35.5
14:44:31.809,281995,-0.862,10.508,1.741,0.203,-0.055,1.068,3.750,56.250,-3.900,35.5
14:44:31.964,282050,0.280,10.683,1.587,0.263,-0.372,0.870,3.750,56.250,-3.900,35.3
14:44:31.967,282105,-0.364,10.518,1.027,0.286,-0.300,0.814,-1.350,53.850,-4.800,35.1
14:44:32.018,282160,-0.419,10.374,1.228,0.341,-0.133,0.809,-1.350,53.850,-4.800,35.4
14:44:32.020,282215,0.697,10.046,2.002,0.224,-0.116,0.642,-1.350,53.850,-4.800,35.6
14:44:32.071,282270,2.375,10.218,1.295,-0.014,0.362,0.232,-1.350,53.850,-4.800,35.4
14:44:32.176,282325,1.322,10.230,0.922,-0.142,0.185,-0.074,-10.950,53.850,-4.200,35.9
14:44:32.178,282380,0.646,9.596,1.257,-0.166,-0.073,-0.155,-10.950,53.850,-4.200,35.7
14:44:32.281,282435,0.196,9.711,0.941,-0.072,-0.217,-0.035,-10.650,53.550,-5.550,35.6
14:44:32.283,282490,0.244,9.711,0.943,-0.014,-0.048,0.013,-10.500,56.250,-7.200,35.7
14:44:32.334,282545,0.912,9.819,1.319,0.008,0.147,-0.017,-10.500,56.250,-7.200,35.2
14:44:32.386,282600,0.034,9.500,0.879,-0.055,-0.070,-0.066,-10.650,54.600,-3.450,35.5
14:44:32.440,282655,0.345,9.273,1.056,-0.070,0.055,-0.037,-10.650,54.600,-3.450,35.4
14:44:32.492,282710,0.560,9.294,1.080,0.065,-0.044,-0.094,-10.200,53.100,-3.750,35.7
14:44:32.545,282765,0.622,9.510,0.778,0.052,0.091,-0.083,-10.200,53.100,-3.750,35.7
14:44:32.596,282820,1.183,10.412,2.121,0.185,-0.422,0.065,-8.850,52.950,-4.650,35.5
14:44:32.649,282875,2.229,13.209,2.650,-0.216,-0.463,-0.885,-8.850,52.950,-4.650,35.8
14:44:32.702,282930,-1.085,13.601,-0.680,-0.442,0.364,-1.423,-8.850,52.950,-4.650,35.4
14:44:32.754,282985,1.156,11.499,2.488,-0.589,0.125,-1.368,-8.850,52.950,-4.650,35.4
14:44:32.860,283040,-2.770,11.686,1.255,-0.597,0.292,-1.179,-8.850,52.950,-4.650,35.4
14:44:32.912,283095,-2.753,12.285,1.875,-0.505,0.716,-1.012,2.700,56.250,-2.550,35.7
14:44:32.965,283150,-4.187,10.851,1.235,-0.832,0.488,-0.904,2.700,56.250,-2.550,35.3
14:44:33.016,283205,-4.614,8.648,2.775,-0.678,-0.061,-0.633,2.700,55.200,0.000,35.9
14:44:33.069,283260,-4.324,8.430,2.157,-0.573,0.023,-0.415,2.700,55.200,0.000,35.5
14:44:33.121,283315,-4.961,7.554,3.249,0.026,0.142,-0.293,2.700,56.250,5.850,35.3
14:44:33.175,283370,-4.654,7.283,3.115,0.310,-0.013,-0.079,2.700,56.250,5.850,35.7
14:44:33.227,283425,-5.016,7.805,2.193,0.407,-0.111,0.109,6.300,59.250,0.900,35.5
14:44:33.278,283480,-4.784,6.919,1.860,0.477,0.119,0.448,6.300,59.250,0.900,35.5
14:44:33.331,283535,-2.701,7.106,1.683,0.753,0.159,0.580,18.750,62.850,-1.500,35.5
14:44:33.383,283590,-4.733,7.666,0.778,0.464,0.049,0.641,21.900,64.650,-2.250,35.4
14:44:33.436,283645,-2.703,7.673,1.018,0.572,0.028,0.803,21.900,64.650,-2.250,35.8
14:44:33.490,283700,-1.829,5.701,1.697,0.173,-0.208,0.669,21.900,64.650,-2.250,35.3
14:44:33.542,283755,-1.647,5.787,-0.079,0.729,-0.302,0.209,21.900,64.650,-2.250,35.5
14:44:33.595,283810,-1.300,6.574,0.776,0.141,-0.242,-0.175,16.200,61.650,5.100,35.5
14:44:33.700,283865,-3.108,7.851,0.663,-0.116,-0.144,-0.215,16.200,61.650,5.100,35.5
14:44:33.701,283920,-3.701,8.540,0.857,-0.247,0.111,-0.201,14.850,61.500,4.200,35.5
14:44:33.753,283975,-2.339,9.541,0.409,-0.201,0.217,-0.229,14.850,61.500,4.200,35.8
14:44:33.804,284030,-2.717,9.589,0.457,-0.225,-0.006,-0.173,17.100,61.950,5.100,35.5
14:44:33.857,284085,-3.778,9.380,1.638,-0.082,0.238,0.002,17.100,61.950,5.100,35.4
14:44:33.910,284140,-2.787,9.301,1.803,-0.062,0.122,-0.014,18.000,61.050,6.000,35.1
14:44:34.015,284195,-2.729,9.948,0.584,-0.047,0.089,0.052,17.850,61.650,5.100,35.4
14:44:34.069,284250,-2.818,9.455,0.675,0.091,0.164,0.116,17.850,61.650,5.100,35.8
14:44:34.120,284305,-2.842,8.641,1.022,-0.040,-0.030,-0.089,18.600,60.900,4.350,35.8
14:44:34.172,284360,-2.811,7.966,-0.273,0.034,0.090,-0.250,18.600,60.900,4.350,35.5
14:44:34.276,284415,-1.595,4.925,2.025,0.116,-0.174,-0.682,18.600,60.900,4.350,35.4
14:44:34.278,284470,-1.666,6.072,-0.204,-0.220,-0.411,-1.071,18.600,60.900,4.350,35.4
14:44:34.329,284525,-4.925,5.222,2.085,0.070,-0.314,-1.005,18.600,60.900,4.350,35.4
14:44:34.381,284580,-1.662,6.450,1.259,-0.167,-0.358,-0.890,18.600,60.900,4.350,35.7
14:44:34.486,284635,-4.669,9.031,-0.764,0.006,-0.062,-0.400,28.950,61.800,-8.100,35.8
14:44:34.488,284690,-4.990,7.135,1.403,-0.270,-0.372,-0.236,26.250,59.250,-7.050,35.5
14:44:34.540,284745,-7.647,9.234,-0.089,-0.162,0.195,0.112,26.250,59.250,-7.050,35.7
14:44:34.591,284800,-3.261,7.389,3.326,-0.169,-0.598,0.092,19.950,57.150,-5.550,35.8
14:44:34.645,284855,-5.986,8.387,0.316,0.143,-0.527,0.294,19.950,57.150,-5.550,35.4
14:44:34.696,284910,-4.628,10.003,0.953,0.066,-0.422,0.477,20.700,53.850,-4.500,35.5
14:44:34.749,284965,-2.737,9.110,1.216,-0.258,-0.124,0.525,20.700,53.850,-4.500,35.3
14:44:34.802,285020,-5.974,8.571,1.901,-0.232,-0.491,0.776,19.050,57.000,-5.100,35.9
14:44:34.855,285075,-2.296,10.886,1.674,-0.162,-0.215,0.899,19.050,57.000,-5.100,35.5
14:44:34.907,285130,-2.346,9.708,2.710,-0.215,-0.093,0.897,12.450,55.500,-3.900,35.8
14:44:34.960,285185,-2.002,10.585,2.485,0.123,0.097,0.676,12.450,55.500,-3.900,35.5
14:44:35.012,285240,-2.935,10.111,2.085,-0.034,-0.073,0.620,12.450,55.500,-3.900,35.6
14:44:35.064,285295,-2.231,10.309,2.061,0.134,-0.200,0.541,3.750,57.000,-3.600,35.8
14:44:35.170,285350,-0.838,9.036,2.643,0.213,-0.060,0.752,3.750,57.000,-3.600,35.5
14:44:35.222,285405,-2.935,11.217,0.790,0.213,-0.474,0.709,1.500,55.500,-5.100,35.5
14:44:35.275,285460,-0.625,9.732,1.144,-0.101,-0.031,0.625,1.500,55.500,-5.100,35.7
14:44:35.326,285515,-0.445,9.184,1.453,0.197,-0.457,0.820,-0.300,56.550,-4.650,35.8
14:44:35.380,285570,-0.376,10.642,1.899,0.270,-0.264,0.891,-0.300,56.550,-4.650,35.4
14:44:35.431,285625,0.591,11.404,1.037,-0.042,-0.448,0.356,-5.250,56.400,-4.500,36.0
14:44:35.484,285680,1.525,10.975,0.845,-0.166,0.209,-0.218,-5.250,56.400,-4.500,35.3
14:44:35.641,285735,0.165,10.738,1.338,-0.160,0.109,-0.179,-6.900,56.550,-3.150,35.4
14:44:35.643,285790,-0.089,10.242,1.741,-0.056,-0.172,-0.011,-3.750,55.500,-5.400,35.8
14:44:35.695,285845,-0.022,9.905,0.503,-0.109,0.021,0.097,-3.750,55.500,-5.400,35.6
14:44:35.697,285900,0.481,8.444,1.228,-0.154,-0.128,-0.075,-8.100,55.500,-2.100,35.5
14:44:35.747,285955,0.496,8.535,1.199,-0.082,0.056,-0.177,-8.100,55.500,-2.100,35.4
14:44:35.800,286010,-0.429,9.007,1.176,-0.009,-0.153,-0.014,-8.100,55.500,-2.100,35.7
14:44:35.851,286065,0.527,9.203,1.130,-0.002,-0.162,0.094,-8.100,55.500,-2.100,35.1
14:44:35.905,286120,0.520,9.376,1.097,0.032,-0.116,-0.009,-6.750,57.450,-3.450,35.6
14:44:35.957,286175,1.271,10.937,1.135,0.197,0.159,0.220,-6.750,57.450,-3.450,35.7
14:44:36.008,286230,3.656,13.096,1.796,0.040,0.176,-0.463,-6.300,56.700,-5.250,35.5
14:44:36.061,286285,1.824,15.016,0.385,-0.546,0.181,-1.256,-5.400,55.500,-6.150,35.5
14:44:36.114,286340,1.379,12.301,2.198,-0.531,1.215,-1.242,-5.400,55.500,-6.150,35.5
14:44:36.166,286395,-1.535,11.679,1.767,-0.408,0.830,-1.049,0.000,55.800,-3.600,35.5
14:44:36.220,286450,-2.265,11.404,2.545,-0.370,0.434,-0.881,0.000,55.800,-3.600,35.5
14:44:36.324,286505,-3.359,10.250,1.865,-0.505,0.698,-0.690,4.950,55.500,-3.150,35.5
14:44:36.377,286560,-3.570,9.560,3.115,-0.506,0.349,-0.647,4.950,55.500,-3.150,35.5
14:44:36.430,286615,-5.100,9.572,1.697,-0.232,-0.043,-0.592,3.750,56.550,-4.350,35.4
14:44:36.482,286670,-4.144,9.476,1.721,-0.151,0.114,-0.472,3.750,56.550,-4.350,35.8
14:44:36.535,286725,-4.657,7.542,2.895,-0.213,0.090,-0.342,9.300,57.750,-2.100,35.5
14:44:36.587,286780,-3.689,7.939,2.631,0.075,0.337,-0.118,9.300,57.750,-2.100,35.8
14:44:36.639,286835,-4.719,7.269,2.136,-0.176,0.201,0.005,9.300,57.750,-2.100,35.5
14:44:36.692,286890,-4.786,6.400,2.535,0.094,0.133,0.136,18.000,63.300,-1.200,35.4
14:44:36.745,286945,-3.852,5.981,3.036,0.357,0.208,0.136,18.000,63.300,-1.200,35.5
14:44:36.798,287000,-4.252,5.624,2.282,0.316,0.023,-0.055,22.650,64.650,-1.950,35.4
14:44:36.902,287055,-1.848,4.573,0.496,0.356,0.241,-0.389,22.650,64.650,-1.950,35.5
14:44:36.904,287110,-0.527,4.743,0.754,-0.400,-0.215,-0.580,22.350,65.850,-3.750,35.5
14:44:36.955,287165,-3.857,6.419,0.725,-0.535,-0.154,-0.468,22.350,65.850,-3.750,35.9
14:44:37.007,287220,-4.951,7.977,1.592,-0.313,-0.102,-0.144,17.400,63.150,-2.100,35.4
14:44:37.112,287275,-5.021,8.423,2.095,-0.365,-0.039,-0.053,17.400,63.150,-2.100,35.4
14:44:37.113,287330,-4.954,7.760,2.368,-0.193,-0.078,0.011,18.750,62.850,-1.200,35.8
14:44:37.217,287385,-4.075,6.481,1.779,-0.143,0.127,-0.196,20.700,65.100,-0.450,35.8
14:44:37.218,287440,-5.485,5.248,1.398,0.010,-0.036,-0.419,20.700,65.100,-0.450,35.8
14:44:37.270,287495,-2.729,4.132,2.263,0.159,-0.015,-0.639,24.000,64.200,-3.900,35.6
14:44:37.322,287550,-6.026,5.377,1.978,0.431,-0.300,-0.513,24.000,64.200,-3.900,35.9
14:44:37.374,287605,-3.259,4.726,3.469,0.567,-0.348,-0.383,24.000,64.200,-3.900,35.5
14:44:37.478,287660,-5.770,7.125,2.239,0.488,-0.357,0.064,24.000,64.200,-3.900,35.4
14:44:37.531,287715,-6.711,7.898,1.743,0.186,-0.277,0.364,31.800,60.600,-9.750,35.8
14:44:37.635,287770,-5.976,7.750,0.620,-0.046,-0.146,0.468,31.800,60.600,-9.750,35.9
14:44:37.689,287825,-3.958,8.327,2.047,-0.028,-1.030,0.665,26.400,57.750,-11.250,35.5
14:44:37.691,287880,-2.488,9.656,2.801,-0.095,0.278,0.823,26.400,57.750,-11.250,35.8
14:44:37.742,287935,-5.377,9.115,1.923,-0.261,-0.707,0.928,23.100,57.450,-7.350,35.6
14:44:37.795,287990,-2.533,10.132,2.126,0.014,0.191,0.929,15.900,57.300,-5.400,35.4
14:44:37.846,288045,-2.490,9.491,2.816,-0.070,-0.546,0.991,15.900,57.300,-5.400,35.3
14:44:37.898,288101,-3.278,10.839,1.812,0.209,-0.025,0.914,11.550,58.050,-6.900,35.7
14:44:37.951,288155,-1.374,9.819,2.260,0.142,-0.605,0.739,11.550,58.050,-6.900,35.7
14:44:38.004,288210,-3.903,11.930,1.255,0.412,-0.075,1.143,7.350,59.550,-6.150,35.8
14:44:38.058,288265,-0.464,10.441,2.389,0.153,-0.157,1.001,7.350,59.550,-6.150,35.8
14:44:38.108,288320,-0.871,10.700,1.044,0.317,-0.462,0.855,1.800,57.750,-7.200,35.8
14:44:38.162,288375,0.283,10.795,0.876,0.295,-0.120,0.713,1.800,57.750,-7.200,35.5
14:44:38.215,288430,0.007,9.634,1.693,0.093,-0.498,0.106,1.800,57.750,-7.200,35.5
14:44:38.267,288485,-0.026,10.743,1.190,0.218,-0.141,0.017,-2.100,56.700,-7.350,35.5
14:44:38.320,288540,-0.816,10.206,0.797,-0.048,0.232,0.277,-2.100,56.700,-7.350,35.5
14:44:38.371,288595,-0.285,9.495,1.003,-0.008,-0.202,0.193,-5.250,56.100,-8.550,35.5
14:44:38.424,288650,0.136,9.881,0.594,-0.030,0.009,0.072,-5.250,56.100,-8.550,35.8
14:44:38.476,288705,0.532,9.718,1.331,0.021,-0.229,0.006,-3.600,54.900,-8.550,35.5
14:44:38.529,288760,-0.405,9.639,0.814,-0.010,0.136,0.064,-3.600,54.900,-8.550,36.0
14:44:38.687,288815,0.189,9.455,1.065,-0.007,-0.011,0.120,-2.850,57.150,-8.850,35.1
14:44:38.688,288870,-0.208,9.787,0.402,-0.090,-0.181,0.049,-2.850,57.150,-8.850,35.4
14:44:38.740,288925,0.543,9.165,0.931,0.014,-0.047,-0.021,-5.400,55.200,-9.450,35.8
14:44:38.792,288980,0.165,9.249,0.716,-0.116,-0.040,-0.071,-5.400,55.200,-9.450,35.5
14:44:38.844,289035,0.122,9.383,1.125,0.063,-0.186,-0.091,-4.650,55.500,-9.000,35.8
14:44:38.896,289090,3.124,13.510,1.111,-0.291,0.543,-0.202,-3.300,55.650,-9.600,35.6
14:44:38.950,289145,2.277,13.087,0.871,-0.561,-0.009,-1.136,-3.300,55.650,-9.600,35.5
14:44:39.002,289200,0.627,13.276,0.340,-0.613,0.249,-1.425,-3.300,55.650,-9.600,35.7
14:44:39.055,289255,0.570,12.148,2.562,-0.744,0.732,-1.584,-3.300,55.650,-9.600,35.3
14:44:39.106,289310,-3.251,11.626,0.661,-0.826,0.791,-1.343,-3.300,55.650,-9.600,35.4
14:44:39.160,289365,-3.898,8.947,3.551,-0.854,0.698,-0.998,-3.300,55.650,-9.600,35.8
14:44:39.212,289420,-4.733,8.792,3.244,-0.670,0.153,-0.725,4.200,57.750,-7.650,35.4
14:44:39.265,289475,-5.109,8.751,3.309,-0.464,0.384,-0.516,4.200,57.750,-7.650,36.0
14:44:39.317,289530,-6.378,8.243,2.023,-0.250,0.199,-0.271,4.800,59.700,-6.000,35.9
14:44:39.369,289585,-5.710,6.833,3.239,-0.264,0.225,0.010,0.900,60.450,-6.300,35.3
14:44:39.421,289640,-4.877,7.147,3.531,-0.119,0.072,0.136,0.900,60.450,-6.300,35.4
14:44:39.475,289695,-6.603,6.613,2.761,0.128,-0.126,0.283,0.450,63.600,-5.250,35.8
14:44:39.526,289750,-5.250,5.947,2.444,0.255,0.086,0.548,0.450,63.600,-5.250,35.6
14:44:39.579,289805,-4.745,4.903,2.418,0.153,0.048,0.539,11.250,70.650,-7.200,35.5
14:44:39.632,289860,-3.381,3.701,1.326,-0.117,-0.431,0.026,11.250,70.650,-7.200,35.5
14:44:39.685,289915,-0.994,3.701,2.437,0.476,0.328,-0.349,12.900,68.700,-3.450,36.0
14:44:39.790,289970,-2.476,6.120,1.765,-0.026,0.209,-0.530,12.900,68.700,-3.450,35.5
14:44:39.842,290025,-4.283,9.438,2.354,-0.118,0.147,-0.308,12.900,68.700,-3.450,35.4
14:44:39.894,290080,-4.511,9.234,2.533,-0.316,0.179,-0.109,12.900,68.700,-3.450,35.5
14:44:39.947,290135,-4.630,8.729,2.677,-0.244,0.367,0.005,12.900,68.700,-3.450,35.9
14:44:40.000,290190,-4.087,7.925,2.935,-0.194,0.182,-0.064,12.600,64.050,3.750,35.7
14:44:40.052,290245,-5.363,8.950,2.468,-0.276,0.040,-0.126,12.600,64.050,3.750,35.8
14:44:40.104,290300,-4.705,8.746,2.356,-0.201,0.007,-0.110,15.300,63.300,3.000,35.7
14:44:40.157,290355,-4.606,7.580,2.945,-0.224,0.025,-0.112,15.300,63.300,3.000,35.5
14:44:40.210,290410,-4.164,6.970,2.454,-0.152,-0.067,-0.112,14.100,63.300,2.700,35.5
14:44:40.262,290465,-4.951,6.378,1.130,-0.265,0.088,-0.222,14.100,63.300,2.700,35.7
14:44:40.315,290520,-1.513,3.943,2.916,0.066,-0.418,-0.304,13.500,62.700,4.650,35.3
14:44:40.368,290575,-3.874,6.309,0.900,0.119,0.018,-0.352,13.500,62.700,4.650,35.5
14:44:40.419,290630,-3.179,5.981,3.369,0.485,-0.556,-0.287,12.150,61.050,4.200,35.8
14:44:40.472,290685,-4.741,6.565,3.496,0.727,-0.222,-0.178,15.750,58.950,1.500,35.9
14:44:40.525,290740,-5.306,8.040,0.555,0.525,-0.103,0.152,15.750,58.950,1.500,35.8
14:44:40.576,290795,-6.079,6.802,2.595,0.291,-0.757,0.272,15.750,58.950,1.500,35.5
14:44:40.629,290850,-4.697,9.036,1.583,0.459,0.194,0.723,15.750,58.950,1.500,35.9
14:44:40.681,290905,-5.464,8.425,1.662,-0.102,-0.383,0.782,15.750,58.950,1.500,35.9
14:44:40.734,290960,-4.592,8.961,2.301,0.431,-0.110,0.828,15.750,58.950,1.500,35.5
14:44:40.787,291015,-3.369,10.973,1.219,0.274,0.048,0.981,8.100,55.200,1.350,35.8
14:44:40.840,291070,-2.150,9.527,2.152,-0.074,-0.364,0.866,8.100,55.200,1.350,35.5
14:44:40.945,291125,-3.278,10.534,2.586,0.329,-0.173,0.865,6.750,54.900,0.900,36.0
14:44:40.997,291180,-1.405,10.367,2.310,0.192,-0.115,0.869,6.750,54.900,0.900,35.5
14:44:41.050,291235,-1.343,11.054,1.109,0.184,0.033,0.729,4.650,54.750,1.050,35.8
14:44:41.101,291290,-1.341,10.202,1.805,0.130,-0.187,0.732,0.150,55.350,-2.250,35.8
14:44:41.154,291345,-0.730,10.664,0.977,0.363,-0.362,0.993,0.150,55.350,-2.250,35.4
14:44:41.207,291400,0.381,10.906,1.870,0.371,-0.202,0.895,-4.650,55.500,-4.350,35.8
14:44:41.260,291455,1.233,11.686,0.532,0.151,-0.185,0.512,-4.650,55.500,-4.350,36.0
14:44:41.312,291510,0.498,10.606,0.697,-0.148,0.204,0.217,-7.650,53.400,-5.400,35.9
14:44:41.365,291565,0.812,10.106,0.656,-0.041,-0.159,-0.026,-7.650,53.400,-5.400,35.5
14:44:41.416,291620,-0.029,10.108,0.678,-0.193,-0.046,-0.080,-7.650,53.400,-5.400,35.5
14:44:41.469,291675,0.965,9.515,1.034,-0.041,-0.059,-0.037,-7.650,53.400,-5.400,35.8
14:44:41.523,291730,0.170,9.424,0.632,-0.082,-0.197,0.053,-7.650,53.400,-5.400,35.8
14:44:41.575,291785,0.656,8.971,1.013,-0.022,-0.000,0.062,-7.050,56.100,-4.200,35.7
14:44:41.679,291840,-0.043,9.093,0.670,-0.013,-0.080,0.025,-7.050,56.100,-4.200,35.8
14:44:41.681,291895,0.737,9.292,0.802,0.017,-0.043,0.026,-8.700,55.350,-5.250,35.9
14:44:41.784,291950,0.256,11.550,0.867,0.068,-0.570,0.072,-8.700,55.350,-5.250,35.5
14:44:41.786,292005,5.128,13.161,0.984,-0.399,0.721,-1.046,-7.500,54.900,-5.550,35.3
14:44:41.837,292060,-2.318,13.101,1.223,-0.556,0.249,-1.489,-7.500,54.900,-5.550,35.9
14:44:41.889,292115,-1.867,12.016,1.279,-0.351,0.558,-1.204,-3.450,56.250,-7.650,35.8
14:44:41.992,292170,-1.276,11.928,1.757,-0.465,0.308,-1.147,-3.450,56.250,-7.650,35.5
14:44:41.994,292225,-3.924,10.420,2.021,-0.568,0.343,-1.081,2.700,57.000,-5.850,36.2
14:44:42.100,292280,-4.013,9.294,1.870,-0.421,0.387,-0.862,4.650,57.750,-3.600,35.8
14:44:42.152,292335,-3.065,8.296,3.045,-0.334,0.043,-0.794,4.650,57.750,-3.600,35.7
14:44:42.204,292390,-4.884,8.492,0.800,-0.393,0.159,-0.589,10.050,57.300,-1.050,35.8
14:44:42.308,292445,-4.262,8.720,1.279,-0.161,0.518,-0.290,10.050,57.300,-1.050,35.5
14:44:42.310,292500,-4.946,6.493,4.243,-0.121,0.287,-0.213,10.050,57.300,-1.050,35.7
14:44:42.362,292555,-5.097,9.294,0.266,0.080,0.246,0.137,10.050,57.300,-1.050,35.5
14:44:42.414,292610,-4.293,7.190,1.681,-0.114,0.348,0.533,10.050,57.300,-1.050,35.8
14:44:42.519,292665,-6.024,7.367,2.624,-0.037,-0.020,0.823,10.050,57.300,-1.050,36.0
14:44:42.520,292720,-1.209,4.681,2.148,-0.727,-0.466,0.525,10.800,60.900,3.900,35.9
14:44:42.572,292775,-4.401,3.445,2.260,0.151,-0.070,0.110,10.800,60.900,3.900,35.5
14:44:42.623,292830,-0.136,5.167,1.168,0.407,-0.253,-0.182,6.150,61.350,3.900,36.0
14:44:42.676,292885,-3.223,7.685,0.448,0.171,0.023,-0.236,15.300,64.350,-0.150,35.7
14:44:42.730,292940,-3.589,8.832,1.525,-0.104,-0.119,-0.184,15.300,64.350,-0.150,35.4
14:44:42.782,292995,-3.900,9.143,1.417,-0.190,0.199,-0.100,16.500,63.600,-0.450,35.9
14:44:42.834,293050,-3.428,8.835,1.856,-0.185,0.095,-0.251,16.500,63.600,-0.450,35.7
14:44:42.886,293105,-3.814,8.863,1.513,-0.103,-0.001,-0.228,12.450,62.400,1.350,36.0
14:44:42.939,293160,-4.398,8.803,1.501,-0.056,-0.066,-0.181,12.450,62.400,1.350,35.3
14:44:42.991,293215,-4.527,8.152,2.679,0.012,-0.467,-0.266,14.100,63.600,0.900,36.0
14:44:43.045,293270,-3.694,9.120,0.579,-0.140,0.128,-0.315,14.100,63.600,0.900,35.8
14:44:43.097,293325,-4.283,5.974,0.764,0.083,-0.034,-0.549,14.100,63.600,0.900,35.7
14:44:43.150,293380,-3.687,4.408,2.040,0.357,-0.083,-0.754,14.100,63.600,0.900,35.8
14:44:43.255,293435,-1.501,4.872,2.844,0.396,-0.686,-0.811,14.100,63.600,0.900,35.9
14:44:43.359,293490,-3.378,4.209,1.369,0.646,-0.385,-0.449,25.950,57.000,-3.150,35.8
14:44:43.361,293545,-8.540,6.723,0.876,-0.290,-0.348,0.033,25.950,57.000,-3.150,35.3
14:44:43.412,293600,-5.045,6.917,2.186,-0.081,0.128,0.419,22.950,57.750,-1.800,35.8
14:44:43.464,293655,-6.440,8.085,1.547,-0.190,0.328,0.498,22.950,57.750,-1.800,35.8
14:44:43.517,293710,-2.258,7.491,2.813,0.013,-0.395,0.536,14.850,53.550,1.200,35.8
14:44:43.570,293765,-5.392,8.684,1.274,0.183,-0.340,0.656,14.850,53.550,1.200,35.7
14:44:43.621,293820,-2.260,7.927,2.025,0.146,-0.489,0.686,9.600,54.000,1.800,36.0
14:44:43.674,293875,-4.590,10.678,1.556,0.219,-0.530,0.852,9.600,54.000,1.800,35.9
14:44:43.726,293930,-4.120,8.882,3.474,0.163,0.568,1.131,7.500,53.850,1.500,35.4
14:44:43.780,293985,-2.308,10.381,2.629,0.088,-0.819,0.737,3.750,53.400,1.800,36.0
14:44:43.885,294040,-2.974,11.040,1.149,0.288,0.241,0.854,3.750,53.400,1.800,35.8
14:44:43.886,294095,-1.810,10.965,2.914,0.069,-0.086,0.914,3.750,53.400,1.800,35.5
14:44:43.936,294150,-1.992,10.309,1.674,0.220,-0.145,1.160,3.750,53.400,1.800,35.9
14:44:43.989,294205,-0.599,10.657,1.571,0.312,-0.299,1.174,3.750,53.400,1.800,35.7
14:44:44.042,294260,-0.340,10.965,1.858,0.290,-0.491,0.805,3.750,53.400,1.800,35.9
14:44:44.095,294315,0.821,11.281,0.864,0.100,-0.038,0.454,-6.750,52.050,-3.450,35.6
14:44:44.147,294370,1.168,10.384,0.766,-0.056,0.076,0.107,-6.750,52.050,-3.450,35.7
14:44:44.199,294425,0.378,10.398,1.386,-0.052,-0.122,-0.040,-7.650,54.450,-5.100,36.0
14:44:44.251,294480,1.805,10.283,0.974,-0.117,-0.051,-0.121,-7.350,55.200,-3.600,36.0
14:44:44.305,294535,0.558,9.735,0.792,-0.103,0.160,-0.089,-7.350,55.200,-3.600,35.8
14:44:44.410,294590,0.311,9.062,1.511,-0.101,-0.007,-0.008,-5.550,55.650,-4.500,35.9
14:44:44.514,294645,-0.017,8.861,0.855,-0.015,0.023,0.028,-5.550,55.650,-4.500,35.9
14:44:44.516,294700,0.239,8.665,0.893,-0.047,-0.024,0.011,-6.750,55.350,-3.750,35.5
14:44:44.618,294755,0.079,9.292,1.080,0.036,0.099,0.043,-6.750,55.350,-3.750,35.4
14:44:44.620,294810,-0.144,9.687,1.008,-0.001,-0.037,0.082,-6.750,53.100,-4.800,36.0
14:44:44.671,294865,-0.069,9.730,0.989,0.023,-0.128,0.044,-6.750,53.100,-4.800,35.8
14:44:44.723,294920,0.579,11.040,1.525,0.048,-0.314,0.064,-6.750,54.300,-4.200,35.9
14:44:44.777,294975,4.458,15.368,1.080,-0.453,0.248,-1.069,-6.750,54.300,-4.200,35.8
14:44:44.830,295030,-2.172,15.172,0.144,-0.523,0.475,-1.699,-6.750,54.300,-4.200,36.0
14:44:44.881,295085,-0.622,11.243,2.765,-0.471,0.481,-1.196,-6.750,54.300,-4.200,35.9
14:44:44.934,295140,-1.590,11.301,0.680,-0.494,0.986,-0.958,-6.750,54.300,-4.200,35.5
14:44:44.986,295195,-4.240,9.871,2.600,-0.739,0.632,-0.895,2.850,56.100,-3.450,35.9
14:44:45.040,295250,-3.582,9.479,2.361,-0.708,0.367,-0.791,2.850,56.100,-3.450,35.9
14:44:45.092,295305,-4.015,9.218,2.370,-0.751,0.440,-0.865,3.000,57.000,0.000,36.0
14:44:45.196,295360,-4.377,7.980,2.734,-0.320,-0.137,-0.640,3.000,57.000,0.000,35.8
14:44:45.248,295415,-5.818,7.508,2.181,-0.160,0.051,-0.337,4.650,57.300,1.350,35.9
14:44:45.250,295470,-4.882,6.642,2.756,-0.310,-0.014,-0.086,4.650,57.300,1.350,35.8
14:44:45.302,295525,-5.806,5.768,2.555,-0.031,0.386,0.455,4.950,58.050,2.100,35.7
14:44:45.355,295580,-2.983,7.305,0.922,-0.266,0.300,0.765,3.450,59.850,4.650,35.8
14:44:45.407,295635,-4.415,4.353,4.310,-0.304,0.193,0.598,3.450,59.850,4.650,36.0
14:44:45.458,295690,-1.899,4.638,2.279,0.326,-0.044,0.317,1.650,59.700,11.100,35.9
14:44:45.565,295745,-2.004,4.602,1.343,0.766,0.076,0.050,1.650,59.700,11.100,36.0
14:44:45.617,295800,-3.527,7.855,0.524,0.302,-0.075,-0.259,6.900,59.550,8.700,35.6
14:44:45.670,295855,-5.195,7.834,1.264,-0.189,0.056,-0.328,6.900,59.550,8.700,35.9
14:44:45.721,295910,-5.380,8.344,1.925,-0.272,0.048,-0.407,6.900,59.550,8.700,35.8
14:44:45.774,295965,-4.468,8.792,1.956,-0.306,-0.187,-0.456,6.900,59.550,8.700,36.0
14:44:45.827,296020,-4.920,8.669,2.727,-0.169,0.088,-0.357,8.550,60.150,8.700,35.8
14:44:45.880,296075,-4.281,9.131,2.691,-0.108,0.054,-0.215,8.550,60.150,8.700,36.2
14:44:45.931,296130,-4.219,9.100,2.246,-0.143,-0.132,-0.059,11.850,61.050,6.000,35.8
14:44:45.984,296185,-4.793,8.061,2.684,-0.234,-0.272,0.036,11.400,59.700,5.250,35.9
14:44:46.036,296240,-4.537,7.951,2.128,-0.044,-0.121,0.109,11.400,59.700,5.250,35.9
14:44:46.089,296295,-4.108,7.307,2.222,-0.100,-0.007,0.014,10.050,59.100,9.000,35.9
14:44:46.193,296350,-4.029,5.844,2.291,0.089,-0.137,-0.297,10.050,59.100,9.000,35.5
14:44:46.195,296405,-4.008,5.188,1.240,0.285,0.220,-0.419,12.150,61.050,5.250,35.8
14:44:46.246,296460,-4.214,4.472,2.174,0.177,-0.609,-0.370,12.150,61.050,5.250,35.9
14:44:46.300,296515,-3.998,5.282,2.267,0.383,0.110,-0.239,11.250,59.550,1.800,35.9
14:44:46.352,296570,-3.730,6.108,1.853,0.640,-1.178,-0.168,11.250,59.550,1.800,35.8
14:44:46.405,296625,-6.998,7.020,2.217,1.082,0.310,0.354,11.550,58.350,-0.300,35.8
14:44:46.457,296680,-1.147,8.238,2.418,0.557,-0.302,0.562,11.550,58.350,-0.300,35.5
14:44:46.509,296735,-7.312,9.237,1.080,0.543,0.172,0.945,11.550,58.350,-0.300,35.5
14:44:46.562,296790,-4.448,8.856,1.403,0.136,-0.461,0.930,11.550,58.350,-0.300,35.8
14:44:46.615,296845,-3.692,10.786,0.979,0.018,-0.263,1.000,11.550,58.350,-0.300,35.9
14:44:46.720,296900,-2.859,10.604,1.681,0.143,-0.072,1.006,4.050,56.100,-9.600,35.8
14:44:46.771,296955,-1.602,10.829,1.276,0.017,-0.235,0.941,4.050,56.100,-9.600,36.0
14:44:46.825,297010,-0.682,11.061,1.472,-0.014,-0.139,0.678,3.000,54.450,-9.000,36.0
14:44:46.877,297065,-1.891,10.216,1.786,-0.006,-0.356,0.622,3.000,54.450,-9.000,35.6
14:44:46.930,297120,-1.386,10.242,0.907,0.108,-0.148,0.722,0.150,57.450,-9.600,35.8
14:44:46.982,297175,-1.008,10.032,1.439,0.164,-0.349,0.848,0.150,57.450,-9.600,35.8
14:44:47.035,297230,-1.326,10.795,0.730,0.189,-0.403,0.730,-1.050,54.750,-12.000,36.0
14:44:47.087,297285,0.824,10.841,2.181,0.186,-0.393,0.579,-4.050,54.600,-9.600,35.9
14:44:47.139,297340,0.742,11.552,0.172,-0.021,0.193,0.358,-4.050,54.600,-9.600,35.7
14:44:47.192,297395,1.207,10.163,0.917,-0.085,-0.018,-0.058,-8.550,54.450,-7.950,35.6
14:44:47.244,297450,0.268,10.388,0.251,-0.205,0.045,-0.177,-8.550,54.450,-7.950,35.7
14:44:47.297,297505,0.096,9.941,0.757,-0.151,-0.059,-0.125,-6.000,56.100,-7.050,35.5
14:44:47.350,297560,0.845,9.301,0.814,-0.055,0.091,-0.005,-6.000,56.100,-7.050,36.0
14:44:47.402,297615,0.476,9.340,0.792,-0.132,0.064,-0.025,-6.000,56.100,-7.050,35.9
14:44:47.453,297670,0.342,9.038,0.984,-0.077,0.314,-0.059,-6.000,56.100,-7.050,36.3
14:44:47.506,297725,0.101,9.017,1.202,0.023,0.008,-0.021,-6.000,56.100,-7.050,36.0
14:44:47.559,297780,0.445,9.409,0.661,0.049,0.247,0.062,-8.550,56.250,-3.900,35.8
14:44:47.612,297835,0.168,9.299,0.840,-0.019,0.071,0.054,-8.550,56.250,-3.900,35.8
14:44:47.665,297890,0.479,10.252,1.494,0.004,0.277,0.090,-10.050,55.500,-6.900,35.5
14:44:47.718,297945,3.426,14.277,-1.008,-0.627,0.961,-0.784,-10.050,55.500,-6.900,35.5
14:44:47.768,298000,-1.106,13.257,2.392,-0.571,-0.432,-1.329,-8.550,56.250,-7.650,35.8
14:44:47.874,298055,0.311,12.153,2.452,-0.506,0.254,-1.479,-8.550,56.250,-7.650,35.8
14:44:47.927,298110,-1.202,11.902,1.041,-0.575,0.788,-1.145,-3.600,56.700,-8.550,36.0
14:44:47.980,298165,-2.890,10.891,1.262,-0.837,1.192,-0.815,-3.600,56.700,-8.550,35.9
14:44:48.031,298220,-4.820,9.069,2.507,-0.802,0.737,-0.633,-3.750,55.800,-5.400,35.6
14:44:48.084,298275,-3.917,8.150,3.124,-0.542,0.252,-0.349,-8.250,54.600,-0.900,35.5
14:44:48.137,298330,-4.628,8.327,3.163,-0.264,0.087,-0.168,-8.250,54.600,-0.900,36.0
14:44:48.189,298385,-4.049,8.368,2.952,-0.076,0.037,-0.083,-6.150,56.250,3.600,35.9
14:44:48.241,298440,-5.964,8.191,2.966,0.117,-0.142,-0.080,-6.150,56.250,3.600,35.5
14:44:48.295,298495,-4.353,8.124,2.739,0.240,-0.166,-0.003,-6.150,56.250,3.600,36.0
14:44:48.399,298550,-4.750,6.469,3.093,0.387,0.093,0.275,-6.150,56.250,3.600,35.8
14:44:48.401,298605,-3.824,6.373,2.488,0.131,0.132,0.274,5.400,60.600,3.600,36.0
14:44:48.504,298660,-2.624,7.257,2.016,-0.337,0.041,0.288,5.400,60.600,3.600,35.5
14:44:48.506,298715,-3.551,6.179,1.635,-0.705,0.005,0.119,4.650,62.400,6.150,36.0
14:44:48.556,298770,-1.489,5.602,0.824,-0.225,-0.115,-0.081,4.650,62.400,6.150,36.0
14:44:48.610,298825,-3.168,5.447,1.003,-0.037,-0.031,-0.451,2.100,62.550,8.850,35.9
14:44:48.662,298880,-2.456,7.125,1.803,0.199,0.115,-0.459,4.350,63.300,7.050,35.8
14:44:48.715,298935,-3.314,7.810,2.492,-0.025,-0.072,-0.380,4.350,63.300,7.050,35.8
14:44:48.767,298990,-5.332,9.244,1.829,0.124,0.232,-0.177,9.000,65.400,3.750,35.5
14:44:48.819,299045,-3.388,8.595,3.213,-0.040,0.355,-0.071,9.000,65.400,3.750,35.8
14:44:48.871,299101,-4.508,8.710,2.605,-0.098,-0.034,-0.095,9.300,61.950,4.350,36.0
14:44:48.924,299155,-5.133,8.923,2.643,-0.035,0.066,-0.091,9.300,61.950,4.350,36.0
14:44:49.081,299210,-4.614,8.361,2.727,-0.078,0.029,-0.068,9.300,63.150,6.150,35.9
14:44:49.082,299265,-3.802,7.728,1.956,-0.226,0.002,-0.029,9.300,63.150,6.150,35.9
14:44:49.135,299320,-4.104,7.628,2.090,-0.405,-0.089,-0.079,9.300,63.150,6.150,35.9
14:44:49.187,299375,-4.609,7.202,1.839,-0.264,0.043,-0.161,9.300,63.150,6.150,35.9
14:44:49.239,299430,-4.264,5.243,1.903,-0.119,-0.196,-0.402,9.300,63.150,6.150,35.8
14:44:49.292,299485,-3.112,5.799,0.692,0.192,-0.110,-0.710,13.200,61.650,2.100,35.8
14:44:49.345,299540,-3.833,5.176,2.756,0.376,-0.843,-0.623,13.200,61.650,2.100,35.5
14:44:49.398,299595,-6.699,7.412,1.305,0.411,0.121,-0.224,17.400,59.100,2.100,35.8
14:44:49.450,299650,-5.454,7.678,2.052,0.122,-0.225,0.076,17.400,59.100,2.100,35.5
14:44:49.502,299705,-6.493,7.307,1.870,0.199,0.058,0.229,16.500,59.250,0.450,35.8
14:44:49.554,299760,-3.388,7.506,2.569,0.285,-0.396,0.385,16.500,59.250,0.450,36.0
14:44:49.606,299815,-7.580,8.976,0.848,0.245,0.063,0.484,13.950,57.750,1.350,35.7
14:44:49.660,299870,-2.746,8.133,2.516,0.001,-0.315,0.633,13.950,57.750,1.350,35.8
14:44:49.712,299925,-7.293,8.940,1.137,0.355,-0.481,0.742,7.650,56.550,1.800,35.9
14:44:49.765,299980,-2.148,10.096,2.102,0.210,-0.051,0.848,4.950,56.550,3.600,36.0
14:44:49.817,300035,-5.674,9.084,2.219,0.143,-0.922,0.793,4.950,56.550,3.600,36.0
14:44:49.869,300090,-1.927,10.489,1.980,0.322,0.170,0.945,4.950,56.550,3.600,35.8
14:44:50.025,300145,-1.053,9.031,3.057,0.169,-0.288,1.079,4.950,56.550,3.600,35.8
14:44:50.027,300200,-1.858,11.638,2.066,0.280,-0.341,0.974,4.950,56.550,3.600,36.0
14:44:50.029,300255,-0.915,10.666,1.748,0.126,-0.147,0.824,4.950,56.550,3.600,35.8
14:44:50.079,300310,-0.663,10.010,1.932,0.398,-0.083,1.016,-2.400,55.350,-3.750,36.0
14:44:50.185,300365,-0.017,10.585,1.669,0.354,0.188,0.997,-2.400,55.350,-3.750,36.0
14:44:50.236,300420,0.740,11.368,1.446,0.340,-0.047,0.496,-6.750,55.350,-2.700,35.9
14:44:50.289,300475,1.166,11.636,0.259,-0.119,0.140,0.111,-8.850,55.200,-4.350,36.0
14:44:50.342,300530,-0.335,9.965,0.694,-0.226,-0.039,-0.033,-8.850,55.200,-4.350,35.9
14:44:50.395,300585,0.520,9.598,0.857,-0.182,0.068,-0.038,-12.150,54.600,-2.250,35.9
14:44:50.447,300640,0.443,9.828,0.754,-0.071,-0.117,-0.022,-12.150,54.600,-2.250,35.5
14:44:50.500,300695,0.668,9.610,1.049,-0.074,-0.107,0.110,-10.650,54.600,-4.200,35.6
14:44:50.551,300750,0.613,9.890,1.041,-0.009,0.072,0.044,-10.650,54.600,-4.200,35.9
14:44:50.604,300805,0.256,9.357,0.939,-0.162,0.041,-0.010,-10.950,55.650,-3.450,36.0
14:44:50.657,300860,0.060,9.009,0.709,-0.072,-0.052,-0.002,-10.950,55.650,-3.450,35.9
14:44:50.710,300915,0.457,8.911,1.087,0.011,-0.047,0.021,-10.500,56.250,-1.800,35.9
14:44:50.762,300970,0.613,10.925,1.219,0.116,0.128,0.114,-10.500,56.250,-1.800,35.9
14:44:50.815,301025,5.686,15.586,1.693,-0.612,0.641,-0.948,-10.500,56.250,-1.800,35.4
14:44:50.866,301080,0.364,11.878,2.368,-0.227,0.126,-1.116,-10.500,56.250,-1.800,36.0
14:44:50.919,301135,2.593,11.188,0.575,-0.385,-0.048,-0.981,-10.500,56.250,-1.800,36.0
14:44:50.972,301190,-3.021,11.353,1.353,-0.696,0.276,-0.917,-5.550,55.650,0.150,35.9
14:44:51.024,301245,-2.411,11.392,1.681,-0.583,0.905,-0.960,-5.550,55.650,0.150,35.9
14:44:51.076,301300,-3.847,10.341,2.801,-0.520,0.479,-1.115,-2.700,55.200,3.150,36.0
14:44:51.130,301355,-5.155,9.412,2.030,-0.319,0.153,-0.931,-2.700,55.200,3.150,36.0
14:44:51.181,301410,-3.534,8.320,1.446,-0.351,0.217,-0.698,-1.350,55.350,6.300,35.5
14:44:51.234,301465,-4.702,7.597,2.820,-0.190,0.237,-0.424,-1.350,55.350,6.300,35.8
14:44:51.392,301520,-4.403,7.788,1.516,-0.002,0.049,-0.224,1.500,58.050,5.850,35.8
14:44:51.394,301575,-5.567,5.768,4.128,0.537,-0.042,-0.129,13.200,59.850,3.600,36.0
14:44:51.444,301630,-3.349,6.821,2.502,0.702,0.034,-0.047,13.200,59.850,3.600,36.0
14:44:51.497,301685,-4.298,8.851,0.637,0.393,0.064,0.189,28.500,60.750,1.200,35.9
14:44:51.550,301740,-5.430,7.070,2.722,0.076,0.042,0.097,28.500,60.750,1.200,35.8
14:44:51.602,301795,-2.224,4.269,0.500,0.394,0.283,0.039,29.700,62.250,0.150,35.3
14:44:51.655,301850,-0.120,4.729,-1.851,0.673,-0.075,0.036,29.700,62.250,0.150,35.9
14:44:51.706,301905,-2.646,5.303,1.240,-0.030,0.203,-0.215,29.700,62.250,0.150,35.8
14:44:51.760,301960,-4.827,7.669,1.204,-0.127,-0.082,-0.161,29.700,62.250,0.150,35.9
14:44:51.812,302015,-4.966,8.863,1.417,-0.022,-0.008,-0.155,29.700,62.250,0.150,35.8
14:44:51.865,302070,-5.191,8.660,1.267,-0.135,0.172,-0.086,29.700,62.250,0.150,36.0
14:44:51.916,302125,-4.690,8.466,1.460,-0.017,-0.008,-0.025,28.650,63.150,-1.350,35.9
14:44:51.969,302180,-4.707,8.684,1.499,-0.021,-0.019,0.028,28.350,61.950,-1.800,35.9
14:44:52.023,302235,-4.300,8.744,1.144,-0.082,-0.004,-0.043,28.350,61.950,-1.800,35.4
14:44:52.074,302290,-3.816,8.272,1.525,-0.103,-0.047,-0.053,28.650,62.400,-1.800,35.8
14:44:52.126,302345,-4.693,7.853,1.235,-0.099,-0.071,-0.059,28.650,62.400,-1.800,35.9
14:44:52.180,302400,-4.247,6.426,1.106,0.026,0.014,-0.126,26.700,63.150,-3.600,35.9
14:44:52.232,302455,-3.694,4.484,1.106,0.151,-0.167,-0.429,26.700,63.150,-3.600,35.9
14:44:52.284,302510,-5.926,5.260,0.713,0.193,-0.320,-0.527,26.550,60.750,-4.500,36.0
14:44:52.337,302565,-3.922,5.617,1.334,0.359,-0.165,-0.461,26.550,60.750,-4.500,35.5
14:44:52.390,302620,-3.943,5.725,1.659,0.276,-0.532,-0.466,31.050,58.350,-5.100,35.9
14:44:52.495,302675,-6.551,8.059,0.297,0.323,-0.144,-0.087,33.150,59.700,-8.550,36.0
14:44:52.547,302730,-5.162,7.439,0.924,-0.025,-0.235,0.140,33.150,59.700,-8.550,36.1
14:44:52.599,302785,-7.015,7.829,0.079,-0.023,-0.195,0.393,25.050,57.900,-8.850,35.9
14:44:52.652,302840,-4.183,7.673,2.028,-0.143,-0.127,0.553,25.050,57.900,-8.850,35.8
14:44:52.705,302895,-5.995,9.479,0.900,-0.257,-0.236,0.770,25.050,57.900,-8.850,36.0
14:44:52.756,302950,-3.112,9.074,2.251,-0.286,-0.840,0.705,25.050,57.900,-8.850,35.9
14:44:52.862,303005,-5.818,9.610,1.585,0.047,-0.260,1.011,15.300,55.650,-7.350,35.9
14:44:52.864,303060,-2.040,9.773,2.296,-0.085,-0.429,1.082,15.300,55.650,-7.350,36.0
14:44:52.915,303115,-1.626,9.934,2.088,0.364,0.191,1.366,10.950,55.650,-6.300,35.9
14:44:52.966,303170,-1.547,10.101,2.471,0.036,-0.240,1.286,2.250,55.650,-6.300,36.0
14:44:53.019,303225,-1.247,10.338,1.633,0.239,-0.298,1.205,2.250,55.800,-5.850,36.0
14:44:53.072,303280,-0.227,11.049,1.118,0.170,-0.301,0.917,-3.000,57.750,-7.200,35.8
14:44:53.124,303335,0.369,10.566,1.640,0.207,-0.195,0.669,-3.000,57.750,-7.200,36.0
14:44:53.177,303390,0.261,11.396,0.766,0.152,-0.062,0.452,-6.150,58.350,-10.200,35.5
14:44:53.230,303445,0.781,11.246,1.336,0.070,0.010,0.183,-6.150,58.350,-10.200,35.9
14:44:53.282,303500,0.108,10.918,0.220,-0.139,-0.121,-0.045,-7.950,56.100,-10.650,35.9
14:44:53.334,303555,0.048,10.204,0.864,-0.095,0.219,-0.057,-7.950,56.100,-10.650,36.0
14:44:53.438,303610,0.292,9.582,1.257,-0.048,0.009,0.010,-6.900,58.800,-9.750,36.0
14:44:53.440,303665,0.187,9.823,0.654,0.001,0.216,-0.022,-6.900,58.800,-9.750,36.0
14:44:53.491,303720,0.180,9.534,1.168,0.011,0.063,-0.066,-6.900,58.800,-9.750,35.9
14:44:53.545,303775,-0.244,9.337,0.816,-0.019,0.062,-0.027,-6.900,58.800,-9.750,35.9
14:44:53.649,303830,0.409,9.251,1.223,0.043,0.117,0.024,-6.900,58.800,-9.750,36.0
14:44:53.702,303885,0.211,9.376,0.797,0.054,0.031,-0.008,-10.200,56.700,-7.350,36.0
14:44:53.755,303940,0.285,9.349,0.709,0.030,0.223,-0.061,-10.200,56.700,-7.350,36.0
14:44:53.807,303995,0.757,9.967,0.886,-0.017,0.322,0.078,-10.050,57.000,-9.750,35.9
14:44:53.860,304050,1.396,12.969,0.625,-0.336,0.472,-0.243,-10.050,57.000,-9.750,35.9
14:44:53.963,304105,1.010,13.111,1.903,-0.769,-0.025,-0.981,-11.550,55.500,-9.000,36.0
14:44:53.965,304160,0.828,12.725,1.920,-0.729,0.666,-1.146,-11.550,55.500,-9.000,36.0
14:44:54.016,304215,-1.209,12.261,2.471,-0.491,-0.032,-1.340,-10.950,56.700,-7.050,35.9
14:44:54.069,304270,-2.167,10.920,2.607,-0.518,0.386,-1.347,-4.350,56.100,-5.550,35.8
14:44:54.173,304325,-2.954,9.936,1.844,-0.655,0.472,-1.345,-4.350,56.100,-5.550,36.0
14:44:54.175,304380,-4.829,8.487,2.705,-0.610,0.388,-1.038,0.000,55.500,-1.350,36.0
14:44:54.227,304435,-5.748,7.743,3.539,-0.242,-0.221,-0.827,0.000,55.500,-1.350,35.9
14:44:54.280,304490,-4.736,8.622,1.525,0.001,-0.048,-0.695,3.300,56.100,-0.450,36.0
14:44:54.331,304545,-5.974,7.087,2.935,-0.003,0.184,-0.512,3.300,56.100,-0.450,35.9
14:44:54.437,304600,-5.466,6.876,1.528,-0.154,0.335,-0.324,3.300,56.100,-0.450,35.4
14:44:54.439,304655,-5.564,6.237,2.641,-0.139,0.561,-0.144,3.300,56.100,-0.450,36.1
14:44:54.490,304710,-5.126,6.838,2.234,0.055,0.343,0.134,3.300,56.100,-0.450,36.0
14:44:54.594,304765,-3.177,4.822,2.538,-0.201,0.342,0.198,3.300,56.100,-0.450,36.0
14:44:54.596,304820,-4.367,2.885,0.520,0.087,-0.663,-0.002,11.850,65.400,-8.100,35.8
14:44:54.646,304875,-3.251,3.498,1.432,0.313,0.386,0.259,11.850,66.450,-14.400,36.0
14:44:54.699,304930,-3.127,4.690,2.222,-0.234,-0.218,0.153,11.850,66.450,-14.400,35.9
14:44:54.805,304985,-5.483,7.853,1.642,-0.050,-0.143,0.046,14.700,63.750,-3.600,35.8
14:44:54.857,305040,-4.738,9.160,1.788,-0.072,0.115,0.132,14.700,63.750,-3.600,36.0
14:44:54.910,305095,-5.516,8.442,2.547,0.114,0.025,0.143,14.100,60.750,2.700,36.0
14:44:54.961,305150,-5.205,8.461,2.188,-0.093,0.005,0.046,14.100,60.750,2.700,35.8
14:44:55.014,305205,-5.104,8.001,2.265,0.073,0.010,0.099,14.850,61.050,5.250,36.0
14:44:55.066,305260,-5.454,8.104,2.018,0.006,-0.009,-0.037,14.850,61.050,5.250,36.0
14:44:55.120,305315,-5.205,8.030,1.901,-0.015,-0.139,-0.138,16.050,60.000,5.250,35.8
14:44:55.171,305370,-3.869,7.250,2.016,-0.102,-0.169,-0.076,18.750,62.250,0.900,35.8
14:44:55.276,305425,-5.892,7.338,1.812,-0.026,-0.134,-0.041,18.750,62.250,0.900,36.1
14:44:55.277,305480,-4.049,5.978,2.002,-0.119,0.006,-0.005,18.750,62.250,0.900,36.0
14:44:55.330,305535,-4.302,5.476,1.334,0.055,-0.326,-0.163,18.750,62.250,0.900,36.0
14:44:55.381,305590,-3.809,4.492,2.313,0.253,-0.400,-0.395,19.350,61.350,-0.600,36.1
14:44:55.435,305645,-6.802,6.321,0.596,0.614,-0.606,-0.426,19.350,61.350,-0.600,36.0
14:44:55.537,305700,-5.416,6.103,2.490,0.773,0.235,-0.246,20.100,60.600,-2.100,36.0
14:44:55.539,305755,-3.816,7.338,2.658,0.519,-0.099,0.115,20.100,60.600,-2.100,36.0
14:44:55.592,305810,-5.830,7.661,1.312,0.109,-0.857,0.325,21.900,57.450,-7.050,36.0
14:44:55.644,305865,-6.970,8.617,1.020,0.260,-0.114,0.753,21.900,57.450,-7.050,35.8
14:44:55.696,305920,-4.535,8.672,2.150,-0.058,-0.585,0.859,17.100,56.550,-6.450,36.0
14:44:55.750,305975,-3.879,9.811,1.101,-0.251,-0.493,0.800,9.000,56.400,-4.500,36.0
14:44:55.802,306030,-3.508,8.219,3.706,-0.130,-0.573,0.889,9.000,56.400,-4.500,36.0
14:44:55.855,306085,-3.496,10.985,0.943,0.136,-0.869,0.773,7.500,53.850,-1.950,36.0
14:44:55.960,306140,-1.041,9.392,3.536,0.094,0.013,1.046,7.500,53.850,-1.950,35.8
14:44:56.012,306195,-3.553,10.740,1.705,0.228,-0.586,0.757,6.750,56.100,-1.950,35.8
14:44:56.063,306250,-1.702,10.264,2.102,0.241,-0.184,0.820,6.750,56.100,-1.950,35.9
14:44:56.116,306305,-1.405,10.166,1.712,0.290,-0.054,1.025,6.750,56.100,-1.950,36.0
14:44:56.170,306360,-0.831,10.307,1.894,0.452,-0.031,1.295,6.750,56.100,-1.950,36.0
14:44:56.222,306415,0.565,11.284,1.597,0.513,0.138,1.024,6.750,56.100,-1.950,36.2
14:44:56.275,306470,0.773,11.521,1.410,0.265,0.050,0.381,-8.850,54.000,-3.150,36.0
14:44:56.327,306525,1.487,10.855,0.256,-0.063,-0.161,-0.269,-8.850,54.000,-3.150,35.8
14:44:56.379,306580,0.340,10.068,1.164,-0.006,0.686,-0.076,-9.900,53.850,-6.000,36.2
14:44:56.432,306635,0.503,9.881,1.219,0.015,0.302,0.020,-9.900,53.850,-6.000,36.0
14:44:56.485,306690,0.268,9.471,1.061,0.074,0.135,-0.009,-12.000,54.750,-3.150,36.0
14:44:56.537,306745,0.369,9.440,0.939,0.029,0.322,0.004,-12.000,54.750,-3.150,36.0
14:44:56.590,306800,0.280,9.404,0.761,0.078,0.383,-0.008,-9.450,55.350,-3.000,35.8
14:44:56.641,306855,0.247,9.486,0.962,0.013,0.145,-0.012,-9.450,55.350,-3.000,35.9
14:44:56.694,306910,-0.141,9.565,0.927,0.043,0.073,0.054,-11.850,52.050,-4.200,35.9
14:44:56.747,306965,-0.034,9.531,0.879,-0.032,-0.068,0.070,-11.850,52.050,-4.200,35.9
14:44:56.800,307020,0.294,9.220,0.809,-0.033,0.092,0.028,-11.400,53.100,-3.750,36.3
14:44:56.852,307075,0.350,9.088,0.792,-0.054,0.200,0.003,-13.800,52.500,-3.750,36.0
14:44:56.905,307130,0.472,9.158,1.128,-0.039,-0.017,0.016,-13.800,52.500,-3.750,36.0
14:44:56.957,307185,0.596,11.298,1.010,0.022,-0.030,0.175,-13.800,52.500,-3.750,36.0
14:44:57.010,307240,2.401,13.379,0.378,-0.375,-0.133,-0.319,-13.800,52.500,-3.750,36.0
14:44:57.113,307295,2.907,13.372,0.912,-0.374,0.118,-0.943,-13.800,52.500,-3.750,35.8
14:44:57.166,307350,0.414,12.055,2.100,-0.559,-0.020,-1.201,-13.800,52.500,-3.750,35.5
14:44:57.273,307405,-1.674,11.899,1.532,-0.454,0.977,-1.230,-8.700,54.300,-4.200,36.3
14:44:57.274,307460,-1.879,11.463,1.702,-0.559,0.654,-1.325,-8.700,54.300,-4.200,36.0
14:44:57.325,307515,-4.096,9.960,2.478,-0.548,0.431,-1.332,-3.300,54.600,-1.500,36.3
14:44:57.376,307570,-4.999,9.108,2.284,-0.532,0.147,-1.192,0.900,54.600,2.250,36.0
14:44:57.430,307625,-5.756,7.786,1.951,-0.646,0.149,-0.811,0.900,54.600,2.250,36.0
14:44:57.482,307680,-3.151,6.754,3.737,-0.642,0.477,-0.208,0.300,55.200,8.700,35.6
14:44:57.535,307735,-4.697,7.403,1.295,-0.397,-0.099,0.169,0.300,55.200,8.700,35.6
14:44:57.586,307790,-5.624,7.298,0.984,-0.152,-0.021,0.309,4.950,54.750,12.000,36.0
14:44:57.639,307845,-5.236,7.757,3.225,0.015,-0.237,0.272,4.950,54.750,12.000,36.0
14:44:57.691,307900,-4.159,6.974,2.526,0.230,0.103,0.416,11.550,56.550,11.700,36.1
14:44:57.745,307955,-4.434,6.850,3.493,0.066,0.017,0.438,11.550,56.550,11.700,36.1
14:44:57.797,308010,-1.954,3.692,2.428,-0.218,-0.155,0.036,12.450,58.800,11.700,35.9
14:44:57.850,308065,-5.236,5.739,0.299,0.333,0.468,-0.088,12.450,58.800,11.700,36.1
14:44:57.902,308120,0.950,4.671,1.161,-0.051,0.295,-0.140,12.450,58.800,11.700,36.0
14:44:57.955,308175,-2.818,5.983,2.547,-0.100,-0.142,-0.393,15.750,61.050,7.800,36.1
14:44:58.007,308230,-4.410,7.570,2.186,0.080,-0.040,-0.449,15.750,61.050,7.800,36.0
14:44:58.058,308285,-4.456,8.751,1.674,0.512,-0.041,-0.715,21.150,59.250,8.100,36.0
14:44:58.111,308340,-5.308,9.907,1.539,0.032,0.074,-0.482,21.150,59.250,8.100,36.0
14:44:58.164,308395,-5.693,9.603,1.501,-0.355,0.030,-0.264,26.700,59.850,3.600,36.1
14:44:58.270,308450,-5.224,8.971,2.701,-0.140,0.058,-0.123,26.700,59.850,3.600,36.0
14:44:58.322,308505,-5.569,8.768,2.940,0.006,-0.095,-0.008,24.450,59.850,3.600,36.0
14:44:58.374,308560,-5.052,8.765,1.975,-0.039,-0.045,0.056,24.450,59.850,3.600,36.0
14:44:58.426,308615,-4.951,8.183,2.057,-0.099,-0.149,0.033,24.450,58.800,2.850,36.2
14:44:58.480,308670,-5.219,7.726,1.944,-0.124,0.043,-0.078,23.250,61.350,4.350,36.2
14:44:58.532,308725,-4.767,7.688,1.662,-0.112,0.024,-0.152,23.250,61.350,4.350,36.0
14:44:58.637,308780,-5.507,7.104,1.985,0.016,-0.057,-0.222,23.700,59.100,3.150,36.0
14:44:58.639,308835,-5.337,5.981,1.458,0.157,0.091,-0.328,23.700,59.100,3.150,36.1
14:44:58.688,308890,-0.464,3.007,3.405,0.521,-0.196,-0.324,26.250,57.450,1.500,36.0
14:44:58.741,308945,-5.452,5.626,0.666,0.254,-0.970,-0.368,26.250,57.450,1.500,36.0
14:44:58.847,309000,-4.752,5.911,1.475,0.442,0.247,-0.025,26.250,57.450,1.500,36.0
14:44:58.849,309055,-3.670,7.329,1.046,0.162,-0.331,0.088,26.250,57.450,1.500,36.0
14:44:58.900,309110,-5.406,7.295,0.625,-0.119,-0.080,0.296,25.200,56.550,-2.550,36.0
14:44:58.951,309165,-5.322,7.341,2.172,-0.150,-0.333,0.612,19.950,56.400,-3.000,36.1
14:44:59.005,309220,-6.536,9.182,0.745,-0.159,-0.107,0.635,19.950,56.400,-3.000,36.1
14:44:59.058,309275,-6.445,8.411,2.454,-0.234,0.221,0.920,15.750,54.900,-0.900,35.9
14:44:59.109,309330,-3.227,8.940,2.198,-0.012,-0.018,0.909,15.750,54.900,-0.900,35.9
14:44:59.161,309385,-4.525,9.443,2.203,0.104,-0.185,1.053,10.200,54.900,-2.250,36.1
14:44:59.214,309440,-4.494,9.723,1.841,0.071,-0.333,0.889,10.200,54.900,-2.250,35.9
14:44:59.267,309495,-1.712,10.623,2.497,0.296,0.134,0.861,6.600,56.550,-3.600,36.1
14:44:59.320,309550,-3.998,10.285,2.198,0.016,-0.490,0.658,6.600,56.550,-3.600,36.0
14:44:59.477,309605,-1.913,10.211,1.733,0.294,-0.253,0.855,3.600,56.100,-6.000,36.0
14:44:59.479,309660,-0.045,9.898,2.236,0.297,-0.418,1.103,3.600,56.100,-6.000,35.8
14:44:59.530,309715,-0.927,10.872,1.209,0.339,-0.070,0.914,-0.750,56.250,-6.450,35.8
14:44:59.582,309770,0.436,10.812,1.070,0.149,-0.192,0.468,-0.750,56.250,-6.450,36.0
14:44:59.634,309825,0.661,10.537,1.616,0.048,-0.214,0.014,-0.750,56.250,-6.450,36.4
14:44:59.686,309880,-0.362,10.582,1.240,0.145,-0.171,0.160,-0.750,56.250,-6.450,36.0
14:44:59.740,309935,0.548,10.374,1.422,0.058,-0.246,0.256,-0.750,56.250,-6.450,35.9
14:44:59.792,309990,-0.120,10.295,0.824,0.062,0.066,0.147,-7.350,54.000,-7.950,36.0
14:44:59.845,310045,0.330,9.708,0.986,-0.126,0.064,0.035,-7.350,54.000,-7.950,35.9
14:44:59.896,310101,-0.438,9.689,0.972,0.008,0.096,-0.022,-8.100,54.750,-6.450,35.8
14:44:59.949,310155,-0.371,9.603,0.924,-0.033,0.052,0.059,-8.100,54.750,-6.450,36.3
14:45:00.054,310210,-0.587,9.361,0.898,0.040,-0.100,0.100,-8.550,53.700,-5.400,36.0
14:45:00.056,310265,0.546,9.124,1.144,-0.064,-0.076,0.084,-8.250,53.550,-5.550,36.0
14:45:00.106,310320,-0.074,9.342,1.027,-0.099,-0.061,0.011,-8.250,53.550,-5.550,36.0
14:45:00.159,310375,0.057,9.321,0.790,-0.026,0.068,-0.003,-9.450,54.600,-8.850,36.1
14:45:00.211,310430,0.385,9.840,0.761,-0.050,-0.004,0.041,-9.450,54.600,-8.850,36.0
14:45:00.265,310485,0.297,10.173,1.317,-0.081,0.128,0.017,-9.450,53.550,-8.550,35.9
14:45:00.317,310540,-0.275,9.859,1.030,-0.075,-0.215,-0.024,-9.450,53.550,-8.550,36.0
14:45:00.370,310595,-0.019,9.522,1.199,-0.040,0.007,0.052,-8.250,53.850,-7.800,35.8
14:45:00.422,310650,0.314,9.371,1.073,-0.044,-0.199,-0.003,-8.250,53.850,-7.800,36.0
14:45:00.475,310705,1.032,11.856,1.185,0.031,-0.076,0.095,-8.250,53.850,-7.800,36.0
14:45:00.631,310760,3.493,13.566,1.135,-0.529,-0.812,-0.881,-8.250,53.850,-7.800,36.3
14:45:00.682,310815,-0.876,14.286,0.611,-0.417,-0.130,-1.517,-8.250,53.850,-7.800,36.1
14:45:00.684,310870,-0.371,12.117,2.143,-0.618,0.856,-1.437,-1.650,53.850,-5.550,36.0
14:45:00.736,310925,-2.064,10.760,1.192,-0.717,0.741,-1.323,-1.650,53.850,-5.550,36.0
14:45:00.790,310980,-3.496,9.759,2.567,-0.746,0.420,-1.202,1.350,54.600,-5.550,36.1
14:45:00.842,311035,-4.714,8.952,2.217,-0.456,0.385,-0.940,1.350,54.600,-5.550,36.0
14:45:00.895,311090,-4.712,8.600,2.265,-0.145,-0.268,-0.840,3.000,55.800,-4.350,36.0
14:45:00.947,311145,-4.870,8.119,2.227,-0.035,-0.082,-0.655,3.000,55.800,-4.350,35.8
14:45:01.000,311200,-4.386,8.045,1.863,0.006,0.216,-0.352,9.000,57.900,-4.500,36.1
14:45:01.103,311255,-5.986,7.494,1.805,-0.030,0.232,0.091,9.000,57.900,-4.500,36.0
14:45:01.105,311310,-4.379,7.295,2.528,-0.094,0.293,0.347,12.600,60.750,-5.250,36.0
14:45:01.156,311365,-7.072,7.721,2.703,-0.068,0.163,0.795,12.150,60.750,-0.450,36.0
14:45:01.209,311420,-5.593,7.786,2.274,0.122,-0.309,1.249,12.150,60.750,-0.450,36.0
14:45:01.314,311475,-3.761,6.361,3.536,0.552,-0.009,1.547,10.200,60.450,6.000,36.0
14:45:01.316,311530,-2.274,5.432,1.245,0.997,-0.491,1.237,10.200,60.450,6.000,36.1
14:45:01.366,311585,-1.034,5.315,0.160,0.767,-0.447,0.603,10.200,60.450,6.000,35.9
14:45:01.419,311640,-0.215,5.698,0.342,0.380,-0.651,-0.213,10.200,60.450,6.000,35.8
14:45:01.472,311695,-1.774,7.585,0.385,0.089,-0.199,-0.442,10.200,60.450,6.000,36.1
14:45:01.525,311750,-2.567,9.038,0.093,-0.183,-0.182,-0.443,10.200,60.450,6.000,36.0
14:45:01.629,311805,-3.608,9.570,-0.067,-0.317,-0.007,-0.314,9.450,59.700,6.300,36.0
14:45:01.631,311860,-3.091,9.440,1.286,-0.297,0.005,-0.265,9.450,59.700,6.300,36.2
14:45:01.733,311915,-2.696,9.687,1.085,-0.140,0.026,-0.154,13.200,60.600,6.150,36.0
14:45:01.786,311970,-2.459,9.510,1.087,-0.152,0.100,-0.072,15.750,60.450,3.000,36.0
14:45:01.839,312025,-2.607,9.048,1.288,-0.043,-0.145,-0.097,15.750,60.450,3.000,36.0
14:45:01.891,312080,-2.318,8.995,0.883,-0.029,0.106,-0.124,17.100,61.350,4.350,35.5
14:45:01.945,312135,-2.392,8.981,1.010,-0.047,0.150,-0.080,17.100,61.350,4.350,36.3
14:45:01.996,312190,-2.602,8.803,0.977,-0.193,0.075,-0.041,17.250,61.050,1.200,36.1
14:45:02.049,312245,-2.614,8.423,1.276,-0.196,0.104,-0.131,17.250,61.050,1.200,36.0
14:45:02.101,312300,-3.184,7.839,0.737,-0.313,0.003,-0.251,18.600,61.350,1.350,36.3
14:45:02.154,312355,-1.815,6.081,1.721,-0.186,0.219,-0.537,18.600,61.350,1.350,36.1
14:45:02.206,312410,-3.450,5.672,1.616,-0.102,0.061,-0.851,18.750,62.550,1.950,36.0
14:45:02.259,312465,-3.436,6.124,0.725,0.064,0.142,-0.889,18.750,62.550,1.950,35.8
14:45:02.312,312520,-3.790,6.651,1.810,-0.084,0.123,-0.707,18.750,62.550,1.950,36.0
14:45:02.365,312575,-6.270,7.396,0.723,-0.080,-0.067,-0.424,18.750,62.550,1.950,36.0
14:45:02.416,312630,-3.527,7.647,1.214,0.019,-0.045,-0.225,18.750,62.550,1.950,36.0
14:45:02.522,312685,-7.029,9.009,0.136,0.075,-0.335,0.003,29.100,59.100,-7.650,36.0
14:45:02.523,312740,-7.123,9.036,0.457,-0.035,-0.142,0.368,29.100,59.100,-7.650,36.0
14:45:02.575,312795,-4.343,9.246,0.716,-0.587,-0.015,0.605,25.350,56.700,-7.050,35.8
14:45:02.627,312850,-4.515,9.146,2.959,-0.164,-0.354,0.702,25.350,56.700,-7.050,36.0
14:45:02.679,312905,-6.445,11.004,1.645,0.048,-0.447,0.739,17.700,58.950,-6.000,36.1
14:45:02.731,312960,-2.756,10.379,2.255,-0.166,-0.147,0.816,17.700,58.950,-6.000,36.0
14:45:02.785,313015,-3.201,10.764,2.294,0.099,-0.284,0.657,15.300,57.450,-5.550,36.1
14:45:02.889,313070,-1.980,9.735,2.095,0.030,-0.355,0.843,11.250,58.350,-4.650,36.1
14:45:02.942,313125,-0.397,10.123,1.750,0.126,-0.396,0.732,11.250,58.350,-4.650,36.3
14:45:02.995,313180,-2.234,10.041,1.788,0.078,-0.026,0.807,7.050,56.100,-3.750,36.0
14:45:03.047,313235,-1.322,10.599,1.513,0.167,-0.430,0.540,7.050,56.100,-3.750,36.0
14:45:03.100,313290,-0.668,9.754,0.960,0.023,-0.301,0.329,3.600,56.100,-1.950,36.0
14:45:03.151,313345,-1.621,9.397,1.243,0.153,-0.428,0.377,3.600,56.100,-1.950,36.0
14:45:03.204,313400,0.057,10.039,1.001,0.162,-0.062,0.497,2.700,55.500,-2.850,36.1
14:45:03.256,313455,-0.108,10.314,1.346,0.151,-0.230,0.389,2.700,55.500,-2.850,36.0
14:45:03.310,313510,0.888,9.608,1.219,0.066,-0.280,0.070,2.700,55.500,-2.850,36.0
14:45:03.362,313565,0.759,9.527,1.039,-0.014,-0.060,-0.148,2.700,55.500,-2.850,36.0
14:45:03.414,313620,-0.081,9.795,1.020,0.014,0.047,-0.147,2.700,55.500,-2.850,36.0
14:45:03.467,313675,-0.263,9.622,1.144,0.125,0.031,-0.063,-3.750,55.500,-3.150,36.1
14:45:03.520,313730,0.199,9.462,0.931,0.045,0.084,0.070,-3.750,55.500,-3.150,36.3
14:45:03.572,313785,-0.263,9.632,1.377,0.094,-0.059,0.112,-5.250,54.300,-2.250,36.2
14:45:03.625,313840,0.591,9.835,0.986,0.112,0.075,-0.065,-5.250,54.300,-2.250,36.2
14:45:03.727,313895,-0.737,10.168,0.955,0.048,0.293,0.065,-6.600,53.700,-4.350,36.0
14:45:03.729,313950,-0.395,10.345,0.615,0.033,-0.052,0.123,-6.600,53.700,-4.350,36.0
14:45:03.781,314005,0.113,10.386,0.725,-0.066,-0.135,0.168,-4.950,54.750,-7.200,36.0
14:45:03.835,314060,0.479,10.013,1.350,0.029,0.150,0.023,-4.950,54.750,-7.200,36.0
14:45:03.887,314115,-0.426,9.991,0.567,-0.098,0.015,0.076,-4.200,54.450,-6.900,36.1
14:45:03.938,314170,-0.053,9.139,1.372,-0.058,-0.095,0.104,-4.950,55.200,-7.950,36.1
14:45:04.044,314225,-0.235,9.507,0.563,-0.016,-0.114,0.125,-4.950,55.200,-7.950,36.1
14:45:04.097,314280,0.086,9.280,0.725,-0.060,0.057,0.078,-4.050,54.600,-7.350,36.0
14:45:04.149,314335,-0.180,9.392,0.658,-0.116,-0.274,-0.012,-4.050,54.600,-7.350,35.9
14:45:04.201,314390,2.624,14.044,0.177,-0.042,0.208,0.169,-3.450,55.500,-8.700,35.8
14:45:04.253,314445,3.203,13.812,2.579,-0.331,-0.114,-0.471,-3.450,55.500,-8.700,36.0
14:45:04.306,314500,-0.098,15.146,0.213,-0.439,0.068,-1.016,-3.450,55.500,-8.700,36.0
14:45:04.359,314555,-0.180,13.886,1.180,-0.620,1.018,-1.421,-3.450,55.500,-8.700,36.1
14:45:04.411,314610,-2.006,11.308,2.540,-0.427,0.758,-1.571,-3.450,55.500,-8.700,36.5
14:45:04.465,314665,-4.480,10.561,0.393,-0.353,0.710,-1.427,5.700,59.100,-8.700,36.5
14:45:04.517,314720,-2.614,8.224,2.327,-0.325,0.205,-1.241,5.700,59.100,-8.700,36.0
14:45:04.570,314775,-4.745,7.151,1.820,-0.162,0.127,-0.825,12.600,61.050,-12.150,36.0
14:45:04.622,314830,-6.421,6.436,1.738,0.039,0.013,-0.321,12.600,61.050,-12.150,35.9
14:45:04.674,314885,-3.675,6.981,2.279,0.112,-0.116,-0.096,19.800,59.850,-10.500,36.0
14:45:04.726,314940,-4.381,7.638,1.211,0.237,0.003,0.014,19.800,59.850,-10.500,36.0
14:45:04.779,314995,-6.146,6.965,1.915,0.349,-0.238,0.082,30.600,59.850,-9.750,36.1
14:45:04.884,315050,-4.027,7.973,2.014,0.407,0.159,0.375,30.600,59.850,-9.750,36.1
14:45:04.885,315105,-5.097,7.523,0.790,0.128,-0.091,0.463,37.500,58.200,-6.000,36.1
14:45:04.937,315160,-3.797,7.824,1.499,0.360,0.281,0.656,37.500,58.200,-6.000,36.0
14:45:04.988,315215,-2.873,7.891,2.212,0.601,0.314,0.794,34.350,59.250,-1.500,35.9
14:45:05.042,315270,-1.650,5.753,-0.381,0.374,0.131,0.560,30.450,59.250,0.900,36.0
14:45:05.095,315325,-2.033,4.554,-1.097,0.346,-0.088,0.188,30.450,59.250,0.900,36.1
14:45:05.199,315380,-2.708,7.329,-1.231,0.131,0.163,-0.056,26.700,59.550,0.300,36.0
14:45:05.251,315435,-2.310,8.801,0.673,-0.060,0.133,-0.108,26.700,59.550,0.300,36.0
14:45:05.304,315490,-3.213,10.190,-0.745,-0.218,-0.039,0.013,26.700,59.550,0.300,36.0
14:45:05.356,315545,-3.637,9.366,-0.091,0.040,0.067,0.155,26.700,59.550,0.300,35.9
14:45:05.410,315600,-3.946,9.112,-0.065,-0.143,-0.065,0.052,26.700,59.550,0.300,36.0
14:45:05.461,315655,-3.800,9.457,-0.062,-0.075,-0.254,-0.144,26.700,59.550,0.300,36.2
14:45:05.513,315710,-2.258,9.428,-0.433,-0.129,0.171,-0.049,21.900,57.900,2.700,36.3
14:45:05.619,315765,-3.591,8.729,-0.105,0.092,-0.131,-0.120,22.050,58.800,3.150,36.3
14:45:05.621,315820,-2.497,8.875,-0.096,-0.078,0.005,-0.106,22.050,58.800,3.150,36.2
14:45:05.672,315875,-3.036,9.108,0.048,-0.055,-0.039,-0.048,22.500,58.800,2.550,36.3
14:45:05.725,315930,-3.242,9.050,0.409,0.017,-0.051,-0.060,22.500,58.800,2.550,36.0
14:45:05.776,315985,-2.981,9.165,0.122,0.003,0.100,0.063,22.500,57.300,2.100,35.8
14:45:05.830,316040,-2.907,8.885,-0.045,-0.013,0.123,0.055,22.500,57.300,2.100,36.1
14:45:05.881,316095,-2.995,8.681,-0.424,-0.074,0.046,-0.033,19.200,58.650,2.700,36.2
14:45:05.934,316150,-2.916,7.211,-0.311,-0.162,0.209,-0.148,19.200,58.650,2.700,36.3
14:45:05.988,316205,-1.681,5.167,0.998,0.153,-0.398,-0.598,16.800,58.950,-0.150,36.0
14:45:06.040,316260,-1.906,5.373,0.256,0.187,-0.062,-0.826,24.300,58.950,-0.150,36.3
14:45:06.092,316315,-5.246,5.734,0.057,0.216,-0.225,-1.063,24.300,57.150,-0.900,36.0
14:45:06.145,316370,-5.069,6.105,-0.412,0.258,-0.349,-0.994,35.400,55.200,-4.650,36.0
14:45:06.197,316425,-5.430,7.501,-1.087,-0.179,-0.061,-0.398,35.400,55.200,-4.650,36.0
14:45:06.249,316480,-7.053,7.523,0.881,-0.539,-0.226,0.089,34.500,51.150,-9.450,36.2
14:45:06.301,316535,-5.545,9.074,-0.321,-0.691,0.204,0.482,34.500,51.150,-9.450,36.1
14:45:06.407,316590,-5.114,8.993,1.741,-0.319,-0.133,0.586,34.500,51.150,-9.450,35.9
14:45:06.512,316645,-4.944,10.475,0.366,-0.173,-0.378,0.574,34.500,51.150,-9.450,36.1
14:45:06.563,316700,-5.243,10.460,0.737,-0.370,-0.174,0.584,34.500,51.150,-9.450,36.2
14:45:06.565,316755,-1.966,9.926,1.379,-0.389,-0.130,0.490,34.500,51.150,-9.450,36.0
14:45:06.616,316810,-4.190,10.197,1.678,-0.221,-0.361,0.656,15.900,54.750,-10.500,36.0
14:45:06.669,316865,-2.849,10.216,1.276,-0.106,-0.423,0.633,12.900,58.650,-10.050,36.3
14:45:06.722,316920,-1.832,10.364,1.504,0.005,-0.316,0.944,12.900,58.650,-10.050,36.0
14:45:06.774,316975,-2.002,9.787,2.011,-0.095,-0.301,1.030,11.550,58.050,-7.650,36.2
14:45:06.827,317030,-1.056,9.864,0.819,0.125,-0.397,1.187,11.550,58.050,-7.650,36.1
14:45:06.879,317085,-1.276,9.886,1.365,0.075,-0.486,1.257,5.550,59.250,-8.100,36.2
14:45:06.931,317140,0.292,10.855,0.661,0.206,-0.466,0.942,5.550,59.250,-8.100,35.8
14:45:06.984,317195,0.646,11.049,0.922,0.085,-0.278,0.405,-0.750,60.150,-6.150,36.0
14:45:07.037,317250,0.912,10.772,1.063,-0.025,-0.289,-0.004,-0.750,60.150,-6.150,36.0
14:45:07.090,317305,-0.388,10.582,0.960,-0.000,0.068,0.121,-3.000,58.350,-8.700,36.3
14:45:07.142,317360,1.300,10.065,1.293,0.089,-0.284,0.087,-4.950,58.050,-7.650,36.3
14:45:07.195,317415,0.148,9.759,0.371,-0.019,0.174,0.033,-4.950,58.050,-7.650,36.0
14:45:07.247,317470,0.285,9.378,0.804,0.015,-0.026,-0.046,-5.250,57.450,-10.350,36.3
14:45:07.299,317525,-0.460,9.443,0.833,-0.030,0.051,0.046,-5.250,57.450,-10.350,36.1
14:45:07.351,317580,-0.002,9.347,0.962,0.013,-0.131,0.071,-5.250,57.450,-10.350,35.9
14:45:07.404,317635,-0.079,9.495,0.457,-0.004,0.063,0.055,-5.250,57.450,-10.350,36.1
14:45:07.457,317690,0.790,9.764,1.097,0.063,-0.050,-0.021,-5.250,57.450,-10.350,36.4
14:45:07.561,317745,0.215,10.116,0.678,-0.075,0.139,-0.062,-5.250,57.450,-10.350,36.0
14:45:07.615,317800,1.006,9.455,0.685,-0.057,-0.013,-0.032,-5.700,58.050,-10.200,36.0
14:45:07.667,317855,0.716,9.246,0.898,0.078,-0.035,0.016,-5.700,58.050,-10.200,36.0
14:45:07.719,317910,0.479,9.469,0.670,0.045,-0.118,0.000,-8.250,57.450,-11.850,36.0
14:45:07.771,317965,0.702,9.234,0.922,-0.124,-0.067,-0.011,-6.900,56.550,-11.700,36.0
14:45:07.824,318020,0.101,9.000,0.986,-0.011,-0.008,-0.075,-6.900,56.550,-11.700,36.1
14:45:07.877,318075,0.692,9.804,1.010,-0.032,-0.025,0.005,-6.300,58.650,-12.900,36.1
14:45:07.930,318130,0.385,11.116,0.558,-0.004,-0.021,0.090,-6.300,58.650,-12.900,36.1
14:45:07.982,318185,3.646,14.887,1.721,-0.111,0.105,0.047,-6.900,57.300,-12.000,36.0
14:45:08.035,318240,0.156,13.910,-0.390,-0.412,-0.707,-1.029,-6.900,57.300,-12.000,36.1
14:45:08.087,318295,1.331,11.423,1.381,-0.396,0.355,-1.157,-4.050,58.200,-11.400,36.1
14:45:08.139,318350,0.237,11.401,1.111,-0.706,0.224,-1.212,-4.050,58.200,-11.400,36.0
14:45:08.191,318405,-2.416,10.534,1.891,-0.451,0.692,-1.164,3.300,58.650,-7.350,36.1
14:45:08.245,318460,-2.921,9.464,1.247,-0.208,0.605,-1.022,3.300,58.650,-7.350,36.0
14:45:08.296,318515,-2.816,9.799,1.295,-0.230,0.305,-0.855,3.300,58.650,-7.350,36.2
14:45:08.348,318570,-5.286,9.759,0.503,-0.342,0.096,-0.645,3.300,58.650,-7.350,36.3
14:45:08.401,318625,-3.378,8.511,2.181,-0.142,0.203,-0.337,3.300,58.650,-7.350,36.3
14:45:08.455,318680,-3.373,8.255,2.035,0.027,-0.356,-0.285,12.750,57.000,-1.050,36.0
14:45:08.507,318735,-5.136,8.358,1.741,0.297,-0.187,0.027,12.750,57.000,-1.050,35.9
14:45:08.559,318790,-3.129,7.740,2.066,0.351,0.086,0.253,19.800,58.800,-0.600,36.2
14:45:08.612,318845,-2.811,7.171,1.513,0.127,-0.235,0.384,19.800,58.800,-0.600,36.0
14:45:08.717,318900,-3.666,6.744,2.523,0.329,0.165,0.511,19.200,57.900,2.700,36.3
14:45:08.770,318955,-2.732,8.179,2.430,0.399,0.195,0.489,19.200,57.900,2.700,36.1
14:45:08.821,319010,-0.694,5.871,2.198,1.405,0.238,0.256,17.250,58.950,3.450,36.1
14:45:08.875,319065,-3.364,5.885,-1.250,1.443,-0.130,0.005,23.700,57.750,-3.900,36.1
14:45:08.927,319120,-2.009,5.897,-1.583,0.169,-0.891,-0.127,23.700,57.750,-3.900,35.8
14:45:08.980,319175,-2.203,7.216,-1.822,-0.623,-0.253,0.171,28.500,59.250,-2.700,36.1
14:45:09.032,319230,-2.713,7.987,0.297,-0.274,-0.231,-0.036,28.500,59.250,-2.700,36.3
14:45:09.085,319285,-3.364,9.414,-0.840,-0.220,-0.080,-0.316,29.100,58.800,0.000,36.3
14:45:09.137,319340,-3.484,9.213,0.227,-0.221,-0.022,-0.330,29.100,58.800,0.000,36.0
14:45:09.190,319395,-3.438,8.930,-0.417,-0.077,0.062,-0.388,28.650,58.350,-0.300,36.3
14:45:09.242,319450,-3.302,9.175,-0.156,0.049,-0.044,-0.337,28.650,58.350,-0.300,36.1
14:45:09.294,319505,-2.306,8.775,-0.192,-0.050,0.052,-0.119,28.650,58.350,-0.300,36.0
14:45:09.348,319560,-3.105,8.650,0.345,-0.101,0.071,-0.061,28.650,58.350,-0.300,36.2
14:45:09.399,319615,-4.156,8.882,0.175,-0.015,0.002,-0.042,28.650,58.350,-0.300,36.0
14:45:09.451,319670,-3.531,8.820,0.017,-0.141,-0.111,0.009,31.200,58.950,-2.250,36.3
14:45:09.505,319725,-3.970,8.361,0.122,-0.162,-0.015,0.038,31.200,58.950,-2.250,36.0
14:45:09.556,319780,-3.259,7.714,0.098,-0.071,-0.118,-0.112,29.700,58.950,-4.200,36.0
14:45:09.609,319835,-3.905,6.522,0.599,0.098,-0.121,-0.409,29.700,58.950,-4.200,36.1
14:45:09.662,319890,-1.918,5.483,0.831,0.087,-0.172,-0.624,30.900,59.700,-4.500,36.0
14:45:09.767,319945,-4.238,6.055,0.508,-0.083,-0.011,-0.617,30.900,59.700,-4.500,36.0
14:45:09.768,320000,-4.398,5.746,0.965,0.123,-0.257,-0.600,32.550,56.250,-3.900,36.1
14:45:09.872,320055,-4.231,6.433,1.891,0.796,-0.201,-0.171,32.550,56.250,-3.900,36.0
14:45:09.977,320110,-5.511,10.353,-3.129,-0.253,-0.384,0.155,32.850,54.300,-7.350,36.4
14:45:09.978,320165,-6.534,9.833,-0.223,-0.578,0.242,0.470,28.350,52.950,-7.950,36.4
14:45:10.030,320220,-5.310,8.468,0.148,-0.656,-0.509,0.337,28.350,52.950,-7.950,36.2
14:45:10.082,320275,-4.513,8.392,0.309,-0.638,-0.400,0.675,23.850,53.550,-3.450,36.0
14:45:10.135,320330,-5.167,9.697,0.625,-0.610,-0.303,0.837,23.850,53.550,-3.450,36.0
14:45:10.187,320385,-2.492,8.382,2.363,-0.530,-0.559,0.864,22.050,55.500,-0.600,36.3
14:45:10.292,320440,-5.131,10.206,1.446,-0.354,-0.163,0.904,22.050,55.500,-0.600,36.0
14:45:10.293,320495,-1.530,10.743,2.392,-0.232,-0.114,1.018,22.050,55.500,-0.600,36.2
14:45:10.344,320550,-2.919,10.865,1.604,-0.052,-0.108,0.707,22.050,55.500,-0.600,36.0
14:45:10.396,320605,-2.569,10.384,1.652,0.098,0.343,0.877,22.050,55.500,-0.600,36.2
14:45:10.449,320660,-1.041,9.910,2.052,0.242,-0.045,0.791,9.600,61.950,-0.600,36.0
14:45:10.502,320715,-0.754,10.570,1.006,0.151,-0.071,0.766,9.600,61.950,-0.600,36.0
14:45:10.555,320770,-0.790,10.393,1.796,0.207,0.327,0.823,4.650,62.700,-2.100,36.1
14:45:10.606,320825,-0.326,10.496,1.336,0.008,0.330,0.709,4.650,62.700,-2.100,36.2
14:45:10.659,320880,0.211,10.630,0.833,-0.001,0.621,0.609,-0.150,62.550,-1.950,36.3
14:45:10.712,320935,0.979,9.835,2.274,0.292,0.025,0.349,-0.150,62.550,-1.950,36.2
14:45:10.765,320990,0.962,9.811,1.420,0.311,0.157,0.300,-4.200,63.450,-5.400,36.0
14:45:10.816,321045,1.228,10.362,0.795,0.168,0.422,0.270,-4.200,63.450,-5.400,36.0
14:45:10.920,321101,0.852,10.171,0.637,0.020,0.407,-0.013,-8.250,62.850,-8.550,36.0
14:45:10.922,321155,0.898,9.330,1.674,0.058,0.037,-0.160,-8.250,62.850,-8.550,36.3
14:45:11.027,321210,1.216,9.665,0.893,0.142,0.095,-0.105,-9.600,63.150,-7.200,36.3
14:45:11.080,321265,0.804,10.075,1.137,0.034,0.309,-0.012,-9.300,60.900,-7.650,36.3
14:45:11.132,321320,0.539,9.594,1.049,-0.062,-0.358,-0.222,-9.300,60.900,-7.650,36.0
14:45:11.235,321375,1.080,9.907,0.946,0.096,0.105,-0.208,-9.600,60.600,-6.900,36.3
14:45:11.237,321430,-0.249,9.768,0.792,-0.048,0.134,-0.031,-9.600,60.600,-6.900,36.3
14:45:11.340,321485,0.127,9.864,0.881,0.005,0.190,0.060,-9.600,60.600,-6.900,36.1
14:45:11.342,321540,0.764,9.687,1.065,-0.080,-0.097,0.031,-9.600,60.600,-6.900,36.1
14:45:11.395,321595,0.572,9.301,0.895,-0.067,-0.048,-0.013,-9.600,60.600,-6.900,36.3
14:45:11.446,321650,0.017,9.349,0.637,-0.090,0.088,-0.023,-9.600,60.600,-6.900,36.3
14:45:11.551,321705,0.383,8.863,0.898,-0.097,0.039,-0.061,-11.550,59.550,-5.850,36.2
14:45:11.552,321760,0.417,9.692,0.965,-0.061,-0.231,0.071,-12.600,60.450,-5.550,36.2
14:45:11.605,321815,1.346,13.190,1.681,-0.003,0.156,0.149,-12.600,60.450,-5.550,36.1
14:45:11.656,321870,2.595,13.956,-0.211,-0.510,0.227,-0.760,-9.600,60.600,-5.100,36.0
14:45:11.710,321925,2.756,12.926,2.327,-0.633,-0.317,-1.356,-9.600,60.600,-5.100,36.3
14:45:11.762,321980,-0.424,12.325,1.293,-0.254,0.322,-1.441,-3.000,60.900,-4.350,36.1
14:45:11.815,322035,-2.399,9.546,2.313,-0.272,0.298,-1.281,-3.000,60.900,-4.350,36.1
14:45:11.866,322090,-5.605,8.813,1.408,-0.087,-0.115,-0.756,6.150,60.900,-4.350,36.3
14:45:11.920,322145,-1.887,8.928,1.518,0.126,-0.344,-0.793,6.150,60.900,-4.350,36.3
14:45:11.972,322200,-3.598,8.988,1.592,-0.027,-0.151,-0.678,14.850,59.700,-1.950,36.1
14:45:12.025,322255,-5.001,8.921,2.224,-0.063,0.336,-0.597,14.850,59.700,-1.950,36.0
14:45:12.078,322310,-3.407,8.588,2.428,-0.230,0.334,-0.496,17.250,58.650,-3.450,36.3
14:45:12.182,322365,-3.108,7.549,2.555,-0.171,0.316,-0.336,21.000,59.100,-5.850,36.3
14:45:12.235,322420,-1.324,6.718,2.540,0.060,0.092,-0.246,21.000,59.100,-5.850,36.0
14:45:12.287,322475,-3.869,7.120,1.417,-0.221,0.022,0.018,21.000,59.100,-5.850,36.3
14:45:12.338,322530,-5.030,7.709,2.543,0.182,0.099,0.140,21.000,59.100,-5.850,36.2
14:45:12.391,322585,-4.080,8.171,2.342,0.135,0.348,0.422,21.000,59.100,-5.850,36.1
14:45:12.445,322640,-3.340,8.332,1.331,0.323,0.263,0.631,21.000,59.100,-5.850,36.0
14:45:12.496,322695,-3.603,7.673,2.397,0.224,0.168,0.496,24.450,60.900,-2.550,36.1
14:45:12.549,322750,-0.419,5.397,0.575,0.398,-0.055,0.454,24.450,60.900,-2.550,36.2
14:45:12.602,322805,-1.496,5.641,-0.271,0.427,-0.426,0.137,23.250,61.650,2.100,36.3
14:45:12.706,322860,-1.872,6.984,-0.172,-0.004,-0.240,0.023,23.700,58.350,7.650,36.1
14:45:12.707,322915,-3.457,8.679,0.898,-0.189,-0.059,0.100,23.700,58.350,7.650,36.5
14:45:12.759,322970,-4.353,9.570,-0.101,-0.250,0.024,0.071,18.600,59.550,5.850,36.3
14:45:12.812,323025,-3.527,8.861,0.077,-0.037,0.105,-0.100,18.600,59.550,5.850,36.0
14:45:12.863,323080,-2.097,8.636,0.761,0.034,0.169,-0.236,20.700,59.700,3.000,35.9
14:45:12.917,323135,-2.969,9.055,0.579,-0.056,0.091,-0.132,20.700,59.700,3.000,36.4
14:45:12.969,323190,-2.337,8.926,0.615,-0.126,0.217,0.007,22.050,59.850,3.900,36.1
14:45:13.022,323245,-2.938,8.772,0.395,-0.140,0.145,0.097,22.050,59.850,3.900,36.3
14:45:13.075,323300,-4.058,9.143,0.362,-0.231,0.114,0.057,22.500,59.850,1.350,36.1
14:45:13.127,323355,-3.194,8.710,0.790,-0.105,0.024,-0.051,22.500,59.850,1.350,36.4
14:45:13.180,323410,-3.031,8.119,0.792,-0.030,0.027,-0.241,22.500,59.850,1.350,36.4
14:45:13.231,323465,-2.990,5.751,0.366,0.232,-0.027,-0.614,22.500,59.850,1.350,36.3
14:45:13.337,323520,0.759,4.568,1.300,0.137,-0.309,-0.835,22.500,59.850,1.350,36.1
14:45:13.389,323575,-2.986,5.490,1.992,0.185,-0.171,-0.597,31.050,59.550,-3.600,36.4
14:45:13.442,323630,-3.666,9.522,-1.326,-0.192,-0.290,-0.169,31.050,59.550,-3.600,36.1
14:45:13.495,323685,-4.173,8.147,1.188,-0.938,-0.050,0.206,28.350,59.850,-7.650,36.1
14:45:13.546,323740,-1.231,6.730,3.259,-0.743,-0.311,0.137,28.350,59.850,-7.650,36.1
14:45:13.599,323795,-4.762,6.790,1.137,-0.298,-0.484,0.148,17.250,57.150,-2.250,36.3
14:45:13.652,323850,-3.462,7.341,2.765,0.099,-0.057,0.356,17.250,57.150,-2.250,36.0
14:45:13.704,323905,-5.006,9.206,2.174,-0.079,0.121,0.509,23.250,57.000,-1.800,36.2
14:45:13.757,323960,-4.480,9.213,2.184,-0.236,-0.068,0.581,17.400,56.250,-0.300,36.3
14:45:13.810,324015,-3.651,9.862,1.889,-0.017,-0.050,0.693,17.400,56.250,-0.300,36.3
14:45:13.861,324070,-4.652,10.027,0.055,-0.051,-0.534,0.459,10.950,57.450,-2.250,36.3
14:45:13.913,324125,1.961,8.540,4.508,-0.256,-0.305,0.481,10.950,57.450,-2.250,36.3
14:45:13.966,324180,-4.116,9.670,1.978,0.062,-0.009,0.642,2.850,56.700,-3.450,35.9
14:45:14.018,324235,-1.674,10.673,2.363,0.188,0.006,0.729,2.850,56.700,-3.450,36.0
14:45:14.072,324290,-2.559,10.060,1.681,0.213,0.132,0.881,2.700,59.100,-3.900,36.2
14:45:14.125,324345,-1.257,10.518,2.361,0.273,-0.378,0.826,2.700,59.100,-3.900,36.3
14:45:14.176,324400,-0.455,10.599,1.697,0.297,0.014,0.744,2.700,59.100,-3.900,36.4
14:45:14.230,324455,-0.867,11.150,1.295,0.196,-0.095,0.659,2.700,59.100,-3.900,36.0
14:45:14.282,324510,0.419,9.934,1.250,0.120,0.032,0.515,2.700,59.100,-3.900,36.3
14:45:14.333,324565,0.182,10.163,0.065,0.208,-0.177,0.485,-9.600,59.100,-7.950,36.2
14:45:14.386,324620,0.496,9.792,1.798,0.288,0.046,0.357,-9.600,59.100,-7.950,36.0
14:45:14.492,324675,0.254,10.563,0.438,0.266,-0.316,0.032,-10.200,60.450,-8.850,36.1
14:45:14.543,324730,1.365,10.451,0.821,0.113,-0.280,-0.158,-10.200,60.450,-8.850,36.1
14:45:14.596,324785,-0.053,10.673,-0.165,-0.092,0.051,-0.237,-9.300,59.100,-10.200,36.1
14:45:14.650,324840,0.713,10.015,0.991,-0.188,-0.119,-0.337,-9.300,59.100,-10.200,36.3
14:45:14.701,324895,0.302,10.159,-0.294,-0.104,0.010,-0.332,-12.150,61.050,-10.050,36.1
14:45:14.754,324950,0.405,9.869,0.146,-0.114,0.157,-0.147,-12.150,61.050,-10.050,36.4
14:45:14.807,325005,0.120,9.486,0.280,-0.213,0.037,-0.054,-7.350,60.600,-7.200,35.9
14:45:14.859,325060,0.306,9.242,1.135,-0.122,0.149,-0.037,-9.900,61.050,-4.800,36.1
14:45:14.911,325115,-0.129,9.378,0.833,0.020,0.034,-0.012,-9.900,61.050,-4.800,36.4
14:45:14.964,325170,0.318,9.536,0.429,-0.028,-0.034,-0.020,-9.000,62.250,-5.250,36.3
14:45:15.017,325225,0.421,9.510,0.670,-0.015,0.113,-0.002,-9.000,62.250,-5.250,36.4
14:45:15.070,325280,0.163,9.299,0.390,0.007,0.203,0.021,-9.000,62.250,-5.250,36.3
14:45:15.122,325335,-0.230,9.244,0.443,-0.025,-0.093,-0.046,-9.000,62.250,-5.250,36.2
14:45:15.175,325390,0.091,11.696,0.014,-0.005,-0.035,0.281,-9.000,62.250,-5.250,36.0
14:45:15.227,325445,5.875,14.277,0.141,-0.402,-0.495,-0.449,-9.000,62.250,-5.250,36.2
14:45:15.280,325500,-1.697,14.234,0.512,-0.383,-0.094,-1.134,-9.900,62.250,-6.000,36.5
14:45:15.332,325555,0.053,12.613,-0.120,-0.393,0.556,-1.063,-3.600,60.450,-4.500,36.3
14:45:15.489,325610,-0.371,10.817,1.882,-0.411,0.616,-1.264,-3.600,60.450,-4.500,36.2
14:45:15.491,325665,-4.070,10.111,1.147,-0.580,0.434,-1.030,3.750,59.100,-4.350,36.5
14:45:15.493,325720,-4.039,9.488,0.953,-0.287,0.426,-0.703,3.750,59.100,-4.350,36.4
14:45:15.541,325775,-3.857,9.459,1.202,-0.273,-0.055,-0.604,7.650,57.000,-1.350,36.0
14:45:15.646,325830,-5.401,9.354,1.583,-0.211,0.246,-0.523,7.650,57.000,-1.350,36.0
14:45:15.700,325885,-5.018,8.811,0.278,0.030,-0.030,-0.414,12.600,56.100,0.450,36.2
14:45:15.751,325940,-5.590,7.621,1.894,-0.010,0.212,-0.302,12.600,56.100,0.450,36.3
14:45:15.805,325995,-5.222,6.246,2.672,0.378,-0.175,-0.133,17.850,59.100,0.000,36.3
14:45:15.857,326050,-5.155,7.807,0.891,0.362,-0.108,0.063,17.850,59.100,0.000,36.0
14:45:15.960,326105,-4.391,7.836,0.694,0.228,-0.030,0.341,24.450,58.350,-0.600,36.5
14:45:15.962,326160,-3.637,7.867,1.496,0.246,-0.033,0.526,25.200,57.750,1.800,36.3
14:45:16.014,326215,-3.266,8.406,0.819,0.017,-0.131,0.820,25.200,57.750,1.800,36.0
14:45:16.067,326270,0.077,7.264,0.527,-0.088,0.378,1.050,25.200,57.750,1.800,36.3
14:45:16.120,326325,-2.152,7.307,0.036,0.314,-0.628,0.544,25.200,57.750,1.800,36.3
14:45:16.172,326380,-1.302,5.320,1.180,0.422,-0.007,0.247,25.200,57.750,1.800,36.4
14:45:16.225,326435,-1.374,6.649,-0.148,0.135,-0.261,-0.212,25.200,57.750,1.800,36.1
14:45:16.276,326490,-2.840,7.484,0.079,0.058,0.028,-0.232,21.900,58.950,7.350,36.4
14:45:16.329,326545,-3.105,8.995,0.405,-0.134,-0.177,-0.187,21.900,58.950,7.350,36.5
14:45:16.382,326600,-3.036,10.360,-0.060,-0.086,0.176,-0.097,22.050,59.100,6.450,36.0
14:45:16.434,326655,-2.634,9.835,0.795,0.038,0.197,-0.020,22.950,58.050,7.650,36.4
14:45:16.488,326710,-3.081,9.426,0.431,-0.203,-0.049,0.007,22.950,58.050,7.650,36.1
14:45:16.538,326765,-3.124,9.048,0.321,-0.072,0.220,-0.050,21.300,58.350,6.900,36.1
14:45:16.591,326820,-2.267,7.535,0.634,-0.006,0.136,-0.314,21.300,58.350,6.900,36.4
14:45:16.644,326875,-2.863,5.334,0.871,0.336,-0.135,-0.685,23.250,58.350,5.400,36.4
14:45:16.697,326930,-1.733,6.232,-0.747,-0.543,0.185,-0.772,23.250,58.350,5.400,36.2
14:45:16.801,326985,-2.684,5.203,1.542,-0.237,-0.047,-0.761,27.900,57.300,5.100,35.9
14:45:16.853,327040,-3.725,6.931,1.022,-0.277,0.100,-0.623,27.900,57.300,5.100,36.4
14:45:16.906,327095,-4.073,5.746,2.514,0.140,-0.333,-0.440,32.550,56.550,2.850,36.3
14:45:16.958,327150,-2.672,8.942,-0.809,-0.208,-0.201,-0.051,32.550,56.550,2.850,36.3
14:45:17.011,327205,-6.510,7.898,1.281,-0.250,-0.145,0.128,28.650,54.000,2.850,36.3
14:45:17.063,327260,-2.734,9.527,0.175,-0.164,0.023,0.402,28.650,54.000,2.850,36.2
14:45:17.116,327315,-6.378,10.226,0.637,-0.369,-0.238,0.456,28.650,54.000,2.850,36.5
14:45:17.168,327370,-3.922,8.478,1.856,-0.270,-0.185,0.605,28.650,54.000,2.850,36.1
14:45:17.221,327425,-4.784,9.802,1.305,-0.042,-0.279,0.631,28.650,54.000,2.850,36.1
14:45:17.275,327480,-4.029,9.591,1.238,-0.293,-0.149,0.658,18.450,56.400,3.450,36.3
14:45:17.328,327535,-0.141,8.368,2.842,-0.058,-0.572,0.617,18.450,56.400,3.450,36.0
14:45:17.380,327590,-4.240,10.106,1.994,0.060,-0.267,0.821,12.750,55.800,2.850,36.3
14:45:17.431,327645,-1.800,10.120,1.848,0.067,-0.006,0.710,12.750,55.800,2.850,36.1
14:45:17.484,327700,-2.265,10.348,1.262,0.008,-0.182,0.786,8.100,56.550,1.350,36.3
14:45:17.537,327755,-1.604,10.245,1.279,0.225,-0.371,0.884,2.400,58.950,0.900,36.1
14:45:17.590,327810,-1.001,10.319,1.815,0.169,-0.180,0.803,2.400,58.950,0.900,36.3
14:45:17.641,327865,0.115,9.955,1.511,0.225,-0.465,0.661,-0.300,59.100,-0.300,36.3
14:45:17.693,327920,-0.206,10.199,0.977,0.213,-0.379,0.621,-0.300,59.100,-0.300,36.4
14:45:17.746,327975,-0.053,10.005,1.851,0.308,-0.645,0.387,-3.000,59.850,-2.850,36.5
14:45:17.800,328030,0.833,10.934,0.536,0.090,0.000,0.369,-3.000,59.850,-2.850,36.3
14:45:17.852,328085,0.206,10.793,0.417,-0.025,-0.417,0.119,-3.300,60.750,-4.800,36.5
14:45:17.956,328140,0.833,10.532,0.357,-0.069,0.012,-0.063,-3.300,60.750,-4.800,36.1
14:45:18.010,328195,1.063,10.113,1.039,-0.034,-0.663,-0.257,-6.150,59.550,-4.650,36.1
14:45:18.061,328250,0.378,9.876,0.522,-0.124,-0.012,-0.170,-6.150,59.550,-4.650,36.3
14:45:18.114,328305,0.342,9.268,1.448,-0.070,-0.272,-0.154,-6.150,59.550,-4.650,36.5
14:45:18.166,328360,0.225,9.385,0.666,-0.166,-0.172,-0.067,-6.150,59.550,-4.650,36.3
14:45:18.220,328415,0.888,9.349,1.037,0.029,-0.237,-0.031,-6.150,59.550,-4.650,36.4
14:45:18.272,328470,0.050,9.823,0.711,-0.066,-0.110,-0.021,-3.000,59.550,-5.400,36.3
14:45:18.325,328525,0.397,9.730,0.625,-0.047,0.126,-0.012,-3.000,59.550,-5.400,36.1
14:45:18.377,328580,0.230,9.349,0.883,-0.013,-0.062,0.009,-3.600,61.800,-5.250,36.0
14:45:18.428,328635,0.069,9.603,0.682,-0.044,-0.060,0.030,-3.600,61.800,-5.250,36.2
14:45:18.481,328690,0.618,9.433,0.587,0.008,0.015,0.036,-3.450,59.100,-5.100,36.3
14:45:18.535,328745,-0.283,9.641,0.522,-0.096,-0.128,0.019,-3.450,59.100,-5.100,36.4
14:45:18.587,328800,0.692,9.629,0.900,-0.008,0.188,0.027,-2.400,58.650,-6.000,36.3
14:45:18.638,328855,0.721,9.570,0.864,-0.040,-0.065,0.006,-3.000,59.550,-6.150,36.5
14:45:18.691,328910,0.045,9.665,0.177,-0.043,0.140,0.022,-3.000,59.550,-6.150,36.4
14:45:18.744,328965,1.717,12.797,2.131,-0.116,-0.467,-0.077,-3.750,59.850,-4.650,36.1
14:45:18.797,329020,4.044,14.535,2.016,-0.597,-0.328,-1.626,-3.750,59.850,-4.650,36.5
14:45:18.850,329075,-2.667,13.724,0.304,-0.646,0.644,-1.653,-0.150,60.750,-4.200,36.3
14:45:18.902,329130,-0.915,10.393,2.081,-0.822,0.916,-1.156,-0.150,60.750,-4.200,36.1
14:45:18.953,329185,-3.187,10.712,1.733,-0.819,0.564,-1.077,8.250,58.200,-3.000,36.0
14:45:19.006,329240,-3.079,9.610,1.257,-0.399,0.725,-0.971,8.250,58.200,-3.000,36.1
14:45:19.112,329295,-3.084,8.107,2.756,-0.148,0.028,-0.854,8.250,58.200,-3.000,36.3
14:45:19.165,329350,-3.792,8.693,1.587,-0.144,0.009,-0.528,8.250,58.200,-3.000,36.4
14:45:19.216,329405,-4.628,8.464,2.567,-0.247,-0.064,-0.373,8.250,58.200,-3.000,36.3
14:45:19.270,329460,-4.499,8.751,1.065,0.089,0.019,-0.222,17.700,57.900,-1.200,36.4
14:45:19.322,329515,-3.943,6.735,2.899,0.176,-0.335,-0.033,17.700,57.900,-1.200,36.5
14:45:19.375,329570,-3.816,7.132,2.583,0.205,-0.120,0.116,23.250,58.350,1.050,36.3
14:45:19.428,329625,-4.262,7.640,1.511,0.264,0.561,0.392,23.250,58.350,1.050,36.2
14:45:19.479,329680,-3.718,7.013,1.815,0.139,0.241,0.457,28.650,57.300,1.800,36.3
14:45:19.585,329735,-4.599,6.431,2.229,0.431,0.411,0.595,28.650,57.300,1.800,36.0
14:45:19.586,329790,-0.876,5.250,2.318,0.630,0.673,0.446,30.150,57.900,0.900,36.3
14:45:19.637,329845,-3.187,5.198,1.020,0.803,-0.337,0.049,30.150,57.900,0.900,36.3
14:45:19.689,329900,-1.851,6.725,-0.989,0.470,-0.374,-0.228,31.800,58.350,2.850,36.3
14:45:19.741,329955,-4.568,7.769,-0.297,0.090,0.084,-0.108,31.500,56.550,2.100,36.3
14:45:19.794,330010,-3.697,8.538,-0.378,-0.175,-0.067,-0.131,31.500,56.550,2.100,36.0
14:45:19.847,330065,-3.802,8.229,-0.182,0.021,-0.076,-0.184,30.150,60.000,1.500,36.3
14:45:19.900,330120,-3.692,8.693,-0.208,-0.107,0.049,-0.165,30.150,60.000,1.500,36.0
14:45:19.951,330175,-3.699,8.602,0.472,-0.127,0.048,-0.079,34.200,58.050,0.300,36.3
14:45:20.004,330230,-3.838,8.851,0.318,-0.133,-0.015,-0.037,34.200,58.050,0.300,36.5
14:45:20.057,330285,-4.027,9.266,0.002,0.011,-0.007,-0.031,34.200,58.050,0.300,36.4
14:45:20.110,330340,-4.037,8.028,0.783,0.095,0.043,-0.083,34.200,58.050,0.300,36.3
14:45:20.162,330395,-3.536,8.095,-0.584,0.030,-0.019,-0.136,34.200,58.050,0.300,36.5
14:45:20.267,330450,-2.940,-0.505,0.601,0.187,-0.236,-0.481,34.200,55.200,-0.600,36.4
14:45:20.320,330505,-3.038,6.462,-0.402,-0.019,0.009,-0.414,34.200,55.200,-0.600,36.0
14:45:20.372,330560,-3.508,5.954,0.055,-0.335,-0.262,-0.361,39.000,54.600,-1.950,36.0
14:45:20.425,330615,-4.312,6.871,-0.457,-0.348,-0.142,-0.297,39.000,54.600,-1.950,36.5
14:45:20.476,330670,-5.526,6.263,0.438,-0.646,-0.313,0.031,38.400,56.250,-3.900,36.3
14:45:20.529,330725,-2.255,9.601,-0.903,-1.028,0.317,0.430,38.400,56.250,-3.900,36.0
14:45:20.582,330780,-4.666,8.277,1.343,-1.067,-0.555,0.535,29.250,57.450,-4.500,36.3
14:45:20.635,330835,-6.685,9.548,1.803,-0.614,-0.984,0.580,29.250,57.450,-4.500,36.3
14:45:20.686,330890,-4.147,8.231,3.306,-0.306,-0.693,0.480,22.350,58.650,0.900,36.0
14:45:20.740,330945,-4.836,9.292,1.860,-0.124,-1.124,0.400,22.350,58.650,0.900,36.0
14:45:20.791,331000,-3.869,8.921,2.988,0.303,-0.265,0.547,25.350,59.700,3.450,36.2
14:45:20.844,331055,-4.207,9.713,2.959,0.610,-0.739,0.686,30.150,61.050,4.200,36.2
14:45:20.897,331110,-2.701,10.939,1.580,0.166,-0.467,0.706,30.150,61.050,4.200,36.6
14:45:20.950,331165,-2.459,10.908,2.761,0.084,-0.167,0.843,28.650,60.600,2.850,36.3
14:45:21.001,331220,-1.305,9.984,1.714,0.037,0.037,0.732,28.650,60.600,2.850,36.6
14:45:21.055,331275,-2.500,10.482,1.379,0.114,0.007,0.727,28.650,60.600,2.850,36.3
14:45:21.107,331330,0.062,9.639,2.267,0.195,-0.223,0.590,28.650,60.600,2.850,36.1
14:45:21.160,331385,-1.106,10.566,0.702,0.166,-0.225,0.685,28.650,60.600,2.850,36.3
14:45:21.211,331440,-0.208,10.027,1.753,0.251,0.196,0.695,28.650,60.600,2.850,36.3
14:45:21.263,331495,-0.022,10.453,0.881,0.301,-0.141,0.404,4.650,64.950,0.600,36.3
14:45:21.316,331550,0.994,9.783,1.607,0.027,0.343,0.247,-0.300,64.500,0.000,36.5
14:45:21.423,331605,1.468,9.589,2.200,0.227,-0.138,0.132,-0.300,64.500,0.000,36.3
14:45:21.474,331660,1.238,10.372,1.365,0.317,0.338,0.154,-4.200,66.300,1.350,36.4
14:45:21.527,331715,0.316,10.884,0.371,0.124,-0.136,-0.049,-4.200,66.300,1.350,36.1
14:45:21.580,331770,0.639,10.027,0.625,0.045,0.159,-0.305,-5.700,63.150,0.300,36.5
14:45:21.632,331825,-0.582,10.314,1.111,0.174,0.220,-0.197,-5.700,63.150,0.300,36.3
14:45:21.684,331880,-0.244,10.245,0.522,0.033,-0.063,-0.033,-3.750,63.450,-2.550,36.3
14:45:21.736,331935,0.989,9.797,0.383,0.071,0.479,-0.005,-3.750,63.450,-2.550,36.1
14:45:21.789,331990,1.025,9.400,0.946,0.041,0.139,-0.137,-4.350,62.550,-3.450,36.3
14:45:21.841,332045,-0.079,9.170,0.735,-0.006,0.101,-0.163,-4.350,62.550,-3.450,36.3
14:45:21.895,332101,0.441,9.613,0.412,0.047,0.270,-0.118,-6.600,61.650,-2.850,36.2
14:45:21.946,332155,0.462,9.316,1.094,0.026,0.116,-0.025,-7.950,60.000,-2.250,36.3
14:45:21.998,332210,-0.211,9.735,0.589,0.041,0.119,0.055,-7.950,60.000,-2.250,36.5
14:45:22.051,332265,0.326,9.929,0.357,-0.021,0.260,0.169,-8.700,60.750,-1.500,36.3
14:45:22.105,332320,0.551,9.737,0.706,-0.044,-0.043,0.145,-8.700,60.750,-1.500,36.5
14:45:22.157,332375,-0.010,9.723,0.261,-0.078,0.193,0.097,-8.700,60.750,-1.500,36.6
14:45:22.210,332430,0.761,8.990,0.678,-0.073,0.012,0.014,-8.700,60.750,-1.500,36.4
14:45:22.261,332485,-0.268,8.971,0.402,-0.140,-0.140,-0.052,-8.700,60.750,-1.500,36.1
14:45:22.315,332540,0.649,12.289,1.259,-0.130,-0.112,0.156,-8.700,60.750,-1.500,36.3
14:45:22.366,332595,5.842,15.071,0.893,-0.252,0.162,-0.786,-8.700,61.050,-2.250,36.2
14:45:22.419,332650,-1.334,14.133,1.477,-0.451,-0.411,-1.996,-3.600,62.550,-2.700,36.0
14:45:22.473,332705,-2.042,10.623,0.362,-0.277,0.059,-1.355,-3.600,62.550,-2.700,36.2
14:45:22.577,332760,-1.123,11.612,-0.836,-0.520,0.476,-1.160,4.950,58.350,0.000,36.4
14:45:22.630,332815,-3.057,9.167,1.683,-0.891,0.491,-1.209,4.950,58.350,0.000,36.6
14:45:22.682,332870,-4.503,8.188,2.109,-0.588,-0.073,-0.920,12.150,55.350,3.000,36.3
14:45:22.733,332925,-4.015,8.734,1.513,-0.079,0.628,-0.510,12.150,55.350,3.000,36.1
14:45:22.786,332980,-3.718,8.559,3.338,-0.172,0.037,-0.439,12.750,53.700,4.650,36.1
14:45:22.839,333035,-6.086,8.722,1.513,-0.062,-0.234,-0.586,12.750,53.700,4.650,36.6
14:45:22.891,333090,-5.744,7.015,2.260,-0.054,0.531,-0.161,18.450,55.650,2.700,36.3
14:45:22.945,333145,-4.219,6.436,2.207,0.351,0.191,0.042,18.450,55.650,2.700,36.5
14:45:22.996,333200,-5.406,7.597,0.809,0.443,0.220,0.208,26.250,55.350,-0.450,36.4
14:45:23.050,333255,-3.912,6.400,2.382,0.561,0.218,0.500,36.450,57.750,-1.350,36.1
14:45:23.102,333310,-3.402,8.018,1.511,0.437,0.502,0.831,36.450,57.750,-1.350,36.3
14:45:23.155,333365,-3.278,7.326,1.101,0.393,0.769,1.200,36.450,57.750,-1.350,36.3
14:45:23.206,333420,-1.805,5.648,0.797,0.399,0.018,0.962,36.450,57.750,-1.350,36.4
14:45:23.260,333475,-2.368,5.210,0.055,0.647,-0.165,0.500,36.450,57.750,-1.350,36.3
14:45:23.311,333530,-2.468,5.636,-0.364,0.424,-0.246,-0.069,36.450,57.750,-1.350,36.3
14:45:23.364,333585,-2.832,7.975,-1.255,-0.132,-0.050,-0.318,24.450,56.250,6.450,36.3
14:45:23.417,333640,-3.311,8.140,-0.187,-0.232,0.140,-0.296,24.450,56.250,6.450,36.3
14:45:23.470,333695,-2.143,8.772,-0.249,-0.174,-0.076,-0.283,27.300,56.700,3.750,36.2
14:45:23.521,333750,-3.936,9.048,-0.084,-0.239,-0.022,-0.145,25.350,56.700,3.750,36.6
14:45:23.575,333805,-3.306,9.278,-0.194,-0.299,-0.114,-0.055,25.350,56.700,3.750,36.5
14:45:23.627,333860,-3.929,9.680,-0.510,-0.289,-0.001,-0.012,24.600,56.400,5.550,36.6
14:45:23.732,333915,-3.651,9.397,-0.251,-0.139,0.038,0.054,24.600,56.400,5.550,36.4
14:45:23.783,333970,-3.627,9.060,-0.517,-0.247,0.011,0.043,22.350,56.700,6.750,36.4
14:45:23.836,334025,-2.478,8.231,0.079,-0.131,0.084,-0.054,22.350,56.700,6.750,36.3
14:45:23.890,334080,-3.211,8.380,-0.397,-0.203,-0.168,-0.209,21.900,56.700,6.000,36.1
14:45:23.942,334135,-3.847,6.486,-0.352,-0.112,-0.122,-0.400,21.900,56.700,6.000,36.3
14:45:23.995,334190,2.770,2.856,2.174,-0.181,0.205,-0.500,24.300,56.700,7.350,36.7
14:45:24.046,334245,-3.498,5.071,-1.338,-0.731,-0.313,-0.508,24.300,56.700,7.350,36.4
14:45:24.099,334300,-3.685,7.618,0.433,-0.734,0.047,-0.277,26.400,56.250,6.150,36.4
14:45:24.152,334355,-3.833,6.610,1.535,-0.568,-0.106,-0.407,21.450,54.900,6.750,36.1
14:45:24.205,334410,-3.203,6.979,2.389,-0.079,-0.232,-0.201,21.450,54.900,6.750,36.6
14:45:24.257,334465,-4.982,8.978,1.786,0.030,-0.009,0.048,21.450,54.900,6.750,36.1
14:45:24.308,334520,-4.757,8.871,2.231,-0.213,0.134,0.430,21.450,54.900,6.750,36.4
14:45:24.361,334575,-5.416,9.785,1.401,-0.420,-0.245,0.453,21.450,54.900,6.750,36.3
14:45:24.415,334630,-4.954,9.397,1.513,-0.191,-0.288,0.602,21.450,54.900,6.750,36.5
14:45:24.467,334685,-5.272,9.677,1.614,-0.084,-0.296,0.643,12.000,56.250,3.150,36.5
14:45:24.520,334740,-3.709,9.141,1.882,0.237,-0.548,0.591,12.000,56.250,3.150,36.6
14:45:24.571,334795,-3.115,9.158,1.733,0.189,-0.606,0.872,9.450,56.400,3.000,36.4
14:45:24.625,334850,-1.640,11.181,0.776,0.087,-0.339,0.812,6.600,56.550,0.300,36.1
14:45:24.677,334905,-2.998,10.858,0.900,-0.008,-0.195,0.832,6.600,56.550,0.300,36.2
14:45:24.730,334960,-1.073,9.931,1.961,0.201,-0.560,0.846,2.700,59.100,1.350,36.3
14:45:24.781,335015,-1.542,11.169,0.697,0.349,-0.549,0.737,2.700,59.100,1.350,36.3
14:45:24.886,335070,0.651,10.810,1.235,0.159,-0.164,0.458,-1.500,57.300,-1.350,36.5
14:45:24.940,335125,-0.182,10.604,1.482,0.260,-0.530,0.202,-1.500,57.300,-1.350,36.3
14:45:24.992,335180,0.192,10.254,0.735,0.229,-0.250,0.054,-1.800,58.800,-3.600,36.4
14:45:25.043,335235,-0.120,9.795,0.991,0.224,-0.263,-0.114,-1.800,58.800,-3.600,36.1
14:45:25.096,335290,0.038,9.637,0.345,0.066,-0.010,-0.058,-4.050,57.900,-5.250,36.3
14:45:25.201,335345,0.357,9.287,1.410,0.142,-0.185,0.001,-4.050,57.900,-5.250,36.4
14:45:25.203,335400,0.146,10.436,0.637,0.186,0.280,0.263,-3.750,58.050,-6.900,36.4
14:45:25.255,335455,-0.694,10.803,0.285,0.011,-0.311,0.084,-3.750,58.050,-6.900,36.5
14:45:25.306,335510,1.300,10.602,0.910,-0.106,-0.045,-0.026,-3.750,58.050,-6.900,36.3
14:45:25.359,335565,0.718,9.967,0.737,-0.145,-0.240,-0.163,-3.750,58.050,-6.900,36.5
14:45:25.412,335620,0.275,9.428,0.227,-0.126,0.024,0.017,-3.750,58.050,-6.900,36.1
14:45:25.465,335675,0.031,9.282,0.721,-0.146,-0.458,0.112,-3.750,58.050,-6.900,36.2
14:45:25.517,335730,0.129,9.304,0.378,-0.095,-0.356,0.181,-3.750,58.050,-6.900,36.5
14:45:25.568,335785,0.184,9.443,0.129,-0.126,-0.241,0.194,-6.300,60.450,-6.750,36.3
14:45:25.622,335840,-0.041,9.380,0.433,-0.155,-0.273,0.205,-6.300,60.450,-6.750,36.3
14:45:25.675,335895,0.362,9.816,0.766,-0.057,-0.204,0.208,-7.500,60.450,-5.250,36.4
14:45:25.727,335950,0.220,9.747,0.816,-0.042,-0.351,0.169,-6.600,61.650,-5.400,36.5
14:45:25.780,336005,0.235,9.905,0.426,-0.023,0.032,0.148,-6.600,61.650,-5.400,36.3
14:45:25.831,336060,0.833,9.388,0.991,-0.042,-0.311,0.040,-7.350,60.600,-4.650,36.3
14:45:25.884,336115,-0.158,9.462,0.378,-0.033,0.014,-0.059,-7.350,60.600,-4.650,36.5
14:45:25.937,336170,0.148,9.120,0.532,-0.010,0.077,-0.018,-7.500,60.750,-4.200,36.4
14:45:26.041,336225,0.091,10.439,0.862,-0.063,-0.340,-0.038,-7.500,60.750,-4.200,36.5
14:45:26.095,336280,0.589,13.862,-0.132,-0.260,0.789,-0.267,-7.950,58.950,-6.300,36.5
14:45:26.147,336335,2.370,14.176,-0.304,-0.385,-0.466,-1.185,-7.950,58.950,-6.300,36.3
14:45:26.199,336390,1.726,12.831,0.838,-0.474,1.098,-1.759,-6.000,61.050,-3.450,36.5
14:45:26.252,336445,-1.762,11.095,0.816,-0.794,1.112,-1.512,-6.000,61.050,-3.450,36.1
14:45:26.303,336500,-4.563,10.827,0.007,-0.851,1.245,-0.931,2.100,58.950,-5.550,36.4
14:45:26.357,336555,-3.898,9.026,2.389,-0.591,0.912,-0.825,2.100,58.950,-5.550,36.5
14:45:26.410,336610,-4.223,9.414,1.733,-0.437,0.516,-0.657,2.100,58.950,-5.550,36.4
14:45:26.462,336665,-4.743,8.210,1.911,-0.181,0.283,-0.520,2.100,58.950,-5.550,36.4
14:45:26.515,336720,-4.657,7.341,3.393,0.074,-0.130,-0.306,2.100,58.950,-5.550,36.3
14:45:26.566,336775,-4.171,7.977,1.336,0.316,-0.267,-0.159,6.150,57.750,-3.600,36.3
14:45:26.619,336830,-4.769,8.207,1.142,0.244,-0.012,0.085,6.150,57.750,-3.600,36.2
14:45:26.672,336885,-5.325,8.837,1.961,0.155,0.151,0.325,14.700,61.350,-4.350,36.7
14:45:26.725,336940,-4.020,8.748,1.211,-0.135,-0.073,0.531,14.700,61.350,-4.350,36.4
14:45:26.778,336995,-3.211,7.922,1.238,-0.228,0.141,0.965,19.950,62.550,-3.450,36.3
14:45:26.828,337050,-3.481,8.179,1.990,0.056,0.100,0.973,17.400,63.750,-0.600,36.3
14:45:26.934,337105,-2.385,7.422,1.884,0.156,-0.175,0.839,17.400,63.750,-0.600,36.3
14:45:26.936,337160,-2.365,6.400,3.309,1.150,0.040,0.329,19.950,62.550,3.750,36.4
14:45:26.988,337215,-2.614,6.989,-0.120,1.001,0.010,-0.079,19.950,62.550,3.750,36.1
14:45:27.040,337270,-0.991,4.855,1.104,0.464,-0.145,-0.232,27.300,62.250,2.700,36.6
14:45:27.091,337325,-2.047,6.706,-0.766,-0.069,0.325,-0.132,27.300,62.250,2.700,36.4
14:45:27.197,337380,-2.274,7.597,-1.638,-0.707,-0.094,-0.365,24.600,61.800,1.500,36.4
14:45:27.250,337435,-2.078,8.440,0.668,-0.744,0.352,-0.595,24.600,61.800,1.500,36.4
14:45:27.302,337490,-3.591,10.331,1.252,-0.746,-0.115,-0.650,23.100,61.500,3.450,36.3
14:45:27.354,337545,-3.306,10.755,1.719,-0.345,0.127,-0.383,23.100,61.500,3.450,36.3
14:45:27.458,337600,-3.378,10.185,1.908,-0.047,0.147,-0.147,27.600,61.950,5.400,36.4
14:45:27.460,337655,-3.704,9.900,1.228,0.042,-0.013,-0.033,27.600,61.950,5.400,36.5
14:45:27.512,337710,-3.757,9.191,1.176,-0.018,0.007,0.047,27.600,61.950,5.400,36.5
14:45:27.563,337765,-3.493,8.480,0.697,0.006,-0.192,0.021,27.600,61.950,5.400,36.6
14:45:27.617,337820,-3.548,8.408,1.077,-0.079,-0.119,-0.060,27.600,61.950,5.400,36.5
14:45:27.670,337875,-3.479,8.167,1.003,-0.092,-0.269,-0.214,30.300,61.350,3.600,36.3
14:45:27.721,337930,-3.196,7.192,1.116,0.187,-0.326,-0.525,30.300,61.350,3.600,36.5
14:45:27.774,337985,-2.531,6.938,0.915,0.368,-0.316,-0.829,34.200,61.350,2.550,36.3
14:45:27.828,338040,-3.007,5.346,1.650,0.602,-0.234,-0.942,34.200,61.350,2.550,36.3
14:45:27.878,338095,-1.101,6.644,1.034,0.272,-0.354,-0.698,42.000,58.350,-0.300,36.6
14:45:27.931,338150,-5.021,7.484,0.850,-0.191,-0.277,-0.144,40.350,56.550,-4.650,36.5
14:45:27.984,338205,-3.931,6.402,1.003,-0.312,-0.025,-0.051,40.350,56.550,-4.650,36.4
14:45:28.037,338260,-7.061,6.914,1.686,0.166,-0.356,0.093,29.550,56.550,-3.900,36.4
14:45:28.089,338315,-1.346,6.850,1.118,-0.025,-0.276,0.368,29.550,56.550,-3.900,36.6
14:45:28.142,338370,-6.572,8.933,0.871,-0.335,-0.584,0.619,28.650,56.550,-2.100,36.5
14:45:28.195,338425,-3.127,7.944,0.757,-0.401,-0.324,0.789,28.650,56.550,-2.100,36.3
14:45:28.247,338480,-4.860,9.041,2.655,-0.114,-0.216,1.028,23.850,56.700,-0.900,36.6
14:45:28.352,338535,-2.926,8.763,2.049,-0.178,-0.309,0.901,23.850,56.700,-0.900,36.3
14:45:28.405,338590,-3.802,10.214,1.788,0.298,-0.194,0.945,15.450,57.300,0.300,36.3
14:45:28.457,338645,-2.231,10.472,2.368,0.349,-0.200,1.027,10.650,58.200,-0.150,36.3
14:45:28.510,338700,-2.840,11.281,0.505,0.280,-0.033,1.040,10.650,58.200,-0.150,36.4
14:45:28.562,338755,-0.338,10.731,1.750,-0.004,0.140,0.873,10.650,58.200,-0.150,36.5
14:45:28.613,338810,-2.327,10.420,1.032,-0.041,-0.311,0.926,10.650,58.200,-0.150,36.4
14:45:28.667,338865,0.378,10.441,1.456,0.187,-0.229,0.905,10.650,58.200,-0.150,36.5
14:45:28.720,338920,0.931,10.575,1.166,0.119,-0.203,0.457,10.650,58.200,-0.150,36.4
14:45:28.772,338975,0.249,9.878,1.396,0.092,-0.388,0.043,-3.600,59.700,-4.500,36.5
14:45:28.825,339030,0.242,9.965,1.199,0.046,-0.062,-0.054,-3.600,59.700,-4.500,36.3
14:45:28.876,339085,-0.036,10.345,1.367,0.187,-0.204,0.071,-4.050,60.450,-5.250,36.4
14:45:28.928,339140,0.132,10.060,0.833,0.101,-0.130,0.242,-4.050,60.450,-5.250,36.6
14:45:29.034,339195,0.357,10.420,-0.136,0.032,0.315,0.202,-6.300,62.850,-5.250,36.1
14:45:29.036,339250,1.595,10.142,0.754,-0.033,0.274,-0.011,-8.250,60.750,-6.000,36.3
14:45:29.090,339305,0.069,9.979,0.692,0.008,0.064,-0.175,-8.250,60.750,-6.000,36.3
14:45:29.139,339360,-0.026,9.938,0.283,-0.031,0.399,-0.196,-9.600,59.100,-6.150,36.7
14:45:29.191,339415,0.603,9.469,1.140,-0.060,-0.093,-0.218,-9.600,59.100,-6.150,36.7
14:45:29.245,339470,-0.096,9.752,0.512,0.062,0.158,-0.117,-7.500,60.000,-7.050,36.5
14:45:29.297,339525,0.431,9.661,0.871,0.023,-0.018,-0.124,-7.500,60.000,-7.050,36.6
14:45:29.400,339580,0.081,9.785,0.790,0.012,0.009,-0.093,-7.950,60.000,-7.350,36.1
14:45:29.402,339635,0.548,9.639,0.735,0.005,0.172,-0.032,-7.950,60.000,-7.350,36.5
14:45:29.559,339690,-0.213,9.840,0.752,-0.028,-0.085,0.002,-5.550,58.200,-7.050,36.6
14:45:29.561,339745,0.223,9.471,0.577,-0.056,-0.015,0.034,-8.700,59.250,-4.800,36.3
14:45:29.611,339800,0.136,9.392,0.812,-0.046,0.007,0.025,-8.700,59.250,-4.800,36.6
14:45:29.664,339855,0.115,9.333,1.037,-0.100,-0.087,0.017,-8.700,59.250,-4.800,36.5
14:45:29.717,339910,-0.074,9.560,0.570,-0.095,0.039,0.018,-8.700,59.250,-4.800,36.7
14:45:29.770,339965,-0.208,9.665,0.860,-0.138,-0.133,0.036,-8.700,59.250,-4.800,36.3
14:45:29.822,340020,2.693,13.321,-0.029,-0.304,-0.561,-0.308,-8.700,59.250,-4.800,36.6
14:45:29.875,340075,0.474,12.842,0.553,-0.587,0.455,-0.990,-8.250,60.450,-4.500,36.4
14:45:29.926,340130,-0.113,11.439,1.324,-0.573,0.391,-1.161,-8.250,60.450,-4.500,36.3
14:45:29.979,340185,-1.494,11.198,1.211,-0.661,0.367,-1.345,-2.850,60.000,-3.750,36.4
14:45:30.032,340240,-1.240,10.709,1.884,-0.450,0.798,-1.310,-2.850,60.000,-3.750,36.5
14:45:30.085,340295,-3.098,9.402,2.576,-0.573,-0.059,-1.163,4.650,59.550,-2.550,36.6
14:45:30.188,340350,-4.369,8.926,1.901,-0.313,0.232,-0.997,10.500,58.350,-5.100,36.1
14:45:30.190,340405,-3.479,9.029,2.191,-0.107,-0.112,-0.849,10.500,58.350,-5.100,36.4
14:45:30.243,340460,-5.114,9.268,1.379,-0.153,0.195,-0.567,22.950,59.550,-9.750,36.3
14:45:30.293,340515,-5.303,9.673,2.188,0.005,-0.186,-0.249,22.950,59.550,-9.750,36.4
14:45:30.398,340570,-4.963,6.895,2.030,-0.015,0.230,0.082,35.400,61.950,-14.250,36.6
14:45:30.400,340625,-5.602,7.396,1.872,-0.236,0.083,0.477,35.400,61.950,-14.250,36.5
14:45:30.452,340680,-6.050,7.709,1.717,-0.224,0.192,0.658,36.300,63.300,-10.650,36.6
14:45:30.505,340735,-4.657,7.542,2.289,-0.096,0.260,0.989,36.300,63.300,-10.650,36.3
14:45:30.557,340790,-4.480,7.432,3.112,-0.091,-0.635,1.017,29.850,63.150,-3.900,36.3
14:45:30.661,340845,-4.089,7.089,1.439,0.183,-1.195,0.711,22.950,61.950,7.650,36.3
14:45:30.714,340900,-2.131,5.657,0.728,0.276,-0.017,0.470,22.950,61.950,7.650,36.5
14:45:30.768,340955,-2.368,5.444,0.824,0.287,0.208,0.180,22.950,61.950,7.650,36.7
14:45:30.820,341010,-2.136,6.088,1.176,-0.080,-0.277,-0.374,22.950,61.950,7.650,36.6
14:45:30.872,341065,-1.496,6.946,1.176,0.023,0.108,-0.469,22.950,61.950,7.650,36.5
14:45:30.925,341120,-2.057,8.631,0.594,-0.015,-0.013,-0.545,22.950,61.950,7.650,36.3
14:45:30.976,341175,-2.986,8.708,1.662,-0.046,0.017,-0.319,22.350,58.650,10.350,36.3
14:45:31.028,341230,-3.522,9.249,1.480,-0.310,0.266,-0.168,22.350,58.650,10.350,36.5
14:45:31.134,341285,-3.519,9.194,2.763,-0.075,0.030,-0.131,21.900,58.650,10.650,36.5
14:45:31.136,341340,-4.520,9.498,3.014,-0.090,0.222,-0.090,21.900,58.650,10.650,36.6
14:45:31.187,341395,-3.953,10.094,1.393,-0.140,-0.071,-0.158,18.600,57.750,11.700,36.5
14:45:31.240,341450,-3.725,9.598,1.738,-0.236,0.133,-0.012,20.100,56.250,10.500,36.6
14:45:31.292,341505,-3.594,9.201,1.939,-0.241,-0.155,0.017,20.100,56.250,10.500,36.6
14:45:31.344,341560,-3.733,8.344,2.744,-0.154,-0.010,-0.013,19.950,56.400,10.350,36.5
14:45:31.397,341615,-3.383,8.107,2.327,-0.177,-0.052,-0.045,19.950,56.400,10.350,36.6
14:45:31.448,341670,-3.357,8.442,2.102,-0.200,-0.026,0.075,20.700,56.100,12.150,36.5
14:45:31.502,341725,-4.164,8.794,2.174,-0.088,-0.053,0.148,20.700,56.100,12.150,36.6
14:45:31.555,341780,-3.002,8.825,1.583,-0.100,0.113,0.068,18.150,57.750,11.250,36.3
14:45:31.607,341835,-4.982,8.219,2.856,-0.090,-0.053,0.011,18.150,57.750,11.250,36.5
14:45:31.659,341890,-2.629,8.224,1.520,-0.109,0.128,-0.011,15.450,56.250,11.700,36.5
14:45:31.763,341945,-3.191,7.207,2.538,0.110,-0.013,-0.187,13.200,55.200,10.950,36.5
14:45:31.818,342000,-3.227,6.385,0.651,0.156,-0.308,-0.513,13.200,55.200,10.950,36.4
14:45:31.870,342055,-4.022,5.918,0.905,0.227,-0.171,-0.772,13.200,55.200,10.950,36.7
14:45:31.922,342110,-5.490,5.605,3.005,0.827,0.408,-0.524,13.200,55.200,10.950,36.6
14:45:31.973,342165,-3.309,6.840,3.112,0.341,-0.283,-0.337,13.200,55.200,10.950,36.4
14:45:32.026,342220,-4.331,9.210,0.366,0.128,0.195,0.154,13.200,55.200,10.950,36.6
14:45:32.079,342275,-5.717,8.495,1.053,-0.174,-0.013,0.342,25.200,54.750,-1.800,36.4
14:45:32.132,342330,-4.966,8.356,1.305,-0.070,-0.464,0.606,25.200,54.750,-1.800,36.3
14:45:32.184,342385,-6.804,8.969,1.566,0.111,-0.252,0.796,19.050,54.750,-1.350,36.6
14:45:32.237,342440,-1.908,8.741,1.975,0.081,-0.356,0.932,19.050,54.750,-1.350,36.5
14:45:32.290,342495,-4.211,10.630,-0.266,0.009,-0.114,1.087,14.700,57.000,-1.350,36.6
14:45:32.342,342550,-1.949,10.003,1.571,-0.217,-0.072,1.196,8.250,56.700,-1.500,36.3
14:45:32.395,342605,-1.403,10.939,1.793,0.249,-0.202,1.037,8.250,56.700,-1.500,36.5
14:45:32.446,342660,-0.941,11.004,1.566,0.069,-0.231,0.893,3.450,57.000,-1.800,36.3
14:45:32.499,342715,-1.089,11.858,1.006,0.127,0.009,0.719,3.450,57.000,-1.800,36.1
14:45:32.552,342770,0.182,10.829,1.657,-0.001,-0.005,0.537,0.000,60.150,-3.150,36.7
14:45:32.605,342825,-0.213,10.295,1.398,0.112,-0.222,0.435,0.000,60.150,-3.150,36.5
14:45:32.657,342880,-0.129,9.900,0.553,0.118,-0.090,0.425,-2.400,59.700,-5.250,36.5
14:45:32.709,342935,-0.043,10.168,1.082,0.127,0.039,0.258,-2.400,59.700,-5.250,36.5
14:45:32.762,342990,1.516,9.524,1.499,0.150,-0.246,0.147,-4.050,59.250,-6.000,36.5
14:45:32.815,343045,1.338,9.977,1.164,0.153,0.599,0.226,-7.950,58.950,-4.500,36.5
14:45:32.867,343101,1.250,10.096,0.591,0.067,0.353,0.051,-7.950,58.950,-4.500,36.4
14:45:32.971,343155,0.218,9.802,1.178,-0.133,0.242,-0.040,-7.950,58.950,-4.500,36.3
14:45:33.023,343210,1.118,9.500,1.420,0.021,-0.418,-0.195,-7.950,58.950,-4.500,36.5
14:45:33.076,343265,0.350,10.151,0.151,0.063,-0.102,-0.113,-7.950,58.950,-4.500,36.6
14:45:33.130,343320,0.962,9.606,0.800,-0.036,-0.146,-0.129,-7.950,58.950,-4.500,36.5
14:45:33.182,343375,0.381,9.409,0.773,-0.039,0.231,-0.215,-7.950,58.950,-4.500,36.5
14:45:33.234,343430,0.072,9.333,0.950,-0.009,-0.028,-0.187,-7.950,58.950,-4.500,36.7
14:45:33.287,343485,0.529,9.445,0.953,-0.034,-0.051,-0.018,-8.550,59.850,-5.400,36.6
14:45:33.340,343540,0.481,9.615,1.602,-0.059,-0.277,0.015,-8.550,59.850,-5.400,36.0
14:45:33.392,343595,-0.141,10.424,0.146,-0.002,0.100,0.068,-9.450,59.250,-6.000,36.5
14:45:33.445,343650,1.226,9.641,1.154,-0.112,-0.121,0.024,-8.850,60.900,-6.900,36.6
14:45:33.496,343705,0.196,9.785,0.615,-0.027,-0.003,-0.020,-8.850,60.900,-6.900,36.5
14:45:33.549,343760,0.165,9.515,0.742,-0.078,-0.002,-0.050,-9.300,60.900,-3.900,36.4
14:45:33.654,343815,-0.115,9.369,0.821,-0.088,-0.066,0.014,-9.300,60.900,-3.900,36.6
14:45:33.656,343870,0.357,9.222,1.010,-0.056,-0.036,0.028,-9.450,58.950,-4.800,36.6
14:45:33.706,343925,0.132,9.677,0.730,-0.017,0.077,0.044,-9.450,58.950,-4.800,36.3
14:45:33.759,343980,0.098,9.831,0.934,-0.105,-0.037,0.056,-10.050,60.900,-6.150,36.5
14:45:33.865,344035,1.123,12.603,1.539,-0.075,-0.229,0.156,-10.050,60.900,-6.150,36.6
14:45:33.866,344090,1.420,13.649,0.950,-0.399,0.303,-0.197,-12.600,61.800,-6.000,36.6
14:45:33.918,344145,2.186,13.522,0.292,-0.499,-0.163,-1.107,-6.750,61.800,-4.200,36.4
14:45:33.969,344200,-2.325,13.032,-0.041,-0.786,0.603,-1.222,-6.750,61.800,-4.200,36.5
14:45:34.074,344255,0.275,10.453,2.586,-0.859,0.823,-1.223,-1.050,60.150,-2.850,36.6
14:45:34.125,344310,-3.742,10.345,0.912,-0.747,0.633,-1.064,-1.050,60.150,-2.850,36.3
14:45:34.180,344365,-2.375,9.342,2.121,-0.547,0.991,-0.800,-1.050,60.150,-2.850,36.6
14:45:34.231,344420,-3.802,8.928,4.085,-0.533,0.016,-0.505,-1.050,60.150,-2.850,36.6
14:45:34.284,344475,-5.011,9.761,1.729,-0.315,0.394,-0.269,-1.050,60.150,-2.850,36.6
14:45:34.337,344530,-4.319,8.492,5.009,-0.304,-0.127,-0.251,-1.050,60.150,-2.850,36.6
14:45:34.390,344585,-5.270,8.727,1.733,-0.011,-0.351,-0.197,-1.800,53.700,6.150,36.5
14:45:34.442,344640,-3.036,7.432,4.204,0.155,-0.190,0.034,-1.800,53.700,6.150,36.4
14:45:34.495,344695,-5.265,8.329,1.523,0.247,-0.690,0.156,0.900,57.150,7.350,36.3
14:45:34.547,344750,-5.119,7.072,4.302,0.677,-0.391,0.343,8.850,61.350,6.900,36.6
14:45:34.600,344805,-3.029,7.875,2.344,0.746,-0.050,0.575,8.850,61.350,6.900,36.5
14:45:34.652,344860,-2.761,8.533,1.990,0.829,-0.435,0.642,14.250,62.400,6.150,36.5
14:45:34.705,344915,-2.713,7.839,1.542,0.925,0.043,0.629,14.250,62.400,6.150,36.4
14:45:34.756,344970,-2.904,6.744,1.209,1.060,-0.170,0.481,14.700,61.350,4.650,36.4
14:45:34.810,345025,-2.176,5.904,-0.098,0.759,-0.366,0.293,14.700,61.350,4.650,36.5
14:45:34.862,345080,-1.073,6.610,-0.603,0.232,-0.088,0.027,17.100,59.850,3.600,36.1
14:45:34.915,345135,-1.381,7.142,-0.077,-0.391,-0.649,-0.183,17.100,59.850,3.600,36.5
14:45:34.967,345190,-0.915,7.709,0.124,-0.424,0.200,-0.218,21.300,61.650,2.850,36.5
14:45:35.019,345245,-2.677,8.186,1.001,-0.427,-0.201,-0.386,25.200,60.600,4.350,36.5
14:45:35.071,345300,-2.274,10.137,-0.010,-0.213,0.312,-0.165,25.200,60.600,4.350,36.6
14:45:35.124,345355,-2.485,10.099,0.318,-0.279,0.148,-0.026,27.600,60.150,5.850,36.5
14:45:35.177,345410,-3.249,9.876,0.886,-0.004,0.138,-0.040,27.600,60.150,5.850,36.6
14:45:35.282,345465,-2.428,10.166,0.455,-0.002,0.164,-0.024,23.400,60.000,5.550,36.4
14:45:35.335,345520,-2.598,9.543,0.771,0.114,0.211,0.005,23.400,60.000,5.550,36.6
14:45:35.387,345575,-2.698,9.471,0.527,-0.028,0.102,-0.055,23.400,60.000,5.550,36.7
14:45:35.440,345630,-2.670,8.710,0.553,-0.083,-0.053,-0.127,23.400,60.000,5.550,36.3
14:45:35.492,345685,-2.016,7.482,0.543,-0.132,-0.025,-0.283,23.400,60.000,5.550,36.5
14:45:35.545,345740,-2.605,6.721,-0.081,-0.041,-0.170,-0.531,28.950,58.650,3.750,36.7
14:45:35.597,345795,-2.789,6.191,-0.280,-0.377,-0.157,-0.682,28.950,58.650,3.750,36.5
14:45:35.650,345850,-3.833,7.072,0.165,-0.892,0.284,-0.487,30.450,60.000,1.950,36.3
14:45:35.702,345905,-4.475,7.451,2.231,-0.797,0.072,-0.252,30.450,60.000,1.950,36.3
14:45:35.753,345960,-3.730,6.879,2.452,-0.725,-0.114,-0.283,25.200,60.600,3.150,36.6
14:45:35.807,346015,-5.282,8.758,1.413,-0.334,0.221,-0.061,25.200,60.600,3.150,36.5
14:45:35.860,346070,-2.665,7.362,3.383,-0.010,0.049,-0.044,22.350,58.200,4.800,36.6
14:45:35.912,346125,-5.207,10.008,1.097,-0.028,0.300,0.298,22.350,58.200,4.800,36.1
14:45:35.965,346180,-3.235,8.842,2.610,-0.181,-0.041,0.149,20.700,58.950,3.750,36.6
14:45:36.016,346235,-4.221,9.273,1.832,0.201,-0.097,0.130,20.700,58.950,3.750,36.4
14:45:36.068,346290,-3.522,9.347,0.826,-0.076,0.016,0.310,17.850,56.550,3.900,36.3
14:45:36.121,346345,-0.120,8.868,2.598,-0.112,0.015,0.411,14.100,55.650,4.800,36.7
14:45:36.174,346400,-4.858,9.649,1.681,-0.082,0.059,0.387,14.100,55.650,4.800,36.3
14:45:36.227,346455,-1.211,8.868,2.842,0.044,0.032,0.597,11.550,56.550,3.900,36.9
14:45:36.279,346510,-3.371,10.118,0.812,0.130,0.247,0.784,11.550,56.550,3.900,36.7
14:45:36.331,346565,-3.156,10.089,2.014,0.159,0.042,0.933,8.250,57.450,3.450,36.5
14:45:36.437,346620,-1.741,10.348,1.061,0.195,0.060,0.923,8.250,57.450,3.450,36.5
14:45:36.490,346675,-0.740,10.221,1.355,0.149,-0.189,0.816,8.250,57.450,3.450,36.3
14:45:36.543,346730,-0.730,10.156,1.097,0.160,-0.001,0.834,8.250,57.450,3.450,36.6
14:45:36.595,346785,-1.001,10.355,1.118,0.146,-0.518,0.643,8.250,57.450,3.450,36.6
14:45:36.647,346840,-0.362,10.070,1.202,0.172,-0.698,0.497,8.250,57.450,3.450,36.6
14:45:36.700,346895,0.369,10.506,0.625,0.315,-0.783,0.444,8.250,57.450,3.450,36.6
14:45:36.751,346950,0.690,10.678,0.534,0.276,-0.476,0.401,-9.300,58.050,-0.600,36.4
14:45:36.803,347005,1.535,10.671,0.256,0.149,-0.530,0.251,-9.300,58.050,-0.600,36.5
14:45:36.856,347060,0.740,10.386,0.060,-0.227,0.035,-0.157,-10.650,58.200,-1.500,36.3
14:45:36.910,347115,0.192,9.639,0.692,-0.185,0.298,-0.233,-10.650,58.200,-1.500,36.6
14:45:36.961,347170,-0.634,9.929,0.546,-0.078,-0.432,-0.119,-11.250,58.800,-1.800,36.6
14:45:37.014,347225,0.093,9.864,0.737,-0.082,-0.350,0.048,-11.250,58.800,-1.800,36.7
14:45:37.067,347280,1.044,9.847,0.661,-0.098,-0.115,-0.043,-9.450,59.700,-0.150,36.3
14:45:37.118,347335,0.555,9.538,0.994,-0.147,-0.264,-0.244,-9.450,59.700,-0.150,36.5
14:45:37.171,347390,0.127,9.701,0.340,-0.093,0.043,-0.183,-8.100,61.350,-1.050,36.5
14:45:37.225,347445,0.515,9.653,0.747,-0.157,-0.261,-0.032,-7.500,62.850,-0.450,36.3
14:45:37.276,347500,0.488,9.541,0.488,-0.073,-0.250,-0.018,-7.500,62.850,-0.450,36.7
14:45:37.329,347555,0.192,9.440,0.579,-0.102,0.010,-0.003,-6.600,60.600,0.000,36.6
14:45:37.383,347610,-0.041,9.412,0.967,-0.011,-0.133,0.044,-6.600,60.600,0.000,36.5
14:45:37.435,347665,0.211,9.505,0.536,-0.074,-0.089,0.023,-7.950,60.750,1.500,36.7
14:45:37.487,347720,0.781,9.443,0.895,-0.040,-0.160,0.023,-7.950,60.750,1.500,36.1
14:45:37.591,347775,0.555,9.498,0.776,-0.022,-0.047,0.059,-6.000,61.500,0.150,36.5
14:45:37.643,347830,0.199,9.668,0.711,-0.023,-0.044,0.032,-6.000,61.500,0.150,36.4
14:45:37.696,347885,0.223,9.412,0.644,-0.017,-0.051,0.037,-6.150,60.900,-1.050,36.5
14:45:37.750,347940,0.321,9.242,0.694,-0.021,0.011,0.068,-6.150,60.900,-1.050,36.5
14:45:37.801,347995,0.393,9.955,0.962,-0.001,-0.072,0.086,-6.150,60.900,-1.050,36.5
14:45:37.855,348050,2.064,16.520,-3.182,-0.501,1.665,-0.238,-6.150,60.900,-1.050,36.4
14:45:37.908,348105,3.127,12.713,2.899,-0.529,-0.191,-1.157,-6.150,60.900,-1.050,36.8
14:45:37.960,348160,-3.160,12.579,-0.045,-0.564,0.585,-1.177,-6.150,60.900,-1.050,36.6
14:45:38.011,348215,-0.366,11.995,0.950,-0.722,1.120,-1.281,-6.150,60.900,-1.050,36.3
14:45:38.064,348270,-1.523,9.754,1.769,-0.640,0.521,-1.386,-1.650,58.950,-1.200,36.3
14:45:38.116,348325,-3.091,9.455,1.657,-0.518,0.023,-1.106,-1.650,58.950,-1.200,36.5
14:45:38.168,348380,-3.926,8.236,3.067,-0.305,-0.061,-0.748,4.650,58.800,-2.850,36.5
14:45:38.221,348435,-3.924,8.064,3.965,-0.059,-0.076,-0.469,4.650,58.800,-2.850,36.7
14:45:38.274,348490,-4.985,9.127,2.727,-0.018,0.095,-0.367,14.850,60.000,-4.800,36.6
14:45:38.327,348545,-3.694,8.550,2.911,0.064,0.106,-0.184,23.700,60.600,-2.100,36.8
14:45:38.380,348600,-5.739,7.745,3.019,0.299,-0.282,-0.080,23.700,60.600,-2.100,36.5
14:45:38.432,348655,-4.752,7.436,3.220,0.483,0.456,0.053,25.800,60.000,-1.500,36.5
14:45:38.485,348710,-4.561,8.102,2.409,0.478,0.137,0.079,25.800,60.000,-1.500,36.5
14:45:38.537,348765,-5.188,7.348,0.862,0.389,-0.006,0.193,28.650,60.150,-1.050,36.4
14:45:38.588,348820,-3.807,7.616,2.011,0.324,0.093,0.342,28.650,60.150,-1.050,36.6
14:45:38.642,348875,-3.311,6.902,1.020,0.503,0.223,0.442,32.400,61.800,-0.150,36.4
14:45:38.748,348930,-3.045,4.453,0.381,0.725,-0.091,0.199,32.400,61.800,-0.150,36.5
14:45:38.799,348985,-0.737,4.803,0.496,0.374,0.088,-0.188,38.700,60.000,-0.900,36.5
14:45:38.852,349040,-2.114,7.750,0.395,0.033,0.217,-0.144,36.900,60.900,-0.300,36.5
14:45:38.955,349095,-3.057,8.545,-0.785,-0.232,0.312,-0.068,36.900,60.900,-0.300,36.4
14:45:38.957,349150,-3.366,8.832,-0.108,-0.300,0.070,0.032,32.550,60.900,-0.300,36.5
14:45:39.008,349205,-3.608,8.844,0.467,-0.185,0.498,0.086,32.550,60.900,-0.300,36.6
14:45:39.061,349260,-4.393,8.839,0.601,-0.180,-0.135,-0.087,32.550,60.900,-0.300,36.6
14:45:39.115,349315,-3.742,9.577,0.136,-0.219,0.133,-0.037,32.550,60.900,-0.300,36.7
14:45:39.166,349370,-3.675,8.792,0.417,-0.212,-0.018,-0.006,32.550,60.900,-0.300,36.7
14:45:39.219,349425,-4.697,9.301,0.141,-0.153,-0.019,-0.007,32.550,60.900,-0.300,36.4
14:45:39.272,349480,-3.735,8.921,0.871,-0.034,0.064,-0.051,30.300,60.900,-1.050,36.5
14:45:39.323,349535,-4.408,9.167,0.486,-0.143,-0.008,-0.040,30.300,60.900,-1.050,36.5
14:45:39.376,349590,-4.101,9.270,0.208,-0.083,0.063,-0.005,32.250,59.550,-2.100,36.6
14:45:39.430,349645,-3.263,8.490,1.221,-0.107,-0.021,0.006,29.550,60.600,-1.050,36.6
14:45:39.482,349700,-3.713,8.265,0.840,-0.136,-0.036,-0.035,29.550,60.600,-1.050,36.6
14:45:39.535,349755,-3.850,7.484,0.462,-0.037,-0.011,-0.116,28.950,60.000,-0.450,36.6
14:45:39.586,349810,-2.162,5.626,1.307,0.128,-0.283,-0.386,28.950,60.000,-0.450,36.4
14:45:39.639,349865,-3.352,5.035,0.895,-0.339,-0.443,-0.439,25.800,58.650,-0.150,36.6
14:45:39.692,349920,-3.625,7.226,-0.215,-0.205,-0.011,-0.296,25.800,58.650,-0.150,36.5
14:45:39.745,349975,-3.780,7.635,1.267,-0.528,-0.218,-0.131,22.050,55.800,-0.600,36.6
14:45:39.797,350030,-8.112,8.298,0.227,-0.462,-0.669,-0.061,22.050,55.800,-0.600,36.5
14:45:39.902,350085,-5.981,8.480,1.915,-0.349,0.079,0.161,17.100,56.550,2.100,36.6
14:45:39.955,350140,-4.377,8.305,1.575,-0.108,-0.160,-0.071,17.400,56.550,3.600,36.7
14:45:40.008,350195,-5.222,7.913,1.233,-0.004,-0.038,-0.062,17.400,56.550,3.600,36.6
14:45:40.058,350250,-3.807,8.595,1.638,-0.179,-0.075,0.159,24.300,54.600,1.500,36.3
14:45:40.112,350305,-4.709,8.341,2.942,0.089,0.191,0.409,24.300,54.600,1.500,36.8
14:45:40.165,350360,-3.481,8.854,1.513,0.256,-0.070,0.574,21.000,55.500,1.050,36.7
14:45:40.216,350415,-5.691,9.515,1.535,0.532,-0.070,0.713,21.000,55.500,1.050,36.8
14:45:40.269,350470,-1.448,9.263,1.401,0.438,-0.076,0.695,21.000,55.500,1.050,36.6
14:45:40.322,350525,-3.115,9.555,1.480,0.248,-0.273,0.687,21.000,55.500,1.050,36.6
14:45:40.374,350580,-3.692,9.936,0.857,0.042,-0.074,0.907,21.000,55.500,1.050,36.4
14:45:40.427,350635,-1.992,10.206,0.529,-0.025,-0.215,0.910,21.000,55.500,1.050,36.5
14:45:40.480,350690,-2.579,11.698,1.168,0.116,0.088,0.869,4.650,58.050,-2.850,36.6
14:45:40.532,350745,-0.862,11.078,0.136,-0.247,-0.203,0.721,1.650,57.900,-3.450,36.5
14:45:40.585,350800,-1.690,10.685,1.135,-0.035,-0.372,0.569,1.650,57.900,-3.450,36.5
14:45:40.636,350855,0.515,10.099,0.879,-0.083,-0.520,0.410,-1.500,59.550,-4.350,36.7
14:45:40.690,350910,-1.116,9.352,1.571,-0.066,-0.307,0.400,-1.500,59.550,-4.350,36.7
14:45:40.742,350965,-0.273,9.656,0.907,-0.037,0.024,0.533,-3.450,61.650,-3.900,36.3
14:45:40.795,351020,-0.213,10.022,1.350,0.125,-0.544,0.448,-3.450,61.650,-3.900,36.6
14:45:40.847,351075,1.051,10.463,0.912,0.127,-0.229,0.399,-4.950,62.400,-3.900,36.6
14:45:40.900,351130,0.615,10.520,1.506,-0.009,-0.338,0.266,-4.950,62.400,-3.900,36.4
14:45:40.952,351185,0.898,11.068,0.864,0.026,-0.300,0.150,-6.600,61.350,-5.400,36.7
14:45:41.056,351240,1.178,10.444,0.488,-0.083,-0.168,-0.140,-9.000,61.500,-4.200,36.5
14:45:41.110,351295,1.257,10.041,0.460,-0.076,-0.119,-0.269,-9.000,61.500,-4.200,36.5
14:45:41.162,351350,0.821,9.481,0.761,-0.110,0.015,-0.237,-8.700,61.500,-3.450,36.4
14:45:41.213,351405,0.141,9.436,0.809,-0.014,-0.049,-0.136,-8.700,61.500,-3.450,36.7
14:45:41.266,351460,0.328,9.524,0.682,-0.037,0.127,-0.033,-8.550,62.700,-3.900,36.9
14:45:41.319,351515,0.972,9.476,0.824,0.015,-0.017,-0.056,-8.550,62.700,-3.900,36.8
14:45:41.372,351570,0.242,9.237,0.543,-0.064,0.121,-0.157,-7.650,63.150,-1.800,36.7
14:45:41.423,351625,0.077,9.258,0.735,0.030,0.271,-0.106,-7.650,63.150,-1.800,36.6
14:45:41.477,351680,0.105,9.412,0.900,-0.003,-0.121,-0.010,-7.650,63.150,-1.800,36.5
14:45:41.530,351735,0.215,9.919,0.579,0.071,0.142,0.065,-7.650,63.150,-1.800,36.7
14:45:41.582,351790,0.591,9.560,0.874,-0.028,0.014,0.061,-7.650,63.150,-1.800,36.6
14:45:41.635,351845,0.309,9.495,0.649,0.028,0.050,0.016,-7.650,63.150,-1.800,36.8
14:45:41.687,351900,0.400,9.134,0.622,-0.036,0.092,-0.003,-7.650,63.150,-1.800,36.5
14:45:41.740,351955,0.378,8.904,0.694,0.017,0.056,0.048,-8.850,61.350,-4.650,36.7
14:45:41.793,352010,1.460,12.483,0.208,-0.088,0.559,0.114,-8.850,61.350,-4.650,36.6
14:45:41.845,352065,3.249,12.601,1.906,-0.261,0.327,-0.945,-11.550,59.550,-5.400,36.7
14:45:41.896,352120,0.201,13.657,0.153,-0.315,0.477,-1.164,-11.550,59.550,-5.400,36.6
14:45:41.950,352175,0.096,11.863,0.860,-0.558,0.414,-1.342,-6.300,60.450,-3.450,36.1
14:45:42.002,352230,-2.468,10.446,1.559,-0.629,0.524,-1.358,-6.300,60.450,-3.450,36.8
14:45:42.053,352285,-2.583,9.941,1.056,-0.505,0.830,-1.171,-0.450,59.700,-2.700,36.7
14:45:42.107,352340,-2.184,9.270,2.729,-0.391,0.586,-0.921,4.350,57.450,-5.550,36.7
14:45:42.212,352395,-5.801,9.060,0.802,-0.313,-0.287,-0.772,4.350,57.450,-5.550,36.3
14:45:42.263,352450,-4.621,8.617,2.449,-0.052,0.124,-0.560,10.650,59.250,-7.800,36.6
14:45:42.316,352505,-4.049,8.684,1.815,-0.166,-0.305,-0.485,10.650,59.250,-7.800,36.9
14:45:42.370,352560,-4.276,8.983,2.227,0.112,-0.051,-0.231,15.150,59.100,-5.100,36.5
14:45:42.421,352615,-5.394,8.710,1.779,0.247,0.136,0.127,15.150,59.100,-5.100,36.5
14:45:42.473,352670,-5.454,7.379,0.848,0.357,0.028,0.316,19.050,58.350,-2.100,36.7
14:45:42.526,352725,-2.672,6.630,1.786,0.482,0.154,0.694,19.050,58.350,-2.100,36.6
14:45:42.580,352780,-2.808,8.011,0.074,0.442,-0.191,0.708,22.050,58.800,3.600,36.5
14:45:42.632,352835,-4.626,8.171,0.357,0.623,-0.123,0.764,22.050,58.800,3.600,36.5
14:45:42.684,352890,-2.990,6.500,-0.232,0.664,0.275,0.458,22.950,57.300,6.450,36.6
14:45:42.737,352945,-1.817,4.829,0.972,0.369,-0.013,0.110,22.950,57.300,6.450,36.2
14:45:42.840,353000,-1.939,6.804,-0.788,0.208,0.122,-0.102,22.950,57.300,6.450,36.5
14:45:42.842,353055,-3.950,8.143,0.651,0.569,0.039,-0.119,22.950,57.300,6.450,36.8
14:45:42.894,353110,-3.721,8.861,0.098,-0.191,-0.184,-0.129,22.950,57.300,6.450,36.7
14:45:42.947,353165,-3.096,9.330,-0.960,-0.035,0.153,-0.058,22.950,57.300,6.450,36.5
14:45:43.000,353220,-3.029,8.947,0.038,-0.110,-0.199,-0.172,22.950,57.300,6.450,36.6
14:45:43.051,353275,-3.541,9.057,-1.233,-0.304,-0.039,-0.140,25.800,56.700,4.500,36.5
14:45:43.104,353330,-3.237,8.954,-0.242,-0.177,0.150,-0.108,25.800,56.700,4.500,36.6
14:45:43.157,353385,-3.230,8.933,0.108,-0.287,-0.167,-0.088,26.250,56.100,4.500,36.5
14:45:43.209,353440,-3.424,9.282,-0.354,-0.099,-0.108,-0.131,27.300,55.650,8.100,36.9
14:45:43.262,353495,-3.888,8.938,0.024,0.130,0.179,-0.006,27.300,55.650,8.100,36.7
14:45:43.366,353550,-3.512,9.352,-0.443,-0.114,-0.080,0.028,26.250,56.400,6.750,36.7
14:45:43.418,353605,-3.778,8.674,0.115,-0.111,0.123,0.068,26.250,56.400,6.750,36.5
14:45:43.471,353660,-3.400,8.669,-0.206,-0.099,-0.091,-0.029,25.800,56.400,7.350,36.8
14:45:43.525,353715,-3.838,7.465,0.259,-0.051,-0.067,-0.109,25.800,56.400,7.350,36.5
14:45:43.577,353770,-2.598,6.438,0.012,-0.571,-0.228,-0.240,27.600,55.200,5.400,36.6
14:45:43.630,353825,-3.895,4.848,1.027,-0.091,-0.440,-0.613,27.600,55.200,5.400,36.7
14:45:43.682,353880,-2.734,6.127,-0.328,-0.090,-0.172,-0.649,28.200,56.400,3.000,36.7
14:45:43.735,353935,-3.352,6.675,2.076,-0.225,-0.094,-0.259,28.200,56.400,3.000,36.5
14:45:43.787,353990,-5.124,7.760,0.239,-0.551,-0.249,0.107,33.450,55.800,-0.300,36.7
14:45:43.840,354045,-4.865,8.808,0.979,-0.168,-0.180,0.305,26.400,55.800,-1.050,36.9
14:45:43.891,354101,-3.273,8.835,1.980,-0.057,-0.293,0.428,26.400,55.800,-1.050,36.7
14:45:43.944,354155,-4.741,9.074,1.183,-0.108,-0.271,0.493,23.100,54.600,-2.250,36.4
14:45:43.997,354210,-3.354,8.691,2.217,-0.135,-0.363,0.609,23.100,54.600,-2.250,36.6
14:45:44.048,354265,-4.796,10.333,1.211,0.014,-0.173,0.713,18.000,56.700,-3.450,36.7
14:45:44.102,354320,-3.795,9.835,1.757,-0.180,-0.240,0.682,18.000,56.700,-3.450,36.5
14:45:44.155,354375,-3.709,10.223,1.585,0.140,-0.231,0.730,18.000,56.700,-3.450,36.6
14:45:44.207,354430,-0.800,10.444,2.028,0.067,-0.334,0.582,18.000,56.700,-3.450,36.5
14:45:44.259,354485,-1.539,10.621,1.116,0.096,-0.010,0.659,18.000,56.700,-3.450,36.6
14:45:44.311,354540,-2.157,9.974,1.240,0.086,-0.248,0.559,18.000,56.700,-3.450,36.3
14:45:44.364,354595,-0.742,10.209,1.283,0.101,0.016,0.639,18.000,56.700,-3.450,36.7
14:45:44.417,354650,-0.919,9.991,1.544,-0.034,0.009,0.535,3.750,57.750,-5.400,36.5
14:45:44.522,354705,-0.627,9.969,1.190,0.068,-0.099,0.568,3.750,57.750,-5.400,36.9
14:45:44.575,354760,-0.848,10.561,0.467,0.077,-0.104,0.695,-0.300,58.050,-6.450,36.7
14:45:44.626,354815,0.096,9.931,1.346,0.156,-0.262,0.680,-0.300,58.050,-6.450,36.8
14:45:44.678,354870,0.563,10.463,1.331,0.322,-0.187,0.672,-6.000,56.100,-7.350,36.5
14:45:44.733,354925,0.958,10.657,0.723,0.233,-0.199,0.472,-6.000,56.100,-7.350,36.5
14:45:44.785,354980,1.853,10.561,0.342,0.082,-0.100,0.335,-8.550,54.450,-7.950,36.7
14:45:44.837,355035,1.633,10.166,0.366,-0.107,-0.368,0.054,-8.550,54.450,-7.950,36.8
14:45:44.890,355090,0.910,9.989,0.113,-0.149,0.133,-0.138,-9.000,57.900,-6.000,36.6
14:45:44.941,355145,1.513,9.613,0.505,-0.212,-0.059,-0.366,-11.550,58.800,-5.850,36.5
14:45:44.994,355200,-0.072,9.574,0.690,-0.184,0.109,-0.321,-11.550,58.800,-5.850,36.6
14:45:45.046,355255,0.390,9.354,0.493,-0.152,0.188,-0.178,-8.100,57.750,-6.150,36.5
14:45:45.099,355310,0.713,9.550,0.596,-0.058,-0.199,-0.078,-8.100,57.750,-6.150,36.5
14:45:45.152,355365,0.723,9.498,0.797,-0.122,-0.179,-0.136,-8.550,60.900,-4.650,36.6
14:45:45.205,355420,0.711,9.685,0.371,-0.006,0.151,-0.121,-8.550,60.900,-4.650,36.7
14:45:45.257,355475,0.177,9.878,0.589,-0.027,-0.177,-0.078,-6.600,60.900,-4.650,36.5
14:45:45.309,355530,0.611,9.773,0.496,-0.059,0.071,-0.021,-6.600,60.900,-4.650,36.8
14:45:45.361,355585,0.891,9.337,0.857,-0.064,-0.025,-0.054,-7.050,59.700,-4.200,36.7
14:45:45.414,355640,-1.173,13.106,0.005,-0.066,0.524,0.264,-7.050,59.700,-4.200,36.7
14:45:45.467,355695,6.780,14.437,1.231,-0.417,0.794,-0.669,-7.050,59.700,-4.200,36.5
14:45:45.520,355750,-1.089,14.087,0.620,-0.715,0.061,-1.255,-7.050,59.700,-4.200,36.4
14:45:45.572,355805,2.492,11.679,1.901,-0.751,0.504,-1.247,-7.050,59.700,-4.200,36.7
14:45:45.677,355860,-2.962,11.200,0.723,-0.711,0.213,-1.412,-7.050,59.700,-4.200,36.7
14:45:45.729,355915,-0.615,10.235,3.026,-0.487,0.705,-1.181,-7.050,59.700,-4.200,36.7
14:45:45.781,355970,-4.899,9.345,2.186,-0.453,0.270,-1.037,8.700,58.950,-1.500,36.6
14:45:45.835,356025,-4.808,8.861,1.626,-0.306,-0.001,-0.851,8.700,58.950,-1.500,36.7
14:45:45.887,356080,-4.183,7.432,2.703,-0.217,0.507,-0.449,10.800,60.150,-3.900,36.3
14:45:45.990,356135,-5.784,8.042,2.337,0.094,-0.076,-0.330,16.200,62.400,-5.850,36.5
14:45:45.993,356190,-5.727,7.695,1.954,0.336,0.079,-0.197,16.200,62.400,-5.850,36.6
14:45:46.044,356245,-4.257,7.116,2.425,0.507,-0.187,-0.103,25.350,63.600,-7.800,36.6
14:45:46.096,356300,-5.614,7.755,1.097,0.154,-0.295,-0.007,25.350,63.600,-7.800,36.8
14:45:46.150,356355,-3.017,6.924,2.444,0.289,-0.043,0.305,30.150,64.350,-9.600,36.6
14:45:46.202,356410,-4.700,7.872,0.824,0.342,-0.467,0.432,30.150,64.350,-9.600,36.8
14:45:46.255,356465,-3.280,7.937,0.915,0.175,0.226,0.751,31.950,61.050,0.450,36.3
14:45:46.307,356520,-2.990,6.462,2.121,0.373,-0.167,0.729,31.950,61.050,0.450,36.4
14:45:46.359,356575,-3.330,6.328,-1.216,0.467,0.064,0.695,25.350,57.900,7.800,36.7
14:45:46.462,356630,-1.130,5.454,1.774,0.240,0.207,0.145,25.350,57.900,7.800,36.6
14:45:46.464,356685,-1.350,7.554,0.606,-0.101,0.072,-0.127,22.350,57.450,8.550,36.7
14:45:46.517,356740,-3.268,8.562,0.766,-0.080,0.235,-0.200,21.750,58.050,7.200,36.9
14:45:46.570,356795,-3.965,9.428,0.278,-0.244,0.071,-0.207,21.750,58.050,7.200,36.6
14:45:46.622,356850,-3.539,9.534,0.204,0.032,0.241,-0.203,25.650,58.350,6.450,36.6
14:45:46.727,356905,-2.677,9.239,0.797,0.039,0.489,-0.100,25.650,58.350,6.450,36.5
14:45:46.729,356960,-3.275,9.471,0.599,-0.129,-0.087,-0.030,25.650,58.350,6.450,36.7
14:45:46.831,357015,-3.314,9.282,0.606,-0.112,0.163,-0.003,25.650,58.350,6.450,36.7
14:45:46.885,357070,-3.661,9.263,0.304,-0.030,-0.132,-0.060,25.650,58.350,6.450,36.7
14:45:46.937,357125,-3.357,8.617,0.330,-0.140,-0.006,-0.115,25.650,58.350,6.450,36.6
14:45:46.988,357180,-3.165,6.812,0.661,-0.035,-0.280,-0.372,25.650,58.350,6.450,36.7
14:45:47.043,357235,-1.640,5.634,-0.524,-0.116,-0.017,-0.530,27.150,56.550,5.100,36.8
14:45:47.094,357290,-2.737,5.452,0.881,-0.166,-0.232,-0.555,27.150,56.550,5.100,36.5
14:45:47.147,357345,-3.208,6.263,0.237,-0.734,0.207,-0.456,28.650,57.750,2.850,36.7
14:45:47.200,357400,-5.713,7.685,0.807,-0.516,-0.021,-0.089,28.650,57.750,2.850,36.6
14:45:47.305,357455,-3.910,7.987,3.069,-0.249,0.020,0.211,26.550,57.450,2.700,36.7
14:45:47.407,357510,-7.355,9.938,0.828,-0.127,-0.048,0.254,26.550,57.450,2.700,36.9
14:45:47.409,357565,-5.033,8.985,2.562,0.248,-0.173,0.436,22.050,56.250,2.100,36.7
14:45:47.411,357620,-6.304,9.981,0.819,0.064,-0.110,0.331,22.050,56.250,2.100,36.5
14:45:47.461,357675,-4.865,9.285,0.697,0.209,-0.196,0.453,18.150,56.250,0.600,36.5
14:45:47.513,357730,-3.170,9.668,1.025,0.107,0.005,0.585,18.150,56.250,0.600,36.7
14:45:47.566,357785,-4.690,10.123,1.305,0.037,-0.201,0.627,13.350,56.400,2.700,36.7
14:45:47.619,357840,-3.318,9.936,0.771,-0.063,-0.232,0.529,9.450,57.150,0.150,36.6
14:45:47.672,357895,-3.213,9.809,1.358,0.104,-0.182,0.762,9.450,57.150,0.150,36.7
14:45:47.725,357950,-0.196,9.876,2.057,0.041,-0.194,0.725,8.100,54.450,0.300,36.7
14:45:47.776,358005,-1.743,10.257,1.152,0.068,-0.071,0.618,8.100,54.450,0.300,36.7
14:45:47.829,358060,-0.352,9.922,1.401,0.091,0.035,0.578,4.650,58.050,-1.050,36.6
14:45:47.882,358115,-2.528,10.350,1.597,0.084,-0.373,0.688,4.650,58.050,-1.050,36.6
14:45:47.986,358170,-0.615,10.666,0.814,0.167,-0.156,0.816,0.750,58.350,-2.850,36.6
14:45:48.040,358225,-0.017,10.321,1.135,0.068,-0.053,0.655,0.750,58.350,-2.850,36.6
14:45:48.091,358280,0.491,10.173,0.895,0.061,-0.117,0.427,0.750,58.350,-2.850,36.7
14:45:48.145,358335,0.101,10.460,0.795,0.064,-0.150,0.425,0.750,58.350,-2.850,36.7
14:45:48.197,358390,0.010,10.084,1.235,0.212,-0.210,0.391,0.750,58.350,-2.850,36.7
14:45:48.250,358445,1.226,10.348,0.455,-0.018,-0.238,0.175,0.750,58.350,-2.850,36.6
14:45:48.302,358500,0.754,10.283,0.050,-0.156,-0.352,-0.119,0.750,58.350,-2.850,36.5
14:45:48.354,358555,0.431,9.737,0.266,-0.217,-0.041,-0.207,-10.050,59.100,-3.900,36.7
14:45:48.406,358610,0.450,9.297,1.372,-0.028,-0.208,-0.220,-10.050,59.100,-3.900,36.6
14:45:48.458,358665,0.735,9.895,0.455,-0.066,-0.055,-0.195,-7.500,58.650,-3.000,36.7
14:45:48.511,358720,1.549,9.227,1.647,-0.028,-0.092,-0.118,-7.500,58.650,-3.000,36.7
14:45:48.565,358775,-0.493,10.362,0.294,-0.036,-0.379,-0.119,-5.550,59.700,-4.500,36.7
14:45:48.617,358830,1.065,9.780,0.330,0.023,0.127,-0.122,-5.550,59.700,-4.500,36.5
14:45:48.670,358885,-0.347,9.668,0.455,-0.094,-0.055,-0.130,-7.650,60.150,-4.350,36.4
14:45:48.723,358940,0.194,9.874,0.539,0.025,0.163,-0.031,-8.100,60.600,-3.600,36.9
14:45:48.775,358995,0.366,9.625,0.639,-0.034,-0.248,0.005,-8.100,60.600,-3.600,36.6
14:45:48.826,359050,-0.007,9.792,0.409,0.014,0.075,0.053,-6.300,61.050,-2.250,36.5
14:45:48.880,359105,0.385,9.438,1.097,-0.066,-0.076,0.015,-6.300,61.050,-2.250,36.8
14:45:48.932,359160,0.117,9.431,0.450,0.006,0.030,-0.004,-4.950,59.850,-4.350,36.7
14:45:48.983,359215,0.668,9.151,0.699,-0.053,0.129,0.020,-4.950,59.850,-4.350,36.8
14:45:49.036,359270,0.565,11.988,0.874,-0.074,-0.085,0.080,-5.700,61.650,-4.650,36.5
14:45:49.141,359325,3.788,13.889,1.149,-0.178,0.697,-0.229,-5.700,61.650,-4.650,36.7
14:45:49.195,359380,1.812,14.054,0.172,-0.439,0.463,-1.188,-9.300,60.600,-5.400,36.6
14:45:49.247,359435,1.137,13.630,-1.056,-0.724,0.466,-1.287,-4.800,61.500,-3.750,36.7
14:45:49.352,359490,-0.160,10.250,3.496,-0.672,0.878,-1.335,-4.800,61.500,-3.750,36.7
14:45:49.354,359545,-2.332,11.032,0.273,-0.585,-0.182,-1.185,-4.800,61.500,-3.750,36.6
14:45:49.403,359600,-2.835,9.208,1.994,-0.463,0.923,-0.873,-4.800,61.500,-3.750,36.9
14:45:49.508,359655,-4.065,8.394,2.567,-0.292,0.302,-0.613,-4.800,61.500,-3.750,36.5
14:45:49.510,359710,-5.538,8.610,0.620,-0.174,-0.092,-0.317,-4.800,61.500,-3.750,36.7
14:45:49.562,359765,-4.034,7.841,1.604,0.022,0.272,-0.022,-4.800,61.500,-3.750,36.7
14:45:49.615,359820,-3.639,7.372,2.842,0.253,0.156,0.034,-4.800,61.500,-3.750,36.8
14:45:49.668,359875,-5.193,8.432,0.704,-0.031,-0.065,0.128,9.450,58.200,3.750,36.7
14:45:49.720,359930,-4.130,7.860,1.968,0.153,0.084,0.394,9.450,58.200,3.750,36.7
14:45:49.772,359985,-2.452,7.671,0.871,0.070,-0.307,0.424,12.750,58.800,2.550,36.7
14:45:49.824,360040,-3.141,8.250,1.568,0.081,0.121,0.638,16.650,60.900,2.100,36.6
14:45:49.877,360095,-3.239,7.101,2.528,-0.176,0.186,0.784,16.650,60.900,2.100,36.7
14:45:49.929,360150,-2.502,5.145,0.414,-0.216,-0.107,0.580,17.700,60.450,3.450,36.6
14:45:49.981,360205,-0.716,5.217,0.548,0.564,0.125,0.124,17.700,60.450,3.450,37.0
14:45:50.034,360260,-2.349,7.204,0.347,0.482,-0.156,-0.437,21.900,62.550,4.500,36.8
14:45:50.086,360315,-2.155,8.605,0.572,-0.006,0.064,-0.380,21.900,62.550,4.500,36.8
14:45:50.139,360370,-1.391,9.014,0.481,-0.105,0.142,-0.305,25.350,60.450,2.700,36.7
14:45:50.192,360425,-2.957,9.143,1.274,-0.020,0.033,-0.278,25.350,60.450,2.700,36.5
14:45:50.400,360480,-2.746,9.409,1.082,-0.137,0.008,-0.242,24.900,58.350,3.150,36.6
14:45:50.402,360535,-3.273,9.500,1.008,-0.075,0.100,-0.141,21.900,58.650,4.500,36.5
14:45:50.404,360590,-2.818,9.644,1.058,-0.191,0.057,-0.078,21.900,58.650,4.500,36.7
14:45:50.453,360645,-3.934,8.768,1.659,-0.175,-0.288,-0.115,20.400,59.700,3.750,36.8
14:45:50.506,360700,-3.330,8.811,0.907,-0.114,-0.091,-0.098,20.400,59.700,3.750,36.6
14:45:50.559,360755,-3.194,8.507,1.058,-0.233,-0.060,-0.091,23.700,60.150,5.400,36.8
14:45:50.612,360810,-2.768,6.972,1.614,-0.145,-0.109,-0.288,23.700,60.150,5.400,36.5
14:45:50.665,360865,-3.579,6.773,0.340,0.281,-0.037,-0.497,26.400,60.150,5.400,36.5
14:45:50.717,360920,-2.495,4.887,0.362,-0.358,-0.289,-0.796,26.400,60.150,5.400,36.6
14:45:50.770,360975,-3.773,6.833,0.057,0.087,-0.338,-0.584,26.400,60.150,5.400,36.5
14:45:50.822,361030,-2.600,6.330,2.320,0.083,-0.316,-0.535,26.400,60.150,5.400,36.5
14:45:50.874,361085,-5.140,6.864,0.117,-0.204,-0.568,-0.411,26.400,60.150,5.400,36.7
14:45:50.927,361140,-2.538,7.523,2.488,-0.159,0.119,-0.083,28.500,54.300,-3.750,36.7
14:45:50.980,361195,-6.014,8.715,2.047,-0.109,-0.259,0.448,28.500,54.300,-3.750,36.5
14:45:51.083,361250,-4.348,11.205,0.345,-0.117,0.103,0.654,27.750,56.400,-2.250,36.8
14:45:51.085,361305,-4.810,9.584,2.569,-0.151,-0.120,0.651,27.750,56.400,-2.250,36.8
14:45:51.136,361360,-3.654,10.144,0.347,0.058,-0.230,0.524,20.400,56.700,-2.700,36.6
14:45:51.189,361415,-4.635,10.590,0.785,-0.095,0.152,0.615,20.400,56.700,-2.700,36.6
14:45:51.242,361470,-5.095,9.017,2.136,0.020,-0.240,0.602,14.100,57.450,0.900,36.7
14:45:51.295,361525,-2.164,9.967,1.188,0.245,-0.078,0.657,14.100,57.450,0.900,36.6
14:45:51.346,361580,-2.732,11.495,1.353,0.359,-0.203,0.658,7.500,56.400,0.450,36.4
14:45:51.452,361635,-2.784,10.053,1.199,0.086,-0.125,0.896,3.750,59.850,-1.050,36.6
14:45:51.503,361690,-1.111,10.609,1.161,0.170,-0.578,0.850,3.750,59.850,-1.050,36.6
14:45:51.556,361745,-1.614,9.594,0.728,0.050,-0.350,1.001,1.050,57.750,0.300,36.7
14:45:51.609,361800,-1.056,9.790,1.372,0.360,-0.608,1.180,1.050,57.750,0.300,36.8
14:45:51.662,361855,0.857,10.877,0.702,0.298,-0.161,1.097,-5.400,58.050,-2.550,36.9
14:45:51.715,361910,0.453,10.661,1.190,0.227,-0.376,0.459,-5.400,58.050,-2.550,36.7
14:45:51.767,361965,1.137,10.422,1.020,-0.008,-0.129,0.011,-10.800,57.300,-1.800,36.7
14:45:51.820,362020,0.266,10.762,0.438,0.162,0.074,-0.047,-10.800,57.300,-1.800,36.7
14:45:51.872,362075,0.045,10.523,0.141,-0.100,0.028,-0.005,-10.950,56.400,-4.500,36.9
14:45:51.925,362130,0.996,9.922,0.292,-0.046,0.327,-0.037,-10.950,56.400,-4.500,36.6
14:45:51.977,362185,-0.129,9.531,0.620,-0.053,-0.323,-0.122,-12.750,58.350,-4.650,36.6
14:45:52.082,362240,0.591,9.673,0.649,-0.001,0.123,-0.082,-12.750,58.350,-4.650,36.7
14:45:52.132,362295,0.903,9.364,0.855,-0.034,0.040,-0.068,-12.750,58.350,-4.650,36.7
14:45:52.134,362350,0.450,9.268,0.697,-0.032,-0.073,-0.073,-12.750,58.350,-4.650,36.6
14:45:52.186,362405,0.955,9.359,0.524,-0.020,0.109,-0.106,-12.750,58.350,-4.650,36.5
14:45:52.240,362460,0.160,9.620,0.692,-0.045,-0.160,-0.078,-12.750,58.350,-4.650,36.7
14:45:52.292,362515,0.359,9.936,0.249,0.015,0.111,0.011,-12.750,58.350,-4.650,36.7
14:45:52.345,362570,0.927,9.967,0.436,-0.064,-0.135,0.001,-14.850,57.900,-2.700,36.7
14:45:52.397,362625,0.055,9.596,0.520,-0.059,-0.033,-0.040,-14.850,57.900,-2.700,36.7
14:45:52.450,362680,0.180,9.369,0.433,-0.064,-0.129,-0.068,-11.250,57.750,-2.850,36.7
14:45:52.502,362735,0.479,9.287,0.651,-0.056,0.060,-0.014,-11.250,57.300,-2.850,36.5
14:45:52.606,362790,0.263,9.855,0.237,-0.110,-0.099,0.049,-11.250,57.300,-2.850,36.6
14:45:52.660,362845,0.232,11.322,1.384,-0.110,-0.919,0.251,-11.850,58.200,-4.200,36.8
14:45:52.712,362900,3.498,12.318,0.747,-0.207,0.242,-0.194,-11.850,58.200,-4.200,36.7
14:45:52.763,362955,1.817,13.850,0.515,-0.399,0.487,-1.003,-9.300,58.800,-3.150,36.9
14:45:52.817,363010,1.559,12.790,1.750,-0.538,0.266,-1.613,-9.300,58.800,-3.150,36.8
14:45:52.868,363065,-0.022,12.773,0.467,-0.581,0.839,-1.512,-2.400,58.650,-1.500,36.7
14:45:52.975,363120,-3.891,11.609,0.067,-0.855,0.529,-1.162,-2.400,58.650,-1.500,36.7
14:45:52.976,363175,-2.164,10.202,1.994,-0.649,0.733,-0.880,2.700,58.350,-1.350,36.5
14:45:53.027,363230,-3.965,8.329,3.208,-0.499,0.141,-0.672,2.700,58.350,-1.350,36.9
14:45:53.079,363285,-4.089,8.722,1.956,-0.262,0.057,-0.458,4.950,55.500,1.050,36.9
14:45:53.133,363340,-4.120,7.477,2.540,-0.072,-0.022,-0.137,8.700,57.150,-0.450,36.7
14:45:53.183,363395,-2.658,7.685,2.107,0.246,-0.072,-0.255,8.700,57.150,-0.450,36.6
14:45:53.237,363450,-4.405,7.226,2.291,0.365,-0.226,-0.122,17.250,60.000,-1.200,36.9
14:45:53.290,363505,-5.059,8.337,0.718,0.489,-0.067,0.078,17.250,60.000,-1.200,36.8
14:45:53.342,363560,-4.961,8.286,1.513,0.356,0.149,0.386,17.250,60.000,-1.200,36.7
14:45:53.395,363615,-3.970,7.178,0.953,0.308,0.028,0.565,17.250,60.000,-1.200,36.3
14:45:53.447,363670,-3.326,7.578,1.085,0.606,0.126,0.739,17.250,60.000,-1.200,36.6
14:45:53.498,363725,-2.571,8.183,0.814,0.636,-0.161,0.633,17.250,60.000,-1.200,36.7
14:45:53.603,363780,-0.417,5.155,1.353,0.702,-0.003,0.411,17.250,60.000,-1.200,36.9
14:45:53.605,363835,-0.694,5.519,-0.201,0.644,0.163,0.126,28.500,58.950,2.700,36.8
14:45:53.657,363890,-0.745,6.021,-0.412,0.041,0.153,-0.128,28.500,58.950,2.700,36.8
14:45:53.762,363945,-1.513,8.152,-0.453,-0.220,0.233,-0.200,26.550,58.950,2.250,36.5
14:45:53.815,364000,-3.199,9.527,-0.711,-0.275,0.165,-0.210,26.550,58.950,2.250,36.6
14:45:53.918,364055,-2.349,9.438,-0.187,-0.038,0.249,-0.163,25.650,59.100,3.600,36.9
14:45:53.920,364110,-3.220,9.345,-0.491,-0.253,-0.143,-0.220,25.650,59.100,3.600,36.8
14:45:53.973,364165,-2.986,9.021,0.069,-0.066,0.254,-0.088,25.350,58.950,3.450,36.7
14:45:54.025,364220,-2.737,9.177,-0.072,-0.153,-0.026,-0.152,25.350,58.950,3.450,36.6
14:45:54.076,364275,-2.940,9.141,-0.053,-0.039,0.118,-0.069,24.300,57.450,4.500,36.7
14:45:54.130,364330,-2.897,9.246,-0.196,0.130,-0.088,-0.146,24.300,57.450,4.500,36.7
14:45:54.181,364385,-3.491,9.419,-0.622,0.056,-0.130,-0.148,24.600,56.700,4.200,36.5
14:45:54.234,364440,-3.175,9.031,-0.575,-0.124,0.029,-0.018,26.400,57.750,2.850,36.7
14:45:54.287,364495,-3.220,9.076,-0.412,-0.104,-0.151,-0.066,26.400,57.750,2.850,36.7
14:45:54.338,364550,-3.314,8.478,-0.448,-0.076,-0.101,-0.125,24.900,57.300,5.850,36.8
14:45:54.391,364605,-2.105,4.683,2.069,0.355,-0.496,-0.596,24.900,57.300,5.850,36.6
14:45:54.445,364660,-1.149,6.309,-1.879,-0.433,-0.241,-0.671,27.300,57.150,1.950,36.7
14:45:54.496,364715,-3.383,5.325,1.437,-0.269,-0.008,-0.687,27.300,57.150,1.950,36.7
14:45:54.549,364770,-4.310,6.112,0.448,-0.033,-0.585,-0.736,29.700,55.650,-2.700,36.4
14:45:54.601,364825,-6.366,8.294,-0.158,0.068,-0.943,-0.357,29.700,55.650,-2.700,36.7
14:45:54.653,364880,-3.560,8.107,1.508,-0.213,-0.238,0.001,33.000,54.750,-1.350,36.8
14:45:54.707,364935,-6.718,9.290,-0.790,-0.446,-0.739,0.161,33.000,54.750,-1.350,36.8
14:45:54.760,364990,-4.489,9.163,0.965,-0.471,-0.375,0.481,33.000,54.750,-1.350,36.8
14:45:54.863,365045,-6.045,8.902,0.017,-0.707,-0.797,0.447,33.000,54.750,-1.350,36.6
14:45:54.916,365101,-3.292,8.270,3.496,-0.069,-0.671,0.438,33.000,54.750,-1.350,36.9
14:45:54.968,365155,-4.867,9.979,1.197,-0.060,-0.323,0.577,19.200,56.100,1.950,36.7
14:45:55.022,365210,-4.374,9.074,1.204,-0.208,-0.342,0.411,19.200,56.100,1.950,36.9
14:45:55.075,365265,-2.337,9.017,2.480,-0.131,-0.258,0.553,18.600,57.750,2.550,36.5
14:45:55.127,365320,-2.916,9.486,1.721,-0.115,-0.055,0.578,18.600,57.750,2.550,36.9
14:45:55.178,365375,-3.158,9.103,1.073,-0.051,-0.021,0.595,13.950,58.050,1.350,36.8
14:45:55.284,365430,-2.260,9.742,1.848,0.207,0.084,0.681,13.950,58.050,1.350,36.9
14:45:55.286,365485,-2.646,10.010,1.724,0.155,-0.189,0.836,10.800,60.600,0.600,36.8
14:45:55.388,365540,-0.752,9.778,1.542,0.120,-0.174,0.898,6.750,60.000,-0.450,36.5
14:45:55.441,365595,-1.578,9.773,2.181,0.448,-0.138,1.178,6.750,60.000,-0.450,36.7
14:45:55.441,365650,-0.187,10.259,1.559,0.494,-0.325,1.219,0.150,60.450,-2.250,37.0
14:45:55.494,365705,0.649,11.449,1.384,0.428,0.267,1.184,0.150,60.450,-2.250,36.8
14:45:55.547,365760,0.989,11.574,0.627,0.162,0.100,0.359,-6.900,58.800,-4.650,37.0
14:45:55.598,365815,1.089,10.884,-0.330,-0.022,0.436,-0.101,-6.900,58.800,-4.650,36.6
14:45:55.651,365870,0.326,9.902,1.094,-0.076,0.045,-0.150,-10.500,59.550,-4.650,36.8
14:45:55.704,365925,0.613,9.728,1.393,0.016,0.175,-0.035,-10.500,59.550,-4.650,36.6
14:45:55.757,365980,1.432,9.778,0.505,0.119,-0.014,-0.061,-12.900,61.050,-3.000,36.7
14:45:55.810,366035,0.105,10.022,0.275,-0.081,0.107,-0.094,-12.150,59.700,-3.750,36.8
14:45:55.862,366090,1.142,9.694,1.164,-0.026,0.152,-0.132,-12.150,59.700,-3.750,36.7
14:45:55.914,366145,0.347,10.029,0.740,0.028,-0.104,-0.066,-12.150,59.700,-3.750,36.7
14:45:55.967,366200,1.458,10.276,0.551,-0.110,0.009,-0.044,-12.150,59.700,-3.750,36.8
14:45:56.072,366255,1.745,9.462,1.489,-0.156,-0.430,-0.090,-12.150,59.700,-3.750,36.8
14:45:56.177,366310,0.256,9.570,0.223,0.046,-0.228,0.012,-12.150,59.700,-3.750,36.6
14:45:56.179,366365,0.302,9.646,0.441,-0.088,-0.165,0.128,-12.150,59.700,-3.750,36.7
14:45:56.281,366420,1.044,9.457,1.566,-0.007,-0.164,0.269,-12.150,59.700,-3.750,36.6
14:45:56.283,366475,0.994,9.256,0.546,0.056,0.081,0.212,-12.150,59.700,-3.750,36.9
14:45:56.335,366530,0.625,8.562,0.450,-0.239,-0.246,0.110,-10.950,60.450,-1.200,36.7
14:45:56.386,366585,1.049,9.141,0.910,-0.210,-0.154,0.021,-10.950,60.450,-1.200,36.8
14:45:56.439,366640,1.159,9.112,0.697,-0.064,-0.109,-0.225,-11.550,62.400,-1.350,36.8
14:45:56.544,366695,-0.196,9.278,-0.060,-0.115,0.108,-0.140,-11.550,62.400,-1.350,36.6
14:45:56.545,366750,0.618,8.904,1.396,-0.096,-0.135,0.015,-9.900,62.250,-3.450,36.6
14:45:56.648,366805,-0.117,9.436,0.690,-0.008,0.059,0.161,-9.900,62.250,-3.450,36.8
14:45:56.650,366860,0.508,9.029,0.575,-0.111,-0.148,-0.073,-10.650,63.300,-1.950,36.7
14:45:56.701,366915,0.527,9.361,0.711,0.034,0.014,-0.043,-10.650,63.300,-1.950,36.9
14:45:56.755,366970,2.028,13.736,0.666,-0.033,0.863,-0.094,-10.650,63.300,-4.200,36.8
14:45:56.806,367025,3.725,14.961,1.343,-0.368,0.036,-1.260,-10.650,63.300,-4.200,36.7
14:45:56.858,367080,-1.302,14.198,1.635,-0.492,0.427,-1.348,-8.550,62.400,-3.900,36.8
14:45:56.911,367135,0.467,12.677,1.532,-0.519,0.952,-1.351,-1.500,59.850,-2.850,36.6
14:45:56.964,367190,-2.184,10.652,2.564,-0.477,0.302,-1.444,-1.500,59.850,-2.850,36.7
14:45:57.017,367245,-2.507,9.534,0.910,-0.412,0.643,-1.106,5.700,58.350,-0.600,36.7
14:45:57.070,367300,-4.513,8.777,0.146,-0.386,0.748,-0.729,5.700,58.350,-0.600,36.8
14:45:57.122,367355,-2.497,7.281,3.254,0.000,0.397,-0.435,9.600,58.800,-0.300,36.8
14:45:57.226,367410,-3.792,8.401,2.155,0.090,-0.203,-0.382,9.600,58.800,-0.300,36.8
14:45:57.279,367465,-3.584,7.956,2.370,0.098,0.164,-0.261,17.100,58.350,1.050,36.7
14:45:57.384,367520,-3.979,7.084,2.526,0.165,0.095,0.052,17.100,58.350,1.050,36.5
14:45:57.385,367575,-5.756,8.298,1.398,-0.041,0.087,0.172,21.900,57.150,0.150,36.6
14:45:57.489,367630,-3.175,7.230,2.480,0.097,0.185,0.383,21.900,57.150,0.150,36.6
14:45:57.491,367685,-2.952,7.039,1.336,0.470,0.175,0.446,21.900,57.150,0.150,36.8
14:45:57.542,367740,-4.147,8.353,0.345,0.105,0.050,0.523,21.900,57.150,0.150,36.7
14:45:57.595,367795,-1.894,7.827,1.305,0.058,0.250,0.387,21.900,57.150,0.150,36.8
14:45:57.646,367850,-3.340,5.234,0.989,0.497,-0.243,0.110,21.900,57.150,0.150,36.8
14:45:57.698,367905,0.139,5.547,-0.888,0.644,-0.036,-0.034,21.900,57.150,0.150,36.7
14:45:57.751,367960,-4.053,8.267,-1.903,-0.314,0.075,0.082,23.100,57.450,2.250,36.9
14:45:57.805,368015,-1.678,7.705,0.883,-0.331,0.084,-0.106,23.100,57.450,2.250,36.9
14:45:57.857,368070,-3.745,9.565,-0.041,-0.167,0.165,-0.300,23.700,58.350,2.100,36.7
14:45:57.910,368125,-2.902,9.172,0.488,-0.142,0.186,-0.256,23.700,58.350,2.100,36.7
14:45:57.961,368180,-3.342,9.840,0.711,-0.115,0.037,-0.200,28.350,58.350,-1.800,36.9
14:45:58.013,368235,-3.785,9.855,0.828,-0.090,0.163,-0.018,32.550,58.800,-3.150,36.7
14:45:58.066,368290,-3.019,9.371,0.534,-0.088,0.152,-0.005,32.550,58.800,-3.150,36.7
14:45:58.118,368345,-3.249,8.806,0.493,0.066,0.001,-0.065,29.100,59.550,-4.650,36.7
14:45:58.172,368400,-3.460,8.576,0.508,-0.060,-0.068,-0.104,29.100,59.550,-4.650,37.0
14:45:58.225,368455,-3.572,8.940,0.038,-0.049,-0.030,-0.109,30.450,60.000,-3.450,36.9
14:45:58.276,368510,-3.103,8.425,0.587,-0.089,-0.100,-0.102,30.450,60.000,-3.450,37.0
14:45:58.383,368565,-3.824,8.435,0.187,-0.185,-0.078,-0.091,30.150,60.000,-4.500,36.9
14:45:58.435,368620,-3.541,6.934,0.500,-0.029,0.180,-0.212,30.150,60.000,-4.500,36.9
14:45:58.487,368675,-1.207,4.779,0.934,0.481,-0.289,-0.503,31.050,58.800,-4.350,36.5
14:45:58.540,368730,-2.313,4.276,0.302,0.047,-0.279,-0.451,36.450,57.000,-6.900,36.6
14:45:58.591,368785,-4.362,7.468,-0.500,-0.048,0.051,-0.344,36.450,57.000,-6.900,36.8
14:45:58.643,368840,-5.325,8.217,0.912,-0.161,0.008,-0.245,33.450,58.800,-10.950,36.7
14:45:58.697,368895,-6.946,8.157,-0.117,0.029,-0.237,-0.397,33.450,58.800,-10.950,36.8
14:45:58.750,368950,-6.033,7.602,0.857,0.032,-0.142,-0.066,28.950,57.150,-10.650,36.9
14:45:58.802,369005,-6.440,9.050,1.018,-0.115,-0.739,0.047,28.950,57.150,-10.650,36.9
14:45:58.855,369060,-5.502,8.684,0.646,-0.308,0.106,0.236,28.950,57.150,-10.650,36.6
14:45:58.907,369115,-6.316,9.222,0.192,-0.260,-0.369,0.494,28.950,57.150,-10.650,36.7
14:45:58.958,369170,-4.475,9.309,1.559,-0.156,-0.131,0.589,28.950,57.150,-10.650,36.8
14:45:59.116,369225,-4.240,9.689,1.065,-0.109,-0.137,0.730,28.950,57.150,-10.650,36.8
14:45:59.117,369280,-2.064,9.249,1.274,-0.087,-0.551,0.770,28.950,57.150,-10.650,36.7
14:45:59.119,369335,-5.696,10.451,0.721,0.066,0.244,0.818,15.750,58.650,-3.000,36.8
14:45:59.168,369390,-2.406,9.857,2.076,-0.153,-0.210,0.512,15.750,58.650,-3.000,36.9
14:45:59.221,369445,-2.095,9.682,1.602,-0.042,-0.185,0.543,15.750,58.200,-3.000,36.8
14:45:59.273,369500,-1.784,10.384,2.083,0.097,-0.418,0.610,15.750,58.200,-3.000,36.7
14:45:59.327,369555,-1.769,10.343,0.788,0.038,0.037,0.663,11.400,60.750,-4.200,36.8
14:45:59.380,369610,-0.010,10.015,1.379,0.187,-0.368,0.638,11.400,60.750,-4.200,36.9
14:45:59.432,369665,-1.516,9.869,0.730,0.008,-0.133,0.635,5.700,60.900,-1.800,36.8
14:45:59.537,369720,-1.343,8.650,1.911,0.311,-0.490,0.825,5.700,60.900,-1.800,36.7
14:45:59.588,369775,-0.077,10.120,0.718,0.365,-0.324,1.080,0.750,60.900,-2.100,36.8
14:45:59.642,369830,0.069,10.709,0.658,0.218,-0.310,0.808,-4.050,60.450,-2.700,36.9
14:45:59.693,369885,1.180,10.678,0.721,0.136,-0.027,0.325,-4.050,60.450,-2.700,36.4
14:45:59.746,369940,0.673,10.439,0.658,0.163,0.100,0.058,-7.050,59.250,-4.800,36.8
14:45:59.799,369995,0.433,10.666,1.381,-0.147,-0.133,0.166,-7.050,59.250,-4.800,36.5
14:45:59.852,370050,1.051,9.917,0.079,0.055,0.016,-0.068,-10.800,59.550,-4.650,37.0
14:45:59.905,370105,0.749,9.716,0.156,-0.043,0.089,-0.167,-10.800,59.550,-4.650,36.8
14:46:00.008,370160,0.369,9.266,0.991,-0.012,-0.237,-0.119,-9.900,58.650,-6.300,36.8
14:46:00.009,370215,0.347,9.481,0.445,-0.104,0.114,-0.067,-9.900,58.650,-6.300,36.7
14:46:00.061,370270,0.486,9.584,0.658,-0.060,0.157,-0.053,-9.300,58.800,-5.400,36.7
14:46:00.114,370325,0.297,9.708,0.759,-0.015,-0.030,0.019,-9.300,58.800,-5.400,36.8
14:46:00.166,370380,0.469,10.017,0.299,-0.025,0.099,0.042,-9.300,58.800,-5.400,36.8
14:46:00.219,370435,0.764,9.498,0.735,-0.139,-0.086,-0.022,-9.300,58.800,-5.400,36.9
14:46:00.272,370490,0.170,9.742,0.335,-0.140,-0.011,-0.009,-9.300,58.800,-5.400,36.9
14:46:00.323,370545,0.795,9.471,0.745,-0.072,0.072,0.055,-9.300,58.800,-5.400,37.1
14:46:00.376,370600,0.869,9.407,0.622,-0.111,-0.070,0.030,-9.300,58.800,-5.400,36.7
14:46:00.428,370655,0.383,9.577,0.620,-0.160,0.028,0.003,-9.600,59.550,-3.900,36.7
14:46:00.482,370710,0.618,9.019,0.694,-0.070,-0.052,-0.013,-9.600,59.550,-3.900,36.8
14:46:00.535,370765,0.505,9.388,0.467,-0.095,0.032,0.064,-10.050,62.400,-5.100,36.7
14:46:00.587,370820,0.668,14.301,0.939,-0.337,0.300,-0.103,-10.050,62.400,-5.100,36.7
14:46:00.691,370875,4.329,13.913,2.655,-0.325,0.480,-1.124,-10.050,60.900,-2.850,36.6
14:46:00.745,370930,0.831,12.922,0.529,-0.479,0.814,-1.460,-3.000,60.900,-1.050,36.7
14:46:00.797,370985,-0.706,11.849,0.998,-0.895,0.151,-1.498,-3.000,60.900,-1.050,36.8
14:46:00.850,371040,-0.725,9.541,3.290,-0.556,1.247,-1.098,2.400,61.050,1.200,36.6
14:46:01.006,371095,-3.373,9.646,0.883,-0.614,0.360,-1.065,2.400,61.050,1.200,36.9
14:46:01.007,371150,-4.166,8.114,2.794,-0.431,0.454,-0.698,6.900,58.800,2.850,36.8
14:46:01.009,371205,-4.973,8.545,1.190,-0.386,-0.046,-0.492,6.900,58.800,2.850,36.9
14:46:01.060,371260,-3.974,8.102,3.103,-0.130,0.326,-0.152,8.100,57.300,3.600,36.9
14:46:01.112,371315,-4.130,8.751,1.571,-0.119,-0.328,-0.148,8.100,57.300,3.600,36.8
14:46:01.165,371370,-3.383,8.143,2.461,-0.007,0.089,0.120,11.250,58.050,2.850,36.7
14:46:01.216,371425,-3.917,7.719,3.433,0.302,0.234,0.294,11.250,58.050,2.850,36.6
14:46:01.269,371480,-3.931,8.492,1.805,0.418,0.326,0.544,15.450,58.800,8.400,36.5
14:46:01.321,371535,-5.088,6.795,2.801,0.343,-0.196,0.636,12.600,57.900,8.550,36.8
14:46:01.373,371590,-5.296,7.542,2.181,0.638,-0.049,0.683,12.600,57.900,8.550,36.8
14:46:01.426,371645,-3.206,7.432,1.568,0.685,0.269,0.667,14.250,59.850,12.300,36.8
14:46:01.480,371700,-2.749,5.959,0.108,0.874,0.185,0.440,14.250,59.850,12.300,36.9
14:46:01.532,371755,-2.145,6.098,-0.457,0.906,0.166,0.067,14.250,59.850,12.300,37.0
14:46:01.585,371810,-0.630,7.197,0.658,0.212,0.077,-0.098,14.250,59.850,12.300,36.8
14:46:01.637,371865,-3.007,8.792,-0.026,0.017,0.325,-0.049,14.250,59.850,12.300,36.7
14:46:01.689,371920,-1.961,9.201,-0.383,0.026,-0.157,-0.088,14.250,59.850,12.300,36.7
14:46:01.741,371975,-3.201,8.629,0.393,-0.214,0.016,-0.027,14.250,59.850,12.300,36.7
14:46:01.846,372030,-2.399,9.019,0.201,-0.105,-0.001,-0.114,16.650,57.750,6.150,36.7
14:46:01.900,372085,-2.131,9.345,0.242,-0.139,0.003,-0.128,16.650,57.750,6.150,36.7
14:46:01.952,372140,-2.418,9.799,-0.436,-0.212,0.139,-0.074,16.650,57.300,7.650,36.8
14:46:02.003,372195,-2.552,8.997,0.273,-0.101,-0.086,-0.074,16.650,57.300,7.650,36.7
14:46:02.057,372250,-2.459,9.021,-0.031,-0.094,0.105,-0.136,16.050,55.650,7.800,36.7
14:46:02.110,372305,-2.555,8.677,-0.124,-0.105,-0.031,-0.224,16.050,55.650,7.800,37.1
14:46:02.162,372360,-2.380,6.934,0.129,-0.112,-0.133,-0.365,20.550,55.200,6.900,36.7
14:46:02.213,372415,-1.537,6.522,0.436,0.031,-0.130,-0.486,20.550,55.200,6.900,37.2
14:46:02.266,372470,-1.856,6.850,0.019,-0.539,-0.017,-0.432,20.100,56.550,6.900,36.7
14:46:02.318,372525,-2.210,7.585,0.180,-0.950,0.036,-0.199,20.100,56.550,6.900,36.9
14:46:02.372,372580,-4.721,6.639,1.207,-0.856,-0.161,-0.171,16.650,55.800,5.850,36.9
14:46:02.425,372635,-4.250,8.617,0.764,-0.086,-0.025,-0.059,13.500,55.800,6.450,36.7
14:46:02.477,372690,-3.445,8.835,2.377,0.162,-0.126,-0.017,13.500,55.800,6.450,36.9
14:46:02.530,372745,-4.070,8.595,1.274,0.155,-0.312,0.021,15.900,56.250,5.400,37.0
14:46:02.582,372800,-3.357,8.265,2.605,0.379,-0.260,0.203,15.900,56.250,5.400,37.1
14:46:02.635,372855,-3.649,9.907,0.455,0.132,-0.116,0.333,13.500,55.200,2.850,36.7
14:46:02.686,372910,-4.120,9.773,0.821,0.209,-0.317,0.442,13.500,55.200,2.850,36.9
14:46:02.739,372965,-4.120,10.451,-0.299,0.034,-0.212,0.358,10.050,55.200,0.000,36.8
14:46:02.792,373020,-3.275,9.213,0.912,-0.147,-0.545,0.593,10.050,55.200,0.000,36.5
14:46:02.845,373075,-3.259,9.929,1.032,0.018,-0.237,0.774,7.950,56.100,0.150,36.8
14:46:02.897,373130,-2.368,10.283,1.532,-0.030,-0.490,0.860,7.950,56.100,0.150,36.9
14:46:03.002,373185,-0.953,10.534,0.883,0.009,-0.399,0.625,7.950,56.100,0.150,37.0
14:46:03.054,373240,-1.745,10.046,1.413,0.124,-0.400,0.678,7.950,56.100,0.150,36.9
14:46:03.106,373295,-0.816,10.374,0.577,0.153,-0.470,0.656,7.950,56.100,0.150,36.7
14:46:03.159,373350,-0.223,11.229,0.730,0.135,0.047,0.600,7.950,56.100,0.150,36.8
14:46:03.211,373405,0.012,11.111,0.601,-0.063,-0.197,0.381,7.950,56.100,0.150,36.7
14:46:03.263,373460,0.385,10.297,1.171,-0.030,0.041,0.323,7.950,56.100,0.150,36.9
14:46:03.317,373515,0.180,9.929,1.686,-0.003,-0.387,0.314,7.950,56.100,0.150,36.8
14:46:03.368,373570,0.979,9.946,0.936,0.110,-0.075,0.451,-6.300,58.950,-2.700,36.8
14:46:03.421,373625,0.333,9.893,1.037,0.188,-0.009,0.842,-6.300,58.950,-2.700,37.0
14:46:03.475,373680,0.972,10.405,0.443,0.109,-0.208,0.570,-9.900,58.650,-3.750,37.0
14:46:03.528,373735,1.808,10.602,0.242,-0.046,0.085,0.117,-12.600,58.650,-5.250,36.9
14:46:03.580,373790,1.528,10.238,0.807,-0.085,-0.020,-0.172,-12.600,58.650,-5.250,36.5
14:46:03.632,373845,0.699,10.104,0.321,-0.152,0.026,-0.147,-12.150,59.250,-4.500,36.8
14:46:03.685,373900,1.360,9.419,0.778,-0.120,0.073,-0.145,-12.150,59.250,-4.500,37.1
14:46:03.736,373955,0.620,9.045,1.295,-0.082,-0.147,-0.180,-10.650,61.050,-2.700,37.0
14:46:03.788,374010,0.836,9.522,0.397,0.007,0.104,-0.145,-10.650,61.050,-2.700,36.7
14:46:03.841,374065,1.135,9.498,1.018,-0.011,-0.114,-0.140,-10.200,61.800,-3.000,36.9
14:46:03.893,374120,0.572,9.799,0.625,0.064,-0.179,-0.023,-10.200,61.800,-3.000,36.9
14:46:03.946,374175,1.185,9.864,0.479,-0.067,-0.023,-0.092,-10.500,60.900,-4.350,36.7
14:46:03.998,374230,1.216,9.294,0.757,-0.060,-0.112,-0.157,-9.900,60.450,-3.450,36.8
14:46:04.051,374285,1.686,10.111,0.675,0.017,-0.040,0.066,-9.900,60.450,-3.450,36.9
14:46:04.157,374340,5.054,15.141,0.350,-0.267,0.373,-0.743,-10.500,59.850,-2.100,36.8
14:46:04.210,374395,2.679,13.068,0.438,-0.373,-1.019,-1.094,-10.500,59.850,-2.100,36.9
14:46:04.261,374450,1.130,11.418,0.994,-0.590,-0.617,-0.945,-4.950,59.550,0.300,36.9
14:46:04.314,374505,-1.398,11.461,0.124,-0.569,0.463,-1.112,-4.950,59.550,0.300,36.9
14:46:04.366,374560,-2.832,9.900,1.985,-0.614,0.925,-0.965,-1.050,57.750,2.550,36.7
14:46:04.418,374615,-2.109,9.929,0.031,-0.546,0.630,-0.907,-1.050,57.750,2.550,36.5
14:46:04.473,374670,-3.977,7.803,2.780,-0.311,0.663,-0.722,1.650,57.450,4.800,36.9
14:46:04.525,374725,-3.764,8.667,1.152,-0.256,0.112,-0.674,1.650,57.450,4.800,36.8
14:46:04.576,374780,-4.808,8.238,1.264,-0.199,0.278,-0.565,1.650,57.450,4.800,36.8
14:46:04.629,374835,-3.656,8.188,2.382,-0.083,0.232,-0.508,1.650,57.450,4.800,36.9
14:46:04.681,374890,-3.970,7.661,1.532,0.019,-0.034,-0.352,1.650,57.450,4.800,37.0
14:46:04.733,374945,-4.635,7.436,2.124,0.023,0.382,-0.098,1.650,57.450,4.800,36.8
14:46:04.786,375000,-4.733,8.102,2.251,-0.105,-0.091,0.229,1.650,57.450,4.800,36.8
14:46:04.838,375055,-3.692,8.056,1.956,0.053,0.500,0.617,15.150,58.800,2.850,37.0
14:46:04.891,375110,-3.575,10.254,1.281,0.128,-0.164,0.871,15.150,58.800,2.850,37.0
14:46:04.945,375165,-2.830,7.451,2.612,0.216,0.055,1.073,10.500,57.300,10.200,36.6
14:46:04.997,375220,-1.803,4.290,2.025,0.599,0.287,0.882,10.500,57.300,10.200,36.9
14:46:05.101,375275,-1.010,5.602,0.175,0.418,-0.638,0.131,9.300,57.000,13.500,36.9
14:46:05.103,375330,-1.717,7.065,-0.034,0.199,0.710,0.119,7.050,56.700,11.400,37.2
14:46:05.154,375385,-1.963,9.529,0.215,-0.119,0.122,-0.069,7.050,56.700,11.400,36.6
14:46:05.207,375440,-2.741,8.521,1.238,-0.176,0.302,-0.049,6.750,57.150,11.400,36.8
14:46:05.312,375495,-2.210,8.899,1.097,-0.124,-0.155,-0.245,6.750,57.150,11.400,37.0
14:46:05.365,375550,-2.370,9.184,0.850,-0.122,0.181,-0.160,9.600,57.300,9.750,36.8
14:46:05.416,375605,-1.975,9.232,0.601,-0.111,-0.149,-0.250,9.600,57.300,9.750,37.0
14:46:05.468,375660,-2.727,8.966,1.506,-0.256,0.034,-0.175,11.850,56.700,10.050,36.8
14:46:05.521,375715,-2.476,8.849,1.142,-0.191,-0.150,-0.161,11.850,56.700,10.050,36.8
14:46:05.573,375770,-2.263,9.124,1.049,-0.182,-0.015,-0.249,12.450,57.300,9.450,36.7
14:46:05.626,375825,-3.405,9.335,1.401,-0.109,-0.383,-0.222,12.450,57.300,9.450,36.7
14:46:05.678,375880,-3.347,9.699,1.020,-0.268,0.000,-0.112,14.100,58.200,10.650,36.9
14:46:05.784,375935,-3.259,9.804,0.972,-0.088,-0.084,-0.063,13.950,56.550,7.950,36.9
14:46:05.785,375990,-3.431,8.768,1.659,-0.011,0.003,-0.060,13.950,56.550,7.950,36.8
14:46:05.836,376045,-3.510,9.110,0.881,0.036,-0.089,-0.091,14.850,58.650,7.050,36.9
14:46:05.888,376101,-3.021,8.375,1.128,-0.132,0.061,-0.074,14.850,58.650,7.050,36.9
14:46:05.941,376155,-2.523,8.291,0.749,-0.302,-0.071,-0.112,14.850,58.650,7.050,36.8
14:46:05.993,376210,-3.187,7.491,1.228,-0.174,0.096,-0.139,14.850,58.650,7.050,36.7
14:46:06.047,376265,-1.413,5.320,1.499,-0.062,-0.265,-0.433,14.850,58.650,7.050,36.9
14:46:06.098,376320,-0.543,5.054,0.170,0.227,-0.294,-0.632,14.850,58.650,7.050,36.9
14:46:06.151,376375,-5.033,7.286,1.851,0.102,-0.009,-0.448,14.850,58.650,7.050,36.8
14:46:06.205,376430,-5.988,7.362,0.378,-0.252,-0.300,-0.305,18.150,56.250,4.650,36.8
14:46:06.257,376485,-4.748,8.899,0.460,-0.013,0.342,0.064,18.150,56.250,4.650,36.9
14:46:06.310,376540,-2.059,7.745,2.095,-0.221,-0.286,0.078,14.100,54.900,3.450,36.7
14:46:06.362,376595,-4.353,8.162,1.836,0.001,-0.105,0.315,14.100,54.900,3.450,36.7
14:46:06.519,376650,-6.232,9.282,2.028,-0.126,-0.296,0.427,14.550,56.700,3.450,36.9
14:46:06.521,376705,-4.820,9.270,2.461,0.164,-0.033,0.485,14.550,56.700,3.450,37.0
14:46:06.573,376760,-4.345,9.615,1.475,0.098,-0.194,0.511,14.100,56.100,2.250,36.9
14:46:06.625,376815,-4.738,9.809,1.056,0.146,0.139,0.621,14.100,56.100,2.250,36.9
14:46:06.677,376870,-1.757,9.450,2.387,0.213,-0.216,0.542,10.650,55.650,1.950,36.8
14:46:06.730,376925,-3.804,10.252,0.848,0.152,-0.059,0.687,10.650,55.650,1.950,36.5
14:46:06.781,376980,-1.432,10.118,2.030,0.117,-0.130,0.483,8.250,56.100,0.900,36.7
14:46:06.835,377035,-2.588,10.106,1.274,0.147,-0.142,0.562,3.450,55.500,0.300,36.7
14:46:06.886,377090,-1.832,10.171,1.377,0.121,-0.267,0.561,3.450,55.500,0.300,36.7
14:46:06.938,377145,-1.781,10.228,1.389,0.137,-0.049,0.764,0.000,56.550,-0.300,36.9
14:46:06.992,377200,0.038,10.254,0.931,0.155,-0.408,0.818,0.000,56.550,-0.300,37.0
14:46:07.045,377255,-0.029,10.360,1.061,0.203,-0.258,0.716,-1.350,55.650,-1.950,36.7
14:46:07.096,377310,0.192,10.374,0.431,0.124,-0.138,0.487,-1.350,55.650,-1.950,36.9
14:46:07.149,377365,0.486,10.319,0.529,-0.029,-0.006,0.341,-6.000,55.650,-1.500,36.6
14:46:07.202,377420,0.026,10.163,0.970,0.066,-0.136,0.168,-6.000,55.650,-1.500,36.9
14:46:07.255,377475,0.230,10.276,1.128,0.043,0.028,0.190,-10.050,55.800,-1.800,36.8
14:46:07.306,377530,0.199,10.489,0.402,0.043,0.063,0.049,-10.050,55.800,-1.800,36.8
14:46:07.359,377585,0.656,10.216,0.311,-0.107,0.071,-0.069,-10.050,55.800,-1.800,36.9
14:46:07.411,377640,0.460,9.697,0.395,-0.092,0.092,-0.203,-10.050,55.800,-1.800,36.9
14:46:07.464,377695,1.101,9.493,0.919,-0.055,0.269,-0.170,-10.050,55.800,-1.800,36.9
14:46:07.516,377750,0.038,9.586,0.797,-0.108,-0.044,-0.017,-8.850,56.550,1.350,36.9
14:46:07.622,377805,0.275,9.536,0.685,-0.006,0.176,-0.008,-8.850,56.550,1.350,37.0
14:46:07.675,377860,0.093,9.929,0.206,-0.083,0.134,0.021,-10.500,57.000,1.050,37.0
14:46:07.727,377915,0.931,9.558,0.972,0.006,0.076,0.023,-10.500,57.000,1.050,37.0
14:46:07.778,377970,-0.117,9.811,0.227,-0.088,-0.002,0.021,-11.550,58.050,1.350,37.0
14:46:07.830,378025,0.687,9.639,0.670,-0.050,0.108,0.038,-11.550,58.050,1.350,36.9
14:46:07.937,378080,0.426,9.661,0.706,-0.059,-0.056,0.070,-11.400,57.450,1.200,36.9
14:46:07.939,378135,0.510,9.519,0.601,-0.071,-0.010,0.072,-11.400,57.900,1.500,36.7
14:46:07.990,378190,0.390,9.682,0.572,-0.059,-0.026,0.074,-11.400,57.900,1.500,36.9
14:46:08.042,378245,0.340,9.651,0.699,-0.054,-0.018,0.077,-12.450,57.300,2.100,36.9
14:46:08.095,378300,0.713,9.670,0.795,-0.041,-0.033,0.081,-12.450,57.300,2.100,36.9
14:46:08.146,378355,0.611,9.663,0.666,-0.047,-0.031,0.056,-12.900,58.200,3.000,37.1
14:46:08.198,378410,0.239,9.673,0.742,-0.031,-0.068,0.066,-12.900,58.200,3.000,36.8
14:46:08.251,378465,0.876,9.553,0.816,-0.028,-0.051,0.055,-11.550,58.800,1.350,36.9
14:46:08.303,378520,0.764,9.519,0.826,-0.016,-0.043,0.061,-11.550,58.800,1.350,36.7
14:46:08.356,378575,0.129,9.548,0.718,-0.044,-0.076,0.018,-11.400,57.450,0.900,36.9
14:46:08.408,378630,0.309,9.481,0.620,-0.049,-0.040,-0.002,-11.850,57.900,-0.450,37.1
14:46:08.461,378685,0.294,9.402,0.807,-0.009,-0.050,-0.015,-11.850,57.900,-0.450,36.9
14:46:08.513,378740,0.326,9.517,0.733,-0.050,-0.050,-0.011,-12.000,58.050,0.000,37.0
14:46:08.566,378795,0.527,9.402,0.804,-0.020,0.038,-0.024,-12.000,58.050,0.000,37.0
14:46:08.671,378850,0.354,9.704,0.678,-0.076,-0.002,-0.051,-12.000,57.750,-1.050,36.8
14:46:08.672,378905,0.400,9.622,0.702,-0.018,0.013,0.003,-12.000,57.750,-1.050,36.7
14:46:08.776,378960,1.106,10.132,1.030,-0.057,-0.002,0.104,-12.000,57.750,-1.050,36.6
14:46:08.828,379015,3.043,12.203,2.210,-0.081,-0.545,-0.037,-12.000,57.750,-1.050,36.7
14:46:08.881,379070,4.741,13.601,-1.999,-0.329,0.093,-1.023,-12.000,57.750,-1.050,36.9
14:46:08.933,379125,1.226,12.529,1.034,-0.391,-0.271,-1.310,-12.000,57.750,-1.050,36.8
14:46:08.986,379180,0.005,12.684,0.792,-0.297,0.800,-1.233,-12.000,57.750,-1.050,36.9
14:46:09.038,379235,-2.631,10.556,1.927,-0.570,0.013,-1.261,0.450,55.650,-1.500,36.9
14:46:09.091,379290,-3.840,10.046,1.554,-0.345,0.483,-0.919,0.450,55.650,-1.500,36.7
14:46:09.144,379345,-2.593,9.565,0.903,-0.431,0.155,-0.852,4.800,55.650,0.450,36.7
14:46:09.196,379400,-5.176,9.079,1.743,-0.119,0.176,-0.659,4.800,55.650,0.450,36.9
14:46:09.248,379455,-4.896,8.456,0.778,-0.065,-0.197,-0.482,8.250,57.150,-0.900,37.0
14:46:09.301,379510,-4.551,8.217,1.824,-0.119,-0.095,-0.363,8.250,57.150,-0.900,36.9
14:46:09.353,379565,-4.334,7.721,1.204,-0.082,-0.137,-0.129,14.700,59.850,-2.850,36.9
14:46:09.407,379620,-3.809,8.200,1.748,-0.044,-0.120,0.216,14.700,59.850,-2.850,36.8
14:46:09.460,379675,-3.929,7.587,2.059,-0.216,-0.144,0.424,21.750,57.300,0.000,37.0
14:46:09.512,379730,-4.233,7.760,1.705,0.140,-0.234,0.502,19.350,59.100,4.350,36.5
14:46:09.564,379785,-2.837,7.496,2.083,0.496,0.114,0.630,19.350,59.100,4.350,36.9
14:46:09.617,379840,-1.058,5.737,1.908,0.652,0.111,0.450,18.000,57.150,6.750,36.8
14:46:09.720,379895,-0.713,5.456,-0.931,0.747,-0.404,0.021,18.000,57.150,6.750,36.8
14:46:09.723,379950,-0.668,6.433,-0.213,0.375,-0.086,-0.178,20.550,58.050,3.900,37.1
14:46:09.775,380005,-2.284,8.981,-0.369,-0.187,-0.116,-0.116,20.550,58.050,3.900,37.0
14:46:09.826,380060,-2.255,8.787,0.256,-0.165,-0.107,-0.072,21.000,58.350,4.650,36.8
14:46:09.932,380115,-2.631,9.009,0.622,-0.163,-0.041,-0.179,21.000,58.350,4.650,36.7
14:46:10.036,380170,-2.923,9.620,0.189,-0.261,0.006,-0.159,21.300,58.050,4.350,37.1
14:46:10.038,380225,-3.907,9.519,0.407,-0.163,-0.063,-0.110,23.100,58.650,3.750,36.7
14:46:10.090,380280,-1.618,8.933,1.070,-0.114,-0.076,-0.039,23.100,58.650,3.750,36.9
14:46:10.141,380335,-3.728,9.598,0.572,-0.068,-0.048,-0.070,23.100,58.650,3.750,36.8
14:46:10.194,380390,-2.363,9.445,1.037,-0.078,-0.009,-0.009,23.100,58.650,3.750,36.9
14:46:10.299,380445,-2.820,9.189,0.905,-0.021,0.039,0.000,23.100,58.650,3.750,37.0
14:46:10.301,380500,-1.963,8.952,0.723,-0.020,0.044,0.017,23.100,58.650,3.750,36.7
14:46:10.351,380555,-3.120,8.705,0.958,0.038,0.073,-0.009,23.100,58.650,3.750,37.1
14:46:10.405,380610,-3.761,8.820,0.771,-0.162,0.059,-0.092,23.100,58.650,3.750,36.7
14:46:10.456,380665,-3.481,9.182,0.328,-0.078,0.071,-0.007,20.550,58.350,5.400,36.9
14:46:10.510,380720,-3.347,9.220,0.587,-0.137,-0.056,-0.030,20.550,58.350,5.400,36.8
14:46:10.562,380775,-3.299,9.096,0.982,-0.156,0.026,-0.039,21.300,58.350,5.850,36.7
14:46:10.615,380830,-3.795,9.421,0.666,-0.085,0.118,-0.062,21.300,58.800,5.850,36.9
14:46:10.667,380885,-3.534,9.234,0.979,-0.111,0.128,-0.050,21.300,58.800,5.850,36.8
14:46:10.720,380940,-3.239,9.088,0.670,-0.102,0.069,-0.061,21.000,56.550,5.850,36.9
14:46:10.772,380995,-3.043,9.093,0.575,-0.003,0.028,-0.028,21.000,56.550,5.850,37.1
14:46:10.823,381050,-3.349,8.971,0.891,-0.073,0.038,0.017,20.700,55.650,4.800,37.0
14:46:10.876,381105,-3.259,8.973,0.675,-0.060,0.023,0.030,20.700,55.650,4.800,36.9
14:46:10.930,381160,-3.225,8.830,0.742,-0.057,0.081,-0.020,19.950,57.150,6.000,36.9
14:46:10.981,381215,-3.160,8.995,0.577,-0.040,-0.036,-0.065,19.950,57.150,6.000,36.9
14:46:11.086,381270,-3.431,9.086,0.567,-0.080,0.004,-0.008,20.100,57.000,5.850,36.8
14:46:11.140,381325,-3.682,8.993,0.910,-0.055,0.005,-0.004,19.500,58.200,5.550,36.8
14:46:11.192,381380,-3.309,8.854,0.630,-0.048,0.005,-0.011,19.500,58.200,5.550,37.2
14:46:11.245,381435,-3.065,7.786,0.517,-0.042,-0.099,-0.073,19.800,58.800,6.900,37.0
14:46:11.297,381490,-2.775,6.311,0.924,0.300,-0.183,-0.280,19.800,58.800,6.900,37.2
14:46:11.349,381545,-2.763,5.906,0.168,0.204,-0.208,-0.429,21.300,57.300,4.650,36.9
14:46:11.403,381600,-1.063,5.121,2.373,0.598,1.196,-0.408,21.300,57.300,4.650,37.0
14:46:11.453,381655,-3.112,5.377,0.572,0.272,-0.528,-0.720,21.300,57.300,4.650,36.6
14:46:11.506,381710,-3.759,7.044,-0.165,0.366,-0.152,-0.305,21.300,57.300,4.650,36.7
14:46:11.560,381765,-5.507,8.217,-0.742,-0.121,-0.606,-0.079,21.300,57.300,4.650,37.0
14:46:11.612,381820,-4.760,8.255,-0.038,-0.293,-0.094,0.271,21.300,57.300,4.650,36.9
14:46:11.665,381875,-5.131,9.720,-0.244,-0.382,-0.508,0.510,21.300,57.300,4.650,37.1
14:46:11.769,381930,-5.629,9.242,0.402,-0.426,-0.371,0.580,17.700,56.700,-0.900,36.9
14:46:11.771,381985,-5.667,10.264,0.347,-0.405,-0.362,0.611,17.700,56.700,-0.900,36.8
14:46:11.822,382040,-2.083,9.867,1.829,-0.195,0.034,0.587,14.850,54.600,2.250,36.7
14:46:11.873,382095,-3.938,9.732,1.906,-0.206,-0.795,0.505,14.850,54.600,2.250,36.8
14:46:11.927,382150,-4.173,10.637,0.783,-0.055,0.130,0.594,13.950,56.550,1.350,36.9
14:46:11.980,382205,-2.629,9.888,1.841,-0.095,-0.022,0.631,13.950,56.550,1.350,36.9
14:46:12.031,382260,-2.217,10.379,1.097,-0.053,-0.086,0.491,11.250,59.550,0.000,36.9
14:46:12.085,382315,-2.260,10.386,1.657,-0.039,-0.135,0.531,11.250,59.550,0.000,36.8
14:46:12.137,382370,-1.219,10.065,1.286,-0.055,-0.134,0.423,7.500,59.700,-0.150,36.8
14:46:12.242,382425,-1.765,9.910,1.156,-0.017,-0.135,0.480,5.250,61.050,0.900,37.0
14:46:12.295,382480,-0.397,9.814,1.398,0.063,-0.183,0.447,5.250,61.050,0.900,37.0
14:46:12.347,382535,-1.226,9.926,0.735,-0.102,-0.242,0.371,3.450,60.900,0.000,37.0
14:46:12.400,382590,-0.553,9.120,1.700,0.269,-0.250,0.581,3.450,60.900,0.000,36.7
14:46:12.451,382645,-0.436,9.898,1.030,0.142,-0.116,0.754,1.500,61.350,0.300,36.8
14:46:12.504,382700,-0.347,9.977,0.563,0.107,-0.036,0.442,1.500,61.350,0.300,36.9
14:46:12.557,382755,1.046,9.567,1.741,0.119,-0.094,0.136,-4.650,61.650,1.050,36.9
14:46:12.610,382810,0.081,10.357,1.104,0.208,0.022,0.170,-4.650,61.650,1.050,36.9
14:46:12.662,382865,-0.630,10.848,0.694,0.083,0.117,0.393,-5.250,61.800,-2.250,36.7
14:46:12.715,382920,0.759,10.520,0.378,-0.030,0.176,0.266,-5.250,61.800,-2.250,37.0
14:46:12.767,382975,0.831,9.811,0.991,-0.012,-0.025,-0.045,-9.900,60.750,-1.500,37.0
14:46:12.818,383030,0.931,9.941,0.934,0.087,-0.131,-0.222,-9.900,60.750,-1.500,37.0
14:46:12.871,383085,0.069,9.869,0.488,-0.112,0.105,-0.086,-9.900,60.750,-1.500,36.9
14:46:12.925,383140,0.275,9.163,0.773,-0.035,0.080,-0.012,-9.900,60.750,-1.500,36.7
14:46:12.976,383195,0.311,9.550,0.912,-0.001,0.260,0.094,-9.900,60.750,-1.500,36.8
14:46:13.030,383250,0.354,9.694,0.711,-0.024,0.001,0.056,-10.800,60.900,-2.100,36.8
14:46:13.081,383305,0.740,9.723,0.579,-0.027,0.280,0.026,-10.800,60.900,-2.100,37.2
14:46:13.133,383360,0.433,9.606,0.903,-0.096,-0.022,-0.009,-12.750,61.350,-4.350,37.0
14:46:13.187,383415,0.584,9.579,0.735,-0.050,0.085,0.029,-12.750,61.350,-4.350,37.0
14:46:13.240,383470,0.577,9.838,0.469,-0.093,0.023,0.024,-12.000,60.600,-2.100,37.0
14:46:13.291,383525,0.211,9.823,0.766,-0.087,-0.006,0.039,-11.400,62.550,-1.500,37.0
14:46:13.397,383580,0.771,9.668,0.584,-0.059,0.087,0.055,-11.400,62.550,-1.500,36.9
14:46:13.450,383635,0.680,9.457,0.804,-0.078,0.005,0.023,-13.200,61.950,-1.800,36.8
14:46:13.501,383690,0.558,9.402,0.634,-0.082,0.062,-0.019,-13.200,61.950,-1.800,36.8
14:46:13.555,383745,0.548,9.330,0.644,-0.031,-0.042,-0.006,-13.500,61.950,-1.350,36.8
14:46:13.607,383800,0.347,9.431,0.500,-0.043,0.096,0.018,-13.500,61.950,-1.350,37.2
14:46:13.660,383855,1.686,12.249,0.271,-0.008,0.178,0.137,-12.450,60.150,-2.100,36.9
14:46:13.764,383910,3.089,12.572,2.495,-0.237,-0.293,-0.747,-12.450,60.150,-2.100,36.8
14:46:13.766,383965,1.312,13.439,-0.644,-0.240,0.261,-1.200,-11.250,60.900,-0.300,36.9
14:46:13.817,384020,2.495,12.953,1.099,-0.465,0.778,-1.335,-11.250,60.900,-0.300,36.9
14:46:13.870,384075,-2.763,11.449,1.429,-0.717,0.468,-1.369,-5.400,60.900,-2.550,36.9
14:46:13.921,384130,-3.335,10.472,1.779,-0.472,0.427,-1.164,-1.500,58.350,-0.600,37.0
14:46:13.975,384185,-4.029,10.233,0.321,-0.501,-0.171,-0.900,-1.500,58.350,-0.600,37.1
14:46:14.026,384240,-2.576,8.808,2.782,-0.194,0.496,-0.538,1.050,58.800,0.000,36.7
14:46:14.078,384295,-4.882,9.096,2.270,-0.226,-0.207,-0.521,1.050,58.800,0.000,37.1
14:46:14.132,384350,-4.726,9.890,0.690,-0.019,0.185,-0.260,1.050,58.800,0.000,36.9
14:46:14.185,384405,-3.531,8.365,2.212,-0.015,-0.028,-0.317,1.050,58.800,0.000,36.8
14:46:14.237,384460,-4.549,7.649,2.682,0.052,0.026,-0.079,1.050,58.800,0.000,36.6
14:46:14.288,384515,-4.851,6.869,1.853,0.122,0.180,0.121,1.050,58.800,0.000,36.7
14:46:14.341,384570,-4.398,7.022,1.511,0.155,0.024,0.293,9.900,57.450,3.450,36.7
14:46:14.393,384625,-4.254,8.088,1.192,0.343,0.150,0.609,12.900,58.650,6.300,36.8
14:46:14.446,384680,-2.631,6.464,2.054,0.424,0.043,0.689,12.900,58.650,6.300,37.2
14:46:14.604,384735,-2.339,4.827,0.153,0.783,-0.078,0.477,16.050,60.450,4.800,36.7
14:46:14.605,384790,-1.235,4.319,0.563,0.671,0.278,-0.198,16.050,60.450,4.800,37.0
14:46:14.707,384845,-1.580,6.555,-0.163,0.151,-0.113,-0.302,24.300,59.250,1.500,36.8
14:46:14.709,384900,-2.811,8.294,-0.273,-0.179,0.060,-0.266,24.300,59.250,1.500,37.2
14:46:14.762,384955,-3.179,9.481,-0.038,-0.345,-0.054,-0.350,22.650,59.250,-4.500,37.0
14:46:14.815,385010,-3.278,9.412,0.450,-0.278,0.001,-0.217,22.650,59.250,-4.500,36.9
14:46:14.918,385065,-3.421,9.859,0.761,-0.222,0.053,-0.056,23.700,60.600,-5.400,36.7
14:46:14.920,385120,-3.567,9.282,1.207,-0.169,-0.115,-0.058,23.700,60.600,-5.400,37.0
14:46:14.972,385175,-3.584,9.586,0.431,-0.040,0.111,-0.035,25.650,59.100,-2.850,37.0
14:46:15.023,385230,-3.428,8.859,0.721,-0.073,-0.137,0.014,25.800,58.950,-2.700,36.6
14:46:15.077,385285,-3.417,9.052,0.192,-0.169,-0.007,-0.004,25.800,58.950,-2.700,37.0
14:46:15.128,385340,-3.045,8.629,0.543,-0.073,-0.128,0.022,21.900,57.450,-0.900,37.1
14:46:15.181,385395,-3.570,8.748,0.563,-0.058,-0.075,-0.071,21.900,57.450,-0.900,37.0
14:46:15.235,385450,-3.958,8.569,0.491,-0.080,-0.076,-0.038,25.650,60.150,-2.100,37.0
14:46:15.338,385505,-3.302,8.550,0.730,-0.023,0.004,-0.057,25.650,60.150,-2.100,37.0
14:46:15.340,385560,-3.991,8.605,0.874,-0.066,0.021,-0.059,26.250,59.700,-0.900,36.9
14:46:15.392,385615,-4.099,8.954,0.702,-0.059,-0.018,-0.177,26.250,59.700,-0.900,36.9
14:46:15.443,385670,-3.701,7.657,0.522,0.122,-0.026,-0.383,26.250,59.700,-0.900,36.9
14:46:15.497,385725,-3.960,6.531,-0.012,0.155,-0.051,-0.637,26.250,59.700,-0.900,37.0
14:46:15.550,385780,-3.175,4.901,1.403,-0.081,-0.209,-0.871,26.250,59.700,-0.900,36.9
14:46:15.602,385835,-4.183,5.844,1.135,0.341,-0.048,-0.543,26.250,59.700,-0.900,36.9
14:46:15.758,385890,-2.239,5.229,2.016,0.179,-0.609,-0.643,26.250,59.700,-0.900,37.0
14:46:15.760,385945,-6.278,7.369,-0.474,0.301,-0.434,-0.334,35.550,57.150,-15.450,36.9
14:46:15.813,386000,-5.310,8.406,-0.017,-0.034,-0.108,0.165,35.550,57.150,-15.450,36.8
14:46:15.865,386055,-5.950,8.404,0.067,-0.456,-0.462,0.428,34.200,55.500,-12.300,36.7
14:46:15.916,386110,-5.622,7.343,0.649,-0.444,-0.281,0.443,34.200,55.500,-12.300,37.0
14:46:16.021,386165,-4.523,8.246,0.244,-0.405,-0.509,0.687,29.550,56.250,-9.750,36.9
14:46:16.023,386220,-6.074,9.677,1.144,-0.118,-0.075,0.657,29.550,56.250,-9.750,37.0
14:46:16.075,386275,-2.025,8.418,1.334,-0.222,-0.588,0.657,22.350,58.200,-5.550,36.9
14:46:16.127,386330,-5.464,9.953,1.578,0.157,-0.424,0.573,17.100,58.800,-3.900,37.0
14:46:16.178,386385,-5.416,9.340,1.381,0.166,-0.246,0.829,17.100,58.800,-3.900,36.7
14:46:16.231,386440,-1.621,9.723,0.962,0.134,-0.529,0.843,12.750,58.800,-2.100,37.0
14:46:16.285,386495,-3.795,10.393,1.597,0.331,-0.171,1.012,12.750,58.800,-2.100,36.9
14:46:16.336,386550,-1.767,9.352,2.184,0.008,-0.512,0.725,6.750,57.900,-3.000,36.9
14:46:16.389,386605,-2.490,9.701,1.298,0.270,-0.261,0.982,6.750,57.900,-3.000,37.2
14:46:16.441,386660,-1.070,9.778,1.252,0.219,-0.368,1.083,3.450,58.800,-2.100,36.9
14:46:16.494,386715,-0.725,10.913,0.651,0.365,-0.450,1.122,3.450,58.800,-2.100,37.1
14:46:16.599,386770,2.188,11.837,1.856,0.189,-0.720,0.665,-1.650,58.950,-2.700,36.5
14:46:16.600,386825,1.918,11.471,1.154,0.011,-0.290,0.214,-4.650,60.150,-2.850,36.7
14:46:16.653,386880,0.998,10.726,0.371,-0.078,0.208,-0.044,-4.650,60.150,-2.850,37.0
14:46:16.705,386935,-0.534,10.048,0.235,-0.028,-0.045,-0.060,-7.350,59.550,-2.550,36.9
14:46:16.757,386990,0.728,9.555,0.807,0.004,0.215,-0.042,-7.350,59.550,-2.550,37.0
14:46:16.862,387045,-0.618,9.500,0.512,-0.020,-0.106,-0.060,-7.350,59.550,-2.550,37.0
14:46:16.914,387101,0.057,9.383,0.378,-0.044,0.260,0.031,-7.350,59.550,-2.550,37.0
14:46:16.966,387155,0.091,9.440,0.725,0.026,0.127,0.050,-7.350,59.550,-2.550,36.7
14:46:17.019,387210,0.314,9.606,0.742,-0.008,-0.044,0.009,-7.350,59.550,-2.550,36.8
14:46:17.072,387265,0.062,9.864,0.366,-0.015,0.258,-0.021,-7.350,59.550,-2.550,36.7
14:46:17.125,387320,-0.304,9.886,0.187,-0.145,-0.060,-0.021,-7.350,59.550,-2.550,36.9
14:46:17.176,387375,1.089,9.766,0.599,0.006,0.178,0.032,-9.600,59.550,-2.100,36.9
14:46:17.228,387430,0.520,9.766,0.591,-0.070,0.055,0.024,-11.550,60.150,-3.600,37.0
14:46:17.281,387485,0.316,9.711,0.709,-0.043,0.055,0.037,-11.550,60.150,-3.600,37.2
14:46:17.334,387540,0.026,9.797,0.431,-0.042,0.286,0.070,-10.500,60.900,-2.850,37.0
14:46:17.386,387595,0.936,9.352,0.826,-0.027,0.097,0.046,-10.500,60.900,-2.850,36.8
14:46:17.439,387650,-0.038,9.634,0.390,-0.102,-0.014,0.029,-12.750,59.550,-1.800,37.1
14:46:17.492,387705,0.512,9.522,0.532,-0.032,0.068,0.054,-12.750,59.550,-1.800,36.9
14:46:17.543,387760,0.091,9.914,0.431,-0.091,-0.060,0.083,-11.850,61.500,-0.900,37.1
14:46:17.598,387815,0.376,10.022,0.618,-0.097,0.081,0.059,-11.850,61.500,-0.900,36.9
14:46:17.650,387870,0.893,9.732,0.809,-0.077,0.106,0.050,-10.800,59.850,0.000,37.1
14:46:17.702,387925,0.168,9.242,0.426,-0.058,0.025,-0.035,-12.600,61.050,-0.450,37.0
14:46:17.755,387980,0.364,8.988,0.357,-0.038,-0.023,-0.044,-12.600,61.050,-0.450,36.7
14:46:17.807,388035,0.457,8.832,0.563,-0.032,-0.126,-0.044,-12.450,61.950,0.600,37.0
14:46:17.858,388090,2.509,13.434,1.623,-0.035,0.938,0.231,-12.450,61.950,0.600,37.0
14:46:17.912,388145,3.077,13.860,1.523,-0.395,0.273,-0.978,-13.800,61.800,-1.200,37.2
14:46:18.016,388200,-0.160,13.700,0.802,-0.419,0.027,-1.253,-13.800,61.800,-1.200,37.2
14:46:18.069,388255,-0.706,12.356,0.412,-0.708,0.237,-1.426,-6.300,58.950,-0.150,36.9
14:46:18.121,388310,-1.492,10.429,2.148,-0.532,0.460,-1.390,-6.300,58.950,-0.150,36.9
14:46:18.175,388365,-3.505,9.431,1.568,-0.414,0.107,-1.199,0.750,57.750,2.550,36.8
14:46:18.279,388420,-3.285,9.510,2.006,-0.416,0.595,-0.763,0.750,57.750,2.550,36.7
14:46:18.281,388475,-4.379,8.645,2.435,-0.219,0.171,-0.690,0.750,57.750,2.550,37.1
14:46:18.435,388530,-3.575,8.073,2.763,0.010,0.085,-0.494,0.750,57.750,2.550,37.1
14:46:18.437,388585,-5.758,7.276,3.053,0.196,-0.033,-0.367,0.750,57.750,2.550,37.0
14:46:18.439,388640,-5.133,7.283,1.987,0.492,0.221,-0.187,0.750,57.750,2.550,37.1
14:46:18.488,388695,-3.256,7.238,1.767,0.400,0.041,0.108,0.750,57.750,2.550,36.9
14:46:18.541,388750,-3.347,7.719,0.101,0.266,-0.190,0.284,24.450,58.800,-1.800,36.8
14:46:18.594,388805,-4.764,8.442,1.451,0.054,-0.044,0.589,24.450,58.800,-1.800,36.7
14:46:18.647,388860,-5.583,8.413,-0.065,-0.168,-0.083,0.695,25.350,59.250,-0.450,37.0
14:46:18.700,388915,-3.881,4.319,2.682,0.166,0.369,0.667,25.350,59.250,-0.450,36.8
14:46:18.752,388970,-2.421,5.001,-0.275,0.681,-0.210,-0.050,21.000,59.850,1.350,36.9
14:46:18.805,389025,0.567,5.090,0.929,0.640,0.078,-0.200,28.350,59.850,-1.350,36.9
14:46:18.857,389080,-1.566,7.556,-0.503,-0.114,0.207,-0.250,28.350,59.850,-1.350,36.9
14:46:18.908,389135,-3.158,8.964,0.017,-0.246,-0.197,-0.244,28.650,61.350,-5.850,36.8
14:46:18.961,389190,-3.857,8.976,0.117,-0.243,-0.069,-0.132,28.650,61.350,-5.850,37.0
14:46:19.014,389245,-4.671,9.112,0.146,-0.331,-0.203,-0.042,28.200,62.850,-8.100,37.1
14:46:19.067,389300,-3.570,9.091,0.390,-0.380,-0.014,-0.049,28.200,62.850,-8.100,37.1
14:46:19.172,389355,-4.049,8.782,1.116,-0.136,0.031,-0.035,28.650,60.900,-5.100,37.0
14:46:19.225,389410,-3.567,8.988,1.188,-0.036,0.096,-0.091,28.650,60.900,-5.100,36.9
14:46:19.276,389465,-3.565,9.467,0.781,0.020,0.273,-0.063,27.900,59.550,-4.650,36.9
14:46:19.328,389520,-3.955,9.400,0.441,-0.037,0.029,-0.046,27.900,59.550,-4.650,36.8
14:46:19.382,389575,-3.764,9.177,0.781,-0.044,0.193,0.003,27.150,60.900,-5.850,36.8
14:46:19.433,389630,-3.335,8.662,1.044,-0.033,-0.066,-0.081,24.600,58.950,-6.000,37.1
14:46:19.487,389685,-3.926,8.607,1.245,-0.056,-0.070,-0.018,24.600,58.950,-6.000,37.0
14:46:19.540,389740,-3.290,8.655,1.006,-0.196,-0.010,-0.042,27.150,60.150,-4.650,37.2
14:46:19.592,389795,-3.548,8.863,0.826,-0.045,-0.084,-0.119,27.150,60.150,-4.650,37.2
14:46:19.645,389850,-3.136,8.475,1.448,-0.007,-0.115,-0.165,27.150,60.150,-4.650,36.9
14:46:19.697,389905,-4.480,8.562,-0.053,-0.286,-0.095,-0.160,27.150,60.150,-4.650,36.9
14:46:19.750,389960,-3.335,6.357,0.613,-0.257,-0.131,-0.326,27.150,60.150,-4.650,36.9
14:46:19.802,390015,-2.042,5.150,1.580,0.383,-0.262,-0.649,27.150,60.150,-4.650,37.0
14:46:19.855,390070,-4.120,5.770,0.706,0.396,-0.377,-0.666,27.150,60.150,-4.650,36.9
14:46:19.907,390125,-3.895,7.058,0.385,0.314,-0.202,-0.443,35.700,59.100,-9.000,37.0
14:46:19.960,390180,-6.282,7.209,0.575,0.015,-0.234,-0.185,35.700,59.100,-9.000,37.0
14:46:20.011,390235,-5.480,7.822,0.651,0.213,-0.354,0.045,30.150,56.700,-9.300,37.0
14:46:20.065,390290,-6.752,8.023,-0.754,-0.020,-0.398,0.146,30.150,56.700,-9.300,37.3
14:46:20.117,390345,-2.631,6.838,2.172,0.073,-0.495,0.338,23.100,55.350,-6.750,36.7
14:46:20.170,390400,-6.996,8.056,0.170,-0.055,-0.652,0.488,23.100,55.350,-6.750,37.2
14:46:20.222,390455,-1.980,8.104,2.169,-0.108,-0.406,0.484,23.400,55.350,-2.700,37.0
14:46:20.326,390510,-7.949,9.122,0.371,-0.223,-0.572,0.746,23.400,55.350,-2.700,36.9
14:46:20.379,390565,-1.372,8.502,1.978,-0.131,0.063,0.651,21.750,56.250,-2.100,37.0
14:46:20.431,390620,-6.515,9.400,1.231,0.004,-0.331,0.829,16.200,56.550,-2.850,37.1
14:46:20.483,390675,-1.384,9.859,2.227,-0.005,0.006,0.985,16.200,56.550,-2.850,37.3
14:46:20.536,390730,-2.157,10.388,1.183,-0.044,-0.493,0.750,11.850,59.700,-5.550,36.9
14:46:20.590,390785,-2.574,10.022,1.099,-0.118,-0.070,0.687,11.850,59.700,-5.550,37.1
14:46:20.642,390840,-1.542,10.453,1.712,0.059,-0.362,0.670,8.700,61.050,-4.500,37.1
14:46:20.695,390895,-1.269,10.163,1.369,0.104,-0.148,0.957,8.700,61.050,-4.500,37.1
14:46:20.747,390950,-0.673,10.250,1.587,0.265,-0.298,1.096,3.300,62.250,-4.800,37.1
14:46:20.800,391005,0.668,11.068,1.051,0.169,-0.441,0.971,3.300,62.250,-4.800,36.8
14:46:20.852,391060,0.364,11.145,1.068,0.223,-0.140,0.694,-1.650,62.850,-6.750,37.1
14:46:20.905,391115,1.180,10.084,1.800,0.193,-0.119,0.311,-1.650,62.850,-6.750,36.9
14:46:20.956,391170,1.621,9.929,1.585,0.085,0.097,0.155,-1.650,62.850,-6.750,37.2
14:46:21.008,391225,0.946,9.941,0.184,-0.112,0.314,-0.080,-1.650,62.850,-6.750,36.8
14:46:21.061,391280,0.974,9.558,0.424,-0.126,0.232,-0.150,-1.650,62.850,-6.750,37.0
14:46:21.114,391335,0.694,9.606,0.960,-0.101,0.113,-0.222,-1.650,62.850,-6.750,36.9
14:46:21.167,391390,0.984,9.943,0.745,-0.083,0.127,-0.302,-1.650,62.850,-6.750,37.2
14:46:21.220,391445,0.215,9.455,1.032,-0.084,0.027,-0.232,-1.650,62.850,-6.750,37.0
14:46:21.272,391500,0.953,10.056,1.061,-0.045,0.219,-0.144,-1.650,62.850,-6.750,36.8
14:46:21.323,391555,0.362,10.309,1.101,-0.163,0.162,-0.080,-9.900,66.150,-6.300,36.5
14:46:21.376,391610,-0.113,9.838,0.350,-0.117,-0.347,-0.081,-9.900,66.150,-6.300,36.9
14:46:21.481,391665,0.105,9.840,-0.026,-0.062,0.079,-0.007,-8.100,67.350,-5.850,37.1
14:46:21.533,391720,0.443,9.553,0.953,-0.066,-0.045,-0.015,-9.300,69.300,-4.350,37.0
14:46:21.586,391775,-0.369,10.036,0.474,-0.031,0.090,0.075,-9.300,69.300,-4.350,37.2
14:46:21.640,391830,0.666,9.424,0.809,-0.102,0.008,0.052,-7.500,67.950,-4.200,36.9
14:46:21.692,391885,0.055,9.268,0.946,-0.004,0.071,0.025,-7.500,67.950,-4.200,36.8
14:46:21.743,391940,0.268,9.345,0.828,0.003,0.042,0.033,-10.950,67.200,-4.200,36.9
14:46:21.797,391995,-0.120,9.629,1.022,0.048,-0.166,0.072,-10.950,67.200,-4.200,37.0
14:46:21.850,392050,0.572,9.455,0.907,0.040,-0.094,0.071,-8.700,68.250,-4.800,36.9
14:46:21.902,392105,-1.008,13.944,0.826,0.059,0.072,0.355,-8.700,68.250,-4.800,36.9
14:46:21.955,392160,4.707,14.155,1.709,-0.342,0.065,-0.876,-11.250,68.100,-4.650,37.0
14:46:22.006,392215,-2.052,13.542,-0.541,-0.594,0.424,-1.416,-11.250,68.100,-4.650,37.2
14:46:22.059,392270,0.330,10.798,2.440,-0.680,0.341,-1.382,-3.600,66.150,-2.250,36.8
14:46:22.111,392325,-3.649,9.941,1.666,-0.536,0.383,-1.275,2.700,63.750,-0.600,36.7
14:46:22.165,392380,-2.442,9.881,1.654,-0.417,0.505,-1.109,2.700,63.750,-0.600,37.0
14:46:22.217,392435,-4.233,8.751,2.607,-0.345,0.048,-0.977,7.650,58.800,0.300,37.0
14:46:22.322,392490,-3.594,8.918,1.472,-0.213,0.249,-0.695,7.650,58.800,0.300,37.1
14:46:22.324,392545,-4.228,7.927,3.443,-0.215,0.025,-0.555,11.850,58.200,1.950,37.1
14:46:22.373,392600,-4.872,9.167,0.304,0.018,0.446,-0.352,11.850,58.200,1.950,37.4
14:46:22.426,392655,-4.405,8.595,3.326,-0.111,-0.071,-0.308,11.850,58.200,1.950,37.0
14:46:22.478,392710,-5.107,7.822,1.765,0.127,0.251,0.003,11.850,58.200,1.950,36.9
14:46:22.531,392765,-3.014,7.918,3.136,0.412,0.608,0.369,11.850,58.200,1.950,37.0
14:46:22.637,392820,-5.351,8.724,2.315,0.479,0.118,0.719,11.850,58.200,1.950,36.9
14:46:22.690,392875,-6.756,9.682,0.029,-0.114,0.153,0.968,11.850,58.200,1.950,37.0
14:46:22.741,392930,-3.153,5.698,3.555,0.758,0.197,0.841,12.900,56.700,11.400,37.1
14:46:22.794,392985,-2.193,4.113,0.148,1.195,-0.235,0.522,12.900,56.700,11.400,37.0
14:46:22.846,393040,-2.219,5.382,-0.795,0.689,0.032,0.113,16.050,56.700,7.800,37.1
14:46:22.899,393095,-2.851,7.264,-1.085,-0.031,-0.052,-0.056,16.050,56.700,7.800,37.0
14:46:22.952,393150,-2.478,7.558,0.589,0.038,0.176,-0.135,12.750,55.800,4.650,37.0
14:46:23.003,393205,-0.996,8.552,-0.390,0.148,-0.239,-0.173,12.750,55.800,4.650,37.1
14:46:23.056,393260,-3.072,8.866,-0.670,-0.094,0.198,-0.107,19.500,57.150,4.200,37.0
14:46:23.161,393315,-2.986,8.796,-0.189,-0.226,-0.028,-0.213,19.500,57.150,4.200,37.0
14:46:23.163,393370,-3.438,8.667,-0.108,-0.204,-0.076,-0.150,21.000,56.250,1.800,37.2
14:46:23.213,393425,-3.115,9.141,-0.316,-0.338,-0.067,-0.147,21.150,56.100,2.700,37.0
14:46:23.266,393480,-3.709,9.553,-0.735,-0.252,-0.140,-0.161,21.150,56.100,2.700,36.9
14:46:23.318,393535,-2.962,8.976,-0.053,-0.130,-0.195,-0.107,20.400,57.150,4.800,37.0
14:46:23.371,393590,-3.321,8.624,-0.505,-0.155,-0.021,-0.042,20.400,57.150,4.800,37.0
14:46:23.423,393645,-2.370,6.675,0.905,-0.054,-0.529,-0.223,22.500,58.050,2.850,37.0
14:46:23.477,393700,-3.273,7.245,-0.388,-0.039,-0.451,-0.420,22.500,58.050,2.850,37.0
14:46:23.528,393755,-2.461,5.545,1.539,0.227,-0.270,-0.557,24.600,55.650,4.200,37.0
14:46:23.581,393810,-3.907,5.720,1.128,-0.114,-0.564,-0.668,24.600,55.650,4.200,37.2
14:46:23.635,393865,-4.563,6.711,0.079,0.151,-0.471,-0.335,29.850,54.450,0.600,36.6
14:46:23.688,393920,-5.301,7.195,1.302,0.128,-0.268,-0.052,30.600,54.000,-1.800,37.0
14:46:23.792,393975,-7.379,9.060,-1.197,-0.366,-0.331,0.172,30.600,54.000,-1.800,37.1
14:46:23.845,394030,-3.196,8.097,0.541,-0.635,-0.366,0.386,30.600,54.000,-1.800,36.9
14:46:23.897,394085,-5.483,8.997,-0.055,-0.474,-0.740,0.576,30.600,54.000,-1.800,37.2
14:46:23.950,394140,-3.120,9.910,2.308,-0.631,-0.072,0.814,30.600,54.000,-1.800,37.1
14:46:24.002,394195,-3.883,10.022,1.707,-0.592,-0.366,0.826,30.600,54.000,-1.800,36.9
14:46:24.053,394250,-1.030,8.997,1.822,-0.110,-0.283,0.851,30.600,54.000,-1.800,36.9
14:46:24.106,394305,-3.642,11.507,1.664,0.091,0.118,0.988,30.600,54.000,-1.800,36.8
14:46:24.212,394360,-1.607,9.950,2.416,-0.164,-0.228,0.689,30.600,54.000,-1.800,37.0
14:46:24.214,394415,-2.954,10.166,1.805,0.335,-0.374,0.766,30.600,54.000,-1.800,36.8
14:46:24.264,394470,1.008,10.242,2.076,0.281,-0.148,0.846,6.000,61.800,2.700,37.0
14:46:24.316,394525,-1.120,10.084,1.233,0.194,-0.134,0.833,4.650,59.550,1.800,36.9
14:46:24.368,394580,1.293,9.383,3.014,0.340,0.006,0.991,4.650,59.550,1.800,37.1
14:46:24.421,394635,-0.651,10.882,1.731,0.432,-0.298,0.836,-2.250,61.350,0.000,36.9
14:46:24.474,394690,1.669,10.951,0.675,0.269,0.244,0.421,-2.250,61.350,0.000,36.9
14:46:24.527,394745,0.699,11.202,0.204,0.050,0.176,0.008,-6.000,60.000,-2.700,37.1
14:46:24.579,394800,1.109,10.204,1.037,0.073,0.278,-0.060,-6.000,60.000,-2.700,37.1
14:46:24.632,394855,0.306,10.441,0.242,0.089,-0.001,0.013,-7.950,62.550,-3.450,37.0
14:46:24.684,394910,1.525,9.761,0.723,0.070,0.192,0.054,-7.950,62.550,-3.450,37.1
14:46:24.737,394965,0.857,9.852,1.274,0.096,-0.094,-0.080,-7.650,61.950,-5.400,36.9
14:46:24.790,395020,0.606,9.637,0.634,0.067,0.334,-0.168,-6.150,60.900,-6.150,37.3
14:46:24.842,395075,0.860,9.416,1.257,0.133,-0.054,-0.185,-6.150,60.900,-6.150,36.8
14:46:24.947,395130,-0.323,9.740,0.560,0.019,0.108,-0.031,-9.300,60.600,-5.400,37.1
14:46:25.000,395185,0.790,9.627,0.639,0.100,0.205,-0.015,-9.300,60.600,-5.400,37.0
14:46:25.051,395240,0.294,9.907,0.453,-0.054,0.033,-0.100,-8.250,60.750,-7.350,36.9
14:46:25.104,395295,0.699,9.608,0.759,-0.005,0.118,-0.129,-8.250,60.750,-7.350,37.1
14:46:25.157,395350,0.448,9.608,0.618,-0.086,-0.004,-0.102,-9.300,59.850,-5.850,37.2
14:46:25.210,395405,0.400,9.385,0.709,-0.147,-0.019,-0.055,-9.300,59.850,-5.850,37.2
14:46:25.262,395460,0.084,9.572,0.900,-0.083,-0.131,0.010,-9.450,60.450,-4.500,36.6
14:46:25.315,395515,-0.086,9.809,0.405,-0.121,-0.010,-0.007,-9.450,60.450,-4.500,37.0
14:46:25.366,395570,0.721,9.586,0.802,-0.239,-0.089,-0.085,-9.300,61.350,-3.600,37.0
14:46:25.418,395625,0.139,9.498,0.898,-0.128,-0.130,-0.021,-9.300,61.350,-3.600,37.0
14:46:25.471,395680,0.412,9.677,0.634,-0.179,-0.138,0.030,-9.300,61.350,-3.600,37.0
14:46:25.525,395735,0.754,9.586,0.871,-0.126,-0.137,0.014,-9.300,61.350,-3.600,37.0
14:46:25.576,395790,0.010,9.752,0.393,-0.096,0.033,0.019,-9.300,61.350,-3.600,37.2
14:46:25.628,395845,0.373,9.546,0.790,-0.089,-0.082,0.055,-9.300,61.350,-3.600,36.9
14:46:25.682,395900,0.244,9.491,0.895,-0.048,-0.204,0.072,-9.300,61.350,-3.600,37.0
14:46:25.735,395955,0.481,9.594,0.625,-0.036,-0.084,0.066,-9.300,61.350,-3.600,37.1
14:46:25.787,396010,0.268,9.713,0.917,-0.045,-0.009,0.015,-9.300,61.350,-3.600,37.2
14:46:25.840,396065,2.105,12.898,0.366,-0.043,0.581,0.040,-8.100,64.500,-2.550,36.9
14:46:25.943,396120,3.543,13.228,1.657,-0.410,0.003,-0.789,-8.100,65.550,-2.550,37.0
14:46:25.996,396175,2.073,12.900,1.281,-0.549,-0.007,-1.347,-8.100,65.550,-2.550,37.3
14:46:25.998,396230,-1.884,12.179,0.543,-0.558,0.895,-1.069,-1.800,64.950,-0.600,36.8
14:46:26.101,396285,-3.505,10.096,2.205,-0.452,1.351,-0.448,-1.800,64.950,-0.600,37.1
14:46:26.154,396340,-2.375,10.307,0.666,-0.620,1.083,-0.333,1.650,60.750,-0.900,37.2
14:46:26.207,396395,-3.014,8.892,3.338,-0.446,0.166,-0.713,1.650,60.750,-0.900,37.2
14:46:26.260,396450,-3.364,9.618,2.270,-0.041,-0.304,-0.826,3.450,59.850,1.050,37.1
14:46:26.311,396505,-3.129,8.729,2.325,-0.072,-0.052,-0.584,3.450,59.850,1.050,37.2
14:46:26.363,396560,-3.089,7.422,2.392,-0.185,0.028,-0.255,6.900,60.900,0.600,36.9
14:46:26.416,396615,-3.697,7.008,1.504,-0.017,-0.044,-0.052,6.900,60.900,0.600,36.9
14:46:26.468,396670,-2.504,8.159,1.628,0.164,0.095,-0.133,12.600,60.000,0.900,36.7
14:46:26.521,396725,-4.116,9.335,2.904,0.042,-0.128,-0.148,18.150,58.350,1.050,37.1
14:46:26.575,396780,-2.902,9.639,1.736,0.057,0.050,-0.097,18.150,58.350,1.050,37.2
14:46:26.627,396835,-2.569,8.100,3.038,0.283,0.178,0.056,18.600,59.550,0.000,36.9
14:46:26.680,396890,-3.721,7.724,2.198,0.253,0.085,0.130,18.600,59.550,0.000,37.0
14:46:26.732,396945,-3.390,6.699,2.449,0.459,0.093,0.063,24.000,60.150,1.800,37.0
14:46:26.785,397000,-2.282,4.879,0.584,0.540,-0.167,-0.117,24.000,60.150,1.800,36.9
14:46:26.837,397055,-3.675,6.352,-1.094,0.466,-0.056,-0.297,34.500,57.750,0.300,36.9
14:46:26.941,397110,-0.237,5.765,0.977,-0.423,-0.206,-0.276,34.500,57.750,0.300,36.9
14:46:26.943,397165,-2.547,7.561,0.730,-0.249,-0.004,-0.151,38.100,54.750,1.350,37.0
14:46:26.993,397220,-2.667,8.662,1.410,-0.304,-0.116,-0.211,38.100,54.750,1.350,37.0
14:46:27.046,397275,-4.044,8.890,1.276,-0.197,0.026,-0.039,38.100,54.750,1.350,37.1
14:46:27.098,397330,-4.283,8.933,1.846,-0.088,0.215,-0.023,38.100,54.750,1.350,37.1
14:46:27.153,397385,-4.300,9.060,1.611,-0.013,0.040,-0.048,38.100,54.750,1.350,37.0
14:46:27.257,397440,-3.759,8.803,1.180,-0.179,0.121,-0.090,38.100,54.750,1.350,37.0
14:46:27.310,397495,-3.857,7.484,1.587,-0.023,-0.107,-0.190,38.100,54.750,1.350,37.2
14:46:27.362,397550,-3.790,7.180,0.797,0.044,-0.050,-0.382,29.250,57.150,0.900,37.3
14:46:27.465,397605,-3.146,6.907,1.219,-0.193,-0.750,-0.587,29.250,57.150,0.900,37.2
14:46:27.467,397660,-2.140,6.936,0.278,-0.311,1.413,-0.213,31.950,58.200,1.950,37.2
14:46:27.518,397715,-8.411,6.299,3.371,0.415,0.211,0.061,31.950,58.200,1.950,37.3
14:46:27.572,397770,-3.761,6.926,0.919,0.455,-0.051,-0.015,25.050,59.250,-6.000,37.2
14:46:27.623,397825,-5.574,7.626,0.062,0.504,-0.475,0.070,18.000,57.900,-3.000,36.8
14:46:27.676,397880,-4.345,8.466,0.160,0.346,-0.007,0.425,18.000,57.900,-3.000,37.1
14:46:27.730,397935,-2.981,8.633,0.177,-0.032,-0.409,0.425,15.150,55.500,-1.050,37.1
14:46:27.782,397990,-5.792,9.421,-0.515,-0.178,-0.232,0.578,15.150,55.500,-1.050,37.1
14:46:27.835,398045,-3.733,9.874,0.958,-0.287,-0.329,0.598,14.550,54.600,1.200,37.3
14:46:27.886,398101,-3.524,9.148,1.142,-0.220,-0.399,0.467,14.550,54.600,1.200,37.0
14:46:27.938,398155,-5.092,8.780,0.974,-0.041,-0.354,0.583,11.400,54.600,-0.450,37.1
14:46:27.992,398210,-0.338,9.452,1.985,-0.083,-0.172,0.710,11.400,54.600,-0.450,36.9
14:46:28.044,398265,-4.334,9.912,0.874,-0.032,-0.466,0.676,12.000,54.450,-0.600,37.2
14:46:28.097,398320,-1.223,9.232,2.116,-0.139,-0.031,0.767,7.950,57.450,-3.000,37.1
14:46:28.149,398375,-2.162,10.470,0.690,-0.121,-0.122,0.650,7.950,57.450,-3.000,37.2
14:46:28.201,398430,-0.809,9.706,2.184,-0.028,-0.151,0.789,5.550,59.700,-3.450,37.1
14:46:28.254,398485,-1.640,11.270,1.798,0.223,-0.288,0.830,5.550,59.700,-3.450,37.0
14:46:28.307,398540,-0.043,11.009,1.331,0.116,-0.340,0.748,1.800,61.350,-5.850,37.2
14:46:28.412,398595,-1.087,10.556,0.397,0.112,-0.290,0.616,1.800,61.350,-5.850,36.9
14:46:28.463,398650,-0.084,9.900,0.371,-0.035,0.110,0.464,-5.250,60.000,-4.800,37.2
14:46:28.516,398705,0.223,10.252,1.484,0.093,0.215,0.522,-5.250,60.000,-4.800,37.1
14:46:28.568,398760,0.328,10.551,0.814,0.117,-0.186,0.341,-5.250,60.000,-4.800,36.9
14:46:28.621,398815,0.579,10.331,0.400,0.089,-0.135,0.106,-5.250,60.000,-4.800,37.2
14:46:28.675,398870,1.219,10.183,0.529,-0.104,0.120,-0.076,-5.250,60.000,-4.800,37.1
14:46:28.727,398925,0.086,9.787,0.886,-0.043,0.241,-0.140,-5.250,60.000,-4.800,37.3
14:46:28.779,398980,0.608,9.756,0.611,-0.021,0.019,-0.101,-5.250,60.000,-4.800,36.9
14:46:28.832,399035,0.594,9.476,0.773,0.002,0.111,-0.173,-10.200,61.500,-5.250,37.1
14:46:28.885,399090,-0.237,9.440,0.790,-0.027,0.014,-0.222,-10.200,61.500,-5.250,37.2
14:46:28.937,399145,0.132,9.543,0.658,-0.028,0.013,-0.157,-10.500,61.650,-4.350,37.0
14:46:28.990,399200,0.792,9.673,0.634,0.006,0.065,-0.087,-10.500,61.650,-4.350,37.1
14:46:29.041,399255,0.622,9.831,0.804,-0.007,0.049,-0.044,-10.500,62.400,-3.150,36.9
14:46:29.094,399310,0.615,9.883,0.687,0.010,0.061,0.019,-10.500,62.400,-3.150,36.9
14:46:29.146,399365,0.627,9.831,0.850,-0.070,-0.098,0.050,-11.550,62.700,-3.600,36.9
14:46:29.199,399420,0.424,9.694,0.630,-0.043,-0.030,0.039,-10.050,61.650,-2.550,36.8
14:46:29.252,399475,0.723,9.436,0.828,-0.056,-0.054,-0.007,-10.050,61.650,-2.550,37.1
14:46:29.305,399530,0.194,9.294,0.687,-0.052,0.142,0.013,-10.500,60.150,-3.600,37.0
14:46:29.356,399585,0.608,9.143,0.718,-0.075,0.179,0.044,-10.500,60.150,-3.600,37.0
14:46:29.461,399640,-0.081,9.474,0.448,-0.060,0.215,0.055,-10.950,61.800,-5.550,37.2
14:46:29.463,399695,0.448,9.742,0.982,0.019,0.063,0.109,-10.950,61.800,-5.550,37.1
14:46:29.566,399750,0.263,10.175,0.733,-0.021,0.122,0.167,-11.250,60.900,-4.350,36.9
14:46:29.618,399805,0.939,12.740,2.195,-0.058,-0.263,0.139,-11.250,60.900,-4.350,37.1
14:46:29.671,399860,2.131,12.570,0.527,-0.343,-0.290,-0.752,-15.150,60.900,-5.850,37.2
14:46:29.724,399915,1.305,13.166,1.065,-0.504,-0.176,-1.575,-15.150,60.900,-5.850,37.1
14:46:29.777,399970,-1.061,11.720,1.243,-0.548,0.955,-1.563,-8.700,61.500,-1.500,37.1
14:46:29.830,400025,-3.519,10.836,0.251,-0.782,0.506,-1.387,1.350,61.500,-1.950,37.0
14:46:29.882,400080,-1.506,10.063,1.726,-0.779,0.960,-0.898,1.350,61.500,-1.950,37.1
14:46:29.933,400135,-4.266,8.535,1.369,-0.671,0.318,-0.590,1.500,61.950,-0.600,37.3
14:46:29.986,400190,-2.500,8.674,2.677,-0.424,0.318,-0.462,1.500,61.950,-0.600,36.9
14:46:30.039,400245,-3.996,8.954,1.925,-0.197,0.105,-0.347,1.500,61.950,-0.600,37.2
14:46:30.092,400300,-5.011,8.645,2.114,-0.046,-0.082,-0.294,1.500,61.950,-0.600,37.3
14:46:30.145,400355,-6.455,8.071,1.784,0.252,-0.233,-0.224,1.500,61.950,-0.600,37.2
14:46:30.196,400410,-3.912,6.981,3.505,0.796,-0.135,-0.252,1.500,61.950,-0.600,36.9
14:46:30.250,400465,-4.310,8.509,1.757,0.663,-0.094,-0.079,1.500,61.950,-0.600,36.9
14:46:30.302,400520,-5.710,8.578,1.039,0.352,0.158,0.149,25.650,61.950,-7.950,37.2
14:46:30.354,400575,-3.541,6.867,2.598,-0.280,0.499,0.426,25.650,61.950,-7.950,36.9
14:46:30.407,400630,-3.694,3.881,0.239,-0.501,0.130,0.257,21.450,64.650,-6.750,37.2
14:46:30.458,400685,-1.791,3.931,-0.024,0.196,0.209,0.058,21.450,64.650,-6.750,37.1
14:46:30.563,400740,-1.856,3.558,1.702,0.250,-0.357,-0.562,19.800,64.200,-2.850,37.1
14:46:30.565,400795,-3.354,7.530,-0.419,-0.363,-0.268,-0.592,19.800,64.200,-2.850,37.2
14:46:30.616,400850,-5.593,8.411,0.606,-0.573,-0.500,-0.432,21.750,63.750,-2.850,37.2
14:46:30.774,400905,-5.126,8.076,2.157,-0.275,-0.014,-0.483,21.750,63.750,-2.850,37.1
14:46:30.775,400960,-5.380,10.281,1.393,-0.240,0.149,-0.307,21.300,61.650,0.000,37.1
14:46:30.827,401015,-4.525,9.984,2.318,-0.131,0.187,-0.162,21.300,61.650,0.000,37.2
14:46:30.880,401070,-5.195,9.431,1.427,-0.047,-0.094,-0.034,24.300,61.800,-3.450,37.2
14:46:30.985,401125,-5.325,8.890,1.930,0.084,-0.068,0.004,23.100,62.550,-3.750,37.1
14:46:30.986,401180,-5.416,8.638,2.179,-0.041,0.084,0.107,23.100,62.550,-3.750,37.2
14:46:31.037,401235,-5.401,8.377,2.251,0.131,0.165,0.090,25.650,60.900,-3.900,37.2
14:46:31.140,401290,-5.121,8.157,1.822,-0.008,-0.072,-0.033,25.650,60.900,-3.900,37.2
14:46:31.142,401345,-5.116,7.760,1.367,-0.006,-0.076,-0.152,25.050,61.500,-3.750,37.0
14:46:31.193,401400,-3.836,6.680,1.762,0.015,-0.023,-0.223,25.050,61.500,-3.750,37.1
14:46:31.247,401455,-4.547,6.330,0.903,0.125,-0.035,-0.255,28.350,61.650,-4.350,37.2
14:46:31.350,401510,-2.954,4.350,2.528,0.434,-0.605,-0.277,28.350,61.650,-4.350,36.9
14:46:31.352,401565,-5.499,5.605,0.733,0.590,-0.775,-0.330,26.550,60.000,-4.200,37.2
14:46:31.405,401620,-5.397,6.610,0.692,0.861,-0.435,0.015,26.550,60.000,-4.200,37.3
14:46:31.457,401675,-6.507,6.943,1.235,0.602,-0.875,0.029,26.550,60.000,-4.200,37.1
14:46:31.508,401730,-5.516,8.844,-1.125,0.356,0.325,0.425,26.550,60.000,-4.200,36.9
14:46:31.561,401785,-4.005,8.473,1.367,-0.037,-0.569,0.420,26.550,60.000,-4.200,36.9
14:46:31.613,401840,-6.203,8.356,-0.718,-0.118,-0.033,0.586,26.550,60.000,-4.200,37.1
14:46:31.666,401895,1.075,6.936,3.677,-0.354,-0.376,0.980,26.550,60.000,-4.200,37.2
14:46:31.719,401950,-8.404,9.637,0.366,-0.177,-0.829,0.679,26.550,60.000,-4.200,37.1
14:46:31.772,402005,-1.659,8.454,1.283,-0.224,-0.455,0.905,26.550,60.000,-4.200,37.2
14:46:31.877,402060,-4.618,11.281,1.051,0.347,-0.664,0.760,11.850,55.350,-0.150,37.0
14:46:31.928,402115,-1.654,9.165,2.746,-0.018,-0.332,1.018,8.100,55.350,-0.150,36.9
14:46:31.981,402170,-2.717,10.827,1.494,0.486,-0.499,1.034,8.100,54.000,-1.350,36.8
14:46:32.034,402225,-1.185,9.989,2.045,0.224,-0.251,1.175,5.250,57.900,-1.200,37.0
14:46:32.087,402280,-1.822,11.049,0.357,0.107,-0.327,1.104,5.250,57.900,-1.200,37.2
14:46:32.140,402335,1.013,10.063,1.099,-0.072,-0.316,0.899,-3.300,56.700,-1.500,37.2
14:46:32.191,402390,-0.297,9.926,0.560,0.122,-0.374,0.518,-3.300,56.700,-1.500,37.2
14:46:32.244,402445,1.367,9.720,1.089,0.095,-0.963,0.340,-5.550,58.200,-2.700,37.1
14:46:32.296,402500,-0.275,9.723,0.522,0.179,-0.256,0.483,-5.550,58.200,-2.700,37.3
14:46:32.348,402555,1.396,10.015,-0.081,-0.000,-0.153,0.357,-6.600,60.150,-3.900,37.0
14:46:32.402,402610,0.690,10.020,0.663,0.006,0.468,0.017,-6.600,60.150,-3.900,37.1
14:46:32.455,402665,1.207,10.412,0.658,-0.029,-0.116,-0.223,-7.950,58.200,-2.250,37.2
14:46:32.507,402720,1.041,10.611,-0.189,-0.052,0.224,-0.258,-8.100,57.750,-4.350,36.9
14:46:32.560,402775,0.453,10.060,0.783,-0.126,0.020,-0.194,-8.100,57.750,-4.350,37.3
14:46:32.612,402830,-0.383,9.819,0.757,-0.034,-0.029,-0.103,-9.450,58.650,-5.550,37.2
14:46:32.715,402885,0.795,9.534,0.388,-0.019,0.142,-0.124,-9.450,58.650,-5.550,37.2
14:46:32.717,402940,0.067,9.457,0.721,-0.077,-0.246,-0.081,-8.850,58.800,-6.150,37.1
14:46:32.769,402995,1.049,9.711,0.256,0.011,0.175,-0.013,-8.850,58.800,-6.150,37.3
14:46:32.822,403050,0.622,9.546,0.654,-0.014,-0.067,0.022,-7.650,57.750,-7.650,37.2
14:46:32.875,403105,0.309,9.862,0.445,0.056,0.185,0.041,-7.650,57.750,-7.650,37.0
14:46:32.927,403160,0.678,9.756,0.311,-0.035,0.254,0.007,-7.950,60.000,-7.050,37.1
14:46:33.032,403215,0.804,9.608,0.627,-0.044,0.043,-0.015,-7.950,60.000,-7.050,37.1
14:46:33.085,403270,0.146,9.658,0.393,-0.012,0.052,0.032,-7.950,60.000,-7.050,37.2
14:46:33.136,403325,0.443,9.632,0.326,-0.083,0.063,-0.008,-7.950,60.000,-7.050,37.2
14:46:33.189,403380,0.697,9.534,0.721,-0.052,-0.172,-0.000,-7.950,60.000,-7.050,37.2
14:46:33.241,403435,-0.443,10.506,0.457,-0.093,-0.517,0.033,-7.950,60.000,-7.050,37.2
14:46:33.345,403490,6.589,15.763,-1.664,-0.268,-0.317,-1.128,-7.950,60.000,-7.050,37.3
14:46:33.398,403545,-1.891,13.309,0.613,-0.437,0.216,-1.820,-5.400,58.350,-6.900,37.2
14:46:33.400,403600,-2.435,10.939,0.998,-0.601,1.099,-1.429,-5.400,58.350,-6.900,37.2
14:46:33.452,403655,-2.928,10.815,-0.089,-0.859,0.555,-1.205,0.750,58.800,-7.650,37.2
14:46:33.505,403710,-2.591,9.361,2.392,-0.962,0.761,-1.017,0.750,58.800,-7.650,37.2
14:46:33.558,403765,-1.755,8.916,2.543,-0.724,0.693,-0.605,4.650,56.550,-2.550,37.2
14:46:33.659,403820,-5.418,10.479,0.546,-0.574,0.133,-0.484,5.400,54.750,-0.300,37.2
14:46:33.661,403875,-3.960,9.048,2.806,-0.477,0.603,-0.298,5.400,54.750,-0.300,37.2
14:46:33.766,403930,-4.527,8.150,1.657,-0.704,0.326,-0.297,4.800,54.300,4.800,37.2
14:46:33.767,403985,-3.855,6.979,3.522,-0.408,0.482,-0.113,4.800,54.300,4.800,37.2
14:46:33.818,404040,-4.027,7.738,1.152,-0.244,0.184,0.232,6.150,56.550,5.400,37.3
14:46:33.872,404095,-4.422,6.352,4.144,0.056,0.368,0.504,6.150,56.550,5.400,37.2
14:46:33.976,404150,-5.827,8.602,1.336,-0.061,0.112,0.591,12.450,57.750,5.100,37.3
14:46:33.977,404205,-3.053,6.457,2.741,0.047,0.019,0.647,12.450,57.750,5.100,37.1
14:46:34.029,404260,-2.303,3.577,1.894,0.473,0.247,0.566,12.900,59.250,8.100,37.1
14:46:34.082,404315,0.785,4.446,1.975,0.586,0.426,0.154,15.450,60.900,6.150,37.1
14:46:34.187,404370,-2.564,6.144,1.216,0.624,0.027,-0.287,15.450,60.900,6.150,37.1
14:46:34.238,404425,-5.078,7.980,1.384,1.021,-0.310,-0.618,24.900,61.350,1.050,37.2
14:46:34.291,404480,-4.535,9.938,-0.081,0.024,-0.139,-0.377,24.900,61.350,1.050,37.0
14:46:34.343,404535,-5.351,9.905,1.008,0.066,0.121,-0.130,29.550,61.350,-3.900,37.1
14:46:34.397,404590,-3.883,8.981,0.182,-0.084,-0.426,-0.217,29.550,61.350,-3.900,37.1
14:46:34.450,404645,-4.264,8.748,0.948,0.077,-0.312,-0.132,29.550,61.350,-3.900,37.2
14:46:34.502,404700,-2.875,7.805,1.245,-0.185,-0.060,-0.074,29.550,61.350,-3.900,37.1
14:46:34.555,404755,-5.231,8.327,1.089,-0.072,-0.164,-0.128,29.550,61.350,-3.900,37.2
14:46:34.607,404810,-2.962,8.796,0.919,0.049,-0.111,-0.147,29.550,61.350,-3.900,37.1
14:46:34.658,404865,-4.453,8.662,1.290,-0.111,0.006,-0.050,29.550,61.350,-3.900,36.9
14:46:34.711,404920,-4.216,8.598,1.324,-0.147,-0.011,-0.006,41.550,61.950,-12.300,36.9
14:46:34.764,404975,-3.809,8.183,1.882,-0.108,0.024,-0.024,41.550,61.950,-12.300,37.0
14:46:34.817,405030,-4.460,8.909,1.307,-0.032,-0.022,-0.100,38.250,61.800,-10.050,37.2
14:46:34.870,405085,-4.975,8.732,1.329,-0.106,0.084,-0.045,38.250,61.800,-10.050,37.2
14:46:34.922,405140,-4.592,8.653,1.386,-0.112,0.110,-0.008,37.650,60.600,-9.750,37.2
14:46:34.975,405195,-3.967,8.260,1.290,-0.139,-0.022,-0.027,37.650,60.600,-9.750,37.4
14:46:35.027,405250,-3.960,7.817,1.168,-0.062,-0.043,-0.064,35.700,61.350,-5.400,37.0
14:46:35.080,405305,-4.446,7.051,1.125,-0.024,-0.047,-0.155,35.700,61.350,-5.400,37.1
14:46:35.132,405360,-3.560,6.268,0.453,0.074,-0.118,-0.286,36.450,60.600,-7.650,37.3
14:46:35.185,405415,-0.682,4.367,1.736,0.391,0.692,-0.136,41.400,61.500,-10.050,37.0
14:46:35.236,405470,-5.018,6.816,-0.029,0.709,-0.118,-0.015,41.400,61.500,-10.050,37.2
14:46:35.341,405525,-4.776,8.396,-0.330,0.307,0.210,0.030,38.100,60.600,-13.500,37.2
14:46:35.393,405580,-4.786,7.400,0.326,0.110,-0.370,0.038,38.100,60.600,-13.500,37.0
14:46:35.447,405635,-3.903,7.822,0.881,0.220,-0.072,0.228,27.600,58.800,-11.250,37.1
14:46:35.498,405690,-5.286,8.954,-0.467,-0.096,-0.318,0.371,27.600,58.800,-11.250,36.8
14:46:35.552,405745,-4.841,8.899,0.381,-0.152,-0.067,0.436,25.050,57.450,-11.850,37.4
14:46:35.605,405800,-4.537,9.103,0.860,-0.128,-0.318,0.488,25.050,57.450,-11.850,37.1
14:46:35.656,405855,-4.422,9.835,0.601,-0.120,-0.525,0.634,23.400,56.400,-13.200,36.8
14:46:35.708,405910,-0.369,9.641,1.173,-0.366,-0.046,0.921,23.400,56.400,-13.200,37.2
14:46:35.762,405965,-3.701,10.099,1.022,-0.421,-0.188,0.836,23.100,57.150,-8.850,37.1
14:46:35.814,406020,-2.950,10.587,0.771,-0.236,-0.013,0.730,18.150,61.350,-9.000,37.2
14:46:35.867,406075,0.352,8.413,2.938,-0.166,-0.349,0.778,18.150,61.350,-9.000,37.1
14:46:35.920,406130,-2.274,10.597,1.195,0.054,-0.259,0.707,18.150,61.350,-9.000,37.1
14:46:36.022,406185,-0.460,9.538,1.099,-0.116,0.027,0.568,18.150,61.350,-9.000,37.2
14:46:36.024,406240,-1.774,9.730,0.781,0.178,-0.058,0.605,18.150,61.350,-9.000,37.2
14:46:36.077,406295,-0.627,9.780,1.628,0.137,0.136,0.818,18.150,61.350,-9.000,37.1
14:46:36.129,406350,0.883,10.027,1.298,0.090,0.195,0.678,18.150,61.350,-9.000,37.0
14:46:36.183,406405,-0.316,10.537,0.232,0.175,0.722,0.466,18.150,61.350,-9.000,37.2
14:46:36.233,406460,0.215,10.357,0.366,0.257,0.326,0.075,-4.350,63.600,-10.350,37.1
14:46:36.286,406515,-0.393,10.582,0.532,0.268,-0.249,-0.015,-9.000,64.650,-12.150,37.0
14:46:36.338,406570,0.141,10.364,0.364,0.063,-0.420,-0.007,-9.000,64.650,-12.150,37.3
14:46:36.444,406625,0.783,10.300,0.218,0.058,0.371,-0.063,-11.400,64.050,-12.600,37.3
14:46:36.496,406680,0.314,9.895,0.879,-0.085,-0.031,-0.057,-11.400,64.050,-12.600,37.2
14:46:36.601,406735,0.251,9.519,0.682,0.003,0.215,-0.107,-13.200,61.350,-12.000,37.3
14:46:36.603,406790,0.208,9.601,0.725,0.045,-0.105,-0.132,-13.200,61.350,-12.000,37.4
14:46:36.655,406845,-0.237,9.773,0.603,0.026,-0.125,-0.021,-10.200,62.250,-12.150,37.1
14:46:36.706,406900,0.101,9.838,0.172,0.024,0.183,-0.006,-10.200,62.250,-12.150,36.9
14:46:36.758,406955,0.347,9.768,0.893,0.005,-0.132,0.017,-10.800,63.450,-10.950,37.2
14:46:36.811,407010,1.738,9.282,1.410,-0.069,-0.068,0.160,-10.800,63.450,-10.950,37.2
14:46:36.865,407065,-0.211,10.233,-1.152,-0.074,-0.040,-0.114,-13.200,63.150,-10.950,37.2
14:46:36.917,407120,-1.781,10.221,-1.463,-0.235,0.146,-0.101,-13.500,63.750,-9.000,37.1
14:46:36.970,407175,0.464,9.029,1.180,-0.207,-0.186,-0.009,-13.500,63.750,-9.000,37.1
14:46:37.022,407230,-0.508,9.311,0.599,-0.092,0.002,-0.021,-13.500,64.200,-5.850,37.0
14:46:37.075,407285,0.529,9.510,1.463,-0.142,-0.234,0.075,-13.500,64.200,-5.850,37.1
14:46:37.127,407340,2.143,13.376,1.343,-0.443,0.138,0.336,-11.550,62.700,-6.450,37.3
14:46:37.180,407395,2.851,12.744,1.420,-0.356,-0.660,-0.751,-11.550,62.700,-6.450,37.1
14:46:37.232,407450,1.630,13.024,0.338,-0.395,0.002,-1.447,-6.000,62.550,-5.250,37.0
14:46:37.283,407505,0.340,12.400,0.694,-0.789,0.517,-1.300,-6.000,62.550,-5.250,37.2
14:46:37.337,407560,-3.546,11.308,1.334,-0.584,0.174,-1.232,3.750,65.250,-4.350,37.3
14:46:37.390,407615,-2.234,10.324,2.114,-0.402,-0.077,-0.989,3.750,65.250,-4.350,37.2
14:46:37.442,407670,-4.130,9.414,1.360,-0.368,0.042,-0.625,3.750,65.250,-4.350,36.9
14:46:37.495,407725,-3.821,9.266,2.054,-0.139,-0.029,-0.313,3.750,65.250,-4.350,37.4
14:46:37.547,407780,-3.565,8.574,2.605,-0.028,0.388,-0.102,3.750,65.250,-4.350,37.0
14:46:37.652,407835,-3.227,9.129,1.958,-0.196,-0.305,-0.245,3.750,65.250,-4.350,37.1
14:46:37.704,407890,-5.490,8.511,2.622,0.056,0.013,-0.156,3.750,65.250,-4.350,37.2
14:46:37.756,407945,-3.598,8.748,1.513,0.158,0.030,-0.117,16.650,57.000,7.950,37.2
14:46:37.809,408000,-3.541,8.660,1.063,0.060,0.348,0.191,16.650,57.000,7.950,37.2
14:46:37.862,408055,-4.410,6.591,3.395,0.226,-0.367,0.237,18.600,58.350,7.200,37.1
14:46:37.913,408110,-4.697,7.714,1.927,0.450,0.083,0.327,18.600,58.350,7.200,37.2
14:46:37.967,408165,-2.772,8.179,1.820,0.679,0.228,0.614,23.100,58.200,4.500,37.4
14:46:38.019,408220,-4.044,5.981,1.609,0.829,0.392,0.666,25.800,57.450,1.950,37.2
14:46:38.072,408275,0.594,5.183,0.012,0.902,0.038,0.242,25.800,57.450,1.950,37.3
14:46:38.125,408330,-2.169,6.369,-0.105,0.427,-0.276,-0.011,26.550,56.400,3.450,37.2
14:46:38.177,408385,-1.437,5.895,-0.287,-0.120,-0.129,-0.099,26.550,56.400,3.450,37.3
14:46:38.279,408440,-2.995,7.810,-0.385,-0.174,-0.123,-0.222,27.000,56.700,3.450,37.2
14:46:38.281,408495,-3.014,8.792,-0.072,-0.108,0.058,-0.255,27.000,56.700,3.450,37.3
14:46:38.334,408550,-2.727,9.062,0.031,-0.145,0.015,-0.242,27.000,55.350,3.450,37.2
14:46:38.386,408605,-3.517,9.134,-0.069,-0.119,0.131,-0.115,27.000,55.350,3.450,37.1
14:46:38.439,408660,-2.919,9.349,-0.338,-0.197,0.219,-0.072,26.700,55.500,4.650,37.1
14:46:38.492,408715,-4.029,9.210,-0.283,-0.181,0.020,-0.112,26.550,57.150,4.200,37.0
14:46:38.545,408770,-3.072,9.184,-0.120,-0.171,0.232,-0.013,26.550,57.150,4.200,37.1
14:46:38.597,408825,-2.887,9.120,0.089,-0.056,0.125,-0.097,28.500,55.350,4.200,37.0
14:46:38.650,408880,-3.855,9.112,0.050,-0.087,0.068,-0.063,28.500,55.350,4.200,37.2
14:46:38.702,408935,-2.952,8.935,0.117,-0.102,0.090,-0.086,26.700,56.550,5.850,37.2
14:46:38.806,408990,-2.646,8.578,0.460,-0.074,0.033,-0.048,26.700,56.550,5.850,37.2
14:46:38.911,409045,-3.577,8.859,-0.086,-0.105,0.124,0.042,29.550,54.450,4.350,37.2
14:46:38.913,409101,-3.895,9.038,-0.249,-0.215,-0.050,0.046,29.550,54.450,4.350,37.1
14:46:38.963,409155,-3.405,7.664,-0.192,-0.331,0.028,0.050,29.550,54.450,4.350,37.1
14:46:39.017,409210,-3.519,6.725,-0.278,-0.174,-0.321,-0.271,29.550,54.450,4.350,36.9
14:46:39.069,409265,-3.199,5.713,-0.704,-0.445,0.076,-0.499,29.550,54.450,4.350,36.8
14:46:39.122,409320,-2.674,6.512,0.812,-0.207,-0.279,-0.531,29.550,54.450,4.350,37.3
14:46:39.175,409375,-4.381,7.159,0.393,-0.640,-0.066,-0.273,29.550,54.450,4.350,37.1
14:46:39.227,409430,-4.911,7.439,0.874,-1.014,-0.030,-0.044,29.550,54.450,4.350,37.2
14:46:39.279,409485,-1.604,6.912,1.549,-0.737,-0.055,0.165,29.550,54.450,4.350,37.2
14:46:39.331,409540,-3.108,9.019,2.071,-0.481,0.155,0.401,16.050,53.550,7.800,37.1
14:46:39.385,409595,-3.953,8.133,2.622,-0.210,0.185,0.316,16.050,53.550,7.800,37.0
14:46:39.436,409650,-4.013,8.076,3.682,0.210,-0.396,0.184,11.250,56.550,6.900,37.1
14:46:39.490,409705,-4.547,10.281,2.016,0.438,-0.234,0.355,11.250,56.550,6.900,37.3
14:46:39.542,409760,-4.070,9.661,2.895,0.234,-0.292,0.279,10.800,54.750,4.650,37.1
14:46:39.594,409815,-3.156,9.953,1.958,0.347,-0.392,0.427,7.950,55.650,2.700,37.2
14:46:39.647,409870,-4.142,11.176,1.255,0.204,-0.125,0.554,7.950,55.650,2.700,37.1
14:46:39.700,409925,-2.775,10.123,2.023,0.136,-0.115,0.654,7.050,58.200,-0.450,37.4
14:46:39.752,409980,-2.988,10.807,1.460,0.040,-0.463,0.478,7.050,58.200,-0.450,37.0
14:46:39.803,410035,-1.451,9.345,2.514,0.116,-0.364,0.592,4.200,59.550,-2.550,37.1
14:46:39.856,410090,-1.413,10.539,1.094,0.145,-0.441,0.774,4.200,59.550,-2.550,37.2
14:46:39.962,410145,-0.445,9.433,1.288,0.076,-0.064,0.628,2.250,60.900,-5.100,37.2
14:46:40.014,410200,-1.006,9.388,0.409,0.062,-0.034,0.691,2.250,60.900,-5.100,37.1
14:46:40.067,410255,0.196,10.671,0.658,0.100,-0.204,0.669,-2.700,61.950,-5.100,37.2
14:46:40.119,410310,-0.625,10.937,0.534,0.033,0.025,0.458,-2.700,61.950,-5.100,37.2
14:46:40.172,410365,0.223,11.009,1.018,0.185,-0.558,0.326,-6.150,61.950,-7.200,37.1
14:46:40.225,410420,0.594,10.767,0.824,-0.076,-0.475,0.189,-6.600,64.500,-6.450,37.0
14:46:40.278,410475,0.965,10.149,0.450,-0.066,0.071,0.048,-6.600,64.500,-6.450,37.6
14:46:40.328,410530,1.329,9.895,1.554,-0.065,0.021,-0.121,-8.100,65.250,-9.000,37.2
14:46:40.382,410585,-1.097,10.242,0.646,0.038,0.265,-0.059,-8.100,65.250,-9.000,37.2
14:46:40.435,410640,0.900,9.754,1.494,-0.004,-0.259,-0.037,-7.050,66.150,-10.050,37.1
14:46:40.487,410695,-0.634,10.087,0.582,0.031,0.196,0.043,-7.050,66.150,-10.050,37.3
14:46:40.539,410750,0.168,9.591,0.517,-0.068,0.120,0.060,-8.100,67.050,-9.450,37.3
14:46:40.592,410805,0.723,9.187,1.559,-0.037,0.030,-0.041,-8.100,67.050,-9.450,37.0
14:46:40.644,410860,-0.199,9.716,0.369,0.034,0.225,-0.058,-8.100,67.050,-9.450,37.3
14:46:40.697,410915,0.362,9.512,1.041,0.013,-0.011,0.003,-8.100,67.050,-9.450,37.4
14:46:40.750,410970,-0.273,9.661,0.685,0.034,0.021,-0.051,-8.100,67.050,-9.450,37.1
14:46:40.801,411025,0.656,9.258,0.907,-0.064,-0.021,-0.148,-8.100,67.050,-9.450,37.3
14:46:40.853,411080,0.388,9.419,1.197,0.056,-0.205,-0.070,-8.100,67.050,-9.450,37.2
14:46:40.906,411135,0.589,10.578,1.018,-0.004,-0.122,0.181,-8.100,67.050,-9.450,37.1
14:46:40.960,411190,0.460,14.377,1.939,-0.126,-0.547,-0.626,-8.100,67.050,-9.450,37.2
14:46:41.012,411245,0.273,14.030,0.527,-0.253,0.193,-1.394,-3.600,62.550,-7.350,37.2
14:46:41.117,411300,0.579,12.292,-0.460,-0.333,0.240,-1.251,-3.600,62.550,-7.350,37.2
14:46:41.170,411355,-1.762,10.592,1.518,-0.445,-0.240,-1.022,1.050,60.900,-5.400,37.1
14:46:41.222,411410,-2.105,10.372,1.049,-0.347,0.205,-0.737,1.050,60.900,-5.400,37.1
14:46:41.325,411465,-2.952,9.689,1.322,-0.296,-0.064,-0.614,8.700,59.250,-1.950,37.1
14:46:41.327,411520,-3.895,9.390,0.936,-0.300,0.450,-0.466,9.300,54.750,0.600,37.3
14:46:41.430,411575,-3.326,8.511,2.875,-0.128,0.063,-0.499,9.300,54.750,0.600,37.0
14:46:41.432,411630,-5.964,8.289,1.298,-0.033,-0.197,-0.321,13.200,53.700,4.650,37.2
14:46:41.535,411685,-3.208,8.413,2.456,0.261,0.528,-0.142,13.200,53.700,4.650,37.2
14:46:41.537,411740,-4.937,8.028,1.003,0.011,0.025,-0.190,17.700,52.800,5.250,37.4
14:46:41.590,411795,-3.302,7.319,2.337,0.315,0.768,0.042,17.700,52.800,5.250,37.3
14:46:41.642,411850,-3.108,7.628,0.079,-0.253,0.080,0.158,22.350,54.600,1.950,37.1
14:46:41.694,411905,-2.483,8.339,-0.663,0.213,0.285,0.324,22.350,54.600,1.950,37.3
14:46:41.747,411960,-3.632,8.461,0.077,0.267,-0.086,0.486,25.050,55.350,2.250,36.9
14:46:41.798,412015,-3.136,9.577,0.175,0.300,0.310,0.720,24.000,56.250,5.400,37.2
14:46:41.851,412070,-2.679,7.410,0.757,0.398,0.221,0.499,24.000,56.250,5.400,37.2
14:46:41.903,412125,-1.250,6.235,-0.177,0.638,0.490,0.161,22.350,56.400,6.000,37.1
14:46:41.957,412180,-2.624,5.782,-0.792,0.331,0.032,-0.199,22.350,56.400,6.000,37.3
14:46:42.010,412235,-2.143,6.546,-1.381,0.180,0.037,-0.366,30.300,54.750,1.800,37.3
14:46:42.062,412290,-1.992,7.891,-0.658,-0.063,-0.163,-0.470,30.300,54.750,1.800,37.3
14:46:42.115,412345,-2.318,9.160,-1.166,-0.093,0.162,-0.177,37.650,52.650,1.050,37.0
14:46:42.167,412400,-2.993,9.409,-0.881,-0.064,-0.243,-0.087,37.650,52.650,1.050,37.0
14:46:42.271,412455,-3.057,9.117,-0.852,-0.060,0.390,-0.008,36.300,54.300,-1.200,37.2
14:46:42.325,412510,-3.934,8.835,-0.548,-0.091,-0.316,-0.019,36.300,54.300,-1.200,37.2
14:46:42.376,412565,-3.175,8.997,-0.450,-0.059,-0.021,-0.018,36.300,54.300,-1.200,37.3
14:46:42.430,412620,-3.213,9.127,-0.400,-0.096,0.036,-0.114,36.300,54.300,-1.200,37.2
14:46:42.482,412675,-3.373,8.926,-0.472,-0.027,0.222,-0.075,36.300,54.300,-1.200,37.3
14:46:42.534,412730,-4.152,9.153,-0.529,-0.072,0.077,0.051,36.300,54.300,-1.200,37.2
14:46:42.587,412785,-4.290,9.002,-0.711,-0.149,-0.115,-0.092,36.300,54.300,-1.200,36.8
14:46:42.640,412840,-3.333,8.880,-0.551,-0.148,0.001,-0.089,36.300,54.300,-1.200,37.1
14:46:42.692,412895,-3.886,9.155,-1.039,-0.210,0.013,-0.004,36.300,54.300,-1.200,37.3
14:46:42.744,412950,-3.364,8.672,-0.412,-0.191,-0.065,-0.127,39.750,53.850,-0.450,37.2
14:46:42.797,413005,-3.517,7.175,-0.503,0.015,0.058,-0.271,39.750,53.850,-0.450,37.1
14:46:42.848,413060,0.354,6.462,0.893,0.220,-0.023,-0.270,39.000,52.500,-2.250,37.3
14:46:42.901,413115,-2.483,4.827,0.180,-0.600,-0.487,-0.599,41.550,52.650,-1.350,37.2
14:46:42.953,413170,-3.218,7.939,-1.214,-0.088,-0.001,-0.236,41.550,52.650,-1.350,36.9
14:46:43.007,413225,-4.025,7.307,0.776,-0.437,-0.358,-0.224,39.000,52.800,-4.500,37.2
14:46:43.060,413280,-5.492,7.544,0.239,-0.836,-0.237,-0.120,39.000,52.800,-4.500,37.2
14:46:43.112,413335,-6.009,8.772,0.620,-0.454,0.008,-0.032,31.050,55.800,-6.150,37.1
14:46:43.163,413390,-6.536,7.681,1.520,-0.508,-0.637,-0.159,31.050,55.800,-6.150,37.2
14:46:43.218,413445,-5.966,7.817,1.314,-0.324,-0.667,0.138,27.300,55.650,-5.250,37.3
14:46:43.269,413500,-2.993,8.736,1.422,-0.290,-0.387,0.316,27.300,55.650,-5.250,37.1
14:46:43.322,413555,-6.311,8.614,2.210,0.055,-0.049,0.633,29.550,54.750,-5.400,37.0
14:46:43.427,413610,-1.384,9.390,2.270,-0.068,-0.319,0.624,29.550,54.750,-5.400,37.2
14:46:43.478,413665,-4.592,10.032,1.657,0.152,-0.256,0.655,30.450,56.100,-2.700,37.1
14:46:43.532,413720,-3.730,10.444,1.472,0.188,-0.045,0.761,25.050,56.100,-1.950,37.2
14:46:43.585,413775,-1.824,10.283,2.107,0.090,-0.388,0.718,25.050,56.100,-1.950,37.4
14:46:43.637,413830,-3.156,10.750,1.477,0.253,0.014,0.675,20.100,57.750,-3.900,37.3
14:46:43.689,413885,-1.393,10.123,1.183,0.111,0.061,0.544,20.100,57.750,-3.900,37.3
14:46:43.742,413940,-2.914,10.202,1.508,0.161,-0.006,0.508,14.250,58.350,-4.650,37.2
14:46:43.794,413995,-1.154,9.888,0.962,0.118,-0.118,0.604,14.250,58.350,-4.650,37.2
14:46:43.847,414050,-1.963,9.869,0.864,0.136,0.248,0.676,7.650,58.350,-4.650,37.3
14:46:43.898,414105,-0.572,9.936,1.590,0.142,0.094,0.563,7.650,58.350,-4.650,37.2
14:46:43.951,414160,-1.049,10.372,0.567,0.061,0.100,0.541,0.150,60.000,-4.500,37.3
14:46:44.004,414215,-0.917,9.799,0.824,0.099,-0.196,0.485,-2.850,58.650,-5.250,37.2
14:46:44.057,414270,-0.484,10.238,0.579,0.226,-0.131,0.524,-2.850,58.650,-5.250,37.1
14:46:44.160,414325,0.294,10.295,1.152,0.161,-0.510,0.323,-2.850,58.650,-5.250,36.9
14:46:44.162,414380,0.383,9.689,1.161,0.192,-0.490,0.029,-2.850,58.650,-5.250,37.2
14:46:44.215,414435,-0.572,9.979,0.383,0.325,-1.266,-0.184,-2.850,58.650,-5.250,37.2
14:46:44.267,414490,1.374,10.633,-0.749,0.095,-0.353,-0.202,-2.850,58.650,-5.250,37.2
14:46:44.319,414545,0.989,10.915,-0.271,-0.206,0.033,-0.179,-2.850,58.650,-5.250,37.3
14:46:44.371,414600,0.845,10.439,0.328,-0.221,0.407,-0.037,-2.850,58.650,-5.250,37.2
14:46:44.424,414655,0.493,9.230,0.965,-0.243,-0.374,0.071,-2.850,58.650,-5.250,37.3
14:46:44.477,414710,-0.105,9.321,0.237,-0.112,-0.079,0.069,-2.850,58.650,-5.250,37.0
14:46:44.582,414765,1.238,9.850,0.474,-0.169,0.187,-0.011,-5.250,61.800,-4.500,37.1
14:46:44.634,414820,-0.486,9.711,0.965,-0.066,-0.055,-0.062,-6.750,60.750,-3.450,37.2
14:46:44.687,414875,0.165,9.462,0.065,-0.091,0.019,0.024,-6.750,60.750,-3.450,37.1
14:46:44.740,414930,0.263,9.179,0.402,-0.059,0.088,0.039,-5.250,62.850,-2.700,37.4
14:46:44.792,414985,0.050,8.911,0.359,-0.147,-0.471,-0.053,-5.250,62.850,-2.700,37.2
14:46:44.845,415040,-0.151,12.538,0.381,-0.088,-0.093,0.298,-6.900,61.950,-2.550,37.2
14:46:44.896,415095,4.834,14.971,-0.103,-0.511,0.504,-0.958,-6.900,61.950,-2.550,37.2
14:46:44.948,415150,-1.113,13.724,0.254,-0.510,1.091,-1.179,-4.650,62.700,-2.550,37.1
14:46:45.002,415205,-1.233,11.672,2.176,-0.539,0.249,-1.315,-4.650,62.700,-2.550,37.0
14:46:45.055,415260,-1.918,10.398,0.043,-0.901,0.898,-1.293,1.350,61.050,-1.500,37.1
14:46:45.107,415315,-2.875,9.687,2.729,-0.794,0.015,-1.332,11.250,59.850,-0.600,37.1
14:46:45.160,415370,-5.090,9.213,0.898,-0.503,0.246,-1.089,11.250,59.850,-0.600,37.3
14:46:45.213,415425,-4.444,8.792,2.691,-0.311,0.079,-0.879,17.400,59.850,-2.100,37.3
14:46:45.264,415480,-3.699,8.114,3.110,-0.155,0.119,-0.696,17.400,59.850,-2.100,37.4
14:46:45.317,415535,-5.899,8.171,1.147,-0.177,-0.193,-0.341,25.200,58.350,-3.900,37.2
14:46:45.370,415590,-4.786,8.080,1.815,-0.023,0.218,0.014,25.200,58.350,-3.900,37.2
14:46:45.421,415645,-4.551,7.520,2.512,-0.006,0.318,0.107,26.550,57.150,-1.200,37.2
14:46:45.474,415700,-5.619,6.637,2.440,0.382,0.078,0.214,26.550,57.150,-1.200,37.2
14:46:45.526,415755,-3.668,6.601,2.277,1.011,0.496,0.167,26.550,56.700,1.200,37.3
14:46:45.578,415810,-5.126,7.204,0.594,0.760,-0.189,0.117,26.550,56.700,1.200,37.4
14:46:45.631,415865,-4.266,6.455,1.161,0.909,0.187,0.142,31.500,56.250,1.350,37.4
14:46:45.737,415920,-2.444,7.235,-0.285,0.451,-0.067,0.291,30.900,54.900,3.450,37.0
14:46:45.789,415975,-3.081,7.764,0.486,0.525,0.204,0.481,30.900,54.900,3.450,37.2
14:46:45.842,416030,-1.949,6.716,0.984,0.585,-0.149,0.105,28.200,53.850,4.200,37.4
14:46:45.944,416085,-4.266,6.366,-1.482,0.693,0.197,-0.004,28.200,53.850,4.200,37.4
14:46:45.946,416140,-3.421,7.099,-0.876,-0.116,-0.373,-0.349,28.200,53.850,4.200,37.3
14:46:45.998,416195,-4.700,7.609,-0.936,-0.060,-0.168,-0.191,28.200,53.850,4.200,37.3
14:46:46.052,416250,-4.908,8.598,-1.221,-0.294,0.005,-0.165,28.200,53.850,4.200,37.1
14:46:46.105,416305,-5.373,9.009,-1.721,-0.179,-0.070,-0.181,28.200,53.850,4.200,37.1
14:46:46.157,416360,-4.676,8.633,-0.548,0.124,-0.031,-0.207,28.200,53.850,4.200,37.3
14:46:46.209,416415,-4.434,8.935,-1.235,-0.143,-0.099,-0.121,28.200,53.850,4.200,37.2
14:46:46.263,416470,-4.867,8.387,-0.912,-0.038,-0.006,-0.066,28.200,53.850,4.200,37.2
14:46:46.366,416525,-4.468,8.533,-0.867,-0.161,0.058,-0.099,42.300,49.350,-3.600,37.2
14:46:46.367,416580,-5.035,8.447,-0.266,-0.058,-0.065,-0.100,42.300,49.350,-3.600,37.3
14:46:46.418,416635,-5.042,8.466,-0.795,-0.298,0.056,-0.019,42.000,50.400,-2.850,37.4
14:46:46.471,416690,-5.528,8.504,-0.939,-0.168,-0.068,0.005,42.000,50.400,-2.850,37.2
14:46:46.525,416745,-4.930,8.396,-0.565,-0.229,-0.120,-0.065,43.050,50.850,-2.550,37.0
14:46:46.576,416800,-5.298,8.464,-0.718,-0.215,-0.338,-0.094,43.050,50.850,-2.550,37.3
14:46:46.682,416855,-4.934,7.934,-0.136,-0.307,0.017,-0.056,42.750,51.900,-1.800,37.2
14:46:46.684,416910,-4.386,7.558,-0.184,-0.178,-0.183,-0.152,42.750,51.900,-1.800,37.4
14:46:46.735,416965,-4.415,7.101,-0.223,-0.142,-0.036,-0.197,42.600,52.050,-1.200,37.4
14:46:46.838,417020,-4.350,7.187,-0.086,-0.263,-0.302,-0.225,42.000,52.650,-2.100,37.2
14:46:46.840,417075,-3.998,7.333,-0.306,-0.311,-0.051,-0.107,42.000,52.650,-2.100,36.9
14:46:46.943,417130,-4.741,6.771,0.596,-0.474,-0.509,-0.113,37.350,52.950,-2.550,37.1
14:46:46.996,417185,-4.817,7.604,-0.326,-0.399,-0.553,-0.038,37.350,52.950,-2.550,37.2
14:46:47.049,417240,-5.236,6.843,1.427,-0.488,-0.371,0.013,32.400,52.050,1.200,37.3
14:46:47.102,417295,-5.298,7.432,1.307,-0.277,-0.428,0.032,32.400,52.050,1.200,37.1
14:46:47.155,417350,-3.524,6.778,3.160,-0.284,-0.163,-0.013,31.950,52.800,3.750,37.2
14:46:47.207,417405,-4.111,7.657,0.931,-0.380,-0.340,0.108,31.950,52.800,3.750,37.4
14:46:47.259,417460,-5.188,7.547,1.097,-0.148,-0.034,0.160,30.450,52.050,4.500,37.1
14:46:47.312,417515,-4.420,7.336,1.760,-0.232,0.018,0.300,28.500,51.300,2.250,37.1
14:46:47.364,417570,-4.175,7.915,1.784,-0.206,-0.249,0.525,28.500,51.300,2.250,37.2
14:46:47.416,417625,-4.470,8.356,1.786,-0.221,0.970,1.222,24.900,54.000,2.850,37.3
14:46:47.520,417680,-5.205,8.334,3.151,-0.730,0.209,1.177,24.900,54.000,2.850,37.2
14:46:47.522,417735,-3.436,10.606,1.312,0.063,0.482,1.232,12.600,56.100,4.200,37.2
14:46:47.573,417790,-3.124,9.541,2.622,0.070,-0.495,0.910,12.600,56.100,4.200,37.2
14:46:47.626,417845,-3.436,10.214,1.781,0.505,-0.291,0.891,6.600,55.200,3.600,37.2
14:46:47.678,417900,-1.334,10.800,2.452,0.467,-0.286,0.948,6.600,55.200,3.600,36.9
14:46:47.732,417955,-2.286,11.353,0.998,0.395,-0.188,0.629,3.750,56.250,-1.050,37.2
14:46:47.784,418010,-0.520,10.824,1.494,0.302,-0.049,0.629,3.750,56.250,-1.050,37.2
14:46:47.837,418065,-0.520,10.503,1.092,0.185,-0.460,0.466,3.750,56.250,-1.050,37.3
14:46:47.890,418120,0.067,10.642,0.678,0.357,0.094,0.496,3.750,56.250,-1.050,37.3
14:46:47.941,418175,0.376,10.094,0.759,0.086,-0.444,0.431,3.750,56.250,-1.050,37.3
14:46:48.046,418230,0.632,10.230,1.925,0.161,-0.081,0.387,3.750,56.250,-1.050,37.3
14:46:48.098,418285,0.105,10.271,0.955,0.120,-0.654,0.101,3.750,56.250,-1.050,37.2
14:46:48.151,418340,0.697,10.204,0.122,0.010,-0.304,-0.057,-6.900,58.350,-4.650,37.4
14:46:48.205,418395,-0.256,10.168,0.328,-0.019,-0.561,-0.104,-6.900,58.350,-4.650,37.2
14:46:48.257,418450,0.294,9.972,-0.048,-0.187,0.105,-0.057,-6.000,58.650,-4.200,37.2
14:46:48.361,418505,0.055,10.082,-0.122,-0.314,0.461,0.011,-6.000,58.650,-4.200,37.4
14:46:48.362,418560,0.096,9.694,0.208,-0.315,0.381,-0.052,-9.000,62.250,-3.450,37.3
14:46:48.414,418615,-0.508,9.469,1.681,-0.186,-0.533,-0.111,-7.050,62.850,-2.250,37.4
14:46:48.466,418670,0.438,9.582,0.702,-0.050,0.147,-0.054,-7.050,62.850,-2.250,37.1
14:46:48.520,418725,0.330,9.651,0.429,0.004,0.010,0.005,-6.900,63.450,-2.850,37.3
14:46:48.572,418780,0.599,9.874,0.488,-0.059,0.272,0.023,-6.900,63.450,-2.850,37.4
14:46:48.624,418835,-0.158,9.742,0.474,-0.097,-0.311,0.012,-7.650,64.500,-2.550,37.3
14:46:48.677,418890,0.702,9.833,0.436,0.055,0.303,0.134,-7.650,64.500,-2.550,37.1
